directed_pair_id,score
SCF:0000001|AC,0.928606
SCF:0000001|AD,0.968988
SCF:0000002|AC,0.928606
SCF:0000002|AD,0.921044
SCF:0000004|AC,0.621057
SCF:0000004|AD,0.999016
SCF:0000005|AC,0.621057
SCF:0000005|AD,0.998128
SCF:0000006|AC,0.621057
SCF:0000006|AD,0.999035
SCF:0000007|AC,0.033961
SCF:0000007|AD,0.989307
SCF:0000008|AC,0.033961
SCF:0000008|AD,0.802058
SCF:0000009|AC,0.998580
SCF:0000009|AD,0.998580
SCF:0000014|AC,0.989680
SCF:0000014|AD,0.996621
SCF:0000015|AC,0.989680
SCF:0000015|AD,0.990228
SCF:0000016|AC,0.989680
SCF:0000016|AD,0.980152
SCF:0000021|AC,0.499364
SCF:0000021|AD,0.810945
SCF:0000022|AC,0.499364
SCF:0000022|AD,0.886204
SCF:0000023|AC,0.998836
SCF:0000023|AD,0.996137
SCF:0000024|AC,0.998531
SCF:0000024|AD,0.994732
SCF:0000025|AC,0.141936
SCF:0000025|AD,0.996852
SCF:0000026|AC,0.005407
SCF:0000026|AD,0.984146
SCF:0000027|AC,0.005407
SCF:0000027|AD,0.987904
SCF:0000028|AC,0.831180
SCF:0000028|AD,0.855634
SCF:0000029|AC,0.831180
SCF:0000029|AD,0.885614
SCF:0000030|AC,0.831180
SCF:0000030|AD,0.881698
SCF:0000031|AC,0.906852
SCF:0000031|AD,0.928306
SCF:0000033|AC,0.159732
SCF:0000033|AD,0.931504
SCF:0000034|AC,0.159732
SCF:0000034|AD,0.981412
SCF:0000035|AC,0.159732
SCF:0000035|AD,0.996488
SCF:0000041|AC,0.977665
SCF:0000041|AD,0.991816
SCF:0000044|AC,0.975083
SCF:0000044|AD,0.995612
SCF:0000045|AC,0.975083
SCF:0000045|AD,0.972254
SCF:0000046|AC,0.978140
SCF:0000046|AD,0.970010
SCF:0000047|AC,0.010626
SCF:0000047|AD,0.995010
SCF:0000048|AC,0.010626
SCF:0000048|AD,0.987090
SCF:0000049|AC,0.029248
SCF:0000049|AD,0.995690
SCF:0000050|AC,0.691632
SCF:0000050|AD,0.938287
SCF:0000052|AC,0.393704
SCF:0000052|AD,0.796173
SCF:0000053|AC,0.428396
SCF:0000053|AD,0.912248
SCF:0000054|AC,0.873386
SCF:0000054|AD,0.958254
SCF:0000055|AC,0.241767
SCF:0000055|AD,0.790088
SCF:0000058|AC,0.635035
SCF:0000058|AD,0.630313
SCF:0000059|AC,0.635035
SCF:0000059|AD,0.832475
SCF:0000060|AC,0.635035
SCF:0000060|AD,0.416907
SCF:0000061|AC,0.585556
SCF:0000061|AD,0.801022
SCF:0000069|AC,0.950282
SCF:0000069|AD,0.987488
SCF:0000071|AC,0.295075
SCF:0000071|AD,0.973164
SCF:0000075|AC,0.913308
SCF:0000075|AD,0.932805
SCF:0000077|AC,0.325924
SCF:0000077|AD,0.938799
SCF:0000078|AC,0.325924
SCF:0000078|AD,0.917271
SCF:0000081|AC,0.076293
SCF:0000081|AD,0.955989
SCF:0000082|AC,0.076293
SCF:0000082|AD,0.955889
SCF:0000083|AC,0.069667
SCF:0000083|AD,0.958594
SCF:0000084|AC,0.007542
SCF:0000084|AD,0.982822
SCF:0000085|AC,0.007542
SCF:0000085|AD,0.984572
SCF:0000086|AC,0.018209
SCF:0000086|AD,0.979478
SCF:0000087|AC,0.963416
SCF:0000087|AD,0.994310
SCF:0000088|AC,0.681003
SCF:0000088|AD,0.973430
SCF:0000089|AC,0.995802
SCF:0000089|AD,0.998998
SCF:0000090|AC,0.995802
SCF:0000090|AD,0.996182
SCF:0000093|AC,0.138348
SCF:0000093|AD,0.982623
SCF:0000094|AC,0.426242
SCF:0000094|AD,0.997043
SCF:0000096|AC,0.977182
SCF:0000096|AD,0.977182
SCF:0000097|AC,0.952135
SCF:0000097|AD,0.996608
SCF:0000098|AC,0.952135
SCF:0000098|AD,0.988624
SCF:0000099|AC,0.952135
SCF:0000099|AD,0.997122
SCF:0000100|AC,0.022952
SCF:0000100|AD,0.997849
SCF:0000101|AC,0.022952
SCF:0000101|AD,0.998910
SCF:0000102|AC,0.985747
SCF:0000102|AD,0.978425
SCF:0000103|AC,0.987639
SCF:0000103|AD,0.991554
SCF:0000104|AC,0.987639
SCF:0000104|AD,0.998622
SCF:0000106|AC,0.072737
SCF:0000106|AD,0.986481
SCF:0000110|AC,0.972980
SCF:0000110|AD,0.950782
SCF:0000112|AC,0.157958
SCF:0000112|AD,0.955989
SCF:0000113|AC,0.237664
SCF:0000113|AD,0.969634
SCF:0000114|AC,0.958348
SCF:0000114|AD,0.927871
SCF:0000115|AC,0.958348
SCF:0000115|AD,0.990228
SCF:0000116|AC,0.958348
SCF:0000116|AD,0.936916
SCF:0000117|AC,0.408091
SCF:0000117|AD,0.971615
SCF:0000119|AC,0.443029
SCF:0000119|AD,0.992154
SCF:0000120|AC,0.443029
SCF:0000120|AD,0.991119
SCF:0000121|AC,0.986416
SCF:0000121|AD,0.999076
SCF:0000122|AC,0.963795
SCF:0000122|AD,0.998965
SCF:0000127|AC,0.004279
SCF:0000127|AD,0.997433
SCF:0000128|AC,0.004279
SCF:0000128|AD,0.987242
SCF:0000129|AC,0.004279
SCF:0000129|AD,0.983831
SCF:0000131|AC,0.069462
SCF:0000131|AD,0.997545
SCF:0000132|AC,0.996224
SCF:0000132|AD,0.992441
SCF:0000133|AC,0.996224
SCF:0000133|AD,0.987660
SCF:0000134|AC,0.147006
SCF:0000134|AD,0.996327
SCF:0000135|AC,0.894062
SCF:0000135|AD,0.987442
SCF:0000136|AC,0.894062
SCF:0000136|AD,0.997127
SCF:0000137|AC,0.005946
SCF:0000137|AD,0.991313
SCF:0000138|AC,0.672077
SCF:0000138|AD,0.976231
SCF:0000143|AC,0.984985
SCF:0000143|AD,0.993431
SCF:0000144|AC,0.988784
SCF:0000144|AD,0.927034
SCF:0000145|AC,0.960340
SCF:0000145|AD,0.948966
SCF:0000146|AC,0.960340
SCF:0000146|AD,0.982451
SCF:0000147|AC,0.960340
SCF:0000147|AD,0.967519
SCF:0000148|AC,0.937537
SCF:0000148|AD,0.990982
SCF:0000149|AC,0.937537
SCF:0000149|AD,0.977278
SCF:0000150|AC,0.937537
SCF:0000150|AD,0.952999
SCF:0000151|AC,0.896354
SCF:0000151|AD,0.984164
SCF:0000152|AC,0.896354
SCF:0000152|AD,0.979022
SCF:0000153|AC,0.952116
SCF:0000153|AD,0.947689
SCF:0000154|AC,0.849640
SCF:0000154|AD,0.996112
SCF:0000159|AC,0.570627
SCF:0000159|AD,0.994428
SCF:0000160|AC,0.570627
SCF:0000160|AD,0.994662
SCF:0000164|AC,0.025768
SCF:0000164|AD,0.991667
SCF:0000169|AC,0.101292
SCF:0000169|AD,0.776129
SCF:0000173|AC,0.995113
SCF:0000173|AD,0.992631
SCF:0000174|AC,0.427792
SCF:0000174|AD,0.978621
SCF:0000175|AC,0.427792
SCF:0000175|AD,0.985967
SCF:0000180|AC,0.577636
SCF:0000180|AD,0.905337
SCF:0000181|AC,0.577636
SCF:0000181|AD,0.989059
SCF:0000182|AC,0.857272
SCF:0000182|AD,0.928062
SCF:0000183|AC,0.857272
SCF:0000183|AD,0.980152
SCF:0000184|AC,0.073682
SCF:0000184|AD,0.845518
SCF:0000186|AC,0.465715
SCF:0000186|AD,0.966997
SCF:0000190|AC,0.163501
SCF:0000190|AD,0.987006
SCF:0000191|AC,0.163501
SCF:0000191|AD,0.985369
SCF:0000192|AC,0.998397
SCF:0000192|AD,0.996919
SCF:0000193|AC,0.998397
SCF:0000193|AD,0.999476
SCF:0000195|AC,0.721876
SCF:0000195|AD,0.997825
SCF:0000196|AC,0.721876
SCF:0000196|AD,0.997418
SCF:0000197|AC,0.644400
SCF:0000197|AD,0.879298
SCF:0000199|AC,0.013056
SCF:0000199|AD,0.996037
SCF:0000200|AC,0.013056
SCF:0000200|AD,0.988199
SCF:0000201|AC,0.017312
SCF:0000201|AD,0.989676
SCF:0000202|AC,0.017312
SCF:0000202|AD,0.994865
SCF:0000203|AC,0.017312
SCF:0000203|AD,0.995442
SCF:0000206|AC,0.013821
SCF:0000206|AD,0.996037
SCF:0000207|AC,0.013821
SCF:0000207|AD,0.988199
SCF:0000208|AC,0.016086
SCF:0000208|AD,0.983667
SCF:0000209|AC,0.332036
SCF:0000209|AD,0.990228
SCF:0000210|AC,0.332036
SCF:0000210|AD,0.927871
SCF:0000211|AC,0.332036
SCF:0000211|AD,0.957699
SCF:0000212|AC,0.471687
SCF:0000212|AD,0.957699
SCF:0000213|AC,0.471687
SCF:0000213|AD,0.923717
SCF:0000214|AC,0.471687
SCF:0000214|AD,0.936916
SCF:0000215|AC,0.144696
SCF:0000215|AD,0.948699
SCF:0000216|AC,0.936986
SCF:0000216|AD,0.993174
SCF:0000217|AC,0.936986
SCF:0000217|AD,0.998933
SCF:0000219|AC,0.126886
SCF:0000219|AD,0.996067
SCF:0000220|AC,0.958399
SCF:0000220|AD,0.986560
SCF:0000221|AC,0.958399
SCF:0000221|AD,0.999016
SCF:0000222|AC,0.958399
SCF:0000222|AD,0.999035
SCF:0000224|AC,0.895921
SCF:0000224|AD,0.995831
SCF:0000225|AC,0.454544
SCF:0000225|AD,0.998879
SCF:0000226|AC,0.454544
SCF:0000226|AD,0.982828
SCF:0000227|AC,0.454544
SCF:0000227|AD,0.994950
SCF:0000228|AC,0.954699
SCF:0000228|AD,0.996040
SCF:0000229|AC,0.954699
SCF:0000229|AD,0.995134
SCF:0000230|AC,0.954699
SCF:0000230|AD,0.996573
SCF:0000231|AC,0.004999
SCF:0000231|AD,0.993687
SCF:0000232|AC,0.015814
SCF:0000232|AD,0.996026
SCF:0000233|AC,0.015814
SCF:0000233|AD,0.998336
SCF:0000234|AC,0.015814
SCF:0000234|AD,0.994514
SCF:0000237|AC,0.479056
SCF:0000237|AD,0.956139
SCF:0000238|AC,0.479056
SCF:0000238|AD,0.917938
SCF:0000239|AC,0.479056
SCF:0000239|AD,0.917833
SCF:0000240|AC,0.286332
SCF:0000240|AD,0.989738
SCF:0000241|AC,0.286332
SCF:0000241|AD,0.996000
SCF:0000248|AC,0.896663
SCF:0000248|AD,0.995586
SCF:0000249|AC,0.896663
SCF:0000249|AD,0.986133
SCF:0000250|AC,0.113780
SCF:0000250|AD,0.993472
SCF:0000251|AC,0.113780
SCF:0000251|AD,0.987602
SCF:0000254|AC,0.046140
SCF:0000254|AD,0.993041
SCF:0000255|AC,0.928581
SCF:0000255|AD,0.997591
SCF:0000256|AC,0.928581
SCF:0000256|AD,0.990082
SCF:0000257|AC,0.928581
SCF:0000257|AD,0.996391
SCF:0000258|AC,0.982391
SCF:0000258|AD,0.971399
SCF:0000260|AC,0.016485
SCF:0000260|AD,0.996687
SCF:0000261|AC,0.016485
SCF:0000261|AD,0.988554
SCF:0000262|AC,0.928756
SCF:0000262|AD,0.928133
SCF:0000263|AC,0.928756
SCF:0000263|AD,0.976070
SCF:0000264|AC,0.928756
SCF:0000264|AD,0.985227
SCF:0000265|AC,0.992287
SCF:0000265|AD,0.995104
SCF:0000266|AC,0.979257
SCF:0000266|AD,0.991815
SCF:0000267|AC,0.979257
SCF:0000267|AD,0.994964
SCF:0000268|AC,0.012935
SCF:0000268|AD,0.998568
SCF:0000269|AC,0.017833
SCF:0000269|AD,0.996519
SCF:0000271|AC,0.929846
SCF:0000271|AD,0.991116
SCF:0000272|AC,0.929846
SCF:0000272|AD,0.880641
SCF:0000273|AC,0.498618
SCF:0000273|AD,0.959130
SCF:0000274|AC,0.991827
SCF:0000274|AD,0.982199
SCF:0000275|AC,0.480622
SCF:0000275|AD,0.986039
SCF:0000276|AC,0.101604
SCF:0000276|AD,0.978277
SCF:0000277|AC,0.924155
SCF:0000277|AD,0.128705
SCF:0000288|AC,0.959157
SCF:0000288|AD,0.956030
SCF:0000291|AC,0.992376
SCF:0000291|AD,0.991202
SCF:0000292|AC,0.804717
SCF:0000292|AD,0.857622
SCF:0000293|AC,0.919363
SCF:0000293|AD,0.923919
SCF:0000294|AC,0.940300
SCF:0000294|AD,0.959750
SCF:0000295|AC,0.940300
SCF:0000295|AD,0.980455
SCF:0000296|AC,0.940300
SCF:0000296|AD,0.979299
SCF:0000299|AC,0.997029
SCF:0000299|AD,0.999186
SCF:0000300|AC,0.997029
SCF:0000300|AD,0.999297
SCF:0000301|AC,0.043089
SCF:0000301|AD,0.989966
SCF:0000302|AC,0.043089
SCF:0000302|AD,0.958548
SCF:0000303|AC,0.043089
SCF:0000303|AD,0.961765
SCF:0000304|AC,0.090020
SCF:0000304|AD,0.993586
SCF:0000305|AC,0.998153
SCF:0000305|AD,0.998462
SCF:0000306|AC,0.998153
SCF:0000306|AD,0.998185
SCF:0000307|AC,0.998153
SCF:0000307|AD,0.998413
SCF:0000308|AC,0.027986
SCF:0000308|AD,0.966787
SCF:0000309|AC,0.999608
SCF:0000309|AD,0.999008
SCF:0000310|AC,0.999608
SCF:0000310|AD,0.999047
SCF:0000312|AC,0.999262
SCF:0000312|AD,0.990466
SCF:0000314|AC,0.999262
SCF:0000314|AD,0.997773
SCF:0000315|AC,0.011583
SCF:0000315|AD,0.787817
SCF:0000316|AC,0.011583
SCF:0000316|AD,0.948732
SCF:0000317|AC,0.011583
SCF:0000317|AD,0.616743
SCF:0000323|AC,0.893989
SCF:0000323|AD,0.996272
SCF:0000324|AC,0.893989
SCF:0000324|AD,0.995858
SCF:0000325|AC,0.082119
SCF:0000325|AD,0.875741
SCF:0000327|AC,0.022963
SCF:0000327|AD,0.978277
SCF:0000328|AC,0.865298
SCF:0000328|AD,0.992976
SCF:0000329|AC,0.012774
SCF:0000329|AD,0.996011
SCF:0000330|AC,0.995118
SCF:0000330|AD,0.993697
SCF:0000331|AC,0.995118
SCF:0000331|AD,0.996608
SCF:0000332|AC,0.995118
SCF:0000332|AD,0.992559
SCF:0000333|AC,0.066635
SCF:0000333|AD,0.996800
SCF:0000334|AC,0.066635
SCF:0000334|AD,0.998807
SCF:0000335|AC,0.010014
SCF:0000335|AD,0.980759
SCF:0000336|AC,0.974869
SCF:0000336|AD,0.991183
SCF:0000337|AC,0.004897
SCF:0000337|AD,0.578900
SCF:0000338|AC,0.004897
SCF:0000338|AD,0.713462
SCF:0000339|AC,0.004897
SCF:0000339|AD,0.941074
SCF:0000340|AC,0.081733
SCF:0000340|AD,0.007145
SCF:0000341|AC,0.081733
SCF:0000341|AD,0.998849
SCF:0000342|AC,0.081733
SCF:0000342|AD,0.998849
SCF:0000343|AC,0.923184
SCF:0000343|AD,0.997933
SCF:0000349|AC,0.978785
SCF:0000349|AD,0.980325
SCF:0000350|AC,0.990213
SCF:0000350|AD,0.995782
SCF:0000351|AC,0.990213
SCF:0000351|AD,0.997725
SCF:0000354|AC,0.997839
SCF:0000354|AD,0.962031
SCF:0000355|AC,0.997839
SCF:0000355|AD,0.999216
SCF:0000356|AC,0.998099
SCF:0000356|AD,0.997143
SCF:0000357|AC,0.998099
SCF:0000357|AD,0.996060
SCF:0000358|AC,0.998099
SCF:0000358|AD,0.998689
SCF:0000359|AC,0.954072
SCF:0000359|AD,0.982822
SCF:0000360|AC,0.954072
SCF:0000360|AD,0.990723
SCF:0000361|AC,0.952518
SCF:0000361|AD,0.978510
SCF:0000362|AC,0.952518
SCF:0000362|AD,0.973245
SCF:0000363|AC,0.983586
SCF:0000363|AD,0.988066
SCF:0000364|AC,0.943956
SCF:0000364|AD,0.996600
SCF:0000366|AC,0.994489
SCF:0000366|AD,0.986150
SCF:0000367|AC,0.994489
SCF:0000367|AD,0.989604
SCF:0000368|AC,0.991614
SCF:0000368|AD,0.963507
SCF:0000369|AC,0.991614
SCF:0000369|AD,0.997936
SCF:0000370|AC,0.991614
SCF:0000370|AD,0.996085
SCF:0000372|AC,0.591029
SCF:0000372|AD,0.973222
SCF:0000373|AC,0.993674
SCF:0000373|AD,0.981718
SCF:0000382|AC,0.985630
SCF:0000382|AD,0.997649
SCF:0000383|AC,0.034839
SCF:0000383|AD,0.938056
SCF:0000389|AC,0.986598
SCF:0000389|AD,0.996621
SCF:0000390|AC,0.986598
SCF:0000390|AD,0.999028
SCF:0000391|AC,0.986598
SCF:0000391|AD,0.927871
SCF:0000392|AC,0.606242
SCF:0000392|AD,0.941288
SCF:0000393|AC,0.606242
SCF:0000393|AD,0.933414
SCF:0000394|AC,0.606242
SCF:0000394|AD,0.790811
SCF:0000395|AC,0.281110
SCF:0000395|AD,0.978236
SCF:0000396|AC,0.998298
SCF:0000396|AD,0.998913
SCF:0000398|AC,0.529275
SCF:0000398|AD,0.978627
SCF:0000399|AC,0.529275
SCF:0000399|AD,0.978627
SCF:0000400|AC,0.529275
SCF:0000400|AD,0.989532
SCF:0000404|AC,0.549921
SCF:0000404|AD,0.990213
SCF:0000405|AC,0.549921
SCF:0000405|AD,0.952075
SCF:0000406|AC,0.012232
SCF:0000406|AD,0.994920
SCF:0000414|AC,0.980162
SCF:0000414|AD,0.993696
SCF:0000415|AC,0.942152
SCF:0000415|AD,0.995745
SCF:0000416|AC,0.942152
SCF:0000416|AD,0.996027
SCF:0000417|AC,0.980878
SCF:0000417|AD,0.956142
SCF:0000418|AC,0.375813
SCF:0000418|AD,0.991802
SCF:0000419|AC,0.006153
SCF:0000419|AD,0.996701
SCF:0000420|AC,0.454934
SCF:0000420|AD,0.996822
SCF:0000424|AC,0.009856
SCF:0000424|AD,0.990628
SCF:0000425|AC,0.009856
SCF:0000425|AD,0.995412
SCF:0000426|AC,0.009856
SCF:0000426|AD,0.995214
SCF:0000427|AC,0.007229
SCF:0000427|AD,0.995044
SCF:0000428|AC,0.007229
SCF:0000428|AD,0.992353
SCF:0000429|AC,0.999287
SCF:0000429|AD,0.999186
SCF:0000430|AC,0.999287
SCF:0000430|AD,0.999297
SCF:0000431|AC,0.342246
SCF:0000431|AD,0.995030
SCF:0000432|AC,0.342246
SCF:0000432|AD,0.984997
SCF:0000433|AC,0.342246
SCF:0000433|AD,0.988533
SCF:0000438|AC,0.069089
SCF:0000438|AD,0.941527
SCF:0000439|AC,0.069089
SCF:0000439|AD,0.445590
SCF:0000440|AC,0.998073
SCF:0000440|AD,0.998185
SCF:0000441|AC,0.998073
SCF:0000441|AD,0.998413
SCF:0000442|AC,0.998073
SCF:0000442|AD,0.998462
SCF:0000443|AC,0.062224
SCF:0000443|AD,0.998203
SCF:0000444|AC,0.062224
SCF:0000444|AD,0.985543
SCF:0000445|AC,0.062224
SCF:0000445|AD,0.987654
SCF:0000446|AC,0.151259
SCF:0000446|AD,0.969357
SCF:0000448|AC,0.967323
SCF:0000448|AD,0.976957
SCF:0000449|AC,0.967323
SCF:0000449|AD,0.994742
SCF:0000450|AC,0.069698
SCF:0000450|AD,0.904492
SCF:0000451|AC,0.072752
SCF:0000451|AD,0.943737
SCF:0000452|AC,0.932294
SCF:0000452|AD,0.976900
SCF:0000453|AC,0.932294
SCF:0000453|AD,0.992937
SCF:0000454|AC,0.825633
SCF:0000454|AD,0.953842
SCF:0000455|AC,0.825633
SCF:0000455|AD,0.972153
SCF:0000459|AC,0.016900
SCF:0000459|AD,0.679031
SCF:0000461|AC,0.946787
SCF:0000461|AD,0.984717
SCF:0000462|AC,0.946787
SCF:0000462|AD,0.996308
SCF:0000463|AC,0.744179
SCF:0000463|AD,0.989563
SCF:0000465|AC,0.962648
SCF:0000465|AD,0.997229
SCF:0000466|AC,0.962648
SCF:0000466|AD,0.991554
SCF:0000467|AC,0.962648
SCF:0000467|AD,0.998622
SCF:0000470|AC,0.241538
SCF:0000470|AD,0.832929
SCF:0000472|AC,0.942470
SCF:0000472|AD,0.999668
SCF:0000473|AC,0.942470
SCF:0000473|AD,0.997661
SCF:0000474|AC,0.942470
SCF:0000474|AD,0.994698
SCF:0000477|AC,0.984929
SCF:0000477|AD,0.992351
SCF:0000478|AC,0.984929
SCF:0000478|AD,0.997905
SCF:0000479|AC,0.997700
SCF:0000479|AD,0.996752
SCF:0000480|AC,0.997700
SCF:0000480|AD,0.997028
SCF:0000481|AC,0.997700
SCF:0000481|AD,0.996744
SCF:0000484|AC,0.844907
SCF:0000484|AD,0.913636
SCF:0000486|AC,0.042968
SCF:0000486|AD,0.997982
SCF:0000487|AC,0.911573
SCF:0000487|AD,0.875743
SCF:0000488|AC,0.911573
SCF:0000488|AD,0.987396
SCF:0000489|AC,0.911573
SCF:0000489|AD,0.958974
SCF:0000490|AC,0.236491
SCF:0000490|AD,0.565035
SCF:0000491|AC,0.236491
SCF:0000491|AD,0.003884
SCF:0000492|AC,0.236491
SCF:0000492|AD,0.979051
SCF:0000493|AC,0.935245
SCF:0000493|AD,0.970321
SCF:0000494|AC,0.935245
SCF:0000494|AD,0.978673
SCF:0000495|AC,0.935245
SCF:0000495|AD,0.981034
SCF:0000496|AC,0.985852
SCF:0000496|AD,0.996122
SCF:0000497|AC,0.985852
SCF:0000497|AD,0.989728
SCF:0000498|AC,0.704518
SCF:0000498|AD,0.999227
SCF:0000499|AC,0.704518
SCF:0000499|AD,0.986325
SCF:0000500|AC,0.956185
SCF:0000500|AD,0.973949
SCF:0000501|AC,0.979284
SCF:0000501|AD,0.984227
SCF:0000502|AC,0.798724
SCF:0000502|AD,0.995652
SCF:0000503|AC,0.887519
SCF:0000503|AD,0.988199
SCF:0000504|AC,0.887519
SCF:0000504|AD,0.996037
SCF:0000505|AC,0.959694
SCF:0000505|AD,0.993885
SCF:0000507|AC,0.591247
SCF:0000507|AD,0.998988
SCF:0000508|AC,0.591247
SCF:0000508|AD,0.998988
SCF:0000509|AC,0.591247
SCF:0000509|AD,0.994110
SCF:0000510|AC,0.999244
SCF:0000510|AD,0.998590
SCF:0000511|AC,0.999244
SCF:0000511|AD,0.998251
SCF:0000512|AC,0.999244
SCF:0000512|AD,0.999007
SCF:0000513|AC,0.809297
SCF:0000513|AD,0.942448
SCF:0000514|AC,0.809297
SCF:0000514|AD,0.979049
SCF:0000515|AC,0.809297
SCF:0000515|AD,0.986820
SCF:0000521|AC,0.854736
SCF:0000521|AD,0.926900
SCF:0000522|AC,0.854736
SCF:0000522|AD,0.955577
SCF:0000523|AC,0.994949
SCF:0000523|AD,0.997166
SCF:0000524|AC,0.994949
SCF:0000524|AD,0.996785
SCF:0000525|AC,0.994949
SCF:0000525|AD,0.998229
SCF:0000526|AC,0.901443
SCF:0000526|AD,0.902205
SCF:0000527|AC,0.000885
SCF:0000527|AD,0.985138
SCF:0000528|AC,0.000885
SCF:0000528|AD,0.986882
SCF:0000529|AC,0.282845
SCF:0000529|AD,0.777969
SCF:0000530|AC,0.274013
SCF:0000530|AD,0.944607
SCF:0000531|AC,0.274013
SCF:0000531|AD,0.926877
SCF:0000532|AC,0.274013
SCF:0000532|AD,0.772270
SCF:0000533|AC,0.935012
SCF:0000533|AD,0.984997
SCF:0000534|AC,0.935012
SCF:0000534|AD,0.995030
SCF:0000535|AC,0.935012
SCF:0000535|AD,0.988533
SCF:0000539|AC,0.016395
SCF:0000539|AD,0.987904
SCF:0000540|AC,0.003961
SCF:0000540|AD,0.995062
SCF:0000541|AC,0.003961
SCF:0000541|AD,0.996386
SCF:0000542|AC,0.003961
SCF:0000542|AD,0.998553
SCF:0000547|AC,0.985146
SCF:0000547|AD,0.992701
SCF:0000548|AC,0.999615
SCF:0000548|AD,0.999784
SCF:0000549|AC,0.999615
SCF:0000549|AD,0.999261
SCF:0000550|AC,0.999615
SCF:0000550|AD,0.999738
SCF:0000554|AC,0.997423
SCF:0000554|AD,0.985849
SCF:0000555|AC,0.989248
SCF:0000555|AD,0.992576
SCF:0000557|AC,0.067610
SCF:0000557|AD,0.959130
SCF:0000558|AC,0.985864
SCF:0000558|AD,0.993892
SCF:0000559|AC,0.990417
SCF:0000559|AD,0.998516
SCF:0000561|AC,0.088423
SCF:0000561|AD,0.984911
SCF:0000562|AC,0.011265
SCF:0000562|AD,0.995676
SCF:0000563|AC,0.011265
SCF:0000563|AD,0.995676
SCF:0000564|AC,0.011265
SCF:0000564|AD,0.991928
SCF:0000569|AC,0.924050
SCF:0000569|AD,0.804442
SCF:0000572|AC,0.291203
SCF:0000572|AD,0.977275
SCF:0000573|AC,0.291203
SCF:0000573|AD,0.720109
SCF:0000575|AC,0.493004
SCF:0000575|AD,0.995925
SCF:0000576|AC,0.493004
SCF:0000576|AD,0.983537
SCF:0000577|AC,0.665702
SCF:0000577|AD,0.967997
SCF:0000578|AC,0.665702
SCF:0000578|AD,0.894041
SCF:0000579|AC,0.665702
SCF:0000579|AD,0.985108
SCF:0000580|AC,0.446329
SCF:0000580|AD,0.984313
SCF:0000585|AC,0.302769
SCF:0000585|AD,0.972710
SCF:0000586|AC,0.327651
SCF:0000586|AD,0.948554
SCF:0000587|AC,0.299798
SCF:0000587|AD,0.990293
SCF:0000589|AC,0.685595
SCF:0000589|AD,0.989838
SCF:0000590|AC,0.462206
SCF:0000590|AD,0.871388
SCF:0000591|AC,0.610532
SCF:0000591|AD,0.998507
SCF:0000592|AC,0.016633
SCF:0000592|AD,0.995782
SCF:0000593|AC,0.016633
SCF:0000593|AD,0.997725
SCF:0000596|AC,0.053771
SCF:0000596|AD,0.975267
SCF:0000597|AC,0.053771
SCF:0000597|AD,0.889364
SCF:0000599|AC,0.123485
SCF:0000599|AD,0.999429
SCF:0000600|AC,0.123485
SCF:0000600|AD,0.983459
SCF:0000601|AC,0.983576
SCF:0000601|AD,0.991979
SCF:0000602|AC,0.983576
SCF:0000602|AD,0.998226
SCF:0000603|AC,0.016107
SCF:0000603|AD,0.987497
SCF:0000604|AC,0.999428
SCF:0000604|AD,0.997304
SCF:0000605|AC,0.999391
SCF:0000605|AD,0.999186
SCF:0000606|AC,0.999391
SCF:0000606|AD,0.999297
SCF:0000607|AC,0.999391
SCF:0000607|AD,0.998780
SCF:0000608|AC,0.401017
SCF:0000608|AD,0.804318
SCF:0000609|AC,0.809364
SCF:0000609|AD,0.944134
SCF:0000610|AC,0.809364
SCF:0000610|AD,0.963638
SCF:0000611|AC,0.130747
SCF:0000611|AD,0.990378
SCF:0000614|AC,0.910776
SCF:0000614|AD,0.957544
SCF:0000615|AC,0.910776
SCF:0000615|AD,0.946030
SCF:0000616|AC,0.040741
SCF:0000616|AD,0.879569
SCF:0000617|AC,0.040741
SCF:0000617|AD,0.850189
SCF:0000618|AC,0.040741
SCF:0000618|AD,0.971041
SCF:0000619|AC,0.988493
SCF:0000619|AD,0.998935
SCF:0000620|AC,0.988493
SCF:0000620|AD,0.996828
SCF:0000621|AC,0.114816
SCF:0000621|AD,0.970833
SCF:0000622|AC,0.552195
SCF:0000622|AD,0.990653
SCF:0000623|AC,0.903515
SCF:0000623|AD,0.938799
SCF:0000624|AC,0.903515
SCF:0000624|AD,0.861241
SCF:0000625|AC,0.994206
SCF:0000625|AD,0.994209
SCF:0000627|AC,0.015916
SCF:0000627|AD,0.996413
SCF:0000628|AC,0.015916
SCF:0000628|AD,0.978204
SCF:0000629|AC,0.015916
SCF:0000629|AD,0.995112
SCF:0000630|AC,0.226709
SCF:0000630|AD,0.996605
SCF:0000631|AC,0.226709
SCF:0000631|AD,0.998631
SCF:0000632|AC,0.891029
SCF:0000632|AD,0.996852
SCF:0000636|AC,0.975757
SCF:0000636|AD,0.998158
SCF:0000637|AC,0.975757
SCF:0000637|AD,0.998158
SCF:0000638|AC,0.975757
SCF:0000638|AD,0.998068
SCF:0000641|AC,0.998991
SCF:0000641|AD,0.999587
SCF:0000648|AC,0.525869
SCF:0000648|AD,0.077748
SCF:0000649|AC,0.192297
SCF:0000649|AD,0.973331
SCF:0000650|AC,0.192297
SCF:0000650|AD,0.971375
SCF:0000651|AC,0.946125
SCF:0000651|AD,0.990983
SCF:0000653|AC,0.992563
SCF:0000653|AD,0.995704
SCF:0000658|AC,0.988181
SCF:0000658|AD,0.998287
SCF:0000659|AC,0.929790
SCF:0000659|AD,0.996014
SCF:0000660|AC,0.929790
SCF:0000660|AD,0.997482
SCF:0000661|AC,0.274473
SCF:0000661|AD,0.845815
SCF:0000662|AC,0.750620
SCF:0000662|AD,0.982250
SCF:0000663|AC,0.750620
SCF:0000663|AD,0.731112
SCF:0000664|AC,0.750620
SCF:0000664|AD,0.996481
SCF:0000665|AC,0.134302
SCF:0000665|AD,0.967219
SCF:0000666|AC,0.134302
SCF:0000666|AD,0.953614
SCF:0000667|AC,0.029694
SCF:0000667|AD,0.883140
SCF:0000668|AC,0.515944
SCF:0000668|AD,0.982012
SCF:0000669|AC,0.963650
SCF:0000669|AD,0.996122
SCF:0000670|AC,0.963650
SCF:0000670|AD,0.994693
SCF:0000671|AC,0.964194
SCF:0000671|AD,0.984153
SCF:0000672|AC,0.977605
SCF:0000672|AD,0.982271
SCF:0000673|AC,0.188340
SCF:0000673|AD,0.988550
SCF:0000674|AC,0.188340
SCF:0000674|AD,0.990027
SCF:0000675|AC,0.126447
SCF:0000675|AD,0.865202
SCF:0000676|AC,0.967730
SCF:0000676|AD,0.991478
SCF:0000677|AC,0.967730
SCF:0000677|AD,0.988004
SCF:0000678|AC,0.967730
SCF:0000678|AD,0.994565
SCF:0000683|AC,0.501051
SCF:0000683|AD,0.947464
SCF:0000686|AC,0.888051
SCF:0000686|AD,0.946916
SCF:0000687|AC,0.888051
SCF:0000687|AD,0.985375
SCF:0000688|AC,0.580117
SCF:0000688|AD,0.874298
SCF:0000689|AC,0.043634
SCF:0000689|AD,0.985994
SCF:0000692|AC,0.995949
SCF:0000692|AD,0.995645
SCF:0000693|AC,0.995949
SCF:0000693|AD,0.997600
SCF:0000694|AC,0.995949
SCF:0000694|AD,0.995818
SCF:0000699|AC,0.062744
SCF:0000699|AD,0.859957
SCF:0000700|AC,0.017104
SCF:0000700|AD,0.825760
SCF:0000702|AC,0.662059
SCF:0000702|AD,0.879993
SCF:0000703|AC,0.662059
SCF:0000703|AD,0.875414
SCF:0000704|AC,0.662059
SCF:0000704|AD,0.944923
SCF:0000706|AC,0.696819
SCF:0000706|AD,0.845953
SCF:0000708|AC,0.040588
SCF:0000708|AD,0.941074
SCF:0000712|AC,0.829509
SCF:0000712|AD,0.564376
SCF:0000713|AC,0.837609
SCF:0000713|AD,0.785624
SCF:0000719|AC,0.013981
SCF:0000719|AD,0.524819
SCF:0000720|AC,0.013981
SCF:0000720|AD,0.982746
SCF:0000721|AC,0.012525
SCF:0000721|AD,0.967233
SCF:0000722|AC,0.952984
SCF:0000722|AD,0.979579
SCF:0000723|AC,0.000364
SCF:0000723|AD,0.981888
SCF:0000724|AC,0.991280
SCF:0000724|AD,0.991280
SCF:0000725|AC,0.980439
SCF:0000725|AD,0.967203
SCF:0000726|AC,0.980439
SCF:0000726|AD,0.949173
SCF:0000730|AC,0.975450
SCF:0000730|AD,0.993522
SCF:0000731|AC,0.975450
SCF:0000731|AD,0.984818
SCF:0000732|AC,0.605276
SCF:0000732|AD,0.992367
SCF:0000739|AC,0.887974
SCF:0000739|AD,0.875741
SCF:0000743|AC,0.591135
SCF:0000743|AD,0.575042
SCF:0000748|AC,0.116937
SCF:0000748|AD,0.929180
SCF:0000749|AC,0.116937
SCF:0000749|AD,0.958307
SCF:0000752|AC,0.823913
SCF:0000752|AD,0.970878
SCF:0000759|AC,0.997622
SCF:0000759|AD,0.998422
SCF:0000760|AC,0.997622
SCF:0000760|AD,0.997668
SCF:0000761|AC,0.997622
SCF:0000761|AD,0.953185
SCF:0000762|AC,0.990907
SCF:0000762|AD,0.996924
SCF:0000763|AC,0.990907
SCF:0000763|AD,0.996944
SCF:0000764|AC,0.990907
SCF:0000764|AD,0.966615
SCF:0000775|AC,0.478612
SCF:0000775|AD,0.753952
SCF:0000777|AC,0.952768
SCF:0000777|AD,0.991119
SCF:0000778|AC,0.952768
SCF:0000778|AD,0.995077
SCF:0000779|AC,0.952768
SCF:0000779|AD,0.992154
SCF:0000780|AC,0.044682
SCF:0000780|AD,0.946431
SCF:0000785|AC,0.957694
SCF:0000785|AD,0.987748
SCF:0000789|AC,0.986102
SCF:0000789|AD,0.993522
SCF:0000790|AC,0.986102
SCF:0000790|AD,0.984818
SCF:0000795|AC,0.331934
SCF:0000795|AD,0.996190
SCF:0000796|AC,0.331934
SCF:0000796|AD,0.992014
SCF:0000797|AC,0.331934
SCF:0000797|AD,0.997817
SCF:0000798|AC,0.786572
SCF:0000798|AD,0.989597
SCF:0000799|AC,0.786572
SCF:0000799|AD,0.991284
SCF:0000800|AC,0.799069
SCF:0000800|AD,0.888382
SCF:0000801|AC,0.799069
SCF:0000801|AD,0.990373
SCF:0000804|AC,0.816306
SCF:0000804|AD,0.816306
SCF:0000805|AC,0.816306
SCF:0000805|AD,0.942059
SCF:0000806|AC,0.816306
SCF:0000806|AD,0.942059
SCF:0000817|AC,0.061845
SCF:0000817|AD,0.956621
SCF:0000818|AC,0.033492
SCF:0000818|AD,0.733292
SCF:0000819|AC,0.033492
SCF:0000819|AD,0.958594
SCF:0000821|AC,0.970131
SCF:0000821|AD,0.985289
SCF:0000822|AC,0.986506
SCF:0000822|AD,0.996262
SCF:0000823|AC,0.986506
SCF:0000823|AD,0.946289
SCF:0000824|AC,0.986506
SCF:0000824|AD,0.995529
SCF:0000825|AC,0.359446
SCF:0000825|AD,0.851542
SCF:0000826|AC,0.359446
SCF:0000826|AD,0.946735
SCF:0000830|AC,0.929586
SCF:0000830|AD,0.995795
SCF:0000831|AC,0.967943
SCF:0000831|AD,0.766004
SCF:0000832|AC,0.967943
SCF:0000832|AD,0.905647
SCF:0000839|AC,0.996715
SCF:0000839|AD,0.997276
SCF:0000840|AC,0.996715
SCF:0000840|AD,0.996277
SCF:0000841|AC,0.995726
SCF:0000841|AD,0.991119
SCF:0000842|AC,0.995726
SCF:0000842|AD,0.992154
SCF:0000846|AC,0.768869
SCF:0000846|AD,0.990383
SCF:0000848|AC,0.846717
SCF:0000848|AD,0.979478
SCF:0000849|AC,0.069255
SCF:0000849|AD,0.943861
SCF:0000850|AC,0.069255
SCF:0000850|AD,0.996564
SCF:0000851|AC,0.069255
SCF:0000851|AD,0.997613
SCF:0000852|AC,0.136601
SCF:0000852|AD,0.970027
SCF:0000853|AC,0.136601
SCF:0000853|AD,0.966601
SCF:0000854|AC,0.980330
SCF:0000854|AD,0.991400
SCF:0000855|AC,0.980330
SCF:0000855|AD,0.990324
SCF:0000856|AC,0.020065
SCF:0000856|AD,0.997503
SCF:0000857|AC,0.020065
SCF:0000857|AD,0.997944
SCF:0000858|AC,0.993777
SCF:0000858|AD,0.993522
SCF:0000859|AC,0.993777
SCF:0000859|AD,0.994263
SCF:0000860|AC,0.839859
SCF:0000860|AD,0.984048
SCF:0000861|AC,0.839859
SCF:0000861|AD,0.977423
SCF:0000863|AC,0.019040
SCF:0000863|AD,0.999304
SCF:0000864|AC,0.019040
SCF:0000864|AD,0.996595
SCF:0000867|AC,0.996440
SCF:0000867|AD,0.980084
SCF:0000868|AC,0.909519
SCF:0000868|AD,0.997562
SCF:0000869|AC,0.909519
SCF:0000869|AD,0.991735
SCF:0000870|AC,0.909519
SCF:0000870|AD,0.868670
SCF:0000871|AC,0.494123
SCF:0000871|AD,0.030753
SCF:0000872|AC,0.975418
SCF:0000872|AD,0.987958
SCF:0000873|AC,0.993839
SCF:0000873|AD,0.960040
SCF:0000874|AC,0.873062
SCF:0000874|AD,0.998219
SCF:0000877|AC,0.425443
SCF:0000877|AD,0.986698
SCF:0000878|AC,0.011484
SCF:0000878|AD,0.999241
SCF:0000879|AC,0.011484
SCF:0000879|AD,0.999241
SCF:0000882|AC,0.028119
SCF:0000882|AD,0.950360
SCF:0000883|AC,0.016064
SCF:0000883|AD,0.987494
SCF:0000884|AC,0.354811
SCF:0000884|AD,0.948767
SCF:0000886|AC,0.354811
SCF:0000886|AD,0.767659
SCF:0000888|AC,0.915605
SCF:0000888|AD,0.869705
SCF:0000889|AC,0.729462
SCF:0000889|AD,0.836036
SCF:0000890|AC,0.545993
SCF:0000890|AD,0.953788
SCF:0000891|AC,0.983689
SCF:0000891|AD,0.997727
SCF:0000892|AC,0.026483
SCF:0000892|AD,0.728780
SCF:0000893|AC,0.026483
SCF:0000893|AD,0.961765
SCF:0000894|AC,0.026483
SCF:0000894|AD,0.942227
SCF:0000895|AC,0.614970
SCF:0000895|AD,0.980715
SCF:0000896|AC,0.614970
SCF:0000896|AD,0.992243
SCF:0000898|AC,0.153643
SCF:0000898|AD,0.997376
SCF:0000902|AC,0.981294
SCF:0000902|AD,0.474540
SCF:0000903|AC,0.981294
SCF:0000903|AD,0.991194
SCF:0000904|AC,0.995303
SCF:0000904|AD,0.995449
SCF:0000906|AC,0.047124
SCF:0000906|AD,0.959855
SCF:0000907|AC,0.165118
SCF:0000907|AD,0.981618
SCF:0000908|AC,0.692063
SCF:0000908|AD,0.997078
SCF:0000909|AC,0.977186
SCF:0000909|AD,0.996122
SCF:0000914|AC,0.702605
SCF:0000914|AD,0.970787
SCF:0000918|AC,0.200710
SCF:0000918|AD,0.998590
SCF:0000919|AC,0.959375
SCF:0000919|AD,0.935577
SCF:0000925|AC,0.451847
SCF:0000925|AD,0.436850
SCF:0000927|AC,0.395930
SCF:0000927|AD,0.864261
SCF:0000928|AC,0.395930
SCF:0000928|AD,0.745120
SCF:0000929|AC,0.981749
SCF:0000929|AD,0.999130
SCF:0000930|AC,0.981749
SCF:0000930|AD,0.994110
SCF:0000932|AC,0.007184
SCF:0000932|AD,0.771107
SCF:0000933|AC,0.007184
SCF:0000933|AD,0.996011
SCF:0000934|AC,0.967294
SCF:0000934|AD,0.997613
SCF:0000935|AC,0.017293
SCF:0000935|AD,0.995782
SCF:0000938|AC,0.391429
SCF:0000938|AD,0.969181
SCF:0000939|AC,0.441657
SCF:0000939|AD,0.843168
SCF:0000940|AC,0.139410
SCF:0000940|AD,0.859864
SCF:0000941|AC,0.509264
SCF:0000941|AD,0.894697
SCF:0000943|AC,0.995704
SCF:0000943|AD,0.996179
SCF:0000944|AC,0.995704
SCF:0000944|AD,0.995818
SCF:0000946|AC,0.344965
SCF:0000946|AD,0.808732
SCF:0000948|AC,0.698565
SCF:0000948|AD,0.743283
SCF:0000956|AC,0.997835
SCF:0000956|AD,0.998911
SCF:0000957|AC,0.997835
SCF:0000957|AD,0.998652
SCF:0000959|AC,0.997344
SCF:0000959|AD,0.992816
SCF:0000962|AC,0.818260
SCF:0000962|AD,0.983791
SCF:0000964|AC,0.002845
SCF:0000964|AD,0.979478
SCF:0000965|AC,0.007591
SCF:0000965|AD,0.995690
SCF:0000966|AC,0.027276
SCF:0000966|AD,0.717713
SCF:0000967|AC,0.027276
SCF:0000967|AD,0.982988
SCF:0000969|AC,0.224767
SCF:0000969|AD,0.939014
SCF:0000970|AC,0.224767
SCF:0000970|AD,0.962683
SCF:0000972|AC,0.957895
SCF:0000972|AD,0.983261
SCF:0000984|AC,0.713911
SCF:0000984|AD,0.998489
SCF:0000985|AC,0.713911
SCF:0000985|AD,0.992516
SCF:0000986|AC,0.713911
SCF:0000986|AD,0.996447
SCF:0000987|AC,0.294012
SCF:0000987|AD,0.993890
SCF:0000988|AC,0.294012
SCF:0000988|AD,0.981532
SCF:0000989|AC,0.294012
SCF:0000989|AD,0.994818
SCF:0000990|AC,0.010370
SCF:0000990|AD,0.990710
SCF:0000991|AC,0.015867
SCF:0000991|AD,0.998733
SCF:0000992|AC,0.015867
SCF:0000992|AD,0.997315
SCF:0000993|AC,0.016455
SCF:0000993|AD,0.997384
SCF:0000996|AC,0.632485
SCF:0000996|AD,0.951340
SCF:0000997|AC,0.632485
SCF:0000997|AD,0.931056
SCF:0000998|AC,0.971348
SCF:0000998|AD,0.969249
SCF:0001000|AC,0.997023
SCF:0001000|AD,0.997276
SCF:0001001|AC,0.997023
SCF:0001001|AD,0.996277
SCF:0001002|AC,0.992941
SCF:0001002|AD,0.941149
SCF:0001003|AC,0.992941
SCF:0001003|AD,0.994101
SCF:0001004|AC,0.992941
SCF:0001004|AD,0.997035
SCF:0001010|AC,0.041475
SCF:0001010|AD,0.705560
SCF:0001011|AC,0.041475
SCF:0001011|AD,0.904489
SCF:0001012|AC,0.984620
SCF:0001012|AD,0.989504
SCF:0001013|AC,0.984620
SCF:0001013|AD,0.988796
SCF:0001014|AC,0.516486
SCF:0001014|AD,0.988982
SCF:0001018|AC,0.440131
SCF:0001018|AD,0.643831
SCF:0001026|AC,0.994719
SCF:0001026|AD,0.990899
SCF:0001027|AC,0.994719
SCF:0001027|AD,0.996014
SCF:0001028|AC,0.994719
SCF:0001028|AD,0.997482
SCF:0001029|AC,0.617446
SCF:0001029|AD,0.997147
SCF:0001030|AC,0.980018
SCF:0001030|AD,0.992620
SCF:0001034|AC,0.033681
SCF:0001034|AD,0.660215
SCF:0001035|AC,0.033681
SCF:0001035|AD,0.926877
SCF:0001036|AC,0.734837
SCF:0001036|AD,0.837035
SCF:0001037|AC,0.838619
SCF:0001037|AD,0.996302
SCF:0001038|AC,0.978579
SCF:0001038|AD,0.991497
SCF:0001039|AC,0.978579
SCF:0001039|AD,0.995967
SCF:0001040|AC,0.978579
SCF:0001040|AD,0.971947
SCF:0001041|AC,0.931269
SCF:0001041|AD,0.944664
SCF:0001042|AC,0.931269
SCF:0001042|AD,0.991464
SCF:0001043|AC,0.896979
SCF:0001043|AD,0.883350
SCF:0001044|AC,0.896979
SCF:0001044|AD,0.990788
SCF:0001045|AC,0.221001
SCF:0001045|AD,0.996271
SCF:0001046|AC,0.018869
SCF:0001046|AD,0.029974
SCF:0001047|AC,0.018869
SCF:0001047|AD,0.933053
SCF:0001050|AC,0.081048
SCF:0001050|AD,0.987535
SCF:0001051|AC,0.140993
SCF:0001051|AD,0.988932
SCF:0001052|AC,0.974630
SCF:0001052|AD,0.741567
SCF:0001053|AC,0.822602
SCF:0001053|AD,0.999108
SCF:0001054|AC,0.998863
SCF:0001054|AD,0.999108
SCF:0001055|AC,0.998863
SCF:0001055|AD,0.998307
SCF:0001057|AC,0.945428
SCF:0001057|AD,0.990690
SCF:0001059|AC,0.910674
SCF:0001059|AD,0.988096
SCF:0001060|AC,0.944341
SCF:0001060|AD,0.978559
SCF:0001061|AC,0.998629
SCF:0001061|AD,0.999186
SCF:0001062|AC,0.998629
SCF:0001062|AD,0.999297
SCF:0001063|AC,0.998629
SCF:0001063|AD,0.998780
SCF:0001064|AC,0.787817
SCF:0001064|AD,0.787817
SCF:0001065|AC,0.787817
SCF:0001065|AD,0.616743
SCF:0001066|AC,0.787817
SCF:0001066|AD,0.948732
SCF:0001068|AC,0.014353
SCF:0001068|AD,0.996440
SCF:0001069|AC,0.014353
SCF:0001069|AD,0.991328
SCF:0001070|AC,0.014353
SCF:0001070|AD,0.995973
SCF:0001073|AC,0.011729
SCF:0001073|AD,0.976810
SCF:0001074|AC,0.011729
SCF:0001074|AD,0.998502
SCF:0001075|AC,0.011729
SCF:0001075|AD,0.996133
SCF:0001076|AC,0.566606
SCF:0001076|AD,0.979478
SCF:0001083|AC,0.972910
SCF:0001083|AD,0.990865
SCF:0001084|AC,0.022784
SCF:0001084|AD,0.991679
SCF:0001086|AC,0.817610
SCF:0001086|AD,0.985060
SCF:0001088|AC,0.098513
SCF:0001088|AD,0.980454
SCF:0001089|AC,0.098513
SCF:0001089|AD,0.982472
SCF:0001090|AC,0.098513
SCF:0001090|AD,0.990754
SCF:0001091|AC,0.183717
SCF:0001091|AD,0.953914
SCF:0001095|AC,0.601429
SCF:0001095|AD,0.957553
SCF:0001096|AC,0.857306
SCF:0001096|AD,0.998953
SCF:0001097|AC,0.857306
SCF:0001097|AD,0.995775
SCF:0001098|AC,0.857306
SCF:0001098|AD,0.999004
SCF:0001099|AC,0.817397
SCF:0001099|AD,0.963614
SCF:0001100|AC,0.817397
SCF:0001100|AD,0.877178
SCF:0001101|AC,0.960848
SCF:0001101|AD,0.995117
SCF:0001102|AC,0.960848
SCF:0001102|AD,0.999082
SCF:0001103|AC,0.036182
SCF:0001103|AD,0.990306
SCF:0001104|AC,0.036182
SCF:0001104|AD,0.993688
SCF:0001105|AC,0.069618
SCF:0001105|AD,0.848885
SCF:0001106|AC,0.069618
SCF:0001106|AD,0.968600
SCF:0001107|AC,0.069618
SCF:0001107|AD,0.985316
SCF:0001108|AC,0.776833
SCF:0001108|AD,0.985100
SCF:0001110|AC,0.175595
SCF:0001110|AD,0.966126
SCF:0001111|AC,0.175595
SCF:0001111|AD,0.953870
SCF:0001112|AC,0.963230
SCF:0001112|AD,0.999370
SCF:0001113|AC,0.963230
SCF:0001113|AD,0.953691
SCF:0001114|AC,0.963230
SCF:0001114|AD,0.996856
SCF:0001115|AC,0.964954
SCF:0001115|AD,0.996986
SCF:0001117|AC,0.002483
SCF:0001117|AD,0.923033
SCF:0001121|AC,0.020934
SCF:0001121|AD,0.020934
SCF:0001122|AC,0.020934
SCF:0001122|AD,0.917686
SCF:0001123|AC,0.020934
SCF:0001123|AD,0.816306
SCF:0001124|AC,0.940486
SCF:0001124|AD,0.767332
SCF:0001125|AC,0.940486
SCF:0001125|AD,0.963916
SCF:0001126|AC,0.927685
SCF:0001126|AD,0.997108
SCF:0001127|AC,0.431801
SCF:0001127|AD,0.974878
SCF:0001130|AC,0.033508
SCF:0001130|AD,0.983826
SCF:0001136|AC,0.964668
SCF:0001136|AD,0.988019
SCF:0001145|AC,0.017679
SCF:0001145|AD,0.994097
SCF:0001146|AC,0.017679
SCF:0001146|AD,0.990715
SCF:0001150|AC,0.997777
SCF:0001150|AD,0.998249
SCF:0001151|AC,0.997777
SCF:0001151|AD,0.999132
SCF:0001152|AC,0.997777
SCF:0001152|AD,0.997818
SCF:0001156|AC,0.954238
SCF:0001156|AD,0.988192
SCF:0001157|AC,0.971730
SCF:0001157|AD,0.981680
SCF:0001159|AC,0.713439
SCF:0001159|AD,0.188003
SCF:0001160|AC,0.044867
SCF:0001160|AD,0.998380
SCF:0001161|AC,0.990843
SCF:0001161|AD,0.999016
SCF:0001162|AC,0.990843
SCF:0001162|AD,0.998128
SCF:0001163|AC,0.990843
SCF:0001163|AD,0.999035
SCF:0001169|AC,0.940572
SCF:0001169|AD,0.989740
SCF:0001173|AC,0.894763
SCF:0001173|AD,0.994662
SCF:0001174|AC,0.297704
SCF:0001174|AD,0.968534
SCF:0001175|AC,0.474246
SCF:0001175|AD,0.977181
SCF:0001176|AC,0.708075
SCF:0001176|AD,0.986572
SCF:0001177|AC,0.708075
SCF:0001177|AD,0.997136
SCF:0001178|AC,0.708075
SCF:0001178|AD,0.995204
SCF:0001189|AC,0.996098
SCF:0001189|AD,0.996167
SCF:0001190|AC,0.996098
SCF:0001190|AD,0.994154
SCF:0001191|AC,0.996098
SCF:0001191|AD,0.998560
SCF:0001192|AC,0.586566
SCF:0001192|AD,0.993586
SCF:0001193|AC,0.586566
SCF:0001193|AD,0.991856
SCF:0001194|AC,0.887249
SCF:0001194|AD,0.990733
SCF:0001195|AC,0.887249
SCF:0001195|AD,0.987004
SCF:0001196|AC,0.887249
SCF:0001196|AD,0.997423
SCF:0001197|AC,0.798464
SCF:0001197|AD,0.993763
SCF:0001198|AC,0.968790
SCF:0001198|AD,0.990653
SCF:0001200|AC,0.972839
SCF:0001200|AD,0.997791
SCF:0001201|AC,0.972839
SCF:0001201|AD,0.995379
SCF:0001202|AC,0.972839
SCF:0001202|AD,0.999357
SCF:0001203|AC,0.985476
SCF:0001203|AD,0.991136
SCF:0001204|AC,0.972790
SCF:0001204|AD,0.981828
SCF:0001205|AC,0.994155
SCF:0001205|AD,0.984687
SCF:0001211|AC,0.960947
SCF:0001211|AD,0.973150
SCF:0001213|AC,0.960947
SCF:0001213|AD,0.992748
SCF:0001221|AC,0.038786
SCF:0001221|AD,0.976886
SCF:0001222|AC,0.118356
SCF:0001222|AD,0.118356
SCF:0001224|AC,0.185711
SCF:0001224|AD,0.014067
SCF:0001225|AC,0.352481
SCF:0001225|AD,0.988027
SCF:0001228|AC,0.003265
SCF:0001228|AD,0.998608
SCF:0001235|AC,0.238638
SCF:0001235|AD,0.935693
SCF:0001236|AC,0.997378
SCF:0001236|AD,0.987288
SCF:0001237|AC,0.857184
SCF:0001237|AD,0.984060
SCF:0001238|AC,0.857184
SCF:0001238|AD,0.982649
SCF:0001239|AC,0.857184
SCF:0001239|AD,0.982649
SCF:0001240|AC,0.982296
SCF:0001240|AD,0.996728
SCF:0001241|AC,0.019848
SCF:0001241|AD,0.997152
SCF:0001242|AC,0.990128
SCF:0001242|AD,0.950913
SCF:0001250|AC,0.025174
SCF:0001250|AD,0.987090
SCF:0001251|AC,0.025174
SCF:0001251|AD,0.990894
SCF:0001252|AC,0.025174
SCF:0001252|AD,0.995010
SCF:0001253|AC,0.031233
SCF:0001253|AD,0.984572
SCF:0001254|AC,0.965601
SCF:0001254|AD,0.991199
SCF:0001255|AC,0.017312
SCF:0001255|AD,0.989676
SCF:0001256|AC,0.013056
SCF:0001256|AD,0.996037
SCF:0001257|AC,0.013056
SCF:0001257|AD,0.988199
SCF:0001258|AC,0.996167
SCF:0001258|AD,0.995637
SCF:0001259|AC,0.996167
SCF:0001259|AD,0.991183
SCF:0001260|AC,0.990463
SCF:0001260|AD,0.953788
SCF:0001261|AC,0.966972
SCF:0001261|AD,0.989547
SCF:0001262|AC,0.966972
SCF:0001262|AD,0.983974
SCF:0001269|AC,0.962174
SCF:0001269|AD,0.991559
SCF:0001270|AC,0.995530
SCF:0001270|AD,0.988255
SCF:0001271|AC,0.995530
SCF:0001271|AD,0.995744
SCF:0001272|AC,0.995530
SCF:0001272|AD,0.996211
SCF:0001275|AC,0.040599
SCF:0001275|AD,0.997115
SCF:0001276|AC,0.923007
SCF:0001276|AD,0.992025
SCF:0001279|AC,0.201273
SCF:0001279|AD,0.831277
SCF:0001283|AC,0.962238
SCF:0001283|AD,0.979360
SCF:0001284|AC,0.962238
SCF:0001284|AD,0.983387
SCF:0001285|AC,0.962238
SCF:0001285|AD,0.992125
SCF:0001286|AC,0.984904
SCF:0001286|AD,0.985904
SCF:0001287|AC,0.984904
SCF:0001287|AD,0.995737
SCF:0001290|AC,0.153553
SCF:0001290|AD,0.998685
SCF:0001295|AC,0.954585
SCF:0001295|AD,0.532162
SCF:0001296|AC,0.979450
SCF:0001296|AD,0.990964
SCF:0001297|AC,0.996846
SCF:0001297|AD,0.997337
SCF:0001298|AC,0.996846
SCF:0001298|AD,0.996067
SCF:0001299|AC,0.996846
SCF:0001299|AD,0.998240
SCF:0001300|AC,0.981356
SCF:0001300|AD,0.996376
SCF:0001301|AC,0.981356
SCF:0001301|AD,0.997232
SCF:0001302|AC,0.981356
SCF:0001302|AD,0.997945
SCF:0001308|AC,0.983667
SCF:0001308|AD,0.978275
SCF:0001309|AC,0.977522
SCF:0001309|AD,0.983741
SCF:0001310|AC,0.977522
SCF:0001310|AD,0.996765
SCF:0001311|AC,0.184213
SCF:0001311|AD,0.991107
SCF:0001312|AC,0.048702
SCF:0001312|AD,0.020452
SCF:0001314|AC,0.197725
SCF:0001314|AD,0.937825
SCF:0001315|AC,0.118246
SCF:0001315|AD,0.767018
SCF:0001316|AC,0.077787
SCF:0001316|AD,0.472192
SCF:0001319|AC,0.936573
SCF:0001319|AD,0.992351
SCF:0001320|AC,0.936573
SCF:0001320|AD,0.989266
SCF:0001321|AC,0.996688
SCF:0001321|AD,0.998805
SCF:0001322|AC,0.996688
SCF:0001322|AD,0.998547
SCF:0001323|AC,0.996688
SCF:0001323|AD,0.998211
SCF:0001324|AC,0.237051
SCF:0001324|AD,0.998422
SCF:0001325|AC,0.237051
SCF:0001325|AD,0.997668
SCF:0001326|AC,0.237051
SCF:0001326|AD,0.979896
SCF:0001327|AC,0.042657
SCF:0001327|AD,0.973245
SCF:0001328|AC,0.042657
SCF:0001328|AD,0.978510
SCF:0001329|AC,0.042657
SCF:0001329|AD,0.971845
SCF:0001333|AC,0.395941
SCF:0001333|AD,0.951350
SCF:0001334|AC,0.476709
SCF:0001334|AD,0.996772
SCF:0001335|AC,0.476709
SCF:0001335|AD,0.995799
SCF:0001336|AC,0.476709
SCF:0001336|AD,0.987933
SCF:0001340|AC,0.024766
SCF:0001340|AD,0.936489
SCF:0001343|AC,0.995752
SCF:0001343|AD,0.998507
SCF:0001349|AC,0.949970
SCF:0001349|AD,0.997817
SCF:0001350|AC,0.993843
SCF:0001350|AD,0.964867
SCF:0001352|AC,0.317280
SCF:0001352|AD,0.923878
SCF:0001353|AC,0.257677
SCF:0001353|AD,0.969634
SCF:0001354|AC,0.257677
SCF:0001354|AD,0.966124
SCF:0001357|AC,0.991586
SCF:0001357|AD,0.987047
SCF:0001358|AC,0.991586
SCF:0001358|AD,0.996369
SCF:0001366|AC,0.055254
SCF:0001366|AD,0.994097
SCF:0001367|AC,0.055254
SCF:0001367|AD,0.990715
SCF:0001368|AC,0.396366
SCF:0001368|AD,0.978425
SCF:0001369|AC,0.175226
SCF:0001369|AD,0.946431
SCF:0001372|AC,0.997384
SCF:0001372|AD,0.993424
SCF:0001373|AC,0.997384
SCF:0001373|AD,0.998527
SCF:0001374|AC,0.602578
SCF:0001374|AD,0.929352
SCF:0001375|AC,0.055969
SCF:0001375|AD,0.793496
SCF:0001376|AC,0.008533
SCF:0001376|AD,0.991082
SCF:0001377|AC,0.133110
SCF:0001377|AD,0.987493
SCF:0001379|AC,0.892341
SCF:0001379|AD,0.985100
SCF:0001380|AC,0.923260
SCF:0001380|AD,0.994565
SCF:0001381|AC,0.923260
SCF:0001381|AD,0.986572
SCF:0001382|AC,0.923260
SCF:0001382|AD,0.997136
SCF:0001386|AC,0.949371
SCF:0001386|AD,0.995695
SCF:0001387|AC,0.606171
SCF:0001387|AD,0.990580
SCF:0001391|AC,0.015498
SCF:0001391|AD,0.988680
SCF:0001392|AC,0.015498
SCF:0001392|AD,0.986963
SCF:0001393|AC,0.015498
SCF:0001393|AD,0.984796
SCF:0001402|AC,0.016926
SCF:0001402|AD,0.981888
SCF:0001403|AC,0.040608
SCF:0001403|AD,0.978510
SCF:0001404|AC,0.040608
SCF:0001404|AD,0.971845
SCF:0001405|AC,0.040608
SCF:0001405|AD,0.976762
SCF:0001406|AC,0.030094
SCF:0001406|AD,0.994818
SCF:0001407|AC,0.030094
SCF:0001407|AD,0.993890
SCF:0001408|AC,0.030094
SCF:0001408|AD,0.984334
SCF:0001409|AC,0.986735
SCF:0001409|AD,0.984628
SCF:0001410|AC,0.986735
SCF:0001410|AD,0.998104
SCF:0001411|AC,0.986735
SCF:0001411|AD,0.996688
SCF:0001415|AC,0.011857
SCF:0001415|AD,0.996519
SCF:0001418|AC,0.281831
SCF:0001418|AD,0.992883
SCF:0001419|AC,0.192879
SCF:0001419|AD,0.985437
SCF:0001420|AC,0.993034
SCF:0001420|AD,0.997600
SCF:0001423|AC,0.502251
SCF:0001423|AD,0.980820
SCF:0001424|AC,0.012711
SCF:0001424|AD,0.994667
SCF:0001431|AC,0.172318
SCF:0001431|AD,0.994818
SCF:0001432|AC,0.172318
SCF:0001432|AD,0.981532
SCF:0001433|AC,0.172318
SCF:0001433|AD,0.984334
SCF:0001434|AC,0.107949
SCF:0001434|AD,0.988844
SCF:0001435|AC,0.107949
SCF:0001435|AD,0.986209
SCF:0001436|AC,0.107949
SCF:0001436|AD,0.980743
SCF:0001438|AC,0.010541
SCF:0001438|AD,0.967233
SCF:0001440|AC,0.045993
SCF:0001440|AD,0.976876
SCF:0001446|AC,0.086484
SCF:0001446|AD,0.993392
SCF:0001447|AC,0.937593
SCF:0001447|AD,0.939982
SCF:0001448|AC,0.937593
SCF:0001448|AD,0.993601
SCF:0001449|AC,0.937593
SCF:0001449|AD,0.998050
SCF:0001450|AC,0.003354
SCF:0001450|AD,0.992125
SCF:0001461|AC,0.002111
SCF:0001461|AD,0.981888
SCF:0001462|AC,0.008943
SCF:0001462|AD,0.987090
SCF:0001463|AC,0.010982
SCF:0001463|AD,0.984728
SCF:0001464|AC,0.016449
SCF:0001464|AD,0.995335
SCF:0001471|AC,0.994260
SCF:0001471|AD,0.990236
SCF:0001472|AC,0.994260
SCF:0001472|AD,0.985346
SCF:0001473|AC,0.968701
SCF:0001473|AD,0.984887
SCF:0001474|AC,0.968701
SCF:0001474|AD,0.994873
SCF:0001476|AC,0.016776
SCF:0001476|AD,0.997933
SCF:0001477|AC,0.045752
SCF:0001477|AD,0.989259
SCF:0001478|AC,0.045752
SCF:0001478|AD,0.988734
SCF:0001479|AC,0.872623
SCF:0001479|AD,0.977531
SCF:0001483|AC,0.947628
SCF:0001483|AD,0.996897
SCF:0001484|AC,0.947628
SCF:0001484|AD,0.994252
SCF:0001485|AC,0.969805
SCF:0001485|AD,0.995329
SCF:0001486|AC,0.969805
SCF:0001486|AD,0.990801
SCF:0001487|AC,0.017938
SCF:0001487|AD,0.988844
SCF:0001488|AC,0.017938
SCF:0001488|AD,0.978525
SCF:0001489|AC,0.017938
SCF:0001489|AD,0.986209
SCF:0001490|AC,0.934592
SCF:0001490|AD,0.996167
SCF:0001491|AC,0.934592
SCF:0001491|AD,0.998560
SCF:0001492|AC,0.934592
SCF:0001492|AD,0.997291
SCF:0001493|AC,0.984581
SCF:0001493|AD,0.978132
SCF:0001494|AC,0.991370
SCF:0001494|AD,0.990788
SCF:0001495|AC,0.987148
SCF:0001495|AD,0.989897
SCF:0001496|AC,0.987148
SCF:0001496|AD,0.986200
SCF:0001497|AC,0.977160
SCF:0001497|AD,0.999698
SCF:0001498|AC,0.977160
SCF:0001498|AD,0.999698
SCF:0001499|AC,0.977160
SCF:0001499|AD,0.998895
SCF:0001500|AC,0.993771
SCF:0001500|AD,0.986687
SCF:0001502|AC,0.998124
SCF:0001502|AD,0.999196
SCF:0001503|AC,0.998124
SCF:0001503|AD,0.998899
SCF:0001504|AC,0.562844
SCF:0001504|AD,0.953922
SCF:0001506|AC,0.997057
SCF:0001506|AD,0.998162
SCF:0001507|AC,0.997057
SCF:0001507|AD,0.998340
SCF:0001508|AC,0.997057
SCF:0001508|AD,0.995423
SCF:0001509|AC,0.994969
SCF:0001509|AD,0.984628
SCF:0001510|AC,0.994969
SCF:0001510|AD,0.998104
SCF:0001511|AC,0.994969
SCF:0001511|AD,0.996688
SCF:0001512|AC,0.850585
SCF:0001512|AD,0.953628
SCF:0001513|AC,0.850585
SCF:0001513|AD,0.934306
SCF:0001518|AC,0.046380
SCF:0001518|AD,0.987650
SCF:0001519|AC,0.046380
SCF:0001519|AD,0.996426
SCF:0001520|AC,0.227184
SCF:0001520|AD,0.982374
SCF:0001525|AC,0.034444
SCF:0001525|AD,0.995214
SCF:0001526|AC,0.034444
SCF:0001526|AD,0.995412
SCF:0001527|AC,0.034444
SCF:0001527|AD,0.990628
SCF:0001528|AC,0.035368
SCF:0001528|AD,0.997043
SCF:0001529|AC,0.035368
SCF:0001529|AD,0.032875
SCF:0001530|AC,0.325620
SCF:0001530|AD,0.917826
SCF:0001531|AC,0.325620
SCF:0001531|AD,0.906346
SCF:0001532|AC,0.325620
SCF:0001532|AD,0.962596
SCF:0001534|AC,0.966228
SCF:0001534|AD,0.995835
SCF:0001535|AC,0.966228
SCF:0001535|AD,0.995559
SCF:0001536|AC,0.960463
SCF:0001536|AD,0.974310
SCF:0001537|AC,0.995131
SCF:0001537|AD,0.995131
SCF:0001538|AC,0.995131
SCF:0001538|AD,0.986309
SCF:0001544|AC,0.904195
SCF:0001544|AD,0.948987
SCF:0001547|AC,0.487356
SCF:0001547|AD,0.973345
SCF:0001548|AC,0.487356
SCF:0001548|AD,0.960590
SCF:0001549|AC,0.073877
SCF:0001549|AD,0.990851
SCF:0001550|AC,0.989868
SCF:0001550|AD,0.993522
SCF:0001551|AC,0.989868
SCF:0001551|AD,0.984818
SCF:0001552|AC,0.718373
SCF:0001552|AD,0.817328
SCF:0001553|AC,0.718373
SCF:0001553|AD,0.822874
SCF:0001554|AC,0.718373
SCF:0001554|AD,0.870450
SCF:0001555|AC,0.186663
SCF:0001555|AD,0.941261
SCF:0001557|AC,0.372899
SCF:0001557|AD,0.969151
SCF:0001558|AC,0.616743
SCF:0001558|AD,0.616743
SCF:0001559|AC,0.616743
SCF:0001559|AD,0.948732
SCF:0001560|AC,0.616743
SCF:0001560|AD,0.787817
SCF:0001561|AC,0.702259
SCF:0001561|AD,0.991186
SCF:0001565|AC,0.715512
SCF:0001565|AD,0.759401
SCF:0001568|AC,0.446915
SCF:0001568|AD,0.812927
SCF:0001577|AC,0.039222
SCF:0001577|AD,0.985018
SCF:0001578|AC,0.039222
SCF:0001578|AD,0.954992
SCF:0001579|AC,0.026963
SCF:0001579|AD,0.990894
SCF:0001580|AC,0.026963
SCF:0001580|AD,0.987090
SCF:0001581|AC,0.026963
SCF:0001581|AD,0.995010
SCF:0001589|AC,0.036506
SCF:0001589|AD,0.991155
SCF:0001593|AC,0.022635
SCF:0001593|AD,0.984796
SCF:0001594|AC,0.022635
SCF:0001594|AD,0.988680
SCF:0001595|AC,0.022635
SCF:0001595|AD,0.986963
SCF:0001596|AC,0.081057
SCF:0001596|AD,0.991559
SCF:0001597|AC,0.081057
SCF:0001597|AD,0.994219
SCF:0001598|AC,0.991770
SCF:0001598|AD,0.982649
SCF:0001599|AC,0.991770
SCF:0001599|AD,0.982649
SCF:0001600|AC,0.991770
SCF:0001600|AD,0.984060
SCF:0001613|AC,0.827017
SCF:0001613|AD,0.998176
SCF:0001614|AC,0.827017
SCF:0001614|AD,0.991732
SCF:0001619|AC,0.975374
SCF:0001619|AD,0.976328
SCF:0001624|AC,0.644872
SCF:0001624|AD,0.868494
SCF:0001629|AC,0.996028
SCF:0001629|AD,0.998185
SCF:0001630|AC,0.996028
SCF:0001630|AD,0.998462
SCF:0001631|AC,0.996028
SCF:0001631|AD,0.998413
SCF:0001634|AC,0.099631
SCF:0001634|AD,0.692715
SCF:0001635|AC,0.998418
SCF:0001635|AD,0.996019
SCF:0001636|AC,0.998418
SCF:0001636|AD,0.991721
SCF:0001637|AC,0.998418
SCF:0001637|AD,0.997589
SCF:0001638|AC,0.981804
SCF:0001638|AD,0.998149
SCF:0001639|AC,0.981804
SCF:0001639|AD,0.998537
SCF:0001640|AC,0.981804
SCF:0001640|AD,0.995042
SCF:0001641|AC,0.646904
SCF:0001641|AD,0.989148
SCF:0001643|AC,0.970726
SCF:0001643|AD,0.997980
SCF:0001644|AC,0.970726
SCF:0001644|AD,0.995858
SCF:0001646|AC,0.023213
SCF:0001646|AD,0.994360
SCF:0001647|AC,0.023213
SCF:0001647|AD,0.994373
SCF:0001649|AC,0.977614
SCF:0001649|AD,0.989954
SCF:0001650|AC,0.977614
SCF:0001650|AD,0.981095
SCF:0001651|AC,0.977614
SCF:0001651|AD,0.993350
SCF:0001652|AC,0.847666
SCF:0001652|AD,0.996236
SCF:0001654|AC,0.030163
SCF:0001654|AD,0.985765
SCF:0001655|AC,0.994313
SCF:0001655|AD,0.990669
SCF:0001656|AC,0.994313
SCF:0001656|AD,0.996474
SCF:0001657|AC,0.994504
SCF:0001657|AD,0.995954
SCF:0001658|AC,0.994504
SCF:0001658|AD,0.991136
SCF:0001659|AC,0.327338
SCF:0001659|AD,0.929136
SCF:0001660|AC,0.064887
SCF:0001660|AD,0.966124
SCF:0001661|AC,0.064887
SCF:0001661|AD,0.969634
SCF:0001662|AC,0.064887
SCF:0001662|AD,0.765459
SCF:0001664|AC,0.009636
SCF:0001664|AD,0.992872
SCF:0001665|AC,0.778331
SCF:0001665|AD,0.987822
SCF:0001667|AC,0.996898
SCF:0001667|AD,0.996942
SCF:0001668|AC,0.996898
SCF:0001668|AD,0.994680
SCF:0001669|AC,0.997096
SCF:0001669|AD,0.997923
SCF:0001670|AC,0.997096
SCF:0001670|AD,0.997018
SCF:0001671|AC,0.997096
SCF:0001671|AD,0.996658
SCF:0001673|AC,0.955372
SCF:0001673|AD,0.953842
SCF:0001674|AC,0.925296
SCF:0001674|AD,0.988957
SCF:0001676|AC,0.103682
SCF:0001676|AD,0.989259
SCF:0001677|AC,0.103682
SCF:0001677|AD,0.748906
SCF:0001678|AC,0.496628
SCF:0001678|AD,0.982612
SCF:0001679|AC,0.999219
SCF:0001679|AD,0.996463
SCF:0001680|AC,0.985678
SCF:0001680|AD,0.997419
SCF:0001681|AC,0.985678
SCF:0001681|AD,0.995049
SCF:0001682|AC,0.702588
SCF:0001682|AD,0.022772
SCF:0001684|AC,0.822694
SCF:0001684|AD,0.853115
SCF:0001686|AC,0.997331
SCF:0001686|AD,0.995055
SCF:0001691|AC,0.933543
SCF:0001691|AD,0.976141
SCF:0001692|AC,0.933543
SCF:0001692|AD,0.981680
SCF:0001693|AC,0.694498
SCF:0001693|AD,0.998068
SCF:0001694|AC,0.694498
SCF:0001694|AD,0.998849
SCF:0001695|AC,0.694498
SCF:0001695|AD,0.998849
SCF:0001697|AC,0.032685
SCF:0001697|AD,0.963931
SCF:0001698|AC,0.032685
SCF:0001698|AD,0.993977
SCF:0001699|AC,0.032685
SCF:0001699|AD,0.972472
SCF:0001700|AC,0.975870
SCF:0001700|AD,0.980138
SCF:0001701|AC,0.975870
SCF:0001701|AD,0.996793
SCF:0001702|AC,0.984956
SCF:0001702|AD,0.995695
SCF:0001703|AC,0.984956
SCF:0001703|AD,0.983785
SCF:0001707|AC,0.566636
SCF:0001707|AD,0.772069
SCF:0001709|AC,0.994769
SCF:0001709|AD,0.998307
SCF:0001710|AC,0.994769
SCF:0001710|AD,0.999108
SCF:0001711|AC,0.573577
SCF:0001711|AD,0.991143
SCF:0001712|AC,0.013586
SCF:0001712|AD,0.992510
SCF:0001713|AC,0.944328
SCF:0001713|AD,0.999504
SCF:0001715|AC,0.637658
SCF:0001715|AD,0.824795
SCF:0001716|AC,0.637658
SCF:0001716|AD,0.990696
SCF:0001717|AC,0.637658
SCF:0001717|AD,0.878806
SCF:0001718|AC,0.014055
SCF:0001718|AD,0.994216
SCF:0001719|AC,0.415578
SCF:0001719|AD,0.992367
SCF:0001720|AC,0.057947
SCF:0001720|AD,0.973915
SCF:0001721|AC,0.057947
SCF:0001721|AD,0.961044
SCF:0001724|AC,0.681487
SCF:0001724|AD,0.867105
SCF:0001727|AC,0.786483
SCF:0001727|AD,0.990264
SCF:0001728|AC,0.850208
SCF:0001728|AD,0.997043
SCF:0001730|AC,0.004362
SCF:0001730|AD,0.985965
SCF:0001731|AC,0.682414
SCF:0001731|AD,0.951656
SCF:0001732|AC,0.165135
SCF:0001732|AD,0.260620
SCF:0001739|AC,0.054319
SCF:0001739|AD,0.987766
SCF:0001740|AC,0.054319
SCF:0001740|AD,0.975124
SCF:0001741|AC,0.852378
SCF:0001741|AD,0.997282
SCF:0001742|AC,0.852378
SCF:0001742|AD,0.998631
SCF:0001743|AC,0.852378
SCF:0001743|AD,0.996605
SCF:0001750|AC,0.859788
SCF:0001750|AD,0.709936
SCF:0001760|AC,0.787393
SCF:0001760|AD,0.995975
SCF:0001761|AC,0.787393
SCF:0001761|AD,0.984993
SCF:0001762|AC,0.998053
SCF:0001762|AD,0.995693
SCF:0001763|AC,0.128030
SCF:0001763|AD,0.065111
SCF:0001765|AC,0.994243
SCF:0001765|AD,0.981095
SCF:0001766|AC,0.994243
SCF:0001766|AD,0.993350
SCF:0001767|AC,0.208747
SCF:0001767|AD,0.984887
SCF:0001768|AC,0.208747
SCF:0001768|AD,0.994873
SCF:0001769|AC,0.208747
SCF:0001769|AD,0.967110
SCF:0001770|AC,0.001088
SCF:0001770|AD,0.981888
SCF:0001771|AC,0.004363
SCF:0001771|AD,0.980440
SCF:0001772|AC,0.993164
SCF:0001772|AD,0.997419
SCF:0001773|AC,0.993164
SCF:0001773|AD,0.996344
SCF:0001774|AC,0.993164
SCF:0001774|AD,0.995437
SCF:0001775|AC,0.994730
SCF:0001775|AD,0.975130
SCF:0001785|AC,0.609238
SCF:0001785|AD,0.934395
SCF:0001786|AC,0.669998
SCF:0001786|AD,0.880517
SCF:0001787|AC,0.791193
SCF:0001787|AD,0.992648
SCF:0001788|AC,0.791193
SCF:0001788|AD,0.992974
SCF:0001789|AC,0.791193
SCF:0001789|AD,0.992572
SCF:0001790|AC,0.950594
SCF:0001790|AD,0.996112
SCF:0001791|AC,0.953918
SCF:0001791|AD,0.999469
SCF:0001792|AC,0.953918
SCF:0001792|AD,0.998145
SCF:0001793|AC,0.953918
SCF:0001793|AD,0.996248
SCF:0001794|AC,0.834221
SCF:0001794|AD,0.990928
SCF:0001797|AC,0.004479
SCF:0001797|AD,0.982432
SCF:0001800|AC,0.748922
SCF:0001800|AD,0.791637
SCF:0001801|AC,0.748922
SCF:0001801|AD,0.779929
SCF:0001805|AC,0.872823
SCF:0001805|AD,0.850112
SCF:0001807|AC,0.162457
SCF:0001807|AD,0.854117
SCF:0001812|AC,0.715634
SCF:0001812|AD,0.970825
SCF:0001815|AC,0.040315
SCF:0001815|AD,0.981888
SCF:0001816|AC,0.639759
SCF:0001816|AD,0.991860
SCF:0001817|AC,0.639759
SCF:0001817|AD,0.996944
SCF:0001818|AC,0.639759
SCF:0001818|AD,0.995230
SCF:0001822|AC,0.998693
SCF:0001822|AD,0.992641
SCF:0001823|AC,0.997969
SCF:0001823|AD,0.999680
SCF:0001824|AC,0.994084
SCF:0001824|AD,0.993395
SCF:0001825|AC,0.994084
SCF:0001825|AD,0.992751
SCF:0001827|AC,0.711414
SCF:0001827|AD,0.967992
SCF:0001828|AC,0.711414
SCF:0001828|AD,0.834951
SCF:0001829|AC,0.711414
SCF:0001829|AD,0.913436
SCF:0001830|AC,0.433744
SCF:0001830|AD,0.907019
SCF:0001831|AC,0.433744
SCF:0001831|AD,0.698644
SCF:0001833|AC,0.385241
SCF:0001833|AD,0.965542
SCF:0001834|AC,0.385241
SCF:0001834|AD,0.989372
SCF:0001835|AC,0.982199
SCF:0001835|AD,0.996720
SCF:0001836|AC,0.977970
SCF:0001836|AD,0.990562
SCF:0001837|AC,0.977970
SCF:0001837|AD,0.997272
SCF:0001838|AC,0.977970
SCF:0001838|AD,0.989123
SCF:0001841|AC,0.773693
SCF:0001841|AD,0.971528
SCF:0001844|AC,0.991012
SCF:0001844|AD,0.995396
SCF:0001845|AC,0.991012
SCF:0001845|AD,0.994538
SCF:0001846|AC,0.991012
SCF:0001846|AD,0.989196
SCF:0001847|AC,0.998183
SCF:0001847|AD,0.989353
SCF:0001848|AC,0.975238
SCF:0001848|AD,0.983716
SCF:0001856|AC,0.187344
SCF:0001856|AD,0.993880
SCF:0001857|AC,0.187344
SCF:0001857|AD,0.991649
SCF:0001858|AC,0.992673
SCF:0001858|AD,0.984661
SCF:0001862|AC,0.732547
SCF:0001862|AD,0.995661
SCF:0001863|AC,0.206047
SCF:0001863|AD,0.967233
SCF:0001864|AC,0.990449
SCF:0001864|AD,0.975491
SCF:0001866|AC,0.959542
SCF:0001866|AD,0.969786
SCF:0001867|AC,0.098317
SCF:0001867|AD,0.998946
SCF:0001869|AC,0.981825
SCF:0001869|AD,0.993350
SCF:0001870|AC,0.028871
SCF:0001870|AD,0.979277
SCF:0001871|AC,0.028871
SCF:0001871|AD,0.990580
SCF:0001872|AC,0.028871
SCF:0001872|AD,0.972368
SCF:0001876|AC,0.994322
SCF:0001876|AD,0.990899
SCF:0001877|AC,0.994322
SCF:0001877|AD,0.996014
SCF:0001878|AC,0.994322
SCF:0001878|AD,0.997482
SCF:0001879|AC,0.008568
SCF:0001879|AD,0.995135
SCF:0001887|AC,0.037191
SCF:0001887|AD,0.258219
SCF:0001888|AC,0.037191
SCF:0001888|AD,0.959228
SCF:0001889|AC,0.976932
SCF:0001889|AD,0.999146
SCF:0001890|AC,0.993101
SCF:0001890|AD,0.985628
SCF:0001892|AC,0.139037
SCF:0001892|AD,0.941567
SCF:0001894|AC,0.993604
SCF:0001894|AD,0.997952
SCF:0001895|AC,0.998161
SCF:0001895|AD,0.996277
SCF:0001896|AC,0.998161
SCF:0001896|AD,0.997276
SCF:0001897|AC,0.957426
SCF:0001897|AD,0.994588
SCF:0001898|AC,0.957426
SCF:0001898|AD,0.992472
SCF:0001900|AC,0.892798
SCF:0001900|AD,0.992510
SCF:0001902|AC,0.018961
SCF:0001902|AD,0.983496
SCF:0001903|AC,0.018961
SCF:0001903|AD,0.979022
SCF:0001904|AC,0.018961
SCF:0001904|AD,0.984164
SCF:0001906|AC,0.963601
SCF:0001906|AD,0.958094
SCF:0001907|AC,0.388483
SCF:0001907|AD,0.988192
SCF:0001911|AC,0.882257
SCF:0001911|AD,0.899016
SCF:0001915|AC,0.017013
SCF:0001915|AD,0.996772
SCF:0001916|AC,0.017013
SCF:0001916|AD,0.995799
SCF:0001917|AC,0.017013
SCF:0001917|AD,0.987933
SCF:0001918|AC,0.086213
SCF:0001918|AD,0.995815
SCF:0001919|AC,0.952925
SCF:0001919|AD,0.991008
SCF:0001920|AC,0.952925
SCF:0001920|AD,0.998965
SCF:0001922|AC,0.672523
SCF:0001922|AD,0.584487
SCF:0001935|AC,0.953210
SCF:0001935|AD,0.998466
SCF:0001936|AC,0.521470
SCF:0001936|AD,0.941149
SCF:0001937|AC,0.521470
SCF:0001937|AD,0.994101
SCF:0001938|AC,0.521470
SCF:0001938|AD,0.997035
SCF:0001943|AC,0.561135
SCF:0001943|AD,0.988739
SCF:0001944|AC,0.770888
SCF:0001944|AD,0.983394
SCF:0001947|AC,0.336475
SCF:0001947|AD,0.993445
SCF:0001948|AC,0.979685
SCF:0001948|AD,0.997822
SCF:0001949|AC,0.978212
SCF:0001949|AD,0.987660
SCF:0001950|AC,0.003308
SCF:0001950|AD,0.984164
SCF:0001951|AC,0.003308
SCF:0001951|AD,0.983496
SCF:0001957|AC,0.155684
SCF:0001957|AD,0.972333
SCF:0001958|AC,0.155684
SCF:0001958|AD,0.991130
SCF:0001959|AC,0.155684
SCF:0001959|AD,0.991780
SCF:0001961|AC,0.984670
SCF:0001961|AD,0.998713
SCF:0001962|AC,0.984670
SCF:0001962|AD,0.994941
SCF:0001963|AC,0.291715
SCF:0001963|AD,0.914950
SCF:0001965|AC,0.979691
SCF:0001965|AD,0.988796
SCF:0001966|AC,0.979691
SCF:0001966|AD,0.989504
SCF:0001970|AC,0.980940
SCF:0001970|AD,0.978524
SCF:0001974|AC,0.911535
SCF:0001974|AD,0.970743
SCF:0001975|AC,0.911535
SCF:0001975|AD,0.264151
SCF:0001976|AC,0.995877
SCF:0001976|AD,0.995737
SCF:0001977|AC,0.995877
SCF:0001977|AD,0.985904
SCF:0001978|AC,0.996165
SCF:0001978|AD,0.998288
SCF:0001979|AC,0.996165
SCF:0001979|AD,0.993088
SCF:0001980|AC,0.987424
SCF:0001980|AD,0.995954
SCF:0001981|AC,0.987424
SCF:0001981|AD,0.991136
SCF:0001985|AC,0.234218
SCF:0001985|AD,0.998965
SCF:0001986|AC,0.855671
SCF:0001986|AD,0.978880
SCF:0001995|AC,0.450443
SCF:0001995|AD,0.995200
SCF:0001996|AC,0.789343
SCF:0001996|AD,0.976227
SCF:0002003|AC,0.569653
SCF:0002003|AD,0.716577
SCF:0002006|AC,0.977292
SCF:0002006|AD,0.989196
SCF:0002013|AC,0.999354
SCF:0002013|AD,0.999523
SCF:0002014|AC,0.999354
SCF:0002014|AD,0.999455
SCF:0002015|AC,0.999354
SCF:0002015|AD,0.998928
SCF:0002016|AC,0.997063
SCF:0002016|AD,0.996111
SCF:0002017|AC,0.438453
SCF:0002017|AD,0.977396
SCF:0002018|AC,0.631209
SCF:0002018|AD,0.989547
SCF:0002019|AC,0.925144
SCF:0002019|AD,0.988957
SCF:0002022|AC,0.838297
SCF:0002022|AD,0.985100
SCF:0002023|AC,0.838297
SCF:0002023|AD,0.972357
SCF:0002025|AC,0.230259
SCF:0002025|AD,0.969357
SCF:0002036|AC,0.996850
SCF:0002036|AD,0.998249
SCF:0002037|AC,0.996850
SCF:0002037|AD,0.985046
SCF:0002038|AC,0.996850
SCF:0002038|AD,0.997818
SCF:0002039|AC,0.565167
SCF:0002039|AD,0.995951
SCF:0002049|AC,0.871040
SCF:0002049|AD,0.954944
SCF:0002050|AC,0.871040
SCF:0002050|AD,0.928283
SCF:0002055|AC,0.270773
SCF:0002055|AD,0.978913
SCF:0002056|AC,0.270773
SCF:0002056|AD,0.969637
SCF:0002057|AC,0.990165
SCF:0002057|AD,0.997955
SCF:0002058|AC,0.997504
SCF:0002058|AD,0.998484
SCF:0002059|AC,0.016086
SCF:0002059|AD,0.978275
SCF:0002060|AC,0.013821
SCF:0002060|AD,0.996037
SCF:0002061|AC,0.013821
SCF:0002061|AD,0.988199
SCF:0002064|AC,0.985973
SCF:0002064|AD,0.996112
SCF:0002067|AC,0.981607
SCF:0002067|AD,0.994310
SCF:0002068|AC,0.981607
SCF:0002068|AD,0.983878
SCF:0002069|AC,0.566358
SCF:0002069|AD,0.990715
SCF:0002070|AC,0.845772
SCF:0002070|AD,0.960213
SCF:0002071|AC,0.936207
SCF:0002071|AD,0.897749
SCF:0002072|AC,0.936207
SCF:0002072|AD,0.977380
SCF:0002073|AC,0.119216
SCF:0002073|AD,0.996426
SCF:0002074|AC,0.119216
SCF:0002074|AD,0.961400
SCF:0002075|AC,0.644032
SCF:0002075|AD,0.998449
SCF:0002076|AC,0.898663
SCF:0002076|AD,0.981680
SCF:0002077|AC,0.998423
SCF:0002077|AD,0.998413
SCF:0002078|AC,0.998423
SCF:0002078|AD,0.998462
SCF:0002079|AC,0.998423
SCF:0002079|AD,0.998185
SCF:0002080|AC,0.001000
SCF:0002080|AD,0.995135
SCF:0002089|AC,0.984080
SCF:0002089|AD,0.994266
SCF:0002090|AC,0.984080
SCF:0002090|AD,0.991553
SCF:0002091|AC,0.984080
SCF:0002091|AD,0.995430
SCF:0002094|AC,0.997230
SCF:0002094|AD,0.998062
SCF:0002095|AC,0.997230
SCF:0002095|AD,0.998553
SCF:0002096|AC,0.997230
SCF:0002096|AD,0.992600
SCF:0002098|AC,0.927711
SCF:0002098|AD,0.985963
SCF:0002099|AC,0.927711
SCF:0002099|AD,0.991459
SCF:0002106|AC,0.283587
SCF:0002106|AD,0.980523
SCF:0002107|AC,0.262127
SCF:0002107|AD,0.955989
SCF:0002110|AC,0.006670
SCF:0002110|AD,0.996564
SCF:0002111|AC,0.006670
SCF:0002111|AD,0.997613
SCF:0002112|AC,0.006670
SCF:0002112|AD,0.996648
SCF:0002113|AC,0.324480
SCF:0002113|AD,0.995690
SCF:0002114|AC,0.324480
SCF:0002114|AD,0.980440
SCF:0002116|AC,0.736510
SCF:0002116|AD,0.978398
SCF:0002117|AC,0.736510
SCF:0002117|AD,0.980726
SCF:0002118|AC,0.696413
SCF:0002118|AD,0.997108
SCF:0002119|AC,0.024481
SCF:0002119|AD,0.903855
SCF:0002120|AC,0.024481
SCF:0002120|AD,0.991006
SCF:0002121|AC,0.886984
SCF:0002121|AD,0.992350
SCF:0002122|AC,0.299852
SCF:0002122|AD,0.995973
SCF:0002123|AC,0.241970
SCF:0002123|AD,0.989259
SCF:0002125|AC,0.906471
SCF:0002125|AD,0.993696
SCF:0002126|AC,0.906471
SCF:0002126|AD,0.995015
SCF:0002127|AC,0.014098
SCF:0002127|AD,0.996440
SCF:0002128|AC,0.014098
SCF:0002128|AD,0.991328
SCF:0002131|AC,0.017290
SCF:0002131|AD,0.997291
SCF:0002132|AC,0.017290
SCF:0002132|AD,0.998560
SCF:0002133|AC,0.017290
SCF:0002133|AD,0.996167
SCF:0002134|AC,0.029734
SCF:0002134|AD,0.997923
SCF:0002135|AC,0.029734
SCF:0002135|AD,0.997018
SCF:0002136|AC,0.029734
SCF:0002136|AD,0.990101
SCF:0002137|AC,0.092068
SCF:0002137|AD,0.979263
SCF:0002138|AC,0.092068
SCF:0002138|AD,0.982432
SCF:0002139|AC,0.392119
SCF:0002139|AD,0.988509
SCF:0002140|AC,0.906429
SCF:0002140|AD,0.993928
SCF:0002141|AC,0.906429
SCF:0002141|AD,0.978450
SCF:0002142|AC,0.954687
SCF:0002142|AD,0.982969
SCF:0002143|AC,0.954687
SCF:0002143|AD,0.992829
SCF:0002147|AC,0.987570
SCF:0002147|AD,0.984631
SCF:0002149|AC,0.994093
SCF:0002149|AD,0.973260
SCF:0002150|AC,0.998669
SCF:0002150|AD,0.998442
SCF:0002151|AC,0.998669
SCF:0002151|AD,0.993159
SCF:0002152|AC,0.994086
SCF:0002152|AD,0.990934
SCF:0002153|AC,0.052080
SCF:0002153|AD,0.965611
SCF:0002154|AC,0.052080
SCF:0002154|AD,0.927333
SCF:0002155|AC,0.996917
SCF:0002155|AD,0.998380
SCF:0002156|AC,0.996917
SCF:0002156|AD,0.982239
SCF:0002157|AC,0.998182
SCF:0002157|AD,0.985890
SCF:0002158|AC,0.998182
SCF:0002158|AD,0.997274
SCF:0002159|AC,0.998182
SCF:0002159|AD,0.995902
SCF:0002160|AC,0.484043
SCF:0002160|AD,0.982409
SCF:0002162|AC,0.003865
SCF:0002162|AD,0.816306
SCF:0002163|AC,0.003865
SCF:0002163|AD,0.917686
SCF:0002164|AC,0.986753
SCF:0002164|AD,0.995498
SCF:0002165|AC,0.986753
SCF:0002165|AD,0.997782
SCF:0002166|AC,0.986753
SCF:0002166|AD,0.988504
SCF:0002173|AC,0.934180
SCF:0002173|AD,0.995581
SCF:0002177|AC,0.146977
SCF:0002177|AD,0.996190
SCF:0002178|AC,0.146977
SCF:0002178|AD,0.992014
SCF:0002179|AC,0.146977
SCF:0002179|AD,0.997817
SCF:0002183|AC,0.986149
SCF:0002183|AD,0.978091
SCF:0002184|AC,0.986149
SCF:0002184|AD,0.986522
SCF:0002185|AC,0.986149
SCF:0002185|AD,0.988800
SCF:0002188|AC,0.073481
SCF:0002188|AD,0.977950
SCF:0002189|AC,0.973876
SCF:0002189|AD,0.997973
SCF:0002190|AC,0.973876
SCF:0002190|AD,0.995133
SCF:0002191|AC,0.973876
SCF:0002191|AD,0.996534
SCF:0002196|AC,0.013592
SCF:0002196|AD,0.952829
SCF:0002201|AC,0.036100
SCF:0002201|AD,0.988739
SCF:0002203|AC,0.005700
SCF:0002203|AD,0.995135
SCF:0002210|AC,0.017349
SCF:0002210|AD,0.903491
SCF:0002211|AC,0.958114
SCF:0002211|AD,0.972846
SCF:0002216|AC,0.823218
SCF:0002216|AD,0.771547
SCF:0002220|AC,0.834657
SCF:0002220|AD,0.979758
SCF:0002224|AC,0.753974
SCF:0002224|AD,0.992025
SCF:0002225|AC,0.707639
SCF:0002225|AD,0.991026
SCF:0002226|AC,0.707639
SCF:0002226|AD,0.995254
SCF:0002227|AC,0.707639
SCF:0002227|AD,0.996695
SCF:0002228|AC,0.977095
SCF:0002228|AD,0.991105
SCF:0002229|AC,0.977095
SCF:0002229|AD,0.996040
SCF:0002230|AC,0.977095
SCF:0002230|AD,0.996573
SCF:0002240|AC,0.829459
SCF:0002240|AD,0.994038
SCF:0002241|AC,0.829459
SCF:0002241|AD,0.997600
SCF:0002242|AC,0.829459
SCF:0002242|AD,0.997354
SCF:0002244|AC,0.758059
SCF:0002244|AD,0.990950
SCF:0002245|AC,0.681487
SCF:0002245|AD,0.994603
SCF:0002248|AC,0.920882
SCF:0002248|AD,0.991777
SCF:0002252|AC,0.996878
SCF:0002252|AD,0.998249
SCF:0002253|AC,0.996878
SCF:0002253|AD,0.999132
SCF:0002254|AC,0.996878
SCF:0002254|AD,0.997818
SCF:0002255|AC,0.997064
SCF:0002255|AD,0.997274
SCF:0002256|AC,0.997064
SCF:0002256|AD,0.995902
SCF:0002257|AC,0.997064
SCF:0002257|AD,0.997280
SCF:0002258|AC,0.998847
SCF:0002258|AD,0.998805
SCF:0002259|AC,0.998847
SCF:0002259|AD,0.998547
SCF:0002260|AC,0.998847
SCF:0002260|AD,0.993450
SCF:0002263|AC,0.062175
SCF:0002263|AD,0.992367
SCF:0002264|AC,0.975496
SCF:0002264|AD,0.996112
SCF:0002265|AC,0.005229
SCF:0002265|AD,0.998685
SCF:0002266|AC,0.011638
SCF:0002266|AD,0.826272
SCF:0002267|AC,0.041220
SCF:0002267|AD,0.973878
SCF:0002268|AC,0.041220
SCF:0002268|AD,0.970811
SCF:0002269|AC,0.041220
SCF:0002269|AD,0.910037
SCF:0002271|AC,0.994183
SCF:0002271|AD,0.996277
SCF:0002272|AC,0.994183
SCF:0002272|AD,0.997276
SCF:0002273|AC,0.994525
SCF:0002273|AD,0.978425
SCF:0002274|AC,0.240588
SCF:0002274|AD,0.998085
SCF:0002275|AC,0.240588
SCF:0002275|AD,0.990058
SCF:0002286|AC,0.963191
SCF:0002286|AD,0.985874
SCF:0002287|AC,0.963191
SCF:0002287|AD,0.997029
SCF:0002288|AC,0.963191
SCF:0002288|AD,0.989048
SCF:0002289|AC,0.429775
SCF:0002289|AD,0.995065
SCF:0002297|AC,0.981458
SCF:0002297|AD,0.976471
SCF:0002298|AC,0.981665
SCF:0002298|AD,0.992811
SCF:0002299|AC,0.981665
SCF:0002299|AD,0.998062
SCF:0002303|AC,0.030118
SCF:0002303|AD,0.996305
SCF:0002304|AC,0.832544
SCF:0002304|AD,0.966233
SCF:0002305|AC,0.986225
SCF:0002305|AD,0.997035
SCF:0002306|AC,0.986225
SCF:0002306|AD,0.941149
SCF:0002307|AC,0.986225
SCF:0002307|AD,0.994101
SCF:0002308|AC,0.987473
SCF:0002308|AD,0.996112
SCF:0002315|AC,0.017035
SCF:0002315|AD,0.992367
SCF:0002316|AC,0.019439
SCF:0002316|AD,0.946431
SCF:0002317|AC,0.999314
SCF:0002317|AD,0.998590
SCF:0002318|AC,0.999314
SCF:0002318|AD,0.999007
SCF:0002319|AC,0.999314
SCF:0002319|AD,0.998251
SCF:0002326|AC,0.822314
SCF:0002326|AD,0.854571
SCF:0002331|AC,0.994542
SCF:0002331|AD,0.997873
SCF:0002334|AC,0.495024
SCF:0002334|AD,0.967685
SCF:0002344|AC,0.533335
SCF:0002344|AD,0.980304
SCF:0002349|AC,0.148368
SCF:0002349|AD,0.998123
SCF:0002350|AC,0.148368
SCF:0002350|AD,0.998390
SCF:0002351|AC,0.054237
SCF:0002351|AD,0.997384
SCF:0002352|AC,0.054237
SCF:0002352|AD,0.998621
SCF:0002354|AC,0.925480
SCF:0002354|AD,0.955763
SCF:0002355|AC,0.925480
SCF:0002355|AD,0.997192
SCF:0002356|AC,0.925480
SCF:0002356|AD,0.998039
SCF:0002357|AC,0.953501
SCF:0002357|AD,0.997535
SCF:0002358|AC,0.953501
SCF:0002358|AD,0.996656
SCF:0002359|AC,0.953501
SCF:0002359|AD,0.910753
SCF:0002361|AC,0.979047
SCF:0002361|AD,0.985824
SCF:0002363|AC,0.504307
SCF:0002363|AD,0.993763
SCF:0002364|AC,0.961652
SCF:0002364|AD,0.995100
SCF:0002365|AC,0.958589
SCF:0002365|AD,0.985186
SCF:0002367|AC,0.024756
SCF:0002367|AD,0.996640
SCF:0002368|AC,0.985897
SCF:0002368|AD,0.969867
SCF:0002369|AC,0.998738
SCF:0002369|AD,0.997719
SCF:0002370|AC,0.998738
SCF:0002370|AD,0.998315
SCF:0002371|AC,0.997639
SCF:0002371|AD,0.999572
SCF:0002374|AC,0.991747
SCF:0002374|AD,0.998819
SCF:0002375|AC,0.991747
SCF:0002375|AD,0.997779
SCF:0002376|AC,0.506128
SCF:0002376|AD,0.993551
SCF:0002387|AC,0.614639
SCF:0002387|AD,0.963869
SCF:0002393|AC,0.584680
SCF:0002393|AD,0.902173
SCF:0002394|AC,0.274279
SCF:0002394|AD,0.996058
SCF:0002395|AC,0.987035
SCF:0002395|AD,0.980555
SCF:0002396|AC,0.990354
SCF:0002396|AD,0.995818
SCF:0002397|AC,0.990354
SCF:0002397|AD,0.997600
SCF:0002398|AC,0.990354
SCF:0002398|AD,0.995645
SCF:0002399|AC,0.365642
SCF:0002399|AD,0.419448
SCF:0002402|AC,0.354510
SCF:0002402|AD,0.980715
SCF:0002403|AC,0.987393
SCF:0002403|AD,0.995026
SCF:0002404|AC,0.987393
SCF:0002404|AD,0.998660
SCF:0002405|AC,0.987393
SCF:0002405|AD,0.997018
SCF:0002406|AC,0.758993
SCF:0002406|AD,0.992648
SCF:0002407|AC,0.758993
SCF:0002407|AD,0.992974
SCF:0002408|AC,0.042579
SCF:0002408|AD,0.946431
SCF:0002409|AC,0.492117
SCF:0002409|AD,0.862289
SCF:0002410|AC,0.492117
SCF:0002410|AD,0.844153
SCF:0002411|AC,0.886690
SCF:0002411|AD,0.925962
SCF:0002412|AC,0.097485
SCF:0002412|AD,0.955763
SCF:0002413|AC,0.097485
SCF:0002413|AD,0.998039
SCF:0002414|AC,0.097485
SCF:0002414|AD,0.997192
SCF:0002415|AC,0.062744
SCF:0002415|AD,0.848885
SCF:0002416|AC,0.062744
SCF:0002416|AD,0.985316
SCF:0002417|AC,0.062744
SCF:0002417|AD,0.968600
SCF:0002430|AC,0.990967
SCF:0002430|AD,0.988427
SCF:0002431|AC,0.990967
SCF:0002431|AD,0.997362
SCF:0002432|AC,0.996924
SCF:0002432|AD,0.977702
SCF:0002433|AC,0.013314
SCF:0002433|AD,0.922876
SCF:0002434|AC,0.191308
SCF:0002434|AD,0.886315
SCF:0002436|AC,0.025884
SCF:0002436|AD,0.999304
SCF:0002437|AC,0.025884
SCF:0002437|AD,0.996595
SCF:0002443|AC,0.968739
SCF:0002443|AD,0.422239
SCF:0002446|AC,0.135432
SCF:0002446|AD,0.996271
SCF:0002447|AC,0.135432
SCF:0002447|AD,0.793496
SCF:0002449|AC,0.998733
SCF:0002449|AD,0.999047
SCF:0002450|AC,0.998733
SCF:0002450|AD,0.998801
SCF:0002451|AC,0.999329
SCF:0002451|AD,0.995269
SCF:0002452|AC,0.999329
SCF:0002452|AD,0.996036
SCF:0002453|AC,0.999329
SCF:0002453|AD,0.993754
SCF:0002458|AC,0.121474
SCF:0002458|AD,0.998210
SCF:0002459|AC,0.121474
SCF:0002459|AD,0.992007
SCF:0002460|AC,0.121474
SCF:0002460|AD,0.999272
SCF:0002461|AC,0.475029
SCF:0002461|AD,0.991698
SCF:0002462|AC,0.426904
SCF:0002462|AD,0.997725
SCF:0002463|AC,0.426904
SCF:0002463|AD,0.995782
SCF:0002465|AC,0.052724
SCF:0002465|AD,0.990580
SCF:0002466|AC,0.052724
SCF:0002466|AD,0.972368
SCF:0002467|AC,0.987745
SCF:0002467|AD,0.996236
SCF:0002470|AC,0.975866
SCF:0002470|AD,0.987654
SCF:0002477|AC,0.991734
SCF:0002477|AD,0.998062
SCF:0002478|AC,0.455325
SCF:0002478|AD,0.984313
SCF:0002479|AC,0.015920
SCF:0002479|AD,0.942059
SCF:0002480|AC,0.015920
SCF:0002480|AD,0.942059
SCF:0002481|AC,0.015920
SCF:0002481|AD,0.816306
SCF:0002488|AC,0.914102
SCF:0002488|AD,0.983567
SCF:0002491|AC,0.988369
SCF:0002491|AD,0.996644
SCF:0002492|AC,0.988369
SCF:0002492|AD,0.998010
SCF:0002493|AC,0.957672
SCF:0002493|AD,0.992105
SCF:0002495|AC,0.590995
SCF:0002495|AD,0.904178
SCF:0002496|AC,0.989164
SCF:0002496|AD,0.998187
SCF:0002497|AC,0.989164
SCF:0002497|AD,0.998122
SCF:0002498|AC,0.989164
SCF:0002498|AD,0.990151
SCF:0002501|AC,0.018337
SCF:0002501|AD,0.919531
SCF:0002503|AC,0.018337
SCF:0002503|AD,0.342481
SCF:0002504|AC,0.566069
SCF:0002504|AD,0.993182
SCF:0002508|AC,0.029344
SCF:0002508|AD,0.963634
SCF:0002509|AC,0.993203
SCF:0002509|AD,0.996019
SCF:0002510|AC,0.993203
SCF:0002510|AD,0.997589
SCF:0002511|AC,0.993203
SCF:0002511|AD,0.996752
SCF:0002512|AC,0.011078
SCF:0002512|AD,0.936672
SCF:0002513|AC,0.013760
SCF:0002513|AD,0.991928
SCF:0002514|AC,0.013760
SCF:0002514|AD,0.995676
SCF:0002515|AC,0.013760
SCF:0002515|AD,0.995676
SCF:0002517|AC,0.324368
SCF:0002517|AD,0.991116
SCF:0002518|AC,0.717820
SCF:0002518|AD,0.600876
SCF:0002520|AC,0.012243
SCF:0002520|AD,0.973706
SCF:0002521|AC,0.434151
SCF:0002521|AD,0.718280
SCF:0002522|AC,0.981647
SCF:0002522|AD,0.993279
SCF:0002523|AC,0.981647
SCF:0002523|AD,0.996474
SCF:0002530|AC,0.875688
SCF:0002530|AD,0.989073
SCF:0002531|AC,0.007446
SCF:0002531|AD,0.987242
SCF:0002532|AC,0.007446
SCF:0002532|AD,0.958036
SCF:0002533|AC,0.007446
SCF:0002533|AD,0.997433
SCF:0002546|AC,0.182259
SCF:0002546|AD,0.988932
SCF:0002547|AC,0.637715
SCF:0002547|AD,0.957128
SCF:0002548|AC,0.637715
SCF:0002548|AD,0.918213
SCF:0002556|AC,0.941995
SCF:0002556|AD,0.999304
SCF:0002557|AC,0.941995
SCF:0002557|AD,0.996595
SCF:0002558|AC,0.012555
SCF:0002558|AD,0.073482
SCF:0002559|AC,0.057804
SCF:0002559|AD,0.981142
SCF:0002560|AC,0.015667
SCF:0002560|AD,0.991006
SCF:0002561|AC,0.015667
SCF:0002561|AD,0.991443
SCF:0002562|AC,0.015667
SCF:0002562|AD,0.991443
SCF:0002577|AC,0.262037
SCF:0002577|AD,0.973700
SCF:0002581|AC,0.760149
SCF:0002581|AD,0.996856
SCF:0002583|AC,0.028292
SCF:0002583|AD,0.890864
SCF:0002584|AC,0.153804
SCF:0002584|AD,0.947179
SCF:0002587|AC,0.998100
SCF:0002587|AD,0.984957
SCF:0002588|AC,0.995743
SCF:0002588|AD,0.994786
SCF:0002589|AC,0.070506
SCF:0002589|AD,0.980715
SCF:0002590|AC,0.070506
SCF:0002590|AD,0.992243
SCF:0002591|AC,0.899458
SCF:0002591|AD,0.989863
SCF:0002592|AC,0.899458
SCF:0002592|AD,0.981709
SCF:0002593|AC,0.992128
SCF:0002593|AD,0.998050
SCF:0002594|AC,0.992128
SCF:0002594|AD,0.997226
SCF:0002595|AC,0.996315
SCF:0002595|AD,0.995462
SCF:0002596|AC,0.996315
SCF:0002596|AD,0.992497
SCF:0002597|AC,0.992792
SCF:0002597|AD,0.994873
SCF:0002598|AC,0.497212
SCF:0002598|AD,0.451442
SCF:0002599|AC,0.497212
SCF:0002599|AD,0.808335
SCF:0002601|AC,0.978871
SCF:0002601|AD,0.978275
SCF:0002602|AC,0.992362
SCF:0002602|AD,0.996714
SCF:0002603|AC,0.992362
SCF:0002603|AD,0.996714
SCF:0002614|AC,0.995605
SCF:0002614|AD,0.992642
SCF:0002615|AC,0.982032
SCF:0002615|AD,0.996210
SCF:0002616|AC,0.967745
SCF:0002616|AD,0.993779
SCF:0002617|AC,0.581677
SCF:0002617|AD,0.985932
SCF:0002624|AC,0.936411
SCF:0002624|AD,0.950438
SCF:0002625|AC,0.936411
SCF:0002625|AD,0.985075
SCF:0002626|AC,0.936411
SCF:0002626|AD,0.987233
SCF:0002633|AC,0.004619
SCF:0002633|AD,0.997272
SCF:0002634|AC,0.004619
SCF:0002634|AD,0.989123
SCF:0002635|AC,0.004619
SCF:0002635|AD,0.990562
SCF:0002636|AC,0.998636
SCF:0002636|AD,0.998106
SCF:0002638|AC,0.994179
SCF:0002638|AD,0.996728
SCF:0002639|AC,0.995071
SCF:0002639|AD,0.996607
SCF:0002640|AC,0.995071
SCF:0002640|AD,0.991448
SCF:0002641|AC,0.995071
SCF:0002641|AD,0.974892
SCF:0002644|AC,0.587354
SCF:0002644|AD,0.992200
SCF:0002645|AC,0.392049
SCF:0002645|AD,0.939878
SCF:0002646|AC,0.622282
SCF:0002646|AD,0.998020
SCF:0002647|AC,0.622282
SCF:0002647|AD,0.998174
SCF:0002649|AC,0.942229
SCF:0002649|AD,0.869199
SCF:0002650|AC,0.877149
SCF:0002650|AD,0.816306
SCF:0002651|AC,0.510848
SCF:0002651|AD,0.886270
SCF:0002656|AC,0.044569
SCF:0002656|AD,0.935648
SCF:0002657|AC,0.044569
SCF:0002657|AD,0.753037
SCF:0002658|AC,0.044569
SCF:0002658|AD,0.959228
SCF:0002665|AC,0.009628
SCF:0002665|AD,0.998913
SCF:0002666|AC,0.528646
SCF:0002666|AD,0.919754
SCF:0002667|AC,0.528646
SCF:0002667|AD,0.492212
SCF:0002668|AC,0.528646
SCF:0002668|AD,0.894617
SCF:0002669|AC,0.477195
SCF:0002669|AD,0.754064
SCF:0002670|AC,0.308694
SCF:0002670|AD,0.911019
SCF:0002671|AC,0.316061
SCF:0002671|AD,0.980274
SCF:0002675|AC,0.202088
SCF:0002675|AD,0.985969
SCF:0002677|AC,0.985264
SCF:0002677|AD,0.993424
SCF:0002678|AC,0.985264
SCF:0002678|AD,0.998527
SCF:0002682|AC,0.026159
SCF:0002682|AD,0.108584
SCF:0002683|AC,0.026159
SCF:0002683|AD,0.837349
SCF:0002687|AC,0.022535
SCF:0002687|AD,0.290587
SCF:0002692|AC,0.677502
SCF:0002692|AD,0.934990
SCF:0002693|AC,0.677502
SCF:0002693|AD,0.974597
SCF:0002697|AC,0.504920
SCF:0002697|AD,0.973150
SCF:0002698|AC,0.504920
SCF:0002698|AD,0.992748
SCF:0002699|AC,0.981662
SCF:0002699|AD,0.982912
SCF:0002700|AC,0.996544
SCF:0002700|AD,0.993779
SCF:0002701|AC,0.996544
SCF:0002701|AD,0.996593
SCF:0002704|AC,0.007708
SCF:0002704|AD,0.999393
SCF:0002705|AC,0.359547
SCF:0002705|AD,0.995292
SCF:0002706|AC,0.359547
SCF:0002706|AD,0.988011
SCF:0002707|AC,0.241447
SCF:0002707|AD,0.997043
SCF:0002713|AC,0.629718
SCF:0002713|AD,0.802642
SCF:0002714|AC,0.029757
SCF:0002714|AD,0.968518
SCF:0002716|AC,0.852539
SCF:0002716|AD,0.958698
SCF:0002719|AC,0.760694
SCF:0002719|AD,0.988871
SCF:0002720|AC,0.879678
SCF:0002720|AD,0.985018
SCF:0002721|AC,0.879678
SCF:0002721|AD,0.954992
SCF:0002724|AC,0.787096
SCF:0002724|AD,0.993938
SCF:0002725|AC,0.363210
SCF:0002725|AD,0.517873
SCF:0002726|AC,0.363210
SCF:0002726|AD,0.886182
SCF:0002727|AC,0.997985
SCF:0002727|AD,0.998819
SCF:0002728|AC,0.998109
SCF:0002728|AD,0.977555
SCF:0002729|AC,0.145600
SCF:0002729|AD,0.864366
SCF:0002730|AC,0.989396
SCF:0002730|AD,0.995605
SCF:0002731|AC,0.989396
SCF:0002731|AD,0.997719
SCF:0002732|AC,0.989396
SCF:0002732|AD,0.998315
SCF:0002733|AC,0.950765
SCF:0002733|AD,0.993488
SCF:0002742|AC,0.998323
SCF:0002742|AD,0.998323
SCF:0002743|AC,0.755683
SCF:0002743|AD,0.998608
SCF:0002746|AC,0.957948
SCF:0002746|AD,0.992944
SCF:0002747|AC,0.957948
SCF:0002747|AD,0.997403
SCF:0002748|AC,0.957948
SCF:0002748|AD,0.995594
SCF:0002749|AC,0.955863
SCF:0002749|AD,0.992720
SCF:0002750|AC,0.955863
SCF:0002750|AD,0.996601
SCF:0002751|AC,0.955863
SCF:0002751|AD,0.995842
SCF:0002752|AC,0.618387
SCF:0002752|AD,0.989110
SCF:0002753|AC,0.000320
SCF:0002753|AD,0.996944
SCF:0002754|AC,0.001135
SCF:0002754|AD,0.995690
SCF:0002760|AC,0.751497
SCF:0002760|AD,0.751497
SCF:0002761|AC,0.751497
SCF:0002761|AD,0.948732
SCF:0002762|AC,0.751497
SCF:0002762|AD,0.787817
SCF:0002763|AC,0.926816
SCF:0002763|AD,0.990392
SCF:0002765|AC,0.994328
SCF:0002765|AD,0.997029
SCF:0002766|AC,0.994328
SCF:0002766|AD,0.989048
SCF:0002767|AC,0.977431
SCF:0002767|AD,0.988844
SCF:0002768|AC,0.977431
SCF:0002768|AD,0.980967
SCF:0002769|AC,0.977431
SCF:0002769|AD,0.980743
SCF:0002770|AC,0.997244
SCF:0002770|AD,0.994680
SCF:0002771|AC,0.997244
SCF:0002771|AD,0.997295
SCF:0002775|AC,0.972432
SCF:0002775|AD,0.989676
SCF:0002776|AC,0.993881
SCF:0002776|AD,0.993881
SCF:0002777|AC,0.993881
SCF:0002777|AD,0.993319
SCF:0002778|AC,0.993881
SCF:0002778|AD,0.995652
SCF:0002782|AC,0.980051
SCF:0002782|AD,0.992367
SCF:0002783|AC,0.995403
SCF:0002783|AD,0.991554
SCF:0002784|AC,0.995403
SCF:0002784|AD,0.998622
SCF:0002785|AC,0.237127
SCF:0002785|AD,0.975292
SCF:0002786|AC,0.981647
SCF:0002786|AD,0.985014
SCF:0002787|AC,0.984339
SCF:0002787|AD,0.994130
SCF:0002788|AC,0.997634
SCF:0002788|AD,0.999389
SCF:0002789|AC,0.997634
SCF:0002789|AD,0.995626
SCF:0002790|AC,0.997634
SCF:0002790|AD,0.999324
SCF:0002791|AC,0.997491
SCF:0002791|AD,0.995083
SCF:0002796|AC,0.017654
SCF:0002796|AD,0.995527
SCF:0002797|AC,0.017654
SCF:0002797|AD,0.980759
SCF:0002798|AC,0.916727
SCF:0002798|AD,0.997657
SCF:0002799|AC,0.992337
SCF:0002799|AD,0.993032
SCF:0002800|AC,0.957528
SCF:0002800|AD,0.959199
SCF:0002802|AC,0.997692
SCF:0002802|AD,0.999516
SCF:0002803|AC,0.997692
SCF:0002803|AD,0.998759
SCF:0002804|AC,0.039668
SCF:0002804|AD,0.088157
SCF:0002806|AC,0.995571
SCF:0002806|AD,0.997023
SCF:0002807|AC,0.995571
SCF:0002807|AD,0.990273
SCF:0002808|AC,0.060755
SCF:0002808|AD,0.991700
SCF:0002809|AC,0.238110
SCF:0002809|AD,0.955201
SCF:0002816|AC,0.990609
SCF:0002816|AD,0.985633
SCF:0002817|AC,0.990609
SCF:0002817|AD,0.985633
SCF:0002818|AC,0.991662
SCF:0002818|AD,0.999393
SCF:0002825|AC,0.813504
SCF:0002825|AD,0.682352
SCF:0002830|AC,0.713915
SCF:0002830|AD,0.997941
SCF:0002831|AC,0.713915
SCF:0002831|AD,0.992589
SCF:0002832|AC,0.720496
SCF:0002832|AD,0.987612
SCF:0002833|AC,0.720496
SCF:0002833|AD,0.986455
SCF:0002837|AC,0.062631
SCF:0002837|AD,0.976620
SCF:0002838|AC,0.929425
SCF:0002838|AD,0.544784
SCF:0002839|AC,0.993746
SCF:0002839|AD,0.998194
SCF:0002840|AC,0.993746
SCF:0002840|AD,0.975859
SCF:0002841|AC,0.923106
SCF:0002841|AD,0.995954
SCF:0002842|AC,0.998638
SCF:0002842|AD,0.998638
SCF:0002843|AC,0.957527
SCF:0002843|AD,0.993778
SCF:0002844|AC,0.957527
SCF:0002844|AD,0.989610
SCF:0002845|AC,0.972923
SCF:0002845|AD,0.991698
SCF:0002849|AC,0.651610
SCF:0002849|AD,0.861783
SCF:0002856|AC,0.069995
SCF:0002856|AD,0.514401
SCF:0002859|AC,0.936422
SCF:0002859|AD,0.976841
SCF:0002863|AC,0.436094
SCF:0002863|AD,0.980860
SCF:0002864|AC,0.436094
SCF:0002864|AD,0.993654
SCF:0002865|AC,0.436094
SCF:0002865|AD,0.984760
SCF:0002872|AC,0.821523
SCF:0002872|AD,0.991522
SCF:0002876|AC,0.222541
SCF:0002876|AD,0.978425
SCF:0002878|AC,0.019637
SCF:0002878|AD,0.993800
SCF:0002881|AC,0.000193
SCF:0002881|AD,0.993307
SCF:0002882|AC,0.462394
SCF:0002882|AD,0.963717
SCF:0002883|AC,0.000395
SCF:0002883|AD,0.968299
SCF:0002886|AC,0.969584
SCF:0002886|AD,0.991084
SCF:0002887|AC,0.977072
SCF:0002887|AD,0.973746
SCF:0002888|AC,0.977072
SCF:0002888|AD,0.976396
SCF:0002889|AC,0.015534
SCF:0002889|AD,0.974200
SCF:0002897|AC,0.983634
SCF:0002897|AD,0.976483
SCF:0002902|AC,0.882254
SCF:0002902|AD,0.998251
SCF:0002905|AC,0.010715
SCF:0002905|AD,0.832929
SCF:0002913|AC,0.890374
SCF:0002913|AD,0.977305
SCF:0002914|AC,0.890374
SCF:0002914|AD,0.978487
SCF:0002915|AC,0.942132
SCF:0002915|AD,0.982969
SCF:0002916|AC,0.942132
SCF:0002916|AD,0.992829
SCF:0002917|AC,0.942132
SCF:0002917|AD,0.975631
SCF:0002922|AC,0.152846
SCF:0002922|AD,0.947179
SCF:0002923|AC,0.997985
SCF:0002923|AD,0.998162
SCF:0002924|AC,0.997985
SCF:0002924|AD,0.998340
SCF:0002925|AC,0.997985
SCF:0002925|AD,0.995423
SCF:0002926|AC,0.998027
SCF:0002926|AD,0.996408
SCF:0002927|AC,0.998027
SCF:0002927|AD,0.994680
SCF:0002938|AC,0.035718
SCF:0002938|AD,0.853681
SCF:0002940|AC,0.990511
SCF:0002940|AD,0.992873
SCF:0002941|AC,0.799444
SCF:0002941|AD,0.987647
SCF:0002942|AC,0.799444
SCF:0002942|AD,0.995719
SCF:0002943|AC,0.799444
SCF:0002943|AD,0.991816
SCF:0002944|AC,0.980708
SCF:0002944|AD,0.992634
SCF:0002945|AC,0.843832
SCF:0002945|AD,0.991400
SCF:0002946|AC,0.843832
SCF:0002946|AD,0.996300
SCF:0002947|AC,0.843832
SCF:0002947|AD,0.993697
SCF:0002948|AC,0.009080
SCF:0002948|AD,0.993509
SCF:0002949|AC,0.009080
SCF:0002949|AD,0.998651
SCF:0002956|AC,0.039763
SCF:0002956|AD,0.995786
SCF:0002957|AC,0.039763
SCF:0002957|AD,0.999072
SCF:0002958|AC,0.039763
SCF:0002958|AD,0.996036
SCF:0002959|AC,0.922598
SCF:0002959|AD,0.994692
SCF:0002960|AC,0.922598
SCF:0002960|AD,0.993867
SCF:0002961|AC,0.922598
SCF:0002961|AD,0.989688
SCF:0002968|AC,0.998111
SCF:0002968|AD,0.985046
SCF:0002969|AC,0.998111
SCF:0002969|AD,0.999132
SCF:0002970|AC,0.998111
SCF:0002970|AD,0.998249
SCF:0002976|AC,0.939365
SCF:0002976|AD,0.972725
SCF:0002977|AC,0.939365
SCF:0002977|AD,0.990264
SCF:0002978|AC,0.877779
SCF:0002978|AD,0.995292
SCF:0002979|AC,0.877779
SCF:0002979|AD,0.073007
SCF:0002980|AC,0.877779
SCF:0002980|AD,0.988011
SCF:0002984|AC,0.999269
SCF:0002984|AD,0.996111
SCF:0002985|AC,0.999470
SCF:0002985|AD,0.999007
SCF:0002986|AC,0.017896
SCF:0002986|AD,0.996133
SCF:0002987|AC,0.017896
SCF:0002987|AD,0.997952
SCF:0002988|AC,0.005397
SCF:0002988|AD,0.995690
SCF:0002989|AC,0.005397
SCF:0002989|AD,0.980440
SCF:0002991|AC,0.996250
SCF:0002991|AD,0.989582
SCF:0002992|AC,0.998011
SCF:0002992|AD,0.999007
SCF:0002995|AC,0.493139
SCF:0002995|AD,0.991284
SCF:0002996|AC,0.493139
SCF:0002996|AD,0.989597
SCF:0002997|AC,0.027067
SCF:0002997|AD,0.994169
SCF:0002998|AC,0.027067
SCF:0002998|AD,0.998616
SCF:0002999|AC,0.598828
SCF:0002999|AD,0.987132
SCF:0003000|AC,0.598828
SCF:0003000|AD,0.988598
SCF:0003001|AC,0.598828
SCF:0003001|AD,0.985262
SCF:0003003|AC,0.034259
SCF:0003003|AD,0.953184
SCF:0003005|AC,0.994369
SCF:0003005|AD,0.999029
SCF:0003006|AC,0.994369
SCF:0003006|AD,0.995122
SCF:0003007|AC,0.810755
SCF:0003007|AD,0.990236
SCF:0003008|AC,0.810755
SCF:0003008|AD,0.985346
SCF:0003009|AC,0.810755
SCF:0003009|AD,0.949024
SCF:0003010|AC,0.856158
SCF:0003010|AD,0.992873
SCF:0003011|AC,0.112453
SCF:0003011|AD,0.988835
SCF:0003012|AC,0.112453
SCF:0003012|AD,0.980454
SCF:0003019|AC,0.996110
SCF:0003019|AD,0.998904
SCF:0003020|AC,0.996110
SCF:0003020|AD,0.998536
SCF:0003021|AC,0.995275
SCF:0003021|AD,0.999055
SCF:0003022|AC,0.995275
SCF:0003022|AD,0.984828
SCF:0003023|AC,0.879041
SCF:0003023|AD,0.992648
SCF:0003024|AC,0.879041
SCF:0003024|AD,0.992974
SCF:0003025|AC,0.821358
SCF:0003025|AD,0.941074
SCF:0003027|AC,0.661455
SCF:0003027|AD,0.917685
SCF:0003028|AC,0.661455
SCF:0003028|AD,0.876323
SCF:0003033|AC,0.998838
SCF:0003033|AD,0.999007
SCF:0003034|AC,0.998838
SCF:0003034|AD,0.998590
SCF:0003035|AC,0.998838
SCF:0003035|AD,0.998251
SCF:0003036|AC,0.706333
SCF:0003036|AD,0.988871
SCF:0003037|AC,0.716670
SCF:0003037|AD,0.983578
SCF:0003038|AC,0.716670
SCF:0003038|AD,0.908599
SCF:0003039|AC,0.983202
SCF:0003039|AD,0.986150
SCF:0003040|AC,0.983202
SCF:0003040|AD,0.974608
SCF:0003041|AC,0.985927
SCF:0003041|AD,0.977475
SCF:0003042|AC,0.985927
SCF:0003042|AD,0.985186
SCF:0003043|AC,0.871324
SCF:0003043|AD,0.929535
SCF:0003044|AC,0.982077
SCF:0003044|AD,0.996728
SCF:0003045|AC,0.995440
SCF:0003045|AD,0.963952
SCF:0003046|AC,0.995440
SCF:0003046|AD,0.989827
SCF:0003047|AC,0.995440
SCF:0003047|AD,0.997173
SCF:0003048|AC,0.019284
SCF:0003048|AD,0.493825
SCF:0003049|AC,0.019284
SCF:0003049|AD,0.974671
SCF:0003050|AC,0.974167
SCF:0003050|AD,0.997229
SCF:0003051|AC,0.974167
SCF:0003051|AD,0.991554
SCF:0003052|AC,0.974167
SCF:0003052|AD,0.998622
SCF:0003053|AC,0.987580
SCF:0003053|AD,0.997558
SCF:0003054|AC,0.987580
SCF:0003054|AD,0.986960
SCF:0003055|AC,0.575919
SCF:0003055|AD,0.973470
SCF:0003059|AC,0.942669
SCF:0003059|AD,0.993945
SCF:0003060|AC,0.981772
SCF:0003060|AD,0.992984
SCF:0003061|AC,0.981772
SCF:0003061|AD,0.998288
SCF:0003062|AC,0.981772
SCF:0003062|AD,0.993088
SCF:0003082|AC,0.134373
SCF:0003082|AD,0.992802
SCF:0003083|AC,0.902130
SCF:0003083|AD,0.968518
SCF:0003084|AC,0.902130
SCF:0003084|AD,0.966997
SCF:0003085|AC,0.013698
SCF:0003085|AD,0.973771
SCF:0003086|AC,0.034843
SCF:0003086|AD,0.990658
SCF:0003088|AC,0.482713
SCF:0003088|AD,0.999272
SCF:0003089|AC,0.482713
SCF:0003089|AD,0.996173
SCF:0003090|AC,0.482713
SCF:0003090|AD,0.998458
SCF:0003091|AC,0.451118
SCF:0003091|AD,0.984264
SCF:0003094|AC,0.997686
SCF:0003094|AD,0.997562
SCF:0003095|AC,0.474608
SCF:0003095|AD,0.976961
SCF:0003096|AC,0.474608
SCF:0003096|AD,0.961841
SCF:0003097|AC,0.758750
SCF:0003097|AD,0.997797
SCF:0003098|AC,0.980646
SCF:0003098|AD,0.995411
SCF:0003099|AC,0.980646
SCF:0003099|AD,0.976231
SCF:0003100|AC,0.980646
SCF:0003100|AD,0.985811
SCF:0003102|AC,0.988398
SCF:0003102|AD,0.998819
SCF:0003103|AC,0.988398
SCF:0003103|AD,0.997779
SCF:0003109|AC,0.008540
SCF:0003109|AD,0.997810
SCF:0003113|AC,0.977747
SCF:0003113|AD,0.994180
SCF:0003114|AC,0.977747
SCF:0003114|AD,0.986687
SCF:0003115|AC,0.275885
SCF:0003115|AD,0.986274
SCF:0003117|AC,0.217970
SCF:0003117|AD,0.991771
SCF:0003122|AC,0.015376
SCF:0003122|AD,0.973915
SCF:0003123|AC,0.015376
SCF:0003123|AD,0.961044
SCF:0003132|AC,0.957854
SCF:0003132|AD,0.998627
SCF:0003133|AC,0.996943
SCF:0003133|AD,0.992441
SCF:0003135|AC,0.998365
SCF:0003135|AD,0.996519
SCF:0003136|AC,0.997735
SCF:0003136|AD,0.999196
SCF:0003137|AC,0.997735
SCF:0003137|AD,0.994798
SCF:0003142|AC,0.559356
SCF:0003142|AD,0.978853
SCF:0003146|AC,0.998551
SCF:0003146|AD,0.998466
SCF:0003147|AC,0.998551
SCF:0003147|AD,0.998165
SCF:0003148|AC,0.998551
SCF:0003148|AD,0.998276
SCF:0003149|AC,0.954300
SCF:0003149|AD,0.986495
SCF:0003150|AC,0.954300
SCF:0003150|AD,0.991201
SCF:0003153|AC,0.885737
SCF:0003153|AD,0.917685
SCF:0003155|AC,0.894792
SCF:0003155|AD,0.996695
SCF:0003156|AC,0.887905
SCF:0003156|AD,0.992720
SCF:0003157|AC,0.887905
SCF:0003157|AD,0.996601
SCF:0003158|AC,0.887905
SCF:0003158|AD,0.995842
SCF:0003163|AC,0.997832
SCF:0003163|AD,0.996277
SCF:0003164|AC,0.997832
SCF:0003164|AD,0.997276
SCF:0003165|AC,0.987126
SCF:0003165|AD,0.963717
SCF:0003166|AC,0.989475
SCF:0003166|AD,0.999235
SCF:0003167|AC,0.989475
SCF:0003167|AD,0.990934
SCF:0003168|AC,0.989475
SCF:0003168|AD,0.997621
SCF:0003169|AC,0.966615
SCF:0003169|AD,0.997294
SCF:0003181|AC,0.997823
SCF:0003181|AD,0.995835
SCF:0003182|AC,0.997823
SCF:0003182|AD,0.998489
SCF:0003183|AC,0.997823
SCF:0003183|AD,0.998376
SCF:0003184|AC,0.021469
SCF:0003184|AD,0.951636
SCF:0003185|AC,0.021469
SCF:0003185|AD,0.991856
SCF:0003187|AC,0.981126
SCF:0003187|AD,0.987438
SCF:0003188|AC,0.981126
SCF:0003188|AD,0.995162
SCF:0003190|AC,0.807989
SCF:0003190|AD,0.907536
SCF:0003197|AC,0.014522
SCF:0003197|AD,0.993586
SCF:0003198|AC,0.014522
SCF:0003198|AD,0.991856
SCF:0003199|AC,0.993435
SCF:0003199|AD,0.998104
SCF:0003200|AC,0.993435
SCF:0003200|AD,0.997521
SCF:0003201|AC,0.993435
SCF:0003201|AD,0.996688
SCF:0003202|AC,0.820408
SCF:0003202|AD,0.975871
SCF:0003203|AC,0.820408
SCF:0003203|AD,0.981720
SCF:0003218|AC,0.203167
SCF:0003218|AD,0.979263
SCF:0003219|AC,0.203167
SCF:0003219|AD,0.982432
SCF:0003220|AC,0.064105
SCF:0003220|AD,0.997337
SCF:0003221|AC,0.064105
SCF:0003221|AD,0.996067
SCF:0003222|AC,0.064105
SCF:0003222|AD,0.997271
SCF:0003223|AC,0.026688
SCF:0003223|AD,0.992351
SCF:0003229|AC,0.990374
SCF:0003229|AD,0.998383
SCF:0003230|AC,0.990374
SCF:0003230|AD,0.993181
SCF:0003233|AC,0.036794
SCF:0003233|AD,0.818294
SCF:0003235|AC,0.989581
SCF:0003235|AD,0.995783
SCF:0003236|AC,0.989581
SCF:0003236|AD,0.996255
SCF:0003237|AC,0.989581
SCF:0003237|AD,0.996985
SCF:0003238|AC,0.060782
SCF:0003238|AD,0.990894
SCF:0003239|AC,0.060782
SCF:0003239|AD,0.987090
SCF:0003241|AC,0.993150
SCF:0003241|AD,0.982693
SCF:0003242|AC,0.993150
SCF:0003242|AD,0.993032
SCF:0003243|AC,0.796613
SCF:0003243|AD,0.953133
SCF:0003248|AC,0.905021
SCF:0003248|AD,0.787817
SCF:0003257|AC,0.949617
SCF:0003257|AD,0.871660
SCF:0003259|AC,0.839777
SCF:0003259|AD,0.896223
SCF:0003260|AC,0.997932
SCF:0003260|AD,0.998307
SCF:0003261|AC,0.997932
SCF:0003261|AD,0.999108
SCF:0003271|AC,0.998364
SCF:0003271|AD,0.995423
SCF:0003272|AC,0.998364
SCF:0003272|AD,0.998162
SCF:0003273|AC,0.998364
SCF:0003273|AD,0.996043
SCF:0003274|AC,0.998384
SCF:0003274|AD,0.995835
SCF:0003275|AC,0.998384
SCF:0003275|AD,0.998489
SCF:0003276|AC,0.998384
SCF:0003276|AD,0.992516
SCF:0003279|AC,0.688210
SCF:0003279|AD,0.752253
SCF:0003280|AC,0.118356
SCF:0003280|AD,0.118356
SCF:0003282|AC,0.514531
SCF:0003282|AD,0.978425
SCF:0003283|AC,0.942534
SCF:0003283|AD,0.996112
SCF:0003285|AC,0.998030
SCF:0003285|AD,0.996613
SCF:0003286|AC,0.998030
SCF:0003286|AD,0.999561
SCF:0003287|AC,0.911522
SCF:0003287|AD,0.999235
SCF:0003294|AC,0.460829
SCF:0003294|AD,0.998162
SCF:0003295|AC,0.460829
SCF:0003295|AD,0.998340
SCF:0003296|AC,0.460829
SCF:0003296|AD,0.996043
SCF:0003297|AC,0.542143
SCF:0003297|AD,0.994154
SCF:0003298|AC,0.542143
SCF:0003298|AD,0.996167
SCF:0003299|AC,0.542143
SCF:0003299|AD,0.997291
SCF:0003301|AC,0.029778
SCF:0003301|AD,0.029778
SCF:0003305|AC,0.882953
SCF:0003305|AD,0.086511
SCF:0003306|AC,0.981331
SCF:0003306|AD,0.972215
SCF:0003307|AC,0.981331
SCF:0003307|AD,0.974589
SCF:0003308|AC,0.981331
SCF:0003308|AD,0.961376
SCF:0003312|AC,0.165325
SCF:0003312|AD,0.684013
SCF:0003314|AC,0.993391
SCF:0003314|AD,0.993635
SCF:0003315|AC,0.494403
SCF:0003315|AD,0.031176
SCF:0003316|AC,0.001235
SCF:0003316|AD,0.982060
SCF:0003323|AC,0.236261
SCF:0003323|AD,0.975409
SCF:0003327|AC,0.984606
SCF:0003327|AD,0.994818
SCF:0003328|AC,0.984606
SCF:0003328|AD,0.981532
SCF:0003329|AC,0.984606
SCF:0003329|AD,0.984334
SCF:0003330|AC,0.993482
SCF:0003330|AD,0.997923
SCF:0003331|AC,0.993482
SCF:0003331|AD,0.997042
SCF:0003332|AC,0.993482
SCF:0003332|AD,0.996658
SCF:0003333|AC,0.319287
SCF:0003333|AD,0.869199
SCF:0003334|AC,0.843206
SCF:0003334|AD,0.993445
SCF:0003336|AC,0.988544
SCF:0003336|AD,0.994040
SCF:0003337|AC,0.015613
SCF:0003337|AD,0.799898
SCF:0003339|AC,0.996509
SCF:0003339|AD,0.997562
SCF:0003340|AC,0.996509
SCF:0003340|AD,0.991735
SCF:0003345|AC,0.897634
SCF:0003345|AD,0.985289
SCF:0003346|AC,0.992143
SCF:0003346|AD,0.982796
SCF:0003351|AC,0.997626
SCF:0003351|AD,0.997229
SCF:0003352|AC,0.997626
SCF:0003352|AD,0.991554
SCF:0003356|AC,0.562797
SCF:0003356|AD,0.985079
SCF:0003360|AC,0.980182
SCF:0003360|AD,0.995411
SCF:0003361|AC,0.980182
SCF:0003361|AD,0.939808
SCF:0000065|AC,0.965512
SCF:0000065|AD,0.945255
SCF:0000125|AC,0.074611
SCF:0000125|AD,0.633222
SCF:0000194|AC,0.962883
SCF:0000194|AD,0.468647
SCF:0000235|AC,0.852739
SCF:0000235|AD,0.858707
SCF:0000236|AC,0.852739
SCF:0000236|AD,0.941788
SCF:0000344|AC,0.665213
SCF:0000344|AD,0.188002
SCF:0000345|AC,0.665213
SCF:0000345|AD,0.864389
SCF:0000346|AC,0.665213
SCF:0000346|AD,0.387983
SCF:0000347|AC,0.728880
SCF:0000347|AD,0.863992
SCF:0000460|AC,0.531614
SCF:0000460|AD,0.615735
SCF:0000471|AC,0.757450
SCF:0000471|AD,0.728869
SCF:0000735|AC,0.765815
SCF:0000735|AD,0.765815
SCF:0000755|AC,0.955099
SCF:0000755|AD,0.963874
SCF:0000756|AC,0.955099
SCF:0000756|AD,0.948003
SCF:0000836|AC,0.318945
SCF:0000836|AD,0.790266
SCF:0000837|AC,0.318945
SCF:0000837|AD,0.302097
SCF:0000865|AC,0.991947
SCF:0000865|AD,0.976850
SCF:0000866|AC,0.991947
SCF:0000866|AD,0.969642
SCF:0000910|AC,0.995796
SCF:0000910|AD,0.996877
SCF:0000911|AC,0.995796
SCF:0000911|AD,0.997023
SCF:0000952|AC,0.061732
SCF:0000952|AD,0.900756
SCF:0001008|AC,0.889401
SCF:0001008|AD,0.406569
SCF:0001009|AC,0.889401
SCF:0001009|AD,0.331907
SCF:0001072|AC,0.831804
SCF:0001072|AD,0.886572
SCF:0001078|AC,0.635612
SCF:0001078|AD,0.692550
SCF:0001079|AC,0.970545
SCF:0001079|AD,0.854945
SCF:0001247|AC,0.983347
SCF:0001247|AD,0.989494
SCF:0001249|AC,0.198634
SCF:0001249|AD,0.231018
SCF:0001313|AC,0.674912
SCF:0001313|AD,0.949657
SCF:0001365|AC,0.853500
SCF:0001365|AD,0.826495
SCF:0001425|AC,0.055452
SCF:0001425|AD,0.895905
SCF:0001470|AC,0.820018
SCF:0001470|AD,0.924323
SCF:0001505|AC,0.837035
SCF:0001505|AD,0.727964
SCF:0001576|AC,0.581379
SCF:0001576|AD,0.581379
SCF:0001663|AC,0.974267
SCF:0001663|AD,0.969532
SCF:0001776|AC,0.922499
SCF:0001776|AD,0.957533
SCF:0001777|AC,0.922499
SCF:0001777|AD,0.989886
SCF:0001778|AC,0.922499
SCF:0001778|AD,0.967108
SCF:0001779|AC,0.798519
SCF:0001779|AD,0.980153
SCF:0001780|AC,0.798519
SCF:0001780|AD,0.876103
SCF:0001781|AC,0.798519
SCF:0001781|AD,0.967157
SCF:0001798|AC,0.951899
SCF:0001798|AD,0.975711
SCF:0001819|AC,0.956681
SCF:0001819|AD,0.990368
SCF:0001901|AC,0.982517
SCF:0001901|AD,0.914890
SCF:0001905|AC,0.367114
SCF:0001905|AD,0.362856
SCF:0001908|AC,0.847938
SCF:0001908|AD,0.161939
SCF:0001945|AC,0.870421
SCF:0001945|AD,0.925935
SCF:0002000|AC,0.072297
SCF:0002000|AD,0.954728
SCF:0002033|AC,0.857932
SCF:0002033|AD,0.788572
SCF:0002054|AC,0.935020
SCF:0002054|AD,0.676149
SCF:0002100|AC,0.952213
SCF:0002100|AD,0.949992
SCF:0002101|AC,0.952213
SCF:0002101|AD,0.831870
SCF:0002102|AC,0.952213
SCF:0002102|AD,0.997508
SCF:0002103|AC,0.970546
SCF:0002103|AD,0.971164
SCF:0002104|AC,0.970546
SCF:0002104|AD,0.985942
SCF:0002105|AC,0.970546
SCF:0002105|AD,0.960017
SCF:0002148|AC,0.910854
SCF:0002148|AD,0.562880
SCF:0002175|AC,0.857932
SCF:0002175|AD,0.788572
SCF:0002176|AC,0.857932
SCF:0002176|AD,0.788572
SCF:0002212|AC,0.635612
SCF:0002212|AD,0.692550
SCF:0002234|AC,0.921121
SCF:0002234|AD,0.831870
SCF:0002235|AC,0.921121
SCF:0002235|AD,0.949992
SCF:0002236|AC,0.921121
SCF:0002236|AD,0.997508
SCF:0002237|AC,0.986849
SCF:0002237|AD,0.986857
SCF:0002238|AC,0.986849
SCF:0002238|AD,0.964529
SCF:0002239|AC,0.986849
SCF:0002239|AD,0.949812
SCF:0002251|AC,0.148417
SCF:0002251|AD,0.886572
SCF:0002282|AC,0.223381
SCF:0002282|AD,0.725878
SCF:0002284|AC,0.223381
SCF:0002284|AD,0.742518
SCF:0002292|AC,0.401531
SCF:0002292|AD,0.781220
SCF:0002309|AC,0.807838
SCF:0002309|AD,0.932854
SCF:0002487|AC,0.800196
SCF:0002487|AD,0.858195
SCF:0002551|AC,0.455189
SCF:0002551|AD,0.946073
SCF:0002611|AC,0.992389
SCF:0002611|AD,0.939091
SCF:0002612|AC,0.671189
SCF:0002612|AD,0.529964
SCF:0002628|AC,0.958140
SCF:0002628|AD,0.773714
SCF:0002630|AC,0.970853
SCF:0002630|AD,0.975862
SCF:0002631|AC,0.970853
SCF:0002631|AD,0.957881
SCF:0002632|AC,0.970853
SCF:0002632|AD,0.947723
SCF:0002660|AC,0.931391
SCF:0002660|AD,0.831870
SCF:0002661|AC,0.931391
SCF:0002661|AD,0.949992
SCF:0002662|AC,0.931391
SCF:0002662|AD,0.997508
SCF:0002663|AC,0.963695
SCF:0002663|AD,0.946388
SCF:0002664|AC,0.963695
SCF:0002664|AD,0.990422
SCF:0002676|AC,0.986537
SCF:0002676|AD,0.681681
SCF:0002781|AC,0.472726
SCF:0002781|AD,0.930099
SCF:0002826|AC,0.968541
SCF:0002826|AD,0.974234
SCF:0002827|AC,0.786868
SCF:0002827|AD,0.941788
SCF:0002890|AC,0.633029
SCF:0002890|AD,0.991368
SCF:0002931|AC,0.959139
SCF:0002931|AD,0.952344
SCF:0002955|AC,0.972905
SCF:0002955|AD,0.529060
SCF:0002971|AC,0.866294
SCF:0002971|AD,0.511822
SCF:0002972|AC,0.449558
SCF:0002972|AD,0.266570
SCF:0003161|AC,0.751766
SCF:0003161|AD,0.835220
SCF:0003162|AC,0.713413
SCF:0003162|AD,0.986394
SCF:0003180|AC,0.971246
SCF:0003180|AD,0.976389
SCF:0003251|AC,0.312653
SCF:0003251|AD,0.870980
SCF:0003252|AC,0.312653
SCF:0003252|AD,0.304686
SCF:0003290|AC,0.074347
SCF:0003290|AD,0.306046
SCF:0003291|AC,0.956388
SCF:0003291|AD,0.958452
SCF:0003347|AC,0.362730
SCF:0003347|AD,0.898118
SCF:0000003|AC,0.109764
SCF:0000003|AD,0.312405
SCF:0000032|AC,0.306028
SCF:0000032|AD,0.084608
SCF:0000042|AC,0.793956
SCF:0000042|AD,0.995047
SCF:0000062|AC,0.992722
SCF:0000062|AD,0.995625
SCF:0000063|AC,0.990478
SCF:0000063|AD,0.991337
SCF:0000064|AC,0.990478
SCF:0000064|AD,0.944956
SCF:0000066|AC,0.998991
SCF:0000066|AD,0.973359
SCF:0000073|AC,0.990272
SCF:0000073|AD,0.993379
SCF:0000074|AC,0.975889
SCF:0000074|AD,0.981431
SCF:0000079|AC,0.142494
SCF:0000079|AD,0.984609
SCF:0000080|AC,0.142494
SCF:0000080|AD,0.900043
SCF:0000095|AC,0.997828
SCF:0000095|AD,0.999123
SCF:0000118|AC,0.493886
SCF:0000118|AD,0.154593
SCF:0000123|AC,0.690551
SCF:0000123|AD,0.900050
SCF:0000126|AC,0.004321
SCF:0000126|AD,0.990626
SCF:0000130|AC,0.992972
SCF:0000130|AD,0.985067
SCF:0000155|AC,0.001210
SCF:0000155|AD,0.955602
SCF:0000165|AC,0.740460
SCF:0000165|AD,0.317763
SCF:0000166|AC,0.740460
SCF:0000166|AD,0.987007
SCF:0000167|AC,0.740460
SCF:0000167|AD,0.366693
SCF:0000187|AC,0.977187
SCF:0000187|AD,0.991753
SCF:0000188|AC,0.985123
SCF:0000188|AD,0.995767
SCF:0000189|AC,0.915406
SCF:0000189|AD,0.964626
SCF:0000198|AC,0.992155
SCF:0000198|AD,0.992068
SCF:0000204|AC,0.976649
SCF:0000204|AD,0.985737
SCF:0000205|AC,0.976649
SCF:0000205|AD,0.982248
SCF:0000218|AC,0.879478
SCF:0000218|AD,0.826791
SCF:0000223|AC,0.216999
SCF:0000223|AD,0.161229
SCF:0000246|AC,0.749148
SCF:0000246|AD,0.963767
SCF:0000247|AC,0.749148
SCF:0000247|AD,0.819582
SCF:0000253|AC,0.640403
SCF:0000253|AD,0.463585
SCF:0000259|AC,0.790582
SCF:0000259|AD,0.896713
SCF:0000297|AC,0.982902
SCF:0000297|AD,0.926282
SCF:0000298|AC,0.998091
SCF:0000298|AD,0.993712
SCF:0000321|AC,0.763267
SCF:0000321|AD,0.285903
SCF:0000348|AC,0.826754
SCF:0000348|AD,0.840931
SCF:0000365|AC,0.967142
SCF:0000365|AD,0.007339
SCF:0000371|AC,0.052822
SCF:0000371|AD,0.078846
SCF:0000375|AC,0.912196
SCF:0000375|AD,0.731396
SCF:0000376|AC,0.912196
SCF:0000376|AD,0.873634
SCF:0000377|AC,0.449286
SCF:0000377|AD,0.786360
SCF:0000379|AC,0.449286
SCF:0000379|AD,0.767128
SCF:0000386|AC,0.512818
SCF:0000386|AD,0.935984
SCF:0000387|AC,0.390044
SCF:0000387|AD,0.044889
SCF:0000388|AC,0.173296
SCF:0000388|AD,0.085025
SCF:0000397|AC,0.895940
SCF:0000397|AD,0.550494
SCF:0000401|AC,0.961153
SCF:0000401|AD,0.984043
SCF:0000402|AC,0.961153
SCF:0000402|AD,0.991922
SCF:0000403|AC,0.961153
SCF:0000403|AD,0.998280
SCF:0000421|AC,0.993982
SCF:0000421|AD,0.930190
SCF:0000434|AC,0.900203
SCF:0000434|AD,0.978425
SCF:0000435|AC,0.993503
SCF:0000435|AD,0.995578
SCF:0000436|AC,0.993503
SCF:0000436|AD,0.998906
SCF:0000437|AC,0.993503
SCF:0000437|AD,0.998789
SCF:0000468|AC,0.993492
SCF:0000468|AD,0.957111
SCF:0000475|AC,0.913939
SCF:0000475|AD,0.964626
SCF:0000476|AC,0.984481
SCF:0000476|AD,0.995521
SCF:0000482|AC,0.063249
SCF:0000482|AD,0.918062
SCF:0000483|AC,0.727557
SCF:0000483|AD,0.959160
SCF:0000518|AC,0.903951
SCF:0000518|AD,0.472797
SCF:0000546|AC,0.173169
SCF:0000546|AD,0.131124
SCF:0000552|AC,0.996309
SCF:0000552|AD,0.999252
SCF:0000553|AC,0.992990
SCF:0000553|AD,0.996551
SCF:0000560|AC,0.001434
SCF:0000560|AD,0.004196
SCF:0000570|AC,0.952205
SCF:0000570|AD,0.948347
SCF:0000571|AC,0.019763
SCF:0000571|AD,0.058006
SCF:0000574|AC,0.909576
SCF:0000574|AD,0.930789
SCF:0000581|AC,0.908393
SCF:0000581|AD,0.622440
SCF:0000582|AC,0.908393
SCF:0000582|AD,0.899680
SCF:0000583|AC,0.908393
SCF:0000583|AD,0.902079
SCF:0000584|AC,0.302003
SCF:0000584|AD,0.732044
SCF:0000588|AC,0.923300
SCF:0000588|AD,0.904846
SCF:0000598|AC,0.941651
SCF:0000598|AD,0.957411
SCF:0000626|AC,0.096705
SCF:0000626|AD,0.314075
SCF:0000639|AC,0.207605
SCF:0000639|AD,0.987307
SCF:0000640|AC,0.160623
SCF:0000640|AD,0.380338
SCF:0000644|AC,0.008878
SCF:0000644|AD,0.726726
SCF:0000657|AC,0.005353
SCF:0000657|AD,0.012029
SCF:0000679|AC,0.994155
SCF:0000679|AD,0.997441
SCF:0000680|AC,0.993405
SCF:0000680|AD,0.996066
SCF:0000681|AC,0.993405
SCF:0000681|AD,0.994051
SCF:0000682|AC,0.028005
SCF:0000682|AD,0.215357
SCF:0000684|AC,0.807663
SCF:0000684|AD,0.910720
SCF:0000685|AC,0.982841
SCF:0000685|AD,0.974619
SCF:0000695|AC,0.568579
SCF:0000695|AD,0.448535
SCF:0000696|AC,0.568579
SCF:0000696|AD,0.101730
SCF:0000697|AC,0.665410
SCF:0000697|AD,0.243070
SCF:0000698|AC,0.665410
SCF:0000698|AD,0.461448
SCF:0000701|AC,0.026256
SCF:0000701|AD,0.026256
SCF:0000705|AC,0.880570
SCF:0000705|AD,0.942476
SCF:0000716|AC,0.030081
SCF:0000716|AD,0.963746
SCF:0000717|AC,0.036716
SCF:0000717|AD,0.081860
SCF:0000718|AC,0.036716
SCF:0000718|AD,0.003142
SCF:0000736|AC,0.252858
SCF:0000736|AD,0.031189
SCF:0000740|AC,0.551882
SCF:0000740|AD,0.971291
SCF:0000741|AC,0.551882
SCF:0000741|AD,0.966998
SCF:0000742|AC,0.551882
SCF:0000742|AD,0.961912
SCF:0000750|AC,0.957949
SCF:0000750|AD,0.950439
SCF:0000776|AC,0.902701
SCF:0000776|AD,0.929381
SCF:0000791|AC,0.998720
SCF:0000791|AD,0.998517
SCF:0000792|AC,0.998571
SCF:0000792|AD,0.998928
SCF:0000802|AC,0.929707
SCF:0000802|AD,0.841450
SCF:0000803|AC,0.929707
SCF:0000803|AD,0.943700
SCF:0000807|AC,0.943146
SCF:0000807|AD,0.074797
SCF:0000816|AC,0.719850
SCF:0000816|AD,0.959160
SCF:0000827|AC,0.909203
SCF:0000827|AD,0.299381
SCF:0000828|AC,0.020251
SCF:0000828|AD,0.026599
SCF:0000829|AC,0.020251
SCF:0000829|AD,0.016796
SCF:0000845|AC,0.795177
SCF:0000845|AD,0.418710
SCF:0000862|AC,0.302503
SCF:0000862|AD,0.650067
SCF:0000875|AC,0.985449
SCF:0000875|AD,0.918967
SCF:0000876|AC,0.985449
SCF:0000876|AD,0.918967
SCF:0000887|AC,0.312769
SCF:0000887|AD,0.557265
SCF:0000905|AC,0.168535
SCF:0000905|AD,0.979655
SCF:0000915|AC,0.739682
SCF:0000915|AD,0.613414
SCF:0000916|AC,0.983981
SCF:0000916|AD,0.982936
SCF:0000917|AC,0.996846
SCF:0000917|AD,0.965070
SCF:0000920|AC,0.156936
SCF:0000920|AD,0.606994
SCF:0000921|AC,0.076378
SCF:0000921|AD,0.120841
SCF:0000936|AC,0.140589
SCF:0000936|AD,0.488889
SCF:0000937|AC,0.942455
SCF:0000937|AD,0.151996
SCF:0000954|AC,0.461881
SCF:0000954|AD,0.485145
SCF:0000961|AC,0.983298
SCF:0000961|AD,0.096149
SCF:0000963|AC,0.065526
SCF:0000963|AD,0.199207
SCF:0000968|AC,0.052204
SCF:0000968|AD,0.087846
SCF:0000973|AC,0.029969
SCF:0000973|AD,0.115858
SCF:0000974|AC,0.029969
SCF:0000974|AD,0.016581
SCF:0000975|AC,0.029969
SCF:0000975|AD,0.080022
SCF:0000994|AC,0.993533
SCF:0000994|AD,0.985797
SCF:0001005|AC,0.183212
SCF:0001005|AD,0.956171
SCF:0001006|AC,0.183212
SCF:0001006|AD,0.988804
SCF:0001007|AC,0.285700
SCF:0001007|AD,0.283734
SCF:0001019|AC,0.480102
SCF:0001019|AD,0.533818
SCF:0001023|AC,0.184954
SCF:0001023|AD,0.132554
SCF:0001024|AC,0.184954
SCF:0001024|AD,0.183785
SCF:0001025|AC,0.924605
SCF:0001025|AD,0.848522
SCF:0001056|AC,0.995394
SCF:0001056|AD,0.740902
SCF:0001058|AC,0.698685
SCF:0001058|AD,0.870233
SCF:0001085|AC,0.967889
SCF:0001085|AD,0.988327
SCF:0001094|AC,0.991283
SCF:0001094|AD,0.993834
SCF:0001143|AC,0.842222
SCF:0001143|AD,0.987707
SCF:0001144|AC,0.842222
SCF:0001144|AD,0.647218
SCF:0001153|AC,0.975558
SCF:0001153|AD,0.431603
SCF:0001172|AC,0.040665
SCF:0001172|AD,0.323970
SCF:0001179|AC,0.860134
SCF:0001179|AD,0.581339
SCF:0001185|AC,0.997935
SCF:0001185|AD,0.995479
SCF:0001186|AC,0.997935
SCF:0001186|AD,0.998084
SCF:0001187|AC,0.998312
SCF:0001187|AD,0.995486
SCF:0001188|AC,0.982695
SCF:0001188|AD,0.956661
SCF:0001199|AC,0.064308
SCF:0001199|AD,0.344486
SCF:0001216|AC,0.980976
SCF:0001216|AD,0.795616
SCF:0001226|AC,0.921163
SCF:0001226|AD,0.998304
SCF:0001227|AC,0.921163
SCF:0001227|AD,0.971836
SCF:0001231|AC,0.998924
SCF:0001231|AD,0.985972
SCF:0001232|AC,0.986125
SCF:0001232|AD,0.986728
SCF:0001233|AC,0.986125
SCF:0001233|AD,0.950860
SCF:0001234|AC,0.986125
SCF:0001234|AD,0.020682
SCF:0001243|AC,0.004276
SCF:0001243|AD,0.993229
SCF:0001244|AC,0.002921
SCF:0001244|AD,0.002944
SCF:0001263|AC,0.100435
SCF:0001263|AD,0.003200
SCF:0001264|AC,0.943025
SCF:0001264|AD,0.947856
SCF:0001265|AC,0.943025
SCF:0001265|AD,0.748346
SCF:0001268|AC,0.995061
SCF:0001268|AD,0.121032
SCF:0001281|AC,0.020091
SCF:0001281|AD,0.020091
SCF:0001293|AC,0.561763
SCF:0001293|AD,0.924020
SCF:0001294|AC,0.746013
SCF:0001294|AD,0.749239
SCF:0001307|AC,0.881792
SCF:0001307|AD,0.986557
SCF:0001337|AC,0.478729
SCF:0001337|AD,0.015566
SCF:0001338|AC,0.478729
SCF:0001338|AD,0.080022
SCF:0001339|AC,0.478729
SCF:0001339|AD,0.031536
SCF:0001341|AC,0.977265
SCF:0001341|AD,0.277766
SCF:0001344|AC,0.714158
SCF:0001344|AD,0.121519
SCF:0001351|AC,0.034986
SCF:0001351|AD,0.826191
SCF:0001363|AC,0.976704
SCF:0001363|AD,0.880045
SCF:0001364|AC,0.049722
SCF:0001364|AD,0.012085
SCF:0001370|AC,0.995092
SCF:0001370|AD,0.994441
SCF:0001371|AC,0.989211
SCF:0001371|AD,0.978716
SCF:0001384|AC,0.987241
SCF:0001384|AD,0.983035
SCF:0001388|AC,0.609971
SCF:0001388|AD,0.057377
SCF:0001389|AC,0.803550
SCF:0001389|AD,0.472715
SCF:0001390|AC,0.926282
SCF:0001390|AD,0.997318
SCF:0001400|AC,0.853660
SCF:0001400|AD,0.981506
SCF:0001412|AC,0.998358
SCF:0001412|AD,0.996422
SCF:0001413|AC,0.947778
SCF:0001413|AD,0.896713
SCF:0001414|AC,0.055406
SCF:0001414|AD,0.001031
SCF:0001416|AC,0.029089
SCF:0001416|AD,0.068164
SCF:0001417|AC,0.931654
SCF:0001417|AD,0.913376
SCF:0001421|AC,0.015500
SCF:0001421|AD,0.026599
SCF:0001422|AC,0.015500
SCF:0001422|AD,0.016796
SCF:0001429|AC,0.517888
SCF:0001429|AD,0.428666
SCF:0001430|AC,0.803554
SCF:0001430|AD,0.907877
SCF:0001444|AC,0.051941
SCF:0001444|AD,0.074099
SCF:0001445|AC,0.051941
SCF:0001445|AD,0.020255
SCF:0001451|AC,0.429562
SCF:0001451|AD,0.040686
SCF:0001452|AC,0.429562
SCF:0001452|AD,0.970276
SCF:0001453|AC,0.249398
SCF:0001453|AD,0.810688
SCF:0001454|AC,0.017599
SCF:0001454|AD,0.001878
SCF:0001455|AC,0.542514
SCF:0001455|AD,0.868189
SCF:0001468|AC,0.577472
SCF:0001468|AD,0.295299
SCF:0001475|AC,0.991247
SCF:0001475|AD,0.994162
SCF:0001480|AC,0.115796
SCF:0001480|AD,0.356209
SCF:0001481|AC,0.115796
SCF:0001481|AD,0.345027
SCF:0001482|AC,0.005575
SCF:0001482|AD,0.004196
SCF:0001501|AC,0.983935
SCF:0001501|AD,0.954929
SCF:0001516|AC,0.849938
SCF:0001516|AD,0.949091
SCF:0001521|AC,0.071136
SCF:0001521|AD,0.228222
SCF:0001522|AC,0.071136
SCF:0001522|AD,0.001230
SCF:0001523|AC,0.071136
SCF:0001523|AD,0.014000
SCF:0001524|AC,0.018910
SCF:0001524|AD,0.330602
SCF:0001533|AC,0.018264
SCF:0001533|AD,0.026889
SCF:0001539|AC,0.985589
SCF:0001539|AD,0.791499
SCF:0001540|AC,0.985589
SCF:0001540|AD,0.831535
SCF:0001541|AC,0.989150
SCF:0001541|AD,0.978207
SCF:0001543|AC,0.000735
SCF:0001543|AD,0.990530
SCF:0001556|AC,0.553760
SCF:0001556|AD,0.032257
SCF:0001564|AC,0.150583
SCF:0001564|AD,0.058006
SCF:0001569|AC,0.997844
SCF:0001569|AD,0.998575
SCF:0001570|AC,0.997844
SCF:0001570|AD,0.996323
SCF:0001571|AC,0.999166
SCF:0001571|AD,0.999164
SCF:0001572|AC,0.999166
SCF:0001572|AD,0.999145
SCF:0001575|AC,0.776352
SCF:0001575|AD,0.610536
SCF:0001586|AC,0.998244
SCF:0001586|AD,0.997233
SCF:0001588|AC,0.976382
SCF:0001588|AD,0.986512
SCF:0001590|AC,0.991716
SCF:0001590|AD,0.995977
SCF:0001591|AC,0.998521
SCF:0001591|AD,0.984911
SCF:0001617|AC,0.690551
SCF:0001617|AD,0.900050
SCF:0001621|AC,0.505199
SCF:0001621|AD,0.033030
SCF:0001625|AC,0.085878
SCF:0001625|AD,0.997103
SCF:0001626|AC,0.085878
SCF:0001626|AD,0.997870
SCF:0001627|AC,0.085878
SCF:0001627|AD,0.997762
SCF:0001628|AC,0.820024
SCF:0001628|AD,0.075180
SCF:0001645|AC,0.971551
SCF:0001645|AD,0.985067
SCF:0001648|AC,0.143297
SCF:0001648|AD,0.077426
SCF:0001675|AC,0.124460
SCF:0001675|AD,0.123371
SCF:0001690|AC,0.563687
SCF:0001690|AD,0.325958
SCF:0001704|AC,0.948090
SCF:0001704|AD,0.930400
SCF:0001705|AC,0.948090
SCF:0001705|AD,0.982232
SCF:0001706|AC,0.948090
SCF:0001706|AD,0.971836
SCF:0001708|AC,0.980928
SCF:0001708|AD,0.974158
SCF:0001729|AC,0.877546
SCF:0001729|AD,0.821021
SCF:0001733|AC,0.508376
SCF:0001733|AD,0.507081
SCF:0001734|AC,0.508376
SCF:0001734|AD,0.931497
SCF:0001735|AC,0.508376
SCF:0001735|AD,0.827501
SCF:0001736|AC,0.889183
SCF:0001736|AD,0.901580
SCF:0001737|AC,0.889183
SCF:0001737|AD,0.751080
SCF:0001738|AC,0.889183
SCF:0001738|AD,0.587012
SCF:0001746|AC,0.516527
SCF:0001746|AD,0.919216
SCF:0001747|AC,0.482199
SCF:0001747|AD,0.924037
SCF:0001755|AC,0.993575
SCF:0001755|AD,0.974174
SCF:0001756|AC,0.993575
SCF:0001756|AD,0.998801
SCF:0001757|AC,0.934976
SCF:0001757|AD,0.919907
SCF:0001758|AC,0.934976
SCF:0001758|AD,0.858433
SCF:0001759|AC,0.934976
SCF:0001759|AD,0.818061
SCF:0001814|AC,0.982543
SCF:0001814|AD,0.980820
SCF:0001821|AC,0.376933
SCF:0001821|AD,0.052811
SCF:0001826|AC,0.922190
SCF:0001826|AD,0.895720
SCF:0001832|AC,0.910316
SCF:0001832|AD,0.021524
SCF:0001842|AC,0.053419
SCF:0001842|AD,0.025486
SCF:0001843|AC,0.053419
SCF:0001843|AD,0.010776
SCF:0001849|AC,0.534159
SCF:0001849|AD,0.966829
SCF:0001850|AC,0.811683
SCF:0001850|AD,0.003200
SCF:0001851|AC,0.450081
SCF:0001851|AD,0.450554
SCF:0001852|AC,0.450081
SCF:0001852|AD,0.958849
SCF:0001853|AC,0.570736
SCF:0001853|AD,0.587012
SCF:0001854|AC,0.570736
SCF:0001854|AD,0.901580
SCF:0001855|AC,0.570736
SCF:0001855|AD,0.751080
SCF:0001859|AC,0.877653
SCF:0001859|AD,0.670522
SCF:0001860|AC,0.877653
SCF:0001860|AD,0.856256
SCF:0001861|AC,0.922367
SCF:0001861|AD,0.946845
SCF:0001865|AC,0.012447
SCF:0001865|AD,0.995676
SCF:0001868|AC,0.974963
SCF:0001868|AD,0.940905
SCF:0001873|AC,0.695395
SCF:0001873|AD,0.970422
SCF:0001874|AC,0.695395
SCF:0001874|AD,0.968680
SCF:0001875|AC,0.421542
SCF:0001875|AD,0.973971
SCF:0001880|AC,0.050452
SCF:0001880|AD,0.448571
SCF:0001914|AC,0.082857
SCF:0001914|AD,0.019604
SCF:0001921|AC,0.975264
SCF:0001921|AD,0.987500
SCF:0001923|AC,0.991701
SCF:0001923|AD,0.997152
SCF:0001924|AC,0.964156
SCF:0001924|AD,0.973809
SCF:0001925|AC,0.973315
SCF:0001925|AD,0.997884
SCF:0001926|AC,0.973315
SCF:0001926|AD,0.978454
SCF:0001927|AC,0.420977
SCF:0001927|AD,0.786360
SCF:0001928|AC,0.420977
SCF:0001928|AD,0.767128
SCF:0001931|AC,0.900533
SCF:0001931|AD,0.694009
SCF:0001932|AC,0.900533
SCF:0001932|AD,0.852982
SCF:0001934|AC,0.000425
SCF:0001934|AD,0.003012
SCF:0001964|AC,0.053965
SCF:0001964|AD,0.517418
SCF:0001972|AC,0.279587
SCF:0001972|AD,0.043329
SCF:0001973|AC,0.048436
SCF:0001973|AD,0.431366
SCF:0001991|AC,0.891019
SCF:0001991|AD,0.662129
SCF:0001992|AC,0.891019
SCF:0001992|AD,0.515533
SCF:0001993|AC,0.541646
SCF:0001993|AD,0.646694
SCF:0002012|AC,0.064956
SCF:0002012|AD,0.022952
SCF:0002020|AC,0.634086
SCF:0002020|AD,0.734590
SCF:0002021|AC,0.536497
SCF:0002021|AD,0.805436
SCF:0002031|AC,0.925737
SCF:0002031|AD,0.835431
SCF:0002032|AC,0.925737
SCF:0002032|AD,0.940166
SCF:0002034|AC,0.196733
SCF:0002034|AD,0.973306
SCF:0002035|AC,0.196733
SCF:0002035|AD,0.771305
SCF:0002062|AC,0.878580
SCF:0002062|AD,0.159121
SCF:0002063|AC,0.878580
SCF:0002063|AD,0.013368
SCF:0002065|AC,0.899590
SCF:0002065|AD,0.522328
SCF:0002066|AC,0.190006
SCF:0002066|AD,0.081570
SCF:0002092|AC,0.986672
SCF:0002092|AD,0.980743
SCF:0002093|AC,0.028403
SCF:0002093|AD,0.032430
SCF:0002097|AC,0.919456
SCF:0002097|AD,0.874915
SCF:0002115|AC,0.650320
SCF:0002115|AD,0.308020
SCF:0002129|AC,0.843506
SCF:0002129|AD,0.941673
SCF:0002130|AC,0.843506
SCF:0002130|AD,0.946889
SCF:0002161|AC,0.956926
SCF:0002161|AD,0.668339
SCF:0002167|AC,0.994372
SCF:0002167|AD,0.997333
SCF:0002168|AC,0.994372
SCF:0002168|AD,0.995421
SCF:0002169|AC,0.994372
SCF:0002169|AD,0.997428
SCF:0002170|AC,0.984904
SCF:0002170|AD,0.997197
SCF:0002171|AC,0.984904
SCF:0002171|AD,0.998299
SCF:0002172|AC,0.603355
SCF:0002172|AD,0.055068
SCF:0002174|AC,0.971899
SCF:0002174|AD,0.994964
SCF:0002180|AC,0.209007
SCF:0002180|AD,0.822046
SCF:0002182|AC,0.865245
SCF:0002182|AD,0.047339
SCF:0002192|AC,0.954233
SCF:0002192|AD,0.987288
SCF:0002197|AC,0.005915
SCF:0002197|AD,0.627206
SCF:0002202|AC,0.022766
SCF:0002202|AD,0.324655
SCF:0002213|AC,0.956294
SCF:0002213|AD,0.769049
SCF:0002214|AC,0.503180
SCF:0002214|AD,0.778545
SCF:0002231|AC,0.521334
SCF:0002231|AD,0.083841
SCF:0002232|AC,0.792091
SCF:0002232|AD,0.594020
SCF:0002233|AC,0.885581
SCF:0002233|AD,0.703555
SCF:0002243|AC,0.147059
SCF:0002243|AD,0.295299
SCF:0002262|AC,0.458520
SCF:0002262|AD,0.063519
SCF:0002276|AC,0.534784
SCF:0002276|AD,0.961090
SCF:0002277|AC,0.738314
SCF:0002277|AD,0.189704
SCF:0002285|AC,0.941889
SCF:0002285|AD,0.843772
SCF:0002290|AC,0.842841
SCF:0002290|AD,0.085227
SCF:0002291|AC,0.774327
SCF:0002291|AD,0.793397
SCF:0002312|AC,0.986016
SCF:0002312|AD,0.991327
SCF:0002313|AC,0.966059
SCF:0002313|AD,0.995293
SCF:0002328|AC,0.045442
SCF:0002328|AD,0.755495
SCF:0002329|AC,0.045442
SCF:0002329|AD,0.023189
SCF:0002332|AC,0.915678
SCF:0002332|AD,0.719634
SCF:0002335|AC,0.265425
SCF:0002335|AD,0.936540
SCF:0002336|AC,0.299403
SCF:0002336|AD,0.875872
SCF:0002345|AC,0.947398
SCF:0002345|AD,0.987198
SCF:0002360|AC,0.948075
SCF:0002360|AD,0.907023
SCF:0002362|AC,0.985028
SCF:0002362|AD,0.998691
SCF:0002366|AC,0.635085
SCF:0002366|AD,0.987997
SCF:0002377|AC,0.614316
SCF:0002377|AD,0.811757
SCF:0002378|AC,0.992908
SCF:0002378|AD,0.982494
SCF:0002379|AC,0.302018
SCF:0002379|AD,0.403874
SCF:0002380|AC,0.998590
SCF:0002380|AD,0.926062
SCF:0002381|AC,0.998590
SCF:0002381|AD,0.961818
SCF:0002382|AC,0.997623
SCF:0002382|AD,0.961686
SCF:0002383|AC,0.997623
SCF:0002383|AD,0.995799
SCF:0002384|AC,0.963587
SCF:0002384|AD,0.995732
SCF:0002385|AC,0.028110
SCF:0002385|AD,0.006351
SCF:0002386|AC,0.018278
SCF:0002386|AD,0.960432
SCF:0002391|AC,0.462564
SCF:0002391|AD,0.908507
SCF:0002392|AC,0.462564
SCF:0002392|AD,0.067857
SCF:0002418|AC,0.528935
SCF:0002418|AD,0.504279
SCF:0002419|AC,0.853290
SCF:0002419|AD,0.830380
SCF:0002420|AC,0.853290
SCF:0002420|AD,0.895273
SCF:0002421|AC,0.915289
SCF:0002421|AD,0.873634
SCF:0002423|AC,0.915289
SCF:0002423|AD,0.731396
SCF:0002425|AC,0.234975
SCF:0002425|AD,0.957111
SCF:0002426|AC,0.998058
SCF:0002426|AD,0.995425
SCF:0002429|AC,0.981350
SCF:0002429|AD,0.069039
SCF:0002438|AC,0.970419
SCF:0002438|AD,0.985159
SCF:0002439|AC,0.970419
SCF:0002439|AD,0.978682
SCF:0002440|AC,0.970419
SCF:0002440|AD,0.996158
SCF:0002441|AC,0.998292
SCF:0002441|AD,0.998069
SCF:0002442|AC,0.998292
SCF:0002442|AD,0.997811
SCF:0002464|AC,0.988135
SCF:0002464|AD,0.802601
SCF:0002486|AC,0.983175
SCF:0002486|AD,0.998893
SCF:0002489|AC,0.057229
SCF:0002489|AD,0.009623
SCF:0002490|AC,0.737808
SCF:0002490|AD,0.932562
SCF:0002494|AC,0.408127
SCF:0002494|AD,0.250580
SCF:0002499|AC,0.907066
SCF:0002499|AD,0.651827
SCF:0002500|AC,0.739298
SCF:0002500|AD,0.921539
SCF:0002519|AC,0.114431
SCF:0002519|AD,0.577734
SCF:0002525|AC,0.087378
SCF:0002525|AD,0.085197
SCF:0002526|AC,0.661605
SCF:0002526|AD,0.330813
SCF:0002527|AC,0.014304
SCF:0002527|AD,0.321310
SCF:0002528|AC,0.048467
SCF:0002528|AD,0.368025
SCF:0002529|AC,0.107254
SCF:0002529|AD,0.876021
SCF:0002534|AC,0.840573
SCF:0002534|AD,0.835431
SCF:0002535|AC,0.840573
SCF:0002535|AD,0.962567
SCF:0002537|AC,0.999296
SCF:0002537|AD,0.015649
SCF:0002538|AC,0.494197
SCF:0002538|AD,0.540474
SCF:0002564|AC,0.760319
SCF:0002564|AD,0.821112
SCF:0002565|AC,0.760319
SCF:0002565|AD,0.902445
SCF:0002566|AC,0.736573
SCF:0002566|AD,0.812577
SCF:0002567|AC,0.736573
SCF:0002567|AD,0.736105
SCF:0002568|AC,0.736573
SCF:0002568|AD,0.563588
SCF:0002578|AC,0.952505
SCF:0002578|AD,0.325958
SCF:0002579|AC,0.142484
SCF:0002579|AD,0.994278
SCF:0002580|AC,0.142484
SCF:0002580|AD,0.417975
SCF:0002582|AC,0.047769
SCF:0002582|AD,0.066179
SCF:0002604|AC,0.001691
SCF:0002604|AD,0.002127
SCF:0002608|AC,0.364867
SCF:0002608|AD,0.111885
SCF:0002609|AC,0.364867
SCF:0002609|AD,0.034512
SCF:0002610|AC,0.230952
SCF:0002610|AD,0.888855
SCF:0002619|AC,0.029451
SCF:0002619|AD,0.013368
SCF:0002620|AC,0.029451
SCF:0002620|AD,0.298793
SCF:0002621|AC,0.029451
SCF:0002621|AD,0.159121
SCF:0002623|AC,0.058280
SCF:0002623|AD,0.712979
SCF:0002642|AC,0.817694
SCF:0002642|AD,0.938209
SCF:0002648|AC,0.379223
SCF:0002648|AD,0.972476
SCF:0002652|AC,0.943237
SCF:0002652|AD,0.993940
SCF:0002659|AC,0.679212
SCF:0002659|AD,0.635325
SCF:0002679|AC,0.976218
SCF:0002679|AD,0.927198
SCF:0002680|AC,0.947554
SCF:0002680|AD,0.963459
SCF:0002681|AC,0.895676
SCF:0002681|AD,0.380338
SCF:0002690|AC,0.788794
SCF:0002690|AD,0.092301
SCF:0002691|AC,0.973366
SCF:0002691|AD,0.994559
SCF:0002702|AC,0.151153
SCF:0002702|AD,0.227146
SCF:0002708|AC,0.559455
SCF:0002708|AD,0.921896
SCF:0002709|AC,0.995722
SCF:0002709|AD,0.904363
SCF:0002710|AC,0.100179
SCF:0002710|AD,0.993229
SCF:0002723|AC,0.471543
SCF:0002723|AD,0.736087
SCF:0002734|AC,0.803971
SCF:0002734|AD,0.902445
SCF:0002735|AC,0.803971
SCF:0002735|AD,0.821112
SCF:0002736|AC,0.507935
SCF:0002736|AD,0.958849
SCF:0002737|AC,0.507935
SCF:0002737|AD,0.450554
SCF:0002738|AC,0.964889
SCF:0002738|AD,0.977700
SCF:0002739|AC,0.997987
SCF:0002739|AD,0.999145
SCF:0002740|AC,0.997987
SCF:0002740|AD,0.999164
SCF:0002744|AC,0.001603
SCF:0002744|AD,0.008233
SCF:0002745|AC,0.001603
SCF:0002745|AD,0.002162
SCF:0002758|AC,0.978430
SCF:0002758|AD,0.997834
SCF:0002759|AC,0.994669
SCF:0002759|AD,0.993712
SCF:0002772|AC,0.936200
SCF:0002772|AD,0.996023
SCF:0002773|AC,0.996932
SCF:0002773|AD,0.998398
SCF:0002774|AC,0.996932
SCF:0002774|AD,0.995125
SCF:0002779|AC,0.145521
SCF:0002779|AD,0.041113
SCF:0002780|AC,0.810357
SCF:0002780|AD,0.944493
SCF:0002801|AC,0.082529
SCF:0002801|AD,0.504279
SCF:0002810|AC,0.040974
SCF:0002810|AD,0.947158
SCF:0002822|AC,0.237461
SCF:0002822|AD,0.208311
SCF:0002823|AC,0.995811
SCF:0002823|AD,0.998291
SCF:0002824|AC,0.953406
SCF:0002824|AD,0.946170
SCF:0002828|AC,0.825539
SCF:0002828|AD,0.909682
SCF:0002855|AC,0.737808
SCF:0002855|AD,0.932562
SCF:0002858|AC,0.767692
SCF:0002858|AD,0.681974
SCF:0002874|AC,0.986530
SCF:0002874|AD,0.936392
SCF:0002875|AC,0.986530
SCF:0002875|AD,0.991006
SCF:0002877|AC,0.996773
SCF:0002877|AD,0.862307
SCF:0002880|AC,0.979772
SCF:0002880|AD,0.984832
SCF:0002884|AC,0.815063
SCF:0002884|AD,0.381826
SCF:0002885|AC,0.986666
SCF:0002885|AD,0.985286
SCF:0002894|AC,0.840859
SCF:0002894|AD,0.723135
SCF:0002895|AC,0.840859
SCF:0002895|AD,0.735263
SCF:0002896|AC,0.548079
SCF:0002896|AD,0.363526
SCF:0002903|AC,0.611967
SCF:0002903|AD,0.008516
SCF:0002920|AC,0.987485
SCF:0002920|AD,0.889342
SCF:0002921|AC,0.997326
SCF:0002921|AD,0.993712
SCF:0002930|AC,0.487482
SCF:0002930|AD,0.175512
SCF:0002933|AC,0.882434
SCF:0002933|AD,0.946889
SCF:0002934|AC,0.882434
SCF:0002934|AD,0.941673
SCF:0002935|AC,0.882434
SCF:0002935|AD,0.095111
SCF:0002939|AC,0.798153
SCF:0002939|AD,0.843211
SCF:0002950|AC,0.348702
SCF:0002950|AD,0.158038
SCF:0002951|AC,0.052011
SCF:0002951|AD,0.027988
SCF:0002953|AC,0.988655
SCF:0002953|AD,0.981125
SCF:0002954|AC,0.989444
SCF:0002954|AD,0.986142
SCF:0002962|AC,0.976961
SCF:0002962|AD,0.942453
SCF:0002973|AC,0.208136
SCF:0002973|AD,0.609527
SCF:0002974|AC,0.976110
SCF:0002974|AD,0.797535
SCF:0002975|AC,0.216521
SCF:0002975|AD,0.052750
SCF:0002990|AC,0.629366
SCF:0002990|AD,0.952189
SCF:0002993|AC,0.874131
SCF:0002993|AD,0.949091
SCF:0002994|AC,0.874131
SCF:0002994|AD,0.876773
SCF:0003002|AC,0.912244
SCF:0003002|AD,0.927731
SCF:0003004|AC,0.206691
SCF:0003004|AD,0.975053
SCF:0003016|AC,0.990067
SCF:0003016|AD,0.913281
SCF:0003017|AC,0.224830
SCF:0003017|AD,0.504279
SCF:0003030|AC,0.932121
SCF:0003030|AD,0.814955
SCF:0003031|AC,0.932121
SCF:0003031|AD,0.112080
SCF:0003032|AC,0.932121
SCF:0003032|AD,0.825342
SCF:0003069|AC,0.931626
SCF:0003069|AD,0.036551
SCF:0003070|AC,0.960465
SCF:0003070|AD,0.988384
SCF:0003071|AC,0.965377
SCF:0003071|AD,0.435222
SCF:0003072|AC,0.989462
SCF:0003072|AD,0.976134
SCF:0003073|AC,0.989462
SCF:0003073|AD,0.966353
SCF:0003077|AC,0.324431
SCF:0003077|AD,0.915598
SCF:0003080|AC,0.423992
SCF:0003080|AD,0.057377
SCF:0003081|AC,0.194532
SCF:0003081|AD,0.935984
SCF:0003104|AC,0.441252
SCF:0003104|AD,0.020739
SCF:0003106|AC,0.197569
SCF:0003106|AD,0.028603
SCF:0003116|AC,0.000374
SCF:0003116|AD,0.001583
SCF:0003124|AC,0.888264
SCF:0003124|AD,0.547583
SCF:0003125|AC,0.987109
SCF:0003125|AD,0.980964
SCF:0003129|AC,0.674956
SCF:0003129|AD,0.066155
SCF:0003130|AC,0.253419
SCF:0003130|AD,0.815440
SCF:0003134|AC,0.945871
SCF:0003134|AD,0.987477
SCF:0003138|AC,0.956455
SCF:0003138|AD,0.361610
SCF:0003141|AC,0.787183
SCF:0003141|AD,0.781963
SCF:0003143|AC,0.805247
SCF:0003143|AD,0.964238
SCF:0003144|AC,0.996231
SCF:0003144|AD,0.998217
SCF:0003145|AC,0.996231
SCF:0003145|AD,0.996955
SCF:0003151|AC,0.001190
SCF:0003151|AD,0.000195
SCF:0003152|AC,0.691505
SCF:0003152|AD,0.839801
SCF:0003170|AC,0.793916
SCF:0003170|AD,0.462776
SCF:0003171|AC,0.619018
SCF:0003171|AD,0.964464
SCF:0003172|AC,0.904125
SCF:0003172|AD,0.984073
SCF:0003173|AC,0.904125
SCF:0003173|AD,0.943224
SCF:0003174|AC,0.011458
SCF:0003174|AD,0.964464
SCF:0003175|AC,0.021184
SCF:0003175|AD,0.598396
SCF:0003176|AC,0.015688
SCF:0003176|AD,0.007783
SCF:0003177|AC,0.015688
SCF:0003177|AD,0.728801
SCF:0003178|AC,0.995091
SCF:0003178|AD,0.995890
SCF:0003179|AC,0.005353
SCF:0003179|AD,0.011700
SCF:0003189|AC,0.958535
SCF:0003189|AD,0.854589
SCF:0003191|AC,0.000451
SCF:0003191|AD,0.001693
SCF:0003192|AC,0.990209
SCF:0003192|AD,0.213019
SCF:0003193|AC,0.990209
SCF:0003193|AD,0.333517
SCF:0003194|AC,0.976271
SCF:0003194|AD,0.146715
SCF:0003209|AC,0.995924
SCF:0003209|AD,0.995759
SCF:0003210|AC,0.025116
SCF:0003210|AD,0.901580
SCF:0003211|AC,0.984505
SCF:0003211|AD,0.719753
SCF:0003228|AC,0.973033
SCF:0003228|AD,0.725396
SCF:0003234|AC,0.990601
SCF:0003234|AD,0.983587
SCF:0003244|AC,0.998088
SCF:0003244|AD,0.993471
SCF:0003245|AC,0.919350
SCF:0003245|AD,0.114292
SCF:0003246|AC,0.919350
SCF:0003246|AD,0.543686
SCF:0003247|AC,0.768971
SCF:0003247|AD,0.917877
SCF:0003249|AC,0.259789
SCF:0003249|AD,0.969244
SCF:0003250|AC,0.458607
SCF:0003250|AD,0.529447
SCF:0003264|AC,0.998166
SCF:0003264|AD,0.998893
SCF:0003265|AC,0.109910
SCF:0003265|AD,0.614253
SCF:0003266|AC,0.995396
SCF:0003266|AD,0.995199
SCF:0003277|AC,0.055687
SCF:0003277|AD,0.368358
SCF:0003278|AC,0.644258
SCF:0003278|AD,0.515067
SCF:0003288|AC,0.421906
SCF:0003288|AD,0.154304
SCF:0003319|AC,0.995455
SCF:0003319|AD,0.994158
SCF:0003320|AC,0.953819
SCF:0003320|AD,0.990671
SCF:0003321|AC,0.953819
SCF:0003321|AD,0.994541
SCF:0003322|AC,0.998874
SCF:0003322|AD,0.996968
SCF:0003335|AC,0.296549
SCF:0003335|AD,0.142951
SCF:0003355|AC,0.521757
SCF:0003355|AD,0.846048
SCF:0003364|AC,0.996396
SCF:0003364|AD,0.984855
SCF:0003365|AC,0.742253
SCF:0003365|AD,0.023852
