directed_pair_id,score
SCF:0000001|AC,0.085203
SCF:0000001|AD,0.930034
SCF:0000002|AC,0.085203
SCF:0000002|AD,0.748318
SCF:0000004|AC,0.022604
SCF:0000004|AD,0.996735
SCF:0000005|AC,0.022604
SCF:0000005|AD,0.994465
SCF:0000006|AC,0.022604
SCF:0000006|AD,0.998711
SCF:0000007|AC,0.034912
SCF:0000007|AD,0.956488
SCF:0000008|AC,0.034912
SCF:0000008|AD,0.263104
SCF:0000009|AC,0.666306
SCF:0000009|AD,0.666306
SCF:0000014|AC,0.180432
SCF:0000014|AD,0.908548
SCF:0000015|AC,0.180432
SCF:0000015|AD,0.966252
SCF:0000016|AC,0.180432
SCF:0000016|AD,0.976534
SCF:0000021|AC,0.324815
SCF:0000021|AD,0.882236
SCF:0000022|AC,0.324815
SCF:0000022|AD,0.796583
SCF:0000023|AC,0.005175
SCF:0000023|AD,0.942090
SCF:0000024|AC,0.118353
SCF:0000024|AD,0.990370
SCF:0000025|AC,0.012415
SCF:0000025|AD,0.976320
SCF:0000026|AC,0.021049
SCF:0000026|AD,0.972454
SCF:0000027|AC,0.021049
SCF:0000027|AD,0.973551
SCF:0000028|AC,0.005570
SCF:0000028|AD,0.791016
SCF:0000029|AC,0.005570
SCF:0000029|AD,0.778758
SCF:0000030|AC,0.005570
SCF:0000030|AD,0.777419
SCF:0000031|AC,0.022848
SCF:0000031|AD,0.762074
SCF:0000033|AC,0.022504
SCF:0000033|AD,0.955007
SCF:0000034|AC,0.022504
SCF:0000034|AD,0.993052
SCF:0000035|AC,0.022504
SCF:0000035|AD,0.994318
SCF:0000041|AC,0.082477
SCF:0000041|AD,0.986692
SCF:0000044|AC,0.358819
SCF:0000044|AD,0.943643
SCF:0000045|AC,0.358819
SCF:0000045|AD,0.880724
SCF:0000046|AC,0.504998
SCF:0000046|AD,0.883021
SCF:0000047|AC,0.036584
SCF:0000047|AD,0.994659
SCF:0000048|AC,0.036584
SCF:0000048|AD,0.971548
SCF:0000049|AC,0.048271
SCF:0000049|AD,0.983054
SCF:0000050|AC,0.057929
SCF:0000050|AD,0.971163
SCF:0000052|AC,0.078521
SCF:0000052|AD,0.535432
SCF:0000053|AC,0.054340
SCF:0000053|AD,0.614757
SCF:0000054|AC,0.110112
SCF:0000054|AD,0.836322
SCF:0000055|AC,0.071533
SCF:0000055|AD,0.856469
SCF:0000058|AC,0.284906
SCF:0000058|AD,0.818912
SCF:0000059|AC,0.284906
SCF:0000059|AD,0.700906
SCF:0000060|AC,0.284906
SCF:0000060|AD,0.469440
SCF:0000061|AC,0.465612
SCF:0000061|AD,0.820012
SCF:0000069|AC,0.165480
SCF:0000069|AD,0.952915
SCF:0000071|AC,0.005220
SCF:0000071|AD,0.874326
SCF:0000075|AC,0.694740
SCF:0000075|AD,0.875797
SCF:0000077|AC,0.053621
SCF:0000077|AD,0.806052
SCF:0000078|AC,0.053621
SCF:0000078|AD,0.732578
SCF:0000081|AC,0.070782
SCF:0000081|AD,0.981358
SCF:0000082|AC,0.070782
SCF:0000082|AD,0.960842
SCF:0000083|AC,0.056682
SCF:0000083|AD,0.966244
SCF:0000084|AC,0.012449
SCF:0000084|AD,0.885593
SCF:0000085|AC,0.012449
SCF:0000085|AD,0.903570
SCF:0000086|AC,0.014567
SCF:0000086|AD,0.976032
SCF:0000087|AC,0.312364
SCF:0000087|AD,0.952899
SCF:0000088|AC,0.054631
SCF:0000088|AD,0.923562
SCF:0000089|AC,0.026536
SCF:0000089|AD,0.996760
SCF:0000090|AC,0.026536
SCF:0000090|AD,0.983142
SCF:0000093|AC,0.012597
SCF:0000093|AD,0.978975
SCF:0000094|AC,0.044700
SCF:0000094|AD,0.974757
SCF:0000096|AC,0.224542
SCF:0000096|AD,0.224542
SCF:0000097|AC,0.007821
SCF:0000097|AD,0.987447
SCF:0000098|AC,0.007821
SCF:0000098|AD,0.936253
SCF:0000099|AC,0.007821
SCF:0000099|AD,0.980336
SCF:0000100|AC,0.007746
SCF:0000100|AD,0.988247
SCF:0000101|AC,0.007746
SCF:0000101|AD,0.997995
SCF:0000102|AC,0.099234
SCF:0000102|AD,0.934684
SCF:0000103|AC,0.141410
SCF:0000103|AD,0.984640
SCF:0000104|AC,0.141410
SCF:0000104|AD,0.985425
SCF:0000106|AC,0.027639
SCF:0000106|AD,0.959842
SCF:0000110|AC,0.088143
SCF:0000110|AD,0.378059
SCF:0000112|AC,0.039496
SCF:0000112|AD,0.981358
SCF:0000113|AC,0.029536
SCF:0000113|AD,0.977940
SCF:0000114|AC,0.159782
SCF:0000114|AD,0.765928
SCF:0000115|AC,0.159782
SCF:0000115|AD,0.966252
SCF:0000116|AC,0.159782
SCF:0000116|AD,0.972414
SCF:0000117|AC,0.026812
SCF:0000117|AD,0.992560
SCF:0000119|AC,0.034479
SCF:0000119|AD,0.925344
SCF:0000120|AC,0.034479
SCF:0000120|AD,0.854526
SCF:0000121|AC,0.012456
SCF:0000121|AD,0.995161
SCF:0000122|AC,0.018596
SCF:0000122|AD,0.996859
SCF:0000127|AC,0.012525
SCF:0000127|AD,0.994204
SCF:0000128|AC,0.012525
SCF:0000128|AD,0.973737
SCF:0000129|AC,0.012525
SCF:0000129|AD,0.984554
SCF:0000131|AC,0.048351
SCF:0000131|AD,0.995948
SCF:0000132|AC,0.018816
SCF:0000132|AD,0.980242
SCF:0000133|AC,0.018816
SCF:0000133|AD,0.986283
SCF:0000134|AC,0.051417
SCF:0000134|AD,0.919210
SCF:0000135|AC,0.014741
SCF:0000135|AD,0.975337
SCF:0000136|AC,0.014741
SCF:0000136|AD,0.984412
SCF:0000137|AC,0.001307
SCF:0000137|AD,0.976393
SCF:0000138|AC,0.032161
SCF:0000138|AD,0.916157
SCF:0000143|AC,0.036977
SCF:0000143|AD,0.967089
SCF:0000144|AC,0.288911
SCF:0000144|AD,0.814546
SCF:0000145|AC,0.178836
SCF:0000145|AD,0.696707
SCF:0000146|AC,0.178836
SCF:0000146|AD,0.901920
SCF:0000147|AC,0.178836
SCF:0000147|AD,0.880198
SCF:0000148|AC,0.013387
SCF:0000148|AD,0.982699
SCF:0000149|AC,0.013387
SCF:0000149|AD,0.947742
SCF:0000150|AC,0.013387
SCF:0000150|AD,0.872798
SCF:0000151|AC,0.046195
SCF:0000151|AD,0.978576
SCF:0000152|AC,0.046195
SCF:0000152|AD,0.985955
SCF:0000153|AC,0.653649
SCF:0000153|AD,0.794563
SCF:0000154|AC,0.015254
SCF:0000154|AD,0.989915
SCF:0000159|AC,0.046640
SCF:0000159|AD,0.974039
SCF:0000160|AC,0.046640
SCF:0000160|AD,0.980895
SCF:0000164|AC,0.076210
SCF:0000164|AD,0.985445
SCF:0000169|AC,0.253997
SCF:0000169|AD,0.873266
SCF:0000173|AC,0.113233
SCF:0000173|AD,0.886249
SCF:0000174|AC,0.012289
SCF:0000174|AD,0.982191
SCF:0000175|AC,0.012289
SCF:0000175|AD,0.987175
SCF:0000180|AC,0.150326
SCF:0000180|AD,0.749250
SCF:0000181|AC,0.150326
SCF:0000181|AD,0.992037
SCF:0000182|AC,0.681497
SCF:0000182|AD,0.936884
SCF:0000183|AC,0.681497
SCF:0000183|AD,0.976534
SCF:0000184|AC,0.049553
SCF:0000184|AD,0.812129
SCF:0000186|AC,0.177461
SCF:0000186|AD,0.792759
SCF:0000190|AC,0.046230
SCF:0000190|AD,0.990326
SCF:0000191|AC,0.046230
SCF:0000191|AD,0.990870
SCF:0000192|AC,0.137492
SCF:0000192|AD,0.161619
SCF:0000193|AC,0.137492
SCF:0000193|AD,0.974782
SCF:0000195|AC,0.452351
SCF:0000195|AD,0.988090
SCF:0000196|AC,0.452351
SCF:0000196|AD,0.843739
SCF:0000197|AC,0.173432
SCF:0000197|AD,0.907984
SCF:0000199|AC,0.019431
SCF:0000199|AD,0.979604
SCF:0000200|AC,0.019431
SCF:0000200|AD,0.978926
SCF:0000201|AC,0.025833
SCF:0000201|AD,0.919764
SCF:0000202|AC,0.025833
SCF:0000202|AD,0.980297
SCF:0000203|AC,0.025833
SCF:0000203|AD,0.977756
SCF:0000206|AC,0.022757
SCF:0000206|AD,0.979604
SCF:0000207|AC,0.022757
SCF:0000207|AD,0.978926
SCF:0000208|AC,0.038234
SCF:0000208|AD,0.789112
SCF:0000209|AC,0.144707
SCF:0000209|AD,0.966252
SCF:0000210|AC,0.144707
SCF:0000210|AD,0.765928
SCF:0000211|AC,0.144707
SCF:0000211|AD,0.967633
SCF:0000212|AC,0.155794
SCF:0000212|AD,0.967633
SCF:0000213|AC,0.155794
SCF:0000213|AD,0.920186
SCF:0000214|AC,0.155794
SCF:0000214|AD,0.972414
SCF:0000215|AC,0.164279
SCF:0000215|AD,0.945661
SCF:0000216|AC,0.009252
SCF:0000216|AD,0.994530
SCF:0000217|AC,0.009252
SCF:0000217|AD,0.997003
SCF:0000219|AC,0.056186
SCF:0000219|AD,0.993283
SCF:0000220|AC,0.019625
SCF:0000220|AD,0.990607
SCF:0000221|AC,0.019625
SCF:0000221|AD,0.996735
SCF:0000222|AC,0.019625
SCF:0000222|AD,0.998711
SCF:0000224|AC,0.064656
SCF:0000224|AD,0.987421
SCF:0000225|AC,0.029158
SCF:0000225|AD,0.997954
SCF:0000226|AC,0.029158
SCF:0000226|AD,0.979394
SCF:0000227|AC,0.029158
SCF:0000227|AD,0.977583
SCF:0000228|AC,0.038180
SCF:0000228|AD,0.994328
SCF:0000229|AC,0.038180
SCF:0000229|AD,0.978845
SCF:0000230|AC,0.038180
SCF:0000230|AD,0.981242
SCF:0000231|AC,0.007686
SCF:0000231|AD,0.960901
SCF:0000232|AC,0.027523
SCF:0000232|AD,0.992698
SCF:0000233|AC,0.027523
SCF:0000233|AD,0.997534
SCF:0000234|AC,0.027523
SCF:0000234|AD,0.976561
SCF:0000237|AC,0.022610
SCF:0000237|AD,0.911011
SCF:0000238|AC,0.022610
SCF:0000238|AD,0.872984
SCF:0000239|AC,0.022610
SCF:0000239|AD,0.871759
SCF:0000240|AC,0.022386
SCF:0000240|AD,0.962890
SCF:0000241|AC,0.022386
SCF:0000241|AD,0.981461
SCF:0000248|AC,0.081463
SCF:0000248|AD,0.985328
SCF:0000249|AC,0.081463
SCF:0000249|AD,0.942675
SCF:0000250|AC,0.076463
SCF:0000250|AD,0.997683
SCF:0000251|AC,0.076463
SCF:0000251|AD,0.994273
SCF:0000254|AC,0.105496
SCF:0000254|AD,0.994255
SCF:0000255|AC,0.013367
SCF:0000255|AD,0.985355
SCF:0000256|AC,0.013367
SCF:0000256|AD,0.982526
SCF:0000257|AC,0.013367
SCF:0000257|AD,0.972230
SCF:0000258|AC,0.345950
SCF:0000258|AD,0.397911
SCF:0000260|AC,0.022998
SCF:0000260|AD,0.982213
SCF:0000261|AC,0.022998
SCF:0000261|AD,0.987189
SCF:0000262|AC,0.004754
SCF:0000262|AD,0.737248
SCF:0000263|AC,0.004754
SCF:0000263|AD,0.961449
SCF:0000264|AC,0.004754
SCF:0000264|AD,0.983234
SCF:0000265|AC,0.008819
SCF:0000265|AD,0.631941
SCF:0000266|AC,0.037958
SCF:0000266|AD,0.979650
SCF:0000267|AC,0.037958
SCF:0000267|AD,0.993396
SCF:0000268|AC,0.008902
SCF:0000268|AD,0.995362
SCF:0000269|AC,0.025869
SCF:0000269|AD,0.995975
SCF:0000271|AC,0.069877
SCF:0000271|AD,0.851546
SCF:0000272|AC,0.069877
SCF:0000272|AD,0.686831
SCF:0000273|AC,0.108854
SCF:0000273|AD,0.888046
SCF:0000274|AC,0.025192
SCF:0000274|AD,0.937267
SCF:0000275|AC,0.005645
SCF:0000275|AD,0.988575
SCF:0000276|AC,0.067712
SCF:0000276|AD,0.978238
SCF:0000277|AC,0.449214
SCF:0000277|AD,0.028087
SCF:0000288|AC,0.248359
SCF:0000288|AD,0.821767
SCF:0000291|AC,0.022292
SCF:0000291|AD,0.964887
SCF:0000292|AC,0.377346
SCF:0000292|AD,0.680380
SCF:0000293|AC,0.035026
SCF:0000293|AD,0.710886
SCF:0000294|AC,0.026381
SCF:0000294|AD,0.834159
SCF:0000295|AC,0.026381
SCF:0000295|AD,0.777113
SCF:0000296|AC,0.026381
SCF:0000296|AD,0.972602
SCF:0000299|AC,0.020396
SCF:0000299|AD,0.988491
SCF:0000300|AC,0.020396
SCF:0000300|AD,0.984010
SCF:0000301|AC,0.019968
SCF:0000301|AD,0.881867
SCF:0000302|AC,0.019968
SCF:0000302|AD,0.951970
SCF:0000303|AC,0.019968
SCF:0000303|AD,0.939228
SCF:0000304|AC,0.032780
SCF:0000304|AD,0.980868
SCF:0000305|AC,0.016289
SCF:0000305|AD,0.973361
SCF:0000306|AC,0.016289
SCF:0000306|AD,0.989201
SCF:0000307|AC,0.016289
SCF:0000307|AD,0.990475
SCF:0000308|AC,0.019410
SCF:0000308|AD,0.933634
SCF:0000309|AC,0.106513
SCF:0000309|AD,0.963023
SCF:0000310|AC,0.106513
SCF:0000310|AD,0.973863
SCF:0000312|AC,0.086789
SCF:0000312|AD,0.068790
SCF:0000314|AC,0.086789
SCF:0000314|AD,0.921332
SCF:0000315|AC,0.023582
SCF:0000315|AD,0.675303
SCF:0000316|AC,0.023582
SCF:0000316|AD,0.976461
SCF:0000317|AC,0.023582
SCF:0000317|AD,0.486149
SCF:0000323|AC,0.020869
SCF:0000323|AD,0.940338
SCF:0000324|AC,0.020869
SCF:0000324|AD,0.915762
SCF:0000325|AC,0.113116
SCF:0000325|AD,0.832590
SCF:0000327|AC,0.058130
SCF:0000327|AD,0.978238
SCF:0000328|AC,0.168558
SCF:0000328|AD,0.853039
SCF:0000329|AC,0.004021
SCF:0000329|AD,0.986992
SCF:0000330|AC,0.029677
SCF:0000330|AD,0.979321
SCF:0000331|AC,0.029677
SCF:0000331|AD,0.987447
SCF:0000332|AC,0.029677
SCF:0000332|AD,0.986169
SCF:0000333|AC,0.007569
SCF:0000333|AD,0.980718
SCF:0000334|AC,0.007569
SCF:0000334|AD,0.997389
SCF:0000335|AC,0.018897
SCF:0000335|AD,0.968745
SCF:0000336|AC,0.288180
SCF:0000336|AD,0.902868
SCF:0000337|AC,0.004985
SCF:0000337|AD,0.913517
SCF:0000338|AC,0.004985
SCF:0000338|AD,0.824631
SCF:0000339|AC,0.004985
SCF:0000339|AD,0.957389
SCF:0000340|AC,0.340794
SCF:0000340|AD,0.041508
SCF:0000341|AC,0.340794
SCF:0000341|AD,0.988942
SCF:0000342|AC,0.340794
SCF:0000342|AD,0.988942
SCF:0000343|AC,0.023050
SCF:0000343|AD,0.995306
SCF:0000349|AC,0.084163
SCF:0000349|AD,0.979437
SCF:0000350|AC,0.023636
SCF:0000350|AD,0.996945
SCF:0000351|AC,0.023636
SCF:0000351|AD,0.996757
SCF:0000354|AC,0.121812
SCF:0000354|AD,0.126260
SCF:0000355|AC,0.121812
SCF:0000355|AD,0.996015
SCF:0000356|AC,0.016354
SCF:0000356|AD,0.997280
SCF:0000357|AC,0.016354
SCF:0000357|AD,0.998612
SCF:0000358|AC,0.016354
SCF:0000358|AD,0.974868
SCF:0000359|AC,0.127304
SCF:0000359|AD,0.885593
SCF:0000360|AC,0.127304
SCF:0000360|AD,0.934914
SCF:0000361|AC,0.203147
SCF:0000361|AD,0.977118
SCF:0000362|AC,0.203147
SCF:0000362|AD,0.967079
SCF:0000363|AC,0.037224
SCF:0000363|AD,0.971418
SCF:0000364|AC,0.052207
SCF:0000364|AD,0.948476
SCF:0000366|AC,0.258498
SCF:0000366|AD,0.927423
SCF:0000367|AC,0.258498
SCF:0000367|AD,0.926415
SCF:0000368|AC,0.076889
SCF:0000368|AD,0.785824
SCF:0000369|AC,0.076889
SCF:0000369|AD,0.935590
SCF:0000370|AC,0.076889
SCF:0000370|AD,0.991130
SCF:0000372|AC,0.092932
SCF:0000372|AD,0.868520
SCF:0000373|AC,0.464164
SCF:0000373|AD,0.887626
SCF:0000382|AC,0.025081
SCF:0000382|AD,0.995172
SCF:0000383|AC,0.010406
SCF:0000383|AD,0.862237
SCF:0000389|AC,0.192888
SCF:0000389|AD,0.908548
SCF:0000390|AC,0.192888
SCF:0000390|AD,0.996868
SCF:0000391|AC,0.192888
SCF:0000391|AD,0.765928
SCF:0000392|AC,0.070506
SCF:0000392|AD,0.881558
SCF:0000393|AC,0.070506
SCF:0000393|AD,0.862058
SCF:0000394|AC,0.070506
SCF:0000394|AD,0.806115
SCF:0000395|AC,0.184923
SCF:0000395|AD,0.979562
SCF:0000396|AC,0.015720
SCF:0000396|AD,0.992247
SCF:0000398|AC,0.026652
SCF:0000398|AD,0.981133
SCF:0000399|AC,0.026652
SCF:0000399|AD,0.981133
SCF:0000400|AC,0.026652
SCF:0000400|AD,0.992044
SCF:0000404|AC,0.029555
SCF:0000404|AD,0.987961
SCF:0000405|AC,0.029555
SCF:0000405|AD,0.943670
SCF:0000406|AC,0.044930
SCF:0000406|AD,0.932078
SCF:0000414|AC,0.086835
SCF:0000414|AD,0.960673
SCF:0000415|AC,0.047537
SCF:0000415|AD,0.982803
SCF:0000416|AC,0.047537
SCF:0000416|AD,0.994063
SCF:0000417|AC,0.249040
SCF:0000417|AD,0.965712
SCF:0000418|AC,0.053894
SCF:0000418|AD,0.972641
SCF:0000419|AC,0.010480
SCF:0000419|AD,0.988785
SCF:0000420|AC,0.103512
SCF:0000420|AD,0.984894
SCF:0000424|AC,0.013492
SCF:0000424|AD,0.996550
SCF:0000425|AC,0.013492
SCF:0000425|AD,0.995128
SCF:0000426|AC,0.013492
SCF:0000426|AD,0.995203
SCF:0000427|AC,0.007336
SCF:0000427|AD,0.993558
SCF:0000428|AC,0.007336
SCF:0000428|AD,0.994023
SCF:0000429|AC,0.045606
SCF:0000429|AD,0.988491
SCF:0000430|AC,0.045606
SCF:0000430|AD,0.984010
SCF:0000431|AC,0.022039
SCF:0000431|AD,0.977158
SCF:0000432|AC,0.022039
SCF:0000432|AD,0.935770
SCF:0000433|AC,0.022039
SCF:0000433|AD,0.965961
SCF:0000438|AC,0.098494
SCF:0000438|AD,0.861241
SCF:0000439|AC,0.098494
SCF:0000439|AD,0.292036
SCF:0000440|AC,0.114707
SCF:0000440|AD,0.989201
SCF:0000441|AC,0.114707
SCF:0000441|AD,0.990475
SCF:0000442|AC,0.114707
SCF:0000442|AD,0.973361
SCF:0000443|AC,0.025055
SCF:0000443|AD,0.997428
SCF:0000444|AC,0.025055
SCF:0000444|AD,0.965412
SCF:0000445|AC,0.025055
SCF:0000445|AD,0.882063
SCF:0000446|AC,0.063531
SCF:0000446|AD,0.950514
SCF:0000448|AC,0.143703
SCF:0000448|AD,0.937149
SCF:0000449|AC,0.143703
SCF:0000449|AD,0.971178
SCF:0000450|AC,0.196577
SCF:0000450|AD,0.839170
SCF:0000451|AC,0.099462
SCF:0000451|AD,0.841561
SCF:0000452|AC,0.066436
SCF:0000452|AD,0.964704
SCF:0000453|AC,0.066436
SCF:0000453|AD,0.984842
SCF:0000454|AC,0.057460
SCF:0000454|AD,0.891709
SCF:0000455|AC,0.057460
SCF:0000455|AD,0.941475
SCF:0000459|AC,0.011902
SCF:0000459|AD,0.743979
SCF:0000461|AC,0.062602
SCF:0000461|AD,0.931128
SCF:0000462|AC,0.062602
SCF:0000462|AD,0.970580
SCF:0000463|AC,0.061492
SCF:0000463|AD,0.921080
SCF:0000465|AC,0.011257
SCF:0000465|AD,0.943073
SCF:0000466|AC,0.011257
SCF:0000466|AD,0.984640
SCF:0000467|AC,0.011257
SCF:0000467|AD,0.985425
SCF:0000470|AC,0.243539
SCF:0000470|AD,0.910567
SCF:0000472|AC,0.018952
SCF:0000472|AD,0.999186
SCF:0000473|AC,0.018952
SCF:0000473|AD,0.996446
SCF:0000474|AC,0.018952
SCF:0000474|AD,0.985530
SCF:0000477|AC,0.117547
SCF:0000477|AD,0.961497
SCF:0000478|AC,0.117547
SCF:0000478|AD,0.992760
SCF:0000479|AC,0.025357
SCF:0000479|AD,0.969237
SCF:0000480|AC,0.025357
SCF:0000480|AD,0.987636
SCF:0000481|AC,0.025357
SCF:0000481|AD,0.988388
SCF:0000484|AC,0.726852
SCF:0000484|AD,0.834764
SCF:0000486|AC,0.004797
SCF:0000486|AD,0.993898
SCF:0000487|AC,0.035652
SCF:0000487|AD,0.866162
SCF:0000488|AC,0.035652
SCF:0000488|AD,0.964827
SCF:0000489|AC,0.035652
SCF:0000489|AD,0.934038
SCF:0000490|AC,0.026133
SCF:0000490|AD,0.427158
SCF:0000491|AC,0.026133
SCF:0000491|AD,0.028148
SCF:0000492|AC,0.026133
SCF:0000492|AD,0.915894
SCF:0000493|AC,0.058021
SCF:0000493|AD,0.931419
SCF:0000494|AC,0.058021
SCF:0000494|AD,0.954136
SCF:0000495|AC,0.058021
SCF:0000495|AD,0.770011
SCF:0000496|AC,0.001080
SCF:0000496|AD,0.958451
SCF:0000497|AC,0.001080
SCF:0000497|AD,0.916776
SCF:0000498|AC,0.008410
SCF:0000498|AD,0.991324
SCF:0000499|AC,0.008410
SCF:0000499|AD,0.986001
SCF:0000500|AC,0.196098
SCF:0000500|AD,0.902490
SCF:0000501|AC,0.123617
SCF:0000501|AD,0.864298
SCF:0000502|AC,0.037415
SCF:0000502|AD,0.953407
SCF:0000503|AC,0.022051
SCF:0000503|AD,0.978926
SCF:0000504|AC,0.022051
SCF:0000504|AD,0.979604
SCF:0000505|AC,0.188488
SCF:0000505|AD,0.915602
SCF:0000507|AC,0.057859
SCF:0000507|AD,0.997526
SCF:0000508|AC,0.057859
SCF:0000508|AD,0.997526
SCF:0000509|AC,0.057859
SCF:0000509|AD,0.978034
SCF:0000510|AC,0.019235
SCF:0000510|AD,0.974518
SCF:0000511|AC,0.019235
SCF:0000511|AD,0.966900
SCF:0000512|AC,0.019235
SCF:0000512|AD,0.988905
SCF:0000513|AC,0.015490
SCF:0000513|AD,0.952763
SCF:0000514|AC,0.015490
SCF:0000514|AD,0.975819
SCF:0000515|AC,0.015490
SCF:0000515|AD,0.990314
SCF:0000521|AC,0.074520
SCF:0000521|AD,0.780290
SCF:0000522|AC,0.074520
SCF:0000522|AD,0.891740
SCF:0000523|AC,0.059887
SCF:0000523|AD,0.994324
SCF:0000524|AC,0.059887
SCF:0000524|AD,0.993680
SCF:0000525|AC,0.059887
SCF:0000525|AD,0.997442
SCF:0000526|AC,0.031993
SCF:0000526|AD,0.590093
SCF:0000527|AC,0.002621
SCF:0000527|AD,0.983102
SCF:0000528|AC,0.002621
SCF:0000528|AD,0.988443
SCF:0000529|AC,0.099324
SCF:0000529|AD,0.820437
SCF:0000530|AC,0.062083
SCF:0000530|AD,0.980697
SCF:0000531|AC,0.062083
SCF:0000531|AD,0.969425
SCF:0000532|AC,0.062083
SCF:0000532|AD,0.927268
SCF:0000533|AC,0.071564
SCF:0000533|AD,0.935770
SCF:0000534|AC,0.071564
SCF:0000534|AD,0.977158
SCF:0000535|AC,0.071564
SCF:0000535|AD,0.965961
SCF:0000539|AC,0.054980
SCF:0000539|AD,0.973551
SCF:0000540|AC,0.013913
SCF:0000540|AD,0.958709
SCF:0000541|AC,0.013913
SCF:0000541|AD,0.956958
SCF:0000542|AC,0.013913
SCF:0000542|AD,0.981882
SCF:0000547|AC,0.036042
SCF:0000547|AD,0.950338
SCF:0000548|AC,0.054465
SCF:0000548|AD,0.997514
SCF:0000549|AC,0.054465
SCF:0000549|AD,0.983290
SCF:0000550|AC,0.054465
SCF:0000550|AD,0.994089
SCF:0000554|AC,0.027916
SCF:0000554|AD,0.995800
SCF:0000555|AC,0.026194
SCF:0000555|AD,0.961072
SCF:0000557|AC,0.088157
SCF:0000557|AD,0.888046
SCF:0000558|AC,0.391953
SCF:0000558|AD,0.786474
SCF:0000559|AC,0.111755
SCF:0000559|AD,0.948000
SCF:0000561|AC,0.053690
SCF:0000561|AD,0.963300
SCF:0000562|AC,0.023314
SCF:0000562|AD,0.990501
SCF:0000563|AC,0.023314
SCF:0000563|AD,0.990501
SCF:0000564|AC,0.023314
SCF:0000564|AD,0.991130
SCF:0000569|AC,0.117729
SCF:0000569|AD,0.880945
SCF:0000572|AC,0.026113
SCF:0000572|AD,0.956709
SCF:0000573|AC,0.026113
SCF:0000573|AD,0.579336
SCF:0000575|AC,0.002430
SCF:0000575|AD,0.986170
SCF:0000576|AC,0.002430
SCF:0000576|AD,0.963312
SCF:0000577|AC,0.006561
SCF:0000577|AD,0.976198
SCF:0000578|AC,0.006561
SCF:0000578|AD,0.924398
SCF:0000579|AC,0.006561
SCF:0000579|AD,0.996336
SCF:0000580|AC,0.021591
SCF:0000580|AD,0.969894
SCF:0000585|AC,0.086476
SCF:0000585|AD,0.926909
SCF:0000586|AC,0.058574
SCF:0000586|AD,0.946089
SCF:0000587|AC,0.045917
SCF:0000587|AD,0.979578
SCF:0000589|AC,0.098482
SCF:0000589|AD,0.990081
SCF:0000590|AC,0.231723
SCF:0000590|AD,0.846045
SCF:0000591|AC,0.060022
SCF:0000591|AD,0.984220
SCF:0000592|AC,0.014956
SCF:0000592|AD,0.996945
SCF:0000593|AC,0.014956
SCF:0000593|AD,0.996757
SCF:0000596|AC,0.092543
SCF:0000596|AD,0.989914
SCF:0000597|AC,0.092543
SCF:0000597|AD,0.812957
SCF:0000599|AC,0.002252
SCF:0000599|AD,0.996146
SCF:0000600|AC,0.002252
SCF:0000600|AD,0.950461
SCF:0000601|AC,0.061495
SCF:0000601|AD,0.989889
SCF:0000602|AC,0.061495
SCF:0000602|AD,0.992845
SCF:0000603|AC,0.007614
SCF:0000603|AD,0.939732
SCF:0000604|AC,0.527117
SCF:0000604|AD,0.542403
SCF:0000605|AC,0.083311
SCF:0000605|AD,0.988491
SCF:0000606|AC,0.083311
SCF:0000606|AD,0.984010
SCF:0000607|AC,0.083311
SCF:0000607|AD,0.956264
SCF:0000608|AC,0.049891
SCF:0000608|AD,0.838224
SCF:0000609|AC,0.039351
SCF:0000609|AD,0.947389
SCF:0000610|AC,0.039351
SCF:0000610|AD,0.934766
SCF:0000611|AC,0.033806
SCF:0000611|AD,0.983504
SCF:0000614|AC,0.044984
SCF:0000614|AD,0.960857
SCF:0000615|AC,0.044984
SCF:0000615|AD,0.878829
SCF:0000616|AC,0.046379
SCF:0000616|AD,0.941829
SCF:0000617|AC,0.046379
SCF:0000617|AD,0.934912
SCF:0000618|AC,0.046379
SCF:0000618|AD,0.955798
SCF:0000619|AC,0.120646
SCF:0000619|AD,0.736052
SCF:0000620|AC,0.120646
SCF:0000620|AD,0.976603
SCF:0000621|AC,0.063029
SCF:0000621|AD,0.802401
SCF:0000622|AC,0.131673
SCF:0000622|AD,0.646386
SCF:0000623|AC,0.175580
SCF:0000623|AD,0.806052
SCF:0000624|AC,0.175580
SCF:0000624|AD,0.311127
SCF:0000625|AC,0.604221
SCF:0000625|AD,0.954867
SCF:0000627|AC,0.009618
SCF:0000627|AD,0.988019
SCF:0000628|AC,0.009618
SCF:0000628|AD,0.972148
SCF:0000629|AC,0.009618
SCF:0000629|AD,0.974447
SCF:0000630|AC,0.012710
SCF:0000630|AD,0.997614
SCF:0000631|AC,0.012710
SCF:0000631|AD,0.991434
SCF:0000632|AC,0.031890
SCF:0000632|AD,0.976320
SCF:0000636|AC,0.048062
SCF:0000636|AD,0.965902
SCF:0000637|AC,0.048062
SCF:0000637|AD,0.965902
SCF:0000638|AC,0.048062
SCF:0000638|AD,0.991880
SCF:0000641|AC,0.027430
SCF:0000641|AD,0.982343
SCF:0000648|AC,0.888286
SCF:0000648|AD,0.338307
SCF:0000649|AC,0.043089
SCF:0000649|AD,0.956384
SCF:0000650|AC,0.043089
SCF:0000650|AD,0.985246
SCF:0000651|AC,0.270569
SCF:0000651|AD,0.972722
SCF:0000653|AC,0.036462
SCF:0000653|AD,0.967360
SCF:0000658|AC,0.123293
SCF:0000658|AD,0.991054
SCF:0000659|AC,0.097285
SCF:0000659|AD,0.708126
SCF:0000660|AC,0.097285
SCF:0000660|AD,0.979917
SCF:0000661|AC,0.273103
SCF:0000661|AD,0.817699
SCF:0000662|AC,0.136609
SCF:0000662|AD,0.981768
SCF:0000663|AC,0.136609
SCF:0000663|AD,0.928864
SCF:0000664|AC,0.136609
SCF:0000664|AD,0.997922
SCF:0000665|AC,0.016602
SCF:0000665|AD,0.986809
SCF:0000666|AC,0.016602
SCF:0000666|AD,0.975513
SCF:0000667|AC,0.077532
SCF:0000667|AD,0.949993
SCF:0000668|AC,0.082754
SCF:0000668|AD,0.979489
SCF:0000669|AC,0.022425
SCF:0000669|AD,0.958451
SCF:0000670|AC,0.022425
SCF:0000670|AD,0.961698
SCF:0000671|AC,0.166614
SCF:0000671|AD,0.932410
SCF:0000672|AC,0.682571
SCF:0000672|AD,0.940253
SCF:0000673|AC,0.030641
SCF:0000673|AD,0.981671
SCF:0000674|AC,0.030641
SCF:0000674|AD,0.980730
SCF:0000675|AC,0.041222
SCF:0000675|AD,0.829576
SCF:0000676|AC,0.023240
SCF:0000676|AD,0.962684
SCF:0000677|AC,0.023240
SCF:0000677|AD,0.936981
SCF:0000678|AC,0.023240
SCF:0000678|AD,0.988971
SCF:0000683|AC,0.114309
SCF:0000683|AD,0.954971
SCF:0000686|AC,0.043053
SCF:0000686|AD,0.878242
SCF:0000687|AC,0.043053
SCF:0000687|AD,0.987563
SCF:0000688|AC,0.048483
SCF:0000688|AD,0.107687
SCF:0000689|AC,0.029365
SCF:0000689|AD,0.959069
SCF:0000692|AC,0.452285
SCF:0000692|AD,0.517217
SCF:0000693|AC,0.452285
SCF:0000693|AD,0.692384
SCF:0000694|AC,0.452285
SCF:0000694|AD,0.650268
SCF:0000699|AC,0.112420
SCF:0000699|AD,0.820230
SCF:0000700|AC,0.035579
SCF:0000700|AD,0.439857
SCF:0000702|AC,0.211666
SCF:0000702|AD,0.795341
SCF:0000703|AC,0.211666
SCF:0000703|AD,0.891318
SCF:0000704|AC,0.211666
SCF:0000704|AD,0.935106
SCF:0000706|AC,0.763377
SCF:0000706|AD,0.844893
SCF:0000708|AC,0.048183
SCF:0000708|AD,0.957389
SCF:0000712|AC,0.898840
SCF:0000712|AD,0.882176
SCF:0000713|AC,0.570764
SCF:0000713|AD,0.830674
SCF:0000719|AC,0.033305
SCF:0000719|AD,0.513844
SCF:0000720|AC,0.033305
SCF:0000720|AD,0.985348
SCF:0000721|AC,0.079792
SCF:0000721|AD,0.964823
SCF:0000722|AC,0.164739
SCF:0000722|AD,0.915204
SCF:0000723|AC,0.002422
SCF:0000723|AD,0.989938
SCF:0000724|AC,0.386856
SCF:0000724|AD,0.386856
SCF:0000725|AC,0.318170
SCF:0000725|AD,0.767172
SCF:0000726|AC,0.318170
SCF:0000726|AD,0.781899
SCF:0000730|AC,0.296318
SCF:0000730|AD,0.967535
SCF:0000731|AC,0.296318
SCF:0000731|AD,0.914850
SCF:0000732|AC,0.126527
SCF:0000732|AD,0.964626
SCF:0000739|AC,0.394307
SCF:0000739|AD,0.832590
SCF:0000743|AC,0.704513
SCF:0000743|AD,0.680056
SCF:0000748|AC,0.032922
SCF:0000748|AD,0.972193
SCF:0000749|AC,0.032922
SCF:0000749|AD,0.946381
SCF:0000752|AC,0.141380
SCF:0000752|AD,0.530601
SCF:0000759|AC,0.022356
SCF:0000759|AD,0.996293
SCF:0000760|AC,0.022356
SCF:0000760|AD,0.996275
SCF:0000761|AC,0.022356
SCF:0000761|AD,0.969064
SCF:0000762|AC,0.015204
SCF:0000762|AD,0.993702
SCF:0000763|AC,0.015204
SCF:0000763|AD,0.993947
SCF:0000764|AC,0.015204
SCF:0000764|AD,0.983014
SCF:0000775|AC,0.350910
SCF:0000775|AD,0.764596
SCF:0000777|AC,0.049422
SCF:0000777|AD,0.854526
SCF:0000778|AC,0.049422
SCF:0000778|AD,0.968872
SCF:0000779|AC,0.049422
SCF:0000779|AD,0.925344
SCF:0000780|AC,0.056419
SCF:0000780|AD,0.952972
SCF:0000785|AC,0.054942
SCF:0000785|AD,0.992894
SCF:0000789|AC,0.031424
SCF:0000789|AD,0.967535
SCF:0000790|AC,0.031424
SCF:0000790|AD,0.914850
SCF:0000795|AC,0.035344
SCF:0000795|AD,0.994908
SCF:0000796|AC,0.035344
SCF:0000796|AD,0.990076
SCF:0000797|AC,0.035344
SCF:0000797|AD,0.992914
SCF:0000798|AC,0.024458
SCF:0000798|AD,0.974509
SCF:0000799|AC,0.024458
SCF:0000799|AD,0.994162
SCF:0000800|AC,0.800247
SCF:0000800|AD,0.855112
SCF:0000801|AC,0.800247
SCF:0000801|AD,0.995743
SCF:0000804|AC,0.751267
SCF:0000804|AD,0.751267
SCF:0000805|AC,0.751267
SCF:0000805|AD,0.918310
SCF:0000806|AC,0.751267
SCF:0000806|AD,0.918310
SCF:0000817|AC,0.089183
SCF:0000817|AD,0.955697
SCF:0000818|AC,0.024134
SCF:0000818|AD,0.924185
SCF:0000819|AC,0.024134
SCF:0000819|AD,0.966244
SCF:0000821|AC,0.238154
SCF:0000821|AD,0.898014
SCF:0000822|AC,0.141342
SCF:0000822|AD,0.976758
SCF:0000823|AC,0.141342
SCF:0000823|AD,0.556271
SCF:0000824|AC,0.141342
SCF:0000824|AD,0.940781
SCF:0000825|AC,0.137576
SCF:0000825|AD,0.935950
SCF:0000826|AC,0.137576
SCF:0000826|AD,0.944007
SCF:0000830|AC,0.048549
SCF:0000830|AD,0.982709
SCF:0000831|AC,0.074758
SCF:0000831|AD,0.861365
SCF:0000832|AC,0.074758
SCF:0000832|AD,0.902313
SCF:0000839|AC,0.281072
SCF:0000839|AD,0.963938
SCF:0000840|AC,0.281072
SCF:0000840|AD,0.937468
SCF:0000841|AC,0.514602
SCF:0000841|AD,0.854526
SCF:0000842|AC,0.514602
SCF:0000842|AD,0.925344
SCF:0000846|AC,0.110371
SCF:0000846|AD,0.992325
SCF:0000848|AC,0.125898
SCF:0000848|AD,0.976032
SCF:0000849|AC,0.021506
SCF:0000849|AD,0.943726
SCF:0000850|AC,0.021506
SCF:0000850|AD,0.992725
SCF:0000851|AC,0.021506
SCF:0000851|AD,0.994259
SCF:0000852|AC,0.051279
SCF:0000852|AD,0.795571
SCF:0000853|AC,0.051279
SCF:0000853|AD,0.926293
SCF:0000854|AC,0.004618
SCF:0000854|AD,0.976475
SCF:0000855|AC,0.004618
SCF:0000855|AD,0.991573
SCF:0000856|AC,0.006758
SCF:0000856|AD,0.976524
SCF:0000857|AC,0.006758
SCF:0000857|AD,0.996436
SCF:0000858|AC,0.097568
SCF:0000858|AD,0.967535
SCF:0000859|AC,0.097568
SCF:0000859|AD,0.921703
SCF:0000860|AC,0.029456
SCF:0000860|AD,0.983238
SCF:0000861|AC,0.029456
SCF:0000861|AD,0.975320
SCF:0000863|AC,0.032446
SCF:0000863|AD,0.995852
SCF:0000864|AC,0.032446
SCF:0000864|AD,0.988707
SCF:0000867|AC,0.107151
SCF:0000867|AD,0.965984
SCF:0000868|AC,0.034558
SCF:0000868|AD,0.990765
SCF:0000869|AC,0.034558
SCF:0000869|AD,0.924507
SCF:0000870|AC,0.034558
SCF:0000870|AD,0.633248
SCF:0000871|AC,0.753334
SCF:0000871|AD,0.083574
SCF:0000872|AC,0.470647
SCF:0000872|AD,0.849950
SCF:0000873|AC,0.398873
SCF:0000873|AD,0.924267
SCF:0000874|AC,0.015764
SCF:0000874|AD,0.989032
SCF:0000877|AC,0.027280
SCF:0000877|AD,0.985463
SCF:0000878|AC,0.018942
SCF:0000878|AD,0.995290
SCF:0000879|AC,0.018942
SCF:0000879|AD,0.995290
SCF:0000882|AC,0.020830
SCF:0000882|AD,0.951211
SCF:0000883|AC,0.011416
SCF:0000883|AD,0.947233
SCF:0000884|AC,0.183584
SCF:0000884|AD,0.968112
SCF:0000886|AC,0.183584
SCF:0000886|AD,0.813065
SCF:0000888|AC,0.596454
SCF:0000888|AD,0.786383
SCF:0000889|AC,0.661421
SCF:0000889|AD,0.918996
SCF:0000890|AC,0.001914
SCF:0000890|AD,0.844375
SCF:0000891|AC,0.000999
SCF:0000891|AD,0.986844
SCF:0000892|AC,0.016625
SCF:0000892|AD,0.801244
SCF:0000893|AC,0.016625
SCF:0000893|AD,0.939228
SCF:0000894|AC,0.016625
SCF:0000894|AD,0.918140
SCF:0000895|AC,0.162305
SCF:0000895|AD,0.931873
SCF:0000896|AC,0.162305
SCF:0000896|AD,0.976034
SCF:0000898|AC,0.033170
SCF:0000898|AD,0.982844
SCF:0000902|AC,0.748805
SCF:0000902|AD,0.464316
SCF:0000903|AC,0.748805
SCF:0000903|AD,0.967063
SCF:0000904|AC,0.746350
SCF:0000904|AD,0.897679
SCF:0000906|AC,0.010616
SCF:0000906|AD,0.968812
SCF:0000907|AC,0.045049
SCF:0000907|AD,0.947417
SCF:0000908|AC,0.036777
SCF:0000908|AD,0.992636
SCF:0000909|AC,0.230817
SCF:0000909|AD,0.958451
SCF:0000914|AC,0.051376
SCF:0000914|AD,0.891565
SCF:0000918|AC,0.024127
SCF:0000918|AD,0.974518
SCF:0000919|AC,0.213467
SCF:0000919|AD,0.814072
SCF:0000925|AC,0.212784
SCF:0000925|AD,0.878393
SCF:0000927|AC,0.064799
SCF:0000927|AD,0.904343
SCF:0000928|AC,0.064799
SCF:0000928|AD,0.658602
SCF:0000929|AC,0.241374
SCF:0000929|AD,0.997226
SCF:0000930|AC,0.241374
SCF:0000930|AD,0.978034
SCF:0000932|AC,0.019829
SCF:0000932|AD,0.817537
SCF:0000933|AC,0.019829
SCF:0000933|AD,0.986992
SCF:0000934|AC,0.165128
SCF:0000934|AD,0.842223
SCF:0000935|AC,0.015636
SCF:0000935|AD,0.996945
SCF:0000938|AC,0.132867
SCF:0000938|AD,0.952421
SCF:0000939|AC,0.328842
SCF:0000939|AD,0.539450
SCF:0000940|AC,0.060675
SCF:0000940|AD,0.659656
SCF:0000941|AC,0.082002
SCF:0000941|AD,0.908100
SCF:0000943|AC,0.625288
SCF:0000943|AD,0.687028
SCF:0000944|AC,0.625288
SCF:0000944|AD,0.650268
SCF:0000946|AC,0.318751
SCF:0000946|AD,0.824445
SCF:0000948|AC,0.590926
SCF:0000948|AD,0.757186
SCF:0000956|AC,0.085141
SCF:0000956|AD,0.912962
SCF:0000957|AC,0.085141
SCF:0000957|AD,0.923648
SCF:0000959|AC,0.110339
SCF:0000959|AD,0.770988
SCF:0000962|AC,0.124412
SCF:0000962|AD,0.781100
SCF:0000964|AC,0.012999
SCF:0000964|AD,0.976032
SCF:0000965|AC,0.024267
SCF:0000965|AD,0.983054
SCF:0000966|AC,0.016533
SCF:0000966|AD,0.877727
SCF:0000967|AC,0.016533
SCF:0000967|AD,0.957348
SCF:0000969|AC,0.048259
SCF:0000969|AD,0.881654
SCF:0000970|AC,0.048259
SCF:0000970|AD,0.764623
SCF:0000972|AC,0.125506
SCF:0000972|AD,0.922938
SCF:0000984|AC,0.125420
SCF:0000984|AD,0.938779
SCF:0000985|AC,0.125420
SCF:0000985|AD,0.776956
SCF:0000986|AC,0.125420
SCF:0000986|AD,0.570105
SCF:0000987|AC,0.180667
SCF:0000987|AD,0.853237
SCF:0000988|AC,0.180667
SCF:0000988|AD,0.975832
SCF:0000989|AC,0.180667
SCF:0000989|AD,0.962350
SCF:0000990|AC,0.497122
SCF:0000990|AD,0.779266
SCF:0000991|AC,0.011182
SCF:0000991|AD,0.995210
SCF:0000992|AC,0.011182
SCF:0000992|AD,0.998275
SCF:0000993|AC,0.016456
SCF:0000993|AD,0.993452
SCF:0000996|AC,0.110991
SCF:0000996|AD,0.792505
SCF:0000997|AC,0.110991
SCF:0000997|AD,0.779848
SCF:0000998|AC,0.425297
SCF:0000998|AD,0.544088
SCF:0001000|AC,0.054786
SCF:0001000|AD,0.963938
SCF:0001001|AC,0.054786
SCF:0001001|AD,0.937468
SCF:0001002|AC,0.035915
SCF:0001002|AD,0.924687
SCF:0001003|AC,0.035915
SCF:0001003|AD,0.971307
SCF:0001004|AC,0.035915
SCF:0001004|AD,0.969251
SCF:0001010|AC,0.154860
SCF:0001010|AD,0.884436
SCF:0001011|AC,0.154860
SCF:0001011|AD,0.905450
SCF:0001012|AC,0.102646
SCF:0001012|AD,0.915761
SCF:0001013|AC,0.102646
SCF:0001013|AD,0.914359
SCF:0001014|AC,0.074365
SCF:0001014|AD,0.980010
SCF:0001018|AC,0.160649
SCF:0001018|AD,0.651799
SCF:0001026|AC,0.158992
SCF:0001026|AD,0.551359
SCF:0001027|AC,0.158992
SCF:0001027|AD,0.708126
SCF:0001028|AC,0.158992
SCF:0001028|AD,0.979917
SCF:0001029|AC,0.027557
SCF:0001029|AD,0.933896
SCF:0001030|AC,0.095871
SCF:0001030|AD,0.938066
SCF:0001034|AC,0.038710
SCF:0001034|AD,0.482122
SCF:0001035|AC,0.038710
SCF:0001035|AD,0.969425
SCF:0001036|AC,0.308399
SCF:0001036|AD,0.868721
SCF:0001037|AC,0.043518
SCF:0001037|AD,0.980518
SCF:0001038|AC,0.046381
SCF:0001038|AD,0.978208
SCF:0001039|AC,0.046381
SCF:0001039|AD,0.986180
SCF:0001040|AC,0.046381
SCF:0001040|AD,0.938479
SCF:0001041|AC,0.021804
SCF:0001041|AD,0.721844
SCF:0001042|AC,0.021804
SCF:0001042|AD,0.844739
SCF:0001043|AC,0.022798
SCF:0001043|AD,0.915919
SCF:0001044|AC,0.022798
SCF:0001044|AD,0.971518
SCF:0001045|AC,0.056714
SCF:0001045|AD,0.995213
SCF:0001046|AC,0.095318
SCF:0001046|AD,0.095539
SCF:0001047|AC,0.095318
SCF:0001047|AD,0.955147
SCF:0001050|AC,0.047648
SCF:0001050|AD,0.971251
SCF:0001051|AC,0.016394
SCF:0001051|AD,0.896483
SCF:0001052|AC,0.946897
SCF:0001052|AD,0.662716
SCF:0001053|AC,0.018398
SCF:0001053|AD,0.992357
SCF:0001054|AC,0.089600
SCF:0001054|AD,0.992357
SCF:0001055|AC,0.089600
SCF:0001055|AD,0.916628
SCF:0001057|AC,0.045715
SCF:0001057|AD,0.922906
SCF:0001059|AC,0.143136
SCF:0001059|AD,0.936342
SCF:0001060|AC,0.187136
SCF:0001060|AD,0.889755
SCF:0001061|AC,0.035332
SCF:0001061|AD,0.988491
SCF:0001062|AC,0.035332
SCF:0001062|AD,0.984010
SCF:0001063|AC,0.035332
SCF:0001063|AD,0.956264
SCF:0001064|AC,0.675303
SCF:0001064|AD,0.675303
SCF:0001065|AC,0.675303
SCF:0001065|AD,0.486149
SCF:0001066|AC,0.675303
SCF:0001066|AD,0.976461
SCF:0001068|AC,0.013723
SCF:0001068|AD,0.982080
SCF:0001069|AC,0.013723
SCF:0001069|AD,0.995828
SCF:0001070|AC,0.013723
SCF:0001070|AD,0.992428
SCF:0001073|AC,0.013188
SCF:0001073|AD,0.930721
SCF:0001074|AC,0.013188
SCF:0001074|AD,0.997406
SCF:0001075|AC,0.013188
SCF:0001075|AD,0.991867
SCF:0001076|AC,0.065796
SCF:0001076|AD,0.976032
SCF:0001083|AC,0.120326
SCF:0001083|AD,0.986100
SCF:0001084|AC,0.008120
SCF:0001084|AD,0.983186
SCF:0001086|AC,0.028536
SCF:0001086|AD,0.992297
SCF:0001088|AC,0.068214
SCF:0001088|AD,0.927534
SCF:0001089|AC,0.068214
SCF:0001089|AD,0.965259
SCF:0001090|AC,0.068214
SCF:0001090|AD,0.931049
SCF:0001091|AC,0.128352
SCF:0001091|AD,0.696625
SCF:0001095|AC,0.577491
SCF:0001095|AD,0.517305
SCF:0001096|AC,0.055111
SCF:0001096|AD,0.987986
SCF:0001097|AC,0.055111
SCF:0001097|AD,0.676088
SCF:0001098|AC,0.055111
SCF:0001098|AD,0.996255
SCF:0001099|AC,0.178476
SCF:0001099|AD,0.885777
SCF:0001100|AC,0.178476
SCF:0001100|AD,0.890801
SCF:0001101|AC,0.092699
SCF:0001101|AD,0.947095
SCF:0001102|AC,0.092699
SCF:0001102|AD,0.994609
SCF:0001103|AC,0.079359
SCF:0001103|AD,0.983927
SCF:0001104|AC,0.079359
SCF:0001104|AD,0.980801
SCF:0001105|AC,0.055311
SCF:0001105|AD,0.628450
SCF:0001106|AC,0.055311
SCF:0001106|AD,0.850366
SCF:0001107|AC,0.055311
SCF:0001107|AD,0.951885
SCF:0001108|AC,0.067901
SCF:0001108|AD,0.883254
SCF:0001110|AC,0.041850
SCF:0001110|AD,0.984490
SCF:0001111|AC,0.041850
SCF:0001111|AD,0.958261
SCF:0001112|AC,0.109252
SCF:0001112|AD,0.920583
SCF:0001113|AC,0.109252
SCF:0001113|AD,0.711072
SCF:0001114|AC,0.109252
SCF:0001114|AD,0.985463
SCF:0001115|AC,0.008589
SCF:0001115|AD,0.996106
SCF:0001117|AC,0.003879
SCF:0001117|AD,0.721688
SCF:0001121|AC,0.034089
SCF:0001121|AD,0.034089
SCF:0001122|AC,0.034089
SCF:0001122|AD,0.961981
SCF:0001123|AC,0.034089
SCF:0001123|AD,0.751267
SCF:0001124|AC,0.096385
SCF:0001124|AD,0.682067
SCF:0001125|AC,0.096385
SCF:0001125|AD,0.878128
SCF:0001126|AC,0.085246
SCF:0001126|AD,0.974513
SCF:0001127|AC,0.224468
SCF:0001127|AD,0.927559
SCF:0001130|AC,0.082367
SCF:0001130|AD,0.969632
SCF:0001136|AC,0.019602
SCF:0001136|AD,0.898876
SCF:0001145|AC,0.037005
SCF:0001145|AD,0.977810
SCF:0001146|AC,0.037005
SCF:0001146|AD,0.987734
SCF:0001150|AC,0.270028
SCF:0001150|AD,0.960053
SCF:0001151|AC,0.270028
SCF:0001151|AD,0.966525
SCF:0001152|AC,0.270028
SCF:0001152|AD,0.841858
SCF:0001156|AC,0.150431
SCF:0001156|AD,0.905830
SCF:0001157|AC,0.468396
SCF:0001157|AD,0.919635
SCF:0001159|AC,0.674370
SCF:0001159|AD,0.269468
SCF:0001160|AC,0.291743
SCF:0001160|AD,0.917472
SCF:0001161|AC,0.055731
SCF:0001161|AD,0.996735
SCF:0001162|AC,0.055731
SCF:0001162|AD,0.994465
SCF:0001163|AC,0.055731
SCF:0001163|AD,0.998711
SCF:0001169|AC,0.051287
SCF:0001169|AD,0.919011
SCF:0001173|AC,0.041396
SCF:0001173|AD,0.980895
SCF:0001174|AC,0.041759
SCF:0001174|AD,0.690047
SCF:0001175|AC,0.034195
SCF:0001175|AD,0.894325
SCF:0001176|AC,0.008879
SCF:0001176|AD,0.986005
SCF:0001177|AC,0.008879
SCF:0001177|AD,0.997148
SCF:0001178|AC,0.008879
SCF:0001178|AD,0.972754
SCF:0001189|AC,0.201058
SCF:0001189|AD,0.853262
SCF:0001190|AC,0.201058
SCF:0001190|AD,0.903254
SCF:0001191|AC,0.201058
SCF:0001191|AD,0.898988
SCF:0001192|AC,0.090604
SCF:0001192|AD,0.945723
SCF:0001193|AC,0.090604
SCF:0001193|AD,0.944837
SCF:0001194|AC,0.015441
SCF:0001194|AD,0.952025
SCF:0001195|AC,0.015441
SCF:0001195|AD,0.868123
SCF:0001196|AC,0.015441
SCF:0001196|AD,0.976768
SCF:0001197|AC,0.179936
SCF:0001197|AD,0.842843
SCF:0001198|AC,0.252306
SCF:0001198|AD,0.646386
SCF:0001200|AC,0.020654
SCF:0001200|AD,0.991247
SCF:0001201|AC,0.020654
SCF:0001201|AD,0.989485
SCF:0001202|AC,0.020654
SCF:0001202|AD,0.996332
SCF:0001203|AC,0.089090
SCF:0001203|AD,0.910262
SCF:0001204|AC,0.089077
SCF:0001204|AD,0.789423
SCF:0001205|AC,0.630255
SCF:0001205|AD,0.935104
SCF:0001211|AC,0.056319
SCF:0001211|AD,0.962522
SCF:0001213|AC,0.056319
SCF:0001213|AD,0.987614
SCF:0001221|AC,0.024330
SCF:0001221|AD,0.943175
SCF:0001222|AC,0.707185
SCF:0001222|AD,0.707185
SCF:0001224|AC,0.284597
SCF:0001224|AD,0.365148
SCF:0001225|AC,0.045802
SCF:0001225|AD,0.983680
SCF:0001228|AC,0.012951
SCF:0001228|AD,0.989151
SCF:0001235|AC,0.066861
SCF:0001235|AD,0.962191
SCF:0001236|AC,0.671094
SCF:0001236|AD,0.928160
SCF:0001237|AC,0.020895
SCF:0001237|AD,0.982705
SCF:0001238|AC,0.020895
SCF:0001238|AD,0.985214
SCF:0001239|AC,0.020895
SCF:0001239|AD,0.985214
SCF:0001240|AC,0.116328
SCF:0001240|AD,0.986183
SCF:0001241|AC,0.080404
SCF:0001241|AD,0.988497
SCF:0001242|AC,0.848596
SCF:0001242|AD,0.871133
SCF:0001250|AC,0.032764
SCF:0001250|AD,0.971548
SCF:0001251|AC,0.032764
SCF:0001251|AD,0.990905
SCF:0001252|AC,0.032764
SCF:0001252|AD,0.994659
SCF:0001253|AC,0.043969
SCF:0001253|AD,0.903570
SCF:0001254|AC,0.135175
SCF:0001254|AD,0.972753
SCF:0001255|AC,0.025833
SCF:0001255|AD,0.919764
SCF:0001256|AC,0.019431
SCF:0001256|AD,0.979604
SCF:0001257|AC,0.019431
SCF:0001257|AD,0.978926
SCF:0001258|AC,0.029685
SCF:0001258|AD,0.973627
SCF:0001259|AC,0.029685
SCF:0001259|AD,0.902868
SCF:0001260|AC,0.781866
SCF:0001260|AD,0.844375
SCF:0001261|AC,0.059730
SCF:0001261|AD,0.965258
SCF:0001262|AC,0.059730
SCF:0001262|AD,0.925684
SCF:0001269|AC,0.117098
SCF:0001269|AD,0.953639
SCF:0001270|AC,0.044464
SCF:0001270|AD,0.978936
SCF:0001271|AC,0.044464
SCF:0001271|AD,0.964889
SCF:0001272|AC,0.044464
SCF:0001272|AD,0.984175
SCF:0001275|AC,0.031793
SCF:0001275|AD,0.996139
SCF:0001276|AC,0.099972
SCF:0001276|AD,0.867332
SCF:0001279|AC,0.053191
SCF:0001279|AD,0.900688
SCF:0001283|AC,0.112609
SCF:0001283|AD,0.313394
SCF:0001284|AC,0.112609
SCF:0001284|AD,0.927632
SCF:0001285|AC,0.112609
SCF:0001285|AD,0.977528
SCF:0001286|AC,0.490644
SCF:0001286|AD,0.547494
SCF:0001287|AC,0.490644
SCF:0001287|AD,0.365488
SCF:0001290|AC,0.060534
SCF:0001290|AD,0.997243
SCF:0001295|AC,0.746038
SCF:0001295|AD,0.186592
SCF:0001296|AC,0.129713
SCF:0001296|AD,0.984834
SCF:0001297|AC,0.088747
SCF:0001297|AD,0.974861
SCF:0001298|AC,0.088747
SCF:0001298|AD,0.993283
SCF:0001299|AC,0.088747
SCF:0001299|AD,0.992757
SCF:0001300|AC,0.063433
SCF:0001300|AD,0.987367
SCF:0001301|AC,0.063433
SCF:0001301|AD,0.941531
SCF:0001302|AC,0.063433
SCF:0001302|AD,0.990260
SCF:0001308|AC,0.789112
SCF:0001308|AD,0.947355
SCF:0001309|AC,0.059366
SCF:0001309|AD,0.929088
SCF:0001310|AC,0.059366
SCF:0001310|AD,0.978094
SCF:0001311|AC,0.051569
SCF:0001311|AD,0.968680
SCF:0001312|AC,0.084658
SCF:0001312|AD,0.035169
SCF:0001314|AC,0.032798
SCF:0001314|AD,0.872588
SCF:0001315|AC,0.119699
SCF:0001315|AD,0.888604
SCF:0001316|AC,0.304240
SCF:0001316|AD,0.963463
SCF:0001319|AC,0.017843
SCF:0001319|AD,0.930122
SCF:0001320|AC,0.017843
SCF:0001320|AD,0.921133
SCF:0001321|AC,0.026953
SCF:0001321|AD,0.978657
SCF:0001322|AC,0.026953
SCF:0001322|AD,0.972692
SCF:0001323|AC,0.026953
SCF:0001323|AD,0.992187
SCF:0001324|AC,0.009145
SCF:0001324|AD,0.996293
SCF:0001325|AC,0.009145
SCF:0001325|AD,0.996275
SCF:0001326|AC,0.009145
SCF:0001326|AD,0.938613
SCF:0001327|AC,0.020616
SCF:0001327|AD,0.967079
SCF:0001328|AC,0.020616
SCF:0001328|AD,0.977118
SCF:0001329|AC,0.020616
SCF:0001329|AD,0.973271
SCF:0001333|AC,0.162476
SCF:0001333|AD,0.678488
SCF:0001334|AC,0.013132
SCF:0001334|AD,0.993885
SCF:0001335|AC,0.013132
SCF:0001335|AD,0.992640
SCF:0001336|AC,0.013132
SCF:0001336|AD,0.966911
SCF:0001340|AC,0.070384
SCF:0001340|AD,0.888951
SCF:0001343|AC,0.487250
SCF:0001343|AD,0.984220
SCF:0001349|AC,0.065061
SCF:0001349|AD,0.991961
SCF:0001350|AC,0.958642
SCF:0001350|AD,0.718961
SCF:0001352|AC,0.230773
SCF:0001352|AD,0.846861
SCF:0001353|AC,0.094200
SCF:0001353|AD,0.977940
SCF:0001354|AC,0.094200
SCF:0001354|AD,0.972005
SCF:0001357|AC,0.056076
SCF:0001357|AD,0.963562
SCF:0001358|AC,0.056076
SCF:0001358|AD,0.961330
SCF:0001366|AC,0.018542
SCF:0001366|AD,0.977810
SCF:0001367|AC,0.018542
SCF:0001367|AD,0.987734
SCF:0001368|AC,0.197939
SCF:0001368|AD,0.934684
SCF:0001369|AC,0.058339
SCF:0001369|AD,0.952972
SCF:0001372|AC,0.353101
SCF:0001372|AD,0.371506
SCF:0001373|AC,0.353101
SCF:0001373|AD,0.957112
SCF:0001374|AC,0.052489
SCF:0001374|AD,0.927235
SCF:0001375|AC,0.082224
SCF:0001375|AD,0.973586
SCF:0001376|AC,0.028825
SCF:0001376|AD,0.982188
SCF:0001377|AC,0.063035
SCF:0001377|AD,0.955370
SCF:0001379|AC,0.310244
SCF:0001379|AD,0.883254
SCF:0001380|AC,0.014326
SCF:0001380|AD,0.988971
SCF:0001381|AC,0.014326
SCF:0001381|AD,0.986005
SCF:0001382|AC,0.014326
SCF:0001382|AD,0.997148
SCF:0001386|AC,0.152054
SCF:0001386|AD,0.952015
SCF:0001387|AC,0.033923
SCF:0001387|AD,0.937161
SCF:0001391|AC,0.016142
SCF:0001391|AD,0.986870
SCF:0001392|AC,0.016142
SCF:0001392|AD,0.976111
SCF:0001393|AC,0.016142
SCF:0001393|AD,0.986054
SCF:0001402|AC,0.033195
SCF:0001402|AD,0.989938
SCF:0001403|AC,0.041183
SCF:0001403|AD,0.977118
SCF:0001404|AC,0.041183
SCF:0001404|AD,0.973271
SCF:0001405|AC,0.041183
SCF:0001405|AD,0.911289
SCF:0001406|AC,0.063680
SCF:0001406|AD,0.962350
SCF:0001407|AC,0.063680
SCF:0001407|AD,0.853237
SCF:0001408|AC,0.063680
SCF:0001408|AD,0.796002
SCF:0001409|AC,0.044025
SCF:0001409|AD,0.949018
SCF:0001410|AC,0.044025
SCF:0001410|AD,0.954767
SCF:0001411|AC,0.044025
SCF:0001411|AD,0.904052
SCF:0001415|AC,0.014186
SCF:0001415|AD,0.995975
SCF:0001418|AC,0.065452
SCF:0001418|AD,0.985368
SCF:0001419|AC,0.222206
SCF:0001419|AD,0.986978
SCF:0001420|AC,0.174366
SCF:0001420|AD,0.951466
SCF:0001423|AC,0.111629
SCF:0001423|AD,0.981232
SCF:0001424|AC,0.013784
SCF:0001424|AD,0.954505
SCF:0001431|AC,0.176442
SCF:0001431|AD,0.962350
SCF:0001432|AC,0.176442
SCF:0001432|AD,0.975832
SCF:0001433|AC,0.176442
SCF:0001433|AD,0.796002
SCF:0001434|AC,0.111303
SCF:0001434|AD,0.914789
SCF:0001435|AC,0.111303
SCF:0001435|AD,0.790124
SCF:0001436|AC,0.111303
SCF:0001436|AD,0.863796
SCF:0001438|AC,0.065730
SCF:0001438|AD,0.964823
SCF:0001440|AC,0.063456
SCF:0001440|AD,0.970467
SCF:0001446|AC,0.036373
SCF:0001446|AD,0.996609
SCF:0001447|AC,0.171564
SCF:0001447|AD,0.247688
SCF:0001448|AC,0.171564
SCF:0001448|AD,0.694136
SCF:0001449|AC,0.171564
SCF:0001449|AD,0.959227
SCF:0001450|AC,0.007383
SCF:0001450|AD,0.977528
SCF:0001461|AC,0.013719
SCF:0001461|AD,0.989938
SCF:0001462|AC,0.027874
SCF:0001462|AD,0.971548
SCF:0001463|AC,0.010432
SCF:0001463|AD,0.963959
SCF:0001464|AC,0.014444
SCF:0001464|AD,0.994670
SCF:0001471|AC,0.409678
SCF:0001471|AD,0.953821
SCF:0001472|AC,0.409678
SCF:0001472|AD,0.971812
SCF:0001473|AC,0.086638
SCF:0001473|AD,0.885374
SCF:0001474|AC,0.086638
SCF:0001474|AD,0.955680
SCF:0001476|AC,0.021968
SCF:0001476|AD,0.995306
SCF:0001477|AC,0.078994
SCF:0001477|AD,0.969585
SCF:0001478|AC,0.078994
SCF:0001478|AD,0.949186
SCF:0001479|AC,0.051474
SCF:0001479|AD,0.972333
SCF:0001483|AC,0.025650
SCF:0001483|AD,0.955465
SCF:0001484|AC,0.025650
SCF:0001484|AD,0.977006
SCF:0001485|AC,0.021080
SCF:0001485|AD,0.986535
SCF:0001486|AC,0.021080
SCF:0001486|AD,0.983045
SCF:0001487|AC,0.147078
SCF:0001487|AD,0.914789
SCF:0001488|AC,0.147078
SCF:0001488|AD,0.782168
SCF:0001489|AC,0.147078
SCF:0001489|AD,0.790124
SCF:0001490|AC,0.141638
SCF:0001490|AD,0.853262
SCF:0001491|AC,0.141638
SCF:0001491|AD,0.898988
SCF:0001492|AC,0.141638
SCF:0001492|AD,0.973813
SCF:0001493|AC,0.023189
SCF:0001493|AD,0.767010
SCF:0001494|AC,0.055995
SCF:0001494|AD,0.971518
SCF:0001495|AC,0.111252
SCF:0001495|AD,0.965697
SCF:0001496|AC,0.111252
SCF:0001496|AD,0.878113
SCF:0001497|AC,0.074463
SCF:0001497|AD,0.997947
SCF:0001498|AC,0.074463
SCF:0001498|AD,0.997947
SCF:0001499|AC,0.074463
SCF:0001499|AD,0.993338
SCF:0001500|AC,0.877809
SCF:0001500|AD,0.940624
SCF:0001502|AC,0.096007
SCF:0001502|AD,0.993985
SCF:0001503|AC,0.096007
SCF:0001503|AD,0.985761
SCF:0001504|AC,0.119514
SCF:0001504|AD,0.853703
SCF:0001506|AC,0.131906
SCF:0001506|AD,0.750112
SCF:0001507|AC,0.131906
SCF:0001507|AD,0.910161
SCF:0001508|AC,0.131906
SCF:0001508|AD,0.946149
SCF:0001509|AC,0.209675
SCF:0001509|AD,0.949018
SCF:0001510|AC,0.209675
SCF:0001510|AD,0.954767
SCF:0001511|AC,0.209675
SCF:0001511|AD,0.904052
SCF:0001512|AC,0.129011
SCF:0001512|AD,0.412109
SCF:0001513|AC,0.129011
SCF:0001513|AD,0.620166
SCF:0001518|AC,0.050259
SCF:0001518|AD,0.909980
SCF:0001519|AC,0.050259
SCF:0001519|AD,0.977989
SCF:0001520|AC,0.015974
SCF:0001520|AD,0.961701
SCF:0001525|AC,0.031067
SCF:0001525|AD,0.995203
SCF:0001526|AC,0.031067
SCF:0001526|AD,0.995128
SCF:0001527|AC,0.031067
SCF:0001527|AD,0.996550
SCF:0001528|AC,0.016996
SCF:0001528|AD,0.974757
SCF:0001529|AC,0.016996
SCF:0001529|AD,0.152921
SCF:0001530|AC,0.080426
SCF:0001530|AD,0.861115
SCF:0001531|AC,0.080426
SCF:0001531|AD,0.891042
SCF:0001532|AC,0.080426
SCF:0001532|AD,0.861458
SCF:0001534|AC,0.086180
SCF:0001534|AD,0.967538
SCF:0001535|AC,0.086180
SCF:0001535|AD,0.919862
SCF:0001536|AC,0.125181
SCF:0001536|AD,0.911285
SCF:0001537|AC,0.301143
SCF:0001537|AD,0.301143
SCF:0001538|AC,0.301143
SCF:0001538|AD,0.885292
SCF:0001544|AC,0.182585
SCF:0001544|AD,0.903022
SCF:0001547|AC,0.084822
SCF:0001547|AD,0.968556
SCF:0001548|AC,0.084822
SCF:0001548|AD,0.956125
SCF:0001549|AC,0.029572
SCF:0001549|AD,0.987158
SCF:0001550|AC,0.128242
SCF:0001550|AD,0.967535
SCF:0001551|AC,0.128242
SCF:0001551|AD,0.914850
SCF:0001552|AC,0.232057
SCF:0001552|AD,0.458536
SCF:0001553|AC,0.232057
SCF:0001553|AD,0.477062
SCF:0001554|AC,0.232057
SCF:0001554|AD,0.747639
SCF:0001555|AC,0.027373
SCF:0001555|AD,0.828344
SCF:0001557|AC,0.058366
SCF:0001557|AD,0.937840
SCF:0001558|AC,0.486149
SCF:0001558|AD,0.486149
SCF:0001559|AC,0.486149
SCF:0001559|AD,0.976461
SCF:0001560|AC,0.486149
SCF:0001560|AD,0.675303
SCF:0001561|AC,0.029898
SCF:0001561|AD,0.956090
SCF:0001565|AC,0.640550
SCF:0001565|AD,0.872564
SCF:0001568|AC,0.368715
SCF:0001568|AD,0.703822
SCF:0001577|AC,0.019515
SCF:0001577|AD,0.977647
SCF:0001578|AC,0.019515
SCF:0001578|AD,0.890245
SCF:0001579|AC,0.037219
SCF:0001579|AD,0.990905
SCF:0001580|AC,0.037219
SCF:0001580|AD,0.971548
SCF:0001581|AC,0.037219
SCF:0001581|AD,0.994659
SCF:0001589|AC,0.646678
SCF:0001589|AD,0.979242
SCF:0001593|AC,0.019025
SCF:0001593|AD,0.986054
SCF:0001594|AC,0.019025
SCF:0001594|AD,0.986870
SCF:0001595|AC,0.019025
SCF:0001595|AD,0.976111
SCF:0001596|AC,0.034476
SCF:0001596|AD,0.953639
SCF:0001597|AC,0.034476
SCF:0001597|AD,0.925897
SCF:0001598|AC,0.018405
SCF:0001598|AD,0.985214
SCF:0001599|AC,0.018405
SCF:0001599|AD,0.985214
SCF:0001600|AC,0.018405
SCF:0001600|AD,0.982705
SCF:0001613|AC,0.029066
SCF:0001613|AD,0.946509
SCF:0001614|AC,0.029066
SCF:0001614|AD,0.919306
SCF:0001619|AC,0.254407
SCF:0001619|AD,0.968004
SCF:0001624|AC,0.308864
SCF:0001624|AD,0.865850
SCF:0001629|AC,0.039387
SCF:0001629|AD,0.989201
SCF:0001630|AC,0.039387
SCF:0001630|AD,0.973361
SCF:0001631|AC,0.039387
SCF:0001631|AD,0.990475
SCF:0001634|AC,0.118822
SCF:0001634|AD,0.707255
SCF:0001635|AC,0.105426
SCF:0001635|AD,0.955833
SCF:0001636|AC,0.105426
SCF:0001636|AD,0.922124
SCF:0001637|AC,0.105426
SCF:0001637|AD,0.874845
SCF:0001638|AC,0.087847
SCF:0001638|AD,0.981887
SCF:0001639|AC,0.087847
SCF:0001639|AD,0.991162
SCF:0001640|AC,0.087847
SCF:0001640|AD,0.985623
SCF:0001641|AC,0.061448
SCF:0001641|AD,0.958385
SCF:0001643|AC,0.034584
SCF:0001643|AD,0.983609
SCF:0001644|AC,0.034584
SCF:0001644|AD,0.963193
SCF:0001646|AC,0.014022
SCF:0001646|AD,0.966172
SCF:0001647|AC,0.014022
SCF:0001647|AD,0.966106
SCF:0001649|AC,0.063583
SCF:0001649|AD,0.982220
SCF:0001650|AC,0.063583
SCF:0001650|AD,0.874728
SCF:0001651|AC,0.063583
SCF:0001651|AD,0.973747
SCF:0001652|AC,0.063800
SCF:0001652|AD,0.966381
SCF:0001654|AC,0.017659
SCF:0001654|AD,0.977650
SCF:0001655|AC,0.040851
SCF:0001655|AD,0.905646
SCF:0001656|AC,0.040851
SCF:0001656|AD,0.996594
SCF:0001657|AC,0.046076
SCF:0001657|AD,0.957405
SCF:0001658|AC,0.046076
SCF:0001658|AD,0.907123
SCF:0001659|AC,0.234928
SCF:0001659|AD,0.916391
SCF:0001660|AC,0.062201
SCF:0001660|AD,0.972005
SCF:0001661|AC,0.062201
SCF:0001661|AD,0.977940
SCF:0001662|AC,0.062201
SCF:0001662|AD,0.861004
SCF:0001664|AC,0.050490
SCF:0001664|AD,0.997351
SCF:0001665|AC,0.058772
SCF:0001665|AD,0.980071
SCF:0001667|AC,0.151514
SCF:0001667|AD,0.812472
SCF:0001668|AC,0.151514
SCF:0001668|AD,0.772571
SCF:0001669|AC,0.150993
SCF:0001669|AD,0.888297
SCF:0001670|AC,0.150993
SCF:0001670|AD,0.930357
SCF:0001671|AC,0.150993
SCF:0001671|AD,0.772025
SCF:0001673|AC,0.289416
SCF:0001673|AD,0.891709
SCF:0001674|AC,0.290635
SCF:0001674|AD,0.950567
SCF:0001676|AC,0.050369
SCF:0001676|AD,0.969585
SCF:0001677|AC,0.050369
SCF:0001677|AD,0.536459
SCF:0001678|AC,0.036427
SCF:0001678|AD,0.984158
SCF:0001679|AC,0.893785
SCF:0001679|AD,0.990354
SCF:0001680|AC,0.117566
SCF:0001680|AD,0.974049
SCF:0001681|AC,0.117566
SCF:0001681|AD,0.842822
SCF:0001682|AC,0.092666
SCF:0001682|AD,0.048536
SCF:0001684|AC,0.046674
SCF:0001684|AD,0.905997
SCF:0001686|AC,0.989492
SCF:0001686|AD,0.980932
SCF:0001691|AC,0.092422
SCF:0001691|AD,0.874730
SCF:0001692|AC,0.092422
SCF:0001692|AD,0.919635
SCF:0001693|AC,0.018697
SCF:0001693|AD,0.991880
SCF:0001694|AC,0.018697
SCF:0001694|AD,0.988942
SCF:0001695|AC,0.018697
SCF:0001695|AD,0.988942
SCF:0001697|AC,0.025985
SCF:0001697|AD,0.949465
SCF:0001698|AC,0.025985
SCF:0001698|AD,0.984911
SCF:0001699|AC,0.025985
SCF:0001699|AD,0.952990
SCF:0001700|AC,0.027461
SCF:0001700|AD,0.972580
SCF:0001701|AC,0.027461
SCF:0001701|AD,0.991336
SCF:0001702|AC,0.016295
SCF:0001702|AD,0.952015
SCF:0001703|AC,0.016295
SCF:0001703|AD,0.847689
SCF:0001707|AC,0.627486
SCF:0001707|AD,0.781357
SCF:0001709|AC,0.084652
SCF:0001709|AD,0.916628
SCF:0001710|AC,0.084652
SCF:0001710|AD,0.992357
SCF:0001711|AC,0.022325
SCF:0001711|AD,0.965492
SCF:0001712|AC,0.007947
SCF:0001712|AD,0.989406
SCF:0001713|AC,0.027326
SCF:0001713|AD,0.998942
SCF:0001715|AC,0.280896
SCF:0001715|AD,0.884080
SCF:0001716|AC,0.280896
SCF:0001716|AD,0.963827
SCF:0001717|AC,0.280896
SCF:0001717|AD,0.883536
SCF:0001718|AC,0.036464
SCF:0001718|AD,0.983495
SCF:0001719|AC,0.014337
SCF:0001719|AD,0.964626
SCF:0001720|AC,0.225906
SCF:0001720|AD,0.975121
SCF:0001721|AC,0.225906
SCF:0001721|AD,0.857210
SCF:0001724|AC,0.489023
SCF:0001724|AD,0.968340
SCF:0001727|AC,0.019810
SCF:0001727|AD,0.950527
SCF:0001728|AC,0.015742
SCF:0001728|AD,0.974757
SCF:0001730|AC,0.002827
SCF:0001730|AD,0.921504
SCF:0001731|AC,0.073727
SCF:0001731|AD,0.861787
SCF:0001732|AC,0.338185
SCF:0001732|AD,0.513203
SCF:0001739|AC,0.011531
SCF:0001739|AD,0.976034
SCF:0001740|AC,0.011531
SCF:0001740|AD,0.969099
SCF:0001741|AC,0.012741
SCF:0001741|AD,0.995392
SCF:0001742|AC,0.012741
SCF:0001742|AD,0.991434
SCF:0001743|AC,0.012741
SCF:0001743|AD,0.997614
SCF:0001750|AC,0.526750
SCF:0001750|AD,0.815906
SCF:0001760|AC,0.032375
SCF:0001760|AD,0.987111
SCF:0001761|AC,0.032375
SCF:0001761|AD,0.983003
SCF:0001762|AC,0.707848
SCF:0001762|AD,0.905885
SCF:0001763|AC,0.150763
SCF:0001763|AD,0.222278
SCF:0001765|AC,0.031582
SCF:0001765|AD,0.874728
SCF:0001766|AC,0.031582
SCF:0001766|AD,0.973747
SCF:0001767|AC,0.064317
SCF:0001767|AD,0.885374
SCF:0001768|AC,0.064317
SCF:0001768|AD,0.955680
SCF:0001769|AC,0.064317
SCF:0001769|AD,0.900956
SCF:0001770|AC,0.010411
SCF:0001770|AD,0.989938
SCF:0001771|AC,0.113441
SCF:0001771|AD,0.940295
SCF:0001772|AC,0.036773
SCF:0001772|AD,0.974049
SCF:0001773|AC,0.036773
SCF:0001773|AD,0.971535
SCF:0001774|AC,0.036773
SCF:0001774|AD,0.965739
SCF:0001775|AC,0.075901
SCF:0001775|AD,0.931074
SCF:0001785|AC,0.180753
SCF:0001785|AD,0.880366
SCF:0001786|AC,0.264173
SCF:0001786|AD,0.848580
SCF:0001787|AC,0.082150
SCF:0001787|AD,0.974668
SCF:0001788|AC,0.082150
SCF:0001788|AD,0.973964
SCF:0001789|AC,0.082150
SCF:0001789|AD,0.974012
SCF:0001790|AC,0.028253
SCF:0001790|AD,0.989915
SCF:0001791|AC,0.039496
SCF:0001791|AD,0.996780
SCF:0001792|AC,0.039496
SCF:0001792|AD,0.980477
SCF:0001793|AC,0.039496
SCF:0001793|AD,0.981825
SCF:0001794|AC,0.086191
SCF:0001794|AD,0.974530
SCF:0001797|AC,0.012912
SCF:0001797|AD,0.941954
SCF:0001800|AC,0.098690
SCF:0001800|AD,0.819739
SCF:0001801|AC,0.098690
SCF:0001801|AD,0.774912
SCF:0001805|AC,0.506874
SCF:0001805|AD,0.908447
SCF:0001807|AC,0.018688
SCF:0001807|AD,0.914252
SCF:0001812|AC,0.037571
SCF:0001812|AD,0.927205
SCF:0001815|AC,0.002466
SCF:0001815|AD,0.989938
SCF:0001816|AC,0.034564
SCF:0001816|AD,0.946013
SCF:0001817|AC,0.034564
SCF:0001817|AD,0.993947
SCF:0001818|AC,0.034564
SCF:0001818|AD,0.991564
SCF:0001822|AC,0.310924
SCF:0001822|AD,0.962306
SCF:0001823|AC,0.478041
SCF:0001823|AD,0.998822
SCF:0001824|AC,0.213309
SCF:0001824|AD,0.295928
SCF:0001825|AC,0.213309
SCF:0001825|AD,0.979579
SCF:0001827|AC,0.046471
SCF:0001827|AD,0.973057
SCF:0001828|AC,0.046471
SCF:0001828|AD,0.885709
SCF:0001829|AC,0.046471
SCF:0001829|AD,0.897220
SCF:0001830|AC,0.123587
SCF:0001830|AD,0.817562
SCF:0001831|AC,0.123587
SCF:0001831|AD,0.732178
SCF:0001833|AC,0.006070
SCF:0001833|AD,0.919348
SCF:0001834|AC,0.006070
SCF:0001834|AD,0.981086
SCF:0001835|AC,0.039050
SCF:0001835|AD,0.984267
SCF:0001836|AC,0.012750
SCF:0001836|AD,0.988926
SCF:0001837|AC,0.012750
SCF:0001837|AD,0.994209
SCF:0001838|AC,0.012750
SCF:0001838|AD,0.977795
SCF:0001841|AC,0.049050
SCF:0001841|AD,0.946013
SCF:0001844|AC,0.022021
SCF:0001844|AD,0.986678
SCF:0001845|AC,0.022021
SCF:0001845|AD,0.973708
SCF:0001846|AC,0.022021
SCF:0001846|AD,0.965631
SCF:0001847|AC,0.027753
SCF:0001847|AD,0.976388
SCF:0001848|AC,0.039244
SCF:0001848|AD,0.804415
SCF:0001856|AC,0.030411
SCF:0001856|AD,0.980918
SCF:0001857|AC,0.030411
SCF:0001857|AD,0.985485
SCF:0001858|AC,0.073765
SCF:0001858|AD,0.968576
SCF:0001862|AC,0.044301
SCF:0001862|AD,0.975279
SCF:0001863|AC,0.091189
SCF:0001863|AD,0.964823
SCF:0001864|AC,0.283760
SCF:0001864|AD,0.883643
SCF:0001866|AC,0.312267
SCF:0001866|AD,0.434335
SCF:0001867|AC,0.030461
SCF:0001867|AD,0.996950
SCF:0001869|AC,0.123365
SCF:0001869|AD,0.973747
SCF:0001870|AC,0.031688
SCF:0001870|AD,0.941891
SCF:0001871|AC,0.031688
SCF:0001871|AD,0.985300
SCF:0001872|AC,0.031688
SCF:0001872|AD,0.930879
SCF:0001876|AC,0.282714
SCF:0001876|AD,0.551359
SCF:0001877|AC,0.282714
SCF:0001877|AD,0.708126
SCF:0001878|AC,0.282714
SCF:0001878|AD,0.979917
SCF:0001879|AC,0.053681
SCF:0001879|AD,0.990081
SCF:0001887|AC,0.149042
SCF:0001887|AD,0.286418
SCF:0001888|AC,0.149042
SCF:0001888|AD,0.979401
SCF:0001889|AC,0.037758
SCF:0001889|AD,0.970727
SCF:0001890|AC,0.046544
SCF:0001890|AD,0.954364
SCF:0001892|AC,0.187414
SCF:0001892|AD,0.973585
SCF:0001894|AC,0.962483
SCF:0001894|AD,0.990209
SCF:0001895|AC,0.037778
SCF:0001895|AD,0.937468
SCF:0001896|AC,0.037778
SCF:0001896|AD,0.963938
SCF:0001897|AC,0.014897
SCF:0001897|AD,0.990456
SCF:0001898|AC,0.014897
SCF:0001898|AD,0.980811
SCF:0001900|AC,0.203107
SCF:0001900|AD,0.989406
SCF:0001902|AC,0.024074
SCF:0001902|AD,0.985308
SCF:0001903|AC,0.024074
SCF:0001903|AD,0.985955
SCF:0001904|AC,0.024074
SCF:0001904|AD,0.978576
SCF:0001906|AC,0.088315
SCF:0001906|AD,0.720172
SCF:0001907|AC,0.259979
SCF:0001907|AD,0.905830
SCF:0001911|AC,0.248784
SCF:0001911|AD,0.886398
SCF:0001915|AC,0.022367
SCF:0001915|AD,0.993885
SCF:0001916|AC,0.022367
SCF:0001916|AD,0.992640
SCF:0001917|AC,0.022367
SCF:0001917|AD,0.966911
SCF:0001918|AC,0.006814
SCF:0001918|AD,0.985710
SCF:0001919|AC,0.013794
SCF:0001919|AD,0.916048
SCF:0001920|AC,0.013794
SCF:0001920|AD,0.996859
SCF:0001922|AC,0.776802
SCF:0001922|AD,0.672617
SCF:0001935|AC,0.049053
SCF:0001935|AD,0.993399
SCF:0001936|AC,0.022740
SCF:0001936|AD,0.924687
SCF:0001937|AC,0.022740
SCF:0001937|AD,0.971307
SCF:0001938|AC,0.022740
SCF:0001938|AD,0.969251
SCF:0001943|AC,0.013254
SCF:0001943|AD,0.951344
SCF:0001944|AC,0.220916
SCF:0001944|AD,0.981066
SCF:0001947|AC,0.084851
SCF:0001947|AD,0.969628
SCF:0001948|AC,0.023392
SCF:0001948|AD,0.996045
SCF:0001949|AC,0.066430
SCF:0001949|AD,0.986283
SCF:0001950|AC,0.004516
SCF:0001950|AD,0.978576
SCF:0001951|AC,0.004516
SCF:0001951|AD,0.985308
SCF:0001957|AC,0.024139
SCF:0001957|AD,0.826719
SCF:0001958|AC,0.024139
SCF:0001958|AD,0.974763
SCF:0001959|AC,0.024139
SCF:0001959|AD,0.994583
SCF:0001961|AC,0.021546
SCF:0001961|AD,0.994379
SCF:0001962|AC,0.021546
SCF:0001962|AD,0.987706
SCF:0001963|AC,0.063854
SCF:0001963|AD,0.892692
SCF:0001965|AC,0.092836
SCF:0001965|AD,0.914359
SCF:0001966|AC,0.092836
SCF:0001966|AD,0.915761
SCF:0001970|AC,0.063099
SCF:0001970|AD,0.892182
SCF:0001974|AC,0.215150
SCF:0001974|AD,0.821975
SCF:0001975|AC,0.215150
SCF:0001975|AD,0.256152
SCF:0001976|AC,0.316480
SCF:0001976|AD,0.365488
SCF:0001977|AC,0.316480
SCF:0001977|AD,0.547494
SCF:0001978|AC,0.034774
SCF:0001978|AD,0.963498
SCF:0001979|AC,0.034774
SCF:0001979|AD,0.993312
SCF:0001980|AC,0.016885
SCF:0001980|AD,0.957405
SCF:0001981|AC,0.016885
SCF:0001981|AD,0.907123
SCF:0001985|AC,0.023276
SCF:0001985|AD,0.996859
SCF:0001986|AC,0.606886
SCF:0001986|AD,0.946355
SCF:0001995|AC,0.057962
SCF:0001995|AD,0.957129
SCF:0001996|AC,0.114136
SCF:0001996|AD,0.989973
SCF:0002003|AC,0.436924
SCF:0002003|AD,0.663601
SCF:0002006|AC,0.053617
SCF:0002006|AD,0.990086
SCF:0002013|AC,0.041184
SCF:0002013|AD,0.993427
SCF:0002014|AC,0.041184
SCF:0002014|AD,0.981348
SCF:0002015|AC,0.041184
SCF:0002015|AD,0.950269
SCF:0002016|AC,0.038741
SCF:0002016|AD,0.988791
SCF:0002017|AC,0.075592
SCF:0002017|AD,0.975190
SCF:0002018|AC,0.004777
SCF:0002018|AD,0.965258
SCF:0002019|AC,0.433502
SCF:0002019|AD,0.950567
SCF:0002022|AC,0.136341
SCF:0002022|AD,0.883254
SCF:0002023|AC,0.136341
SCF:0002023|AD,0.793978
SCF:0002025|AC,0.186449
SCF:0002025|AD,0.950514
SCF:0002036|AC,0.070597
SCF:0002036|AD,0.960053
SCF:0002037|AC,0.070597
SCF:0002037|AD,0.928428
SCF:0002038|AC,0.070597
SCF:0002038|AD,0.841858
SCF:0002039|AC,0.141631
SCF:0002039|AD,0.967785
SCF:0002049|AC,0.279506
SCF:0002049|AD,0.860898
SCF:0002050|AC,0.279506
SCF:0002050|AD,0.927657
SCF:0002055|AC,0.048827
SCF:0002055|AD,0.975523
SCF:0002056|AC,0.048827
SCF:0002056|AD,0.938238
SCF:0002057|AC,0.079634
SCF:0002057|AD,0.974724
SCF:0002058|AC,0.062053
SCF:0002058|AD,0.982260
SCF:0002059|AC,0.038234
SCF:0002059|AD,0.947355
SCF:0002060|AC,0.022757
SCF:0002060|AD,0.979604
SCF:0002061|AC,0.022757
SCF:0002061|AD,0.978926
SCF:0002064|AC,0.017973
SCF:0002064|AD,0.989915
SCF:0002067|AC,0.023744
SCF:0002067|AD,0.952899
SCF:0002068|AC,0.023744
SCF:0002068|AD,0.958790
SCF:0002069|AC,0.128216
SCF:0002069|AD,0.987734
SCF:0002070|AC,0.045588
SCF:0002070|AD,0.879247
SCF:0002071|AC,0.007570
SCF:0002071|AD,0.985551
SCF:0002072|AC,0.007570
SCF:0002072|AD,0.994929
SCF:0002073|AC,0.012480
SCF:0002073|AD,0.977989
SCF:0002074|AC,0.012480
SCF:0002074|AD,0.975323
SCF:0002075|AC,0.021419
SCF:0002075|AD,0.983151
SCF:0002076|AC,0.141971
SCF:0002076|AD,0.919635
SCF:0002077|AC,0.024139
SCF:0002077|AD,0.990475
SCF:0002078|AC,0.024139
SCF:0002078|AD,0.973361
SCF:0002079|AC,0.024139
SCF:0002079|AD,0.989201
SCF:0002080|AC,0.006820
SCF:0002080|AD,0.990081
SCF:0002089|AC,0.027869
SCF:0002089|AD,0.970373
SCF:0002090|AC,0.027869
SCF:0002090|AD,0.894789
SCF:0002091|AC,0.027869
SCF:0002091|AD,0.988472
SCF:0002094|AC,0.018948
SCF:0002094|AD,0.964782
SCF:0002095|AC,0.018948
SCF:0002095|AD,0.981882
SCF:0002096|AC,0.018948
SCF:0002096|AD,0.982701
SCF:0002098|AC,0.034092
SCF:0002098|AD,0.968157
SCF:0002099|AC,0.034092
SCF:0002099|AD,0.985131
SCF:0002106|AC,0.197160
SCF:0002106|AD,0.959609
SCF:0002107|AC,0.256625
SCF:0002107|AD,0.981358
SCF:0002110|AC,0.008336
SCF:0002110|AD,0.992725
SCF:0002111|AC,0.008336
SCF:0002111|AD,0.994259
SCF:0002112|AC,0.008336
SCF:0002112|AD,0.994010
SCF:0002113|AC,0.033091
SCF:0002113|AD,0.983054
SCF:0002114|AC,0.033091
SCF:0002114|AD,0.940295
SCF:0002116|AC,0.032268
SCF:0002116|AD,0.978324
SCF:0002117|AC,0.032268
SCF:0002117|AD,0.956156
SCF:0002118|AC,0.083137
SCF:0002118|AD,0.974513
SCF:0002119|AC,0.032702
SCF:0002119|AD,0.968065
SCF:0002120|AC,0.032702
SCF:0002120|AD,0.984605
SCF:0002121|AC,0.020140
SCF:0002121|AD,0.460276
SCF:0002122|AC,0.015317
SCF:0002122|AD,0.992428
SCF:0002123|AC,0.061113
SCF:0002123|AD,0.969585
SCF:0002125|AC,0.066206
SCF:0002125|AD,0.902158
SCF:0002126|AC,0.066206
SCF:0002126|AD,0.893156
SCF:0002127|AC,0.032907
SCF:0002127|AD,0.982080
SCF:0002128|AC,0.032907
SCF:0002128|AD,0.995828
SCF:0002131|AC,0.034999
SCF:0002131|AD,0.973813
SCF:0002132|AC,0.034999
SCF:0002132|AD,0.898988
SCF:0002133|AC,0.034999
SCF:0002133|AD,0.853262
SCF:0002134|AC,0.063741
SCF:0002134|AD,0.888297
SCF:0002135|AC,0.063741
SCF:0002135|AD,0.930357
SCF:0002136|AC,0.063741
SCF:0002136|AD,0.850598
SCF:0002137|AC,0.074056
SCF:0002137|AD,0.911778
SCF:0002138|AC,0.074056
SCF:0002138|AD,0.941954
SCF:0002139|AC,0.070251
SCF:0002139|AD,0.846369
SCF:0002140|AC,0.057832
SCF:0002140|AD,0.981117
SCF:0002141|AC,0.057832
SCF:0002141|AD,0.986878
SCF:0002142|AC,0.128603
SCF:0002142|AD,0.623610
SCF:0002143|AC,0.128603
SCF:0002143|AD,0.908160
SCF:0002147|AC,0.368389
SCF:0002147|AD,0.496409
SCF:0002149|AC,0.031490
SCF:0002149|AD,0.217076
SCF:0002150|AC,0.030772
SCF:0002150|AD,0.985823
SCF:0002151|AC,0.030772
SCF:0002151|AD,0.983262
SCF:0002152|AC,0.760305
SCF:0002152|AD,0.987959
SCF:0002153|AC,0.015309
SCF:0002153|AD,0.977606
SCF:0002154|AC,0.015309
SCF:0002154|AD,0.963153
SCF:0002155|AC,0.102925
SCF:0002155|AD,0.917472
SCF:0002156|AC,0.102925
SCF:0002156|AD,0.941400
SCF:0002157|AC,0.079914
SCF:0002157|AD,0.926382
SCF:0002158|AC,0.079914
SCF:0002158|AD,0.886960
SCF:0002159|AC,0.079914
SCF:0002159|AD,0.901423
SCF:0002160|AC,0.026339
SCF:0002160|AD,0.946121
SCF:0002162|AC,0.008885
SCF:0002162|AD,0.751267
SCF:0002163|AC,0.008885
SCF:0002163|AD,0.961981
SCF:0002164|AC,0.032485
SCF:0002164|AD,0.976228
SCF:0002165|AC,0.032485
SCF:0002165|AD,0.988303
SCF:0002166|AC,0.032485
SCF:0002166|AD,0.975002
SCF:0002173|AC,0.147410
SCF:0002173|AD,0.968938
SCF:0002177|AC,0.052974
SCF:0002177|AD,0.994908
SCF:0002178|AC,0.052974
SCF:0002178|AD,0.990076
SCF:0002179|AC,0.052974
SCF:0002179|AD,0.992914
SCF:0002183|AC,0.081783
SCF:0002183|AD,0.715989
SCF:0002184|AC,0.081783
SCF:0002184|AD,0.949934
SCF:0002185|AC,0.081783
SCF:0002185|AD,0.979647
SCF:0002188|AC,0.333253
SCF:0002188|AD,0.969783
SCF:0002189|AC,0.042622
SCF:0002189|AD,0.985430
SCF:0002190|AC,0.042622
SCF:0002190|AD,0.904096
SCF:0002191|AC,0.042622
SCF:0002191|AD,0.948104
SCF:0002196|AC,0.095084
SCF:0002196|AD,0.948248
SCF:0002201|AC,0.030531
SCF:0002201|AD,0.951344
SCF:0002203|AC,0.015997
SCF:0002203|AD,0.990081
SCF:0002210|AC,0.023270
SCF:0002210|AD,0.911772
SCF:0002211|AC,0.070103
SCF:0002211|AD,0.909963
SCF:0002216|AC,0.569568
SCF:0002216|AD,0.650645
SCF:0002220|AC,0.085963
SCF:0002220|AD,0.933216
SCF:0002224|AC,0.084422
SCF:0002224|AD,0.867332
SCF:0002225|AC,0.054988
SCF:0002225|AD,0.984052
SCF:0002226|AC,0.054988
SCF:0002226|AD,0.987760
SCF:0002227|AC,0.054988
SCF:0002227|AD,0.991301
SCF:0002228|AC,0.020430
SCF:0002228|AD,0.923114
SCF:0002229|AC,0.020430
SCF:0002229|AD,0.994328
SCF:0002230|AC,0.020430
SCF:0002230|AD,0.981242
SCF:0002240|AC,0.018416
SCF:0002240|AD,0.993173
SCF:0002241|AC,0.018416
SCF:0002241|AD,0.995073
SCF:0002242|AC,0.018416
SCF:0002242|AD,0.987327
SCF:0002244|AC,0.036919
SCF:0002244|AD,0.935986
SCF:0002245|AC,0.082056
SCF:0002245|AD,0.974324
SCF:0002248|AC,0.755246
SCF:0002248|AD,0.958586
SCF:0002252|AC,0.314940
SCF:0002252|AD,0.960053
SCF:0002253|AC,0.314940
SCF:0002253|AD,0.966525
SCF:0002254|AC,0.314940
SCF:0002254|AD,0.841858
SCF:0002255|AC,0.039775
SCF:0002255|AD,0.886960
SCF:0002256|AC,0.039775
SCF:0002256|AD,0.901423
SCF:0002257|AC,0.039775
SCF:0002257|AD,0.755922
SCF:0002258|AC,0.063954
SCF:0002258|AD,0.978657
SCF:0002259|AC,0.063954
SCF:0002259|AD,0.972692
SCF:0002260|AC,0.063954
SCF:0002260|AD,0.938214
SCF:0002263|AC,0.053688
SCF:0002263|AD,0.964626
SCF:0002264|AC,0.075311
SCF:0002264|AD,0.989915
SCF:0002265|AC,0.004785
SCF:0002265|AD,0.997243
SCF:0002266|AC,0.010540
SCF:0002266|AD,0.899394
SCF:0002267|AC,0.063093
SCF:0002267|AD,0.970618
SCF:0002268|AC,0.063093
SCF:0002268|AD,0.954654
SCF:0002269|AC,0.063093
SCF:0002269|AD,0.934182
SCF:0002271|AC,0.125443
SCF:0002271|AD,0.937468
SCF:0002272|AC,0.125443
SCF:0002272|AD,0.963938
SCF:0002273|AC,0.892808
SCF:0002273|AD,0.934684
SCF:0002274|AC,0.038519
SCF:0002274|AD,0.989790
SCF:0002275|AC,0.038519
SCF:0002275|AD,0.961724
SCF:0002286|AC,0.016748
SCF:0002286|AD,0.975107
SCF:0002287|AC,0.016748
SCF:0002287|AD,0.983834
SCF:0002288|AC,0.016748
SCF:0002288|AD,0.976418
SCF:0002289|AC,0.078844
SCF:0002289|AD,0.972917
SCF:0002297|AC,0.184659
SCF:0002297|AD,0.771042
SCF:0002298|AC,0.043092
SCF:0002298|AD,0.994345
SCF:0002299|AC,0.043092
SCF:0002299|AD,0.978652
SCF:0002303|AC,0.007173
SCF:0002303|AD,0.994425
SCF:0002304|AC,0.082826
SCF:0002304|AD,0.953303
SCF:0002305|AC,0.073282
SCF:0002305|AD,0.969251
SCF:0002306|AC,0.073282
SCF:0002306|AD,0.924687
SCF:0002307|AC,0.073282
SCF:0002307|AD,0.971307
SCF:0002308|AC,0.063242
SCF:0002308|AD,0.989915
SCF:0002315|AC,0.085130
SCF:0002315|AD,0.964626
SCF:0002316|AC,0.072907
SCF:0002316|AD,0.952972
SCF:0002317|AC,0.046739
SCF:0002317|AD,0.974518
SCF:0002318|AC,0.046739
SCF:0002318|AD,0.988905
SCF:0002319|AC,0.046739
SCF:0002319|AD,0.966900
SCF:0002326|AC,0.488611
SCF:0002326|AD,0.632335
SCF:0002331|AC,0.992269
SCF:0002331|AD,0.994585
SCF:0002334|AC,0.072215
SCF:0002334|AD,0.940629
SCF:0002344|AC,0.680515
SCF:0002344|AD,0.986416
SCF:0002349|AC,0.018518
SCF:0002349|AD,0.992732
SCF:0002350|AC,0.018518
SCF:0002350|AD,0.997140
SCF:0002351|AC,0.017714
SCF:0002351|AD,0.993452
SCF:0002352|AC,0.017714
SCF:0002352|AD,0.997897
SCF:0002354|AC,0.080941
SCF:0002354|AD,0.955323
SCF:0002355|AC,0.080941
SCF:0002355|AD,0.994512
SCF:0002356|AC,0.080941
SCF:0002356|AD,0.992112
SCF:0002357|AC,0.055640
SCF:0002357|AD,0.961884
SCF:0002358|AC,0.055640
SCF:0002358|AD,0.984259
SCF:0002359|AC,0.055640
SCF:0002359|AD,0.893570
SCF:0002361|AC,0.325559
SCF:0002361|AD,0.986404
SCF:0002363|AC,0.077180
SCF:0002363|AD,0.842843
SCF:0002364|AC,0.026339
SCF:0002364|AD,0.957926
SCF:0002365|AC,0.022540
SCF:0002365|AD,0.957374
SCF:0002367|AC,0.080390
SCF:0002367|AD,0.995684
SCF:0002368|AC,0.069163
SCF:0002368|AD,0.907416
SCF:0002369|AC,0.026422
SCF:0002369|AD,0.982313
SCF:0002370|AC,0.026422
SCF:0002370|AD,0.962039
SCF:0002371|AC,0.049497
SCF:0002371|AD,0.997585
SCF:0002374|AC,0.031805
SCF:0002374|AD,0.994147
SCF:0002375|AC,0.031805
SCF:0002375|AD,0.966292
SCF:0002376|AC,0.062587
SCF:0002376|AD,0.982996
SCF:0002387|AC,0.384220
SCF:0002387|AD,0.980790
SCF:0002393|AC,0.018943
SCF:0002393|AD,0.680057
SCF:0002394|AC,0.006720
SCF:0002394|AD,0.998297
SCF:0002395|AC,0.323676
SCF:0002395|AD,0.934851
SCF:0002396|AC,0.036608
SCF:0002396|AD,0.650268
SCF:0002397|AC,0.036608
SCF:0002397|AD,0.692384
SCF:0002398|AC,0.036608
SCF:0002398|AD,0.517217
SCF:0002399|AC,0.183433
SCF:0002399|AD,0.829566
SCF:0002402|AC,0.237888
SCF:0002402|AD,0.931873
SCF:0002403|AC,0.039809
SCF:0002403|AD,0.969768
SCF:0002404|AC,0.039809
SCF:0002404|AD,0.978876
SCF:0002405|AC,0.039809
SCF:0002405|AD,0.995838
SCF:0002406|AC,0.154815
SCF:0002406|AD,0.974668
SCF:0002407|AC,0.154815
SCF:0002407|AD,0.973964
SCF:0002408|AC,0.185033
SCF:0002408|AD,0.952972
SCF:0002409|AC,0.168668
SCF:0002409|AD,0.760111
SCF:0002410|AC,0.168668
SCF:0002410|AD,0.904870
SCF:0002411|AC,0.397186
SCF:0002411|AD,0.689808
SCF:0002412|AC,0.058831
SCF:0002412|AD,0.955323
SCF:0002413|AC,0.058831
SCF:0002413|AD,0.992112
SCF:0002414|AC,0.058831
SCF:0002414|AD,0.994512
SCF:0002415|AC,0.049064
SCF:0002415|AD,0.628450
SCF:0002416|AC,0.049064
SCF:0002416|AD,0.951885
SCF:0002417|AC,0.049064
SCF:0002417|AD,0.850366
SCF:0002430|AC,0.054695
SCF:0002430|AD,0.979758
SCF:0002431|AC,0.054695
SCF:0002431|AD,0.960856
SCF:0002432|AC,0.134844
SCF:0002432|AD,0.941067
SCF:0002433|AC,0.026389
SCF:0002433|AD,0.955332
SCF:0002434|AC,0.078098
SCF:0002434|AD,0.945779
SCF:0002436|AC,0.020133
SCF:0002436|AD,0.995852
SCF:0002437|AC,0.020133
SCF:0002437|AD,0.988707
SCF:0002443|AC,0.958620
SCF:0002443|AD,0.404889
SCF:0002446|AC,0.081168
SCF:0002446|AD,0.995213
SCF:0002447|AC,0.081168
SCF:0002447|AD,0.973586
SCF:0002449|AC,0.070224
SCF:0002449|AD,0.973863
SCF:0002450|AC,0.070224
SCF:0002450|AD,0.951854
SCF:0002451|AC,0.026502
SCF:0002451|AD,0.898051
SCF:0002452|AC,0.026502
SCF:0002452|AD,0.929020
SCF:0002453|AC,0.026502
SCF:0002453|AD,0.875948
SCF:0002458|AC,0.019631
SCF:0002458|AD,0.997716
SCF:0002459|AC,0.019631
SCF:0002459|AD,0.993672
SCF:0002460|AC,0.019631
SCF:0002460|AD,0.998701
SCF:0002461|AC,0.055531
SCF:0002461|AD,0.984647
SCF:0002462|AC,0.021129
SCF:0002462|AD,0.996757
SCF:0002463|AC,0.021129
SCF:0002463|AD,0.996945
SCF:0002465|AC,0.148437
SCF:0002465|AD,0.985300
SCF:0002466|AC,0.148437
SCF:0002466|AD,0.930879
SCF:0002467|AC,0.119573
SCF:0002467|AD,0.966381
SCF:0002470|AC,0.278517
SCF:0002470|AD,0.882063
SCF:0002477|AC,0.308926
SCF:0002477|AD,0.964782
SCF:0002478|AC,0.022368
SCF:0002478|AD,0.969894
SCF:0002479|AC,0.008916
SCF:0002479|AD,0.918310
SCF:0002480|AC,0.008916
SCF:0002480|AD,0.918310
SCF:0002481|AC,0.008916
SCF:0002481|AD,0.751267
SCF:0002488|AC,0.080094
SCF:0002488|AD,0.930001
SCF:0002491|AC,0.056743
SCF:0002491|AD,0.991543
SCF:0002492|AC,0.056743
SCF:0002492|AD,0.959247
SCF:0002493|AC,0.110583
SCF:0002493|AD,0.988946
SCF:0002495|AC,0.300874
SCF:0002495|AD,0.262117
SCF:0002496|AC,0.051044
SCF:0002496|AD,0.991414
SCF:0002497|AC,0.051044
SCF:0002497|AD,0.912206
SCF:0002498|AC,0.051044
SCF:0002498|AD,0.967859
SCF:0002501|AC,0.016392
SCF:0002501|AD,0.913204
SCF:0002503|AC,0.016392
SCF:0002503|AD,0.771967
SCF:0002504|AC,0.126567
SCF:0002504|AD,0.977788
SCF:0002508|AC,0.343917
SCF:0002508|AD,0.938401
SCF:0002509|AC,0.119178
SCF:0002509|AD,0.955833
SCF:0002510|AC,0.119178
SCF:0002510|AD,0.874845
SCF:0002511|AC,0.119178
SCF:0002511|AD,0.969237
SCF:0002512|AC,0.018820
SCF:0002512|AD,0.937032
SCF:0002513|AC,0.016531
SCF:0002513|AD,0.991130
SCF:0002514|AC,0.016531
SCF:0002514|AD,0.990501
SCF:0002515|AC,0.016531
SCF:0002515|AD,0.990501
SCF:0002517|AC,0.275642
SCF:0002517|AD,0.851546
SCF:0002518|AC,0.573427
SCF:0002518|AD,0.757968
SCF:0002520|AC,0.034043
SCF:0002520|AD,0.950002
SCF:0002521|AC,0.376223
SCF:0002521|AD,0.713938
SCF:0002522|AC,0.016876
SCF:0002522|AD,0.968239
SCF:0002523|AC,0.016876
SCF:0002523|AD,0.996594
SCF:0002530|AC,0.142971
SCF:0002530|AD,0.980402
SCF:0002531|AC,0.012213
SCF:0002531|AD,0.973737
SCF:0002532|AC,0.012213
SCF:0002532|AD,0.886043
SCF:0002533|AC,0.012213
SCF:0002533|AD,0.994204
SCF:0002546|AC,0.019770
SCF:0002546|AD,0.896483
SCF:0002547|AC,0.045901
SCF:0002547|AD,0.934787
SCF:0002548|AC,0.045901
SCF:0002548|AD,0.968454
SCF:0002556|AC,0.023209
SCF:0002556|AD,0.995852
SCF:0002557|AC,0.023209
SCF:0002557|AD,0.988707
SCF:0002558|AC,0.015660
SCF:0002558|AD,0.221157
SCF:0002559|AC,0.099385
SCF:0002559|AD,0.685530
SCF:0002560|AC,0.013466
SCF:0002560|AD,0.984605
SCF:0002561|AC,0.013466
SCF:0002561|AD,0.984209
SCF:0002562|AC,0.013466
SCF:0002562|AD,0.984209
SCF:0002577|AC,0.033617
SCF:0002577|AD,0.991286
SCF:0002581|AC,0.078416
SCF:0002581|AD,0.985463
SCF:0002583|AC,0.031016
SCF:0002583|AD,0.905197
SCF:0002584|AC,0.119187
SCF:0002584|AD,0.855648
SCF:0002587|AC,0.870381
SCF:0002587|AD,0.817552
SCF:0002588|AC,0.063951
SCF:0002588|AD,0.984770
SCF:0002589|AC,0.076971
SCF:0002589|AD,0.931873
SCF:0002590|AC,0.076971
SCF:0002590|AD,0.976034
SCF:0002591|AC,0.083598
SCF:0002591|AD,0.952453
SCF:0002592|AC,0.083598
SCF:0002592|AD,0.931547
SCF:0002593|AC,0.045701
SCF:0002593|AD,0.959227
SCF:0002594|AC,0.045701
SCF:0002594|AD,0.974889
SCF:0002595|AC,0.019340
SCF:0002595|AD,0.979006
SCF:0002596|AC,0.019340
SCF:0002596|AD,0.991745
SCF:0002597|AC,0.151939
SCF:0002597|AD,0.955680
SCF:0002598|AC,0.241306
SCF:0002598|AD,0.701847
SCF:0002599|AC,0.241306
SCF:0002599|AD,0.857550
SCF:0002601|AC,0.191947
SCF:0002601|AD,0.947355
SCF:0002602|AC,0.037380
SCF:0002602|AD,0.971448
SCF:0002603|AC,0.037380
SCF:0002603|AD,0.971448
SCF:0002614|AC,0.060562
SCF:0002614|AD,0.975132
SCF:0002615|AC,0.050219
SCF:0002615|AD,0.992565
SCF:0002616|AC,0.017862
SCF:0002616|AD,0.887793
SCF:0002617|AC,0.009569
SCF:0002617|AD,0.952709
SCF:0002624|AC,0.061119
SCF:0002624|AD,0.928032
SCF:0002625|AC,0.061119
SCF:0002625|AD,0.926732
SCF:0002626|AC,0.061119
SCF:0002626|AD,0.953054
SCF:0002633|AC,0.005717
SCF:0002633|AD,0.994209
SCF:0002634|AC,0.005717
SCF:0002634|AD,0.977795
SCF:0002635|AC,0.005717
SCF:0002635|AD,0.988926
SCF:0002636|AC,0.691971
SCF:0002636|AD,0.997480
SCF:0002638|AC,0.908740
SCF:0002638|AD,0.986183
SCF:0002639|AC,0.031936
SCF:0002639|AD,0.979505
SCF:0002640|AC,0.031936
SCF:0002640|AD,0.993496
SCF:0002641|AC,0.031936
SCF:0002641|AD,0.974192
SCF:0002644|AC,0.045017
SCF:0002644|AD,0.968563
SCF:0002645|AC,0.484798
SCF:0002645|AD,0.835122
SCF:0002646|AC,0.003895
SCF:0002646|AD,0.998151
SCF:0002647|AC,0.003895
SCF:0002647|AD,0.998042
SCF:0002649|AC,0.186701
SCF:0002649|AD,0.894483
SCF:0002650|AC,0.453757
SCF:0002650|AD,0.751267
SCF:0002651|AC,0.120313
SCF:0002651|AD,0.836952
SCF:0002656|AC,0.051111
SCF:0002656|AD,0.945429
SCF:0002657|AC,0.051111
SCF:0002657|AD,0.867221
SCF:0002658|AC,0.051111
SCF:0002658|AD,0.979401
SCF:0002665|AC,0.029418
SCF:0002665|AD,0.992247
SCF:0002666|AC,0.149878
SCF:0002666|AD,0.902712
SCF:0002667|AC,0.149878
SCF:0002667|AD,0.859128
SCF:0002668|AC,0.149878
SCF:0002668|AD,0.888694
SCF:0002669|AC,0.426861
SCF:0002669|AD,0.889441
SCF:0002670|AC,0.067484
SCF:0002670|AD,0.972770
SCF:0002671|AC,0.051742
SCF:0002671|AD,0.967225
SCF:0002675|AC,0.044617
SCF:0002675|AD,0.874032
SCF:0002677|AC,0.290271
SCF:0002677|AD,0.371506
SCF:0002678|AC,0.290271
SCF:0002678|AD,0.957112
SCF:0002682|AC,0.158598
SCF:0002682|AD,0.073003
SCF:0002683|AC,0.158598
SCF:0002683|AD,0.783332
SCF:0002687|AC,0.023855
SCF:0002687|AD,0.442978
SCF:0002692|AC,0.012684
SCF:0002692|AD,0.968452
SCF:0002693|AC,0.012684
SCF:0002693|AD,0.974533
SCF:0002697|AC,0.032351
SCF:0002697|AD,0.962522
SCF:0002698|AC,0.032351
SCF:0002698|AD,0.987614
SCF:0002699|AC,0.055029
SCF:0002699|AD,0.981192
SCF:0002700|AC,0.049218
SCF:0002700|AD,0.887793
SCF:0002701|AC,0.049218
SCF:0002701|AD,0.958380
SCF:0002704|AC,0.013226
SCF:0002704|AD,0.990983
SCF:0002705|AC,0.008047
SCF:0002705|AD,0.995358
SCF:0002706|AC,0.008047
SCF:0002706|AD,0.988688
SCF:0002707|AC,0.024864
SCF:0002707|AD,0.974757
SCF:0002713|AC,0.211308
SCF:0002713|AD,0.646989
SCF:0002714|AC,0.104609
SCF:0002714|AD,0.885238
SCF:0002716|AC,0.144073
SCF:0002716|AD,0.813965
SCF:0002719|AC,0.199244
SCF:0002719|AD,0.933580
SCF:0002720|AC,0.031620
SCF:0002720|AD,0.977647
SCF:0002721|AC,0.031620
SCF:0002721|AD,0.890245
SCF:0002724|AC,0.013638
SCF:0002724|AD,0.981892
SCF:0002725|AC,0.154972
SCF:0002725|AD,0.424351
SCF:0002726|AC,0.154972
SCF:0002726|AD,0.715241
SCF:0002727|AC,0.031791
SCF:0002727|AD,0.994147
SCF:0002728|AC,0.108046
SCF:0002728|AD,0.313574
SCF:0002729|AC,0.172137
SCF:0002729|AD,0.897596
SCF:0002730|AC,0.023238
SCF:0002730|AD,0.927668
SCF:0002731|AC,0.023238
SCF:0002731|AD,0.982313
SCF:0002732|AC,0.023238
SCF:0002732|AD,0.962039
SCF:0002733|AC,0.037730
SCF:0002733|AD,0.968669
SCF:0002742|AC,0.475749
SCF:0002742|AD,0.475749
SCF:0002743|AC,0.017016
SCF:0002743|AD,0.989151
SCF:0002746|AC,0.017185
SCF:0002746|AD,0.930681
SCF:0002747|AC,0.017185
SCF:0002747|AD,0.992036
SCF:0002748|AC,0.017185
SCF:0002748|AD,0.958460
SCF:0002749|AC,0.142531
SCF:0002749|AD,0.943734
SCF:0002750|AC,0.142531
SCF:0002750|AD,0.990130
SCF:0002751|AC,0.142531
SCF:0002751|AD,0.979084
SCF:0002752|AC,0.112544
SCF:0002752|AD,0.966042
SCF:0002753|AC,0.002288
SCF:0002753|AD,0.993947
SCF:0002754|AC,0.009352
SCF:0002754|AD,0.983054
SCF:0002760|AC,0.056325
SCF:0002760|AD,0.056325
SCF:0002761|AC,0.056325
SCF:0002761|AD,0.976461
SCF:0002762|AC,0.056325
SCF:0002762|AD,0.675303
SCF:0002763|AC,0.017741
SCF:0002763|AD,0.975942
SCF:0002765|AC,0.061775
SCF:0002765|AD,0.983834
SCF:0002766|AC,0.061775
SCF:0002766|AD,0.976418
SCF:0002767|AC,0.189995
SCF:0002767|AD,0.914789
SCF:0002768|AC,0.189995
SCF:0002768|AD,0.833394
SCF:0002769|AC,0.189995
SCF:0002769|AD,0.863796
SCF:0002770|AC,0.332896
SCF:0002770|AD,0.772571
SCF:0002771|AC,0.332896
SCF:0002771|AD,0.682102
SCF:0002775|AC,0.072454
SCF:0002775|AD,0.919764
SCF:0002776|AC,0.171423
SCF:0002776|AD,0.171423
SCF:0002777|AC,0.171423
SCF:0002777|AD,0.803541
SCF:0002778|AC,0.171423
SCF:0002778|AD,0.953407
SCF:0002782|AC,0.104825
SCF:0002782|AD,0.964626
SCF:0002783|AC,0.036660
SCF:0002783|AD,0.984640
SCF:0002784|AC,0.036660
SCF:0002784|AD,0.985425
SCF:0002785|AC,0.054161
SCF:0002785|AD,0.966314
SCF:0002786|AC,0.288914
SCF:0002786|AD,0.857301
SCF:0002787|AC,0.197178
SCF:0002787|AD,0.960161
SCF:0002788|AC,0.046331
SCF:0002788|AD,0.994957
SCF:0002789|AC,0.046331
SCF:0002789|AD,0.978940
SCF:0002790|AC,0.046331
SCF:0002790|AD,0.990254
SCF:0002791|AC,0.278698
SCF:0002791|AD,0.856244
SCF:0002796|AC,0.056996
SCF:0002796|AD,0.995229
SCF:0002797|AC,0.056996
SCF:0002797|AD,0.968745
SCF:0002798|AC,0.026677
SCF:0002798|AD,0.992142
SCF:0002799|AC,0.014136
SCF:0002799|AD,0.918760
SCF:0002800|AC,0.089705
SCF:0002800|AD,0.830808
SCF:0002802|AC,0.071758
SCF:0002802|AD,0.996049
SCF:0002803|AC,0.071758
SCF:0002803|AD,0.964866
SCF:0002804|AC,0.046021
SCF:0002804|AD,0.232738
SCF:0002806|AC,0.041773
SCF:0002806|AD,0.966977
SCF:0002807|AC,0.041773
SCF:0002807|AD,0.972528
SCF:0002808|AC,0.014326
SCF:0002808|AD,0.742995
SCF:0002809|AC,0.024855
SCF:0002809|AD,0.885989
SCF:0002816|AC,0.020096
SCF:0002816|AD,0.974832
SCF:0002817|AC,0.020096
SCF:0002817|AD,0.974832
SCF:0002818|AC,0.015851
SCF:0002818|AD,0.990983
SCF:0002825|AC,0.386559
SCF:0002825|AD,0.483848
SCF:0002830|AC,0.064543
SCF:0002830|AD,0.993359
SCF:0002831|AC,0.064543
SCF:0002831|AD,0.996951
SCF:0002832|AC,0.039023
SCF:0002832|AD,0.971976
SCF:0002833|AC,0.039023
SCF:0002833|AD,0.995001
SCF:0002837|AC,0.044382
SCF:0002837|AD,0.887990
SCF:0002838|AC,0.834590
SCF:0002838|AD,0.229479
SCF:0002839|AC,0.043227
SCF:0002839|AD,0.942108
SCF:0002840|AC,0.043227
SCF:0002840|AD,0.973157
SCF:0002841|AC,0.021937
SCF:0002841|AD,0.957405
SCF:0002842|AC,0.410113
SCF:0002842|AD,0.410113
SCF:0002843|AC,0.066795
SCF:0002843|AD,0.986246
SCF:0002844|AC,0.066795
SCF:0002844|AD,0.943349
SCF:0002845|AC,0.078739
SCF:0002845|AD,0.984647
SCF:0002849|AC,0.244067
SCF:0002849|AD,0.755039
SCF:0002856|AC,0.260220
SCF:0002856|AD,0.850369
SCF:0002859|AC,0.435101
SCF:0002859|AD,0.730553
SCF:0002863|AC,0.026112
SCF:0002863|AD,0.970863
SCF:0002864|AC,0.026112
SCF:0002864|AD,0.965698
SCF:0002865|AC,0.026112
SCF:0002865|AD,0.981616
SCF:0002872|AC,0.080809
SCF:0002872|AD,0.963071
SCF:0002876|AC,0.019083
SCF:0002876|AD,0.934684
SCF:0002878|AC,0.015289
SCF:0002878|AD,0.987117
SCF:0002881|AC,0.000920
SCF:0002881|AD,0.936781
SCF:0002882|AC,0.036394
SCF:0002882|AD,0.625373
SCF:0002883|AC,0.005853
SCF:0002883|AD,0.670481
SCF:0002886|AC,0.042385
SCF:0002886|AD,0.984884
SCF:0002887|AC,0.049160
SCF:0002887|AD,0.826590
SCF:0002888|AC,0.049160
SCF:0002888|AD,0.880562
SCF:0002889|AC,0.017247
SCF:0002889|AD,0.917437
SCF:0002897|AC,0.162101
SCF:0002897|AD,0.982985
SCF:0002902|AC,0.397133
SCF:0002902|AD,0.966900
SCF:0002905|AC,0.058212
SCF:0002905|AD,0.910567
SCF:0002913|AC,0.089131
SCF:0002913|AD,0.972107
SCF:0002914|AC,0.089131
SCF:0002914|AD,0.982705
SCF:0002915|AC,0.066762
SCF:0002915|AD,0.623610
SCF:0002916|AC,0.066762
SCF:0002916|AD,0.908160
SCF:0002917|AC,0.066762
SCF:0002917|AD,0.752176
SCF:0002922|AC,0.271481
SCF:0002922|AD,0.855648
SCF:0002923|AC,0.137246
SCF:0002923|AD,0.750112
SCF:0002924|AC,0.137246
SCF:0002924|AD,0.910161
SCF:0002925|AC,0.137246
SCF:0002925|AD,0.946149
SCF:0002926|AC,0.146564
SCF:0002926|AD,0.801793
SCF:0002927|AC,0.146564
SCF:0002927|AD,0.772571
SCF:0002938|AC,0.045870
SCF:0002938|AD,0.975282
SCF:0002940|AC,0.919592
SCF:0002940|AD,0.918410
SCF:0002941|AC,0.025520
SCF:0002941|AD,0.428984
SCF:0002942|AC,0.025520
SCF:0002942|AD,0.963734
SCF:0002943|AC,0.025520
SCF:0002943|AD,0.986692
SCF:0002944|AC,0.141948
SCF:0002944|AD,0.962902
SCF:0002945|AC,0.004380
SCF:0002945|AD,0.976475
SCF:0002946|AC,0.004380
SCF:0002946|AD,0.971130
SCF:0002947|AC,0.004380
SCF:0002947|AD,0.979321
SCF:0002948|AC,0.009989
SCF:0002948|AD,0.975127
SCF:0002949|AC,0.009989
SCF:0002949|AD,0.998398
SCF:0002956|AC,0.035792
SCF:0002956|AD,0.993397
SCF:0002957|AC,0.035792
SCF:0002957|AD,0.998676
SCF:0002958|AC,0.035792
SCF:0002958|AD,0.983455
SCF:0002959|AC,0.044272
SCF:0002959|AD,0.911884
SCF:0002960|AC,0.044272
SCF:0002960|AD,0.967525
SCF:0002961|AC,0.044272
SCF:0002961|AD,0.941916
SCF:0002968|AC,0.454510
SCF:0002968|AD,0.928428
SCF:0002969|AC,0.454510
SCF:0002969|AD,0.966525
SCF:0002970|AC,0.454510
SCF:0002970|AD,0.960053
SCF:0002976|AC,0.014668
SCF:0002976|AD,0.964716
SCF:0002977|AC,0.014668
SCF:0002977|AD,0.950527
SCF:0002978|AC,0.014549
SCF:0002978|AD,0.995358
SCF:0002979|AC,0.014549
SCF:0002979|AD,0.083821
SCF:0002980|AC,0.014549
SCF:0002980|AD,0.988688
SCF:0002984|AC,0.041645
SCF:0002984|AD,0.988791
SCF:0002985|AC,0.037412
SCF:0002985|AD,0.968355
SCF:0002986|AC,0.011889
SCF:0002986|AD,0.991867
SCF:0002987|AC,0.011889
SCF:0002987|AD,0.993863
SCF:0002988|AC,0.021680
SCF:0002988|AD,0.983054
SCF:0002989|AC,0.021680
SCF:0002989|AD,0.940295
SCF:0002991|AC,0.192561
SCF:0002991|AD,0.963783
SCF:0002992|AC,0.098777
SCF:0002992|AD,0.968355
SCF:0002995|AC,0.028110
SCF:0002995|AD,0.994162
SCF:0002996|AC,0.028110
SCF:0002996|AD,0.974509
SCF:0002997|AC,0.037174
SCF:0002997|AD,0.990581
SCF:0002998|AC,0.037174
SCF:0002998|AD,0.997685
SCF:0002999|AC,0.056882
SCF:0002999|AD,0.951511
SCF:0003000|AC,0.056882
SCF:0003000|AD,0.974655
SCF:0003001|AC,0.056882
SCF:0003001|AD,0.960029
SCF:0003003|AC,0.041729
SCF:0003003|AD,0.731379
SCF:0003005|AC,0.020473
SCF:0003005|AD,0.987472
SCF:0003006|AC,0.020473
SCF:0003006|AD,0.989774
SCF:0003007|AC,0.022419
SCF:0003007|AD,0.953821
SCF:0003008|AC,0.022419
SCF:0003008|AD,0.971812
SCF:0003009|AC,0.022419
SCF:0003009|AD,0.910636
SCF:0003010|AC,0.027561
SCF:0003010|AD,0.918410
SCF:0003011|AC,0.136234
SCF:0003011|AD,0.972958
SCF:0003012|AC,0.136234
SCF:0003012|AD,0.927534
SCF:0003019|AC,0.178576
SCF:0003019|AD,0.997445
SCF:0003020|AC,0.178576
SCF:0003020|AD,0.946982
SCF:0003021|AC,0.167482
SCF:0003021|AD,0.649174
SCF:0003022|AC,0.167482
SCF:0003022|AD,0.915651
SCF:0003023|AC,0.014827
SCF:0003023|AD,0.974668
SCF:0003024|AC,0.014827
SCF:0003024|AD,0.973964
SCF:0003025|AC,0.617718
SCF:0003025|AD,0.957389
SCF:0003027|AC,0.167396
SCF:0003027|AD,0.869299
SCF:0003028|AC,0.167396
SCF:0003028|AD,0.879341
SCF:0003033|AC,0.034906
SCF:0003033|AD,0.988905
SCF:0003034|AC,0.034906
SCF:0003034|AD,0.974518
SCF:0003035|AC,0.034906
SCF:0003035|AD,0.966900
SCF:0003036|AC,0.031006
SCF:0003036|AD,0.969885
SCF:0003037|AC,0.020620
SCF:0003037|AD,0.994613
SCF:0003038|AC,0.020620
SCF:0003038|AD,0.991451
SCF:0003039|AC,0.080919
SCF:0003039|AD,0.927423
SCF:0003040|AC,0.080919
SCF:0003040|AD,0.886965
SCF:0003041|AC,0.178087
SCF:0003041|AD,0.935733
SCF:0003042|AC,0.178087
SCF:0003042|AD,0.957374
SCF:0003043|AC,0.020958
SCF:0003043|AD,0.957678
SCF:0003044|AC,0.652990
SCF:0003044|AD,0.986183
SCF:0003045|AC,0.036634
SCF:0003045|AD,0.960114
SCF:0003046|AC,0.036634
SCF:0003046|AD,0.935786
SCF:0003047|AC,0.036634
SCF:0003047|AD,0.971678
SCF:0003048|AC,0.089158
SCF:0003048|AD,0.322746
SCF:0003049|AC,0.089158
SCF:0003049|AD,0.962713
SCF:0003050|AC,0.018729
SCF:0003050|AD,0.943073
SCF:0003051|AC,0.018729
SCF:0003051|AD,0.984640
SCF:0003052|AC,0.018729
SCF:0003052|AD,0.985425
SCF:0003053|AC,0.051859
SCF:0003053|AD,0.960280
SCF:0003054|AC,0.051859
SCF:0003054|AD,0.840528
SCF:0003055|AC,0.089594
SCF:0003055|AD,0.955214
SCF:0003059|AC,0.020467
SCF:0003059|AD,0.907121
SCF:0003060|AC,0.026712
SCF:0003060|AD,0.985593
SCF:0003061|AC,0.026712
SCF:0003061|AD,0.963498
SCF:0003062|AC,0.026712
SCF:0003062|AD,0.993312
SCF:0003082|AC,0.070601
SCF:0003082|AD,0.951669
SCF:0003083|AC,0.051057
SCF:0003083|AD,0.885238
SCF:0003084|AC,0.051057
SCF:0003084|AD,0.792759
SCF:0003085|AC,0.062437
SCF:0003085|AD,0.583647
SCF:0003086|AC,0.039091
SCF:0003086|AD,0.923714
SCF:0003088|AC,0.010212
SCF:0003088|AD,0.998701
SCF:0003089|AC,0.010212
SCF:0003089|AD,0.996141
SCF:0003090|AC,0.010212
SCF:0003090|AD,0.993012
SCF:0003091|AC,0.456849
SCF:0003091|AD,0.958723
SCF:0003094|AC,0.274447
SCF:0003094|AD,0.854771
SCF:0003095|AC,0.031759
SCF:0003095|AD,0.949514
SCF:0003096|AC,0.031759
SCF:0003096|AD,0.977566
SCF:0003097|AC,0.045108
SCF:0003097|AD,0.970307
SCF:0003098|AC,0.029758
SCF:0003098|AD,0.995111
SCF:0003099|AC,0.029758
SCF:0003099|AD,0.973318
SCF:0003100|AC,0.029758
SCF:0003100|AD,0.957663
SCF:0003102|AC,0.020815
SCF:0003102|AD,0.994147
SCF:0003103|AC,0.020815
SCF:0003103|AD,0.966292
SCF:0003109|AC,0.014735
SCF:0003109|AD,0.991079
SCF:0003113|AC,0.046347
SCF:0003113|AD,0.886925
SCF:0003114|AC,0.046347
SCF:0003114|AD,0.940624
SCF:0003115|AC,0.068477
SCF:0003115|AD,0.961726
SCF:0003117|AC,0.052487
SCF:0003117|AD,0.992980
SCF:0003122|AC,0.076420
SCF:0003122|AD,0.975121
SCF:0003123|AC,0.076420
SCF:0003123|AD,0.857210
SCF:0003132|AC,0.042430
SCF:0003132|AD,0.997421
SCF:0003133|AC,0.109430
SCF:0003133|AD,0.980242
SCF:0003135|AC,0.630282
SCF:0003135|AD,0.807873
SCF:0003136|AC,0.166220
SCF:0003136|AD,0.993985
SCF:0003137|AC,0.166220
SCF:0003137|AD,0.904887
SCF:0003142|AC,0.280942
SCF:0003142|AD,0.962318
SCF:0003146|AC,0.145367
SCF:0003146|AD,0.930371
SCF:0003147|AC,0.145367
SCF:0003147|AD,0.962839
SCF:0003148|AC,0.145367
SCF:0003148|AD,0.863955
SCF:0003149|AC,0.023323
SCF:0003149|AD,0.922234
SCF:0003150|AC,0.023323
SCF:0003150|AD,0.959102
SCF:0003153|AC,0.896828
SCF:0003153|AD,0.869299
SCF:0003155|AC,0.028255
SCF:0003155|AD,0.991301
SCF:0003156|AC,0.017755
SCF:0003156|AD,0.943734
SCF:0003157|AC,0.017755
SCF:0003157|AD,0.990130
SCF:0003158|AC,0.017755
SCF:0003158|AD,0.979084
SCF:0003163|AC,0.058853
SCF:0003163|AD,0.937468
SCF:0003164|AC,0.058853
SCF:0003164|AD,0.963938
SCF:0003165|AC,0.287826
SCF:0003165|AD,0.625373
SCF:0003166|AC,0.106741
SCF:0003166|AD,0.996889
SCF:0003167|AC,0.106741
SCF:0003167|AD,0.987959
SCF:0003168|AC,0.106741
SCF:0003168|AD,0.969460
SCF:0003169|AC,0.042828
SCF:0003169|AD,0.947888
SCF:0003181|AC,0.393695
SCF:0003181|AD,0.881875
SCF:0003182|AC,0.393695
SCF:0003182|AD,0.938779
SCF:0003183|AC,0.393695
SCF:0003183|AD,0.661277
SCF:0003184|AC,0.197926
SCF:0003184|AD,0.939022
SCF:0003185|AC,0.197926
SCF:0003185|AD,0.944837
SCF:0003187|AC,0.050350
SCF:0003187|AD,0.277476
SCF:0003188|AC,0.050350
SCF:0003188|AD,0.978384
SCF:0003190|AC,0.637287
SCF:0003190|AD,0.864301
SCF:0003197|AC,0.058140
SCF:0003197|AD,0.945723
SCF:0003198|AC,0.058140
SCF:0003198|AD,0.944837
SCF:0003199|AC,0.100216
SCF:0003199|AD,0.954767
SCF:0003200|AC,0.100216
SCF:0003200|AD,0.933935
SCF:0003201|AC,0.100216
SCF:0003201|AD,0.904052
SCF:0003202|AC,0.030042
SCF:0003202|AD,0.945262
SCF:0003203|AC,0.030042
SCF:0003203|AD,0.948952
SCF:0003218|AC,0.055687
SCF:0003218|AD,0.911778
SCF:0003219|AC,0.055687
SCF:0003219|AD,0.941954
SCF:0003220|AC,0.051183
SCF:0003220|AD,0.974861
SCF:0003221|AC,0.051183
SCF:0003221|AD,0.993283
SCF:0003222|AC,0.051183
SCF:0003222|AD,0.972533
SCF:0003223|AC,0.159017
SCF:0003223|AD,0.930122
SCF:0003229|AC,0.151137
SCF:0003229|AD,0.980492
SCF:0003230|AC,0.151137
SCF:0003230|AD,0.927873
SCF:0003233|AC,0.136860
SCF:0003233|AD,0.493338
SCF:0003235|AC,0.014954
SCF:0003235|AD,0.988299
SCF:0003236|AC,0.014954
SCF:0003236|AD,0.975336
SCF:0003237|AC,0.014954
SCF:0003237|AD,0.995675
SCF:0003238|AC,0.020004
SCF:0003238|AD,0.990905
SCF:0003239|AC,0.020004
SCF:0003239|AD,0.971548
SCF:0003241|AC,0.034164
SCF:0003241|AD,0.913933
SCF:0003242|AC,0.034164
SCF:0003242|AD,0.918760
SCF:0003243|AC,0.066976
SCF:0003243|AD,0.952522
SCF:0003248|AC,0.152973
SCF:0003248|AD,0.675303
SCF:0003257|AC,0.382111
SCF:0003257|AD,0.577083
SCF:0003259|AC,0.618304
SCF:0003259|AD,0.882200
SCF:0003260|AC,0.030686
SCF:0003260|AD,0.916628
SCF:0003261|AC,0.030686
SCF:0003261|AD,0.992357
SCF:0003271|AC,0.226138
SCF:0003271|AD,0.946149
SCF:0003272|AC,0.226138
SCF:0003272|AD,0.750112
SCF:0003273|AC,0.226138
SCF:0003273|AD,0.880792
SCF:0003274|AC,0.436151
SCF:0003274|AD,0.881875
SCF:0003275|AC,0.436151
SCF:0003275|AD,0.938779
SCF:0003276|AC,0.436151
SCF:0003276|AD,0.776956
SCF:0003279|AC,0.064765
SCF:0003279|AD,0.310987
SCF:0003280|AC,0.707185
SCF:0003280|AD,0.707185
SCF:0003282|AC,0.039659
SCF:0003282|AD,0.934684
SCF:0003283|AC,0.025566
SCF:0003283|AD,0.989915
SCF:0003285|AC,0.039301
SCF:0003285|AD,0.993120
SCF:0003286|AC,0.039301
SCF:0003286|AD,0.999167
SCF:0003287|AC,0.033246
SCF:0003287|AD,0.996889
SCF:0003294|AC,0.135702
SCF:0003294|AD,0.750112
SCF:0003295|AC,0.135702
SCF:0003295|AD,0.910161
SCF:0003296|AC,0.135702
SCF:0003296|AD,0.880792
SCF:0003297|AC,0.126795
SCF:0003297|AD,0.903254
SCF:0003298|AC,0.126795
SCF:0003298|AD,0.853262
SCF:0003299|AC,0.126795
SCF:0003299|AD,0.973813
SCF:0003301|AC,0.535793
SCF:0003301|AD,0.535793
SCF:0003305|AC,0.827794
SCF:0003305|AD,0.048550
SCF:0003306|AC,0.243026
SCF:0003306|AD,0.871897
SCF:0003307|AC,0.243026
SCF:0003307|AD,0.878034
SCF:0003308|AC,0.243026
SCF:0003308|AD,0.880599
SCF:0003312|AC,0.023736
SCF:0003312|AD,0.941389
SCF:0003314|AC,0.199359
SCF:0003314|AD,0.980704
SCF:0003315|AC,0.170402
SCF:0003315|AD,0.036062
SCF:0003316|AC,0.002937
SCF:0003316|AD,0.961732
SCF:0003323|AC,0.454644
SCF:0003323|AD,0.667952
SCF:0003327|AC,0.116511
SCF:0003327|AD,0.962350
SCF:0003328|AC,0.116511
SCF:0003328|AD,0.975832
SCF:0003329|AC,0.116511
SCF:0003329|AD,0.796002
SCF:0003330|AC,0.161285
SCF:0003330|AD,0.888297
SCF:0003331|AC,0.161285
SCF:0003331|AD,0.892361
SCF:0003332|AC,0.161285
SCF:0003332|AD,0.772025
SCF:0003333|AC,0.679118
SCF:0003333|AD,0.894483
SCF:0003334|AC,0.176736
SCF:0003334|AD,0.969628
SCF:0003336|AC,0.115692
SCF:0003336|AD,0.957557
SCF:0003337|AC,0.435994
SCF:0003337|AD,0.643600
SCF:0003339|AC,0.240967
SCF:0003339|AD,0.990765
SCF:0003340|AC,0.240967
SCF:0003340|AD,0.924507
SCF:0003345|AC,0.503404
SCF:0003345|AD,0.898014
SCF:0003346|AC,0.234407
SCF:0003346|AD,0.773191
SCF:0003351|AC,0.028735
SCF:0003351|AD,0.943073
SCF:0003352|AC,0.028735
SCF:0003352|AD,0.984640
SCF:0003356|AC,0.151894
SCF:0003356|AD,0.974106
SCF:0003360|AC,0.060358
SCF:0003360|AD,0.995125
SCF:0003361|AC,0.060358
SCF:0003361|AD,0.988842
SCF:0000065|AC,0.985313
SCF:0000065|AD,0.931641
SCF:0000125|AC,0.089443
SCF:0000125|AD,0.778599
SCF:0000194|AC,0.747979
SCF:0000194|AD,0.366064
SCF:0000235|AC,0.314940
SCF:0000235|AD,0.301943
SCF:0000236|AC,0.314940
SCF:0000236|AD,0.585016
SCF:0000344|AC,0.376503
SCF:0000344|AD,0.101261
SCF:0000345|AC,0.376503
SCF:0000345|AD,0.670752
SCF:0000346|AC,0.376503
SCF:0000346|AD,0.489464
SCF:0000347|AC,0.745277
SCF:0000347|AD,0.912949
SCF:0000460|AC,0.351038
SCF:0000460|AD,0.447407
SCF:0000471|AC,0.421453
SCF:0000471|AD,0.653321
SCF:0000735|AC,0.236402
SCF:0000735|AD,0.236402
SCF:0000755|AC,0.932867
SCF:0000755|AD,0.939256
SCF:0000756|AC,0.932867
SCF:0000756|AD,0.941146
SCF:0000836|AC,0.132212
SCF:0000836|AD,0.383758
SCF:0000837|AC,0.132212
SCF:0000837|AD,0.788417
SCF:0000865|AC,0.947106
SCF:0000865|AD,0.864645
SCF:0000866|AC,0.947106
SCF:0000866|AD,0.853310
SCF:0000910|AC,0.549446
SCF:0000910|AD,0.880879
SCF:0000911|AC,0.549446
SCF:0000911|AD,0.804787
SCF:0000952|AC,0.057987
SCF:0000952|AD,0.859838
SCF:0001008|AC,0.929834
SCF:0001008|AD,0.525351
SCF:0001009|AC,0.929834
SCF:0001009|AD,0.389604
SCF:0001072|AC,0.667280
SCF:0001072|AD,0.384667
SCF:0001078|AC,0.535225
SCF:0001078|AD,0.693250
SCF:0001079|AC,0.669470
SCF:0001079|AD,0.288492
SCF:0001247|AC,0.662303
SCF:0001247|AD,0.951712
SCF:0001249|AC,0.326723
SCF:0001249|AD,0.821409
SCF:0001313|AC,0.667870
SCF:0001313|AD,0.920070
SCF:0001365|AC,0.868638
SCF:0001365|AD,0.721248
SCF:0001425|AC,0.240006
SCF:0001425|AD,0.243695
SCF:0001470|AC,0.707865
SCF:0001470|AD,0.566173
SCF:0001505|AC,0.868721
SCF:0001505|AD,0.730627
SCF:0001576|AC,0.367808
SCF:0001576|AD,0.367808
SCF:0001663|AC,0.714353
SCF:0001663|AD,0.529988
SCF:0001776|AC,0.931047
SCF:0001776|AD,0.926350
SCF:0001777|AC,0.931047
SCF:0001777|AD,0.989417
SCF:0001778|AC,0.931047
SCF:0001778|AD,0.952431
SCF:0001779|AC,0.969855
SCF:0001779|AD,0.984436
SCF:0001780|AC,0.969855
SCF:0001780|AD,0.857410
SCF:0001781|AC,0.969855
SCF:0001781|AD,0.986366
SCF:0001798|AC,0.502519
SCF:0001798|AD,0.832677
SCF:0001819|AC,0.875401
SCF:0001819|AD,0.949208
SCF:0001901|AC,0.981730
SCF:0001901|AD,0.982798
SCF:0001905|AC,0.394119
SCF:0001905|AD,0.388192
SCF:0001908|AC,0.786774
SCF:0001908|AD,0.698077
SCF:0001945|AC,0.276218
SCF:0001945|AD,0.572700
SCF:0002000|AC,0.034926
SCF:0002000|AD,0.888218
SCF:0002033|AC,0.884428
SCF:0002033|AD,0.839317
SCF:0002054|AC,0.434636
SCF:0002054|AD,0.482162
SCF:0002100|AC,0.977339
SCF:0002100|AD,0.983343
SCF:0002101|AC,0.977339
SCF:0002101|AD,0.968683
SCF:0002102|AC,0.977339
SCF:0002102|AD,0.997782
SCF:0002103|AC,0.968987
SCF:0002103|AD,0.959061
SCF:0002104|AC,0.968987
SCF:0002104|AD,0.986337
SCF:0002105|AC,0.968987
SCF:0002105|AD,0.961059
SCF:0002148|AC,0.839291
SCF:0002148|AD,0.558392
SCF:0002175|AC,0.884428
SCF:0002175|AD,0.839317
SCF:0002176|AC,0.884428
SCF:0002176|AD,0.839317
SCF:0002212|AC,0.535225
SCF:0002212|AD,0.693250
SCF:0002234|AC,0.860174
SCF:0002234|AD,0.968683
SCF:0002235|AC,0.860174
SCF:0002235|AD,0.983343
SCF:0002236|AC,0.860174
SCF:0002236|AD,0.997782
SCF:0002237|AC,0.823913
SCF:0002237|AD,0.925068
SCF:0002238|AC,0.823913
SCF:0002238|AD,0.957938
SCF:0002239|AC,0.823913
SCF:0002239|AD,0.955011
SCF:0002251|AC,0.205349
SCF:0002251|AD,0.384667
SCF:0002282|AC,0.572046
SCF:0002282|AD,0.632237
SCF:0002284|AC,0.572046
SCF:0002284|AD,0.644537
SCF:0002292|AC,0.448736
SCF:0002292|AD,0.914647
SCF:0002309|AC,0.298772
SCF:0002309|AD,0.852183
SCF:0002487|AC,0.854326
SCF:0002487|AD,0.843671
SCF:0002551|AC,0.709903
SCF:0002551|AD,0.946599
SCF:0002611|AC,0.961985
SCF:0002611|AD,0.583726
SCF:0002612|AC,0.514077
SCF:0002612|AD,0.436354
SCF:0002628|AC,0.558790
SCF:0002628|AD,0.235697
SCF:0002630|AC,0.316604
SCF:0002630|AD,0.358740
SCF:0002631|AC,0.316604
SCF:0002631|AD,0.292354
SCF:0002632|AC,0.316604
SCF:0002632|AD,0.314083
SCF:0002660|AC,0.936806
SCF:0002660|AD,0.968683
SCF:0002661|AC,0.936806
SCF:0002661|AD,0.983343
SCF:0002662|AC,0.936806
SCF:0002662|AD,0.997782
SCF:0002663|AC,0.934260
SCF:0002663|AD,0.880488
SCF:0002664|AC,0.934260
SCF:0002664|AD,0.988213
SCF:0002676|AC,0.961301
SCF:0002676|AD,0.777747
SCF:0002781|AC,0.338799
SCF:0002781|AD,0.914129
SCF:0002826|AC,0.551086
SCF:0002826|AD,0.792893
SCF:0002827|AC,0.481106
SCF:0002827|AD,0.585016
SCF:0002890|AC,0.560833
SCF:0002890|AD,0.984496
SCF:0002931|AC,0.949469
SCF:0002931|AD,0.944402
SCF:0002955|AC,0.850349
SCF:0002955|AD,0.531683
SCF:0002971|AC,0.881405
SCF:0002971|AD,0.466033
SCF:0002972|AC,0.503977
SCF:0002972|AD,0.336113
SCF:0003161|AC,0.822692
SCF:0003161|AD,0.898964
SCF:0003162|AC,0.316517
SCF:0003162|AD,0.851038
SCF:0003180|AC,0.788630
SCF:0003180|AD,0.870563
SCF:0003251|AC,0.570224
SCF:0003251|AD,0.914492
SCF:0003252|AC,0.570224
SCF:0003252|AD,0.596685
SCF:0003290|AC,0.909205
SCF:0003290|AD,0.971768
SCF:0003291|AC,0.951640
SCF:0003291|AD,0.975086
SCF:0003347|AC,0.394054
SCF:0003347|AD,0.836379
SCF:0000003|AC,0.099995
SCF:0000003|AD,0.228133
SCF:0000032|AC,0.534732
SCF:0000032|AD,0.111036
SCF:0000042|AC,0.776439
SCF:0000042|AD,0.983417
SCF:0000062|AC,0.968920
SCF:0000062|AD,0.977260
SCF:0000063|AC,0.945001
SCF:0000063|AD,0.859665
SCF:0000064|AC,0.945001
SCF:0000064|AD,0.712924
SCF:0000066|AC,0.997650
SCF:0000066|AD,0.948975
SCF:0000073|AC,0.949044
SCF:0000073|AD,0.961451
SCF:0000074|AC,0.877108
SCF:0000074|AD,0.898895
SCF:0000079|AC,0.173155
SCF:0000079|AD,0.919878
SCF:0000080|AC,0.173155
SCF:0000080|AD,0.613375
SCF:0000095|AC,0.991479
SCF:0000095|AD,0.996988
SCF:0000118|AC,0.239242
SCF:0000118|AD,0.137799
SCF:0000123|AC,0.574856
SCF:0000123|AD,0.823862
SCF:0000126|AC,0.023879
SCF:0000126|AD,0.979637
SCF:0000130|AC,0.969037
SCF:0000130|AD,0.938160
SCF:0000155|AC,0.004914
SCF:0000155|AD,0.878134
SCF:0000165|AC,0.787177
SCF:0000165|AD,0.765721
SCF:0000166|AC,0.787177
SCF:0000166|AD,0.895401
SCF:0000167|AC,0.787177
SCF:0000167|AD,0.638655
SCF:0000187|AC,0.951510
SCF:0000187|AD,0.989391
SCF:0000188|AC,0.975542
SCF:0000188|AD,0.989233
SCF:0000189|AC,0.903432
SCF:0000189|AD,0.969985
SCF:0000198|AC,0.993237
SCF:0000198|AD,0.993168
SCF:0000204|AC,0.932616
SCF:0000204|AD,0.959893
SCF:0000205|AC,0.932616
SCF:0000205|AD,0.968207
SCF:0000218|AC,0.751208
SCF:0000218|AD,0.719944
SCF:0000223|AC,0.096909
SCF:0000223|AD,0.486669
SCF:0000246|AC,0.816769
SCF:0000246|AD,0.944593
SCF:0000247|AC,0.816769
SCF:0000247|AD,0.880391
SCF:0000253|AC,0.529877
SCF:0000253|AD,0.402780
SCF:0000259|AC,0.924727
SCF:0000259|AD,0.880499
SCF:0000297|AC,0.939757
SCF:0000297|AD,0.858602
SCF:0000298|AC,0.993742
SCF:0000298|AD,0.964166
SCF:0000321|AC,0.588293
SCF:0000321|AD,0.117210
SCF:0000348|AC,0.732501
SCF:0000348|AD,0.742311
SCF:0000365|AC,0.585506
SCF:0000365|AD,0.022435
SCF:0000371|AC,0.110165
SCF:0000371|AD,0.181147
SCF:0000375|AC,0.977972
SCF:0000375|AD,0.910507
SCF:0000376|AC,0.977972
SCF:0000376|AD,0.973191
SCF:0000377|AC,0.893647
SCF:0000377|AD,0.954787
SCF:0000379|AC,0.893647
SCF:0000379|AD,0.964333
SCF:0000386|AC,0.725580
SCF:0000386|AD,0.899896
SCF:0000387|AC,0.752674
SCF:0000387|AD,0.092700
SCF:0000388|AC,0.495595
SCF:0000388|AD,0.253767
SCF:0000397|AC,0.708381
SCF:0000397|AD,0.392962
SCF:0000401|AC,0.876222
SCF:0000401|AD,0.966521
SCF:0000402|AC,0.876222
SCF:0000402|AD,0.974678
SCF:0000403|AC,0.876222
SCF:0000403|AD,0.993978
SCF:0000421|AC,0.988766
SCF:0000421|AD,0.911039
SCF:0000434|AC,0.827400
SCF:0000434|AD,0.948266
SCF:0000435|AC,0.973950
SCF:0000435|AD,0.984846
SCF:0000436|AC,0.973950
SCF:0000436|AD,0.996943
SCF:0000437|AC,0.973950
SCF:0000437|AD,0.996819
SCF:0000468|AC,0.981662
SCF:0000468|AD,0.925000
SCF:0000475|AC,0.902288
SCF:0000475|AD,0.969985
SCF:0000476|AC,0.975004
SCF:0000476|AD,0.988488
SCF:0000482|AC,0.070591
SCF:0000482|AD,0.427904
SCF:0000483|AC,0.576756
SCF:0000483|AD,0.890774
SCF:0000518|AC,0.856961
SCF:0000518|AD,0.624107
SCF:0000546|AC,0.350664
SCF:0000546|AD,0.363435
SCF:0000552|AC,0.984075
SCF:0000552|AD,0.997016
SCF:0000553|AC,0.951796
SCF:0000553|AD,0.984031
SCF:0000560|AC,0.007865
SCF:0000560|AD,0.015317
SCF:0000570|AC,0.714030
SCF:0000570|AD,0.773275
SCF:0000571|AC,0.090593
SCF:0000571|AD,0.080738
SCF:0000574|AC,0.822131
SCF:0000574|AD,0.872073
SCF:0000581|AC,0.758621
SCF:0000581|AD,0.866587
SCF:0000582|AC,0.758621
SCF:0000582|AD,0.897029
SCF:0000583|AC,0.758621
SCF:0000583|AD,0.855059
SCF:0000584|AC,0.584022
SCF:0000584|AD,0.815760
SCF:0000588|AC,0.933203
SCF:0000588|AD,0.941210
SCF:0000598|AC,0.927086
SCF:0000598|AD,0.964116
SCF:0000626|AC,0.182773
SCF:0000626|AD,0.371026
SCF:0000639|AC,0.403861
SCF:0000639|AD,0.969218
SCF:0000640|AC,0.489107
SCF:0000640|AD,0.456859
SCF:0000644|AC,0.029463
SCF:0000644|AD,0.622093
SCF:0000657|AC,0.017813
SCF:0000657|AD,0.042188
SCF:0000679|AC,0.975496
SCF:0000679|AD,0.993299
SCF:0000680|AC,0.980745
SCF:0000680|AD,0.991520
SCF:0000681|AC,0.980745
SCF:0000681|AD,0.974954
SCF:0000682|AC,0.050184
SCF:0000682|AD,0.369393
SCF:0000684|AC,0.750400
SCF:0000684|AD,0.820605
SCF:0000685|AC,0.974563
SCF:0000685|AD,0.963095
SCF:0000695|AC,0.748866
SCF:0000695|AD,0.462149
SCF:0000696|AC,0.748866
SCF:0000696|AD,0.124428
SCF:0000697|AC,0.406506
SCF:0000697|AD,0.177668
SCF:0000698|AC,0.406506
SCF:0000698|AD,0.289747
SCF:0000701|AC,0.050080
SCF:0000701|AD,0.050080
SCF:0000705|AC,0.710888
SCF:0000705|AD,0.892670
SCF:0000716|AC,0.955764
SCF:0000716|AD,0.983949
SCF:0000717|AC,0.844558
SCF:0000717|AD,0.673109
SCF:0000718|AC,0.844558
SCF:0000718|AD,0.022985
SCF:0000736|AC,0.496703
SCF:0000736|AD,0.091416
SCF:0000740|AC,0.758219
SCF:0000740|AD,0.970852
SCF:0000741|AC,0.758219
SCF:0000741|AD,0.931567
SCF:0000742|AC,0.758219
SCF:0000742|AD,0.985252
SCF:0000750|AC,0.912738
SCF:0000750|AD,0.926296
SCF:0000776|AC,0.956372
SCF:0000776|AD,0.970785
SCF:0000791|AC,0.996420
SCF:0000791|AD,0.995546
SCF:0000792|AC,0.996308
SCF:0000792|AD,0.998060
SCF:0000802|AC,0.750058
SCF:0000802|AD,0.613287
SCF:0000803|AC,0.750058
SCF:0000803|AD,0.928107
SCF:0000807|AC,0.942618
SCF:0000807|AD,0.333013
SCF:0000816|AC,0.566474
SCF:0000816|AD,0.890774
SCF:0000827|AC,0.889097
SCF:0000827|AD,0.698152
SCF:0000828|AC,0.018925
SCF:0000828|AD,0.046224
SCF:0000829|AC,0.018925
SCF:0000829|AD,0.028635
SCF:0000845|AC,0.740371
SCF:0000845|AD,0.378841
SCF:0000862|AC,0.347691
SCF:0000862|AD,0.676267
SCF:0000875|AC,0.932751
SCF:0000875|AD,0.793340
SCF:0000876|AC,0.932751
SCF:0000876|AD,0.793340
SCF:0000887|AC,0.260679
SCF:0000887|AD,0.538973
SCF:0000905|AC,0.308412
SCF:0000905|AD,0.951137
SCF:0000915|AC,0.758644
SCF:0000915|AD,0.633066
SCF:0000916|AC,0.951691
SCF:0000916|AD,0.961035
SCF:0000917|AC,0.990835
SCF:0000917|AD,0.960636
SCF:0000920|AC,0.889653
SCF:0000920|AD,0.697657
SCF:0000921|AC,0.771848
SCF:0000921|AD,0.188888
SCF:0000936|AC,0.201853
SCF:0000936|AD,0.522413
SCF:0000937|AC,0.803163
SCF:0000937|AD,0.232322
SCF:0000954|AC,0.660181
SCF:0000954|AD,0.693915
SCF:0000961|AC,0.989458
SCF:0000961|AD,0.598107
SCF:0000963|AC,0.448019
SCF:0000963|AD,0.682158
SCF:0000968|AC,0.125626
SCF:0000968|AD,0.192843
SCF:0000973|AC,0.063684
SCF:0000973|AD,0.183582
SCF:0000974|AC,0.063684
SCF:0000974|AD,0.032387
SCF:0000975|AC,0.063684
SCF:0000975|AD,0.088882
SCF:0000994|AC,0.961513
SCF:0000994|AD,0.969378
SCF:0001005|AC,0.176823
SCF:0001005|AD,0.955840
SCF:0001006|AC,0.176823
SCF:0001006|AD,0.971486
SCF:0001007|AC,0.277787
SCF:0001007|AD,0.186621
SCF:0001019|AC,0.835645
SCF:0001019|AD,0.529661
SCF:0001023|AC,0.136051
SCF:0001023|AD,0.119970
SCF:0001024|AC,0.136051
SCF:0001024|AD,0.221536
SCF:0001025|AC,0.925969
SCF:0001025|AD,0.834973
SCF:0001056|AC,0.986967
SCF:0001056|AD,0.745412
SCF:0001058|AC,0.493716
SCF:0001058|AD,0.549800
SCF:0001085|AC,0.396720
SCF:0001085|AD,0.792679
SCF:0001094|AC,0.952695
SCF:0001094|AD,0.955554
SCF:0001143|AC,0.882764
SCF:0001143|AD,0.943021
SCF:0001144|AC,0.882764
SCF:0001144|AD,0.757710
SCF:0001153|AC,0.956974
SCF:0001153|AD,0.290912
SCF:0001172|AC,0.239870
SCF:0001172|AD,0.674245
SCF:0001179|AC,0.869563
SCF:0001179|AD,0.459805
SCF:0001185|AC,0.990595
SCF:0001185|AD,0.990750
SCF:0001186|AC,0.990595
SCF:0001186|AD,0.994904
SCF:0001187|AC,0.995219
SCF:0001187|AD,0.987704
SCF:0001188|AC,0.931365
SCF:0001188|AD,0.905043
SCF:0001199|AC,0.069639
SCF:0001199|AD,0.254967
SCF:0001216|AC,0.952832
SCF:0001216|AD,0.760852
SCF:0001226|AC,0.767107
SCF:0001226|AD,0.992177
SCF:0001227|AC,0.767107
SCF:0001227|AD,0.947912
SCF:0001231|AC,0.997424
SCF:0001231|AD,0.954840
SCF:0001232|AC,0.975168
SCF:0001232|AD,0.996131
SCF:0001233|AC,0.975168
SCF:0001233|AD,0.893204
SCF:0001234|AC,0.975168
SCF:0001234|AD,0.139850
SCF:0001243|AC,0.033766
SCF:0001243|AD,0.978215
SCF:0001244|AC,0.009783
SCF:0001244|AD,0.006895
SCF:0001263|AC,0.330237
SCF:0001263|AD,0.038980
SCF:0001264|AC,0.897021
SCF:0001264|AD,0.871280
SCF:0001265|AC,0.897021
SCF:0001265|AD,0.729955
SCF:0001268|AC,0.982861
SCF:0001268|AD,0.674966
SCF:0001281|AC,0.072571
SCF:0001281|AD,0.072571
SCF:0001293|AC,0.446720
SCF:0001293|AD,0.823268
SCF:0001294|AC,0.548999
SCF:0001294|AD,0.532845
SCF:0001307|AC,0.903709
SCF:0001307|AD,0.975771
SCF:0001337|AC,0.485416
SCF:0001337|AD,0.030187
SCF:0001338|AC,0.485416
SCF:0001338|AD,0.088882
SCF:0001339|AC,0.485416
SCF:0001339|AD,0.069288
SCF:0001341|AC,0.936972
SCF:0001341|AD,0.143999
SCF:0001344|AC,0.503993
SCF:0001344|AD,0.141226
SCF:0001351|AC,0.073184
SCF:0001351|AD,0.787598
SCF:0001363|AC,0.957948
SCF:0001363|AD,0.364309
SCF:0001364|AC,0.102214
SCF:0001364|AD,0.023198
SCF:0001370|AC,0.992034
SCF:0001370|AD,0.989377
SCF:0001371|AC,0.980078
SCF:0001371|AD,0.976492
SCF:0001384|AC,0.981191
SCF:0001384|AD,0.974120
SCF:0001388|AC,0.650092
SCF:0001388|AD,0.342741
SCF:0001389|AC,0.648328
SCF:0001389|AD,0.452166
SCF:0001390|AC,0.888161
SCF:0001390|AD,0.991344
SCF:0001400|AC,0.529720
SCF:0001400|AD,0.856122
SCF:0001412|AC,0.994398
SCF:0001412|AD,0.992775
SCF:0001413|AC,0.946226
SCF:0001413|AD,0.880499
SCF:0001414|AC,0.077811
SCF:0001414|AD,0.003107
SCF:0001416|AC,0.040001
SCF:0001416|AD,0.072213
SCF:0001417|AC,0.903612
SCF:0001417|AD,0.885064
SCF:0001421|AC,0.026716
SCF:0001421|AD,0.046224
SCF:0001422|AC,0.026716
SCF:0001422|AD,0.028635
SCF:0001429|AC,0.888874
SCF:0001429|AD,0.894700
SCF:0001430|AC,0.894878
SCF:0001430|AD,0.895084
SCF:0001444|AC,0.247469
SCF:0001444|AD,0.159376
SCF:0001445|AC,0.247469
SCF:0001445|AD,0.091278
SCF:0001451|AC,0.487031
SCF:0001451|AD,0.063959
SCF:0001452|AC,0.487031
SCF:0001452|AD,0.892296
SCF:0001453|AC,0.252943
SCF:0001453|AD,0.403647
SCF:0001454|AC,0.056189
SCF:0001454|AD,0.009293
SCF:0001455|AC,0.666903
SCF:0001455|AD,0.895842
SCF:0001468|AC,0.877707
SCF:0001468|AD,0.534074
SCF:0001475|AC,0.951967
SCF:0001475|AD,0.973071
SCF:0001480|AC,0.358952
SCF:0001480|AD,0.448390
SCF:0001481|AC,0.358952
SCF:0001481|AD,0.422214
SCF:0001482|AC,0.017262
SCF:0001482|AD,0.015317
SCF:0001501|AC,0.964563
SCF:0001501|AD,0.869959
SCF:0001516|AC,0.857046
SCF:0001516|AD,0.942444
SCF:0001521|AC,0.360511
SCF:0001521|AD,0.598467
SCF:0001522|AC,0.360511
SCF:0001522|AD,0.004027
SCF:0001523|AC,0.360511
SCF:0001523|AD,0.039623
SCF:0001524|AC,0.152513
SCF:0001524|AD,0.127167
SCF:0001533|AC,0.076083
SCF:0001533|AD,0.169044
SCF:0001539|AC,0.976590
SCF:0001539|AD,0.841868
SCF:0001540|AC,0.976590
SCF:0001540|AD,0.875056
SCF:0001541|AC,0.969401
SCF:0001541|AD,0.947925
SCF:0001543|AC,0.002818
SCF:0001543|AD,0.978646
SCF:0001556|AC,0.137040
SCF:0001556|AD,0.069123
SCF:0001564|AC,0.289584
SCF:0001564|AD,0.080738
SCF:0001569|AC,0.990831
SCF:0001569|AD,0.990387
SCF:0001570|AC,0.990831
SCF:0001570|AD,0.992441
SCF:0001571|AC,0.995837
SCF:0001571|AD,0.996996
SCF:0001572|AC,0.995837
SCF:0001572|AD,0.996895
SCF:0001575|AC,0.774048
SCF:0001575|AD,0.598968
SCF:0001586|AC,0.967008
SCF:0001586|AD,0.972595
SCF:0001588|AC,0.937961
SCF:0001588|AD,0.957716
SCF:0001590|AC,0.973386
SCF:0001590|AD,0.987794
SCF:0001591|AC,0.997074
SCF:0001591|AD,0.963497
SCF:0001617|AC,0.574856
SCF:0001617|AD,0.823862
SCF:0001621|AC,0.632537
SCF:0001621|AD,0.133756
SCF:0001625|AC,0.066913
SCF:0001625|AD,0.983813
SCF:0001626|AC,0.066913
SCF:0001626|AD,0.989367
SCF:0001627|AC,0.066913
SCF:0001627|AD,0.992312
SCF:0001628|AC,0.318658
SCF:0001628|AD,0.046194
SCF:0001645|AC,0.873097
SCF:0001645|AD,0.938160
SCF:0001648|AC,0.497303
SCF:0001648|AD,0.208575
SCF:0001675|AC,0.146483
SCF:0001675|AD,0.084894
SCF:0001690|AC,0.419326
SCF:0001690|AD,0.267970
SCF:0001704|AC,0.875162
SCF:0001704|AD,0.650275
SCF:0001705|AC,0.875162
SCF:0001705|AD,0.965171
SCF:0001706|AC,0.875162
SCF:0001706|AD,0.947912
SCF:0001708|AC,0.977237
SCF:0001708|AD,0.944408
SCF:0001729|AC,0.904433
SCF:0001729|AD,0.757925
SCF:0001733|AC,0.787070
SCF:0001733|AD,0.906807
SCF:0001734|AC,0.787070
SCF:0001734|AD,0.992365
SCF:0001735|AC,0.787070
SCF:0001735|AD,0.972501
SCF:0001736|AC,0.987768
SCF:0001736|AD,0.979748
SCF:0001737|AC,0.987768
SCF:0001737|AD,0.955169
SCF:0001738|AC,0.987768
SCF:0001738|AD,0.908366
SCF:0001746|AC,0.927190
SCF:0001746|AD,0.946671
SCF:0001747|AC,0.974818
SCF:0001747|AD,0.940708
SCF:0001755|AC,0.984188
SCF:0001755|AD,0.941094
SCF:0001756|AC,0.984188
SCF:0001756|AD,0.997762
SCF:0001757|AC,0.923570
SCF:0001757|AD,0.660361
SCF:0001758|AC,0.923570
SCF:0001758|AD,0.740627
SCF:0001759|AC,0.923570
SCF:0001759|AD,0.678901
SCF:0001814|AC,0.941341
SCF:0001814|AD,0.923509
SCF:0001821|AC,0.356172
SCF:0001821|AD,0.058306
SCF:0001826|AC,0.852034
SCF:0001826|AD,0.871128
SCF:0001832|AC,0.864265
SCF:0001832|AD,0.022191
SCF:0001842|AC,0.150139
SCF:0001842|AD,0.130024
SCF:0001843|AC,0.150139
SCF:0001843|AD,0.024289
SCF:0001849|AC,0.464719
SCF:0001849|AD,0.946634
SCF:0001850|AC,0.870144
SCF:0001850|AD,0.038980
SCF:0001851|AC,0.845534
SCF:0001851|AD,0.935295
SCF:0001852|AC,0.845534
SCF:0001852|AD,0.993414
SCF:0001853|AC,0.887003
SCF:0001853|AD,0.908366
SCF:0001854|AC,0.887003
SCF:0001854|AD,0.979748
SCF:0001855|AC,0.887003
SCF:0001855|AD,0.955169
SCF:0001859|AC,0.240860
SCF:0001859|AD,0.623507
SCF:0001860|AC,0.240860
SCF:0001860|AD,0.386954
SCF:0001861|AC,0.301411
SCF:0001861|AD,0.483535
SCF:0001865|AC,0.020330
SCF:0001865|AD,0.982227
SCF:0001868|AC,0.915591
SCF:0001868|AD,0.941597
SCF:0001873|AC,0.270517
SCF:0001873|AD,0.946167
SCF:0001874|AC,0.270517
SCF:0001874|AD,0.850879
SCF:0001875|AC,0.490839
SCF:0001875|AD,0.954877
SCF:0001880|AC,0.168357
SCF:0001880|AD,0.614098
SCF:0001914|AC,0.074975
SCF:0001914|AD,0.025187
SCF:0001921|AC,0.956171
SCF:0001921|AD,0.981309
SCF:0001923|AC,0.934730
SCF:0001923|AD,0.988995
SCF:0001924|AC,0.709748
SCF:0001924|AD,0.838567
SCF:0001925|AC,0.891429
SCF:0001925|AD,0.989375
SCF:0001926|AC,0.891429
SCF:0001926|AD,0.936920
SCF:0001927|AC,0.881363
SCF:0001927|AD,0.954787
SCF:0001928|AC,0.881363
SCF:0001928|AD,0.964333
SCF:0001931|AC,0.974369
SCF:0001931|AD,0.872170
SCF:0001932|AC,0.974369
SCF:0001932|AD,0.969036
SCF:0001934|AC,0.003354
SCF:0001934|AD,0.011496
SCF:0001964|AC,0.074864
SCF:0001964|AD,0.444658
SCF:0001972|AC,0.163378
SCF:0001972|AD,0.100928
SCF:0001973|AC,0.044256
SCF:0001973|AD,0.290105
SCF:0001991|AC,0.960148
SCF:0001991|AD,0.806826
SCF:0001992|AC,0.960148
SCF:0001992|AD,0.859834
SCF:0001993|AC,0.880062
SCF:0001993|AD,0.913339
SCF:0002012|AC,0.153609
SCF:0002012|AD,0.048545
SCF:0002020|AC,0.871498
SCF:0002020|AD,0.967879
SCF:0002021|AC,0.840933
SCF:0002021|AD,0.974525
SCF:0002031|AC,0.645289
SCF:0002031|AD,0.552942
SCF:0002032|AC,0.645289
SCF:0002032|AD,0.891537
SCF:0002034|AC,0.459216
SCF:0002034|AD,0.946658
SCF:0002035|AC,0.459216
SCF:0002035|AD,0.798315
SCF:0002062|AC,0.825040
SCF:0002062|AD,0.482172
SCF:0002063|AC,0.825040
SCF:0002063|AD,0.074677
SCF:0002065|AC,0.645235
SCF:0002065|AD,0.458998
SCF:0002066|AC,0.460811
SCF:0002066|AD,0.286720
SCF:0002092|AC,0.931083
SCF:0002092|AD,0.911860
SCF:0002093|AC,0.086725
SCF:0002093|AD,0.064782
SCF:0002097|AC,0.815464
SCF:0002097|AD,0.687741
SCF:0002115|AC,0.740905
SCF:0002115|AD,0.509213
SCF:0002129|AC,0.885020
SCF:0002129|AD,0.848976
SCF:0002130|AC,0.885020
SCF:0002130|AD,0.926923
SCF:0002161|AC,0.947932
SCF:0002161|AD,0.753967
SCF:0002167|AC,0.990424
SCF:0002167|AD,0.995235
SCF:0002168|AC,0.990424
SCF:0002168|AD,0.990670
SCF:0002169|AC,0.990424
SCF:0002169|AD,0.993858
SCF:0002170|AC,0.973114
SCF:0002170|AD,0.992030
SCF:0002171|AC,0.973114
SCF:0002171|AD,0.995274
SCF:0002172|AC,0.594580
SCF:0002172|AD,0.126731
SCF:0002174|AC,0.879001
SCF:0002174|AD,0.971945
SCF:0002180|AC,0.086065
SCF:0002180|AD,0.241428
SCF:0002182|AC,0.632378
SCF:0002182|AD,0.142532
SCF:0002192|AC,0.967759
SCF:0002192|AD,0.979220
SCF:0002197|AC,0.007670
SCF:0002197|AD,0.206981
SCF:0002202|AC,0.059677
SCF:0002202|AD,0.464470
SCF:0002213|AC,0.888665
SCF:0002213|AD,0.881929
SCF:0002214|AC,0.262962
SCF:0002214|AD,0.498768
SCF:0002231|AC,0.615103
SCF:0002231|AD,0.071231
SCF:0002232|AC,0.363913
SCF:0002232|AD,0.564963
SCF:0002233|AC,0.854588
SCF:0002233|AD,0.635828
SCF:0002243|AC,0.838716
SCF:0002243|AD,0.534074
SCF:0002262|AC,0.256439
SCF:0002262|AD,0.112935
SCF:0002276|AC,0.487728
SCF:0002276|AD,0.802753
SCF:0002277|AC,0.439601
SCF:0002277|AD,0.257902
SCF:0002285|AC,0.536872
SCF:0002285|AD,0.652634
SCF:0002290|AC,0.712710
SCF:0002290|AD,0.121813
SCF:0002291|AC,0.696760
SCF:0002291|AD,0.758500
SCF:0002312|AC,0.976490
SCF:0002312|AD,0.987186
SCF:0002313|AC,0.882260
SCF:0002313|AD,0.979354
SCF:0002328|AC,0.082796
SCF:0002328|AD,0.973815
SCF:0002329|AC,0.082796
SCF:0002329|AD,0.025372
SCF:0002332|AC,0.689208
SCF:0002332|AD,0.637651
SCF:0002335|AC,0.372121
SCF:0002335|AD,0.892612
SCF:0002336|AC,0.710755
SCF:0002336|AD,0.947073
SCF:0002345|AC,0.903072
SCF:0002345|AD,0.975318
SCF:0002360|AC,0.939249
SCF:0002360|AD,0.728114
SCF:0002362|AC,0.922623
SCF:0002362|AD,0.976804
SCF:0002366|AC,0.509491
SCF:0002366|AD,0.974557
SCF:0002377|AC,0.352660
SCF:0002377|AD,0.520497
SCF:0002378|AC,0.943719
SCF:0002378|AD,0.858695
SCF:0002379|AC,0.401151
SCF:0002379|AD,0.467593
SCF:0002380|AC,0.997835
SCF:0002380|AD,0.830046
SCF:0002381|AC,0.997835
SCF:0002381|AD,0.950183
SCF:0002382|AC,0.996727
SCF:0002382|AD,0.954838
SCF:0002383|AC,0.996727
SCF:0002383|AD,0.994034
SCF:0002384|AC,0.759004
SCF:0002384|AD,0.973411
SCF:0002385|AC,0.644370
SCF:0002385|AD,0.078096
SCF:0002386|AC,0.211791
SCF:0002386|AD,0.944077
SCF:0002391|AC,0.409182
SCF:0002391|AD,0.633151
SCF:0002392|AC,0.409182
SCF:0002392|AD,0.211396
SCF:0002418|AC,0.334679
SCF:0002418|AD,0.394942
SCF:0002419|AC,0.942495
SCF:0002419|AD,0.934911
SCF:0002420|AC,0.942495
SCF:0002420|AD,0.980971
SCF:0002421|AC,0.966221
SCF:0002421|AD,0.973191
SCF:0002423|AC,0.966221
SCF:0002423|AD,0.910507
SCF:0002425|AC,0.428281
SCF:0002425|AD,0.925000
SCF:0002426|AC,0.995584
SCF:0002426|AD,0.989737
SCF:0002429|AC,0.792813
SCF:0002429|AD,0.044225
SCF:0002438|AC,0.838713
SCF:0002438|AD,0.918893
SCF:0002439|AC,0.838713
SCF:0002439|AD,0.919512
SCF:0002440|AC,0.838713
SCF:0002440|AD,0.978544
SCF:0002441|AC,0.993006
SCF:0002441|AD,0.991496
SCF:0002442|AC,0.993006
SCF:0002442|AD,0.992825
SCF:0002464|AC,0.979414
SCF:0002464|AD,0.880538
SCF:0002486|AC,0.966352
SCF:0002486|AD,0.997099
SCF:0002489|AC,0.199699
SCF:0002489|AD,0.058243
SCF:0002490|AC,0.597478
SCF:0002490|AD,0.894738
SCF:0002494|AC,0.774335
SCF:0002494|AD,0.309485
SCF:0002499|AC,0.784314
SCF:0002499|AD,0.744695
SCF:0002500|AC,0.655703
SCF:0002500|AD,0.842549
SCF:0002519|AC,0.115010
SCF:0002519|AD,0.278150
SCF:0002525|AC,0.247254
SCF:0002525|AD,0.143099
SCF:0002526|AC,0.490360
SCF:0002526|AD,0.177985
SCF:0002527|AC,0.035969
SCF:0002527|AD,0.202396
SCF:0002528|AC,0.259917
SCF:0002528|AD,0.680481
SCF:0002529|AC,0.084159
SCF:0002529|AD,0.897534
SCF:0002534|AC,0.769208
SCF:0002534|AD,0.552942
SCF:0002535|AC,0.769208
SCF:0002535|AD,0.755214
SCF:0002537|AC,0.998092
SCF:0002537|AD,0.013652
SCF:0002538|AC,0.674183
SCF:0002538|AD,0.193113
SCF:0002564|AC,0.962411
SCF:0002564|AD,0.960258
SCF:0002565|AC,0.962411
SCF:0002565|AD,0.990432
SCF:0002566|AC,0.948856
SCF:0002566|AD,0.952419
SCF:0002567|AC,0.948856
SCF:0002567|AD,0.904191
SCF:0002568|AC,0.948856
SCF:0002568|AD,0.781506
SCF:0002578|AC,0.872187
SCF:0002578|AD,0.267970
SCF:0002579|AC,0.060394
SCF:0002579|AD,0.983517
SCF:0002580|AC,0.060394
SCF:0002580|AD,0.481444
SCF:0002582|AC,0.192437
SCF:0002582|AD,0.677945
SCF:0002604|AC,0.005456
SCF:0002604|AD,0.005814
SCF:0002608|AC,0.827701
SCF:0002608|AD,0.708955
SCF:0002609|AC,0.827701
SCF:0002609|AD,0.331873
SCF:0002610|AC,0.032585
SCF:0002610|AD,0.830025
SCF:0002619|AC,0.877909
SCF:0002619|AD,0.074677
SCF:0002620|AC,0.877909
SCF:0002620|AD,0.853170
SCF:0002621|AC,0.877909
SCF:0002621|AD,0.482172
SCF:0002623|AC,0.129248
SCF:0002623|AD,0.797515
SCF:0002642|AC,0.804909
SCF:0002642|AD,0.947100
SCF:0002648|AC,0.209402
SCF:0002648|AD,0.693399
SCF:0002652|AC,0.816519
SCF:0002652|AD,0.976782
SCF:0002659|AC,0.611972
SCF:0002659|AD,0.680994
SCF:0002679|AC,0.832833
SCF:0002679|AD,0.830988
SCF:0002680|AC,0.797987
SCF:0002680|AD,0.889658
SCF:0002681|AC,0.807736
SCF:0002681|AD,0.456859
SCF:0002690|AC,0.717374
SCF:0002690|AD,0.103143
SCF:0002691|AC,0.962491
SCF:0002691|AD,0.993672
SCF:0002702|AC,0.173858
SCF:0002702|AD,0.123319
SCF:0002708|AC,0.553509
SCF:0002708|AD,0.830998
SCF:0002709|AC,0.990455
SCF:0002709|AD,0.950217
SCF:0002710|AC,0.144656
SCF:0002710|AD,0.978215
SCF:0002723|AC,0.691093
SCF:0002723|AD,0.779389
SCF:0002734|AC,0.958599
SCF:0002734|AD,0.990432
SCF:0002735|AC,0.958599
SCF:0002735|AD,0.960258
SCF:0002736|AC,0.932617
SCF:0002736|AD,0.993414
SCF:0002737|AC,0.932617
SCF:0002737|AD,0.935295
SCF:0002738|AC,0.867289
SCF:0002738|AD,0.940792
SCF:0002739|AC,0.992950
SCF:0002739|AD,0.996895
SCF:0002740|AC,0.992950
SCF:0002740|AD,0.996996
SCF:0002744|AC,0.006320
SCF:0002744|AD,0.015238
SCF:0002745|AC,0.006320
SCF:0002745|AD,0.006526
SCF:0002758|AC,0.887612
SCF:0002758|AD,0.990185
SCF:0002759|AC,0.981666
SCF:0002759|AD,0.964166
SCF:0002772|AC,0.644595
SCF:0002772|AD,0.965745
SCF:0002773|AC,0.994326
SCF:0002773|AD,0.995768
SCF:0002774|AC,0.994326
SCF:0002774|AD,0.988264
SCF:0002779|AC,0.177905
SCF:0002779|AD,0.058483
SCF:0002780|AC,0.895333
SCF:0002780|AD,0.891359
SCF:0002801|AC,0.104146
SCF:0002801|AD,0.394942
SCF:0002810|AC,0.023944
SCF:0002810|AD,0.954651
SCF:0002822|AC,0.335526
SCF:0002822|AD,0.400825
SCF:0002823|AC,0.989677
SCF:0002823|AD,0.992302
SCF:0002824|AC,0.895768
SCF:0002824|AD,0.853835
SCF:0002828|AC,0.571514
SCF:0002828|AD,0.759273
SCF:0002855|AC,0.597478
SCF:0002855|AD,0.894738
SCF:0002858|AC,0.586992
SCF:0002858|AD,0.521281
SCF:0002874|AC,0.936076
SCF:0002874|AD,0.774186
SCF:0002875|AC,0.936076
SCF:0002875|AD,0.964291
SCF:0002877|AC,0.988798
SCF:0002877|AD,0.785385
SCF:0002880|AC,0.576364
SCF:0002880|AD,0.616339
SCF:0002884|AC,0.769355
SCF:0002884|AD,0.284203
SCF:0002885|AC,0.967078
SCF:0002885|AD,0.977961
SCF:0002894|AC,0.586558
SCF:0002894|AD,0.612916
SCF:0002895|AC,0.586558
SCF:0002895|AD,0.861819
SCF:0002896|AC,0.486439
SCF:0002896|AD,0.371909
SCF:0002903|AC,0.789203
SCF:0002903|AD,0.026587
SCF:0002920|AC,0.961159
SCF:0002920|AD,0.843183
SCF:0002921|AC,0.987501
SCF:0002921|AD,0.964166
SCF:0002930|AC,0.432070
SCF:0002930|AD,0.099704
SCF:0002933|AC,0.874126
SCF:0002933|AD,0.926923
SCF:0002934|AC,0.874126
SCF:0002934|AD,0.848976
SCF:0002935|AC,0.874126
SCF:0002935|AD,0.276788
SCF:0002939|AC,0.711408
SCF:0002939|AD,0.733074
SCF:0002950|AC,0.553153
SCF:0002950|AD,0.379281
SCF:0002951|AC,0.252319
SCF:0002951|AD,0.078535
SCF:0002953|AC,0.959209
SCF:0002953|AD,0.942061
SCF:0002954|AC,0.953857
SCF:0002954|AD,0.942366
SCF:0002962|AC,0.945995
SCF:0002962|AD,0.878286
SCF:0002973|AC,0.255351
SCF:0002973|AD,0.559220
SCF:0002974|AC,0.973464
SCF:0002974|AD,0.669764
SCF:0002975|AC,0.456581
SCF:0002975|AD,0.204669
SCF:0002990|AC,0.942884
SCF:0002990|AD,0.918666
SCF:0002993|AC,0.916066
SCF:0002993|AD,0.942444
SCF:0002994|AC,0.916066
SCF:0002994|AD,0.582153
SCF:0003002|AC,0.849888
SCF:0003002|AD,0.921713
SCF:0003004|AC,0.195027
SCF:0003004|AD,0.924393
SCF:0003016|AC,0.983693
SCF:0003016|AD,0.917653
SCF:0003017|AC,0.198053
SCF:0003017|AD,0.394942
SCF:0003030|AC,0.900541
SCF:0003030|AD,0.873877
SCF:0003031|AC,0.900541
SCF:0003031|AD,0.192641
SCF:0003032|AC,0.900541
SCF:0003032|AD,0.809018
SCF:0003069|AC,0.959235
SCF:0003069|AD,0.077324
SCF:0003070|AC,0.956155
SCF:0003070|AD,0.986427
SCF:0003071|AC,0.721227
SCF:0003071|AD,0.399776
SCF:0003072|AC,0.927524
SCF:0003072|AD,0.843418
SCF:0003073|AC,0.927524
SCF:0003073|AD,0.864354
SCF:0003077|AC,0.277066
SCF:0003077|AD,0.873185
SCF:0003080|AC,0.805672
SCF:0003080|AD,0.342741
SCF:0003081|AC,0.256161
SCF:0003081|AD,0.899896
SCF:0003104|AC,0.815379
SCF:0003104|AD,0.256563
SCF:0003106|AC,0.243526
SCF:0003106|AD,0.055567
SCF:0003116|AC,0.001160
SCF:0003116|AD,0.004917
SCF:0003124|AC,0.565671
SCF:0003124|AD,0.310987
SCF:0003125|AC,0.986352
SCF:0003125|AD,0.981384
SCF:0003129|AC,0.558729
SCF:0003129|AD,0.120755
SCF:0003130|AC,0.298263
SCF:0003130|AD,0.793887
SCF:0003134|AC,0.918919
SCF:0003134|AD,0.975991
SCF:0003138|AC,0.954952
SCF:0003138|AD,0.465023
SCF:0003141|AC,0.789467
SCF:0003141|AD,0.739356
SCF:0003143|AC,0.675484
SCF:0003143|AD,0.834217
SCF:0003144|AC,0.973273
SCF:0003144|AD,0.991174
SCF:0003145|AC,0.973273
SCF:0003145|AD,0.987655
SCF:0003151|AC,0.004296
SCF:0003151|AD,0.000601
SCF:0003152|AC,0.832366
SCF:0003152|AD,0.877656
SCF:0003170|AC,0.839018
SCF:0003170|AD,0.447811
SCF:0003171|AC,0.680729
SCF:0003171|AD,0.969457
SCF:0003172|AC,0.852222
SCF:0003172|AD,0.977525
SCF:0003173|AC,0.852222
SCF:0003173|AD,0.912951
SCF:0003174|AC,0.017505
SCF:0003174|AD,0.969457
SCF:0003175|AC,0.030342
SCF:0003175|AD,0.619775
SCF:0003176|AC,0.154378
SCF:0003176|AD,0.101228
SCF:0003177|AC,0.154378
SCF:0003177|AD,0.683599
SCF:0003178|AC,0.985229
SCF:0003178|AD,0.989340
SCF:0003179|AC,0.017813
SCF:0003179|AD,0.043907
SCF:0003189|AC,0.828794
SCF:0003189|AD,0.412071
SCF:0003191|AC,0.002867
SCF:0003191|AD,0.013452
SCF:0003192|AC,0.798869
SCF:0003192|AD,0.024636
SCF:0003193|AC,0.798869
SCF:0003193|AD,0.036201
SCF:0003194|AC,0.694396
SCF:0003194|AD,0.018864
SCF:0003209|AC,0.954084
SCF:0003209|AD,0.846676
SCF:0003210|AC,0.041982
SCF:0003210|AD,0.615818
SCF:0003211|AC,0.972194
SCF:0003211|AD,0.191818
SCF:0003228|AC,0.939182
SCF:0003228|AD,0.653292
SCF:0003234|AC,0.985571
SCF:0003234|AD,0.970921
SCF:0003244|AC,0.997052
SCF:0003244|AD,0.988019
SCF:0003245|AC,0.766348
SCF:0003245|AD,0.053908
SCF:0003246|AC,0.766348
SCF:0003246|AD,0.451202
SCF:0003247|AC,0.283142
SCF:0003247|AD,0.821917
SCF:0003249|AC,0.377808
SCF:0003249|AD,0.970289
SCF:0003250|AC,0.669238
SCF:0003250|AD,0.621568
SCF:0003264|AC,0.997299
SCF:0003264|AD,0.997099
SCF:0003265|AC,0.204755
SCF:0003265|AD,0.673769
SCF:0003266|AC,0.988313
SCF:0003266|AD,0.985800
SCF:0003277|AC,0.165053
SCF:0003277|AD,0.612694
SCF:0003278|AC,0.377229
SCF:0003278|AD,0.269873
SCF:0003288|AC,0.313521
SCF:0003288|AD,0.216719
SCF:0003319|AC,0.976420
SCF:0003319|AD,0.969096
SCF:0003320|AC,0.711559
SCF:0003320|AD,0.948038
SCF:0003321|AC,0.711559
SCF:0003321|AD,0.968957
SCF:0003322|AC,0.991315
SCF:0003322|AD,0.959388
SCF:0003335|AC,0.464446
SCF:0003335|AD,0.226617
SCF:0003355|AC,0.235829
SCF:0003355|AD,0.413032
SCF:0003364|AC,0.992855
SCF:0003364|AD,0.976499
SCF:0003365|AC,0.716986
SCF:0003365|AD,0.051895
