sequence_no	protein_a	a_id	a_taxid	protein_b	b_id	b_taxid	negative_relation	assay_normalized	assay_reported_original	evidence_text_en	previous_sentence_en	next_sentence_en	pmid	pmcid	article_title	best_evidence_id	pair2_key	claim_id	candidate_id	rule_tier_v2	canonical_pair_label_v2	experimental_object_scope_v2	rule_reasons_v2	rule_tags_v2	model_is_experimental	model_is_direct_binding_assay	positive_conflict_scope	mentions_construct	mentions_isoform	mentions_positive_control	mentions_purified_components	rule_scope_signal_v2	rule_context_signal_v2	selection_score
1	FGF13	14168	10090	IkappaBalpha	18035	10090	no_binding	SPR	SPR	In addition, SPR (surface plasmon resonance) assay demonstrated that IkappaBalpha does not interact with FGF13 (Figure S6H).	Consistent with this notion, we demonstrated that the interaction between FGF13 and p65 was not changed in response to specific IkappaBalpha downregulated or overexpressed NRCMs both under basal and stressful conditions (Figures S6F and S6G).	These data confirmed that FGF13 interacted with p65 via an IkappaB-independent manner.	33089113	PMC7567043	FGF13 Is a Novel Regulator of NF-kappaB and Potentiates Pathological Cardiac Hypertrophy	CLAIM:000318702:0-1	PAIR2:GENE:14168|GENE:18035	CLAIM:000318702	31b8cbb3a97ad9e9ad7f0e3f8b5e8cec1449949f	GOLD_DIRECT_CANONICAL	negative	canonical_possible	direct_experimental_physical_negative		1	1	none_detected	0	0	0	0	0	0	276.0
2	IGF-1r	25718	10116	Wnt3a	303181	10116	no_binding	SPR	Surface plasmon resonance	Surface plasmon resonance (SPR) experiments show that Wnt3a did not bind specifically to the IGF-1r.	We also show that Wnt3a triggered a strong activation of IGF-1r, PI3k, and Akt in developmental Stage 2 neurons and that the presence of activatable IGF-1r and PI3k activation were necessary for Wnt3a polarizing effects.	Using crosslinking and immuno-precipitation experiments, we show that stimulation with Wnt3a triggered the formation of a complex including IGF-1r-Wnt3a-Frizzled-7.	24298236	PMC3829478	Wingless-type family member 3A triggers neuronal polarization via cross-activation of the insulin-like growth factor-1 receptor pathway	CLAIM:000015950:0-1	PAIR2:GENE:25718|GENE:303181	CLAIM:000015950	df4c92f6e5a37680f79996543801c483f2fa951b	GOLD_DIRECT_CANONICAL	negative	canonical_possible	direct_experimental_physical_negative		1	1	none_detected	0	0	0	0	0	0	251.0
3	Wdr5	140858	10090	Hdac2	15182	10090	no_binding	pull_down	pull-down	Wdr5 does not bind directly to Hdac1 or Hdac2 in high or low salt wash conditions (Supplementary Figs.	7).	2c and 9).	28959017	PMC5620087	The WHHERE coactivator complex is required for retinoic acid-dependent regulation of embryonic symmetry	CLAIM:000331201:0-1	PAIR2:GENE:140858|GENE:15182	CLAIM:000331201	05472351e9aafae4b36141e1fddbb2e418f4e9c7	GOLD_DIRECT_CANONICAL	negative	canonical_possible	direct_experimental_physical_negative	purified_components	1	1	none_detected	1	0	0	1	0	0	242.0
4	Wdr5	140858	10090	Hdac1	433759	10090	no_binding	pull_down	pull-down	Wdr5 does not bind directly to Hdac1 or Hdac2 in high or low salt wash conditions (Supplementary Figs.	7).	2c and 9).	28959017	PMC5620087	The WHHERE coactivator complex is required for retinoic acid-dependent regulation of embryonic symmetry	CLAIM:000331200:0-1	PAIR2:GENE:140858|GENE:433759	CLAIM:000331200	5e7012c00fdb140abc6714e47f251b684df43baa	GOLD_DIRECT_CANONICAL	negative	canonical_possible	direct_experimental_physical_negative	purified_components	1	1	none_detected	1	0	0	1	0	0	242.0
5	PI3Kalpha	5290	9606	RIT1	6016	9606	no_binding	ITC	ITC	ERAS lacked sufficient solubility for ITC experiments, and our inclusion of RIT1 corroborated previous predictions of no binding to PI3Kalpha (Supplementary Fig.	1B).	1A).	39788953	PMC11718114	Structural insights into isoform-specific RAS-PI3Kalpha interactions and the role of RAS in PI3Kalpha activation	CLAIM:000336067:0-1	PAIR2:GENE:5290|GENE:6016	CLAIM:000336067	6fa321e4219d0d11c3f06c432b0f4ec42e0553a1	GOLD_DIRECT_CANONICAL	negative	canonical_possible	direct_experimental_physical_negative	purified_components	1	1	none_detected	1	1	0	1	0	0	240.0
6	MTP	4547	9606	tPA	5327	9606	no_binding	pull_down	pull-down	By contrast, purified tPA did not interact with solid-phase immobilized MTP (Fig.	S9 and S10).	4B).	37651538	PMC10697821	Intracellular tPA-PAI-1 interaction determines VLDL assembly in hepatocytes	CLAIM:000205633:0-1	PAIR2:GENE:4547|GENE:5327	CLAIM:000205633	b21e4aeb9c88f7aa7bc58573e53f01da8e77606a	GOLD_DIRECT_CANONICAL	negative	canonical_possible	direct_experimental_physical_negative	purified_components	1	1	none_detected	1	0	0	1	0	0	232.0
7	CD147ECD	682	9606	TFF1	7031	9606	no_binding	SPR	SPR	TFF1 and TFF2, the other two members of the trefoil factor family that were used as controls in the SPR assay, did not bind to CD147ECD (Supplementary Fig.	1d).	5d), indicating that CD147 specifically interacts with TFF3.	34262017	PMC8280106	CD147 receptor is essential for TFF3-mediated signaling regulating colorectal cancer progression	CLAIM:000201758:0-1	PAIR2:GENE:682|GENE:7031	CLAIM:000201758	80e713b4e75d0eef5fb21e9c360db217b47d49f4	GOLD_DIRECT_CANONICAL	negative	canonical_possible	direct_experimental_physical_negative	purified_components	1	1	none_detected	1	0	0	1	0	0	212.0
8	ALK7	130399	10090	Nodal	4838	9606	no_binding	SPR	SPR	ALK7 (purple) obtained from RnD Systems and reconstituted as suggested does not bind Nodal.	Cripto-1 (red) shows the best binding, ALK4 and Cryptic (blue and green, respectively) bind Nodal with similar profiles.		25603319	PMC4300205	Human Cerberus Prevents Nodal-Receptor Binding, Inhibits Nodal Signaling, and Suppresses Nodal-Mediated Phenotypes	CLAIM:000205241:0-1	PAIR2:GENE:130399|GENE:4838	CLAIM:000205241	c8e9c7693c3fd6b14436f2d9aeffa04070274d7e	GOLD_DIRECT_CANONICAL	negative	canonical_possible	direct_experimental_physical_negative		1	1	none_detected	1	0	0	0	0	0	210.0
9	cullin	143384	9606	KCTD15BTB	79047	9606	no_binding	ITC	ITC	The negligible heat exchanges associated with the titration of KCTD12BTB and KCTD15BTB with this cullin suggest that no binding occurs (Fig 3C and 3D).	The heat exchanges upon titration of KCTD6BTB, KCTD11BTB, KCTD12BTB, and KCTD15BTB with Cul3NTD are shown in Fig 3.	This observation is in line with the gel filtration analyses.	25974686	PMC4431850	Cullin 3 Recognition Is Not a Universal Property among KCTD Proteins	CLAIM:000040295:0-1	PAIR2:GENE:143384|GENE:79047	CLAIM:000040295	3c959f5b9efe69916343f02d18bfc229daadd568	GOLD_DIRECT_CANONICAL	negative	canonical_possible	direct_experimental_physical_negative		1	1	none_detected	1	0	0	0	0	0	208.0
10	SPR-5	173214	10090	HPL-2	176506	10090	no_binding	SPR	co-immunoprecipitation	We confirmed the specific interaction of HPL-1 with endogenous SPR-5 by co-immunoprecipitation assays, which also showed that HPL-2 does not bind to SPR-5 (Figure 7B).	Zinc fingers (C2H2)-containing proteins that could work as the REST transcription factors were also identified (Figure 7A).	To further validate the interaction of HPL-1 with the CoREST complex and to explore its biological relevance, we used C. elegans as a genetic system.	26476455	PMC4787770	H3K23me2 is a new heterochromatic mark in Caenorhabditis elegans	CLAIM:000204713:0-1	PAIR2:GENE:173214|GENE:176506	CLAIM:000204713	9a1e0a71b6e144964b5b227992d3bc1aaae1f3fc	GOLD_DIRECT_CANONICAL	negative	canonical_possible	direct_experimental_physical_negative	negative_control	1	1	none_detected	1	0	0	0	0	0	204.0
11	NAC	6622	9606	Naa50	80218	4932	no_binding	SPR	SPR	Control experiments were done in parallel to ensure that Naa50 does not bind to NAC, MBP does not interfere with the NAC-NatA interaction, MBP-HypK does not bind to NAC, and that none of the used analytes (Naa50, MBP-HypK, MBP and NatA) unspecifically interact with unloaded SA-biosensors.	Finally, all six biosensors were moved to BLI buffer for 150 s for dissociation of the NatA.		41577663	PMC12830823	NatA engages in multi-factor complexes at the ribosomal polypeptide tunnel exit	CLAIM:000178789:0-1	PAIR2:GENE:6622|GENE:80218	CLAIM:000178789	2538088d49750410fadc1009a98a4b91c3804dc2	GOLD_DIRECT_CANONICAL	negative	canonical_possible	direct_experimental_physical_negative		1	1	none_detected	0	0	0	0	0	0	186.0
12	ALK7	269275	10090	Nodal	4838	9606	no_binding	SPR	SPR	On the other hand, the putative type I Nodal receptor ALK7, which we obtained commercially, does not bind Nodal as tested and may not directly contribute to Nodal signaling (Fig.	2C, D), but is consistent with the observation that many TGFss family ligands interact with type I receptors with intermediate or low affinities.	2H).	25603319	PMC4300205	Human Cerberus Prevents Nodal-Receptor Binding, Inhibits Nodal Signaling, and Suppresses Nodal-Mediated Phenotypes	CLAIM:000205246:0-1	PAIR2:GENE:269275|GENE:4838	CLAIM:000205246	b5c3d34b318c1230095ee97a085049630113bab2	GOLD_DIRECT_CANONICAL	negative	canonical_possible	direct_experimental_physical_negative		1	1	none_detected	0	0	0	0	0	0	186.0
13	FGFR1	2260	9606	PlGF	5228	9606	no_binding	SPR	SPR	VEGF-B binds to FGFR1 and competes with FGF2 for FGFR1 binding. a-c Surface plasmon resonance (SPR) results showing VEGF-B binding to FGFR1 with a KD value (17 nM, a) similar to that for FGF2 (16 nM, b), whereas PlGF, another VEGFR1-binding member of the VEGF family, does not bind to FGFR1 (c).		The lines from bottom to the top represent different concentrations of FGFR1-Fc: 12.5, 25, 50, 100, 200, and 400 nM, respectively. d, e SPR results showing VEGF-B binding to FGFR1 DII-III with a KD value (49 nM, d) similar to that of FGF2 (63 nM, e).	37591843	PMC10435562	VEGF-B prevents excessive angiogenesis by inhibiting FGF2/FGFR1 pathway	CLAIM:000110180:0-1	PAIR2:GENE:2260|GENE:5228	CLAIM:000110180	b84be28345e07e950c1ff68b1747848f4a6bb25d	GOLD_DIRECT_CANONICAL	negative	canonical_possible	direct_experimental_physical_negative		1	1	none_detected	0	0	0	0	0	0	186.0
14	LRP	4035	9606	PAI-2	5055	9606	no_interaction	SPR	ligand binding assays and surface plasmon resonance	However, unlike PAI-1, no interaction was observed between LRP and PAI-2 in either the stressed or the relaxed conformation.	This interaction was maintained in the presence of uPAR, confirming the validity of this interaction at the cell surface.	This suggests that the uPA-PAI-2-LRP interaction is mediated by site(s) within the uPA molecule alone.	16459332		The urokinase/PAI-2 complex: a new high affinity ligand for the endocytosis receptor low density lipoprotein receptor-related protein.	CLAIM:000207456:0-1	PAIR2:GENE:4035|GENE:5055	CLAIM:000207456	d6dc91428fe9cef2f0e2c8776aee8d694eb86a94	GOLD_DIRECT_CANONICAL	negative	canonical_possible	direct_experimental_physical_negative		1	1	none_detected	0	0	0	0	0	0	184.0
15	tau	4137	9606	MAP7	9053	9606	no_interaction	pull_down	pull-down	Solution-based pull-down assays revealed that purified MAP7 and tau proteins do not interact with one another (Supplementary Figure 2c).	2g, h).	In addition, we observed that the C-terminus of MAP7 (MAP7DeltaN) is unable to bind to microtubules (Supplementary Figure 2d-e), or displace tau from the lattice (Supplementary Figure 2f-g).	29662074	PMC5902456	Competition between microtubule-associated proteins directs motor transport	CLAIM:000157849:0-1	PAIR2:GENE:4137|GENE:9053	CLAIM:000157849	4eb451da69d91e76d7875858a7440a4484ee55ec	SILVER_PHYSICAL_CANONICAL	negative	canonical_possible	physical_negative_with_non_gold_or_cellular_assay		1	1	none_detected	1	0	0	0	0	0	183.0
16	CD147ECD	682	9606	TFF2	7032	10090	no_binding	SPR	SPR	TFF1 and TFF2, the other two members of the trefoil factor family that were used as controls in the SPR assay, did not bind to CD147ECD (Supplementary Fig.	1d).	5d), indicating that CD147 specifically interacts with TFF3.	34262017	PMC8280106	CD147 receptor is essential for TFF3-mediated signaling regulating colorectal cancer progression	CLAIM:000201759:0-1	PAIR2:GENE:682|GENE:7032	CLAIM:000201759	f9cedfded7717312430fa8c9029aedb9ba6ace74	GOLD_DIRECT_CANONICAL	negative	canonical_possible	direct_experimental_physical_negative	purified_components	1	1	none_detected	1	0	0	1	0	0	179.0
17	importin alpha	3836	9606	STN1	79991	9606	no_binding	ITC	ITC	We also show by ITC that STN1 and TEN1 do not have their own classical NLS signal as they do not bind importin alpha (Fig.	6).	5).	33731801	PMC7969954	Pol alpha-primase dependent nuclear localization of the mammalian CST complex	CLAIM:000133167:0-1	PAIR2:GENE:3836|GENE:79991	CLAIM:000133167	8acce8b505edf2c057adf9d066ff791df4d7cd6a	GOLD_DIRECT_CANONICAL	negative	canonical_possible	direct_experimental_physical_negative		1	1	none_detected	1	0	0	0	0	0	178.0
18	Siglec-8	27181	9606	PTGFRN	5738	10090	no_binding	BLI	unknown	Binding of PTGFRN to Siglec-9, Siglec-10, and Siglec-14 (KD 7 x 10-7 to 4 x 10-6 M), which are enriched in APCs was observed in contrast PTGFRN did not bind to Siglec-2, Siglec-4, and Siglec-8 (Supplementary Fig.	We next evaluated the possible direct association of PTGFRN with to the sialic acid binding glycoprotein receptors using Bio-Layer Interferometry (BLI).	12).	33888863	PMC8062530	ExoSTING, an extracellular vesicle loaded with STING agonists, promotes tumor immune surveillance	CLAIM:000086327:0-1	PAIR2:GENE:27181|GENE:5738	CLAIM:000086327	d0c3ae660744a97a9adf1e081974230ce940c613	GOLD_DIRECT_CANONICAL	negative	canonical_possible	direct_experimental_physical_negative		1	1	none_detected	1	0	0	0	0	0	178.0
19	Tie2	7010	9606	VEGF	7422	9606	no_binding	SPR	SPR	Likewise, SPR experiments:performed at physiological conditions of 37 C and pH 7.4:showed rhAng1, BowAng1, and COMP-Ang1 to be high-affinity binders (dissociation constants, KD, of 0.2-1.4 nM) to human and mouse Tie2-Fc (Fig9C and Supplementary Fig S3B), but no binding to Tie2-Fc was detectable for VT, VEGF, PEG-Cys, or T7c (Fig9C and Supplementary Fig S3).	In the pull-down assays, human and mouse Tie2-Fc effectively pulled down the majority of available recombinant human Ang1 (rhAng1), but did not pull down any appreciable levels of VT (Fig9A and B).		25851538	PMC4459817	Vasculotide reduces endothelial permeability and tumor cell extravasation in the absence of binding to or agonistic activation of Tie2	CLAIM:000133704:0-1	PAIR2:GENE:7010|GENE:7422	CLAIM:000133704	5eec066a645e9862110e749f30f09f9e6de5cadc	GOLD_DIRECT_CANONICAL	negative	canonical_possible	direct_experimental_physical_negative		1	1	none_detected	1	0	0	0	0	0	178.0
20	SECTM1A	209588	10090	SECTM1B	58210	10090	no_binding	SPR	SPR	When SECTM1A was passed over the same flow cell directly after SECTM1B no binding above background was observed (Figure 2D, solid line).	SECTM1B-Fc was passed over solid phase CD7 and bound rapidly (Figure 2C, solid line).	Thus SECTM1B competes for CD7 binding with SECTM1A.	24039998	PMC3769348	Secreted and Transmembrane 1A Is a Novel Co-Stimulatory Ligand	CLAIM:000292364:0-1	PAIR2:GENE:209588|GENE:58210	CLAIM:000292364	ac1d88421f110327b135b57f1796e8032171bdd4	GOLD_DIRECT_CANONICAL	negative	canonical_possible	direct_experimental_physical_negative		1	1	none_detected	1	0	0	0	0	0	178.0
21	TEN1	100134934	9606	importin alpha	3836	9606	no_binding	ITC	ITC	We also show by ITC that STN1 and TEN1 do not have their own classical NLS signal as they do not bind importin alpha (Fig.	6).	5).	33731801	PMC7969954	Pol alpha-primase dependent nuclear localization of the mammalian CST complex	CLAIM:000133168:0-1	PAIR2:GENE:100134934|GENE:3836	CLAIM:000133168	2cf21ed407a60b2a4f1ea4266beb95b520bc1528	GOLD_DIRECT_CANONICAL	negative	canonical_possible	direct_experimental_physical_negative		1	1	none_detected	1	0	0	0	0	0	178.0
22	CD209	170786	10090	VSIG4	278180	10090	no_binding	SPR	SPR	A protein binding affinity analysis performed using the biacore revealed that the VSIG4 protein did not bind to CD209.	Subsequently, we investigated the potential interaction between VSIG4 and CD209.	Then, the tissue-resident macrophages in the abdominal cavity of the VSIG4 gene-deficient mice and control mice were isolated.	41150440	PMC12567591	B7 Family Molecule VSIG4 Regulates Pulmonary Anti-Influenza Immune Responses via C-Type Lectin Signal Pathway	CLAIM:000333258:0-1	PAIR2:GENE:170786|GENE:278180	CLAIM:000333258	8d9ae1c3387be1ff9dfa5da2950e02613d985f84	GOLD_DIRECT_CANONICAL	negative	canonical_possible	direct_experimental_physical_negative		1	1	none_detected	1	0	0	0	0	0	178.0
23	Langerin	50489	9606	CD4	920	9606	no_binding	SPR	SPR	CD4 (without prior addition of gp140) did not bind to immobilized DC-SIGN or Langerin (data not shown).	2H).		22163292	PMC3233575	DC-SIGN Increases the Affinity of HIV-1 Envelope Glycoprotein Interaction with CD4	CLAIM:000011273:0-1	PAIR2:GENE:50489|GENE:920	CLAIM:000011273	4ec080e916bb99d489b6faaccc4097f9a68db66b	GOLD_DIRECT_CANONICAL	negative	canonical_possible	direct_experimental_physical_negative		1	1	none_detected	1	0	0	0	0	0	178.0
24	Cx43	2697	9606	MMP-2	4313	9606	no_binding	SPR	SPR	Oppositely, both PROSPER and SitePrediction identified MMP-2 as a potential candidate, but MMP-2 failed to bind Cx43 in SPR studies.	In addition, one of the sites identified in (Figure 1, indicated by *) has an average score of 0.005 and a specificity far below 95% in SitePrediction.		26424967	PMC4573893	Intracellular Cleavage of the Cx43 C-Terminal Domain by Matrix-Metalloproteases: A Novel Contributor to Inflammation?	CLAIM:000009187:0-1	PAIR2:GENE:2697|GENE:4313	CLAIM:000009187	917937a482c13e381af53a37934367c2b5b2e3a9	GOLD_DIRECT_CANONICAL	negative	canonical_possible	direct_experimental_physical_negative		1	1	none_detected	1	0	0	0	0	0	178.0
25	cadherin-11	415797	10090	cadherin-8	427553	10090	no_binding	SPR	SPR	No binding of cadherin-8 and cadherin-11 was observed on any of the three surfaces, while the remaining cadherins, cadherin-12, cadherin-20, cadherin-18, cadherin-22, and cadherin-7, showed intermediate binding comparable to that of the cadherin-10 analyte.	On surfaces coated with cadherin-6, cadherin-9, or cadherin-10, binding of cadherin-6 analyte showed the strongest response, followed by binding of cadherin-9 and cadherin-10.		29742438	PMC6029887	Homophilic and Heterophilic Interactions of Type II Cadherins Identify Specificity Groups Underlying Cell-Adhesive Behavior	CLAIM:000230062:0-1	PAIR2:GENE:415797|GENE:427553	CLAIM:000230062	1d1154769daf772ce333cb89ad419ee7c7231f04	GOLD_DIRECT_CANONICAL	negative	canonical_possible	direct_experimental_physical_negative		1	1	none_detected	1	0	0	0	0	0	178.0
26	DC-SIGN	30835	9606	CD4	920	9606	no_binding	SPR	SPR	In addition, in separate experiments where CD4 was injected over immobilised DC-SIGN, no binding of CD4 was detected.	No binding of DC-SIGN or CD4 to immobilised 5F3 was evident in the control flow cell.		22163292	PMC3233575	DC-SIGN Increases the Affinity of HIV-1 Envelope Glycoprotein Interaction with CD4	CLAIM:000011271:0-1	PAIR2:GENE:30835|GENE:920	CLAIM:000011271	27bb328e0f0cbba6bd98ffbb615d45748888e4e2	GOLD_DIRECT_CANONICAL	negative	canonical_possible	direct_experimental_physical_negative		1	1	none_detected	1	0	0	0	0	0	178.0
27	cortactin	2017	9606	Shp1	5777	9606	no_binding	pull_down	pull-down	"To investigate this aspect, in vitro pull-down assays were performed using purified recombinant Shp1 and cortactin (see ""Methods"" section), but no association between these proteins could be detected, either in absence or presence of GroPIns (Additional file 1: Figure S4)."		Having shown that Shp1 dephosphorylates cortactin in vitro (Fig.	34088320	PMC8176763	The phosphatase Shp1 interacts with and dephosphorylates cortactin to inhibit invadopodia function	CLAIM:000234391:0-1	PAIR2:GENE:2017|GENE:5777	CLAIM:000234391	97e1743edc4dd5bbf2b2dbc83eda093a8e355d99	GOLD_DIRECT_CANONICAL	negative	canonical_possible	direct_experimental_physical_negative	purified_components;negative_control	1	1	none_detected	1	0	0	1	0	0	177.0
28	DBP	1628	9606	TSP-1	7057	9606	no_binding	in_vitro_binding_unspecified	binding assay	Finally, purified human platelet derived TSP-1, as well as recombinant human C5a, did not bind to immobilized DBP (Fig.	4B).	4C).	22014686	PMC3224156	Cofactor Regulation of C5a Chemotactic Activity in Physiological Fluids. Requirement for the Vitamin D Binding Protein, Thrombospondin-1 and its Receptors	CLAIM:000052088:0-1	PAIR2:GENE:1628|GENE:7057	CLAIM:000052088	1301837659e7d7715d398abad8efc9e27c84c9e0	GOLD_DIRECT_CANONICAL	negative	canonical_possible	direct_experimental_physical_negative	purified_components	1	1	none_detected	1	0	0	1	0	0	176.0
29	ADAMTS8	512544	10090	LRP1	533894	10090	no_binding	in_vitro_binding_unspecified	solid-phase binding assay	We found that ADAMTS8 did not bind purified human LRP1 in a solid-phase binding assay (Fig.	We aimed to establish if ADAMTS8 also undergoes such post-translational regulation.	S2), suggesting that it may not be internalized through this receptor.	34687701	PMC8577114	Post-translational regulation and proteolytic activity of the metalloproteinase ADAMTS8	CLAIM:000082545:0-1	PAIR2:GENE:512544|GENE:533894	CLAIM:000082545	a99e35f0a74c14fda6ce0c0b0ab02f384e547fb1	GOLD_DIRECT_CANONICAL	negative	canonical_possible	direct_experimental_physical_negative	purified_components	1	1	none_detected	1	0	0	1	0	0	176.0
30	IGFBP4	3487	9606	BMP4	652	9606	no_interaction	SPR	SPR	However, in contrast, when IGFBP4 was flown over immobilized BMP4, no interaction was detected (Figure S3B).	As shown previously, soluble BMPER flown over immobilized BMP4 also showed a high binding affinity of 1.5 nM (Figure S3A).	To assess whether the presence of IGFBP4 affects the interaction of BMPER with BMP4, a stable concentration of BMPER was flown over immobilized BMP4 in the presence of increased concentrations of IGFBP4.	36902380	PMC10002482	BMPER Improves Vascular Remodeling and the Contractile Vascular SMC Phenotype	CLAIM:000198911:0-1	PAIR2:GENE:3487|GENE:652	CLAIM:000198911	7282f3fee973ce6cea661437a6be5e98fdb8e2e6	GOLD_DIRECT_CANONICAL	negative	canonical_possible	direct_experimental_physical_negative		1	1	none_detected	1	0	0	0	0	0	176.0
31	C5a	15139	10090	DBP	1628	9606	no_binding	in_vitro_binding_unspecified	binding assay	Finally, purified human platelet derived TSP-1, as well as recombinant human C5a, did not bind to immobilized DBP (Fig.	4B).	4C).	22014686	PMC3224156	Cofactor Regulation of C5a Chemotactic Activity in Physiological Fluids. Requirement for the Vitamin D Binding Protein, Thrombospondin-1 and its Receptors	CLAIM:000052089:0-1	PAIR2:GENE:15139|GENE:1628	CLAIM:000052089	372b21e46b4c4409c29a10852199f4061089cb54	GOLD_DIRECT_CANONICAL	negative	canonical_possible	direct_experimental_physical_negative	purified_components	1	1	none_detected	1	0	0	1	0	0	176.0
32	APP	351	9606	CHCHD3	54927	4932	no_binding	in_vitro_binding_unspecified	in vitro binding assay	In vitro binding assay of recombinant proteins also demonstrated a direct and selective interaction between CHCHD6 and APP, as there was no binding observed between APP and either mitofillin or CHCHD3 (Fig.	3f).	3b).	36104602	PMC9547808	A CHCHD6-APP axis connects amyloid and mitochondrial pathology in Alzheimer's disease	CLAIM:000145133:0-1	PAIR2:GENE:351|GENE:54927	CLAIM:000145133	8397301865a07741dcd98c3064a10f47c554ab69	GOLD_DIRECT_CANONICAL	negative	canonical_possible	direct_experimental_physical_negative	purified_components	1	1	none_detected	1	0	0	1	0	0	176.0
33	PP4R2	151987	10090	CT45	2577	10090	no_interaction	ITC	Gel filtration	Gel filtration confirmed a direct interaction of recombinant CT45 with the regulatory subunit PP4R3beta (Figure 3B), while there was no interaction observed with PP4R2 (Figure S2Q).	The CT45-PP4 interaction was reciprocally confirmed in 59M cells endogenously expressing CT45 (Figure S2O).	Furthermore, isothermal titration calorimetry (ITC) showed a low micromolar interaction affinity between CT45 and PP4R3beta (Figure 3C; KD = 0.37 muM +- 0.03).	30241606	PMC6827878	Multi-level Proteomics Identifies CT45 as a Chemosensitivity Mediator and Immunotherapy Target in Ovarian Cancer	CLAIM:000336412:0-1	PAIR2:GENE:151987|GENE:2577	CLAIM:000336412	16345625d91d96c5ca97038a2f6e81b399a98da8	GOLD_DIRECT_CANONICAL	negative	canonical_possible	direct_experimental_physical_negative		1	1	none_detected	1	0	0	0	0	0	176.0
34	RhoGDI2	397	9606	RhoG	41136		no_interaction	in_vitro_binding_unspecified	direct binding assays	RhoGDI2 also interacted with Rac1 and to a lesser extent with Rac2 and RhoA in direct binding assays, while no interaction was observed with RhoG or Cdc42 (Fig.	However, the highest levels of RhoGDI1 interaction were with Rac1 and RhoA via direct binding assay while RhoG and Rac2 showed the highest binding when the analysis examined endogenous Rho GTPases.	3D, bottom panel).	38943612	PMC11599123	RhoGDI in RBL-2H3 cells acts as a negative regulator of Rho GTPase signaling to inhibit granule exocytosis	CLAIM:000281024:0-1	PAIR2:GENE:397|GENE:41136	CLAIM:000281024	6d63eaacf0ae6db6ed0fea7dedd968190d0e918c	GOLD_DIRECT_CANONICAL	negative	canonical_possible	direct_experimental_physical_negative	purified_components	1	1	none_detected	1	1	0	1	0	0	167.0
35	KLK14	43847	9606	SPINK9	643394	9606	no_binding	SPR	surface plasmon resonance	Analyses by surface plasmon resonance showed heterogeneous binding to SPINK9 of KLK5 and KLK8, but no binding of KLK7 or KLK14.	Slight inhibition of KLK8 using fibrinogen substrate could be observed using high concentrations of SPINK9.	KLK5 has been suggested to play a central role in skin desquamation as an initiating activating enzyme in proteolytic cascades formed by KLKs.	19194479		SPINK9: a selective, skin-specific Kazal-type serine protease inhibitor.	CLAIM:000243278:0-1	PAIR2:GENE:43847|GENE:643394	CLAIM:000243278	d3ea5c6942bd8896b173ac5e09b9a96b7f8331ea	REVIEW_EXPERIMENTAL_SUPPORT	uncertain	canonical_possible	experiment_not_confirmed_by_prior_model		0	1	none_detected	0	0	0	0	0	0	166.0
36	Kdm4B	318918	7147	Bur	45830	7147	no_binding	pull_down	pull-down	Kdm4B prepared from MB neurons, with or without optogenetic activation, did not bind to the recombinant Bur protein, suggesting no causal modification of Kdm4B for binding to Bur (Fig.	To this end, we performed a pull-down assay where the binding of fly head proteins to recombinant proteins was assessed by immunoprecipitation.	3A).	37639608	PMC10483633	Differential second messenger signaling via dopamine neurons bidirectionally regulates memory retention	CLAIM:000282099:0-1	PAIR2:GENE:318918|GENE:45830	CLAIM:000282099	f2c7775be0fd03c08e353d0570198a1310f52cb9	GOLD_DIRECT_CANONICAL	negative	canonical_possible	direct_experimental_physical_negative	purified_components	1	1	none_detected	1	0	0	1	0	0	165.0
37	ALDH1A1	11668	10090	p35	12569	10090	no_binding	pull_down	unknown	Each experiment was repeated at least three independent times. h ALDH1A1 does not bind with p35 or p25 directly.	ALDH1A1 was immunoprecipitated from either control or glutamate-treated HT22 cells (for 0-6 h), and the association of ALDH1A1 and p35/p25 was analyzed.	ALDH1A1 and p35 or p25 association was analyzed using recombinant p35, p25, and ALDH1A1 in an in vitro pull-down assay.	29948941	PMC6368892	Multifaceted Regulation of ALDH1A1 by Cdk5 in Alzheimer's Disease Pathogenesis	CLAIM:000029910:0-1	PAIR2:GENE:11668|GENE:12569	CLAIM:000029910	5718781a68e4376a14572e48cf06bdc2981153bb	SILVER_PHYSICAL_CANONICAL	negative	canonical_possible	physical_negative_with_non_gold_or_cellular_assay		1	1	none_detected	0	0	0	0	0	0	158.0
38	HSA	213	9606	gp120	3700	11676	no_binding	SPR	surface plasmon resonance spectroscopy	Also no binding to gp120 was measured using normal, non-modified HSA, BSA and MSA (Figure 2b, d, f).	This regeneration procedure retained the ability of immobilized gp120 to bind rCD4 and V2- and V3-loop specific antibodies.	In these control experiments response units (RU) in SPR were also below 5 RU.	20525179	PMC2887905	Neutralization of X4- and R5-tropic HIV-1 NL4-3 variants by HOCl-modified serum albumins	CLAIM:000342155:0-1	PAIR2:GENE:213|GENE:3700	CLAIM:000342155	706f48e75b739b7565149465039378ec8ed4d8a9	GOLD_DIRECT_CANONICAL	negative	canonical_possible	direct_experimental_physical_negative		1	1	none_detected	0	0	0	0	0	0	151.0
39	HD5	1670	9606	HLA-B27	3106	9606	no_binding	SPR	SPR	Immobilized free-heavy chains (D) or HLA-B27 heterotrimers (E) did not interact with HD5 and Kd values were not fitted.	C) HD5 and ligand (B272) have a Kd of 0.32 nM.	(F) Blocking competition experiments in SPR were performed by immobilizing B272 to a streptavidin chip followed by injection of HD5 to form B272-HD5 complexes.	26125554	PMC4488392	HLA-B27-Homodimer-Specific Antibody Modulates the Expansion of Pro-Inflammatory T-Cells in HLA-B27 Transgenic Rats	CLAIM:000264167:0-1	PAIR2:GENE:1670|GENE:3106	CLAIM:000264167	341f0a988ff1e25205ba69f9eabb3a15cddec6dc	GOLD_DIRECT_CANONICAL	negative	canonical_possible	direct_experimental_physical_negative	negative_control	1	1	none_detected	0	0	0	0	0	0	151.0
40	Mhrt	104564225	10090	MBP	4155	9606	no_binding	SPR	SPR	D1D2 showed the highest Mhrt binding affinity (Kd = 0.76 muM); D1 moderate (Kd = 1.8 muM); D2 modest (Kd > 150 muM); MBP no binding (Fig.	9a).	3h and 3i).	25119045	PMC4184960	A long non-coding RNA protects the heart from pathological hypertrophy	CLAIM:000061848:0-1	PAIR2:GENE:104564225|GENE:4155	CLAIM:000061848	4d63797d08dff4b7fdcd9264794111c57301ee66	GOLD_DIRECT_CANONICAL	negative	canonical_possible	direct_experimental_physical_negative	purified_components	1	1	none_detected	1	0	0	1	0	0	147.0
41	JAK2KD	374199	10090	SOCS1DeltaKIR	8651	9606	no_binding	ITC	ITC	Surprisingly, no binding was detected between SOCS1DeltaKIR and JAK2KD by ITC, gel filtration or NMR (Fig.		7a, b, e).	29674694	PMC5908791	The molecular basis of JAK/STAT inhibition by SOCS1	CLAIM:000222228:0-1	PAIR2:GENE:374199|GENE:8651	CLAIM:000222228	d520715f2efdd5d93a74ea03786b96e480c58f71	GOLD_DIRECT_CANONICAL	negative	canonical_possible	direct_experimental_physical_negative	positive_control	1	1	none_detected	1	0	1	0	0	0	147.0
42	IgG3	3502	9606	PHF-tau	4137	9606	no_binding	BLI	BLI	Only the IgG3 subclass of 1D9 does not bind to PHF-tau in solution. a-h.	1D9 and 2B8 IgG subclasses bind recombinant tau in solid phase BLI assay; 1D9 IgG2B has highest affinity of the subclasses for tau in solid phase ELISA.	In the BLI experiments, biosensors were loaded with biotinylated recombinant tau (rec-tau).	36099813	PMC9475275	Single domain antibodies targeting pathological tau protein: Influence of four IgG subclasses on efficacy and toxicity	CLAIM:000043255:0-1	PAIR2:GENE:3502|GENE:4137	CLAIM:000043255	20b3d427423ff5451bb02a51ccfeb725d9ea8202	GOLD_DIRECT_CANONICAL	negative	canonical_possible	direct_experimental_physical_negative		1	1	none_detected	1	0	0	0	0	0	143.0
43	GB1	2550	9606	WIPI3	56270	4932	no_binding	SPR	SPR	As the control, GB1 alone did not bind to WIPI3, but both ATG2Along and ATG2Ashort bound to WIPI3 with a similar affinity (with the Kd of 8.6 +- 0.1 muM and 8.7 +- 0.1 muM, respectively) (Supplementary Fig.	1a, b).	1c), indicating that the N-terminal 15 residues of ATG2Along is not involved in the binding to WIPI3.	32483132	PMC7264293	Multi-site-mediated entwining of the linear WIR-motif around WIPI beta-propellers for autophagy	CLAIM:000061512:0-1	PAIR2:GENE:2550|GENE:56270	CLAIM:000061512	aa6e7b23e850b8cada6f22302ae51c0029ad7bc1	GOLD_DIRECT_CANONICAL	negative	canonical_possible	direct_experimental_physical_negative		1	1	none_detected	1	0	0	0	0	0	143.0
44	Imac	36876	10090	Rab5	37395	10090	no_binding	coIP	co-immunoprecipitation	Furthermore, Imac was not co-immunoprecipitated with Rab5 in reciprocal co-IP experiments (S22C and S22D Fig).	These data suggest the selectivity of the interaction between Prd1 and the kinesin-3 Imac.	Taken together, our biochemical and cell biological data imply that Prd1 might interact with Imac and recruit alpha-Ada to Imac in vivo to facilitate endo-lysosomal degradation in ddaC sensory neurons.	30142146	PMC6126864	Prd1 associates with the clathrin adaptor alpha-Adaptin and the kinesin-3 Imac/Unc-104 to govern dendrite pruning in Drosophila	CLAIM:000078833:0-1	PAIR2:GENE:36876|GENE:37395	CLAIM:000078833	9af0960ed91488d69fcfdb66f8390928bb48838e	SILVER_PHYSICAL_CANONICAL	negative	canonical_possible	physical_negative_with_non_gold_or_cellular_assay	positive_control	1	1	none_detected	0	0	1	0	0	0	143.0
45	extracellular domains of human HFE	3077	9606	TFR2	7036	9606	no_binding	SPR	co-immunoprecipitation	We find no detectable binding between TfR2 and HFE by co-immunoprecipitation or using a surface plasmon resonance-based assay.	To investigate the relationship between TfR, TfR2, Tf, and HFE, we performed a series of binding experiments using soluble forms of these proteins.	The affinity of TfR2 for iron-loaded Tf was determined to be 27 nm, 25-fold lower than the affinity of TfR for Tf.	11027676		Comparison of the interactions of transferrin receptor and transferrin receptor 2 with transferrin and the hereditary hemochromatosis protein HFE.	CLAIM:000343450:0-1	PAIR2:GENE:3077|GENE:7036	CLAIM:000343450	721f4bcb8b3d33902fd14dd4616d322450647df0	GOLD_DIRECT_CANONICAL	negative	canonical_possible	direct_experimental_physical_negative		1	1	none_detected	1	0	0	0	0	0	143.0
46	IpaH7.8	13917161	623	GSDMB	55876	10090	no_binding	ITC	ITC	ND no detectable binding. d ITC analysis of IpaH7.8 binding to CTD of GSDMB.	Shown on the bottom is SDS-PAGE analysis of the elution fractions corresponding to the GSDMB-LRR complex. c ITC-based measurements quantifying the binding affinities between GSDMB and IpaH7.8.	ND no detectable binding.	36599845	PMC9813358	Insights into the GSDMB-mediated cellular lysis and its targeting by IpaH7.8	CLAIM:000117033:0-1	PAIR2:GENE:13917161|GENE:55876	CLAIM:000117033	8f95a16ed9e88831916286139aa6ecac8f754f85	GOLD_DIRECT_CANONICAL	negative	canonical_possible	direct_experimental_physical_negative		1	1	none_detected	1	0	0	0	0	0	143.0
47	Programmed Death-1	18566	10090	SEB	26040	9606	no_binding	SPR	SPR	By contrast, soluble costimulatory receptor Programmed Death-1 (PD-1) failed to bind SEB (Figure 3D).	Thus, SEB binds CD28 with similar affinity as TCR and MHC-II.		21931534	PMC3172200	Binding of Superantigen Toxins into the CD28 Homodimer Interface Is Essential for Induction of Cytokine Genes That Mediate Lethal Shock	CLAIM:000297463:0-1	PAIR2:GENE:18566|GENE:26040	CLAIM:000297463	42481ff96f3967a0f293c7a0d00ede82b29865d3	GOLD_DIRECT_CANONICAL	negative	canonical_possible	direct_experimental_physical_negative		1	1	none_detected	1	0	0	0	0	0	143.0
48	Inactive (GDP-bound) KRAS	3845	9606	SHANK3 SPN-ARR	85358	10090	no_interaction	ITC	ITC	Inactive (GDP-bound) KRAS showed no interaction with SHANK3 SPN-ARR in ITC measurements (Fig.	2a-d).	2d), indicating that the interactions were specific to GTP-bound KRAS.	39266533	PMC11393128	SHANK3 depletion leads to ERK signalling overdose and cell death in KRAS-mutant cancers	CLAIM:000178199:0-1	PAIR2:GENE:3845|GENE:85358	CLAIM:000178199	83bb4cfe3dfa12e0e51113a232ee7262fef9a4f4	REVIEW_ENTITY_MAPPING	uncertain	canonical_possible	entity_mapping_flag	purified_components	1	1	none_detected	1	0	0	1	0	0	142.0
49	ASC	29108	9606	DHX33	56919	10090	no_binding	coIP	co-immunoprecipitation	In the co-immunoprecipitation assay, ASC did not bind to DHX33 (Figure 6F).	To examine whether DHX33 was able to bind ASC directly, we co-transfected vectors encoding HA-DHX33 and either Myc-ASC or Myc-NLRP3 into HEK293T cells that endogenously expressed neither NLRP3 nor ASC.	In addition, an in-vitro binding assay using recombinant DHX33 and ASC protein generated in E. coli did not show the interaction of these molecules (Figure S4C).	23871209	PMC3756931	The DEAH box RNA helicase DHX33 senses cytosolic RNA and activates the NLRP3 inflammasome	CLAIM:000191435:0-1	PAIR2:GENE:29108|GENE:56919	CLAIM:000191435	cba47e00f44ce4776fce3dcbc755d93ae8b08250	SILVER_PHYSICAL_CANONICAL	negative	canonical_possible	physical_negative_with_non_gold_or_cellular_assay		1	1	none_detected	1	0	0	0	0	0	141.0
50	DIS3L2	129563	9606	PABPC1	26986	9606	no_interaction	coIP	Co-IP	The results showed a PABPN1-DIS3L2 interaction in the positive control; however, PABPC1 did not interact with DIS3L2 (Figure 5A).	Thus, we performed Co-IP to detect the interaction between PABPC1 and DIS3L2.		34904664	PMC8855302	Nuclear poly(A) binding protein 1 (PABPN1) mediates zygotic genome activation-dependent maternal mRNA clearance during mouse early embryonic development	CLAIM:000124831:0-1	PAIR2:GENE:129563|GENE:26986	CLAIM:000124831	5b66d0c0a8558b1677822c565ade6acbe3ab5a64	SILVER_PHYSICAL_CANONICAL	negative	canonical_possible	physical_negative_with_non_gold_or_cellular_assay	positive_control	1	1	none_detected	0	0	1	0	0	0	141.0
51	ATG2A	107131170	10090	WIPI1	55062	9606	no_binding	pull_down	affinity pull-down assay	We first tested the bimolecular interaction between WIPI1 and ATG2A using an affinity pull-down assay, which detected no binding of free WIPI1 to bead-immobilized ATG2A (Figure 5A).	Because the ability of WIPI1 to recruit ATG2A has not been reported, we investigated the membrane recruitment of ATG2A by these WIPIs.	The same assay with WIPI4 showed its stable association with ATG2A, contrasting to the result with WIPI1.	31271352	PMC6625793	The autophagic membrane tether ATG2A transfers lipids between membranes	CLAIM:000180866:0-1	PAIR2:GENE:107131170|GENE:55062	CLAIM:000180866	c6995b6225cff375fe0b6a1623c8ea7eb26a9b5a	SILVER_PHYSICAL_CANONICAL	negative	canonical_possible	physical_negative_with_non_gold_or_cellular_assay		1	1	none_detected	0	0	0	0	0	0	141.0
52	RhoC	389	9606	Pak6	56924	9606	no_binding	pull_down	pull-down	Furthermore, our pull-down assays demonstrate that Pak6 does not interact with RhoC.	However, RhoC does not have an equivalent serine residue between its polybasic region and CAAX motif, so is unlikely to be regulated by this mechanism.	Given this finding it may be that, as with Rac-mediated inhibition of RhoA, Pak6 suppresses the activity of RhoC by phosphorylating one or more RhoGEF.	28486133	PMC5425256	RhoD Inhibits RhoC-ROCK-Dependent Cell Contraction via PAK6	CLAIM:000199900:0-1	PAIR2:GENE:389|GENE:56924	CLAIM:000199900	775d53655484d9e6cb279f132401e694ccaae251	SILVER_PHYSICAL_CANONICAL	negative	canonical_possible	physical_negative_with_non_gold_or_cellular_assay		1	1	none_detected	0	0	0	0	0	0	141.0
53	Elmo3	234683	10090	Med31	51003	10090	no_binding	pull_down	pull-down	Elmo1 and Elmo2 readily associated with Med31, while Elmo3 did not bind Med31 (Fig.	Elmo1 is ubiquitously expressed, with enriched expression in cells of the monocytes/macrophage lineage, while Elmo2 and Elmo3 have more restricted expression patterns.	S4A).	23273896	PMC3556191	A link between the cytoplasmic engulfment protein Elmo1 and the Mediator complex subunit Med31	CLAIM:000016066:0-1	PAIR2:GENE:234683|GENE:51003	CLAIM:000016066	e454351763f2b55c570ae15daf570cb6e99942fa	SILVER_PHYSICAL_CANONICAL	negative	canonical_possible	physical_negative_with_non_gold_or_cellular_assay		1	1	none_detected	0	0	0	0	0	0	141.0
54	glyceraldehyde 3-phosphate dehydrogenase	2597	9606	MBP	4155	9606	no_interaction	pull_down	pull-down	As an additional control, we also examined whether endogenous glyceraldehyde 3-phosphate dehydrogenase (GAPDH) was also eluted with the recombinant proteins and found that GAPDH did not interact with either MBP or MBP-RACK1 (Fig 2B right lower panel).	We found that endogenous beta-actin bound MBP-RACK1 but not MBP (Fig 2B, right upper panel).	Together, these data demonstrate that the association of RACK1 and beta-actin is specific.	27505161	PMC4978483	Activation of the cAMP Pathway Induces RACK1-Dependent Binding of beta-Actin to BDNF Promoter	CLAIM:000228572:0-1	PAIR2:GENE:2597|GENE:4155	CLAIM:000228572	031eaeaf377dde41a69a4dfe94de7f53e37cf04d	GOLD_DIRECT_CANONICAL	negative	canonical_possible	direct_experimental_physical_negative	purified_components	1	1	none_detected	0	1	0	1	0	0	141.0
55	Gbp2	2634	9606	RRM3	856426	4932	no_interaction	fluorescence_anisotropy	unknown	Binding to Gbp2 RRM1 is at least 10 times weaker and Gbp2 RRM3 does not interact in the concentration range tested.	Fluorescence anisotropy titrations showed that this RNA interacts with Gbp2 RRM2 (Figure 2A and Table 2) (Kd ~ 50 muM).	RRM12 and RRM123 bind with similar apparent affinity but ~10 times stronger than RRM2 (Figure 2A and Table 2).	26602689	PMC4705658	Gbp2 interacts with THO/TREX through a novel type of RRM domain	CLAIM:000257426:0-1	PAIR2:GENE:2634|GENE:856426	CLAIM:000257426	849ea1e129c55f23399dd3b3bcda96cdc14d7356	GOLD_DIRECT_CANONICAL	negative	canonical_possible	direct_experimental_physical_negative		1	1	none_detected	1	0	0	0	0	0	140.0
56	PTEN	5728	9606	NCAPG	64151	9606	no_binding	coIP	Co-IP	A A Co-IP assay showed that endogenous NCAPG and PTEN did not bind directly.	NCAPG enhances the phosphorylation of PTEN through CKII.	B Co-IP assay of endogenous NCAPG and CKII in MHCC97H and HCCLM3 cells.	35864529	PMC9301831	NCAPG promotes the proliferation of hepatocellular carcinoma through the CKII-dependent regulation of PTEN	CLAIM:000336945:0-1	PAIR2:GENE:5728|GENE:64151	CLAIM:000336945	949b5c49efa1d59ca5c2dfc47c0939a51b2374dd	SILVER_PHYSICAL_CANONICAL	negative	canonical_possible	physical_negative_with_non_gold_or_cellular_assay		1	1	none_detected	0	0	0	0	0	0	139.0
57	LDHA	3939	9606	METTL3	56339	9606	no_binding	coIP	Co-IP	Immediately after this analysis, we demonstrated by Co-IP that LDHA did not bind to METTL3 (Fig.	S10A).	S10B).	39384750	PMC11464708	CircMETTL3-156aa reshapes the glycolytic metabolism of macrophages to promote M1 polarization and induce cytokine storms in sHLH	CLAIM:000239978:0-1	PAIR2:GENE:3939|GENE:56339	CLAIM:000239978	81369d30a7d2630732390a0068bce769356be54d	SILVER_PHYSICAL_CANONICAL	negative	canonical_possible	physical_negative_with_non_gold_or_cellular_assay		1	1	none_detected	0	0	0	0	0	0	139.0
58	Cdk2	1017	9606	ACLY	47	9606	no_binding	pull_down	GST pull-down assay	A GST pull-down assay revealed cyclin E as the direct binding partner of ACLY (Figure 1C) and further demonstrated that Cdk2 does not bind directly to ACLY.	Because Cdk2 is the primary binding partner of cyclin E, we examined whether cyclin E or Cdk2 directly binds ACLY.	ACLY is phosphorylated post-translationally by multiple proteins, including cAMP-dependent protein kinase, GSK3beta, nucleoside diphosphate kinase (NDPK) and protein kinase B (Akt).	26928812	PMC4873469	Cyclin E associates with the lipogenic enzyme ATP-citrate lyase to enable malignant growth of breast cancer cells	CLAIM:000047225:0-1	PAIR2:GENE:1017|GENE:47	CLAIM:000047225	078ec58132c514dc9e595ef6601a0a61d2a98461	SCOPED_NEGATIVE	not_applicable	construct_variant_domain_specific	negative_is_construct_variant_domain_or_isoform_scoped	positive_control	1	1	none_detected	1	1	1	0	1	0	139.0
59	ENY2	100347973	10090	Cbp80	44409	10090	no_interaction	coIP	unknown	However, no interaction was observed between Cbp80 and ENY2 or Nonstop (Figure 5F).	Experiments on co-immunoprecipitation from the embryonic extract confirmed the Cbp80-Sgf11 interaction, suggesting that these proteins may form an individual complex.	Thus, it appears that DUBm does not interact with Cbp80.	22989713	PMC3510517	The DUBm subunit Sgf11 is required for mRNA export and interacts with Cbp80 in Drosophila	CLAIM:000269199:0-1	PAIR2:GENE:100347973|GENE:44409	CLAIM:000269199	68a74afddb41801c589f55500b80d9e355f88a99	SILVER_PHYSICAL_CANONICAL	negative	canonical_possible	physical_negative_with_non_gold_or_cellular_assay		1	1	none_detected	0	0	0	0	0	0	137.0
60	GABPA	2551	9606	TAL1	6886	9606	no_interaction	coIP	co-immunoprecipitation	Furthermore, our co-IP studies show that TAL1 does not interact with GABPA.	This is particularly interesting since the 'redundant' Ets motif is found within housekeeping gene promoters while the ETS1-specific motif is specifically enriched within enhancers of T-cell genes.	These key findings are consistent with the idea that TAL1 acts on T-cell-specific genes in T-ALL.	21179004	PMC3034015	Differential genomic targeting of the transcription factor TAL1 in alternate haematopoietic lineages	CLAIM:000190938:0-1	PAIR2:GENE:2551|GENE:6886	CLAIM:000190938	d42bac2a1d9151b6d3b9c12d5d4325b1972069f5	SILVER_PHYSICAL_CANONICAL	negative	canonical_possible	physical_negative_with_non_gold_or_cellular_assay		1	1	none_detected	0	0	0	0	0	0	137.0
61	ABRO1	23172	9606	MDM2	4193	9606	no_interaction	coIP	co-immunoprecipitation	The co-immunoprecipitation (Co-IP) assay also showed no interaction between ABRO1 and MDM2, and overexpression of ABRO1 failed to affect the mutual binding of p53 and MDM2 (Supplementary Fig.	6d,e).	6f).	25283148	PMC4205886	ABRO1 suppresses tumourigenesis and regulates the DNA damage response by stabilizing p53	CLAIM:000162315:0-1	PAIR2:GENE:23172|GENE:4193	CLAIM:000162315	bfd109cae7757762c9eebb4420428f3c4f306351	SILVER_PHYSICAL_CANONICAL	negative	canonical_possible	physical_negative_with_non_gold_or_cellular_assay		1	1	none_detected	0	0	0	0	0	0	137.0
62	VASP	514902	10090	PFN3	521379	10090	no_binding	Y2H	yeast two-hybrid	PFN3-containing diploids revealed significant but weaker binding to DIAPH3, and no binding to VASP.	Diploids containing PFN2 and VASP or PFN2 and Diaph3 showed significant activity, reflecting the ability of PFN2 interact with these proteins.	PFN4 failed to interact with both proteins.	19419568	PMC2694148	Testis-expressed profilins 3 and 4 show distinct functional characteristics and localize in the acroplaxome-manchette complex in spermatids	CLAIM:000112818:0-1	PAIR2:GENE:514902|GENE:521379	CLAIM:000112818	4bba59f78c1228afd20db51875d7b61510192d03	SILVER_PHYSICAL_CANONICAL	negative	canonical_possible	physical_negative_with_non_gold_or_cellular_assay	positive_control;negative_control	1	1	none_detected	0	1	1	0	0	0	137.0
63	PEPT1	6564	9606	MAP4K4	9448	9606	no_interaction	coIP	co-IP	To verify this, we performed a co-IP assay and found that PEPT1 did not interact with MAP4K4 (Figure 8A).	Given that PEPT1 mediates HCC metastasis through MAP4K4 and that MAP4K4 interacts with G3BP2 to facilitate HCC metastasis, we speculated that PEPT1 may directly regulate MAP4K4.	It was reported that PEPT1 functions as a transporter of dipeptides and tripeptides.	38639383	PMC11200092	Peptide Transporter 1-Mediated Dipeptide Transport Promotes Hepatocellular Carcinoma Metastasis by Activating MAP4K4/G3BP2 Signaling Axis	CLAIM:000005395:0-1	PAIR2:GENE:6564|GENE:9448	CLAIM:000005395	964e5810aa19f8c2a6e372f3e0a665ecde09ba81	SILVER_PHYSICAL_CANONICAL	negative	canonical_possible	physical_negative_with_non_gold_or_cellular_assay		1	1	none_detected	0	0	0	0	0	0	137.0
64	MEKK2	10746	10090	PRK1	5585	9606	no_binding	Y2H	yeast two-hybrid	This sequence is divergent in the closely related kinase PRK1, which did not bind MEKK2.	The MEKK2 binding site maps to amino acids 637-660 in PRK2, which is distinct from the binding sites for RhoA and Nck.	In cells, MEKK2 and PRK2 are co-immunoprecipitated and PRK2 is activated by MEKK2.	10818102		MEK kinase 2 binds and activates protein kinase C-related kinase 2. Bifurcation of kinase regulatory pathways at the level of an MAPK kinase kinase.	CLAIM:000309101:0-1	PAIR2:GENE:10746|GENE:5585	CLAIM:000309101	7935371c5f6ae2af0687ff82495620c9df8b86bc	SILVER_PHYSICAL_CANONICAL	negative	canonical_possible	physical_negative_with_non_gold_or_cellular_assay	purified_components	1	1	none_detected	1	0	0	1	0	0	136.0
65	Trim72	434246	10090	HDAC4	9759	9606	no_binding	coIP	co-immunoprecipitation	Co-IP experiments demonstrated that c-myc-Trim72 does not interact with HDAC4 in primary mdx myotubes (Figure S11A), excluding a direct interaction between these two proteins.	In search for a cytoplasmic function of HDAC4, we initially hypothesized that it could act as a scaffold or docking chaperone for Trim72, on the basis of a possible interaction between HDAC4 and Trim72 proteins.	However, because Trim72 expression directly correlates with that of HDAC4, we speculated that HDAC4 may control Trim72 expression by stabilizing its mRNA.	35170869	PMC8977968	Cytoplasmic HDAC4 regulates the membrane repair mechanism in Duchenne muscular dystrophy	CLAIM:000264496:0-1	PAIR2:GENE:434246|GENE:9759	CLAIM:000264496	da0b214ecb6f6cd306d42798e81fcaa3274e087c	SILVER_PHYSICAL_CANONICAL	negative	canonical_possible	physical_negative_with_non_gold_or_cellular_assay	positive_control	1	1	none_detected	1	0	1	0	0	0	135.0
66	EphA2	1969	9606	LRP6	4040	9606	no_binding	coIP	co-IP	To clarify whether EphA2 may work through cooperation with Frizzled and LRP6 instead of directly bind to Wnt1, we performed co-IP assay which showed that EphA2 can not bind to Frizzled2 and LRP6 (Supplementary Fig.	1f), which indicated that EphA2 was bound directly by Wnt1.	S3B), and immunostaining assay which showed that EphA2 was not co-localized with Frizzled2 and LRP6 at the cell surface (Supplementary Fig.	30451837	PMC6242896	EPH receptor A2 governs a feedback loop that activates Wnt/beta-catenin signaling in gastric cancer	CLAIM:000019456:0-1	PAIR2:GENE:1969|GENE:4040	CLAIM:000019456	ab95814869aff3fabbaefd9180f6059c9a1bf411	SILVER_PHYSICAL_CANONICAL	negative	canonical_possible	physical_negative_with_non_gold_or_cellular_assay	positive_control;negative_control	1	1	none_detected	1	0	1	0	0	0	135.0
67	EphA2	1969	9606	Frizzled2	2535	9606	no_binding	coIP	co-IP	To clarify whether EphA2 may work through cooperation with Frizzled and LRP6 instead of directly bind to Wnt1, we performed co-IP assay which showed that EphA2 can not bind to Frizzled2 and LRP6 (Supplementary Fig.	1f), which indicated that EphA2 was bound directly by Wnt1.	S3B), and immunostaining assay which showed that EphA2 was not co-localized with Frizzled2 and LRP6 at the cell surface (Supplementary Fig.	30451837	PMC6242896	EPH receptor A2 governs a feedback loop that activates Wnt/beta-catenin signaling in gastric cancer	CLAIM:000019457:0-1	PAIR2:GENE:1969|GENE:2535	CLAIM:000019457	e0c1fb857c6e0aecbd6b95b3f99538041e61bb2e	SILVER_PHYSICAL_CANONICAL	negative	canonical_possible	physical_negative_with_non_gold_or_cellular_assay	positive_control;negative_control	1	1	none_detected	1	0	1	0	0	0	135.0
68	TRAF6	7189	9606	DYRK3	8444	10090	no_binding	coIP	co-immunoprecipitation	The co-IP assay revealed no binding between DYRK3 and TRAF6 (Fig.	As a control, we initially examined whether DYRK3 directly binds to TRAF6.	4A), indicating the absence of a biochemical interaction between DYRK3 and TRAF6.	38519031	PMC11021969	Dual-specificity kinase DYRK3 phosphorylates p62 at the Thr-269 residue and promotes melanoma progression	CLAIM:000280367:0-1	PAIR2:GENE:7189|GENE:8444	CLAIM:000280367	88a0c7ad9fa408f57d4c251d90727ce34d870568	SILVER_PHYSICAL_CANONICAL	negative	canonical_possible	physical_negative_with_non_gold_or_cellular_assay	positive_control	1	1	none_detected	1	0	1	0	0	0	135.0
69	Hog1	850803	4932	Ehd3	851606	284812	no_interaction	Y2H	yeast two-hybrid	The corresponding orthologous pair of Hog1 and Ehd3 in S. cerevisiae did not interact by Y2H (Fig.	5D).	5E).	23695164	PMC3777727	Cross-Species Protein Interactome Mapping Reveals Species-Specific Wiring of Stress-Response Pathways1	CLAIM:000264883:0-1	PAIR2:GENE:850803|GENE:851606	CLAIM:000264883	82133286223146ec47a4ec1f87e76c40893e2e20	SILVER_PHYSICAL_CANONICAL	negative	canonical_possible	physical_negative_with_non_gold_or_cellular_assay	positive_control	1	1	none_detected	1	0	1	0	0	0	134.0
70	mGluR6	108072	10090	TRPM1	4308	9606	no_interaction	Y2H	yeast two-hybrid	TRPM1 did not interact with mGluR6, but did interact with nyctalopin as shown by robust growth on quadruple dropout plates and positive beta-galactosidase assay.	Specific interactions are detected by growth on quadruple dropout plates lacking leucine, tryptophan, histidine and adenine (2nd column) and confirmed by beta-galactosidase assay (3rd column). mGluR6 and GalphaO were used as a positive control and show interaction.	NYX did not show interactions with the yeast plasma membrane protein, Fur4.	21734298	PMC3139999	A role for nyctalopin, a small leucine rich repeat protein, in localizing the TRPM1 channel to retinal depolarizing bipolar cell dendrites	CLAIM:000284820:0-1	PAIR2:GENE:108072|GENE:4308	CLAIM:000284820	df119bddba8e91e88f74971cd40bdbdf5ebf953b	SILVER_PHYSICAL_CANONICAL	negative	canonical_possible	physical_negative_with_non_gold_or_cellular_assay	positive_control	1	1	none_detected	1	0	1	0	0	0	134.0
71	ArcB	6276104	511145	CpxR	948404	287	no_interaction	Y2H	yeast two-hybrid	In contrast, interactions between ArcB and CpxR yielded lowest ss-galactosidase activity (about 250 MU) below the estimated background using empty vectors (about 400 MU) and thus no interaction could be identified for this SK/RR-pair (Fig.	2a).	2a).	28923010	PMC5604497	The role of the two-component systems Cpx and Arc in protein alterations upon gentamicin treatment in Escherichia coli	CLAIM:000200948:0-1	PAIR2:GENE:6276104|GENE:948404	CLAIM:000200948	3592ee9e8015fc50760f3f0389f13ceb3eddd51e	SILVER_PHYSICAL_CANONICAL	negative	canonical_possible	physical_negative_with_non_gold_or_cellular_assay	positive_control;negative_control	1	1	none_detected	1	0	1	0	0	0	134.0
72	Sec13	297522	10090	Spn-F	43700	10090	no_binding	pull_down	pull-down	These results show that there is no binding of Spn-F to Sec13-MBP, indicating that the Spn-F binding to Ik2 is specific.	3B).	The data were globally fitted to the simple 1:1 interaction model with chi2 of 1.63.	18796167	PMC2567969	The Drosophila IKK-related kinase (Ik2) and Spindle-F proteins are part of a complex that regulates cytoskeleton organization during oogenesis	CLAIM:000228154:0-1	PAIR2:GENE:297522|GENE:43700	CLAIM:000228154	e66418be3e16f63a30dc5dceb99b15995c92b9d5	SILVER_PHYSICAL_CANONICAL	negative	canonical_possible	physical_negative_with_non_gold_or_cellular_assay		1	1	none_detected	1	0	0	0	0	0	133.0
73	DET1	55070	9606	Ube2d3	7323	9606	no_binding	pull_down	pull-down	3F), explaining the specificity and why Ube2d3 did not interact with DET1 in the pull-down experiments.	These interfacial residues in Ube2e2 were identified as highly conserved among Ube2e family members, but were absent in Ube2d3 (Fig.		41540009	PMC12808801	Cryo-EM structure of the human COP1-DET1 ubiquitin ligase complex	CLAIM:000109442:0-1	PAIR2:GENE:55070|GENE:7323	CLAIM:000109442	a6d9200a54c8c761e4ce8847aaf584ac223a1611	SILVER_PHYSICAL_CANONICAL	negative	canonical_possible	physical_negative_with_non_gold_or_cellular_assay		1	1	none_detected	1	0	0	0	0	0	133.0
74	PAX9	5083	9606	TCF7L2	6934	9606	no_interaction	coIP	co-immunoprecipitation	Co-IP result showed that PAX9 does not interact with TCF7L2 (Fig.	So we want to test whether PAX9 also interacts with TCF7L2 as PAX1 does.	2F), indicating that PAX1 plays its role in regulating canonical Wnt signaling differently with PAX9.	38664733	PMC11046865	PAX1 represses canonical Wnt signaling pathway and plays dual roles during endoderm differentiation	CLAIM:000180960:0-1	PAIR2:GENE:5083|GENE:6934	CLAIM:000180960	991909e3ed0c7958c9d33d9445102d90caeeb985	SILVER_PHYSICAL_CANONICAL	negative	canonical_possible	physical_negative_with_non_gold_or_cellular_assay	positive_control	1	1	none_detected	1	0	1	0	0	0	133.0
75	HC/D	1732	10090	ND1	17716	10090	no_binding	BLI	biolayer interferometry	HC/B and HC/D showed no detectable binding to ND1 at concentrations of 10, 25, and 50 muM (Fig 1D and 1F), whereas HC/C and HC/DC showed binding to ND1 at all three concentrations (Fig 1E and 1G).	To analyze binding of recombinantly purified HC/B, HC/C, HC/D, HC/DC, and HC/G to immobilized ND1, SA biosensors loaded with ND1 were first immersed in the buffer containing BSA until a stable baseline was reached and then soaked in the buffer containing HC for the association phase, followed by immersion in the buffer containing BSA again for the dissociation phase (Fig 1D).	HC/G showed low levels of binding at 25 and 50 muM (Fig 1H).	32182233	PMC7077807	Characterization of a membrane binding loop leads to engineering botulinum neurotoxin B with improved therapeutic efficacy	CLAIM:000054014:0-1	PAIR2:GENE:1732|GENE:17716	CLAIM:000054014	e782039db6d49d2bd8e3d5939589597edd48db5e	REVIEW_EXPERIMENTAL_SUPPORT	uncertain	canonical_possible	experiment_not_confirmed_by_prior_model		0	1	none_detected	1	0	0	0	0	0	133.0
76	JNK	5599	9606	OGT	8473	9606	no_interaction	coIP	co-immunoprecipitation	Co-IP and reverse Co-IP showed that OGT did not interact with JNK (online supplemental figure 5F).	LC-MS/MS analysis confirmed that GlcN treatment did not alter GR phosphorylation at S211 or S226 (online supplemental figures 5E).	Intriguingly, JNK activator (anisomycin, ANI) and CDK activator (SSK1) treatment induced GR O-GlcNAcylation (figure 5E).	41052879	PMC12506452	O-GlcNAc transferase promotes immune evasion and immunotherapy resistance in uterine corpus endometrial cancer by targeting the glucocorticoid receptor	CLAIM:000246278:0-1	PAIR2:GENE:5599|GENE:8473	CLAIM:000246278	385481947f8c4980cd14c6a32f701c14497aa85a	SILVER_PHYSICAL_CANONICAL	negative	canonical_possible	physical_negative_with_non_gold_or_cellular_assay	positive_control	1	1	none_detected	1	0	1	0	0	0	133.0
77	beta-catenin	1499	9606	FHL1	2273	9606	no_binding	Y2H	yeast two-hybrid	In line with this, we did not find binding between beta-catenin and FHL1 or FHL3 in our Y2H screen.	Specificity of FHL2 activity in this scenario may be interpreted from data showing only weak interaction of FHL1 and no interaction of FHL3 with beta-catenin in HEK293 cells along with a lower expression of FHL1 and FHL3 in the heart.	Although this does not exclude the possibility of an interaction, it suggests that at least in the heart FHL2/beta-catenin is most abundant.	23341242	PMC3744766	The Four and a Half LIM-Domain 2 Controls Early Cardiac Cell Commitment and Expansion Via Regulating beta-Catenin-Dependent Transcription	CLAIM:000268806:0-1	PAIR2:GENE:1499|GENE:2273	CLAIM:000268806	5eb916fb6f2cd4abd6ce4fcb3a2b461419bf9413	SILVER_PHYSICAL_CANONICAL	negative	canonical_possible	physical_negative_with_non_gold_or_cellular_assay		1	1	none_detected	1	0	0	0	0	0	132.0
78	beta-catenin	1499	9606	FHL3	2275	9606	no_binding	Y2H	yeast two-hybrid	In line with this, we did not find binding between beta-catenin and FHL1 or FHL3 in our Y2H screen.	Specificity of FHL2 activity in this scenario may be interpreted from data showing only weak interaction of FHL1 and no interaction of FHL3 with beta-catenin in HEK293 cells along with a lower expression of FHL1 and FHL3 in the heart.	Although this does not exclude the possibility of an interaction, it suggests that at least in the heart FHL2/beta-catenin is most abundant.	23341242	PMC3744766	The Four and a Half LIM-Domain 2 Controls Early Cardiac Cell Commitment and Expansion Via Regulating beta-Catenin-Dependent Transcription	CLAIM:000268807:0-1	PAIR2:GENE:1499|GENE:2275	CLAIM:000268807	d36efc951fb5c67c959815e8fa204b5b0405e962	SILVER_PHYSICAL_CANONICAL	negative	canonical_possible	physical_negative_with_non_gold_or_cellular_assay		1	1	none_detected	1	0	0	0	0	0	132.0
79	NS1	10625	9606	PPP1R10	5514	9606	no_binding	coIP	co-immunoprecipitation	Although PPP1R10 and ZC3H15 have high HVPPI score of 0.639 and 0.475 respectively, they did not bind to NS1 in this assay.	They are MKRN1, RC3H1, ZC3H8 and ZC3H18.		40287742	PMC12032803	Identification of RC3H1 as antiviral host factor binding to the non-structural protein 1 of Influenza A virus via a 3-stage computational pipeline and cell-based analysis	CLAIM:000109945:0-1	PAIR2:GENE:10625|GENE:5514	CLAIM:000109945	ec56ca4487554fef99037a7164c10976f169e9c2	SILVER_PHYSICAL_CANONICAL	negative	canonical_possible	physical_negative_with_non_gold_or_cellular_assay		1	1	none_detected	1	0	0	0	0	0	131.0
81	DNMT3B	1789	9606	SPOCD1	90853	10090	no_binding	coIP	co-immunoprecipitation	Co-IP assays confirmed a physical interaction between SPOCD1 and DNMT1, whereas no binding to DNMT3B was detected (Fig.	5B).	6H).	40804742	PMC12351940	Cancer cell SPOCD1 promotes colorectal cancer liver metastasis by activating the CXCL12/CXCR4 signaling pathway in cancer-associated fibroblasts	CLAIM:000078725:0-1	PAIR2:GENE:1789|GENE:90853	CLAIM:000078725	69408c00e37672aa91e813d3976243d4363b0206	SILVER_PHYSICAL_CANONICAL	negative	canonical_possible	physical_negative_with_non_gold_or_cellular_assay		1	1	none_detected	1	0	0	0	0	0	131.0
82	RIG-I	23586	9606	SH3KBP1	30011	9606	no_binding	coIP	co-immunoprecipitation	To our surprise, Co-IP results showed that SH3KBP1 did not interact with RIG-I (S4A Fig).	To explore the mechanism that SH3KBP1 enhance RIG-I polyubiquitination, we detected whether RIG-I interacted with SH3KBP1.	Therefore, the above data suggest that SH3KBP1 is a positive regulator of RIG-I stability, but does not have a direct interaction with RIG-I.	39466846	PMC11560026	Porcine reproductive and respiratory syndrome virus nonstructural protein 2 promotes the autophagic degradation of adaptor protein SH3KBP1 to antagonize host innate immune responses by enhancing K63-linked polyubiquitination of RIG-I	CLAIM:000335571:0-1	PAIR2:GENE:23586|GENE:30011	CLAIM:000335571	48c9b4bc52a544b405a7ba89331029ebb66b3e49	SILVER_PHYSICAL_CANONICAL	negative	canonical_possible	physical_negative_with_non_gold_or_cellular_assay		1	1	none_detected	1	0	0	0	0	0	131.0
83	Regnase-1	230738	10090	TUT7	79670	10090	no_binding	coIP	co-immunoprecipitation	Pull-down and immunoblotting experiments showed that Regnase-1 was not co-immunoprecipitated with TUT7 (Supplementary Fig.	5h).	8a, b), which excludes the possibility of the involvement of Regnase-1 in TUT-mediated uridylation.	34188032	PMC8241994	Terminal uridyltransferase 7 regulates TLR4-triggered inflammation by controlling Regnase-1 mRNA uridylation and degradation	CLAIM:000336323:0-1	PAIR2:GENE:230738|GENE:79670	CLAIM:000336323	0c637626a6f4338b2299c87989a29c5617d5e09e	SILVER_PHYSICAL_CANONICAL	negative	canonical_possible	physical_negative_with_non_gold_or_cellular_assay		1	1	none_detected	1	0	0	0	0	0	131.0
84	SH3KBP1	30011	9606	RNF135	84282	10090	no_binding	coIP	co-immunoprecipitation	Co-IP results showed that SH3KBP1 specifically interacted with TRIM25 but did not interact with TRIM4 and RNF135 (Fig 6A).	Three E3 ubiquitin ligases, including TRIM25, TRIM4 and RNF135, have been identified mediating K63-linked polyubiquitination of RIG-I.	In uninfected cells, endogenous SH3KBP1 interacted with TRIM25, and this interaction was significantly enhanced after viral infection (Fig 6B).	39466846	PMC11560026	Porcine reproductive and respiratory syndrome virus nonstructural protein 2 promotes the autophagic degradation of adaptor protein SH3KBP1 to antagonize host innate immune responses by enhancing K63-linked polyubiquitination of RIG-I	CLAIM:000335574:0-1	PAIR2:GENE:30011|GENE:84282	CLAIM:000335574	86a542821d2899102c642a6255792d9918c46acc	SILVER_PHYSICAL_CANONICAL	negative	canonical_possible	physical_negative_with_non_gold_or_cellular_assay		1	1	none_detected	1	0	0	0	0	0	131.0
85	Rad51	514749	10090	Sae3	856479	4932	no_interaction	pull_down	pull-down	We show that Rad51 was found in the supernatant indicating Rad51 failed to interact with Sae3 (Fig.	Sae3 was incubated with Rad51 and nickel-NTA was used to capture the complexes.	4A, panel II, lanes 7-9) or nickel-NTA beads (Fig.	21543267	PMC3119066	The budding yeast Mei5-Sae3 complex interacts with Rad51 and preferentially binds a DNA fork structure	CLAIM:000220256:0-1	PAIR2:GENE:514749|GENE:856479	CLAIM:000220256	7c81a5db65ad63e29eb7121d44143d6eb3b2e838	SILVER_PHYSICAL_CANONICAL	negative	canonical_possible	physical_negative_with_non_gold_or_cellular_assay		1	1	none_detected	1	0	0	0	0	0	131.0
86	PLK1	5347	9606	SNF2H	8467	9606	no_interaction	pull_down	pull-down	On pull-down experiments, we verified no interactions between PLK1 and SNF2H (Supplementary Fig.	2c).	2d).	26259146	PMC4918322	The chromatin remodeller RSF1 is essential for PLK1 deposition and function at mitotic kinetochores	CLAIM:000015101:0-1	PAIR2:GENE:5347|GENE:8467	CLAIM:000015101	4b9a25d56ce00a18a7c590c370d2f89a27a86f18	SILVER_PHYSICAL_CANONICAL	negative	canonical_possible	physical_negative_with_non_gold_or_cellular_assay		1	1	none_detected	1	0	0	0	0	0	131.0
87	YAP1	10413	9606	BRD3	8019	10090	no_binding	coIP	co-immunoprecipitation	Co-IP assays further showed that showed that BRD2 and BRD3 did not interact with YAP1, indicating specificity for BRD4 (Supplementary Fig.	4A).	4B).	41184230	PMC12583557	Inhibition of BRD4 sensitizes NSCLC cells to osimertinib by suppressing APT1 and promoting MST1 palmitoylation	CLAIM:000039217:0-1	PAIR2:GENE:10413|GENE:8019	CLAIM:000039217	4eede915d8b418f9bd1322fed2ca6363e60de36a	SILVER_PHYSICAL_CANONICAL	negative	canonical_possible	physical_negative_with_non_gold_or_cellular_assay		1	1	none_detected	1	0	0	0	0	0	131.0
88	SIRT6	50721	10090	SIRT1	93759	10090	no_binding	coIP	co-immunoprecipitation	Also, SIRT6 does not interact directly with SIRT1 by co-IP (Figure 4B).	SIRT6 physically interacts with CLOCK and BMAL1, individually or together, as shown by coimmunoprecipitation (co-IP) (Figures 4A and 4B).	Furthermore, when CLOCK and BMAL1 are ectopically expressed with SIRT6 alone or in combination with both SIRT6 and SIRT1, the SIRT6 IP complex only interacts with CLOCK and BMAL1 and not SIRT1 (Figure 4C).	25083875	PMC5472354	Partitioning Circadian Transcription by SIRT6 Leads to Segregated Control of Cellular Metabolism	CLAIM:000300934:0-1	PAIR2:GENE:50721|GENE:93759	CLAIM:000300934	b61b23c16287516fd4a5b433517e79fa3b3d9da3	SILVER_PHYSICAL_CANONICAL	negative	canonical_possible	physical_negative_with_non_gold_or_cellular_assay		1	1	none_detected	1	0	0	0	0	0	131.0
89	spartin	295053	10090	WASH1	367328	10090	no_binding	coIP	co-immunoprecipitation	We were able to detect WASH1 protein interaction only with strumpellin, and spartin did not bind to WASH1 protein (Fig.	Additionally, strumpellin is a known part of the WASH complex, while spartin has not been identified as its member.	2C, the second lane).	25987849	PMC4426939	Strumpellin and Spartin, Hereditary Spastic Paraplegia Proteins, are Binding Partners	CLAIM:000258312:0-1	PAIR2:GENE:295053|GENE:367328	CLAIM:000258312	552f73f1fbc040c90efd8d92f79c26dd9eecdbfc	SILVER_PHYSICAL_CANONICAL	negative	canonical_possible	physical_negative_with_non_gold_or_cellular_assay	negative_control	1	1	none_detected	1	0	0	0	0	0	131.0
90	PG0162	2552235	10090	PG1659	2552669	10090	no_interaction	pull_down	BACTH assay and protein-protein pull-down assay	Using the BACTH assay and protein-protein pull-down assay, no interaction between PG0162 and PG1659 was detected (Supplemental Figure 4).	Another ECF sigma factor PG0162, which is involved in virulence regulation and CTD protein regulation, shares similarity with RpoE.		33377315	PMC7940587	PG1659 functions as anti-sigma factor to extracytoplasmic function sigma factor RpoE in Porphyromonas gingivalis W83	CLAIM:000224029:0-1	PAIR2:GENE:2552235|GENE:2552669	CLAIM:000224029	1589c8144385ea7254b13a1d7c25a8f35099d243	SILVER_PHYSICAL_CANONICAL	negative	canonical_possible	physical_negative_with_non_gold_or_cellular_assay		1	1	none_detected	1	0	0	0	0	0	131.0
91	SH3KBP1	30011	9606	TRIM4	89122	10090	no_binding	coIP	co-immunoprecipitation	Co-IP results showed that SH3KBP1 specifically interacted with TRIM25 but did not interact with TRIM4 and RNF135 (Fig 6A).	Three E3 ubiquitin ligases, including TRIM25, TRIM4 and RNF135, have been identified mediating K63-linked polyubiquitination of RIG-I.	In uninfected cells, endogenous SH3KBP1 interacted with TRIM25, and this interaction was significantly enhanced after viral infection (Fig 6B).	39466846	PMC11560026	Porcine reproductive and respiratory syndrome virus nonstructural protein 2 promotes the autophagic degradation of adaptor protein SH3KBP1 to antagonize host innate immune responses by enhancing K63-linked polyubiquitination of RIG-I	CLAIM:000335573:0-1	PAIR2:GENE:30011|GENE:89122	CLAIM:000335573	932efc128cf2ba2ba63c8af5618997dbb44ff2bd	SILVER_PHYSICAL_CANONICAL	negative	canonical_possible	physical_negative_with_non_gold_or_cellular_assay		1	1	none_detected	1	0	0	0	0	0	131.0
92	FBXO47	72973	10090	SUN1	77053	10090	no_binding	coIP	co-immunoprecipitation	Results of co-IP analysis indicated that FBXO47 bound TRF1 and TRF2 directly but did not bind SUN1 (Figure 6B).	To determine whether FBXO47 regulates the expression of TRF1/TRF2 and SUN1 directly, we performed co-immunoprecipitation (co-IP) with testis lysates from these Fbxo47-flag knock-in mice using an anti-FLAG antibody.		31724724	PMC7145685	FBXO47 regulates telomere-inner nuclear envelope integration by stabilizing TRF2 during meiosis	CLAIM:000289059:0-1	PAIR2:GENE:72973|GENE:77053	CLAIM:000289059	9c5153337b2c0b3eb35469382fc08da0386e3fb6	SILVER_PHYSICAL_CANONICAL	negative	canonical_possible	physical_negative_with_non_gold_or_cellular_assay		1	1	none_detected	1	0	0	0	0	0	131.0
93	TRIM21	6737	9606	USP14	9097	9606	no_binding	coIP	Co-immunoprecipitation	Co-IP showed that USP14 did not interact with TRIM21 (Supplementary Fig.	3k).	3g).	36163134	PMC9513055	USP14 promotes tryptophan metabolism and immune suppression by stabilizing IDO1 in colorectal cancer	CLAIM:000013799:0-1	PAIR2:GENE:6737|GENE:9097	CLAIM:000013799	6e8e10ead736140fd878f2d66b1aef52c0e3c793	SILVER_PHYSICAL_CANONICAL	negative	canonical_possible	physical_negative_with_non_gold_or_cellular_assay		1	1	none_detected	1	0	0	0	0	0	131.0
94	PRMT3	10196	9606	IDO1	3620	9606	no_binding	coIP	co-immunoprecipitation	A, Co-IP experiments showed that PRMT3 does not directly interact with IDO1.	PRMT3 regulates IDO1 transcription through TFAP2A.	B, Predicted transcription factors of IDO1 intersected with PRMT3-interacting proteins.	41129671	PMC12809119	PRMT3 Drives IDO1-Dependent Radioresistance and Immunosuppression by Promoting Kynurenine Metabolism in Non-Small Cell Lung Cancer	CLAIM:000109287:0-1	PAIR2:GENE:10196|GENE:3620	CLAIM:000109287	526c56071bd0a56a3017df202b77b985689b739d	SILVER_PHYSICAL_CANONICAL	negative	canonical_possible	physical_negative_with_non_gold_or_cellular_assay		1	1	none_detected	1	0	0	0	0	0	131.0
95	FBXW7	55294	9606	CD47	961	9606	no_binding	coIP	co-immunoprecipitation	However, co-IP results suggested that there was no binding between CD47 and FBXW7 (Figure S6K).	Therefore, we speculated that CD47 stabilized ENO1 by inhibiting its ubiquitylation mediated by FBXW7.	Furthermore, the expression of FBXW7 remained unaltered following CD47 overexpression in HCT8 and DLD1 cells (Figure S6L).	32226539	PMC7086360	Tumor-intrinsic CD47 signal regulates glycolysis and promotes colorectal cancer cell growth and metastasis	CLAIM:000274018:0-1	PAIR2:GENE:55294|GENE:961	CLAIM:000274018	b754674808781d5364fb301e7de1ae207423bb03	SILVER_PHYSICAL_CANONICAL	negative	canonical_possible	physical_negative_with_non_gold_or_cellular_assay		1	1	none_detected	1	0	0	0	0	0	131.0
96	NS1	10625	9606	ZC3H15	55854	11320	no_binding	coIP	co-immunoprecipitation	Although PPP1R10 and ZC3H15 have high HVPPI score of 0.639 and 0.475 respectively, they did not bind to NS1 in this assay.	They are MKRN1, RC3H1, ZC3H8 and ZC3H18.		40287742	PMC12032803	Identification of RC3H1 as antiviral host factor binding to the non-structural protein 1 of Influenza A virus via a 3-stage computational pipeline and cell-based analysis	CLAIM:000109946:0-1	PAIR2:GENE:10625|GENE:55854	CLAIM:000109946	c15011e18c04faa93f2013be03c254a690c222b1	SILVER_PHYSICAL_CANONICAL	negative	canonical_possible	physical_negative_with_non_gold_or_cellular_assay		1	1	none_detected	1	0	0	0	0	0	131.0
97	CHD4	1108	10090	KLHL15	80311		no_binding	coIP	Co-IP	Co-IP assay showed that CHD4 did not interact with KLHL15 (Fig.	Because the E-rich motif is also necessary for VGLL3-CHD4 association, we wonder whether CHD4 mediates the VGLL3-KLHL15 association.	4K), and the depletion of CHD4 did not affect VGLL3-KLHL15 association (Fig.	39383226	PMC11463272	VGLL3 modulates chemosensitivity through promoting DNA double-strand break repair	CLAIM:000033964:0-1	PAIR2:GENE:1108|GENE:80311	CLAIM:000033964	4a0bc953410b86b0f487d4115f517b621a065276	SILVER_PHYSICAL_CANONICAL	negative	canonical_possible	physical_negative_with_non_gold_or_cellular_assay		1	1	none_detected	1	0	0	0	0	0	131.0
98	CPK6	816235	3702	OST1	829541	3702	no_interaction	Y2H	yeast two-hybrid	Y2H experiments were performed to show that OST1 and CPK6 do not interact with each other.		This negative result should be confirmed by alternative approaches.	26192964	PMC4507714	Calcium specificity signaling mechanisms in abscisic acid signal transduction in Arabidopsis guard cells	CLAIM:000234453:0-1	PAIR2:GENE:816235|GENE:829541	CLAIM:000234453	2b073e37aaa1b39acc8686e227639401e4b23e9c	SILVER_PHYSICAL_CANONICAL	negative	canonical_possible	physical_negative_with_non_gold_or_cellular_assay		1	1	none_detected	1	0	0	0	0	0	130.0
99	SETD2	29072	9606	ZNF207	7756	10090	no_interaction	Y2H	yeast two-hybrid	ZNF207 and SETD2 were possible counterparts of OsSUF4 and SDG725 in humans; however, no interaction between SETD2 and ZNF207 was detected in a yeast two-hybrid assay (Supplementary Fig.	1).	13).	31278262	PMC6611904	The transcription factor OsSUF4 interacts with SDG725 in promoting H3K36me3 establishment	CLAIM:000256869:0-1	PAIR2:GENE:29072|GENE:7756	CLAIM:000256869	17f1b78a3c711ca2c05e18cf451f3cd9fc9b9194	SILVER_PHYSICAL_CANONICAL	negative	canonical_possible	physical_negative_with_non_gold_or_cellular_assay		1	1	none_detected	1	0	0	0	0	0	130.0
100	PKCdelta	18753	10090	GLAST	20512	10090	no_interaction	coIP	co-immunoprecipitation	Furthermore, no interaction was observed between PKCalpha or PKCdelta and GLAST.	7).		22708868	PMC3399925	MECHANISM OF MN(II) - MEDIATED DYSREGULATION OF GLUTAMINE - GLUTAMATE CYCLE: FOCUS ON GLUTAMATE TURNOVER	CLAIM:000231382:0-1	PAIR2:GENE:18753|GENE:20512	CLAIM:000231382	158ceec5bab8329b4d890344b8c3e462d06e24ed	SILVER_PHYSICAL_CANONICAL	negative	canonical_possible	physical_negative_with_non_gold_or_cellular_assay		1	1	none_detected	0	1	0	0	0	0	130.0
101	HPS1	192236	10090	HPS4	89781	9606	no_interaction	Y2H	yeast two-hybrid	HPS1 and HPS4 do not interact directly in a yeast two-hybrid system, although HPS4 interacts with itself.	HPS4 protein seems to be necessary for stabilization of HPS1, and the HPS1 and HPS4 proteins co-immunoprecipitate, indicating that they are in a complex.	In a partially purified vesicular/organellar fraction, HPS1 and HPS4 are both components of a complex with a molecular mass of approximately 500 kDa, termed BLOC-3.	12663659		The Hermansky-Pudlak syndrome 1 (HPS1) and HPS4 proteins are components of two complexes, BLOC-3 and BLOC-4, involved in the biogenesis of lysosome-related organelles.	CLAIM:000103149:0-1	PAIR2:GENE:192236|GENE:89781	CLAIM:000103149	a7662c8ce2a3a84736dd72b00cd5ef5d4436d789	SILVER_PHYSICAL_CANONICAL	negative	canonical_possible	physical_negative_with_non_gold_or_cellular_assay		1	1	none_detected	1	0	0	0	0	0	130.0
102	COPS5	100767044	10090	SPAG6	381350	10090	no_interaction	Y2H	yeast two-hybrid	However, SPAG6 did not interact with COPS5 in our direct yeast two-hybrid assay.	The protein was identified to be a binding partner of SPAG6L.	However, the two SPAG6 proteins both bound to TAC1.	35159146	PMC8834003	The Ancient and Evolved Mouse Sperm-Associated Antigen 6 Genes Have Different Biologic Functions In Vivo	CLAIM:000046086:0-1	PAIR2:GENE:100767044|GENE:381350	CLAIM:000046086	6ae77c66e0deb9ca6bc549bff3e533ba9eadcfcf	SILVER_PHYSICAL_CANONICAL	negative	canonical_possible	physical_negative_with_non_gold_or_cellular_assay		1	1	none_detected	1	0	0	0	0	0	130.0
103	eEF2	1938	9606	eIF5A	1984	9606	no_interaction	Y2H	yeast two-hybrid	A two-hybrid assay was used to test for a physical interaction between the yeast factors eIF5A and eEF2, but revealed no direct interaction.	Guided by that evidence, we investigated the functional interaction between these two translation factors.	The absence of direct physical interaction was expected since the binding sites for eIF5A and eEF2 are structurally distant in the ribosome.	27115996	PMC4845985	Evidence for a Negative Cooperativity between eIF5A and eEF2 on Binding to the Ribosome	CLAIM:000201650:0-1	PAIR2:GENE:1938|GENE:1984	CLAIM:000201650	433686f4f475d7b65299360ee2d21344e8797054	SILVER_PHYSICAL_CANONICAL	negative	canonical_possible	physical_negative_with_non_gold_or_cellular_assay		1	1	none_detected	1	0	0	0	0	0	130.0
104	PKP3	11187	9606	eIF4A1	1973	9606	no_interaction	Y2H	yeast two-hybrid	Because PKP3 did not interact with eIF4A1 in our yeast two-hybrid assay, the mechanism of its function in translation may differ from that of PKP1.	4 B).	In coimmunoprecipitation assays, PKP3 was reported to complex with poly(A)-binding protein, a component of the initiation complex which stimulates eIF4F activity.	20156963	PMC2828926	Plakophilin 1 stimulates translation by promoting eIF4A1 activity	CLAIM:000123151:0-1	PAIR2:GENE:11187|GENE:1973	CLAIM:000123151	97094fa163f90a463ed693cbddb036dac846ea91	SILVER_PHYSICAL_CANONICAL	negative	canonical_possible	physical_negative_with_non_gold_or_cellular_assay		1	1	none_detected	1	0	0	0	0	0	130.0
105	CEPR2	843550	358	RSL1	851061	4932	no_interaction	Y2H	yeast two-hybrid	However, no interaction between CEPR2 and RSL1 was found in yeast or N. benthamiana (Fig.	6A).	6B, D, E).	31232446	PMC6793440	CEPR2 phosphorylates and accelerates the degradation of PYR/PYLs in Arabidopsis	CLAIM:000185266:0-1	PAIR2:GENE:843550|GENE:851061	CLAIM:000185266	9106c82a337e1f157f5793339930fd1b2857c9a1	SILVER_PHYSICAL_CANONICAL	negative	canonical_possible	physical_negative_with_non_gold_or_cellular_assay		1	1	none_detected	1	0	0	0	0	0	130.0
106	FCA	827323	3702	DCP5	839152	3702	no_interaction	Y2H	yeast two-hybrid	In contrast to our expectation, FCA failed to interact with SSF or DCP5 in yeast or in Arabidopsis protoplasts (Supplemental Fig.	Accordingly, we tested the DCP5-FCA interaction by performing Y2H and BiFC assays.	S2).	37220754	PMC10473201	The P-body component DECAPPING5 and the floral repressor SISTER OF FCA regulate FLOWERING LOCUS C transcription in Arabidopsis	CLAIM:000281301:0-1	PAIR2:GENE:827323|GENE:839152	CLAIM:000281301	c5daec2bd7ccf12894a0b70ddda09ca3881de215	SILVER_PHYSICAL_CANONICAL	negative	canonical_possible	physical_negative_with_non_gold_or_cellular_assay		1	1	none_detected	1	0	0	0	0	0	130.0
107	Gas1	14451	10090	Ptch1	19206	10090	no_interaction	coIP	co-immunoprecipitation	Co-IP data demonstrated that Gas1 does not interact with Ptch1 although Shh remains bound to Gas1 (Fig.		7a), thus Gas1/Shh explicitly interacts with Ptch2 even in the presence of Ptch1 and does not compete with Boc/Shh for Ptch1 binding.	32332736	PMC7181751	Ptch2/Gas1 and Ptch1/Boc differentially regulate Hedgehog signalling in murine primordial germ cell migration	CLAIM:000224097:0-1	PAIR2:GENE:14451|GENE:19206	CLAIM:000224097	345a557b9824c4bd4a70c3b6921a168e25014f8f	SILVER_PHYSICAL_CANONICAL	negative	canonical_possible	physical_negative_with_non_gold_or_cellular_assay		1	1	none_detected	1	0	0	0	0	0	129.0
108	KAT2A	2648	9606	HBx	944566	10407	no_interaction	coIP	unknown	However, no interaction between KAT2A and HBx was observed (Supplementary Figure 4A).	The Co-IP results showed that ectopically expressed KAT2A interacted with HBc (Figure 5A).	In addition, HBc was mainly located in the nucleus and partially colocalised with KAT2A in HBV infected HepG2-NTCP cells (Figure 4A).	35140694	PMC8818952	KAT2A Promotes Hepatitis B Virus Transcription and Replication Through Epigenetic Regulation of cccDNA Minichromosome	CLAIM:000338366:0-1	PAIR2:GENE:2648|GENE:944566	CLAIM:000338366	3a1d940e659e60a5b31b5fcddfc55cd8cf1c3e05	SILVER_PHYSICAL_CANONICAL	negative	canonical_possible	physical_negative_with_non_gold_or_cellular_assay		1	1	none_detected	1	0	0	0	0	0	129.0
109	HIF-1alpha	3091	9606	MCM4	4173	9606	no_interaction	coIP	co-immunoprecipitation	In co-IP assays MCM2 and MCM5 were also found to interact with HIF-1alpha, whereas no interaction with MCM4 or MCM6 was detected (Figure 5A).	We examined whether other MCM proteins regulate HIF-1.	Overexpression of MCM2 and MCM5, but not MCM4 or MCM6, inhibited HIF transcriptional activity induced by hypoxia (Figure 5B) or HIF-2alpha overexpression (Figure 5C).	21658608	PMC3131976	MCM Proteins Are Negative Regulators of Hypoxia-Inducible Factor 1	CLAIM:000066015:0-1	PAIR2:GENE:3091|GENE:4173	CLAIM:000066015	f0a0b56bc842468f3c2c9dc809e2c33fa85c1e05	SILVER_PHYSICAL_CANONICAL	negative	canonical_possible	physical_negative_with_non_gold_or_cellular_assay		1	1	none_detected	1	0	0	0	0	0	129.0
110	Sen1	10934	9606	Rap1	5906	9606	no_interaction	coIP	Co-IP	Moreover, the Co-IP assay showed that Sen1 had no interaction with Rif1 or Rap1 (Supplementary Fig.	S5b).	S5c), further supporting that Glc7 forms two distinct complexes to dephosphorylate H3T11 at different chromatin regions.	37433812	PMC10336126	Glc7/PP1 dephosphorylates histone H3T11 to regulate autophagy and telomere silencing in response to nutrient availability	CLAIM:000108895:0-1	PAIR2:GENE:10934|GENE:5906	CLAIM:000108895	90d3261f4cc7dea785b2f48fd67b83bd1277fcfb	SILVER_PHYSICAL_CANONICAL	negative	canonical_possible	physical_negative_with_non_gold_or_cellular_assay		1	1	none_detected	1	0	0	0	0	0	129.0
111	ACE2	59272	9606	FXR	9971	9606	no_interaction	coIP	Co-IP	Co-IP results showed no interaction between FXR and ACE2 proteins, suggesting that PEBL's antiviral effects do not involve direct inhibition of their binding (Fig.	FXR antibodies were used to pull down the complex, with ACE2 overexpression alone and a carrier as controls.	6I).	40324631	PMC12869212	PEBL, a component-based Chinese medicine, reduces virus-induced acute lung injury by targeting FXR to decrease ACE2 levels	CLAIM:000315564:0-1	PAIR2:GENE:59272|GENE:9971	CLAIM:000315564	594197d102eea8066d14effbb98c50c20eb2ec30	SILVER_PHYSICAL_CANONICAL	negative	canonical_possible	physical_negative_with_non_gold_or_cellular_assay		1	1	none_detected	1	0	0	0	0	0	129.0
112	Sen1	10934	9606	Rif1	55183	9606	no_interaction	coIP	Co-IP	Moreover, the Co-IP assay showed that Sen1 had no interaction with Rif1 or Rap1 (Supplementary Fig.	S5b).	S5c), further supporting that Glc7 forms two distinct complexes to dephosphorylate H3T11 at different chromatin regions.	37433812	PMC10336126	Glc7/PP1 dephosphorylates histone H3T11 to regulate autophagy and telomere silencing in response to nutrient availability	CLAIM:000108894:0-1	PAIR2:GENE:10934|GENE:55183	CLAIM:000108894	a3dd6cc531d3a3dd776423f4160731db7cbccf8a	SILVER_PHYSICAL_CANONICAL	negative	canonical_possible	physical_negative_with_non_gold_or_cellular_assay		1	1	none_detected	1	0	0	0	0	0	129.0
113	ABHD17C	58489	9606	DCAF10	79269	9606	no_interaction	coIP	co-immunoprecipitation	I) IP assay results showing no interaction between ABHD17C and DCAF10.	Recombinant DCAF10 and ABHD17C were used as controls.	Silencing ABHD17C reduced ALOX15B-DCAF10 interactions (left), whereas downregulating DCAF10 did not affect ALOX15B-ABHD17C interactions (right).	40569151	PMC12463027	KRAS/ABHD17C/ALOX15B Axis Promotes Pancreatic Cancer Progression via Ferroptosis Evasion	CLAIM:000211771:0-1	PAIR2:GENE:58489|GENE:79269	CLAIM:000211771	bb9a7eac21b5a8b703977c11033b58a404538328	SILVER_PHYSICAL_CANONICAL	negative	canonical_possible	physical_negative_with_non_gold_or_cellular_assay		1	1	none_detected	1	0	0	0	0	0	129.0
114	FAM19A5	25817	10090	PTPRF	5792	9606	no_interaction	coIP	unknown	However, no interaction was observed between PTPRF and FAM19A5 (Fig.	Co-IP experiments using HEK293 cells expressing PTPRF and LRRC4B confirmed the interaction between these two molecules.	1E).	40691577	PMC12281766	Inhibition of FAM19A5 reverses synaptic loss and cognitive decline in mouse models of Alzheimer's disease	CLAIM:000171625:0-1	PAIR2:GENE:25817|GENE:5792	CLAIM:000171625	4a5e93f983e8a4ebc940c7f8868742ff01d3372c	SILVER_PHYSICAL_CANONICAL	negative	canonical_possible	physical_negative_with_non_gold_or_cellular_assay		1	1	none_detected	1	0	0	0	0	0	129.0
115	UBXN3B	23197	9606	MUL1	68350	10090	no_interaction	coIP	unknown	We however observed no interaction between MUL1 and UBXN3B.	We performed co-immunoprecipitation with MUL1 and UBXN3B overexpression in HEK293 cells to see if UBXN3B also regulated MUL1-STING interaction.	These data suggest that UBXN3B specifically regulates STING-TRIM56 interaction.	29899553	PMC5998066	UBXN3B positively regulates STING-mediated antiviral immune responses	CLAIM:000156357:0-1	PAIR2:GENE:23197|GENE:68350	CLAIM:000156357	0b0ab19c9cb7f4d25dea38b9167aca2f9df64805	SILVER_PHYSICAL_CANONICAL	negative	canonical_possible	physical_negative_with_non_gold_or_cellular_assay		1	1	none_detected	1	0	0	0	0	0	129.0
116	TRIM35	23087	10090	ABTB1	80325	10090	no_interaction	coIP	co-IP	(C) ABTB1 does not interact with TRIM35 as assessed in a co-IP assay.	HEK293T cells were transfected with plasmids expressing Myc-TRIM4beta and gradually increasing amounts of Flag-ABTB1; the expression of TRIM4beta and ABTB1 was determined by western blotting.	HEK293T cells were transfected individually or in combination with plasmids expressing Flag-ABTB1 and V5-TRIM35.	37823597	PMC10623896	ABTB1 facilitates the replication of influenza A virus by counteracting TRIM4-mediated degradation of viral NP protein	CLAIM:000213198:0-1	PAIR2:GENE:23087|GENE:80325	CLAIM:000213198	2a919a00abe0f02bd7c06bfe1ef2d1d1b57bbf07	SILVER_PHYSICAL_CANONICAL	negative	canonical_possible	physical_negative_with_non_gold_or_cellular_assay	negative_control	1	1	none_detected	1	0	0	0	0	0	129.0
117	CDX2	1045	10090	OLFM4	10562	9606	no_interaction	coIP	unknown	However, no interaction between OLFM4 and CDX2 was observed (Figure 2G).	Further, we performed Co-IP assays using protein extracted from GES-1 cells and verified that OLFM4 directly interacted with NOD1.	The results certified that OLFM4 induces CDX2 by interacting with NOD1, rather than activating CDX2 directly.	39072182	PMC11271767	Weiwei Decoction alleviates gastric intestinal metaplasia through the olfactomedin 4/nucleotide-binding oligomerization domain 1/caudal-type homeobox gene 2 signaling pathway	CLAIM:000213082:0-1	PAIR2:GENE:1045|GENE:10562	CLAIM:000213082	45af72ade4e28d273473b3b86b96b3200df707eb	SILVER_PHYSICAL_CANONICAL	negative	canonical_possible	physical_negative_with_non_gold_or_cellular_assay		1	1	none_detected	1	0	0	0	0	0	129.0
118	HIF-1alpha	3091	9606	MCM6	4175	9606	no_interaction	coIP	co-immunoprecipitation	In co-IP assays MCM2 and MCM5 were also found to interact with HIF-1alpha, whereas no interaction with MCM4 or MCM6 was detected (Figure 5A).	We examined whether other MCM proteins regulate HIF-1.	Overexpression of MCM2 and MCM5, but not MCM4 or MCM6, inhibited HIF transcriptional activity induced by hypoxia (Figure 5B) or HIF-2alpha overexpression (Figure 5C).	21658608	PMC3131976	MCM Proteins Are Negative Regulators of Hypoxia-Inducible Factor 1	CLAIM:000066016:0-1	PAIR2:GENE:3091|GENE:4175	CLAIM:000066016	a9a0f09e43426c3c6acab4cb24f99cb0a37774aa	SILVER_PHYSICAL_CANONICAL	negative	canonical_possible	physical_negative_with_non_gold_or_cellular_assay		1	1	none_detected	1	0	0	0	0	0	129.0
119	BAP31	10134	9606	NCT	23385	10090	no_interaction	coIP	pull down	Other retrieval proteins like BAP31 and the KDEL receptor did not interact with NCT, underscoring the specificity of the pull down.	Although only little hRer1p coimmunoprecipitated from CHAPS extracts, these levels increased dramatically in Triton X-100 extracts, i.e., under conditions that disrupt the interaction between gamma-secretase components.	In a reciprocal experiment, anti-hRer1p pAb pulled down small amounts of endogenous immature NCT from Triton X-100 HeLa and mouse embryonic fibroblast (MEF) extracts (Fig.	17325205	PMC2064021	Rer1p competes with APH-1 for binding to nicastrin and regulates gamma-secretase complex assembly in the early secretory pathway	CLAIM:000101234:0-1	PAIR2:GENE:10134|GENE:23385	CLAIM:000101234	5fe916be44ccfbd03d9884b9d773c4c89137dd37	SILVER_PHYSICAL_CANONICAL	negative	canonical_possible	physical_negative_with_non_gold_or_cellular_assay		1	1	none_detected	1	0	0	0	0	0	129.0
120	JAK2	3717	9606	GP73	51280	9606	no_interaction	coIP	co-immunoprecipitation	Interestingly, the co-immunoprecipitation (co-IP) experiment showed no interaction between GP73 and JAK2 (Fig.		5A and Fig.	38939041	PMC11208919	Integrating Single-Cell and Spatial Transcriptomics to Uncover and Elucidate GP73-Mediated Pro-Angiogenic Regulatory Networks in Hepatocellular Carcinoma	CLAIM:000198938:0-1	PAIR2:GENE:3717|GENE:51280	CLAIM:000198938	4b69d8d8e4007304536227a27aa15e62d7b0c59e	SILVER_PHYSICAL_CANONICAL	negative	canonical_possible	physical_negative_with_non_gold_or_cellular_assay		1	1	none_detected	1	0	0	0	0	0	129.0
121	LRRC15	131578	10090	CD248	57124	4932	no_binding	SPR	BLI	Consistent with this result, no binding was observed between LRRC15 and CD248 recombinant proteins when the interaction was analyzed by either BLI (Fig.	S6C), which contained the LRRC15 ectodomain.	4C) or surface plasmon resonance, even when experimental conditions to maximize sensitivity of detection were employed (SI Appendix, Fig.	34531301	PMC8488672	A membrane protein display platform for receptor interactome discovery	CLAIM:000340723:0-1	PAIR2:GENE:131578|GENE:57124	CLAIM:000340723	fec86fa86beb45a5c7b773564eaf84e0a09376ba	SCOPED_NEGATIVE	not_applicable	construct_variant_domain_specific	negative_is_construct_variant_domain_or_isoform_scoped	purified_components;negative_control	1	1	none_detected	1	0	0	1	1	0	126.0
122	Kek1	34688	7227	Fili	5740472	7227	no_binding	SPR	SPR	We observed no binding responses for Kek1 and Ptp10D extracellular domains flowing on Fili and Toll2 channels, respectively.	Biotinylated Fili and Toll2 extracellular domains were captured on a Streptavidin sensor chip in a Biacore T200 system (Cytiva) running a buffer containing 10 mM HEPES pH 7.2, 150 mM NaCl and 0.05% Tween-20.		40060423	PMC11888401	Repulsive interactions instruct synaptic partner matching in an olfactory circuit	CLAIM:000036097:0-1	PAIR2:GENE:34688|GENE:5740472	CLAIM:000036097	e7d7fb10d508708007b3997a38188505db08b0e0	SCOPED_NEGATIVE	not_applicable	construct_variant_domain_specific	negative_is_construct_variant_domain_or_isoform_scoped	purified_components	1	1	none_detected	1	0	0	1	1	0	126.0
123	CTDSPL	10217	10090	RB1	5925	9606	no_interaction	SPR	co-immunoprecipitation	However, in our co-immunoprecipitation assay, no interaction between CTDSPL and RB1 was found in OCM1a cell line (Additional file 1).	It showed a new method called surface plasmon resonance (SPR) to detect the direct interaction.	Previous studies showed that cyclic phosphorylation/dephosphorylation of the pRb protein plays an important role in decreasing ppRb levels, ultimately blocks the G1/S progression.	29382357	PMC5791374	The miR-181 family promotes cell cycle by targeting CTDSPL, a phosphatase-like tumor suppressor in uveal melanoma	CLAIM:000160208:0-1	PAIR2:GENE:10217|GENE:5925	CLAIM:000160208	f8421c24c4c535422ce26008f42d954d3c329449	GOLD_DIRECT_CANONICAL	negative	canonical_possible	direct_experimental_physical_negative		1	1	none_detected	0	0	0	0	0	0	126.0
124	Ptp10D	32115	7227	Toll2	37277	7227	no_binding	SPR	SPR	We observed no binding responses for Kek1 and Ptp10D extracellular domains flowing on Fili and Toll2 channels, respectively.	Biotinylated Fili and Toll2 extracellular domains were captured on a Streptavidin sensor chip in a Biacore T200 system (Cytiva) running a buffer containing 10 mM HEPES pH 7.2, 150 mM NaCl and 0.05% Tween-20.		40060423	PMC11888401	Repulsive interactions instruct synaptic partner matching in an olfactory circuit	CLAIM:000036100:0-1	PAIR2:GENE:32115|GENE:37277	CLAIM:000036100	ef66eb45c00f749ef36cee2d02044e62bae1e141	SCOPED_NEGATIVE	not_applicable	construct_variant_domain_specific	negative_is_construct_variant_domain_or_isoform_scoped	purified_components	1	1	none_detected	1	0	0	1	1	0	126.0
125	Ank-N5	43770	10090	Dif	7124	9606	no_binding	SPR	SPR	Our results indicated that each Ank and IkappaB bound the three Rel protein homodimers we assayed with the exception of Ank-N5, which did not bind Dif (Table 1, Figure 2).	We then generated sensograms by subtracting the response of a reference cell with no IkappaB from the response of the cell with the immobilized IkappaB.	The strongest binding interaction we measured was between Cactus and Dif with a Kd of 110 nM, (Table 1).	22654665	PMC3359993	Polydnavirus Ank Proteins Bind NF-kappaB Homodimers and Inhibit Processing of Relish	CLAIM:000287056:0-1	PAIR2:GENE:43770|GENE:7124	CLAIM:000287056	f30821b52bf1a8d6e74182b051474fb4552f904a	REVIEW_ENTITY_MAPPING	uncertain	canonical_possible	entity_mapping_flag		1	1	none_detected	1	0	0	0	0	0	125.0
126	PGRN	2896	9606	AXL	558	9606	no_interaction	SPR	surface plasmon resonance	C, D We found no interaction of PGRN over a wide range of concentrations with either MERTK or AXL by surface plasmon resonance (SPR).	B While there is no baseline difference in AXL mRNA expression in untreated WT or GRN-/- microglia (Sidak's multiple comparison test p = 0.91), 100 nM exogenous progranulin significantly decreased AXL RNA expression in GRN-/- but not WT human induced microglia (Sidak's multiple comparison test p < 0.05).	E, F As controls, we show that Gas6, a known binder of MerTK and Axl, binds these receptors with 27.7 nM and 193 pM affinities respectively and theoretical Rmax of 135 RU.	40596721	PMC12218935	Opposing role of phagocytic receptors MERTK and AXL in Progranulin deficient FTD	CLAIM:000072660:0-1	PAIR2:GENE:2896|GENE:558	CLAIM:000072660	b23f0001bf9077647b5116c22cf6d7dc076a59e5	SCOPED_NEGATIVE	not_applicable	construct_variant_domain_specific	negative_is_construct_variant_domain_or_isoform_scoped	positive_control	1	1	none_detected	1	0	1	0	1	0	124.0
127	MERTK	10461	9606	PGRN	2896	9606	no_interaction	SPR	surface plasmon resonance	C, D We found no interaction of PGRN over a wide range of concentrations with either MERTK or AXL by surface plasmon resonance (SPR).	B While there is no baseline difference in AXL mRNA expression in untreated WT or GRN-/- microglia (Sidak's multiple comparison test p = 0.91), 100 nM exogenous progranulin significantly decreased AXL RNA expression in GRN-/- but not WT human induced microglia (Sidak's multiple comparison test p < 0.05).	E, F As controls, we show that Gas6, a known binder of MerTK and Axl, binds these receptors with 27.7 nM and 193 pM affinities respectively and theoretical Rmax of 135 RU.	40596721	PMC12218935	Opposing role of phagocytic receptors MERTK and AXL in Progranulin deficient FTD	CLAIM:000072659:0-1	PAIR2:GENE:10461|GENE:2896	CLAIM:000072659	45e4d71988063d39e8ea7032e241afcda1b937b4	SCOPED_NEGATIVE	not_applicable	construct_variant_domain_specific	negative_is_construct_variant_domain_or_isoform_scoped	positive_control	1	1	none_detected	1	0	1	0	1	0	124.0
128	DUSP1	1843	9606	STAT1	6772	9606	no_interaction	Y2H	yeast two-hybrid	In contrast, MKP-1 does not interact with STAT1.	Furthermore, this binding is accompanied by catalytic activation of recombinant MKP-1 protein in vitro, and these end points show an absolute correlation with MKP-1 substrate selectivity in vivo.	Recombinant STAT1 does not cause catalytic activation of MKP-1; nor does MKP-1 block tyrosine phosphorylation of STAT1 in vivo.	11278799		Distinct binding determinants for ERK2/p38alpha and JNK map kinases mediate catalytic activation and substrate selectivity of map kinase phosphatase-1.	CLAIM:000241453:0-1	PAIR2:GENE:1843|GENE:6772	CLAIM:000241453	d0861cd980180f339bfba2f24b993e9ff20c4e19	SILVER_PHYSICAL_CANONICAL	negative	canonical_possible	physical_negative_with_non_gold_or_cellular_assay		1	1	none_detected	1	1	0	0	0	0	123.0
129	IRS1PTB	105148	10090	TRIM72	434246	10090	no_binding	SPR	SPR	Interestingly, no binding of IRS1PTB was observed with either TRIM72FL or TRIM72PRYSPRY, mapping the binding of TRIM72 primarily to the IRS1PH domain.	Therefore, we were not able to conclude the role of the other domains of TRIM72 towards IRS1PH binding.		32055715	PMC7005368	Biochemical characterization of TRIM72 E3 ligase and its interaction with the insulin receptor substrate 1	CLAIM:000155267:0-1	PAIR2:GENE:105148|GENE:434246	CLAIM:000155267	fbfc8922317af757b8576e49dab6b4e5df753e8d	SCOPED_NEGATIVE	not_applicable	construct_variant_domain_specific	negative_is_construct_variant_domain_or_isoform_scoped		1	1	none_detected	1	0	0	0	1	0	122.0
130	CREB1	1385	9606	PCAF	8850	9606	no_interaction	coIP	co-immunoprecipitation	No interaction between PCAF and CREB1 was detected in Co-IP analyses (Figure 1A).	Interestingly, XBP-1S also stimulated basal transcription of HTLV-1, while CREB1 and CREB2 did not show any activating effects, suggesting a crucial role for XBP-1S during the early phase of viral transcription as well.	This observation could explain why CREB1 and other CREB/ATF family proteins fail to up-regulate HTLV-1 transcription in the absence of Tax.	20817929	PMC3025546	PCAF interacts with XBP-1S and mediates XBP-1S-dependent transcription	CLAIM:000262117:0-1	PAIR2:GENE:1385|GENE:8850	CLAIM:000262117	d0440fae700188ce1f9f0eb75b27902bc4bc6743	SILVER_PHYSICAL_CANONICAL	negative	canonical_possible	physical_negative_with_non_gold_or_cellular_assay		1	1	none_detected	1	1	0	0	0	0	122.0
132	RPA3	6119	9606	NEIL1	79661	9606	no_interaction	far_western	Far Western analysis	Far Western analysis indicated that NEIL1 interacted with 70 kDa RPA1 in a dose-dependent fashion, while no interaction was observed with RPA2, RPA3 or the BSA control (Fig.	We confirmed the stable binary interaction between NEIL1 and RPA in the absence of DNA using purified recombinant proteins.	2A, left panel).	20338831	PMC2883689	RPA PHYSICALLY INTERACTS WITH THE HUMAN DNA GLYCOSYLASE NEIL1 TO REGULATE EXCISION OF OXIDATIVE DNA BASE DAMAGE IN PRIMER-TEMPLATE STRUCTURES	CLAIM:000021046:0-1	PAIR2:GENE:6119|GENE:79661	CLAIM:000021046	52d6cd671d5da194a6dc4f5564955b4f3850d10e	GOLD_DIRECT_CANONICAL	negative	canonical_possible	direct_experimental_physical_negative	purified_components	1	1	none_detected	1	0	0	1	0	0	120.0
133	RPA2	6118	9606	NEIL1	79661	9606	no_interaction	far_western	Far Western analysis	Far Western analysis indicated that NEIL1 interacted with 70 kDa RPA1 in a dose-dependent fashion, while no interaction was observed with RPA2, RPA3 or the BSA control (Fig.	We confirmed the stable binary interaction between NEIL1 and RPA in the absence of DNA using purified recombinant proteins.	2A, left panel).	20338831	PMC2883689	RPA PHYSICALLY INTERACTS WITH THE HUMAN DNA GLYCOSYLASE NEIL1 TO REGULATE EXCISION OF OXIDATIVE DNA BASE DAMAGE IN PRIMER-TEMPLATE STRUCTURES	CLAIM:000021045:0-1	PAIR2:GENE:6118|GENE:79661	CLAIM:000021045	ef042476a5bbf5b8a93312c9e9c7ebf9a1626385	GOLD_DIRECT_CANONICAL	negative	canonical_possible	direct_experimental_physical_negative	purified_components	1	1	none_detected	1	0	0	1	0	0	120.0
134	FH	3075	9606	C4b	721	9606	no_binding	SPR	SPR	The complement components C3b, C4b, and FH did not bind, with the presence of Mg2+ and Ca2+ (Figure 3C) buffer having no influence on the complement protein signals.	Figures 3A-C show the dose-response curves for the binding of ligands to immobilized FXIII-B.	As expected, FXIII-A showed strong binding to FXIII-B in all experiments.	35873217	PMC9301527	Exploring the function of factor XIII free B subunit: Interactions with complement factors and a novel approach to identify potential binding partners	CLAIM:000062712:0-1	PAIR2:GENE:3075|GENE:721	CLAIM:000062712	49fec652eb3dd2e61018f64cc50944fcbb1d2275	GOLD_DIRECT_CANONICAL	negative	canonical_possible	direct_experimental_physical_negative		1	1	none_detected	0	0	0	0	0	0	116.0
135	AP1	3726	9606	CCDC32	90416	9606	no_interaction	pull_down	pull-down	By contrast, CCDC32 did not interact with AP1 or AP3 subunits (SI Appendix, Fig.	S2B), confirming that CCDC32 is found in the same protein complexes as AP2 alpha and sigma2 in the cell.	S7), in agreement with the observation that CCDC32 is dispensable for the formation of AP1 and AP3 adaptors (Fig.	39145939	PMC11348294	An AAGAB-to-CCDC32 handover mechanism controls the assembly of the AP2 adaptor complex	CLAIM:000143935:0-1	PAIR2:GENE:3726|GENE:90416	CLAIM:000143935	608e7d7f627994fee7baad0904a9b8c346989e59	GOLD_DIRECT_CANONICAL	negative	canonical_possible	direct_experimental_physical_negative	purified_components	1	1	none_detected	1	0	0	1	0	0	113.0
136	actin monomers	528168	9913	CD2AP	533188	10090	no_binding	MST	MST	Using MST, we found that CD2AP does not bind to actin monomers at a concentration below 30 microM (Fig.	9, D and F), which showed that all of these CD2AP constructs inhibited actin assembly.	9, G and H).	31723006	PMC7039212	CD2AP links actin to PI3 kinase activity to extend epithelial cell height and constrain cell area	CLAIM:000324020:0-1	PAIR2:GENE:528168|GENE:533188	CLAIM:000324020	cd5c9e4972aa14c1e0778c59a8673f773f0b8aef	SCOPED_NEGATIVE	not_applicable	construct_variant_domain_specific	negative_is_construct_variant_domain_or_isoform_scoped	positive_control	0	1	none_detected	1	0	1	0	1	0	113.0
138	Rab9	35221	10116	p40	3578	9606	no_binding	Y2H	yeast two-hybrid	We report here the discovery of a 40-kD protein (p40) that binds Rab9-GTP with roughly fourfold preference to Rab9-GDP. p40 does not interact with Rab7 or K-Ras; it also fails to bind Rab9 when it is bound to GDI.	We have used the yeast two-hybrid system to identify proteins that interact preferentially with the active form of Rab9.	The protein is found in cytosol, yet a significant fraction (~30%) is associated with cellular membranes.	9230071	PMC2138197	A Novel Rab9 Effector Required for Endosome-to-TGN Transport	CLAIM:000117827:0-1	PAIR2:GENE:35221|GENE:3578	CLAIM:000117827	3319c0523c26a579e3e27563da68328eb965de17	SILVER_PHYSICAL_CANONICAL	negative	canonical_possible	physical_negative_with_non_gold_or_cellular_assay	purified_components	1	1	none_detected	0	0	0	1	0	0	106.0
140	BAX	581	9606	Acheron	67557	10090	no_binding	coIP	unknown	However the pro-apoptotic protein BAD, which can drive cell death in a variety of cell types, is an Acheron binding partner (Figure 4A). [We separately verified this interaction by performing co-IP assays using human HCC1935 breast cancer cells (data not shown).] The interaction between Acheron and BAD was specific since the related BH3-only protein BAX failed to bind.	There was no detectable interaction between Acheron and the anti-apoptotic protein Bcl-2.	Thus, we can directly tie the function of Acheron to well-established cell death programs via binding to BAD.	32850788	PMC7405549	Acheron/Larp6 Is a Survival Protein That Protects Skeletal Muscle From Programmed Cell Death During Development	CLAIM:000271554:0-1	PAIR2:GENE:581|GENE:67557	CLAIM:000271554	aee8edfb582eec4a1f493c8f96e657309255712b	SILVER_PHYSICAL_CANONICAL	negative	canonical_possible	physical_negative_with_non_gold_or_cellular_assay	positive_control	1	1	none_detected	0	0	1	0	0	0	105.0
141	BRF1	2972	9606	TP73	7161	9606	no_binding	coIP	co-immunoprecipitation	Since our co-IP assay showed that TP73 did not bind to BRF1 but bind to TBP (Figure 6J); therefore, we still performed co-IP assays using TBP and BRF2 antibodies, and the result was consistent with that obtained in the co-IP assays with TBP and BRF1 antibody.	We are really sorry for that we cannot obtain so many recombinant proteins for these assays due to time and fund problems.	These data were presented in Figure 6:figure supplement 1.	36656267	PMC9851613	STAT3 promotes RNA polymerase III-directed transcription by controlling the miR-106a-5p/TP73 axis	CLAIM:000157287:0-1	PAIR2:GENE:2972|GENE:7161	CLAIM:000157287	53df1eedac728ca19fc17c9125472817d0e8e0f6	SILVER_PHYSICAL_CANONICAL	negative	canonical_possible	physical_negative_with_non_gold_or_cellular_assay	purified_components	1	1	none_detected	0	0	0	1	0	0	105.0
142	CD14	12475	10090	Tat	6898	9606	no_interaction	pull_down	pull-down	In contrast, no interaction was observed between Tat and CD14 (Figure 2A).	The results depicted in Figure 2A show a direct interaction of Tat with TLR4-MD2 or with MD2 alone.	As control, when GST was used, no binding with TLR4-MD2 or MD2 was detected (Figure 2A).	24165011	PMC4231456	HIV-1 Tat protein binds to TLR4-MD2 and signals to induce TNF-alpha and IL-10	CLAIM:000331730:0-1	PAIR2:GENE:12475|GENE:6898	CLAIM:000331730	861f22077931093fc6df5ea2e187ebcd8582e061	SCOPED_NEGATIVE	not_applicable	construct_variant_domain_specific	negative_is_construct_variant_domain_or_isoform_scoped	purified_components	1	1	none_detected	1	0	0	1	1	0	104.0
144	Merlin	18016	10090	LUZP1	7798	10090	no_binding	pull_down	pull-down	Pull-down assays between Merlin and LUZP1, showing that Merlin did not bind LUZP1.		IB, immunoblotting.	33346378	PMC7809799	A microtubule-LUZP1 association around tight junction promotes epithelial cell apical constriction	CLAIM:000268213:0-1	PAIR2:GENE:18016|GENE:7798	CLAIM:000268213	75a73fa6067011d3d3b32306f4002598a6f99345	SILVER_PHYSICAL_CANONICAL	negative	canonical_possible	physical_negative_with_non_gold_or_cellular_assay		1	1	none_detected	0	0	0	0	0	0	103.0
145	SPRY4-IT1	100642175	10090	CUGBP1	10658	9606	no_binding	pull_down	biotin pull-down analysis	As shown in Figure 4A, biotinylated SPRY4-IT1 specifically bound to HuR but did not bind other RBPs, such as CUGBP1 (also named as CELF1), TIAR, or AUF1, as determined by biotin pull-down analysis.	Cytoplasmic lysates were initially incubated with biotinylated SPRY4-IT1 as described previously, and then the levels of HuR and other proteins in the pull-down material were assessed by Western blot analysis.	SPRY4-IT1 also failed to directly interact with TJ proteins claudin-1, claudin-3, occludin, and JAM-1.	26680741	PMC4750922	Long noncoding RNA SPRY4-IT1 regulates intestinal epithelial barrier function by modulating the expression levels of tight junction proteins	CLAIM:000228819:0-1	PAIR2:GENE:100642175|GENE:10658	CLAIM:000228819	1dd8b50c54889864ca77835c68f1104a7361e93e	SILVER_PHYSICAL_CANONICAL	negative	canonical_possible	physical_negative_with_non_gold_or_cellular_assay		1	1	none_detected	0	0	0	0	0	0	103.0
146	alpha2CAR	24175	10090	GRK5	59075	10116	no_interaction	coIP	co-immunoprecipitation	Indeed, in all lysates tested, there was no interaction between the alpha2CAR and GRK5, but we were able to detect both GRK5 and GAPDH in the total lysates on the same blot.	As a control for any non-specific protein-protein interaction, we performed experiments in the same lysates pulling down for the alpha2C adrenergic receptor (alpha2CAR), which has been shown previously to not be modified by GRK5 (Supplemental Figure 2B).		22753221	PMC3409876	Parallel Changes in Neuronal AT1R and GRK5 Expression Following Exercise Training in Heart Failure	CLAIM:000284842:0-1	PAIR2:GENE:24175|GENE:59075	CLAIM:000284842	0c1d4e95fea873091287bf9603f0188dd4dd2cc4	SILVER_PHYSICAL_CANONICAL	negative	canonical_possible	physical_negative_with_non_gold_or_cellular_assay	positive_control	1	1	none_detected	0	0	1	0	0	0	103.0
147	tubulin	37888	10090	F-actin	40444	7227	no_binding	pull_down	pull-down	Conversely, the MT-binding proteins kinesin heavy chain, centrosomal protein (CP) 190, CP60, p150Glued, and dynein, as well as tubulin, do not bind significantly to the F-actin column, indicating selective binding (Fig.	1989).	1 C, lanes 2 and 3; dynein not shown).	11076973	PMC2169433	Lava Lamp, a Novel Peripheral Golgi Protein, Is Required for Drosophila melanogaster Cellularization	CLAIM:000336055:0-1	PAIR2:GENE:37888|GENE:40444	CLAIM:000336055	114fc83b88152e487b445dd2e86ae9b994721f59	SILVER_PHYSICAL_CANONICAL	negative	canonical_possible	physical_negative_with_non_gold_or_cellular_assay		1	1	none_detected	0	0	0	0	0	0	103.0
148	dynein	33319	7227	F-actin	40444	7227	no_binding	pull_down	pull-down	Conversely, the MT-binding proteins kinesin heavy chain, centrosomal protein (CP) 190, CP60, p150Glued, and dynein, as well as tubulin, do not bind significantly to the F-actin column, indicating selective binding (Fig.	1989).	1 C, lanes 2 and 3; dynein not shown).	11076973	PMC2169433	Lava Lamp, a Novel Peripheral Golgi Protein, Is Required for Drosophila melanogaster Cellularization	CLAIM:000336054:0-1	PAIR2:GENE:33319|GENE:40444	CLAIM:000336054	8ec6407eb9d0713b5d969d9f0683185e85e2af56	SILVER_PHYSICAL_CANONICAL	negative	canonical_possible	physical_negative_with_non_gold_or_cellular_assay		1	1	none_detected	0	0	0	0	0	0	103.0
149	p150Glued	39536	7227	F-actin	40444	7227	no_binding	pull_down	pull-down	Conversely, the MT-binding proteins kinesin heavy chain, centrosomal protein (CP) 190, CP60, p150Glued, and dynein, as well as tubulin, do not bind significantly to the F-actin column, indicating selective binding (Fig.	1989).	1 C, lanes 2 and 3; dynein not shown).	11076973	PMC2169433	Lava Lamp, a Novel Peripheral Golgi Protein, Is Required for Drosophila melanogaster Cellularization	CLAIM:000336053:0-1	PAIR2:GENE:39536|GENE:40444	CLAIM:000336053	592d834b659bc97163b728583985088c3a610b85	SILVER_PHYSICAL_CANONICAL	negative	canonical_possible	physical_negative_with_non_gold_or_cellular_assay		1	1	none_detected	0	0	0	0	0	0	103.0
151	F-actin	40444	7227	CP60	41848	7227	no_binding	pull_down	pull-down	Conversely, the MT-binding proteins kinesin heavy chain, centrosomal protein (CP) 190, CP60, p150Glued, and dynein, as well as tubulin, do not bind significantly to the F-actin column, indicating selective binding (Fig.	1989).	1 C, lanes 2 and 3; dynein not shown).	11076973	PMC2169433	Lava Lamp, a Novel Peripheral Golgi Protein, Is Required for Drosophila melanogaster Cellularization	CLAIM:000336052:0-1	PAIR2:GENE:40444|GENE:41848	CLAIM:000336052	e63da5e1ef9f70d4ea8a989de115bd26e2d3e92c	SILVER_PHYSICAL_CANONICAL	negative	canonical_possible	physical_negative_with_non_gold_or_cellular_assay		1	1	none_detected	0	0	0	0	0	0	103.0
152	alpha-synuclein	20617	10090	HD8	55869	9606	no_binding	pull_down	pull-down	Both HD1 and HD8 show strong pull-down using immobilized protofibrils and essentially no binding to beads loaded with monomeric Httex1Q46, or alpha-synuclein fibrils (Fig.	We tested the binding specificity of HD1 and HD8 using radioactive pull-down experiments with immobilized protofibrils.	1 C), indicating that they are specific for the structural form present in huntingtin protofibrils.	41279516	PMC12633338	Protofibril Binding Peptides Recognize and Inhibit Huntingtin Amyloid Formation in vitro and in vivo	CLAIM:000143957:0-1	PAIR2:GENE:20617|GENE:55869	CLAIM:000143957	12f8b60e72501941ae4f2956de104b51f17d47a7	SILVER_PHYSICAL_CANONICAL	negative	canonical_possible	physical_negative_with_non_gold_or_cellular_assay		1	1	none_detected	0	0	0	0	0	0	103.0
153	alpha-synuclein	20617	10090	HD1	5339	9606	no_binding	pull_down	pull-down	Both HD1 and HD8 show strong pull-down using immobilized protofibrils and essentially no binding to beads loaded with monomeric Httex1Q46, or alpha-synuclein fibrils (Fig.	We tested the binding specificity of HD1 and HD8 using radioactive pull-down experiments with immobilized protofibrils.	1 C), indicating that they are specific for the structural form present in huntingtin protofibrils.	41279516	PMC12633338	Protofibril Binding Peptides Recognize and Inhibit Huntingtin Amyloid Formation in vitro and in vivo	CLAIM:000143956:0-1	PAIR2:GENE:20617|GENE:5339	CLAIM:000143956	f1d4d5bf7e3760b485a757663ab9e20acdeb2df7	SILVER_PHYSICAL_CANONICAL	negative	canonical_possible	physical_negative_with_non_gold_or_cellular_assay		1	1	none_detected	0	0	0	0	0	0	103.0
154	SIRT3	23410	9606	HIF1alpha	3091	9606	no_binding	pull_down	pull-down	SIRT1, but not SIRT3, pulled down HIF1alpha (Figure S4A), suggesting that SIRT3 does not interact with HIF1alpha directly.	To test whether SIRT3 might act through a similar mechanism, we immunoprecipitated SIRT1 or SIRT3 and probed for interactions with HIF1alpha.		21397863	PMC3065720	SIRT3 opposes reprogramming of cancer cell metabolism through HIF1alpha destabilization	CLAIM:000263855:0-1	PAIR2:GENE:23410|GENE:3091	CLAIM:000263855	f9361b47ef48751dab2581691a000dbbc8d37b4b	SILVER_PHYSICAL_CANONICAL	negative	canonical_possible	physical_negative_with_non_gold_or_cellular_assay		1	1	none_detected	0	0	0	0	0	0	103.0
155	p10	20194	10090	p12	69745	10090	no_binding	pull_down	pull-down	Only low or no binding of p12 and p10 was observed to these protein-Sepharoses.	However, when the disrupted virus particles and p30 were coupled to Sepharose in the presence of Triton X-100, stronger binding of the four proteins was observed.	The results are discussed with respect to the assembly and structure of the virus particle.	7142970		Association of moloney murine leukaemia virus proteins: an assay for hydrophobic protein-protein interactions.	CLAIM:000245211:0-1	PAIR2:GENE:20194|GENE:69745	CLAIM:000245211	b06572bf4a150bec7ede1a9fbaf265b7d8c5503d	SILVER_PHYSICAL_CANONICAL	negative	canonical_possible	physical_negative_with_non_gold_or_cellular_assay		1	1	none_detected	0	0	0	0	0	0	103.0
156	hsp70	15511	10090	hsp56	8991	9606	no_binding	pull_down	pull-down	In this work, we show that highly purified mouse hsp90 binds in a reversible equilibrium to immunopurified rabbit hsp56, but hsp56 does not bind to purified mouse hsp70.	(1993) Biochemistry 32, 3953-3957).	In contrast to the equilibrium binding of hsp90 to hsp56, purified hsp90 binds poorly or not at all to purified hsp70 unless a third factor from reticulocyte lysate is present to permit complex formation.	8157642		Characterization of the protein-protein interactions determining the heat shock protein (hsp90.hsp70.hsp56) heterocomplex.	CLAIM:000071020:0-1	PAIR2:GENE:15511|GENE:8991	CLAIM:000071020	92691e589f59d180b4b239b187146917e3e67d92	SILVER_PHYSICAL_CANONICAL	negative	canonical_possible	physical_negative_with_non_gold_or_cellular_assay		1	1	none_detected	0	0	0	0	0	0	103.0
157	CaM	801	9606	DR5	8795	9606	no_binding	pull_down	pull-down	However, CaM did not bind to DR5 from cell lysates supplemented with EGTA (Fig.	4B).	4B).	29663486	PMC5993614	Calmodulin antagonist enhances DR5-mediated apoptotic signaling in TRA-8 resistant triple negative breast cancer cells	CLAIM:000014172:0-1	PAIR2:GENE:801|GENE:8795	CLAIM:000014172	14d690237ee3e6aad5f5d29e2477a0c51835f6ba	SILVER_PHYSICAL_CANONICAL	negative	canonical_possible	physical_negative_with_non_gold_or_cellular_assay		1	1	none_detected	0	0	0	0	0	0	103.0
158	Pdpk1	18607	10090	Sesn3	75747	10090	no_interaction	coIP	unknown	Our data indicated that Sesn3 had interactions with at least two components of mTORC2:Sin1 and Protor1:but had no interaction with Pras40, a component of mTORC1, or Pdpk1, the kinase responsible for Akt-T308 phosphorylation (Fig.	To further explore whether Sesn3 might also interact with mTORC2, we performed additional co-IP analyses.	6B).	25377878	PMC4375082	Sestrin 3 Protein Enhances Hepatic Insulin Sensitivity by Direct Activation of the mTORC2-Akt Signaling	CLAIM:000159349:0-1	PAIR2:GENE:18607|GENE:75747	CLAIM:000159349	c15a8c85c1ce31419c91fd4332955285b0eee68c	SILVER_PHYSICAL_CANONICAL	negative	canonical_possible	physical_negative_with_non_gold_or_cellular_assay	positive_control	1	1	none_detected	0	0	1	0	0	0	103.0
159	5-LO	240	9606	GPx-1	2876	9606	no_binding	pull_down	pull-down	5-LO inhibition by GPx-1 was not due to direct GPx-5-LO protein-protein interactions, since GPx-1 did not bind to immobilized 5-LO.	These cofactor characteristics suggest that both activities address distinct catalytic properties of GPx-1.	Interestingly, 5-LO derived from granulocytes was significantly more resistant against GPx-1 inhibition than B-lymphocytic 5-LO, which correlates with the respective cellular 5-LO activities.	10880344	PMC1221168	Glutathione peroxidase-1 but not -4 is involved in the regulation of cellular 5-lipoxygenase activity in monocytic cells.	CLAIM:000275217:0-1	PAIR2:GENE:240|GENE:2876	CLAIM:000275217	7561d6cd0862ab501815827a1d346a1c81d9e54b	SILVER_PHYSICAL_CANONICAL	negative	canonical_possible	physical_negative_with_non_gold_or_cellular_assay		1	1	none_detected	0	0	0	0	0	0	103.0
160	SPRY4-IT1	100642175	10090	TIAR	7073	9606	no_binding	pull_down	biotin pull-down analysis	As shown in Figure 4A, biotinylated SPRY4-IT1 specifically bound to HuR but did not bind other RBPs, such as CUGBP1 (also named as CELF1), TIAR, or AUF1, as determined by biotin pull-down analysis.	Cytoplasmic lysates were initially incubated with biotinylated SPRY4-IT1 as described previously, and then the levels of HuR and other proteins in the pull-down material were assessed by Western blot analysis.	SPRY4-IT1 also failed to directly interact with TJ proteins claudin-1, claudin-3, occludin, and JAM-1.	26680741	PMC4750922	Long noncoding RNA SPRY4-IT1 regulates intestinal epithelial barrier function by modulating the expression levels of tight junction proteins	CLAIM:000228820:0-1	PAIR2:GENE:100642175|GENE:7073	CLAIM:000228820	668c0c62e2875d7108be487e403dd3567c34b3bb	SILVER_PHYSICAL_CANONICAL	negative	canonical_possible	physical_negative_with_non_gold_or_cellular_assay		1	1	none_detected	0	0	0	0	0	0	103.0
161	TLR4	21898	10090	Gal-8	56048	10090	no_binding	pull_down	pull-down	TLR4 did not bind to Gal-8 beads (Figure 3B).	To determine whether Gal-8 binds to TLR4 or CD14, BMDM lysates were incubated overnight with Gal-8-conjugated agarose beads and bound proteins were examined along with total cell lysates (input) by Western blot using anti-TLR4 and anti-CD-14.	In contrast, CD14 bound to Gal-8 beads (Figure 3B, lane media).	36603009	PMC9898164	Galectin-8 downmodulates TLR4 activation and impairs bacterial clearance in a mouse model of Pseudomonas keratitis	CLAIM:000177240:0-1	PAIR2:GENE:21898|GENE:56048	CLAIM:000177240	2c5f1f80a2ca25b2cf90a0ecd82d7d693136ff91	SILVER_PHYSICAL_CANONICAL	negative	canonical_possible	physical_negative_with_non_gold_or_cellular_assay		1	1	none_detected	0	0	0	0	0	0	103.0
162	10-formyltetrahydrofolate dehydrogenase	10840	9606	BHMT	635	9606	no_binding	pull_down	pull-down	Moreover, our results rise doubts about the validity of several BHMT interaction partners included in this list, as tubulin, 10-formyltetrahydrofolate dehydrogenase (Aldh1l1) and carbamoyl phosphate synthetase 1 show unspecific binding to chitin and chitin-intein columns, and no interaction with chitin-intein-BHMT beads.	However, only seven of these targets have been also identified in our study.	Therefore, among the previously reported BHMT interaction targets only 14-3-3 protein epsilon (Ywhae), tissue-type transglutaminase, HMGB1, and BHMT2 bind to BHMT columns in our study.	29924862	PMC6010280	Identification of hepatic protein-protein interaction targets for betaine homocysteine S-methyltransferase	CLAIM:000060351:0-1	PAIR2:GENE:10840|GENE:635	CLAIM:000060351	82d2e75c2eb0f1eb70761843cdf9af6e8cad2f64	SILVER_PHYSICAL_CANONICAL	negative	canonical_possible	physical_negative_with_non_gold_or_cellular_assay		1	1	none_detected	0	0	0	0	0	0	103.0
164	kinesin heavy chain	36810	7227	F-actin	40444	7227	no_binding	pull_down	pull-down	Conversely, the MT-binding proteins kinesin heavy chain, centrosomal protein (CP) 190, CP60, p150Glued, and dynein, as well as tubulin, do not bind significantly to the F-actin column, indicating selective binding (Fig.	1989).	1 C, lanes 2 and 3; dynein not shown).	11076973	PMC2169433	Lava Lamp, a Novel Peripheral Golgi Protein, Is Required for Drosophila melanogaster Cellularization	CLAIM:000336051:0-1	PAIR2:GENE:36810|GENE:40444	CLAIM:000336051	a427f8aae4068907b32c03c48029b4711b1c9e5f	SILVER_PHYSICAL_CANONICAL	negative	canonical_possible	physical_negative_with_non_gold_or_cellular_assay		1	1	none_detected	0	0	0	0	0	0	103.0
165	cav-3	101107228	10090	RyR1	101112591	10090	no_binding	pull_down	pull-down	It can be seen that the majority of cav-3 bound to the resin and that a portion of RyR1 did not bind to the immobilized cav-3.	Lane 2, unbound protein.	Lane 3 shows that after multiple washing steps there was no nonspecifically bound protein present.	23071107	PMC3504746	Characterization of the Molecular Architecture of Human Caveolin-3 and Interaction with the Skeletal Muscle Ryanodine Receptor*	CLAIM:000145922:0-1	PAIR2:GENE:101107228|GENE:101112591	CLAIM:000145922	813766c79b5ca23c871e2b998fcd70fdcb258598	SILVER_PHYSICAL_CANONICAL	negative	canonical_possible	physical_negative_with_non_gold_or_cellular_assay		1	1	none_detected	0	0	0	0	0	0	103.0
166	activin	43826	7227	X-TSK	496404	10090	no_binding	pull_down	pull-down	In addition to this, the interaction with X-TSK is through FGF8b itself and not the FLAG epitope, as we have previously shown that X-TSK does not interact with activin-FLAG, or noggin-FLAG in the equivalent pulldown assay.	This interaction is specific, as FGF8b-FLAG in isolation is unable to bind nickel beads.	In combination, this evidence demonstrates that X-TSK inhibits ventrolateral mesoderm formation though binding and inhibition of FGF8b.	17925852	PMC1994590	Tsukushi Modulates Xnr2, FGF and BMP Signaling: Regulation of Xenopus Germ Layer Formation	CLAIM:000263127:0-1	PAIR2:GENE:43826|GENE:496404	CLAIM:000263127	09bc638a85875cf8cd7881aa4e5ea1637c9e705f	SILVER_PHYSICAL_CANONICAL	negative	canonical_possible	physical_negative_with_non_gold_or_cellular_assay		1	1	none_detected	0	0	0	0	0	0	103.0
167	SPRY4-IT1	100642175	10090	AUF1	3184	9606	no_binding	pull_down	biotin pull-down analysis	As shown in Figure 4A, biotinylated SPRY4-IT1 specifically bound to HuR but did not bind other RBPs, such as CUGBP1 (also named as CELF1), TIAR, or AUF1, as determined by biotin pull-down analysis.	Cytoplasmic lysates were initially incubated with biotinylated SPRY4-IT1 as described previously, and then the levels of HuR and other proteins in the pull-down material were assessed by Western blot analysis.	SPRY4-IT1 also failed to directly interact with TJ proteins claudin-1, claudin-3, occludin, and JAM-1.	26680741	PMC4750922	Long noncoding RNA SPRY4-IT1 regulates intestinal epithelial barrier function by modulating the expression levels of tight junction proteins	CLAIM:000228821:0-1	PAIR2:GENE:100642175|GENE:3184	CLAIM:000228821	0e221516322dad48f8cff0296374313846edfdb6	SILVER_PHYSICAL_CANONICAL	negative	canonical_possible	physical_negative_with_non_gold_or_cellular_assay		1	1	none_detected	0	0	0	0	0	0	103.0
168	ERbeta	25149	10116	Rg1	5506	9606	no_binding	in_vitro_binding_unspecified	receptor binding assay	A receptor binding assay found that Rg1 did not bind to the classical nuclear receptors ERalpha and ERbeta.	Rg1 can increase estrogen responsive element luciferase activity and induce estrogen-dependent pS2 gene expression.	The estrogenic activity of Rg1 in the absence of direct binding with ERalpha and ERbeta indicates that Rg1 may activate ER in a ligand-independent manner.	31787867	PMC6853999	Ginsenoside Rg1 Exerts Anti-inflammatory Effects via G Protein-Coupled Estrogen Receptor in Lipopolysaccharide-Induced Microglia Activation	CLAIM:000240039:0-1	PAIR2:GENE:25149|GENE:5506	CLAIM:000240039	41ffe8358783816ac5eb62582f7f90c74ea54698	SILVER_PHYSICAL_CANONICAL	negative	canonical_possible	physical_negative_with_non_gold_or_cellular_assay		1	1	none_detected	0	0	0	0	0	0	102.0
169	CD151	12476	10090	PSG17	26437	10090	no_binding	in_vitro_binding_unspecified	binding assay	PSG17 did not bind to cells transfected with CD53, CD63, CD81, CD82, or CD151, suggesting that PSG17-CD9 binding is a specific interaction.	We then tested whether PSG17 binds to other members of the murine tetraspanin family.	We have identified the first receptor for a murine PSG as well as the first natural ligand for a member of the tetraspanin superfamily.	11805154	PMC2193606	Murine CD9 Is the Receptor for Pregnancy-specific Glycoprotein 17	CLAIM:000154694:0-1	PAIR2:GENE:12476|GENE:26437	CLAIM:000154694	12fdbe6a1c09330179c0690350de177b9aa41018	SILVER_PHYSICAL_CANONICAL	negative	canonical_possible	physical_negative_with_non_gold_or_cellular_assay		1	1	none_detected	0	0	0	0	0	0	102.0
170	somatostatin	20604	10090	msl-1	74026	10090	no_binding	in_vitro_binding_unspecified	binding assay	Transient expression in COS-1 cells showed that msl-1 and msl-2 did not bind somatostatin.	Among members of the G protein-coupled receptor superfamily, the sequences of both msl-1 and msl-1 were most closely related to those of the somatostatin receptors (SSTRs), having approximately 35% identity with the sequence of SSTR1.	Rather they bound opioids selectively and with high affinity and had the pharmacological properties of kappa and delta opioid receptors, respectively.	8393575	PMC47007	Cloning and functional comparison of kappa and delta opioid receptors from mouse brain.	CLAIM:000036241:0-1	PAIR2:GENE:20604|GENE:74026	CLAIM:000036241	24a7745623ea6c8b9e980c8c7c29e697944ad515	SILVER_PHYSICAL_CANONICAL	negative	canonical_possible	physical_negative_with_non_gold_or_cellular_assay		1	1	none_detected	0	0	0	0	0	0	102.0
171	CD53	12508	10090	PSG17	26437	10090	no_binding	in_vitro_binding_unspecified	binding assay	PSG17 did not bind to cells transfected with CD53, CD63, CD81, CD82, or CD151, suggesting that PSG17-CD9 binding is a specific interaction.	We then tested whether PSG17 binds to other members of the murine tetraspanin family.	We have identified the first receptor for a murine PSG as well as the first natural ligand for a member of the tetraspanin superfamily.	11805154	PMC2193606	Murine CD9 Is the Receptor for Pregnancy-specific Glycoprotein 17	CLAIM:000154690:0-1	PAIR2:GENE:12508|GENE:26437	CLAIM:000154690	bff00646fba6cf34806e7db311b3afc83b091f21	SILVER_PHYSICAL_CANONICAL	negative	canonical_possible	physical_negative_with_non_gold_or_cellular_assay		1	1	none_detected	0	0	0	0	0	0	102.0
172	CD63	12512	9606	PSG17	26437	10090	no_binding	in_vitro_binding_unspecified	binding assay	PSG17 did not bind to cells transfected with CD53, CD63, CD81, CD82, or CD151, suggesting that PSG17-CD9 binding is a specific interaction.	We then tested whether PSG17 binds to other members of the murine tetraspanin family.	We have identified the first receptor for a murine PSG as well as the first natural ligand for a member of the tetraspanin superfamily.	11805154	PMC2193606	Murine CD9 Is the Receptor for Pregnancy-specific Glycoprotein 17	CLAIM:000154691:0-1	PAIR2:GENE:12512|GENE:26437	CLAIM:000154691	9b34ac32bc0510aefd9e746becb510bf5ea1ba40	SILVER_PHYSICAL_CANONICAL	negative	canonical_possible	physical_negative_with_non_gold_or_cellular_assay		1	1	none_detected	0	0	0	0	0	0	102.0
173	CD82	12521	10090	PSG17	26437	10090	no_binding	in_vitro_binding_unspecified	binding assay	PSG17 did not bind to cells transfected with CD53, CD63, CD81, CD82, or CD151, suggesting that PSG17-CD9 binding is a specific interaction.	We then tested whether PSG17 binds to other members of the murine tetraspanin family.	We have identified the first receptor for a murine PSG as well as the first natural ligand for a member of the tetraspanin superfamily.	11805154	PMC2193606	Murine CD9 Is the Receptor for Pregnancy-specific Glycoprotein 17	CLAIM:000154693:0-1	PAIR2:GENE:12521|GENE:26437	CLAIM:000154693	aff1d38dbc2a999028b68374a6862e6d032cad37	SILVER_PHYSICAL_CANONICAL	negative	canonical_possible	physical_negative_with_non_gold_or_cellular_assay		1	1	none_detected	0	0	0	0	0	0	102.0
174	CLIP	16149	10090	ITGAM	16409	10090	no_binding	in_vitro_binding_unspecified	tetramer binding assay	Additionally, most of the CLIP:I-Ab tetramer binding cells did not bind to the ITGAM/Xp:I-Ab tetramer and most of the ITGAM/Xp:I-Ab tetramer binding cells did not bind to the CLIP:I-Ab tetramer although a small population of about 20 cells per mouse bound to both tetramers (Fig.	2A and B).	2C-E).	29255075	PMC5886705	Allograft rejection is associated with weak T cell responses to many different graft leukocyte-derived peptides1	CLAIM:000078131:0-1	PAIR2:GENE:16149|GENE:16409	CLAIM:000078131	cd662d9c845e4746cad48d195a1f41af4d1cde83	SILVER_PHYSICAL_CANONICAL	negative	canonical_possible	physical_negative_with_non_gold_or_cellular_assay		1	1	none_detected	0	0	0	0	0	0	102.0
176	IL-2	16183	10090	IL-3	16187	10090	no_binding	in_vitro_binding_unspecified	colorimetric binding assay	No binding was observed when biotinylated ligand was incubated with a receptor negative cell line (PC-12) and IL-2 was unable to compete with biotinylated IL-3 binding to 32D cells, further demonstrating specificity.	Binding of both ligands was detectable after incubation with as little as 20 fmol of ligand and could be inhibited with a 10-fold molar excess of nonbiotinylated ligand.	These studies indicate that biotinylated ligands can be used as a nonradioactive method to detect specific, high-affinity cell surface receptors.	1325134		A colorimetric method for detection of specific ligand binding.	CLAIM:000032927:0-1	PAIR2:GENE:16183|GENE:16187	CLAIM:000032927	24a8cb53c4d19296e439b272a19e18fd28de49aa	SILVER_PHYSICAL_CANONICAL	negative	canonical_possible	physical_negative_with_non_gold_or_cellular_assay		1	1	none_detected	0	0	0	0	0	0	102.0
177	CD81	12520	10090	PSG17	26437	10090	no_binding	in_vitro_binding_unspecified	binding assay	PSG17 did not bind to cells transfected with CD53, CD63, CD81, CD82, or CD151, suggesting that PSG17-CD9 binding is a specific interaction.	We then tested whether PSG17 binds to other members of the murine tetraspanin family.	We have identified the first receptor for a murine PSG as well as the first natural ligand for a member of the tetraspanin superfamily.	11805154	PMC2193606	Murine CD9 Is the Receptor for Pregnancy-specific Glycoprotein 17	CLAIM:000154692:0-1	PAIR2:GENE:12520|GENE:26437	CLAIM:000154692	a322a71f5c4df7ebc0884c6595e7e3d151098f5d	SILVER_PHYSICAL_CANONICAL	negative	canonical_possible	physical_negative_with_non_gold_or_cellular_assay		1	1	none_detected	0	0	0	0	0	0	102.0
178	Rab10	10890	10090	Endospanin-2	361160	10090	no_binding	Y2H	bacterial two-hybrid	In addition to Rab13 also Rab8 bound to Endospanin-2, while no binding of Rab7, Rab10, Rab11 or Rab32 was observed.	We found that Rab13 binds to the C-terminus of Endospanin-2, a small transmembrane protein.	Rab13 and Rab8 also interacted with Endospanin-1, a close homolog of Endospanin-2.	23772379	PMC3668521	Novel interaction of Rab13 and Rab8 with endospanins	CLAIM:000226265:0-1	PAIR2:GENE:10890|GENE:361160	CLAIM:000226265	5491f08066ae7fbd1b581e7fd0242135802eac26	SILVER_PHYSICAL_CANONICAL	negative	canonical_possible	physical_negative_with_non_gold_or_cellular_assay		1	1	none_detected	0	0	0	0	0	0	102.0
179	ERalpha	24890	10116	Rg1	5506	9606	no_binding	in_vitro_binding_unspecified	receptor binding assay	A receptor binding assay found that Rg1 did not bind to the classical nuclear receptors ERalpha and ERbeta.	Rg1 can increase estrogen responsive element luciferase activity and induce estrogen-dependent pS2 gene expression.	The estrogenic activity of Rg1 in the absence of direct binding with ERalpha and ERbeta indicates that Rg1 may activate ER in a ligand-independent manner.	31787867	PMC6853999	Ginsenoside Rg1 Exerts Anti-inflammatory Effects via G Protein-Coupled Estrogen Receptor in Lipopolysaccharide-Induced Microglia Activation	CLAIM:000240038:0-1	PAIR2:GENE:24890|GENE:5506	CLAIM:000240038	4e0b220bbe142a77e5c838dd3f0eff779d6e1d96	SILVER_PHYSICAL_CANONICAL	negative	canonical_possible	physical_negative_with_non_gold_or_cellular_assay		1	1	none_detected	0	0	0	0	0	0	102.0
180	KNO1	80781	9606	RECQ4A	837636	10090	no_binding	Y2H	Y2H	In addition, a weak interaction was found for KNO1 and TOP3alpha, while no binding could be observed between KNO1 and RECQ4A or RECQ1L in our Y2H assays (Fig 2B).	Subsequently, a binary interaction assay by Y2H revealed that KNO1 mainly binds to RMI1 (Fig 2B).	Very close proximity of KNO1 and RMI1 was confirmed by bimolecular fluorescence complementation (BiFC) in Arabidopsis mesophyll protoplast cells.	36970874	PMC10183828	KNO1-mediated autophagic degradation of the Bloom syndrome complex component RMI1 promotes homologous recombination	CLAIM:000211912:0-1	PAIR2:GENE:80781|GENE:837636	CLAIM:000211912	2249e9ecbed6ed61131af2442439b6be0bde339f	SILVER_PHYSICAL_CANONICAL	negative	canonical_possible	physical_negative_with_non_gold_or_cellular_assay	negative_control	1	1	none_detected	0	0	0	0	0	0	102.0
181	Endospanin-2	361160	10090	Rab11	8766	9606	no_binding	Y2H	bacterial two-hybrid	In addition to Rab13 also Rab8 bound to Endospanin-2, while no binding of Rab7, Rab10, Rab11 or Rab32 was observed.	We found that Rab13 binds to the C-terminus of Endospanin-2, a small transmembrane protein.	Rab13 and Rab8 also interacted with Endospanin-1, a close homolog of Endospanin-2.	23772379	PMC3668521	Novel interaction of Rab13 and Rab8 with endospanins	CLAIM:000226266:0-1	PAIR2:GENE:361160|GENE:8766	CLAIM:000226266	35808e77fefc11d51056346c5b2b2dcfc4761a1f	SILVER_PHYSICAL_CANONICAL	negative	canonical_possible	physical_negative_with_non_gold_or_cellular_assay		1	1	none_detected	0	0	0	0	0	0	102.0
184	Sfrp3	2487	10090	Wnt3a	89780	9606	no_binding	in_vitro_binding_unspecified	solid phase binding assay	We found no binding of Wnt3a to Sfrp3 indicating the specificity of binding between Wnt3a and Sfrp2 (Fig.	3B).	3C).	19109969	PMC2710029	Secreted frizzled related protein 2 protects cells from apoptosis by blocking the effect of canonical Wnt3a	CLAIM:000024105:0-1	PAIR2:GENE:2487|GENE:89780	CLAIM:000024105	ceccb117760197164082e1d09617461e6416364e	SILVER_PHYSICAL_CANONICAL	negative	canonical_possible	physical_negative_with_non_gold_or_cellular_assay		1	1	none_detected	0	0	0	0	0	0	102.0
187	V2R	12000	10090	V1aR	552	9606	no_binding	in_vitro_binding_unspecified	binding assay	Application of this scrambled tracer at 100 nM did not induce hOTR-GFP internalization or accumulate in the cell cytoplasm (Figure S7a4 ), nor could it displace [3H]-OT or [3H]-VP binding at 10 microM on OTR, V1aR, V1bR, and V2R (Table 1, Figure S7a5 ), indicating that the linker moiety alone did not interact with the receptors.	Furthermore, we generated a scrambled cyclic tracer dCINYQCP(Orn)G-[d-PEG5-kepsilon-Cy3s]8 (SCR, Table 1) based on tracer (11) as an additional control.		41001975	PMC12603982	Fluorescent Peptide Tracers for Simultaneous Oxytocin Receptor Activation and Visualization	CLAIM:000072940:1-2	PAIR2:GENE:12000|GENE:552	CLAIM:000072940	a02271b86d6a62137d931725ba9189bff77c34c3	SILVER_PHYSICAL_CANONICAL	negative	canonical_possible	physical_negative_with_non_gold_or_cellular_assay		1	1	none_detected	0	0	0	0	0	0	102.0
189	APO	104237	10090	HSPG	960	9606	no_binding	in_vitro_binding_unspecified	binding assay	The GKRK-APO strongly bound to the HSPG-coated well (Figure 1(A)), but no detectable binding was observed in the APO group.	The GKRK-APO were labeled with the fluorescent agent Cy5.5 and incubated with immobilized HSPG in the wells of a microtiter plate for 2 h.	The binding of GKRK-APO to HSPG was blocked by free GKRK peptide in a dose-dependent manner (Figure 1(B)), consistent with the modification of GKRK on the APO surface.	29726297	PMC6058491	Glioma targeting peptide modified apoferritin nanocage	CLAIM:000099028:0-1	PAIR2:GENE:104237|GENE:960	CLAIM:000099028	c7abdb1f66223a4d560a959447553e8c2b9c5467	SILVER_PHYSICAL_CANONICAL	negative	canonical_possible	physical_negative_with_non_gold_or_cellular_assay		1	1	none_detected	0	0	0	0	0	0	102.0
190	IGFBP3	3486	9606	calmodulin	801	9606	no_binding	in_vitro_binding_unspecified	binding assay	Labelled calmodulin did not bind to IGFBP3-TM219 nanodisc complex (S4 Fig).	We tested the interaction between the purified calmodulin and the TM219 nanodisc in presence of the IGFBP3.	Since calmodulin contains 4 EF motifs that binds to 4 molecules of calcium in order to change its conformation, these experiments were repeated in the presence of 1 mM CaCl2, and in absence of IGFBP3.	31220095	PMC6586287	Blocking transmembrane219 protein signaling inhibits autophagy and restores normal cell death	CLAIM:000030988:0-1	PAIR2:GENE:3486|GENE:801	CLAIM:000030988	3fc37e8c2c67d85a91294ae8ebf0c9994d7b1014	SILVER_PHYSICAL_CANONICAL	negative	canonical_possible	physical_negative_with_non_gold_or_cellular_assay		1	1	none_detected	0	0	0	0	0	0	102.0
191	somatostatin	20604	10090	msl-2	77853	10090	no_binding	in_vitro_binding_unspecified	binding assay	Transient expression in COS-1 cells showed that msl-1 and msl-2 did not bind somatostatin.	Among members of the G protein-coupled receptor superfamily, the sequences of both msl-1 and msl-1 were most closely related to those of the somatostatin receptors (SSTRs), having approximately 35% identity with the sequence of SSTR1.	Rather they bound opioids selectively and with high affinity and had the pharmacological properties of kappa and delta opioid receptors, respectively.	8393575	PMC47007	Cloning and functional comparison of kappa and delta opioid receptors from mouse brain.	CLAIM:000036242:0-1	PAIR2:GENE:20604|GENE:77853	CLAIM:000036242	0525e083fa3b9c9bf8ae788a721d5b338a40711f	SILVER_PHYSICAL_CANONICAL	negative	canonical_possible	physical_negative_with_non_gold_or_cellular_assay		1	1	none_detected	0	0	0	0	0	0	102.0
192	HopF2	1182111	3702	BIK1	850328	4932	no_binding	Y2H	co-immunoprecipitation	HopF2 did not interact with BIK1 in a co-immunoprecipitation assay (Fig.	We further tested whether HopF2 could potentially target and/or de-phosphorylate BIK1 phosphorylation in vitro.	S1) and yeast two-hybrid assay (data not shown).	21198360	PMC3071429	Bacterial effector HopF2 suppresses Arabidopsis innate immunity at the plasma membrane	CLAIM:000262472:0-1	PAIR2:GENE:1182111|GENE:850328	CLAIM:000262472	a8e77f324e1a3ed6401aab563da841a4804747c7	SILVER_PHYSICAL_CANONICAL	negative	canonical_possible	physical_negative_with_non_gold_or_cellular_assay		1	1	none_detected	0	0	0	0	0	0	102.0
193	TBPH	37781	7227	Lark	5936	9606	no_binding	in_vitro_binding_unspecified	in vitro binding assay	Of the 20 RNAs tested for TBPH binding, Lark bound only two of the five bound by TBPH, and three that did not bind TBPH (S1 Table, Fig 7).	Lark showed a different RNA-binding pattern than TBPH.	Short sequence homology searches revealed that the five RNAs retained by Lark contain one or more copies of a CGUUC pentanucleotide sequence.	27662615	PMC5035082	Drosophila TDP-43 RNA-Binding Protein Facilitates Association of Sister Chromatid Cohesion Proteins with Genes, Enhancers and Polycomb Response Elements	CLAIM:000091343:0-1	PAIR2:GENE:37781|GENE:5936	CLAIM:000091343	7bb32de9d42cc5d95a19b00c5c903e99d87c12d3	SILVER_PHYSICAL_CANONICAL	negative	canonical_possible	physical_negative_with_non_gold_or_cellular_assay		1	1	none_detected	0	0	0	0	0	0	102.0
194	Rab32	10981	9606	Endospanin-2	361160	10090	no_binding	Y2H	bacterial two-hybrid	In addition to Rab13 also Rab8 bound to Endospanin-2, while no binding of Rab7, Rab10, Rab11 or Rab32 was observed.	We found that Rab13 binds to the C-terminus of Endospanin-2, a small transmembrane protein.	Rab13 and Rab8 also interacted with Endospanin-1, a close homolog of Endospanin-2.	23772379	PMC3668521	Novel interaction of Rab13 and Rab8 with endospanins	CLAIM:000226267:0-1	PAIR2:GENE:10981|GENE:361160	CLAIM:000226267	bc5727cd77ad8a762e5e0695f7d62aae3531db64	SILVER_PHYSICAL_CANONICAL	negative	canonical_possible	physical_negative_with_non_gold_or_cellular_assay		1	1	none_detected	0	0	0	0	0	0	102.0
195	SK2	109666	10090	RyR2	20191	10090	no_binding	Y2H	yeast two-hybrid	RyR2 did not interact directly with the SK2 channel, as suggested by the YTH screen, but both proteins were present in native cardiac tissue as members of the same immunoprecipitated complex.	Third, we tested the interaction between SK2 and RyR2 in mouse cardiac muscle using co-immunoprecipitation.	All these phenomena lead to the conclusion that ryanodine receptor-mediated Ca2+ release activates small-conductance Ca2+-dependent K+ channels in cardiac myocytes.	24747296	PMC3991633	RyR2 Modulates a Ca2+-Activated K+ Current in Mouse Cardiac Myocytes	CLAIM:000162592:0-1	PAIR2:GENE:109666|GENE:20191	CLAIM:000162592	5eadf9a65b6348953be9e61a468a24e41b83e4b7	SILVER_PHYSICAL_CANONICAL	negative	canonical_possible	physical_negative_with_non_gold_or_cellular_assay		1	1	none_detected	0	0	0	0	0	0	102.0
196	CIB2	10518	10090	alphaIIb	151	9606	no_binding	Y2H	yeast two-hybrid	The apparent CIB2/alphaIIb interaction was unexpected since CIB2 did not bind alphaIIb in a yeast two-hybrid assay.	ELISA data indicated that CIBs1-3 can all bind to the cytoplasmic tail of alphaIIb.		18989529	PMC2771430	Characterization of calcium- and integrin-binding protein 1 (CIB1) knockout platelets: Potential compensation by CIB family members	CLAIM:000219140:0-1	PAIR2:GENE:10518|GENE:151	CLAIM:000219140	e360f66d54aa437b924b56c58a73882726b847b9	SILVER_PHYSICAL_CANONICAL	negative	canonical_possible	physical_negative_with_non_gold_or_cellular_assay		1	1	none_detected	0	0	0	0	0	0	102.0
197	apolipoprotein A1	335	9606	PAI 2	5055	9606	no_binding	in_vitro_binding_unspecified	microtitre plate binding assay	Pure, high molecular weight PAI 2 did not bind to apolipoprotein A1-coated wells, but the latter protein bound to coated as well as to uncoated wells.	This finding was corroborated by a study of the microtitre plate binding properties of the proteins.	Thus, there is no evidence for a specific binding between the two proteins.	8903110		On the affinity between the plasminogen activator inhibitor type 2 and apolipoprotein A1.	CLAIM:000176406:0-1	PAIR2:GENE:335|GENE:5055	CLAIM:000176406	038861024ae49e57e046ac7c0430f7f4a63deb49	SILVER_PHYSICAL_CANONICAL	negative	canonical_possible	physical_negative_with_non_gold_or_cellular_assay		1	1	none_detected	0	0	0	0	0	0	102.0
198	OTUD5	55593	10090	IKKgamma	8517	9606	no_binding	coIP	co-immunoprecipitation	The Co-IP analysis demonstrated that TAK1, IKKalpha, IKKbeta, and IKKgamma did not interact with OTUD5 (Fig.	Furthermore, plasmids encoding Transforming growth factor-beta (TGF-beta)-activated kinase 1 (TAK1), IkappaB kinase alpha (IKKalpha), IkappaB kinase beta (IKKbeta), and IkappaB kinase gamma (IKKgamma, also known as NEMO), downstream molecules of the TLR/IL-1R signaling, and OTUD5, were transfected into HEK293T cells.	2E).	38605168	PMC11164869	OTUD5 promotes the inflammatory immune response by enhancing MyD88 oligomerization and Myddosome formation	CLAIM:000179279:0-1	PAIR2:GENE:55593|GENE:8517	CLAIM:000179279	b3f4b338e37f17c1c1cb8b1f325f6ad6f5791c5d	SILVER_PHYSICAL_CANONICAL	negative	canonical_possible	physical_negative_with_non_gold_or_cellular_assay		1	1	none_detected	0	0	0	0	0	0	101.0
199	PIPKIgamma	5305	10090	BRCA1	672	9606	no_binding	coIP	co-immunoprecipitation	However, Co-IP experiment showed that PIPKIgamma did not interact with BRCA1 directly in colorectal cancer cells (Figure S2B).	Among them, BRCA1 was down-regulated most significantly, suggesting that DNA damage response is reduced (Figure S2A).	Collectively, PIPKIgamma may affect the sensitivity of CRC cells to oxaliplatin by regulating DNA damage response.	35673560	PMC9169372	Targeting type Igamma phosphatidylinositol phosphate kinase overcomes oxaliplatin resistance in colorectal cancer	CLAIM:000055050:0-1	PAIR2:GENE:5305|GENE:672	CLAIM:000055050	397061f83e76abf07e44f8d8e27efbf3e0458524	SILVER_PHYSICAL_CANONICAL	negative	canonical_possible	physical_negative_with_non_gold_or_cellular_assay		1	1	none_detected	0	0	0	0	0	0	101.0
200	Hrs	33458	7227	Ema	48571	10090	no_binding	coIP	co-immunoprecipitation	In contrast to co-IP in drosophila, where Hrs does not bind Ema, our co-IP experiments revealed an association between CLEC16A and Hrs (Figures 4C,E).	Reverse co-IP and immunoblot confirmed the association of Vps16A, a subunit of the class C Vps-HOPS complex (Figure 4D), and Hrs (Figure 4E) with CLEC16A.	It was reported earlier that Hrs/actinin-4/BERP/myosin V (CART [cytoskeleton-associated recycling or transport]) complex assembles in a linear manner and is required for efficient receptor recycling.	30774629	PMC6367972	The Autoimmune Disorder Susceptibility Gene CLEC16A Restrains NK Cell Function in YTS NK Cell Line and Clec16a Knockout Mice	CLAIM:000045754:0-1	PAIR2:GENE:33458|GENE:48571	CLAIM:000045754	9b00fa7c4f0eeca83740b81b586d5597e9873f87	SILVER_PHYSICAL_CANONICAL	negative	canonical_possible	physical_negative_with_non_gold_or_cellular_assay		1	1	none_detected	0	0	0	0	0	0	101.0
201	TRPM3	226025	10090	DOCK4	238130	10090	no_binding	coIP	co-immunoprecipitation	In co-IP experiments utilizing the DOCK4 antibody for pull-down, a potential interaction between DOCK4 and Nav1.7 was observed, with no detectable binding to TRPV1, TRPA1, TRPM3, Nav1.6, Nav1.8, and Nav1.9 in mouse DRG protein extracts (Fig.	To investigate the underlying mechanism by which DOCK4 controls pain sensation, we employed the co-immunoprecipitation (co-IP) method to examine the interactions between DOCK4 and key channels involved in pain signaling, including TRP channels (such as TRPV1, TRPA1, and TRPM3) and Nav channels (such as Nav1.6, Nav1.7, Nav1.8, and Nav1.9) in the DRG.	5a-d).	40759894	PMC12322138	Histone lactylation regulates DOCK4 to control heat nociception and supports Dynein-mediated Nav1.7 trafficking	CLAIM:000171922:0-1	PAIR2:GENE:226025|GENE:238130	CLAIM:000171922	28c11fc2084c5e93ea2d96a0de28643b4afef2b4	SILVER_PHYSICAL_CANONICAL	negative	canonical_possible	physical_negative_with_non_gold_or_cellular_assay		1	1	none_detected	0	0	0	0	0	0	101.0
202	TRPV1	193034	10090	DOCK4	238130	10090	no_binding	coIP	co-immunoprecipitation	In co-IP experiments utilizing the DOCK4 antibody for pull-down, a potential interaction between DOCK4 and Nav1.7 was observed, with no detectable binding to TRPV1, TRPA1, TRPM3, Nav1.6, Nav1.8, and Nav1.9 in mouse DRG protein extracts (Fig.	To investigate the underlying mechanism by which DOCK4 controls pain sensation, we employed the co-immunoprecipitation (co-IP) method to examine the interactions between DOCK4 and key channels involved in pain signaling, including TRP channels (such as TRPV1, TRPA1, and TRPM3) and Nav channels (such as Nav1.6, Nav1.7, Nav1.8, and Nav1.9) in the DRG.	5a-d).	40759894	PMC12322138	Histone lactylation regulates DOCK4 to control heat nociception and supports Dynein-mediated Nav1.7 trafficking	CLAIM:000171920:0-1	PAIR2:GENE:193034|GENE:238130	CLAIM:000171920	4e0b7d3a08a3c115e5f9f441c6857b97dd7dbae6	SILVER_PHYSICAL_CANONICAL	negative	canonical_possible	physical_negative_with_non_gold_or_cellular_assay		1	1	none_detected	0	0	0	0	0	0	101.0
203	VEGFR2	3791	9606	Netrin-1	9423	10090	no_binding	coIP	co-immunoprecipitation	Netrin-1 did not bind to VEGFR2, as shown by the co-immunoprecipitation (Supplementary information, Figure S2A) and pull-down assays (Supplementary information, Figure S2B), suggesting that netrin-1 affects VEGF signaling through its interaction with CD146.	ERK1/2 and p38 are key signaling molecules downstream of VEGFR2 that contribute to endothelial cell activation and angiogenesis.		25656845	PMC4349246	CD146 acts as a novel receptor for netrin-1 in promoting angiogenesis and vascular development	CLAIM:000100180:0-1	PAIR2:GENE:3791|GENE:9423	CLAIM:000100180	08072ff08e13a43773e03bf70628bd9e8f5ebf66	SILVER_PHYSICAL_CANONICAL	negative	canonical_possible	physical_negative_with_non_gold_or_cellular_assay		1	1	none_detected	0	0	0	0	0	0	101.0
204	NUCKS1	64710	10090	DDX54	79039	10090	no_binding	coIP	co-immunoprecipitation	Co-immunoprecipitation (co-IP) assays were first conducted, which helped us verify that DDX54 could not interact with NUCKS1 protein (Figure 4L).	Thus, we conjectured DDX54 might interact with NUCKS1 to regulate NUCKS1 expression.	Next, luciferase reporter assays were conducted in MG-63 and HOS cells.	35592388	PMC9092395	LncRNA CBR3-AS1 promotes osteosarcoma progression through the network of miR-140-5p/DDX54-NUCKS1-mTOR signaling pathway	CLAIM:000328328:0-1	PAIR2:GENE:64710|GENE:79039	CLAIM:000328328	2010f3e387bc8b427e822364488c34303a6d1964	SILVER_PHYSICAL_CANONICAL	negative	canonical_possible	physical_negative_with_non_gold_or_cellular_assay		1	1	none_detected	0	0	0	0	0	0	101.0
205	ATG7	10533	9606	Daple	440193	9606	no_binding	coIP	co-IP	Moreover, we found that Daple did not interact with other proteins involved in autophagy initiation and elongation, including members of the beclin-1 complex or the ULK1 complex, ATG5-12, or ATG7 (Supplementary Fig.	7g).	9c).	32382014	PMC7206012	TRIM11 facilitates chemoresistance in nasopharyngeal carcinoma by activating the beta-catenin/ABCC9 axis via p62-selective autophagic degradation of Daple	CLAIM:000150686:0-1	PAIR2:GENE:10533|GENE:440193	CLAIM:000150686	16f964fbaf620ed5f3a91370b36f6960998c3053	SILVER_PHYSICAL_CANONICAL	negative	canonical_possible	physical_negative_with_non_gold_or_cellular_assay		1	1	none_detected	0	0	0	0	0	0	101.0
206	OTUD5	55593	10090	TAK1	6885	9606	no_binding	coIP	co-immunoprecipitation	The Co-IP analysis demonstrated that TAK1, IKKalpha, IKKbeta, and IKKgamma did not interact with OTUD5 (Fig.	Furthermore, plasmids encoding Transforming growth factor-beta (TGF-beta)-activated kinase 1 (TAK1), IkappaB kinase alpha (IKKalpha), IkappaB kinase beta (IKKbeta), and IkappaB kinase gamma (IKKgamma, also known as NEMO), downstream molecules of the TLR/IL-1R signaling, and OTUD5, were transfected into HEK293T cells.	2E).	38605168	PMC11164869	OTUD5 promotes the inflammatory immune response by enhancing MyD88 oligomerization and Myddosome formation	CLAIM:000179276:0-1	PAIR2:GENE:55593|GENE:6885	CLAIM:000179276	9df83e3373234cb3f1f1b5b83f42f80ee8cc66f2	SILVER_PHYSICAL_CANONICAL	negative	canonical_possible	physical_negative_with_non_gold_or_cellular_assay		1	1	none_detected	0	0	0	0	0	0	101.0
207	Id4	3400	10090	Ascl1	429	10090	no_binding	coIP	competition-binding assay	We therefore also carried an in vitro competition-binding assay with separately transfected E47, Ascl1 and Id4 gene products (Figure 3G), which confirmed that the interaction between Ascl1 and E47 is disrupted by the presence of Id4, whilst no interaction was detected between Id4 and Ascl1 (Figure 3H).	However, Ascl1 protein levels were lower in quiescent cultures, making the co-IP results difficult to interpret.	Therefore, Id4 sequesters E proteins away from their binding partner Ascl1.	31552825	PMC6805120	Id4 promotes the elimination of the pro-activation factor Ascl1 to maintain quiescence of adult hippocampal stem cells	CLAIM:000199867:0-1	PAIR2:GENE:3400|GENE:429	CLAIM:000199867	873be44e3b5402bb05260f81e09c7a3f3901839b	SILVER_PHYSICAL_CANONICAL	negative	canonical_possible	physical_negative_with_non_gold_or_cellular_assay		1	1	none_detected	0	0	0	0	0	0	101.0
208	DSTYK	25778	10090	TBK1	29110	9606	no_binding	coIP	co-immunoprecipitation	However, our co-IP results showed that DSTYK did not interact with TBK1 in STING-non-expressing HEK293T cells (Fig.	Stably-expressed TMEM192-STING showed spontaneous S366Pi at rest, which was consistent with previous report (Gentili et al,), and cGAMP binding may change the conformation of TMEM192-STING, thus enhancing the phosphorylation of TMEM192-STING.	2C).	39979465	PMC11933320	DSTYK phosphorylates STING at late endosomes to promote STING signaling	CLAIM:000079524:0-1	PAIR2:GENE:25778|GENE:29110	CLAIM:000079524	ca803dbc8ef8919b3854ba74d4f52d27f11e3eac	SILVER_PHYSICAL_CANONICAL	negative	canonical_possible	physical_negative_with_non_gold_or_cellular_assay		1	1	none_detected	0	0	0	0	0	0	101.0
209	STIM1	20866	10090	RGS10	67865	10090	no_binding	coIP	immunoprecipitation	Direct immunoprecipitation experiments confirmed RGS10-STIM2 interaction in multiple microglia and macrophage cell lines, as well as in primary cells, with no interaction observed with the homologue STIM1.	Through RGS10 co-immunoprecipitation coupled with mass spectrometry, we identified STIM2, an endoplasmic reticulum (ER) localized calcium sensor and a component of the store-operated calcium entry (SOCE) machinery, as a novel RGS10 interacting protein in microglia.	We further determined that STIM2, Orai channels, and the Ca2+--dependent phosphatase calcineurin are essential for LPS-induced COX-2 production in microglia, and this pathway is required for the inhibitory effect of RGS10 on COX-2.	33705894	PMC8089042	RGS10 physically and functionally interacts with STIM2 and requires store-operated calcium entry to regulate proinflammatory gene expression in microglia	CLAIM:000282845:0-1	PAIR2:GENE:20866|GENE:67865	CLAIM:000282845	5896c766aa6f7c3dc2d9d0d2ae79d8066cb247fc	SILVER_PHYSICAL_CANONICAL	negative	canonical_possible	physical_negative_with_non_gold_or_cellular_assay		1	1	none_detected	0	0	0	0	0	0	101.0
210	SRC-2	10499	9606	ERbeta	25149	10116	no_interaction	pull_down	pull-down	In contrast to ERalpha, ERbeta did not interact with SRC-2 from hippocampus under any ligand condition, including when bound to estradiol.		In addition, ERbeta bound to estradiol interacted very weakly with SRC-2 from hypothalamus.	20678994	PMC2921768	Steroid Receptor Coactivator-2 Expression in Brain and Physical Associations with Steroid Receptors	CLAIM:000193998:0-1	PAIR2:GENE:10499|GENE:25149	CLAIM:000193998	c044e633fcf82f60625033b03c54af57cb41d812	SILVER_PHYSICAL_CANONICAL	negative	canonical_possible	physical_negative_with_non_gold_or_cellular_assay		1	1	none_detected	0	0	0	0	0	0	101.0
211	MOR	18390	10090	RGS12	71729	10090	no_binding	coIP	co-immunoprecipitation	(This same report demonstrated that RGS12 does not interact with MOR in the same fashion: no co-immunoprecipitation was observed, nor the same degree of reducing MOR-agonist potency upon RGS12 overexpression).	RGS12 overexpression markedly and selectively blunts G protein-dependent cAMP inhibition by KOR activation but greatly enhances beta-arrestin recruitment to activated KOR.	Consistent with the in vitro results suggesting an important role for RGS12 in blunting cAMP inhibition yet enhancing beta-arrestin recruitment to activated KOR, RGS12 loss in mice enhances KOR-induced analgesia and attenuates KOR-induced CPA - G protein- and beta-arrestin-dependent behaviors, respectively.	33332902	PMC7992303	Potential for Kappa Opioid Receptor Agonists to Engineer Non-Addictive Analgesics: A Narrative Review	CLAIM:000339325:0-1	PAIR2:GENE:18390|GENE:71729	CLAIM:000339325	76a33afc677ae28275b37f4f58ac59e1be75e27d	SILVER_PHYSICAL_CANONICAL	negative	canonical_possible	physical_negative_with_non_gold_or_cellular_assay		1	1	none_detected	0	0	0	0	0	0	101.0
212	gp110	11047	9606	CBP	1387	9606	no_binding	coIP	co-immunoprecipitation	To deeply investigate the gp110-mediated proteasomal degradation of beta-catenin, gp110 expression plasmid was individually transfected or cotransfected with beta-catenin expression plasmid into HEK293T cells, and Co-IP showed that the overexpressed gp110 could not interact with endogenous CBP (Fig.		6F) or p300 (Fig.	37022262	PMC10269791	Epstein-Barr Virus Envelope Glycoprotein gp110 Inhibits IKKi-Mediated Activation of NF-kappaB and Promotes the Degradation of beta-Catenin	CLAIM:000308613:0-1	PAIR2:GENE:11047|GENE:1387	CLAIM:000308613	b0d7f2c2f02622ae6f06909f7c105baca5c5813c	SILVER_PHYSICAL_CANONICAL	negative	canonical_possible	physical_negative_with_non_gold_or_cellular_assay		1	1	none_detected	0	0	0	0	0	0	101.0
213	IRF3	3661	9606	TRIM24	8805	9606	no_binding	coIP	coimmunoprecipitation	In addition, the results from the coimmunoprecipitation experiment confirmed that TRIM24 did not bind with overexpressed RIG-I, MAVS, TBK1, or IRF3 in HEK293T cells (Fig.	5 B).	5 C).	32324863	PMC7336305	TRIM24 facilitates antiviral immunity through mediating K63-linked TRAF3 ubiquitination	CLAIM:000308203:0-1	PAIR2:GENE:3661|GENE:8805	CLAIM:000308203	54fa534a238dab0e3c131f58922302a4f31134b9	SILVER_PHYSICAL_CANONICAL	negative	canonical_possible	physical_negative_with_non_gold_or_cellular_assay		1	1	none_detected	0	0	0	0	0	0	101.0
214	USP22	23326	9606	HK2	3099	9606	no_binding	coIP	Co-IP	The Co-IP assay indicated that USP22 and HK2 did not interact directly (Figure 6A).	Therefore, to investigate the molecular mechanism by which USP22 activates HK2 in osteosarcoma cells, we verified whether endogenous USP22 and HK2 directly bind to 143B cells.	Previous studies indicate that HK2 is a classic downstream gene of beta-catenin in several tumours, including osteosarcoma.	39661501	PMC11633763	USP22 Promotes Osteosarcoma Progression by Stabilising beta-Catenin and Upregulating HK2 and Glycolysis	CLAIM:000178253:0-1	PAIR2:GENE:23326|GENE:3099	CLAIM:000178253	06e350964a823d08fa3aba84ba44f851935aa257	SILVER_PHYSICAL_CANONICAL	negative	canonical_possible	physical_negative_with_non_gold_or_cellular_assay		1	1	none_detected	0	0	0	0	0	0	101.0
215	SIRT1	23411	9606	Ajuba	84962	9606	no_binding	coIP	co-immunoprecipitation	(B) co-IP assay in transfected 293T cells showed that Ajuba did not bind SIRT1.	(A) The acetylation of ERalpha in T47D-shLuc and shAjuba cells was detected by western blotting after the enrichment of the endogenous ERalpha by using ERalpha antibody.	(C) co-IP assay was performed in transfected 293T cells and the interaction between DBC1and SIRT1 was analyzed.	30597111	PMC6412004	The LIM protein Ajuba recruits DBC1 and CBP/p300 to acetylate ERalpha and enhances ERalpha target gene expression in breast cancer cells	CLAIM:000263976:0-1	PAIR2:GENE:23411|GENE:84962	CLAIM:000263976	88838696f2b7fe9a1d301c3aaccaa3508aa19e32	SILVER_PHYSICAL_CANONICAL	negative	canonical_possible	physical_negative_with_non_gold_or_cellular_assay		1	1	none_detected	0	0	0	0	0	0	101.0
216	RAB8A	4218	9606	GPR137	56834	10090	no_binding	coIP	co-immunoprecipitation	GPR137 failed to interact with RAB8A in either cytoplasm or separated OC cell membrane, which was determined by membrane-cytoplasmic separation assay-followed reciprocal co-IP assays (Fig.	While GPR137 and RAB8A are distributed in both cellular cytoplasm and membrane.	3D-H).	39856733	PMC11761205	GPR137-RAB8A activation promotes ovarian cancer development via the Hedgehog pathway	CLAIM:000035551:0-1	PAIR2:GENE:4218|GENE:56834	CLAIM:000035551	4e0149e0376f967f091d3a21f3614f58fb430c16	SILVER_PHYSICAL_CANONICAL	negative	canonical_possible	physical_negative_with_non_gold_or_cellular_assay		1	1	none_detected	0	0	0	0	0	0	101.0
217	DOCK4	238130	10090	TRPA1	277328	10090	no_binding	coIP	co-immunoprecipitation	In co-IP experiments utilizing the DOCK4 antibody for pull-down, a potential interaction between DOCK4 and Nav1.7 was observed, with no detectable binding to TRPV1, TRPA1, TRPM3, Nav1.6, Nav1.8, and Nav1.9 in mouse DRG protein extracts (Fig.	To investigate the underlying mechanism by which DOCK4 controls pain sensation, we employed the co-immunoprecipitation (co-IP) method to examine the interactions between DOCK4 and key channels involved in pain signaling, including TRP channels (such as TRPV1, TRPA1, and TRPM3) and Nav channels (such as Nav1.6, Nav1.7, Nav1.8, and Nav1.9) in the DRG.	5a-d).	40759894	PMC12322138	Histone lactylation regulates DOCK4 to control heat nociception and supports Dynein-mediated Nav1.7 trafficking	CLAIM:000171921:0-1	PAIR2:GENE:238130|GENE:277328	CLAIM:000171921	9565a0f944f34ad90656fee2125651f33baeb0b3	SILVER_PHYSICAL_CANONICAL	negative	canonical_possible	physical_negative_with_non_gold_or_cellular_assay		1	1	none_detected	0	0	0	0	0	0	101.0
218	IKKbeta	3551	9606	OTUD5	55593	10090	no_binding	coIP	co-immunoprecipitation	The Co-IP analysis demonstrated that TAK1, IKKalpha, IKKbeta, and IKKgamma did not interact with OTUD5 (Fig.	Furthermore, plasmids encoding Transforming growth factor-beta (TGF-beta)-activated kinase 1 (TAK1), IkappaB kinase alpha (IKKalpha), IkappaB kinase beta (IKKbeta), and IkappaB kinase gamma (IKKgamma, also known as NEMO), downstream molecules of the TLR/IL-1R signaling, and OTUD5, were transfected into HEK293T cells.	2E).	38605168	PMC11164869	OTUD5 promotes the inflammatory immune response by enhancing MyD88 oligomerization and Myddosome formation	CLAIM:000179278:0-1	PAIR2:GENE:3551|GENE:55593	CLAIM:000179278	b6125e0e61e7ff87b0e8905e63cc2507d71434dd	SILVER_PHYSICAL_CANONICAL	negative	canonical_possible	physical_negative_with_non_gold_or_cellular_assay		1	1	none_detected	0	0	0	0	0	0	101.0
219	GAPDH	2597	9606	IL-1alpha	3552	9606	no_interaction	pull_down	pull-down	GAPDH (which does not interact with IL-1alpha) was detected with a stronger signal intensity in the flow-through fraction, whereas extremely low signal intensity was detected in the elution fraction (Fig.	2a).	2a).	38225348	PMC10789739	Analysis of the effects of importin alpha1 on the nuclear translocation of IL-1alpha in HeLa cells	CLAIM:000102424:0-1	PAIR2:GENE:2597|GENE:3552	CLAIM:000102424	e13209ba7f4ad535f2a03bb0fdfa6780493e83ea	SILVER_PHYSICAL_CANONICAL	negative	canonical_possible	physical_negative_with_non_gold_or_cellular_assay		1	1	none_detected	0	0	0	0	0	0	101.0
220	DOCK4	238130	10090	Nav1.9	24046	10090	no_binding	coIP	co-immunoprecipitation	In co-IP experiments utilizing the DOCK4 antibody for pull-down, a potential interaction between DOCK4 and Nav1.7 was observed, with no detectable binding to TRPV1, TRPA1, TRPM3, Nav1.6, Nav1.8, and Nav1.9 in mouse DRG protein extracts (Fig.	To investigate the underlying mechanism by which DOCK4 controls pain sensation, we employed the co-immunoprecipitation (co-IP) method to examine the interactions between DOCK4 and key channels involved in pain signaling, including TRP channels (such as TRPV1, TRPA1, and TRPM3) and Nav channels (such as Nav1.6, Nav1.7, Nav1.8, and Nav1.9) in the DRG.	5a-d).	40759894	PMC12322138	Histone lactylation regulates DOCK4 to control heat nociception and supports Dynein-mediated Nav1.7 trafficking	CLAIM:000171925:0-1	PAIR2:GENE:238130|GENE:24046	CLAIM:000171925	bf6d3782db451be34d40bb7eefd0f5e59316565b	SILVER_PHYSICAL_CANONICAL	negative	canonical_possible	physical_negative_with_non_gold_or_cellular_assay		1	1	none_detected	0	0	0	0	0	0	101.0
221	PDEF	25803	9606	MYC	4609	9606	no_binding	coIP	co-immunoprecipitation	Results of the Co-IP assay showed that PDEF did not interact with MYC but interacted with the regulatory region of MAD1 in ER-negative BC cells.	PDEF positively regulated MYC expression and negatively regulated MAD1 expression.	These results suggest that PDEF indirectly upregulates MYC expression by disrupting MAD1 expression.	30217192	PMC6138935	AR-PDEF pathway promotes tumour proliferation and upregulates MYC-mediated gene transcription by promoting MAD1 degradation in ER-negative breast cancer	CLAIM:000094332:0-1	PAIR2:GENE:25803|GENE:4609	CLAIM:000094332	d1e24f55f5b9e9086c72eb34585d44c815ce471b	SILVER_PHYSICAL_CANONICAL	negative	canonical_possible	physical_negative_with_non_gold_or_cellular_assay		1	1	none_detected	0	0	0	0	0	0	101.0
222	CBP	1387	9606	KLF3	51274	10090	no_binding	coIP	co-immunoprecipitation	Interestingly, KLF3 and CBP do not directly associate with each other through endogenous co-IP experiments.	Because KLF3 is necessary for CBP localization to KLF3-bound enhancers, we asked whether KLF3 directly recruited CBP to enhancers.	It is possible that the KLF3 and CBP interaction is extremely transient or weak.	32659720	PMC7358749	KLF3 Mediates Epidermal Differentiation through the Epigenomic Writer CBP	CLAIM:000269425:0-1	PAIR2:GENE:1387|GENE:51274	CLAIM:000269425	1260ae730c59c9906ff7e3acd6ed13c553a7f177	SILVER_PHYSICAL_CANONICAL	negative	canonical_possible	physical_negative_with_non_gold_or_cellular_assay		1	1	none_detected	0	0	0	0	0	0	101.0
223	RDH10	157506	9606	RDHE2	195814	10090	no_binding	coIP	pull-down	Pull-down assays using RDH10 protein as a bait failed to co-immunoprecipitate human RDHE2 or human retinol dehydrogenase 11 (RDH11), an enzyme from a different family of SDRs (SDR7C1), further indicating that the protein-protein interaction between RDH10 and DHRS3 is highly specific for this pair of proteins.	Co-expression of human RDHE2 or murine RDHE2S with human DHRS3, which is 97.7% identical to murine DHRS3, in HEK293 cells had no activating effect on DHRS3.		31861321	PMC7022914	Generation of Retinaldehyde for Retinoic Acid Biosynthesis	CLAIM:000058145:0-1	PAIR2:GENE:157506|GENE:195814	CLAIM:000058145	2dfb2d699ba4dcf8fcdf72010ab7ee5947c55ecc	SILVER_PHYSICAL_CANONICAL	negative	canonical_possible	physical_negative_with_non_gold_or_cellular_assay		1	1	none_detected	0	0	0	0	0	0	101.0
224	CKB	1152	9606	EGFR	1956	9606	no_binding	coIP	co-immunoprecipitation	Immunoprecipitation was used to examine whether CKB and EGFR exhibited molecular binding, but no binding was observed, regardless of the presence or absence of EGF treatment (Figure 7G).	Finally, we examined whether CKB and EGFR were physically associated with each other.	However, the DuoLink proximity ligation assay indicated that CKB and EGFR were in close proximity as a signal was generated after EGF treatment (Figure 7H).	37204253	PMC10197964	Role of creatine shuttle in colorectal cancer cells	CLAIM:000107399:0-1	PAIR2:GENE:1152|GENE:1956	CLAIM:000107399	dc97f3891fae34cb17867b91a9fa5b7764849327	SILVER_PHYSICAL_CANONICAL	negative	canonical_possible	physical_negative_with_non_gold_or_cellular_assay		1	1	none_detected	0	0	0	0	0	0	101.0
225	p21	1026	9606	GPX4	2879	9606	no_binding	coIP	Co-IP	In addition, we demonstrated that GPX4 did not interact with p53 or p21 protein in HCT116 and Hela cells using Co-IP methods (Fig.	S2C, D, Supplementary Materials).	4H).	35915092	PMC9343379	Knockdown of RRM1 in tumor cells promotes radio-/chemotherapy induced ferroptosis by regulating p53 ubiquitination and p21-GPX4 signaling axis	CLAIM:000285339:0-1	PAIR2:GENE:1026|GENE:2879	CLAIM:000285339	848ddddf00d3974ed0858ef84799734d0b4e638a	SILVER_PHYSICAL_CANONICAL	negative	canonical_possible	physical_negative_with_non_gold_or_cellular_assay		1	1	none_detected	0	0	0	0	0	0	101.0
226	SMC3	100137611	10090	SA1	495133	10090	no_binding	coIP	coimmunoprecipitation	1 B), but coimmunoprecipitation experiments indicated that SA1 is not associated with SMC1 and SMC3 in these fractions (data not shown).	In density gradient centrifugation experiments, SA1 was also found in fractions that contain 9S cohesin (Fig.		11076961	PMC2169443	Characterization of Vertebrate Cohesin Complexes and Their Regulation in Prophase	CLAIM:000335965:0-1	PAIR2:GENE:100137611|GENE:495133	CLAIM:000335965	092eb79bc4ef3e66270b1d125e80fb83b6e4aef3	SILVER_PHYSICAL_CANONICAL	negative	canonical_possible	physical_negative_with_non_gold_or_cellular_assay		1	1	none_detected	0	0	0	0	0	0	101.0
227	BIRC2	329	9606	NAP1L1	4673	9606	no_binding	coIP	Co-immunoprecipitation	Co-immunoprecipitation (Co-IP) assay and mass spectrometry revealed that NAP1L1 and BIRC2 did not bind to each other; however, ubiquitin protein ligase E3 component n-recognin 4 (UBR4) was identified as an intermediate molecule associating NAP1L1 with BIRC2.	Furthermore, BIRC2 was highly expressed in human HCC tissues and promoted the proliferation and apoptotic escape of HCC cells.	Knockdown of NAP1L1 promoted the ubiquitin-mediated degradation of BIRC2 through the ubiquitin-protein junction of UBR4, which in turn inhibited the proliferation and apoptotic escape of HCC cells and exerted anti-tumour effects.	38538582	PMC10973488	NAP1L1 regulates BIRC2 ubiquitination modification via E3 ubiquitin ligase UBR4 and hence determines hepatocellular carcinoma progression	CLAIM:000143532:0-1	PAIR2:GENE:329|GENE:4673	CLAIM:000143532	3cee28dc3a3f9e0bb97ec29856a05e00390291f1	SILVER_PHYSICAL_CANONICAL	negative	canonical_possible	physical_negative_with_non_gold_or_cellular_assay		1	1	none_detected	0	0	0	0	0	0	101.0
228	beta-catenin	1499	9606	HMMR	3161	9606	no_binding	coIP	co-immunoprecipitation	First, co-immunoprecipitation (Co-IP) assay revealed that HMMR does not bind with beta-catenin (Fig.	After confirming that HMMR can regulate the Wnt/beta-catenin signaling pathway, we aimed to further understand the regulatory molecular mechanism of HMMR.	5B).	41083782	PMC12518677	HMMR mediates progression of nasopharyngeal carcinoma by inhibiting FAM83D ubiquitination and activating beta-catenin signaling pathway	CLAIM:000278564:0-1	PAIR2:GENE:1499|GENE:3161	CLAIM:000278564	cb337cf1e555021a08a8a8a183e5f2ea80bec48a	SILVER_PHYSICAL_CANONICAL	negative	canonical_possible	physical_negative_with_non_gold_or_cellular_assay		1	1	none_detected	0	0	0	0	0	0	101.0
229	AR	14149	10090	CRTC1	23373	9606	no_binding	coIP	co-immunoprecipitation	(C) Co-IP assay demonstrating that CRTC1 could not directly interact with AR in granulosa cells.	(B) AR immunoprecipitated CRTC1 in PCOS ovarian tissues.	(D) Co-IP assay showing that CRTC1 could not directly interact with AR in theca cells.	40537816	PMC12178049	Phosphorylation-stabilized CRTC1 cooperates with CBP and androgen receptor to transactivate AMH expression and drive polycystic ovary syndrome	CLAIM:000177680:0-1	PAIR2:GENE:14149|GENE:23373	CLAIM:000177680	987cd205937f1651ba6a7daf1441cea4354e90d2	SILVER_PHYSICAL_CANONICAL	negative	canonical_possible	physical_negative_with_non_gold_or_cellular_assay		1	1	none_detected	0	0	0	0	0	0	101.0
230	HINT2	84681	10090	SLC25A51	92014	10090	no_binding	coIP	co-immunoprecipitation	We performed co-IP and found that HINT2 and SLC25A51 did not bind directly (Supplementary Fig.	Next, we explored the mechanism of HINT2 on promoting SLC25A51 expression in mitochondria.	6j).	40307568	PMC12130462	Histidine triad nucleotide-binding protein 2 attenuates metabolic dysfunction-associated steatotic liver disease through NAD+-dependent sirtuin-3 activation	CLAIM:000179455:0-1	PAIR2:GENE:84681|GENE:92014	CLAIM:000179455	cbe0fb255d09264e93a94fb016237087f074a029	SILVER_PHYSICAL_CANONICAL	negative	canonical_possible	physical_negative_with_non_gold_or_cellular_assay		1	1	none_detected	0	0	0	0	0	0	101.0
232	tau	4137	9606	BSN	8927	10090	no_binding	coIP	co-immunoprecipitation	We then confirmed by co-IP that, in both tauopathies, BSN interacts with tau in fraction 9 but does not interact with tau in fraction 9 from age-matched controls (Fig.	2f).	2h).	36344699	PMC9708566	Bassoon contributes to tau-seed propagation and neurotoxicity	CLAIM:000126926:0-1	PAIR2:GENE:4137|GENE:8927	CLAIM:000126926	107e00d133f36056e04d103a7e5e42ba156fba98	SILVER_PHYSICAL_CANONICAL	negative	canonical_possible	physical_negative_with_non_gold_or_cellular_assay		1	1	none_detected	0	0	0	0	0	0	101.0
233	HK II	3099	9606	mTOR	56717	10090	no_binding	coIP	Co-immunoprecipitation	Co-immunoprecipitation (Co-IP) analysis in MCF-7 cells showed that mTOR did not interact with HK II in sham radiation control cells, but indeed, the mTOR and HK II complex was detected 24 h post-irradiation, the same time point where a switch in energy metabolism from aerobic glycolysis to OXPHOS was detected in MCF-7 cells (Fig.	We hypothesized that radiation may trigger an interaction between mTOR and HK II to regulate bioenergetics.	6A).	25807077	PMC4373728	Tumor Cells Switch to Mitochondrial Oxidative Phosphorylation under Radiation via mTOR-Mediated Hexokinase II Inhibition - A Warburg-Reversing Effect	CLAIM:000157711:0-1	PAIR2:GENE:3099|GENE:56717	CLAIM:000157711	ce0a88440f6995c829bb96d5c3e548f45686b3d9	SILVER_PHYSICAL_CANONICAL	negative	canonical_possible	physical_negative_with_non_gold_or_cellular_assay		1	1	none_detected	0	0	0	0	0	0	101.0
234	CDKN2A	1029	9606	MUC20	200958	9606	no_binding	coIP	co-immunoprecipitation	Co-IP results showed that MUC20 could not bind with CDKN2A in PI-resistant KAS-6/1 and U266 cells (Supplementary Figure S7A and B), suggesting MUC20 should regulate CDKN2A expression by other proteins in MM cells.		Previous studies have revealed that MUC20 associates with MET to regulate the phosphorylation and activation of MET downstream proteins.	38439082	PMC10913264	MUC20 regulated by extrachromosomal circular DNA attenuates proteasome inhibitor resistance of multiple myeloma by modulating cuproptosis	CLAIM:000161720:0-1	PAIR2:GENE:1029|GENE:200958	CLAIM:000161720	4a5905032cda78927fe3b7aa3584e79040a75952	SILVER_PHYSICAL_CANONICAL	negative	canonical_possible	physical_negative_with_non_gold_or_cellular_assay		1	1	none_detected	0	0	0	0	0	0	101.0
235	CD317	684	9606	Calpain 1	823	10090	no_binding	coIP	Co-IP	Considering the published evidence showing that mitochondrial calpain 1, a Ca2+-dependent neutral cysteine protease, can colocalize with AIF, we speculated that AIF or Calpain 1 may be the binding partner of CD317 and tried to confirm this assumption by Co-IP, but as shown in Additional file 1: Figure S4, CD317 did not bind with either AIF or Calpain 1 in both normal and serum-free condition.	To clarify the mechanism underlying this observation, we tried to identify the direct target molecule for CD317.	Further investigations are thus needed to elucidate the bridging molecules between CD317 and AIF.	27444183	PMC4957287	CD317 Promotes the survival of cancer cells through apoptosis-inducing factor	CLAIM:000258186:0-1	PAIR2:GENE:684|GENE:823	CLAIM:000258186	45796280fc38f4ab584b2650e90914c3dadc1cc6	SILVER_PHYSICAL_CANONICAL	negative	canonical_possible	physical_negative_with_non_gold_or_cellular_assay		1	1	none_detected	0	0	0	0	0	0	101.0
236	RIG-I	23586	9606	TRIM24	8805	9606	no_binding	coIP	coimmunoprecipitation	In addition, the results from the coimmunoprecipitation experiment confirmed that TRIM24 did not bind with overexpressed RIG-I, MAVS, TBK1, or IRF3 in HEK293T cells (Fig.	5 B).	5 C).	32324863	PMC7336305	TRIM24 facilitates antiviral immunity through mediating K63-linked TRAF3 ubiquitination	CLAIM:000308200:0-1	PAIR2:GENE:23586|GENE:8805	CLAIM:000308200	b68638562da9f4ffe2ee5648e620d23d74312a14	SILVER_PHYSICAL_CANONICAL	negative	canonical_possible	physical_negative_with_non_gold_or_cellular_assay		1	1	none_detected	0	0	0	0	0	0	101.0
237	IKKalpha	1147	9606	OTUD5	55593	10090	no_binding	coIP	co-immunoprecipitation	The Co-IP analysis demonstrated that TAK1, IKKalpha, IKKbeta, and IKKgamma did not interact with OTUD5 (Fig.	Furthermore, plasmids encoding Transforming growth factor-beta (TGF-beta)-activated kinase 1 (TAK1), IkappaB kinase alpha (IKKalpha), IkappaB kinase beta (IKKbeta), and IkappaB kinase gamma (IKKgamma, also known as NEMO), downstream molecules of the TLR/IL-1R signaling, and OTUD5, were transfected into HEK293T cells.	2E).	38605168	PMC11164869	OTUD5 promotes the inflammatory immune response by enhancing MyD88 oligomerization and Myddosome formation	CLAIM:000179277:0-1	PAIR2:GENE:1147|GENE:55593	CLAIM:000179277	4ebe4c7bf8fc3608e959973c511f7829ca78af1d	SILVER_PHYSICAL_CANONICAL	negative	canonical_possible	physical_negative_with_non_gold_or_cellular_assay		1	1	none_detected	0	0	0	0	0	0	101.0
238	Clusterin	1191	9606	SREBP-1c	6720	9606	no_binding	coIP	co-immunoprecipitation	However, CO-IP showed no binding between Clusterin and SREBP-1c in cells (Supplementary Fig.	S4h).	S4i).	33649289	PMC7921554	Metformin targets Clusterin to control lipogenesis and inhibit the growth of bladder cancer cells through SREBP-1c/FASN axis	CLAIM:000215387:0-1	PAIR2:GENE:1191|GENE:6720	CLAIM:000215387	23d0e16820340eaf6de5cf44e70ed8a2a4fefc0b	SILVER_PHYSICAL_CANONICAL	negative	canonical_possible	physical_negative_with_non_gold_or_cellular_assay		1	1	none_detected	0	0	0	0	0	0	101.0
240	caspase-1	12362	10090	GSDMD	69146	10090	no_binding	coIP	Co-IP	(D) Validation of the binding between GSDMD and Sulfa-4 by Co-IP: Sulfa-4 could directly bind to GSDMD, which had no binding relationship with Caspase-1.	Comparison with the DMSO group, *p < 0.05.	(E-F) Validation of the binding between GSDMD and Sulfa-4 by pull-down assay: Sulfa-4 could directly bind to GSDMD	34632701	PMC8581306	Mafenide derivatives inhibit neuroinflammation in Alzheimer's disease by regulating pyroptosis	CLAIM:000339668:0-1	PAIR2:GENE:12362|GENE:69146	CLAIM:000339668	ac63875e18755f7ffbf4c6439526b38d99a6f957	SILVER_PHYSICAL_CANONICAL	negative	canonical_possible	physical_negative_with_non_gold_or_cellular_assay		1	1	none_detected	0	0	0	0	0	0	101.0
241	CD317	684	9606	AIF	9131	9606	no_binding	coIP	Co-IP	Considering the published evidence showing that mitochondrial calpain 1, a Ca2+-dependent neutral cysteine protease, can colocalize with AIF, we speculated that AIF or Calpain 1 may be the binding partner of CD317 and tried to confirm this assumption by Co-IP, but as shown in Additional file 1: Figure S4, CD317 did not bind with either AIF or Calpain 1 in both normal and serum-free condition.	To clarify the mechanism underlying this observation, we tried to identify the direct target molecule for CD317.	Further investigations are thus needed to elucidate the bridging molecules between CD317 and AIF.	27444183	PMC4957287	CD317 Promotes the survival of cancer cells through apoptosis-inducing factor	CLAIM:000258187:0-1	PAIR2:GENE:684|GENE:9131	CLAIM:000258187	bff5ffb1d2ceec4afd3d569e5a5e44003f8939a5	SILVER_PHYSICAL_CANONICAL	negative	canonical_possible	physical_negative_with_non_gold_or_cellular_assay		1	1	none_detected	0	0	0	0	0	0	101.0
242	EMR1	2015	9606	JAK2	484185	9606	no_binding	coIP	Co-IP	The Co-IP experiments revealed binding between EMR1 and JAK2 in EMR1+ CC cells and no binding between EMR1 and JAK2 in EMR1KO CC cells.	(Figure 4J,K).	Upon coculture with macrophages, EMR1 IP binding with the JAK2 protein increased in EMR1+ CC cells compared to culture without macrophages.	38673975	PMC11050366	Upregulation of EMR1 (ADGRE1) by Tumor-Associated Macrophages Promotes Colon Cancer Progression by Activating the JAK2/STAT1,3 Signaling Pathway in Tumor Cells	CLAIM:000073935:0-1	PAIR2:GENE:2015|GENE:484185	CLAIM:000073935	4bab970e8b4045d08255aa310bcae374f6516365	SILVER_PHYSICAL_CANONICAL	negative	canonical_possible	physical_negative_with_non_gold_or_cellular_assay		1	1	none_detected	0	0	0	0	0	0	101.0
243	Nav1.8	20264	10090	DOCK4	238130	10090	no_binding	coIP	co-immunoprecipitation	In co-IP experiments utilizing the DOCK4 antibody for pull-down, a potential interaction between DOCK4 and Nav1.7 was observed, with no detectable binding to TRPV1, TRPA1, TRPM3, Nav1.6, Nav1.8, and Nav1.9 in mouse DRG protein extracts (Fig.	To investigate the underlying mechanism by which DOCK4 controls pain sensation, we employed the co-immunoprecipitation (co-IP) method to examine the interactions between DOCK4 and key channels involved in pain signaling, including TRP channels (such as TRPV1, TRPA1, and TRPM3) and Nav channels (such as Nav1.6, Nav1.7, Nav1.8, and Nav1.9) in the DRG.	5a-d).	40759894	PMC12322138	Histone lactylation regulates DOCK4 to control heat nociception and supports Dynein-mediated Nav1.7 trafficking	CLAIM:000171924:0-1	PAIR2:GENE:20264|GENE:238130	CLAIM:000171924	3aed5e4b8017df84a0b094deb2c649dd2d46c355	SILVER_PHYSICAL_CANONICAL	negative	canonical_possible	physical_negative_with_non_gold_or_cellular_assay		1	1	none_detected	0	0	0	0	0	0	101.0
244	TBK1	29110	9606	TRIM24	8805	9606	no_binding	coIP	coimmunoprecipitation	In addition, the results from the coimmunoprecipitation experiment confirmed that TRIM24 did not bind with overexpressed RIG-I, MAVS, TBK1, or IRF3 in HEK293T cells (Fig.	5 B).	5 C).	32324863	PMC7336305	TRIM24 facilitates antiviral immunity through mediating K63-linked TRAF3 ubiquitination	CLAIM:000308202:0-1	PAIR2:GENE:29110|GENE:8805	CLAIM:000308202	6c758805f3788a3e7ec0e7a803eb63bf0b84f801	SILVER_PHYSICAL_CANONICAL	negative	canonical_possible	physical_negative_with_non_gold_or_cellular_assay		1	1	none_detected	0	0	0	0	0	0	101.0
245	TCF7L2	395508	10090	LSD1	99982	10090	no_binding	coIP	co-immunoprecipitation	Co-IP indicated that LSD1 did not bind to TCF7L2, whereas beta-catenin did bind to TCF7L2 (Fig.	To test this hypothesis, DF1 cells and PGCs were co-transfected with LSD1-Flag, TCF7L2-Myc and beta-catenin vectors.	5D; ).	33443086	PMC7875490	BMP4 activates the Wnt-Lin28A-Blimp1-Wnt pathway to promote primordial germ cell formation via altering H3K4me2	CLAIM:000240045:0-1	PAIR2:GENE:395508|GENE:99982	CLAIM:000240045	b731c7a081ea767ac998d33c8c1e6d8508073161	SILVER_PHYSICAL_CANONICAL	negative	canonical_possible	physical_negative_with_non_gold_or_cellular_assay		1	1	none_detected	0	0	0	0	0	0	101.0
246	HK II	15277	10090	mTOR	56717	10090	no_binding	coIP	Co-immunoprecipitation	Co-immunoprecipitation (Co-IP) analysis in MCF-7 cells showed that mTOR did not interact with HK II in sham radiation control cells, but indeed, the mTOR and HK II complex was detected 24 h post-irradiation, the same time point where a switch in energy metabolism from aerobic glycolysis to OXPHOS was detected in MCF-7 cells (Fig.	We hypothesized that radiation may trigger an interaction between mTOR and HK II to regulate bioenergetics.	6A).	25807077	PMC4373728	Tumor Cells Switch to Mitochondrial Oxidative Phosphorylation under Radiation via mTOR-Mediated Hexokinase II Inhibition - A Warburg-Reversing Effect	CLAIM:000157710:0-1	PAIR2:GENE:15277|GENE:56717	CLAIM:000157710	646c889c98e58c49b1327d999a771e340b5031c5	SILVER_PHYSICAL_CANONICAL	negative	canonical_possible	physical_negative_with_non_gold_or_cellular_assay		1	1	none_detected	0	0	0	0	0	0	101.0
247	CXCR4	60628	9606	MIF	81683	10116	no_binding	coIP	pull-down	"Most of the bladder MIF did not stick to the CXCR4 antibody column (""Flow-through"") and is not associated with CXCR4."	"CXCR4 antisera was used to ""pull-down"" CXCR4 complexes in bladder homogenates followed by MIF Western-blotting to detect CXCR4-MIF complexes. ""Flow through"" refers to fractions that did not adhere to the CXCR4 antibody column (and thus do not contain CXCR4-complexes), whereas ""Anti-CXCR4"" refers to fractions eluted from the CXCR4 antibody column (thus containing CXCR4 complexes)."	However, a small amount was found co-immunoprecipitated with CXCR4 in saline-treated rats and these CXCR4-MIF complexes increased after CYP treatment (arrow).	19066630	PMC2588654	Cyclophosphamide-Induced Cystitis Increases Bladder CXCR4 Expression and CXCR4-Macrophage Migration Inhibitory Factor Association	CLAIM:000054567:0-1	PAIR2:GENE:60628|GENE:81683	CLAIM:000054567	02ea24a2628ebcc44ff85a6abc87dbd37679fbe0	SILVER_PHYSICAL_CANONICAL	negative	canonical_possible	physical_negative_with_non_gold_or_cellular_assay		1	1	none_detected	0	0	0	0	0	0	101.0
248	beta2-AR	154	9606	PHD2	54583	9606	no_binding	coIP	coimmunoprecipitation	In addition, consistent with previous study, beta2-AR-PHD2 association was not detected in beta2-AR-293 cells through coimmunoprecipitation experiments (Fig.	S3), a hypoxia indicator, implicating that all of the experiments were performed in the normoxic state and that changes in beta2-AR internalization are not mediated by the actions of HIF-1alpha but are conferred by PHD2.	3A).	21255264	PMC4373440	Prolyl hydroxylase 2: a novel regulator of beta2-adrenoceptor internalization	CLAIM:000166376:0-1	PAIR2:GENE:154|GENE:54583	CLAIM:000166376	b6819d3d9e581b31c0321c79e72d8e467f0a0d5d	SILVER_PHYSICAL_CANONICAL	negative	canonical_possible	physical_negative_with_non_gold_or_cellular_assay		1	1	none_detected	0	0	0	0	0	0	101.0
249	RDH10	157506	9606	retinol dehydrogenase 11	51109	10090	no_binding	coIP	pull-down	Pull-down assays using RDH10 protein as a bait failed to co-immunoprecipitate human RDHE2 or human retinol dehydrogenase 11 (RDH11), an enzyme from a different family of SDRs (SDR7C1), further indicating that the protein-protein interaction between RDH10 and DHRS3 is highly specific for this pair of proteins.	Co-expression of human RDHE2 or murine RDHE2S with human DHRS3, which is 97.7% identical to murine DHRS3, in HEK293 cells had no activating effect on DHRS3.		31861321	PMC7022914	Generation of Retinaldehyde for Retinoic Acid Biosynthesis	CLAIM:000058146:0-1	PAIR2:GENE:157506|GENE:51109	CLAIM:000058146	bab163df050661bab5afdf5265bfefdc548d52f9	SILVER_PHYSICAL_CANONICAL	negative	canonical_possible	physical_negative_with_non_gold_or_cellular_assay		1	1	none_detected	0	0	0	0	0	0	101.0
250	eEF2	29565	10116	Sirt1	309757	10116	no_binding	coIP	co-immunoprecipitation	The reverse experiment, immunoprecipitating eEF2K or eEF2 and immunoblotting with anti-SIRT1 antibodies, confirmed that SIRT1 was not associated with eEF2K or eEF2 in H9c2 cells.	However, neither eEF2K nor eEF2 was found in SIRT1 immunoprecipitates (Figure 7C).		32059483	PMC7072417	SIRT1 Protects the Heart from ER Stress-Induced Injury by Promoting eEF2K/eEF2-Dependent Autophagy	CLAIM:000087063:0-1	PAIR2:GENE:29565|GENE:309757	CLAIM:000087063	3f3905cfda26a6b434ad04f9750606df8e203225	SILVER_PHYSICAL_CANONICAL	negative	canonical_possible	physical_negative_with_non_gold_or_cellular_assay		1	1	none_detected	0	0	0	0	0	0	101.0
251	GPX4	2879	9606	p53	7157	9606	no_binding	coIP	Co-IP	In addition, we demonstrated that GPX4 did not interact with p53 or p21 protein in HCT116 and Hela cells using Co-IP methods (Fig.	S2C, D, Supplementary Materials).	4H).	35915092	PMC9343379	Knockdown of RRM1 in tumor cells promotes radio-/chemotherapy induced ferroptosis by regulating p53 ubiquitination and p21-GPX4 signaling axis	CLAIM:000285338:0-1	PAIR2:GENE:2879|GENE:7157	CLAIM:000285338	8e2173928ce1a1a3e2ea71e2818bf18ced4b11ea	SILVER_PHYSICAL_CANONICAL	negative	canonical_possible	physical_negative_with_non_gold_or_cellular_assay		1	1	none_detected	0	0	0	0	0	0	101.0
252	eEF2K	25435	10090	Sirt1	309757	10116	no_binding	coIP	co-immunoprecipitation	The reverse experiment, immunoprecipitating eEF2K or eEF2 and immunoblotting with anti-SIRT1 antibodies, confirmed that SIRT1 was not associated with eEF2K or eEF2 in H9c2 cells.	However, neither eEF2K nor eEF2 was found in SIRT1 immunoprecipitates (Figure 7C).		32059483	PMC7072417	SIRT1 Protects the Heart from ER Stress-Induced Injury by Promoting eEF2K/eEF2-Dependent Autophagy	CLAIM:000087062:0-1	PAIR2:GENE:25435|GENE:309757	CLAIM:000087062	bf33314db87b055d4cc40abcf2ec963f5af4714b	SILVER_PHYSICAL_CANONICAL	negative	canonical_possible	physical_negative_with_non_gold_or_cellular_assay		1	1	none_detected	0	0	0	0	0	0	101.0
253	Rnd1	493435	10090	BMPR1a	734017	10090	no_binding	coIP	coimmunoprecipitation	In coimmunoprecipitation assays Unc5BDeltaD (which causes deadhesion) interacted robustly with Rnd1, whereas Unc5BDeltaC (not causing deadhesion, see Figure 2A), as well as an unrelated receptor (BMPR1a) did not interact with Rnd1 (Figure 5A).		The specificity of the Unc5B-Rnd1 interaction was corroborated by the lack of Unc5B binding to the related small GTPase RhoA (Figure 5B).	19492039	PMC2683942	Unc5B Interacts with FLRT3 and Rnd1 to Modulate Cell Adhesion in Xenopus Embryos	CLAIM:000239330:0-1	PAIR2:GENE:493435|GENE:734017	CLAIM:000239330	0384401f1f77a98361da05fd490ad6009f64b9d1	SILVER_PHYSICAL_CANONICAL	negative	canonical_possible	physical_negative_with_non_gold_or_cellular_assay		1	1	none_detected	0	0	0	0	0	0	101.0
254	SUFU	51684	9606	SPOP	8405	9606	no_binding	coIP	Coimmunoprecipitation	Coimmunoprecipitation (Co-IP) data showed that SPOP failed to bind to SUFU, but it bound to GLI3, which had been proven to be a substrate of SPOP (Fig.	To investigate whether SPOP forms a complex with SUFU, we co-expressed SPOP and SUFU in 293T cells.	3A).	34021128	PMC8140158	SPOP-PTEN-SUFU axis promotes progression of clear cell renal cell carcinoma via activating SHH and WNT pathway	CLAIM:000046469:0-1	PAIR2:GENE:51684|GENE:8405	CLAIM:000046469	4342db30e208d83dbe07dfaac0d14b3df49e52a6	SILVER_PHYSICAL_CANONICAL	negative	canonical_possible	physical_negative_with_non_gold_or_cellular_assay		1	1	none_detected	0	0	0	0	0	0	101.0
255	Daple	440193	9606	ULK1	8408	9606	no_binding	coIP	co-IP	Moreover, we found that Daple did not interact with other proteins involved in autophagy initiation and elongation, including members of the beclin-1 complex or the ULK1 complex, ATG5-12, or ATG7 (Supplementary Fig.	7g).	9c).	32382014	PMC7206012	TRIM11 facilitates chemoresistance in nasopharyngeal carcinoma by activating the beta-catenin/ABCC9 axis via p62-selective autophagic degradation of Daple	CLAIM:000150685:0-1	PAIR2:GENE:440193|GENE:8408	CLAIM:000150685	acef692f9afeedb9910d2c78ed791cd3bfef6f47	SILVER_PHYSICAL_CANONICAL	negative	canonical_possible	physical_negative_with_non_gold_or_cellular_assay		1	1	none_detected	0	0	0	0	0	0	101.0
256	Daple	440193	9606	beclin-1	8678	9606	no_binding	coIP	co-IP	Moreover, we found that Daple did not interact with other proteins involved in autophagy initiation and elongation, including members of the beclin-1 complex or the ULK1 complex, ATG5-12, or ATG7 (Supplementary Fig.	7g).	9c).	32382014	PMC7206012	TRIM11 facilitates chemoresistance in nasopharyngeal carcinoma by activating the beta-catenin/ABCC9 axis via p62-selective autophagic degradation of Daple	CLAIM:000150684:0-1	PAIR2:GENE:440193|GENE:8678	CLAIM:000150684	7e86d77cdd79bf5c00b6a2c2fd9fde6a36d30a92	SILVER_PHYSICAL_CANONICAL	negative	canonical_possible	physical_negative_with_non_gold_or_cellular_assay		1	1	none_detected	0	0	0	0	0	0	101.0
257	TRIM18	4281	9606	SOCS1	8651	9606	no_binding	coIP	co-immunoprecipitation	Afterward, co-IP assay of TRIM18 and SOCS1 as well as TRIM18 and PTP1B was performed, revealing that TRIM18 did not interact with SOCS1 (Figure 5B) but interacted with PTP1B (Figure 5C).	We found that TRIM18 overexpression significantly decreased the expression of SOCS1 and PTP1B, but it did not affect the expression of SHP-1 or PIAS1 (Figure 5A).	Quantitative real-time PCR results suggested that the expression level of PTP1B mRNA was not affected by either TRIM18 silencing or overexpression (Figure 5D).	34434118	PMC8381599	TRIM18-Regulated STAT3 Signaling Pathway via PTP1B Promotes Renal Epithelial-Mesenchymal Transition, Inflammation, and Fibrosis in Diabetic Kidney Disease	CLAIM:000012502:0-1	PAIR2:GENE:4281|GENE:8651	CLAIM:000012502	8b10b9d68dc5433ba515e43681c744a8a7f45a9a	SILVER_PHYSICAL_CANONICAL	negative	canonical_possible	physical_negative_with_non_gold_or_cellular_assay		1	1	none_detected	0	0	0	0	0	0	101.0
258	centrin	397814	10090	FAK	5747	9606	no_interaction	FRET	FRET	Control experiments using centrin GFP as the donor and mKate2-FAK as an acceptor fail to detect FRET, as expected, and show that FAK does not interact with centrin.	3C).	Thus, we conclude that the CA complex is established at the distal end of the basal foot in MCCs and may depend on an interaction between FAK and CEP170.	36347932	PMC9643470	The apical ciliary adhesion complex is established at the basal foot of motile cilia and depends on the microtubule network	CLAIM:000320885:0-1	PAIR2:GENE:397814|GENE:5747	CLAIM:000320885	a41ca33aa1a995497cbe2ce7cea509e6741c5760	SILVER_PHYSICAL_CANONICAL	negative	canonical_possible	physical_negative_with_non_gold_or_cellular_assay		1	1	none_detected	0	0	0	0	0	0	100.0
259	AHR	11622	10090	SIM2	20465	10090	no_interaction	Y2H	yeast two-hybrid	SIM1 and SIM2 do not form homodimers, and they do not interact with AHR.	Both the helix-loop-helix and the PAS regions of SIM1 and of ARNT are required for efficient heterodimerization.	We also failed to detect homodimerization of ARNT.	9020169		Two murine homologs of the Drosophila single-minded protein that interact with the mouse aryl hydrocarbon receptor nuclear translocator protein.	CLAIM:000279317:0-1	PAIR2:GENE:11622|GENE:20465	CLAIM:000279317	1b14a31c03dbeca75ddbd99698e6db2e6a327c1e	SILVER_PHYSICAL_CANONICAL	negative	canonical_possible	physical_negative_with_non_gold_or_cellular_assay		1	1	none_detected	0	0	0	0	0	0	100.0
260	Galphas	2588	9606	PLCbeta4	5332	10090	no_interaction	in_vitro_binding_unspecified	in vitro binding assay	An alternate possibility is that in vitro Galphas does not interact with the phophatidylethanolamine:PI vesicle bilayer that supplies the PI substrate and supports G protein-PLC interactions, whereas XLalphas is able to bind to this membrane surface allowing it to engage with PLCbeta4.	One possibility is that in cells there are additional regulatory mechanisms downstream of Galphas and cAMP that can alter PLCbeta4 activation independently of direct activation of PLCbeta4 by XLalphas.		35709985	PMC9294334	A naturally occurring membrane-anchored Galphas variant, XLalphas, activates phospholipase Cbeta4	CLAIM:000190720:0-1	PAIR2:GENE:2588|GENE:5332	CLAIM:000190720	c143359c75ad73cde8b7d55a4c50d990aba9e2d8	GOLD_DIRECT_CANONICAL	negative	canonical_possible	direct_experimental_physical_negative	purified_components	1	1	none_detected	1	1	0	1	0	0	100.0
261	MDM2	4193	9606	NME1	4830	9606	no_interaction	Y2H	yeast two-hybrid	The MDM2-NME2 interaction is highly specific, as NME1 (87.5% amino acid identity) does not interact with MDM2 in yeast.	We identified the non-metastatic cells 2, protein; NME2 (NDPK-B, NM23-B/-H2), a nucleoside diphosphate kinase, as an MDM2-interacting protein using both a proteomic-based strategy [affinity chromatography and tandem mass spectrometry [MS/MS] from HEK293 cells] and a yeast two-hybrid screen of a renal carcinoma cell-derived complementary DNA library.	Specific NME proteins display well-documented cell motility and metastasis-suppressing activity.	21504894		MDM2 interacts with NME2 (non-metastatic cells 2, protein) and suppresses the ability of NME2 to negatively regulate cell motility.	CLAIM:000243587:0-1	PAIR2:GENE:4193|GENE:4830	CLAIM:000243587	29fea1b5e8a33ceb05e89439ec86aa7561cc87e4	SILVER_PHYSICAL_CANONICAL	negative	canonical_possible	physical_negative_with_non_gold_or_cellular_assay		1	1	none_detected	0	0	0	0	0	0	100.0
262	PSMalpha4	5685	10090	TLR4	7099	9606	no_binding	SPR	surface plasmon resonance	However, PSMalpha4 and delta-toxin do not bind to TLR4, indicating that PSMalpha1-alpha3 and PSMbeta1-beta2 binding to TLR4 is specific.	We identified significant PSMalpha1-alpha3 and PSMbeta1-beta2 binding to TLR4 in a concentration-dependent manner, with apparent KD of 3.811, 3.243, 3.004, 3.795, and 7.776 microM, respectively, in which the error ranges for Kd and KD were shown (Figure 1; Figures S1A-E in Supplementary Material).	Consequently, PSMalpha4 and delta-toxin were used as negative controls in the further study.	29922279	PMC5996891	Staphylococcus aureus Phenol-Soluble Modulins alpha1-alpha3 Act as Novel Toll-Like Receptor (TLR) 4 Antagonists to Inhibit HMGB1/TLR4/NF-kappaB Signaling Pathway	CLAIM:000043918:0-1	PAIR2:GENE:5685|GENE:7099	CLAIM:000043918	1d7ea96365318ff8a87e689db2a116f19c7d74d7	REVIEW_EXPERIMENTAL_SUPPORT	uncertain	canonical_possible	experiment_not_confirmed_by_prior_model	negative_control	0	1	none_detected	1	0	0	0	0	0	100.0
263	p22phox	1535	9606	EROS	79415	9606	no_interaction	Y2H	yeast two hybrid	We have therefore confirmed the direct interaction between EROS and gp91phox by yeast two hybrid, added important negative findings (no interaction with p22phox or NOX5) and new positive data (interactions with NOX4 and NOX3).	This approach also demonstrated an interaction between EROS and gp91phox and also showed that EROS could bind NOX3 and NOX4 though not NOX5 or p22phox.		36421765	PMC9767466	EROS is a selective chaperone regulating the phagocyte NADPH oxidase and purinergic signalling	CLAIM:000165938:0-1	PAIR2:GENE:1535|GENE:79415	CLAIM:000165938	1ffc6521645ed3544252fa1d2cf762bd073a6164	SILVER_PHYSICAL_CANONICAL	negative	canonical_possible	physical_negative_with_non_gold_or_cellular_assay		1	1	none_detected	0	0	0	0	0	0	100.0
264	WDR5b	828189	10090	ASH2R	841570	3702	no_interaction	Y2H	yeast two-hybrid	Using yeast two-hybrid approach, surprisingly, we found that WDR5b did not interact with either RBL or ASH2R in yeast (Figure S7).	We sought to determine whether WDR5b could form a complex with RBL and ASH2R.	These results suggest that in Arabidopsis there may be only a single core subcomplex for H3K4 methylation, namely ASH2R-RBL-WDR5a.	21423667	PMC3053346	Arabidopsis COMPASS-Like Complexes Mediate Histone H3 Lysine-4 Trimethylation to Control Floral Transition and Plant Development	CLAIM:000194084:0-1	PAIR2:GENE:828189|GENE:841570	CLAIM:000194084	7778fa2484d9353db9d9976c71ae80843d6bc599	SILVER_PHYSICAL_CANONICAL	negative	canonical_possible	physical_negative_with_non_gold_or_cellular_assay		1	1	none_detected	0	0	0	0	0	0	100.0
265	AGO1	36544	7227	Bam	43038	7227	no_interaction	Y2H	Yeast two-hybrid and coimmunoprecipitation	The binary complexes show direct and robust interaction of Brat-Bam, Brat-AGO 1, and no interaction of Bam and AGO1 proteins in Yeast and coimmunoprecipitation assay in S2 cells	3.1.		33907499	PMC8068763	Negative regulation of diminutive cancer regulator through differentiation and microRNA pathway components in Drosophila cells	CLAIM:000123052:0-1	PAIR2:GENE:36544|GENE:43038	CLAIM:000123052	13b62fc466ad28379d9643f1adf61e2c0a535525	SILVER_PHYSICAL_CANONICAL	negative	canonical_possible	physical_negative_with_non_gold_or_cellular_assay		1	1	none_detected	0	0	0	0	0	0	100.0
266	creatine kinase B	24264	10116	ASB9	367785	10090	no_interaction	Y2H	yeast two-hybrid	Yeast two-hybrid screening of OF-cDNAs library resulted in the identification of 10 potential ASB9 binding partners in GC but no interaction was found between ASB9 and creatine kinase B (CKB) in these GC.	These results were confirmed in western blot analysis showing strongest ASB9 protein amounts in OF.	Functional studies using CRISPR-Cas9 approach revealed that ASB9 inhibition led to increased GC proliferation and modulation of target genes expression.	30811458	PMC6392328	Gonadotropin regulation of ankyrin-repeat and SOCS-box protein 9 (ASB9) in ovarian follicles and identification of binding partners	CLAIM:000053590:0-1	PAIR2:GENE:24264|GENE:367785	CLAIM:000053590	80ff6ad55891e8907bd3e7a6d46978e66a945ab8	SILVER_PHYSICAL_CANONICAL	negative	canonical_possible	physical_negative_with_non_gold_or_cellular_assay		1	1	none_detected	0	0	0	0	0	0	100.0
267	ODR-10	180959	328850	SSTR5	6755	9606	no_interaction	Y2H	yeast two-hybrid	As shown in Figure 2E, ODR-10 did not interact with SSTR5, demonstrated by lack of growth on drop out media lacking His, and lack of beta-galactosidase expression.	We tested pairwise interaction between ODR-10-Cub and SSTR5-NubG using the split-ubiquitin yeast two-hybrid system.	It is possible that the enhanced BRET signals observed, whilst not being completely non-specific, only occur at the receptor concentrations achieved in the heterologous yeast system.	25254556	PMC4177895	Oligomerisation of C. elegans Olfactory Receptors, ODR-10 and STR-112, in Yeast	CLAIM:000285075:0-1	PAIR2:GENE:180959|GENE:6755	CLAIM:000285075	a3fee4cc0cde6b9c0935c2126d8ff07367005302	SILVER_PHYSICAL_CANONICAL	negative	canonical_possible	physical_negative_with_non_gold_or_cellular_assay		1	1	none_detected	0	0	0	0	0	0	100.0
268	Misshapen/NIKs-related kinase	50488	10090	Rap1	54386	9606	no_interaction	Y2H	yeast two-hybrid	By the affinity chromatography/mass-spectrometry approach and the yeast two-hybrid screening, we identified Misshapen/NIKs-related kinase (MINK) as a novel Rap2-interacting protein that does not interact with Rap1 or Ras.	Rap1 and Rap2 are similar Ras-like G proteins but perform distinct functions.	MINK is a member of the STE20 group of mitogen-activated protein kinase kinase kinase kinases.	18930710		MINK is a Rap2 effector for phosphorylation of the postsynaptic scaffold protein TANC1.	CLAIM:000345243:0-1	PAIR2:GENE:50488|GENE:54386	CLAIM:000345243	1221fec13b47f5116c5e33f2c4634653ffcfc5f6	SILVER_PHYSICAL_CANONICAL	negative	canonical_possible	physical_negative_with_non_gold_or_cellular_assay		1	1	none_detected	0	0	0	0	0	0	100.0
269	GAPDH	14433	10090	ABI3BP	25890	10090	no_interaction	coIP	co-immunoprecipitation	A, B Co-IP analysis revealed an interaction between ABI3BP and Klotho, but with no interaction observed between ABI3BP and GAPDH or Klotho and GAPDH.	ABI3BP promotes cell senescence by regulating Klotho to induce ferroptosis.	C Significantly increased Fe2+ content in HK-2 cells following the detection of KD-Klotho using a ferrous ion fluorescence probe (n = 3).	38812032	PMC11134664	ABI3BP promotes renal aging through Klotho-mediated ferroptosis	CLAIM:000037286:0-1	PAIR2:GENE:14433|GENE:25890	CLAIM:000037286	fdee2769ea974cc5b18e1638a195c3ce4d638845	SILVER_PHYSICAL_CANONICAL	negative	canonical_possible	physical_negative_with_non_gold_or_cellular_assay		1	1	none_detected	0	0	0	0	0	0	99.0
270	TBL3	10607	10090	JPH3	57338	9606	no_binding	pull_down	unknown	The interaction of TBL3 is specific for expanded CAG repeats, because no binding between TBL3 and CUG repeats in JPH3-(CUG)55, ATXN2-AS-(CUG)104 or HTT-AS-(CUG)80 was observed.	(B) TBL3 interacts with biotinylated expATXN2 (with 58 or 104 CAG repeats) and expHTT (with 56 or 80 CAG repeats) RNAs in an in vitro biotinylated RNA pull-down assay.	(C) Interaction between TBL3 and expATXN2 or expHTT is dependent on the CAG repeat region.	34390268	PMC8884117	RNA Toxicity and Perturbation of rRNA Processing in Spinocerebellar Ataxia Type 2	CLAIM:000328738:0-1	PAIR2:GENE:10607|GENE:57338	CLAIM:000328738	d1b1c9da82c77e3cdb6d8bc104a2f77719c8a124	SILVER_PHYSICAL_CANONICAL	negative	canonical_possible	physical_negative_with_non_gold_or_cellular_assay	positive_control	1	1	none_detected	1	0	1	0	0	0	99.0
271	TBL3	10607	10090	ATXN2	6311	9606	no_binding	pull_down	unknown	The interaction of TBL3 is specific for expanded CAG repeats, because no binding between TBL3 and CUG repeats in JPH3-(CUG)55, ATXN2-AS-(CUG)104 or HTT-AS-(CUG)80 was observed.	(B) TBL3 interacts with biotinylated expATXN2 (with 58 or 104 CAG repeats) and expHTT (with 56 or 80 CAG repeats) RNAs in an in vitro biotinylated RNA pull-down assay.	(C) Interaction between TBL3 and expATXN2 or expHTT is dependent on the CAG repeat region.	34390268	PMC8884117	RNA Toxicity and Perturbation of rRNA Processing in Spinocerebellar Ataxia Type 2	CLAIM:000328739:0-1	PAIR2:GENE:10607|GENE:6311	CLAIM:000328739	2de138af70205dd700a587b13217b16a4f03635e	SILVER_PHYSICAL_CANONICAL	negative	canonical_possible	physical_negative_with_non_gold_or_cellular_assay	positive_control	1	1	none_detected	1	0	1	0	0	0	99.0
272	TBL3	10607	10090	HTT	3064	9606	no_binding	pull_down	unknown	The interaction of TBL3 is specific for expanded CAG repeats, because no binding between TBL3 and CUG repeats in JPH3-(CUG)55, ATXN2-AS-(CUG)104 or HTT-AS-(CUG)80 was observed.	(B) TBL3 interacts with biotinylated expATXN2 (with 58 or 104 CAG repeats) and expHTT (with 56 or 80 CAG repeats) RNAs in an in vitro biotinylated RNA pull-down assay.	(C) Interaction between TBL3 and expATXN2 or expHTT is dependent on the CAG repeat region.	34390268	PMC8884117	RNA Toxicity and Perturbation of rRNA Processing in Spinocerebellar Ataxia Type 2	CLAIM:000328740:0-1	PAIR2:GENE:10607|GENE:3064	CLAIM:000328740	cd6f8f48b502149c4556c529b4e48f43b717c833	SILVER_PHYSICAL_CANONICAL	negative	canonical_possible	physical_negative_with_non_gold_or_cellular_assay	positive_control	1	1	none_detected	1	0	1	0	0	0	99.0
273	VIP1	840957	3702	ASK1	843928	3702	no_interaction	BiFC	BiFC	Figure 3A shows that, in the multi-color bridge-BiFC assay, VIP1 did not interact directly with ASK1.	To better understand the relationship between VIP1 and the SCFVBF complex, we assayed for interactions between VIP1, VBF and ASK1.	Coexpression of VBF resulted in formation of VBF-ASK1 complexes detected as the cCFP/nVenus BiFC signal, indicating that VBF indeed represents a component of the SCFVBF complex.	20227663	PMC3427693	Agrobacterium induces expression of a host F-box protein required for tumorigenicity	CLAIM:000215305:0-1	PAIR2:GENE:840957|GENE:843928	CLAIM:000215305	8dae7e42b3b88c20f1b08da5646780e5e57fdf1f	SILVER_PHYSICAL_CANONICAL	negative	canonical_possible	physical_negative_with_non_gold_or_cellular_assay		1	1	none_detected	0	0	0	0	0	0	99.0
274	IRF9	10379	9606	UL23	3077524	10359	no_interaction	coIP	co-immunoprecipitation	Results indicated the coimmunoprecipitation of STAT1-STAT2 and STAT2-IRF9 complexes in cell extracts, as reported previously; however, no interaction between UL23 and ISGF3 subunits was observed in the co-IP assay (Figure 5A).	First, we utilized anti-IRF9, anti-STAT1, and anti-STAT2 antibodies for immunoprecipitate protein lysates collected in transfected cells, followed by immunoblotting performed using antibodies, as indicated.		34305856	PMC8301221	Human Cytomegalovirus UL23 Attenuates Signal Transducer and Activator of Transcription 1 Phosphorylation and Type I Interferon Response	CLAIM:000322852:0-1	PAIR2:GENE:10379|GENE:3077524	CLAIM:000322852	ead5b8bfa7e18a65b8dc9b249e92ab8f4c8b83c7	SILVER_PHYSICAL_CANONICAL	negative	canonical_possible	physical_negative_with_non_gold_or_cellular_assay	negative_control	1	1	none_detected	0	0	0	0	0	0	99.0
275	UL23	3077524	10359	STAT1	6772	9606	no_interaction	coIP	co-immunoprecipitation	Results indicated the coimmunoprecipitation of STAT1-STAT2 and STAT2-IRF9 complexes in cell extracts, as reported previously; however, no interaction between UL23 and ISGF3 subunits was observed in the co-IP assay (Figure 5A).	First, we utilized anti-IRF9, anti-STAT1, and anti-STAT2 antibodies for immunoprecipitate protein lysates collected in transfected cells, followed by immunoblotting performed using antibodies, as indicated.		34305856	PMC8301221	Human Cytomegalovirus UL23 Attenuates Signal Transducer and Activator of Transcription 1 Phosphorylation and Type I Interferon Response	CLAIM:000322850:0-1	PAIR2:GENE:3077524|GENE:6772	CLAIM:000322850	948fcac849de2f0b2366a8cfd497ac9085438009	SILVER_PHYSICAL_CANONICAL	negative	canonical_possible	physical_negative_with_non_gold_or_cellular_assay	negative_control	1	1	none_detected	0	0	0	0	0	0	99.0
276	telethonin	608508	1613	JPH-2	610874	1613	no_interaction	coIP	co-immunoprecipitation	On the other hand, JPH-2 does not interact, or only very weakly, with the six scaffolding proteins tested, including BIN-1, caveolin-3 and telethonin, that are involved in t-tubule formation and dyad maintenance.	JPH-2 also interacts with Cav1.2 and KCNQ1, the pore-forming subunits of L-type Ca (ICaL) and slow delayed rectifier (IKs) channels.		26538326	PMC4762763	JPH-2 INTERACTS WITH Cai-HANDLING PROTEINS AND ION CHANNELS IN DYADS: CONTRIBUTION TO PREMATURE VENTRICULAR CONTRACTION-INDUCED CARDIOMYOPATHY	CLAIM:000274177:0-1	PAIR2:GENE:608508|GENE:610874	CLAIM:000274177	455b3a529ed820717c77813175fef05f460c732a	SILVER_PHYSICAL_CANONICAL	negative	canonical_possible	physical_negative_with_non_gold_or_cellular_assay		1	1	none_detected	0	0	0	0	0	0	99.0
277	GAPDH	14433	10090	Klotho	9365	9606	no_interaction	coIP	co-immunoprecipitation	A, B Co-IP analysis revealed an interaction between ABI3BP and Klotho, but with no interaction observed between ABI3BP and GAPDH or Klotho and GAPDH.	ABI3BP promotes cell senescence by regulating Klotho to induce ferroptosis.	C Significantly increased Fe2+ content in HK-2 cells following the detection of KD-Klotho using a ferrous ion fluorescence probe (n = 3).	38812032	PMC11134664	ABI3BP promotes renal aging through Klotho-mediated ferroptosis	CLAIM:000037287:0-1	PAIR2:GENE:14433|GENE:9365	CLAIM:000037287	f5666537b2fdd660607da9ebc05ea32b2c9571d8	SILVER_PHYSICAL_CANONICAL	negative	canonical_possible	physical_negative_with_non_gold_or_cellular_assay		1	1	none_detected	0	0	0	0	0	0	99.0
278	Homer2	26557	10090	proteins	81750	10116	no_interaction	coIP	co-immunoprecipitation	Surprisingly, none of these proteins were detected in the co-IP samples, suggesting that these proteins do not interact with Homer2 in the mouse brain (Supplemental Data 1).	With this approach, we detected 11 of the 31 previously reported Homer2-interacting proteins in the mouse whole-brain input fractions (Figure 2A; Figure 3A; Supplemental Data 1).	Nonetheless, 6 of the 31 previously reported Homer2-interacting proteins were detected in the co-IP samples (Figure 2A; Figure 3A; Supplemental Data 2).	28728878	PMC5722633	A mass spectrometry-based proteomic analysis of Homer2-interacting proteins in the mouse brain	CLAIM:000302399:0-1	PAIR2:GENE:26557|GENE:81750	CLAIM:000302399	10e6685a58b9960354ba17e07da6c3546dffdb8d	SILVER_PHYSICAL_CANONICAL	negative	canonical_possible	physical_negative_with_non_gold_or_cellular_assay		1	1	none_detected	0	0	0	0	0	0	99.0
279	GAPDH	14433	10090	YAP	22601	10090	no_interaction	coIP	co-immunoprecipitation	In contrast, no interaction between YAP and GAPDH was observed, while none of the proteins were detectable in IgG control IP.	As shown in Figure 3B, YAP was potently enriched in YAP IP, and the interactions between YAP and CREB as well as p-CREB were observed.	Notably, we did not observe any difference in YAP binding between total CREB and p-CREB, suggesting that YAP binds both to phosphorylated and unphosphorylated version of CREB.	28857442	PMC5742726	cAMP response element-binding protein and Yes-associated protein form a feedback loop that promotes neurite outgrowth	CLAIM:000183873:0-1	PAIR2:GENE:14433|GENE:22601	CLAIM:000183873	14a74ce669fdf044626347be3b533ab6b94e1e8e	SILVER_PHYSICAL_CANONICAL	negative	canonical_possible	physical_negative_with_non_gold_or_cellular_assay		1	1	none_detected	0	0	0	0	0	0	99.0
280	cGAS	214763	10090	PRMT3	71974	10090	no_interaction	coIP	Co-IP	We also performed Co-IP and found that endogenous PRMT3 did not interact with RIG-I, MDA5, and cGAS (Supplementary Fig.	However, RIG-I, MDA5, and cGAS were not identified in our IP-LC/MS data.	13).	39256398	PMC11387718	Targeting PRMT3 impairs methylation and oligomerization of HSP60 to boost anti-tumor immunity by activating cGAS/STING signaling	CLAIM:000003682:0-1	PAIR2:GENE:214763|GENE:71974	CLAIM:000003682	b55100c23fb18c120edc4e60acb5d35f3a1a0787	SILVER_PHYSICAL_CANONICAL	negative	canonical_possible	physical_negative_with_non_gold_or_cellular_assay		1	1	none_detected	0	0	0	0	0	0	99.0
281	EGFR	1956	9606	ABCB1	5243	9606	no_interaction	coIP	co-immunoprecipitation	The co-immunoprecipitation assay showed that there is no interaction between EGFR and ABCB1 in the presence or absence of cetuximab.	Whether EGFR interacts with ABCB1 and induce its endocytosis in the presence of cetuximab?	On the other hand, we did not observed ABCB1 downregulation by Flow cytometry examination (Figure 5B, 5C).	26506420	PMC4747373	Cetuximab enhanced the efficacy of chemotherapeutic agent in ABCB1/P-glycoprotein-overexpressing cancer cells	CLAIM:000202938:0-1	PAIR2:GENE:1956|GENE:5243	CLAIM:000202938	2cb3f60b419bb2d512f1f70ad1a9589fcbb33581	SILVER_PHYSICAL_CANONICAL	negative	canonical_possible	physical_negative_with_non_gold_or_cellular_assay		1	1	none_detected	0	0	0	0	0	0	99.0
282	PLK4	10733	9606	KIFC1	3833	9606	no_interaction	coIP	Co-IP	To investigate the potential mechanism of KIFC1 regulating PLK4 degradation, a Co-IP assay was conducted, and results showed that KIFC1 did not interact with PLK4 directly (Fig.		S1F).	39349439	PMC11442630	KIFC1 depends on TRIM37-mediated ubiquitination of PLK4 to promote centrosome amplification in endometrial cancer	CLAIM:000156142:0-1	PAIR2:GENE:10733|GENE:3833	CLAIM:000156142	19b286d0f3de4ba89296cb1860885bb921b9c2a8	SILVER_PHYSICAL_CANONICAL	negative	canonical_possible	physical_negative_with_non_gold_or_cellular_assay		1	1	none_detected	0	0	0	0	0	0	99.0
283	GABRA3	24947	10090	TNIK	294917	10090	no_interaction	coIP	Co-IP/MS	The data showed that TNIK was not associated with GRIA2, vGlut1, GRIN1, GRIN2A, GRIN2B, GABRA1, GABRA3, GABRA4, or GABRB1 (Fig.	7A).	7B).	38292191	PMC10826163	The Traf2 and NcK interacting kinase inhibitor NCB-0846 suppresses seizure activity involving the decrease of GRIA1	CLAIM:000120601:0-1	PAIR2:GENE:24947|GENE:294917	CLAIM:000120601	e0640fc6d03e6826e71076d4e72bd24157c47f29	SILVER_PHYSICAL_CANONICAL	negative	canonical_possible	physical_negative_with_non_gold_or_cellular_assay		1	1	none_detected	0	0	0	0	0	0	99.0
284	EGFR	1956	9606	RNASET2	8635	10090	no_interaction	coIP	co-immunoprecipitation	However, co-IP analysis revealed no interaction between RNASET2 and EGFR (Figure S7A, Supporting Information).	These findings led us to speculate that RNASET2 could suppress HCC cell metastasis by repressing the EGFR signaling pathway through either reducing cholesterol levels or impeding RNase 5-induced EGFR activation.	Moreover, the elimination or overexpression of RNASET2 only had a slight effect on EGFR phosphorylation (Figure S7B,C, Supporting Information).	39903758	PMC11948071	RNASET2 Deficiency Induces Hepatocellular Carcinoma Metastasis through Cholesterol-Triggered MET Activation	CLAIM:000095455:0-1	PAIR2:GENE:1956|GENE:8635	CLAIM:000095455	e9e47200cdf9d36abb680f32003c144ca8d14187	SILVER_PHYSICAL_CANONICAL	negative	canonical_possible	physical_negative_with_non_gold_or_cellular_assay		1	1	none_detected	0	0	0	0	0	0	99.0
285	Notch1	18128	10090	DNER	227325	10090	no_interaction	coIP	co-immunoprecipitation	Meanwhile, we performed Co-IP experiments and the results showed no interaction between DNER and Notch1 (Figure 6D).	DNER can neither regulate the expression of Notch1 nor its downstream target proteins such as HES1 and HEY1 (Figure 3B,C).	These findings indicate that the effect of DNER on hepatic insulin signaling is independent of Notch1.	38553003	PMC10999696	Tyrosine-phosphorylated DNER sensitizes insulin signaling in hepatic gluconeogenesis by inducing proteasomal degradation of TRB3	CLAIM:000005646:0-1	PAIR2:GENE:18128|GENE:227325	CLAIM:000005646	b36486efa61d5599652ff62440eecb155bc5224a	SILVER_PHYSICAL_CANONICAL	negative	canonical_possible	physical_negative_with_non_gold_or_cellular_assay		1	1	none_detected	0	0	0	0	0	0	99.0
286	fibrillarin	2091	9606	MTA1	9112	9606	no_interaction	coIP	Co-IP	Immunofluorescent colocalization analyses showed that MTA1 localizes to the fibrillarin-deficient regions of the nucleolus, and Co-IP experiments indicated that there was no interaction between MTA1 and fibrillarin; further, fibrillarin was not identified in the MTA1 interactome.	MTA1 interacts with two major resident nucleolar proteins, nucleolin and nucleophosmin.	Loss- and gain-of-function studies indicated that MTA1 promotes pre-rRNA transcription in cancer cells.	32786109		Cancer metastasis-associated protein 1 localizes to the nucleolus and regulates pre-rRNA synthesis in cancer cells.	CLAIM:000308677:0-1	PAIR2:GENE:2091|GENE:9112	CLAIM:000308677	8aab688d83c0b93a7df08b55e0e4580421cb0318	SILVER_PHYSICAL_CANONICAL	negative	canonical_possible	physical_negative_with_non_gold_or_cellular_assay		1	1	none_detected	0	0	0	0	0	0	99.0
287	PDIA5	10954	10090	PNPLA2	57104	9606	no_interaction	coIP	Co-IP	7f), and Co-IP assay revealed no interaction between PNPLA2 and PDIA5 (Supplementary Fig.	Additionally, no expression of PNPLA2 was detected in the protein lysis from isolated lysosomes (Supplementary Fig.	7g).	30842415	PMC6403256	ABHD5 blunts the sensitivity of colorectal cancer to fluorouracil via promoting autophagic uracil yield	CLAIM:000225764:0-1	PAIR2:GENE:10954|GENE:57104	CLAIM:000225764	210774624231364df583299156eed2d40eb751a4	SILVER_PHYSICAL_CANONICAL	negative	canonical_possible	physical_negative_with_non_gold_or_cellular_assay		1	1	none_detected	0	0	0	0	0	0	99.0
289	Ago2	239528	10090	hnRNP E2	5094	9606	no_interaction	coIP	co-immunoprecipitation	Anti-hnRNP E2 and anti-Dicer (Figures 3A and 3B) coimmunoprecipitation (coIP) experiments clearly show that hnRNP E2 did not interact with Dicer, TRBP2, or Ago2.	To assess whether the hnRNP E2:miR-328 interaction occurs in the presence of major components of the RISC loading complex, we evaluated whether hnRNP E2 is in complex with Dicer, Ago2, or TRBP2.	Likewise, hnRNP E2 or Dicer immunodepletion did not alter levels of RISC components (Ago2 and TRBP2) or hnRNP E2, respectively (Figures 3A and 3B).	20211135	PMC2924756	miR-328 Functions as an RNA Decoy to Modulate hnRNP E2 Regulation of mRNA Translation in Leukemic Blasts	CLAIM:000337732:0-1	PAIR2:GENE:239528|GENE:5094	CLAIM:000337732	969d58e1413e8aefdb7faa083c24e126bec9a7b7	SILVER_PHYSICAL_CANONICAL	negative	canonical_possible	physical_negative_with_non_gold_or_cellular_assay		1	1	none_detected	0	0	0	0	0	0	99.0
290	PTPN21	11099	9606	GADD45A	1647	9606	no_interaction	coIP	Co-IP	However, unexpectedly, the Co-IP experimental results showed that there was no interaction between GADD45A and PTPN21 proteins (Fig 7C).	Additionally, Co-IP experiments indicated that an increased amount of interaction between Cdk1 and Cyclin B1 could be observed due to elevated Cdk1 expression resulting from PTPN21 overexpression (Fig 7B), which suggests that PTPN21 may accelerate the G2/M phase transition, as corroborated by earlier experiments.		40305474	PMC12043166	PTPN21 inhibits cell apoptosis of acute lymphoblastic leukemia induced by chemotherapeutic agents via GADD45A and JNK signaling pathway	CLAIM:000000050:0-1	PAIR2:GENE:11099|GENE:1647	CLAIM:000000050	02394cbc62ea304d4903dfbcc51bb62003a07dd3	SILVER_PHYSICAL_CANONICAL	negative	canonical_possible	physical_negative_with_non_gold_or_cellular_assay		1	1	none_detected	0	0	0	0	0	0	99.0
291	NSUN2	54888	10090	HBx	944566	10407	no_interaction	coIP	co-immunoprecipitation	Notably, HBx did not interact with NSUN2 in the co-immunoprecipitation (co-IP) assay (Fig.	3D).	3E) or affect the stability of NSUN2 mRNA in the RNA stability assay (Fig.	38216565	PMC10786922	Epigenetic addition of m5C to HBV transcripts promotes viral replication and evasion of innate antiviral responses	CLAIM:000213229:0-1	PAIR2:GENE:54888|GENE:944566	CLAIM:000213229	42189c71ae9217b92403d80beb5a11b6f42d2adb	SILVER_PHYSICAL_CANONICAL	negative	canonical_possible	physical_negative_with_non_gold_or_cellular_assay		1	1	none_detected	0	0	0	0	0	0	99.0
292	RAB7	338382	9606	PPP2R1A	5518	10090	no_interaction	coIP	co-immunoprecipitation	1B,C, no interaction can be detected between PPP2R1A and RAB7 by both co-immunoprecipitation and pull-down assays, confirming the results of the MS-based interactomics analysis (Fig.	As shown in Fig.	S1).	27611305	PMC5017145	A subset of RAB proteins modulates PP2A phosphatase activity	CLAIM:000091164:0-1	PAIR2:GENE:338382|GENE:5518	CLAIM:000091164	4f0ce0487226acb7d3ee26d14505010e8aa85003	SILVER_PHYSICAL_CANONICAL	negative	canonical_possible	physical_negative_with_non_gold_or_cellular_assay		1	1	none_detected	0	0	0	0	0	0	99.0
293	ASPP1	23368	10090	CEP55	55165	9606	no_interaction	coIP	co-immunoprecipitation	The co-IP assay showed that ASPP1 and ASPP2, two other members of the ASPP family, do not interact with endogenous CEP55.	These results suggested that either the N- or C-terminal tag of CEP55 might hinder CEP55-iASPP interaction.	This result suggested that the iASPP-CEP55 interaction is specific (Fig.	29743530	PMC5943338	iASPP-PP1 complex is required for cytokinetic abscission by controlling CEP55 dephosphorylation	CLAIM:000199998:0-1	PAIR2:GENE:23368|GENE:55165	CLAIM:000199998	2916449c0a26686def8b68a324162b5124f8b406	SILVER_PHYSICAL_CANONICAL	negative	canonical_possible	physical_negative_with_non_gold_or_cellular_assay		1	1	none_detected	0	0	0	0	0	0	99.0
294	POT1a	101185	10090	CST	12854	10090	no_interaction	coIP	co-immunoprecipitation	In contrast, co-IP experiments revealed no interaction of CST with TRF1, TRF2, Rap1, TIN2, and POT1a (Fig.	S5A-C).	S5A-C).	22748632	PMC3392515	Telomeric 3' overhangs derive from resection by Exo1 and Apollo and fill-in by POT1b-associated CST	CLAIM:000164428:0-1	PAIR2:GENE:101185|GENE:12854	CLAIM:000164428	8b8616b7d725021b0ca9fff6773358afc885bebb	SILVER_PHYSICAL_CANONICAL	negative	canonical_possible	physical_negative_with_non_gold_or_cellular_assay		1	1	none_detected	0	0	0	0	0	0	99.0
295	GRIN2A	24409	10116	TNIK	294917	10090	no_interaction	coIP	Co-IP/MS	The data showed that TNIK was not associated with GRIA2, vGlut1, GRIN1, GRIN2A, GRIN2B, GABRA1, GABRA3, GABRA4, or GABRB1 (Fig.	7A).	7B).	38292191	PMC10826163	The Traf2 and NcK interacting kinase inhibitor NCB-0846 suppresses seizure activity involving the decrease of GRIA1	CLAIM:000120598:0-1	PAIR2:GENE:24409|GENE:294917	CLAIM:000120598	8b8e59825f866d2dc035081886b077c8a1a33d5e	SILVER_PHYSICAL_CANONICAL	negative	canonical_possible	physical_negative_with_non_gold_or_cellular_assay		1	1	none_detected	0	0	0	0	0	0	99.0
296	CST	12854	10090	TIN2	26277	9606	no_interaction	coIP	co-immunoprecipitation	In contrast, co-IP experiments revealed no interaction of CST with TRF1, TRF2, Rap1, TIN2, and POT1a (Fig.	S5A-C).	S5A-C).	22748632	PMC3392515	Telomeric 3' overhangs derive from resection by Exo1 and Apollo and fill-in by POT1b-associated CST	CLAIM:000164427:0-1	PAIR2:GENE:12854|GENE:26277	CLAIM:000164427	82cb8ca510d6512fa4f0908aa25b23be20055ef3	SILVER_PHYSICAL_CANONICAL	negative	canonical_possible	physical_negative_with_non_gold_or_cellular_assay		1	1	none_detected	0	0	0	0	0	0	99.0
297	GRIN2B	24410	10116	TNIK	294917	10090	no_interaction	coIP	Co-IP/MS	The data showed that TNIK was not associated with GRIA2, vGlut1, GRIN1, GRIN2A, GRIN2B, GABRA1, GABRA3, GABRA4, or GABRB1 (Fig.	7A).	7B).	38292191	PMC10826163	The Traf2 and NcK interacting kinase inhibitor NCB-0846 suppresses seizure activity involving the decrease of GRIA1	CLAIM:000120599:0-1	PAIR2:GENE:24410|GENE:294917	CLAIM:000120599	7ee6042ee48e48aadf5b534821d7e4edbc105c32	SILVER_PHYSICAL_CANONICAL	negative	canonical_possible	physical_negative_with_non_gold_or_cellular_assay		1	1	none_detected	0	0	0	0	0	0	99.0
298	GRIN1	24408	10116	TNIK	294917	10090	no_interaction	coIP	Co-IP/MS	The data showed that TNIK was not associated with GRIA2, vGlut1, GRIN1, GRIN2A, GRIN2B, GABRA1, GABRA3, GABRA4, or GABRB1 (Fig.	7A).	7B).	38292191	PMC10826163	The Traf2 and NcK interacting kinase inhibitor NCB-0846 suppresses seizure activity involving the decrease of GRIA1	CLAIM:000120597:0-1	PAIR2:GENE:24408|GENE:294917	CLAIM:000120597	8c305eb2eba761e2a86dfd50132fdd178c3b5d11	SILVER_PHYSICAL_CANONICAL	negative	canonical_possible	physical_negative_with_non_gold_or_cellular_assay		1	1	none_detected	0	0	0	0	0	0	99.0
299	Ack	10188	9606	Hpo	37247	7227	no_interaction	coIP	co-immunoprecipitation	By co-IP experiments, we confirmed that Ack has no interaction with Hpo or Wts.	To verify our hypothesis, we checked whether Ack interacts with other components of Hippo signaling and analyzed whether Ack affects their activity in S2 cells.	We further tested upstream components such as Mer and Ex.	27462444	PMC4860957	Ack promotes tissue growth via phosphorylation and suppression of the Hippo pathway component Expanded	CLAIM:000160221:0-1	PAIR2:GENE:10188|GENE:37247	CLAIM:000160221	fd05fdba9c608ff7330f43508515b1e2f4d852f1	SILVER_PHYSICAL_CANONICAL	negative	canonical_possible	physical_negative_with_non_gold_or_cellular_assay		1	1	none_detected	0	0	0	0	0	0	99.0
300	CIB1	10519	9606	CIB4	130106	10090	no_binding	pull_down	pull-down	While interaction between DRC3 and DRC4, two known interactors, is detected, CIB4-FLAG was not pulled down with CIB1-PA (Supplementary Figure S4), suggesting that CIB4 does not interact directly with CIB1.	Because Cib4-7/-7 mice phenocopy Cib1 KO mice and both Cib1 and Cib4 are expressed in germ cells, we analyzed the interaction of CIB1 and CIB4 by co-expression in HEK293T cells.		32430498	PMC7401386	CIB4 is essential for the haploid phase of spermatogenesis in mice	CLAIM:000131451:0-1	PAIR2:GENE:10519|GENE:130106	CLAIM:000131451	dea2fa4b0402a5e96587a20ec3be5ee57c74b939	SILVER_PHYSICAL_CANONICAL	negative	canonical_possible	physical_negative_with_non_gold_or_cellular_assay	positive_control	1	1	none_detected	1	0	1	0	0	0	99.0
301	CST	12854	10090	TRF1	21749	10090	no_interaction	coIP	co-immunoprecipitation	In contrast, co-IP experiments revealed no interaction of CST with TRF1, TRF2, Rap1, TIN2, and POT1a (Fig.	S5A-C).	S5A-C).	22748632	PMC3392515	Telomeric 3' overhangs derive from resection by Exo1 and Apollo and fill-in by POT1b-associated CST	CLAIM:000164424:0-1	PAIR2:GENE:12854|GENE:21749	CLAIM:000164424	986a7fdeadf52f3937ed7f9b5feaa9b837923eb6	SILVER_PHYSICAL_CANONICAL	negative	canonical_possible	physical_negative_with_non_gold_or_cellular_assay		1	1	none_detected	0	0	0	0	0	0	99.0
302	CST	12854	10090	TRF2	21750	10090	no_interaction	coIP	co-immunoprecipitation	In contrast, co-IP experiments revealed no interaction of CST with TRF1, TRF2, Rap1, TIN2, and POT1a (Fig.	S5A-C).	S5A-C).	22748632	PMC3392515	Telomeric 3' overhangs derive from resection by Exo1 and Apollo and fill-in by POT1b-associated CST	CLAIM:000164425:0-1	PAIR2:GENE:12854|GENE:21750	CLAIM:000164425	cf493404f16011e76f0755d8e3d510f2137b82ee	SILVER_PHYSICAL_CANONICAL	negative	canonical_possible	physical_negative_with_non_gold_or_cellular_assay		1	1	none_detected	0	0	0	0	0	0	99.0
303	NLRP1	22861	10090	Pso	51268	10090	no_binding	pull_down	pull-down	Importantly, only NLRP3 was present in the pull-down fractions, with no binding detected for NLRP1, AIM2, or NLRC4, indicating that Pso specifically binds to NLRP3 (Fig.	To investigate the specificity of Pso's binding, we expressed several inflammasome sensors, including NLRP1, AIM2, NLRP3, and NLRC4, in HEK-293T cells and treated them with Bio-Pso.	5D).	40038816	PMC11881452	Inactivation of NLRP3 inflammasome by dephosphorylation at Serine 658 alleviates glial inflammation in the mouse model of Parkinson's disease	CLAIM:000179905:0-1	PAIR2:GENE:22861|GENE:51268	CLAIM:000179905	5872483f587c6ac2755c9afce30090b9cf44235c	SILVER_PHYSICAL_CANONICAL	negative	canonical_possible	physical_negative_with_non_gold_or_cellular_assay	positive_control	1	1	none_detected	1	0	1	0	0	0	99.0
304	Ack	10188	9606	Wts	43651	7227	no_interaction	coIP	co-immunoprecipitation	By co-IP experiments, we confirmed that Ack has no interaction with Hpo or Wts.	To verify our hypothesis, we checked whether Ack interacts with other components of Hippo signaling and analyzed whether Ack affects their activity in S2 cells.	We further tested upstream components such as Mer and Ex.	27462444	PMC4860957	Ack promotes tissue growth via phosphorylation and suppression of the Hippo pathway component Expanded	CLAIM:000160222:0-1	PAIR2:GENE:10188|GENE:43651	CLAIM:000160222	ccb938f9c4261629da23373f24c7464e7cc68fec	SILVER_PHYSICAL_CANONICAL	negative	canonical_possible	physical_negative_with_non_gold_or_cellular_assay		1	1	none_detected	0	0	0	0	0	0	99.0
305	Nischarin	11188	10090	Cortactin	2017	9606	no_interaction	coIP	Coimmunoprecipitation	Coimmunoprecipitation experiments demonstrated that Nischarin does not interact with Cortactin (Fig.	Since we did not find any changes in Cortactin RNA or protein expression, we thought Nischarin might alter invadopodia formation by interacting with Cortactin.	5e).	29415725	PMC5803897	Nischarin regulates focal adhesion and Invadopodia formation in breast cancer cells	CLAIM:000234315:0-1	PAIR2:GENE:11188|GENE:2017	CLAIM:000234315	4f0bc94dac9e12a30df0b796477881a580e35e14	SILVER_PHYSICAL_CANONICAL	negative	canonical_possible	physical_negative_with_non_gold_or_cellular_assay		1	1	none_detected	0	0	0	0	0	0	99.0
306	vGlut1	116638	10116	TNIK	294917	10090	no_interaction	coIP	Co-IP/MS	The data showed that TNIK was not associated with GRIA2, vGlut1, GRIN1, GRIN2A, GRIN2B, GABRA1, GABRA3, GABRA4, or GABRB1 (Fig.	7A).	7B).	38292191	PMC10826163	The Traf2 and NcK interacting kinase inhibitor NCB-0846 suppresses seizure activity involving the decrease of GRIA1	CLAIM:000120596:0-1	PAIR2:GENE:116638|GENE:294917	CLAIM:000120596	6614644c5bc98e87b3080936c3bd7dcfe649584c	SILVER_PHYSICAL_CANONICAL	negative	canonical_possible	physical_negative_with_non_gold_or_cellular_assay		1	1	none_detected	0	0	0	0	0	0	99.0
307	IFI204	15951	10090	ASC	20905	10090	no_interaction	coIP	unknown	No interaction was observed between ASC and IFI204 in the infected cells (Figure 4E, right column).	Co-immunoprecipitation (co-IP) experiments showed that STING was present in IFI204 immunoprecipitates, suggesting existence of a IFI204-STING conjugate molecule in J774A.1 cells (Figure 4E, left column).	This result further confirmed our hypothesis that IFI204 conjugates competitively with M. bovis to inhibit the AIM2-dependent IL-1beta production.	28529930	PMC5418236	The Central Role of IFI204 in IFN-beta Release and Autophagy Activation during Mycobacterium bovis Infection	CLAIM:000233014:0-1	PAIR2:GENE:15951|GENE:20905	CLAIM:000233014	f47eecddae790484fdd4dd297d3c4ad84d81670f	SILVER_PHYSICAL_CANONICAL	negative	canonical_possible	physical_negative_with_non_gold_or_cellular_assay		1	1	none_detected	0	0	0	0	0	0	99.0
308	DCAF7	10238	10090	FOXO1	2308	9606	no_interaction	coIP	coimmunoprecipitation	Moreover, coimmunoprecipitation experiments show that FOXO1 and DCAF7 do not interact (Figure S4A); thus, DCAF7 is unlikely to act as a scaffold for DYRK1A regulation of FOXO1.	Yet DYRK1A knockdown induces a mild effect on cell number over time compared to DCAF7 knockdown (Figure 2A and S6D).	Future work is required to examine whether reduced DYRK1A-mediated phosphorylation of FOXO1 on S329 contributes to increased FOXO1 activity and cell cycle arrest following DCAF7 knockdown.	36248734	PMC9556925	DCAF7 regulates cell proliferation through IRS1-FOXO1 signaling	CLAIM:000154319:0-1	PAIR2:GENE:10238|GENE:2308	CLAIM:000154319	0bff6c9163c0d87fe35e15521c1b040cdae8fbde	SILVER_PHYSICAL_CANONICAL	negative	canonical_possible	physical_negative_with_non_gold_or_cellular_assay		1	1	none_detected	0	0	0	0	0	0	99.0
309	BIN-1	483870	1613	JPH-2	610874	1613	no_interaction	coIP	co-immunoprecipitation	On the other hand, JPH-2 does not interact, or only very weakly, with the six scaffolding proteins tested, including BIN-1, caveolin-3 and telethonin, that are involved in t-tubule formation and dyad maintenance.	JPH-2 also interacts with Cav1.2 and KCNQ1, the pore-forming subunits of L-type Ca (ICaL) and slow delayed rectifier (IKs) channels.		26538326	PMC4762763	JPH-2 INTERACTS WITH Cai-HANDLING PROTEINS AND ION CHANNELS IN DYADS: CONTRIBUTION TO PREMATURE VENTRICULAR CONTRACTION-INDUCED CARDIOMYOPATHY	CLAIM:000274175:0-1	PAIR2:GENE:483870|GENE:610874	CLAIM:000274175	d97c11c50a1ff184d144fb238808fa760f717b77	SILVER_PHYSICAL_CANONICAL	negative	canonical_possible	physical_negative_with_non_gold_or_cellular_assay		1	1	none_detected	0	0	0	0	0	0	99.0
310	KIFC1	100502766	10090	PLK4	20873	10090	no_interaction	coIP	Co-IP	Co-IP assays indicated that KIFC1 did not interact with PLK4, whereas TRIM37 interacted with PLK4, and KIFC1 interacted with TRIM37.	The results based on the above experiments inferred that KIFC1 promoted centrosome amplification and EC progression dependent on PLK4, which also contributed to cell survival, proliferation, invasion, and migration.	Mechanically, KIFC1 decreased the expression of TRIM37 to reduce the PLK4 ubiquitination degradation and enhance its stability which finally led to EC progression.	39349439	PMC11442630	KIFC1 depends on TRIM37-mediated ubiquitination of PLK4 to promote centrosome amplification in endometrial cancer	CLAIM:000156139:0-1	PAIR2:GENE:100502766|GENE:20873	CLAIM:000156139	66a48c4cda94e37678f005a7d21e3244e6468f69	SILVER_PHYSICAL_CANONICAL	negative	canonical_possible	physical_negative_with_non_gold_or_cellular_assay		1	1	none_detected	0	0	0	0	0	0	99.0
311	BLT1	1241	9606	dynamin-2	1785	9606	no_interaction	coIP	co-immunoprecipitation	However, no interaction between dynamin-2 and BLT1 was observed in the group not treated with LTB4, or in HMC-1 cells stimulated with LTB4 for 30 min (Fig.	Similarly, LTB4 stimulation for 60 min strongly induced an interaction between dynamin-2 and BLT1 in HMC-1 cells compared to that in cells stimulated with medium alone.	7B).	39218627	PMC11366542	Dynamin 2-mediated endocytosis of BLT1 is required for IL-8 production in HMC-1 cells induced by Trichomonas vaginalis-derived secretory products	CLAIM:000282424:0-1	PAIR2:GENE:1241|GENE:1785	CLAIM:000282424	71ab1637131c91b962a9b49ba58d29372b6eb57f	SILVER_PHYSICAL_CANONICAL	negative	canonical_possible	physical_negative_with_non_gold_or_cellular_assay		1	1	none_detected	0	0	0	0	0	0	99.0
312	KDM5B	10765	9606	MDM2	4193	9606	no_interaction	coIP	Co-IP	(B) Co-IP validation indicated that KDM5B did not interact with MDM2 in PDLSCs.	(A) Prediction of recognition E3 ligases for KDM5B by UbiBrowser.	(C) Co-IP validation of exogenous expressed SKP2 and KDM5B in 293T cells.	35229010	PMC8844145	Circ_0087960 stabilizes KDM5B by reducing SKP2 mediated ubiquitination degradation and promotes osteogenic differentiation in periodontal ligament stem cells	CLAIM:000148471:0-1	PAIR2:GENE:10765|GENE:4193	CLAIM:000148471	b72732f737c10e295bedf3f721810db21175a2e2	SILVER_PHYSICAL_CANONICAL	negative	canonical_possible	physical_negative_with_non_gold_or_cellular_assay		1	1	none_detected	0	0	0	0	0	0	99.0
313	Six2	10736	10090	Myc	4609	9606	no_interaction	coIP	unknown	However, no interaction or a very weak physical interaction was observed between Myc and Six2 without Eya1 (Figure 7C).	CoIP analysis using nuclear extracts from 293 cells transfected with Eya1/Myc, Six2/Myc, or Eya1/Six2/Myc confirmed the physical interaction between Eya1 and Myc in the presence or absence of Six2 in 293 cells (Figure 7C).	These results confirm that coexpression with Six2 leads to nuclear translocation of Eya1 and that Eya1 interacts with Myc when exogenously expressed in 293 cells.	25458011	PMC4282136	Eya1 Interacts with Six2 and Myc to Regulate Expansion of the Nephron Progenitor Pool during Nephrogenesis	CLAIM:000075685:0-1	PAIR2:GENE:10736|GENE:4609	CLAIM:000075685	4665b755ff57229c70e1fe7e603c10a60fc9c3a1	SILVER_PHYSICAL_CANONICAL	negative	canonical_possible	physical_negative_with_non_gold_or_cellular_assay		1	1	none_detected	0	0	0	0	0	0	99.0
314	ERalpha	2099	9606	Lpp	4026	9606	no_interaction	coIP	co-immunoprecipitation	No interaction was observed between ERalpha and Lpp (Figure 1E, lane 9).	ERalpha showed similar binding activity with Ajuba, Limd1 and Wtip (Figure 1E, lanes 6, 7 and 10), and weakly interacted with Zyxin (Figure 1E, lane 8).	These data indicate that ERalpha selectively interacts with members of the Ajuba/Zyxin family.	30597111	PMC6412004	The LIM protein Ajuba recruits DBC1 and CBP/p300 to acetylate ERalpha and enhances ERalpha target gene expression in breast cancer cells	CLAIM:000263975:0-1	PAIR2:GENE:2099|GENE:4026	CLAIM:000263975	838a61a02bacc671e4814ac702d5c093091aed7b	SILVER_PHYSICAL_CANONICAL	negative	canonical_possible	physical_negative_with_non_gold_or_cellular_assay		1	1	none_detected	0	0	0	0	0	0	99.0
315	caveolin-3	484671	9615	JPH-2	610874	1613	no_interaction	coIP	co-immunoprecipitation	On the other hand, JPH-2 does not interact, or only very weakly, with the six scaffolding proteins tested, including BIN-1, caveolin-3 and telethonin, that are involved in t-tubule formation and dyad maintenance.	JPH-2 also interacts with Cav1.2 and KCNQ1, the pore-forming subunits of L-type Ca (ICaL) and slow delayed rectifier (IKs) channels.		26538326	PMC4762763	JPH-2 INTERACTS WITH Cai-HANDLING PROTEINS AND ION CHANNELS IN DYADS: CONTRIBUTION TO PREMATURE VENTRICULAR CONTRACTION-INDUCED CARDIOMYOPATHY	CLAIM:000274176:0-1	PAIR2:GENE:484671|GENE:610874	CLAIM:000274176	c652a1ddb27411403a112f0d0ec4ca0448cefff9	SILVER_PHYSICAL_CANONICAL	negative	canonical_possible	physical_negative_with_non_gold_or_cellular_assay		1	1	none_detected	0	0	0	0	0	0	99.0
316	PRMT6	55170	10090	TRAF6	7189	9606	no_interaction	coIP	Co-IP	Furthermore, the Co-IP experiment confirmed that there is no interaction between PRMT6 and TRAF6 (Fig.	Here, our data confirm that PRMT6 mediates the asymmetric dimethylation of histone H3 at arginine 2 (H3R2me2a) to inhibit the transcription of TRAF6, resulting in a significant decrease in the expression levels of TRAF6 in glioblastoma cells with PRMT6 overexpressing.	S5), and ChIP-qPCR results showed that PRMT6 inhibits the transcriptional regulation of TRAF6 through H3R2me2a at the TRAF6 promoter.	39043634	PMC11266590	PRMT6 facilitates EZH2 protein stability by inhibiting TRAF6-mediated ubiquitination degradation to promote glioblastoma cell invasion and migration	CLAIM:000247364:0-1	PAIR2:GENE:55170|GENE:7189	CLAIM:000247364	b3c950a91b04975077d17df17630c306a1692e80	SILVER_PHYSICAL_CANONICAL	negative	canonical_possible	physical_negative_with_non_gold_or_cellular_assay		1	1	none_detected	0	0	0	0	0	0	99.0
317	Pso	51268	10090	AIM2	9447	10090	no_binding	pull_down	pull-down	Importantly, only NLRP3 was present in the pull-down fractions, with no binding detected for NLRP1, AIM2, or NLRC4, indicating that Pso specifically binds to NLRP3 (Fig.	To investigate the specificity of Pso's binding, we expressed several inflammasome sensors, including NLRP1, AIM2, NLRP3, and NLRC4, in HEK-293T cells and treated them with Bio-Pso.	5D).	40038816	PMC11881452	Inactivation of NLRP3 inflammasome by dephosphorylation at Serine 658 alleviates glial inflammation in the mouse model of Parkinson's disease	CLAIM:000179906:0-1	PAIR2:GENE:51268|GENE:9447	CLAIM:000179906	46a10885b3d2d7c4e62249ffb032622508c9bfbb	SILVER_PHYSICAL_CANONICAL	negative	canonical_possible	physical_negative_with_non_gold_or_cellular_assay	positive_control	1	1	none_detected	1	0	1	0	0	0	99.0
318	XRN1	54464	9606	YTHDF1	54915	9606	no_interaction	coIP	co-immunoprecipitation	YTHDF1 did not interact with XRN1 according to the co-IP assay in 293T cells.			33605073	PMC8025027	N(6)-methyladenosine-binding protein YTHDF1 suppresses EBV replication and promotes EBV RNA decay	CLAIM:000259933:0-1	PAIR2:GENE:54464|GENE:54915	CLAIM:000259933	db712bf000fc2763049faeea18f0c5ad3e4ce33c	SILVER_PHYSICAL_CANONICAL	negative	canonical_possible	physical_negative_with_non_gold_or_cellular_assay		1	1	none_detected	0	0	0	0	0	0	99.0
319	GSA-1	171687	328850	GPA-15	172645	328850	no_binding	pull_down	pull-down	Both DOP-2-CV & DOP-2-CVI showed no binding with control Galpha proteins GPA-15 and GSA-1 (lanes 4, 5, 6 & 7).	Colorimetric detection of interaction complex showed that DOP-2-CVI (lane 3) but not DOP-2-CV (lane 2) was pulled down with GPA-14-His protein.		22280843	PMC3297496	The Caenorhabditis elegans D2-like dopamine receptor DOP-2 physically interacts with GPA-14, a Galphai subunit	CLAIM:000056714:0-1	PAIR2:GENE:171687|GENE:172645	CLAIM:000056714	a88e238464b2d3c5c9a50d913c7356629fb5dafb	SILVER_PHYSICAL_CANONICAL	negative	canonical_possible	physical_negative_with_non_gold_or_cellular_assay	positive_control	1	1	none_detected	1	0	1	0	0	0	99.0
320	GABRB1	25450	10090	TNIK	294917	10090	no_interaction	coIP	Co-IP/MS	The data showed that TNIK was not associated with GRIA2, vGlut1, GRIN1, GRIN2A, GRIN2B, GABRA1, GABRA3, GABRA4, or GABRB1 (Fig.	7A).	7B).	38292191	PMC10826163	The Traf2 and NcK interacting kinase inhibitor NCB-0846 suppresses seizure activity involving the decrease of GRIA1	CLAIM:000120603:0-1	PAIR2:GENE:25450|GENE:294917	CLAIM:000120603	2c2e292e2331b46f3565d2fa1dbebdd53787c7cf	SILVER_PHYSICAL_CANONICAL	negative	canonical_possible	physical_negative_with_non_gold_or_cellular_assay		1	1	none_detected	0	0	0	0	0	0	99.0
321	Pso	51268	10090	NLRC4	58484	10090	no_binding	pull_down	pull-down	Importantly, only NLRP3 was present in the pull-down fractions, with no binding detected for NLRP1, AIM2, or NLRC4, indicating that Pso specifically binds to NLRP3 (Fig.	To investigate the specificity of Pso's binding, we expressed several inflammasome sensors, including NLRP1, AIM2, NLRP3, and NLRC4, in HEK-293T cells and treated them with Bio-Pso.	5D).	40038816	PMC11881452	Inactivation of NLRP3 inflammasome by dephosphorylation at Serine 658 alleviates glial inflammation in the mouse model of Parkinson's disease	CLAIM:000179907:0-1	PAIR2:GENE:51268|GENE:58484	CLAIM:000179907	0827a6060d8c381d8e809b664d3d1d942b708252	SILVER_PHYSICAL_CANONICAL	negative	canonical_possible	physical_negative_with_non_gold_or_cellular_assay	positive_control	1	1	none_detected	1	0	1	0	0	0	99.0
322	RCOR2	104383	10090	HP1alpha	12419	10090	no_interaction	coIP	co-immunoprecipitation	In addition, we performed co-immunoprecipitation experiments starting from the nuclear RCOR2 peak and, in conditions where HP1alpha, which does not interact with RCOR2, was absent; we were able to detect SON as part of the RCOR2 immunocomplex, suggesting RCOR2 forms complexes with a speckle core component in the extracted fractions (Fig.	3B).	3C).	34819154	PMC8611983	Revealing RCOR2 as a regulatory component of nuclear speckles	CLAIM:000197493:0-1	PAIR2:GENE:104383|GENE:12419	CLAIM:000197493	10783445cd8817fc424975a5699f62e7e019b24b	SILVER_PHYSICAL_CANONICAL	negative	canonical_possible	physical_negative_with_non_gold_or_cellular_assay		1	1	none_detected	0	0	0	0	0	0	99.0
323	DRD2	1813	9606	HIF1alpha	3091	9606	no_interaction	coIP	co-immunoprecipitation	Coimmunoprecipitation (co-IP) results showed no interaction between DRD2 and HIF1alpha (Fig.	Based on the above results, we further conducted the biochemical experiment to research the relationship between DRD2 and HIF1alpha in tumor cells.	4C).	34321238	PMC9306299	Psychologic Stress Drives Progression of Malignant Tumors via DRD2/HIF1alpha Signaling	CLAIM:000163722:0-1	PAIR2:GENE:1813|GENE:3091	CLAIM:000163722	1cec5d45bc27db708eb2b6de03c2d7e83e65defd	SILVER_PHYSICAL_CANONICAL	negative	canonical_possible	physical_negative_with_non_gold_or_cellular_assay		1	1	none_detected	0	0	0	0	0	0	99.0
324	Ufd1	22230	10090	erasin	23190	4932	no_interaction	coIP	coimmunoprecipitation	Additional coimmunoprecipitation studies indicated that Ufd1, a p97/VCP-interacting factor, is not associated with erasin (Fig.	S5), which suggests that they form distinct complexes.	S5), which is similar to a previous report showing that Ufd1 and p97/VCP are not always found bound together in ERAD.	19822669	PMC2768832	Ubiquilin and p97/VCP bind erasin, forming a complex involved in ERAD	CLAIM:000126033:0-1	PAIR2:GENE:22230|GENE:23190	CLAIM:000126033	a245a6508bd16fd9d87d0070d0d1a114aa3f2056	SILVER_PHYSICAL_CANONICAL	negative	canonical_possible	physical_negative_with_non_gold_or_cellular_assay		1	1	none_detected	0	0	0	0	0	0	99.0
325	FOSL2	2355	9606	SOX4	6659	9606	no_interaction	coIP	co-immunoprecipitation	The results showed that the there was no interaction between the SOX4 and FOSL2 in our co-IP system (See Author response image 1), suggesting SOX4 cannot strongly interact with the FOSL2.	We conducted the co-immunoprecipitation experiment as the reviewer suggested.		35244538	PMC8923662	SOX4 facilitates PGR protein stability and FOXO1 expression conducive for human endometrial decidualization	CLAIM:000150832:0-1	PAIR2:GENE:2355|GENE:6659	CLAIM:000150832	9eec83f4a259af555e15e37926f067a76965a945	SILVER_PHYSICAL_CANONICAL	negative	canonical_possible	physical_negative_with_non_gold_or_cellular_assay		1	1	none_detected	0	0	0	0	0	0	99.0
326	TDRD9	122402	10090	MAEL	364039	10090	no_interaction	coIP	co-immunoprecipitation	When TDRD9 was used as the bait protein, the Co-IP yield did show the presence of MAEL (Fig 5), indicating that TDRD9 does not interact with MAEL.	The Western blot analysis of the immunoprecipitated yield using DAZL as bait showed a band after incubation with anti-MAEL and anti-PIWIL4 antibodies, but not after incubation with anti-MAEL antibody (Fig 4), indicating that DAZL interacts with MAEL and PIWIL4, but not with TDRD9.		31181099	PMC6557511	Expression of genome defence protein members in proliferating and quiescent rat male germ cells and the Nuage dynamics	CLAIM:000265722:0-1	PAIR2:GENE:122402|GENE:364039	CLAIM:000265722	843c28cc8e6aeb5f996467f032412d3205fd4f40	SILVER_PHYSICAL_CANONICAL	negative	canonical_possible	physical_negative_with_non_gold_or_cellular_assay		1	1	none_detected	0	0	0	0	0	0	99.0
327	MDM2	17246	10090	CagA	48200769	210	no_interaction	coIP	co-immunoprecipitation	Nevertheless, no interaction between CagA and MDM2, MKRN1 and STUB1, which were previously validated as E3 ligases of TERT, was observed in co-immunoprecipitation (Co-IP) assays (Figure S7C, Supporting Information).	Then we asked whether CagA downregulated the ubiquitination level of TERT by modulating the TERT-E3 ligases binding.		39587848	PMC11744579	H. Pylori-Facilitated TERT/Wnt/beta-Catenin Triggers Spasmolytic Polypeptide-Expressing Metaplasia and Oxyntic Atrophy	CLAIM:000329880:0-1	PAIR2:GENE:17246|GENE:48200769	CLAIM:000329880	fbe5cec6dc420a59cc6ff5c7459aecfe63246701	SILVER_PHYSICAL_CANONICAL	negative	canonical_possible	physical_negative_with_non_gold_or_cellular_assay		1	1	none_detected	0	0	0	0	0	0	99.0
328	NOX2	13058	10090	calnexin	821	9606	no_interaction	coIP	co-immunoprecipitation	The calnexin NOX4 interaction could be confirmed by reverse Co-IP and proximity ligation assay, whereas NOX1, NOX2, or NOX5 did not interact with calnexin.	Calnexin also resided in NOX4-containing complexes as demonstrated by complexome profiling from BN-PAGE.	Calnexin deficiency as studied in mouse embryonic fibroblasts from calnexin-/- mice or in response to calnexin shRNA reduced cellular NOX4 protein expression and reactive oxygen species formation.	26861875	PMC4807287	The Endoplasmic Reticulum Chaperone Calnexin Is a NADPH Oxidase NOX4 Interacting Protein*	CLAIM:000054632:0-1	PAIR2:GENE:13058|GENE:821	CLAIM:000054632	6c0c973dc20924a6cf51b3b75d3d74a4fcb02ab0	SILVER_PHYSICAL_CANONICAL	negative	canonical_possible	physical_negative_with_non_gold_or_cellular_assay		1	1	none_detected	0	0	0	0	0	0	99.0
329	RACGAP1	29127	9606	KIF3B	9371	9606	no_interaction	coIP	Co-IP	The binding between RACGAP1 and PRC1 was also found in NOZ cells but not in GBC-SD cells, and Co-IP assays revealed that RACGAP1 did not interact with TOP2A and KIF3B (Figure S4).	The results of endogenous Co-IP showed that LIG3 bound to RACGAP1, and reverse Co-IP experiments validated the interaction (Figure 3B).	The cellular localization of RACGAP1 and LIG3 was confirmed by IF.	34239347	PMC8241731	Rac GTPase activating protein 1 promotes gallbladder cancer via binding DNA ligase 3 to reduce apoptosis	CLAIM:000307584:0-1	PAIR2:GENE:29127|GENE:9371	CLAIM:000307584	b7574f6f029a747c38e3ad5cf54dbb877e256d39	SILVER_PHYSICAL_CANONICAL	negative	canonical_possible	physical_negative_with_non_gold_or_cellular_assay		1	1	none_detected	0	0	0	0	0	0	99.0
330	Vinculin	22330	10090	KIAA0753	74477	10090	no_interaction	coIP	co-immunoprecipitation	The results showed that KIAA0753 interacted with both Gli2 and SHH (Figure 6I-K), with no interaction observed with Vinculin (a cytoplasmic actin-binding protein) (Figure 6L).	To further elucidate the regulatory mechanism of KIAA0753 on the Hh signalling pathway, coimmunoprecipitation (Co-IP) experiments were conducted in HEK293T cells.	This indicated that KIAA0753 specifically interacted with Gli2 and SHH to directly regulate the Hh signalling pathway.	39245790	PMC11381189	KIAA0753 enhances osteoblast differentiation suppressed by diabetes	CLAIM:000280053:0-1	PAIR2:GENE:22330|GENE:74477	CLAIM:000280053	abe132bb625ca3102c254bbf366a567a5517b893	SILVER_PHYSICAL_CANONICAL	negative	canonical_possible	physical_negative_with_non_gold_or_cellular_assay		1	1	none_detected	0	0	0	0	0	0	99.0
331	TNIK	294917	10090	GRIA2	29627	10116	no_interaction	coIP	Co-IP/MS	The data showed that TNIK was not associated with GRIA2, vGlut1, GRIN1, GRIN2A, GRIN2B, GABRA1, GABRA3, GABRA4, or GABRB1 (Fig.	7A).	7B).	38292191	PMC10826163	The Traf2 and NcK interacting kinase inhibitor NCB-0846 suppresses seizure activity involving the decrease of GRIA1	CLAIM:000120595:0-1	PAIR2:GENE:294917|GENE:29627	CLAIM:000120595	1098bce29a43b81d60d296eec91a71c2b0c1938d	SILVER_PHYSICAL_CANONICAL	negative	canonical_possible	physical_negative_with_non_gold_or_cellular_assay		1	1	none_detected	0	0	0	0	0	0	99.0
332	CST	12854	10090	Rap1	5906	9606	no_interaction	coIP	co-immunoprecipitation	In contrast, co-IP experiments revealed no interaction of CST with TRF1, TRF2, Rap1, TIN2, and POT1a (Fig.	S5A-C).	S5A-C).	22748632	PMC3392515	Telomeric 3' overhangs derive from resection by Exo1 and Apollo and fill-in by POT1b-associated CST	CLAIM:000164426:0-1	PAIR2:GENE:12854|GENE:5906	CLAIM:000164426	53e77df87f3aa3f8c691ed91d7048b8c4a4efe2d	SILVER_PHYSICAL_CANONICAL	negative	canonical_possible	physical_negative_with_non_gold_or_cellular_assay		1	1	none_detected	0	0	0	0	0	0	99.0
333	PD-L1	29126	9606	SQLE	6713	9606	no_interaction	coIP	co-immunoprecipitation	Co-IP results indicated that SQLE does not interact with PD-L1 (Fig.	To explore the mechanisms by which SQLE affects PD-L1 ubiquitination levels, we initially assessed the potential interaction between SQLE and PD-L1.	S5A, B).	39809787	PMC11733131	Helicobacter pylori CagA promotes gastric cancer immune escape by upregulating SQLE	CLAIM:000212182:0-1	PAIR2:GENE:29126|GENE:6713	CLAIM:000212182	a764eaad327f0f223922dd8714b1b117680d2736	SILVER_PHYSICAL_CANONICAL	negative	canonical_possible	physical_negative_with_non_gold_or_cellular_assay		1	1	none_detected	0	0	0	0	0	0	99.0
334	E2F1	1869	9606	TyrRS	8565	9606	no_interaction	coIP	co-immunoprecipitation	We performed a co-immunoprecipitation (Co-IP) experiment using TyrRS antibodies to pull down E2F1; however, no interaction was detected (Fig.	To understand how TyrRS enhances the transcriptional activity of E2F1, we tested whether TyrRS can interact with E2F1.	3A).	25284223	PMC4224670	Oxidative stress diverts tRNA synthetase to nucleus for protection against DNA damage	CLAIM:000333498:0-1	PAIR2:GENE:1869|GENE:8565	CLAIM:000333498	ea45e2b63a563e59cbc7d2fe9db0ee3ad5b6505b	SILVER_PHYSICAL_CANONICAL	negative	canonical_possible	physical_negative_with_non_gold_or_cellular_assay		1	1	none_detected	0	0	0	0	0	0	99.0
335	BAP31	10134	9606	E-cadherin	999	9606	no_interaction	coIP	co-immunoprecipitation	There was no interaction between BAP31 and E-cadherin or N-cadherin using Co-IP detection, while BAP31, E-cadherin and N-cadherin interacted with TWIST1 protein.	In addition, BAP31 knockdown was found to downregulate the expression of N-cadherin and upregulate the expression of E-cadherin on transcriptional level by controlling the nuclear aggregation of TWIST1, a transcriptional regulator of N-cadherin and E-cadherin.	E-cadherin and N-cadherin expression levels recovered when TWIST1 was overexpressed in the shBCAP31 cells.	34178131	PMC8220636	B-cell receptor-associated protein 31 promotes migration and invasion in ovarian cancer cells.	CLAIM:000278473:0-1	PAIR2:GENE:10134|GENE:999	CLAIM:000278473	0dcabddde4a775738c0027877f1b40de9e3867be	SILVER_PHYSICAL_CANONICAL	negative	canonical_possible	physical_negative_with_non_gold_or_cellular_assay		1	1	none_detected	0	0	0	0	0	0	99.0
336	TNIK	294917	10090	GABRA1	29705	10116	no_interaction	coIP	Co-IP/MS	The data showed that TNIK was not associated with GRIA2, vGlut1, GRIN1, GRIN2A, GRIN2B, GABRA1, GABRA3, GABRA4, or GABRB1 (Fig.	7A).	7B).	38292191	PMC10826163	The Traf2 and NcK interacting kinase inhibitor NCB-0846 suppresses seizure activity involving the decrease of GRIA1	CLAIM:000120600:0-1	PAIR2:GENE:294917|GENE:29705	CLAIM:000120600	d925720993a5862c40ee04e101546231d2f8527a	SILVER_PHYSICAL_CANONICAL	negative	canonical_possible	physical_negative_with_non_gold_or_cellular_assay		1	1	none_detected	0	0	0	0	0	0	99.0
337	HDAC2	3066	9606	TET1	80312	9606	no_interaction	coIP	co-IP	We also performed a co-IP assay in HTori3 cells to further validate that there was no interaction between TET1 and HDAC2 (Supplementary Fig.	9).	10).	41152554	PMC12586522	TET1 loss propels the development of hyperthyroidism by remodeling histone modifications of PAX8 promoter	CLAIM:000321114:0-1	PAIR2:GENE:3066|GENE:80312	CLAIM:000321114	dbcfd1869ca0febb3b79fe1455bd5e8bedba7540	SILVER_PHYSICAL_CANONICAL	negative	canonical_possible	physical_negative_with_non_gold_or_cellular_assay		1	1	none_detected	0	0	0	0	0	0	99.0
338	PD-L1	29126	9606	CD58	965	9606	no_interaction	coIP	co-immunoprecipitation	Our Co-IP analysis results showed no interaction between CD58 and PD-L1 in glioma cells (Supplementary Fig.	We then studied the potential interaction between CD58 and PD-L1.	1a-d).	39164573	PMC11335740	CD58 defines regulatory macrophages within the tumor microenvironment	CLAIM:000143953:0-1	PAIR2:GENE:29126|GENE:965	CLAIM:000143953	9b4e07c585ccbe7bb74122b89a2ccdc7a0a87bf2	SILVER_PHYSICAL_CANONICAL	negative	canonical_possible	physical_negative_with_non_gold_or_cellular_assay		1	1	none_detected	0	0	0	0	0	0	99.0
339	RACGAP1	29127	9606	TOP2A	7153	9606	no_interaction	coIP	Co-IP	The binding between RACGAP1 and PRC1 was also found in NOZ cells but not in GBC-SD cells, and Co-IP assays revealed that RACGAP1 did not interact with TOP2A and KIF3B (Figure S4).	The results of endogenous Co-IP showed that LIG3 bound to RACGAP1, and reverse Co-IP experiments validated the interaction (Figure 3B).	The cellular localization of RACGAP1 and LIG3 was confirmed by IF.	34239347	PMC8241731	Rac GTPase activating protein 1 promotes gallbladder cancer via binding DNA ligase 3 to reduce apoptosis	CLAIM:000307583:0-1	PAIR2:GENE:29127|GENE:7153	CLAIM:000307583	e335d146d960ea0b66b20fb6635d5a31311cc0b8	SILVER_PHYSICAL_CANONICAL	negative	canonical_possible	physical_negative_with_non_gold_or_cellular_assay		1	1	none_detected	0	0	0	0	0	0	99.0
340	PBS3	831173	12145	SAG101	831345	317	no_interaction	BiFC	unknown	No interaction was observed for PBS3 and PAD4 or SAG101.	In tobacco leaves, the interaction occurred both in the nucleus and cytoplasm as revealed by bimolecular fluorescence complementation assays.	Using an inhibitor approach, authors concluded that PBS3 could control EDS1 abundance in a post-translational manner by preventing its proteasome degradation:most likely by the 26S proteasome.	31489905	PMC6769663	Salicylic Acid Binding Proteins (SABPs): The Hidden Forefront of Salicylic Acid Signalling	CLAIM:000164072:0-1	PAIR2:GENE:831173|GENE:831345	CLAIM:000164072	e346791e34469d52e467b035408d13989dac354a	SILVER_PHYSICAL_CANONICAL	negative	canonical_possible	physical_negative_with_non_gold_or_cellular_assay		1	1	none_detected	0	0	0	0	0	0	99.0
341	ATF6	22926	9606	MIF	4282	9606	no_interaction	coIP	co-immunoprecipitation	Our results revealed that MIF was able to interact with ATF6 in the TM-treated group, whereas no interaction was observed in the untreated group (Fig.	To verify this, we conducted experiments on healthy human cells using tunicamycin (TM) to validate the occurrence of this process.	3B, C, D, E).	39614150	PMC11605992	MIF promotes Th17 cell differentiation in rheumatoid arthritis through ATF6 signal pathway	CLAIM:000314482:0-1	PAIR2:GENE:22926|GENE:4282	CLAIM:000314482	c318fc65ae07782772de1b8ff31db16612541e18	SILVER_PHYSICAL_CANONICAL	negative	canonical_possible	physical_negative_with_non_gold_or_cellular_assay		1	1	none_detected	0	0	0	0	0	0	99.0
342	GSK3beta	2932	9606	CDC42	998	9606	no_interaction	coIP	co-immunoprecipitation	A co-immunoprecipitation (Co-IP) assay showed that endogenous CDC42 interacted with endogenous AKT in EnSCs, while no interaction was observed between CDC42 and GSK3beta (Fig.	Since a previous study reported the co-localization of CDC42 and phosphorylated AKT in mammalian fibroblasts, we assumed an interaction among CDC42, AKT, and GSK3beta in EnSCs.	5E).	39487595	PMC11630066	CDC42 deficiency leads to endometrial stromal cell senescence in recurrent implantation failure	CLAIM:000005263:0-1	PAIR2:GENE:2932|GENE:998	CLAIM:000005263	e622dec2b29a76c0bdfda9f858a66c84983a7c37	SILVER_PHYSICAL_CANONICAL	negative	canonical_possible	physical_negative_with_non_gold_or_cellular_assay		1	1	none_detected	0	0	0	0	0	0	99.0
343	NOX5	79400	9606	calnexin	821	9606	no_interaction	coIP	co-immunoprecipitation	The calnexin NOX4 interaction could be confirmed by reverse Co-IP and proximity ligation assay, whereas NOX1, NOX2, or NOX5 did not interact with calnexin.	Calnexin also resided in NOX4-containing complexes as demonstrated by complexome profiling from BN-PAGE.	Calnexin deficiency as studied in mouse embryonic fibroblasts from calnexin-/- mice or in response to calnexin shRNA reduced cellular NOX4 protein expression and reactive oxygen species formation.	26861875	PMC4807287	The Endoplasmic Reticulum Chaperone Calnexin Is a NADPH Oxidase NOX4 Interacting Protein*	CLAIM:000054633:0-1	PAIR2:GENE:79400|GENE:821	CLAIM:000054633	2c0d0272b6c40a8b117f3947a00f67eae6d5a09e	SILVER_PHYSICAL_CANONICAL	negative	canonical_possible	physical_negative_with_non_gold_or_cellular_assay		1	1	none_detected	0	0	0	0	0	0	99.0
344	GluR2	14800	10090	STK24	223255	10090	no_interaction	coIP	coimmunoprecipitation	These results suggested some possible interactions between STK24 and NR1, NR2A and NR2B (Figure 5A, B-D), but no interaction between STK24 and GluR1, GluR2 (Figure 5A, E-F), which indicates that STK24 is a potential binding partner of the NMDA receptor complex.	To investigate the relationship between STK24 and excitatory postsynaptic receptors, coimmunoprecipitation was performed to detect the association between endogenous STK24 and main subunits of NMDARs and AMPARs in hippocampal lysates from PTZ-kindled mice.	We also detected the interaction between STK24 and main subunits of GABAAR to find out whether STK24 affects inhibitory postsynaptic receptors, while the results did not show any interaction between STK24 and GABAAR alpha1, GABAAR gamma2, or GABAAR beta2/3 (Figure 6A-D).	32436359	PMC7366740	STK24 modulates excitatory synaptic transmission in epileptic hippocampal neurons	CLAIM:000235183:0-1	PAIR2:GENE:14800|GENE:223255	CLAIM:000235183	02c8299a49d8c402aa8f873d752ec2595610c0a9	SILVER_PHYSICAL_CANONICAL	negative	canonical_possible	physical_negative_with_non_gold_or_cellular_assay		1	1	none_detected	0	0	0	0	0	0	99.0
345	SRF	100155958	10090	SMYD2	100294706	10090	no_interaction	coIP	co-immunoprecipitation	SMYD2 often interacts with other proteins to regulate their activity and function, while the results of co-IP assay showed that there was no interaction between SMYD2 and SRF (Fig.	S3D and S3E).	S3F and S3G).	38322347	PMC10840433	The lysine methyltransferase SMYD2 facilitates neointimal hyperplasia by regulating the HDAC3-SRF axis	CLAIM:000004188:0-1	PAIR2:GENE:100155958|GENE:100294706	CLAIM:000004188	54875ee10c553d97088b991c34135d4712f38a2c	SILVER_PHYSICAL_CANONICAL	negative	canonical_possible	physical_negative_with_non_gold_or_cellular_assay		1	1	none_detected	0	0	0	0	0	0	99.0
346	MDA5	71586	10090	PRMT3	71974	10090	no_interaction	coIP	Co-IP	We also performed Co-IP and found that endogenous PRMT3 did not interact with RIG-I, MDA5, and cGAS (Supplementary Fig.	However, RIG-I, MDA5, and cGAS were not identified in our IP-LC/MS data.	13).	39256398	PMC11387718	Targeting PRMT3 impairs methylation and oligomerization of HSP60 to boost anti-tumor immunity by activating cGAS/STING signaling	CLAIM:000003681:0-1	PAIR2:GENE:71586|GENE:71974	CLAIM:000003681	de762d8f6a84c2fe03923f6c2ff24d8b3cc000b9	SILVER_PHYSICAL_CANONICAL	negative	canonical_possible	physical_negative_with_non_gold_or_cellular_assay		1	1	none_detected	0	0	0	0	0	0	99.0
347	TEN1	100134934	9606	FEN1	2237	9606	no_interaction	coIP	Co-IP	TEN1 showed no interaction with FEN1 (lanes 10-11, Figure 1D).	CTC1 and STN1 interacted with FEN1 in the presence or absence of oxidative damage, albeit CTC1 showed greater interaction compared to STN1.	CTC1 and TEN1 components also showed interacted with LigI in the presence of oxidative damage, with TEN1 showing the highest binding efficiency and both CTC1 displaying a weak interaction (lanes 12-13, Figure 1D).	38908783	PMC11864811	Human CST Stimulates Base Excision Repair to Prevent the Accumulation of Oxidative DNA Damage	CLAIM:000037094:0-1	PAIR2:GENE:100134934|GENE:2237	CLAIM:000037094	4c7cafd73538b2a3ea36545b6547614c1f93e55a	SILVER_PHYSICAL_CANONICAL	negative	canonical_possible	physical_negative_with_non_gold_or_cellular_assay		1	1	none_detected	0	0	0	0	0	0	99.0
348	GluR1	14799	10090	STK24	223255	10090	no_interaction	coIP	coimmunoprecipitation	These results suggested some possible interactions between STK24 and NR1, NR2A and NR2B (Figure 5A, B-D), but no interaction between STK24 and GluR1, GluR2 (Figure 5A, E-F), which indicates that STK24 is a potential binding partner of the NMDA receptor complex.	To investigate the relationship between STK24 and excitatory postsynaptic receptors, coimmunoprecipitation was performed to detect the association between endogenous STK24 and main subunits of NMDARs and AMPARs in hippocampal lysates from PTZ-kindled mice.	We also detected the interaction between STK24 and main subunits of GABAAR to find out whether STK24 affects inhibitory postsynaptic receptors, while the results did not show any interaction between STK24 and GABAAR alpha1, GABAAR gamma2, or GABAAR beta2/3 (Figure 6A-D).	32436359	PMC7366740	STK24 modulates excitatory synaptic transmission in epileptic hippocampal neurons	CLAIM:000235182:0-1	PAIR2:GENE:14799|GENE:223255	CLAIM:000235182	54d1e7b39d75cdeeceeab9900c385f0939acf938	SILVER_PHYSICAL_CANONICAL	negative	canonical_possible	physical_negative_with_non_gold_or_cellular_assay		1	1	none_detected	0	0	0	0	0	0	99.0
349	RIG-I	230073	10090	PRMT3	71974	10090	no_interaction	coIP	Co-IP	We also performed Co-IP and found that endogenous PRMT3 did not interact with RIG-I, MDA5, and cGAS (Supplementary Fig.	However, RIG-I, MDA5, and cGAS were not identified in our IP-LC/MS data.	13).	39256398	PMC11387718	Targeting PRMT3 impairs methylation and oligomerization of HSP60 to boost anti-tumor immunity by activating cGAS/STING signaling	CLAIM:000003680:0-1	PAIR2:GENE:230073|GENE:71974	CLAIM:000003680	f98dea7fea2b1475bc5730214e50174a585b7408	SILVER_PHYSICAL_CANONICAL	negative	canonical_possible	physical_negative_with_non_gold_or_cellular_assay		1	1	none_detected	0	0	0	0	0	0	99.0
350	PAD4	824408	3702	PBS3	831173	12145	no_interaction	BiFC	unknown	No interaction was observed for PBS3 and PAD4 or SAG101.	In tobacco leaves, the interaction occurred both in the nucleus and cytoplasm as revealed by bimolecular fluorescence complementation assays.	Using an inhibitor approach, authors concluded that PBS3 could control EDS1 abundance in a post-translational manner by preventing its proteasome degradation:most likely by the 26S proteasome.	31489905	PMC6769663	Salicylic Acid Binding Proteins (SABPs): The Hidden Forefront of Salicylic Acid Signalling	CLAIM:000164071:0-1	PAIR2:GENE:824408|GENE:831173	CLAIM:000164071	9a560323a3fdb4ec85095e087604f12f335916ba	SILVER_PHYSICAL_CANONICAL	negative	canonical_possible	physical_negative_with_non_gold_or_cellular_assay		1	1	none_detected	0	0	0	0	0	0	99.0
351	GABRA4	140675	10090	TNIK	294917	10090	no_interaction	coIP	Co-IP/MS	The data showed that TNIK was not associated with GRIA2, vGlut1, GRIN1, GRIN2A, GRIN2B, GABRA1, GABRA3, GABRA4, or GABRB1 (Fig.	7A).	7B).	38292191	PMC10826163	The Traf2 and NcK interacting kinase inhibitor NCB-0846 suppresses seizure activity involving the decrease of GRIA1	CLAIM:000120602:0-1	PAIR2:GENE:140675|GENE:294917	CLAIM:000120602	234e0ba8269b598bb7dbf1adbf5ddf917830da61	SILVER_PHYSICAL_CANONICAL	negative	canonical_possible	physical_negative_with_non_gold_or_cellular_assay		1	1	none_detected	0	0	0	0	0	0	99.0
352	UL23	3077524	10359	STAT2	6773	9606	no_interaction	coIP	co-immunoprecipitation	Results indicated the coimmunoprecipitation of STAT1-STAT2 and STAT2-IRF9 complexes in cell extracts, as reported previously; however, no interaction between UL23 and ISGF3 subunits was observed in the co-IP assay (Figure 5A).	First, we utilized anti-IRF9, anti-STAT1, and anti-STAT2 antibodies for immunoprecipitate protein lysates collected in transfected cells, followed by immunoblotting performed using antibodies, as indicated.		34305856	PMC8301221	Human Cytomegalovirus UL23 Attenuates Signal Transducer and Activator of Transcription 1 Phosphorylation and Type I Interferon Response	CLAIM:000322851:0-1	PAIR2:GENE:3077524|GENE:6773	CLAIM:000322851	114ee724908d80e9cfcf1b0bdb951352dc8826ad	SILVER_PHYSICAL_CANONICAL	negative	canonical_possible	physical_negative_with_non_gold_or_cellular_assay	negative_control	1	1	none_detected	0	0	0	0	0	0	99.0
353	HIF-1alpha	3091	9606	GP73	51280	9606	no_interaction	coIP	co-immunoprecipitation	Contrary to our assumption that GP73 directly prevents HIF-1alpha degradation, co-immunoprecipitation (co-IP) followed by immunoblotting showed no interaction between HIF-1alpha and GP73 (Fig.		S3A).	39022745	PMC11251733	Golgi Protein 73 Promotes Angiogenesis in Hepatocellular Carcinoma	CLAIM:000073153:0-1	PAIR2:GENE:3091|GENE:51280	CLAIM:000073153	a9208b6718be73c26f972bd02f6c378a3e415218	SILVER_PHYSICAL_CANONICAL	negative	canonical_possible	physical_negative_with_non_gold_or_cellular_assay		1	1	none_detected	0	0	0	0	0	0	99.0
354	Dvr1	30125	10090	Spaw	338101	10090	no_binding	in_vitro_binding_unspecified	binding assay	In contrast to results using mouse Nodal and GDF1 in Xenopus oocyte-conditioned media, strong binding between Dvr1 and Spaw was not detected (Figure 6B).	Embryos were injected at 2-4 cells, collected and lysed at stage 10.5, and immunoprecipitations were performed followed by Western analysis (Figure 6A).	Our results suggest that there is either no interaction or a very transient interaction between Spaw and Dvr1 synthesized by embryonic cells.	23791819	PMC3888838	Dvr1 Transfers Left-Right Asymmetric Signals from Kupffer's Vesicle to Lateral Plate Mesoderm in Zebrafish	CLAIM:000124780:0-1	PAIR2:GENE:30125|GENE:338101	CLAIM:000124780	eaee4a872cf647c7d59cc07caad7e896981e236a	SILVER_PHYSICAL_CANONICAL	negative	canonical_possible	physical_negative_with_non_gold_or_cellular_assay	positive_control	1	1	none_detected	1	0	1	0	0	0	98.0
355	Lp(a)	4018	9606	sortilin	6272	9606	no_binding	in_vitro_binding_unspecified	in vitro binding assay	We found that Lp(a) did not bind to sortilin in vitro (Fig.	Bands corresponding to LDL bound to sortilin were quantified and the binding data fitted to a one site saturation ligand binding equation by nonlinear regression analysis.	3A, B); note that the fluorescence observed at the very top of this gel represents signal retained in the wells themselves, possibly due to a small amount of aggregated sortilin.	35469919	PMC9131257	Sortilin enhances secretion of apolipoprotein(a) through effects on apolipoprotein B secretion and promotes uptake of lipoprotein(a)	CLAIM:000043987:0-1	PAIR2:GENE:4018|GENE:6272	CLAIM:000043987	a9412fc9f0e4164d54cf55b0125ef65450ba50cd	SILVER_PHYSICAL_CANONICAL	negative	canonical_possible	physical_negative_with_non_gold_or_cellular_assay	positive_control	1	1	none_detected	1	0	1	0	0	0	98.0
356	Tpt1	7178	9606	Nanog	71950	10090	no_interaction	PLA	in situ proximity ligation assay	Confocal micrographs collected at 0.38mum intervals and merged together, showed that Nanog interacts with Npm1 (Figure 4A, red dots), whereas no interaction was seen between Nanog and Tpt1 (Figure 4B).			21076177	PMC3006024	Core transcription factors, Oct4, Sox2 and Nanog, individually form complexes with nucleophosmin (Npm1) to control embryonic stem (ES) cell fate determination	CLAIM:000181320:0-1	PAIR2:GENE:7178|GENE:71950	CLAIM:000181320	0cad3d88a5781247893a6e46a29f5915f0ae4af1	SILVER_PHYSICAL_CANONICAL	negative	canonical_possible	physical_negative_with_non_gold_or_cellular_assay		1	1	none_detected	0	0	0	0	0	0	98.0
358	TNF	397086	10090	CD206	4360	9606	no_interaction	PLA	Proximity Ligation Assay	No interaction was observed between TNF and the second macrophage-specific receptor CD206, despite their intense co-localization (Fig.	3Q).	3D-H,L, and P).	39995928	PMC11848091	CD163, a novel receptor for TNF, was revealed in situ by proximity ligation assay	CLAIM:000246704:0-1	PAIR2:GENE:397086|GENE:4360	CLAIM:000246704	8934c1615a15833d7021b0f5e8f578fb8b499ae8	SILVER_PHYSICAL_CANONICAL	negative	canonical_possible	physical_negative_with_non_gold_or_cellular_assay		1	1	none_detected	0	0	0	0	0	0	98.0
359	Unrip	20901	10090	SBP2	75420	10090	no_binding	Y2H	yeast two-hybrid	Although present in the GFP-SBP2 immunoprecipitation experiments, Gemin2, 5, 6 and Unrip did not interact directly with SBP2 in this Y2H assay, suggesting that their interaction may be mediated by other components of the SMN complex.	We found that SBP2 strongly interacts with Gemin4, Gemin7 and moderately with Gemin3 and Gemin8 (Figure 1B and Supplementary Figure S1A) on selective media.	In each case, the interactions were only detected in one of the two possible Y2H vector combinations, this well known drawback of Y2H analysis may be related to the folding and three dimensional structure of the proteins assayed.	28115638	PMC5605228	SECIS-binding protein 2 interacts with the SMN complex and the methylosome for selenoprotein mRNP assembly and translation	CLAIM:000063445:0-1	PAIR2:GENE:20901|GENE:75420	CLAIM:000063445	eebe63513576159389fed912f121687a99d0ed60	SILVER_PHYSICAL_CANONICAL	negative	canonical_possible	physical_negative_with_non_gold_or_cellular_assay	positive_control;negative_control	1	1	none_detected	1	0	1	0	0	0	98.0
360	NORPA PBM peptide	31376	7227	INAD PDZ1	37629	7227	no_binding	fluorescence_anisotropy	Fluorescence polarization assay	(A) Fluorescence polarization assay showed that no interaction could be detected between NORPA PBM peptide (TQGKTEFYA) and INAD PDZ1.		As a control, FITC-labeled NORPA PBM peptide bound to INAD PDZ45 with a Kd ~ 40 muM.	30526850	PMC6300352	An unexpected INAD PDZ tandem-mediated plcbeta binding in Drosophila photo receptors	CLAIM:000091831:0-1	PAIR2:GENE:31376|GENE:37629	CLAIM:000091831	80599bde654181b33bfdcc35a8133327d7fd690d	SCOPED_NEGATIVE	not_applicable	construct_variant_domain_specific	negative_is_construct_variant_domain_or_isoform_scoped	positive_conflict;positive_control	1	1	broad_unresolved	1	0	1	0	1	0	98.0
361	proMmp-9	17395	10090	Timp-1	21857	10090	no_binding	in_vitro_binding_unspecified	binding assay	Exogenous proMmp-8 and proMmp-9 proteins bound to the surface of activated Mmp-8-/- or Mmp-9-/- PMNs, respectively, in a concentration-dependent manner but did not bind to the surface of activated Timp-1-/- PMNs even when high (400 nM) concentrations of exogenous proMmps were tested (Figs.	The binding of exogenous proMmp-8 or proMmp-9 proteins to PAF- and fMLP-activated Mmp-8-/- or Mmp-9-/- PMNs at 4 C was also measured as a positive control as Mmp-8-/- and Mmp-9-/- PMNs express Timp-1 on their surface in an inducible manner (data not shown) but lack endogenous Mmp-8 and Mmp-9, respectively.	7A and 7B).	31019060	PMC7347292	Tissue Inhibitor of Metalloproteinase-1 (TIMP-1) Promotes PMN Pericellular Proteolysis by Anchoring Matrix Metalloproteinase-8 and -9 to PMN Surfaces	CLAIM:000253534:0-1	PAIR2:GENE:17395|GENE:21857	CLAIM:000253534	15c71c9c9332376d055d5c855e8ff14a5fcf1026	SILVER_PHYSICAL_CANONICAL	negative	canonical_possible	physical_negative_with_non_gold_or_cellular_assay	positive_control	1	1	none_detected	1	0	1	0	0	0	98.0
362	DUB3	377630	10090	BRD2	6046	9606	no_binding	coIP	Co-IP	Co-IP assays revealed that while DUB3 bound to BRD4, it did not bind to BRD2 and BRD3 in PC-3 cells (Figure 4D).	Given that the C-terminal region in three ubiquitously expressed BET proteins including BRD2, BRD3, and BRD4 is very much diversified and only BRD4 contains the C-terminal motif (CTM) (Figure S4A), we sought to investigate whether the interaction between BRD4 and DUB3 is specific.	We further demonstrated that BRD4-DUB3 interaction is mediated through the CTM motif in BRD4 (Figure 4I).	30057199	PMC6086352	DUB3 promotes BET inhibitor resistance and cancer progression through deubiquitinating BRD4	CLAIM:000320364:0-1	PAIR2:GENE:377630|GENE:6046	CLAIM:000320364	3af5521fd48825da77c84123001d7cd31efab441	SILVER_PHYSICAL_CANONICAL	negative	canonical_possible	physical_negative_with_non_gold_or_cellular_assay	purified_components	1	1	none_detected	1	0	0	1	0	0	97.0
363	KIF3A	11127	9606	ApoER2	7804	9606	no_interaction	pull_down	pull-down	However, KIF3A did not interact with glycogen synthase kinase 3 (GSK3)-alpha, and the cytoplasmic region of ApoER2.	2B, KIF3A interacts with Dab1.	Calcium-calmodulin-dependent kinase IIalpha (CaMKIIalpha) was used as a positive control.	38919020	PMC11524828	The heterotrimeric kinesin-2 family member KIF3A directly binds to disabled-1 (Dab1)	CLAIM:000316253:0-1	PAIR2:GENE:11127|GENE:7804	CLAIM:000316253	2fb3563b485d03da722e196275e5dfdb19dcfa82	SILVER_PHYSICAL_CANONICAL	negative	canonical_possible	physical_negative_with_non_gold_or_cellular_assay	positive_control	1	1	none_detected	1	0	1	0	0	0	97.0
364	DUB3	377630	10090	BRD3	8019	10090	no_binding	coIP	Co-IP	Co-IP assays revealed that while DUB3 bound to BRD4, it did not bind to BRD2 and BRD3 in PC-3 cells (Figure 4D).	Given that the C-terminal region in three ubiquitously expressed BET proteins including BRD2, BRD3, and BRD4 is very much diversified and only BRD4 contains the C-terminal motif (CTM) (Figure S4A), we sought to investigate whether the interaction between BRD4 and DUB3 is specific.	We further demonstrated that BRD4-DUB3 interaction is mediated through the CTM motif in BRD4 (Figure 4I).	30057199	PMC6086352	DUB3 promotes BET inhibitor resistance and cancer progression through deubiquitinating BRD4	CLAIM:000320365:0-1	PAIR2:GENE:377630|GENE:8019	CLAIM:000320365	ad37882917f06e0580701a77c1e62ede1ba712c5	SILVER_PHYSICAL_CANONICAL	negative	canonical_possible	physical_negative_with_non_gold_or_cellular_assay	purified_components	1	1	none_detected	1	0	0	1	0	0	97.0
365	integrin beta1	3688	9606	GPRC5A	9052	9606	failed_detection	pull_down	pull-down	However, we failed to detect a direct interaction between GPRC5A and integrin beta1 in pull-down experiments (data not shown) suggesting that GPRC5A could affect integrin beta1 rather indirectly.	Among them, beta1 integrin arguably serves as the key target of the GPRC5A-mediated modulation of adhesion .	We also found no evidence that the decrease in integrin beta1 protein might be associated with an enhanced degradation by proteasomes, lysosomes, or cytoplasmic proteases (data not shown).	27715394	PMC5810789	Orphan G protein-coupled receptor GPRC5A modulates integrin beta1-mediated epithelial cell adhesion	CLAIM:000094208:0-1	PAIR2:GENE:3688|GENE:9052	CLAIM:000094208	3b388d16b50a8d71fd29f5b1dec2acaa8b6da8b8	SILVER_PHYSICAL_CANONICAL	negative	canonical_possible	physical_negative_with_non_gold_or_cellular_assay		1	1	none_detected	0	0	0	0	0	0	96.0
366	helicase	164045	9606	PP1beta	5500	9606	no_binding	pull_down	pull-down	A semi-denatured helicase, i.e. after SDS-PAGE separation and nitrocellulose transfer did not interact with PP1beta nor PP1gamma (Fig.	PP1beta and PP1gamma on the other hand showed different preferences for Ddx21, depending on the experimental conditions.	4C).	22761809	PMC3386289	Isolation of Human Mitotic Protein Phosphatase Complexes: Identification of a Complex between Protein Phosphatase 1 and the RNA Helicase Ddx21	CLAIM:000154683:0-1	PAIR2:GENE:164045|GENE:5500	CLAIM:000154683	0a4e4d5d9df19ae9fc29c189a7e003f5215ddaaf	SILVER_PHYSICAL_CANONICAL	negative	canonical_possible	physical_negative_with_non_gold_or_cellular_assay		1	1	none_detected	0	1	0	0	0	0	96.0
367	eIF5a	287444	10090	lamin	4000	9606	no_interaction	Y2H	yeast two-hybrid	Our results showed that UBCE2i, eIF5a and RP S20, fused to Gal4 AD, interact with LRBP fused to Gal4 BD, and these proteins do not interact with lamin (Fig.1B).	Lamin functions as a negative control, because it has no known interacting protein partner, while the LRBP-LRBP interaction serves as a strong positive control.	However, interaction between HS70p5 and LRBP was not observed in the mating assay (data not shown),	20167237	PMC2858967	Identification and Characterization of Proteins that Selectively Interact with the LHR mRNA Binding Protein (LRBP) in Rat Ovaries	CLAIM:000112079:0-1	PAIR2:GENE:287444|GENE:4000	CLAIM:000112079	a07cd3a6bf3a2d911995d3cae1d798852ac1457a	SILVER_PHYSICAL_CANONICAL	negative	canonical_possible	physical_negative_with_non_gold_or_cellular_assay	positive_control;negative_control	1	1	none_detected	1	0	1	0	0	0	96.0
368	TAK1	26409	10090	RCAN1	54720	10090	no_interaction	Y2H	yeast two-hybrid	No interaction was observed with RCAN1 bait alone, TAB2 prey alone, or RCAN1 bait with either TAB1 or TAK1 prey (Fig.	1a).	1a).	19136967	PMC2656285	Novel interaction between the TAK1-TAB1-TAB2 and the RCAN1-calcineurin regulatory pathways defines a signaling nodal control point	CLAIM:000228266:0-1	PAIR2:GENE:26409|GENE:54720	CLAIM:000228266	0900cefa8b985b048c0d0263bfb099a5ed57bcc3	SILVER_PHYSICAL_CANONICAL	negative	canonical_possible	physical_negative_with_non_gold_or_cellular_assay	positive_control	1	1	none_detected	1	0	1	0	0	0	96.0
369	beta-Trcp1	100420631	9606	circRHOBTB3	22836	9606	failed_detection	pull_down	pulldown	Since the pulldown experiment did not detect the binding of beta-Trcp1 to circRHOBTB3, we proposed that the interaction of circRHOBTB3 with HuR could make it more accessible to beta-Trcp1.	In the present study, we found the interaction between circRHOBTB3 and HuR by performing bioinformatics analysis, and upregulation of circRHOBTB3 renders HuR susceptible to ubiquitination via the specific E3 ubiquitin ligase beta-Trcp1.	The specific mechanism needs further exploration.	34158864	PMC8210600	Circular RNA circRHOBTB3 represses metastasis by regulating the HuR-mediated mRNA stability of PTBP1 in colorectal cancer	CLAIM:000047005:0-1	PAIR2:GENE:100420631|GENE:22836	CLAIM:000047005	d9b4689ae8fc79148068d4cecac89d29c463c883	SILVER_PHYSICAL_CANONICAL	negative	canonical_possible	physical_negative_with_non_gold_or_cellular_assay		1	1	none_detected	0	0	0	0	0	0	96.0
370	COP1	817857	3702	NIA2	840630	3702	no_interaction	Y2H	yeast two-hybrid	Therefore, we examined possible interactions between COP1 and NR proteins by yeast two-hybrid analysis; however, COP1 did not interact with NIA1 or NIA2 (Figure 5D).	The higher levels of NR proteins in cop1-4 and DN-COP1-Myc6-overexpressing plants suggest that NR protein levels are post-translationally regulated by COP1.		29662028	PMC5979280	Nitrate Reductases Are Relocalized to the Nucleus by AtSIZ1 and Their Levels Are Negatively Regulated by COP1 and Ammonium	CLAIM:000231159:0-1	PAIR2:GENE:817857|GENE:840630	CLAIM:000231159	dc58bdc035558f9b5a964d471b30fafe4432b6a4	SILVER_PHYSICAL_CANONICAL	negative	canonical_possible	physical_negative_with_non_gold_or_cellular_assay	purified_components	1	1	none_detected	1	0	0	1	0	0	96.0
371	PHR1	58473	10090	FIP37	824584	3702	no_interaction	Y2H	Y2H	a Y2H assay showing the interaction of PHR1 with MTA and MTB, but not FIP37. b Y2H assay showing that SPX1 and SPX2 do not interact with MTA, MTB, or FIP37.		In (a, b), 1:10 serial dilutions are shown.	40312414	PMC12045979	N 6-methyladenosine modifications stabilize phosphate starvation response-related mRNAs in plant adaptation to nutrient-deficient stress	CLAIM:000267631:0-1	PAIR2:GENE:58473|GENE:824584	CLAIM:000267631	d76373e9c901e524522bc84148335a3b1d77496d	SILVER_PHYSICAL_CANONICAL	negative	canonical_possible	physical_negative_with_non_gold_or_cellular_assay	positive_control	1	1	none_detected	1	0	1	0	0	0	96.0
372	PCNA	5111	9606	p110beta	5291	9606	no_binding	pull_down	pull-down	p110beta can also be isolated from cell extracts in complex with the molecular clamps PCNA and RAD9; we tested whether p110beta also associates directly to purified PCNA or RAD9, as above. p110beta did not bind directly to PCNA or RAD9 (Figure 1C).		Purified p110alpha and p110beta thus associated in vitro to the clamp loader components RFC1 and CTF18, but not directly to the molecular clamps PCNA and RAD9.	23175608	PMC3553946	Phosphoinositide 3-kinase beta controls replication factor C assembly and function	CLAIM:000260396:0-1	PAIR2:GENE:5111|GENE:5291	CLAIM:000260396	a11a4bf7659e112d9aed52a3376b08f9b166fbeb	SILVER_PHYSICAL_CANONICAL	negative	canonical_possible	physical_negative_with_non_gold_or_cellular_assay		1	1	none_detected	0	1	0	0	0	0	96.0
373	RAD9	19367	4932	p110beta	5291	9606	no_binding	pull_down	pull-down	p110beta can also be isolated from cell extracts in complex with the molecular clamps PCNA and RAD9; we tested whether p110beta also associates directly to purified PCNA or RAD9, as above. p110beta did not bind directly to PCNA or RAD9 (Figure 1C).		Purified p110alpha and p110beta thus associated in vitro to the clamp loader components RFC1 and CTF18, but not directly to the molecular clamps PCNA and RAD9.	23175608	PMC3553946	Phosphoinositide 3-kinase beta controls replication factor C assembly and function	CLAIM:000260397:0-1	PAIR2:GENE:19367|GENE:5291	CLAIM:000260397	fcfd901054bdabf0cd0c03cd19f6bc1b6da8b156	SILVER_PHYSICAL_CANONICAL	negative	canonical_possible	physical_negative_with_non_gold_or_cellular_assay		1	1	none_detected	0	1	0	0	0	0	96.0
374	CaM	12314	10090	HA-Ng	374879	10090	failed_detection	pull_down	pull-down	However, CaM is not detected in the HA-Ng pulldown.	Our pulldown assay results indicate that Apo-CaM binds Ng when Ca2+ levels are low.	This result may be induced by biological variations during the pulldown assay, the possibility that Ng does not bind to CaM directly or the HA tag at the N-terminus interfering with CaM binding.	41029426	PMC12487352	Neurogranin-MYH9 interaction regulates cytoskeletal remodeling in cerebral vasculature	CLAIM:000071728:0-1	PAIR2:GENE:12314|GENE:374879	CLAIM:000071728	379d82e366f9b6a8ec68aa9f95b1a71fa60864fb	SILVER_PHYSICAL_CANONICAL	negative	canonical_possible	physical_negative_with_non_gold_or_cellular_assay		1	1	none_detected	0	0	0	0	0	0	96.0
375	COP1	817857	3702	Arabidopsis NRs	844112	3702	no_interaction	Y2H	yeast two-hybrid	Therefore, we examined possible interactions between COP1 and NR proteins by yeast two-hybrid analysis; however, COP1 did not interact with NIA1 or NIA2 (Figure 5D).	The higher levels of NR proteins in cop1-4 and DN-COP1-Myc6-overexpressing plants suggest that NR protein levels are post-translationally regulated by COP1.		29662028	PMC5979280	Nitrate Reductases Are Relocalized to the Nucleus by AtSIZ1 and Their Levels Are Negatively Regulated by COP1 and Ammonium	CLAIM:000231158:0-1	PAIR2:GENE:817857|GENE:844112	CLAIM:000231158	5c37217fee5832528514c7c60eae835167ef3518	SILVER_PHYSICAL_CANONICAL	negative	canonical_possible	physical_negative_with_non_gold_or_cellular_assay	purified_components	1	1	none_detected	1	0	0	1	0	0	96.0
376	p38alpha	26416	10090	Cdo	57810	10090	no_interaction	Y2H	yeast two-hybrid	It is likely that p38alpha/beta coprecipitates with Cdo via binding to JLP, which interacts with Cdo, as p38alpha and Cdo did not interact in the yeast two-hybrid system (Fig.	Furthermore, the formation of this complex correlated with pp38alpha/beta production.	S2, available at http://www.jcb.org/cgi/content/full/jcb.200608031/DC1).	17074887	PMC2064516	Activation of p38alpha/beta MAPK in myogenesis via binding of the scaffold protein JLP to the cell surface protein Cdo	CLAIM:000236502:0-1	PAIR2:GENE:26416|GENE:57810	CLAIM:000236502	349ee0480d6e2c814d4798e38d02b8d254339bac	SILVER_PHYSICAL_CANONICAL	negative	canonical_possible	physical_negative_with_non_gold_or_cellular_assay	positive_control	1	1	none_detected	1	0	1	0	0	0	96.0
377	lamin	4000	9606	RP S20	856371	10090	no_interaction	Y2H	yeast two-hybrid	Our results showed that UBCE2i, eIF5a and RP S20, fused to Gal4 AD, interact with LRBP fused to Gal4 BD, and these proteins do not interact with lamin (Fig.1B).	Lamin functions as a negative control, because it has no known interacting protein partner, while the LRBP-LRBP interaction serves as a strong positive control.	However, interaction between HS70p5 and LRBP was not observed in the mating assay (data not shown),	20167237	PMC2858967	Identification and Characterization of Proteins that Selectively Interact with the LHR mRNA Binding Protein (LRBP) in Rat Ovaries	CLAIM:000112080:0-1	PAIR2:GENE:4000|GENE:856371	CLAIM:000112080	cd9a9fe1448922ccae0bce067a5ac366c566502b	SILVER_PHYSICAL_CANONICAL	negative	canonical_possible	physical_negative_with_non_gold_or_cellular_assay	positive_control;negative_control	1	1	none_detected	1	0	1	0	0	0	96.0
378	MTs	8201	9606	Bub3	9184	9606	no_binding	pull_down	pull-down	Depletion of BuGZ in CSF egg extracts resulted in ~50% reduction of Bub3 due to co-depletion (left panel, samples before spin down), but the remaining Bub3 failed to bind to MTs (right panel, samples after spin down).	B.		24462186	PMC3927447	A microtubule-associated zinc finger protein, BuGZ, regulates mitotic chromosome alignment by ensuring Bub3 stability and kinetochore targeting	CLAIM:000182957:0-1	PAIR2:GENE:8201|GENE:9184	CLAIM:000182957	97e4f5cadf1c877b4eb1c3904690cb13ffc04c76	SILVER_PHYSICAL_CANONICAL	negative	canonical_possible	physical_negative_with_non_gold_or_cellular_assay		1	1	none_detected	1	0	0	0	0	0	95.0
379	Hsp90b	30573	10090	Apo2a	503736	10090	no_binding	pull_down	pull-down	The closely related Hsp90a2 and Hsp90b proteins also did not interact with Apo2a in this in vitro pull-down assay (unpublished data).	1, D and E, lane 11).	Collectively, these results suggest that Apo2a does not bind Hsp90 chaperones.	20440001	PMC2867308	Lack of Apobec2-related proteins causes a dystrophic muscle phenotype in zebrafish embryos	CLAIM:000028199:0-1	PAIR2:GENE:30573|GENE:503736	CLAIM:000028199	307a51d4307ff2a42eef2c5525d6e08b84fa1bdf	SILVER_PHYSICAL_CANONICAL	negative	canonical_possible	physical_negative_with_non_gold_or_cellular_assay		1	1	none_detected	1	0	0	0	0	0	95.0
380	acrosin	11434	10090	MAST	69987	10090	no_interaction	coIP	co-immunoprecipitation	Co-IP studies using MAST and acrosin antibodies showed that they did not interact (result not shown).	As caldendrin and calreticulin were both identified in the pulldown complex of MAST, this showed the presence of the three proteins in the same complex.	These results show interaction of MAST with the calcium binding proteins caldendrin and calreticulin, but not with acrosin.	24256100	PMC4225516	A mouse protein that localizes to acrosome and sperm tail is regulated by Y-chromosome	CLAIM:000167488:0-1	PAIR2:GENE:11434|GENE:69987	CLAIM:000167488	a21c026efbdab0aa99291bdc1f59809aa669634c	SILVER_PHYSICAL_CANONICAL	negative	canonical_possible	physical_negative_with_non_gold_or_cellular_assay	purified_components	1	1	none_detected	1	0	0	1	0	0	95.0
381	UHRF1	29128	9606	histone H4	8361	9606	no_binding	pull_down	pull-down	UHRF1 also showed little or no binding to unmodified or methylated histone H4 (Figure 1B, lanes 18, 19-23), and to unmodified H2A or H2B (aa 1-21) (Figure 1B, lanes 24-25).	As shown in Figure 1B, UHRF1 specifically and robustly binds the unmodified, N-terminal histone H3 tail (aa 1-21) (lane 4), but not the more internal sequence of H3, either unmodified (aa 15-35, lane 5) or methylated on R17 (aa 15-35, lanes 16-17).	Importantly, di- or trimethylation of H3K4 and H3K9, as well as H3R8 dimethylation, by and large did not significantly affect binding (Figure 1B, lanes 9-15).	21777816	PMC4691841	PHD Finger Recognition of Unmodified Histone H3R2 Links UHRF1 to Regulation of Euchromatic Gene Expression	CLAIM:000184191:0-1	PAIR2:GENE:29128|GENE:8361	CLAIM:000184191	325a52946e778e56dbe7309ee7d8e33aca4405c6	SILVER_PHYSICAL_CANONICAL	negative	canonical_possible	physical_negative_with_non_gold_or_cellular_assay		1	1	none_detected	1	0	0	0	0	0	95.0
382	MBP	24547	10116	Spn-F	43700	10090	no_binding	pull_down	pull-down	These results show that there is no binding of Spn-F to Sec13-MBP, indicating that the Spn-F binding to Ik2 is specific.	3B).	The data were globally fitted to the simple 1:1 interaction model with chi2 of 1.63.	18796167	PMC2567969	The Drosophila IKK-related kinase (Ik2) and Spindle-F proteins are part of a complex that regulates cytoskeleton organization during oogenesis	CLAIM:000228155:0-1	PAIR2:GENE:24547|GENE:43700	CLAIM:000228155	a9c2858541659fcf005f84cb25bb9099e01ae501	SILVER_PHYSICAL_CANONICAL	negative	canonical_possible	physical_negative_with_non_gold_or_cellular_assay		1	1	none_detected	1	0	0	0	0	0	95.0
383	Exo70	853359	4932	IFT20	90410	10090	no_interaction	coIP	co-immunoprecipitation	Because no interaction was observed between Flag-Exo70 and endogenous IFT20, we tested to see if Flag-IFT20 could precipitate endogenous Exo70 or Sec8 exocyst subunits (Fig.		3 B).	28576874	PMC5496619	BLOC-1 is required for selective membrane protein trafficking from endosomes to primary cilia	CLAIM:000055445:0-1	PAIR2:GENE:853359|GENE:90410	CLAIM:000055445	26fdc8eaa965b28c1d234a70e4c910848a2e1d04	SILVER_PHYSICAL_CANONICAL	negative	canonical_possible	physical_negative_with_non_gold_or_cellular_assay	positive_control;negative_control	1	1	none_detected	1	0	1	0	0	0	95.0
384	DSP4	824383	3702	CPSF73-I	842393	3702	no_interaction	coIP	co-immunoprecipitation	Co-IP/pull down assays also showed that DSP4 did not interact with DSP3 and CPSF73-I, but DSP3 did interact with CPSF73-I (Fig 6H-6J).	GFP-DSP2 interacted with MYC-DSP4 but not with DSP3-MYC and MYC-CPSF73-I (Fig 6E-6G).	To confirm these protein interactions, we performed a bimolecular fluorescence complementation (BiFC) assay (S1 Text).	27780203	PMC5079582	snRNA 3' End Processing by a CPSF73-Containing Complex Essential for Development in Arabidopsis	CLAIM:000319225:0-1	PAIR2:GENE:824383|GENE:842393	CLAIM:000319225	a8faea7d687c2c7bfa523fee23a7fdcd2f00002b	SILVER_PHYSICAL_CANONICAL	negative	canonical_possible	physical_negative_with_non_gold_or_cellular_assay	positive_control	1	1	none_detected	1	0	1	0	0	0	95.0
385	Gli1	140589		Ssb1	69917		no_binding	pull_down	pull-down	The pull-down assay showed that Ssb1 did not interact with Gli1 in the HSC-T6 and LX-2 cells (Figure 7H and Figure S10D).	The binding of Ssb1 with Gli1 was further examined.	Furthermore, pSTAT3/Gli1 colocalization in the HSCs was assayed by IF double staining.	41163803	PMC12561301	Saikosaponin b1 Attenuates Liver Fibrosis by Blocking STAT3/Gli1 Interaction and Inducing Gli1 Degradation	CLAIM:000037431:0-1	PAIR2:GENE:140589|GENE:69917	CLAIM:000037431	07b425b9f2a0088cb165fe4ab682c477dee17557	SILVER_PHYSICAL_CANONICAL	negative	canonical_possible	physical_negative_with_non_gold_or_cellular_assay		1	1	none_detected	1	0	0	0	0	0	95.0
386	OPTN	10133	9606	AZI2	64343	9606	no_binding	pull_down	pull-down	While 3FLAG-OPTN pulled down TBK1, it did not interact with either AZI2 or TBKBP1 (Fig.	1C).	1C).	39276928	PMC11490886	TBK1 adaptor AZI2/NAP1 regulates NDP52-driven mitochondrial autophagy	CLAIM:000142572:0-1	PAIR2:GENE:10133|GENE:64343	CLAIM:000142572	fe26ada755fd6847145a32304e2d843e22444326	SILVER_PHYSICAL_CANONICAL	negative	canonical_possible	physical_negative_with_non_gold_or_cellular_assay	negative_control	1	1	none_detected	1	0	0	0	0	0	95.0
387	Apo2a	503736	10090	Hsp90a2	565155	10090	no_binding	pull_down	pull-down	The closely related Hsp90a2 and Hsp90b proteins also did not interact with Apo2a in this in vitro pull-down assay (unpublished data).	1, D and E, lane 11).	Collectively, these results suggest that Apo2a does not bind Hsp90 chaperones.	20440001	PMC2867308	Lack of Apobec2-related proteins causes a dystrophic muscle phenotype in zebrafish embryos	CLAIM:000028198:0-1	PAIR2:GENE:503736|GENE:565155	CLAIM:000028198	3d534adccd4c79c94bbf9d8aef81a0536ddbc01b	SILVER_PHYSICAL_CANONICAL	negative	canonical_possible	physical_negative_with_non_gold_or_cellular_assay		1	1	none_detected	1	0	0	0	0	0	95.0
388	MBP	4155	9606	Tem1	57124	4932	no_binding	pull_down	pull-down	Tem1 and Gic1 failed to bind to MBP beads (unpublished data).	The proteins were then incubated with purified, immobilized MBP, MBP-Bub2 or MBP-Bfa1.	Binding of Tem1 to Bub2 and Bfa1 was observed in the absence of Gic1 (Fig.	14734533	PMC2172333	Novel regulation of mitotic exit by the Cdc42 effectors Gic1 and Gic2	CLAIM:000061935:0-1	PAIR2:GENE:4155|GENE:57124	CLAIM:000061935	cc5b6ac557d52409d9d7daf5a71ee002f25006ca	SILVER_PHYSICAL_CANONICAL	negative	canonical_possible	physical_negative_with_non_gold_or_cellular_assay		1	1	none_detected	1	0	0	0	0	0	95.0
389	HFE	15216	10090	HSA	213	9606	no_binding	pull_down	pull-down	Assessing another nonclassical MHC1 family member, namely, HFE, implicated in hereditary hemochromatosis, we found no binding of HFE to Sepharose-HSA while shFcRn simultaneously bound (Fig.	2 F). srFcRn did not, however, bind Sepharose-human and -bovine albumin, nor did it bind Sepharose-Tris or -myoglobin (unpublished data).	2 G).	12566415	PMC2193842	The Major Histocompatibility Complex-related Fc Receptor for IgG (FcRn) Binds Albumin and Prolongs Its Lifespan	CLAIM:000189657:0-1	PAIR2:GENE:15216|GENE:213	CLAIM:000189657	2a15910d27c142fa6b90b20775a0097d30ac6a22	SILVER_PHYSICAL_CANONICAL	negative	canonical_possible	physical_negative_with_non_gold_or_cellular_assay		1	1	none_detected	1	0	0	0	0	0	95.0
391	Impbeta	35336	7227	Impalpha	3612	9606	no_binding	pull_down	pull-down	Pull-down binding assays showed that Impalpha binds to the S. pombe Mex67p N-terminal tail or spNXF1-N, binds very weakly to Imp11, and does not bind Impbeta, Kapbeta2, or Imp4 (Figure 5, A and F).	The basic patches appeared to contain bipartite classic NLSs (Figure 4).	These results suggested that nuclear import of NXF1 in S. pombe is most likely to be mediated by the classic Impalpha/beta pathway.	21965294	PMC3226482	Evolutionary development of redundant nuclear localization signals in the mRNA export factor NXF1	CLAIM:000018040:0-1	PAIR2:GENE:35336|GENE:3612	CLAIM:000018040	5968cf99450f434cfe838b4a2e37c2cf581df3bc	SILVER_PHYSICAL_CANONICAL	negative	canonical_possible	physical_negative_with_non_gold_or_cellular_assay		1	1	none_detected	1	0	0	0	0	0	95.0
392	ORF6	43740572	2697049	caspase-1	834	9606	no_interaction	coIP	pull-down	Our results demonstrated that ORF6 specifically interacted with caspase-8, as indicated by the pull-down of caspase-8 by ORF6, and vice versa, with no interaction observed between ORF6 and caspase-1 (Figure 4A,B).	To elucidate the mechanism by which SARS2-ORF6 inhibits caspase-8 activation, we conducted a co-immunoprecipitation assay following the co-transfection of ORF6 with caspase-8-C/A.	Consistent with these findings, we observed co-localization of SARS2-ORF6 and caspase-8 following SARS2 infection (Figure 4C).	40810650	PMC12591158	The NSP5, ORF6 and NSP13 of SARS-CoV-2 Cooperate to Modulate Inflammatory Cell Death Activation	CLAIM:000038413:0-1	PAIR2:GENE:43740572|GENE:834	CLAIM:000038413	fc3c3a2a36cfb0b185c767849f90019967b2c1b7	SILVER_PHYSICAL_CANONICAL	negative	canonical_possible	physical_negative_with_non_gold_or_cellular_assay	purified_components	1	1	none_detected	1	0	0	1	0	0	95.0
393	TRN-SR	23534	9606	SRp75	6429	9606	no_binding	far_western	far Western blotting	However, we note that no binding of TRN-SR to SRp75 was detected by far Western blotting, although this protein is abundant in the fraction we tested (Fig.	These results strongly suggest that TRN-SR is a general nuclear import receptor for SR proteins.	6).	10366588	PMC2133142	Transportin-SR, a Nuclear Import Receptor for SR Proteins	CLAIM:000323892:0-1	PAIR2:GENE:23534|GENE:6429	CLAIM:000323892	8674dba8f916ae3136849d23861d1f07e99acee9	SILVER_PHYSICAL_CANONICAL	negative	canonical_possible	physical_negative_with_non_gold_or_cellular_assay		1	1	none_detected	1	0	0	0	0	0	95.0
395	Pyrin	4210	9606	RSK	6197	9606	no_interaction	coIP	co-immunoprecipitation	We observed no interaction between pyrin and RSK2 in a co-immunoprecipitation assay from lysates of normal human monocytes, but, when the cells were infected with Y. pestis, an interaction of endogenous pyrin with RSK2 was observed (Fig.	To understand how pyrin is phosphorylated by RSKs, we tested whether pyrin interacts with RSK in the cytosol, similarly to PKN1.	4a).	32601469	PMC7381377	Ancient familial Mediterranean fever mutations in human pyrin and resistance to Yersinia pestis	CLAIM:000259361:0-1	PAIR2:GENE:4210|GENE:6197	CLAIM:000259361	b20f5105f5901634a21a12562488f22f152a107e	SILVER_PHYSICAL_CANONICAL	negative	canonical_possible	physical_negative_with_non_gold_or_cellular_assay	purified_components	1	1	none_detected	1	0	0	1	0	0	95.0
396	fibrinogen	2244	9606	fibronectin	2335	9606	no_binding	SPR	ELISA	In both ELISA and surface plasmon resonance (SPR) experiments, immobilized fibrinogen did not bind fibronectin at all, but after conversion to fibrin, it bound fibronectin with high affinity.	To address these questions, we studied the interaction of fibronectin with fibrinogen, fibrin, and their proteolytic and recombinant fragments.	To test which regions of fibrin are involved in this binding, we studied the interaction of fibronectin with the fibrin-derived D-D:E(1) complex and a recombinant alphaC fragment (residues Aalpha221-610) corresponding to the alphaC domain that together encompass the whole fibrin(ogen) molecule.	12069579		Interaction of fibrin(ogen) with fibronectin: further characterization and localization of the fibronectin-binding site.	CLAIM:000032678:0-1	PAIR2:GENE:2244|GENE:2335	CLAIM:000032678	1b97a3a261a7a224645e4d9afc856ee4cbbcaea2	SCOPED_NEGATIVE	not_applicable	construct_variant_domain_specific	negative_is_construct_variant_domain_or_isoform_scoped	positive_conflict	1	1	broad_unresolved	1	0	0	0	1	0	95.0
397	ERK2	327672	9913	arrestin-1	6295	9606	no_binding	pull_down	pull-down	In this format arrestin-1 was not retained by ERK2 columns, suggesting that either free arrestin-1 does not bind ERK2, or the affinity of this interaction is too low to maintain the complex throughout the washing procedure.	1C).	Both non-visual arrestins bind comparably to active ERK2 (Fig.	22174878	PMC3236217	The Effect of Arrestin Conformation on the Recruitment of c-Raf1, MEK1, and ERK1/2 Activation	CLAIM:000013995:0-1	PAIR2:GENE:327672|GENE:6295	CLAIM:000013995	4dc25aa7b195821052776a9a3cde8556596b3d80	SILVER_PHYSICAL_CANONICAL	negative	canonical_possible	physical_negative_with_non_gold_or_cellular_assay		1	1	none_detected	1	0	0	0	0	0	95.0
398	SANS	16470	10090	IFT20	55978	10090	no_binding	pull_down	pull-down	While the interaction of SANS with IFT52 was most consistent and reproducible, IFT20 did not bind and IFT74 showed only a very weak binding to SANS in the in vitro GFP-Trap assays (Figures 2A,B).	However, it is notable that the data were not consistent in the different protein-protein interaction assays.	IFT57 and IFT20 were not recruited by PalmMyr-SANS in the membrane targeting assay (Figure 3).	31637240	PMC6787559	SANS (USH1G) Molecularly Links the Human Usher Syndrome Protein Network to the Intraflagellar Transport Module by Direct Binding to IFT-B Proteins	CLAIM:000192469:0-1	PAIR2:GENE:16470|GENE:55978	CLAIM:000192469	145f590f769c0db5552f0385d446802f86111fe0	SILVER_PHYSICAL_CANONICAL	negative	canonical_possible	physical_negative_with_non_gold_or_cellular_assay		1	1	none_detected	1	0	0	0	0	0	95.0
399	SANS	16470	10090	IFT74	67694	10090	no_binding	pull_down	pull-down	While the interaction of SANS with IFT52 was most consistent and reproducible, IFT20 did not bind and IFT74 showed only a very weak binding to SANS in the in vitro GFP-Trap assays (Figures 2A,B).	However, it is notable that the data were not consistent in the different protein-protein interaction assays.	IFT57 and IFT20 were not recruited by PalmMyr-SANS in the membrane targeting assay (Figure 3).	31637240	PMC6787559	SANS (USH1G) Molecularly Links the Human Usher Syndrome Protein Network to the Intraflagellar Transport Module by Direct Binding to IFT-B Proteins	CLAIM:000192470:0-1	PAIR2:GENE:16470|GENE:67694	CLAIM:000192470	ae8c9b4a342e3ead6fd4e74c542d05444af40a48	SILVER_PHYSICAL_CANONICAL	negative	canonical_possible	physical_negative_with_non_gold_or_cellular_assay		1	1	none_detected	1	0	0	0	0	0	95.0
400	APC	324	9606	POLbeta	5423	9606	no_interaction	coIP	co-immunoprecipitation	Similarly, the interaction of POLbeta and APC remained unchanged in HCT-116 and HT-29 cells before and after 5-FU treatment, but no interaction was observed in LOVO cells.	No FEN1 protein was detected in the control IgG pull-down (lane 1).	Lanes 4, 7, and 10 confirm the presence of POLbeta in the nuclear extract (Fig.	25460919	PMC4830146	5-Fluorouracil mediated anti-cancer activity in colon cancer cells is through the induction of Adenomatous Polyposis Coli: Implication of the long-patch base excision repair pathway	CLAIM:000052045:0-1	PAIR2:GENE:324|GENE:5423	CLAIM:000052045	367a0320055364f27cf9569a9abf9ac7190707a0	SILVER_PHYSICAL_CANONICAL	negative	canonical_possible	physical_negative_with_non_gold_or_cellular_assay	positive_control	1	1	none_detected	1	0	1	0	0	0	95.0
401	AP-2	100794096	1133691	Arf-1	338058	9606	no_binding	pull_down	pull-down	There was no binding to AP-2 under any condition, which highlights the specificity of the AP-1 interaction with Arf-1.	1 C, lanes 3-6).	This effect was dependent on the concentration of both free peptide (Fig.	18250197	PMC2234244	Binding of cargo sorting signals to AP-1 enhances its association with ADP ribosylation factor 1-GTP	CLAIM:000319804:0-1	PAIR2:GENE:100794096|GENE:338058	CLAIM:000319804	43b4d34876fcc0c0e34ac81479eb0bc61f59bf39	SILVER_PHYSICAL_CANONICAL	negative	canonical_possible	physical_negative_with_non_gold_or_cellular_assay		1	1	none_detected	1	0	0	0	0	0	95.0
402	FAF1	11124	9606	histone H2A	179261	10090	no_binding	pull_down	pull-down	FAF1 pull-down co-purified POLD2, one of the proteins that is relocated upon USP7 inhibition, while it did not bind RPA2 or histone H2A (Figures S4F and S4M).	Finally, we checked the binding of FAF1 to DNA replication factors.	To further define the link between SUMO/ubiquitin and UBXN-3/FAF1, we went back to the C. elegans model system.	34644576	PMC8527565	USP7 and VCPFAF1 define the SUMO/Ubiquitin landscape at the DNA replication fork	CLAIM:000218137:0-1	PAIR2:GENE:11124|GENE:179261	CLAIM:000218137	f3acbdc8214120f516b42d6a55b3d92590317fc2	SILVER_PHYSICAL_CANONICAL	negative	canonical_possible	physical_negative_with_non_gold_or_cellular_assay		1	1	none_detected	1	0	0	0	0	0	95.0
403	FAF1	11124	9606	RPA2	172092	10090	no_binding	pull_down	pull-down	FAF1 pull-down co-purified POLD2, one of the proteins that is relocated upon USP7 inhibition, while it did not bind RPA2 or histone H2A (Figures S4F and S4M).	Finally, we checked the binding of FAF1 to DNA replication factors.	To further define the link between SUMO/ubiquitin and UBXN-3/FAF1, we went back to the C. elegans model system.	34644576	PMC8527565	USP7 and VCPFAF1 define the SUMO/Ubiquitin landscape at the DNA replication fork	CLAIM:000218136:0-1	PAIR2:GENE:11124|GENE:172092	CLAIM:000218136	22465c597299e757270b97f700a9ae102cc19de2	SILVER_PHYSICAL_CANONICAL	negative	canonical_possible	physical_negative_with_non_gold_or_cellular_assay		1	1	none_detected	1	0	0	0	0	0	95.0
404	uPAR	281983	9606	LRP	4035	9606	no_binding	pull_down	pull-down	Control experiments (not shown) included parallel incubations on LRP and RAP-Sepharose columns that did not bind any of the uPAR preparations or m-uPAR.	On the other hand, reduction and alkylation of uPAR released by PiPLC caused a marked reduction in binding suggesting that the overall conformation of the protein moiety is important.		9566979	PMC2132758	Mannose 6-Phosphate/Insulin-like Growth Factor-II Receptor Targets the Urokinase Receptor to Lysosomes via a Novel Binding Interaction	CLAIM:000300636:0-1	PAIR2:GENE:281983|GENE:4035	CLAIM:000300636	fe829019aa95ff15ba9a34d233a925e491cb8803	SILVER_PHYSICAL_CANONICAL	negative	canonical_possible	physical_negative_with_non_gold_or_cellular_assay		1	1	none_detected	1	0	0	0	0	0	95.0
405	Impalpha	3612	9606	Imp4	92856	10090	no_binding	pull_down	pull-down	Pull-down binding assays showed that Impalpha binds to the S. pombe Mex67p N-terminal tail or spNXF1-N, binds very weakly to Imp11, and does not bind Impbeta, Kapbeta2, or Imp4 (Figure 5, A and F).	The basic patches appeared to contain bipartite classic NLSs (Figure 4).	These results suggested that nuclear import of NXF1 in S. pombe is most likely to be mediated by the classic Impalpha/beta pathway.	21965294	PMC3226482	Evolutionary development of redundant nuclear localization signals in the mRNA export factor NXF1	CLAIM:000018041:0-1	PAIR2:GENE:3612|GENE:92856	CLAIM:000018041	5c6920aa17e533949b76eaa8ad4c67c25a3915ab	SILVER_PHYSICAL_CANONICAL	negative	canonical_possible	physical_negative_with_non_gold_or_cellular_assay		1	1	none_detected	1	0	0	0	0	0	95.0
406	OPTN	10133	9606	TBKBP1	9755	9606	no_binding	pull_down	pull-down	While 3FLAG-OPTN pulled down TBK1, it did not interact with either AZI2 or TBKBP1 (Fig.	1C).	1C).	39276928	PMC11490886	TBK1 adaptor AZI2/NAP1 regulates NDP52-driven mitochondrial autophagy	CLAIM:000142573:0-1	PAIR2:GENE:10133|GENE:9755	CLAIM:000142573	9c17b7a2b46524ef9d67238b29d1cdf84244203b	SILVER_PHYSICAL_CANONICAL	negative	canonical_possible	physical_negative_with_non_gold_or_cellular_assay	negative_control	1	1	none_detected	1	0	0	0	0	0	95.0
407	Tem1	57124	4932	Gic1	856458	469008	no_binding	pull_down	pull-down	Tem1 and Gic1 failed to bind to MBP beads (unpublished data).	The proteins were then incubated with purified, immobilized MBP, MBP-Bub2 or MBP-Bfa1.	Binding of Tem1 to Bub2 and Bfa1 was observed in the absence of Gic1 (Fig.	14734533	PMC2172333	Novel regulation of mitotic exit by the Cdc42 effectors Gic1 and Gic2	CLAIM:000061934:0-1	PAIR2:GENE:57124|GENE:856458	CLAIM:000061934	af35d249afd783a375cedf8fa324f7de171a7718	SILVER_PHYSICAL_CANONICAL	negative	canonical_possible	physical_negative_with_non_gold_or_cellular_assay		1	1	none_detected	1	0	0	0	0	0	95.0
408	uPAR	281983	9606	RAP	4043	9606	no_binding	pull_down	pull-down	Control experiments (not shown) included parallel incubations on LRP and RAP-Sepharose columns that did not bind any of the uPAR preparations or m-uPAR.	On the other hand, reduction and alkylation of uPAR released by PiPLC caused a marked reduction in binding suggesting that the overall conformation of the protein moiety is important.		9566979	PMC2132758	Mannose 6-Phosphate/Insulin-like Growth Factor-II Receptor Targets the Urokinase Receptor to Lysosomes via a Novel Binding Interaction	CLAIM:000300637:0-1	PAIR2:GENE:281983|GENE:4043	CLAIM:000300637	9574aaecc60fd96bcd05c1cd26bf9cf262f6e856	SILVER_PHYSICAL_CANONICAL	negative	canonical_possible	physical_negative_with_non_gold_or_cellular_assay		1	1	none_detected	1	0	0	0	0	0	95.0
409	EGFR	1956	9606	epsinR	9685	10090	no_binding	pull_down	pull-down	We found that AP1gamma1 interacted with EGFR, whereas epsinR, and the delta subunit of the adaptor complex-3 (AP3delta1) showed no binding (Fig.	HEK293T cells coexpressing HA-BirA and EGFP with a Bio tag at its C-terminus (EGFP-Bio) were used as a negative control.	2A).	36739948	PMC10017364	The clathrin adaptor complex-1 and Rab12 regulate post-golgi trafficking of WT epidermal growth factor receptor (EGFR)	CLAIM:000231841:0-1	PAIR2:GENE:1956|GENE:9685	CLAIM:000231841	fd61e3e54c552613cd3743f4bc0ace43b784b2a6	SILVER_PHYSICAL_CANONICAL	negative	canonical_possible	physical_negative_with_non_gold_or_cellular_assay	negative_control	1	1	none_detected	1	0	0	0	0	0	95.0
410	MBP	4155	9606	Gic1	856458	469008	no_binding	pull_down	pull-down	Tem1 and Gic1 failed to bind to MBP beads (unpublished data).	The proteins were then incubated with purified, immobilized MBP, MBP-Bub2 or MBP-Bfa1.	Binding of Tem1 to Bub2 and Bfa1 was observed in the absence of Gic1 (Fig.	14734533	PMC2172333	Novel regulation of mitotic exit by the Cdc42 effectors Gic1 and Gic2	CLAIM:000061936:0-1	PAIR2:GENE:4155|GENE:856458	CLAIM:000061936	62426730d5fb1a4892241b499137a3db0b1c36b5	SILVER_PHYSICAL_CANONICAL	negative	canonical_possible	physical_negative_with_non_gold_or_cellular_assay		1	1	none_detected	1	0	0	0	0	0	95.0
411	Bam32	27071	9606	Pak2	5062	9606	no_binding	pull_down	unknown	In contrast to Pak1, Pak2 did not bind Bam32 confirming the previous KD experiment.	The pulldown experiment demonstrates that Bam32(DeltaPH)-HPK1 and Bam32(DeltaPH)-Pak1 interactions are dependent on PLC-gamma1, as neither kinase co-precipitated with Bam32 in Jgamma1 cells.	A similar pulldown was performed with JE6.1 lysates immunodepleted of PLC-gamma1.	22981863	PMC3483363	LAT-Independent Erk Activation via Bam32-PLC-gamma1-Pak1 Complexes: GTPase-Independent Pak1 Activation	CLAIM:000307618:0-1	PAIR2:GENE:27071|GENE:5062	CLAIM:000307618	a627b092aec2af7a1dece81e2cda7a395cce4e6a	SILVER_PHYSICAL_CANONICAL	negative	canonical_possible	physical_negative_with_non_gold_or_cellular_assay		1	1	none_detected	1	0	0	0	0	0	95.0
412	UHRF1	29128	9606	H2A	8337	9606	no_binding	pull_down	pull-down	UHRF1 also showed little or no binding to unmodified or methylated histone H4 (Figure 1B, lanes 18, 19-23), and to unmodified H2A or H2B (aa 1-21) (Figure 1B, lanes 24-25).	As shown in Figure 1B, UHRF1 specifically and robustly binds the unmodified, N-terminal histone H3 tail (aa 1-21) (lane 4), but not the more internal sequence of H3, either unmodified (aa 15-35, lane 5) or methylated on R17 (aa 15-35, lanes 16-17).	Importantly, di- or trimethylation of H3K4 and H3K9, as well as H3R8 dimethylation, by and large did not significantly affect binding (Figure 1B, lanes 9-15).	21777816	PMC4691841	PHD Finger Recognition of Unmodified Histone H3R2 Links UHRF1 to Regulation of Euchromatic Gene Expression	CLAIM:000184192:0-1	PAIR2:GENE:29128|GENE:8337	CLAIM:000184192	b95f866a463e198921451ae8854a27102ca9aa13	SILVER_PHYSICAL_CANONICAL	negative	canonical_possible	physical_negative_with_non_gold_or_cellular_assay		1	1	none_detected	1	0	0	0	0	0	95.0
413	MBP	4155	9606	Pex5	5830	9606	no_binding	pull_down	pull-down	MBP alone does not bind Pex5 (Supplementary Figure 9)	MBP-Pex15 and Pex5 migrate similarly, so the presence of Pex5 was determined by imaging its fluorescein label.		29321502	PMC5762779	The peroxisomal AAA-ATPase Pex1/Pex6 unfolds substrates by processive threading	CLAIM:000240519:0-1	PAIR2:GENE:4155|GENE:5830	CLAIM:000240519	211a9d86b21521d14d1a22dfa1414dc22a849349	SILVER_PHYSICAL_CANONICAL	negative	canonical_possible	physical_negative_with_non_gold_or_cellular_assay		1	1	none_detected	1	0	0	0	0	0	95.0
414	Mlp1p	853970	4932	Cnm67p	855496	4932	no_binding	pull_down	pull-down	Whereas Mlp1p-PrA did not bind any SPB components, Mlp2p-PrA bound specifically to three SPB proteins (Spc110p, Spc42p, and Spc29p), but failed to interact with a fourth (Cnm67p).	The Mlp2p-associated SPB proteins were separated by SDS-PAGE, immobilized on nitrocellulose, and probed either with purified Mlp1p-PrA or Mlp2p-PrA.	These results are consistent with the immunopurification data above, and indicate that Mlp2p interacts directly with at least three SPB components, all of which are exposed on the nuclear side of the SPB and so accessible to the Mlp2p in vivo.	16027220	PMC2171418	The nuclear pore complex-associated protein, Mlp2p, binds to the yeast spindle pole body and promotes its efficient assembly	CLAIM:000225332:0-1	PAIR2:GENE:853970|GENE:855496	CLAIM:000225332	836558c669808c215f532e4fd28484509a17609c	SILVER_PHYSICAL_CANONICAL	negative	canonical_possible	physical_negative_with_non_gold_or_cellular_assay		1	1	none_detected	1	0	0	0	0	0	95.0
415	ALR	2671	4932	MIC19	54927	4932	no_interaction	coIP	co-immunoprecipitation	We observed the Mia40 partner protein Erv1 in the elution fraction, but no interaction with Mic19 was detected (Fig.	We analyzed elution fractions under reducing conditions.	6C, left).	26416881	PMC4648825	The Oxidation Status of Mic19 Regulates MICOS Assembly	CLAIM:000126955:0-1	PAIR2:GENE:2671|GENE:54927	CLAIM:000126955	93cfa827a1a1dcb9e54f1c01279e27019896c03f	SILVER_PHYSICAL_CANONICAL	negative	canonical_possible	physical_negative_with_non_gold_or_cellular_assay	positive_control	1	1	none_detected	1	0	1	0	0	0	95.0
416	Mlp1p	853970	4932	Spc29p	855979	4896	no_binding	pull_down	pull-down	Whereas Mlp1p-PrA did not bind any SPB components, Mlp2p-PrA bound specifically to three SPB proteins (Spc110p, Spc42p, and Spc29p), but failed to interact with a fourth (Cnm67p).	The Mlp2p-associated SPB proteins were separated by SDS-PAGE, immobilized on nitrocellulose, and probed either with purified Mlp1p-PrA or Mlp2p-PrA.	These results are consistent with the immunopurification data above, and indicate that Mlp2p interacts directly with at least three SPB components, all of which are exposed on the nuclear side of the SPB and so accessible to the Mlp2p in vivo.	16027220	PMC2171418	The nuclear pore complex-associated protein, Mlp2p, binds to the yeast spindle pole body and promotes its efficient assembly	CLAIM:000225331:0-1	PAIR2:GENE:853970|GENE:855979	CLAIM:000225331	ddddea6bbd3101ddda87fb5abc8de10fd6694728	SILVER_PHYSICAL_CANONICAL	negative	canonical_possible	physical_negative_with_non_gold_or_cellular_assay		1	1	none_detected	1	0	0	0	0	0	95.0
417	Spc42p	853824	4932	Mlp1p	853970	4932	no_binding	pull_down	pull-down	Whereas Mlp1p-PrA did not bind any SPB components, Mlp2p-PrA bound specifically to three SPB proteins (Spc110p, Spc42p, and Spc29p), but failed to interact with a fourth (Cnm67p).	The Mlp2p-associated SPB proteins were separated by SDS-PAGE, immobilized on nitrocellulose, and probed either with purified Mlp1p-PrA or Mlp2p-PrA.	These results are consistent with the immunopurification data above, and indicate that Mlp2p interacts directly with at least three SPB components, all of which are exposed on the nuclear side of the SPB and so accessible to the Mlp2p in vivo.	16027220	PMC2171418	The nuclear pore complex-associated protein, Mlp2p, binds to the yeast spindle pole body and promotes its efficient assembly	CLAIM:000225330:0-1	PAIR2:GENE:853824|GENE:853970	CLAIM:000225330	b04307d617913f2af272c42d55a6c5a225865554	SILVER_PHYSICAL_CANONICAL	negative	canonical_possible	physical_negative_with_non_gold_or_cellular_assay		1	1	none_detected	1	0	0	0	0	0	95.0
418	iRHOM1	13650	10090	K16	3868	9606	no_binding	pull_down	pull-down	It has previously been reported that both iRHOM2 and its rhomboid family member iRHOM1 can bind ADAM17 (ref.); however, K16 did not bind iRHOM1 in pull-down assays using TOC and CTRL cells (Fig.	2d).	2d and Supplementary Fig.	28128203	PMC5290154	Rhomboid family member 2 regulates cytoskeletal stress-associated Keratin 16	CLAIM:000025978:0-1	PAIR2:GENE:13650|GENE:3868	CLAIM:000025978	dcbeabc415834015e2e3ab82d8ed0d2e1cbdeb47	SILVER_PHYSICAL_CANONICAL	negative	canonical_possible	physical_negative_with_non_gold_or_cellular_assay		1	1	none_detected	1	0	0	0	0	0	95.0
419	Neurocan	1463	10116	EGF receptor	1956	9606	no_binding	in_vitro_binding_unspecified	binding assay	Neurocan bound at high levels to Ng-CAM and N-CAM, but little or no binding was detected to myelin-associated glycoprotein, EGF receptor, fibronectin, laminin, and collagen IV.	To investigate these interactions more directly, we have tested binding of soluble 125I- neurocan to microwells coated with different glycoproteins.	The binding to Ng-CAM and N-CAM was saturable and in each case Scatchard plots indicated a high affinity binding site with a dissociation constant of approximately 1 nM.	7513709	PMC2119998	The neuronal chondroitin sulfate proteoglycan neurocan binds to the neural cell adhesion molecules Ng-CAM/L1/NILE and N-CAM, and inhibits neuronal adhesion and neurite outgrowth	CLAIM:000204283:0-1	PAIR2:GENE:1463|GENE:1956	CLAIM:000204283	d6831a03bd3652f50b2216783d6a5eb21cdb03ce	SILVER_PHYSICAL_CANONICAL	negative	canonical_possible	physical_negative_with_non_gold_or_cellular_assay		1	1	none_detected	1	0	0	0	0	0	94.0
420	Xpo1	7514	9606	Slx9	852972	4932	no_binding	in_vitro_binding_unspecified	in vitro binding assay	However, Slx9 did not bind the export receptor Xpo1 in presence of RanGTP in vitro, suggesting that it does not contain a nuclear export signal and therefore is unlikely to be an export adapter (data not shown).	These results indicate that Slx9 is embedded in a network of functional interactions involving the NPC.	Slx9 may be necessary for recruitment of an export adaptor on maturing pre40S subunits.	22956913	PMC3431309	Role of Mex67-Mtr2 in the Nuclear Export of 40S Pre-Ribosomes	CLAIM:000098855:0-1	PAIR2:GENE:7514|GENE:852972	CLAIM:000098855	a5b86c7838677c3dc195adccb4c2360e30c44f9c	SILVER_PHYSICAL_CANONICAL	negative	canonical_possible	physical_negative_with_non_gold_or_cellular_assay		1	1	none_detected	1	0	0	0	0	0	94.0
421	Erg27	850790	10116	Osh4	855958	4932	no_binding	Y2H	immunoprecipitation	No interaction between Erg6 and other Oshes was detected in two-hybrid assays, nor could we find binding between Osh4 and Erg2, Erg6, Erg7, or Erg27 in immunoprecipitations (Figs.	3 H).	3 G and S3 E), suggesting that Osh2 plays a prominent role at cortical ERSESs.	34283201	PMC8294947	Coupled sterol synthesis and transport machineries at ER-endocytic contact sites	CLAIM:000030299:0-1	PAIR2:GENE:850790|GENE:855958	CLAIM:000030299	1d2d7c58b671768cc8aa39aa28292536f26ed398	SILVER_PHYSICAL_CANONICAL	negative	canonical_possible	physical_negative_with_non_gold_or_cellular_assay		1	1	none_detected	1	0	0	0	0	0	94.0
422	D14	819554	3702	SMAX1	835878	3702	no_binding	Y2H	pull-down	SMAX1 also did not interact with D14 in vitro in a pull-down assay.	Although both SMAX1 and SMXL2 are able to co-immunoprecipitate KAI2 from Arabidopsis protoplasts in the presence of an agonist, only SMXL2 is effective at co-immunoprecipitation of D14.	Likewise, we observed weaker Y2H interactions between D14 and SMAX1 than between D14 and SMXL2 (Figure 3A).	35529949	PMC9073322	The strigolactone receptor D14 targets SMAX1 for degradation in response to GR24 treatment and osmotic stress	CLAIM:000273808:0-1	PAIR2:GENE:819554|GENE:835878	CLAIM:000273808	88c8d979eb93318a3b6a74031239c91986bd2feb	SILVER_PHYSICAL_CANONICAL	negative	canonical_possible	physical_negative_with_non_gold_or_cellular_assay		1	1	none_detected	1	0	0	0	0	0	94.0
423	RIG-I	23586	9606	SDC3	9672	9606	no_binding	Y2H	yeast two-hybrid	1a,b, in contrast to SDC4, SDC1, SDC2 and SDC3 failed to interact with RIG-I, indicating the specific interaction between SDC4 and RIG-I.	As shown in Supplementary Fig.	Next, we determined whether the endogenous RIG-I protein could form a complex with SDC4.	27279133	PMC4906230	Syndecan-4 negatively regulates antiviral signalling by mediating RIG-I deubiquitination via CYLD	CLAIM:000016292:0-1	PAIR2:GENE:23586|GENE:9672	CLAIM:000016292	f7cf455a7b5030814f947755c588118645bd8d33	SILVER_PHYSICAL_CANONICAL	negative	canonical_possible	physical_negative_with_non_gold_or_cellular_assay		1	1	none_detected	1	0	0	0	0	0	94.0
424	RIG-I	23586	9606	SDC2	6383	9606	no_binding	Y2H	yeast two-hybrid	1a,b, in contrast to SDC4, SDC1, SDC2 and SDC3 failed to interact with RIG-I, indicating the specific interaction between SDC4 and RIG-I.	As shown in Supplementary Fig.	Next, we determined whether the endogenous RIG-I protein could form a complex with SDC4.	27279133	PMC4906230	Syndecan-4 negatively regulates antiviral signalling by mediating RIG-I deubiquitination via CYLD	CLAIM:000016291:0-1	PAIR2:GENE:23586|GENE:6383	CLAIM:000016291	e228be5c344cf78a069deabf86696a5fd932c5bc	SILVER_PHYSICAL_CANONICAL	negative	canonical_possible	physical_negative_with_non_gold_or_cellular_assay		1	1	none_detected	1	0	0	0	0	0	94.0
425	NRB4	838147	252690	NPR1	842733	3702	no_binding	Y2H	yeast two-hybrid	We previously found that NPR1 and NRB4 do not interact in Y2H.		Our current results showed that betaCA1f interacted with both proteins in Y2H, suggesting that it might interact with both at the same time, perhaps functioning like a molecular bridge or scaffolding.	28753666	PMC5533460	beta-carbonic anhydrases play a role in salicylic acid perception in Arabidopsis	CLAIM:000153867:0-1	PAIR2:GENE:838147|GENE:842733	CLAIM:000153867	fa811e8769c87df46265073d432da614e898433b	SILVER_PHYSICAL_CANONICAL	negative	canonical_possible	physical_negative_with_non_gold_or_cellular_assay		1	1	none_detected	1	0	0	0	0	0	94.0
426	WNT11	140584	10116	FZD10	363913	10116	failed_detection	coIP	co-immunoprecipitation	3d), whereas the stable complexes between WNT11 and FZD10 were not detected by CO-IP (Supplementary Fig.	3c) and SMCs (Fig.	4m, n).	41663583	PMC12886777	Wnt11 mediates fibroblast-smooth muscle cell interaction to promote neurogenic bladder fibrosis in rats	CLAIM:000315491:0-1	PAIR2:GENE:140584|GENE:363913	CLAIM:000315491	82bb4ae40024c57cfd611cc96d3acd65d2879d37	SILVER_PHYSICAL_CANONICAL	negative	canonical_possible	physical_negative_with_non_gold_or_cellular_assay		1	1	none_detected	0	0	0	0	0	0	94.0
427	GFAP	14580	10090	TRADD	71609	10090	no_binding	Y2H	two-hybrid	In a two-hybrid system, TRADD specifically bound K18 and K14, type I (acidic) keratins, but did not bind type II keratins, including K5 and K8, or type III IFs, including vimentin, GFAP, and desmin (Fig.		1 B).	11684708	PMC2150850	Keratin attenuates tumor necrosis factor-induced cytotoxicity through association with TRADD	CLAIM:000225279:0-1	PAIR2:GENE:14580|GENE:71609	CLAIM:000225279	f6e98d0c8140fd6b6a43d3bfb0c6830a6a175930	SILVER_PHYSICAL_CANONICAL	negative	canonical_possible	physical_negative_with_non_gold_or_cellular_assay		1	1	none_detected	1	0	0	0	0	0	94.0
428	Neurocan	1463	10116	myelin-associated glycoprotein	4099	9606	no_binding	in_vitro_binding_unspecified	binding assay	Neurocan bound at high levels to Ng-CAM and N-CAM, but little or no binding was detected to myelin-associated glycoprotein, EGF receptor, fibronectin, laminin, and collagen IV.	To investigate these interactions more directly, we have tested binding of soluble 125I- neurocan to microwells coated with different glycoproteins.	The binding to Ng-CAM and N-CAM was saturable and in each case Scatchard plots indicated a high affinity binding site with a dissociation constant of approximately 1 nM.	7513709	PMC2119998	The neuronal chondroitin sulfate proteoglycan neurocan binds to the neural cell adhesion molecules Ng-CAM/L1/NILE and N-CAM, and inhibits neuronal adhesion and neurite outgrowth	CLAIM:000204282:0-1	PAIR2:GENE:1463|GENE:4099	CLAIM:000204282	2ee08df41703fb2037a91a6e9b265cc70d02842a	SILVER_PHYSICAL_CANONICAL	negative	canonical_possible	physical_negative_with_non_gold_or_cellular_assay		1	1	none_detected	1	0	0	0	0	0	94.0
429	Neurocan	1463	10116	fibronectin	2335	9606	no_binding	in_vitro_binding_unspecified	binding assay	Neurocan bound at high levels to Ng-CAM and N-CAM, but little or no binding was detected to myelin-associated glycoprotein, EGF receptor, fibronectin, laminin, and collagen IV.	To investigate these interactions more directly, we have tested binding of soluble 125I- neurocan to microwells coated with different glycoproteins.	The binding to Ng-CAM and N-CAM was saturable and in each case Scatchard plots indicated a high affinity binding site with a dissociation constant of approximately 1 nM.	7513709	PMC2119998	The neuronal chondroitin sulfate proteoglycan neurocan binds to the neural cell adhesion molecules Ng-CAM/L1/NILE and N-CAM, and inhibits neuronal adhesion and neurite outgrowth	CLAIM:000204284:0-1	PAIR2:GENE:1463|GENE:2335	CLAIM:000204284	b7977bb920338324799c20b5139f20708de265d4	SILVER_PHYSICAL_CANONICAL	negative	canonical_possible	physical_negative_with_non_gold_or_cellular_assay		1	1	none_detected	1	0	0	0	0	0	94.0
430	RIG-I	23586	9606	SDC1	6382	9606	no_binding	Y2H	yeast two-hybrid	1a,b, in contrast to SDC4, SDC1, SDC2 and SDC3 failed to interact with RIG-I, indicating the specific interaction between SDC4 and RIG-I.	As shown in Supplementary Fig.	Next, we determined whether the endogenous RIG-I protein could form a complex with SDC4.	27279133	PMC4906230	Syndecan-4 negatively regulates antiviral signalling by mediating RIG-I deubiquitination via CYLD	CLAIM:000016290:0-1	PAIR2:GENE:23586|GENE:6382	CLAIM:000016290	186cb5467da9c4cd9e5fbbf9c75b7459f1ddc5de	SILVER_PHYSICAL_CANONICAL	negative	canonical_possible	physical_negative_with_non_gold_or_cellular_assay		1	1	none_detected	1	0	0	0	0	0	94.0
431	CUL-6	178214	6239	SKR-13	178493	6239	no_binding	Y2H	two-hybrid assays	In two-hybrid assays, SKR-13 does not bind to any known C. elegans cullins (CUL-1 through CUL-6).	The function of SKR-13 is not necessarily confined to, or even partially involved with C. elegans ubiquitin-ligase complexes.	The most closely related paralogs of skr-13 in the C. elegans genome are skr-12 and skr-14.	24739375	PMC4012938	Dynamic regulation of genetic pathways and targets during aging in Caenorhabditis elegans	CLAIM:000158387:0-1	PAIR2:GENE:178214|GENE:178493	CLAIM:000158387	1983e31d6605f7306e7a8808c1d463f5c9839d34	SILVER_PHYSICAL_CANONICAL	negative	canonical_possible	physical_negative_with_non_gold_or_cellular_assay		1	1	none_detected	1	0	0	0	0	0	94.0
432	Myo1c	17913	10090	Cdh23	22295	10090	no_binding	in_vitro_binding_unspecified	in situ binding assay	In addition, Myo1c does not bind to stereocilia from mice whose hair cells lack Cdh23 protein despite the presence of PIP2 in the stereociliary membranes.	Binding of Myo1c to stereociliary tips of cochlear and vestibular hair cells is disrupted by treatments that break tip links.	Collectively, our data suggest that Myo1c and Cdh23 interact at the tips of hair-cell stereocilia and that this interaction is modulated by CaM.	17050716	PMC6674754	Stereociliary myosin-1c receptors are sensitive to calcium chelation and absent from cadherin 23 mutant mice.	CLAIM:000068198:0-1	PAIR2:GENE:17913|GENE:22295	CLAIM:000068198	e7d4527be9a882000f938f4b6c61104e6d713000	SILVER_PHYSICAL_CANONICAL	negative	canonical_possible	physical_negative_with_non_gold_or_cellular_assay		1	1	none_detected	1	0	0	0	0	0	94.0
433	CUL-1	176466	6239	SKR-13	178493	6239	no_binding	Y2H	two-hybrid assays	In two-hybrid assays, SKR-13 does not bind to any known C. elegans cullins (CUL-1 through CUL-6).	The function of SKR-13 is not necessarily confined to, or even partially involved with C. elegans ubiquitin-ligase complexes.	The most closely related paralogs of skr-13 in the C. elegans genome are skr-12 and skr-14.	24739375	PMC4012938	Dynamic regulation of genetic pathways and targets during aging in Caenorhabditis elegans	CLAIM:000158386:0-1	PAIR2:GENE:176466|GENE:178493	CLAIM:000158386	b983fd93fda36073e6c0b67bb59a892e131d6831	SILVER_PHYSICAL_CANONICAL	negative	canonical_possible	physical_negative_with_non_gold_or_cellular_assay		1	1	none_detected	1	0	0	0	0	0	94.0
434	CCR1	1230	9606	CCL3	6348	9606	no_binding	in_vitro_binding_unspecified	binding assay	In contrast, no binding of CCL3 or competition with CCL14 was observed when CCR1-expressing membranes were replaced with untransfected HEK293 membranes.	Figure 4 shows a representative SPA assay for CCR1, and demonstrates that unlabeled CCL14 competes with 125I-CCL3 or a combination of CCL3-biotin/125I-streptavidin for binding to HEK293 membranes containing CCR1 with a similar affinity (IC50= 2.6nM versus 0.9nM for displacement of 125I-CCL3 or CCL3-biotin/125I- streptavidin respectively).	In addition, the 125I-Streptavidin signal was CCL3-biotin dependent and while the highest signal was observed with a 4:1 ratio of chemokine to streptavidin, avidity effects due to the tetrameric state of streptavidin were not observed.	21632261	PMC3126891	A RAPID AND EFFICIENT WAY TO OBTAIN MODIFIED CHEMOKINES FOR FUNCTIONAL AND BIOPHYSICAL STUDIES	CLAIM:000334673:0-1	PAIR2:GENE:1230|GENE:6348	CLAIM:000334673	1d6be7b6c15adec7a78a660a887af50c30e8aa3e	SILVER_PHYSICAL_CANONICAL	negative	canonical_possible	physical_negative_with_non_gold_or_cellular_assay		1	1	none_detected	1	0	0	0	0	0	94.0
435	vimentin	22352	10090	TRADD	71609	10090	no_binding	Y2H	two-hybrid	In a two-hybrid system, TRADD specifically bound K18 and K14, type I (acidic) keratins, but did not bind type II keratins, including K5 and K8, or type III IFs, including vimentin, GFAP, and desmin (Fig.		1 B).	11684708	PMC2150850	Keratin attenuates tumor necrosis factor-induced cytotoxicity through association with TRADD	CLAIM:000225278:0-1	PAIR2:GENE:22352|GENE:71609	CLAIM:000225278	379e3edd059b30c8aa36022a342e7ef35067bc81	SILVER_PHYSICAL_CANONICAL	negative	canonical_possible	physical_negative_with_non_gold_or_cellular_assay		1	1	none_detected	1	0	0	0	0	0	94.0
436	HIF1alpha	3091	9606	TRIP230	9321	9606	no_binding	Y2H	yeast two-hybrid	Importantly, we found that TRIP230 did not interact with HIF1alpha in a yeast two-hybrid assay (T.	TRIP230 was later found to act as an essential co-activator for ARNT-dependent transcriptional activities, including hypoxia-inducible gene expression.	Beischlag, unpublished data).	24919196	PMC4053355	A TRIP230-Retinoblastoma Protein Complex Regulates Hypoxia-Inducible Factor-1alpha-Mediated Transcription and Cancer Cell Invasion	CLAIM:000254805:0-1	PAIR2:GENE:3091|GENE:9321	CLAIM:000254805	30a7520aa5587013d90c114668e6e83194e7a625	SILVER_PHYSICAL_CANONICAL	negative	canonical_possible	physical_negative_with_non_gold_or_cellular_assay		1	1	none_detected	1	0	0	0	0	0	94.0
437	CaV1.2	12288	10090	transferrin receptor	22042	10090	no_interaction	PLA	Proximity Ligation Assay	PLA was also performed on cells colabeled for CaV1.2 and transferrin receptor (TfR) or CaV1.2 and the Ca2+-activated Cl- channel anoctamin 1 (ANO1), which are cell surface proteins that have limited to no interaction with CaV1.2.	1, E and F).	Arterial myocytes were robustly stained for TfR and ANO1 when primary antibodies were included in the preparation (fig.	28119464	PMC5297430	Ser1928 phosphorylation by PKA stimulates the L-type Ca2+ channel CaV1.2 and vasoconstriction during acute hyperglycemia and diabetes	CLAIM:000008770:0-1	PAIR2:GENE:12288|GENE:22042	CLAIM:000008770	3ea3334d59a9d22bc6f5d314492f9a0558cd9492	SILVER_PHYSICAL_CANONICAL	negative	canonical_possible	physical_negative_with_non_gold_or_cellular_assay	positive_control	1	1	none_detected	1	0	1	0	0	0	94.0
438	MAGE-A12	4111	10090	gankyrin	5716	10090	no_binding	Y2H	yeast two-hybrid	MAGE-A1, MAGE-A2, and MAGE-A12, did not bind to gankyrin.	The interaction was specific to MAGE-A4, because other MAGE family proteins structurally similar to MAGE-A4, i.e.	MAGE-A4 partially suppressed both anchorage-independent growth in vitro and tumor formation in athymic mice of gankyrin-overexpressing cells.	12525503		MAGE-A4 interacts with the liver oncoprotein gankyrin and suppresses its tumorigenic activity.	CLAIM:000241854:0-1	PAIR2:GENE:4111|GENE:5716	CLAIM:000241854	868ea9358dbeb20e3667d243317f32de8d6df52b	SILVER_PHYSICAL_CANONICAL	negative	canonical_possible	physical_negative_with_non_gold_or_cellular_assay		1	1	none_detected	1	0	0	0	0	0	94.0
439	MAGE-A1	4100	9606	gankyrin	5716	10090	no_binding	Y2H	yeast two-hybrid	MAGE-A1, MAGE-A2, and MAGE-A12, did not bind to gankyrin.	The interaction was specific to MAGE-A4, because other MAGE family proteins structurally similar to MAGE-A4, i.e.	MAGE-A4 partially suppressed both anchorage-independent growth in vitro and tumor formation in athymic mice of gankyrin-overexpressing cells.	12525503		MAGE-A4 interacts with the liver oncoprotein gankyrin and suppresses its tumorigenic activity.	CLAIM:000241852:0-1	PAIR2:GENE:4100|GENE:5716	CLAIM:000241852	56d1bcd0eb6e7017d4f5c6b5eff61f678ae059cd	SILVER_PHYSICAL_CANONICAL	negative	canonical_possible	physical_negative_with_non_gold_or_cellular_assay		1	1	none_detected	1	0	0	0	0	0	94.0
440	Robo1	19876	10090	Sema3F	20350	10090	no_binding	in_vitro_binding_unspecified	binding assay	In contrast, Sema3F did not bind to Robo1-transfected cells (Fig.	In agreement with previous results, Sema3F bound strongly Nrp2-transfected cells.	8A).	21508241	PMC3088089	Robo1 regulates semaphorin signaling to guide the migration of cortical interneurons through the ventral forebrain	CLAIM:000027607:0-1	PAIR2:GENE:19876|GENE:20350	CLAIM:000027607	31df44ccfceed523e2f8e0802f33c0e220c2bc2b	SILVER_PHYSICAL_CANONICAL	negative	canonical_possible	physical_negative_with_non_gold_or_cellular_assay		1	1	none_detected	1	0	0	0	0	0	94.0
441	Robo1	19876	10090	Sema3A	20346	10090	no_binding	in_vitro_binding_unspecified	AP binding assay	To assess the ability of Sema3A to bind to Robo1, we repeated the AP binding assay using Sema3A-AP, and observed strong binding to Nrp1-transfected, but no binding to Robo1 expressing cells (Fig.	8B).	8B).	21508241	PMC3088089	Robo1 regulates semaphorin signaling to guide the migration of cortical interneurons through the ventral forebrain	CLAIM:000027608:0-1	PAIR2:GENE:19876|GENE:20346	CLAIM:000027608	8634f854293a4690272a4e9bc7e7b0af7e792592	SILVER_PHYSICAL_CANONICAL	negative	canonical_possible	physical_negative_with_non_gold_or_cellular_assay		1	1	none_detected	1	0	0	0	0	0	94.0
442	histone	24829	10116	ASTP	79223	10116	no_binding	in_vitro_binding_unspecified	binding assay	ASTP did not bind to histone-agarose that had been pretreated with pyridoxal 5'-phosphate and then reduced with sodium borohydride.	Pyridoxal 5'-phosphate (10 mM) inhibited the binding of ASTP to histone-agarose, whereas 10 mM pyridoxal, pyridoxamine 5'-phosphate, pyridoxamine, and pyridoxine were not inhibitory.	In contrast, ASTP pretreated in the same way could bind to histone-agarose.	2912694		Properties of an adenosine triphosphate-stimulated factor that enhances the nuclear binding of activated glucocorticoid-receptor complex: binding to histone-agarose.	CLAIM:000175165:0-1	PAIR2:GENE:24829|GENE:79223	CLAIM:000175165	649ac21cc24533b2c8e679dbf8d47372e6b9ff54	SILVER_PHYSICAL_CANONICAL	negative	canonical_possible	physical_negative_with_non_gold_or_cellular_assay		1	1	none_detected	1	0	0	0	0	0	94.0
443	CD200	24560	10090	CD200R3	74603	10090	no_binding	in_vitro_binding_unspecified	binding assay	However, CD200-huIgFc did not bind to RBL2H3 cells expressing mock-GFP or other CD200Rs-GFP, suggesting that CD200 could not be a ligand for CD200R3 and CD200R4.	CD200-huIgFc bound to RBL2H3 cells expressing CD200R1 and CD200R2 to a lesser degree, indicating that CD200 is a ligand for CD200R1 and CD200R2 with high and low affinities.		28955985	PMC5614540	Selective depletion of basophils ameliorates immunoglobulin E-mediated anaphylaxis	CLAIM:000215692:0-1	PAIR2:GENE:24560|GENE:74603	CLAIM:000215692	ccbdd435c12905708801e1387ebf761d1a7cea0f	SILVER_PHYSICAL_CANONICAL	negative	canonical_possible	physical_negative_with_non_gold_or_cellular_assay		1	1	none_detected	1	0	0	0	0	0	94.0
444	FcepsilonRI	2205	9606	PD-L2	58205	10090	no_binding	in_vitro_binding_unspecified	binding assay	FcepsilonRI+ KIT+ BMMCs did not bind IgG2a or PD-L2-Fc (Figure 5A upper).	We next determined whether sTIM-4 bound BMMCs.	The BMMCs bound TIM-4-Fc, which was blocked by preincubation with anti-TIM-4 mAb (Figure 5A upper).	41199880	PMC12587861	TIM-4 Regulates Allergic Airway Inflammation and Mast Cell Activation by Binding to CD300b	CLAIM:000246958:0-1	PAIR2:GENE:2205|GENE:58205	CLAIM:000246958	7952285c3dfea8701d35118698540f6793a303cd	SILVER_PHYSICAL_CANONICAL	negative	canonical_possible	physical_negative_with_non_gold_or_cellular_assay		1	1	none_detected	1	0	0	0	0	0	94.0
445	FcepsilonRI	2205	9606	IgG2a	668478	10090	no_binding	in_vitro_binding_unspecified	binding assay	FcepsilonRI+ KIT+ BMMCs did not bind IgG2a or PD-L2-Fc (Figure 5A upper).	We next determined whether sTIM-4 bound BMMCs.	The BMMCs bound TIM-4-Fc, which was blocked by preincubation with anti-TIM-4 mAb (Figure 5A upper).	41199880	PMC12587861	TIM-4 Regulates Allergic Airway Inflammation and Mast Cell Activation by Binding to CD300b	CLAIM:000246957:0-1	PAIR2:GENE:2205|GENE:668478	CLAIM:000246957	0a092fa661fb6e9e3da7a7a06781de5f7e5b0836	SILVER_PHYSICAL_CANONICAL	negative	canonical_possible	physical_negative_with_non_gold_or_cellular_assay		1	1	none_detected	1	0	0	0	0	0	94.0
446	TFIZ1	200504	10090	TFF2	7032	10090	failed_detection	coIP	co-immunoprecipitation	TFF2 was detected readily in whole and immuno-depleted gastric cytosol but was not detected in the TFIZ1 immunoprecipitate (Fig.	In contrast, TFF2 and TFF3 were not.	3B).	18722547	PMC2632736	The trefoil factor interacting protein TFIZ1 binds the trefoil protein TFF1 preferentially in normal gastric mucosal cells but the co-expression of these proteins is deregulated in gastric cancer	CLAIM:000191928:0-1	PAIR2:GENE:200504|GENE:7032	CLAIM:000191928	a99fd77e198f88e5f4c661a86fccd5abf4e3c479	SILVER_PHYSICAL_CANONICAL	negative	canonical_possible	physical_negative_with_non_gold_or_cellular_assay		1	1	none_detected	0	0	0	0	0	0	94.0
447	MyoD	4654	9606	OTX2	5015	10090	no_binding	Y2H	mammalian two-hybrid assay	In a mammalian two-hybrid assay, OTX2 showed no binding with the MyoD or H1b protein (Supplemental Figure S3A), suggesting OTX2 does not affect MyoD function via direct protein-protein interaction.	It is well established that the homeoprotein Msx1 represses MyoD by directly binding to CER, presumably in cooperation with histone H1b.		22986744	PMC4861240	OTX2 Represses Myogenic and Neuronal Differentiation in Medulloblastoma Cells	CLAIM:000267438:0-1	PAIR2:GENE:4654|GENE:5015	CLAIM:000267438	565381317afc5dc9ca12ffc4aff1f151f74bb040	SILVER_PHYSICAL_CANONICAL	negative	canonical_possible	physical_negative_with_non_gold_or_cellular_assay		1	1	none_detected	1	0	0	0	0	0	94.0
448	MDT-15	175817	6239	NHR-68	179589	6239	no_binding	Y2H	yeast two-hybrid	We previously showed that NHR-68 does not bind MDT-15 in yeast two-hybrid (Y2H) assays.	NHR-10 and NHR-68 regulate propionic acid shunt breakdown genes.	In contrast, we and others detected NHR-10 binding to MDT-15 in Y2H screens.	37075089	PMC10234398	Mediator subunit MDT-15 promotes expression of propionic acid breakdown genes to prevent embryonic lethality in Caenorhabditis elegans	CLAIM:000247312:0-1	PAIR2:GENE:175817|GENE:179589	CLAIM:000247312	7bb077de01aee8bdc4a67d915a2d9aca4dd94fb6	SILVER_PHYSICAL_CANONICAL	negative	canonical_possible	physical_negative_with_non_gold_or_cellular_assay		1	1	none_detected	1	0	0	0	0	0	94.0
449	FCHSD1	427616	10090	WASP	7454	9606	no_binding	Y2H	co-immunoprecipitation	FCHSD1 does not bind WASP or N-WASP in our co-IP experiments and is unable to modulate F-actin assembly, which raised the question whether FCHSD1 can regulate F-actin assembly through other mechanisms, perhaps involving other proteins.		Hence, we performed yeast two-hybrid screens of a chicken cochlear (basilar papilla) cDNA library to identify potential FCHSD1-interaction partners.	23437151	PMC3577914	FCHSD1 and FCHSD2 Are Expressed in Hair Cell Stereocilia and Cuticular Plate and Regulate Actin Polymerization In Vitro	CLAIM:000024418:0-1	PAIR2:GENE:427616|GENE:7454	CLAIM:000024418	a41d5f39f531a90540d62cf4808ca4455b008608	SILVER_PHYSICAL_CANONICAL	negative	canonical_possible	physical_negative_with_non_gold_or_cellular_assay		1	1	none_detected	1	0	0	0	0	0	94.0
450	MAGE-A2	4101	10090	gankyrin	5716	10090	no_binding	Y2H	yeast two-hybrid	MAGE-A1, MAGE-A2, and MAGE-A12, did not bind to gankyrin.	The interaction was specific to MAGE-A4, because other MAGE family proteins structurally similar to MAGE-A4, i.e.	MAGE-A4 partially suppressed both anchorage-independent growth in vitro and tumor formation in athymic mice of gankyrin-overexpressing cells.	12525503		MAGE-A4 interacts with the liver oncoprotein gankyrin and suppresses its tumorigenic activity.	CLAIM:000241853:0-1	PAIR2:GENE:4101|GENE:5716	CLAIM:000241853	04d372329b70da6bbd4b8bd5f9c9edb8b8e24675	SILVER_PHYSICAL_CANONICAL	negative	canonical_possible	physical_negative_with_non_gold_or_cellular_assay		1	1	none_detected	1	0	0	0	0	0	94.0
451	ErbB3	100767681	9606	PEPD	5184	9606	no_binding	in_vitro_binding_unspecified	binding assay	PEPD does not bind to ErbB3 and ErbB4 (Figure 1a), but it is well known that ErbB2 is a preferred heterodimerization partner with these ErbBs.	Lapatinib may also block ErbB1 activation by PEPD.	This raises the question of whether blockade of ErbB2 oncogenic signaling by PEPD may also include inhibition of ErbB2 heterodimer signaling units.	24810047	PMC4047914	Identification of prolidase as a high affinity ligand of the ErbB2 receptor and its regulation of ErbB2 signaling and cell growth	CLAIM:000062572:0-1	PAIR2:GENE:100767681|GENE:5184	CLAIM:000062572	e19c1a074df67c7c45c2ef360a2cef28f8f9c0b1	SILVER_PHYSICAL_CANONICAL	negative	canonical_possible	physical_negative_with_non_gold_or_cellular_assay		1	1	none_detected	1	0	0	0	0	0	94.0
452	FCHSD1	427616	10090	N-WASP	8976	9606	no_binding	Y2H	co-immunoprecipitation	FCHSD1 does not bind WASP or N-WASP in our co-IP experiments and is unable to modulate F-actin assembly, which raised the question whether FCHSD1 can regulate F-actin assembly through other mechanisms, perhaps involving other proteins.		Hence, we performed yeast two-hybrid screens of a chicken cochlear (basilar papilla) cDNA library to identify potential FCHSD1-interaction partners.	23437151	PMC3577914	FCHSD1 and FCHSD2 Are Expressed in Hair Cell Stereocilia and Cuticular Plate and Regulate Actin Polymerization In Vitro	CLAIM:000024417:0-1	PAIR2:GENE:427616|GENE:8976	CLAIM:000024417	9a8dbad579e1e573cc0c16153eaa7dd65d5cff8e	SILVER_PHYSICAL_CANONICAL	negative	canonical_possible	physical_negative_with_non_gold_or_cellular_assay		1	1	none_detected	1	0	0	0	0	0	94.0
453	NRDE2	55051	6239	ZCCHC8	55596	9606	failed_detection	coIP	co-immunoprecipitation	Consistently, co-immunoprecipitation failed to detect stable interactions between NRDE2 and ZFC3H1 (PAXT) or ZCCHC8 (NEXT) (Figure 2c).	In addition, neither PAXT nor NEXT subunits were detected in NRDE2 interactomes from HeLa S3 or HEK293T cells.	These results are aligned with previous studies showing that NRDE2 binds MTR4 and inhibits its association with adaptor proteins and the nuclear exosome.	41097056	PMC12524662	NRDE2 Interacts with an Early Transcription Elongation Complex and Widely Impacts Gene Expression	CLAIM:000179419:0-1	PAIR2:GENE:55051|GENE:55596	CLAIM:000179419	e94ec6cdde91c6c9b076b9704e66c5e04c9a1882	SILVER_PHYSICAL_CANONICAL	negative	canonical_possible	physical_negative_with_non_gold_or_cellular_assay		1	1	none_detected	0	0	0	0	0	0	94.0
454	Gipie	283234	10090	PDI	5034	9606	failed_detection	coIP	coimmunoprecipitation	Coimmunoprecipitation experiments also failed to detect the association of Gipie with PDI in HUVECs (Supplemental Figure S2).	Whereas Gipie and GM130 were almost always colocalized, Gipie and PDI displayed a somewhat different staining pattern (Figure 2B).	These data indicate that Gipie does not interact with PDI directly and functions with other partners to form a protein complex in the ER.	21289099	PMC3057699	Protective role of Gipie, a Girdin family protein, in endoplasmic reticulum stress responses in endothelial cells	CLAIM:000284636:0-1	PAIR2:GENE:283234|GENE:5034	CLAIM:000284636	73910760ee8a20423c9a5e239a994df9179ef79c	SILVER_PHYSICAL_CANONICAL	negative	canonical_possible	physical_negative_with_non_gold_or_cellular_assay		1	1	none_detected	0	0	0	0	0	0	94.0
455	FVIII	2157	9606	SCARA5	286133	10090	no_binding	in_vitro_binding_unspecified	solid phase binding assays	Here we observed that the presence of VWF significantly enhanced FVIII binding, suggesting that FVIII may interact with SCARA5 through VWF (Figure 1C) but that SCARA5 does not bind FVIII directly.	We next compared the binding of human rFVIII to immobilized SCARA5 in the presence or absence of human plasma-derived VWF to a BSA control.		31126000	PMC6689151	The scavenger receptor SCARA5 is an endocytic receptor for von Willebrand factor expressed by littoral cells in the human spleen	CLAIM:000076014:0-1	PAIR2:GENE:2157|GENE:286133	CLAIM:000076014	f8e193a99c85b7e8deba4a8148ba16c1d6517372	SILVER_PHYSICAL_CANONICAL	negative	canonical_possible	physical_negative_with_non_gold_or_cellular_assay		1	1	none_detected	1	0	0	0	0	0	94.0
456	Osh4	855958	4932	Erg7	856470	10116	no_binding	Y2H	immunoprecipitation	No interaction between Erg6 and other Oshes was detected in two-hybrid assays, nor could we find binding between Osh4 and Erg2, Erg6, Erg7, or Erg27 in immunoprecipitations (Figs.	3 H).	3 G and S3 E), suggesting that Osh2 plays a prominent role at cortical ERSESs.	34283201	PMC8294947	Coupled sterol synthesis and transport machineries at ER-endocytic contact sites	CLAIM:000030298:0-1	PAIR2:GENE:855958|GENE:856470	CLAIM:000030298	206749dba8684e4c5f4c11b32b24219885096d30	SILVER_PHYSICAL_CANONICAL	negative	canonical_possible	physical_negative_with_non_gold_or_cellular_assay		1	1	none_detected	1	0	0	0	0	0	94.0
457	PEN1	827200	3702	EXO70B1	835956	10090	no_binding	Y2H	Co-IP	We also examined whether EXO70B1 interacts with PEN1 by Co-IP assays; however, as shown in S10 Fig., EXO70B1 did not co-immunoprecipitate with PEN1, indicating that EXO70B1 and PEN1 did not associate, consistent with the results from the yeast two-hybrid and BiFC assays.	5C), indicating that EXO70B1 and SNAP33 associate in N. benthamiana.		25617755	PMC4305288	A Truncated NLR Protein, TIR-NBS2, Is Required for Activated Defense Responses in the exo70B1 Mutant	CLAIM:000305000:0-1	PAIR2:GENE:827200|GENE:835956	CLAIM:000305000	c2067845dfe5f39376dba7fa10c8ecf8e81ba090	SILVER_PHYSICAL_CANONICAL	negative	canonical_possible	physical_negative_with_non_gold_or_cellular_assay	negative_control	1	1	none_detected	1	0	0	0	0	0	94.0
458	Pax3	374127	10090	Meox2	374137	10090	no_binding	in_vitro_binding_unspecified	in vitro binding assay	Meox2 or Msx1 do not bind in vitro simultaneously with Pax3 or Six proteins to the HBox2 region			26538636	PMC4736032	Fine-tuning the onset of myogenesis by homeobox proteins that interact with the Myf5 limb enhancer	CLAIM:000120815:0-1	PAIR2:GENE:374127|GENE:374137	CLAIM:000120815	6d3f4a34824bc8d75d62cfea6a362ad3956850c3	SILVER_PHYSICAL_CANONICAL	negative	canonical_possible	physical_negative_with_non_gold_or_cellular_assay		1	1	none_detected	1	0	0	0	0	0	94.0
459	desmin	13346	10090	TRADD	71609	10090	no_binding	Y2H	two-hybrid	In a two-hybrid system, TRADD specifically bound K18 and K14, type I (acidic) keratins, but did not bind type II keratins, including K5 and K8, or type III IFs, including vimentin, GFAP, and desmin (Fig.		1 B).	11684708	PMC2150850	Keratin attenuates tumor necrosis factor-induced cytotoxicity through association with TRADD	CLAIM:000225280:0-1	PAIR2:GENE:13346|GENE:71609	CLAIM:000225280	c8334a342b9e55828364a025027763cf7877b479	SILVER_PHYSICAL_CANONICAL	negative	canonical_possible	physical_negative_with_non_gold_or_cellular_assay		1	1	none_detected	1	0	0	0	0	0	94.0
460	TSP-1	7057	9606	vWF	7450	9606	no_binding	in_vitro_binding_unspecified	binding assay	There was no binding of TSP-1 to wells not coated with vWF.	Complex formation increased with increasing NEM concentration.		11413189	PMC2193294	Control of Von Willebrand Factor Multimer Size by Thrombospondin-1	CLAIM:000030567:0-1	PAIR2:GENE:7057|GENE:7450	CLAIM:000030567	6c88022f93ebd753f5ca74f26c58bcc6f25c03f4	SILVER_PHYSICAL_CANONICAL	negative	canonical_possible	physical_negative_with_non_gold_or_cellular_assay		1	1	none_detected	1	0	0	0	0	0	94.0
461	AP1	3726	9606	OAT	4942	9606	no_binding	in_vitro_binding_unspecified	in vitro binding assay	We found that AP1 itself did not bind to OAT in vitro (Fig.	Our identification of artemisinin targets sheds light on how artemisinin kills the parasite but also provides in vitro models to study how artemisinin is activated, particularly whether haem or free ferrous iron is the prerequisite for drug activation.	4a).	26694030	PMC4703832	Haem-activated promiscuous targeting of artemisinin in Plasmodium falciparum	CLAIM:000119818:0-1	PAIR2:GENE:3726|GENE:4942	CLAIM:000119818	faee83bc78dce56164dcfaea746823bfc214021d	SILVER_PHYSICAL_CANONICAL	negative	canonical_possible	physical_negative_with_non_gold_or_cellular_assay		1	1	none_detected	1	0	0	0	0	0	94.0
462	ATS	1287	36329	KAHRP	812616	36329	no_binding	Y2H	unknown	In contrast to previous ATS-KAHRP reports, we observed no detectable binding between these two proteins in solution.	ATS contains a single folded core composed of two distinct helical elements that are located far apart in the sequence.	Our analysis of existing yeast-two-hybrid (Y2H) data, coupled to a novel computational prediction method presented here, suggested the presence of a conserved interaction epitope on a flexible ATS segment; the Y2H data also provided a series of putative ATS targets beyond KAHRP.	22249178	PMC3293552	Structural Analysis of the Plasmodium falciparum Erythrocyte Membrane Protein 1 (PfEMP1) Intracellular Domain Reveals a Conserved Interaction Epitope*	CLAIM:000251808:0-1	PAIR2:GENE:1287|GENE:812616	CLAIM:000251808	7afa0c27e9ffa51a61bb3d8e17dd48274d63680e	SILVER_PHYSICAL_CANONICAL	negative	canonical_possible	physical_negative_with_non_gold_or_cellular_assay		1	1	none_detected	1	0	0	0	0	0	94.0
463	Rab15	376267	10116	rabaptin-5	9135	4932	no_binding	Y2H	yeast two-hybrid	Rab15 does not interact directly with the Rab5 effectors rabex-5 and rabaptin-5 in a yeast two-hybrid binding assay.	To distinguish between these possibilities, we examined the effector binding properties of Rab15.	Rather mammalian suppressor of Sec4 (Mss4) was identified as a binding partner for Rab15.	12105226		Mammalian suppressor of Sec4 modulates the inhibitory effect of Rab15 during early endocytosis.	CLAIM:000103034:0-1	PAIR2:GENE:376267|GENE:9135	CLAIM:000103034	0ef6c46ac28d0572eb337f19c3c714410fc9b7b5	SILVER_PHYSICAL_CANONICAL	negative	canonical_possible	physical_negative_with_non_gold_or_cellular_assay		1	1	none_detected	1	0	0	0	0	0	94.0
464	Bim	10018	9606	Tom22	56993	10090	failed_detection	coIP	co-immunoprecipitation	Nevertheless, we failed to detect a Tom22-Bim interaction in this assay (and also in the mass-spectrometry analyses).	We were further unable to detect the central receptor Tom22 in MEF cells with our antibody (data not shown) and therefore switched to HeLa human cells that gave a clear Tom22 Western blot signal at endogenous levels (Fig 1C, input).	Thus an interaction with Tom70 and Tom20 was very clearly and reproducibly seen by co-IP while the interaction with Tom40, detected by MS, was not found by co-IP/Western blotting.	25875815	PMC4398440	The Pro-Apoptotic BH3-Only Protein Bim Interacts with Components of the Translocase of the Outer Mitochondrial Membrane (TOM)	CLAIM:000286889:0-1	PAIR2:GENE:10018|GENE:56993	CLAIM:000286889	18179eaf99acdbacd9f8b9036f1a9fa7f0c97bfe	SILVER_PHYSICAL_CANONICAL	negative	canonical_possible	physical_negative_with_non_gold_or_cellular_assay		1	1	none_detected	0	0	0	0	0	0	94.0
465	TIP47	10226	9606	Rab9	56382	10090	no_binding	in_vitro_binding_unspecified	in vitro binding assay	However, subsequent reports showed that TIP47 does not colocalize with MPR or Rab9, does not bind Rab9 in vitro, or affect the trafficking or function of MPRs.	TIP47, also known as mannose-6-phosphate receptor (MPR) binding protein 1, was first described as having a role in the retrograde traffic of MPRs from late endosomes to the TGN via binding to Rab9.	Instead, TIP47 appears to be involved in the biogenesis of lipid droplets, although early reports were not entirely consistent.	21762802	PMC3139147	HIV-1 Envelope Glycoprotein Biosynthesis, Trafficking, and Incorporation	CLAIM:000195983:0-1	PAIR2:GENE:10226|GENE:56382	CLAIM:000195983	1a298568d846cbe5bf53566d05e17bae7ff4d60a	SILVER_PHYSICAL_CANONICAL	negative	canonical_possible	physical_negative_with_non_gold_or_cellular_assay		1	1	none_detected	1	0	0	0	0	0	94.0
466	Id-1	3397	9606	pRb	5925	9606	no_binding	Y2H	yeast two hybrid	Constitutive Id-1 expression failed to rescue proliferating cells from growth inhibition by pRb, p107, or p130, and failed to interact with pRb in the yeast two hybrid system.	It did not appear that Id-1 interacted directly with pRb or p107.	Because Id proteins negatively regulate basic-HLH (bHLH) transcription factors, we suggest that senescent cells express one or more bHLH factor that cooperates with pRb, or pRb-related proteins, to suppress proliferation.	8934878		The helix-loop-helix protein Id-1 and a retinoblastoma protein binding mutant of SV40 T antigen synergize to reactivate DNA synthesis in senescent human fibroblasts.	CLAIM:000245716:0-1	PAIR2:GENE:3397|GENE:5925	CLAIM:000245716	32e6abcc9da0080cb4da2b22beb17e09b9c5137d	SILVER_PHYSICAL_CANONICAL	negative	canonical_possible	physical_negative_with_non_gold_or_cellular_assay		1	1	none_detected	1	0	0	0	0	0	94.0
467	AXL	558	9606	PROS1	5627	9606	no_binding	in_vitro_binding_unspecified	binding assay	Consistent with the failure of Pros1 to activate Axl in culture (Figure 2E,F), we detected no binding of Pros1 to Axl-expressing MEFs (data not shown).	In related work, we have found that these properties are also exceptionally important to Gas6-Axl binding and signaling in tissues in vivo, where Gas6 appears to be specifically and constitutively bound to Axl without significant activation of the receptor.		25265470	PMC4206827	Differential TAM receptor-ligand-phospholipid interactions delimit differential TAM bioactivities	CLAIM:000255651:0-1	PAIR2:GENE:558|GENE:5627	CLAIM:000255651	7e6754b3330c064d334ae4d9a8092d82a85e716e	SILVER_PHYSICAL_CANONICAL	negative	canonical_possible	physical_negative_with_non_gold_or_cellular_assay		1	1	none_detected	1	0	0	0	0	0	94.0
468	rabex-5	27342	9606	Rab15	376267	10116	no_binding	Y2H	yeast two-hybrid	Rab15 does not interact directly with the Rab5 effectors rabex-5 and rabaptin-5 in a yeast two-hybrid binding assay.	To distinguish between these possibilities, we examined the effector binding properties of Rab15.	Rather mammalian suppressor of Sec4 (Mss4) was identified as a binding partner for Rab15.	12105226		Mammalian suppressor of Sec4 modulates the inhibitory effect of Rab15 during early endocytosis.	CLAIM:000103033:0-1	PAIR2:GENE:27342|GENE:376267	CLAIM:000103033	1730a371250f446189f7f8eded1434716bfe4c78	SILVER_PHYSICAL_CANONICAL	negative	canonical_possible	physical_negative_with_non_gold_or_cellular_assay		1	1	none_detected	1	0	0	0	0	0	94.0
469	Contactin-6	27255	9606	APP	351	9606	no_binding	in_vitro_binding_unspecified	in vitro binding assay	Contactin-6 does not bind to APP in vitro, and this interaction has not thus far been identified in vivo, potentially making contactin-6 unique within the contactin family.	Contactin-1 and -2 show little to no binding to APP in these in vitro assays, suggesting additional factors may mediate such interactions in the brain.		35959488	PMC9360506	Amyloid precursor protein (APP) and amyloid beta (Abeta) interact with cell adhesion molecules: Implications in Alzheimer's disease and normal physiology	CLAIM:000236874:0-1	PAIR2:GENE:27255|GENE:351	CLAIM:000236874	3a1cb5cf7a7a3b703b711e1c79a1177fe3204ee6	SILVER_PHYSICAL_CANONICAL	negative	canonical_possible	physical_negative_with_non_gold_or_cellular_assay		1	1	none_detected	1	0	0	0	0	0	94.0
470	FAP	2191	9606	MT1-MMP	4323	9606	failed_detection	coIP	pull-down and co-immunoprecipitation	While we observed that membrane areas enriched with FAP and MT1-MMP are the anchoring sites for invadopodia precursor attachment, extensive FAP pull-down and co-immunoprecipitation experiments did not detect convincing interactions between FAP and MT1-MMP.	Knockdown of FAP or MT1-MMP led to similar defects in reduced invadopodia stability, suggesting that they are both important for invadopodia stabilization and maturation.	Because of the small size and the dynamic nature of invadopodia, it is possible that immunoprecipitation approaches cannot capture such dynamic and possibly indirect interactions between FAP and MT1-MMP that were observed by live imaging.	37862167	PMC10742343	Fibroblast activation protein drives tumor metastasis via a protease-independent role in invadopodia stabilization	CLAIM:000003742:0-1	PAIR2:GENE:2191|GENE:4323	CLAIM:000003742	a28949492114b51e3a14bc3421a11c0dbe8d7e29	SILVER_PHYSICAL_CANONICAL	negative	canonical_possible	physical_negative_with_non_gold_or_cellular_assay		1	1	none_detected	0	0	0	0	0	0	94.0
471	CD200R4	239849	10090	CD200	24560	10090	no_binding	in_vitro_binding_unspecified	binding assay	However, CD200-huIgFc did not bind to RBL2H3 cells expressing mock-GFP or other CD200Rs-GFP, suggesting that CD200 could not be a ligand for CD200R3 and CD200R4.	CD200-huIgFc bound to RBL2H3 cells expressing CD200R1 and CD200R2 to a lesser degree, indicating that CD200 is a ligand for CD200R1 and CD200R2 with high and low affinities.		28955985	PMC5614540	Selective depletion of basophils ameliorates immunoglobulin E-mediated anaphylaxis	CLAIM:000215693:0-1	PAIR2:GENE:239849|GENE:24560	CLAIM:000215693	b2f8423d5f350a7b6632cb328f2ea3f15cab46d8	SILVER_PHYSICAL_CANONICAL	negative	canonical_possible	physical_negative_with_non_gold_or_cellular_assay		1	1	none_detected	1	0	0	0	0	0	94.0
472	anoctamin 1	101772	10090	CaV1.2	12288	10090	no_interaction	PLA	Proximity Ligation Assay	PLA was also performed on cells colabeled for CaV1.2 and transferrin receptor (TfR) or CaV1.2 and the Ca2+-activated Cl- channel anoctamin 1 (ANO1), which are cell surface proteins that have limited to no interaction with CaV1.2.	1, E and F).	Arterial myocytes were robustly stained for TfR and ANO1 when primary antibodies were included in the preparation (fig.	28119464	PMC5297430	Ser1928 phosphorylation by PKA stimulates the L-type Ca2+ channel CaV1.2 and vasoconstriction during acute hyperglycemia and diabetes	CLAIM:000008771:0-1	PAIR2:GENE:101772|GENE:12288	CLAIM:000008771	8d25dfbcda25b67c85fd51bbb1fd7116168c156a	SILVER_PHYSICAL_CANONICAL	negative	canonical_possible	physical_negative_with_non_gold_or_cellular_assay	positive_control	1	1	none_detected	1	0	1	0	0	0	94.0
473	IFN-alpha	3439	9606	IFNAR2	3455	10090	no_binding	in_vitro_binding_unspecified	binding assay	FITC-labeled IFNalpha showed concentration-dependent binding to 2fTGH cells, but did not bind to IFNAR2-deficient U5A cells (Supplementary Fig.	Furthermore we analyzed the effective cell surface binding affinity of FITC-labeled IFNalpha to cell surface IFNAR by flow cytometry.	6a and 6b).	28165510	PMC5365074	STAT2 is an essential adaptor in USP18-mediated suppression of type I interferon signaling	CLAIM:000193608:0-1	PAIR2:GENE:3439|GENE:3455	CLAIM:000193608	5fd43f7e5e4075adc425c2b986a77b0fc7cd1b38	SILVER_PHYSICAL_CANONICAL	negative	canonical_possible	physical_negative_with_non_gold_or_cellular_assay		1	1	none_detected	1	0	0	0	0	0	94.0
474	NR1	24408	10116	GISP	83998	10090	no_binding	Y2H	Y2H	Finally, although GISP shares substantial sequence homology with AKAP9 (yotiao), as reported below, unlike AKAP9, GISP does not bind to the NR1 subunit of NMDA receptors in the Y2H assay.	GISP is also far more abundant than any other higher molecular weight species (which share their epitope with GISP) and we could not detect any smaller protein product than GISP.		17241134	PMC3315443	GISP: a novel brain-specific protein that promotes surface expression and function of GABAB receptors	CLAIM:000022337:0-1	PAIR2:GENE:24408|GENE:83998	CLAIM:000022337	8167944829beaf42c62170ae6672298044747b22	SILVER_PHYSICAL_CANONICAL	negative	canonical_possible	physical_negative_with_non_gold_or_cellular_assay		1	1	none_detected	1	0	0	0	0	0	94.0
475	SORBS2	234214	10090	MYPN	68802	10090	no_binding	Y2H	yeast two-hybrid	Correspondently, MYPN did not bind to SORBS2 in the Y2H system (data not shown).	The SORBS2 interaction site in PALLD is located in a proline-rich region, not present in MYPN.		34558411	PMC8547954	Myopalladin knockout mice develop cardiac dilation and show a maladaptive response to mechanical pressure overload	CLAIM:000156343:0-1	PAIR2:GENE:234214|GENE:68802	CLAIM:000156343	7fd561c0527cb74e764e127374e23eaec10167e4	SILVER_PHYSICAL_CANONICAL	negative	canonical_possible	physical_negative_with_non_gold_or_cellular_assay		1	1	none_detected	1	0	0	0	0	0	94.0
476	lamin A	4000	9606	Gins3	64785	10090	no_binding	in_vitro_binding_unspecified	peptide binding assay	Fabp4 and Gins3: significantly higher lamin A/C association in IL10-KO muscle and heart, respectively, but no detectable binding to lamin A			37936983	PMC10626543	Native lamin A/C proteomes and novel partners from heart and skeletal muscle in a mouse chronic inflammation model of human frailty	CLAIM:000279958:0-1	PAIR2:GENE:4000|GENE:64785	CLAIM:000279958	1e130fa09aac8081acd8b5e6ba270b1ad35e4f8c	SILVER_PHYSICAL_CANONICAL	negative	canonical_possible	physical_negative_with_non_gold_or_cellular_assay		1	1	none_detected	1	0	0	0	0	0	94.0
477	FUT3	2525	2093	GOLPH3	64083	4932	no_binding	in_vitro_binding_unspecified	binding assay	A few of the tails showed relatively weak binding to GOLPH3 (GALNT4, MGAT1, and MGAT5) or no detectable binding (FUT3), but none of these showed substantial destabilization with loss of GOLPH3 or were not detected, and so are less likely to be GOLPH3 clients.	S4).		34473204	PMC8421267	GOLPH3 and GOLPH3L are broad-spectrum COPI adaptors for sorting into intra-Golgi transport vesicles	CLAIM:000226596:0-1	PAIR2:GENE:2525|GENE:64083	CLAIM:000226596	6b63f7871fa2c8444bd7d408ca5e826bbfc88e8e	SILVER_PHYSICAL_CANONICAL	negative	canonical_possible	physical_negative_with_non_gold_or_cellular_assay		1	1	none_detected	1	0	0	0	0	0	94.0
478	Fabp4	2167	9606	lamin A	4000	9606	no_binding	in_vitro_binding_unspecified	peptide binding assay	Fabp4 and Gins3: significantly higher lamin A/C association in IL10-KO muscle and heart, respectively, but no detectable binding to lamin A			37936983	PMC10626543	Native lamin A/C proteomes and novel partners from heart and skeletal muscle in a mouse chronic inflammation model of human frailty	CLAIM:000279957:0-1	PAIR2:GENE:2167|GENE:4000	CLAIM:000279957	3fcc3a8db601e971341f6d0efc4d171b2db300ff	SILVER_PHYSICAL_CANONICAL	negative	canonical_possible	physical_negative_with_non_gold_or_cellular_assay		1	1	none_detected	1	0	0	0	0	0	94.0
479	Pax3	374127	10090	Msx1	396484	10090	no_binding	in_vitro_binding_unspecified	in vitro binding assay	Meox2 or Msx1 do not bind in vitro simultaneously with Pax3 or Six proteins to the HBox2 region			26538636	PMC4736032	Fine-tuning the onset of myogenesis by homeobox proteins that interact with the Myf5 limb enhancer	CLAIM:000120816:0-1	PAIR2:GENE:374127|GENE:396484	CLAIM:000120816	ee1cc53cf870f3c53bd078d781a734304a95f970	SILVER_PHYSICAL_CANONICAL	negative	canonical_possible	physical_negative_with_non_gold_or_cellular_assay		1	1	none_detected	1	0	0	0	0	0	94.0
480	H1b	3009	9606	OTX2	5015	10090	no_binding	Y2H	mammalian two-hybrid assay	In a mammalian two-hybrid assay, OTX2 showed no binding with the MyoD or H1b protein (Supplemental Figure S3A), suggesting OTX2 does not affect MyoD function via direct protein-protein interaction.	It is well established that the homeoprotein Msx1 represses MyoD by directly binding to CER, presumably in cooperation with histone H1b.		22986744	PMC4861240	OTX2 Represses Myogenic and Neuronal Differentiation in Medulloblastoma Cells	CLAIM:000267439:0-1	PAIR2:GENE:3009|GENE:5015	CLAIM:000267439	920411861babbd8033fa350c72c49c0fc171aaf1	SILVER_PHYSICAL_CANONICAL	negative	canonical_possible	physical_negative_with_non_gold_or_cellular_assay		1	1	none_detected	1	0	0	0	0	0	94.0
481	Ldb1	16825	10090	NeuroD1	18012	10090	no_binding	coIP	coimmunoprecipitation	Endogenous Ldb1 and Isl1 were also found to interact in coimmunoprecipitation assays, whereas Ldb1 and Isl1 did not bind to the islet cell Pdx1, Pax6, NeuroD1, MafA, or Hnf1alpha transcriptional regulators (Fig.	4D), providing compelling support for direct Ldb1:Isl1 complex activation.	4E).	23193182	PMC3581213	Islet alpha-, beta-, and delta-Cell Development Is Controlled by the Ldb1 Coregulator, Acting Primarily With the Islet-1 Transcription Factor	CLAIM:000215220:0-1	PAIR2:GENE:16825|GENE:18012	CLAIM:000215220	bd100f6d3648911ddd686ae158b16b70db9591d8	SILVER_PHYSICAL_CANONICAL	negative	canonical_possible	physical_negative_with_non_gold_or_cellular_assay		1	1	none_detected	1	0	0	0	0	0	93.0
482	N	43740575	2697049	BCL-2	596	9606	no_binding	coIP	Co-immunoprecipitation	Co-immunoprecipitation (Co-IP) assays proved that only MCL-1 could interact with N, while BCL-XL, BCL-W, and BCL-2 failed to interact with N (Fig.	We initially determined whether N could interact with anti-apoptosis proteins.	3a, b).	37160897	PMC10169150	SARS-CoV-2 N protein enhances the anti-apoptotic activity of MCL-1 to promote viral replication	CLAIM:000124375:0-1	PAIR2:GENE:43740575|GENE:596	CLAIM:000124375	40de899ce5f97f8339838a5c5c9b6bcbdeb5af78	SILVER_PHYSICAL_CANONICAL	negative	canonical_possible	physical_negative_with_non_gold_or_cellular_assay		1	1	none_detected	1	0	0	0	0	0	93.0
483	N	43740575	2697049	BCL-XL	598	9606	no_binding	coIP	Co-immunoprecipitation	Co-immunoprecipitation (Co-IP) assays proved that only MCL-1 could interact with N, while BCL-XL, BCL-W, and BCL-2 failed to interact with N (Fig.	We initially determined whether N could interact with anti-apoptosis proteins.	3a, b).	37160897	PMC10169150	SARS-CoV-2 N protein enhances the anti-apoptotic activity of MCL-1 to promote viral replication	CLAIM:000124373:0-1	PAIR2:GENE:43740575|GENE:598	CLAIM:000124373	4c1c0a6e5bc5f32b9598bedaeee244b03b1efcf5	SILVER_PHYSICAL_CANONICAL	negative	canonical_possible	physical_negative_with_non_gold_or_cellular_assay		1	1	none_detected	1	0	0	0	0	0	93.0
484	Ldb1	16825	10090	Pax6	18508	9606	no_binding	coIP	coimmunoprecipitation	Endogenous Ldb1 and Isl1 were also found to interact in coimmunoprecipitation assays, whereas Ldb1 and Isl1 did not bind to the islet cell Pdx1, Pax6, NeuroD1, MafA, or Hnf1alpha transcriptional regulators (Fig.	4D), providing compelling support for direct Ldb1:Isl1 complex activation.	4E).	23193182	PMC3581213	Islet alpha-, beta-, and delta-Cell Development Is Controlled by the Ldb1 Coregulator, Acting Primarily With the Islet-1 Transcription Factor	CLAIM:000215219:0-1	PAIR2:GENE:16825|GENE:18508	CLAIM:000215219	5065938a5bdc26038d50f6ab0aff6c047ea77bc0	SILVER_PHYSICAL_CANONICAL	negative	canonical_possible	physical_negative_with_non_gold_or_cellular_assay		1	1	none_detected	1	0	0	0	0	0	93.0
485	N	43740575	2697049	BCL-W	599	9606	no_binding	coIP	Co-immunoprecipitation	Co-immunoprecipitation (Co-IP) assays proved that only MCL-1 could interact with N, while BCL-XL, BCL-W, and BCL-2 failed to interact with N (Fig.	We initially determined whether N could interact with anti-apoptosis proteins.	3a, b).	37160897	PMC10169150	SARS-CoV-2 N protein enhances the anti-apoptotic activity of MCL-1 to promote viral replication	CLAIM:000124374:0-1	PAIR2:GENE:43740575|GENE:599	CLAIM:000124374	b777a65c1e0e58cfca018875beab204dfb94d193	SILVER_PHYSICAL_CANONICAL	negative	canonical_possible	physical_negative_with_non_gold_or_cellular_assay		1	1	none_detected	1	0	0	0	0	0	93.0
486	Ldb1	16825	10090	MafA	378435	10090	no_binding	coIP	coimmunoprecipitation	Endogenous Ldb1 and Isl1 were also found to interact in coimmunoprecipitation assays, whereas Ldb1 and Isl1 did not bind to the islet cell Pdx1, Pax6, NeuroD1, MafA, or Hnf1alpha transcriptional regulators (Fig.	4D), providing compelling support for direct Ldb1:Isl1 complex activation.	4E).	23193182	PMC3581213	Islet alpha-, beta-, and delta-Cell Development Is Controlled by the Ldb1 Coregulator, Acting Primarily With the Islet-1 Transcription Factor	CLAIM:000215221:0-1	PAIR2:GENE:16825|GENE:378435	CLAIM:000215221	035b178122872f9ce548ce9ddc6235355aceca00	SILVER_PHYSICAL_CANONICAL	negative	canonical_possible	physical_negative_with_non_gold_or_cellular_assay		1	1	none_detected	1	0	0	0	0	0	93.0
487	syntaxin 1A	108707987	10090	KCNQ1	373746	8355	no_binding	coIP	coimmunoprecipitation	B, KCNQ3 and KCNQ1 channels do not interact with syntaxin 1A as strongly as KCNQ2 in oocytes.	Arrows indicate the relevant proteins.	Left panel: The channels and syntaxin proteins coprecipitated by the corresponding antibodies (as indicated below the lanes).	19675672	PMC2721677	Selective Interaction of Syntaxin 1A with KCNQ2: Possible Implications for Specific Modulation of Presynaptic Activity	CLAIM:000119799:0-1	PAIR2:GENE:108707987|GENE:373746	CLAIM:000119799	9fc56b0e60314a532e15c33de628120d077cec23	SILVER_PHYSICAL_CANONICAL	negative	canonical_possible	physical_negative_with_non_gold_or_cellular_assay		1	1	none_detected	1	0	0	0	0	0	93.0
488	TREX-2	11219	9606	Orc5	5001	9606	no_binding	coIP	overexpression assay	The Orc5 which efficiently co-precipitated with TREX-2 subunits from the nuclear extract, did not interact with TREX-2 when the proteins were overexpressed.	These results confirmed an interaction between TREX-2 and ORC, suggesting that it is likely to involve several subunits of these complexes.	We suppose that in the co-IP experiments with the nuclear extract, Orc5 interacts with TREX-2 via the other subunits of the Orc5 complex.	27016737	PMC4889942	ORC interacts with THSC/TREX-2 and its subunits promote Nxf1 association with mRNP and mRNA export in Drosophila	CLAIM:000187200:0-1	PAIR2:GENE:11219|GENE:5001	CLAIM:000187200	ae4a4ef9fb8d799d61163908384c99d24c1dc3e1	SILVER_PHYSICAL_CANONICAL	negative	canonical_possible	physical_negative_with_non_gold_or_cellular_assay		1	1	none_detected	1	0	0	0	0	0	93.0
489	UBLCP1	134510	4932	beta4	930	9606	no_binding	coIP	co-immunoprecipitation	In contrast, we found that UBLCP1 failed to interact with CP subunit beta4 in HEK293T cells, even though beta4 is associated with Rpn1 and alpha1-7 in the experiment (figure 1d, lane 3).	We observed an interaction between endogenous UBLCP1 and Rpn1 in HEK293T cells (figure 1c, lane 3), indicating that UBLCP1 interacts with Rpn1 under physiological conditions.	Taken together, these results suggest that UBLCP1 selectively interacts with the RP through Rpn1.	28539385	PMC5451543	Phosphatase UBLCP1 controls proteasome assembly	CLAIM:000017260:0-1	PAIR2:GENE:134510|GENE:930	CLAIM:000017260	abc2c71a2c9a15c4db435f43880436138aad2cb1	SILVER_PHYSICAL_CANONICAL	negative	canonical_possible	physical_negative_with_non_gold_or_cellular_assay		1	1	none_detected	1	0	0	0	0	0	93.0
490	NINJA	829012	3702	MYC2	840158	3702	no_interaction	pull_down	pull-down	NINJA-GFP did not interact with NINJA-MBP, COI1-MBP or MYC2-MBP in these pull-down experiments (Supplementary Fig.	3b).	3b).	20360743	PMC2849182	NINJA connects the co-repressor TOPLESS to jasmonate signalling	CLAIM:000098447:0-1	PAIR2:GENE:829012|GENE:840158	CLAIM:000098447	7ffc5f6b83c4d8e2812e41e6dd8eda69c0d3ede5	SILVER_PHYSICAL_CANONICAL	negative	canonical_possible	physical_negative_with_non_gold_or_cellular_assay		1	1	none_detected	1	0	0	0	0	0	93.0
491	BRI1	830095	3702	SERK2	840320	3702	no_binding	coIP	Co-IP	For instance, SERK2, which is not involved in BR signaling, did not associate with BRI1 in vivo in a Co-IP assay.	The in vivo dynamic binding affinity of individual SERKs with the cognate receptors may partially explain the functional specificity.	However, although SERK1 and SERK2 do not have a detectable function in plant immunity, they both associate with the immune receptor FLS2 and EFR in N. benthamiana and Arabidopsis, similar to BAK1 and SERK4.	26854226	PMC4758877	Ligand-induced receptor-like kinase complex regulates floral organ abscission in Arabidopsis	CLAIM:000219692:0-1	PAIR2:GENE:830095|GENE:840320	CLAIM:000219692	85845c6ccf210513565d7221825d063c94d94158	SILVER_PHYSICAL_CANONICAL	negative	canonical_possible	physical_negative_with_non_gold_or_cellular_assay		1	1	none_detected	1	0	0	0	0	0	93.0
492	RPS1	833138	10090	RBL10	839113	10090	no_binding	coIP	split-ubiquitin assays	For example, despite being found in each of the 3 replicates of the Co-IP, RPS1 did not interact directly with RBL10 in the split-ubiquitin assays.	With less than half of the candidates from the immunoprecipitation shown to interact with RBL10 in the split ubiquitin assay, although some could not be tested in both assays due to their resistance to cloning, the prospect of the candidates interacting with one another rather than directly with RBL10, remains a possibility.	With a large molecular weight complex as observed for RBL10 by BN-PAGE and size exclusion chromatography, it is likely that only a few components interact directly with RBL10.	34582071	PMC9219029	Proteins associated with the Arabidopsis thaliana plastid rhomboid like protein RBL10	CLAIM:000221060:0-1	PAIR2:GENE:833138|GENE:839113	CLAIM:000221060	cde9115c529894becc772494341b5ce8cef508dc	SILVER_PHYSICAL_CANONICAL	negative	canonical_possible	physical_negative_with_non_gold_or_cellular_assay		1	1	none_detected	1	0	0	0	0	0	93.0
493	Brn	31358	7227	Twf	41719	7227	no_binding	coIP	co-immunoprecipitation	While no binding was observed with Twf, significant binding was detected with Brn, which is involved in dorsal-ventral polarity determination in follicle cells.	In addition, we investigated two oogenesis-related proteins, Twinfilin (Twf, ranking confidence 0.64, Figure 5Biv) and Brainiac (Brn, ranking confidence 0.63, Figure 5Bv), for their binding with Piwi through co-immunoprecipitation (Figure 5C, Supplementary file 7).		40259744	PMC12014135	In silico screening by AlphaFold2 program revealed the potential binding partners of nuage-localizing proteins and piRNA-related proteins	CLAIM:000213024:0-1	PAIR2:GENE:31358|GENE:41719	CLAIM:000213024	dbae439907542a251f04ca6e712127a195dd4ea9	SILVER_PHYSICAL_CANONICAL	negative	canonical_possible	physical_negative_with_non_gold_or_cellular_assay		1	1	none_detected	1	0	0	0	0	0	93.0
494	Ldb1	16825	10090	Pdx1	18609	10090	no_binding	coIP	coimmunoprecipitation	Endogenous Ldb1 and Isl1 were also found to interact in coimmunoprecipitation assays, whereas Ldb1 and Isl1 did not bind to the islet cell Pdx1, Pax6, NeuroD1, MafA, or Hnf1alpha transcriptional regulators (Fig.	4D), providing compelling support for direct Ldb1:Isl1 complex activation.	4E).	23193182	PMC3581213	Islet alpha-, beta-, and delta-Cell Development Is Controlled by the Ldb1 Coregulator, Acting Primarily With the Islet-1 Transcription Factor	CLAIM:000215218:0-1	PAIR2:GENE:16825|GENE:18609	CLAIM:000215218	f8e94854fb0bc066b1967728ada53bbbd2988cca	SILVER_PHYSICAL_CANONICAL	negative	canonical_possible	physical_negative_with_non_gold_or_cellular_assay		1	1	none_detected	1	0	0	0	0	0	93.0
495	Ldb1	16825	10090	Hnf1alpha	21405	10090	no_binding	coIP	coimmunoprecipitation	Endogenous Ldb1 and Isl1 were also found to interact in coimmunoprecipitation assays, whereas Ldb1 and Isl1 did not bind to the islet cell Pdx1, Pax6, NeuroD1, MafA, or Hnf1alpha transcriptional regulators (Fig.	4D), providing compelling support for direct Ldb1:Isl1 complex activation.	4E).	23193182	PMC3581213	Islet alpha-, beta-, and delta-Cell Development Is Controlled by the Ldb1 Coregulator, Acting Primarily With the Islet-1 Transcription Factor	CLAIM:000215222:0-1	PAIR2:GENE:16825|GENE:21405	CLAIM:000215222	d79155a79e1f6e5347391bdd84916c78289ba42c	SILVER_PHYSICAL_CANONICAL	negative	canonical_possible	physical_negative_with_non_gold_or_cellular_assay		1	1	none_detected	1	0	0	0	0	0	93.0
496	TBK1	29110	9606	p17	653820	9606	no_binding	coIP	co-immunoprecipitation	Thus, we detected the interaction between p17 and STING protein using co-immunoprecipitation (Co-IP) and the results showed that p17 could interact with STING ( Figure 5A ), but it did not interact with either TBK1 or IKKepsilon proteins ( Figures 5B-D ), suggesting the specific interaction between p17 and STING.	Considering the cellular co-localization of ASFV p17 and STING, we hypothesized that ASFV p17 likely interferes with STING to affect the cGAS-STING pathway.	To confirm and explore the roles of TBK1 and IKKepsilon in the cGAS-STING signaling, the interactions between STING and these two signaling proteins were also examined by Co-IP.	35844609	PMC9283692	African Swine Fever Virus Structural Protein p17 Inhibits cGAS-STING Signaling Pathway Through Interacting With STING	CLAIM:000128320:0-1	PAIR2:GENE:29110|GENE:653820	CLAIM:000128320	63b1d4b393943ac654f935092aeec4e6fa36a59d	SILVER_PHYSICAL_CANONICAL	negative	canonical_possible	physical_negative_with_non_gold_or_cellular_assay		1	1	none_detected	1	0	0	0	0	0	93.0
497	HUWE1	10075	9606	SR-BI	20778	10090	no_binding	coIP	co-immunoprecipitation	In our Co-IP assays, we showed that HUWE1 and SR-BI did not bind to each other, suggesting that there may be other degradation pathways of SR-BI.	Although degradation of the SR-BI protein also occurs, this degradation is not mediated by the ubiquitin-proteasome.	Taken together, these findings suggest that activated CD4+ T cells need to upregulate HUWE1 to post-translationally regulate ABCA1 protein levels to inhibit cholesterol efflux.	37435494	PMC10330700	HECT, UBA and WWE domain containing 1 represses cholesterol efflux during CD4+ T cell activation in Sjogren's syndrome	CLAIM:000280448:0-1	PAIR2:GENE:10075|GENE:20778	CLAIM:000280448	a13221f832c5fb48e0c983fa10261581aa21567f	SILVER_PHYSICAL_CANONICAL	negative	canonical_possible	physical_negative_with_non_gold_or_cellular_assay		1	1	none_detected	1	0	0	0	0	0	93.0
499	Gal-8	3964	9606	CD98hc	6520	9606	no_interaction	pull_down	pull-down	CD98hc does not interact with Gal-8, Gal-8N, or Gal-8C after treatment with tunicamycin			40205944	PMC12130729	CD98hc, a novel of galectin-8 receptor, binds to galectin-8 in an N-glycosylation-dependent manner	CLAIM:000212084:0-1	PAIR2:GENE:3964|GENE:6520	CLAIM:000212084	1bc49457ab036fd2acafe5873e282bf07ef244f7	SILVER_PHYSICAL_CANONICAL	negative	canonical_possible	physical_negative_with_non_gold_or_cellular_assay		1	1	none_detected	1	0	0	0	0	0	93.0
500	PKD2	5311	9606	TRPC5	7224	9606	no_binding	coIP	co-immunoprecipitation	Thus, TRPC5 did not directly bind and Co-IP with PKD2 (Fig.	TRPC5 and TRPC4 did not Co-IP with PKD2, either.	4).	39523478	PMC11694000	The mutual interaction of TRPC5 channel with polycystin proteins	CLAIM:000037568:0-1	PAIR2:GENE:5311|GENE:7224	CLAIM:000037568	d3f16eb3e6136674c5d53095c64b34180f04277c	SILVER_PHYSICAL_CANONICAL	negative	canonical_possible	physical_negative_with_non_gold_or_cellular_assay		1	1	none_detected	1	0	0	0	0	0	93.0
