scope	model	collection	record_id	score
all_taxa	PLM-Interact	Negatome	NEG:00009	0.067713
all_taxa	PLM-Interact	Negatome	NEG:00012	0.999605
all_taxa	PLM-Interact	Negatome	NEG:00014	0.996908
all_taxa	PLM-Interact	Negatome	NEG:00015	0.997756
all_taxa	PLM-Interact	Negatome	NEG:00016	0.000146
all_taxa	PLM-Interact	Negatome	NEG:00042	0.98269
all_taxa	PLM-Interact	Negatome	NEG:00115	6.8e-05
all_taxa	PLM-Interact	Negatome	NEG:00116	7.2e-05
all_taxa	PLM-Interact	Negatome	NEG:00117	6.4e-05
all_taxa	PLM-Interact	Negatome	NEG:00180	9.5e-05
all_taxa	PLM-Interact	Negatome	NEG:00237	6.3e-05
all_taxa	PLM-Interact	Negatome	NEG:00250	0.024349
all_taxa	PLM-Interact	Negatome	NEG:00252	0.000104
all_taxa	PLM-Interact	Negatome	NEG:00350	0.000593
all_taxa	PLM-Interact	Negatome	NEG:00365	0.26375
all_taxa	PLM-Interact	Negatome	NEG:00367	0.99959
all_taxa	PLM-Interact	Negatome	NEG:00368	0.997995
all_taxa	PLM-Interact	Negatome	NEG:00369	0.999019
all_taxa	PLM-Interact	Negatome	NEG:00371	0.289736
all_taxa	PLM-Interact	Negatome	NEG:00373	0.999575
all_taxa	PLM-Interact	Negatome	NEG:00403	0.000239
all_taxa	PLM-Interact	Negatome	NEG:00435	0.069717
all_taxa	PLM-Interact	Negatome	NEG:00437	0.000633
all_taxa	PLM-Interact	Negatome	NEG:00438	9.7e-05
all_taxa	PLM-Interact	Negatome	NEG:00439	5.8e-05
all_taxa	PLM-Interact	Negatome	NEG:00440	0.00012
all_taxa	PLM-Interact	Negatome	NEG:00442	0.997053
all_taxa	PLM-Interact	Negatome	NEG:00482	6.9e-05
all_taxa	PLM-Interact	Negatome	NEG:00494	0.001874
all_taxa	PLM-Interact	Negatome	NEG:00510	0.99989
all_taxa	PLM-Interact	Negatome	NEG:00511	0.001141
all_taxa	PLM-Interact	Negatome	NEG:00558	0.992199
all_taxa	PLM-Interact	Negatome	NEG:00562	0.330661
all_taxa	PLM-Interact	Negatome	NEG:00566	0.000554
all_taxa	PLM-Interact	Negatome	NEG:00570	0.980238
all_taxa	PLM-Interact	Negatome	NEG:00601	0.99932
all_taxa	PLM-Interact	Negatome	NEG:00629	0.999576
all_taxa	PLM-Interact	Negatome	NEG:00633	0.997668
all_taxa	PLM-Interact	Negatome	NEG:00634	0.714484
all_taxa	PLM-Interact	Negatome	NEG:00642	0.999323
all_taxa	PLM-Interact	Negatome	NEG:00664	0.571381
all_taxa	PLM-Interact	Negatome	NEG:00698	0.000101
all_taxa	PLM-Interact	Negatome	NEG:00699	0.000172
all_taxa	PLM-Interact	Negatome	NEG:00700	0.000771
all_taxa	PLM-Interact	Negatome	NEG:00701	0.000106
all_taxa	PLM-Interact	Negatome	NEG:00703	8e-05
all_taxa	PLM-Interact	Negatome	NEG:00704	6.6e-05
all_taxa	PLM-Interact	Negatome	NEG:00705	5.7e-05
all_taxa	PLM-Interact	Negatome	NEG:00706	0.003876
all_taxa	PLM-Interact	Negatome	NEG:00707	5.3e-05
all_taxa	PLM-Interact	Negatome	NEG:00708	5.5e-05
all_taxa	PLM-Interact	Negatome	NEG:00709	0.000117
all_taxa	PLM-Interact	Negatome	NEG:00710	5.7e-05
all_taxa	PLM-Interact	Negatome	NEG:00711	8.8e-05
all_taxa	PLM-Interact	Negatome	NEG:00712	0.000503
all_taxa	PLM-Interact	Negatome	NEG:00716	0.005069
all_taxa	PLM-Interact	Negatome	NEG:00717	9.5e-05
all_taxa	PLM-Interact	Negatome	NEG:00718	6.4e-05
all_taxa	PLM-Interact	Negatome	NEG:00719	0.000376
all_taxa	PLM-Interact	Negatome	NEG:00734	0.484056
all_taxa	PLM-Interact	Negatome	NEG:00744	0.022213
all_taxa	PLM-Interact	Negatome	NEG:00745	8.5e-05
all_taxa	PLM-Interact	Negatome	NEG:00746	5.1e-05
all_taxa	PLM-Interact	Negatome	NEG:00747	0.022023
all_taxa	PLM-Interact	Negatome	NEG:00748	6.2e-05
all_taxa	PLM-Interact	Negatome	NEG:00749	6.5e-05
all_taxa	PLM-Interact	Negatome	NEG:00750	9.9e-05
all_taxa	PLM-Interact	Negatome	NEG:00751	0.048935
all_taxa	PLM-Interact	Negatome	NEG:00752	0.000131
all_taxa	PLM-Interact	Negatome	NEG:00753	9.5e-05
all_taxa	PLM-Interact	Negatome	NEG:00754	0.000494
all_taxa	PLM-Interact	Negatome	NEG:00755	0.004179
all_taxa	PLM-Interact	Negatome	NEG:00756	0.001371
all_taxa	PLM-Interact	Negatome	NEG:00757	0.000331
all_taxa	PLM-Interact	Negatome	NEG:00758	0.000139
all_taxa	PLM-Interact	Negatome	NEG:00759	7.1e-05
all_taxa	PLM-Interact	Negatome	NEG:00760	7e-05
all_taxa	PLM-Interact	Negatome	NEG:00761	0.000633
all_taxa	PLM-Interact	Negatome	NEG:00762	7.6e-05
all_taxa	PLM-Interact	Negatome	NEG:00763	0.000102
all_taxa	PLM-Interact	Negatome	NEG:00764	0.000127
all_taxa	PLM-Interact	Negatome	NEG:00765	0.00011
all_taxa	PLM-Interact	Negatome	NEG:00766	0.029924
all_taxa	PLM-Interact	Negatome	NEG:00767	0.000378
all_taxa	PLM-Interact	Negatome	NEG:00768	0.023967
all_taxa	PLM-Interact	Negatome	NEG:00769	0.960797
all_taxa	PLM-Interact	Negatome	NEG:00770	0.000192
all_taxa	PLM-Interact	Negatome	NEG:00771	0.000164
all_taxa	PLM-Interact	Negatome	NEG:00772	0.999687
all_taxa	PLM-Interact	Negatome	NEG:00773	0.000108
all_taxa	PLM-Interact	Negatome	NEG:00774	0.069045
all_taxa	PLM-Interact	Negatome	NEG:00775	0.041235
all_taxa	PLM-Interact	Negatome	NEG:00776	0.002587
all_taxa	PLM-Interact	Negatome	NEG:00777	0.023088
all_taxa	PLM-Interact	Negatome	NEG:00778	0.000402
all_taxa	PLM-Interact	Negatome	NEG:00781	0.000264
all_taxa	PLM-Interact	Negatome	NEG:00782	0.998348
all_taxa	PLM-Interact	Negatome	NEG:00783	0.002376
all_taxa	PLM-Interact	Negatome	NEG:00784	0.023429
all_taxa	PLM-Interact	Negatome	NEG:00804	0.999513
all_taxa	PLM-Interact	Negatome	NEG:00807	0.850199
all_taxa	PLM-Interact	Negatome	NEG:00808	0.921424
all_taxa	PLM-Interact	Negatome	NEG:00829	0.999174
all_taxa	PLM-Interact	Negatome	NEG:00843	0.996307
all_taxa	PLM-Interact	Negatome	NEG:00849	0.999345
all_taxa	PLM-Interact	Negatome	NEG:00850	5.9e-05
all_taxa	PLM-Interact	Negatome	NEG:00864	0.00013
all_taxa	PLM-Interact	Negatome	NEG:00865	0.000591
all_taxa	PLM-Interact	Negatome	NEG:00866	0.662564
all_taxa	PLM-Interact	Negatome	NEG:00867	0.001646
all_taxa	PLM-Interact	Negatome	NEG:00868	0.010911
all_taxa	PLM-Interact	Negatome	NEG:00869	0.996929
all_taxa	PLM-Interact	Negatome	NEG:00870	0.861261
all_taxa	PLM-Interact	Negatome	NEG:00871	0.000493
all_taxa	PLM-Interact	Negatome	NEG:00872	0.00028
all_taxa	PLM-Interact	Negatome	NEG:00873	0.000265
all_taxa	PLM-Interact	Negatome	NEG:00874	0.463223
all_taxa	PLM-Interact	Negatome	NEG:00875	0.998905
all_taxa	PLM-Interact	Negatome	NEG:00876	0.001658
all_taxa	PLM-Interact	Negatome	NEG:00877	0.00507
all_taxa	PLM-Interact	Negatome	NEG:00880	0.000853
all_taxa	PLM-Interact	Negatome	NEG:00881	0.00521
all_taxa	PLM-Interact	Negatome	NEG:00882	0.000294
all_taxa	PLM-Interact	Negatome	NEG:00883	0.497158
all_taxa	PLM-Interact	Negatome	NEG:00937	0.000104
all_taxa	PLM-Interact	Negatome	NEG:00938	9.3e-05
all_taxa	PLM-Interact	Negatome	NEG:00939	5.5e-05
all_taxa	PLM-Interact	Negatome	NEG:00940	0.00135
all_taxa	PLM-Interact	Negatome	NEG:00941	7.5e-05
all_taxa	PLM-Interact	Negatome	NEG:00942	5.9e-05
all_taxa	PLM-Interact	Negatome	NEG:00943	5.5e-05
all_taxa	PLM-Interact	Negatome	NEG:00944	5.5e-05
all_taxa	PLM-Interact	Negatome	NEG:00945	5.7e-05
all_taxa	PLM-Interact	Negatome	NEG:00946	0.999785
all_taxa	PLM-Interact	Negatome	NEG:00947	9e-05
all_taxa	PLM-Interact	Negatome	NEG:00948	0.0023
all_taxa	PLM-Interact	Negatome	NEG:00952	7e-05
all_taxa	PLM-Interact	Negatome	NEG:00953	7.9e-05
all_taxa	PLM-Interact	Negatome	NEG:00954	5.9e-05
all_taxa	PLM-Interact	Negatome	NEG:00955	7.6e-05
all_taxa	PLM-Interact	Negatome	NEG:00956	0.000123
all_taxa	PLM-Interact	Negatome	NEG:00999	9.4e-05
all_taxa	PLM-Interact	Negatome	NEG:01018	0.001822
all_taxa	PLM-Interact	Negatome	NEG:01019	6.2e-05
all_taxa	PLM-Interact	Negatome	NEG:01020	0.001574
all_taxa	PLM-Interact	Negatome	NEG:01021	0.000413
all_taxa	PLM-Interact	Negatome	NEG:01024	5.1e-05
all_taxa	PLM-Interact	Negatome	NEG:01026	0.002692
all_taxa	PLM-Interact	Negatome	NEG:01027	9.8e-05
all_taxa	PLM-Interact	Negatome	NEG:01032	5.8e-05
all_taxa	PLM-Interact	Negatome	NEG:01033	0.000143
all_taxa	PLM-Interact	Negatome	NEG:01051	0.002745
all_taxa	PLM-Interact	Negatome	NEG:01052	0.010243
all_taxa	PLM-Interact	Negatome	NEG:01053	6.5e-05
all_taxa	PLM-Interact	Negatome	NEG:01054	5.6e-05
all_taxa	PLM-Interact	Negatome	NEG:01055	5.7e-05
all_taxa	PLM-Interact	Negatome	NEG:01056	0.001076
all_taxa	PLM-Interact	Negatome	NEG:01057	0.130826
all_taxa	PLM-Interact	Negatome	NEG:01058	9.8e-05
all_taxa	PLM-Interact	Negatome	NEG:01059	0.005351
all_taxa	PLM-Interact	Negatome	NEG:01063	0.000236
all_taxa	PLM-Interact	Negatome	NEG:01064	6.1e-05
all_taxa	PLM-Interact	Negatome	NEG:01065	0.00036
all_taxa	PLM-Interact	Negatome	NEG:01066	0.004697
all_taxa	PLM-Interact	Negatome	NEG:01085	0.999672
all_taxa	PLM-Interact	Negatome	NEG:01099	0.950367
all_taxa	PLM-Interact	Negatome	NEG:01117	0.000777
all_taxa	PLM-Interact	Negatome	NEG:01118	0.970594
all_taxa	PLM-Interact	Negatome	NEG:01119	0.00026
all_taxa	PLM-Interact	Negatome	NEG:01126	0.999779
all_taxa	PLM-Interact	Negatome	NEG:01128	0.00018
all_taxa	PLM-Interact	Negatome	NEG:01147	0.311468
all_taxa	PLM-Interact	Negatome	NEG:01149	0.956495
all_taxa	PLM-Interact	Negatome	NEG:01150	0.97879
all_taxa	PLM-Interact	Negatome	NEG:01154	0.002754
all_taxa	PLM-Interact	Negatome	NEG:01232	0.000154
all_taxa	PLM-Interact	Negatome	NEG:01245	0.963985
all_taxa	PLM-Interact	Negatome	NEG:01246	0.998338
all_taxa	PLM-Interact	Negatome	NEG:01252	0.052704
all_taxa	PLM-Interact	Negatome	NEG:01255	0.000813
all_taxa	PLM-Interact	Negatome	NEG:01256	0.000594
all_taxa	PLM-Interact	Negatome	NEG:01257	6.6e-05
all_taxa	PLM-Interact	Negatome	NEG:01259	6.2e-05
all_taxa	PLM-Interact	Negatome	NEG:01260	6.7e-05
all_taxa	PLM-Interact	Negatome	NEG:01261	0.000155
all_taxa	PLM-Interact	Negatome	NEG:01262	0.975278
all_taxa	PLM-Interact	Negatome	NEG:01263	9.5e-05
all_taxa	PLM-Interact	Negatome	NEG:01264	0.003373
all_taxa	PLM-Interact	Negatome	NEG:01265	9.4e-05
all_taxa	PLM-Interact	Negatome	NEG:01268	7.3e-05
all_taxa	PLM-Interact	Negatome	NEG:01269	8.9e-05
all_taxa	PLM-Interact	Negatome	NEG:01270	6.3e-05
all_taxa	PLM-Interact	Negatome	NEG:01271	0.000168
all_taxa	PLM-Interact	Negatome	NEG:01272	0.00047
all_taxa	PLM-Interact	Negatome	NEG:01293	0.000129
all_taxa	PLM-Interact	Negatome	NEG:01302	0.075789
all_taxa	PLM-Interact	Negatome	NEG:01347	0.998828
all_taxa	PLM-Interact	Negatome	NEG:01375	8.1e-05
all_taxa	PLM-Interact	Negatome	NEG:01376	6e-05
all_taxa	PLM-Interact	Negatome	NEG:01377	0.000123
all_taxa	PLM-Interact	Negatome	NEG:01378	5.3e-05
all_taxa	PLM-Interact	Negatome	NEG:01379	0.002524
all_taxa	PLM-Interact	Negatome	NEG:01380	0.000438
all_taxa	PLM-Interact	Negatome	NEG:01381	0.000268
all_taxa	PLM-Interact	Negatome	NEG:01382	6.5e-05
all_taxa	PLM-Interact	Negatome	NEG:01383	0.000101
all_taxa	PLM-Interact	Negatome	NEG:01384	0.000116
all_taxa	PLM-Interact	Negatome	NEG:01385	0.000127
all_taxa	PLM-Interact	Negatome	NEG:01472	0.99893
all_taxa	PLM-Interact	Negatome	NEG:01489	0.989327
all_taxa	PLM-Interact	Negatome	NEG:01490	0.473652
all_taxa	PLM-Interact	Negatome	NEG:01491	0.00293
all_taxa	PLM-Interact	Negatome	NEG:01492	0.000667
all_taxa	PLM-Interact	Negatome	NEG:01493	0.003018
all_taxa	PLM-Interact	Negatome	NEG:01494	0.880066
all_taxa	PLM-Interact	Negatome	NEG:01495	0.003822
all_taxa	PLM-Interact	Negatome	NEG:01496	0.005339
all_taxa	PLM-Interact	Negatome	NEG:01497	0.000944
all_taxa	PLM-Interact	Negatome	NEG:01498	0.886498
all_taxa	PLM-Interact	Negatome	NEG:01517	0.011828
all_taxa	PLM-Interact	Negatome	NEG:01518	0.09657
all_taxa	PLM-Interact	Negatome	NEG:01536	0.000108
all_taxa	PLM-Interact	Negatome	NEG:01537	0.939423
all_taxa	PLM-Interact	Negatome	NEG:01554	5.4e-05
all_taxa	PLM-Interact	Negatome	NEG:01555	5.8e-05
all_taxa	PLM-Interact	Negatome	NEG:01556	5.4e-05
all_taxa	PLM-Interact	Negatome	NEG:01557	7.7e-05
all_taxa	PLM-Interact	Negatome	NEG:01558	0.004002
all_taxa	PLM-Interact	Negatome	NEG:01559	5.3e-05
all_taxa	PLM-Interact	Negatome	NEG:01560	0.018707
all_taxa	PLM-Interact	Negatome	NEG:01561	7.8e-05
all_taxa	PLM-Interact	Negatome	NEG:01564	5e-05
all_taxa	PLM-Interact	Negatome	NEG:01565	0.000134
all_taxa	PLM-Interact	Negatome	NEG:01566	5.5e-05
all_taxa	PLM-Interact	Negatome	NEG:01567	0.000201
all_taxa	PLM-Interact	Negatome	NEG:01637	6e-05
all_taxa	PLM-Interact	Negatome	NEG:01638	6.4e-05
all_taxa	PLM-Interact	Negatome	NEG:01639	0.000118
all_taxa	PLM-Interact	Negatome	NEG:01640	7.7e-05
all_taxa	PLM-Interact	Negatome	NEG:01641	0.000179
all_taxa	PLM-Interact	Negatome	NEG:01645	0.039767
all_taxa	PLM-Interact	Negatome	NEG:01647	7.4e-05
all_taxa	PLM-Interact	Negatome	NEG:01648	9.2e-05
all_taxa	PLM-Interact	Negatome	NEG:01661	7.1e-05
all_taxa	PLM-Interact	Negatome	NEG:01662	5.8e-05
all_taxa	PLM-Interact	Negatome	NEG:01663	6.7e-05
all_taxa	PLM-Interact	Negatome	NEG:01667	6e-05
all_taxa	PLM-Interact	Negatome	NEG:01668	0.000181
all_taxa	PLM-Interact	Negatome	NEG:01669	6.6e-05
all_taxa	PLM-Interact	Negatome	NEG:01701	5.2e-05
all_taxa	PLM-Interact	Negatome	NEG:01702	5.2e-05
all_taxa	PLM-Interact	Negatome	NEG:01703	0.000256
all_taxa	PLM-Interact	Negatome	NEG:01704	7.3e-05
all_taxa	PLM-Interact	Negatome	NEG:01705	0.000149
all_taxa	PLM-Interact	Negatome	NEG:01708	5.8e-05
all_taxa	PLM-Interact	Negatome	NEG:01709	6.3e-05
all_taxa	PLM-Interact	Negatome	NEG:01710	8.8e-05
all_taxa	PLM-Interact	Negatome	NEG:01711	0.000569
all_taxa	PLM-Interact	Negatome	NEG:01712	0.001931
all_taxa	PLM-Interact	Negatome	NEG:01713	0.000229
all_taxa	PLM-Interact	Negatome	NEG:01714	0.000675
all_taxa	PLM-Interact	Negatome	NEG:01715	7.5e-05
all_taxa	PLM-Interact	Negatome	NEG:01718	6.5e-05
all_taxa	PLM-Interact	Negatome	NEG:01719	7.6e-05
all_taxa	PLM-Interact	Negatome	NEG:01720	6.1e-05
all_taxa	PLM-Interact	Negatome	NEG:01721	0.003689
all_taxa	PLM-Interact	Negatome	NEG:01722	0.00011
all_taxa	PLM-Interact	Negatome	NEG:01744	0.000372
all_taxa	PLM-Interact	Negatome	NEG:01745	0.006917
all_taxa	PLM-Interact	Negatome	NEG:01746	0.014567
all_taxa	PLM-Interact	Negatome	NEG:01747	0.987045
all_taxa	PLM-Interact	Negatome	NEG:01748	0.00759
all_taxa	PLM-Interact	Negatome	NEG:01749	5e-05
all_taxa	PLM-Interact	Negatome	NEG:01750	0.001668
all_taxa	PLM-Interact	Negatome	NEG:01751	0.003579
all_taxa	PLM-Interact	Negatome	NEG:01752	0.119616
all_taxa	PLM-Interact	Negatome	NEG:01754	0.000391
all_taxa	PLM-Interact	Negatome	NEG:01755	0.01121
all_taxa	PLM-Interact	Negatome	NEG:01758	6.7e-05
all_taxa	PLM-Interact	Negatome	NEG:01759	0.000572
all_taxa	PLM-Interact	Negatome	NEG:01760	0.30914
all_taxa	PLM-Interact	Negatome	NEG:01761	0.003775
all_taxa	PLM-Interact	Negatome	NEG:01766	0.001075
all_taxa	PLM-Interact	Negatome	NEG:01767	0.000105
all_taxa	PLM-Interact	Negatome	NEG:01768	0.000102
all_taxa	PLM-Interact	Negatome	NEG:01769	8.4e-05
all_taxa	PLM-Interact	Negatome	NEG:01770	0.000166
all_taxa	PLM-Interact	Negatome	NEG:01771	6.4e-05
all_taxa	PLM-Interact	Negatome	NEG:01772	0.000711
all_taxa	PLM-Interact	Negatome	NEG:01807	0.000125
all_taxa	PLM-Interact	Negatome	NEG:01808	0.000617
all_taxa	PLM-Interact	Negatome	NEG:01813	6.4e-05
all_taxa	PLM-Interact	Negatome	NEG:01816	7.2e-05
all_taxa	PLM-Interact	Negatome	NEG:01828	6.6e-05
all_taxa	PLM-Interact	Negatome	NEG:01829	9.5e-05
all_taxa	PLM-Interact	Negatome	NEG:01833	0.000237
all_taxa	PLM-Interact	Negatome	NEG:01841	0.000108
all_taxa	PLM-Interact	Negatome	NEG:01843	9.2e-05
all_taxa	PLM-Interact	ProtNeg	PAIR2:GENE:14168|GENE:18035	0.000168
all_taxa	PLM-Interact	ProtNeg	PAIR2:GENE:140858|GENE:15182	0.999581
all_taxa	PLM-Interact	ProtNeg	PAIR2:GENE:140858|GENE:433759	0.999641
all_taxa	PLM-Interact	ProtNeg	PAIR2:GENE:5290|GENE:6016	0.016756
all_taxa	PLM-Interact	ProtNeg	PAIR2:GENE:4547|GENE:5327	0.045289
all_taxa	PLM-Interact	ProtNeg	PAIR2:GENE:682|GENE:7031	7.7e-05
all_taxa	PLM-Interact	ProtNeg	PAIR2:GENE:143384|GENE:79047	7.2e-05
all_taxa	PLM-Interact	ProtNeg	PAIR2:GENE:269275|GENE:4838	0.274022
all_taxa	PLM-Interact	ProtNeg	PAIR2:GENE:2260|GENE:5228	0.768964
all_taxa	PLM-Interact	ProtNeg	PAIR2:GENE:4035|GENE:5055	0.000797
all_taxa	PLM-Interact	ProtNeg	PAIR2:GENE:4137|GENE:9053	0.001563
all_taxa	PLM-Interact	ProtNeg	PAIR2:GENE:3836|GENE:79991	0.00768
all_taxa	PLM-Interact	ProtNeg	PAIR2:GENE:7010|GENE:7422	0.009547
all_taxa	PLM-Interact	ProtNeg	PAIR2:GENE:100134934|GENE:3836	0.00018
all_taxa	PLM-Interact	ProtNeg	PAIR2:GENE:50489|GENE:920	0.011475
all_taxa	PLM-Interact	ProtNeg	PAIR2:GENE:2697|GENE:4313	0.000166
all_taxa	PLM-Interact	ProtNeg	PAIR2:GENE:30835|GENE:920	0.61986
all_taxa	PLM-Interact	ProtNeg	PAIR2:GENE:2017|GENE:5777	0.998906
all_taxa	PLM-Interact	ProtNeg	PAIR2:GENE:1628|GENE:7057	6.8e-05
all_taxa	PLM-Interact	ProtNeg	PAIR2:GENE:3487|GENE:652	0.000198
all_taxa	PLM-Interact	ProtNeg	PAIR2:GENE:15139|GENE:1628	5.4e-05
all_taxa	PLM-Interact	ProtNeg	PAIR2:GENE:43847|GENE:643394	0.029219
all_taxa	PLM-Interact	ProtNeg	PAIR2:GENE:11668|GENE:12569	5.1e-05
all_taxa	PLM-Interact	ProtNeg	PAIR2:GENE:1670|GENE:3106	0.016229
all_taxa	PLM-Interact	ProtNeg	PAIR2:GENE:3077|GENE:7036	0.000668
all_taxa	PLM-Interact	ProtNeg	PAIR2:GENE:18566|GENE:26040	5.1e-05
all_taxa	PLM-Interact	ProtNeg	PAIR2:GENE:389|GENE:56924	0.111728
all_taxa	PLM-Interact	ProtNeg	PAIR2:GENE:2597|GENE:4155	0.000188
all_taxa	PLM-Interact	ProtNeg	PAIR2:GENE:1017|GENE:47	0.002031
all_taxa	PLM-Interact	ProtNeg	PAIR2:GENE:55070|GENE:7323	0.015469
all_taxa	PLM-Interact	ProtNeg	PAIR2:GENE:5347|GENE:8467	0.223078
all_taxa	PLM-Interact	ProtNeg	PAIR2:GENE:34688|GENE:5740472	0.010455
all_taxa	PLM-Interact	ProtNeg	PAIR2:GENE:32115|GENE:37277	0.008145
all_taxa	PLM-Interact	ProtNeg	PAIR2:GENE:2896|GENE:558	8.1e-05
all_taxa	PLM-Interact	ProtNeg	PAIR2:GENE:10461|GENE:2896	0.000163
all_taxa	PLM-Interact	ProtNeg	PAIR2:GENE:105148|GENE:434246	0.000206
all_taxa	PLM-Interact	ProtNeg	PAIR2:GENE:6119|GENE:79661	0.999767
all_taxa	PLM-Interact	ProtNeg	PAIR2:GENE:6118|GENE:79661	0.999753
all_taxa	PLM-Interact	ProtNeg	PAIR2:GENE:3075|GENE:721	0.994297
all_taxa	PLM-Interact	ProtNeg	PAIR2:GENE:3726|GENE:90416	0.000111
all_taxa	PLM-Interact	ProtNeg	PAIR2:GENE:12475|GENE:6898	9.6e-05
all_taxa	PLM-Interact	ProtNeg	PAIR2:GENE:33319|GENE:40444	0.996266
all_taxa	PLM-Interact	ProtNeg	PAIR2:GENE:39536|GENE:40444	0.074211
all_taxa	PLM-Interact	ProtNeg	PAIR2:GENE:40444|GENE:41848	0.004918
all_taxa	PLM-Interact	ProtNeg	PAIR2:GENE:20617|GENE:55869	0.00748
all_taxa	PLM-Interact	ProtNeg	PAIR2:GENE:20617|GENE:5339	8.4e-05
all_taxa	PLM-Interact	ProtNeg	PAIR2:GENE:23410|GENE:3091	0.000711
all_taxa	PLM-Interact	ProtNeg	PAIR2:GENE:20194|GENE:69745	0.000289
all_taxa	PLM-Interact	ProtNeg	PAIR2:GENE:15511|GENE:8991	0.26388
all_taxa	PLM-Interact	ProtNeg	PAIR2:GENE:801|GENE:8795	0.999853
all_taxa	PLM-Interact	ProtNeg	PAIR2:GENE:21898|GENE:56048	0.586406
all_taxa	PLM-Interact	ProtNeg	PAIR2:GENE:10840|GENE:635	0.000191
all_taxa	PLM-Interact	ProtNeg	PAIR2:GENE:36810|GENE:40444	0.927634
all_taxa	PLM-Interact	ProtNeg	PAIR2:GENE:25149|GENE:5506	0.000112
all_taxa	PLM-Interact	ProtNeg	PAIR2:GENE:12476|GENE:26437	0.04032
all_taxa	PLM-Interact	ProtNeg	PAIR2:GENE:20604|GENE:74026	0.000102
all_taxa	PLM-Interact	ProtNeg	PAIR2:GENE:12508|GENE:26437	0.000918
all_taxa	PLM-Interact	ProtNeg	PAIR2:GENE:12521|GENE:26437	0.284363
all_taxa	PLM-Interact	ProtNeg	PAIR2:GENE:16149|GENE:16409	0.00098
all_taxa	PLM-Interact	ProtNeg	PAIR2:GENE:16183|GENE:16187	0.000761
all_taxa	PLM-Interact	ProtNeg	PAIR2:GENE:12520|GENE:26437	0.060295
all_taxa	PLM-Interact	ProtNeg	PAIR2:GENE:24890|GENE:5506	0.001109
all_taxa	PLM-Interact	ProtNeg	PAIR2:GENE:12000|GENE:552	0.99967
all_taxa	PLM-Interact	ProtNeg	PAIR2:GENE:3486|GENE:801	0.040016
all_taxa	PLM-Interact	ProtNeg	PAIR2:GENE:20604|GENE:77853	6.2e-05
all_taxa	PLM-Interact	ProtNeg	PAIR2:GENE:37781|GENE:5936	0.997836
all_taxa	PLM-Interact	ProtNeg	PAIR2:GENE:335|GENE:5055	0.003982
all_taxa	PLM-Interact	ProtNeg	PAIR2:GENE:10499|GENE:25149	0.147594
all_taxa	PLM-Interact	ProtNeg	PAIR2:GENE:2597|GENE:3552	0.000186
all_taxa	PLM-Interact	ProtNeg	PAIR2:GENE:4018|GENE:6272	0.039474
all_taxa	PLM-Interact	ProtNeg	PAIR2:GENE:31376|GENE:37629	0.019223
all_taxa	PLM-Interact	ProtNeg	PAIR2:GENE:17395|GENE:21857	0.75063
all_taxa	PLM-Interact	ProtNeg	PAIR2:GENE:11127|GENE:7804	9.1e-05
all_taxa	PLM-Interact	ProtNeg	PAIR2:GENE:3688|GENE:9052	0.057622
all_taxa	PLM-Interact	ProtNeg	PAIR2:GENE:164045|GENE:5500	0.545917
all_taxa	PLM-Interact	ProtNeg	PAIR2:GENE:5111|GENE:5291	0.000266
all_taxa	PLM-Interact	ProtNeg	PAIR2:GENE:29128|GENE:8361	0.999921
all_taxa	PLM-Interact	ProtNeg	PAIR2:GENE:10133|GENE:64343	0.713073
all_taxa	PLM-Interact	ProtNeg	PAIR2:GENE:15216|GENE:213	0.27587
all_taxa	PLM-Interact	ProtNeg	PAIR2:GENE:35336|GENE:3612	8e-05
all_taxa	PLM-Interact	ProtNeg	PAIR2:GENE:23534|GENE:6429	0.000145
all_taxa	PLM-Interact	ProtNeg	PAIR2:GENE:2244|GENE:2335	0.997864
all_taxa	PLM-Interact	ProtNeg	PAIR2:GENE:327672|GENE:6295	0.999419
all_taxa	PLM-Interact	ProtNeg	PAIR2:GENE:16470|GENE:55978	0.016205
all_taxa	PLM-Interact	ProtNeg	PAIR2:GENE:16470|GENE:67694	0.011571
all_taxa	PLM-Interact	ProtNeg	PAIR2:GENE:10133|GENE:9755	0.002059
all_taxa	PLM-Interact	ProtNeg	PAIR2:GENE:27071|GENE:5062	0.000383
all_taxa	PLM-Interact	ProtNeg	PAIR2:GENE:29128|GENE:8337	0.997847
all_taxa	PLM-Interact	ProtNeg	PAIR2:GENE:4155|GENE:5830	0.000749
all_taxa	PLM-Interact	ProtNeg	PAIR2:GENE:13650|GENE:3868	0.004863
all_taxa	PLM-Interact	ProtNeg	PAIR2:GENE:17913|GENE:22295	0.000145
all_taxa	PLM-Interact	ProtNeg	PAIR2:GENE:1230|GENE:6348	0.886773
all_taxa	PLM-Interact	ProtNeg	PAIR2:GENE:19876|GENE:20350	0.002303
all_taxa	PLM-Interact	ProtNeg	PAIR2:GENE:19876|GENE:20346	0.000898
all_taxa	PLM-Interact	ProtNeg	PAIR2:GENE:24829|GENE:79223	6.5e-05
all_taxa	PLM-Interact	ProtNeg	PAIR2:GENE:2205|GENE:58205	0.990535
all_taxa	PLM-Interact	ProtNeg	PAIR2:GENE:7057|GENE:7450	0.951071
all_taxa	PLM-Interact	ProtNeg	PAIR2:GENE:3726|GENE:4942	6.6e-05
all_taxa	PLM-Interact	ProtNeg	PAIR2:GENE:10226|GENE:56382	0.997441
all_taxa	PLM-Interact	ProtNeg	PAIR2:GENE:558|GENE:5627	0.001397
all_taxa	PLM-Interact	ProtNeg	PAIR2:GENE:27255|GENE:351	0.049446
all_taxa	PLM-Interact	ProtNeg	PAIR2:GENE:2167|GENE:4000	0.003636
all_taxa	PLM-Interact	ProtNeg	PAIR2:GENE:829012|GENE:840158	0.001279
all_taxa	PLM-Interact	ProtNeg	PAIR2:GENE:3964|GENE:6520	0.993678
all_taxa	PLM-Interact	Structural	AC:000001	0.999832
all_taxa	PLM-Interact	Structural	AC:000003	0.999868
all_taxa	PLM-Interact	Structural	AC:000004	0.999834
all_taxa	PLM-Interact	Structural	AC:000005	0.011057
all_taxa	PLM-Interact	Structural	AC:000007	0.999108
all_taxa	PLM-Interact	Structural	AC:000008	0.036595
all_taxa	PLM-Interact	Structural	AC:000009	0.000131
all_taxa	PLM-Interact	Structural	AC:000010	0.875311
all_taxa	PLM-Interact	Structural	AC:000011	0.798163
all_taxa	PLM-Interact	Structural	AC:000012	0.999917
all_taxa	PLM-Interact	Structural	AC:000013	0.999854
all_taxa	PLM-Interact	Structural	AC:000014	0.999745
all_taxa	PLM-Interact	Structural	AC:000015	0.015376
all_taxa	PLM-Interact	Structural	AC:000017	0.007399
all_taxa	PLM-Interact	Structural	AC:000018	0.999943
all_taxa	PLM-Interact	Structural	AC:000020	0.043247
all_taxa	PLM-Interact	Structural	AC:000023	0.999689
all_taxa	PLM-Interact	Structural	AC:000024	0.999758
all_taxa	PLM-Interact	Structural	AC:000025	0.998474
all_taxa	PLM-Interact	Structural	AC:000026	0.001442
all_taxa	PLM-Interact	Structural	AC:000027	0.30962
all_taxa	PLM-Interact	Structural	AC:000028	0.005911
all_taxa	PLM-Interact	Structural	AC:000030	0.999927
all_taxa	PLM-Interact	Structural	AC:000031	0.999388
all_taxa	PLM-Interact	Structural	AC:000032	0.999933
all_taxa	PLM-Interact	Structural	AC:000034	0.999938
all_taxa	PLM-Interact	Structural	AC:000035	0.99907
all_taxa	PLM-Interact	Structural	AC:000036	0.999818
all_taxa	PLM-Interact	Structural	AC:000037	0.014606
all_taxa	PLM-Interact	Structural	AC:000039	0.013628
all_taxa	PLM-Interact	Structural	AC:000040	0.001721
all_taxa	PLM-Interact	Structural	AC:000041	0.999761
all_taxa	PLM-Interact	Structural	AC:000042	0.000706
all_taxa	PLM-Interact	Structural	AC:000043	0.999823
all_taxa	PLM-Interact	Structural	AC:000044	0.889198
all_taxa	PLM-Interact	Structural	AC:000045	0.999934
all_taxa	PLM-Interact	Structural	AC:000046	0.999436
all_taxa	PLM-Interact	Structural	AC:000047	0.999926
all_taxa	PLM-Interact	Structural	AC:000048	0.999908
all_taxa	PLM-Interact	Structural	AC:000049	0.999637
all_taxa	PLM-Interact	Structural	AC:000050	0.999801
all_taxa	PLM-Interact	Structural	AC:000051	0.99954
all_taxa	PLM-Interact	Structural	AC:000052	0.9988
all_taxa	PLM-Interact	Structural	AC:000053	0.999728
all_taxa	PLM-Interact	Structural	AC:000055	0.999283
all_taxa	PLM-Interact	Structural	AC:000056	0.996724
all_taxa	PLM-Interact	Structural	AC:000059	0.000646
all_taxa	PLM-Interact	Structural	AC:000060	0.011782
all_taxa	PLM-Interact	Structural	AC:000061	0.003683
all_taxa	PLM-Interact	Structural	AC:000062	0.998362
all_taxa	PLM-Interact	Structural	AC:000063	0.997464
all_taxa	PLM-Interact	Structural	AC:000065	0.999918
all_taxa	PLM-Interact	Structural	AC:000066	0.999935
all_taxa	PLM-Interact	Structural	AC:000067	0.000536
all_taxa	PLM-Interact	Structural	AC:000068	0.999937
all_taxa	PLM-Interact	Structural	AC:000069	0.017114
all_taxa	PLM-Interact	Structural	AC:000071	0.999802
all_taxa	PLM-Interact	Structural	AC:000072	0.997002
all_taxa	PLM-Interact	Structural	AC:000073	0.979387
all_taxa	PLM-Interact	Structural	AC:000074	0.999611
all_taxa	PLM-Interact	Structural	AC:000075	0.948299
all_taxa	PLM-Interact	Structural	AC:000076	0.733644
all_taxa	PLM-Interact	Structural	AC:000077	0.015314
all_taxa	PLM-Interact	Structural	AC:000078	0.999942
all_taxa	PLM-Interact	Structural	AC:000079	0.999905
all_taxa	PLM-Interact	Structural	AC:000082	0.000375
all_taxa	PLM-Interact	Structural	AC:000083	0.997992
all_taxa	PLM-Interact	Structural	AC:000084	0.000126
all_taxa	PLM-Interact	Structural	AC:000085	0.008311
all_taxa	PLM-Interact	Structural	AC:000088	0.999642
all_taxa	PLM-Interact	Structural	AC:000089	0.994938
all_taxa	PLM-Interact	Structural	AC:000090	0.999785
all_taxa	PLM-Interact	Structural	AC:000092	0.999913
all_taxa	PLM-Interact	Structural	AC:000093	0.99302
all_taxa	PLM-Interact	Structural	AC:000096	0.003988
all_taxa	PLM-Interact	Structural	AC:000097	0.00046
all_taxa	PLM-Interact	Structural	AC:000098	0.235185
all_taxa	PLM-Interact	Structural	AC:000099	0.999858
all_taxa	PLM-Interact	Structural	AC:000100	0.999263
all_taxa	PLM-Interact	Structural	AC:000101	0.999668
all_taxa	PLM-Interact	Structural	AC:000102	0.99042
all_taxa	PLM-Interact	Structural	AC:000103	0.999622
all_taxa	PLM-Interact	Structural	AC:000104	0.999947
all_taxa	PLM-Interact	Structural	AC:000106	0.999944
all_taxa	PLM-Interact	Structural	AC:000107	0.999889
all_taxa	PLM-Interact	Structural	AC:000108	0.999838
all_taxa	PLM-Interact	Structural	AC:000109	0.002933
all_taxa	PLM-Interact	Structural	AC:000110	0.012734
all_taxa	PLM-Interact	Structural	AC:000111	0.001613
all_taxa	PLM-Interact	Structural	AC:000114	0.998194
all_taxa	PLM-Interact	Structural	AC:000116	0.999703
all_taxa	PLM-Interact	Structural	AC:000117	0.015678
all_taxa	PLM-Interact	Structural	AC:000118	0.994053
all_taxa	PLM-Interact	Structural	AC:000119	0.000538
all_taxa	PLM-Interact	Structural	AC:000120	0.05377
all_taxa	PLM-Interact	Structural	AC:000121	0.999705
all_taxa	PLM-Interact	Structural	AC:000122	0.061902
all_taxa	PLM-Interact	Structural	AC:000125	5.5e-05
all_taxa	PLM-Interact	Structural	AC:000126	0.999926
all_taxa	PLM-Interact	Structural	AC:000127	0.999904
all_taxa	PLM-Interact	Structural	AC:000128	0.999692
all_taxa	PLM-Interact	Structural	AC:000130	0.999889
all_taxa	PLM-Interact	Structural	AC:000131	0.00016
all_taxa	PLM-Interact	Structural	AC:000132	0.999923
all_taxa	PLM-Interact	Structural	AC:000133	0.992481
all_taxa	PLM-Interact	Structural	AC:000134	0.99994
all_taxa	PLM-Interact	Structural	AC:000136	7e-05
all_taxa	PLM-Interact	Structural	AC:000137	0.014965
all_taxa	PLM-Interact	Structural	AC:000138	0.00839
all_taxa	PLM-Interact	Structural	AC:000139	0.501037
all_taxa	PLM-Interact	Structural	AC:000140	0.075006
all_taxa	PLM-Interact	Structural	AC:000141	0.983979
all_taxa	PLM-Interact	Structural	AC:000142	0.999767
all_taxa	PLM-Interact	Structural	AC:000143	0.995168
all_taxa	PLM-Interact	Structural	AC:000144	0.997835
all_taxa	PLM-Interact	Structural	AC:000145	0.796004
all_taxa	PLM-Interact	Structural	AC:000146	0.99988
all_taxa	PLM-Interact	Structural	AC:000147	0.000775
all_taxa	PLM-Interact	Structural	AC:000149	0.999871
all_taxa	PLM-Interact	Structural	AC:000150	0.000251
all_taxa	PLM-Interact	Structural	AC:000151	0.999666
all_taxa	PLM-Interact	Structural	AC:000152	0.011037
all_taxa	PLM-Interact	Structural	AC:000153	0.999918
all_taxa	PLM-Interact	Structural	AC:000155	0.966151
all_taxa	PLM-Interact	Structural	AC:000156	0.999918
all_taxa	PLM-Interact	Structural	AC:000157	0.999222
all_taxa	PLM-Interact	Structural	AC:000158	0.999732
all_taxa	PLM-Interact	Structural	AC:000159	0.99993
all_taxa	PLM-Interact	Structural	AC:000160	0.016984
all_taxa	PLM-Interact	Structural	AC:000161	0.999792
all_taxa	PLM-Interact	Structural	AC:000162	0.999867
all_taxa	PLM-Interact	Structural	AC:000163	0.999436
all_taxa	PLM-Interact	Structural	AC:000165	0.998873
all_taxa	PLM-Interact	Structural	AC:000166	0.993164
all_taxa	PLM-Interact	Structural	AC:000168	0.999788
all_taxa	PLM-Interact	Structural	AC:000169	0.99924
all_taxa	PLM-Interact	Structural	AC:000170	0.999942
all_taxa	PLM-Interact	Structural	AC:000171	0.999592
all_taxa	PLM-Interact	Structural	AC:000172	0.004395
all_taxa	PLM-Interact	Structural	AC:000173	0.000675
all_taxa	PLM-Interact	Structural	AC:000174	0.999926
all_taxa	PLM-Interact	Structural	AC:000175	0.997181
all_taxa	PLM-Interact	Structural	AC:000176	0.999917
all_taxa	PLM-Interact	Structural	AC:000177	0.999842
all_taxa	PLM-Interact	Structural	AC:000178	0.99982
all_taxa	PLM-Interact	Structural	AC:000179	0.999916
all_taxa	PLM-Interact	Structural	AC:000180	0.001145
all_taxa	PLM-Interact	Structural	AC:000181	0.000759
all_taxa	PLM-Interact	Structural	AC:000182	0.999821
all_taxa	PLM-Interact	Structural	AC:000183	0.152967
all_taxa	PLM-Interact	Structural	AC:000185	0.997769
all_taxa	PLM-Interact	Structural	AC:000189	0.000453
all_taxa	PLM-Interact	Structural	AC:000190	0.999896
all_taxa	PLM-Interact	Structural	AC:000192	0.997815
all_taxa	PLM-Interact	Structural	AC:000193	0.998136
all_taxa	PLM-Interact	Structural	AC:000195	0.999936
all_taxa	PLM-Interact	Structural	AC:000196	0.000928
all_taxa	PLM-Interact	Structural	AC:000197	0.013263
all_taxa	PLM-Interact	Structural	AC:000198	0.998296
all_taxa	PLM-Interact	Structural	AC:000199	0.013842
all_taxa	PLM-Interact	Structural	AC:000201	0.999754
all_taxa	PLM-Interact	Structural	AC:000203	0.996323
all_taxa	PLM-Interact	Structural	AC:000204	0.999311
all_taxa	PLM-Interact	Structural	AC:000205	0.054383
all_taxa	PLM-Interact	Structural	AC:000206	0.998244
all_taxa	PLM-Interact	Structural	AC:000207	0.114531
all_taxa	PLM-Interact	Structural	AC:000209	0.99973
all_taxa	PLM-Interact	Structural	AC:000210	0.002814
all_taxa	PLM-Interact	Structural	AC:000211	0.010953
all_taxa	PLM-Interact	Structural	AC:000212	0.999834
all_taxa	PLM-Interact	Structural	AC:000213	0.048011
all_taxa	PLM-Interact	Structural	AC:000215	0.0101
all_taxa	PLM-Interact	Structural	AC:000216	0.996357
all_taxa	PLM-Interact	Structural	AC:000217	0.996645
all_taxa	PLM-Interact	Structural	AC:000218	0.926301
all_taxa	PLM-Interact	Structural	AC:000219	0.00308
all_taxa	PLM-Interact	Structural	AC:000220	0.002525
all_taxa	PLM-Interact	Structural	AC:000221	0.999908
all_taxa	PLM-Interact	Structural	AC:000222	0.999932
all_taxa	PLM-Interact	Structural	AC:000223	0.999429
all_taxa	PLM-Interact	Structural	AC:000224	0.999936
all_taxa	PLM-Interact	Structural	AC:000225	0.999849
all_taxa	PLM-Interact	Structural	AC:000226	0.027895
all_taxa	PLM-Interact	Structural	AC:000227	0.999952
all_taxa	PLM-Interact	Structural	AC:000229	0.994476
all_taxa	PLM-Interact	Structural	AC:000231	0.999932
all_taxa	PLM-Interact	Structural	AC:000232	0.999889
all_taxa	PLM-Interact	Structural	AC:000233	0.973665
all_taxa	PLM-Interact	Structural	AC:000234	0.979292
all_taxa	PLM-Interact	Structural	AC:000235	0.999893
all_taxa	PLM-Interact	Structural	AC:000236	0.000633
all_taxa	PLM-Interact	Structural	AC:000237	0.020824
all_taxa	PLM-Interact	Structural	AC:000239	0.000922
all_taxa	PLM-Interact	Structural	AC:000240	0.999213
all_taxa	PLM-Interact	Structural	AC:000241	6.6e-05
all_taxa	PLM-Interact	Structural	AC:000242	0.983427
all_taxa	PLM-Interact	Structural	AC:000243	0.999818
all_taxa	PLM-Interact	Structural	AC:000244	0.999932
all_taxa	PLM-Interact	Structural	AC:000245	0.999938
all_taxa	PLM-Interact	Structural	AC:000246	0.999838
all_taxa	PLM-Interact	Structural	AC:000247	0.996597
all_taxa	PLM-Interact	Structural	AC:000248	0.158365
all_taxa	PLM-Interact	Structural	AC:000249	0.000638
all_taxa	PLM-Interact	Structural	AC:000250	5.3e-05
all_taxa	PLM-Interact	Structural	AC:000252	0.80679
all_taxa	PLM-Interact	Structural	AC:000254	0.000505
all_taxa	PLM-Interact	Structural	AC:000255	0.000545
all_taxa	PLM-Interact	Structural	AC:000257	0.003864
all_taxa	PLM-Interact	Structural	AC:000258	0.997606
all_taxa	PLM-Interact	Structural	AC:000260	0.000557
all_taxa	PLM-Interact	Structural	AC:000261	0.005184
all_taxa	PLM-Interact	Structural	AC:000262	0.999878
all_taxa	PLM-Interact	Structural	AC:000263	0.999937
all_taxa	PLM-Interact	Structural	AC:000264	0.000381
all_taxa	PLM-Interact	Structural	AC:000265	0.005656
all_taxa	PLM-Interact	Structural	AC:000266	0.00058
all_taxa	PLM-Interact	Structural	AC:000267	0.983205
all_taxa	PLM-Interact	Structural	AC:000268	0.002362
all_taxa	PLM-Interact	Structural	AC:000269	0.999933
all_taxa	PLM-Interact	Structural	AC:000270	0.000155
all_taxa	PLM-Interact	Structural	AC:000271	0.903751
all_taxa	PLM-Interact	Structural	AC:000273	0.38765
all_taxa	PLM-Interact	Structural	AC:000274	0.999709
all_taxa	PLM-Interact	Structural	AC:000275	0.999902
all_taxa	PLM-Interact	Structural	AC:000276	0.999561
all_taxa	PLM-Interact	Structural	AC:000277	0.998192
all_taxa	PLM-Interact	Structural	AC:000279	0.99993
all_taxa	PLM-Interact	Structural	AC:000282	0.053278
all_taxa	PLM-Interact	Structural	AC:000285	0.141931
all_taxa	PLM-Interact	Structural	AC:000286	0.999144
all_taxa	PLM-Interact	Structural	AC:000287	0.99994
all_taxa	PLM-Interact	Structural	AC:000288	0.999206
all_taxa	PLM-Interact	Structural	AC:000289	0.836748
all_taxa	PLM-Interact	Structural	AC:000291	0.997642
all_taxa	PLM-Interact	Structural	AC:000292	0.229207
all_taxa	PLM-Interact	Structural	AC:000293	0.999292
all_taxa	PLM-Interact	Structural	AC:000294	0.000539
all_taxa	PLM-Interact	Structural	AC:000296	0.812877
all_taxa	PLM-Interact	Structural	AC:000297	0.006817
all_taxa	PLM-Interact	Structural	AC:000298	0.999908
all_taxa	PLM-Interact	Structural	AC:000299	0.999919
all_taxa	PLM-Interact	Structural	AC:000300	0.987333
all_taxa	PLM-Interact	Structural	AC:000302	0.999858
all_taxa	PLM-Interact	Structural	AC:000303	0.583316
all_taxa	PLM-Interact	Structural	AC:000304	0.999805
all_taxa	PLM-Interact	Structural	AC:000305	0.999857
all_taxa	PLM-Interact	Structural	AC:000306	0.99944
all_taxa	PLM-Interact	Structural	AC:000307	0.999832
all_taxa	PLM-Interact	Structural	AC:000308	0.995807
all_taxa	PLM-Interact	Structural	AC:000311	0.496544
all_taxa	PLM-Interact	Structural	AC:000312	0.999921
all_taxa	PLM-Interact	Structural	AC:000313	0.000606
all_taxa	PLM-Interact	Structural	AC:000314	0.012311
all_taxa	PLM-Interact	Structural	AC:000315	0.00247
all_taxa	PLM-Interact	Structural	AC:000317	0.004733
all_taxa	PLM-Interact	Structural	AC:000318	0.001089
all_taxa	PLM-Interact	Structural	AC:000320	0.99966
all_taxa	PLM-Interact	Structural	AC:000321	0.999706
all_taxa	PLM-Interact	Structural	AC:000322	0.389356
all_taxa	PLM-Interact	Structural	AC:000323	0.000289
all_taxa	PLM-Interact	Structural	AC:000325	0.999934
all_taxa	PLM-Interact	Structural	AC:000326	0.000436
all_taxa	PLM-Interact	Structural	AC:000327	0.999652
all_taxa	PLM-Interact	Structural	AC:000328	0.290346
all_taxa	PLM-Interact	Structural	AC:000330	0.998566
all_taxa	PLM-Interact	Structural	AC:000335	0.999947
all_taxa	PLM-Interact	Structural	AC:000336	0.999762
all_taxa	PLM-Interact	Structural	AC:000337	0.999934
all_taxa	PLM-Interact	Structural	AC:000338	0.020317
all_taxa	PLM-Interact	Structural	AC:000339	0.003287
all_taxa	PLM-Interact	Structural	AC:000340	0.99982
all_taxa	PLM-Interact	Structural	AC:000341	0.999059
all_taxa	PLM-Interact	Structural	AC:000342	0.999946
all_taxa	PLM-Interact	Structural	AC:000344	0.000721
all_taxa	PLM-Interact	Structural	AC:000346	0.146805
all_taxa	PLM-Interact	Structural	AC:000347	6.6e-05
all_taxa	PLM-Interact	Structural	AC:000348	0.001249
all_taxa	PLM-Interact	Structural	AC:000349	0.99941
all_taxa	PLM-Interact	Structural	AC:000352	0.999943
all_taxa	PLM-Interact	Structural	AC:000354	0.99897
all_taxa	PLM-Interact	Structural	AC:000355	0.999934
all_taxa	PLM-Interact	Structural	AC:000356	0.999731
all_taxa	PLM-Interact	Structural	AC:000357	0.999915
all_taxa	PLM-Interact	Structural	AC:000360	0.895074
all_taxa	PLM-Interact	Structural	AC:000361	0.999158
all_taxa	PLM-Interact	Structural	AC:000362	0.995966
all_taxa	PLM-Interact	Structural	AC:000363	0.99985
all_taxa	PLM-Interact	Structural	AC:000364	0.997869
all_taxa	PLM-Interact	Structural	AC:000365	5.1e-05
all_taxa	PLM-Interact	Structural	AC:000366	0.999674
all_taxa	PLM-Interact	Structural	AC:000367	0.999746
all_taxa	PLM-Interact	Structural	AC:000368	0.99467
all_taxa	PLM-Interact	Structural	AC:000369	0.999907
all_taxa	PLM-Interact	Structural	AC:000370	0.149619
all_taxa	PLM-Interact	Structural	AC:000371	0.999949
all_taxa	PLM-Interact	Structural	AC:000372	0.031951
all_taxa	PLM-Interact	Structural	AC:000373	0.00774
all_taxa	PLM-Interact	Structural	AC:000374	0.999888
all_taxa	PLM-Interact	Structural	AC:000375	0.997388
all_taxa	PLM-Interact	Structural	AC:000377	0.001457
all_taxa	PLM-Interact	Structural	AC:000378	0.999515
all_taxa	PLM-Interact	Structural	AC:000379	0.999939
all_taxa	PLM-Interact	Structural	AC:000380	0.008944
all_taxa	PLM-Interact	Structural	AC:000381	0.999098
all_taxa	PLM-Interact	Structural	AC:000382	0.999843
all_taxa	PLM-Interact	Structural	AC:000383	0.028038
all_taxa	PLM-Interact	Structural	AC:000386	0.99994
all_taxa	PLM-Interact	Structural	AC:000387	0.980869
all_taxa	PLM-Interact	Structural	AC:000388	0.999251
all_taxa	PLM-Interact	Structural	AC:000390	0.999935
all_taxa	PLM-Interact	Structural	AC:000392	0.139282
all_taxa	PLM-Interact	Structural	AC:000394	0.999932
all_taxa	PLM-Interact	Structural	AC:000395	0.000355
all_taxa	PLM-Interact	Structural	AC:000396	0.91449
all_taxa	PLM-Interact	Structural	AC:000397	0.999361
all_taxa	PLM-Interact	Structural	AC:000398	0.031885
all_taxa	PLM-Interact	Structural	AC:000399	0.000353
all_taxa	PLM-Interact	Structural	AC:000400	0.999755
all_taxa	PLM-Interact	Structural	AC:000401	0.998042
all_taxa	PLM-Interact	Structural	AC:000402	0.994397
all_taxa	PLM-Interact	Structural	AC:000403	0.999453
all_taxa	PLM-Interact	Structural	AC:000404	0.999252
all_taxa	PLM-Interact	Structural	AC:000405	0.999907
all_taxa	PLM-Interact	Structural	AC:000406	0.999942
all_taxa	PLM-Interact	Structural	AC:000408	0.999135
all_taxa	PLM-Interact	Structural	AC:000409	0.999921
all_taxa	PLM-Interact	Structural	AC:000410	0.996488
all_taxa	PLM-Interact	Structural	AC:000411	0.999787
all_taxa	PLM-Interact	Structural	AC:000412	0.997814
all_taxa	PLM-Interact	Structural	AC:000413	0.002137
all_taxa	PLM-Interact	Structural	AC:000414	0.999901
all_taxa	PLM-Interact	Structural	AC:000415	0.999403
all_taxa	PLM-Interact	Structural	AC:000416	0.999937
all_taxa	PLM-Interact	Structural	AC:000418	0.019027
all_taxa	PLM-Interact	Structural	AC:000419	0.984199
all_taxa	PLM-Interact	Structural	AC:000420	0.999305
all_taxa	PLM-Interact	Structural	AC:000422	0.010291
all_taxa	PLM-Interact	Structural	AC:000423	0.999926
all_taxa	PLM-Interact	Structural	AC:000424	0.99986
all_taxa	PLM-Interact	Structural	AC:000425	0.999738
all_taxa	PLM-Interact	Structural	AC:000426	0.995498
all_taxa	PLM-Interact	Structural	AC:000428	0.999649
all_taxa	PLM-Interact	Structural	AC:000430	0.999939
all_taxa	PLM-Interact	Structural	AC:000431	0.080319
all_taxa	PLM-Interact	Structural	AC:000433	0.999211
all_taxa	PLM-Interact	Structural	AC:000434	0.999778
all_taxa	PLM-Interact	Structural	AC:000435	0.765769
all_taxa	PLM-Interact	Structural	AC:000436	0.01118
all_taxa	PLM-Interact	Structural	AC:000437	0.147086
all_taxa	PLM-Interact	Structural	AC:000439	0.006317
all_taxa	PLM-Interact	Structural	AC:000440	0.999478
all_taxa	PLM-Interact	Structural	AC:000442	0.999631
all_taxa	PLM-Interact	Structural	AC:000443	0.996946
all_taxa	PLM-Interact	Structural	AC:000444	0.996645
all_taxa	PLM-Interact	Structural	AC:000445	0.583086
all_taxa	PLM-Interact	Structural	AC:000446	0.000342
all_taxa	PLM-Interact	Structural	AC:000447	0.999946
all_taxa	PLM-Interact	Structural	AC:000449	0.999939
all_taxa	PLM-Interact	Structural	AC:000451	0.999931
all_taxa	PLM-Interact	Structural	AC:000452	0.005919
all_taxa	PLM-Interact	Structural	AC:000454	0.999565
all_taxa	PLM-Interact	Structural	AC:000455	0.998771
all_taxa	PLM-Interact	Structural	AC:000456	0.999714
all_taxa	PLM-Interact	Structural	AC:000457	0.999813
all_taxa	PLM-Interact	Structural	AC:000458	0.018095
all_taxa	PLM-Interact	Structural	AC:000459	0.01799
all_taxa	PLM-Interact	Structural	AC:000460	0.999728
all_taxa	PLM-Interact	Structural	AC:000461	0.997887
all_taxa	PLM-Interact	Structural	AC:000462	9.3e-05
all_taxa	PLM-Interact	Structural	AC:000464	0.005357
all_taxa	PLM-Interact	Structural	AC:000465	0.998252
all_taxa	PLM-Interact	Structural	AC:000466	0.472526
all_taxa	PLM-Interact	Structural	AC:000467	0.999907
all_taxa	PLM-Interact	Structural	AC:000468	0.051274
all_taxa	PLM-Interact	Structural	AC:000469	0.123563
all_taxa	PLM-Interact	Structural	AC:000470	0.999906
all_taxa	PLM-Interact	Structural	AC:000471	0.999887
all_taxa	PLM-Interact	Structural	AC:000472	0.999906
all_taxa	PLM-Interact	Structural	AC:000473	0.025024
all_taxa	PLM-Interact	Structural	AC:000475	0.010236
all_taxa	PLM-Interact	Structural	AC:000477	0.999837
all_taxa	PLM-Interact	Structural	AC:000479	0.712015
all_taxa	PLM-Interact	Structural	AC:000480	0.000242
all_taxa	PLM-Interact	Structural	AC:000481	0.999891
all_taxa	PLM-Interact	Structural	AC:000482	0.999465
all_taxa	PLM-Interact	Structural	AC:000484	0.289652
all_taxa	PLM-Interact	Structural	AC:000485	0.955575
all_taxa	PLM-Interact	Structural	AC:000486	0.000166
all_taxa	PLM-Interact	Structural	AC:000487	0.915044
all_taxa	PLM-Interact	Structural	AC:000489	0.067497
all_taxa	PLM-Interact	Structural	AC:000490	0.996667
all_taxa	PLM-Interact	Structural	AC:000491	0.999656
all_taxa	PLM-Interact	Structural	AC:000492	0.998705
all_taxa	PLM-Interact	Structural	AC:000493	0.999883
all_taxa	PLM-Interact	Structural	AC:000494	0.999861
all_taxa	PLM-Interact	Structural	AC:000495	0.000332
all_taxa	PLM-Interact	Structural	AC:000496	0.982837
all_taxa	PLM-Interact	Structural	AC:000497	0.000106
all_taxa	PLM-Interact	Structural	AC:000498	0.006627
all_taxa	PLM-Interact	Structural	AC:000500	0.999766
all_taxa	PLM-Interact	Structural	AC:000501	0.994856
all_taxa	PLM-Interact	Structural	AC:000503	0.999016
all_taxa	PLM-Interact	Structural	AC:000504	0.007576
all_taxa	PLM-Interact	Structural	AC:000506	6.7e-05
all_taxa	PLM-Interact	Structural	AC:000507	0.001677
all_taxa	PLM-Interact	Structural	AC:000508	0.999923
all_taxa	PLM-Interact	Structural	AC:000509	0.014479
all_taxa	PLM-Interact	Structural	AC:000510	0.999868
all_taxa	PLM-Interact	Structural	AC:000511	0.998453
all_taxa	PLM-Interact	Structural	AC:000512	0.999944
all_taxa	PLM-Interact	Structural	AC:000513	0.000226
all_taxa	PLM-Interact	Structural	AC:000514	0.999871
all_taxa	PLM-Interact	Structural	AC:000515	0.999503
all_taxa	PLM-Interact	Structural	AC:000516	0.047556
all_taxa	PLM-Interact	Structural	AC:000517	0.594523
all_taxa	PLM-Interact	Structural	AC:000518	0.999922
all_taxa	PLM-Interact	Structural	AC:000519	0.54364
all_taxa	PLM-Interact	Structural	AC:000520	0.988369
all_taxa	PLM-Interact	Structural	AC:000522	0.991709
all_taxa	PLM-Interact	Structural	AC:000523	0.999912
all_taxa	PLM-Interact	Structural	AC:000524	0.001489
all_taxa	PLM-Interact	Structural	AC:000525	0.999939
all_taxa	PLM-Interact	Structural	AC:000526	0.001258
all_taxa	PLM-Interact	Structural	AC:000527	0.999867
all_taxa	PLM-Interact	Structural	AC:000528	0.999897
all_taxa	PLM-Interact	Structural	AC:000529	0.284923
all_taxa	PLM-Interact	Structural	AC:000530	0.000115
all_taxa	PLM-Interact	Structural	AC:000531	0.999948
all_taxa	PLM-Interact	Structural	AC:000532	0.647298
all_taxa	PLM-Interact	Structural	AC:000534	0.972936
all_taxa	PLM-Interact	Structural	AC:000536	0.973282
all_taxa	PLM-Interact	Structural	AC:000537	0.000735
all_taxa	PLM-Interact	Structural	AC:000539	8.5e-05
all_taxa	PLM-Interact	Structural	AC:000540	0.005954
all_taxa	PLM-Interact	Structural	AC:000542	0.999944
all_taxa	PLM-Interact	Structural	AC:000544	0.000319
all_taxa	PLM-Interact	Structural	AC:000545	0.350685
all_taxa	PLM-Interact	Structural	AC:000546	0.01691
all_taxa	PLM-Interact	Structural	AC:000548	0.999894
all_taxa	PLM-Interact	Structural	AC:000549	0.902579
all_taxa	PLM-Interact	Structural	AC:000550	0.996165
all_taxa	PLM-Interact	Structural	AC:000552	0.999851
all_taxa	PLM-Interact	Structural	AC:000553	0.999941
all_taxa	PLM-Interact	Structural	AC:000554	0.997612
all_taxa	PLM-Interact	Structural	AC:000555	0.999923
all_taxa	PLM-Interact	Structural	AC:000556	0.005946
all_taxa	PLM-Interact	Structural	AC:000558	0.000231
all_taxa	PLM-Interact	Structural	AC:000559	0.99985
all_taxa	PLM-Interact	Structural	AC:000560	0.950249
all_taxa	PLM-Interact	Structural	AC:000561	0.999823
all_taxa	PLM-Interact	Structural	AC:000562	0.999924
all_taxa	PLM-Interact	Structural	AC:000563	0.999828
all_taxa	PLM-Interact	Structural	AC:000564	0.000471
all_taxa	PLM-Interact	Structural	AC:000566	0.999839
all_taxa	PLM-Interact	Structural	AC:000567	0.999926
all_taxa	PLM-Interact	Structural	AC:000569	0.000409
all_taxa	PLM-Interact	Structural	AC:000570	0.0011
all_taxa	PLM-Interact	Structural	AC:000571	0.903803
all_taxa	PLM-Interact	Structural	AC:000572	0.98831
all_taxa	PLM-Interact	Structural	AC:000573	0.001394
all_taxa	PLM-Interact	Structural	AC:000575	0.935363
all_taxa	PLM-Interact	Structural	AC:000576	0.993881
all_taxa	PLM-Interact	Structural	AC:000577	0.99945
all_taxa	PLM-Interact	Structural	AC:000579	0.99945
all_taxa	PLM-Interact	Structural	AC:000580	0.999908
all_taxa	PLM-Interact	Structural	AC:000581	0.999817
all_taxa	PLM-Interact	Structural	AC:000582	0.000376
all_taxa	PLM-Interact	Structural	AC:000583	0.000678
all_taxa	PLM-Interact	Structural	AC:000584	0.002849
all_taxa	PLM-Interact	Structural	AC:000585	0.01478
all_taxa	PLM-Interact	Structural	AC:000586	0.996625
all_taxa	PLM-Interact	Structural	AC:000587	0.954756
all_taxa	PLM-Interact	Structural	AC:000588	0.944047
all_taxa	PLM-Interact	Structural	AC:000589	0.999258
all_taxa	PLM-Interact	Structural	AC:000590	0.000813
all_taxa	PLM-Interact	Structural	AC:000591	0.021026
all_taxa	PLM-Interact	Structural	AC:000592	0.981637
all_taxa	PLM-Interact	Structural	AC:000593	0.986401
all_taxa	PLM-Interact	Structural	AC:000594	0.997005
all_taxa	PLM-Interact	Structural	AC:000595	0.992219
all_taxa	PLM-Interact	Structural	AC:000596	0.999632
all_taxa	PLM-Interact	Structural	AC:000597	0.999938
all_taxa	PLM-Interact	Structural	AC:000599	0.999922
all_taxa	PLM-Interact	Structural	AC:000600	0.998378
all_taxa	PLM-Interact	Structural	AC:000601	0.99994
all_taxa	PLM-Interact	Structural	AC:000602	0.896411
all_taxa	PLM-Interact	Structural	AC:000603	0.999752
all_taxa	PLM-Interact	Structural	AC:000604	0.995935
all_taxa	PLM-Interact	Structural	AC:000605	0.999472
all_taxa	PLM-Interact	Structural	AC:000606	0.999883
all_taxa	PLM-Interact	Structural	AC:000607	0.998049
all_taxa	PLM-Interact	Structural	AC:000608	0.999837
all_taxa	PLM-Interact	Structural	AC:000609	0.000602
all_taxa	PLM-Interact	Structural	AC:000610	0.994955
all_taxa	PLM-Interact	Structural	AC:000611	0.999456
all_taxa	PLM-Interact	Structural	AC:000612	0.000766
all_taxa	PLM-Interact	Structural	AC:000613	0.998309
all_taxa	PLM-Interact	Structural	AC:000614	0.999936
all_taxa	PLM-Interact	Structural	AC:000615	0.00257
all_taxa	PLM-Interact	Structural	AC:000617	0.999934
all_taxa	PLM-Interact	Structural	AC:000619	0.999942
all_taxa	PLM-Interact	Structural	AC:000620	0.828507
all_taxa	PLM-Interact	Structural	AC:000621	0.999911
all_taxa	PLM-Interact	Structural	AC:000622	0.999235
all_taxa	PLM-Interact	Structural	AC:000623	0.983545
all_taxa	PLM-Interact	Structural	AC:000624	0.998411
all_taxa	PLM-Interact	Structural	AC:000625	0.999927
all_taxa	PLM-Interact	Structural	AC:000626	0.000622
all_taxa	PLM-Interact	Structural	AC:000627	0.999943
all_taxa	PLM-Interact	Structural	AC:000628	0.995667
all_taxa	PLM-Interact	Structural	AC:000629	0.988204
all_taxa	PLM-Interact	Structural	AC:000630	0.000223
all_taxa	PLM-Interact	Structural	AC:000631	0.992778
all_taxa	PLM-Interact	Structural	AC:000632	0.999604
all_taxa	PLM-Interact	Structural	AC:000633	0.994262
all_taxa	PLM-Interact	Structural	AC:000634	0.999715
all_taxa	PLM-Interact	Structural	AC:000635	8e-05
all_taxa	PLM-Interact	Structural	AC:000636	0.999927
all_taxa	PLM-Interact	Structural	AC:000637	0.733585
all_taxa	PLM-Interact	Structural	AC:000639	0.998528
all_taxa	PLM-Interact	Structural	AC:000640	0.999814
all_taxa	PLM-Interact	Structural	AC:000641	0.999905
all_taxa	PLM-Interact	Structural	AC:000642	0.964688
all_taxa	PLM-Interact	Structural	AC:000643	0.999948
all_taxa	PLM-Interact	Structural	AC:000644	0.999786
all_taxa	PLM-Interact	Structural	AC:000645	0.999946
all_taxa	PLM-Interact	Structural	AC:000648	0.575601
all_taxa	PLM-Interact	Structural	AC:000649	0.995908
all_taxa	PLM-Interact	Structural	AC:000650	0.017969
all_taxa	PLM-Interact	Structural	AC:000651	0.996947
all_taxa	PLM-Interact	Structural	AC:000652	0.117008
all_taxa	PLM-Interact	Structural	AC:000653	0.000446
all_taxa	PLM-Interact	Structural	AC:000654	0.999944
all_taxa	PLM-Interact	Structural	AC:000655	0.99987
all_taxa	PLM-Interact	Structural	AC:000656	0.151797
all_taxa	PLM-Interact	Structural	AC:000657	0.999892
all_taxa	PLM-Interact	Structural	AC:000659	0.999914
all_taxa	PLM-Interact	Structural	AC:000660	0.996174
all_taxa	PLM-Interact	Structural	AC:000661	0.999932
all_taxa	PLM-Interact	Structural	AC:000663	0.00239
all_taxa	PLM-Interact	Structural	AC:000664	0.999219
all_taxa	PLM-Interact	Structural	AC:000666	0.220818
all_taxa	PLM-Interact	Structural	AC:000667	0.000241
all_taxa	PLM-Interact	Structural	AC:000669	0.43321
all_taxa	PLM-Interact	Structural	AC:000670	0.0076
all_taxa	PLM-Interact	Structural	AC:000671	0.999722
all_taxa	PLM-Interact	Structural	AC:000672	0.999709
all_taxa	PLM-Interact	Structural	AC:000673	0.009447
all_taxa	PLM-Interact	Structural	AC:000675	0.999722
all_taxa	PLM-Interact	Structural	AC:000676	0.000394
all_taxa	PLM-Interact	Structural	AC:000677	0.926558
all_taxa	PLM-Interact	Structural	AC:000678	0.999792
all_taxa	PLM-Interact	Structural	AC:000680	0.999934
all_taxa	PLM-Interact	Structural	AC:000681	0.999815
all_taxa	PLM-Interact	Structural	AC:000682	0.435534
all_taxa	PLM-Interact	Structural	AC:000683	9.7e-05
all_taxa	PLM-Interact	Structural	AC:000685	0.33863
all_taxa	PLM-Interact	Structural	AC:000686	0.999468
all_taxa	PLM-Interact	Structural	AC:000689	0.998847
all_taxa	PLM-Interact	Structural	AC:000690	0.999833
all_taxa	PLM-Interact	Structural	AC:000691	0.011531
all_taxa	PLM-Interact	Structural	AC:000692	0.006875
all_taxa	PLM-Interact	Structural	AC:000693	0.000325
all_taxa	PLM-Interact	Structural	AC:000694	0.992325
all_taxa	PLM-Interact	Structural	AC:000695	0.18154
all_taxa	PLM-Interact	Structural	AC:000696	0.019393
all_taxa	PLM-Interact	Structural	AC:000697	0.011699
all_taxa	PLM-Interact	Structural	AC:000698	0.767631
all_taxa	PLM-Interact	Structural	AC:000699	0.000313
all_taxa	PLM-Interact	Structural	AC:000700	0.999472
all_taxa	PLM-Interact	Structural	AC:000701	0.785571
all_taxa	PLM-Interact	Structural	AC:000702	0.9992
all_taxa	PLM-Interact	Structural	AC:000703	0.999636
all_taxa	PLM-Interact	Structural	AC:000704	0.000378
all_taxa	PLM-Interact	Structural	AC:000705	0.999179
all_taxa	PLM-Interact	Structural	AC:000706	0.998883
all_taxa	PLM-Interact	Structural	AC:000709	0.006543
all_taxa	PLM-Interact	Structural	AC:000710	0.97763
all_taxa	PLM-Interact	Structural	AC:000713	0.999867
all_taxa	PLM-Interact	Structural	AC:000717	0.999924
all_taxa	PLM-Interact	Structural	AC:000719	0.998704
all_taxa	PLM-Interact	Structural	AC:000720	0.999938
all_taxa	PLM-Interact	Structural	AC:000721	0.820255
all_taxa	PLM-Interact	Structural	AC:000723	0.999549
all_taxa	PLM-Interact	Structural	AC:000724	0.862417
all_taxa	PLM-Interact	Structural	AC:000725	0.999923
all_taxa	PLM-Interact	Structural	AC:000726	0.980323
all_taxa	PLM-Interact	Structural	AC:000727	0.999661
all_taxa	PLM-Interact	Structural	AC:000728	0.999794
all_taxa	PLM-Interact	Structural	AC:000730	0.999936
all_taxa	PLM-Interact	Structural	AC:000731	0.999426
all_taxa	PLM-Interact	Structural	AC:000732	0.999916
all_taxa	PLM-Interact	Structural	AC:000733	0.017063
all_taxa	PLM-Interact	Structural	AC:000734	0.03876
all_taxa	PLM-Interact	Structural	AC:000737	0.009876
all_taxa	PLM-Interact	Structural	AC:000738	0.999888
all_taxa	PLM-Interact	Structural	AC:000739	0.999799
all_taxa	PLM-Interact	Structural	AC:000740	0.346876
all_taxa	PLM-Interact	Structural	AC:000741	0.999915
all_taxa	PLM-Interact	Structural	AC:000742	0.94586
all_taxa	PLM-Interact	Structural	AC:000744	0.000991
all_taxa	PLM-Interact	Structural	AC:000746	0.957023
all_taxa	PLM-Interact	Structural	AC:000747	0.999915
all_taxa	PLM-Interact	Structural	AC:000748	0.998464
all_taxa	PLM-Interact	Structural	AC:000749	0.064861
all_taxa	PLM-Interact	Structural	AC:000750	0.999855
all_taxa	PLM-Interact	Structural	AC:000751	0.008899
all_taxa	PLM-Interact	Structural	AC:000752	0.984601
all_taxa	PLM-Interact	Structural	AC:000753	0.004988
all_taxa	PLM-Interact	Structural	AC:000754	0.002682
all_taxa	PLM-Interact	Structural	AC:000755	0.999936
all_taxa	PLM-Interact	Structural	AC:000756	0.999019
all_taxa	PLM-Interact	Structural	AC:000757	0.999756
all_taxa	PLM-Interact	Structural	AC:000758	0.996396
all_taxa	PLM-Interact	Structural	AC:000759	0.998861
all_taxa	PLM-Interact	Structural	AC:000760	0.999881
all_taxa	PLM-Interact	Structural	AC:000761	0.9997
all_taxa	PLM-Interact	Structural	AC:000762	0.999782
all_taxa	PLM-Interact	Structural	AC:000763	0.999369
all_taxa	PLM-Interact	Structural	AC:000764	0.01732
all_taxa	PLM-Interact	Structural	AC:000765	0.999629
all_taxa	PLM-Interact	Structural	AC:000766	0.92747
all_taxa	PLM-Interact	Structural	AC:000768	0.997704
all_taxa	PLM-Interact	Structural	AC:000769	0.999871
all_taxa	PLM-Interact	Structural	AC:000770	0.982815
all_taxa	PLM-Interact	Structural	AC:000771	0.797718
all_taxa	PLM-Interact	Structural	AC:000772	0.043013
all_taxa	PLM-Interact	Structural	AC:000773	0.999914
all_taxa	PLM-Interact	Structural	AC:000774	0.000475
all_taxa	PLM-Interact	Structural	AC:000776	0.998739
all_taxa	PLM-Interact	Structural	AC:000777	0.999944
all_taxa	PLM-Interact	Structural	AC:000778	0.000101
all_taxa	PLM-Interact	Structural	AC:000779	0.999899
all_taxa	PLM-Interact	Structural	AC:000780	0.988446
all_taxa	PLM-Interact	Structural	AC:000781	0.999912
all_taxa	PLM-Interact	Structural	AC:000782	0.999401
all_taxa	PLM-Interact	Structural	AC:000783	4.9e-05
all_taxa	PLM-Interact	Structural	AC:000784	0.038546
all_taxa	PLM-Interact	Structural	AC:000785	0.001053
all_taxa	PLM-Interact	Structural	AC:000786	0.999897
all_taxa	PLM-Interact	Structural	AC:000787	0.9999
all_taxa	PLM-Interact	Structural	AC:000788	0.999761
all_taxa	PLM-Interact	Structural	AC:000789	0.999905
all_taxa	PLM-Interact	Structural	AC:000790	0.999933
all_taxa	PLM-Interact	Structural	AC:000792	0.999204
all_taxa	PLM-Interact	Structural	AC:000793	0.999939
all_taxa	PLM-Interact	Structural	AC:000794	0.018875
all_taxa	PLM-Interact	Structural	AC:000795	0.999862
all_taxa	PLM-Interact	Structural	AC:000796	0.672167
all_taxa	PLM-Interact	Structural	AC:000797	0.999932
all_taxa	PLM-Interact	Structural	AC:000798	0.999935
all_taxa	PLM-Interact	Structural	AC:000799	0.999805
all_taxa	PLM-Interact	Structural	AC:000800	0.988017
all_taxa	PLM-Interact	Structural	AC:000801	0.999926
all_taxa	PLM-Interact	Structural	AC:000802	0.998995
all_taxa	PLM-Interact	Structural	AC:000803	0.644065
all_taxa	PLM-Interact	Structural	AC:000804	0.00025
all_taxa	PLM-Interact	Structural	AC:000805	0.032373
all_taxa	PLM-Interact	Structural	AC:000806	0.06875
all_taxa	PLM-Interact	Structural	AC:000807	0.999445
all_taxa	PLM-Interact	Structural	AC:000808	0.997187
all_taxa	PLM-Interact	Structural	AC:000809	0.999928
all_taxa	PLM-Interact	Structural	AC:000810	0.285533
all_taxa	PLM-Interact	Structural	AC:000811	0.982403
all_taxa	PLM-Interact	Structural	AC:000812	0.999092
all_taxa	PLM-Interact	Structural	AC:000813	0.999863
all_taxa	PLM-Interact	Structural	AC:000817	0.99721
all_taxa	PLM-Interact	Structural	AC:000818	0.999788
all_taxa	PLM-Interact	Structural	AC:000820	0.999727
all_taxa	PLM-Interact	Structural	AC:000821	0.999436
all_taxa	PLM-Interact	Structural	AC:000822	0.990509
all_taxa	PLM-Interact	Structural	AC:000823	0.999896
all_taxa	PLM-Interact	Structural	AC:000824	0.999849
all_taxa	PLM-Interact	Structural	AC:000825	0.002289
all_taxa	PLM-Interact	Structural	AC:000826	0.992114
all_taxa	PLM-Interact	Structural	AC:000827	0.999856
all_taxa	PLM-Interact	Structural	AC:000829	0.040147
all_taxa	PLM-Interact	Structural	AC:000830	0.999942
all_taxa	PLM-Interact	Structural	AC:000831	0.000163
all_taxa	PLM-Interact	Structural	AC:000832	0.213181
all_taxa	PLM-Interact	Structural	AC:000833	0.00076
all_taxa	PLM-Interact	Structural	AC:000834	0.996625
all_taxa	PLM-Interact	Structural	AC:000835	0.995366
all_taxa	PLM-Interact	Structural	AC:000836	0.989721
all_taxa	PLM-Interact	Structural	AC:000837	0.999819
all_taxa	PLM-Interact	Structural	AC:000838	0.000387
all_taxa	PLM-Interact	Structural	AC:000839	0.119127
all_taxa	PLM-Interact	Structural	AC:000841	0.96422
all_taxa	PLM-Interact	Structural	AC:000842	0.987375
all_taxa	PLM-Interact	Structural	AC:000844	0.999282
all_taxa	PLM-Interact	Structural	AC:000846	0.999788
all_taxa	PLM-Interact	Structural	AC:000847	0.056636
all_taxa	PLM-Interact	Structural	AC:000848	0.999183
all_taxa	PLM-Interact	Structural	AC:000849	0.998476
all_taxa	PLM-Interact	Structural	AC:000850	0.999889
all_taxa	PLM-Interact	Structural	AC:000851	0.993587
all_taxa	PLM-Interact	Structural	AC:000852	0.999904
all_taxa	PLM-Interact	Structural	AC:000853	0.999897
all_taxa	PLM-Interact	Structural	AC:000854	0.999822
all_taxa	PLM-Interact	Structural	AC:000855	0.999817
all_taxa	PLM-Interact	Structural	AC:000856	0.000686
all_taxa	PLM-Interact	Structural	AC:000857	0.999832
all_taxa	PLM-Interact	Structural	AC:000858	0.240029
all_taxa	PLM-Interact	Structural	AC:000859	0.00075
all_taxa	PLM-Interact	Structural	AC:000860	0.036792
all_taxa	PLM-Interact	Structural	AC:000861	0.999149
all_taxa	PLM-Interact	Structural	AC:000862	0.99701
all_taxa	PLM-Interact	Structural	AC:000863	0.525272
all_taxa	PLM-Interact	Structural	AC:000864	0.998735
all_taxa	PLM-Interact	Structural	AC:000867	0.001154
all_taxa	PLM-Interact	Structural	AC:000868	0.99848
all_taxa	PLM-Interact	Structural	AC:000869	0.010192
all_taxa	PLM-Interact	Structural	AC:000870	0.976578
all_taxa	PLM-Interact	Structural	AC:000872	0.999837
all_taxa	PLM-Interact	Structural	AC:000876	0.996449
all_taxa	PLM-Interact	Structural	AC:000877	0.817732
all_taxa	PLM-Interact	Structural	AC:000878	0.999875
all_taxa	PLM-Interact	Structural	AC:000879	0.919079
all_taxa	PLM-Interact	Structural	AC:000880	0.025082
all_taxa	PLM-Interact	Structural	AC:000881	0.999615
all_taxa	PLM-Interact	Structural	AC:000882	5.5e-05
all_taxa	PLM-Interact	Structural	AC:000883	0.005017
all_taxa	PLM-Interact	Structural	AC:000884	0.999377
all_taxa	PLM-Interact	Structural	AC:000885	0.029087
all_taxa	PLM-Interact	Structural	AC:000886	0.987896
all_taxa	PLM-Interact	Structural	AC:000887	0.999732
all_taxa	PLM-Interact	Structural	AC:000888	0.997847
all_taxa	PLM-Interact	Structural	AC:000889	0.999674
all_taxa	PLM-Interact	Structural	AC:000890	0.99969
all_taxa	PLM-Interact	Structural	AC:000891	0.999337
all_taxa	PLM-Interact	Structural	AC:000892	0.999471
all_taxa	PLM-Interact	Structural	AC:000893	0.986182
all_taxa	PLM-Interact	Structural	AC:000894	0.110053
all_taxa	PLM-Interact	Structural	AC:000895	0.232812
all_taxa	PLM-Interact	Structural	AC:000896	0.999919
all_taxa	PLM-Interact	Structural	AC:000897	0.998528
all_taxa	PLM-Interact	Structural	AC:000898	0.99983
all_taxa	PLM-Interact	Structural	AC:000899	0.988116
all_taxa	PLM-Interact	Structural	AC:000900	0.005415
all_taxa	PLM-Interact	Structural	AC:000901	0.997914
all_taxa	PLM-Interact	Structural	AC:000902	0.993592
all_taxa	PLM-Interact	Structural	AC:000903	0.003295
all_taxa	PLM-Interact	Structural	AC:000904	0.994284
all_taxa	PLM-Interact	Structural	AC:000905	0.99812
all_taxa	PLM-Interact	Structural	AC:000906	0.99989
all_taxa	PLM-Interact	Structural	AC:000908	0.999365
all_taxa	PLM-Interact	Structural	AC:000910	0.999942
all_taxa	PLM-Interact	Structural	AC:000911	0.999882
all_taxa	PLM-Interact	Structural	AC:000913	0.999697
all_taxa	PLM-Interact	Structural	AC:000914	0.999897
all_taxa	PLM-Interact	Structural	AC:000915	0.999581
all_taxa	PLM-Interact	Structural	AC:000917	0.969652
all_taxa	PLM-Interact	Structural	AC:000918	0.000107
all_taxa	PLM-Interact	Structural	AC:000919	0.973833
all_taxa	PLM-Interact	Structural	AC:000920	0.999832
all_taxa	PLM-Interact	Structural	AC:000921	0.997916
all_taxa	PLM-Interact	Structural	AC:000922	0.999871
all_taxa	PLM-Interact	Structural	AC:000923	0.999861
all_taxa	PLM-Interact	Structural	AC:000924	0.154296
all_taxa	PLM-Interact	Structural	AC:000925	0.977553
all_taxa	PLM-Interact	Structural	AC:000926	0.003822
all_taxa	PLM-Interact	Structural	AC:000927	0.000306
all_taxa	PLM-Interact	Structural	AC:000928	0.348642
all_taxa	PLM-Interact	Structural	AC:000930	0.992876
all_taxa	PLM-Interact	Structural	AC:000931	0.629738
all_taxa	PLM-Interact	Structural	AC:000932	0.050832
all_taxa	PLM-Interact	Structural	AC:000933	0.99978
all_taxa	PLM-Interact	Structural	AC:000934	0.99879
all_taxa	PLM-Interact	Structural	AC:000935	0.012411
all_taxa	PLM-Interact	Structural	AC:000936	0.984456
all_taxa	PLM-Interact	Structural	AC:000937	0.999934
all_taxa	PLM-Interact	Structural	AC:000938	0.999082
all_taxa	PLM-Interact	Structural	AC:000939	0.999568
all_taxa	PLM-Interact	Structural	AC:000940	0.997191
all_taxa	PLM-Interact	Structural	AC:000941	0.999879
all_taxa	PLM-Interact	Structural	AC:000942	0.974854
all_taxa	PLM-Interact	Structural	AC:000943	0.999933
all_taxa	PLM-Interact	Structural	AC:000944	0.926098
all_taxa	PLM-Interact	Structural	AC:000945	0.999874
all_taxa	PLM-Interact	Structural	AC:000946	0.993714
all_taxa	PLM-Interact	Structural	AC:000947	0.001736
all_taxa	PLM-Interact	Structural	AC:000948	0.000175
all_taxa	PLM-Interact	Structural	AC:000949	0.000116
all_taxa	PLM-Interact	Structural	AC:000950	0.489182
all_taxa	PLM-Interact	Structural	AC:000951	0.999893
all_taxa	PLM-Interact	Structural	AC:000952	0.999808
all_taxa	PLM-Interact	Structural	AC:000953	0.765984
all_taxa	PLM-Interact	Structural	AC:000954	0.992376
all_taxa	PLM-Interact	Structural	AC:000957	0.983503
all_taxa	PLM-Interact	Structural	AC:000958	0.999907
all_taxa	PLM-Interact	Structural	AC:000959	6e-05
all_taxa	PLM-Interact	Structural	AC:000960	0.999644
all_taxa	PLM-Interact	Structural	AC:000962	0.992884
all_taxa	PLM-Interact	Structural	AC:000963	0.972699
all_taxa	PLM-Interact	Structural	AC:000964	0.112218
all_taxa	PLM-Interact	Structural	AC:000965	0.994526
all_taxa	PLM-Interact	Structural	AC:000966	0.999919
all_taxa	PLM-Interact	Structural	AC:000968	0.997811
all_taxa	PLM-Interact	Structural	AC:000969	0.011521
all_taxa	PLM-Interact	Structural	AC:000970	0.350273
all_taxa	PLM-Interact	Structural	AC:000971	0.999911
all_taxa	PLM-Interact	Structural	AC:000973	0.999936
all_taxa	PLM-Interact	Structural	AC:000974	0.998792
all_taxa	PLM-Interact	Structural	AC:000975	0.79355
all_taxa	PLM-Interact	Structural	AC:000976	0.999831
all_taxa	PLM-Interact	Structural	AC:000978	0.056211
all_taxa	PLM-Interact	Structural	AC:000980	0.99386
all_taxa	PLM-Interact	Structural	AC:000981	0.042549
all_taxa	PLM-Interact	Structural	AC:000982	0.002936
all_taxa	PLM-Interact	Structural	AC:000983	0.999634
all_taxa	PLM-Interact	Structural	AC:000984	0.000117
all_taxa	PLM-Interact	Structural	AC:000986	0.973637
all_taxa	PLM-Interact	Structural	AC:000987	0.00827
all_taxa	PLM-Interact	Structural	AC:000988	0.999918
all_taxa	PLM-Interact	Structural	AC:000991	0.579893
all_taxa	PLM-Interact	Structural	AC:000992	0.99978
all_taxa	PLM-Interact	Structural	AC:000997	0.999596
all_taxa	PLM-Interact	Structural	AC:000999	0.998163
all_taxa	PLM-Interact	Structural	AC:001000	0.999148
all_taxa	PLM-Interact	Structural	AC:001001	0.999718
all_taxa	PLM-Interact	Structural	AC:001002	0.00023
all_taxa	PLM-Interact	Structural	AC:001003	0.984395
all_taxa	PLM-Interact	Structural	AC:001004	0.999889
all_taxa	PLM-Interact	Structural	AC:001006	0.999913
all_taxa	PLM-Interact	Structural	AC:001007	0.997575
all_taxa	PLM-Interact	Structural	AC:001008	0.989566
all_taxa	PLM-Interact	Structural	AC:001009	0.963015
all_taxa	PLM-Interact	Structural	AC:001010	0.999731
all_taxa	PLM-Interact	Structural	AC:001011	0.998538
all_taxa	PLM-Interact	Structural	AC:001012	0.093754
all_taxa	PLM-Interact	Structural	AC:001013	0.999258
all_taxa	PLM-Interact	Structural	AC:001014	0.999944
all_taxa	PLM-Interact	Structural	AC:001015	0.975673
all_taxa	PLM-Interact	Structural	AC:001016	0.999888
all_taxa	PLM-Interact	Structural	AC:001017	0.001201
all_taxa	PLM-Interact	Structural	AC:001018	0.142262
all_taxa	PLM-Interact	Structural	AC:001019	0.999832
all_taxa	PLM-Interact	Structural	AC:001023	0.000624
all_taxa	PLM-Interact	Structural	AC:001024	0.998817
all_taxa	PLM-Interact	Structural	AC:001025	0.004277
all_taxa	PLM-Interact	Structural	AC:001026	0.998833
all_taxa	PLM-Interact	Structural	AC:001028	0.994892
all_taxa	PLM-Interact	Structural	AC:001029	0.999726
all_taxa	PLM-Interact	Structural	AC:001032	0.954203
all_taxa	PLM-Interact	Structural	AC:001033	0.002142
all_taxa	PLM-Interact	Structural	AC:001034	0.000179
all_taxa	PLM-Interact	Structural	AC:001036	0.995746
all_taxa	PLM-Interact	Structural	AC:001038	0.996204
all_taxa	PLM-Interact	Structural	AC:001039	0.000216
all_taxa	PLM-Interact	Structural	AC:001042	0.85313
all_taxa	PLM-Interact	Structural	AC:001043	0.999935
all_taxa	PLM-Interact	Structural	AC:001044	0.340807
all_taxa	PLM-Interact	Structural	AC:001046	0.999897
all_taxa	PLM-Interact	Structural	AC:001047	0.999116
all_taxa	PLM-Interact	Structural	AC:001049	0.999937
all_taxa	PLM-Interact	Structural	AC:001050	0.999904
all_taxa	PLM-Interact	Structural	AC:001051	0.999934
all_taxa	PLM-Interact	Structural	AC:001052	0.348166
all_taxa	PLM-Interact	Structural	AC:001053	0.057464
all_taxa	PLM-Interact	Structural	AC:001054	0.001378
all_taxa	PLM-Interact	Structural	AC:001055	0.999508
all_taxa	PLM-Interact	Structural	AC:001056	0.781113
all_taxa	PLM-Interact	Structural	AC:001057	0.999933
all_taxa	PLM-Interact	Structural	AC:001058	0.992591
all_taxa	PLM-Interact	Structural	AC:001059	0.000365
all_taxa	PLM-Interact	Structural	AC:001061	0.999837
all_taxa	PLM-Interact	Structural	AC:001062	0.004933
all_taxa	PLM-Interact	Structural	AC:001063	0.016563
all_taxa	PLM-Interact	Structural	AC:001064	0.000132
all_taxa	PLM-Interact	Structural	AC:001065	0.998917
all_taxa	PLM-Interact	Structural	AC:001066	0.001633
all_taxa	PLM-Interact	Structural	AC:001067	0.999049
all_taxa	PLM-Interact	Structural	AC:001068	0.999638
all_taxa	PLM-Interact	Structural	AC:001069	0.996652
all_taxa	PLM-Interact	Structural	AC:001070	0.999937
all_taxa	PLM-Interact	Structural	AC:001071	0.99387
all_taxa	PLM-Interact	Structural	AC:001072	0.999912
all_taxa	PLM-Interact	Structural	AC:001073	0.998913
all_taxa	PLM-Interact	Structural	AC:001075	0.999926
all_taxa	PLM-Interact	Structural	AC:001076	0.999925
all_taxa	PLM-Interact	Structural	AC:001077	0.998579
all_taxa	PLM-Interact	Structural	AC:001078	0.988289
all_taxa	PLM-Interact	Structural	AC:001079	9.5e-05
all_taxa	PLM-Interact	Structural	AC:001080	0.999563
all_taxa	PLM-Interact	Structural	AC:001081	0.990834
all_taxa	PLM-Interact	Structural	AC:001082	0.999882
all_taxa	PLM-Interact	Structural	AC:001083	0.999243
all_taxa	PLM-Interact	Structural	AC:001084	0.004339
all_taxa	PLM-Interact	Structural	AC:001085	0.999885
all_taxa	PLM-Interact	Structural	AC:001087	0.99738
all_taxa	PLM-Interact	Structural	AC:001088	0.999307
all_taxa	PLM-Interact	Structural	AC:001090	0.998142
all_taxa	PLM-Interact	Structural	AC:001091	0.992322
all_taxa	PLM-Interact	Structural	AC:001092	0.999873
all_taxa	PLM-Interact	Structural	AC:001094	0.999887
all_taxa	PLM-Interact	Structural	AC:001095	0.999832
all_taxa	PLM-Interact	Structural	AC:001096	0.999934
all_taxa	PLM-Interact	Structural	AC:001097	0.000274
all_taxa	PLM-Interact	Structural	AC:001098	0.999756
all_taxa	PLM-Interact	Structural	AC:001100	0.999932
all_taxa	PLM-Interact	Structural	AC:001103	0.19868
all_taxa	PLM-Interact	Structural	AC:001104	0.536282
all_taxa	PLM-Interact	Structural	AC:001105	0.999778
all_taxa	PLM-Interact	Structural	AC:001106	0.999909
all_taxa	PLM-Interact	Structural	AC:001107	0.999882
all_taxa	PLM-Interact	Structural	AC:001109	0.000148
all_taxa	PLM-Interact	Structural	AC:001110	0.999885
all_taxa	PLM-Interact	Structural	AC:001111	0.999114
all_taxa	PLM-Interact	Structural	AC:001112	0.99888
all_taxa	PLM-Interact	Structural	AC:001113	0.200897
all_taxa	PLM-Interact	Structural	AC:001114	0.999901
all_taxa	PLM-Interact	Structural	AC:001116	0.999826
all_taxa	PLM-Interact	Structural	AC:001117	0.013832
all_taxa	PLM-Interact	Structural	AC:001118	0.005892
all_taxa	PLM-Interact	Structural	AC:001119	0.012059
all_taxa	PLM-Interact	Structural	AC:001120	0.999735
all_taxa	PLM-Interact	Structural	AC:001121	0.999923
all_taxa	PLM-Interact	Structural	AC:001123	0.99723
all_taxa	PLM-Interact	Structural	AC:001125	0.999535
all_taxa	PLM-Interact	Structural	AC:001126	0.999635
all_taxa	PLM-Interact	Structural	AC:001128	0.996984
all_taxa	PLM-Interact	Structural	AC:001129	0.001083
all_taxa	PLM-Interact	Structural	AC:001130	0.999096
all_taxa	PLM-Interact	Structural	AC:001131	0.00332
all_taxa	PLM-Interact	Structural	AC:001132	0.992924
all_taxa	PLM-Interact	Structural	AC:001134	7.9e-05
all_taxa	PLM-Interact	Structural	AC:001135	0.999664
all_taxa	PLM-Interact	Structural	AC:001136	0.822854
all_taxa	PLM-Interact	Structural	AC:001137	0.999832
all_taxa	PLM-Interact	Structural	AC:001138	0.999145
all_taxa	PLM-Interact	Structural	AC:001140	0.99973
all_taxa	PLM-Interact	Structural	AC:001141	0.747042
all_taxa	PLM-Interact	Structural	AC:001142	0.999946
all_taxa	PLM-Interact	Structural	AC:001143	0.999808
all_taxa	PLM-Interact	Structural	AC:001145	0.001755
all_taxa	PLM-Interact	Structural	AC:001147	0.999856
all_taxa	PLM-Interact	Structural	AC:001148	0.999942
all_taxa	PLM-Interact	Structural	AC:001149	0.998913
all_taxa	PLM-Interact	Structural	AC:001150	0.998061
all_taxa	PLM-Interact	Structural	AC:001151	0.97517
all_taxa	PLM-Interact	Structural	AC:001153	0.083233
all_taxa	PLM-Interact	Structural	AC:001154	0.999502
all_taxa	PLM-Interact	Structural	AC:001155	0.999043
all_taxa	PLM-Interact	Structural	AC:001157	0.994651
all_taxa	PLM-Interact	Structural	AC:001158	0.993447
all_taxa	PLM-Interact	Structural	AC:001159	0.999948
all_taxa	PLM-Interact	Structural	AC:001160	0.019943
all_taxa	PLM-Interact	Structural	AC:001162	0.938969
all_taxa	PLM-Interact	Structural	AC:001163	0.99988
all_taxa	PLM-Interact	Structural	AC:001164	0.910237
all_taxa	PLM-Interact	Structural	AC:001165	0.000334
all_taxa	PLM-Interact	Structural	AC:001166	0.999927
all_taxa	PLM-Interact	Structural	AC:001167	0.994878
all_taxa	PLM-Interact	Structural	AC:001168	0.006362
all_taxa	PLM-Interact	Structural	AC:001169	0.999827
all_taxa	PLM-Interact	Structural	AC:001170	0.999397
all_taxa	PLM-Interact	Structural	AC:001171	0.998892
all_taxa	PLM-Interact	Structural	AC:001172	0.999894
all_taxa	PLM-Interact	Structural	AC:001173	0.00017
all_taxa	PLM-Interact	Structural	AC:001174	0.999921
all_taxa	PLM-Interact	Structural	AC:001176	0.998078
all_taxa	PLM-Interact	Structural	AC:001177	0.995763
all_taxa	PLM-Interact	Structural	AC:001178	0.999196
all_taxa	PLM-Interact	Structural	AC:001179	0.996007
all_taxa	PLM-Interact	Structural	AC:001180	0.161803
all_taxa	PLM-Interact	Structural	AC:001181	0.997925
all_taxa	PLM-Interact	Structural	AC:001183	0.999929
all_taxa	PLM-Interact	Structural	AC:001184	0.300245
all_taxa	PLM-Interact	Structural	AC:001185	0.99767
all_taxa	PLM-Interact	Structural	AC:001186	0.999748
all_taxa	PLM-Interact	Structural	AC:001187	0.998347
all_taxa	PLM-Interact	Structural	AC:001188	0.999938
all_taxa	PLM-Interact	Structural	AC:001189	0.990172
all_taxa	PLM-Interact	Structural	AC:001190	0.00518
all_taxa	PLM-Interact	Structural	AC:001191	0.061553
all_taxa	PLM-Interact	Structural	AC:001192	0.009664
all_taxa	PLM-Interact	Structural	AC:001194	0.998683
all_taxa	PLM-Interact	Structural	AC:001195	0.594204
all_taxa	PLM-Interact	Structural	AC:001196	0.999677
all_taxa	PLM-Interact	Structural	AC:001197	0.99931
all_taxa	PLM-Interact	Structural	AC:001198	0.999933
all_taxa	PLM-Interact	Structural	AC:001199	0.999555
all_taxa	PLM-Interact	Structural	AC:001200	0.999598
all_taxa	PLM-Interact	Structural	AC:001201	0.005385
all_taxa	PLM-Interact	Structural	AC:001202	0.999921
all_taxa	PLM-Interact	Structural	AC:001203	0.999695
all_taxa	PLM-Interact	Structural	AC:001204	0.004325
all_taxa	PLM-Interact	Structural	AC:001206	0.99994
all_taxa	PLM-Interact	Structural	AC:001207	0.999555
all_taxa	PLM-Interact	Structural	AC:001209	0.99961
all_taxa	PLM-Interact	Structural	AC:001211	0.999601
all_taxa	PLM-Interact	Structural	AC:001213	0.99876
all_taxa	PLM-Interact	Structural	AC:001214	0.055479
all_taxa	PLM-Interact	Structural	AC:001215	0.85702
all_taxa	PLM-Interact	Structural	AC:001216	0.001013
all_taxa	PLM-Interact	Structural	AC:001218	0.997477
all_taxa	PLM-Interact	Structural	AC:001219	0.000434
all_taxa	PLM-Interact	Structural	AC:001220	0.999425
all_taxa	PLM-Interact	Structural	AC:001221	0.707028
all_taxa	PLM-Interact	Structural	AC:001222	0.999892
all_taxa	PLM-Interact	Structural	AC:001223	8.1e-05
all_taxa	PLM-Interact	Structural	AC:001225	0.017339
all_taxa	PLM-Interact	Structural	AC:001228	0.318975
all_taxa	PLM-Interact	Structural	AC:001229	0.042704
all_taxa	PLM-Interact	Structural	AC:001230	0.0244
all_taxa	PLM-Interact	Structural	AC:001231	0.994635
all_taxa	PLM-Interact	Structural	AC:001232	0.056136
all_taxa	PLM-Interact	Structural	AC:001233	0.999937
all_taxa	PLM-Interact	Structural	AC:001234	0.999806
all_taxa	PLM-Interact	Structural	AC:001235	0.000153
all_taxa	PLM-Interact	Structural	AC:001237	0.998928
all_taxa	PLM-Interact	Structural	AC:001238	0.998828
all_taxa	PLM-Interact	Structural	AC:001239	0.281107
all_taxa	PLM-Interact	Structural	AC:001240	0.999208
all_taxa	PLM-Interact	Structural	AC:001241	0.996666
all_taxa	PLM-Interact	Structural	AC:001243	0.999215
all_taxa	PLM-Interact	Structural	AC:001244	0.997194
all_taxa	PLM-Interact	Structural	AC:001245	0.907844
all_taxa	PLM-Interact	Structural	AC:001246	0.99994
all_taxa	PLM-Interact	Structural	AC:001247	0.198227
all_taxa	PLM-Interact	Structural	AC:001249	0.999894
all_taxa	PLM-Interact	Structural	AC:001250	0.999524
all_taxa	PLM-Interact	Structural	AC:001251	0.004899
all_taxa	PLM-Interact	Structural	AC:001252	0.016215
all_taxa	PLM-Interact	Structural	AC:001253	0.287
all_taxa	PLM-Interact	Structural	AC:001256	0.274952
all_taxa	PLM-Interact	Structural	AC:001257	0.002457
all_taxa	PLM-Interact	Structural	AC:001258	0.999131
all_taxa	PLM-Interact	Structural	AC:001260	0.999457
all_taxa	PLM-Interact	Structural	AC:001261	0.972429
all_taxa	PLM-Interact	Structural	AC:001262	0.83404
all_taxa	PLM-Interact	Structural	AC:001263	0.999923
all_taxa	PLM-Interact	Structural	AC:001264	0.044703
all_taxa	PLM-Interact	Structural	AC:001265	0.000535
all_taxa	PLM-Interact	Structural	AC:001266	0.999863
all_taxa	PLM-Interact	Structural	AC:001267	0.022239
all_taxa	PLM-Interact	Structural	AC:001269	0.002684
all_taxa	PLM-Interact	Structural	AC:001270	0.998942
all_taxa	PLM-Interact	Structural	AC:001271	0.001805
all_taxa	PLM-Interact	Structural	AC:001272	0.999913
all_taxa	PLM-Interact	Structural	AC:001273	0.947644
all_taxa	PLM-Interact	Structural	AC:001274	0.514209
all_taxa	PLM-Interact	Structural	AC:001275	0.99987
all_taxa	PLM-Interact	Structural	AC:001276	0.999918
all_taxa	PLM-Interact	Structural	AC:001277	0.29625
all_taxa	PLM-Interact	Structural	AC:001278	0.999914
all_taxa	PLM-Interact	Structural	AC:001279	0.999744
all_taxa	PLM-Interact	Structural	AC:001281	0.998563
all_taxa	PLM-Interact	Structural	AC:001282	0.926797
all_taxa	PLM-Interact	Structural	AC:001283	0.000237
all_taxa	PLM-Interact	Structural	AC:001286	0.033227
all_taxa	PLM-Interact	Structural	AC:001288	0.999784
all_taxa	PLM-Interact	Structural	AC:001290	0.01177
all_taxa	PLM-Interact	Structural	AC:001291	0.382396
all_taxa	PLM-Interact	Structural	AC:001292	0.999941
all_taxa	PLM-Interact	Structural	AC:001293	0.996679
all_taxa	PLM-Interact	Structural	AC:001295	0.99994
all_taxa	PLM-Interact	Structural	AC:001296	0.999862
all_taxa	PLM-Interact	Structural	AC:001298	0.999938
all_taxa	PLM-Interact	Structural	AC:001299	8.3e-05
all_taxa	PLM-Interact	Structural	AC:001301	0.999943
all_taxa	PLM-Interact	Structural	AC:001302	0.99861
all_taxa	PLM-Interact	Structural	AC:001303	0.999669
all_taxa	PLM-Interact	Structural	AC:001304	0.003839
all_taxa	PLM-Interact	Structural	AC:001305	0.996767
all_taxa	PLM-Interact	Structural	AC:001306	0.368435
all_taxa	PLM-Interact	Structural	AC:001307	0.999213
all_taxa	PLM-Interact	Structural	AC:001308	0.999652
all_taxa	PLM-Interact	Structural	AC:001309	0.999858
all_taxa	PLM-Interact	Structural	AC:001310	0.241103
all_taxa	PLM-Interact	Structural	AC:001311	0.124415
all_taxa	PLM-Interact	Structural	AC:001312	0.175356
all_taxa	PLM-Interact	Structural	AC:001313	0.559034
all_taxa	PLM-Interact	Structural	AC:001314	0.646342
all_taxa	PLM-Interact	Structural	AC:001316	0.007847
all_taxa	PLM-Interact	Structural	AC:001317	0.999933
all_taxa	PLM-Interact	Structural	AC:001318	0.000106
all_taxa	PLM-Interact	Structural	AC:001319	0.999921
all_taxa	PLM-Interact	Structural	AC:001323	0.999912
all_taxa	PLM-Interact	Structural	AC:001324	0.979291
all_taxa	PLM-Interact	Structural	AC:001326	0.999895
all_taxa	PLM-Interact	Structural	AC:001327	0.999784
all_taxa	PLM-Interact	Structural	AC:001328	7.4e-05
all_taxa	PLM-Interact	Structural	AC:001329	0.999913
all_taxa	PLM-Interact	Structural	AC:001330	0.999868
all_taxa	PLM-Interact	Structural	AC:001331	0.974875
all_taxa	PLM-Interact	Structural	AC:001332	0.998669
all_taxa	PLM-Interact	Structural	AC:001333	0.768409
all_taxa	PLM-Interact	Structural	AC:001335	0.013923
all_taxa	PLM-Interact	Structural	AC:001336	0.01053
all_taxa	PLM-Interact	Structural	AC:001337	0.999895
all_taxa	PLM-Interact	Structural	AC:001338	0.999926
all_taxa	PLM-Interact	Structural	AC:001339	0.996822
all_taxa	PLM-Interact	Structural	AC:001340	0.999211
all_taxa	PLM-Interact	Structural	AC:001341	0.099833
all_taxa	PLM-Interact	Structural	AC:001342	0.922231
all_taxa	PLM-Interact	Structural	AC:001343	0.988776
all_taxa	PLM-Interact	Structural	AC:001344	0.022083
all_taxa	PLM-Interact	Structural	AC:001345	0.00013
all_taxa	PLM-Interact	Structural	AC:001346	0.999931
all_taxa	PLM-Interact	Structural	AC:001347	0.999551
all_taxa	PLM-Interact	Structural	AC:001349	0.999936
all_taxa	PLM-Interact	Structural	AC:001350	0.99995
all_taxa	PLM-Interact	Structural	AC:001351	0.999844
all_taxa	PLM-Interact	Structural	AC:001353	0.999049
all_taxa	PLM-Interact	Structural	AC:001354	0.999948
all_taxa	PLM-Interact	Structural	AC:001355	0.997322
all_taxa	PLM-Interact	Structural	AC:001356	0.99993
all_taxa	PLM-Interact	Structural	AC:001357	0.99992
all_taxa	PLM-Interact	Structural	AC:001358	0.527802
all_taxa	PLM-Interact	Structural	AC:001359	0.999873
all_taxa	PLM-Interact	Structural	AC:001360	0.963537
all_taxa	PLM-Interact	Structural	AC:001361	0.999537
all_taxa	PLM-Interact	Structural	AC:001362	0.00311
all_taxa	PLM-Interact	Structural	AC:001363	0.998747
all_taxa	PLM-Interact	Structural	AC:001364	0.376102
all_taxa	PLM-Interact	Structural	AC:001365	0.097261
all_taxa	PLM-Interact	Structural	AC:001366	0.520405
all_taxa	PLM-Interact	Structural	AC:001367	0.977852
all_taxa	PLM-Interact	Structural	AC:001368	0.999943
all_taxa	PLM-Interact	Structural	AC:001369	0.004808
all_taxa	PLM-Interact	Structural	AC:001370	0.999929
all_taxa	PLM-Interact	Structural	AC:001372	0.999445
all_taxa	PLM-Interact	Structural	AC:001373	0.010686
all_taxa	PLM-Interact	Structural	AC:001374	0.999944
all_taxa	PLM-Interact	Structural	AC:001375	0.999227
all_taxa	PLM-Interact	Structural	AC:001376	0.999724
all_taxa	PLM-Interact	Structural	AC:001377	0.301747
all_taxa	PLM-Interact	Structural	AC:001378	0.63839
all_taxa	PLM-Interact	Structural	AC:001379	0.999851
all_taxa	PLM-Interact	Structural	AC:001380	0.998063
all_taxa	PLM-Interact	Structural	AC:001382	0.998747
all_taxa	PLM-Interact	Structural	AC:001383	0.022306
all_taxa	PLM-Interact	Structural	AC:001384	0.949152
all_taxa	PLM-Interact	Structural	AC:001385	0.999599
all_taxa	PLM-Interact	Structural	AC:001386	0.998982
all_taxa	PLM-Interact	Structural	AC:001387	0.999855
all_taxa	PLM-Interact	Structural	AC:001388	0.989013
all_taxa	PLM-Interact	Structural	AC:001389	0.03769
all_taxa	PLM-Interact	Structural	AC:001390	0.201618
all_taxa	PLM-Interact	Structural	AC:001391	0.999104
all_taxa	PLM-Interact	Structural	AC:001392	0.996724
all_taxa	PLM-Interact	Structural	AC:001393	0.99241
all_taxa	PLM-Interact	Structural	AC:001396	0.999901
all_taxa	PLM-Interact	Structural	AC:001397	0.999912
all_taxa	PLM-Interact	Structural	AC:001399	0.999936
all_taxa	PLM-Interact	Structural	AC:001400	0.002831
all_taxa	PLM-Interact	Structural	AC:001402	0.999601
all_taxa	PLM-Interact	Structural	AC:001403	0.999933
all_taxa	PLM-Interact	Structural	AC:001404	0.999868
all_taxa	PLM-Interact	Structural	AC:001405	0.999916
all_taxa	PLM-Interact	Structural	AC:001407	0.000316
all_taxa	PLM-Interact	Structural	AC:001408	0.999918
all_taxa	PLM-Interact	Structural	AC:001410	0.736199
all_taxa	PLM-Interact	Structural	AC:001411	0.999432
all_taxa	PLM-Interact	Structural	AC:001413	0.999898
all_taxa	PLM-Interact	Structural	AC:001415	0.999679
all_taxa	PLM-Interact	Structural	AC:001416	0.113991
all_taxa	PLM-Interact	Structural	AC:001417	0.995012
all_taxa	PLM-Interact	Structural	AC:001418	0.999825
all_taxa	PLM-Interact	Structural	AC:001419	0.999728
all_taxa	PLM-Interact	Structural	AC:001421	0.999096
all_taxa	PLM-Interact	Structural	AC:001422	0.999914
all_taxa	PLM-Interact	Structural	AC:001423	0.999928
all_taxa	PLM-Interact	Structural	AC:001425	0.972788
all_taxa	PLM-Interact	Structural	AC:001426	0.999947
all_taxa	PLM-Interact	Structural	AC:001427	0.99877
all_taxa	PLM-Interact	Structural	AC:001428	0.993579
all_taxa	PLM-Interact	Structural	AC:001429	0.00029
all_taxa	PLM-Interact	Structural	AC:001430	0.999912
all_taxa	PLM-Interact	Structural	AC:001432	0.999924
all_taxa	PLM-Interact	Structural	AC:001436	0.998274
all_taxa	PLM-Interact	Structural	AC:001439	0.999912
all_taxa	PLM-Interact	Structural	AC:001440	0.099411
all_taxa	PLM-Interact	Structural	AC:001442	0.002949
all_taxa	PLM-Interact	Structural	AC:001445	0.99756
all_taxa	PLM-Interact	Structural	AC:001446	0.997929
all_taxa	PLM-Interact	Structural	AC:001447	0.999941
all_taxa	PLM-Interact	Structural	AC:001448	0.999886
all_taxa	PLM-Interact	Structural	AC:001449	0.998683
all_taxa	PLM-Interact	Structural	AC:001450	0.999805
all_taxa	PLM-Interact	Structural	AC:001451	0.998757
all_taxa	PLM-Interact	Structural	AC:001452	0.999909
all_taxa	PLM-Interact	Structural	AC:001454	0.999443
all_taxa	PLM-Interact	Structural	AC:001455	0.997143
all_taxa	PLM-Interact	Structural	AC:001456	0.998461
all_taxa	PLM-Interact	Structural	AC:001457	0.294097
all_taxa	PLM-Interact	Structural	AC:001458	0.984088
all_taxa	PLM-Interact	Structural	AC:001459	0.000723
all_taxa	PLM-Interact	Structural	AC:001460	0.998339
all_taxa	PLM-Interact	Structural	AC:001461	0.998502
all_taxa	PLM-Interact	Structural	AC:001462	0.997777
all_taxa	PLM-Interact	Structural	AC:001464	0.995354
all_taxa	PLM-Interact	Structural	AC:001465	0.737504
all_taxa	PLM-Interact	Structural	AC:001466	0.999503
all_taxa	PLM-Interact	Structural	AC:001467	0.000172
all_taxa	PLM-Interact	Structural	AC:001469	0.999916
all_taxa	PLM-Interact	Structural	AC:001471	0.999746
all_taxa	PLM-Interact	Structural	AC:001472	0.707071
all_taxa	PLM-Interact	Structural	AC:001473	0.9982
all_taxa	PLM-Interact	Structural	AC:001475	0.998658
all_taxa	PLM-Interact	Structural	AC:001476	0.010415
all_taxa	PLM-Interact	Structural	AC:001477	0.978777
all_taxa	PLM-Interact	Structural	AC:001478	0.999933
all_taxa	PLM-Interact	Structural	AC:001479	0.999834
all_taxa	PLM-Interact	Structural	AC:001480	0.996654
all_taxa	PLM-Interact	Structural	AC:001481	0.999849
all_taxa	PLM-Interact	Structural	AC:001482	0.000987
all_taxa	PLM-Interact	Structural	AC:001483	0.999655
all_taxa	PLM-Interact	Structural	AC:001484	0.023548
all_taxa	PLM-Interact	Structural	AC:001485	7.4e-05
all_taxa	PLM-Interact	Structural	AC:001486	0.999853
all_taxa	PLM-Interact	Structural	AC:001487	5.1e-05
all_taxa	PLM-Interact	Structural	AC:001488	0.999929
all_taxa	PLM-Interact	Structural	AC:001489	0.999213
all_taxa	PLM-Interact	Structural	AC:001490	0.006556
all_taxa	PLM-Interact	Structural	AC:001491	0.791719
all_taxa	PLM-Interact	Structural	AC:001493	0.209537
all_taxa	PLM-Interact	Structural	AC:001494	0.998927
all_taxa	PLM-Interact	Structural	AC:001496	0.99982
all_taxa	PLM-Interact	Structural	AC:001497	0.999916
all_taxa	PLM-Interact	Structural	AC:001499	0.005864
all_taxa	PLM-Interact	Structural	AC:001500	0.202335
all_taxa	PLM-Interact	Structural	AC:001501	0.999881
all_taxa	PLM-Interact	Structural	AC:001502	0.99909
all_taxa	PLM-Interact	Structural	AC:001505	0.999954
all_taxa	PLM-Interact	Structural	AC:001507	0.000233
all_taxa	PLM-Interact	Structural	AC:001508	0.999934
all_taxa	PLM-Interact	Structural	AC:001509	0.999907
all_taxa	PLM-Interact	Structural	AC:001511	0.809941
all_taxa	PLM-Interact	Structural	AC:001512	0.992526
all_taxa	PLM-Interact	Structural	AC:001513	0.999906
all_taxa	PLM-Interact	Structural	AC:001515	0.999917
all_taxa	PLM-Interact	Structural	AC:001516	0.000164
all_taxa	PLM-Interact	Structural	AC:001517	0.940462
all_taxa	PLM-Interact	Structural	AC:001518	0.999935
all_taxa	PLM-Interact	Structural	AC:001521	0.998992
all_taxa	PLM-Interact	Structural	AC:001522	0.999938
all_taxa	PLM-Interact	Structural	AC:001523	0.000322
all_taxa	PLM-Interact	Structural	AC:001524	0.998674
all_taxa	PLM-Interact	Structural	AC:001525	0.999856
all_taxa	PLM-Interact	Structural	AC:001527	0.971822
all_taxa	PLM-Interact	Structural	AC:001528	0.999802
all_taxa	PLM-Interact	Structural	AC:001530	0.752072
all_taxa	PLM-Interact	Structural	AC:001531	0.08832
all_taxa	PLM-Interact	Structural	AC:001532	0.000861
all_taxa	PLM-Interact	Structural	AC:001533	0.999672
all_taxa	PLM-Interact	Structural	AC:001534	0.000191
all_taxa	PLM-Interact	Structural	AC:001535	0.997542
all_taxa	PLM-Interact	Structural	AC:001536	0.999928
all_taxa	PLM-Interact	Structural	AC:001537	0.434379
all_taxa	PLM-Interact	Structural	AC:001538	0.999914
all_taxa	PLM-Interact	Structural	AC:001540	0.971969
all_taxa	PLM-Interact	Structural	AC:001541	0.999539
all_taxa	PLM-Interact	Structural	AC:001542	0.075875
all_taxa	PLM-Interact	Structural	AC:001544	0.999933
all_taxa	PLM-Interact	Structural	AC:001545	0.999933
all_taxa	PLM-Interact	Structural	AC:001546	0.002962
all_taxa	PLM-Interact	Structural	AC:001547	0.992382
all_taxa	PLM-Interact	Structural	AC:001548	0.002553
all_taxa	PLM-Interact	Structural	AC:001549	0.996694
all_taxa	PLM-Interact	Structural	AC:001550	0.999309
all_taxa	PLM-Interact	Structural	AC:001551	0.999923
all_taxa	PLM-Interact	Structural	AC:001552	0.999731
all_taxa	PLM-Interact	Structural	AC:001553	0.99984
all_taxa	PLM-Interact	Structural	AC:001554	0.062937
all_taxa	PLM-Interact	Structural	AC:001555	0.710993
all_taxa	PLM-Interact	Structural	AC:001556	0.991476
all_taxa	PLM-Interact	Structural	AC:001558	0.999856
all_taxa	PLM-Interact	Structural	AC:001560	0.559568
all_taxa	PLM-Interact	Structural	AC:001561	0.999941
all_taxa	PLM-Interact	Structural	AC:001562	0.823594
all_taxa	PLM-Interact	Structural	AC:001563	0.002852
all_taxa	PLM-Interact	Structural	AC:001564	0.999368
all_taxa	PLM-Interact	Structural	AC:001565	0.018521
all_taxa	PLM-Interact	Structural	AC:001566	0.969068
all_taxa	PLM-Interact	Structural	AC:001567	0.999803
all_taxa	PLM-Interact	Structural	AC:001568	0.999943
all_taxa	PLM-Interact	Structural	AC:001569	0.01034
all_taxa	PLM-Interact	Structural	AC:001570	0.999415
all_taxa	PLM-Interact	Structural	AC:001571	0.985924
all_taxa	PLM-Interact	Structural	AC:001572	0.999927
all_taxa	PLM-Interact	Structural	AC:001573	0.999854
all_taxa	PLM-Interact	Structural	AC:001574	0.000306
all_taxa	PLM-Interact	Structural	AC:001578	0.31885
all_taxa	PLM-Interact	Structural	AC:001580	0.463758
all_taxa	PLM-Interact	Structural	AC:001581	0.000814
all_taxa	PLM-Interact	Structural	AC:001582	0.303712
all_taxa	PLM-Interact	Structural	AC:001583	0.963283
all_taxa	PLM-Interact	Structural	AC:001584	0.999917
all_taxa	PLM-Interact	Structural	AC:001585	0.000916
all_taxa	PLM-Interact	Structural	AC:001586	0.007095
all_taxa	PLM-Interact	Structural	AC:001587	0.286168
all_taxa	PLM-Interact	Structural	AC:001588	0.006082
all_taxa	PLM-Interact	Structural	AC:001589	0.999082
all_taxa	PLM-Interact	Structural	AC:001590	0.999706
all_taxa	PLM-Interact	Structural	AC:001591	0.189634
all_taxa	PLM-Interact	Structural	AC:001592	0.996089
all_taxa	PLM-Interact	Structural	AC:001594	0.999726
all_taxa	PLM-Interact	Structural	AC:001595	0.00198
all_taxa	PLM-Interact	Structural	AC:001596	7.2e-05
all_taxa	PLM-Interact	Structural	AC:001597	0.313668
all_taxa	PLM-Interact	Structural	AC:001598	0.999414
all_taxa	PLM-Interact	Structural	AC:001599	7.5e-05
all_taxa	PLM-Interact	Structural	AC:001600	0.999844
all_taxa	PLM-Interact	Structural	AC:001602	0.999907
all_taxa	PLM-Interact	Structural	AC:001604	0.999679
all_taxa	PLM-Interact	Structural	AC:001605	0.001156
all_taxa	PLM-Interact	Structural	AC:001606	0.627629
all_taxa	PLM-Interact	Structural	AC:001607	0.99991
all_taxa	PLM-Interact	Structural	AC:001608	0.983509
all_taxa	PLM-Interact	Structural	AC:001609	0.999797
all_taxa	PLM-Interact	Structural	AC:001610	0.737911
all_taxa	PLM-Interact	Structural	AC:001611	0.997363
all_taxa	PLM-Interact	Structural	AC:001612	0.026183
all_taxa	PLM-Interact	Structural	AC:001613	0.542207
all_taxa	PLM-Interact	Structural	AC:001614	0.988015
all_taxa	PLM-Interact	Structural	AC:001617	0.218938
all_taxa	PLM-Interact	Structural	AC:001619	0.999925
all_taxa	PLM-Interact	Structural	AC:001620	0.999456
all_taxa	PLM-Interact	Structural	AC:001621	0.507796
all_taxa	PLM-Interact	Structural	AC:001622	0.990343
all_taxa	PLM-Interact	Structural	AC:001623	0.999879
all_taxa	PLM-Interact	Structural	AC:001625	0.999795
all_taxa	PLM-Interact	Structural	AC:001626	0.423186
all_taxa	PLM-Interact	Structural	AC:001627	0.142726
all_taxa	PLM-Interact	Structural	AC:001628	0.999927
all_taxa	PLM-Interact	Structural	AC:001630	0.999923
all_taxa	PLM-Interact	Structural	AC:001631	0.006824
all_taxa	PLM-Interact	Structural	AC:001632	0.214431
all_taxa	PLM-Interact	Structural	AC:001634	0.99943
all_taxa	PLM-Interact	Structural	AC:001635	0.999074
all_taxa	PLM-Interact	Structural	AC:001636	0.999942
all_taxa	PLM-Interact	Structural	AC:001637	0.237953
all_taxa	PLM-Interact	Structural	AC:001638	0.000919
all_taxa	PLM-Interact	Structural	AC:001639	0.999941
all_taxa	PLM-Interact	Structural	AC:001644	0.991829
all_taxa	PLM-Interact	Structural	AC:001645	0.999599
all_taxa	PLM-Interact	Structural	AC:001646	0.010291
all_taxa	PLM-Interact	Structural	AC:001647	0.999937
all_taxa	PLM-Interact	Structural	AC:001648	0.000635
all_taxa	PLM-Interact	Structural	AC:001649	0.999931
all_taxa	PLM-Interact	Structural	AC:001651	0.058666
all_taxa	PLM-Interact	Structural	AC:001653	0.99994
all_taxa	PLM-Interact	Structural	AC:001654	0.999952
all_taxa	PLM-Interact	Structural	AC:001656	0.999462
all_taxa	PLM-Interact	Structural	AC:001657	0.919961
all_taxa	PLM-Interact	Structural	AC:001658	0.99994
all_taxa	PLM-Interact	Structural	AC:001660	0.99993
all_taxa	PLM-Interact	Structural	AC:001661	0.999928
all_taxa	PLM-Interact	Structural	AC:001662	0.999894
all_taxa	PLM-Interact	Structural	AC:001664	0.030163
all_taxa	PLM-Interact	Structural	AC:001665	0.949838
all_taxa	PLM-Interact	Structural	AC:001668	0.000609
all_taxa	PLM-Interact	Structural	AC:001669	0.998095
all_taxa	PLM-Interact	Structural	AC:001670	0.9982
all_taxa	PLM-Interact	Structural	AC:001671	0.999841
all_taxa	PLM-Interact	Structural	AC:001672	0.999161
all_taxa	PLM-Interact	Structural	AC:001673	0.980682
all_taxa	PLM-Interact	Structural	AC:001674	0.999327
all_taxa	PLM-Interact	Structural	AC:001675	0.998909
all_taxa	PLM-Interact	Structural	AC:001676	0.954505
all_taxa	PLM-Interact	Structural	AC:001677	0.999936
all_taxa	PLM-Interact	Structural	AC:001679	0.999912
all_taxa	PLM-Interact	Structural	AC:001680	0.999759
all_taxa	PLM-Interact	Structural	AC:001682	0.001602
all_taxa	PLM-Interact	Structural	AC:001683	0.700506
all_taxa	PLM-Interact	Structural	AC:001684	0.913089
all_taxa	PLM-Interact	Structural	AC:001685	0.999943
all_taxa	PLM-Interact	Structural	AC:001686	0.700789
all_taxa	PLM-Interact	Structural	AC:001687	0.946447
all_taxa	PLM-Interact	Structural	AC:001689	0.00049
all_taxa	PLM-Interact	Structural	AC:001690	0.992981
all_taxa	PLM-Interact	Structural	AC:001691	0.99298
all_taxa	PLM-Interact	Structural	AC:001692	0.008792
all_taxa	PLM-Interact	Structural	AC:001694	0.99744
all_taxa	PLM-Interact	Structural	AC:001695	0.99991
all_taxa	PLM-Interact	Structural	AC:001696	0.625522
all_taxa	PLM-Interact	Structural	AC:001697	0.999868
all_taxa	PLM-Interact	Structural	AC:001698	0.611113
all_taxa	PLM-Interact	Structural	AC:001699	0.415662
all_taxa	PLM-Interact	Structural	AC:001700	0.999081
all_taxa	PLM-Interact	Structural	AC:001702	0.999911
all_taxa	PLM-Interact	Structural	AC:001703	0.97699
all_taxa	PLM-Interact	Structural	AC:001704	0.999629
all_taxa	PLM-Interact	Structural	AC:001705	0.191654
all_taxa	PLM-Interact	Structural	AC:001706	7.1e-05
all_taxa	PLM-Interact	Structural	AC:001707	0.999423
all_taxa	PLM-Interact	Structural	AC:001708	0.998772
all_taxa	PLM-Interact	Structural	AC:001710	0.619464
all_taxa	PLM-Interact	Structural	AC:001712	0.999272
all_taxa	PLM-Interact	Structural	AC:001713	0.997193
all_taxa	PLM-Interact	Structural	AC:001714	0.999446
all_taxa	PLM-Interact	Structural	AC:001715	0.999933
all_taxa	PLM-Interact	Structural	AC:001716	0.999901
all_taxa	PLM-Interact	Structural	AC:001717	0.999527
all_taxa	PLM-Interact	Structural	AC:001718	0.999931
all_taxa	PLM-Interact	Structural	AC:001720	0.179876
all_taxa	PLM-Interact	Structural	AC:001721	0.999809
all_taxa	PLM-Interact	Structural	AC:001722	0.997989
all_taxa	PLM-Interact	Structural	AC:001723	0.992623
all_taxa	PLM-Interact	Structural	AC:001724	0.014284
all_taxa	PLM-Interact	Structural	AC:001725	0.980969
all_taxa	PLM-Interact	Structural	AC:001726	0.999577
all_taxa	PLM-Interact	Structural	AC:001727	0.999823
all_taxa	PLM-Interact	Structural	AC:001728	0.000185
all_taxa	PLM-Interact	Structural	AC:001729	0.999457
all_taxa	PLM-Interact	Structural	AC:001730	0.939201
all_taxa	PLM-Interact	Structural	AC:001731	0.016379
all_taxa	PLM-Interact	Structural	AC:001732	0.9999
all_taxa	PLM-Interact	Structural	AC:001733	0.998306
all_taxa	PLM-Interact	Structural	AC:001735	0.999862
all_taxa	PLM-Interact	Structural	AC:001736	0.991347
all_taxa	PLM-Interact	Structural	AC:001737	0.869428
all_taxa	PLM-Interact	Structural	AC:001739	0.999822
all_taxa	PLM-Interact	Structural	AC:001741	0.077948
all_taxa	PLM-Interact	Structural	AC:001742	0.993812
all_taxa	PLM-Interact	Structural	AC:001743	0.000319
all_taxa	PLM-Interact	Structural	AC:001745	0.00342
all_taxa	PLM-Interact	Structural	AC:001746	0.999922
all_taxa	PLM-Interact	Structural	AC:001747	0.999319
all_taxa	PLM-Interact	Structural	AC:001748	0.007054
all_taxa	PLM-Interact	Structural	AC:001749	0.00039
all_taxa	PLM-Interact	Structural	AC:001750	0.999817
all_taxa	PLM-Interact	Structural	AC:001751	0.999606
all_taxa	PLM-Interact	Structural	AC:001752	0.999408
all_taxa	PLM-Interact	Structural	AC:001753	0.999915
all_taxa	PLM-Interact	Structural	AC:001754	0.997704
all_taxa	PLM-Interact	Structural	AC:001755	0.999944
all_taxa	PLM-Interact	Structural	AC:001756	0.000214
all_taxa	PLM-Interact	Structural	AC:001758	0.99708
all_taxa	PLM-Interact	Structural	AC:001759	0.999871
all_taxa	PLM-Interact	Structural	AC:001760	0.979024
all_taxa	PLM-Interact	Structural	AC:001761	0.99952
all_taxa	PLM-Interact	Structural	AC:001763	0.995793
all_taxa	PLM-Interact	Structural	AC:001764	0.999049
all_taxa	PLM-Interact	Structural	AC:001765	0.999493
all_taxa	PLM-Interact	Structural	AC:001766	0.116393
all_taxa	PLM-Interact	Structural	AC:001767	0.999935
all_taxa	PLM-Interact	Structural	AC:001768	0.997646
all_taxa	PLM-Interact	Structural	AC:001769	0.999792
all_taxa	PLM-Interact	Structural	AC:001770	0.999607
all_taxa	PLM-Interact	Structural	AC:001771	0.007162
all_taxa	PLM-Interact	Structural	AC:001772	0.999845
all_taxa	PLM-Interact	Structural	AC:001773	0.000275
all_taxa	PLM-Interact	Structural	AC:001774	0.99991
all_taxa	PLM-Interact	Structural	AC:001775	0.999482
all_taxa	PLM-Interact	Structural	AC:001776	0.629013
all_taxa	PLM-Interact	Structural	AC:001778	0.999937
all_taxa	PLM-Interact	Structural	AC:001780	0.99277
all_taxa	PLM-Interact	Structural	AC:001781	0.999089
all_taxa	PLM-Interact	Structural	AC:001782	0.999914
all_taxa	PLM-Interact	Structural	AC:001785	0.999654
all_taxa	PLM-Interact	Structural	AC:001786	0.011365
all_taxa	PLM-Interact	Structural	AC:001787	0.999945
all_taxa	PLM-Interact	Structural	AC:001788	0.295257
all_taxa	PLM-Interact	Structural	AC:001789	0.978119
all_taxa	PLM-Interact	Structural	AC:001790	0.999722
all_taxa	PLM-Interact	Structural	AC:001792	6.2e-05
all_taxa	PLM-Interact	Structural	AC:001793	0.997066
all_taxa	PLM-Interact	Structural	AC:001796	0.99829
all_taxa	PLM-Interact	Structural	AC:001797	0.144812
all_taxa	PLM-Interact	Structural	AC:001798	0.999423
all_taxa	PLM-Interact	Structural	AC:001801	0.656509
all_taxa	PLM-Interact	Structural	AC:001803	0.988757
all_taxa	PLM-Interact	Structural	AC:001804	0.999941
all_taxa	PLM-Interact	Structural	AC:001805	0.999605
all_taxa	PLM-Interact	Structural	AC:001807	0.999934
all_taxa	PLM-Interact	Structural	AC:001810	0.00121
all_taxa	PLM-Interact	Structural	AC:001811	0.999175
all_taxa	PLM-Interact	Structural	AC:001812	0.996716
all_taxa	PLM-Interact	Structural	AC:001814	0.000411
all_taxa	PLM-Interact	Structural	AC:001815	0.997776
all_taxa	PLM-Interact	Structural	AC:001817	0.998984
all_taxa	PLM-Interact	Structural	AC:001818	0.999852
all_taxa	PLM-Interact	Structural	AC:001819	0.003528
all_taxa	PLM-Interact	Structural	AC:001820	0.999613
all_taxa	PLM-Interact	Structural	AC:001821	0.009952
all_taxa	PLM-Interact	Structural	AC:001822	0.850174
all_taxa	PLM-Interact	Structural	AC:001823	0.549795
all_taxa	PLM-Interact	Structural	AC:001824	0.997546
all_taxa	PLM-Interact	Structural	AC:001825	0.999431
all_taxa	PLM-Interact	Structural	AC:001828	0.592457
all_taxa	PLM-Interact	Structural	AC:001829	0.999889
all_taxa	PLM-Interact	Structural	AC:001831	0.987814
all_taxa	PLM-Interact	Structural	AC:001832	0.992402
all_taxa	PLM-Interact	Structural	AC:001833	0.99946
all_taxa	PLM-Interact	Structural	AC:001835	6.3e-05
all_taxa	PLM-Interact	Structural	AC:001836	0.476966
all_taxa	PLM-Interact	Structural	AC:001837	0.109576
all_taxa	PLM-Interact	Structural	AC:001838	0.997521
all_taxa	PLM-Interact	Structural	AC:001839	0.001645
all_taxa	PLM-Interact	Structural	AC:001840	0.867348
all_taxa	PLM-Interact	Structural	AC:001842	0.999014
all_taxa	PLM-Interact	Structural	AC:001843	0.880351
all_taxa	PLM-Interact	Structural	AC:001844	0.003991
all_taxa	PLM-Interact	Structural	AC:001846	0.999923
all_taxa	PLM-Interact	Structural	AC:001849	0.999734
all_taxa	PLM-Interact	Structural	AC:001850	0.538544
all_taxa	PLM-Interact	Structural	AC:001851	0.00015
all_taxa	PLM-Interact	Structural	AC:001852	0.995389
all_taxa	PLM-Interact	Structural	AC:001853	0.030953
all_taxa	PLM-Interact	Structural	AC:001854	0.998556
all_taxa	PLM-Interact	Structural	AC:001855	0.301215
all_taxa	PLM-Interact	Structural	AC:001856	0.999897
all_taxa	PLM-Interact	Structural	AC:001857	0.000567
all_taxa	PLM-Interact	Structural	AC:001858	0.99992
all_taxa	PLM-Interact	Structural	AC:001861	0.999867
all_taxa	PLM-Interact	Structural	AC:001863	0.016302
all_taxa	PLM-Interact	Structural	AC:001864	0.138187
all_taxa	PLM-Interact	Structural	AC:001865	0.011705
all_taxa	PLM-Interact	Structural	AC:001866	0.999642
all_taxa	PLM-Interact	Structural	AC:001867	0.999103
all_taxa	PLM-Interact	Structural	AC:001868	0.99969
all_taxa	PLM-Interact	Structural	AC:001869	0.998084
all_taxa	PLM-Interact	Structural	AC:001870	0.998285
all_taxa	PLM-Interact	Structural	AC:001871	0.969891
all_taxa	PLM-Interact	Structural	AC:001873	0.999768
all_taxa	PLM-Interact	Structural	AC:001874	0.00109
all_taxa	PLM-Interact	Structural	AC:001875	0.955445
all_taxa	PLM-Interact	Structural	AC:001876	0.999936
all_taxa	PLM-Interact	Structural	AC:001878	0.002688
all_taxa	PLM-Interact	Structural	AC:001879	0.016551
all_taxa	PLM-Interact	Structural	AC:001880	0.999901
all_taxa	PLM-Interact	Structural	AC:001881	0.016288
all_taxa	PLM-Interact	Structural	AC:001882	0.000818
all_taxa	PLM-Interact	Structural	AC:001883	0.999822
all_taxa	PLM-Interact	Structural	AC:001884	0.966371
all_taxa	PLM-Interact	Structural	AC:001885	0.994943
all_taxa	PLM-Interact	Structural	AC:001886	0.00055
all_taxa	PLM-Interact	Structural	AC:001887	0.29733
all_taxa	PLM-Interact	Structural	AC:001888	0.850738
all_taxa	PLM-Interact	Structural	AC:001889	0.098737
all_taxa	PLM-Interact	Structural	AC:001890	0.005494
all_taxa	PLM-Interact	Structural	AC:001891	0.999779
all_taxa	PLM-Interact	Structural	AC:001892	0.999922
all_taxa	PLM-Interact	Structural	AC:001893	0.067339
all_taxa	PLM-Interact	Structural	AC:001894	0.018628
all_taxa	PLM-Interact	Structural	AC:001896	0.999925
all_taxa	PLM-Interact	Structural	AC:001897	0.999942
all_taxa	PLM-Interact	Structural	AC:001899	0.999944
all_taxa	PLM-Interact	Structural	AC:001900	0.997986
all_taxa	PLM-Interact	Structural	AC:001901	0.000783
all_taxa	PLM-Interact	Structural	AC:001902	0.728931
all_taxa	PLM-Interact	Structural	AC:001904	0.999911
all_taxa	PLM-Interact	Structural	AC:001905	0.002738
all_taxa	PLM-Interact	Structural	AC:001906	0.921304
all_taxa	PLM-Interact	Structural	AC:001907	0.999882
all_taxa	PLM-Interact	Structural	AC:001908	0.002702
all_taxa	PLM-Interact	Structural	AC:001910	0.999928
all_taxa	PLM-Interact	Structural	AC:001912	0.998457
all_taxa	PLM-Interact	Structural	AC:001913	0.999799
all_taxa	PLM-Interact	Structural	AC:001914	0.999329
all_taxa	PLM-Interact	Structural	AC:001915	0.999037
all_taxa	PLM-Interact	Structural	AC:001916	0.58787
all_taxa	PLM-Interact	Structural	AC:001917	0.999773
all_taxa	PLM-Interact	Structural	AC:001918	0.420297
all_taxa	PLM-Interact	Structural	AC:001919	0.999933
all_taxa	PLM-Interact	Structural	AC:001920	0.999658
all_taxa	PLM-Interact	Structural	AC:001921	0.038093
all_taxa	PLM-Interact	Structural	AC:001922	0.933491
all_taxa	PLM-Interact	Structural	AC:001923	0.004055
all_taxa	PLM-Interact	Structural	AC:001924	0.999745
all_taxa	PLM-Interact	Structural	AC:001925	0.001057
all_taxa	PLM-Interact	Structural	AC:001926	0.9999
all_taxa	PLM-Interact	Structural	AC:001927	0.001337
all_taxa	PLM-Interact	Structural	AC:001928	0.000406
all_taxa	PLM-Interact	Structural	AC:001929	0.999499
all_taxa	PLM-Interact	Structural	AC:001930	0.99591
all_taxa	PLM-Interact	Structural	AC:001931	0.995145
all_taxa	PLM-Interact	Structural	AC:001932	0.999554
all_taxa	PLM-Interact	Structural	AC:001933	0.999948
all_taxa	PLM-Interact	Structural	AC:001934	0.000119
all_taxa	PLM-Interact	Structural	AC:001937	0.99989
all_taxa	PLM-Interact	Structural	AC:001938	0.9643
all_taxa	PLM-Interact	Structural	AC:001940	0.000193
all_taxa	PLM-Interact	Structural	AC:001942	0.011444
all_taxa	PLM-Interact	Structural	AC:001943	0.999944
all_taxa	PLM-Interact	Structural	AC:001944	0.000766
all_taxa	PLM-Interact	Structural	AC:001946	0.000106
all_taxa	PLM-Interact	Structural	AC:001947	0.271751
all_taxa	PLM-Interact	Structural	AC:001948	0.99931
all_taxa	PLM-Interact	Structural	AC:001949	0.996551
all_taxa	PLM-Interact	Structural	AC:001950	0.0006
all_taxa	PLM-Interact	Structural	AC:001952	0.047754
all_taxa	PLM-Interact	Structural	AC:001953	0.987986
all_taxa	PLM-Interact	Structural	AC:001956	0.999474
all_taxa	PLM-Interact	Structural	AC:001957	0.999835
all_taxa	PLM-Interact	Structural	AC:001958	0.99962
all_taxa	PLM-Interact	Structural	AC:001960	0.001656
all_taxa	PLM-Interact	Structural	AC:001961	0.999389
all_taxa	PLM-Interact	Structural	AC:001964	0.013401
all_taxa	PLM-Interact	Structural	AC:001965	0.988539
all_taxa	PLM-Interact	Structural	AC:001966	0.059638
all_taxa	PLM-Interact	Structural	AC:001967	0.735984
all_taxa	PLM-Interact	Structural	AC:001970	0.999717
all_taxa	PLM-Interact	Structural	AC:001972	0.101584
all_taxa	PLM-Interact	Structural	AC:001973	0.998647
all_taxa	PLM-Interact	Structural	AC:001974	0.999938
all_taxa	PLM-Interact	Structural	AC:001975	0.036179
all_taxa	PLM-Interact	Structural	AC:001976	0.999921
all_taxa	PLM-Interact	Structural	AC:001979	8.2e-05
all_taxa	PLM-Interact	Structural	AC:001980	0.999084
all_taxa	PLM-Interact	Structural	AC:001981	0.999834
all_taxa	PLM-Interact	Structural	AC:001982	0.999941
all_taxa	PLM-Interact	Structural	AC:001983	0.483027
all_taxa	PLM-Interact	Structural	AC:001984	0.999932
all_taxa	PLM-Interact	Structural	AC:001985	0.000326
all_taxa	PLM-Interact	Structural	AC:001986	0.983249
all_taxa	PLM-Interact	Structural	AC:001987	0.999831
all_taxa	PLM-Interact	Structural	AC:001988	0.897135
all_taxa	PLM-Interact	Structural	AC:001989	0.0013
all_taxa	PLM-Interact	Structural	AC:001990	0.026229
all_taxa	PLM-Interact	Structural	AC:001991	0.016458
all_taxa	PLM-Interact	Structural	AC:001993	0.998939
all_taxa	PLM-Interact	Structural	AC:001994	0.000445
all_taxa	PLM-Interact	Structural	AC:001995	0.999808
all_taxa	PLM-Interact	Structural	AC:001996	0.00036
all_taxa	PLM-Interact	Structural	AC:001998	0.999037
all_taxa	PLM-Interact	Structural	AC:001999	0.731248
all_taxa	PLM-Interact	Structural	AC:002000	0.999622
all_taxa	PLM-Interact	Structural	AC:002001	0.999718
all_taxa	PLM-Interact	Structural	AC:002002	0.999542
all_taxa	PLM-Interact	Structural	AC:002003	0.998814
all_taxa	PLM-Interact	Structural	AC:002006	0.002514
all_taxa	PLM-Interact	Structural	AC:002007	0.99962
all_taxa	PLM-Interact	Structural	AC:002008	0.999932
all_taxa	PLM-Interact	Structural	AC:002009	0.999589
all_taxa	PLM-Interact	Structural	AC:002010	0.999945
all_taxa	PLM-Interact	Structural	AC:002011	0.012429
all_taxa	PLM-Interact	Structural	AC:002012	0.999579
all_taxa	PLM-Interact	Structural	AC:002014	0.999578
all_taxa	PLM-Interact	Structural	AC:002015	0.999787
all_taxa	PLM-Interact	Structural	AC:002017	0.999857
all_taxa	PLM-Interact	Structural	AC:002018	0.779359
all_taxa	PLM-Interact	Structural	AC:002019	0.004063
all_taxa	PLM-Interact	Structural	AC:002020	0.001742
all_taxa	PLM-Interact	Structural	AC:002021	0.990084
all_taxa	PLM-Interact	Structural	AC:002022	0.997291
all_taxa	PLM-Interact	Structural	AC:002023	0.999923
all_taxa	PLM-Interact	Structural	AC:002024	0.013035
all_taxa	PLM-Interact	Structural	AC:002025	0.999937
all_taxa	PLM-Interact	Structural	AC:002026	0.030599
all_taxa	PLM-Interact	Structural	AC:002027	0.999908
all_taxa	PLM-Interact	Structural	AC:002028	0.996833
all_taxa	PLM-Interact	Structural	AC:002029	0.014438
all_taxa	PLM-Interact	Structural	AC:002030	0.999913
all_taxa	PLM-Interact	Structural	AC:002031	0.999896
all_taxa	PLM-Interact	Structural	AC:002032	0.02879
all_taxa	PLM-Interact	Structural	AC:002033	0.05163
all_taxa	PLM-Interact	Structural	AC:002034	0.008821
all_taxa	PLM-Interact	Structural	AC:002035	0.999684
all_taxa	PLM-Interact	Structural	AC:002037	0.999939
all_taxa	PLM-Interact	Structural	AC:002038	0.999699
all_taxa	PLM-Interact	Structural	AC:002039	0.99943
all_taxa	PLM-Interact	Structural	AC:002040	0.999863
all_taxa	PLM-Interact	Structural	AC:002041	0.999783
all_taxa	PLM-Interact	Structural	AC:002042	0.691589
all_taxa	PLM-Interact	Structural	AC:002044	0.999879
all_taxa	PLM-Interact	Structural	AC:002045	0.940133
all_taxa	PLM-Interact	Structural	AC:002046	0.999917
all_taxa	PLM-Interact	Structural	AC:002047	0.999889
all_taxa	PLM-Interact	Structural	AC:002049	0.997458
all_taxa	PLM-Interact	Structural	AC:002050	0.989449
all_taxa	PLM-Interact	Structural	AC:002051	0.999743
all_taxa	PLM-Interact	Structural	AC:002052	0.035257
all_taxa	PLM-Interact	Structural	AC:002053	0.009381
all_taxa	PLM-Interact	Structural	AC:002054	0.999944
all_taxa	PLM-Interact	Structural	AC:002055	0.021671
all_taxa	PLM-Interact	Structural	AC:002056	0.190529
all_taxa	PLM-Interact	Structural	AC:002057	0.965303
all_taxa	PLM-Interact	Structural	AC:002058	0.002688
all_taxa	PLM-Interact	Structural	AC:002059	0.999781
all_taxa	PLM-Interact	Structural	AC:002061	0.998684
all_taxa	PLM-Interact	Structural	AC:002062	0.99965
all_taxa	PLM-Interact	Structural	AC:002063	0.055013
all_taxa	PLM-Interact	Structural	AC:002064	0.981109
all_taxa	PLM-Interact	Structural	AC:002065	0.999939
all_taxa	PLM-Interact	Structural	AC:002066	0.021528
all_taxa	PLM-Interact	Structural	AC:002067	0.998039
all_taxa	PLM-Interact	Structural	AC:002069	0.952723
all_taxa	PLM-Interact	Structural	AC:002070	0.865062
all_taxa	PLM-Interact	Structural	AC:002071	0.999896
all_taxa	PLM-Interact	Structural	AC:002072	0.999909
all_taxa	PLM-Interact	Structural	AC:002073	0.125639
all_taxa	PLM-Interact	Structural	AC:002075	0.999733
all_taxa	PLM-Interact	Structural	AC:002077	0.999947
all_taxa	PLM-Interact	Structural	AC:002078	0.996427
all_taxa	PLM-Interact	Structural	AC:002079	0.999917
all_taxa	PLM-Interact	Structural	AC:002080	0.999943
all_taxa	PLM-Interact	Structural	AC:002081	0.999943
all_taxa	PLM-Interact	Structural	AC:002082	0.928161
all_taxa	PLM-Interact	Structural	AC:002083	0.865218
all_taxa	PLM-Interact	Structural	AC:002084	0.009174
all_taxa	PLM-Interact	Structural	AC:002085	0.772264
all_taxa	PLM-Interact	Structural	AC:002086	0.535653
all_taxa	PLM-Interact	Structural	AC:002088	0.999889
all_taxa	PLM-Interact	Structural	AC:002089	0.999906
all_taxa	PLM-Interact	Structural	AC:002090	0.999915
all_taxa	PLM-Interact	Structural	AC:002091	0.996603
all_taxa	PLM-Interact	Structural	AC:002092	0.999917
all_taxa	PLM-Interact	Structural	AC:002093	0.001758
all_taxa	PLM-Interact	Structural	AC:002095	0.999944
all_taxa	PLM-Interact	Structural	AC:002096	0.999907
all_taxa	PLM-Interact	Structural	AC:002097	0.999795
all_taxa	PLM-Interact	Structural	AC:002098	0.999912
all_taxa	PLM-Interact	Structural	AC:002099	0.001102
all_taxa	PLM-Interact	Structural	AC:002100	0.989981
all_taxa	PLM-Interact	Structural	AC:002101	0.947847
all_taxa	PLM-Interact	Structural	AC:002102	0.999682
all_taxa	PLM-Interact	Structural	AC:002103	0.998637
all_taxa	PLM-Interact	Structural	AC:002105	0.999627
all_taxa	PLM-Interact	Structural	AC:002106	0.999925
all_taxa	PLM-Interact	Structural	AC:002107	0.980573
all_taxa	PLM-Interact	Structural	AC:002108	0.999921
all_taxa	PLM-Interact	Structural	AC:002109	0.996988
all_taxa	PLM-Interact	Structural	AC:002110	0.999678
all_taxa	PLM-Interact	Structural	AC:002112	0.999936
all_taxa	PLM-Interact	Structural	AC:002113	0.999719
all_taxa	PLM-Interact	Structural	AC:002116	0.999534
all_taxa	PLM-Interact	Structural	AC:002117	0.998281
all_taxa	PLM-Interact	Structural	AC:002118	0.999937
all_taxa	PLM-Interact	Structural	AC:002119	0.999917
all_taxa	PLM-Interact	Structural	AC:002121	0.998959
all_taxa	PLM-Interact	Structural	AC:002122	0.000184
all_taxa	PLM-Interact	Structural	AC:002123	0.999849
all_taxa	PLM-Interact	Structural	AC:002125	0.999741
all_taxa	PLM-Interact	Structural	AC:002127	0.999732
all_taxa	PLM-Interact	Structural	AC:002128	0.999894
all_taxa	PLM-Interact	Structural	AC:002129	0.993995
all_taxa	PLM-Interact	Structural	AC:002130	0.997034
all_taxa	PLM-Interact	Structural	AC:002131	0.001152
all_taxa	PLM-Interact	Structural	AC:002132	0.000235
all_taxa	PLM-Interact	Structural	AC:002133	0.999932
all_taxa	PLM-Interact	Structural	AC:002134	0.999824
all_taxa	PLM-Interact	Structural	AC:002135	7.3e-05
all_taxa	PLM-Interact	Structural	AC:002136	0.994941
all_taxa	PLM-Interact	Structural	AC:002137	0.999944
all_taxa	PLM-Interact	Structural	AC:002139	0.076287
all_taxa	PLM-Interact	Structural	AC:002140	0.915707
all_taxa	PLM-Interact	Structural	AC:002142	0.858397
all_taxa	PLM-Interact	Structural	AC:002143	0.999678
all_taxa	PLM-Interact	Structural	AC:002144	0.999905
all_taxa	PLM-Interact	Structural	AC:002146	0.997364
all_taxa	PLM-Interact	Structural	AC:002147	0.994442
all_taxa	PLM-Interact	Structural	AC:002148	0.997607
all_taxa	PLM-Interact	Structural	AC:002149	0.999923
all_taxa	PLM-Interact	Structural	AC:002150	0.999596
all_taxa	PLM-Interact	Structural	AC:002151	0.99991
all_taxa	PLM-Interact	Structural	AC:002152	0.999703
all_taxa	PLM-Interact	Structural	AC:002153	0.999888
all_taxa	PLM-Interact	Structural	AC:002154	0.999787
all_taxa	PLM-Interact	Structural	AC:002156	0.04486
all_taxa	PLM-Interact	Structural	AC:002157	0.978809
all_taxa	PLM-Interact	Structural	AC:002158	0.998689
all_taxa	PLM-Interact	Structural	AC:002159	0.993238
all_taxa	PLM-Interact	Structural	AC:002160	0.999481
all_taxa	PLM-Interact	Structural	AC:002161	0.994602
all_taxa	PLM-Interact	Structural	AC:002162	0.999923
all_taxa	PLM-Interact	Structural	AC:002163	0.955621
all_taxa	PLM-Interact	Structural	AC:002164	0.000148
all_taxa	PLM-Interact	Structural	AC:002165	0.268805
all_taxa	PLM-Interact	Structural	AC:002166	0.000607
all_taxa	PLM-Interact	Structural	AC:002168	0.999671
all_taxa	PLM-Interact	Structural	AC:002169	0.998482
all_taxa	PLM-Interact	Structural	AC:002170	0.009979
all_taxa	PLM-Interact	Structural	AC:002171	0.999921
all_taxa	PLM-Interact	Structural	AC:002173	0.99114
all_taxa	PLM-Interact	Structural	AC:002174	0.573675
all_taxa	PLM-Interact	Structural	AC:002175	0.01631
all_taxa	PLM-Interact	Structural	AC:002177	0.989948
all_taxa	PLM-Interact	Structural	AC:002180	0.974603
all_taxa	PLM-Interact	Structural	AC:002184	0.990942
all_taxa	PLM-Interact	Structural	AC:002185	0.968436
all_taxa	PLM-Interact	Structural	AC:002186	0.999929
all_taxa	PLM-Interact	Structural	AC:002187	0.999893
all_taxa	PLM-Interact	Structural	AC:002188	0.992363
all_taxa	PLM-Interact	Structural	AC:002191	0.999804
all_taxa	PLM-Interact	Structural	AC:002192	0.998387
all_taxa	PLM-Interact	Structural	AC:002194	0.999943
all_taxa	PLM-Interact	Structural	AC:002195	0.99974
all_taxa	PLM-Interact	Structural	AC:002197	0.9996
all_taxa	PLM-Interact	Structural	AC:002198	0.992405
all_taxa	PLM-Interact	Structural	AC:002199	0.000529
all_taxa	PLM-Interact	Structural	AC:002200	0.979506
all_taxa	PLM-Interact	Structural	AC:002201	0.994782
all_taxa	PLM-Interact	Structural	AC:002202	0.006488
all_taxa	PLM-Interact	Structural	AC:002203	0.99606
all_taxa	PLM-Interact	Structural	AC:002204	0.996846
all_taxa	PLM-Interact	Structural	AC:002205	0.003817
all_taxa	PLM-Interact	Structural	AC:002206	0.004706
all_taxa	PLM-Interact	Structural	AC:002207	0.004705
all_taxa	PLM-Interact	Structural	AC:002208	0.992402
all_taxa	PLM-Interact	Structural	AC:002209	0.9451
all_taxa	PLM-Interact	Structural	AC:002210	0.996567
all_taxa	PLM-Interact	Structural	AC:002211	0.999127
all_taxa	PLM-Interact	Structural	AC:002213	0.95176
all_taxa	PLM-Interact	Structural	AC:002214	0.999609
all_taxa	PLM-Interact	Structural	AC:002215	0.000437
all_taxa	PLM-Interact	Structural	AC:002216	0.985807
all_taxa	PLM-Interact	Structural	AC:002217	0.999816
all_taxa	PLM-Interact	Structural	AC:002218	0.999828
all_taxa	PLM-Interact	Structural	AC:002219	0.999151
all_taxa	PLM-Interact	Structural	AC:002221	0.999173
all_taxa	PLM-Interact	Structural	AC:002222	0.999916
all_taxa	PLM-Interact	Structural	AC:002223	0.999649
all_taxa	PLM-Interact	Structural	AC:002224	0.993538
all_taxa	PLM-Interact	Structural	AC:002226	0.572483
all_taxa	PLM-Interact	Structural	AC:002227	0.909124
all_taxa	PLM-Interact	Structural	AC:002228	0.993542
all_taxa	PLM-Interact	Structural	AC:002229	0.024017
all_taxa	PLM-Interact	Structural	AC:002230	0.999779
all_taxa	PLM-Interact	Structural	AC:002231	0.982079
all_taxa	PLM-Interact	Structural	AC:002232	0.999516
all_taxa	PLM-Interact	Structural	AC:002233	0.999932
all_taxa	PLM-Interact	Structural	AC:002234	0.977999
all_taxa	PLM-Interact	Structural	AC:002235	0.999908
all_taxa	PLM-Interact	Structural	AC:002236	0.999922
all_taxa	PLM-Interact	Structural	AC:002237	0.999931
all_taxa	PLM-Interact	Structural	AC:002238	0.026704
all_taxa	PLM-Interact	Structural	AC:002240	0.999912
all_taxa	PLM-Interact	Structural	AC:002241	0.742027
all_taxa	PLM-Interact	Structural	AC:002243	0.482042
all_taxa	PLM-Interact	Structural	AC:002244	0.998632
all_taxa	PLM-Interact	Structural	AC:002245	0.402768
all_taxa	PLM-Interact	Structural	AC:002247	0.999792
all_taxa	PLM-Interact	Structural	AC:002248	0.135752
all_taxa	PLM-Interact	Structural	AC:002249	0.999945
all_taxa	PLM-Interact	Structural	AC:002250	0.999886
all_taxa	PLM-Interact	Structural	AC:002251	0.991738
all_taxa	PLM-Interact	Structural	AC:002253	0.999943
all_taxa	PLM-Interact	Structural	AC:002254	0.067372
all_taxa	PLM-Interact	Structural	AC:002255	0.999527
all_taxa	PLM-Interact	Structural	AC:002256	0.999936
all_taxa	PLM-Interact	Structural	AC:002257	0.999929
all_taxa	PLM-Interact	Structural	AC:002258	0.999934
all_taxa	PLM-Interact	Structural	AC:002259	0.035899
all_taxa	PLM-Interact	Structural	AC:002260	0.000137
all_taxa	PLM-Interact	Structural	AC:002262	0.999733
all_taxa	PLM-Interact	Structural	AC:002263	0.999943
all_taxa	PLM-Interact	Structural	AC:002264	0.00207
all_taxa	PLM-Interact	Structural	AC:002266	0.999865
all_taxa	PLM-Interact	Structural	AC:002267	0.998494
all_taxa	PLM-Interact	Structural	AC:002269	0.999802
all_taxa	PLM-Interact	Structural	AC:002270	0.00701
all_taxa	PLM-Interact	Structural	AC:002271	0.925061
all_taxa	PLM-Interact	Structural	AC:002272	0.999855
all_taxa	PLM-Interact	Structural	AC:002273	0.991974
all_taxa	PLM-Interact	Structural	AC:002274	0.99982
all_taxa	PLM-Interact	Structural	AC:002277	0.999055
all_taxa	PLM-Interact	Structural	AC:002278	0.0002
all_taxa	PLM-Interact	Structural	AC:002279	0.999944
all_taxa	PLM-Interact	Structural	AC:002282	0.973732
all_taxa	PLM-Interact	Structural	AC:002283	0.999298
all_taxa	PLM-Interact	Structural	AC:002284	0.999917
all_taxa	PLM-Interact	Structural	AC:002285	0.639692
all_taxa	PLM-Interact	Structural	AC:002286	0.999913
all_taxa	PLM-Interact	Structural	AC:002287	0.000719
all_taxa	PLM-Interact	Structural	AC:002288	0.99937
all_taxa	PLM-Interact	Structural	AC:002289	0.991369
all_taxa	PLM-Interact	Structural	AC:002290	0.999937
all_taxa	PLM-Interact	Structural	AC:002291	0.999938
all_taxa	PLM-Interact	Structural	AC:002292	0.999768
all_taxa	PLM-Interact	Structural	AC:002293	0.999924
all_taxa	PLM-Interact	Structural	AC:002295	0.80586
all_taxa	PLM-Interact	Structural	AC:002296	0.00013
all_taxa	PLM-Interact	Structural	AC:002298	0.999915
all_taxa	PLM-Interact	Structural	AC:002300	0.004071
all_taxa	PLM-Interact	Structural	AC:002301	0.000349
all_taxa	PLM-Interact	Structural	AC:002302	0.029194
all_taxa	PLM-Interact	Structural	AC:002304	0.999943
all_taxa	PLM-Interact	Structural	AC:002305	0.000513
all_taxa	PLM-Interact	Structural	AC:002307	0.998539
all_taxa	PLM-Interact	Structural	AC:002308	0.997929
all_taxa	PLM-Interact	Structural	AC:002310	0.974708
all_taxa	PLM-Interact	Structural	AC:002312	0.974886
all_taxa	PLM-Interact	Structural	AC:002313	0.995342
all_taxa	PLM-Interact	Structural	AC:002314	0.999195
all_taxa	PLM-Interact	Structural	AC:002315	0.000954
all_taxa	PLM-Interact	Structural	AC:002316	0.006152
all_taxa	PLM-Interact	Structural	AC:002317	0.000368
all_taxa	PLM-Interact	Structural	AC:002319	0.999905
all_taxa	PLM-Interact	Structural	AC:002320	0.999824
all_taxa	PLM-Interact	Structural	AC:002321	0.999769
all_taxa	PLM-Interact	Structural	AC:002322	0.9998
all_taxa	PLM-Interact	Structural	AC:002323	0.000602
all_taxa	PLM-Interact	Structural	AC:002324	0.998203
all_taxa	PLM-Interact	Structural	AC:002325	0.996776
all_taxa	PLM-Interact	Structural	AC:002326	0.006379
all_taxa	PLM-Interact	Structural	AC:002327	0.636576
all_taxa	PLM-Interact	Structural	AC:002328	0.989214
all_taxa	PLM-Interact	Structural	AC:002329	0.876702
all_taxa	PLM-Interact	Structural	AC:002330	0.999932
all_taxa	PLM-Interact	Structural	AC:002331	0.725419
all_taxa	PLM-Interact	Structural	AC:002332	0.788229
all_taxa	PLM-Interact	Structural	AC:002333	0.996276
all_taxa	PLM-Interact	Structural	AC:002334	0.999907
all_taxa	PLM-Interact	Structural	AC:002335	0.0002
all_taxa	PLM-Interact	Structural	AC:002336	0.890167
all_taxa	PLM-Interact	Structural	AC:002337	0.99984
all_taxa	PLM-Interact	Structural	AC:002338	0.999872
all_taxa	PLM-Interact	Structural	AC:002339	0.999923
all_taxa	PLM-Interact	Structural	AC:002340	0.997081
all_taxa	PLM-Interact	Structural	AC:002343	0.99992
all_taxa	PLM-Interact	Structural	AC:002344	0.999693
all_taxa	PLM-Interact	Structural	AC:002345	0.97031
all_taxa	PLM-Interact	Structural	AC:002347	0.002579
all_taxa	PLM-Interact	Structural	AC:002349	0.99951
all_taxa	PLM-Interact	Structural	AC:002352	0.999863
all_taxa	PLM-Interact	Structural	AC:002353	0.601023
all_taxa	PLM-Interact	Structural	AC:002354	0.999284
all_taxa	PLM-Interact	Structural	AC:002356	0.746668
all_taxa	PLM-Interact	Structural	AC:002358	0.999871
all_taxa	PLM-Interact	Structural	AC:002360	0.995367
all_taxa	PLM-Interact	Structural	AC:002361	0.998632
all_taxa	PLM-Interact	Structural	AC:002362	0.995738
all_taxa	PLM-Interact	Structural	AC:002363	0.999943
all_taxa	PLM-Interact	Structural	AC:002364	0.068979
all_taxa	PLM-Interact	Structural	AC:002366	0.002013
all_taxa	PLM-Interact	Structural	AC:002368	0.99954
all_taxa	PLM-Interact	Structural	AC:002369	0.002803
all_taxa	PLM-Interact	Structural	AC:002371	0.311985
all_taxa	PLM-Interact	Structural	AC:002373	0.909263
all_taxa	PLM-Interact	Structural	AC:002374	0.95116
all_taxa	PLM-Interact	Structural	AC:002375	0.683248
all_taxa	PLM-Interact	Structural	AC:002376	0.86038
all_taxa	PLM-Interact	Structural	AC:002378	0.642724
all_taxa	PLM-Interact	Structural	AC:002379	0.99994
all_taxa	PLM-Interact	Structural	AC:002380	0.999327
all_taxa	PLM-Interact	Structural	AC:002381	0.011293
all_taxa	PLM-Interact	Structural	AC:002382	0.999883
all_taxa	PLM-Interact	Structural	AC:002383	0.001503
all_taxa	PLM-Interact	Structural	AC:002384	0.999938
all_taxa	PLM-Interact	Structural	AC:002386	0.018886
all_taxa	PLM-Interact	Structural	AC:002387	0.999948
all_taxa	PLM-Interact	Structural	AC:002388	0.000541
all_taxa	PLM-Interact	Structural	AC:002389	0.999531
all_taxa	PLM-Interact	Structural	AC:002390	0.736099
all_taxa	PLM-Interact	Structural	AC:002391	0.998405
all_taxa	PLM-Interact	Structural	AC:002392	0.034966
all_taxa	PLM-Interact	Structural	AC:002393	0.999707
all_taxa	PLM-Interact	Structural	AC:002394	0.999913
all_taxa	PLM-Interact	Structural	AC:002395	0.999911
all_taxa	PLM-Interact	Structural	AC:002396	0.843584
all_taxa	PLM-Interact	Structural	AC:002397	0.999849
all_taxa	PLM-Interact	Structural	AC:002398	0.999517
all_taxa	PLM-Interact	Structural	AC:002399	0.95401
all_taxa	PLM-Interact	Structural	AC:002400	0.002012
all_taxa	PLM-Interact	Structural	AC:002401	0.997232
all_taxa	PLM-Interact	Structural	AC:002402	0.006876
all_taxa	PLM-Interact	Structural	AC:002403	0.593929
all_taxa	PLM-Interact	Structural	AC:002404	0.999905
all_taxa	PLM-Interact	Structural	AC:002405	0.9999
all_taxa	PLM-Interact	Structural	AC:002406	0.998978
all_taxa	PLM-Interact	Structural	AC:002407	0.999379
all_taxa	PLM-Interact	Structural	AC:002408	0.99983
all_taxa	PLM-Interact	Structural	AC:002409	0.999826
all_taxa	PLM-Interact	Structural	AC:002410	0.999572
all_taxa	PLM-Interact	Structural	AC:002411	0.994559
all_taxa	PLM-Interact	Structural	AC:002412	0.999929
all_taxa	PLM-Interact	Structural	AC:002414	0.99635
all_taxa	PLM-Interact	Structural	AC:002415	0.976218
all_taxa	PLM-Interact	Structural	AC:002416	0.993244
all_taxa	PLM-Interact	Structural	AC:002417	0.90511
all_taxa	PLM-Interact	Structural	AC:002418	0.998814
all_taxa	PLM-Interact	Structural	AC:002421	6.6e-05
all_taxa	PLM-Interact	Structural	AC:002423	0.998522
all_taxa	PLM-Interact	Structural	AC:002424	0.999701
all_taxa	PLM-Interact	Structural	AC:002425	0.000119
all_taxa	PLM-Interact	Structural	AC:002426	0.999899
all_taxa	PLM-Interact	Structural	AC:002427	0.996395
all_taxa	PLM-Interact	Structural	AC:002428	0.998996
all_taxa	PLM-Interact	Structural	AC:002429	0.527573
all_taxa	PLM-Interact	Structural	AC:002431	0.999646
all_taxa	PLM-Interact	Structural	AC:002432	0.999899
all_taxa	PLM-Interact	Structural	AC:002433	0.952079
all_taxa	PLM-Interact	Structural	AC:002436	0.035596
all_taxa	PLM-Interact	Structural	AC:002437	0.683587
all_taxa	PLM-Interact	Structural	AC:002439	0.999923
all_taxa	PLM-Interact	Structural	AC:002440	0.994593
all_taxa	PLM-Interact	Structural	AC:002441	0.993704
all_taxa	PLM-Interact	Structural	AC:002442	0.996172
all_taxa	PLM-Interact	Structural	AC:002443	0.589735
all_taxa	PLM-Interact	Structural	AC:002444	0.837443
all_taxa	PLM-Interact	Structural	AC:002445	0.999848
all_taxa	PLM-Interact	Structural	AC:002446	0.99992
all_taxa	PLM-Interact	Structural	AC:002447	0.999938
all_taxa	PLM-Interact	Structural	AC:002448	0.999853
all_taxa	PLM-Interact	Structural	AC:002450	0.022134
all_taxa	PLM-Interact	Structural	AC:002451	0.999831
all_taxa	PLM-Interact	Structural	AC:002453	0.999843
all_taxa	PLM-Interact	Structural	AC:002455	0.999801
all_taxa	PLM-Interact	Structural	AC:002456	0.999892
all_taxa	PLM-Interact	Structural	AC:002457	0.999257
all_taxa	PLM-Interact	Structural	AC:002459	7e-05
all_taxa	PLM-Interact	Structural	AC:002460	0.999924
all_taxa	PLM-Interact	Structural	AC:002461	0.997339
all_taxa	PLM-Interact	Structural	AC:002462	0.962995
all_taxa	PLM-Interact	Structural	AC:002463	0.999898
all_taxa	PLM-Interact	Structural	AC:002464	0.846868
all_taxa	PLM-Interact	Structural	AC:002465	0.998357
all_taxa	PLM-Interact	Structural	AC:002466	0.001474
all_taxa	PLM-Interact	Structural	AC:002468	0.997369
all_taxa	PLM-Interact	Structural	AC:002469	0.011133
all_taxa	PLM-Interact	Structural	AC:002471	0.000993
all_taxa	PLM-Interact	Structural	AC:002473	0.999405
all_taxa	PLM-Interact	Structural	AC:002475	0.005685
all_taxa	PLM-Interact	Structural	AC:002476	0.950343
all_taxa	PLM-Interact	Structural	AC:002477	0.998803
all_taxa	PLM-Interact	Structural	AC:002479	0.999832
all_taxa	PLM-Interact	Structural	AC:002481	0.047989
all_taxa	PLM-Interact	Structural	AC:002482	0.004966
all_taxa	PLM-Interact	Structural	AC:002483	0.011753
all_taxa	PLM-Interact	Structural	AC:002484	0.97546
all_taxa	PLM-Interact	Structural	AC:002486	0.26496
all_taxa	PLM-Interact	Structural	AC:002487	0.19962
all_taxa	PLM-Interact	Structural	AC:002490	0.988746
all_taxa	PLM-Interact	Structural	AC:002491	0.999771
all_taxa	PLM-Interact	Structural	AC:002492	0.998
all_taxa	PLM-Interact	Structural	AC:002493	0.002967
all_taxa	PLM-Interact	Structural	AC:002494	0.989952
all_taxa	PLM-Interact	Structural	AC:002495	0.987606
all_taxa	PLM-Interact	Structural	AC:002496	0.994352
all_taxa	PLM-Interact	Structural	AC:002497	0.998776
all_taxa	PLM-Interact	Structural	AC:002499	0.000625
all_taxa	PLM-Interact	Structural	AC:002500	0.99931
all_taxa	PLM-Interact	Structural	AC:002501	0.999296
all_taxa	PLM-Interact	Structural	AC:002502	0.999793
all_taxa	PLM-Interact	Structural	AC:002503	0.998481
all_taxa	PLM-Interact	Structural	AC:002504	0.999767
all_taxa	PLM-Interact	Structural	AC:002506	0.001769
all_taxa	PLM-Interact	Structural	AC:002507	0.02965
all_taxa	PLM-Interact	Structural	AC:002508	0.070795
all_taxa	PLM-Interact	Structural	AC:002509	0.001298
all_taxa	PLM-Interact	Structural	AC:002510	0.714753
all_taxa	PLM-Interact	Structural	AC:002513	0.999776
all_taxa	PLM-Interact	Structural	AC:002514	0.999295
all_taxa	PLM-Interact	Structural	AC:002515	0.999923
all_taxa	PLM-Interact	Structural	AC:002516	0.999697
all_taxa	PLM-Interact	Structural	AC:002517	0.998482
all_taxa	PLM-Interact	Structural	AC:002518	0.998987
all_taxa	PLM-Interact	Structural	AC:002519	0.057896
all_taxa	PLM-Interact	Structural	AC:002520	0.999372
all_taxa	PLM-Interact	Structural	AC:002522	0.999936
all_taxa	PLM-Interact	Structural	AC:002523	0.999941
all_taxa	PLM-Interact	Structural	AC:002524	0.986516
all_taxa	PLM-Interact	Structural	AC:002525	0.999851
all_taxa	PLM-Interact	Structural	AC:002526	0.979867
all_taxa	PLM-Interact	Structural	AC:002527	0.999707
all_taxa	PLM-Interact	Structural	AC:002528	0.519211
all_taxa	PLM-Interact	Structural	AC:002529	0.90511
all_taxa	PLM-Interact	Structural	AC:002531	0.024231
all_taxa	PLM-Interact	Structural	AC:002532	0.999887
all_taxa	PLM-Interact	Structural	AC:002533	0.998413
all_taxa	PLM-Interact	Structural	AC:002534	0.997423
all_taxa	PLM-Interact	Structural	AC:002535	0.999407
all_taxa	PLM-Interact	Structural	AC:002536	0.999943
all_taxa	PLM-Interact	Structural	AC:002537	0.988513
all_taxa	PLM-Interact	Structural	AC:002538	0.989654
all_taxa	PLM-Interact	Structural	AC:002539	0.999892
all_taxa	PLM-Interact	Structural	AC:002541	0.999788
all_taxa	PLM-Interact	Structural	AC:002543	0.91538
all_taxa	PLM-Interact	Structural	AC:002545	0.999938
all_taxa	PLM-Interact	Structural	AC:002546	0.000421
all_taxa	PLM-Interact	Structural	AC:002548	0.999836
all_taxa	PLM-Interact	Structural	AC:002549	0.00038
all_taxa	PLM-Interact	Structural	AC:002550	0.999759
all_taxa	PLM-Interact	Structural	AC:002552	5.9e-05
all_taxa	PLM-Interact	Structural	AC:002553	0.999828
all_taxa	PLM-Interact	Structural	AC:002555	7.4e-05
all_taxa	PLM-Interact	Structural	AC:002557	0.997478
all_taxa	PLM-Interact	Structural	AC:002558	0.999941
all_taxa	PLM-Interact	Structural	AC:002559	0.007747
all_taxa	PLM-Interact	Structural	AC:002560	0.069453
all_taxa	PLM-Interact	Structural	AC:002561	0.151493
all_taxa	PLM-Interact	Structural	AC:002562	0.998528
all_taxa	PLM-Interact	Structural	AC:002563	0.003728
all_taxa	PLM-Interact	Structural	AC:002564	0.999846
all_taxa	PLM-Interact	Structural	AC:002565	0.999946
all_taxa	PLM-Interact	Structural	AC:002566	0.877267
all_taxa	PLM-Interact	Structural	AC:002567	0.00098
all_taxa	PLM-Interact	Structural	AC:002568	0.999819
all_taxa	PLM-Interact	Structural	AC:002569	0.042116
all_taxa	PLM-Interact	Structural	AC:002570	0.999943
all_taxa	PLM-Interact	Structural	AC:002571	0.994414
all_taxa	PLM-Interact	Structural	AC:002572	0.999376
all_taxa	PLM-Interact	Structural	AC:002573	0.999105
all_taxa	PLM-Interact	Structural	AC:002574	0.000391
all_taxa	PLM-Interact	Structural	AC:002575	0.999936
all_taxa	PLM-Interact	Structural	AC:002577	0.999008
all_taxa	PLM-Interact	Structural	AC:002578	0.999703
all_taxa	PLM-Interact	Structural	AC:002579	0.986401
all_taxa	PLM-Interact	Structural	AC:002580	0.99995
all_taxa	PLM-Interact	Structural	AC:002581	0.999941
all_taxa	PLM-Interact	Structural	AC:002582	0.00187
all_taxa	PLM-Interact	Structural	AC:002583	0.999214
all_taxa	PLM-Interact	Structural	AC:002584	0.02091
all_taxa	PLM-Interact	Structural	AC:002586	0.999731
all_taxa	PLM-Interact	Structural	AC:002588	0.99993
all_taxa	PLM-Interact	Structural	AC:002589	0.725538
all_taxa	PLM-Interact	Structural	AC:002590	0.997303
all_taxa	PLM-Interact	Structural	AC:002591	0.982497
all_taxa	PLM-Interact	Structural	AC:002592	0.997071
all_taxa	PLM-Interact	Structural	AC:002593	0.999879
all_taxa	PLM-Interact	Structural	AC:002594	0.130866
all_taxa	PLM-Interact	Structural	AC:002595	0.007686
all_taxa	PLM-Interact	Structural	AC:002596	0.999677
all_taxa	PLM-Interact	Structural	AC:002597	0.999785
all_taxa	PLM-Interact	Structural	AC:002598	0.999945
all_taxa	PLM-Interact	Structural	AC:002599	0.998214
all_taxa	PLM-Interact	Structural	AC:002601	0.000643
all_taxa	PLM-Interact	Structural	AC:002603	0.000161
all_taxa	PLM-Interact	Structural	AC:002604	0.999058
all_taxa	PLM-Interact	Structural	AC:002607	0.95551
all_taxa	PLM-Interact	Structural	AC:002608	0.999886
all_taxa	PLM-Interact	Structural	AC:002609	0.999696
all_taxa	PLM-Interact	Structural	AC:002610	0.999454
all_taxa	PLM-Interact	Structural	AC:002611	0.999942
all_taxa	PLM-Interact	Structural	AC:002612	0.999943
all_taxa	PLM-Interact	Structural	AC:002613	0.998816
all_taxa	PLM-Interact	Structural	AC:002614	0.999907
all_taxa	PLM-Interact	Structural	AC:002615	0.999864
all_taxa	PLM-Interact	Structural	AC:002616	0.98721
all_taxa	PLM-Interact	Structural	AC:002617	0.998537
all_taxa	PLM-Interact	Structural	AC:002618	0.975879
all_taxa	PLM-Interact	Structural	AC:002619	6e-05
all_taxa	PLM-Interact	Structural	AC:002620	0.975384
all_taxa	PLM-Interact	Structural	AC:002621	0.999935
all_taxa	PLM-Interact	Structural	AC:002622	0.999893
all_taxa	PLM-Interact	Structural	AC:002623	0.993904
all_taxa	PLM-Interact	Structural	AC:002625	0.999736
all_taxa	PLM-Interact	Structural	AC:002626	0.081431
all_taxa	PLM-Interact	Structural	AC:002628	0.999925
all_taxa	PLM-Interact	Structural	AC:002629	0.999938
all_taxa	PLM-Interact	Structural	AC:002630	0.990171
all_taxa	PLM-Interact	Structural	AC:002631	0.999945
all_taxa	PLM-Interact	Structural	AC:002632	0.999939
all_taxa	PLM-Interact	Structural	AC:002633	0.998666
all_taxa	PLM-Interact	Structural	AC:002634	0.781191
all_taxa	PLM-Interact	Structural	AC:002635	0.983589
all_taxa	PLM-Interact	Structural	AC:002636	0.961154
all_taxa	PLM-Interact	Structural	AC:002637	0.999847
all_taxa	PLM-Interact	Structural	AC:002638	0.005231
all_taxa	PLM-Interact	Structural	AC:002639	0.005676
all_taxa	PLM-Interact	Structural	AC:002640	0.999812
all_taxa	PLM-Interact	Structural	AC:002642	0.413379
all_taxa	PLM-Interact	Structural	AC:002643	0.999926
all_taxa	PLM-Interact	Structural	AC:002644	0.000286
all_taxa	PLM-Interact	Structural	AC:002645	0.999935
all_taxa	PLM-Interact	Structural	AC:002646	0.998697
all_taxa	PLM-Interact	Structural	AC:002647	0.000707
all_taxa	PLM-Interact	Structural	AC:002649	0.000882
all_taxa	PLM-Interact	Structural	AC:002650	0.010203
all_taxa	PLM-Interact	Structural	AC:002651	0.000189
all_taxa	PLM-Interact	Structural	AC:002652	0.998098
all_taxa	PLM-Interact	Structural	AC:002653	0.999153
all_taxa	PLM-Interact	Structural	AC:002655	0.999596
all_taxa	PLM-Interact	Structural	AC:002656	0.897753
all_taxa	PLM-Interact	Structural	AC:002657	0.992628
all_taxa	PLM-Interact	Structural	AC:002658	0.000365
all_taxa	PLM-Interact	Structural	AC:002659	0.999921
all_taxa	PLM-Interact	Structural	AC:002660	0.999328
all_taxa	PLM-Interact	Structural	AC:002661	0.999871
all_taxa	PLM-Interact	Structural	AC:002662	0.999924
all_taxa	PLM-Interact	Structural	AC:002663	0.999859
all_taxa	PLM-Interact	Structural	AC:002664	0.998576
all_taxa	PLM-Interact	Structural	AC:002665	0.999915
all_taxa	PLM-Interact	Structural	AC:002666	0.001992
all_taxa	PLM-Interact	Structural	AC:002667	0.027209
all_taxa	PLM-Interact	Structural	AC:002668	0.999718
all_taxa	PLM-Interact	Structural	AC:002669	0.000615
all_taxa	PLM-Interact	Structural	AC:002671	0.999885
all_taxa	PLM-Interact	Structural	AC:002672	0.569755
all_taxa	PLM-Interact	Structural	AC:002674	0.999329
all_taxa	PLM-Interact	Structural	AC:002675	0.997293
all_taxa	PLM-Interact	Structural	AC:002677	0.99739
all_taxa	PLM-Interact	Structural	AC:002678	0.999796
all_taxa	PLM-Interact	Structural	AC:002679	0.841543
all_taxa	PLM-Interact	Structural	AC:002680	0.001268
all_taxa	PLM-Interact	Structural	AC:002681	0.999936
all_taxa	PLM-Interact	Structural	AC:002683	9.5e-05
all_taxa	PLM-Interact	Structural	AC:002684	0.996705
all_taxa	PLM-Interact	Structural	AC:002685	0.108968
all_taxa	PLM-Interact	Structural	AC:002686	0.997855
all_taxa	PLM-Interact	Structural	AC:002687	0.999358
all_taxa	PLM-Interact	Structural	AC:002688	0.027415
all_taxa	PLM-Interact	Structural	AC:002689	0.999811
all_taxa	PLM-Interact	Structural	AC:002690	0.460797
all_taxa	PLM-Interact	Structural	AC:002691	0.998122
all_taxa	PLM-Interact	Structural	AC:002692	0.017696
all_taxa	PLM-Interact	Structural	AC:002693	0.999732
all_taxa	PLM-Interact	Structural	AC:002694	0.999927
all_taxa	PLM-Interact	Structural	AC:002695	0.389356
all_taxa	PLM-Interact	Structural	AC:002697	0.999839
all_taxa	PLM-Interact	Structural	AC:002698	0.998975
all_taxa	PLM-Interact	Structural	AC:002699	0.372747
all_taxa	PLM-Interact	Structural	AC:002700	0.999386
all_taxa	PLM-Interact	Structural	AC:002702	0.999898
all_taxa	PLM-Interact	Structural	AC:002704	0.000243
all_taxa	PLM-Interact	Structural	AC:002705	0.999934
all_taxa	PLM-Interact	Structural	AC:002706	0.158214
all_taxa	PLM-Interact	Structural	AC:002707	0.999721
all_taxa	PLM-Interact	Structural	AC:002708	0.999516
all_taxa	PLM-Interact	Structural	AC:002709	0.242588
all_taxa	PLM-Interact	Structural	AC:002710	0.999351
all_taxa	PLM-Interact	Structural	AC:002711	0.999756
all_taxa	PLM-Interact	Structural	AC:002713	0.000912
all_taxa	PLM-Interact	Structural	AC:002714	0.009224
all_taxa	PLM-Interact	Structural	AC:002716	0.999948
all_taxa	PLM-Interact	Structural	AC:002717	0.998049
all_taxa	PLM-Interact	Structural	AC:002718	0.996857
all_taxa	PLM-Interact	Structural	AC:002719	0.999724
all_taxa	PLM-Interact	Structural	AC:002720	0.997016
all_taxa	PLM-Interact	Structural	AC:002721	0.999611
all_taxa	PLM-Interact	Structural	AC:002723	0.999936
all_taxa	PLM-Interact	Structural	AC:002724	0.000273
all_taxa	PLM-Interact	Structural	AC:002725	0.970221
all_taxa	PLM-Interact	Structural	AC:002726	0.99957
all_taxa	PLM-Interact	Structural	AC:002728	0.013591
all_taxa	PLM-Interact	Structural	AC:002729	0.999936
all_taxa	PLM-Interact	Structural	AC:002730	0.001135
all_taxa	PLM-Interact	Structural	AC:002731	0.999534
all_taxa	PLM-Interact	Structural	AC:002732	0.895495
all_taxa	PLM-Interact	Structural	AC:002733	0.999299
all_taxa	PLM-Interact	Structural	AC:002735	0.991023
all_taxa	PLM-Interact	Structural	AC:002736	0.999781
all_taxa	PLM-Interact	Structural	AC:002737	0.999164
all_taxa	PLM-Interact	Structural	AC:002740	0.999733
all_taxa	PLM-Interact	Structural	AC:002741	0.000372
all_taxa	PLM-Interact	Structural	AC:002744	0.001304
all_taxa	PLM-Interact	Structural	AC:002745	0.999944
all_taxa	PLM-Interact	Structural	AC:002747	0.996218
all_taxa	PLM-Interact	Structural	AC:002748	0.995815
all_taxa	PLM-Interact	Structural	AC:002749	0.999872
all_taxa	PLM-Interact	Structural	AC:002751	0.999601
all_taxa	PLM-Interact	Structural	AC:002752	0.136433
all_taxa	PLM-Interact	Structural	AC:002754	0.964939
all_taxa	PLM-Interact	Structural	AC:002755	0.000135
all_taxa	PLM-Interact	Structural	AC:002756	0.999922
all_taxa	PLM-Interact	Structural	AC:002757	0.997419
all_taxa	PLM-Interact	Structural	AC:002758	0.997753
all_taxa	PLM-Interact	Structural	AC:002759	0.100292
all_taxa	PLM-Interact	Structural	AC:002760	0.128891
all_taxa	PLM-Interact	Structural	AC:002761	0.998037
all_taxa	PLM-Interact	Structural	AC:002762	0.999563
all_taxa	PLM-Interact	Structural	AC:002763	0.216789
all_taxa	PLM-Interact	Structural	AC:002764	0.499163
all_taxa	PLM-Interact	Structural	AC:002765	0.999823
all_taxa	PLM-Interact	Structural	AC:002766	0.981679
all_taxa	PLM-Interact	Structural	AC:002767	0.999726
all_taxa	PLM-Interact	Structural	AC:002768	0.015164
all_taxa	PLM-Interact	Structural	AC:002769	0.990715
all_taxa	PLM-Interact	Structural	AC:002770	0.999935
all_taxa	PLM-Interact	Structural	AC:002773	0.998981
all_taxa	PLM-Interact	Structural	AC:002774	0.999886
all_taxa	PLM-Interact	Structural	AC:002776	0.010972
all_taxa	PLM-Interact	Structural	AC:002778	0.999849
all_taxa	PLM-Interact	Structural	AC:002779	0.000477
all_taxa	PLM-Interact	Structural	AC:002780	0.027981
all_taxa	PLM-Interact	Structural	AC:002782	0.433971
all_taxa	PLM-Interact	Structural	AC:002784	0.995906
all_taxa	PLM-Interact	Structural	AC:002787	0.999874
all_taxa	PLM-Interact	Structural	AC:002788	0.948361
all_taxa	PLM-Interact	Structural	AC:002789	0.999888
all_taxa	PLM-Interact	Structural	AC:002790	0.999881
all_taxa	PLM-Interact	Structural	AC:002791	0.998997
all_taxa	PLM-Interact	Structural	AC:002792	0.998138
all_taxa	PLM-Interact	Structural	AC:002793	0.992067
all_taxa	PLM-Interact	Structural	AC:002794	0.474331
all_taxa	PLM-Interact	Structural	AC:002795	0.999855
all_taxa	PLM-Interact	Structural	AC:002796	0.884501
all_taxa	PLM-Interact	Structural	AC:002797	0.999936
all_taxa	PLM-Interact	Structural	AC:002800	0.010213
all_taxa	PLM-Interact	Structural	AC:002801	0.018194
all_taxa	PLM-Interact	Structural	AC:002803	0.999948
all_taxa	PLM-Interact	Structural	AC:002804	0.999848
all_taxa	PLM-Interact	Structural	AC:002805	0.052713
all_taxa	PLM-Interact	Structural	AC:002806	0.999921
all_taxa	PLM-Interact	Structural	AC:002807	0.973949
all_taxa	PLM-Interact	Structural	AC:002808	0.997024
all_taxa	PLM-Interact	Structural	AC:002809	0.008741
all_taxa	PLM-Interact	Structural	AC:002810	0.996278
all_taxa	PLM-Interact	Structural	AC:002811	0.000406
all_taxa	PLM-Interact	Structural	AC:002812	0.001851
all_taxa	PLM-Interact	Structural	AC:002813	0.996954
all_taxa	PLM-Interact	Structural	AC:002814	0.962464
all_taxa	PLM-Interact	Structural	AC:002815	0.027979
all_taxa	PLM-Interact	Structural	AC:002816	0.999863
all_taxa	PLM-Interact	Structural	AC:002817	0.005438
all_taxa	PLM-Interact	Structural	AC:002818	0.024447
all_taxa	PLM-Interact	Structural	AC:002819	0.998712
all_taxa	PLM-Interact	Structural	AC:002820	0.487027
all_taxa	PLM-Interact	Structural	AC:002823	0.00038
all_taxa	PLM-Interact	Structural	AC:002824	0.172178
all_taxa	PLM-Interact	Structural	AC:002825	0.98529
all_taxa	PLM-Interact	Structural	AC:002826	0.999933
all_taxa	PLM-Interact	Structural	AC:002828	0.00173
all_taxa	PLM-Interact	Structural	AC:002830	0.999787
all_taxa	PLM-Interact	Structural	AC:002832	0.999913
all_taxa	PLM-Interact	Structural	AC:002835	0.996192
all_taxa	PLM-Interact	Structural	AC:002836	0.052488
all_taxa	PLM-Interact	Structural	AC:002837	0.999109
all_taxa	PLM-Interact	Structural	AC:002838	0.844521
all_taxa	PLM-Interact	Structural	AC:002839	0.001464
all_taxa	PLM-Interact	Structural	AC:002840	0.003172
all_taxa	PLM-Interact	Structural	AC:002841	0.001896
all_taxa	PLM-Interact	Structural	AC:002843	0.001011
all_taxa	PLM-Interact	Structural	AC:002845	0.000125
all_taxa	PLM-Interact	Structural	AC:002846	0.998054
all_taxa	PLM-Interact	Structural	AC:002847	0.003503
all_taxa	PLM-Interact	Structural	AC:002848	0.00065
all_taxa	PLM-Interact	Structural	AC:002849	0.998309
all_taxa	PLM-Interact	Structural	AC:002850	0.906275
all_taxa	PLM-Interact	Structural	AC:002852	0.999606
all_taxa	PLM-Interact	Structural	AC:002853	0.999933
all_taxa	PLM-Interact	Structural	AC:002854	0.000543
all_taxa	PLM-Interact	Structural	AC:002855	0.008549
all_taxa	PLM-Interact	Structural	AC:002856	0.999659
all_taxa	PLM-Interact	Structural	AC:002857	0.174151
all_taxa	PLM-Interact	Structural	AC:002858	0.923681
all_taxa	PLM-Interact	Structural	AC:002859	0.998414
all_taxa	PLM-Interact	Structural	AC:002860	0.999769
all_taxa	PLM-Interact	Structural	AC:002861	0.999937
all_taxa	PLM-Interact	Structural	AC:002862	0.980919
all_taxa	PLM-Interact	Structural	AC:002864	0.999829
all_taxa	PLM-Interact	Structural	AC:002865	0.997194
all_taxa	PLM-Interact	Structural	AC:002866	0.999943
all_taxa	PLM-Interact	Structural	AC:002867	0.998413
all_taxa	PLM-Interact	Structural	AC:002869	0.999622
all_taxa	PLM-Interact	Structural	AC:002870	0.338977
all_taxa	PLM-Interact	Structural	AC:002871	0.999353
all_taxa	PLM-Interact	Structural	AC:002872	0.999188
all_taxa	PLM-Interact	Structural	AC:002873	7.8e-05
all_taxa	PLM-Interact	Structural	AC:002874	0.972687
all_taxa	PLM-Interact	Structural	AC:002875	0.999927
all_taxa	PLM-Interact	Structural	AC:002877	0.999793
all_taxa	PLM-Interact	Structural	AC:002878	0.187194
all_taxa	PLM-Interact	Structural	AC:002879	0.999898
all_taxa	PLM-Interact	Structural	AC:002881	0.999522
all_taxa	PLM-Interact	Structural	AC:002882	0.999691
all_taxa	PLM-Interact	Structural	AC:002883	0.000153
all_taxa	PLM-Interact	Structural	AC:002884	0.999942
all_taxa	PLM-Interact	Structural	AC:002885	0.999649
all_taxa	PLM-Interact	Structural	AC:002886	0.999927
all_taxa	PLM-Interact	Structural	AC:002887	0.932009
all_taxa	PLM-Interact	Structural	AC:002888	0.001395
all_taxa	PLM-Interact	Structural	AC:002889	0.999507
all_taxa	PLM-Interact	Structural	AC:002890	0.03872
all_taxa	PLM-Interact	Structural	AC:002893	0.999834
all_taxa	PLM-Interact	Structural	AC:002894	0.999005
all_taxa	PLM-Interact	Structural	AC:002896	0.999215
all_taxa	PLM-Interact	Structural	AC:002898	0.178389
all_taxa	PLM-Interact	Structural	AC:002899	0.663496
all_taxa	PLM-Interact	Structural	AC:002900	0.999529
all_taxa	PLM-Interact	Structural	AC:002901	0.999909
all_taxa	PLM-Interact	Structural	AC:002902	0.999873
all_taxa	PLM-Interact	Structural	AC:002903	0.999159
all_taxa	PLM-Interact	Structural	AC:002904	0.00238
all_taxa	PLM-Interact	Structural	AC:002905	0.94694
all_taxa	PLM-Interact	Structural	AC:002906	0.99931
all_taxa	PLM-Interact	Structural	AC:002907	0.311764
all_taxa	PLM-Interact	Structural	AC:002908	0.000606
all_taxa	PLM-Interact	Structural	AC:002909	0.999927
all_taxa	PLM-Interact	Structural	AC:002910	0.999939
all_taxa	PLM-Interact	Structural	AC:002911	0.759268
all_taxa	PLM-Interact	Structural	AC:002914	0.132632
all_taxa	PLM-Interact	Structural	AC:002915	0.995167
all_taxa	PLM-Interact	Structural	AC:002916	0.004623
all_taxa	PLM-Interact	Structural	AC:002917	0.994953
all_taxa	PLM-Interact	Structural	AC:002918	0.001731
all_taxa	PLM-Interact	Structural	AC:002919	0.002618
all_taxa	PLM-Interact	Structural	AC:002920	0.999935
all_taxa	PLM-Interact	Structural	AC:002921	0.899185
all_taxa	PLM-Interact	Structural	AC:002922	0.999902
all_taxa	PLM-Interact	Structural	AC:002924	0.999381
all_taxa	PLM-Interact	Structural	AC:002925	0.998097
all_taxa	PLM-Interact	Structural	AC:002926	0.998042
all_taxa	PLM-Interact	Structural	AC:002927	0.559585
all_taxa	PLM-Interact	Structural	AC:002928	0.999936
all_taxa	PLM-Interact	Structural	AC:002929	0.999879
all_taxa	PLM-Interact	Structural	AC:002930	0.999923
all_taxa	PLM-Interact	Structural	AC:002931	0.002829
all_taxa	PLM-Interact	Structural	AC:002932	0.992554
all_taxa	PLM-Interact	Structural	AC:002933	0.999005
all_taxa	PLM-Interact	Structural	AC:002934	0.671746
all_taxa	PLM-Interact	Structural	AC:002935	0.999579
all_taxa	PLM-Interact	Structural	AC:002936	0.999936
all_taxa	PLM-Interact	Structural	AC:002938	0.879644
all_taxa	PLM-Interact	Structural	AC:002939	7.8e-05
all_taxa	PLM-Interact	Structural	AC:002940	0.990734
all_taxa	PLM-Interact	Structural	AC:002941	0.999943
all_taxa	PLM-Interact	Structural	AC:002942	0.995408
all_taxa	PLM-Interact	Structural	AC:002943	0.990845
all_taxa	PLM-Interact	Structural	AC:002945	0.239277
all_taxa	PLM-Interact	Structural	AC:002946	0.999932
all_taxa	PLM-Interact	Structural	AC:002948	0.954767
all_taxa	PLM-Interact	Structural	AC:002949	0.99833
all_taxa	PLM-Interact	Structural	AC:002951	0.98682
all_taxa	PLM-Interact	Structural	AC:002953	0.994034
all_taxa	PLM-Interact	Structural	AC:002954	0.999947
all_taxa	PLM-Interact	Structural	AC:002955	0.000766
all_taxa	PLM-Interact	Structural	AC:002957	0.690152
all_taxa	PLM-Interact	Structural	AC:002958	0.999882
all_taxa	PLM-Interact	Structural	AC:002959	0.99972
all_taxa	PLM-Interact	Structural	AC:002962	0.000554
all_taxa	PLM-Interact	Structural	AC:002963	0.518097
all_taxa	PLM-Interact	Structural	AC:002964	0.000638
all_taxa	PLM-Interact	Structural	AC:002965	0.99992
all_taxa	PLM-Interact	Structural	AC:002966	0.999706
all_taxa	PLM-Interact	Structural	AC:002967	0.000179
all_taxa	PLM-Interact	Structural	AC:002968	0.000139
all_taxa	PLM-Interact	Structural	AC:002969	0.997571
all_taxa	PLM-Interact	Structural	AC:002971	0.999925
all_taxa	PLM-Interact	Structural	AC:002973	0.000669
all_taxa	PLM-Interact	Structural	AC:002974	0.000256
all_taxa	PLM-Interact	Structural	AC:002975	0.999942
all_taxa	PLM-Interact	Structural	AC:002976	0.999571
all_taxa	PLM-Interact	Structural	AC:002978	0.999935
all_taxa	PLM-Interact	Structural	AC:002979	0.999183
all_taxa	PLM-Interact	Structural	AC:002980	0.999921
all_taxa	PLM-Interact	Structural	AC:002981	0.000354
all_taxa	PLM-Interact	Structural	AC:002982	0.406157
all_taxa	PLM-Interact	Structural	AC:002983	0.999877
all_taxa	PLM-Interact	Structural	AC:002984	0.997978
all_taxa	PLM-Interact	Structural	AC:002985	0.999944
all_taxa	PLM-Interact	Structural	AC:002986	0.998976
all_taxa	PLM-Interact	Structural	AC:002987	0.999943
all_taxa	PLM-Interact	Structural	AC:002989	0.000477
all_taxa	PLM-Interact	Structural	AC:002990	0.000816
all_taxa	PLM-Interact	Structural	AC:002992	0.999946
all_taxa	PLM-Interact	Structural	AC:002993	0.998495
all_taxa	PLM-Interact	Structural	AC:002995	0.000469
all_taxa	PLM-Interact	Structural	AC:002996	0.033142
all_taxa	PLM-Interact	Structural	AC:002997	0.016726
all_taxa	PLM-Interact	Structural	AC:002998	0.999945
all_taxa	PLM-Interact	Structural	AC:003000	0.99988
all_taxa	PLM-Interact	Structural	AC:003001	0.009709
all_taxa	PLM-Interact	Structural	AC:003002	0.00013
all_taxa	PLM-Interact	Structural	AC:003003	0.997232
all_taxa	PLM-Interact	Structural	AC:003004	0.00025
all_taxa	PLM-Interact	Structural	AC:003005	0.000877
all_taxa	PLM-Interact	Structural	AC:003007	0.999938
all_taxa	PLM-Interact	Structural	AC:003008	0.999764
all_taxa	PLM-Interact	Structural	AC:003010	0.516585
all_taxa	PLM-Interact	Structural	AC:003011	0.999918
all_taxa	PLM-Interact	Structural	AC:003012	0.999795
all_taxa	PLM-Interact	Structural	AC:003013	0.019059
all_taxa	PLM-Interact	Structural	AC:003014	6.9e-05
all_taxa	PLM-Interact	Structural	AC:003016	0.999927
all_taxa	PLM-Interact	Structural	AC:003017	0.987917
all_taxa	PLM-Interact	Structural	AC:003018	0.996928
all_taxa	PLM-Interact	Structural	AC:003019	0.787018
all_taxa	PLM-Interact	Structural	AC:003020	0.649088
all_taxa	PLM-Interact	Structural	AC:003021	0.999944
all_taxa	PLM-Interact	Structural	AC:003023	0.038893
all_taxa	PLM-Interact	Structural	AC:003024	0.999941
all_taxa	PLM-Interact	Structural	AC:003026	0.825536
all_taxa	PLM-Interact	Structural	AC:003027	0.999445
all_taxa	PLM-Interact	Structural	AC:003028	0.999939
all_taxa	PLM-Interact	Structural	AC:003029	0.059703
all_taxa	PLM-Interact	Structural	AC:003030	0.999778
all_taxa	PLM-Interact	Structural	AC:003031	0.959034
all_taxa	PLM-Interact	Structural	AC:003032	0.999682
all_taxa	PLM-Interact	Structural	AC:003033	0.927253
all_taxa	PLM-Interact	Structural	AC:003035	0.99994
all_taxa	PLM-Interact	Structural	AC:003036	0.055841
all_taxa	PLM-Interact	Structural	AC:003037	0.999907
all_taxa	PLM-Interact	Structural	AC:003038	0.999531
all_taxa	PLM-Interact	Structural	AC:003039	0.99831
all_taxa	PLM-Interact	Structural	AC:003041	0.997842
all_taxa	PLM-Interact	Structural	AC:003042	0.000282
all_taxa	PLM-Interact	Structural	AC:003043	0.939895
all_taxa	PLM-Interact	Structural	AC:003044	0.980527
all_taxa	PLM-Interact	Structural	AC:003045	0.049201
all_taxa	PLM-Interact	Structural	AC:003046	0.998917
all_taxa	PLM-Interact	Structural	AC:003047	0.999918
all_taxa	PLM-Interact	Structural	AC:003048	0.999889
all_taxa	PLM-Interact	Structural	AC:003049	0.997621
all_taxa	PLM-Interact	Structural	AC:003050	0.999921
all_taxa	PLM-Interact	Structural	AC:003051	0.673535
all_taxa	D-SCRIPT	Negatome	NEG:00009	0.006231
all_taxa	D-SCRIPT	Negatome	NEG:00012	0.004186
all_taxa	D-SCRIPT	Negatome	NEG:00014	0.004178
all_taxa	D-SCRIPT	Negatome	NEG:00015	0.00418
all_taxa	D-SCRIPT	Negatome	NEG:00016	0.004295
all_taxa	D-SCRIPT	Negatome	NEG:00042	0.004175
all_taxa	D-SCRIPT	Negatome	NEG:00115	0.00425
all_taxa	D-SCRIPT	Negatome	NEG:00116	0.004256
all_taxa	D-SCRIPT	Negatome	NEG:00117	0.004553
all_taxa	D-SCRIPT	Negatome	NEG:00180	0.00418
all_taxa	D-SCRIPT	Negatome	NEG:00237	0.004178
all_taxa	D-SCRIPT	Negatome	NEG:00250	0.0165
all_taxa	D-SCRIPT	Negatome	NEG:00252	0.004181
all_taxa	D-SCRIPT	Negatome	NEG:00350	0.337779
all_taxa	D-SCRIPT	Negatome	NEG:00365	0.980752
all_taxa	D-SCRIPT	Negatome	NEG:00367	0.021531
all_taxa	D-SCRIPT	Negatome	NEG:00368	0.009726
all_taxa	D-SCRIPT	Negatome	NEG:00369	0.028036
all_taxa	D-SCRIPT	Negatome	NEG:00371	0.004547
all_taxa	D-SCRIPT	Negatome	NEG:00373	0.004184
all_taxa	D-SCRIPT	Negatome	NEG:00403	0.004177
all_taxa	D-SCRIPT	Negatome	NEG:00435	0.004173
all_taxa	D-SCRIPT	Negatome	NEG:00437	0.004176
all_taxa	D-SCRIPT	Negatome	NEG:00438	0.004174
all_taxa	D-SCRIPT	Negatome	NEG:00439	0.004176
all_taxa	D-SCRIPT	Negatome	NEG:00440	0.004175
all_taxa	D-SCRIPT	Negatome	NEG:00442	0.091273
all_taxa	D-SCRIPT	Negatome	NEG:00482	0.004189
all_taxa	D-SCRIPT	Negatome	NEG:00494	0.004182
all_taxa	D-SCRIPT	Negatome	NEG:00510	0.004185
all_taxa	D-SCRIPT	Negatome	NEG:00511	0.004175
all_taxa	D-SCRIPT	Negatome	NEG:00558	0.154442
all_taxa	D-SCRIPT	Negatome	NEG:00562	0.004173
all_taxa	D-SCRIPT	Negatome	NEG:00566	0.004179
all_taxa	D-SCRIPT	Negatome	NEG:00570	0.601858
all_taxa	D-SCRIPT	Negatome	NEG:00601	0.005344
all_taxa	D-SCRIPT	Negatome	NEG:00629	0.004177
all_taxa	D-SCRIPT	Negatome	NEG:00633	0.004178
all_taxa	D-SCRIPT	Negatome	NEG:00634	0.004173
all_taxa	D-SCRIPT	Negatome	NEG:00642	0.004443
all_taxa	D-SCRIPT	Negatome	NEG:00664	0.004301
all_taxa	D-SCRIPT	Negatome	NEG:00698	0.004174
all_taxa	D-SCRIPT	Negatome	NEG:00699	0.004173
all_taxa	D-SCRIPT	Negatome	NEG:00700	0.004175
all_taxa	D-SCRIPT	Negatome	NEG:00701	0.004173
all_taxa	D-SCRIPT	Negatome	NEG:00703	0.004177
all_taxa	D-SCRIPT	Negatome	NEG:00704	0.004179
all_taxa	D-SCRIPT	Negatome	NEG:00705	0.004173
all_taxa	D-SCRIPT	Negatome	NEG:00706	0.004195
all_taxa	D-SCRIPT	Negatome	NEG:00707	0.004174
all_taxa	D-SCRIPT	Negatome	NEG:00708	0.027228
all_taxa	D-SCRIPT	Negatome	NEG:00709	0.004174
all_taxa	D-SCRIPT	Negatome	NEG:00710	0.004174
all_taxa	D-SCRIPT	Negatome	NEG:00711	0.004173
all_taxa	D-SCRIPT	Negatome	NEG:00712	0.004174
all_taxa	D-SCRIPT	Negatome	NEG:00716	0.004209
all_taxa	D-SCRIPT	Negatome	NEG:00717	0.004173
all_taxa	D-SCRIPT	Negatome	NEG:00718	0.004174
all_taxa	D-SCRIPT	Negatome	NEG:00719	0.004173
all_taxa	D-SCRIPT	Negatome	NEG:00734	0.004184
all_taxa	D-SCRIPT	Negatome	NEG:00744	0.004183
all_taxa	D-SCRIPT	Negatome	NEG:00745	0.021239
all_taxa	D-SCRIPT	Negatome	NEG:00746	0.004177
all_taxa	D-SCRIPT	Negatome	NEG:00747	0.004184
all_taxa	D-SCRIPT	Negatome	NEG:00748	0.004179
all_taxa	D-SCRIPT	Negatome	NEG:00749	0.063307
all_taxa	D-SCRIPT	Negatome	NEG:00750	0.004176
all_taxa	D-SCRIPT	Negatome	NEG:00751	0.968398
all_taxa	D-SCRIPT	Negatome	NEG:00752	0.971517
all_taxa	D-SCRIPT	Negatome	NEG:00753	0.004181
all_taxa	D-SCRIPT	Negatome	NEG:00754	0.036993
all_taxa	D-SCRIPT	Negatome	NEG:00755	0.004177
all_taxa	D-SCRIPT	Negatome	NEG:00756	0.004179
all_taxa	D-SCRIPT	Negatome	NEG:00757	0.004177
all_taxa	D-SCRIPT	Negatome	NEG:00758	0.004178
all_taxa	D-SCRIPT	Negatome	NEG:00759	0.004178
all_taxa	D-SCRIPT	Negatome	NEG:00760	0.004173
all_taxa	D-SCRIPT	Negatome	NEG:00761	0.980688
all_taxa	D-SCRIPT	Negatome	NEG:00762	0.004179
all_taxa	D-SCRIPT	Negatome	NEG:00763	0.004176
all_taxa	D-SCRIPT	Negatome	NEG:00764	0.004181
all_taxa	D-SCRIPT	Negatome	NEG:00765	0.004177
all_taxa	D-SCRIPT	Negatome	NEG:00766	0.004184
all_taxa	D-SCRIPT	Negatome	NEG:00767	0.004181
all_taxa	D-SCRIPT	Negatome	NEG:00768	0.624444
all_taxa	D-SCRIPT	Negatome	NEG:00769	0.004182
all_taxa	D-SCRIPT	Negatome	NEG:00770	0.004178
all_taxa	D-SCRIPT	Negatome	NEG:00771	0.004175
all_taxa	D-SCRIPT	Negatome	NEG:00772	0.923792
all_taxa	D-SCRIPT	Negatome	NEG:00773	0.919454
all_taxa	D-SCRIPT	Negatome	NEG:00774	0.00418
all_taxa	D-SCRIPT	Negatome	NEG:00775	0.004182
all_taxa	D-SCRIPT	Negatome	NEG:00776	0.004176
all_taxa	D-SCRIPT	Negatome	NEG:00777	0.00418
all_taxa	D-SCRIPT	Negatome	NEG:00778	0.004176
all_taxa	D-SCRIPT	Negatome	NEG:00781	0.004173
all_taxa	D-SCRIPT	Negatome	NEG:00782	0.90648
all_taxa	D-SCRIPT	Negatome	NEG:00783	0.004178
all_taxa	D-SCRIPT	Negatome	NEG:00784	0.004176
all_taxa	D-SCRIPT	Negatome	NEG:00804	0.0093
all_taxa	D-SCRIPT	Negatome	NEG:00807	0.067664
all_taxa	D-SCRIPT	Negatome	NEG:00808	0.006794
all_taxa	D-SCRIPT	Negatome	NEG:00829	0.004178
all_taxa	D-SCRIPT	Negatome	NEG:00843	0.004176
all_taxa	D-SCRIPT	Negatome	NEG:00849	0.004179
all_taxa	D-SCRIPT	Negatome	NEG:00850	0.004515
all_taxa	D-SCRIPT	Negatome	NEG:00864	0.004177
all_taxa	D-SCRIPT	Negatome	NEG:00865	0.004181
all_taxa	D-SCRIPT	Negatome	NEG:00866	0.004186
all_taxa	D-SCRIPT	Negatome	NEG:00867	0.00418
all_taxa	D-SCRIPT	Negatome	NEG:00868	0.004204
all_taxa	D-SCRIPT	Negatome	NEG:00869	0.004188
all_taxa	D-SCRIPT	Negatome	NEG:00870	0.00418
all_taxa	D-SCRIPT	Negatome	NEG:00871	0.004182
all_taxa	D-SCRIPT	Negatome	NEG:00872	0.004192
all_taxa	D-SCRIPT	Negatome	NEG:00873	0.004183
all_taxa	D-SCRIPT	Negatome	NEG:00874	0.004181
all_taxa	D-SCRIPT	Negatome	NEG:00875	0.004193
all_taxa	D-SCRIPT	Negatome	NEG:00876	0.004179
all_taxa	D-SCRIPT	Negatome	NEG:00877	0.004189
all_taxa	D-SCRIPT	Negatome	NEG:00880	0.004174
all_taxa	D-SCRIPT	Negatome	NEG:00881	0.004183
all_taxa	D-SCRIPT	Negatome	NEG:00882	0.00418
all_taxa	D-SCRIPT	Negatome	NEG:00883	0.004178
all_taxa	D-SCRIPT	Negatome	NEG:00937	0.004183
all_taxa	D-SCRIPT	Negatome	NEG:00938	0.004179
all_taxa	D-SCRIPT	Negatome	NEG:00939	0.004191
all_taxa	D-SCRIPT	Negatome	NEG:00940	0.004184
all_taxa	D-SCRIPT	Negatome	NEG:00941	0.004176
all_taxa	D-SCRIPT	Negatome	NEG:00942	0.004175
all_taxa	D-SCRIPT	Negatome	NEG:00943	0.004184
all_taxa	D-SCRIPT	Negatome	NEG:00944	0.004174
all_taxa	D-SCRIPT	Negatome	NEG:00945	0.004178
all_taxa	D-SCRIPT	Negatome	NEG:00946	0.903044
all_taxa	D-SCRIPT	Negatome	NEG:00947	0.004178
all_taxa	D-SCRIPT	Negatome	NEG:00948	0.00418
all_taxa	D-SCRIPT	Negatome	NEG:00952	0.004172
all_taxa	D-SCRIPT	Negatome	NEG:00953	0.004176
all_taxa	D-SCRIPT	Negatome	NEG:00954	0.47106
all_taxa	D-SCRIPT	Negatome	NEG:00955	0.004177
all_taxa	D-SCRIPT	Negatome	NEG:00956	0.004176
all_taxa	D-SCRIPT	Negatome	NEG:00999	0.004846
all_taxa	D-SCRIPT	Negatome	NEG:01018	0.004179
all_taxa	D-SCRIPT	Negatome	NEG:01019	0.004179
all_taxa	D-SCRIPT	Negatome	NEG:01020	0.004178
all_taxa	D-SCRIPT	Negatome	NEG:01021	0.004175
all_taxa	D-SCRIPT	Negatome	NEG:01024	0.004221
all_taxa	D-SCRIPT	Negatome	NEG:01026	0.004206
all_taxa	D-SCRIPT	Negatome	NEG:01027	0.004197
all_taxa	D-SCRIPT	Negatome	NEG:01032	0.004176
all_taxa	D-SCRIPT	Negatome	NEG:01033	0.004474
all_taxa	D-SCRIPT	Negatome	NEG:01051	0.004184
all_taxa	D-SCRIPT	Negatome	NEG:01052	0.013557
all_taxa	D-SCRIPT	Negatome	NEG:01053	0.004181
all_taxa	D-SCRIPT	Negatome	NEG:01054	0.004189
all_taxa	D-SCRIPT	Negatome	NEG:01055	0.004178
all_taxa	D-SCRIPT	Negatome	NEG:01056	0.00418
all_taxa	D-SCRIPT	Negatome	NEG:01057	0.005217
all_taxa	D-SCRIPT	Negatome	NEG:01058	0.004182
all_taxa	D-SCRIPT	Negatome	NEG:01059	0.004191
all_taxa	D-SCRIPT	Negatome	NEG:01063	0.004183
all_taxa	D-SCRIPT	Negatome	NEG:01064	0.004182
all_taxa	D-SCRIPT	Negatome	NEG:01065	0.005413
all_taxa	D-SCRIPT	Negatome	NEG:01066	0.004181
all_taxa	D-SCRIPT	Negatome	NEG:01085	0.004179
all_taxa	D-SCRIPT	Negatome	NEG:01099	0.161563
all_taxa	D-SCRIPT	Negatome	NEG:01117	0.004182
all_taxa	D-SCRIPT	Negatome	NEG:01118	0.004185
all_taxa	D-SCRIPT	Negatome	NEG:01119	0.004179
all_taxa	D-SCRIPT	Negatome	NEG:01126	0.00875
all_taxa	D-SCRIPT	Negatome	NEG:01128	0.004179
all_taxa	D-SCRIPT	Negatome	NEG:01147	0.004441
all_taxa	D-SCRIPT	Negatome	NEG:01149	0.135816
all_taxa	D-SCRIPT	Negatome	NEG:01150	0.010088
all_taxa	D-SCRIPT	Negatome	NEG:01154	0.979438
all_taxa	D-SCRIPT	Negatome	NEG:01232	0.037517
all_taxa	D-SCRIPT	Negatome	NEG:01245	0.029085
all_taxa	D-SCRIPT	Negatome	NEG:01246	0.00706
all_taxa	D-SCRIPT	Negatome	NEG:01252	0.004427
all_taxa	D-SCRIPT	Negatome	NEG:01255	0.004182
all_taxa	D-SCRIPT	Negatome	NEG:01256	0.004176
all_taxa	D-SCRIPT	Negatome	NEG:01257	0.004184
all_taxa	D-SCRIPT	Negatome	NEG:01259	0.004199
all_taxa	D-SCRIPT	Negatome	NEG:01260	0.004177
all_taxa	D-SCRIPT	Negatome	NEG:01261	0.004177
all_taxa	D-SCRIPT	Negatome	NEG:01262	0.00419
all_taxa	D-SCRIPT	Negatome	NEG:01263	0.00418
all_taxa	D-SCRIPT	Negatome	NEG:01264	0.004181
all_taxa	D-SCRIPT	Negatome	NEG:01265	0.004181
all_taxa	D-SCRIPT	Negatome	NEG:01268	0.004175
all_taxa	D-SCRIPT	Negatome	NEG:01269	0.004179
all_taxa	D-SCRIPT	Negatome	NEG:01270	0.004182
all_taxa	D-SCRIPT	Negatome	NEG:01271	0.004178
all_taxa	D-SCRIPT	Negatome	NEG:01272	0.004176
all_taxa	D-SCRIPT	Negatome	NEG:01293	0.004193
all_taxa	D-SCRIPT	Negatome	NEG:01302	0.004176
all_taxa	D-SCRIPT	Negatome	NEG:01347	0.004178
all_taxa	D-SCRIPT	Negatome	NEG:01375	0.007822
all_taxa	D-SCRIPT	Negatome	NEG:01376	0.495588
all_taxa	D-SCRIPT	Negatome	NEG:01377	0.916949
all_taxa	D-SCRIPT	Negatome	NEG:01378	0.004186
all_taxa	D-SCRIPT	Negatome	NEG:01379	0.004197
all_taxa	D-SCRIPT	Negatome	NEG:01380	0.004182
all_taxa	D-SCRIPT	Negatome	NEG:01381	0.004187
all_taxa	D-SCRIPT	Negatome	NEG:01382	0.004188
all_taxa	D-SCRIPT	Negatome	NEG:01383	0.004174
all_taxa	D-SCRIPT	Negatome	NEG:01384	0.00418
all_taxa	D-SCRIPT	Negatome	NEG:01385	0.004188
all_taxa	D-SCRIPT	Negatome	NEG:01472	0.990761
all_taxa	D-SCRIPT	Negatome	NEG:01489	0.004177
all_taxa	D-SCRIPT	Negatome	NEG:01490	0.004178
all_taxa	D-SCRIPT	Negatome	NEG:01491	0.004199
all_taxa	D-SCRIPT	Negatome	NEG:01492	0.004176
all_taxa	D-SCRIPT	Negatome	NEG:01493	0.004181
all_taxa	D-SCRIPT	Negatome	NEG:01494	0.004193
all_taxa	D-SCRIPT	Negatome	NEG:01495	0.004177
all_taxa	D-SCRIPT	Negatome	NEG:01496	0.004182
all_taxa	D-SCRIPT	Negatome	NEG:01497	0.004184
all_taxa	D-SCRIPT	Negatome	NEG:01498	0.004177
all_taxa	D-SCRIPT	Negatome	NEG:01517	0.007637
all_taxa	D-SCRIPT	Negatome	NEG:01518	0.004177
all_taxa	D-SCRIPT	Negatome	NEG:01536	0.004176
all_taxa	D-SCRIPT	Negatome	NEG:01537	0.004178
all_taxa	D-SCRIPT	Negatome	NEG:01554	0.004174
all_taxa	D-SCRIPT	Negatome	NEG:01555	0.004188
all_taxa	D-SCRIPT	Negatome	NEG:01556	0.004178
all_taxa	D-SCRIPT	Negatome	NEG:01557	0.004176
all_taxa	D-SCRIPT	Negatome	NEG:01558	0.004181
all_taxa	D-SCRIPT	Negatome	NEG:01559	0.004175
all_taxa	D-SCRIPT	Negatome	NEG:01560	0.563055
all_taxa	D-SCRIPT	Negatome	NEG:01561	0.004175
all_taxa	D-SCRIPT	Negatome	NEG:01564	0.004173
all_taxa	D-SCRIPT	Negatome	NEG:01565	0.010277
all_taxa	D-SCRIPT	Negatome	NEG:01566	0.004208
all_taxa	D-SCRIPT	Negatome	NEG:01567	0.004175
all_taxa	D-SCRIPT	Negatome	NEG:01637	0.007284
all_taxa	D-SCRIPT	Negatome	NEG:01638	0.004175
all_taxa	D-SCRIPT	Negatome	NEG:01639	0.004177
all_taxa	D-SCRIPT	Negatome	NEG:01640	0.004174
all_taxa	D-SCRIPT	Negatome	NEG:01641	0.004173
all_taxa	D-SCRIPT	Negatome	NEG:01645	0.004421
all_taxa	D-SCRIPT	Negatome	NEG:01647	0.004174
all_taxa	D-SCRIPT	Negatome	NEG:01648	0.004174
all_taxa	D-SCRIPT	Negatome	NEG:01661	0.948688
all_taxa	D-SCRIPT	Negatome	NEG:01662	0.004187
all_taxa	D-SCRIPT	Negatome	NEG:01663	0.004185
all_taxa	D-SCRIPT	Negatome	NEG:01667	0.004172
all_taxa	D-SCRIPT	Negatome	NEG:01668	0.947669
all_taxa	D-SCRIPT	Negatome	NEG:01669	0.004184
all_taxa	D-SCRIPT	Negatome	NEG:01701	0.004175
all_taxa	D-SCRIPT	Negatome	NEG:01702	0.00804
all_taxa	D-SCRIPT	Negatome	NEG:01703	0.004186
all_taxa	D-SCRIPT	Negatome	NEG:01704	0.004175
all_taxa	D-SCRIPT	Negatome	NEG:01705	0.004192
all_taxa	D-SCRIPT	Negatome	NEG:01708	0.032175
all_taxa	D-SCRIPT	Negatome	NEG:01709	0.926786
all_taxa	D-SCRIPT	Negatome	NEG:01710	0.012725
all_taxa	D-SCRIPT	Negatome	NEG:01711	0.004176
all_taxa	D-SCRIPT	Negatome	NEG:01712	0.004187
all_taxa	D-SCRIPT	Negatome	NEG:01713	0.004177
all_taxa	D-SCRIPT	Negatome	NEG:01714	0.004177
all_taxa	D-SCRIPT	Negatome	NEG:01715	0.004178
all_taxa	D-SCRIPT	Negatome	NEG:01718	0.004172
all_taxa	D-SCRIPT	Negatome	NEG:01719	0.004176
all_taxa	D-SCRIPT	Negatome	NEG:01720	0.004179
all_taxa	D-SCRIPT	Negatome	NEG:01721	0.004176
all_taxa	D-SCRIPT	Negatome	NEG:01722	0.004176
all_taxa	D-SCRIPT	Negatome	NEG:01744	0.059082
all_taxa	D-SCRIPT	Negatome	NEG:01745	0.004187
all_taxa	D-SCRIPT	Negatome	NEG:01746	0.00418
all_taxa	D-SCRIPT	Negatome	NEG:01747	0.004183
all_taxa	D-SCRIPT	Negatome	NEG:01748	0.004181
all_taxa	D-SCRIPT	Negatome	NEG:01749	0.004174
all_taxa	D-SCRIPT	Negatome	NEG:01750	0.004438
all_taxa	D-SCRIPT	Negatome	NEG:01751	0.02487
all_taxa	D-SCRIPT	Negatome	NEG:01752	0.004239
all_taxa	D-SCRIPT	Negatome	NEG:01754	0.004179
all_taxa	D-SCRIPT	Negatome	NEG:01755	0.004175
all_taxa	D-SCRIPT	Negatome	NEG:01758	0.004172
all_taxa	D-SCRIPT	Negatome	NEG:01759	0.004177
all_taxa	D-SCRIPT	Negatome	NEG:01760	0.010763
all_taxa	D-SCRIPT	Negatome	NEG:01761	0.004219
all_taxa	D-SCRIPT	Negatome	NEG:01766	0.00418
all_taxa	D-SCRIPT	Negatome	NEG:01767	0.004179
all_taxa	D-SCRIPT	Negatome	NEG:01768	0.004181
all_taxa	D-SCRIPT	Negatome	NEG:01769	0.004173
all_taxa	D-SCRIPT	Negatome	NEG:01770	0.004179
all_taxa	D-SCRIPT	Negatome	NEG:01771	0.004255
all_taxa	D-SCRIPT	Negatome	NEG:01772	0.004176
all_taxa	D-SCRIPT	Negatome	NEG:01807	0.004176
all_taxa	D-SCRIPT	Negatome	NEG:01808	0.004176
all_taxa	D-SCRIPT	Negatome	NEG:01813	0.004179
all_taxa	D-SCRIPT	Negatome	NEG:01816	0.004176
all_taxa	D-SCRIPT	Negatome	NEG:01828	0.004172
all_taxa	D-SCRIPT	Negatome	NEG:01829	0.004172
all_taxa	D-SCRIPT	Negatome	NEG:01833	0.004187
all_taxa	D-SCRIPT	Negatome	NEG:01841	0.004176
all_taxa	D-SCRIPT	Negatome	NEG:01843	0.004175
all_taxa	D-SCRIPT	ProtNeg	PAIR2:GENE:14168|GENE:18035	0.004185
all_taxa	D-SCRIPT	ProtNeg	PAIR2:GENE:140858|GENE:15182	0.446717
all_taxa	D-SCRIPT	ProtNeg	PAIR2:GENE:140858|GENE:433759	0.161789
all_taxa	D-SCRIPT	ProtNeg	PAIR2:GENE:5290|GENE:6016	0.004419
all_taxa	D-SCRIPT	ProtNeg	PAIR2:GENE:4547|GENE:5327	0.004184
all_taxa	D-SCRIPT	ProtNeg	PAIR2:GENE:682|GENE:7031	0.004175
all_taxa	D-SCRIPT	ProtNeg	PAIR2:GENE:143384|GENE:79047	0.004175
all_taxa	D-SCRIPT	ProtNeg	PAIR2:GENE:269275|GENE:4838	0.004178
all_taxa	D-SCRIPT	ProtNeg	PAIR2:GENE:2260|GENE:5228	0.004176
all_taxa	D-SCRIPT	ProtNeg	PAIR2:GENE:4137|GENE:9053	0.004205
all_taxa	D-SCRIPT	ProtNeg	PAIR2:GENE:3836|GENE:79991	0.004183
all_taxa	D-SCRIPT	ProtNeg	PAIR2:GENE:7010|GENE:7422	0.004256
all_taxa	D-SCRIPT	ProtNeg	PAIR2:GENE:100134934|GENE:3836	0.004182
all_taxa	D-SCRIPT	ProtNeg	PAIR2:GENE:50489|GENE:920	0.009129
all_taxa	D-SCRIPT	ProtNeg	PAIR2:GENE:2697|GENE:4313	0.004183
all_taxa	D-SCRIPT	ProtNeg	PAIR2:GENE:30835|GENE:920	0.005058
all_taxa	D-SCRIPT	ProtNeg	PAIR2:GENE:2017|GENE:5777	0.004879
all_taxa	D-SCRIPT	ProtNeg	PAIR2:GENE:1628|GENE:7057	0.004178
all_taxa	D-SCRIPT	ProtNeg	PAIR2:GENE:3487|GENE:652	0.004177
all_taxa	D-SCRIPT	ProtNeg	PAIR2:GENE:15139|GENE:1628	0.00418
all_taxa	D-SCRIPT	ProtNeg	PAIR2:GENE:43847|GENE:643394	0.004173
all_taxa	D-SCRIPT	ProtNeg	PAIR2:GENE:11668|GENE:12569	0.004199
all_taxa	D-SCRIPT	ProtNeg	PAIR2:GENE:1670|GENE:3106	0.0042
all_taxa	D-SCRIPT	ProtNeg	PAIR2:GENE:3077|GENE:7036	0.004185
all_taxa	D-SCRIPT	ProtNeg	PAIR2:GENE:18566|GENE:26040	0.004173
all_taxa	D-SCRIPT	ProtNeg	PAIR2:GENE:389|GENE:56924	0.005292
all_taxa	D-SCRIPT	ProtNeg	PAIR2:GENE:2597|GENE:4155	0.005269
all_taxa	D-SCRIPT	ProtNeg	PAIR2:GENE:1017|GENE:47	0.004183
all_taxa	D-SCRIPT	ProtNeg	PAIR2:GENE:55070|GENE:7323	0.990126
all_taxa	D-SCRIPT	ProtNeg	PAIR2:GENE:5347|GENE:8467	0.050313
all_taxa	D-SCRIPT	ProtNeg	PAIR2:GENE:34688|GENE:5740472	0.004294
all_taxa	D-SCRIPT	ProtNeg	PAIR2:GENE:32115|GENE:37277	0.005671
all_taxa	D-SCRIPT	ProtNeg	PAIR2:GENE:2896|GENE:558	0.004187
all_taxa	D-SCRIPT	ProtNeg	PAIR2:GENE:10461|GENE:2896	0.004182
all_taxa	D-SCRIPT	ProtNeg	PAIR2:GENE:105148|GENE:434246	0.004186
all_taxa	D-SCRIPT	ProtNeg	PAIR2:GENE:6119|GENE:79661	0.004201
all_taxa	D-SCRIPT	ProtNeg	PAIR2:GENE:6118|GENE:79661	0.23236
all_taxa	D-SCRIPT	ProtNeg	PAIR2:GENE:3075|GENE:721	0.00418
all_taxa	D-SCRIPT	ProtNeg	PAIR2:GENE:3726|GENE:90416	0.004186
all_taxa	D-SCRIPT	ProtNeg	PAIR2:GENE:12475|GENE:6898	0.004181
all_taxa	D-SCRIPT	ProtNeg	PAIR2:GENE:33319|GENE:40444	0.528517
all_taxa	D-SCRIPT	ProtNeg	PAIR2:GENE:39536|GENE:40444	0.004198
all_taxa	D-SCRIPT	ProtNeg	PAIR2:GENE:40444|GENE:41848	0.004204
all_taxa	D-SCRIPT	ProtNeg	PAIR2:GENE:20617|GENE:55869	0.110326
all_taxa	D-SCRIPT	ProtNeg	PAIR2:GENE:23410|GENE:3091	0.979833
all_taxa	D-SCRIPT	ProtNeg	PAIR2:GENE:20194|GENE:69745	0.004193
all_taxa	D-SCRIPT	ProtNeg	PAIR2:GENE:15511|GENE:8991	0.004247
all_taxa	D-SCRIPT	ProtNeg	PAIR2:GENE:801|GENE:8795	0.004197
all_taxa	D-SCRIPT	ProtNeg	PAIR2:GENE:21898|GENE:56048	0.004625
all_taxa	D-SCRIPT	ProtNeg	PAIR2:GENE:10840|GENE:635	0.004637
all_taxa	D-SCRIPT	ProtNeg	PAIR2:GENE:36810|GENE:40444	0.50416
all_taxa	D-SCRIPT	ProtNeg	PAIR2:GENE:25149|GENE:5506	0.00418
all_taxa	D-SCRIPT	ProtNeg	PAIR2:GENE:12476|GENE:26437	0.004173
all_taxa	D-SCRIPT	ProtNeg	PAIR2:GENE:20604|GENE:74026	0.004174
all_taxa	D-SCRIPT	ProtNeg	PAIR2:GENE:12508|GENE:26437	0.004173
all_taxa	D-SCRIPT	ProtNeg	PAIR2:GENE:12521|GENE:26437	0.004173
all_taxa	D-SCRIPT	ProtNeg	PAIR2:GENE:16149|GENE:16409	0.004181
all_taxa	D-SCRIPT	ProtNeg	PAIR2:GENE:16183|GENE:16187	0.00541
all_taxa	D-SCRIPT	ProtNeg	PAIR2:GENE:12520|GENE:26437	0.004173
all_taxa	D-SCRIPT	ProtNeg	PAIR2:GENE:24890|GENE:5506	0.00418
all_taxa	D-SCRIPT	ProtNeg	PAIR2:GENE:12000|GENE:552	0.144394
all_taxa	D-SCRIPT	ProtNeg	PAIR2:GENE:3486|GENE:801	0.004224
all_taxa	D-SCRIPT	ProtNeg	PAIR2:GENE:20604|GENE:77853	0.004181
all_taxa	D-SCRIPT	ProtNeg	PAIR2:GENE:37781|GENE:5936	0.010455
all_taxa	D-SCRIPT	ProtNeg	PAIR2:GENE:335|GENE:5055	0.004225
all_taxa	D-SCRIPT	ProtNeg	PAIR2:GENE:10499|GENE:25149	0.004176
all_taxa	D-SCRIPT	ProtNeg	PAIR2:GENE:2597|GENE:3552	0.004209
all_taxa	D-SCRIPT	ProtNeg	PAIR2:GENE:31376|GENE:37629	0.004182
all_taxa	D-SCRIPT	ProtNeg	PAIR2:GENE:17395|GENE:21857	0.004178
all_taxa	D-SCRIPT	ProtNeg	PAIR2:GENE:11127|GENE:7804	0.01202
all_taxa	D-SCRIPT	ProtNeg	PAIR2:GENE:3688|GENE:9052	0.004178
all_taxa	D-SCRIPT	ProtNeg	PAIR2:GENE:164045|GENE:5500	0.00418
all_taxa	D-SCRIPT	ProtNeg	PAIR2:GENE:5111|GENE:5291	0.004183
all_taxa	D-SCRIPT	ProtNeg	PAIR2:GENE:29128|GENE:8361	0.006239
all_taxa	D-SCRIPT	ProtNeg	PAIR2:GENE:10133|GENE:64343	0.004187
all_taxa	D-SCRIPT	ProtNeg	PAIR2:GENE:15216|GENE:213	0.004193
all_taxa	D-SCRIPT	ProtNeg	PAIR2:GENE:35336|GENE:3612	0.004183
all_taxa	D-SCRIPT	ProtNeg	PAIR2:GENE:23534|GENE:6429	0.148261
all_taxa	D-SCRIPT	ProtNeg	PAIR2:GENE:327672|GENE:6295	0.004185
all_taxa	D-SCRIPT	ProtNeg	PAIR2:GENE:16470|GENE:55978	0.00418
all_taxa	D-SCRIPT	ProtNeg	PAIR2:GENE:16470|GENE:67694	0.00418
all_taxa	D-SCRIPT	ProtNeg	PAIR2:GENE:10133|GENE:9755	0.004191
all_taxa	D-SCRIPT	ProtNeg	PAIR2:GENE:27071|GENE:5062	0.004185
all_taxa	D-SCRIPT	ProtNeg	PAIR2:GENE:29128|GENE:8337	0.006545
all_taxa	D-SCRIPT	ProtNeg	PAIR2:GENE:4155|GENE:5830	0.004178
all_taxa	D-SCRIPT	ProtNeg	PAIR2:GENE:13650|GENE:3868	0.004328
all_taxa	D-SCRIPT	ProtNeg	PAIR2:GENE:1230|GENE:6348	0.004458
all_taxa	D-SCRIPT	ProtNeg	PAIR2:GENE:19876|GENE:20350	0.00418
all_taxa	D-SCRIPT	ProtNeg	PAIR2:GENE:19876|GENE:20346	0.004181
all_taxa	D-SCRIPT	ProtNeg	PAIR2:GENE:24829|GENE:79223	0.004184
all_taxa	D-SCRIPT	ProtNeg	PAIR2:GENE:2205|GENE:58205	0.004186
all_taxa	D-SCRIPT	ProtNeg	PAIR2:GENE:3726|GENE:4942	0.004188
all_taxa	D-SCRIPT	ProtNeg	PAIR2:GENE:10226|GENE:56382	0.004199
all_taxa	D-SCRIPT	ProtNeg	PAIR2:GENE:558|GENE:5627	0.004179
all_taxa	D-SCRIPT	ProtNeg	PAIR2:GENE:27255|GENE:351	0.004245
all_taxa	D-SCRIPT	ProtNeg	PAIR2:GENE:2167|GENE:4000	0.004224
all_taxa	D-SCRIPT	ProtNeg	PAIR2:GENE:829012|GENE:840158	0.004175
all_taxa	D-SCRIPT	ProtNeg	PAIR2:GENE:3964|GENE:6520	0.004181
all_taxa	D-SCRIPT	Structural	AC:000001	0.004182
all_taxa	D-SCRIPT	Structural	AC:000003	0.187879
all_taxa	D-SCRIPT	Structural	AC:000004	0.349593
all_taxa	D-SCRIPT	Structural	AC:000005	0.004183
all_taxa	D-SCRIPT	Structural	AC:000007	0.00419
all_taxa	D-SCRIPT	Structural	AC:000008	0.076485
all_taxa	D-SCRIPT	Structural	AC:000009	0.004241
all_taxa	D-SCRIPT	Structural	AC:000010	0.004993
all_taxa	D-SCRIPT	Structural	AC:000011	0.148419
all_taxa	D-SCRIPT	Structural	AC:000012	0.871991
all_taxa	D-SCRIPT	Structural	AC:000013	0.005116
all_taxa	D-SCRIPT	Structural	AC:000014	0.005678
all_taxa	D-SCRIPT	Structural	AC:000015	0.004173
all_taxa	D-SCRIPT	Structural	AC:000017	0.004177
all_taxa	D-SCRIPT	Structural	AC:000018	0.45791
all_taxa	D-SCRIPT	Structural	AC:000020	0.004179
all_taxa	D-SCRIPT	Structural	AC:000023	0.004225
all_taxa	D-SCRIPT	Structural	AC:000024	0.0751
all_taxa	D-SCRIPT	Structural	AC:000025	0.004173
all_taxa	D-SCRIPT	Structural	AC:000026	0.015212
all_taxa	D-SCRIPT	Structural	AC:000027	0.006186
all_taxa	D-SCRIPT	Structural	AC:000028	0.004255
all_taxa	D-SCRIPT	Structural	AC:000030	0.970372
all_taxa	D-SCRIPT	Structural	AC:000031	0.00984
all_taxa	D-SCRIPT	Structural	AC:000032	0.005828
all_taxa	D-SCRIPT	Structural	AC:000034	0.703785
all_taxa	D-SCRIPT	Structural	AC:000035	0.004197
all_taxa	D-SCRIPT	Structural	AC:000036	0.749197
all_taxa	D-SCRIPT	Structural	AC:000037	0.004259
all_taxa	D-SCRIPT	Structural	AC:000039	0.006615
all_taxa	D-SCRIPT	Structural	AC:000040	0.004178
all_taxa	D-SCRIPT	Structural	AC:000041	0.00796
all_taxa	D-SCRIPT	Structural	AC:000042	0.004181
all_taxa	D-SCRIPT	Structural	AC:000043	0.038892
all_taxa	D-SCRIPT	Structural	AC:000044	0.004173
all_taxa	D-SCRIPT	Structural	AC:000045	0.004174
all_taxa	D-SCRIPT	Structural	AC:000046	0.816142
all_taxa	D-SCRIPT	Structural	AC:000047	0.897143
all_taxa	D-SCRIPT	Structural	AC:000048	0.055611
all_taxa	D-SCRIPT	Structural	AC:000049	0.015709
all_taxa	D-SCRIPT	Structural	AC:000050	0.708057
all_taxa	D-SCRIPT	Structural	AC:000051	0.004177
all_taxa	D-SCRIPT	Structural	AC:000052	0.937962
all_taxa	D-SCRIPT	Structural	AC:000053	0.970266
all_taxa	D-SCRIPT	Structural	AC:000055	0.006898
all_taxa	D-SCRIPT	Structural	AC:000056	0.005693
all_taxa	D-SCRIPT	Structural	AC:000059	0.004183
all_taxa	D-SCRIPT	Structural	AC:000060	0.004268
all_taxa	D-SCRIPT	Structural	AC:000061	0.004216
all_taxa	D-SCRIPT	Structural	AC:000062	0.004186
all_taxa	D-SCRIPT	Structural	AC:000063	0.094642
all_taxa	D-SCRIPT	Structural	AC:000065	0.20969
all_taxa	D-SCRIPT	Structural	AC:000066	0.499671
all_taxa	D-SCRIPT	Structural	AC:000067	0.004327
all_taxa	D-SCRIPT	Structural	AC:000068	0.818088
all_taxa	D-SCRIPT	Structural	AC:000069	0.004184
all_taxa	D-SCRIPT	Structural	AC:000071	0.179374
all_taxa	D-SCRIPT	Structural	AC:000072	0.004175
all_taxa	D-SCRIPT	Structural	AC:000073	0.0048
all_taxa	D-SCRIPT	Structural	AC:000074	0.004174
all_taxa	D-SCRIPT	Structural	AC:000075	0.004179
all_taxa	D-SCRIPT	Structural	AC:000076	0.004182
all_taxa	D-SCRIPT	Structural	AC:000077	0.00418
all_taxa	D-SCRIPT	Structural	AC:000078	0.004176
all_taxa	D-SCRIPT	Structural	AC:000079	0.00419
all_taxa	D-SCRIPT	Structural	AC:000082	0.005138
all_taxa	D-SCRIPT	Structural	AC:000083	0.352048
all_taxa	D-SCRIPT	Structural	AC:000084	0.004177
all_taxa	D-SCRIPT	Structural	AC:000085	0.004186
all_taxa	D-SCRIPT	Structural	AC:000088	0.004176
all_taxa	D-SCRIPT	Structural	AC:000089	0.027794
all_taxa	D-SCRIPT	Structural	AC:000090	0.004213
all_taxa	D-SCRIPT	Structural	AC:000092	0.004185
all_taxa	D-SCRIPT	Structural	AC:000093	0.004237
all_taxa	D-SCRIPT	Structural	AC:000096	0.005885
all_taxa	D-SCRIPT	Structural	AC:000097	0.006612
all_taxa	D-SCRIPT	Structural	AC:000098	0.004179
all_taxa	D-SCRIPT	Structural	AC:000099	0.004205
all_taxa	D-SCRIPT	Structural	AC:000100	0.004174
all_taxa	D-SCRIPT	Structural	AC:000101	0.007187
all_taxa	D-SCRIPT	Structural	AC:000102	0.004174
all_taxa	D-SCRIPT	Structural	AC:000103	0.007846
all_taxa	D-SCRIPT	Structural	AC:000104	0.547234
all_taxa	D-SCRIPT	Structural	AC:000106	0.94952
all_taxa	D-SCRIPT	Structural	AC:000107	0.263609
all_taxa	D-SCRIPT	Structural	AC:000108	0.004176
all_taxa	D-SCRIPT	Structural	AC:000109	0.004281
all_taxa	D-SCRIPT	Structural	AC:000110	0.004175
all_taxa	D-SCRIPT	Structural	AC:000111	0.004182
all_taxa	D-SCRIPT	Structural	AC:000114	0.00418
all_taxa	D-SCRIPT	Structural	AC:000116	0.004788
all_taxa	D-SCRIPT	Structural	AC:000117	0.0048
all_taxa	D-SCRIPT	Structural	AC:000118	0.007767
all_taxa	D-SCRIPT	Structural	AC:000119	0.004181
all_taxa	D-SCRIPT	Structural	AC:000120	0.85893
all_taxa	D-SCRIPT	Structural	AC:000121	0.004174
all_taxa	D-SCRIPT	Structural	AC:000122	0.004306
all_taxa	D-SCRIPT	Structural	AC:000125	0.03781
all_taxa	D-SCRIPT	Structural	AC:000126	0.183776
all_taxa	D-SCRIPT	Structural	AC:000127	0.004176
all_taxa	D-SCRIPT	Structural	AC:000128	0.338853
all_taxa	D-SCRIPT	Structural	AC:000130	0.978093
all_taxa	D-SCRIPT	Structural	AC:000131	0.004233
all_taxa	D-SCRIPT	Structural	AC:000132	0.100525
all_taxa	D-SCRIPT	Structural	AC:000133	0.015944
all_taxa	D-SCRIPT	Structural	AC:000134	0.383169
all_taxa	D-SCRIPT	Structural	AC:000136	0.004174
all_taxa	D-SCRIPT	Structural	AC:000137	0.004175
all_taxa	D-SCRIPT	Structural	AC:000138	0.00419
all_taxa	D-SCRIPT	Structural	AC:000139	0.064621
all_taxa	D-SCRIPT	Structural	AC:000140	0.004174
all_taxa	D-SCRIPT	Structural	AC:000141	0.004382
all_taxa	D-SCRIPT	Structural	AC:000142	0.004195
all_taxa	D-SCRIPT	Structural	AC:000143	0.004262
all_taxa	D-SCRIPT	Structural	AC:000144	0.937373
all_taxa	D-SCRIPT	Structural	AC:000145	0.00454
all_taxa	D-SCRIPT	Structural	AC:000146	0.762195
all_taxa	D-SCRIPT	Structural	AC:000147	0.009999
all_taxa	D-SCRIPT	Structural	AC:000149	0.004184
all_taxa	D-SCRIPT	Structural	AC:000150	0.004201
all_taxa	D-SCRIPT	Structural	AC:000151	0.004192
all_taxa	D-SCRIPT	Structural	AC:000152	0.004179
all_taxa	D-SCRIPT	Structural	AC:000153	0.214868
all_taxa	D-SCRIPT	Structural	AC:000155	0.004204
all_taxa	D-SCRIPT	Structural	AC:000156	0.154314
all_taxa	D-SCRIPT	Structural	AC:000157	0.634233
all_taxa	D-SCRIPT	Structural	AC:000158	0.117883
all_taxa	D-SCRIPT	Structural	AC:000159	0.004181
all_taxa	D-SCRIPT	Structural	AC:000160	0.009622
all_taxa	D-SCRIPT	Structural	AC:000161	0.004242
all_taxa	D-SCRIPT	Structural	AC:000162	0.589264
all_taxa	D-SCRIPT	Structural	AC:000163	0.006
all_taxa	D-SCRIPT	Structural	AC:000165	0.940975
all_taxa	D-SCRIPT	Structural	AC:000166	0.932115
all_taxa	D-SCRIPT	Structural	AC:000168	0.856653
all_taxa	D-SCRIPT	Structural	AC:000169	0.004175
all_taxa	D-SCRIPT	Structural	AC:000170	0.888191
all_taxa	D-SCRIPT	Structural	AC:000171	0.344468
all_taxa	D-SCRIPT	Structural	AC:000172	0.004179
all_taxa	D-SCRIPT	Structural	AC:000173	0.004261
all_taxa	D-SCRIPT	Structural	AC:000174	0.968955
all_taxa	D-SCRIPT	Structural	AC:000175	0.974293
all_taxa	D-SCRIPT	Structural	AC:000176	0.91298
all_taxa	D-SCRIPT	Structural	AC:000177	0.322582
all_taxa	D-SCRIPT	Structural	AC:000178	0.486997
all_taxa	D-SCRIPT	Structural	AC:000179	0.764859
all_taxa	D-SCRIPT	Structural	AC:000180	0.004194
all_taxa	D-SCRIPT	Structural	AC:000181	0.156725
all_taxa	D-SCRIPT	Structural	AC:000182	0.004179
all_taxa	D-SCRIPT	Structural	AC:000183	0.00481
all_taxa	D-SCRIPT	Structural	AC:000185	0.00419
all_taxa	D-SCRIPT	Structural	AC:000189	0.008353
all_taxa	D-SCRIPT	Structural	AC:000190	0.98389
all_taxa	D-SCRIPT	Structural	AC:000192	0.967246
all_taxa	D-SCRIPT	Structural	AC:000193	0.766251
all_taxa	D-SCRIPT	Structural	AC:000195	0.005042
all_taxa	D-SCRIPT	Structural	AC:000196	0.22082
all_taxa	D-SCRIPT	Structural	AC:000197	0.004176
all_taxa	D-SCRIPT	Structural	AC:000198	0.276836
all_taxa	D-SCRIPT	Structural	AC:000199	0.004182
all_taxa	D-SCRIPT	Structural	AC:000201	0.004204
all_taxa	D-SCRIPT	Structural	AC:000203	0.709004
all_taxa	D-SCRIPT	Structural	AC:000204	0.004231
all_taxa	D-SCRIPT	Structural	AC:000205	0.004191
all_taxa	D-SCRIPT	Structural	AC:000206	0.020383
all_taxa	D-SCRIPT	Structural	AC:000207	0.022685
all_taxa	D-SCRIPT	Structural	AC:000209	0.970286
all_taxa	D-SCRIPT	Structural	AC:000210	0.004194
all_taxa	D-SCRIPT	Structural	AC:000211	0.938206
all_taxa	D-SCRIPT	Structural	AC:000212	0.004178
all_taxa	D-SCRIPT	Structural	AC:000213	0.946734
all_taxa	D-SCRIPT	Structural	AC:000215	0.004177
all_taxa	D-SCRIPT	Structural	AC:000216	0.909478
all_taxa	D-SCRIPT	Structural	AC:000217	0.009545
all_taxa	D-SCRIPT	Structural	AC:000218	0.004179
all_taxa	D-SCRIPT	Structural	AC:000219	0.004178
all_taxa	D-SCRIPT	Structural	AC:000220	0.004179
all_taxa	D-SCRIPT	Structural	AC:000221	0.004538
all_taxa	D-SCRIPT	Structural	AC:000222	0.004178
all_taxa	D-SCRIPT	Structural	AC:000223	0.022807
all_taxa	D-SCRIPT	Structural	AC:000224	0.004846
all_taxa	D-SCRIPT	Structural	AC:000225	0.004196
all_taxa	D-SCRIPT	Structural	AC:000226	0.004187
all_taxa	D-SCRIPT	Structural	AC:000227	0.006167
all_taxa	D-SCRIPT	Structural	AC:000229	0.004183
all_taxa	D-SCRIPT	Structural	AC:000231	0.004183
all_taxa	D-SCRIPT	Structural	AC:000232	0.004176
all_taxa	D-SCRIPT	Structural	AC:000233	0.004216
all_taxa	D-SCRIPT	Structural	AC:000234	0.004179
all_taxa	D-SCRIPT	Structural	AC:000235	0.519197
all_taxa	D-SCRIPT	Structural	AC:000236	0.004312
all_taxa	D-SCRIPT	Structural	AC:000237	0.00418
all_taxa	D-SCRIPT	Structural	AC:000239	0.004225
all_taxa	D-SCRIPT	Structural	AC:000240	0.004176
all_taxa	D-SCRIPT	Structural	AC:000241	0.004176
all_taxa	D-SCRIPT	Structural	AC:000242	0.004226
all_taxa	D-SCRIPT	Structural	AC:000243	0.004194
all_taxa	D-SCRIPT	Structural	AC:000244	0.244864
all_taxa	D-SCRIPT	Structural	AC:000245	0.248151
all_taxa	D-SCRIPT	Structural	AC:000246	0.701302
all_taxa	D-SCRIPT	Structural	AC:000247	0.971799
all_taxa	D-SCRIPT	Structural	AC:000248	0.004467
all_taxa	D-SCRIPT	Structural	AC:000249	0.004223
all_taxa	D-SCRIPT	Structural	AC:000250	0.004181
all_taxa	D-SCRIPT	Structural	AC:000252	0.004174
all_taxa	D-SCRIPT	Structural	AC:000254	0.004227
all_taxa	D-SCRIPT	Structural	AC:000255	0.004233
all_taxa	D-SCRIPT	Structural	AC:000257	0.004177
all_taxa	D-SCRIPT	Structural	AC:000258	0.093527
all_taxa	D-SCRIPT	Structural	AC:000260	0.00424
all_taxa	D-SCRIPT	Structural	AC:000261	0.004175
all_taxa	D-SCRIPT	Structural	AC:000262	0.815527
all_taxa	D-SCRIPT	Structural	AC:000263	0.484318
all_taxa	D-SCRIPT	Structural	AC:000264	0.004367
all_taxa	D-SCRIPT	Structural	AC:000265	0.004331
all_taxa	D-SCRIPT	Structural	AC:000266	0.004238
all_taxa	D-SCRIPT	Structural	AC:000267	0.004177
all_taxa	D-SCRIPT	Structural	AC:000268	0.004184
all_taxa	D-SCRIPT	Structural	AC:000269	0.8725
all_taxa	D-SCRIPT	Structural	AC:000270	0.004179
all_taxa	D-SCRIPT	Structural	AC:000271	0.004176
all_taxa	D-SCRIPT	Structural	AC:000273	0.301442
all_taxa	D-SCRIPT	Structural	AC:000274	0.004325
all_taxa	D-SCRIPT	Structural	AC:000275	0.918519
all_taxa	D-SCRIPT	Structural	AC:000276	0.004175
all_taxa	D-SCRIPT	Structural	AC:000277	0.363251
all_taxa	D-SCRIPT	Structural	AC:000279	0.004177
all_taxa	D-SCRIPT	Structural	AC:000282	0.004188
all_taxa	D-SCRIPT	Structural	AC:000285	0.004176
all_taxa	D-SCRIPT	Structural	AC:000286	0.004192
all_taxa	D-SCRIPT	Structural	AC:000287	0.184748
all_taxa	D-SCRIPT	Structural	AC:000288	0.418182
all_taxa	D-SCRIPT	Structural	AC:000289	0.004194
all_taxa	D-SCRIPT	Structural	AC:000291	0.004387
all_taxa	D-SCRIPT	Structural	AC:000292	0.024312
all_taxa	D-SCRIPT	Structural	AC:000293	0.44695
all_taxa	D-SCRIPT	Structural	AC:000294	0.00423
all_taxa	D-SCRIPT	Structural	AC:000296	0.004189
all_taxa	D-SCRIPT	Structural	AC:000297	0.004179
all_taxa	D-SCRIPT	Structural	AC:000298	0.012705
all_taxa	D-SCRIPT	Structural	AC:000299	0.850009
all_taxa	D-SCRIPT	Structural	AC:000300	0.020198
all_taxa	D-SCRIPT	Structural	AC:000302	0.004181
all_taxa	D-SCRIPT	Structural	AC:000303	0.004174
all_taxa	D-SCRIPT	Structural	AC:000304	0.816656
all_taxa	D-SCRIPT	Structural	AC:000305	0.004192
all_taxa	D-SCRIPT	Structural	AC:000306	0.919397
all_taxa	D-SCRIPT	Structural	AC:000307	0.98722
all_taxa	D-SCRIPT	Structural	AC:000308	0.004182
all_taxa	D-SCRIPT	Structural	AC:000311	0.004185
all_taxa	D-SCRIPT	Structural	AC:000312	0.884609
all_taxa	D-SCRIPT	Structural	AC:000313	0.009911
all_taxa	D-SCRIPT	Structural	AC:000314	0.004176
all_taxa	D-SCRIPT	Structural	AC:000315	0.00459
all_taxa	D-SCRIPT	Structural	AC:000317	0.046284
all_taxa	D-SCRIPT	Structural	AC:000318	0.004203
all_taxa	D-SCRIPT	Structural	AC:000320	0.004175
all_taxa	D-SCRIPT	Structural	AC:000321	0.006089
all_taxa	D-SCRIPT	Structural	AC:000322	0.004183
all_taxa	D-SCRIPT	Structural	AC:000323	0.004175
all_taxa	D-SCRIPT	Structural	AC:000325	0.835619
all_taxa	D-SCRIPT	Structural	AC:000326	0.004361
all_taxa	D-SCRIPT	Structural	AC:000327	0.019256
all_taxa	D-SCRIPT	Structural	AC:000328	0.010582
all_taxa	D-SCRIPT	Structural	AC:000330	0.004206
all_taxa	D-SCRIPT	Structural	AC:000335	0.609403
all_taxa	D-SCRIPT	Structural	AC:000336	0.004181
all_taxa	D-SCRIPT	Structural	AC:000337	0.497622
all_taxa	D-SCRIPT	Structural	AC:000338	0.004191
all_taxa	D-SCRIPT	Structural	AC:000339	0.00775
all_taxa	D-SCRIPT	Structural	AC:000340	0.004176
all_taxa	D-SCRIPT	Structural	AC:000341	0.004178
all_taxa	D-SCRIPT	Structural	AC:000342	0.41986
all_taxa	D-SCRIPT	Structural	AC:000344	0.004183
all_taxa	D-SCRIPT	Structural	AC:000346	0.021229
all_taxa	D-SCRIPT	Structural	AC:000347	0.004175
all_taxa	D-SCRIPT	Structural	AC:000348	0.004177
all_taxa	D-SCRIPT	Structural	AC:000349	0.00418
all_taxa	D-SCRIPT	Structural	AC:000352	0.432136
all_taxa	D-SCRIPT	Structural	AC:000354	0.00421
all_taxa	D-SCRIPT	Structural	AC:000355	0.400219
all_taxa	D-SCRIPT	Structural	AC:000356	0.004177
all_taxa	D-SCRIPT	Structural	AC:000357	0.949765
all_taxa	D-SCRIPT	Structural	AC:000360	0.004179
all_taxa	D-SCRIPT	Structural	AC:000361	0.004174
all_taxa	D-SCRIPT	Structural	AC:000362	0.004199
all_taxa	D-SCRIPT	Structural	AC:000363	0.93874
all_taxa	D-SCRIPT	Structural	AC:000364	0.151104
all_taxa	D-SCRIPT	Structural	AC:000365	0.004345
all_taxa	D-SCRIPT	Structural	AC:000366	0.004427
all_taxa	D-SCRIPT	Structural	AC:000367	0.006748
all_taxa	D-SCRIPT	Structural	AC:000368	0.004176
all_taxa	D-SCRIPT	Structural	AC:000369	0.755785
all_taxa	D-SCRIPT	Structural	AC:000370	0.004175
all_taxa	D-SCRIPT	Structural	AC:000371	0.772028
all_taxa	D-SCRIPT	Structural	AC:000372	0.010906
all_taxa	D-SCRIPT	Structural	AC:000373	0.936287
all_taxa	D-SCRIPT	Structural	AC:000374	0.036407
all_taxa	D-SCRIPT	Structural	AC:000375	0.323581
all_taxa	D-SCRIPT	Structural	AC:000377	0.004531
all_taxa	D-SCRIPT	Structural	AC:000378	0.004175
all_taxa	D-SCRIPT	Structural	AC:000379	0.004311
all_taxa	D-SCRIPT	Structural	AC:000380	0.004183
all_taxa	D-SCRIPT	Structural	AC:000381	0.005797
all_taxa	D-SCRIPT	Structural	AC:000382	0.638792
all_taxa	D-SCRIPT	Structural	AC:000383	0.004181
all_taxa	D-SCRIPT	Structural	AC:000386	0.94468
all_taxa	D-SCRIPT	Structural	AC:000387	0.004184
all_taxa	D-SCRIPT	Structural	AC:000388	0.04857
all_taxa	D-SCRIPT	Structural	AC:000390	0.004309
all_taxa	D-SCRIPT	Structural	AC:000392	0.00418
all_taxa	D-SCRIPT	Structural	AC:000394	0.252198
all_taxa	D-SCRIPT	Structural	AC:000395	0.004217
all_taxa	D-SCRIPT	Structural	AC:000396	0.004177
all_taxa	D-SCRIPT	Structural	AC:000397	0.004465
all_taxa	D-SCRIPT	Structural	AC:000398	0.004247
all_taxa	D-SCRIPT	Structural	AC:000399	0.004184
all_taxa	D-SCRIPT	Structural	AC:000400	0.004179
all_taxa	D-SCRIPT	Structural	AC:000401	0.49995
all_taxa	D-SCRIPT	Structural	AC:000402	0.949972
all_taxa	D-SCRIPT	Structural	AC:000403	0.893684
all_taxa	D-SCRIPT	Structural	AC:000404	0.004327
all_taxa	D-SCRIPT	Structural	AC:000405	0.004232
all_taxa	D-SCRIPT	Structural	AC:000406	0.089923
all_taxa	D-SCRIPT	Structural	AC:000408	0.084028
all_taxa	D-SCRIPT	Structural	AC:000409	0.173715
all_taxa	D-SCRIPT	Structural	AC:000410	0.959
all_taxa	D-SCRIPT	Structural	AC:000411	0.028831
all_taxa	D-SCRIPT	Structural	AC:000412	0.983168
all_taxa	D-SCRIPT	Structural	AC:000413	0.486993
all_taxa	D-SCRIPT	Structural	AC:000414	0.00418
all_taxa	D-SCRIPT	Structural	AC:000415	0.074088
all_taxa	D-SCRIPT	Structural	AC:000416	0.06225
all_taxa	D-SCRIPT	Structural	AC:000418	0.004399
all_taxa	D-SCRIPT	Structural	AC:000419	0.004192
all_taxa	D-SCRIPT	Structural	AC:000420	0.004212
all_taxa	D-SCRIPT	Structural	AC:000422	0.004299
all_taxa	D-SCRIPT	Structural	AC:000423	0.782468
all_taxa	D-SCRIPT	Structural	AC:000424	0.004174
all_taxa	D-SCRIPT	Structural	AC:000425	0.005079
all_taxa	D-SCRIPT	Structural	AC:000426	0.97595
all_taxa	D-SCRIPT	Structural	AC:000428	0.528178
all_taxa	D-SCRIPT	Structural	AC:000430	0.801142
all_taxa	D-SCRIPT	Structural	AC:000431	0.005396
all_taxa	D-SCRIPT	Structural	AC:000433	0.028339
all_taxa	D-SCRIPT	Structural	AC:000434	0.197645
all_taxa	D-SCRIPT	Structural	AC:000435	0.004176
all_taxa	D-SCRIPT	Structural	AC:000436	0.004194
all_taxa	D-SCRIPT	Structural	AC:000437	0.004175
all_taxa	D-SCRIPT	Structural	AC:000439	0.00424
all_taxa	D-SCRIPT	Structural	AC:000440	0.954406
all_taxa	D-SCRIPT	Structural	AC:000442	0.965789
all_taxa	D-SCRIPT	Structural	AC:000443	0.952485
all_taxa	D-SCRIPT	Structural	AC:000444	0.004191
all_taxa	D-SCRIPT	Structural	AC:000445	0.00528
all_taxa	D-SCRIPT	Structural	AC:000446	0.004176
all_taxa	D-SCRIPT	Structural	AC:000447	0.0042
all_taxa	D-SCRIPT	Structural	AC:000449	0.600751
all_taxa	D-SCRIPT	Structural	AC:000451	0.63638
all_taxa	D-SCRIPT	Structural	AC:000452	0.004197
all_taxa	D-SCRIPT	Structural	AC:000454	0.932236
all_taxa	D-SCRIPT	Structural	AC:000455	0.004642
all_taxa	D-SCRIPT	Structural	AC:000456	0.004177
all_taxa	D-SCRIPT	Structural	AC:000457	0.918476
all_taxa	D-SCRIPT	Structural	AC:000458	0.028785
all_taxa	D-SCRIPT	Structural	AC:000459	0.208742
all_taxa	D-SCRIPT	Structural	AC:000460	0.713538
all_taxa	D-SCRIPT	Structural	AC:000461	0.004176
all_taxa	D-SCRIPT	Structural	AC:000462	0.922196
all_taxa	D-SCRIPT	Structural	AC:000464	0.899563
all_taxa	D-SCRIPT	Structural	AC:000465	0.004174
all_taxa	D-SCRIPT	Structural	AC:000466	0.009478
all_taxa	D-SCRIPT	Structural	AC:000467	0.588878
all_taxa	D-SCRIPT	Structural	AC:000468	0.00418
all_taxa	D-SCRIPT	Structural	AC:000469	0.004188
all_taxa	D-SCRIPT	Structural	AC:000470	0.0457
all_taxa	D-SCRIPT	Structural	AC:000471	0.004188
all_taxa	D-SCRIPT	Structural	AC:000472	0.028073
all_taxa	D-SCRIPT	Structural	AC:000473	0.010706
all_taxa	D-SCRIPT	Structural	AC:000475	0.004179
all_taxa	D-SCRIPT	Structural	AC:000477	0.030621
all_taxa	D-SCRIPT	Structural	AC:000479	0.004176
all_taxa	D-SCRIPT	Structural	AC:000480	0.028468
all_taxa	D-SCRIPT	Structural	AC:000481	0.004288
all_taxa	D-SCRIPT	Structural	AC:000482	0.004693
all_taxa	D-SCRIPT	Structural	AC:000484	0.011324
all_taxa	D-SCRIPT	Structural	AC:000485	0.004175
all_taxa	D-SCRIPT	Structural	AC:000486	0.004182
all_taxa	D-SCRIPT	Structural	AC:000487	0.980365
all_taxa	D-SCRIPT	Structural	AC:000489	0.004183
all_taxa	D-SCRIPT	Structural	AC:000490	0.004225
all_taxa	D-SCRIPT	Structural	AC:000491	0.158421
all_taxa	D-SCRIPT	Structural	AC:000492	0.004177
all_taxa	D-SCRIPT	Structural	AC:000493	0.986658
all_taxa	D-SCRIPT	Structural	AC:000494	0.367879
all_taxa	D-SCRIPT	Structural	AC:000495	0.051309
all_taxa	D-SCRIPT	Structural	AC:000496	0.334779
all_taxa	D-SCRIPT	Structural	AC:000497	0.004199
all_taxa	D-SCRIPT	Structural	AC:000498	0.004181
all_taxa	D-SCRIPT	Structural	AC:000500	0.004185
all_taxa	D-SCRIPT	Structural	AC:000501	0.004229
all_taxa	D-SCRIPT	Structural	AC:000503	0.004219
all_taxa	D-SCRIPT	Structural	AC:000504	0.004183
all_taxa	D-SCRIPT	Structural	AC:000506	0.004179
all_taxa	D-SCRIPT	Structural	AC:000507	0.006933
all_taxa	D-SCRIPT	Structural	AC:000508	0.004718
all_taxa	D-SCRIPT	Structural	AC:000509	0.004174
all_taxa	D-SCRIPT	Structural	AC:000510	0.004177
all_taxa	D-SCRIPT	Structural	AC:000511	0.973931
all_taxa	D-SCRIPT	Structural	AC:000512	0.976126
all_taxa	D-SCRIPT	Structural	AC:000513	0.004177
all_taxa	D-SCRIPT	Structural	AC:000514	0.005099
all_taxa	D-SCRIPT	Structural	AC:000515	0.223019
all_taxa	D-SCRIPT	Structural	AC:000516	0.004205
all_taxa	D-SCRIPT	Structural	AC:000517	0.004178
all_taxa	D-SCRIPT	Structural	AC:000518	0.955469
all_taxa	D-SCRIPT	Structural	AC:000519	0.004181
all_taxa	D-SCRIPT	Structural	AC:000520	0.011023
all_taxa	D-SCRIPT	Structural	AC:000522	0.004175
all_taxa	D-SCRIPT	Structural	AC:000523	0.951146
all_taxa	D-SCRIPT	Structural	AC:000524	0.004301
all_taxa	D-SCRIPT	Structural	AC:000525	0.907632
all_taxa	D-SCRIPT	Structural	AC:000526	0.004176
all_taxa	D-SCRIPT	Structural	AC:000527	0.317754
all_taxa	D-SCRIPT	Structural	AC:000528	0.794893
all_taxa	D-SCRIPT	Structural	AC:000529	0.00418
all_taxa	D-SCRIPT	Structural	AC:000530	0.004186
all_taxa	D-SCRIPT	Structural	AC:000531	0.00419
all_taxa	D-SCRIPT	Structural	AC:000532	0.321243
all_taxa	D-SCRIPT	Structural	AC:000534	0.0042
all_taxa	D-SCRIPT	Structural	AC:000536	0.096117
all_taxa	D-SCRIPT	Structural	AC:000537	0.008063
all_taxa	D-SCRIPT	Structural	AC:000539	0.031758
all_taxa	D-SCRIPT	Structural	AC:000540	0.040424
all_taxa	D-SCRIPT	Structural	AC:000542	0.004186
all_taxa	D-SCRIPT	Structural	AC:000544	0.004183
all_taxa	D-SCRIPT	Structural	AC:000545	0.004257
all_taxa	D-SCRIPT	Structural	AC:000546	0.007688
all_taxa	D-SCRIPT	Structural	AC:000548	0.900528
all_taxa	D-SCRIPT	Structural	AC:000549	0.004243
all_taxa	D-SCRIPT	Structural	AC:000550	0.005293
all_taxa	D-SCRIPT	Structural	AC:000552	0.866473
all_taxa	D-SCRIPT	Structural	AC:000553	0.004284
all_taxa	D-SCRIPT	Structural	AC:000554	0.735106
all_taxa	D-SCRIPT	Structural	AC:000555	0.004211
all_taxa	D-SCRIPT	Structural	AC:000556	0.004205
all_taxa	D-SCRIPT	Structural	AC:000558	0.004192
all_taxa	D-SCRIPT	Structural	AC:000559	0.00418
all_taxa	D-SCRIPT	Structural	AC:000560	0.004182
all_taxa	D-SCRIPT	Structural	AC:000561	0.270996
all_taxa	D-SCRIPT	Structural	AC:000562	0.004262
all_taxa	D-SCRIPT	Structural	AC:000563	0.867651
all_taxa	D-SCRIPT	Structural	AC:000564	0.006742
all_taxa	D-SCRIPT	Structural	AC:000566	0.799477
all_taxa	D-SCRIPT	Structural	AC:000567	0.009155
all_taxa	D-SCRIPT	Structural	AC:000569	0.011601
all_taxa	D-SCRIPT	Structural	AC:000570	0.004181
all_taxa	D-SCRIPT	Structural	AC:000571	0.004174
all_taxa	D-SCRIPT	Structural	AC:000572	0.004182
all_taxa	D-SCRIPT	Structural	AC:000573	0.004302
all_taxa	D-SCRIPT	Structural	AC:000575	0.004302
all_taxa	D-SCRIPT	Structural	AC:000576	0.004245
all_taxa	D-SCRIPT	Structural	AC:000577	0.004177
all_taxa	D-SCRIPT	Structural	AC:000579	0.004212
all_taxa	D-SCRIPT	Structural	AC:000580	0.004231
all_taxa	D-SCRIPT	Structural	AC:000581	0.011098
all_taxa	D-SCRIPT	Structural	AC:000582	0.004176
all_taxa	D-SCRIPT	Structural	AC:000583	0.00631
all_taxa	D-SCRIPT	Structural	AC:000584	0.004175
all_taxa	D-SCRIPT	Structural	AC:000585	0.004219
all_taxa	D-SCRIPT	Structural	AC:000586	0.010165
all_taxa	D-SCRIPT	Structural	AC:000587	0.004174
all_taxa	D-SCRIPT	Structural	AC:000588	0.004195
all_taxa	D-SCRIPT	Structural	AC:000589	0.756677
all_taxa	D-SCRIPT	Structural	AC:000590	0.004181
all_taxa	D-SCRIPT	Structural	AC:000591	0.004346
all_taxa	D-SCRIPT	Structural	AC:000592	0.185455
all_taxa	D-SCRIPT	Structural	AC:000593	0.02935
all_taxa	D-SCRIPT	Structural	AC:000594	0.004177
all_taxa	D-SCRIPT	Structural	AC:000595	0.004201
all_taxa	D-SCRIPT	Structural	AC:000596	0.004177
all_taxa	D-SCRIPT	Structural	AC:000597	0.099634
all_taxa	D-SCRIPT	Structural	AC:000599	0.38692
all_taxa	D-SCRIPT	Structural	AC:000600	0.004178
all_taxa	D-SCRIPT	Structural	AC:000601	0.889569
all_taxa	D-SCRIPT	Structural	AC:000602	0.004179
all_taxa	D-SCRIPT	Structural	AC:000603	0.881709
all_taxa	D-SCRIPT	Structural	AC:000604	0.042216
all_taxa	D-SCRIPT	Structural	AC:000605	0.00418
all_taxa	D-SCRIPT	Structural	AC:000606	0.817249
all_taxa	D-SCRIPT	Structural	AC:000607	0.004268
all_taxa	D-SCRIPT	Structural	AC:000608	0.004181
all_taxa	D-SCRIPT	Structural	AC:000609	0.004177
all_taxa	D-SCRIPT	Structural	AC:000610	0.566777
all_taxa	D-SCRIPT	Structural	AC:000611	0.028386
all_taxa	D-SCRIPT	Structural	AC:000612	0.004225
all_taxa	D-SCRIPT	Structural	AC:000613	0.063104
all_taxa	D-SCRIPT	Structural	AC:000614	0.816793
all_taxa	D-SCRIPT	Structural	AC:000615	0.077481
all_taxa	D-SCRIPT	Structural	AC:000617	0.51972
all_taxa	D-SCRIPT	Structural	AC:000619	0.926963
all_taxa	D-SCRIPT	Structural	AC:000620	0.595806
all_taxa	D-SCRIPT	Structural	AC:000621	0.175154
all_taxa	D-SCRIPT	Structural	AC:000622	0.911815
all_taxa	D-SCRIPT	Structural	AC:000623	0.004182
all_taxa	D-SCRIPT	Structural	AC:000624	0.153139
all_taxa	D-SCRIPT	Structural	AC:000625	0.446674
all_taxa	D-SCRIPT	Structural	AC:000626	0.004184
all_taxa	D-SCRIPT	Structural	AC:000627	0.893517
all_taxa	D-SCRIPT	Structural	AC:000628	0.004298
all_taxa	D-SCRIPT	Structural	AC:000629	0.004182
all_taxa	D-SCRIPT	Structural	AC:000630	0.004189
all_taxa	D-SCRIPT	Structural	AC:000631	0.362861
all_taxa	D-SCRIPT	Structural	AC:000632	0.734313
all_taxa	D-SCRIPT	Structural	AC:000633	0.008302
all_taxa	D-SCRIPT	Structural	AC:000634	0.037737
all_taxa	D-SCRIPT	Structural	AC:000635	0.005111
all_taxa	D-SCRIPT	Structural	AC:000636	0.870837
all_taxa	D-SCRIPT	Structural	AC:000637	0.007948
all_taxa	D-SCRIPT	Structural	AC:000639	0.004306
all_taxa	D-SCRIPT	Structural	AC:000640	0.004189
all_taxa	D-SCRIPT	Structural	AC:000641	0.160536
all_taxa	D-SCRIPT	Structural	AC:000642	0.029241
all_taxa	D-SCRIPT	Structural	AC:000643	0.899807
all_taxa	D-SCRIPT	Structural	AC:000644	0.067279
all_taxa	D-SCRIPT	Structural	AC:000645	0.244864
all_taxa	D-SCRIPT	Structural	AC:000648	0.004364
all_taxa	D-SCRIPT	Structural	AC:000649	0.004201
all_taxa	D-SCRIPT	Structural	AC:000650	0.004179
all_taxa	D-SCRIPT	Structural	AC:000651	0.024629
all_taxa	D-SCRIPT	Structural	AC:000652	0.004174
all_taxa	D-SCRIPT	Structural	AC:000653	0.004182
all_taxa	D-SCRIPT	Structural	AC:000654	0.007597
all_taxa	D-SCRIPT	Structural	AC:000655	0.938215
all_taxa	D-SCRIPT	Structural	AC:000656	0.004195
all_taxa	D-SCRIPT	Structural	AC:000657	0.00419
all_taxa	D-SCRIPT	Structural	AC:000659	0.004576
all_taxa	D-SCRIPT	Structural	AC:000660	0.004186
all_taxa	D-SCRIPT	Structural	AC:000661	0.013023
all_taxa	D-SCRIPT	Structural	AC:000663	0.00431
all_taxa	D-SCRIPT	Structural	AC:000664	0.006409
all_taxa	D-SCRIPT	Structural	AC:000666	0.004379
all_taxa	D-SCRIPT	Structural	AC:000667	0.004176
all_taxa	D-SCRIPT	Structural	AC:000669	0.004178
all_taxa	D-SCRIPT	Structural	AC:000670	0.004175
all_taxa	D-SCRIPT	Structural	AC:000671	0.004175
all_taxa	D-SCRIPT	Structural	AC:000672	0.014967
all_taxa	D-SCRIPT	Structural	AC:000673	0.703189
all_taxa	D-SCRIPT	Structural	AC:000675	0.005771
all_taxa	D-SCRIPT	Structural	AC:000676	0.004177
all_taxa	D-SCRIPT	Structural	AC:000677	0.004185
all_taxa	D-SCRIPT	Structural	AC:000678	0.004176
all_taxa	D-SCRIPT	Structural	AC:000680	0.922422
all_taxa	D-SCRIPT	Structural	AC:000681	0.009626
all_taxa	D-SCRIPT	Structural	AC:000682	0.004182
all_taxa	D-SCRIPT	Structural	AC:000683	0.00421
all_taxa	D-SCRIPT	Structural	AC:000685	0.032517
all_taxa	D-SCRIPT	Structural	AC:000686	0.053197
all_taxa	D-SCRIPT	Structural	AC:000689	0.007905
all_taxa	D-SCRIPT	Structural	AC:000690	0.004179
all_taxa	D-SCRIPT	Structural	AC:000691	0.004183
all_taxa	D-SCRIPT	Structural	AC:000692	0.004179
all_taxa	D-SCRIPT	Structural	AC:000693	0.076956
all_taxa	D-SCRIPT	Structural	AC:000694	0.842491
all_taxa	D-SCRIPT	Structural	AC:000695	0.004269
all_taxa	D-SCRIPT	Structural	AC:000696	0.045949
all_taxa	D-SCRIPT	Structural	AC:000697	0.004386
all_taxa	D-SCRIPT	Structural	AC:000698	0.004179
all_taxa	D-SCRIPT	Structural	AC:000699	0.004185
all_taxa	D-SCRIPT	Structural	AC:000700	0.004414
all_taxa	D-SCRIPT	Structural	AC:000701	0.887533
all_taxa	D-SCRIPT	Structural	AC:000702	0.004176
all_taxa	D-SCRIPT	Structural	AC:000703	0.004354
all_taxa	D-SCRIPT	Structural	AC:000704	0.004179
all_taxa	D-SCRIPT	Structural	AC:000705	0.004179
all_taxa	D-SCRIPT	Structural	AC:000706	0.007972
all_taxa	D-SCRIPT	Structural	AC:000709	0.004174
all_taxa	D-SCRIPT	Structural	AC:000710	0.016993
all_taxa	D-SCRIPT	Structural	AC:000713	0.004174
all_taxa	D-SCRIPT	Structural	AC:000717	0.809505
all_taxa	D-SCRIPT	Structural	AC:000719	0.078064
all_taxa	D-SCRIPT	Structural	AC:000720	0.152356
all_taxa	D-SCRIPT	Structural	AC:000721	0.00418
all_taxa	D-SCRIPT	Structural	AC:000723	0.76117
all_taxa	D-SCRIPT	Structural	AC:000724	0.004198
all_taxa	D-SCRIPT	Structural	AC:000725	0.796181
all_taxa	D-SCRIPT	Structural	AC:000726	0.137991
all_taxa	D-SCRIPT	Structural	AC:000727	0.649873
all_taxa	D-SCRIPT	Structural	AC:000728	0.004183
all_taxa	D-SCRIPT	Structural	AC:000730	0.702299
all_taxa	D-SCRIPT	Structural	AC:000731	0.818445
all_taxa	D-SCRIPT	Structural	AC:000732	0.441572
all_taxa	D-SCRIPT	Structural	AC:000733	0.004294
all_taxa	D-SCRIPT	Structural	AC:000734	0.004184
all_taxa	D-SCRIPT	Structural	AC:000737	0.004203
all_taxa	D-SCRIPT	Structural	AC:000738	0.529321
all_taxa	D-SCRIPT	Structural	AC:000739	0.004186
all_taxa	D-SCRIPT	Structural	AC:000740	0.006636
all_taxa	D-SCRIPT	Structural	AC:000741	0.945664
all_taxa	D-SCRIPT	Structural	AC:000742	0.004292
all_taxa	D-SCRIPT	Structural	AC:000744	0.004344
all_taxa	D-SCRIPT	Structural	AC:000746	0.004936
all_taxa	D-SCRIPT	Structural	AC:000747	0.769932
all_taxa	D-SCRIPT	Structural	AC:000748	0.008848
all_taxa	D-SCRIPT	Structural	AC:000749	0.004193
all_taxa	D-SCRIPT	Structural	AC:000750	0.004183
all_taxa	D-SCRIPT	Structural	AC:000751	0.004211
all_taxa	D-SCRIPT	Structural	AC:000752	0.00418
all_taxa	D-SCRIPT	Structural	AC:000753	0.004187
all_taxa	D-SCRIPT	Structural	AC:000754	0.004178
all_taxa	D-SCRIPT	Structural	AC:000755	0.004201
all_taxa	D-SCRIPT	Structural	AC:000756	0.006306
all_taxa	D-SCRIPT	Structural	AC:000757	0.406766
all_taxa	D-SCRIPT	Structural	AC:000758	0.004378
all_taxa	D-SCRIPT	Structural	AC:000759	0.004935
all_taxa	D-SCRIPT	Structural	AC:000760	0.952488
all_taxa	D-SCRIPT	Structural	AC:000761	0.714046
all_taxa	D-SCRIPT	Structural	AC:000762	0.004327
all_taxa	D-SCRIPT	Structural	AC:000763	0.004244
all_taxa	D-SCRIPT	Structural	AC:000764	0.004175
all_taxa	D-SCRIPT	Structural	AC:000765	0.004175
all_taxa	D-SCRIPT	Structural	AC:000766	0.004215
all_taxa	D-SCRIPT	Structural	AC:000768	0.004175
all_taxa	D-SCRIPT	Structural	AC:000769	0.26704
all_taxa	D-SCRIPT	Structural	AC:000770	0.025451
all_taxa	D-SCRIPT	Structural	AC:000771	0.017342
all_taxa	D-SCRIPT	Structural	AC:000772	0.004177
all_taxa	D-SCRIPT	Structural	AC:000773	0.341577
all_taxa	D-SCRIPT	Structural	AC:000774	0.00489
all_taxa	D-SCRIPT	Structural	AC:000776	0.005436
all_taxa	D-SCRIPT	Structural	AC:000777	0.76305
all_taxa	D-SCRIPT	Structural	AC:000778	0.00435
all_taxa	D-SCRIPT	Structural	AC:000779	0.082586
all_taxa	D-SCRIPT	Structural	AC:000780	0.004181
all_taxa	D-SCRIPT	Structural	AC:000781	0.004261
all_taxa	D-SCRIPT	Structural	AC:000782	0.006395
all_taxa	D-SCRIPT	Structural	AC:000783	0.00421
all_taxa	D-SCRIPT	Structural	AC:000784	0.004183
all_taxa	D-SCRIPT	Structural	AC:000785	0.004251
all_taxa	D-SCRIPT	Structural	AC:000786	0.973312
all_taxa	D-SCRIPT	Structural	AC:000787	0.004174
all_taxa	D-SCRIPT	Structural	AC:000788	0.017283
all_taxa	D-SCRIPT	Structural	AC:000789	0.646471
all_taxa	D-SCRIPT	Structural	AC:000790	0.925542
all_taxa	D-SCRIPT	Structural	AC:000792	0.004183
all_taxa	D-SCRIPT	Structural	AC:000793	0.37891
all_taxa	D-SCRIPT	Structural	AC:000794	0.004179
all_taxa	D-SCRIPT	Structural	AC:000795	0.88448
all_taxa	D-SCRIPT	Structural	AC:000796	0.008722
all_taxa	D-SCRIPT	Structural	AC:000797	0.352259
all_taxa	D-SCRIPT	Structural	AC:000798	0.336031
all_taxa	D-SCRIPT	Structural	AC:000799	0.896656
all_taxa	D-SCRIPT	Structural	AC:000800	0.004277
all_taxa	D-SCRIPT	Structural	AC:000801	0.162251
all_taxa	D-SCRIPT	Structural	AC:000802	0.927563
all_taxa	D-SCRIPT	Structural	AC:000803	0.004248
all_taxa	D-SCRIPT	Structural	AC:000804	0.00418
all_taxa	D-SCRIPT	Structural	AC:000805	0.004181
all_taxa	D-SCRIPT	Structural	AC:000806	0.04926
all_taxa	D-SCRIPT	Structural	AC:000807	0.1889
all_taxa	D-SCRIPT	Structural	AC:000808	0.013946
all_taxa	D-SCRIPT	Structural	AC:000809	0.004176
all_taxa	D-SCRIPT	Structural	AC:000810	0.004179
all_taxa	D-SCRIPT	Structural	AC:000811	0.004346
all_taxa	D-SCRIPT	Structural	AC:000812	0.415326
all_taxa	D-SCRIPT	Structural	AC:000813	0.250096
all_taxa	D-SCRIPT	Structural	AC:000817	0.004186
all_taxa	D-SCRIPT	Structural	AC:000818	0.004288
all_taxa	D-SCRIPT	Structural	AC:000820	0.163082
all_taxa	D-SCRIPT	Structural	AC:000821	0.006187
all_taxa	D-SCRIPT	Structural	AC:000822	0.004523
all_taxa	D-SCRIPT	Structural	AC:000823	0.895647
all_taxa	D-SCRIPT	Structural	AC:000824	0.006784
all_taxa	D-SCRIPT	Structural	AC:000825	0.004175
all_taxa	D-SCRIPT	Structural	AC:000826	0.004451
all_taxa	D-SCRIPT	Structural	AC:000827	0.930192
all_taxa	D-SCRIPT	Structural	AC:000829	0.004252
all_taxa	D-SCRIPT	Structural	AC:000830	0.85305
all_taxa	D-SCRIPT	Structural	AC:000831	0.004202
all_taxa	D-SCRIPT	Structural	AC:000832	0.018398
all_taxa	D-SCRIPT	Structural	AC:000833	0.004194
all_taxa	D-SCRIPT	Structural	AC:000834	0.010165
all_taxa	D-SCRIPT	Structural	AC:000835	0.987723
all_taxa	D-SCRIPT	Structural	AC:000836	0.004192
all_taxa	D-SCRIPT	Structural	AC:000837	0.826216
all_taxa	D-SCRIPT	Structural	AC:000838	0.00422
all_taxa	D-SCRIPT	Structural	AC:000839	0.004712
all_taxa	D-SCRIPT	Structural	AC:000841	0.004191
all_taxa	D-SCRIPT	Structural	AC:000842	0.096091
all_taxa	D-SCRIPT	Structural	AC:000844	0.004185
all_taxa	D-SCRIPT	Structural	AC:000846	0.004236
all_taxa	D-SCRIPT	Structural	AC:000847	0.004207
all_taxa	D-SCRIPT	Structural	AC:000848	0.004182
all_taxa	D-SCRIPT	Structural	AC:000849	0.708889
all_taxa	D-SCRIPT	Structural	AC:000850	0.741837
all_taxa	D-SCRIPT	Structural	AC:000851	0.004175
all_taxa	D-SCRIPT	Structural	AC:000852	0.948543
all_taxa	D-SCRIPT	Structural	AC:000853	0.530748
all_taxa	D-SCRIPT	Structural	AC:000854	0.58579
all_taxa	D-SCRIPT	Structural	AC:000855	0.004192
all_taxa	D-SCRIPT	Structural	AC:000856	0.004388
all_taxa	D-SCRIPT	Structural	AC:000857	0.00418
all_taxa	D-SCRIPT	Structural	AC:000858	0.017837
all_taxa	D-SCRIPT	Structural	AC:000859	0.005577
all_taxa	D-SCRIPT	Structural	AC:000860	0.007397
all_taxa	D-SCRIPT	Structural	AC:000861	0.004205
all_taxa	D-SCRIPT	Structural	AC:000862	0.042576
all_taxa	D-SCRIPT	Structural	AC:000863	0.004177
all_taxa	D-SCRIPT	Structural	AC:000864	0.109528
all_taxa	D-SCRIPT	Structural	AC:000867	0.004191
all_taxa	D-SCRIPT	Structural	AC:000868	0.928433
all_taxa	D-SCRIPT	Structural	AC:000869	0.004181
all_taxa	D-SCRIPT	Structural	AC:000870	0.004205
all_taxa	D-SCRIPT	Structural	AC:000872	0.830331
all_taxa	D-SCRIPT	Structural	AC:000876	0.965601
all_taxa	D-SCRIPT	Structural	AC:000877	0.004177
all_taxa	D-SCRIPT	Structural	AC:000878	0.144993
all_taxa	D-SCRIPT	Structural	AC:000879	0.875845
all_taxa	D-SCRIPT	Structural	AC:000880	0.004175
all_taxa	D-SCRIPT	Structural	AC:000881	0.004711
all_taxa	D-SCRIPT	Structural	AC:000882	0.021001
all_taxa	D-SCRIPT	Structural	AC:000883	0.004186
all_taxa	D-SCRIPT	Structural	AC:000884	0.952253
all_taxa	D-SCRIPT	Structural	AC:000885	0.950659
all_taxa	D-SCRIPT	Structural	AC:000886	0.004187
all_taxa	D-SCRIPT	Structural	AC:000887	0.797475
all_taxa	D-SCRIPT	Structural	AC:000888	0.004335
all_taxa	D-SCRIPT	Structural	AC:000889	0.00478
all_taxa	D-SCRIPT	Structural	AC:000890	0.630562
all_taxa	D-SCRIPT	Structural	AC:000891	0.004177
all_taxa	D-SCRIPT	Structural	AC:000892	0.687195
all_taxa	D-SCRIPT	Structural	AC:000893	0.004903
all_taxa	D-SCRIPT	Structural	AC:000894	0.138498
all_taxa	D-SCRIPT	Structural	AC:000895	0.004754
all_taxa	D-SCRIPT	Structural	AC:000896	0.471559
all_taxa	D-SCRIPT	Structural	AC:000897	0.004177
all_taxa	D-SCRIPT	Structural	AC:000898	0.075484
all_taxa	D-SCRIPT	Structural	AC:000899	0.004178
all_taxa	D-SCRIPT	Structural	AC:000900	0.004287
all_taxa	D-SCRIPT	Structural	AC:000901	0.008075
all_taxa	D-SCRIPT	Structural	AC:000902	0.004328
all_taxa	D-SCRIPT	Structural	AC:000903	0.244924
all_taxa	D-SCRIPT	Structural	AC:000904	0.004213
all_taxa	D-SCRIPT	Structural	AC:000905	0.987025
all_taxa	D-SCRIPT	Structural	AC:000906	0.483087
all_taxa	D-SCRIPT	Structural	AC:000908	0.850216
all_taxa	D-SCRIPT	Structural	AC:000910	0.835703
all_taxa	D-SCRIPT	Structural	AC:000911	0.004199
all_taxa	D-SCRIPT	Structural	AC:000913	0.004237
all_taxa	D-SCRIPT	Structural	AC:000914	0.018164
all_taxa	D-SCRIPT	Structural	AC:000915	0.459909
all_taxa	D-SCRIPT	Structural	AC:000917	0.004176
all_taxa	D-SCRIPT	Structural	AC:000918	0.010874
all_taxa	D-SCRIPT	Structural	AC:000919	0.008189
all_taxa	D-SCRIPT	Structural	AC:000920	0.005505
all_taxa	D-SCRIPT	Structural	AC:000921	0.01204
all_taxa	D-SCRIPT	Structural	AC:000922	0.397567
all_taxa	D-SCRIPT	Structural	AC:000923	0.015088
all_taxa	D-SCRIPT	Structural	AC:000924	0.004176
all_taxa	D-SCRIPT	Structural	AC:000925	0.004218
all_taxa	D-SCRIPT	Structural	AC:000926	0.00419
all_taxa	D-SCRIPT	Structural	AC:000927	0.00425
all_taxa	D-SCRIPT	Structural	AC:000928	0.004187
all_taxa	D-SCRIPT	Structural	AC:000930	0.006776
all_taxa	D-SCRIPT	Structural	AC:000931	0.004192
all_taxa	D-SCRIPT	Structural	AC:000932	0.625291
all_taxa	D-SCRIPT	Structural	AC:000933	0.847956
all_taxa	D-SCRIPT	Structural	AC:000934	0.004473
all_taxa	D-SCRIPT	Structural	AC:000935	0.004219
all_taxa	D-SCRIPT	Structural	AC:000936	0.004251
all_taxa	D-SCRIPT	Structural	AC:000937	0.004207
all_taxa	D-SCRIPT	Structural	AC:000938	0.126461
all_taxa	D-SCRIPT	Structural	AC:000939	0.004259
all_taxa	D-SCRIPT	Structural	AC:000940	0.859567
all_taxa	D-SCRIPT	Structural	AC:000941	0.004229
all_taxa	D-SCRIPT	Structural	AC:000942	0.468899
all_taxa	D-SCRIPT	Structural	AC:000943	0.004197
all_taxa	D-SCRIPT	Structural	AC:000944	0.004176
all_taxa	D-SCRIPT	Structural	AC:000945	0.004213
all_taxa	D-SCRIPT	Structural	AC:000946	0.026791
all_taxa	D-SCRIPT	Structural	AC:000947	0.007817
all_taxa	D-SCRIPT	Structural	AC:000948	0.00418
all_taxa	D-SCRIPT	Structural	AC:000949	0.004182
all_taxa	D-SCRIPT	Structural	AC:000950	0.004274
all_taxa	D-SCRIPT	Structural	AC:000951	0.857399
all_taxa	D-SCRIPT	Structural	AC:000952	0.004179
all_taxa	D-SCRIPT	Structural	AC:000953	0.004176
all_taxa	D-SCRIPT	Structural	AC:000954	0.965714
all_taxa	D-SCRIPT	Structural	AC:000957	0.004191
all_taxa	D-SCRIPT	Structural	AC:000958	0.004182
all_taxa	D-SCRIPT	Structural	AC:000959	0.005971
all_taxa	D-SCRIPT	Structural	AC:000960	0.004177
all_taxa	D-SCRIPT	Structural	AC:000962	0.004179
all_taxa	D-SCRIPT	Structural	AC:000963	0.00427
all_taxa	D-SCRIPT	Structural	AC:000964	0.004201
all_taxa	D-SCRIPT	Structural	AC:000965	0.013857
all_taxa	D-SCRIPT	Structural	AC:000966	0.004185
all_taxa	D-SCRIPT	Structural	AC:000968	0.007067
all_taxa	D-SCRIPT	Structural	AC:000969	0.004174
all_taxa	D-SCRIPT	Structural	AC:000970	0.004183
all_taxa	D-SCRIPT	Structural	AC:000971	0.490531
all_taxa	D-SCRIPT	Structural	AC:000973	0.741931
all_taxa	D-SCRIPT	Structural	AC:000974	0.180215
all_taxa	D-SCRIPT	Structural	AC:000975	0.004197
all_taxa	D-SCRIPT	Structural	AC:000976	0.913917
all_taxa	D-SCRIPT	Structural	AC:000978	0.004179
all_taxa	D-SCRIPT	Structural	AC:000980	0.010292
all_taxa	D-SCRIPT	Structural	AC:000981	0.004208
all_taxa	D-SCRIPT	Structural	AC:000982	0.005412
all_taxa	D-SCRIPT	Structural	AC:000983	0.004179
all_taxa	D-SCRIPT	Structural	AC:000984	0.004193
all_taxa	D-SCRIPT	Structural	AC:000986	0.004178
all_taxa	D-SCRIPT	Structural	AC:000987	0.004176
all_taxa	D-SCRIPT	Structural	AC:000988	0.403489
all_taxa	D-SCRIPT	Structural	AC:000991	0.00419
all_taxa	D-SCRIPT	Structural	AC:000992	0.891036
all_taxa	D-SCRIPT	Structural	AC:000997	0.004189
all_taxa	D-SCRIPT	Structural	AC:000999	0.004179
all_taxa	D-SCRIPT	Structural	AC:001000	0.672188
all_taxa	D-SCRIPT	Structural	AC:001001	0.004183
all_taxa	D-SCRIPT	Structural	AC:001002	0.004205
all_taxa	D-SCRIPT	Structural	AC:001003	0.004204
all_taxa	D-SCRIPT	Structural	AC:001004	0.004175
all_taxa	D-SCRIPT	Structural	AC:001006	0.009481
all_taxa	D-SCRIPT	Structural	AC:001007	0.004176
all_taxa	D-SCRIPT	Structural	AC:001008	0.004324
all_taxa	D-SCRIPT	Structural	AC:001009	0.44663
all_taxa	D-SCRIPT	Structural	AC:001010	0.778572
all_taxa	D-SCRIPT	Structural	AC:001011	0.004198
all_taxa	D-SCRIPT	Structural	AC:001012	0.006402
all_taxa	D-SCRIPT	Structural	AC:001013	0.059017
all_taxa	D-SCRIPT	Structural	AC:001014	0.849345
all_taxa	D-SCRIPT	Structural	AC:001015	0.004175
all_taxa	D-SCRIPT	Structural	AC:001016	0.746395
all_taxa	D-SCRIPT	Structural	AC:001017	0.005658
all_taxa	D-SCRIPT	Structural	AC:001018	0.004473
all_taxa	D-SCRIPT	Structural	AC:001019	0.004248
all_taxa	D-SCRIPT	Structural	AC:001023	0.013177
all_taxa	D-SCRIPT	Structural	AC:001024	0.004202
all_taxa	D-SCRIPT	Structural	AC:001025	0.004184
all_taxa	D-SCRIPT	Structural	AC:001026	0.004175
all_taxa	D-SCRIPT	Structural	AC:001028	0.006049
all_taxa	D-SCRIPT	Structural	AC:001029	0.022245
all_taxa	D-SCRIPT	Structural	AC:001032	0.014466
all_taxa	D-SCRIPT	Structural	AC:001033	0.004182
all_taxa	D-SCRIPT	Structural	AC:001034	0.004194
all_taxa	D-SCRIPT	Structural	AC:001036	0.00418
all_taxa	D-SCRIPT	Structural	AC:001038	0.004174
all_taxa	D-SCRIPT	Structural	AC:001039	0.004192
all_taxa	D-SCRIPT	Structural	AC:001042	0.004193
all_taxa	D-SCRIPT	Structural	AC:001043	0.004188
all_taxa	D-SCRIPT	Structural	AC:001044	0.004174
all_taxa	D-SCRIPT	Structural	AC:001046	0.805541
all_taxa	D-SCRIPT	Structural	AC:001047	0.639534
all_taxa	D-SCRIPT	Structural	AC:001049	0.789662
all_taxa	D-SCRIPT	Structural	AC:001050	0.004197
all_taxa	D-SCRIPT	Structural	AC:001051	0.447989
all_taxa	D-SCRIPT	Structural	AC:001052	0.004179
all_taxa	D-SCRIPT	Structural	AC:001053	0.004218
all_taxa	D-SCRIPT	Structural	AC:001054	0.023775
all_taxa	D-SCRIPT	Structural	AC:001055	0.16386
all_taxa	D-SCRIPT	Structural	AC:001056	0.004184
all_taxa	D-SCRIPT	Structural	AC:001057	0.004188
all_taxa	D-SCRIPT	Structural	AC:001058	0.344467
all_taxa	D-SCRIPT	Structural	AC:001059	0.004184
all_taxa	D-SCRIPT	Structural	AC:001061	0.74405
all_taxa	D-SCRIPT	Structural	AC:001062	0.004187
all_taxa	D-SCRIPT	Structural	AC:001063	0.021596
all_taxa	D-SCRIPT	Structural	AC:001064	0.118818
all_taxa	D-SCRIPT	Structural	AC:001065	0.004175
all_taxa	D-SCRIPT	Structural	AC:001066	0.004185
all_taxa	D-SCRIPT	Structural	AC:001067	0.005627
all_taxa	D-SCRIPT	Structural	AC:001068	0.004191
all_taxa	D-SCRIPT	Structural	AC:001069	0.004183
all_taxa	D-SCRIPT	Structural	AC:001070	0.883053
all_taxa	D-SCRIPT	Structural	AC:001071	0.004183
all_taxa	D-SCRIPT	Structural	AC:001072	0.011168
all_taxa	D-SCRIPT	Structural	AC:001073	0.018089
all_taxa	D-SCRIPT	Structural	AC:001075	0.793926
all_taxa	D-SCRIPT	Structural	AC:001076	0.00583
all_taxa	D-SCRIPT	Structural	AC:001077	0.004173
all_taxa	D-SCRIPT	Structural	AC:001078	0.004837
all_taxa	D-SCRIPT	Structural	AC:001079	0.004224
all_taxa	D-SCRIPT	Structural	AC:001080	0.004177
all_taxa	D-SCRIPT	Structural	AC:001081	0.004176
all_taxa	D-SCRIPT	Structural	AC:001082	0.004177
all_taxa	D-SCRIPT	Structural	AC:001083	0.040058
all_taxa	D-SCRIPT	Structural	AC:001084	0.004181
all_taxa	D-SCRIPT	Structural	AC:001085	0.855137
all_taxa	D-SCRIPT	Structural	AC:001087	0.028278
all_taxa	D-SCRIPT	Structural	AC:001088	0.004204
all_taxa	D-SCRIPT	Structural	AC:001090	0.032302
all_taxa	D-SCRIPT	Structural	AC:001091	0.038627
all_taxa	D-SCRIPT	Structural	AC:001092	0.00418
all_taxa	D-SCRIPT	Structural	AC:001094	0.0042
all_taxa	D-SCRIPT	Structural	AC:001095	0.004377
all_taxa	D-SCRIPT	Structural	AC:001096	0.154263
all_taxa	D-SCRIPT	Structural	AC:001097	0.004174
all_taxa	D-SCRIPT	Structural	AC:001098	0.946867
all_taxa	D-SCRIPT	Structural	AC:001100	0.858556
all_taxa	D-SCRIPT	Structural	AC:001103	0.046284
all_taxa	D-SCRIPT	Structural	AC:001104	0.110815
all_taxa	D-SCRIPT	Structural	AC:001105	0.006752
all_taxa	D-SCRIPT	Structural	AC:001106	0.00485
all_taxa	D-SCRIPT	Structural	AC:001107	0.798301
all_taxa	D-SCRIPT	Structural	AC:001109	0.007345
all_taxa	D-SCRIPT	Structural	AC:001110	0.004184
all_taxa	D-SCRIPT	Structural	AC:001111	0.020111
all_taxa	D-SCRIPT	Structural	AC:001112	0.077032
all_taxa	D-SCRIPT	Structural	AC:001113	0.004218
all_taxa	D-SCRIPT	Structural	AC:001114	0.005366
all_taxa	D-SCRIPT	Structural	AC:001116	0.004209
all_taxa	D-SCRIPT	Structural	AC:001117	0.941866
all_taxa	D-SCRIPT	Structural	AC:001118	0.004178
all_taxa	D-SCRIPT	Structural	AC:001119	0.004174
all_taxa	D-SCRIPT	Structural	AC:001120	0.004897
all_taxa	D-SCRIPT	Structural	AC:001121	0.004183
all_taxa	D-SCRIPT	Structural	AC:001123	0.004233
all_taxa	D-SCRIPT	Structural	AC:001125	0.005012
all_taxa	D-SCRIPT	Structural	AC:001126	0.918473
all_taxa	D-SCRIPT	Structural	AC:001128	0.061958
all_taxa	D-SCRIPT	Structural	AC:001129	0.241718
all_taxa	D-SCRIPT	Structural	AC:001130	0.964037
all_taxa	D-SCRIPT	Structural	AC:001131	0.004184
all_taxa	D-SCRIPT	Structural	AC:001132	0.467674
all_taxa	D-SCRIPT	Structural	AC:001134	0.004239
all_taxa	D-SCRIPT	Structural	AC:001135	0.036163
all_taxa	D-SCRIPT	Structural	AC:001136	0.004185
all_taxa	D-SCRIPT	Structural	AC:001137	0.786832
all_taxa	D-SCRIPT	Structural	AC:001138	0.188018
all_taxa	D-SCRIPT	Structural	AC:001140	0.417475
all_taxa	D-SCRIPT	Structural	AC:001141	0.004179
all_taxa	D-SCRIPT	Structural	AC:001142	0.83534
all_taxa	D-SCRIPT	Structural	AC:001143	0.004187
all_taxa	D-SCRIPT	Structural	AC:001145	0.004194
all_taxa	D-SCRIPT	Structural	AC:001147	0.945414
all_taxa	D-SCRIPT	Structural	AC:001148	0.920065
all_taxa	D-SCRIPT	Structural	AC:001149	0.744019
all_taxa	D-SCRIPT	Structural	AC:001150	0.006968
all_taxa	D-SCRIPT	Structural	AC:001151	0.004183
all_taxa	D-SCRIPT	Structural	AC:001153	0.004177
all_taxa	D-SCRIPT	Structural	AC:001154	0.925383
all_taxa	D-SCRIPT	Structural	AC:001155	0.89633
all_taxa	D-SCRIPT	Structural	AC:001157	0.00454
all_taxa	D-SCRIPT	Structural	AC:001158	0.005628
all_taxa	D-SCRIPT	Structural	AC:001159	0.775717
all_taxa	D-SCRIPT	Structural	AC:001160	0.004223
all_taxa	D-SCRIPT	Structural	AC:001162	0.004176
all_taxa	D-SCRIPT	Structural	AC:001163	0.004541
all_taxa	D-SCRIPT	Structural	AC:001164	0.004179
all_taxa	D-SCRIPT	Structural	AC:001165	0.004178
all_taxa	D-SCRIPT	Structural	AC:001166	0.004228
all_taxa	D-SCRIPT	Structural	AC:001167	0.004376
all_taxa	D-SCRIPT	Structural	AC:001168	0.004236
all_taxa	D-SCRIPT	Structural	AC:001169	0.93481
all_taxa	D-SCRIPT	Structural	AC:001170	0.988514
all_taxa	D-SCRIPT	Structural	AC:001171	0.138516
all_taxa	D-SCRIPT	Structural	AC:001172	0.769858
all_taxa	D-SCRIPT	Structural	AC:001173	0.004917
all_taxa	D-SCRIPT	Structural	AC:001174	0.004177
all_taxa	D-SCRIPT	Structural	AC:001176	0.00425
all_taxa	D-SCRIPT	Structural	AC:001177	0.00418
all_taxa	D-SCRIPT	Structural	AC:001178	0.006214
all_taxa	D-SCRIPT	Structural	AC:001179	0.214736
all_taxa	D-SCRIPT	Structural	AC:001180	0.004175
all_taxa	D-SCRIPT	Structural	AC:001181	0.050731
all_taxa	D-SCRIPT	Structural	AC:001183	0.007849
all_taxa	D-SCRIPT	Structural	AC:001184	0.005066
all_taxa	D-SCRIPT	Structural	AC:001185	0.004231
all_taxa	D-SCRIPT	Structural	AC:001186	0.068655
all_taxa	D-SCRIPT	Structural	AC:001187	0.004357
all_taxa	D-SCRIPT	Structural	AC:001188	0.004224
all_taxa	D-SCRIPT	Structural	AC:001189	0.006566
all_taxa	D-SCRIPT	Structural	AC:001190	0.004175
all_taxa	D-SCRIPT	Structural	AC:001191	0.009671
all_taxa	D-SCRIPT	Structural	AC:001192	0.004177
all_taxa	D-SCRIPT	Structural	AC:001194	0.004786
all_taxa	D-SCRIPT	Structural	AC:001195	0.0536
all_taxa	D-SCRIPT	Structural	AC:001196	0.974135
all_taxa	D-SCRIPT	Structural	AC:001197	0.00421
all_taxa	D-SCRIPT	Structural	AC:001198	0.006142
all_taxa	D-SCRIPT	Structural	AC:001199	0.9086
all_taxa	D-SCRIPT	Structural	AC:001200	0.004175
all_taxa	D-SCRIPT	Structural	AC:001201	0.004273
all_taxa	D-SCRIPT	Structural	AC:001202	0.892512
all_taxa	D-SCRIPT	Structural	AC:001203	0.004177
all_taxa	D-SCRIPT	Structural	AC:001204	0.014399
all_taxa	D-SCRIPT	Structural	AC:001206	0.841695
all_taxa	D-SCRIPT	Structural	AC:001207	0.004226
all_taxa	D-SCRIPT	Structural	AC:001209	0.004188
all_taxa	D-SCRIPT	Structural	AC:001211	0.004213
all_taxa	D-SCRIPT	Structural	AC:001213	0.942702
all_taxa	D-SCRIPT	Structural	AC:001214	0.004181
all_taxa	D-SCRIPT	Structural	AC:001215	0.004174
all_taxa	D-SCRIPT	Structural	AC:001216	0.004293
all_taxa	D-SCRIPT	Structural	AC:001218	0.016775
all_taxa	D-SCRIPT	Structural	AC:001219	0.004179
all_taxa	D-SCRIPT	Structural	AC:001220	0.004176
all_taxa	D-SCRIPT	Structural	AC:001221	0.004212
all_taxa	D-SCRIPT	Structural	AC:001222	0.00516
all_taxa	D-SCRIPT	Structural	AC:001223	0.004215
all_taxa	D-SCRIPT	Structural	AC:001225	0.004182
all_taxa	D-SCRIPT	Structural	AC:001228	0.0044
all_taxa	D-SCRIPT	Structural	AC:001229	0.00458
all_taxa	D-SCRIPT	Structural	AC:001230	0.004178
all_taxa	D-SCRIPT	Structural	AC:001231	0.004177
all_taxa	D-SCRIPT	Structural	AC:001232	0.004188
all_taxa	D-SCRIPT	Structural	AC:001233	0.952739
all_taxa	D-SCRIPT	Structural	AC:001234	0.004535
all_taxa	D-SCRIPT	Structural	AC:001235	0.004175
all_taxa	D-SCRIPT	Structural	AC:001237	0.004187
all_taxa	D-SCRIPT	Structural	AC:001238	0.134426
all_taxa	D-SCRIPT	Structural	AC:001239	0.863802
all_taxa	D-SCRIPT	Structural	AC:001240	0.00624
all_taxa	D-SCRIPT	Structural	AC:001241	0.694359
all_taxa	D-SCRIPT	Structural	AC:001243	0.004183
all_taxa	D-SCRIPT	Structural	AC:001244	0.015532
all_taxa	D-SCRIPT	Structural	AC:001245	0.00418
all_taxa	D-SCRIPT	Structural	AC:001246	0.71937
all_taxa	D-SCRIPT	Structural	AC:001247	0.685556
all_taxa	D-SCRIPT	Structural	AC:001249	0.004894
all_taxa	D-SCRIPT	Structural	AC:001250	0.964919
all_taxa	D-SCRIPT	Structural	AC:001251	0.0044
all_taxa	D-SCRIPT	Structural	AC:001252	0.004281
all_taxa	D-SCRIPT	Structural	AC:001253	0.004194
all_taxa	D-SCRIPT	Structural	AC:001256	0.004185
all_taxa	D-SCRIPT	Structural	AC:001257	0.00979
all_taxa	D-SCRIPT	Structural	AC:001258	0.10657
all_taxa	D-SCRIPT	Structural	AC:001260	0.008112
all_taxa	D-SCRIPT	Structural	AC:001261	0.159894
all_taxa	D-SCRIPT	Structural	AC:001262	0.004218
all_taxa	D-SCRIPT	Structural	AC:001263	0.636636
all_taxa	D-SCRIPT	Structural	AC:001264	0.004208
all_taxa	D-SCRIPT	Structural	AC:001265	0.004193
all_taxa	D-SCRIPT	Structural	AC:001266	0.846205
all_taxa	D-SCRIPT	Structural	AC:001267	0.00449
all_taxa	D-SCRIPT	Structural	AC:001269	0.004177
all_taxa	D-SCRIPT	Structural	AC:001270	0.006033
all_taxa	D-SCRIPT	Structural	AC:001271	0.004184
all_taxa	D-SCRIPT	Structural	AC:001272	0.009231
all_taxa	D-SCRIPT	Structural	AC:001273	0.00655
all_taxa	D-SCRIPT	Structural	AC:001274	0.004365
all_taxa	D-SCRIPT	Structural	AC:001275	0.759337
all_taxa	D-SCRIPT	Structural	AC:001276	0.007313
all_taxa	D-SCRIPT	Structural	AC:001277	0.004179
all_taxa	D-SCRIPT	Structural	AC:001278	0.664937
all_taxa	D-SCRIPT	Structural	AC:001279	0.013168
all_taxa	D-SCRIPT	Structural	AC:001281	0.01528
all_taxa	D-SCRIPT	Structural	AC:001282	0.004181
all_taxa	D-SCRIPT	Structural	AC:001283	0.005863
all_taxa	D-SCRIPT	Structural	AC:001286	0.004181
all_taxa	D-SCRIPT	Structural	AC:001288	0.004569
all_taxa	D-SCRIPT	Structural	AC:001290	0.004175
all_taxa	D-SCRIPT	Structural	AC:001291	0.004212
all_taxa	D-SCRIPT	Structural	AC:001292	0.540938
all_taxa	D-SCRIPT	Structural	AC:001293	0.979552
all_taxa	D-SCRIPT	Structural	AC:001295	0.972373
all_taxa	D-SCRIPT	Structural	AC:001296	0.709777
all_taxa	D-SCRIPT	Structural	AC:001298	0.267919
all_taxa	D-SCRIPT	Structural	AC:001299	0.015166
all_taxa	D-SCRIPT	Structural	AC:001301	0.004277
all_taxa	D-SCRIPT	Structural	AC:001302	0.004174
all_taxa	D-SCRIPT	Structural	AC:001303	0.861025
all_taxa	D-SCRIPT	Structural	AC:001304	0.004202
all_taxa	D-SCRIPT	Structural	AC:001305	0.00453
all_taxa	D-SCRIPT	Structural	AC:001306	0.00848
all_taxa	D-SCRIPT	Structural	AC:001307	0.004343
all_taxa	D-SCRIPT	Structural	AC:001308	0.004291
all_taxa	D-SCRIPT	Structural	AC:001309	0.834392
all_taxa	D-SCRIPT	Structural	AC:001310	0.004181
all_taxa	D-SCRIPT	Structural	AC:001311	0.004178
all_taxa	D-SCRIPT	Structural	AC:001312	0.971701
all_taxa	D-SCRIPT	Structural	AC:001313	0.004177
all_taxa	D-SCRIPT	Structural	AC:001314	0.025034
all_taxa	D-SCRIPT	Structural	AC:001316	0.004178
all_taxa	D-SCRIPT	Structural	AC:001317	0.773964
all_taxa	D-SCRIPT	Structural	AC:001318	0.00523
all_taxa	D-SCRIPT	Structural	AC:001319	0.897143
all_taxa	D-SCRIPT	Structural	AC:001323	0.819634
all_taxa	D-SCRIPT	Structural	AC:001324	0.004435
all_taxa	D-SCRIPT	Structural	AC:001326	0.004191
all_taxa	D-SCRIPT	Structural	AC:001327	0.009653
all_taxa	D-SCRIPT	Structural	AC:001328	0.004179
all_taxa	D-SCRIPT	Structural	AC:001329	0.0042
all_taxa	D-SCRIPT	Structural	AC:001330	0.894509
all_taxa	D-SCRIPT	Structural	AC:001331	0.004257
all_taxa	D-SCRIPT	Structural	AC:001332	0.004175
all_taxa	D-SCRIPT	Structural	AC:001333	0.004175
all_taxa	D-SCRIPT	Structural	AC:001335	0.004176
all_taxa	D-SCRIPT	Structural	AC:001336	0.004233
all_taxa	D-SCRIPT	Structural	AC:001337	0.780831
all_taxa	D-SCRIPT	Structural	AC:001338	0.113991
all_taxa	D-SCRIPT	Structural	AC:001339	0.004303
all_taxa	D-SCRIPT	Structural	AC:001340	0.004189
all_taxa	D-SCRIPT	Structural	AC:001341	0.004179
all_taxa	D-SCRIPT	Structural	AC:001342	0.004181
all_taxa	D-SCRIPT	Structural	AC:001343	0.007567
all_taxa	D-SCRIPT	Structural	AC:001344	0.004179
all_taxa	D-SCRIPT	Structural	AC:001345	0.004193
all_taxa	D-SCRIPT	Structural	AC:001346	0.672811
all_taxa	D-SCRIPT	Structural	AC:001347	0.15837
all_taxa	D-SCRIPT	Structural	AC:001349	0.854793
all_taxa	D-SCRIPT	Structural	AC:001350	0.705533
all_taxa	D-SCRIPT	Structural	AC:001351	0.943637
all_taxa	D-SCRIPT	Structural	AC:001353	0.004187
all_taxa	D-SCRIPT	Structural	AC:001354	0.790897
all_taxa	D-SCRIPT	Structural	AC:001355	0.004326
all_taxa	D-SCRIPT	Structural	AC:001356	0.533583
all_taxa	D-SCRIPT	Structural	AC:001357	0.004565
all_taxa	D-SCRIPT	Structural	AC:001358	0.004456
all_taxa	D-SCRIPT	Structural	AC:001359	0.023027
all_taxa	D-SCRIPT	Structural	AC:001360	0.004395
all_taxa	D-SCRIPT	Structural	AC:001361	0.04114
all_taxa	D-SCRIPT	Structural	AC:001362	0.004175
all_taxa	D-SCRIPT	Structural	AC:001363	0.004475
all_taxa	D-SCRIPT	Structural	AC:001364	0.004291
all_taxa	D-SCRIPT	Structural	AC:001365	0.004223
all_taxa	D-SCRIPT	Structural	AC:001366	0.004185
all_taxa	D-SCRIPT	Structural	AC:001367	0.117061
all_taxa	D-SCRIPT	Structural	AC:001368	0.411832
all_taxa	D-SCRIPT	Structural	AC:001369	0.004189
all_taxa	D-SCRIPT	Structural	AC:001370	0.004205
all_taxa	D-SCRIPT	Structural	AC:001372	0.004177
all_taxa	D-SCRIPT	Structural	AC:001373	0.004258
all_taxa	D-SCRIPT	Structural	AC:001374	0.004177
all_taxa	D-SCRIPT	Structural	AC:001375	0.004173
all_taxa	D-SCRIPT	Structural	AC:001376	0.004198
all_taxa	D-SCRIPT	Structural	AC:001377	0.004186
all_taxa	D-SCRIPT	Structural	AC:001378	0.443211
all_taxa	D-SCRIPT	Structural	AC:001379	0.8491
all_taxa	D-SCRIPT	Structural	AC:001380	0.004187
all_taxa	D-SCRIPT	Structural	AC:001382	0.44299
all_taxa	D-SCRIPT	Structural	AC:001383	0.004182
all_taxa	D-SCRIPT	Structural	AC:001384	0.066094
all_taxa	D-SCRIPT	Structural	AC:001385	0.146683
all_taxa	D-SCRIPT	Structural	AC:001386	0.005643
all_taxa	D-SCRIPT	Structural	AC:001387	0.004212
all_taxa	D-SCRIPT	Structural	AC:001388	0.874169
all_taxa	D-SCRIPT	Structural	AC:001389	0.004174
all_taxa	D-SCRIPT	Structural	AC:001390	0.007092
all_taxa	D-SCRIPT	Structural	AC:001391	0.004788
all_taxa	D-SCRIPT	Structural	AC:001392	0.004201
all_taxa	D-SCRIPT	Structural	AC:001393	0.004208
all_taxa	D-SCRIPT	Structural	AC:001396	0.741024
all_taxa	D-SCRIPT	Structural	AC:001397	0.004201
all_taxa	D-SCRIPT	Structural	AC:001399	0.870305
all_taxa	D-SCRIPT	Structural	AC:001400	0.004186
all_taxa	D-SCRIPT	Structural	AC:001402	0.004177
all_taxa	D-SCRIPT	Structural	AC:001403	0.854435
all_taxa	D-SCRIPT	Structural	AC:001404	0.451085
all_taxa	D-SCRIPT	Structural	AC:001405	0.83718
all_taxa	D-SCRIPT	Structural	AC:001407	0.004216
all_taxa	D-SCRIPT	Structural	AC:001408	0.004197
all_taxa	D-SCRIPT	Structural	AC:001410	0.004186
all_taxa	D-SCRIPT	Structural	AC:001411	0.004175
all_taxa	D-SCRIPT	Structural	AC:001413	0.004177
all_taxa	D-SCRIPT	Structural	AC:001415	0.965004
all_taxa	D-SCRIPT	Structural	AC:001416	0.013125
all_taxa	D-SCRIPT	Structural	AC:001417	0.004287
all_taxa	D-SCRIPT	Structural	AC:001418	0.811739
all_taxa	D-SCRIPT	Structural	AC:001419	0.161188
all_taxa	D-SCRIPT	Structural	AC:001421	0.115679
all_taxa	D-SCRIPT	Structural	AC:001422	0.835602
all_taxa	D-SCRIPT	Structural	AC:001423	0.47188
all_taxa	D-SCRIPT	Structural	AC:001425	0.004177
all_taxa	D-SCRIPT	Structural	AC:001426	0.004185
all_taxa	D-SCRIPT	Structural	AC:001427	0.004191
all_taxa	D-SCRIPT	Structural	AC:001428	0.004196
all_taxa	D-SCRIPT	Structural	AC:001429	0.004176
all_taxa	D-SCRIPT	Structural	AC:001430	0.967134
all_taxa	D-SCRIPT	Structural	AC:001432	0.846579
all_taxa	D-SCRIPT	Structural	AC:001436	0.951734
all_taxa	D-SCRIPT	Structural	AC:001439	0.729392
all_taxa	D-SCRIPT	Structural	AC:001440	0.004276
all_taxa	D-SCRIPT	Structural	AC:001442	0.004941
all_taxa	D-SCRIPT	Structural	AC:001445	0.004178
all_taxa	D-SCRIPT	Structural	AC:001446	0.150037
all_taxa	D-SCRIPT	Structural	AC:001447	0.004229
all_taxa	D-SCRIPT	Structural	AC:001448	0.004176
all_taxa	D-SCRIPT	Structural	AC:001449	0.004189
all_taxa	D-SCRIPT	Structural	AC:001450	0.004256
all_taxa	D-SCRIPT	Structural	AC:001451	0.062663
all_taxa	D-SCRIPT	Structural	AC:001452	0.835452
all_taxa	D-SCRIPT	Structural	AC:001454	0.004182
all_taxa	D-SCRIPT	Structural	AC:001455	0.004314
all_taxa	D-SCRIPT	Structural	AC:001456	0.024613
all_taxa	D-SCRIPT	Structural	AC:001457	0.004264
all_taxa	D-SCRIPT	Structural	AC:001458	0.004242
all_taxa	D-SCRIPT	Structural	AC:001459	0.004174
all_taxa	D-SCRIPT	Structural	AC:001460	0.950837
all_taxa	D-SCRIPT	Structural	AC:001461	0.004233
all_taxa	D-SCRIPT	Structural	AC:001462	0.004484
all_taxa	D-SCRIPT	Structural	AC:001464	0.004173
all_taxa	D-SCRIPT	Structural	AC:001465	0.004177
all_taxa	D-SCRIPT	Structural	AC:001466	0.912478
all_taxa	D-SCRIPT	Structural	AC:001467	0.396983
all_taxa	D-SCRIPT	Structural	AC:001469	0.530805
all_taxa	D-SCRIPT	Structural	AC:001471	0.823491
all_taxa	D-SCRIPT	Structural	AC:001472	0.004176
all_taxa	D-SCRIPT	Structural	AC:001473	0.004183
all_taxa	D-SCRIPT	Structural	AC:001475	0.004195
all_taxa	D-SCRIPT	Structural	AC:001476	0.004175
all_taxa	D-SCRIPT	Structural	AC:001477	0.004179
all_taxa	D-SCRIPT	Structural	AC:001478	0.650246
all_taxa	D-SCRIPT	Structural	AC:001479	0.004215
all_taxa	D-SCRIPT	Structural	AC:001480	0.005818
all_taxa	D-SCRIPT	Structural	AC:001481	0.004177
all_taxa	D-SCRIPT	Structural	AC:001482	0.004233
all_taxa	D-SCRIPT	Structural	AC:001483	0.228618
all_taxa	D-SCRIPT	Structural	AC:001484	0.004176
all_taxa	D-SCRIPT	Structural	AC:001485	0.006775
all_taxa	D-SCRIPT	Structural	AC:001486	0.004317
all_taxa	D-SCRIPT	Structural	AC:001487	0.004469
all_taxa	D-SCRIPT	Structural	AC:001488	0.006043
all_taxa	D-SCRIPT	Structural	AC:001489	0.95318
all_taxa	D-SCRIPT	Structural	AC:001490	0.004182
all_taxa	D-SCRIPT	Structural	AC:001491	0.0042
all_taxa	D-SCRIPT	Structural	AC:001493	0.004179
all_taxa	D-SCRIPT	Structural	AC:001494	0.807068
all_taxa	D-SCRIPT	Structural	AC:001496	0.013537
all_taxa	D-SCRIPT	Structural	AC:001497	0.098521
all_taxa	D-SCRIPT	Structural	AC:001499	0.941747
all_taxa	D-SCRIPT	Structural	AC:001500	0.012125
all_taxa	D-SCRIPT	Structural	AC:001501	0.004754
all_taxa	D-SCRIPT	Structural	AC:001502	0.004618
all_taxa	D-SCRIPT	Structural	AC:001505	0.537832
all_taxa	D-SCRIPT	Structural	AC:001507	0.004175
all_taxa	D-SCRIPT	Structural	AC:001508	0.832548
all_taxa	D-SCRIPT	Structural	AC:001509	0.004228
all_taxa	D-SCRIPT	Structural	AC:001511	0.986869
all_taxa	D-SCRIPT	Structural	AC:001512	0.009778
all_taxa	D-SCRIPT	Structural	AC:001513	0.820573
all_taxa	D-SCRIPT	Structural	AC:001515	0.784822
all_taxa	D-SCRIPT	Structural	AC:001516	0.004199
all_taxa	D-SCRIPT	Structural	AC:001517	0.016784
all_taxa	D-SCRIPT	Structural	AC:001518	0.004192
all_taxa	D-SCRIPT	Structural	AC:001521	0.61845
all_taxa	D-SCRIPT	Structural	AC:001522	0.005101
all_taxa	D-SCRIPT	Structural	AC:001523	0.17128
all_taxa	D-SCRIPT	Structural	AC:001524	0.102056
all_taxa	D-SCRIPT	Structural	AC:001525	0.80097
all_taxa	D-SCRIPT	Structural	AC:001527	0.004178
all_taxa	D-SCRIPT	Structural	AC:001528	0.005511
all_taxa	D-SCRIPT	Structural	AC:001530	0.004976
all_taxa	D-SCRIPT	Structural	AC:001531	0.004181
all_taxa	D-SCRIPT	Structural	AC:001532	0.007038
all_taxa	D-SCRIPT	Structural	AC:001533	0.29059
all_taxa	D-SCRIPT	Structural	AC:001534	0.00418
all_taxa	D-SCRIPT	Structural	AC:001535	0.978367
all_taxa	D-SCRIPT	Structural	AC:001536	0.922926
all_taxa	D-SCRIPT	Structural	AC:001537	0.004176
all_taxa	D-SCRIPT	Structural	AC:001538	0.014437
all_taxa	D-SCRIPT	Structural	AC:001540	0.144857
all_taxa	D-SCRIPT	Structural	AC:001541	0.004458
all_taxa	D-SCRIPT	Structural	AC:001542	0.004188
all_taxa	D-SCRIPT	Structural	AC:001544	0.853921
all_taxa	D-SCRIPT	Structural	AC:001545	0.869466
all_taxa	D-SCRIPT	Structural	AC:001546	0.00475
all_taxa	D-SCRIPT	Structural	AC:001547	0.00484
all_taxa	D-SCRIPT	Structural	AC:001548	0.005149
all_taxa	D-SCRIPT	Structural	AC:001549	0.028956
all_taxa	D-SCRIPT	Structural	AC:001550	0.100313
all_taxa	D-SCRIPT	Structural	AC:001551	0.724148
all_taxa	D-SCRIPT	Structural	AC:001552	0.029312
all_taxa	D-SCRIPT	Structural	AC:001553	0.872693
all_taxa	D-SCRIPT	Structural	AC:001554	0.004211
all_taxa	D-SCRIPT	Structural	AC:001555	0.004278
all_taxa	D-SCRIPT	Structural	AC:001556	0.009035
all_taxa	D-SCRIPT	Structural	AC:001558	0.79124
all_taxa	D-SCRIPT	Structural	AC:001560	0.004176
all_taxa	D-SCRIPT	Structural	AC:001561	0.669113
all_taxa	D-SCRIPT	Structural	AC:001562	0.004306
all_taxa	D-SCRIPT	Structural	AC:001563	0.004346
all_taxa	D-SCRIPT	Structural	AC:001564	0.004178
all_taxa	D-SCRIPT	Structural	AC:001565	0.004199
all_taxa	D-SCRIPT	Structural	AC:001566	0.197941
all_taxa	D-SCRIPT	Structural	AC:001567	0.004221
all_taxa	D-SCRIPT	Structural	AC:001568	0.004175
all_taxa	D-SCRIPT	Structural	AC:001569	0.004178
all_taxa	D-SCRIPT	Structural	AC:001570	0.952922
all_taxa	D-SCRIPT	Structural	AC:001571	0.207471
all_taxa	D-SCRIPT	Structural	AC:001572	0.514921
all_taxa	D-SCRIPT	Structural	AC:001573	0.0042
all_taxa	D-SCRIPT	Structural	AC:001574	0.004256
all_taxa	D-SCRIPT	Structural	AC:001578	0.004504
all_taxa	D-SCRIPT	Structural	AC:001580	0.022013
all_taxa	D-SCRIPT	Structural	AC:001581	0.004185
all_taxa	D-SCRIPT	Structural	AC:001582	0.004175
all_taxa	D-SCRIPT	Structural	AC:001583	0.534277
all_taxa	D-SCRIPT	Structural	AC:001584	0.066702
all_taxa	D-SCRIPT	Structural	AC:001585	0.004194
all_taxa	D-SCRIPT	Structural	AC:001586	0.004177
all_taxa	D-SCRIPT	Structural	AC:001587	0.004196
all_taxa	D-SCRIPT	Structural	AC:001588	0.004259
all_taxa	D-SCRIPT	Structural	AC:001589	0.004181
all_taxa	D-SCRIPT	Structural	AC:001590	0.105541
all_taxa	D-SCRIPT	Structural	AC:001591	0.004192
all_taxa	D-SCRIPT	Structural	AC:001592	0.004215
all_taxa	D-SCRIPT	Structural	AC:001594	0.004177
all_taxa	D-SCRIPT	Structural	AC:001595	0.00896
all_taxa	D-SCRIPT	Structural	AC:001596	0.004324
all_taxa	D-SCRIPT	Structural	AC:001597	0.004287
all_taxa	D-SCRIPT	Structural	AC:001598	0.176345
all_taxa	D-SCRIPT	Structural	AC:001599	0.004192
all_taxa	D-SCRIPT	Structural	AC:001600	0.943637
all_taxa	D-SCRIPT	Structural	AC:001602	0.004265
all_taxa	D-SCRIPT	Structural	AC:001604	0.004177
all_taxa	D-SCRIPT	Structural	AC:001605	0.00418
all_taxa	D-SCRIPT	Structural	AC:001606	0.004186
all_taxa	D-SCRIPT	Structural	AC:001607	0.616343
all_taxa	D-SCRIPT	Structural	AC:001608	0.895416
all_taxa	D-SCRIPT	Structural	AC:001609	0.652596
all_taxa	D-SCRIPT	Structural	AC:001610	0.946919
all_taxa	D-SCRIPT	Structural	AC:001611	0.004695
all_taxa	D-SCRIPT	Structural	AC:001612	0.004177
all_taxa	D-SCRIPT	Structural	AC:001613	0.913963
all_taxa	D-SCRIPT	Structural	AC:001614	0.032963
all_taxa	D-SCRIPT	Structural	AC:001617	0.004193
all_taxa	D-SCRIPT	Structural	AC:001619	0.839272
all_taxa	D-SCRIPT	Structural	AC:001620	0.008743
all_taxa	D-SCRIPT	Structural	AC:001621	0.168634
all_taxa	D-SCRIPT	Structural	AC:001622	0.102065
all_taxa	D-SCRIPT	Structural	AC:001623	0.463686
all_taxa	D-SCRIPT	Structural	AC:001625	0.004194
all_taxa	D-SCRIPT	Structural	AC:001626	0.004301
all_taxa	D-SCRIPT	Structural	AC:001627	0.005126
all_taxa	D-SCRIPT	Structural	AC:001628	0.894639
all_taxa	D-SCRIPT	Structural	AC:001630	0.005222
all_taxa	D-SCRIPT	Structural	AC:001631	0.037347
all_taxa	D-SCRIPT	Structural	AC:001632	0.004174
all_taxa	D-SCRIPT	Structural	AC:001634	0.004222
all_taxa	D-SCRIPT	Structural	AC:001635	0.004264
all_taxa	D-SCRIPT	Structural	AC:001636	0.620312
all_taxa	D-SCRIPT	Structural	AC:001637	0.004392
all_taxa	D-SCRIPT	Structural	AC:001638	0.004175
all_taxa	D-SCRIPT	Structural	AC:001639	0.009585
all_taxa	D-SCRIPT	Structural	AC:001644	0.847517
all_taxa	D-SCRIPT	Structural	AC:001645	0.004176
all_taxa	D-SCRIPT	Structural	AC:001646	0.078272
all_taxa	D-SCRIPT	Structural	AC:001647	0.965017
all_taxa	D-SCRIPT	Structural	AC:001648	0.156823
all_taxa	D-SCRIPT	Structural	AC:001649	0.825305
all_taxa	D-SCRIPT	Structural	AC:001651	0.004207
all_taxa	D-SCRIPT	Structural	AC:001653	0.492119
all_taxa	D-SCRIPT	Structural	AC:001654	0.942118
all_taxa	D-SCRIPT	Structural	AC:001656	0.488503
all_taxa	D-SCRIPT	Structural	AC:001657	0.004238
all_taxa	D-SCRIPT	Structural	AC:001658	0.019475
all_taxa	D-SCRIPT	Structural	AC:001660	0.004179
all_taxa	D-SCRIPT	Structural	AC:001661	0.134108
all_taxa	D-SCRIPT	Structural	AC:001662	0.650515
all_taxa	D-SCRIPT	Structural	AC:001664	0.004185
all_taxa	D-SCRIPT	Structural	AC:001665	0.004668
all_taxa	D-SCRIPT	Structural	AC:001668	0.004179
all_taxa	D-SCRIPT	Structural	AC:001669	0.017396
all_taxa	D-SCRIPT	Structural	AC:001670	0.004201
all_taxa	D-SCRIPT	Structural	AC:001671	0.885508
all_taxa	D-SCRIPT	Structural	AC:001672	0.007602
all_taxa	D-SCRIPT	Structural	AC:001673	0.004178
all_taxa	D-SCRIPT	Structural	AC:001674	0.032036
all_taxa	D-SCRIPT	Structural	AC:001675	0.01067
all_taxa	D-SCRIPT	Structural	AC:001676	0.004177
all_taxa	D-SCRIPT	Structural	AC:001677	0.005107
all_taxa	D-SCRIPT	Structural	AC:001679	0.785773
all_taxa	D-SCRIPT	Structural	AC:001680	0.004178
all_taxa	D-SCRIPT	Structural	AC:001682	0.004224
all_taxa	D-SCRIPT	Structural	AC:001683	0.004225
all_taxa	D-SCRIPT	Structural	AC:001684	0.005241
all_taxa	D-SCRIPT	Structural	AC:001685	0.877387
all_taxa	D-SCRIPT	Structural	AC:001686	0.633475
all_taxa	D-SCRIPT	Structural	AC:001687	0.004387
all_taxa	D-SCRIPT	Structural	AC:001689	0.004181
all_taxa	D-SCRIPT	Structural	AC:001690	0.004199
all_taxa	D-SCRIPT	Structural	AC:001691	0.004263
all_taxa	D-SCRIPT	Structural	AC:001692	0.004314
all_taxa	D-SCRIPT	Structural	AC:001694	0.75065
all_taxa	D-SCRIPT	Structural	AC:001695	0.868287
all_taxa	D-SCRIPT	Structural	AC:001696	0.004774
all_taxa	D-SCRIPT	Structural	AC:001697	0.004495
all_taxa	D-SCRIPT	Structural	AC:001698	0.007269
all_taxa	D-SCRIPT	Structural	AC:001699	0.004175
all_taxa	D-SCRIPT	Structural	AC:001700	0.03489
all_taxa	D-SCRIPT	Structural	AC:001702	0.875313
all_taxa	D-SCRIPT	Structural	AC:001703	0.004194
all_taxa	D-SCRIPT	Structural	AC:001704	0.331751
all_taxa	D-SCRIPT	Structural	AC:001705	0.004173
all_taxa	D-SCRIPT	Structural	AC:001706	0.004282
all_taxa	D-SCRIPT	Structural	AC:001707	0.004174
all_taxa	D-SCRIPT	Structural	AC:001708	0.806289
all_taxa	D-SCRIPT	Structural	AC:001710	0.011336
all_taxa	D-SCRIPT	Structural	AC:001712	0.96856
all_taxa	D-SCRIPT	Structural	AC:001713	0.031615
all_taxa	D-SCRIPT	Structural	AC:001714	0.004684
all_taxa	D-SCRIPT	Structural	AC:001715	0.021876
all_taxa	D-SCRIPT	Structural	AC:001716	0.645201
all_taxa	D-SCRIPT	Structural	AC:001717	0.00451
all_taxa	D-SCRIPT	Structural	AC:001718	0.202469
all_taxa	D-SCRIPT	Structural	AC:001720	0.004174
all_taxa	D-SCRIPT	Structural	AC:001721	0.004195
all_taxa	D-SCRIPT	Structural	AC:001722	0.024979
all_taxa	D-SCRIPT	Structural	AC:001723	0.004205
all_taxa	D-SCRIPT	Structural	AC:001724	0.004194
all_taxa	D-SCRIPT	Structural	AC:001725	0.004174
all_taxa	D-SCRIPT	Structural	AC:001726	0.006964
all_taxa	D-SCRIPT	Structural	AC:001727	0.004292
all_taxa	D-SCRIPT	Structural	AC:001728	0.004316
all_taxa	D-SCRIPT	Structural	AC:001729	0.893364
all_taxa	D-SCRIPT	Structural	AC:001730	0.004177
all_taxa	D-SCRIPT	Structural	AC:001731	0.004182
all_taxa	D-SCRIPT	Structural	AC:001732	0.685434
all_taxa	D-SCRIPT	Structural	AC:001733	0.004183
all_taxa	D-SCRIPT	Structural	AC:001735	0.018707
all_taxa	D-SCRIPT	Structural	AC:001736	0.023039
all_taxa	D-SCRIPT	Structural	AC:001737	0.084098
all_taxa	D-SCRIPT	Structural	AC:001739	0.118945
all_taxa	D-SCRIPT	Structural	AC:001741	0.004175
all_taxa	D-SCRIPT	Structural	AC:001742	0.009243
all_taxa	D-SCRIPT	Structural	AC:001743	0.004194
all_taxa	D-SCRIPT	Structural	AC:001745	0.004176
all_taxa	D-SCRIPT	Structural	AC:001746	0.011743
all_taxa	D-SCRIPT	Structural	AC:001747	0.622573
all_taxa	D-SCRIPT	Structural	AC:001748	0.004709
all_taxa	D-SCRIPT	Structural	AC:001749	0.004215
all_taxa	D-SCRIPT	Structural	AC:001750	0.919395
all_taxa	D-SCRIPT	Structural	AC:001751	0.012187
all_taxa	D-SCRIPT	Structural	AC:001752	0.030699
all_taxa	D-SCRIPT	Structural	AC:001753	0.836652
all_taxa	D-SCRIPT	Structural	AC:001754	0.004281
all_taxa	D-SCRIPT	Structural	AC:001755	0.690705
all_taxa	D-SCRIPT	Structural	AC:001756	0.140346
all_taxa	D-SCRIPT	Structural	AC:001758	0.01667
all_taxa	D-SCRIPT	Structural	AC:001759	0.004177
all_taxa	D-SCRIPT	Structural	AC:001760	0.004175
all_taxa	D-SCRIPT	Structural	AC:001761	0.116643
all_taxa	D-SCRIPT	Structural	AC:001763	0.006003
all_taxa	D-SCRIPT	Structural	AC:001764	0.00453
all_taxa	D-SCRIPT	Structural	AC:001765	0.004174
all_taxa	D-SCRIPT	Structural	AC:001766	0.00419
all_taxa	D-SCRIPT	Structural	AC:001767	0.760387
all_taxa	D-SCRIPT	Structural	AC:001768	0.021865
all_taxa	D-SCRIPT	Structural	AC:001769	0.004186
all_taxa	D-SCRIPT	Structural	AC:001770	0.004194
all_taxa	D-SCRIPT	Structural	AC:001771	0.004179
all_taxa	D-SCRIPT	Structural	AC:001772	0.91298
all_taxa	D-SCRIPT	Structural	AC:001773	0.004174
all_taxa	D-SCRIPT	Structural	AC:001774	0.004278
all_taxa	D-SCRIPT	Structural	AC:001775	0.004177
all_taxa	D-SCRIPT	Structural	AC:001776	0.004184
all_taxa	D-SCRIPT	Structural	AC:001778	0.954142
all_taxa	D-SCRIPT	Structural	AC:001780	0.038572
all_taxa	D-SCRIPT	Structural	AC:001781	0.007981
all_taxa	D-SCRIPT	Structural	AC:001782	0.90279
all_taxa	D-SCRIPT	Structural	AC:001785	0.004179
all_taxa	D-SCRIPT	Structural	AC:001786	0.004175
all_taxa	D-SCRIPT	Structural	AC:001787	0.518164
all_taxa	D-SCRIPT	Structural	AC:001788	0.550401
all_taxa	D-SCRIPT	Structural	AC:001789	0.004175
all_taxa	D-SCRIPT	Structural	AC:001790	0.038338
all_taxa	D-SCRIPT	Structural	AC:001792	0.004176
all_taxa	D-SCRIPT	Structural	AC:001793	0.004176
all_taxa	D-SCRIPT	Structural	AC:001796	0.049833
all_taxa	D-SCRIPT	Structural	AC:001797	0.004568
all_taxa	D-SCRIPT	Structural	AC:001798	0.00418
all_taxa	D-SCRIPT	Structural	AC:001801	0.004214
all_taxa	D-SCRIPT	Structural	AC:001803	0.004173
all_taxa	D-SCRIPT	Structural	AC:001804	0.004181
all_taxa	D-SCRIPT	Structural	AC:001805	0.004178
all_taxa	D-SCRIPT	Structural	AC:001807	0.004343
all_taxa	D-SCRIPT	Structural	AC:001810	0.006717
all_taxa	D-SCRIPT	Structural	AC:001811	0.004175
all_taxa	D-SCRIPT	Structural	AC:001812	0.004182
all_taxa	D-SCRIPT	Structural	AC:001814	0.004178
all_taxa	D-SCRIPT	Structural	AC:001815	0.004312
all_taxa	D-SCRIPT	Structural	AC:001817	0.421275
all_taxa	D-SCRIPT	Structural	AC:001818	0.004181
all_taxa	D-SCRIPT	Structural	AC:001819	0.00418
all_taxa	D-SCRIPT	Structural	AC:001820	0.155967
all_taxa	D-SCRIPT	Structural	AC:001821	0.004187
all_taxa	D-SCRIPT	Structural	AC:001822	0.004175
all_taxa	D-SCRIPT	Structural	AC:001823	0.004278
all_taxa	D-SCRIPT	Structural	AC:001824	0.004211
all_taxa	D-SCRIPT	Structural	AC:001825	0.004245
all_taxa	D-SCRIPT	Structural	AC:001828	0.771648
all_taxa	D-SCRIPT	Structural	AC:001829	0.004182
all_taxa	D-SCRIPT	Structural	AC:001831	0.077666
all_taxa	D-SCRIPT	Structural	AC:001832	0.912391
all_taxa	D-SCRIPT	Structural	AC:001833	0.153252
all_taxa	D-SCRIPT	Structural	AC:001835	0.004187
all_taxa	D-SCRIPT	Structural	AC:001836	0.126174
all_taxa	D-SCRIPT	Structural	AC:001837	0.004187
all_taxa	D-SCRIPT	Structural	AC:001838	0.969537
all_taxa	D-SCRIPT	Structural	AC:001839	0.004206
all_taxa	D-SCRIPT	Structural	AC:001840	0.004257
all_taxa	D-SCRIPT	Structural	AC:001842	0.004172
all_taxa	D-SCRIPT	Structural	AC:001843	0.004179
all_taxa	D-SCRIPT	Structural	AC:001844	0.004472
all_taxa	D-SCRIPT	Structural	AC:001846	0.787401
all_taxa	D-SCRIPT	Structural	AC:001849	0.004435
all_taxa	D-SCRIPT	Structural	AC:001850	0.004181
all_taxa	D-SCRIPT	Structural	AC:001851	0.004182
all_taxa	D-SCRIPT	Structural	AC:001852	0.006037
all_taxa	D-SCRIPT	Structural	AC:001853	0.016304
all_taxa	D-SCRIPT	Structural	AC:001854	0.884503
all_taxa	D-SCRIPT	Structural	AC:001855	0.005389
all_taxa	D-SCRIPT	Structural	AC:001856	0.099699
all_taxa	D-SCRIPT	Structural	AC:001857	0.004263
all_taxa	D-SCRIPT	Structural	AC:001858	0.677851
all_taxa	D-SCRIPT	Structural	AC:001861	0.015531
all_taxa	D-SCRIPT	Structural	AC:001863	0.027974
all_taxa	D-SCRIPT	Structural	AC:001864	0.004181
all_taxa	D-SCRIPT	Structural	AC:001865	0.004179
all_taxa	D-SCRIPT	Structural	AC:001866	0.004176
all_taxa	D-SCRIPT	Structural	AC:001867	0.004193
all_taxa	D-SCRIPT	Structural	AC:001868	0.021616
all_taxa	D-SCRIPT	Structural	AC:001869	0.983126
all_taxa	D-SCRIPT	Structural	AC:001870	0.004244
all_taxa	D-SCRIPT	Structural	AC:001871	0.004175
all_taxa	D-SCRIPT	Structural	AC:001873	0.004979
all_taxa	D-SCRIPT	Structural	AC:001874	0.01897
all_taxa	D-SCRIPT	Structural	AC:001875	0.00525
all_taxa	D-SCRIPT	Structural	AC:001876	0.690706
all_taxa	D-SCRIPT	Structural	AC:001878	0.00418
all_taxa	D-SCRIPT	Structural	AC:001879	0.648509
all_taxa	D-SCRIPT	Structural	AC:001880	0.660257
all_taxa	D-SCRIPT	Structural	AC:001881	0.004194
all_taxa	D-SCRIPT	Structural	AC:001882	0.004401
all_taxa	D-SCRIPT	Structural	AC:001883	0.319239
all_taxa	D-SCRIPT	Structural	AC:001884	0.00419
all_taxa	D-SCRIPT	Structural	AC:001885	0.081971
all_taxa	D-SCRIPT	Structural	AC:001886	0.004219
all_taxa	D-SCRIPT	Structural	AC:001887	0.004191
all_taxa	D-SCRIPT	Structural	AC:001888	0.005674
all_taxa	D-SCRIPT	Structural	AC:001889	0.004177
all_taxa	D-SCRIPT	Structural	AC:001890	0.005227
all_taxa	D-SCRIPT	Structural	AC:001891	0.004178
all_taxa	D-SCRIPT	Structural	AC:001892	0.00532
all_taxa	D-SCRIPT	Structural	AC:001893	0.004175
all_taxa	D-SCRIPT	Structural	AC:001894	0.012642
all_taxa	D-SCRIPT	Structural	AC:001896	0.951824
all_taxa	D-SCRIPT	Structural	AC:001897	0.811613
all_taxa	D-SCRIPT	Structural	AC:001899	0.688903
all_taxa	D-SCRIPT	Structural	AC:001900	0.800329
all_taxa	D-SCRIPT	Structural	AC:001901	0.005094
all_taxa	D-SCRIPT	Structural	AC:001902	0.004553
all_taxa	D-SCRIPT	Structural	AC:001904	0.88271
all_taxa	D-SCRIPT	Structural	AC:001905	0.004374
all_taxa	D-SCRIPT	Structural	AC:001906	0.004264
all_taxa	D-SCRIPT	Structural	AC:001907	0.198119
all_taxa	D-SCRIPT	Structural	AC:001908	0.004186
all_taxa	D-SCRIPT	Structural	AC:001910	0.43289
all_taxa	D-SCRIPT	Structural	AC:001912	0.443622
all_taxa	D-SCRIPT	Structural	AC:001913	0.014857
all_taxa	D-SCRIPT	Structural	AC:001914	0.797476
all_taxa	D-SCRIPT	Structural	AC:001915	0.004185
all_taxa	D-SCRIPT	Structural	AC:001916	0.004326
all_taxa	D-SCRIPT	Structural	AC:001917	0.004173
all_taxa	D-SCRIPT	Structural	AC:001918	0.032953
all_taxa	D-SCRIPT	Structural	AC:001919	0.89881
all_taxa	D-SCRIPT	Structural	AC:001920	0.004301
all_taxa	D-SCRIPT	Structural	AC:001921	0.004176
all_taxa	D-SCRIPT	Structural	AC:001922	0.004595
all_taxa	D-SCRIPT	Structural	AC:001923	0.004177
all_taxa	D-SCRIPT	Structural	AC:001924	0.285717
all_taxa	D-SCRIPT	Structural	AC:001925	0.00445
all_taxa	D-SCRIPT	Structural	AC:001926	0.740624
all_taxa	D-SCRIPT	Structural	AC:001927	0.004179
all_taxa	D-SCRIPT	Structural	AC:001928	0.004178
all_taxa	D-SCRIPT	Structural	AC:001929	0.004338
all_taxa	D-SCRIPT	Structural	AC:001930	0.004178
all_taxa	D-SCRIPT	Structural	AC:001931	0.007329
all_taxa	D-SCRIPT	Structural	AC:001932	0.020902
all_taxa	D-SCRIPT	Structural	AC:001933	0.872283
all_taxa	D-SCRIPT	Structural	AC:001934	0.01671
all_taxa	D-SCRIPT	Structural	AC:001937	0.004192
all_taxa	D-SCRIPT	Structural	AC:001938	0.223679
all_taxa	D-SCRIPT	Structural	AC:001940	0.004176
all_taxa	D-SCRIPT	Structural	AC:001942	0.004183
all_taxa	D-SCRIPT	Structural	AC:001943	0.109816
all_taxa	D-SCRIPT	Structural	AC:001944	0.004736
all_taxa	D-SCRIPT	Structural	AC:001946	0.004317
all_taxa	D-SCRIPT	Structural	AC:001947	0.004205
all_taxa	D-SCRIPT	Structural	AC:001948	0.004177
all_taxa	D-SCRIPT	Structural	AC:001949	0.004347
all_taxa	D-SCRIPT	Structural	AC:001950	0.004178
all_taxa	D-SCRIPT	Structural	AC:001952	0.004175
all_taxa	D-SCRIPT	Structural	AC:001953	0.005725
all_taxa	D-SCRIPT	Structural	AC:001956	0.004213
all_taxa	D-SCRIPT	Structural	AC:001957	0.004179
all_taxa	D-SCRIPT	Structural	AC:001958	0.004173
all_taxa	D-SCRIPT	Structural	AC:001960	0.004237
all_taxa	D-SCRIPT	Structural	AC:001961	0.004274
all_taxa	D-SCRIPT	Structural	AC:001964	0.011004
all_taxa	D-SCRIPT	Structural	AC:001965	0.008703
all_taxa	D-SCRIPT	Structural	AC:001966	0.004186
all_taxa	D-SCRIPT	Structural	AC:001967	0.005
all_taxa	D-SCRIPT	Structural	AC:001970	0.980078
all_taxa	D-SCRIPT	Structural	AC:001972	0.004174
all_taxa	D-SCRIPT	Structural	AC:001973	0.098198
all_taxa	D-SCRIPT	Structural	AC:001974	0.828632
all_taxa	D-SCRIPT	Structural	AC:001975	0.004177
all_taxa	D-SCRIPT	Structural	AC:001976	0.813336
all_taxa	D-SCRIPT	Structural	AC:001979	0.004181
all_taxa	D-SCRIPT	Structural	AC:001980	0.00427
all_taxa	D-SCRIPT	Structural	AC:001981	0.004215
all_taxa	D-SCRIPT	Structural	AC:001982	0.607
all_taxa	D-SCRIPT	Structural	AC:001983	0.008708
all_taxa	D-SCRIPT	Structural	AC:001984	0.004175
all_taxa	D-SCRIPT	Structural	AC:001985	0.004202
all_taxa	D-SCRIPT	Structural	AC:001986	0.004174
all_taxa	D-SCRIPT	Structural	AC:001987	0.004175
all_taxa	D-SCRIPT	Structural	AC:001988	0.004174
all_taxa	D-SCRIPT	Structural	AC:001989	0.196795
all_taxa	D-SCRIPT	Structural	AC:001990	0.004213
all_taxa	D-SCRIPT	Structural	AC:001991	0.004231
all_taxa	D-SCRIPT	Structural	AC:001993	0.00424
all_taxa	D-SCRIPT	Structural	AC:001994	0.956733
all_taxa	D-SCRIPT	Structural	AC:001995	0.004211
all_taxa	D-SCRIPT	Structural	AC:001996	0.004179
all_taxa	D-SCRIPT	Structural	AC:001998	0.05562
all_taxa	D-SCRIPT	Structural	AC:001999	0.979608
all_taxa	D-SCRIPT	Structural	AC:002000	0.00474
all_taxa	D-SCRIPT	Structural	AC:002001	0.00419
all_taxa	D-SCRIPT	Structural	AC:002002	0.004176
all_taxa	D-SCRIPT	Structural	AC:002003	0.004273
all_taxa	D-SCRIPT	Structural	AC:002006	0.004175
all_taxa	D-SCRIPT	Structural	AC:002007	0.004177
all_taxa	D-SCRIPT	Structural	AC:002008	0.71014
all_taxa	D-SCRIPT	Structural	AC:002009	0.067582
all_taxa	D-SCRIPT	Structural	AC:002010	0.77608
all_taxa	D-SCRIPT	Structural	AC:002011	0.754094
all_taxa	D-SCRIPT	Structural	AC:002012	0.864229
all_taxa	D-SCRIPT	Structural	AC:002014	0.004197
all_taxa	D-SCRIPT	Structural	AC:002015	0.004175
all_taxa	D-SCRIPT	Structural	AC:002017	0.005783
all_taxa	D-SCRIPT	Structural	AC:002018	0.021935
all_taxa	D-SCRIPT	Structural	AC:002019	0.004187
all_taxa	D-SCRIPT	Structural	AC:002020	0.004189
all_taxa	D-SCRIPT	Structural	AC:002021	0.004177
all_taxa	D-SCRIPT	Structural	AC:002022	0.004241
all_taxa	D-SCRIPT	Structural	AC:002023	0.801279
all_taxa	D-SCRIPT	Structural	AC:002024	0.004305
all_taxa	D-SCRIPT	Structural	AC:002025	0.049637
all_taxa	D-SCRIPT	Structural	AC:002026	0.004416
all_taxa	D-SCRIPT	Structural	AC:002027	0.639952
all_taxa	D-SCRIPT	Structural	AC:002028	0.150416
all_taxa	D-SCRIPT	Structural	AC:002029	0.004174
all_taxa	D-SCRIPT	Structural	AC:002030	0.789777
all_taxa	D-SCRIPT	Structural	AC:002031	0.944099
all_taxa	D-SCRIPT	Structural	AC:002032	0.057067
all_taxa	D-SCRIPT	Structural	AC:002033	0.004177
all_taxa	D-SCRIPT	Structural	AC:002034	0.004238
all_taxa	D-SCRIPT	Structural	AC:002035	0.004205
all_taxa	D-SCRIPT	Structural	AC:002037	0.576299
all_taxa	D-SCRIPT	Structural	AC:002038	0.791561
all_taxa	D-SCRIPT	Structural	AC:002039	0.004182
all_taxa	D-SCRIPT	Structural	AC:002040	0.00418
all_taxa	D-SCRIPT	Structural	AC:002041	0.186944
all_taxa	D-SCRIPT	Structural	AC:002042	0.004176
all_taxa	D-SCRIPT	Structural	AC:002044	0.004178
all_taxa	D-SCRIPT	Structural	AC:002045	0.004774
all_taxa	D-SCRIPT	Structural	AC:002046	0.014839
all_taxa	D-SCRIPT	Structural	AC:002047	0.004177
all_taxa	D-SCRIPT	Structural	AC:002049	0.07337
all_taxa	D-SCRIPT	Structural	AC:002050	0.004174
all_taxa	D-SCRIPT	Structural	AC:002051	0.02939
all_taxa	D-SCRIPT	Structural	AC:002052	0.004201
all_taxa	D-SCRIPT	Structural	AC:002053	0.004204
all_taxa	D-SCRIPT	Structural	AC:002054	0.014987
all_taxa	D-SCRIPT	Structural	AC:002055	0.56344
all_taxa	D-SCRIPT	Structural	AC:002056	0.005064
all_taxa	D-SCRIPT	Structural	AC:002057	0.004331
all_taxa	D-SCRIPT	Structural	AC:002058	0.00418
all_taxa	D-SCRIPT	Structural	AC:002059	0.004184
all_taxa	D-SCRIPT	Structural	AC:002061	0.485562
all_taxa	D-SCRIPT	Structural	AC:002062	0.326597
all_taxa	D-SCRIPT	Structural	AC:002063	0.004174
all_taxa	D-SCRIPT	Structural	AC:002064	0.004177
all_taxa	D-SCRIPT	Structural	AC:002065	0.004208
all_taxa	D-SCRIPT	Structural	AC:002066	0.005377
all_taxa	D-SCRIPT	Structural	AC:002067	0.004174
all_taxa	D-SCRIPT	Structural	AC:002069	0.004193
all_taxa	D-SCRIPT	Structural	AC:002070	0.174129
all_taxa	D-SCRIPT	Structural	AC:002071	0.072317
all_taxa	D-SCRIPT	Structural	AC:002072	0.178076
all_taxa	D-SCRIPT	Structural	AC:002073	0.004178
all_taxa	D-SCRIPT	Structural	AC:002075	0.004176
all_taxa	D-SCRIPT	Structural	AC:002077	0.873646
all_taxa	D-SCRIPT	Structural	AC:002078	0.004213
all_taxa	D-SCRIPT	Structural	AC:002079	0.877684
all_taxa	D-SCRIPT	Structural	AC:002080	0.583097
all_taxa	D-SCRIPT	Structural	AC:002081	0.718603
all_taxa	D-SCRIPT	Structural	AC:002082	0.004176
all_taxa	D-SCRIPT	Structural	AC:002083	0.004298
all_taxa	D-SCRIPT	Structural	AC:002084	0.00597
all_taxa	D-SCRIPT	Structural	AC:002085	0.062669
all_taxa	D-SCRIPT	Structural	AC:002086	0.005487
all_taxa	D-SCRIPT	Structural	AC:002088	0.291462
all_taxa	D-SCRIPT	Structural	AC:002089	0.004176
all_taxa	D-SCRIPT	Structural	AC:002090	0.479528
all_taxa	D-SCRIPT	Structural	AC:002091	0.004179
all_taxa	D-SCRIPT	Structural	AC:002092	0.040438
all_taxa	D-SCRIPT	Structural	AC:002093	0.004221
all_taxa	D-SCRIPT	Structural	AC:002095	0.823864
all_taxa	D-SCRIPT	Structural	AC:002096	0.004321
all_taxa	D-SCRIPT	Structural	AC:002097	0.98224
all_taxa	D-SCRIPT	Structural	AC:002098	0.266415
all_taxa	D-SCRIPT	Structural	AC:002099	0.004175
all_taxa	D-SCRIPT	Structural	AC:002100	0.004188
all_taxa	D-SCRIPT	Structural	AC:002101	0.004529
all_taxa	D-SCRIPT	Structural	AC:002102	0.678178
all_taxa	D-SCRIPT	Structural	AC:002103	0.034026
all_taxa	D-SCRIPT	Structural	AC:002105	0.004196
all_taxa	D-SCRIPT	Structural	AC:002106	0.651249
all_taxa	D-SCRIPT	Structural	AC:002107	0.004278
all_taxa	D-SCRIPT	Structural	AC:002108	0.200392
all_taxa	D-SCRIPT	Structural	AC:002109	0.004346
all_taxa	D-SCRIPT	Structural	AC:002110	0.884582
all_taxa	D-SCRIPT	Structural	AC:002112	0.870422
all_taxa	D-SCRIPT	Structural	AC:002113	0.004236
all_taxa	D-SCRIPT	Structural	AC:002116	0.889722
all_taxa	D-SCRIPT	Structural	AC:002117	0.004192
all_taxa	D-SCRIPT	Structural	AC:002118	0.745955
all_taxa	D-SCRIPT	Structural	AC:002119	0.004174
all_taxa	D-SCRIPT	Structural	AC:002121	0.020053
all_taxa	D-SCRIPT	Structural	AC:002122	0.004191
all_taxa	D-SCRIPT	Structural	AC:002123	0.015529
all_taxa	D-SCRIPT	Structural	AC:002125	0.004176
all_taxa	D-SCRIPT	Structural	AC:002127	0.061342
all_taxa	D-SCRIPT	Structural	AC:002128	0.384118
all_taxa	D-SCRIPT	Structural	AC:002129	0.471759
all_taxa	D-SCRIPT	Structural	AC:002130	0.444675
all_taxa	D-SCRIPT	Structural	AC:002131	0.04861
all_taxa	D-SCRIPT	Structural	AC:002132	0.004263
all_taxa	D-SCRIPT	Structural	AC:002133	0.094149
all_taxa	D-SCRIPT	Structural	AC:002134	0.570523
all_taxa	D-SCRIPT	Structural	AC:002135	0.004176
all_taxa	D-SCRIPT	Structural	AC:002136	0.174042
all_taxa	D-SCRIPT	Structural	AC:002137	0.733039
all_taxa	D-SCRIPT	Structural	AC:002139	0.004181
all_taxa	D-SCRIPT	Structural	AC:002140	0.004174
all_taxa	D-SCRIPT	Structural	AC:002142	0.004176
all_taxa	D-SCRIPT	Structural	AC:002143	0.004182
all_taxa	D-SCRIPT	Structural	AC:002144	0.623694
all_taxa	D-SCRIPT	Structural	AC:002146	0.00436
all_taxa	D-SCRIPT	Structural	AC:002147	0.004195
all_taxa	D-SCRIPT	Structural	AC:002148	0.004226
all_taxa	D-SCRIPT	Structural	AC:002149	0.809849
all_taxa	D-SCRIPT	Structural	AC:002150	0.004175
all_taxa	D-SCRIPT	Structural	AC:002151	0.437119
all_taxa	D-SCRIPT	Structural	AC:002152	0.004176
all_taxa	D-SCRIPT	Structural	AC:002153	0.01255
all_taxa	D-SCRIPT	Structural	AC:002154	0.0043
all_taxa	D-SCRIPT	Structural	AC:002156	0.004177
all_taxa	D-SCRIPT	Structural	AC:002157	0.004181
all_taxa	D-SCRIPT	Structural	AC:002158	0.004208
all_taxa	D-SCRIPT	Structural	AC:002159	0.004175
all_taxa	D-SCRIPT	Structural	AC:002160	0.004556
all_taxa	D-SCRIPT	Structural	AC:002161	0.004422
all_taxa	D-SCRIPT	Structural	AC:002162	0.872672
all_taxa	D-SCRIPT	Structural	AC:002163	0.004216
all_taxa	D-SCRIPT	Structural	AC:002164	0.004227
all_taxa	D-SCRIPT	Structural	AC:002165	0.004177
all_taxa	D-SCRIPT	Structural	AC:002166	0.00419
all_taxa	D-SCRIPT	Structural	AC:002168	0.004198
all_taxa	D-SCRIPT	Structural	AC:002169	0.022553
all_taxa	D-SCRIPT	Structural	AC:002170	0.004552
all_taxa	D-SCRIPT	Structural	AC:002171	0.972394
all_taxa	D-SCRIPT	Structural	AC:002173	0.004203
all_taxa	D-SCRIPT	Structural	AC:002174	0.004202
all_taxa	D-SCRIPT	Structural	AC:002175	0.004443
all_taxa	D-SCRIPT	Structural	AC:002177	0.004173
all_taxa	D-SCRIPT	Structural	AC:002180	0.67891
all_taxa	D-SCRIPT	Structural	AC:002184	0.004176
all_taxa	D-SCRIPT	Structural	AC:002185	0.00418
all_taxa	D-SCRIPT	Structural	AC:002186	0.004182
all_taxa	D-SCRIPT	Structural	AC:002187	0.926138
all_taxa	D-SCRIPT	Structural	AC:002188	0.006774
all_taxa	D-SCRIPT	Structural	AC:002191	0.763153
all_taxa	D-SCRIPT	Structural	AC:002192	0.004296
all_taxa	D-SCRIPT	Structural	AC:002194	0.013298
all_taxa	D-SCRIPT	Structural	AC:002195	0.030274
all_taxa	D-SCRIPT	Structural	AC:002197	0.004187
all_taxa	D-SCRIPT	Structural	AC:002198	0.029896
all_taxa	D-SCRIPT	Structural	AC:002199	0.004226
all_taxa	D-SCRIPT	Structural	AC:002200	0.004184
all_taxa	D-SCRIPT	Structural	AC:002201	0.004216
all_taxa	D-SCRIPT	Structural	AC:002202	0.004179
all_taxa	D-SCRIPT	Structural	AC:002203	0.004175
all_taxa	D-SCRIPT	Structural	AC:002204	0.004179
all_taxa	D-SCRIPT	Structural	AC:002205	0.004175
all_taxa	D-SCRIPT	Structural	AC:002206	0.004176
all_taxa	D-SCRIPT	Structural	AC:002207	0.004256
all_taxa	D-SCRIPT	Structural	AC:002208	0.004177
all_taxa	D-SCRIPT	Structural	AC:002209	0.830727
all_taxa	D-SCRIPT	Structural	AC:002210	0.00547
all_taxa	D-SCRIPT	Structural	AC:002211	0.736957
all_taxa	D-SCRIPT	Structural	AC:002213	0.004175
all_taxa	D-SCRIPT	Structural	AC:002214	0.00419
all_taxa	D-SCRIPT	Structural	AC:002215	0.004179
all_taxa	D-SCRIPT	Structural	AC:002216	0.004419
all_taxa	D-SCRIPT	Structural	AC:002217	0.092611
all_taxa	D-SCRIPT	Structural	AC:002218	0.004176
all_taxa	D-SCRIPT	Structural	AC:002219	0.12342
all_taxa	D-SCRIPT	Structural	AC:002221	0.007334
all_taxa	D-SCRIPT	Structural	AC:002222	0.809505
all_taxa	D-SCRIPT	Structural	AC:002223	0.004179
all_taxa	D-SCRIPT	Structural	AC:002224	0.511253
all_taxa	D-SCRIPT	Structural	AC:002226	0.005121
all_taxa	D-SCRIPT	Structural	AC:002227	0.004179
all_taxa	D-SCRIPT	Structural	AC:002228	0.671293
all_taxa	D-SCRIPT	Structural	AC:002229	0.004186
all_taxa	D-SCRIPT	Structural	AC:002230	0.809009
all_taxa	D-SCRIPT	Structural	AC:002231	0.65479
all_taxa	D-SCRIPT	Structural	AC:002232	0.004203
all_taxa	D-SCRIPT	Structural	AC:002233	0.149122
all_taxa	D-SCRIPT	Structural	AC:002234	0.195859
all_taxa	D-SCRIPT	Structural	AC:002235	0.8274
all_taxa	D-SCRIPT	Structural	AC:002236	0.946803
all_taxa	D-SCRIPT	Structural	AC:002237	0.155553
all_taxa	D-SCRIPT	Structural	AC:002238	0.004931
all_taxa	D-SCRIPT	Structural	AC:002240	0.822197
all_taxa	D-SCRIPT	Structural	AC:002241	0.004174
all_taxa	D-SCRIPT	Structural	AC:002243	0.004661
all_taxa	D-SCRIPT	Structural	AC:002244	0.004178
all_taxa	D-SCRIPT	Structural	AC:002245	0.00418
all_taxa	D-SCRIPT	Structural	AC:002247	0.118347
all_taxa	D-SCRIPT	Structural	AC:002248	0.004192
all_taxa	D-SCRIPT	Structural	AC:002249	0.13739
all_taxa	D-SCRIPT	Structural	AC:002250	0.652904
all_taxa	D-SCRIPT	Structural	AC:002251	0.019881
all_taxa	D-SCRIPT	Structural	AC:002253	0.081348
all_taxa	D-SCRIPT	Structural	AC:002254	0.004175
all_taxa	D-SCRIPT	Structural	AC:002255	0.023143
all_taxa	D-SCRIPT	Structural	AC:002256	0.876578
all_taxa	D-SCRIPT	Structural	AC:002257	0.686539
all_taxa	D-SCRIPT	Structural	AC:002258	0.825976
all_taxa	D-SCRIPT	Structural	AC:002259	0.004208
all_taxa	D-SCRIPT	Structural	AC:002260	0.004174
all_taxa	D-SCRIPT	Structural	AC:002262	0.004175
all_taxa	D-SCRIPT	Structural	AC:002263	0.919348
all_taxa	D-SCRIPT	Structural	AC:002264	0.004178
all_taxa	D-SCRIPT	Structural	AC:002266	0.884895
all_taxa	D-SCRIPT	Structural	AC:002267	0.454777
all_taxa	D-SCRIPT	Structural	AC:002269	0.004178
all_taxa	D-SCRIPT	Structural	AC:002270	0.004202
all_taxa	D-SCRIPT	Structural	AC:002271	0.006044
all_taxa	D-SCRIPT	Structural	AC:002272	0.647328
all_taxa	D-SCRIPT	Structural	AC:002273	0.955919
all_taxa	D-SCRIPT	Structural	AC:002274	0.496128
all_taxa	D-SCRIPT	Structural	AC:002277	0.004176
all_taxa	D-SCRIPT	Structural	AC:002278	0.847818
all_taxa	D-SCRIPT	Structural	AC:002279	0.506848
all_taxa	D-SCRIPT	Structural	AC:002282	0.410606
all_taxa	D-SCRIPT	Structural	AC:002283	0.177074
all_taxa	D-SCRIPT	Structural	AC:002284	0.960188
all_taxa	D-SCRIPT	Structural	AC:002285	0.004251
all_taxa	D-SCRIPT	Structural	AC:002286	0.9371
all_taxa	D-SCRIPT	Structural	AC:002287	0.004213
all_taxa	D-SCRIPT	Structural	AC:002288	0.004182
all_taxa	D-SCRIPT	Structural	AC:002289	0.00642
all_taxa	D-SCRIPT	Structural	AC:002290	0.052134
all_taxa	D-SCRIPT	Structural	AC:002291	0.526289
all_taxa	D-SCRIPT	Structural	AC:002292	0.00719
all_taxa	D-SCRIPT	Structural	AC:002293	0.036342
all_taxa	D-SCRIPT	Structural	AC:002295	0.004311
all_taxa	D-SCRIPT	Structural	AC:002296	0.004175
all_taxa	D-SCRIPT	Structural	AC:002298	0.357294
all_taxa	D-SCRIPT	Structural	AC:002300	0.004193
all_taxa	D-SCRIPT	Structural	AC:002301	0.004174
all_taxa	D-SCRIPT	Structural	AC:002302	0.004181
all_taxa	D-SCRIPT	Structural	AC:002304	0.583389
all_taxa	D-SCRIPT	Structural	AC:002305	0.574194
all_taxa	D-SCRIPT	Structural	AC:002307	0.389088
all_taxa	D-SCRIPT	Structural	AC:002308	0.006721
all_taxa	D-SCRIPT	Structural	AC:002310	0.004736
all_taxa	D-SCRIPT	Structural	AC:002312	0.005127
all_taxa	D-SCRIPT	Structural	AC:002313	0.004175
all_taxa	D-SCRIPT	Structural	AC:002314	0.718361
all_taxa	D-SCRIPT	Structural	AC:002315	0.004177
all_taxa	D-SCRIPT	Structural	AC:002316	0.004357
all_taxa	D-SCRIPT	Structural	AC:002317	0.926056
all_taxa	D-SCRIPT	Structural	AC:002319	0.004182
all_taxa	D-SCRIPT	Structural	AC:002320	0.811682
all_taxa	D-SCRIPT	Structural	AC:002321	0.004181
all_taxa	D-SCRIPT	Structural	AC:002322	0.965284
all_taxa	D-SCRIPT	Structural	AC:002323	0.006477
all_taxa	D-SCRIPT	Structural	AC:002324	0.004174
all_taxa	D-SCRIPT	Structural	AC:002325	0.973188
all_taxa	D-SCRIPT	Structural	AC:002326	0.006459
all_taxa	D-SCRIPT	Structural	AC:002327	0.98546
all_taxa	D-SCRIPT	Structural	AC:002328	0.004275
all_taxa	D-SCRIPT	Structural	AC:002329	0.004203
all_taxa	D-SCRIPT	Structural	AC:002330	0.838773
all_taxa	D-SCRIPT	Structural	AC:002331	0.004193
all_taxa	D-SCRIPT	Structural	AC:002332	0.004183
all_taxa	D-SCRIPT	Structural	AC:002333	0.01115
all_taxa	D-SCRIPT	Structural	AC:002334	0.629294
all_taxa	D-SCRIPT	Structural	AC:002335	0.004298
all_taxa	D-SCRIPT	Structural	AC:002336	0.004175
all_taxa	D-SCRIPT	Structural	AC:002337	0.883482
all_taxa	D-SCRIPT	Structural	AC:002338	0.004797
all_taxa	D-SCRIPT	Structural	AC:002339	0.629708
all_taxa	D-SCRIPT	Structural	AC:002340	0.00426
all_taxa	D-SCRIPT	Structural	AC:002343	0.885324
all_taxa	D-SCRIPT	Structural	AC:002344	0.004201
all_taxa	D-SCRIPT	Structural	AC:002345	0.086157
all_taxa	D-SCRIPT	Structural	AC:002347	0.005682
all_taxa	D-SCRIPT	Structural	AC:002349	0.459109
all_taxa	D-SCRIPT	Structural	AC:002352	0.868888
all_taxa	D-SCRIPT	Structural	AC:002353	0.140357
all_taxa	D-SCRIPT	Structural	AC:002354	0.008527
all_taxa	D-SCRIPT	Structural	AC:002356	0.980935
all_taxa	D-SCRIPT	Structural	AC:002358	0.963519
all_taxa	D-SCRIPT	Structural	AC:002360	0.004183
all_taxa	D-SCRIPT	Structural	AC:002361	0.097878
all_taxa	D-SCRIPT	Structural	AC:002362	0.004177
all_taxa	D-SCRIPT	Structural	AC:002363	0.005984
all_taxa	D-SCRIPT	Structural	AC:002364	0.344236
all_taxa	D-SCRIPT	Structural	AC:002366	0.004198
all_taxa	D-SCRIPT	Structural	AC:002368	0.004214
all_taxa	D-SCRIPT	Structural	AC:002369	0.011799
all_taxa	D-SCRIPT	Structural	AC:002371	0.014474
all_taxa	D-SCRIPT	Structural	AC:002373	0.004198
all_taxa	D-SCRIPT	Structural	AC:002374	0.004177
all_taxa	D-SCRIPT	Structural	AC:002375	0.004184
all_taxa	D-SCRIPT	Structural	AC:002376	0.004177
all_taxa	D-SCRIPT	Structural	AC:002378	0.044355
all_taxa	D-SCRIPT	Structural	AC:002379	0.065577
all_taxa	D-SCRIPT	Structural	AC:002380	0.649256
all_taxa	D-SCRIPT	Structural	AC:002381	0.004192
all_taxa	D-SCRIPT	Structural	AC:002382	0.954252
all_taxa	D-SCRIPT	Structural	AC:002383	0.004181
all_taxa	D-SCRIPT	Structural	AC:002384	0.562125
all_taxa	D-SCRIPT	Structural	AC:002386	0.004204
all_taxa	D-SCRIPT	Structural	AC:002387	0.833628
all_taxa	D-SCRIPT	Structural	AC:002388	0.005958
all_taxa	D-SCRIPT	Structural	AC:002389	0.004465
all_taxa	D-SCRIPT	Structural	AC:002390	0.004906
all_taxa	D-SCRIPT	Structural	AC:002391	0.0049
all_taxa	D-SCRIPT	Structural	AC:002392	0.014719
all_taxa	D-SCRIPT	Structural	AC:002393	0.004191
all_taxa	D-SCRIPT	Structural	AC:002394	0.012614
all_taxa	D-SCRIPT	Structural	AC:002395	0.823268
all_taxa	D-SCRIPT	Structural	AC:002396	0.037646
all_taxa	D-SCRIPT	Structural	AC:002397	0.217413
all_taxa	D-SCRIPT	Structural	AC:002398	0.840661
all_taxa	D-SCRIPT	Structural	AC:002399	0.004188
all_taxa	D-SCRIPT	Structural	AC:002400	0.147486
all_taxa	D-SCRIPT	Structural	AC:002401	0.004195
all_taxa	D-SCRIPT	Structural	AC:002402	0.004299
all_taxa	D-SCRIPT	Structural	AC:002403	0.005508
all_taxa	D-SCRIPT	Structural	AC:002404	0.715369
all_taxa	D-SCRIPT	Structural	AC:002405	0.004452
all_taxa	D-SCRIPT	Structural	AC:002406	0.004194
all_taxa	D-SCRIPT	Structural	AC:002407	0.008208
all_taxa	D-SCRIPT	Structural	AC:002408	0.004183
all_taxa	D-SCRIPT	Structural	AC:002409	0.137568
all_taxa	D-SCRIPT	Structural	AC:002410	0.004178
all_taxa	D-SCRIPT	Structural	AC:002411	0.00418
all_taxa	D-SCRIPT	Structural	AC:002412	0.018189
all_taxa	D-SCRIPT	Structural	AC:002414	0.005936
all_taxa	D-SCRIPT	Structural	AC:002415	0.004177
all_taxa	D-SCRIPT	Structural	AC:002416	0.004175
all_taxa	D-SCRIPT	Structural	AC:002417	0.004179
all_taxa	D-SCRIPT	Structural	AC:002418	0.058112
all_taxa	D-SCRIPT	Structural	AC:002421	0.004176
all_taxa	D-SCRIPT	Structural	AC:002423	0.972614
all_taxa	D-SCRIPT	Structural	AC:002424	0.007758
all_taxa	D-SCRIPT	Structural	AC:002425	0.004175
all_taxa	D-SCRIPT	Structural	AC:002426	0.905634
all_taxa	D-SCRIPT	Structural	AC:002427	0.004176
all_taxa	D-SCRIPT	Structural	AC:002428	0.00418
all_taxa	D-SCRIPT	Structural	AC:002429	0.008388
all_taxa	D-SCRIPT	Structural	AC:002431	0.004497
all_taxa	D-SCRIPT	Structural	AC:002432	0.719241
all_taxa	D-SCRIPT	Structural	AC:002433	0.07964
all_taxa	D-SCRIPT	Structural	AC:002436	0.00418
all_taxa	D-SCRIPT	Structural	AC:002437	0.004186
all_taxa	D-SCRIPT	Structural	AC:002439	0.004182
all_taxa	D-SCRIPT	Structural	AC:002440	0.004178
all_taxa	D-SCRIPT	Structural	AC:002441	0.004173
all_taxa	D-SCRIPT	Structural	AC:002442	0.307394
all_taxa	D-SCRIPT	Structural	AC:002443	0.841852
all_taxa	D-SCRIPT	Structural	AC:002444	0.011854
all_taxa	D-SCRIPT	Structural	AC:002445	0.685534
all_taxa	D-SCRIPT	Structural	AC:002446	0.981301
all_taxa	D-SCRIPT	Structural	AC:002447	0.881009
all_taxa	D-SCRIPT	Structural	AC:002448	0.00418
all_taxa	D-SCRIPT	Structural	AC:002450	0.967147
all_taxa	D-SCRIPT	Structural	AC:002451	0.913917
all_taxa	D-SCRIPT	Structural	AC:002453	0.004177
all_taxa	D-SCRIPT	Structural	AC:002455	0.004253
all_taxa	D-SCRIPT	Structural	AC:002456	0.948136
all_taxa	D-SCRIPT	Structural	AC:002457	0.974464
all_taxa	D-SCRIPT	Structural	AC:002459	0.004176
all_taxa	D-SCRIPT	Structural	AC:002460	0.296786
all_taxa	D-SCRIPT	Structural	AC:002461	0.213574
all_taxa	D-SCRIPT	Structural	AC:002462	0.004931
all_taxa	D-SCRIPT	Structural	AC:002463	0.004184
all_taxa	D-SCRIPT	Structural	AC:002464	0.004175
all_taxa	D-SCRIPT	Structural	AC:002465	0.004182
all_taxa	D-SCRIPT	Structural	AC:002466	0.0042
all_taxa	D-SCRIPT	Structural	AC:002468	0.004288
all_taxa	D-SCRIPT	Structural	AC:002469	0.004319
all_taxa	D-SCRIPT	Structural	AC:002471	0.004184
all_taxa	D-SCRIPT	Structural	AC:002473	0.004175
all_taxa	D-SCRIPT	Structural	AC:002475	0.004175
all_taxa	D-SCRIPT	Structural	AC:002476	0.004316
all_taxa	D-SCRIPT	Structural	AC:002477	0.795667
all_taxa	D-SCRIPT	Structural	AC:002479	0.968036
all_taxa	D-SCRIPT	Structural	AC:002481	0.004201
all_taxa	D-SCRIPT	Structural	AC:002482	0.004219
all_taxa	D-SCRIPT	Structural	AC:002483	0.004174
all_taxa	D-SCRIPT	Structural	AC:002484	0.004175
all_taxa	D-SCRIPT	Structural	AC:002486	0.004211
all_taxa	D-SCRIPT	Structural	AC:002487	0.147243
all_taxa	D-SCRIPT	Structural	AC:002490	0.00419
all_taxa	D-SCRIPT	Structural	AC:002491	0.004209
all_taxa	D-SCRIPT	Structural	AC:002492	0.33579
all_taxa	D-SCRIPT	Structural	AC:002493	0.004181
all_taxa	D-SCRIPT	Structural	AC:002494	0.053075
all_taxa	D-SCRIPT	Structural	AC:002495	0.004233
all_taxa	D-SCRIPT	Structural	AC:002496	0.878734
all_taxa	D-SCRIPT	Structural	AC:002497	0.004178
all_taxa	D-SCRIPT	Structural	AC:002499	0.004204
all_taxa	D-SCRIPT	Structural	AC:002500	0.004878
all_taxa	D-SCRIPT	Structural	AC:002501	0.985767
all_taxa	D-SCRIPT	Structural	AC:002502	0.830615
all_taxa	D-SCRIPT	Structural	AC:002503	0.014288
all_taxa	D-SCRIPT	Structural	AC:002504	0.004239
all_taxa	D-SCRIPT	Structural	AC:002506	0.132547
all_taxa	D-SCRIPT	Structural	AC:002507	0.004231
all_taxa	D-SCRIPT	Structural	AC:002508	0.004182
all_taxa	D-SCRIPT	Structural	AC:002509	0.006902
all_taxa	D-SCRIPT	Structural	AC:002510	0.164601
all_taxa	D-SCRIPT	Structural	AC:002513	0.004176
all_taxa	D-SCRIPT	Structural	AC:002514	0.569808
all_taxa	D-SCRIPT	Structural	AC:002515	0.587074
all_taxa	D-SCRIPT	Structural	AC:002516	0.082159
all_taxa	D-SCRIPT	Structural	AC:002517	0.022553
all_taxa	D-SCRIPT	Structural	AC:002518	0.807103
all_taxa	D-SCRIPT	Structural	AC:002519	0.004206
all_taxa	D-SCRIPT	Structural	AC:002520	0.004174
all_taxa	D-SCRIPT	Structural	AC:002522	0.31037
all_taxa	D-SCRIPT	Structural	AC:002523	0.711058
all_taxa	D-SCRIPT	Structural	AC:002524	0.05055
all_taxa	D-SCRIPT	Structural	AC:002525	0.005495
all_taxa	D-SCRIPT	Structural	AC:002526	0.00423
all_taxa	D-SCRIPT	Structural	AC:002527	0.889477
all_taxa	D-SCRIPT	Structural	AC:002528	0.0042
all_taxa	D-SCRIPT	Structural	AC:002529	0.004179
all_taxa	D-SCRIPT	Structural	AC:002531	0.004183
all_taxa	D-SCRIPT	Structural	AC:002532	0.004177
all_taxa	D-SCRIPT	Structural	AC:002533	0.016763
all_taxa	D-SCRIPT	Structural	AC:002534	0.004198
all_taxa	D-SCRIPT	Structural	AC:002535	0.004301
all_taxa	D-SCRIPT	Structural	AC:002536	0.892729
all_taxa	D-SCRIPT	Structural	AC:002537	0.00423
all_taxa	D-SCRIPT	Structural	AC:002538	0.004175
all_taxa	D-SCRIPT	Structural	AC:002539	0.564806
all_taxa	D-SCRIPT	Structural	AC:002541	0.004394
all_taxa	D-SCRIPT	Structural	AC:002543	0.904674
all_taxa	D-SCRIPT	Structural	AC:002545	0.493202
all_taxa	D-SCRIPT	Structural	AC:002546	0.004183
all_taxa	D-SCRIPT	Structural	AC:002548	0.35815
all_taxa	D-SCRIPT	Structural	AC:002549	0.004181
all_taxa	D-SCRIPT	Structural	AC:002550	0.004175
all_taxa	D-SCRIPT	Structural	AC:002552	0.004239
all_taxa	D-SCRIPT	Structural	AC:002553	0.004176
all_taxa	D-SCRIPT	Structural	AC:002555	0.004199
all_taxa	D-SCRIPT	Structural	AC:002557	0.004213
all_taxa	D-SCRIPT	Structural	AC:002558	0.068556
all_taxa	D-SCRIPT	Structural	AC:002559	0.004214
all_taxa	D-SCRIPT	Structural	AC:002560	0.004378
all_taxa	D-SCRIPT	Structural	AC:002561	0.004921
all_taxa	D-SCRIPT	Structural	AC:002562	0.004183
all_taxa	D-SCRIPT	Structural	AC:002563	0.005294
all_taxa	D-SCRIPT	Structural	AC:002564	0.004175
all_taxa	D-SCRIPT	Structural	AC:002565	0.894441
all_taxa	D-SCRIPT	Structural	AC:002566	0.087634
all_taxa	D-SCRIPT	Structural	AC:002567	0.004208
all_taxa	D-SCRIPT	Structural	AC:002568	0.005366
all_taxa	D-SCRIPT	Structural	AC:002569	0.011442
all_taxa	D-SCRIPT	Structural	AC:002570	0.923413
all_taxa	D-SCRIPT	Structural	AC:002571	0.004945
all_taxa	D-SCRIPT	Structural	AC:002572	0.004196
all_taxa	D-SCRIPT	Structural	AC:002573	0.398632
all_taxa	D-SCRIPT	Structural	AC:002574	0.004374
all_taxa	D-SCRIPT	Structural	AC:002575	0.004175
all_taxa	D-SCRIPT	Structural	AC:002577	0.078394
all_taxa	D-SCRIPT	Structural	AC:002578	0.004177
all_taxa	D-SCRIPT	Structural	AC:002579	0.05552
all_taxa	D-SCRIPT	Structural	AC:002580	0.825162
all_taxa	D-SCRIPT	Structural	AC:002581	0.862872
all_taxa	D-SCRIPT	Structural	AC:002582	0.004181
all_taxa	D-SCRIPT	Structural	AC:002583	0.004851
all_taxa	D-SCRIPT	Structural	AC:002584	0.005972
all_taxa	D-SCRIPT	Structural	AC:002586	0.004545
all_taxa	D-SCRIPT	Structural	AC:002588	0.004176
all_taxa	D-SCRIPT	Structural	AC:002589	0.604338
all_taxa	D-SCRIPT	Structural	AC:002590	0.326015
all_taxa	D-SCRIPT	Structural	AC:002591	0.004243
all_taxa	D-SCRIPT	Structural	AC:002592	0.004185
all_taxa	D-SCRIPT	Structural	AC:002593	0.025166
all_taxa	D-SCRIPT	Structural	AC:002594	0.004175
all_taxa	D-SCRIPT	Structural	AC:002595	0.004178
all_taxa	D-SCRIPT	Structural	AC:002596	0.004177
all_taxa	D-SCRIPT	Structural	AC:002597	0.920457
all_taxa	D-SCRIPT	Structural	AC:002598	0.197754
all_taxa	D-SCRIPT	Structural	AC:002599	0.017554
all_taxa	D-SCRIPT	Structural	AC:002601	0.005244
all_taxa	D-SCRIPT	Structural	AC:002603	0.004201
all_taxa	D-SCRIPT	Structural	AC:002604	0.954406
all_taxa	D-SCRIPT	Structural	AC:002607	0.004648
all_taxa	D-SCRIPT	Structural	AC:002608	0.438768
all_taxa	D-SCRIPT	Structural	AC:002609	0.004219
all_taxa	D-SCRIPT	Structural	AC:002610	0.004191
all_taxa	D-SCRIPT	Structural	AC:002611	0.779111
all_taxa	D-SCRIPT	Structural	AC:002612	0.907496
all_taxa	D-SCRIPT	Structural	AC:002613	0.029479
all_taxa	D-SCRIPT	Structural	AC:002614	0.672158
all_taxa	D-SCRIPT	Structural	AC:002615	0.004177
all_taxa	D-SCRIPT	Structural	AC:002616	0.004201
all_taxa	D-SCRIPT	Structural	AC:002617	0.004178
all_taxa	D-SCRIPT	Structural	AC:002618	0.004189
all_taxa	D-SCRIPT	Structural	AC:002619	0.004176
all_taxa	D-SCRIPT	Structural	AC:002620	0.004178
all_taxa	D-SCRIPT	Structural	AC:002621	0.444278
all_taxa	D-SCRIPT	Structural	AC:002622	0.349851
all_taxa	D-SCRIPT	Structural	AC:002623	0.938599
all_taxa	D-SCRIPT	Structural	AC:002625	0.038442
all_taxa	D-SCRIPT	Structural	AC:002626	0.004178
all_taxa	D-SCRIPT	Structural	AC:002628	0.004174
all_taxa	D-SCRIPT	Structural	AC:002629	0.008953
all_taxa	D-SCRIPT	Structural	AC:002630	0.604077
all_taxa	D-SCRIPT	Structural	AC:002631	0.684016
all_taxa	D-SCRIPT	Structural	AC:002632	0.231764
all_taxa	D-SCRIPT	Structural	AC:002633	0.00787
all_taxa	D-SCRIPT	Structural	AC:002634	0.013607
all_taxa	D-SCRIPT	Structural	AC:002635	0.052592
all_taxa	D-SCRIPT	Structural	AC:002636	0.032029
all_taxa	D-SCRIPT	Structural	AC:002637	0.683376
all_taxa	D-SCRIPT	Structural	AC:002638	0.004177
all_taxa	D-SCRIPT	Structural	AC:002639	0.004181
all_taxa	D-SCRIPT	Structural	AC:002640	0.043302
all_taxa	D-SCRIPT	Structural	AC:002642	0.004181
all_taxa	D-SCRIPT	Structural	AC:002643	0.05856
all_taxa	D-SCRIPT	Structural	AC:002644	0.004204
all_taxa	D-SCRIPT	Structural	AC:002645	0.149726
all_taxa	D-SCRIPT	Structural	AC:002646	0.009208
all_taxa	D-SCRIPT	Structural	AC:002647	0.004176
all_taxa	D-SCRIPT	Structural	AC:002649	0.004175
all_taxa	D-SCRIPT	Structural	AC:002650	0.004179
all_taxa	D-SCRIPT	Structural	AC:002651	0.004185
all_taxa	D-SCRIPT	Structural	AC:002652	0.333824
all_taxa	D-SCRIPT	Structural	AC:002653	0.005302
all_taxa	D-SCRIPT	Structural	AC:002655	0.004175
all_taxa	D-SCRIPT	Structural	AC:002656	0.007118
all_taxa	D-SCRIPT	Structural	AC:002657	0.004172
all_taxa	D-SCRIPT	Structural	AC:002658	0.066171
all_taxa	D-SCRIPT	Structural	AC:002659	0.406541
all_taxa	D-SCRIPT	Structural	AC:002660	0.004346
all_taxa	D-SCRIPT	Structural	AC:002661	0.004174
all_taxa	D-SCRIPT	Structural	AC:002662	0.845464
all_taxa	D-SCRIPT	Structural	AC:002663	0.005356
all_taxa	D-SCRIPT	Structural	AC:002664	0.004673
all_taxa	D-SCRIPT	Structural	AC:002665	0.807299
all_taxa	D-SCRIPT	Structural	AC:002666	0.004448
all_taxa	D-SCRIPT	Structural	AC:002667	0.006213
all_taxa	D-SCRIPT	Structural	AC:002668	0.009385
all_taxa	D-SCRIPT	Structural	AC:002669	0.004187
all_taxa	D-SCRIPT	Structural	AC:002671	0.004177
all_taxa	D-SCRIPT	Structural	AC:002672	0.976905
all_taxa	D-SCRIPT	Structural	AC:002674	0.657984
all_taxa	D-SCRIPT	Structural	AC:002675	0.004177
all_taxa	D-SCRIPT	Structural	AC:002677	0.066562
all_taxa	D-SCRIPT	Structural	AC:002678	0.004679
all_taxa	D-SCRIPT	Structural	AC:002679	0.017785
all_taxa	D-SCRIPT	Structural	AC:002680	0.004197
all_taxa	D-SCRIPT	Structural	AC:002681	0.846023
all_taxa	D-SCRIPT	Structural	AC:002683	0.004179
all_taxa	D-SCRIPT	Structural	AC:002684	0.004176
all_taxa	D-SCRIPT	Structural	AC:002685	0.004205
all_taxa	D-SCRIPT	Structural	AC:002686	0.02095
all_taxa	D-SCRIPT	Structural	AC:002687	0.004805
all_taxa	D-SCRIPT	Structural	AC:002688	0.467121
all_taxa	D-SCRIPT	Structural	AC:002689	0.798717
all_taxa	D-SCRIPT	Structural	AC:002690	0.00418
all_taxa	D-SCRIPT	Structural	AC:002691	0.973188
all_taxa	D-SCRIPT	Structural	AC:002692	0.004179
all_taxa	D-SCRIPT	Structural	AC:002693	0.022719
all_taxa	D-SCRIPT	Structural	AC:002694	0.621004
all_taxa	D-SCRIPT	Structural	AC:002695	0.004183
all_taxa	D-SCRIPT	Structural	AC:002697	0.00418
all_taxa	D-SCRIPT	Structural	AC:002698	0.004177
all_taxa	D-SCRIPT	Structural	AC:002699	0.004173
all_taxa	D-SCRIPT	Structural	AC:002700	0.766651
all_taxa	D-SCRIPT	Structural	AC:002702	0.004181
all_taxa	D-SCRIPT	Structural	AC:002704	0.005006
all_taxa	D-SCRIPT	Structural	AC:002705	0.00419
all_taxa	D-SCRIPT	Structural	AC:002706	0.004175
all_taxa	D-SCRIPT	Structural	AC:002707	0.004183
all_taxa	D-SCRIPT	Structural	AC:002708	0.004175
all_taxa	D-SCRIPT	Structural	AC:002709	0.004217
all_taxa	D-SCRIPT	Structural	AC:002710	0.037601
all_taxa	D-SCRIPT	Structural	AC:002711	0.004245
all_taxa	D-SCRIPT	Structural	AC:002713	0.004224
all_taxa	D-SCRIPT	Structural	AC:002714	0.004177
all_taxa	D-SCRIPT	Structural	AC:002716	0.932152
all_taxa	D-SCRIPT	Structural	AC:002717	0.00423
all_taxa	D-SCRIPT	Structural	AC:002718	0.005426
all_taxa	D-SCRIPT	Structural	AC:002719	0.101098
all_taxa	D-SCRIPT	Structural	AC:002720	0.952323
all_taxa	D-SCRIPT	Structural	AC:002721	0.681314
all_taxa	D-SCRIPT	Structural	AC:002723	0.352131
all_taxa	D-SCRIPT	Structural	AC:002724	0.00418
all_taxa	D-SCRIPT	Structural	AC:002725	0.004175
all_taxa	D-SCRIPT	Structural	AC:002726	0.004185
all_taxa	D-SCRIPT	Structural	AC:002728	0.004176
all_taxa	D-SCRIPT	Structural	AC:002729	0.861479
all_taxa	D-SCRIPT	Structural	AC:002730	0.004175
all_taxa	D-SCRIPT	Structural	AC:002731	0.004175
all_taxa	D-SCRIPT	Structural	AC:002732	0.004182
all_taxa	D-SCRIPT	Structural	AC:002733	0.013023
all_taxa	D-SCRIPT	Structural	AC:002735	0.012076
all_taxa	D-SCRIPT	Structural	AC:002736	0.005562
all_taxa	D-SCRIPT	Structural	AC:002737	0.168958
all_taxa	D-SCRIPT	Structural	AC:002740	0.004393
all_taxa	D-SCRIPT	Structural	AC:002741	0.004175
all_taxa	D-SCRIPT	Structural	AC:002744	0.004501
all_taxa	D-SCRIPT	Structural	AC:002745	0.863094
all_taxa	D-SCRIPT	Structural	AC:002747	0.004201
all_taxa	D-SCRIPT	Structural	AC:002748	0.890541
all_taxa	D-SCRIPT	Structural	AC:002749	0.946483
all_taxa	D-SCRIPT	Structural	AC:002751	0.004178
all_taxa	D-SCRIPT	Structural	AC:002752	0.004178
all_taxa	D-SCRIPT	Structural	AC:002754	0.004373
all_taxa	D-SCRIPT	Structural	AC:002755	0.00418
all_taxa	D-SCRIPT	Structural	AC:002756	0.938671
all_taxa	D-SCRIPT	Structural	AC:002757	0.93358
all_taxa	D-SCRIPT	Structural	AC:002758	0.33206
all_taxa	D-SCRIPT	Structural	AC:002759	0.004175
all_taxa	D-SCRIPT	Structural	AC:002760	0.004387
all_taxa	D-SCRIPT	Structural	AC:002761	0.004176
all_taxa	D-SCRIPT	Structural	AC:002762	0.878862
all_taxa	D-SCRIPT	Structural	AC:002763	0.007145
all_taxa	D-SCRIPT	Structural	AC:002764	0.014216
all_taxa	D-SCRIPT	Structural	AC:002765	0.005145
all_taxa	D-SCRIPT	Structural	AC:002766	0.006431
all_taxa	D-SCRIPT	Structural	AC:002767	0.004182
all_taxa	D-SCRIPT	Structural	AC:002768	0.004245
all_taxa	D-SCRIPT	Structural	AC:002769	0.004221
all_taxa	D-SCRIPT	Structural	AC:002770	0.441225
all_taxa	D-SCRIPT	Structural	AC:002773	0.932313
all_taxa	D-SCRIPT	Structural	AC:002774	0.004183
all_taxa	D-SCRIPT	Structural	AC:002776	0.004199
all_taxa	D-SCRIPT	Structural	AC:002778	0.044402
all_taxa	D-SCRIPT	Structural	AC:002779	0.014586
all_taxa	D-SCRIPT	Structural	AC:002780	0.004192
all_taxa	D-SCRIPT	Structural	AC:002782	0.004179
all_taxa	D-SCRIPT	Structural	AC:002784	0.004174
all_taxa	D-SCRIPT	Structural	AC:002787	0.63895
all_taxa	D-SCRIPT	Structural	AC:002788	0.004172
all_taxa	D-SCRIPT	Structural	AC:002789	0.004174
all_taxa	D-SCRIPT	Structural	AC:002790	0.004266
all_taxa	D-SCRIPT	Structural	AC:002791	0.141087
all_taxa	D-SCRIPT	Structural	AC:002792	0.006531
all_taxa	D-SCRIPT	Structural	AC:002793	0.710762
all_taxa	D-SCRIPT	Structural	AC:002794	0.004174
all_taxa	D-SCRIPT	Structural	AC:002795	0.004184
all_taxa	D-SCRIPT	Structural	AC:002796	0.004187
all_taxa	D-SCRIPT	Structural	AC:002797	0.611705
all_taxa	D-SCRIPT	Structural	AC:002800	0.396708
all_taxa	D-SCRIPT	Structural	AC:002801	0.004207
all_taxa	D-SCRIPT	Structural	AC:002803	0.916318
all_taxa	D-SCRIPT	Structural	AC:002804	0.853489
all_taxa	D-SCRIPT	Structural	AC:002805	0.222088
all_taxa	D-SCRIPT	Structural	AC:002806	0.622333
all_taxa	D-SCRIPT	Structural	AC:002807	0.004175
all_taxa	D-SCRIPT	Structural	AC:002808	0.004203
all_taxa	D-SCRIPT	Structural	AC:002809	0.004174
all_taxa	D-SCRIPT	Structural	AC:002810	0.00716
all_taxa	D-SCRIPT	Structural	AC:002811	0.009679
all_taxa	D-SCRIPT	Structural	AC:002812	0.004231
all_taxa	D-SCRIPT	Structural	AC:002813	0.004406
all_taxa	D-SCRIPT	Structural	AC:002814	0.004174
all_taxa	D-SCRIPT	Structural	AC:002815	0.004192
all_taxa	D-SCRIPT	Structural	AC:002816	0.679128
all_taxa	D-SCRIPT	Structural	AC:002817	0.004292
all_taxa	D-SCRIPT	Structural	AC:002818	0.004175
all_taxa	D-SCRIPT	Structural	AC:002819	0.004175
all_taxa	D-SCRIPT	Structural	AC:002820	0.004184
all_taxa	D-SCRIPT	Structural	AC:002823	0.004176
all_taxa	D-SCRIPT	Structural	AC:002824	0.004177
all_taxa	D-SCRIPT	Structural	AC:002825	0.004419
all_taxa	D-SCRIPT	Structural	AC:002826	0.802816
all_taxa	D-SCRIPT	Structural	AC:002828	0.004224
all_taxa	D-SCRIPT	Structural	AC:002830	0.004627
all_taxa	D-SCRIPT	Structural	AC:002832	0.948438
all_taxa	D-SCRIPT	Structural	AC:002835	0.004182
all_taxa	D-SCRIPT	Structural	AC:002836	0.004175
all_taxa	D-SCRIPT	Structural	AC:002837	0.004178
all_taxa	D-SCRIPT	Structural	AC:002838	0.004176
all_taxa	D-SCRIPT	Structural	AC:002839	0.004225
all_taxa	D-SCRIPT	Structural	AC:002840	0.004179
all_taxa	D-SCRIPT	Structural	AC:002841	0.004177
all_taxa	D-SCRIPT	Structural	AC:002843	0.004174
all_taxa	D-SCRIPT	Structural	AC:002845	0.004318
all_taxa	D-SCRIPT	Structural	AC:002846	0.004174
all_taxa	D-SCRIPT	Structural	AC:002847	0.004192
all_taxa	D-SCRIPT	Structural	AC:002848	0.004193
all_taxa	D-SCRIPT	Structural	AC:002849	0.004261
all_taxa	D-SCRIPT	Structural	AC:002850	0.004317
all_taxa	D-SCRIPT	Structural	AC:002852	0.004267
all_taxa	D-SCRIPT	Structural	AC:002853	0.019634
all_taxa	D-SCRIPT	Structural	AC:002854	0.004199
all_taxa	D-SCRIPT	Structural	AC:002855	0.004192
all_taxa	D-SCRIPT	Structural	AC:002856	0.613877
all_taxa	D-SCRIPT	Structural	AC:002857	0.00422
all_taxa	D-SCRIPT	Structural	AC:002858	0.006259
all_taxa	D-SCRIPT	Structural	AC:002859	0.004193
all_taxa	D-SCRIPT	Structural	AC:002860	0.004231
all_taxa	D-SCRIPT	Structural	AC:002861	0.489262
all_taxa	D-SCRIPT	Structural	AC:002862	0.004178
all_taxa	D-SCRIPT	Structural	AC:002864	0.756637
all_taxa	D-SCRIPT	Structural	AC:002865	0.004174
all_taxa	D-SCRIPT	Structural	AC:002866	0.712979
all_taxa	D-SCRIPT	Structural	AC:002867	0.946758
all_taxa	D-SCRIPT	Structural	AC:002869	0.004291
all_taxa	D-SCRIPT	Structural	AC:002870	0.004245
all_taxa	D-SCRIPT	Structural	AC:002871	0.06301
all_taxa	D-SCRIPT	Structural	AC:002872	0.018739
all_taxa	D-SCRIPT	Structural	AC:002873	0.004268
all_taxa	D-SCRIPT	Structural	AC:002874	0.004182
all_taxa	D-SCRIPT	Structural	AC:002875	0.855332
all_taxa	D-SCRIPT	Structural	AC:002877	0.060332
all_taxa	D-SCRIPT	Structural	AC:002878	0.013013
all_taxa	D-SCRIPT	Structural	AC:002879	0.624396
all_taxa	D-SCRIPT	Structural	AC:002881	0.004287
all_taxa	D-SCRIPT	Structural	AC:002882	0.004232
all_taxa	D-SCRIPT	Structural	AC:002883	0.004176
all_taxa	D-SCRIPT	Structural	AC:002884	0.966032
all_taxa	D-SCRIPT	Structural	AC:002885	0.004185
all_taxa	D-SCRIPT	Structural	AC:002886	0.285401
all_taxa	D-SCRIPT	Structural	AC:002887	0.004327
all_taxa	D-SCRIPT	Structural	AC:002888	0.004177
all_taxa	D-SCRIPT	Structural	AC:002889	0.0043
all_taxa	D-SCRIPT	Structural	AC:002890	0.004183
all_taxa	D-SCRIPT	Structural	AC:002893	0.006592
all_taxa	D-SCRIPT	Structural	AC:002894	0.931623
all_taxa	D-SCRIPT	Structural	AC:002896	0.004185
all_taxa	D-SCRIPT	Structural	AC:002898	0.38596
all_taxa	D-SCRIPT	Structural	AC:002899	0.004258
all_taxa	D-SCRIPT	Structural	AC:002900	0.544036
all_taxa	D-SCRIPT	Structural	AC:002901	0.00419
all_taxa	D-SCRIPT	Structural	AC:002902	0.721682
all_taxa	D-SCRIPT	Structural	AC:002903	0.032272
all_taxa	D-SCRIPT	Structural	AC:002904	0.004197
all_taxa	D-SCRIPT	Structural	AC:002905	0.973169
all_taxa	D-SCRIPT	Structural	AC:002906	0.283771
all_taxa	D-SCRIPT	Structural	AC:002907	0.018804
all_taxa	D-SCRIPT	Structural	AC:002908	0.004181
all_taxa	D-SCRIPT	Structural	AC:002909	0.805839
all_taxa	D-SCRIPT	Structural	AC:002910	0.054862
all_taxa	D-SCRIPT	Structural	AC:002911	0.004187
all_taxa	D-SCRIPT	Structural	AC:002914	0.981963
all_taxa	D-SCRIPT	Structural	AC:002915	0.004295
all_taxa	D-SCRIPT	Structural	AC:002916	0.004183
all_taxa	D-SCRIPT	Structural	AC:002917	0.931262
all_taxa	D-SCRIPT	Structural	AC:002918	0.035146
all_taxa	D-SCRIPT	Structural	AC:002919	0.004205
all_taxa	D-SCRIPT	Structural	AC:002920	0.886355
all_taxa	D-SCRIPT	Structural	AC:002921	0.004841
all_taxa	D-SCRIPT	Structural	AC:002922	0.004178
all_taxa	D-SCRIPT	Structural	AC:002924	0.004207
all_taxa	D-SCRIPT	Structural	AC:002925	0.039613
all_taxa	D-SCRIPT	Structural	AC:002926	0.004175
all_taxa	D-SCRIPT	Structural	AC:002927	0.004278
all_taxa	D-SCRIPT	Structural	AC:002928	0.540124
all_taxa	D-SCRIPT	Structural	AC:002929	0.023014
all_taxa	D-SCRIPT	Structural	AC:002930	0.201701
all_taxa	D-SCRIPT	Structural	AC:002931	0.004201
all_taxa	D-SCRIPT	Structural	AC:002932	0.007785
all_taxa	D-SCRIPT	Structural	AC:002933	0.976976
all_taxa	D-SCRIPT	Structural	AC:002934	0.00993
all_taxa	D-SCRIPT	Structural	AC:002935	0.608042
all_taxa	D-SCRIPT	Structural	AC:002936	0.231073
all_taxa	D-SCRIPT	Structural	AC:002938	0.004173
all_taxa	D-SCRIPT	Structural	AC:002939	0.485422
all_taxa	D-SCRIPT	Structural	AC:002940	0.004174
all_taxa	D-SCRIPT	Structural	AC:002941	0.356326
all_taxa	D-SCRIPT	Structural	AC:002942	0.004213
all_taxa	D-SCRIPT	Structural	AC:002943	0.004204
all_taxa	D-SCRIPT	Structural	AC:002945	0.004176
all_taxa	D-SCRIPT	Structural	AC:002946	0.752317
all_taxa	D-SCRIPT	Structural	AC:002948	0.004175
all_taxa	D-SCRIPT	Structural	AC:002949	0.004247
all_taxa	D-SCRIPT	Structural	AC:002951	0.007491
all_taxa	D-SCRIPT	Structural	AC:002953	0.004179
all_taxa	D-SCRIPT	Structural	AC:002954	0.79629
all_taxa	D-SCRIPT	Structural	AC:002955	0.004196
all_taxa	D-SCRIPT	Structural	AC:002957	0.004192
all_taxa	D-SCRIPT	Structural	AC:002958	0.004187
all_taxa	D-SCRIPT	Structural	AC:002959	0.742629
all_taxa	D-SCRIPT	Structural	AC:002962	0.004176
all_taxa	D-SCRIPT	Structural	AC:002963	0.004175
all_taxa	D-SCRIPT	Structural	AC:002964	0.004626
all_taxa	D-SCRIPT	Structural	AC:002965	0.801546
all_taxa	D-SCRIPT	Structural	AC:002966	0.981292
all_taxa	D-SCRIPT	Structural	AC:002967	0.004197
all_taxa	D-SCRIPT	Structural	AC:002968	0.004186
all_taxa	D-SCRIPT	Structural	AC:002969	0.307196
all_taxa	D-SCRIPT	Structural	AC:002971	0.805565
all_taxa	D-SCRIPT	Structural	AC:002973	0.004173
all_taxa	D-SCRIPT	Structural	AC:002974	0.004177
all_taxa	D-SCRIPT	Structural	AC:002975	0.319554
all_taxa	D-SCRIPT	Structural	AC:002976	0.004177
all_taxa	D-SCRIPT	Structural	AC:002978	0.671407
all_taxa	D-SCRIPT	Structural	AC:002979	0.004184
all_taxa	D-SCRIPT	Structural	AC:002980	0.625196
all_taxa	D-SCRIPT	Structural	AC:002981	0.004278
all_taxa	D-SCRIPT	Structural	AC:002982	0.004176
all_taxa	D-SCRIPT	Structural	AC:002983	0.436392
all_taxa	D-SCRIPT	Structural	AC:002984	0.004191
all_taxa	D-SCRIPT	Structural	AC:002985	0.006219
all_taxa	D-SCRIPT	Structural	AC:002986	0.545015
all_taxa	D-SCRIPT	Structural	AC:002987	0.881663
all_taxa	D-SCRIPT	Structural	AC:002989	0.005193
all_taxa	D-SCRIPT	Structural	AC:002990	0.004214
all_taxa	D-SCRIPT	Structural	AC:002992	0.873995
all_taxa	D-SCRIPT	Structural	AC:002993	0.184437
all_taxa	D-SCRIPT	Structural	AC:002995	0.004188
all_taxa	D-SCRIPT	Structural	AC:002996	0.004202
all_taxa	D-SCRIPT	Structural	AC:002997	0.004221
all_taxa	D-SCRIPT	Structural	AC:002998	0.784127
all_taxa	D-SCRIPT	Structural	AC:003000	0.004176
all_taxa	D-SCRIPT	Structural	AC:003001	0.147166
all_taxa	D-SCRIPT	Structural	AC:003002	0.004178
all_taxa	D-SCRIPT	Structural	AC:003003	0.113081
all_taxa	D-SCRIPT	Structural	AC:003004	0.004188
all_taxa	D-SCRIPT	Structural	AC:003005	0.004195
all_taxa	D-SCRIPT	Structural	AC:003007	0.904036
all_taxa	D-SCRIPT	Structural	AC:003008	0.511989
all_taxa	D-SCRIPT	Structural	AC:003010	0.00426
all_taxa	D-SCRIPT	Structural	AC:003011	0.004188
all_taxa	D-SCRIPT	Structural	AC:003012	0.004174
all_taxa	D-SCRIPT	Structural	AC:003013	0.004181
all_taxa	D-SCRIPT	Structural	AC:003014	0.004176
all_taxa	D-SCRIPT	Structural	AC:003016	0.883716
all_taxa	D-SCRIPT	Structural	AC:003017	0.004175
all_taxa	D-SCRIPT	Structural	AC:003018	0.004201
all_taxa	D-SCRIPT	Structural	AC:003019	0.004183
all_taxa	D-SCRIPT	Structural	AC:003020	0.004181
all_taxa	D-SCRIPT	Structural	AC:003021	0.60828
all_taxa	D-SCRIPT	Structural	AC:003023	0.004204
all_taxa	D-SCRIPT	Structural	AC:003024	0.080573
all_taxa	D-SCRIPT	Structural	AC:003026	0.00583
all_taxa	D-SCRIPT	Structural	AC:003027	0.98464
all_taxa	D-SCRIPT	Structural	AC:003028	0.796289
all_taxa	D-SCRIPT	Structural	AC:003029	0.031402
all_taxa	D-SCRIPT	Structural	AC:003030	0.004175
all_taxa	D-SCRIPT	Structural	AC:003031	0.988634
all_taxa	D-SCRIPT	Structural	AC:003032	0.678178
all_taxa	D-SCRIPT	Structural	AC:003033	0.004178
all_taxa	D-SCRIPT	Structural	AC:003035	0.953313
all_taxa	D-SCRIPT	Structural	AC:003036	0.0042
all_taxa	D-SCRIPT	Structural	AC:003037	0.004185
all_taxa	D-SCRIPT	Structural	AC:003038	0.841226
all_taxa	D-SCRIPT	Structural	AC:003039	0.008049
all_taxa	D-SCRIPT	Structural	AC:003041	0.899655
all_taxa	D-SCRIPT	Structural	AC:003042	0.004192
all_taxa	D-SCRIPT	Structural	AC:003043	0.004205
all_taxa	D-SCRIPT	Structural	AC:003044	0.004183
all_taxa	D-SCRIPT	Structural	AC:003045	0.004211
all_taxa	D-SCRIPT	Structural	AC:003046	0.766165
all_taxa	D-SCRIPT	Structural	AC:003047	0.833724
all_taxa	D-SCRIPT	Structural	AC:003048	0.967497
all_taxa	D-SCRIPT	Structural	AC:003049	0.007327
all_taxa	D-SCRIPT	Structural	AC:003050	0.982739
all_taxa	D-SCRIPT	Structural	AC:003051	0.004177
all_taxa	Topsy-Turvy	Negatome	NEG:00009	0.210613
all_taxa	Topsy-Turvy	Negatome	NEG:00012	0.717276
all_taxa	Topsy-Turvy	Negatome	NEG:00014	0.716892
all_taxa	Topsy-Turvy	Negatome	NEG:00015	0.701664
all_taxa	Topsy-Turvy	Negatome	NEG:00016	0.000292
all_taxa	Topsy-Turvy	Negatome	NEG:00042	0.64586
all_taxa	Topsy-Turvy	Negatome	NEG:00115	0.143191
all_taxa	Topsy-Turvy	Negatome	NEG:00116	0.249838
all_taxa	Topsy-Turvy	Negatome	NEG:00117	0.143596
all_taxa	Topsy-Turvy	Negatome	NEG:00180	0.099698
all_taxa	Topsy-Turvy	Negatome	NEG:00237	0.156695
all_taxa	Topsy-Turvy	Negatome	NEG:00250	0.138592
all_taxa	Topsy-Turvy	Negatome	NEG:00252	0.199436
all_taxa	Topsy-Turvy	Negatome	NEG:00350	0.319831
all_taxa	Topsy-Turvy	Negatome	NEG:00365	0.509699
all_taxa	Topsy-Turvy	Negatome	NEG:00367	0.665557
all_taxa	Topsy-Turvy	Negatome	NEG:00368	0.507138
all_taxa	Topsy-Turvy	Negatome	NEG:00369	0.479626
all_taxa	Topsy-Turvy	Negatome	NEG:00371	0.000422
all_taxa	Topsy-Turvy	Negatome	NEG:00373	0.737623
all_taxa	Topsy-Turvy	Negatome	NEG:00403	0.098688
all_taxa	Topsy-Turvy	Negatome	NEG:00435	0.23092
all_taxa	Topsy-Turvy	Negatome	NEG:00437	0.437093
all_taxa	Topsy-Turvy	Negatome	NEG:00438	0.449096
all_taxa	Topsy-Turvy	Negatome	NEG:00439	0.475537
all_taxa	Topsy-Turvy	Negatome	NEG:00440	0.430464
all_taxa	Topsy-Turvy	Negatome	NEG:00442	0.535542
all_taxa	Topsy-Turvy	Negatome	NEG:00482	0.333549
all_taxa	Topsy-Turvy	Negatome	NEG:00494	0.181889
all_taxa	Topsy-Turvy	Negatome	NEG:00510	0.056559
all_taxa	Topsy-Turvy	Negatome	NEG:00511	0.083821
all_taxa	Topsy-Turvy	Negatome	NEG:00558	0.716232
all_taxa	Topsy-Turvy	Negatome	NEG:00562	0.031973
all_taxa	Topsy-Turvy	Negatome	NEG:00566	0.035052
all_taxa	Topsy-Turvy	Negatome	NEG:00570	0.350149
all_taxa	Topsy-Turvy	Negatome	NEG:00601	0.755778
all_taxa	Topsy-Turvy	Negatome	NEG:00629	0.695359
all_taxa	Topsy-Turvy	Negatome	NEG:00633	0.818704
all_taxa	Topsy-Turvy	Negatome	NEG:00634	0.258794
all_taxa	Topsy-Turvy	Negatome	NEG:00642	0.812167
all_taxa	Topsy-Turvy	Negatome	NEG:00664	0.020947
all_taxa	Topsy-Turvy	Negatome	NEG:00698	0.499515
all_taxa	Topsy-Turvy	Negatome	NEG:00699	0.499733
all_taxa	Topsy-Turvy	Negatome	NEG:00700	0.477525
all_taxa	Topsy-Turvy	Negatome	NEG:00701	0.091391
all_taxa	Topsy-Turvy	Negatome	NEG:00703	0.125115
all_taxa	Topsy-Turvy	Negatome	NEG:00704	0.499728
all_taxa	Topsy-Turvy	Negatome	NEG:00705	0.109454
all_taxa	Topsy-Turvy	Negatome	NEG:00706	0.499829
all_taxa	Topsy-Turvy	Negatome	NEG:00707	0.142869
all_taxa	Topsy-Turvy	Negatome	NEG:00708	0.101578
all_taxa	Topsy-Turvy	Negatome	NEG:00709	0.125108
all_taxa	Topsy-Turvy	Negatome	NEG:00710	0.499605
all_taxa	Topsy-Turvy	Negatome	NEG:00711	0.142946
all_taxa	Topsy-Turvy	Negatome	NEG:00712	0.142724
all_taxa	Topsy-Turvy	Negatome	NEG:00716	0.499806
all_taxa	Topsy-Turvy	Negatome	NEG:00717	0.166683
all_taxa	Topsy-Turvy	Negatome	NEG:00718	0.16719
all_taxa	Topsy-Turvy	Negatome	NEG:00719	0.200242
all_taxa	Topsy-Turvy	Negatome	NEG:00734	0.499307
all_taxa	Topsy-Turvy	Negatome	NEG:00744	0.229051
all_taxa	Topsy-Turvy	Negatome	NEG:00745	0.499511
all_taxa	Topsy-Turvy	Negatome	NEG:00746	0.056555
all_taxa	Topsy-Turvy	Negatome	NEG:00747	0.499503
all_taxa	Topsy-Turvy	Negatome	NEG:00748	0.319548
all_taxa	Topsy-Turvy	Negatome	NEG:00749	0.499428
all_taxa	Topsy-Turvy	Negatome	NEG:00750	0.499587
all_taxa	Topsy-Turvy	Negatome	NEG:00751	0.772169
all_taxa	Topsy-Turvy	Negatome	NEG:00752	0.499394
all_taxa	Topsy-Turvy	Negatome	NEG:00753	0.333012
all_taxa	Topsy-Turvy	Negatome	NEG:00754	0.499063
all_taxa	Topsy-Turvy	Negatome	NEG:00755	0.325593
all_taxa	Topsy-Turvy	Negatome	NEG:00756	0.498791
all_taxa	Topsy-Turvy	Negatome	NEG:00757	0.125459
all_taxa	Topsy-Turvy	Negatome	NEG:00758	0.340527
all_taxa	Topsy-Turvy	Negatome	NEG:00759	0.499687
all_taxa	Topsy-Turvy	Negatome	NEG:00760	0.499534
all_taxa	Topsy-Turvy	Negatome	NEG:00761	0.906885
all_taxa	Topsy-Turvy	Negatome	NEG:00762	0.166518
all_taxa	Topsy-Turvy	Negatome	NEG:00763	0.24416
all_taxa	Topsy-Turvy	Negatome	NEG:00764	0.167373
all_taxa	Topsy-Turvy	Negatome	NEG:00765	0.017274
all_taxa	Topsy-Turvy	Negatome	NEG:00766	0.09161
all_taxa	Topsy-Turvy	Negatome	NEG:00767	0.078832
all_taxa	Topsy-Turvy	Negatome	NEG:00768	0.860194
all_taxa	Topsy-Turvy	Negatome	NEG:00769	0.382892
all_taxa	Topsy-Turvy	Negatome	NEG:00770	0.336015
all_taxa	Topsy-Turvy	Negatome	NEG:00771	0.249929
all_taxa	Topsy-Turvy	Negatome	NEG:00772	0.488473
all_taxa	Topsy-Turvy	Negatome	NEG:00773	0.018454
all_taxa	Topsy-Turvy	Negatome	NEG:00774	0.02513
all_taxa	Topsy-Turvy	Negatome	NEG:00775	0.499488
all_taxa	Topsy-Turvy	Negatome	NEG:00776	0.216336
all_taxa	Topsy-Turvy	Negatome	NEG:00777	0.302003
all_taxa	Topsy-Turvy	Negatome	NEG:00778	0.020243
all_taxa	Topsy-Turvy	Negatome	NEG:00781	0.111156
all_taxa	Topsy-Turvy	Negatome	NEG:00782	0.763061
all_taxa	Topsy-Turvy	Negatome	NEG:00783	0.066003
all_taxa	Topsy-Turvy	Negatome	NEG:00784	0.001134
all_taxa	Topsy-Turvy	Negatome	NEG:00804	0.392899
all_taxa	Topsy-Turvy	Negatome	NEG:00807	0.572857
all_taxa	Topsy-Turvy	Negatome	NEG:00808	0.413929
all_taxa	Topsy-Turvy	Negatome	NEG:00829	0.730495
all_taxa	Topsy-Turvy	Negatome	NEG:00843	0.725193
all_taxa	Topsy-Turvy	Negatome	NEG:00849	0.708554
all_taxa	Topsy-Turvy	Negatome	NEG:00850	0.0716
all_taxa	Topsy-Turvy	Negatome	NEG:00864	0.375947
all_taxa	Topsy-Turvy	Negatome	NEG:00865	0.802588
all_taxa	Topsy-Turvy	Negatome	NEG:00866	0.363602
all_taxa	Topsy-Turvy	Negatome	NEG:00867	0.579474
all_taxa	Topsy-Turvy	Negatome	NEG:00868	0.408478
all_taxa	Topsy-Turvy	Negatome	NEG:00869	0.148251
all_taxa	Topsy-Turvy	Negatome	NEG:00870	0.427536
all_taxa	Topsy-Turvy	Negatome	NEG:00871	0.077055
all_taxa	Topsy-Turvy	Negatome	NEG:00872	0.170329
all_taxa	Topsy-Turvy	Negatome	NEG:00873	0.186299
all_taxa	Topsy-Turvy	Negatome	NEG:00874	0.489235
all_taxa	Topsy-Turvy	Negatome	NEG:00875	0.541587
all_taxa	Topsy-Turvy	Negatome	NEG:00876	0.489734
all_taxa	Topsy-Turvy	Negatome	NEG:00877	0.401094
all_taxa	Topsy-Turvy	Negatome	NEG:00880	0.050637
all_taxa	Topsy-Turvy	Negatome	NEG:00881	0.598992
all_taxa	Topsy-Turvy	Negatome	NEG:00882	0.687253
all_taxa	Topsy-Turvy	Negatome	NEG:00883	0.13144
all_taxa	Topsy-Turvy	Negatome	NEG:00937	0.075806
all_taxa	Topsy-Turvy	Negatome	NEG:00938	0.044779
all_taxa	Topsy-Turvy	Negatome	NEG:00939	0.499274
all_taxa	Topsy-Turvy	Negatome	NEG:00940	1.5e-05
all_taxa	Topsy-Turvy	Negatome	NEG:00941	0.167304
all_taxa	Topsy-Turvy	Negatome	NEG:00942	0.077843
all_taxa	Topsy-Turvy	Negatome	NEG:00943	0.666189
all_taxa	Topsy-Turvy	Negatome	NEG:00944	0.084149
all_taxa	Topsy-Turvy	Negatome	NEG:00945	0.202048
all_taxa	Topsy-Turvy	Negatome	NEG:00946	0.856857
all_taxa	Topsy-Turvy	Negatome	NEG:00947	0.499761
all_taxa	Topsy-Turvy	Negatome	NEG:00948	0.499489
all_taxa	Topsy-Turvy	Negatome	NEG:00952	0.143728
all_taxa	Topsy-Turvy	Negatome	NEG:00953	0.249924
all_taxa	Topsy-Turvy	Negatome	NEG:00954	0.204348
all_taxa	Topsy-Turvy	Negatome	NEG:00955	0.499701
all_taxa	Topsy-Turvy	Negatome	NEG:00956	0.654524
all_taxa	Topsy-Turvy	Negatome	NEG:00999	0.111627
all_taxa	Topsy-Turvy	Negatome	NEG:01018	0.671129
all_taxa	Topsy-Turvy	Negatome	NEG:01019	0.424381
all_taxa	Topsy-Turvy	Negatome	NEG:01020	3.3e-05
all_taxa	Topsy-Turvy	Negatome	NEG:01021	0.395578
all_taxa	Topsy-Turvy	Negatome	NEG:01024	0.024981
all_taxa	Topsy-Turvy	Negatome	NEG:01026	0.17057
all_taxa	Topsy-Turvy	Negatome	NEG:01027	0.504741
all_taxa	Topsy-Turvy	Negatome	NEG:01032	0.039249
all_taxa	Topsy-Turvy	Negatome	NEG:01033	0.702033
all_taxa	Topsy-Turvy	Negatome	NEG:01051	0.399557
all_taxa	Topsy-Turvy	Negatome	NEG:01052	0.278618
all_taxa	Topsy-Turvy	Negatome	NEG:01053	0.125073
all_taxa	Topsy-Turvy	Negatome	NEG:01054	0.029656
all_taxa	Topsy-Turvy	Negatome	NEG:01055	0.073205
all_taxa	Topsy-Turvy	Negatome	NEG:01056	0.071844
all_taxa	Topsy-Turvy	Negatome	NEG:01057	0.379331
all_taxa	Topsy-Turvy	Negatome	NEG:01058	0.092162
all_taxa	Topsy-Turvy	Negatome	NEG:01059	0.166968
all_taxa	Topsy-Turvy	Negatome	NEG:01063	0.166772
all_taxa	Topsy-Turvy	Negatome	NEG:01064	0.11168
all_taxa	Topsy-Turvy	Negatome	NEG:01065	0.200152
all_taxa	Topsy-Turvy	Negatome	NEG:01066	0.042489
all_taxa	Topsy-Turvy	Negatome	NEG:01085	0.729105
all_taxa	Topsy-Turvy	Negatome	NEG:01099	0.620695
all_taxa	Topsy-Turvy	Negatome	NEG:01117	0.358735
all_taxa	Topsy-Turvy	Negatome	NEG:01118	0.653031
all_taxa	Topsy-Turvy	Negatome	NEG:01119	0.142332
all_taxa	Topsy-Turvy	Negatome	NEG:01126	0.858021
all_taxa	Topsy-Turvy	Negatome	NEG:01128	0.12555
all_taxa	Topsy-Turvy	Negatome	NEG:01147	0.197198
all_taxa	Topsy-Turvy	Negatome	NEG:01149	0.680073
all_taxa	Topsy-Turvy	Negatome	NEG:01150	0.577611
all_taxa	Topsy-Turvy	Negatome	NEG:01154	0.19247
all_taxa	Topsy-Turvy	Negatome	NEG:01232	0.269257
all_taxa	Topsy-Turvy	Negatome	NEG:01245	0.482818
all_taxa	Topsy-Turvy	Negatome	NEG:01246	0.609972
all_taxa	Topsy-Turvy	Negatome	NEG:01252	0.141295
all_taxa	Topsy-Turvy	Negatome	NEG:01255	0.043406
all_taxa	Topsy-Turvy	Negatome	NEG:01256	0.499681
all_taxa	Topsy-Turvy	Negatome	NEG:01257	3.8e-05
all_taxa	Topsy-Turvy	Negatome	NEG:01259	0.028386
all_taxa	Topsy-Turvy	Negatome	NEG:01260	0.111253
all_taxa	Topsy-Turvy	Negatome	NEG:01261	0.057041
all_taxa	Topsy-Turvy	Negatome	NEG:01262	0.129797
all_taxa	Topsy-Turvy	Negatome	NEG:01263	0.31717
all_taxa	Topsy-Turvy	Negatome	NEG:01264	0.499327
all_taxa	Topsy-Turvy	Negatome	NEG:01265	0.066973
all_taxa	Topsy-Turvy	Negatome	NEG:01268	0.499739
all_taxa	Topsy-Turvy	Negatome	NEG:01269	0.07182
all_taxa	Topsy-Turvy	Negatome	NEG:01270	0.122311
all_taxa	Topsy-Turvy	Negatome	NEG:01271	0.436178
all_taxa	Topsy-Turvy	Negatome	NEG:01272	0.061984
all_taxa	Topsy-Turvy	Negatome	NEG:01293	0.498382
all_taxa	Topsy-Turvy	Negatome	NEG:01302	0.718348
all_taxa	Topsy-Turvy	Negatome	NEG:01347	0.672662
all_taxa	Topsy-Turvy	Negatome	NEG:01375	0.251612
all_taxa	Topsy-Turvy	Negatome	NEG:01376	0.922532
all_taxa	Topsy-Turvy	Negatome	NEG:01377	0.166739
all_taxa	Topsy-Turvy	Negatome	NEG:01378	0.499227
all_taxa	Topsy-Turvy	Negatome	NEG:01379	0.499176
all_taxa	Topsy-Turvy	Negatome	NEG:01380	0.332265
all_taxa	Topsy-Turvy	Negatome	NEG:01381	0.499433
all_taxa	Topsy-Turvy	Negatome	NEG:01382	0.499539
all_taxa	Topsy-Turvy	Negatome	NEG:01383	0.499304
all_taxa	Topsy-Turvy	Negatome	NEG:01384	0.499339
all_taxa	Topsy-Turvy	Negatome	NEG:01385	0.498963
all_taxa	Topsy-Turvy	Negatome	NEG:01472	0.607489
all_taxa	Topsy-Turvy	Negatome	NEG:01489	0.466706
all_taxa	Topsy-Turvy	Negatome	NEG:01490	0.665577
all_taxa	Topsy-Turvy	Negatome	NEG:01491	0.601348
all_taxa	Topsy-Turvy	Negatome	NEG:01492	0.333369
all_taxa	Topsy-Turvy	Negatome	NEG:01493	3.7e-05
all_taxa	Topsy-Turvy	Negatome	NEG:01494	0.206203
all_taxa	Topsy-Turvy	Negatome	NEG:01495	0.499181
all_taxa	Topsy-Turvy	Negatome	NEG:01496	0.131005
all_taxa	Topsy-Turvy	Negatome	NEG:01497	0.239171
all_taxa	Topsy-Turvy	Negatome	NEG:01498	0.605535
all_taxa	Topsy-Turvy	Negatome	NEG:01517	0.667941
all_taxa	Topsy-Turvy	Negatome	NEG:01518	0.671443
all_taxa	Topsy-Turvy	Negatome	NEG:01536	0.50621
all_taxa	Topsy-Turvy	Negatome	NEG:01537	0.741831
all_taxa	Topsy-Turvy	Negatome	NEG:01554	0.069956
all_taxa	Topsy-Turvy	Negatome	NEG:01555	0.200809
all_taxa	Topsy-Turvy	Negatome	NEG:01556	0.333213
all_taxa	Topsy-Turvy	Negatome	NEG:01557	0.094278
all_taxa	Topsy-Turvy	Negatome	NEG:01558	0.202589
all_taxa	Topsy-Turvy	Negatome	NEG:01559	0.664285
all_taxa	Topsy-Turvy	Negatome	NEG:01560	0.696787
all_taxa	Topsy-Turvy	Negatome	NEG:01561	0.299984
all_taxa	Topsy-Turvy	Negatome	NEG:01564	0.179794
all_taxa	Topsy-Turvy	Negatome	NEG:01565	0.207897
all_taxa	Topsy-Turvy	Negatome	NEG:01566	0.499648
all_taxa	Topsy-Turvy	Negatome	NEG:01567	0.728052
all_taxa	Topsy-Turvy	Negatome	NEG:01637	0.144731
all_taxa	Topsy-Turvy	Negatome	NEG:01638	0.091306
all_taxa	Topsy-Turvy	Negatome	NEG:01639	0.499664
all_taxa	Topsy-Turvy	Negatome	NEG:01640	0.077058
all_taxa	Topsy-Turvy	Negatome	NEG:01641	0.074419
all_taxa	Topsy-Turvy	Negatome	NEG:01645	6e-06
all_taxa	Topsy-Turvy	Negatome	NEG:01647	0.125116
all_taxa	Topsy-Turvy	Negatome	NEG:01648	7.7e-05
all_taxa	Topsy-Turvy	Negatome	NEG:01661	0.067318
all_taxa	Topsy-Turvy	Negatome	NEG:01662	0.032895
all_taxa	Topsy-Turvy	Negatome	NEG:01663	0.023342
all_taxa	Topsy-Turvy	Negatome	NEG:01667	0.077429
all_taxa	Topsy-Turvy	Negatome	NEG:01668	0.808313
all_taxa	Topsy-Turvy	Negatome	NEG:01669	0.021626
all_taxa	Topsy-Turvy	Negatome	NEG:01701	0.166642
all_taxa	Topsy-Turvy	Negatome	NEG:01702	0.127695
all_taxa	Topsy-Turvy	Negatome	NEG:01703	0.04902
all_taxa	Topsy-Turvy	Negatome	NEG:01704	0.174474
all_taxa	Topsy-Turvy	Negatome	NEG:01705	0.027761
all_taxa	Topsy-Turvy	Negatome	NEG:01708	0.142912
all_taxa	Topsy-Turvy	Negatome	NEG:01709	0.079107
all_taxa	Topsy-Turvy	Negatome	NEG:01710	0.040342
all_taxa	Topsy-Turvy	Negatome	NEG:01711	0.021665
all_taxa	Topsy-Turvy	Negatome	NEG:01712	0.333204
all_taxa	Topsy-Turvy	Negatome	NEG:01713	0.044459
all_taxa	Topsy-Turvy	Negatome	NEG:01714	0.499442
all_taxa	Topsy-Turvy	Negatome	NEG:01715	0.037432
all_taxa	Topsy-Turvy	Negatome	NEG:01718	0.126617
all_taxa	Topsy-Turvy	Negatome	NEG:01719	0.2003
all_taxa	Topsy-Turvy	Negatome	NEG:01720	0.167844
all_taxa	Topsy-Turvy	Negatome	NEG:01721	0.02408
all_taxa	Topsy-Turvy	Negatome	NEG:01722	0.084213
all_taxa	Topsy-Turvy	Negatome	NEG:01744	0.499545
all_taxa	Topsy-Turvy	Negatome	NEG:01745	0.250841
all_taxa	Topsy-Turvy	Negatome	NEG:01746	0.340641
all_taxa	Topsy-Turvy	Negatome	NEG:01747	0.451915
all_taxa	Topsy-Turvy	Negatome	NEG:01748	0.499743
all_taxa	Topsy-Turvy	Negatome	NEG:01749	0.49962
all_taxa	Topsy-Turvy	Negatome	NEG:01750	0.354361
all_taxa	Topsy-Turvy	Negatome	NEG:01751	0.333452
all_taxa	Topsy-Turvy	Negatome	NEG:01752	0.665828
all_taxa	Topsy-Turvy	Negatome	NEG:01754	0.499413
all_taxa	Topsy-Turvy	Negatome	NEG:01755	0.058709
all_taxa	Topsy-Turvy	Negatome	NEG:01758	0.250008
all_taxa	Topsy-Turvy	Negatome	NEG:01759	0.100677
all_taxa	Topsy-Turvy	Negatome	NEG:01760	0.563336
all_taxa	Topsy-Turvy	Negatome	NEG:01761	0.029092
all_taxa	Topsy-Turvy	Negatome	NEG:01766	0.250364
all_taxa	Topsy-Turvy	Negatome	NEG:01767	0.126703
all_taxa	Topsy-Turvy	Negatome	NEG:01768	0.499675
all_taxa	Topsy-Turvy	Negatome	NEG:01769	0.1561
all_taxa	Topsy-Turvy	Negatome	NEG:01770	0.333253
all_taxa	Topsy-Turvy	Negatome	NEG:01771	0.499266
all_taxa	Topsy-Turvy	Negatome	NEG:01772	0.334193
all_taxa	Topsy-Turvy	Negatome	NEG:01807	0.044848
all_taxa	Topsy-Turvy	Negatome	NEG:01808	0.018383
all_taxa	Topsy-Turvy	Negatome	NEG:01813	0.074642
all_taxa	Topsy-Turvy	Negatome	NEG:01816	0.4998
all_taxa	Topsy-Turvy	Negatome	NEG:01828	0.203059
all_taxa	Topsy-Turvy	Negatome	NEG:01829	0.166757
all_taxa	Topsy-Turvy	Negatome	NEG:01833	0.499467
all_taxa	Topsy-Turvy	Negatome	NEG:01841	0.25003
all_taxa	Topsy-Turvy	Negatome	NEG:01843	0.07222
all_taxa	Topsy-Turvy	ProtNeg	PAIR2:GENE:14168|GENE:18035	0.225511
all_taxa	Topsy-Turvy	ProtNeg	PAIR2:GENE:140858|GENE:15182	0.803008
all_taxa	Topsy-Turvy	ProtNeg	PAIR2:GENE:140858|GENE:433759	0.794863
all_taxa	Topsy-Turvy	ProtNeg	PAIR2:GENE:5290|GENE:6016	0.093229
all_taxa	Topsy-Turvy	ProtNeg	PAIR2:GENE:4547|GENE:5327	0.844455
all_taxa	Topsy-Turvy	ProtNeg	PAIR2:GENE:682|GENE:7031	0.328948
all_taxa	Topsy-Turvy	ProtNeg	PAIR2:GENE:143384|GENE:79047	0.499594
all_taxa	Topsy-Turvy	ProtNeg	PAIR2:GENE:269275|GENE:4838	0.742157
all_taxa	Topsy-Turvy	ProtNeg	PAIR2:GENE:2260|GENE:5228	0.204782
all_taxa	Topsy-Turvy	ProtNeg	PAIR2:GENE:4137|GENE:9053	0.081997
all_taxa	Topsy-Turvy	ProtNeg	PAIR2:GENE:3836|GENE:79991	0.562783
all_taxa	Topsy-Turvy	ProtNeg	PAIR2:GENE:7010|GENE:7422	0.09943
all_taxa	Topsy-Turvy	ProtNeg	PAIR2:GENE:100134934|GENE:3836	0.246551
all_taxa	Topsy-Turvy	ProtNeg	PAIR2:GENE:50489|GENE:920	0.039302
all_taxa	Topsy-Turvy	ProtNeg	PAIR2:GENE:2697|GENE:4313	0.186501
all_taxa	Topsy-Turvy	ProtNeg	PAIR2:GENE:30835|GENE:920	0.074007
all_taxa	Topsy-Turvy	ProtNeg	PAIR2:GENE:2017|GENE:5777	0.74138
all_taxa	Topsy-Turvy	ProtNeg	PAIR2:GENE:1628|GENE:7057	0.019835
all_taxa	Topsy-Turvy	ProtNeg	PAIR2:GENE:3487|GENE:652	0.76449
all_taxa	Topsy-Turvy	ProtNeg	PAIR2:GENE:15139|GENE:1628	0.066693
all_taxa	Topsy-Turvy	ProtNeg	PAIR2:GENE:43847|GENE:643394	0.249347
all_taxa	Topsy-Turvy	ProtNeg	PAIR2:GENE:11668|GENE:12569	0.168049
all_taxa	Topsy-Turvy	ProtNeg	PAIR2:GENE:1670|GENE:3106	0.498884
all_taxa	Topsy-Turvy	ProtNeg	PAIR2:GENE:3077|GENE:7036	0.055827
all_taxa	Topsy-Turvy	ProtNeg	PAIR2:GENE:18566|GENE:26040	0.008067
all_taxa	Topsy-Turvy	ProtNeg	PAIR2:GENE:389|GENE:56924	0.204409
all_taxa	Topsy-Turvy	ProtNeg	PAIR2:GENE:2597|GENE:4155	0.333184
all_taxa	Topsy-Turvy	ProtNeg	PAIR2:GENE:1017|GENE:47	0.219741
all_taxa	Topsy-Turvy	ProtNeg	PAIR2:GENE:55070|GENE:7323	0.733061
all_taxa	Topsy-Turvy	ProtNeg	PAIR2:GENE:5347|GENE:8467	0.732944
all_taxa	Topsy-Turvy	ProtNeg	PAIR2:GENE:34688|GENE:5740472	0.111959
all_taxa	Topsy-Turvy	ProtNeg	PAIR2:GENE:32115|GENE:37277	0.421063
all_taxa	Topsy-Turvy	ProtNeg	PAIR2:GENE:2896|GENE:558	0.271989
all_taxa	Topsy-Turvy	ProtNeg	PAIR2:GENE:10461|GENE:2896	0.2784
all_taxa	Topsy-Turvy	ProtNeg	PAIR2:GENE:105148|GENE:434246	0.026177
all_taxa	Topsy-Turvy	ProtNeg	PAIR2:GENE:6119|GENE:79661	0.626358
all_taxa	Topsy-Turvy	ProtNeg	PAIR2:GENE:6118|GENE:79661	0.781105
all_taxa	Topsy-Turvy	ProtNeg	PAIR2:GENE:3075|GENE:721	0.019163
all_taxa	Topsy-Turvy	ProtNeg	PAIR2:GENE:3726|GENE:90416	0.33299
all_taxa	Topsy-Turvy	ProtNeg	PAIR2:GENE:12475|GENE:6898	0.499753
all_taxa	Topsy-Turvy	ProtNeg	PAIR2:GENE:33319|GENE:40444	0.542291
all_taxa	Topsy-Turvy	ProtNeg	PAIR2:GENE:39536|GENE:40444	0.383239
all_taxa	Topsy-Turvy	ProtNeg	PAIR2:GENE:40444|GENE:41848	0.394789
all_taxa	Topsy-Turvy	ProtNeg	PAIR2:GENE:20617|GENE:55869	0.062405
all_taxa	Topsy-Turvy	ProtNeg	PAIR2:GENE:23410|GENE:3091	0.294922
all_taxa	Topsy-Turvy	ProtNeg	PAIR2:GENE:20194|GENE:69745	3.5e-05
all_taxa	Topsy-Turvy	ProtNeg	PAIR2:GENE:15511|GENE:8991	0.052736
all_taxa	Topsy-Turvy	ProtNeg	PAIR2:GENE:801|GENE:8795	0.442699
all_taxa	Topsy-Turvy	ProtNeg	PAIR2:GENE:21898|GENE:56048	0.113314
all_taxa	Topsy-Turvy	ProtNeg	PAIR2:GENE:10840|GENE:635	0.228307
all_taxa	Topsy-Turvy	ProtNeg	PAIR2:GENE:36810|GENE:40444	0.599819
all_taxa	Topsy-Turvy	ProtNeg	PAIR2:GENE:25149|GENE:5506	0.039563
all_taxa	Topsy-Turvy	ProtNeg	PAIR2:GENE:12476|GENE:26437	0.434636
all_taxa	Topsy-Turvy	ProtNeg	PAIR2:GENE:20604|GENE:74026	0.499429
all_taxa	Topsy-Turvy	ProtNeg	PAIR2:GENE:12508|GENE:26437	0.570284
all_taxa	Topsy-Turvy	ProtNeg	PAIR2:GENE:12521|GENE:26437	0.488699
all_taxa	Topsy-Turvy	ProtNeg	PAIR2:GENE:16149|GENE:16409	0.30695
all_taxa	Topsy-Turvy	ProtNeg	PAIR2:GENE:16183|GENE:16187	0.534175
all_taxa	Topsy-Turvy	ProtNeg	PAIR2:GENE:12520|GENE:26437	0.530398
all_taxa	Topsy-Turvy	ProtNeg	PAIR2:GENE:24890|GENE:5506	0.372615
all_taxa	Topsy-Turvy	ProtNeg	PAIR2:GENE:12000|GENE:552	0.598927
all_taxa	Topsy-Turvy	ProtNeg	PAIR2:GENE:3486|GENE:801	0.472757
all_taxa	Topsy-Turvy	ProtNeg	PAIR2:GENE:20604|GENE:77853	0.499387
all_taxa	Topsy-Turvy	ProtNeg	PAIR2:GENE:37781|GENE:5936	0.567546
all_taxa	Topsy-Turvy	ProtNeg	PAIR2:GENE:335|GENE:5055	0.063639
all_taxa	Topsy-Turvy	ProtNeg	PAIR2:GENE:10499|GENE:25149	0.547691
all_taxa	Topsy-Turvy	ProtNeg	PAIR2:GENE:2597|GENE:3552	0.141788
all_taxa	Topsy-Turvy	ProtNeg	PAIR2:GENE:31376|GENE:37629	0.170961
all_taxa	Topsy-Turvy	ProtNeg	PAIR2:GENE:17395|GENE:21857	0.144132
all_taxa	Topsy-Turvy	ProtNeg	PAIR2:GENE:11127|GENE:7804	0.07905
all_taxa	Topsy-Turvy	ProtNeg	PAIR2:GENE:3688|GENE:9052	0.107257
all_taxa	Topsy-Turvy	ProtNeg	PAIR2:GENE:164045|GENE:5500	0.683926
all_taxa	Topsy-Turvy	ProtNeg	PAIR2:GENE:5111|GENE:5291	0.713096
all_taxa	Topsy-Turvy	ProtNeg	PAIR2:GENE:29128|GENE:8361	0.642985
all_taxa	Topsy-Turvy	ProtNeg	PAIR2:GENE:10133|GENE:64343	0.066815
all_taxa	Topsy-Turvy	ProtNeg	PAIR2:GENE:15216|GENE:213	0.614357
all_taxa	Topsy-Turvy	ProtNeg	PAIR2:GENE:35336|GENE:3612	0.59754
all_taxa	Topsy-Turvy	ProtNeg	PAIR2:GENE:23534|GENE:6429	0.281579
all_taxa	Topsy-Turvy	ProtNeg	PAIR2:GENE:327672|GENE:6295	0.278082
all_taxa	Topsy-Turvy	ProtNeg	PAIR2:GENE:16470|GENE:55978	0.499346
all_taxa	Topsy-Turvy	ProtNeg	PAIR2:GENE:16470|GENE:67694	0.018679
all_taxa	Topsy-Turvy	ProtNeg	PAIR2:GENE:10133|GENE:9755	0.195105
all_taxa	Topsy-Turvy	ProtNeg	PAIR2:GENE:27071|GENE:5062	0.070719
all_taxa	Topsy-Turvy	ProtNeg	PAIR2:GENE:29128|GENE:8337	0.635669
all_taxa	Topsy-Turvy	ProtNeg	PAIR2:GENE:4155|GENE:5830	0.055549
all_taxa	Topsy-Turvy	ProtNeg	PAIR2:GENE:13650|GENE:3868	0.016616
all_taxa	Topsy-Turvy	ProtNeg	PAIR2:GENE:1230|GENE:6348	0.772966
all_taxa	Topsy-Turvy	ProtNeg	PAIR2:GENE:19876|GENE:20350	0.067336
all_taxa	Topsy-Turvy	ProtNeg	PAIR2:GENE:19876|GENE:20346	0.076659
all_taxa	Topsy-Turvy	ProtNeg	PAIR2:GENE:24829|GENE:79223	0.081824
all_taxa	Topsy-Turvy	ProtNeg	PAIR2:GENE:2205|GENE:58205	0.499379
all_taxa	Topsy-Turvy	ProtNeg	PAIR2:GENE:3726|GENE:4942	0.023728
all_taxa	Topsy-Turvy	ProtNeg	PAIR2:GENE:10226|GENE:56382	0.353678
all_taxa	Topsy-Turvy	ProtNeg	PAIR2:GENE:558|GENE:5627	0.285969
all_taxa	Topsy-Turvy	ProtNeg	PAIR2:GENE:27255|GENE:351	0.208769
all_taxa	Topsy-Turvy	ProtNeg	PAIR2:GENE:2167|GENE:4000	0.523641
all_taxa	Topsy-Turvy	ProtNeg	PAIR2:GENE:829012|GENE:840158	0.268718
all_taxa	Topsy-Turvy	ProtNeg	PAIR2:GENE:3964|GENE:6520	0.341815
all_taxa	Topsy-Turvy	Structural	AC:000001	0.672953
all_taxa	Topsy-Turvy	Structural	AC:000003	0.761548
all_taxa	Topsy-Turvy	Structural	AC:000004	0.781677
all_taxa	Topsy-Turvy	Structural	AC:000005	4.7e-05
all_taxa	Topsy-Turvy	Structural	AC:000007	0.414604
all_taxa	Topsy-Turvy	Structural	AC:000008	0.485962
all_taxa	Topsy-Turvy	Structural	AC:000009	0.080643
all_taxa	Topsy-Turvy	Structural	AC:000010	0.523797
all_taxa	Topsy-Turvy	Structural	AC:000011	0.77643
all_taxa	Topsy-Turvy	Structural	AC:000012	0.450066
all_taxa	Topsy-Turvy	Structural	AC:000013	0.771662
all_taxa	Topsy-Turvy	Structural	AC:000014	0.110685
all_taxa	Topsy-Turvy	Structural	AC:000015	0.341164
all_taxa	Topsy-Turvy	Structural	AC:000017	3.2e-05
all_taxa	Topsy-Turvy	Structural	AC:000018	0.605014
all_taxa	Topsy-Turvy	Structural	AC:000020	0.496312
all_taxa	Topsy-Turvy	Structural	AC:000023	0.588278
all_taxa	Topsy-Turvy	Structural	AC:000024	0.699942
all_taxa	Topsy-Turvy	Structural	AC:000025	0.000185
all_taxa	Topsy-Turvy	Structural	AC:000026	0.000507
all_taxa	Topsy-Turvy	Structural	AC:000027	0.252017
all_taxa	Topsy-Turvy	Structural	AC:000028	0.000105
all_taxa	Topsy-Turvy	Structural	AC:000030	0.774214
all_taxa	Topsy-Turvy	Structural	AC:000031	0.790434
all_taxa	Topsy-Turvy	Structural	AC:000032	0.656807
all_taxa	Topsy-Turvy	Structural	AC:000034	0.877508
all_taxa	Topsy-Turvy	Structural	AC:000035	0.330498
all_taxa	Topsy-Turvy	Structural	AC:000036	0.808243
all_taxa	Topsy-Turvy	Structural	AC:000037	0.543568
all_taxa	Topsy-Turvy	Structural	AC:000039	0.143702
all_taxa	Topsy-Turvy	Structural	AC:000040	0.042285
all_taxa	Topsy-Turvy	Structural	AC:000041	0.705343
all_taxa	Topsy-Turvy	Structural	AC:000042	0.077943
all_taxa	Topsy-Turvy	Structural	AC:000043	0.508581
all_taxa	Topsy-Turvy	Structural	AC:000044	0.505648
all_taxa	Topsy-Turvy	Structural	AC:000045	0.342326
all_taxa	Topsy-Turvy	Structural	AC:000046	0.897696
all_taxa	Topsy-Turvy	Structural	AC:000047	0.823035
all_taxa	Topsy-Turvy	Structural	AC:000048	0.297919
all_taxa	Topsy-Turvy	Structural	AC:000049	0.806006
all_taxa	Topsy-Turvy	Structural	AC:000050	0.699199
all_taxa	Topsy-Turvy	Structural	AC:000051	0.778824
all_taxa	Topsy-Turvy	Structural	AC:000052	0.816987
all_taxa	Topsy-Turvy	Structural	AC:000053	0.304339
all_taxa	Topsy-Turvy	Structural	AC:000055	0.3725
all_taxa	Topsy-Turvy	Structural	AC:000056	0.030422
all_taxa	Topsy-Turvy	Structural	AC:000059	0.013499
all_taxa	Topsy-Turvy	Structural	AC:000060	0.59695
all_taxa	Topsy-Turvy	Structural	AC:000061	0.496133
all_taxa	Topsy-Turvy	Structural	AC:000062	0.06756
all_taxa	Topsy-Turvy	Structural	AC:000063	0.397754
all_taxa	Topsy-Turvy	Structural	AC:000065	0.623965
all_taxa	Topsy-Turvy	Structural	AC:000066	0.732866
all_taxa	Topsy-Turvy	Structural	AC:000067	0.147792
all_taxa	Topsy-Turvy	Structural	AC:000068	0.747063
all_taxa	Topsy-Turvy	Structural	AC:000069	0.342563
all_taxa	Topsy-Turvy	Structural	AC:000071	0.719403
all_taxa	Topsy-Turvy	Structural	AC:000072	0.522935
all_taxa	Topsy-Turvy	Structural	AC:000073	0.301419
all_taxa	Topsy-Turvy	Structural	AC:000074	0.308038
all_taxa	Topsy-Turvy	Structural	AC:000075	0.517225
all_taxa	Topsy-Turvy	Structural	AC:000076	0.268227
all_taxa	Topsy-Turvy	Structural	AC:000077	0.401695
all_taxa	Topsy-Turvy	Structural	AC:000078	0.408082
all_taxa	Topsy-Turvy	Structural	AC:000079	0.818309
all_taxa	Topsy-Turvy	Structural	AC:000082	0.433845
all_taxa	Topsy-Turvy	Structural	AC:000083	0.639644
all_taxa	Topsy-Turvy	Structural	AC:000084	0.051532
all_taxa	Topsy-Turvy	Structural	AC:000085	0.199943
all_taxa	Topsy-Turvy	Structural	AC:000088	0.249558
all_taxa	Topsy-Turvy	Structural	AC:000089	0.639802
all_taxa	Topsy-Turvy	Structural	AC:000090	0.600842
all_taxa	Topsy-Turvy	Structural	AC:000092	0.665576
all_taxa	Topsy-Turvy	Structural	AC:000093	0.260847
all_taxa	Topsy-Turvy	Structural	AC:000096	0.113349
all_taxa	Topsy-Turvy	Structural	AC:000097	0.173055
all_taxa	Topsy-Turvy	Structural	AC:000098	0.497902
all_taxa	Topsy-Turvy	Structural	AC:000099	0.385643
all_taxa	Topsy-Turvy	Structural	AC:000100	0.105209
all_taxa	Topsy-Turvy	Structural	AC:000101	0.602445
all_taxa	Topsy-Turvy	Structural	AC:000102	0.692124
all_taxa	Topsy-Turvy	Structural	AC:000103	0.52968
all_taxa	Topsy-Turvy	Structural	AC:000104	4.4e-05
all_taxa	Topsy-Turvy	Structural	AC:000106	0.689343
all_taxa	Topsy-Turvy	Structural	AC:000107	0.867608
all_taxa	Topsy-Turvy	Structural	AC:000108	0.605544
all_taxa	Topsy-Turvy	Structural	AC:000109	1.7e-05
all_taxa	Topsy-Turvy	Structural	AC:000110	0.498883
all_taxa	Topsy-Turvy	Structural	AC:000111	0.250123
all_taxa	Topsy-Turvy	Structural	AC:000114	0.708224
all_taxa	Topsy-Turvy	Structural	AC:000116	0.783762
all_taxa	Topsy-Turvy	Structural	AC:000117	6.2e-05
all_taxa	Topsy-Turvy	Structural	AC:000118	0.602976
all_taxa	Topsy-Turvy	Structural	AC:000119	0.150206
all_taxa	Topsy-Turvy	Structural	AC:000120	0.00393
all_taxa	Topsy-Turvy	Structural	AC:000121	0.550902
all_taxa	Topsy-Turvy	Structural	AC:000122	0.313806
all_taxa	Topsy-Turvy	Structural	AC:000125	0.444496
all_taxa	Topsy-Turvy	Structural	AC:000126	0.745785
all_taxa	Topsy-Turvy	Structural	AC:000127	0.617729
all_taxa	Topsy-Turvy	Structural	AC:000128	0.658817
all_taxa	Topsy-Turvy	Structural	AC:000130	0.65764
all_taxa	Topsy-Turvy	Structural	AC:000131	0.03431
all_taxa	Topsy-Turvy	Structural	AC:000132	0.745738
all_taxa	Topsy-Turvy	Structural	AC:000133	0.019313
all_taxa	Topsy-Turvy	Structural	AC:000134	0.77091
all_taxa	Topsy-Turvy	Structural	AC:000136	0.401717
all_taxa	Topsy-Turvy	Structural	AC:000137	0.39326
all_taxa	Topsy-Turvy	Structural	AC:000138	0.65032
all_taxa	Topsy-Turvy	Structural	AC:000139	0.655417
all_taxa	Topsy-Turvy	Structural	AC:000140	0.374285
all_taxa	Topsy-Turvy	Structural	AC:000141	0.154991
all_taxa	Topsy-Turvy	Structural	AC:000142	0.096037
all_taxa	Topsy-Turvy	Structural	AC:000143	0.013714
all_taxa	Topsy-Turvy	Structural	AC:000144	0.705013
all_taxa	Topsy-Turvy	Structural	AC:000145	0.170012
all_taxa	Topsy-Turvy	Structural	AC:000146	2.3e-05
all_taxa	Topsy-Turvy	Structural	AC:000147	0.002805
all_taxa	Topsy-Turvy	Structural	AC:000149	0.733624
all_taxa	Topsy-Turvy	Structural	AC:000150	0.000401
all_taxa	Topsy-Turvy	Structural	AC:000151	0.670458
all_taxa	Topsy-Turvy	Structural	AC:000152	0.498525
all_taxa	Topsy-Turvy	Structural	AC:000153	0.714371
all_taxa	Topsy-Turvy	Structural	AC:000155	0.457376
all_taxa	Topsy-Turvy	Structural	AC:000156	0.83842
all_taxa	Topsy-Turvy	Structural	AC:000157	0.622642
all_taxa	Topsy-Turvy	Structural	AC:000158	0.348067
all_taxa	Topsy-Turvy	Structural	AC:000159	0.611
all_taxa	Topsy-Turvy	Structural	AC:000160	0.080749
all_taxa	Topsy-Turvy	Structural	AC:000161	0.497568
all_taxa	Topsy-Turvy	Structural	AC:000162	0.76764
all_taxa	Topsy-Turvy	Structural	AC:000163	0.0611
all_taxa	Topsy-Turvy	Structural	AC:000165	0.768377
all_taxa	Topsy-Turvy	Structural	AC:000166	0.536563
all_taxa	Topsy-Turvy	Structural	AC:000168	0.753268
all_taxa	Topsy-Turvy	Structural	AC:000169	0.062546
all_taxa	Topsy-Turvy	Structural	AC:000170	0.637583
all_taxa	Topsy-Turvy	Structural	AC:000171	0.369153
all_taxa	Topsy-Turvy	Structural	AC:000172	0.021278
all_taxa	Topsy-Turvy	Structural	AC:000173	0.105554
all_taxa	Topsy-Turvy	Structural	AC:000174	0.459771
all_taxa	Topsy-Turvy	Structural	AC:000175	0.543403
all_taxa	Topsy-Turvy	Structural	AC:000176	0.598144
all_taxa	Topsy-Turvy	Structural	AC:000177	0.873761
all_taxa	Topsy-Turvy	Structural	AC:000178	0.831197
all_taxa	Topsy-Turvy	Structural	AC:000179	0.637785
all_taxa	Topsy-Turvy	Structural	AC:000180	0.511155
all_taxa	Topsy-Turvy	Structural	AC:000181	0.168571
all_taxa	Topsy-Turvy	Structural	AC:000182	0.032695
all_taxa	Topsy-Turvy	Structural	AC:000183	0.019671
all_taxa	Topsy-Turvy	Structural	AC:000185	0.51248
all_taxa	Topsy-Turvy	Structural	AC:000189	0.211924
all_taxa	Topsy-Turvy	Structural	AC:000190	0.469735
all_taxa	Topsy-Turvy	Structural	AC:000192	0.380606
all_taxa	Topsy-Turvy	Structural	AC:000193	0.000361
all_taxa	Topsy-Turvy	Structural	AC:000195	0.743258
all_taxa	Topsy-Turvy	Structural	AC:000196	0.672318
all_taxa	Topsy-Turvy	Structural	AC:000197	0.350591
all_taxa	Topsy-Turvy	Structural	AC:000198	0.611079
all_taxa	Topsy-Turvy	Structural	AC:000199	0.001338
all_taxa	Topsy-Turvy	Structural	AC:000201	0.252813
all_taxa	Topsy-Turvy	Structural	AC:000203	0.854157
all_taxa	Topsy-Turvy	Structural	AC:000204	0.463339
all_taxa	Topsy-Turvy	Structural	AC:000205	0.000277
all_taxa	Topsy-Turvy	Structural	AC:000206	0.666297
all_taxa	Topsy-Turvy	Structural	AC:000207	0.467767
all_taxa	Topsy-Turvy	Structural	AC:000209	0.685177
all_taxa	Topsy-Turvy	Structural	AC:000210	0.582726
all_taxa	Topsy-Turvy	Structural	AC:000211	0.798228
all_taxa	Topsy-Turvy	Structural	AC:000212	0.394454
all_taxa	Topsy-Turvy	Structural	AC:000213	0.742321
all_taxa	Topsy-Turvy	Structural	AC:000215	0.032388
all_taxa	Topsy-Turvy	Structural	AC:000216	0.65066
all_taxa	Topsy-Turvy	Structural	AC:000217	0.184927
all_taxa	Topsy-Turvy	Structural	AC:000218	0.664826
all_taxa	Topsy-Turvy	Structural	AC:000219	0.678109
all_taxa	Topsy-Turvy	Structural	AC:000220	0.613753
all_taxa	Topsy-Turvy	Structural	AC:000221	0.796917
all_taxa	Topsy-Turvy	Structural	AC:000222	0.400781
all_taxa	Topsy-Turvy	Structural	AC:000223	0.372958
all_taxa	Topsy-Turvy	Structural	AC:000224	0.603459
all_taxa	Topsy-Turvy	Structural	AC:000225	0.70568
all_taxa	Topsy-Turvy	Structural	AC:000226	0.024872
all_taxa	Topsy-Turvy	Structural	AC:000227	0.840507
all_taxa	Topsy-Turvy	Structural	AC:000229	0.499072
all_taxa	Topsy-Turvy	Structural	AC:000231	0.498708
all_taxa	Topsy-Turvy	Structural	AC:000232	0.589054
all_taxa	Topsy-Turvy	Structural	AC:000233	0.069941
all_taxa	Topsy-Turvy	Structural	AC:000234	0.293423
all_taxa	Topsy-Turvy	Structural	AC:000235	0.591935
all_taxa	Topsy-Turvy	Structural	AC:000236	0.249537
all_taxa	Topsy-Turvy	Structural	AC:000237	0.656599
all_taxa	Topsy-Turvy	Structural	AC:000239	0.170211
all_taxa	Topsy-Turvy	Structural	AC:000240	0.064695
all_taxa	Topsy-Turvy	Structural	AC:000241	0.499159
all_taxa	Topsy-Turvy	Structural	AC:000242	0.771638
all_taxa	Topsy-Turvy	Structural	AC:000243	0.809725
all_taxa	Topsy-Turvy	Structural	AC:000244	0.824115
all_taxa	Topsy-Turvy	Structural	AC:000245	0.640626
all_taxa	Topsy-Turvy	Structural	AC:000246	0.783621
all_taxa	Topsy-Turvy	Structural	AC:000247	0.755145
all_taxa	Topsy-Turvy	Structural	AC:000248	0.025337
all_taxa	Topsy-Turvy	Structural	AC:000249	0.053491
all_taxa	Topsy-Turvy	Structural	AC:000250	0.271653
all_taxa	Topsy-Turvy	Structural	AC:000252	0.518479
all_taxa	Topsy-Turvy	Structural	AC:000254	0.719013
all_taxa	Topsy-Turvy	Structural	AC:000255	0.190096
all_taxa	Topsy-Turvy	Structural	AC:000257	0.407427
all_taxa	Topsy-Turvy	Structural	AC:000258	0.58487
all_taxa	Topsy-Turvy	Structural	AC:000260	0.005059
all_taxa	Topsy-Turvy	Structural	AC:000261	0.633995
all_taxa	Topsy-Turvy	Structural	AC:000262	0.884466
all_taxa	Topsy-Turvy	Structural	AC:000263	0.586423
all_taxa	Topsy-Turvy	Structural	AC:000264	0.107496
all_taxa	Topsy-Turvy	Structural	AC:000265	0.322131
all_taxa	Topsy-Turvy	Structural	AC:000266	0.794513
all_taxa	Topsy-Turvy	Structural	AC:000267	0.332703
all_taxa	Topsy-Turvy	Structural	AC:000268	0.499572
all_taxa	Topsy-Turvy	Structural	AC:000269	0.855815
all_taxa	Topsy-Turvy	Structural	AC:000270	0.000494
all_taxa	Topsy-Turvy	Structural	AC:000271	0.422554
all_taxa	Topsy-Turvy	Structural	AC:000273	0.783539
all_taxa	Topsy-Turvy	Structural	AC:000274	0.308693
all_taxa	Topsy-Turvy	Structural	AC:000275	0.113411
all_taxa	Topsy-Turvy	Structural	AC:000276	0.499632
all_taxa	Topsy-Turvy	Structural	AC:000277	0.547586
all_taxa	Topsy-Turvy	Structural	AC:000279	0.060914
all_taxa	Topsy-Turvy	Structural	AC:000282	0.698622
all_taxa	Topsy-Turvy	Structural	AC:000285	0.560064
all_taxa	Topsy-Turvy	Structural	AC:000286	0.664374
all_taxa	Topsy-Turvy	Structural	AC:000287	0.719079
all_taxa	Topsy-Turvy	Structural	AC:000288	0.660411
all_taxa	Topsy-Turvy	Structural	AC:000289	0.004399
all_taxa	Topsy-Turvy	Structural	AC:000291	0.502287
all_taxa	Topsy-Turvy	Structural	AC:000292	0.200969
all_taxa	Topsy-Turvy	Structural	AC:000293	0.708293
all_taxa	Topsy-Turvy	Structural	AC:000294	0.000599
all_taxa	Topsy-Turvy	Structural	AC:000296	0.49757
all_taxa	Topsy-Turvy	Structural	AC:000297	0.236969
all_taxa	Topsy-Turvy	Structural	AC:000298	0.779538
all_taxa	Topsy-Turvy	Structural	AC:000299	0.60105
all_taxa	Topsy-Turvy	Structural	AC:000300	0.632869
all_taxa	Topsy-Turvy	Structural	AC:000302	0.126284
all_taxa	Topsy-Turvy	Structural	AC:000303	0.406689
all_taxa	Topsy-Turvy	Structural	AC:000304	0.614325
all_taxa	Topsy-Turvy	Structural	AC:000305	0.497571
all_taxa	Topsy-Turvy	Structural	AC:000306	0.558627
all_taxa	Topsy-Turvy	Structural	AC:000307	0.882757
all_taxa	Topsy-Turvy	Structural	AC:000308	0.156279
all_taxa	Topsy-Turvy	Structural	AC:000311	0.04754
all_taxa	Topsy-Turvy	Structural	AC:000312	0.684444
all_taxa	Topsy-Turvy	Structural	AC:000313	0.128759
all_taxa	Topsy-Turvy	Structural	AC:000314	0.121879
all_taxa	Topsy-Turvy	Structural	AC:000315	0.028244
all_taxa	Topsy-Turvy	Structural	AC:000317	0.051668
all_taxa	Topsy-Turvy	Structural	AC:000318	0.351971
all_taxa	Topsy-Turvy	Structural	AC:000320	0.133373
all_taxa	Topsy-Turvy	Structural	AC:000321	0.438123
all_taxa	Topsy-Turvy	Structural	AC:000322	0.195887
all_taxa	Topsy-Turvy	Structural	AC:000323	0.177819
all_taxa	Topsy-Turvy	Structural	AC:000325	0.557726
all_taxa	Topsy-Turvy	Structural	AC:000326	0.240213
all_taxa	Topsy-Turvy	Structural	AC:000327	0.625597
all_taxa	Topsy-Turvy	Structural	AC:000328	0.682844
all_taxa	Topsy-Turvy	Structural	AC:000330	0.498836
all_taxa	Topsy-Turvy	Structural	AC:000335	0.757097
all_taxa	Topsy-Turvy	Structural	AC:000336	0.498706
all_taxa	Topsy-Turvy	Structural	AC:000337	0.797197
all_taxa	Topsy-Turvy	Structural	AC:000338	0.566704
all_taxa	Topsy-Turvy	Structural	AC:000339	0.17332
all_taxa	Topsy-Turvy	Structural	AC:000340	0.669508
all_taxa	Topsy-Turvy	Structural	AC:000341	0.369998
all_taxa	Topsy-Turvy	Structural	AC:000342	0.726503
all_taxa	Topsy-Turvy	Structural	AC:000344	0.21245
all_taxa	Topsy-Turvy	Structural	AC:000346	0.629284
all_taxa	Topsy-Turvy	Structural	AC:000347	0.333442
all_taxa	Topsy-Turvy	Structural	AC:000348	0.323102
all_taxa	Topsy-Turvy	Structural	AC:000349	0.333103
all_taxa	Topsy-Turvy	Structural	AC:000352	0.615827
all_taxa	Topsy-Turvy	Structural	AC:000354	0.521829
all_taxa	Topsy-Turvy	Structural	AC:000355	0.722116
all_taxa	Topsy-Turvy	Structural	AC:000356	0.73338
all_taxa	Topsy-Turvy	Structural	AC:000357	0.73311
all_taxa	Topsy-Turvy	Structural	AC:000360	0.390575
all_taxa	Topsy-Turvy	Structural	AC:000361	0.48033
all_taxa	Topsy-Turvy	Structural	AC:000362	0.381745
all_taxa	Topsy-Turvy	Structural	AC:000363	0.436093
all_taxa	Topsy-Turvy	Structural	AC:000364	0.417124
all_taxa	Topsy-Turvy	Structural	AC:000365	0.298636
all_taxa	Topsy-Turvy	Structural	AC:000366	0.191806
all_taxa	Topsy-Turvy	Structural	AC:000367	5e-05
all_taxa	Topsy-Turvy	Structural	AC:000368	0.305358
all_taxa	Topsy-Turvy	Structural	AC:000369	0.538053
all_taxa	Topsy-Turvy	Structural	AC:000370	0.000135
all_taxa	Topsy-Turvy	Structural	AC:000371	0.773343
all_taxa	Topsy-Turvy	Structural	AC:000372	0.252249
all_taxa	Topsy-Turvy	Structural	AC:000373	0.648525
all_taxa	Topsy-Turvy	Structural	AC:000374	0.519361
all_taxa	Topsy-Turvy	Structural	AC:000375	0.63443
all_taxa	Topsy-Turvy	Structural	AC:000377	0.050961
all_taxa	Topsy-Turvy	Structural	AC:000378	0.136985
all_taxa	Topsy-Turvy	Structural	AC:000379	0.766139
all_taxa	Topsy-Turvy	Structural	AC:000380	0.250206
all_taxa	Topsy-Turvy	Structural	AC:000381	0.054449
all_taxa	Topsy-Turvy	Structural	AC:000382	0.831515
all_taxa	Topsy-Turvy	Structural	AC:000383	0.49866
all_taxa	Topsy-Turvy	Structural	AC:000386	0.719146
all_taxa	Topsy-Turvy	Structural	AC:000387	0.125538
all_taxa	Topsy-Turvy	Structural	AC:000388	0.531906
all_taxa	Topsy-Turvy	Structural	AC:000390	0.84113
all_taxa	Topsy-Turvy	Structural	AC:000392	0.387119
all_taxa	Topsy-Turvy	Structural	AC:000394	0.161649
all_taxa	Topsy-Turvy	Structural	AC:000395	0.112433
all_taxa	Topsy-Turvy	Structural	AC:000396	0.422386
all_taxa	Topsy-Turvy	Structural	AC:000397	0.539163
all_taxa	Topsy-Turvy	Structural	AC:000398	0.668793
all_taxa	Topsy-Turvy	Structural	AC:000399	0.4998
all_taxa	Topsy-Turvy	Structural	AC:000400	0.853045
all_taxa	Topsy-Turvy	Structural	AC:000401	0.018893
all_taxa	Topsy-Turvy	Structural	AC:000402	0.525513
all_taxa	Topsy-Turvy	Structural	AC:000403	0.874335
all_taxa	Topsy-Turvy	Structural	AC:000404	0.093082
all_taxa	Topsy-Turvy	Structural	AC:000405	0.715771
all_taxa	Topsy-Turvy	Structural	AC:000406	0.824761
all_taxa	Topsy-Turvy	Structural	AC:000408	0.697917
all_taxa	Topsy-Turvy	Structural	AC:000409	0.731534
all_taxa	Topsy-Turvy	Structural	AC:000410	0.081488
all_taxa	Topsy-Turvy	Structural	AC:000411	0.640224
all_taxa	Topsy-Turvy	Structural	AC:000412	0.562582
all_taxa	Topsy-Turvy	Structural	AC:000413	0.710073
all_taxa	Topsy-Turvy	Structural	AC:000414	0.168331
all_taxa	Topsy-Turvy	Structural	AC:000415	0.806142
all_taxa	Topsy-Turvy	Structural	AC:000416	0.778527
all_taxa	Topsy-Turvy	Structural	AC:000418	0.00136
all_taxa	Topsy-Turvy	Structural	AC:000419	0.000783
all_taxa	Topsy-Turvy	Structural	AC:000420	0.615359
all_taxa	Topsy-Turvy	Structural	AC:000422	0.722858
all_taxa	Topsy-Turvy	Structural	AC:000423	0.823626
all_taxa	Topsy-Turvy	Structural	AC:000424	0.576741
all_taxa	Topsy-Turvy	Structural	AC:000425	0.344621
all_taxa	Topsy-Turvy	Structural	AC:000426	0.324435
all_taxa	Topsy-Turvy	Structural	AC:000428	0.58845
all_taxa	Topsy-Turvy	Structural	AC:000430	0.737835
all_taxa	Topsy-Turvy	Structural	AC:000431	0.684794
all_taxa	Topsy-Turvy	Structural	AC:000433	0.682821
all_taxa	Topsy-Turvy	Structural	AC:000434	0.643054
all_taxa	Topsy-Turvy	Structural	AC:000435	0.563311
all_taxa	Topsy-Turvy	Structural	AC:000436	0.762025
all_taxa	Topsy-Turvy	Structural	AC:000437	0.45187
all_taxa	Topsy-Turvy	Structural	AC:000439	0.269304
all_taxa	Topsy-Turvy	Structural	AC:000440	0.595944
all_taxa	Topsy-Turvy	Structural	AC:000442	0.770498
all_taxa	Topsy-Turvy	Structural	AC:000443	0.690212
all_taxa	Topsy-Turvy	Structural	AC:000444	0.259972
all_taxa	Topsy-Turvy	Structural	AC:000445	0.095382
all_taxa	Topsy-Turvy	Structural	AC:000446	0.497737
all_taxa	Topsy-Turvy	Structural	AC:000447	0.777015
all_taxa	Topsy-Turvy	Structural	AC:000449	0.718284
all_taxa	Topsy-Turvy	Structural	AC:000451	0.87189
all_taxa	Topsy-Turvy	Structural	AC:000452	3.3e-05
all_taxa	Topsy-Turvy	Structural	AC:000454	0.588891
all_taxa	Topsy-Turvy	Structural	AC:000455	0.515096
all_taxa	Topsy-Turvy	Structural	AC:000456	0.611994
all_taxa	Topsy-Turvy	Structural	AC:000457	0.78092
all_taxa	Topsy-Turvy	Structural	AC:000458	0.303856
all_taxa	Topsy-Turvy	Structural	AC:000459	0.748037
all_taxa	Topsy-Turvy	Structural	AC:000460	0.780818
all_taxa	Topsy-Turvy	Structural	AC:000461	0.688833
all_taxa	Topsy-Turvy	Structural	AC:000462	0.040117
all_taxa	Topsy-Turvy	Structural	AC:000464	0.713394
all_taxa	Topsy-Turvy	Structural	AC:000465	0.496613
all_taxa	Topsy-Turvy	Structural	AC:000466	0.154237
all_taxa	Topsy-Turvy	Structural	AC:000467	0.673459
all_taxa	Topsy-Turvy	Structural	AC:000468	0.496507
all_taxa	Topsy-Turvy	Structural	AC:000469	0.496194
all_taxa	Topsy-Turvy	Structural	AC:000470	0.581314
all_taxa	Topsy-Turvy	Structural	AC:000471	0.677756
all_taxa	Topsy-Turvy	Structural	AC:000472	0.539063
all_taxa	Topsy-Turvy	Structural	AC:000473	0.624024
all_taxa	Topsy-Turvy	Structural	AC:000475	0.4972
all_taxa	Topsy-Turvy	Structural	AC:000477	0.700003
all_taxa	Topsy-Turvy	Structural	AC:000479	0.20179
all_taxa	Topsy-Turvy	Structural	AC:000480	0.33312
all_taxa	Topsy-Turvy	Structural	AC:000481	0.637894
all_taxa	Topsy-Turvy	Structural	AC:000482	0.14127
all_taxa	Topsy-Turvy	Structural	AC:000484	0.058165
all_taxa	Topsy-Turvy	Structural	AC:000485	0.368861
all_taxa	Topsy-Turvy	Structural	AC:000486	0.43418
all_taxa	Topsy-Turvy	Structural	AC:000487	0.234618
all_taxa	Topsy-Turvy	Structural	AC:000489	0.221729
all_taxa	Topsy-Turvy	Structural	AC:000490	0.274156
all_taxa	Topsy-Turvy	Structural	AC:000491	0.818817
all_taxa	Topsy-Turvy	Structural	AC:000492	0.737043
all_taxa	Topsy-Turvy	Structural	AC:000493	0.798367
all_taxa	Topsy-Turvy	Structural	AC:000494	0.696496
all_taxa	Topsy-Turvy	Structural	AC:000495	0.000581
all_taxa	Topsy-Turvy	Structural	AC:000496	0.839813
all_taxa	Topsy-Turvy	Structural	AC:000497	0.219334
all_taxa	Topsy-Turvy	Structural	AC:000498	0.499525
all_taxa	Topsy-Turvy	Structural	AC:000500	0.793455
all_taxa	Topsy-Turvy	Structural	AC:000501	0.725307
all_taxa	Topsy-Turvy	Structural	AC:000503	0.371191
all_taxa	Topsy-Turvy	Structural	AC:000504	0.771998
all_taxa	Topsy-Turvy	Structural	AC:000506	0.232777
all_taxa	Topsy-Turvy	Structural	AC:000507	0.214171
all_taxa	Topsy-Turvy	Structural	AC:000508	0.623066
all_taxa	Topsy-Turvy	Structural	AC:000509	0.334456
all_taxa	Topsy-Turvy	Structural	AC:000510	0.490871
all_taxa	Topsy-Turvy	Structural	AC:000511	0.656279
all_taxa	Topsy-Turvy	Structural	AC:000512	0.784337
all_taxa	Topsy-Turvy	Structural	AC:000513	0.498707
all_taxa	Topsy-Turvy	Structural	AC:000514	0.483403
all_taxa	Topsy-Turvy	Structural	AC:000515	0.734375
all_taxa	Topsy-Turvy	Structural	AC:000516	0.499144
all_taxa	Topsy-Turvy	Structural	AC:000517	0.518886
all_taxa	Topsy-Turvy	Structural	AC:000518	0.750002
all_taxa	Topsy-Turvy	Structural	AC:000519	0.145623
all_taxa	Topsy-Turvy	Structural	AC:000520	0.070362
all_taxa	Topsy-Turvy	Structural	AC:000522	0.496286
all_taxa	Topsy-Turvy	Structural	AC:000523	0.479384
all_taxa	Topsy-Turvy	Structural	AC:000524	0.001502
all_taxa	Topsy-Turvy	Structural	AC:000525	0.833304
all_taxa	Topsy-Turvy	Structural	AC:000526	0.075753
all_taxa	Topsy-Turvy	Structural	AC:000527	0.559977
all_taxa	Topsy-Turvy	Structural	AC:000528	0.777092
all_taxa	Topsy-Turvy	Structural	AC:000529	0.497694
all_taxa	Topsy-Turvy	Structural	AC:000530	0.495756
all_taxa	Topsy-Turvy	Structural	AC:000531	0.793167
all_taxa	Topsy-Turvy	Structural	AC:000532	0.654542
all_taxa	Topsy-Turvy	Structural	AC:000534	0.821228
all_taxa	Topsy-Turvy	Structural	AC:000536	0.702183
all_taxa	Topsy-Turvy	Structural	AC:000537	0.000147
all_taxa	Topsy-Turvy	Structural	AC:000539	0.068701
all_taxa	Topsy-Turvy	Structural	AC:000540	0.11964
all_taxa	Topsy-Turvy	Structural	AC:000542	0.788411
all_taxa	Topsy-Turvy	Structural	AC:000544	0.250286
all_taxa	Topsy-Turvy	Structural	AC:000545	0.041418
all_taxa	Topsy-Turvy	Structural	AC:000546	0.404041
all_taxa	Topsy-Turvy	Structural	AC:000548	0.780934
all_taxa	Topsy-Turvy	Structural	AC:000549	0.462601
all_taxa	Topsy-Turvy	Structural	AC:000550	0.244008
all_taxa	Topsy-Turvy	Structural	AC:000552	0.736095
all_taxa	Topsy-Turvy	Structural	AC:000553	0.607394
all_taxa	Topsy-Turvy	Structural	AC:000554	0.67851
all_taxa	Topsy-Turvy	Structural	AC:000555	0.553608
all_taxa	Topsy-Turvy	Structural	AC:000556	0.000152
all_taxa	Topsy-Turvy	Structural	AC:000558	0.147145
all_taxa	Topsy-Turvy	Structural	AC:000559	0.737367
all_taxa	Topsy-Turvy	Structural	AC:000560	0.803897
all_taxa	Topsy-Turvy	Structural	AC:000561	0.141123
all_taxa	Topsy-Turvy	Structural	AC:000562	0.610278
all_taxa	Topsy-Turvy	Structural	AC:000563	0.79986
all_taxa	Topsy-Turvy	Structural	AC:000564	0.447095
all_taxa	Topsy-Turvy	Structural	AC:000566	0.812854
all_taxa	Topsy-Turvy	Structural	AC:000567	0.596651
all_taxa	Topsy-Turvy	Structural	AC:000569	0.211571
all_taxa	Topsy-Turvy	Structural	AC:000570	7.1e-05
all_taxa	Topsy-Turvy	Structural	AC:000571	0.169373
all_taxa	Topsy-Turvy	Structural	AC:000572	0.698294
all_taxa	Topsy-Turvy	Structural	AC:000573	0.198129
all_taxa	Topsy-Turvy	Structural	AC:000575	0.604042
all_taxa	Topsy-Turvy	Structural	AC:000576	0.00027
all_taxa	Topsy-Turvy	Structural	AC:000577	0.824566
all_taxa	Topsy-Turvy	Structural	AC:000579	0.207961
all_taxa	Topsy-Turvy	Structural	AC:000580	0.743478
all_taxa	Topsy-Turvy	Structural	AC:000581	0.297902
all_taxa	Topsy-Turvy	Structural	AC:000582	0.085687
all_taxa	Topsy-Turvy	Structural	AC:000583	0.088953
all_taxa	Topsy-Turvy	Structural	AC:000584	0.497949
all_taxa	Topsy-Turvy	Structural	AC:000585	0.102532
all_taxa	Topsy-Turvy	Structural	AC:000586	0.071074
all_taxa	Topsy-Turvy	Structural	AC:000587	0.35241
all_taxa	Topsy-Turvy	Structural	AC:000588	0.012966
all_taxa	Topsy-Turvy	Structural	AC:000589	0.67759
all_taxa	Topsy-Turvy	Structural	AC:000590	0.047553
all_taxa	Topsy-Turvy	Structural	AC:000591	0.499183
all_taxa	Topsy-Turvy	Structural	AC:000592	0.443938
all_taxa	Topsy-Turvy	Structural	AC:000593	0.415974
all_taxa	Topsy-Turvy	Structural	AC:000594	0.446903
all_taxa	Topsy-Turvy	Structural	AC:000595	0.499061
all_taxa	Topsy-Turvy	Structural	AC:000596	0.250148
all_taxa	Topsy-Turvy	Structural	AC:000597	0.765637
all_taxa	Topsy-Turvy	Structural	AC:000599	0.816915
all_taxa	Topsy-Turvy	Structural	AC:000600	0.115727
all_taxa	Topsy-Turvy	Structural	AC:000601	0.774599
all_taxa	Topsy-Turvy	Structural	AC:000602	0.664826
all_taxa	Topsy-Turvy	Structural	AC:000603	0.739993
all_taxa	Topsy-Turvy	Structural	AC:000604	0.376538
all_taxa	Topsy-Turvy	Structural	AC:000605	0.63468
all_taxa	Topsy-Turvy	Structural	AC:000606	0.834583
all_taxa	Topsy-Turvy	Structural	AC:000607	0.453683
all_taxa	Topsy-Turvy	Structural	AC:000608	0.209164
all_taxa	Topsy-Turvy	Structural	AC:000609	0.051503
all_taxa	Topsy-Turvy	Structural	AC:000610	0.487496
all_taxa	Topsy-Turvy	Structural	AC:000611	0.706173
all_taxa	Topsy-Turvy	Structural	AC:000612	0.034874
all_taxa	Topsy-Turvy	Structural	AC:000613	0.329075
all_taxa	Topsy-Turvy	Structural	AC:000614	0.825966
all_taxa	Topsy-Turvy	Structural	AC:000615	0.285317
all_taxa	Topsy-Turvy	Structural	AC:000617	0.842814
all_taxa	Topsy-Turvy	Structural	AC:000619	0.647638
all_taxa	Topsy-Turvy	Structural	AC:000620	0.515658
all_taxa	Topsy-Turvy	Structural	AC:000621	0.536493
all_taxa	Topsy-Turvy	Structural	AC:000622	0.60679
all_taxa	Topsy-Turvy	Structural	AC:000623	0.493705
all_taxa	Topsy-Turvy	Structural	AC:000624	0.42683
all_taxa	Topsy-Turvy	Structural	AC:000625	0.802667
all_taxa	Topsy-Turvy	Structural	AC:000626	0.035451
all_taxa	Topsy-Turvy	Structural	AC:000627	0.750481
all_taxa	Topsy-Turvy	Structural	AC:000628	0.095112
all_taxa	Topsy-Turvy	Structural	AC:000629	0.020654
all_taxa	Topsy-Turvy	Structural	AC:000630	0.234512
all_taxa	Topsy-Turvy	Structural	AC:000631	0.536138
all_taxa	Topsy-Turvy	Structural	AC:000632	0.79064
all_taxa	Topsy-Turvy	Structural	AC:000633	0.664379
all_taxa	Topsy-Turvy	Structural	AC:000634	0.726389
all_taxa	Topsy-Turvy	Structural	AC:000635	0.249874
all_taxa	Topsy-Turvy	Structural	AC:000636	0.69272
all_taxa	Topsy-Turvy	Structural	AC:000637	0.444258
all_taxa	Topsy-Turvy	Structural	AC:000639	0.102309
all_taxa	Topsy-Turvy	Structural	AC:000640	0.698389
all_taxa	Topsy-Turvy	Structural	AC:000641	0.71366
all_taxa	Topsy-Turvy	Structural	AC:000642	0.052005
all_taxa	Topsy-Turvy	Structural	AC:000643	0.849865
all_taxa	Topsy-Turvy	Structural	AC:000644	0.696187
all_taxa	Topsy-Turvy	Structural	AC:000645	0.824115
all_taxa	Topsy-Turvy	Structural	AC:000648	0.086447
all_taxa	Topsy-Turvy	Structural	AC:000649	0.394258
all_taxa	Topsy-Turvy	Structural	AC:000650	0.000211
all_taxa	Topsy-Turvy	Structural	AC:000651	0.465523
all_taxa	Topsy-Turvy	Structural	AC:000652	0.281329
all_taxa	Topsy-Turvy	Structural	AC:000653	0.066782
all_taxa	Topsy-Turvy	Structural	AC:000654	0.705855
all_taxa	Topsy-Turvy	Structural	AC:000655	0.814889
all_taxa	Topsy-Turvy	Structural	AC:000656	0.533659
all_taxa	Topsy-Turvy	Structural	AC:000657	0.665174
all_taxa	Topsy-Turvy	Structural	AC:000659	0.680035
all_taxa	Topsy-Turvy	Structural	AC:000660	0.000613
all_taxa	Topsy-Turvy	Structural	AC:000661	0.625278
all_taxa	Topsy-Turvy	Structural	AC:000663	0.013905
all_taxa	Topsy-Turvy	Structural	AC:000664	0.629349
all_taxa	Topsy-Turvy	Structural	AC:000666	0.63037
all_taxa	Topsy-Turvy	Structural	AC:000667	0.143762
all_taxa	Topsy-Turvy	Structural	AC:000669	0.499673
all_taxa	Topsy-Turvy	Structural	AC:000670	0.328712
all_taxa	Topsy-Turvy	Structural	AC:000671	0.555913
all_taxa	Topsy-Turvy	Structural	AC:000672	0.26143
all_taxa	Topsy-Turvy	Structural	AC:000673	0.172581
all_taxa	Topsy-Turvy	Structural	AC:000675	0.559805
all_taxa	Topsy-Turvy	Structural	AC:000676	0.343105
all_taxa	Topsy-Turvy	Structural	AC:000677	0.124426
all_taxa	Topsy-Turvy	Structural	AC:000678	0.209874
all_taxa	Topsy-Turvy	Structural	AC:000680	0.79653
all_taxa	Topsy-Turvy	Structural	AC:000681	0.458022
all_taxa	Topsy-Turvy	Structural	AC:000682	0.494783
all_taxa	Topsy-Turvy	Structural	AC:000683	0.042302
all_taxa	Topsy-Turvy	Structural	AC:000685	0.634319
all_taxa	Topsy-Turvy	Structural	AC:000686	0.44714
all_taxa	Topsy-Turvy	Structural	AC:000689	0.641951
all_taxa	Topsy-Turvy	Structural	AC:000690	0.126871
all_taxa	Topsy-Turvy	Structural	AC:000691	0.497293
all_taxa	Topsy-Turvy	Structural	AC:000692	6.2e-05
all_taxa	Topsy-Turvy	Structural	AC:000693	0.111488
all_taxa	Topsy-Turvy	Structural	AC:000694	0.455093
all_taxa	Topsy-Turvy	Structural	AC:000695	0.076091
all_taxa	Topsy-Turvy	Structural	AC:000696	0.469432
all_taxa	Topsy-Turvy	Structural	AC:000697	0.64277
all_taxa	Topsy-Turvy	Structural	AC:000698	0.650755
all_taxa	Topsy-Turvy	Structural	AC:000699	0.499584
all_taxa	Topsy-Turvy	Structural	AC:000700	0.551601
all_taxa	Topsy-Turvy	Structural	AC:000701	0.387224
all_taxa	Topsy-Turvy	Structural	AC:000702	0.498308
all_taxa	Topsy-Turvy	Structural	AC:000703	0.000493
all_taxa	Topsy-Turvy	Structural	AC:000704	0.173305
all_taxa	Topsy-Turvy	Structural	AC:000705	0.775275
all_taxa	Topsy-Turvy	Structural	AC:000706	0.820084
all_taxa	Topsy-Turvy	Structural	AC:000709	0.081323
all_taxa	Topsy-Turvy	Structural	AC:000710	0.630956
all_taxa	Topsy-Turvy	Structural	AC:000713	0.554302
all_taxa	Topsy-Turvy	Structural	AC:000717	0.795129
all_taxa	Topsy-Turvy	Structural	AC:000719	0.431708
all_taxa	Topsy-Turvy	Structural	AC:000720	0.730443
all_taxa	Topsy-Turvy	Structural	AC:000721	0.079834
all_taxa	Topsy-Turvy	Structural	AC:000723	0.737727
all_taxa	Topsy-Turvy	Structural	AC:000724	0.518722
all_taxa	Topsy-Turvy	Structural	AC:000725	0.812313
all_taxa	Topsy-Turvy	Structural	AC:000726	0.000142
all_taxa	Topsy-Turvy	Structural	AC:000727	0.316824
all_taxa	Topsy-Turvy	Structural	AC:000728	0.649972
all_taxa	Topsy-Turvy	Structural	AC:000730	0.815066
all_taxa	Topsy-Turvy	Structural	AC:000731	0.024808
all_taxa	Topsy-Turvy	Structural	AC:000732	0.67443
all_taxa	Topsy-Turvy	Structural	AC:000733	0.294665
all_taxa	Topsy-Turvy	Structural	AC:000734	0.497656
all_taxa	Topsy-Turvy	Structural	AC:000737	0.115749
all_taxa	Topsy-Turvy	Structural	AC:000738	0.835802
all_taxa	Topsy-Turvy	Structural	AC:000739	0.40903
all_taxa	Topsy-Turvy	Structural	AC:000740	0.011111
all_taxa	Topsy-Turvy	Structural	AC:000741	0.787256
all_taxa	Topsy-Turvy	Structural	AC:000742	0.040241
all_taxa	Topsy-Turvy	Structural	AC:000744	0.065159
all_taxa	Topsy-Turvy	Structural	AC:000746	0.620684
all_taxa	Topsy-Turvy	Structural	AC:000747	0.689395
all_taxa	Topsy-Turvy	Structural	AC:000748	0.721719
all_taxa	Topsy-Turvy	Structural	AC:000749	0.105279
all_taxa	Topsy-Turvy	Structural	AC:000750	0.754146
all_taxa	Topsy-Turvy	Structural	AC:000751	0.060748
all_taxa	Topsy-Turvy	Structural	AC:000752	0.040837
all_taxa	Topsy-Turvy	Structural	AC:000753	0.49427
all_taxa	Topsy-Turvy	Structural	AC:000754	0.083516
all_taxa	Topsy-Turvy	Structural	AC:000755	0.200798
all_taxa	Topsy-Turvy	Structural	AC:000756	0.748994
all_taxa	Topsy-Turvy	Structural	AC:000757	0.815374
all_taxa	Topsy-Turvy	Structural	AC:000758	0.623191
all_taxa	Topsy-Turvy	Structural	AC:000759	0.609073
all_taxa	Topsy-Turvy	Structural	AC:000760	0.410019
all_taxa	Topsy-Turvy	Structural	AC:000761	0.846046
all_taxa	Topsy-Turvy	Structural	AC:000762	0.604146
all_taxa	Topsy-Turvy	Structural	AC:000763	0.584843
all_taxa	Topsy-Turvy	Structural	AC:000764	0.042435
all_taxa	Topsy-Turvy	Structural	AC:000765	0.641237
all_taxa	Topsy-Turvy	Structural	AC:000766	0.192909
all_taxa	Topsy-Turvy	Structural	AC:000768	0.330048
all_taxa	Topsy-Turvy	Structural	AC:000769	0.754639
all_taxa	Topsy-Turvy	Structural	AC:000770	0.25558
all_taxa	Topsy-Turvy	Structural	AC:000771	0.269985
all_taxa	Topsy-Turvy	Structural	AC:000772	0.482846
all_taxa	Topsy-Turvy	Structural	AC:000773	0.688114
all_taxa	Topsy-Turvy	Structural	AC:000774	0.004123
all_taxa	Topsy-Turvy	Structural	AC:000776	0.741832
all_taxa	Topsy-Turvy	Structural	AC:000777	0.622439
all_taxa	Topsy-Turvy	Structural	AC:000778	0.200376
all_taxa	Topsy-Turvy	Structural	AC:000779	0.660186
all_taxa	Topsy-Turvy	Structural	AC:000780	0.000136
all_taxa	Topsy-Turvy	Structural	AC:000781	0.731133
all_taxa	Topsy-Turvy	Structural	AC:000782	0.479572
all_taxa	Topsy-Turvy	Structural	AC:000783	0.139563
all_taxa	Topsy-Turvy	Structural	AC:000784	0.333347
all_taxa	Topsy-Turvy	Structural	AC:000785	0.026096
all_taxa	Topsy-Turvy	Structural	AC:000786	0.735169
all_taxa	Topsy-Turvy	Structural	AC:000787	0.134285
all_taxa	Topsy-Turvy	Structural	AC:000788	0.623635
all_taxa	Topsy-Turvy	Structural	AC:000789	0.758816
all_taxa	Topsy-Turvy	Structural	AC:000790	0.790229
all_taxa	Topsy-Turvy	Structural	AC:000792	0.33725
all_taxa	Topsy-Turvy	Structural	AC:000793	0.867363
all_taxa	Topsy-Turvy	Structural	AC:000794	0.746702
all_taxa	Topsy-Turvy	Structural	AC:000795	0.865417
all_taxa	Topsy-Turvy	Structural	AC:000796	0.123738
all_taxa	Topsy-Turvy	Structural	AC:000797	0.696304
all_taxa	Topsy-Turvy	Structural	AC:000798	0.647807
all_taxa	Topsy-Turvy	Structural	AC:000799	0.804353
all_taxa	Topsy-Turvy	Structural	AC:000800	0.498929
all_taxa	Topsy-Turvy	Structural	AC:000801	0.64782
all_taxa	Topsy-Turvy	Structural	AC:000802	0.647408
all_taxa	Topsy-Turvy	Structural	AC:000803	0.735794
all_taxa	Topsy-Turvy	Structural	AC:000804	0.125123
all_taxa	Topsy-Turvy	Structural	AC:000805	0.34452
all_taxa	Topsy-Turvy	Structural	AC:000806	0.291913
all_taxa	Topsy-Turvy	Structural	AC:000807	0.711314
all_taxa	Topsy-Turvy	Structural	AC:000808	0.304544
all_taxa	Topsy-Turvy	Structural	AC:000809	0.48334
all_taxa	Topsy-Turvy	Structural	AC:000810	0.542695
all_taxa	Topsy-Turvy	Structural	AC:000811	0.107366
all_taxa	Topsy-Turvy	Structural	AC:000812	0.728058
all_taxa	Topsy-Turvy	Structural	AC:000813	0.703754
all_taxa	Topsy-Turvy	Structural	AC:000817	0.452641
all_taxa	Topsy-Turvy	Structural	AC:000818	0.700893
all_taxa	Topsy-Turvy	Structural	AC:000820	0.79938
all_taxa	Topsy-Turvy	Structural	AC:000821	0.643949
all_taxa	Topsy-Turvy	Structural	AC:000822	0.139969
all_taxa	Topsy-Turvy	Structural	AC:000823	0.000255
all_taxa	Topsy-Turvy	Structural	AC:000824	0.550023
all_taxa	Topsy-Turvy	Structural	AC:000825	0.389856
all_taxa	Topsy-Turvy	Structural	AC:000826	0.275182
all_taxa	Topsy-Turvy	Structural	AC:000827	0.827301
all_taxa	Topsy-Turvy	Structural	AC:000829	0.144469
all_taxa	Topsy-Turvy	Structural	AC:000830	0.043042
all_taxa	Topsy-Turvy	Structural	AC:000831	0.092677
all_taxa	Topsy-Turvy	Structural	AC:000832	0.041588
all_taxa	Topsy-Turvy	Structural	AC:000833	0.332284
all_taxa	Topsy-Turvy	Structural	AC:000834	0.071074
all_taxa	Topsy-Turvy	Structural	AC:000835	0.577025
all_taxa	Topsy-Turvy	Structural	AC:000836	0.398187
all_taxa	Topsy-Turvy	Structural	AC:000837	0.412175
all_taxa	Topsy-Turvy	Structural	AC:000838	0.014912
all_taxa	Topsy-Turvy	Structural	AC:000839	0.61339
all_taxa	Topsy-Turvy	Structural	AC:000841	0.057897
all_taxa	Topsy-Turvy	Structural	AC:000842	0.480453
all_taxa	Topsy-Turvy	Structural	AC:000844	0.499484
all_taxa	Topsy-Turvy	Structural	AC:000846	0.78537
all_taxa	Topsy-Turvy	Structural	AC:000847	0.428902
all_taxa	Topsy-Turvy	Structural	AC:000848	0.644675
all_taxa	Topsy-Turvy	Structural	AC:000849	0.470296
all_taxa	Topsy-Turvy	Structural	AC:000850	0.800656
all_taxa	Topsy-Turvy	Structural	AC:000851	0.179719
all_taxa	Topsy-Turvy	Structural	AC:000852	0.381857
all_taxa	Topsy-Turvy	Structural	AC:000853	0.002096
all_taxa	Topsy-Turvy	Structural	AC:000854	0.293374
all_taxa	Topsy-Turvy	Structural	AC:000855	0.652367
all_taxa	Topsy-Turvy	Structural	AC:000856	0.392189
all_taxa	Topsy-Turvy	Structural	AC:000857	0.679282
all_taxa	Topsy-Turvy	Structural	AC:000858	0.785599
all_taxa	Topsy-Turvy	Structural	AC:000859	0.085141
all_taxa	Topsy-Turvy	Structural	AC:000860	0.00428
all_taxa	Topsy-Turvy	Structural	AC:000861	0.716755
all_taxa	Topsy-Turvy	Structural	AC:000862	0.088121
all_taxa	Topsy-Turvy	Structural	AC:000863	0.145354
all_taxa	Topsy-Turvy	Structural	AC:000864	0.4486
all_taxa	Topsy-Turvy	Structural	AC:000867	0.249838
all_taxa	Topsy-Turvy	Structural	AC:000868	0.093355
all_taxa	Topsy-Turvy	Structural	AC:000869	0.126486
all_taxa	Topsy-Turvy	Structural	AC:000870	0.208802
all_taxa	Topsy-Turvy	Structural	AC:000872	0.872337
all_taxa	Topsy-Turvy	Structural	AC:000876	0.733444
all_taxa	Topsy-Turvy	Structural	AC:000877	0.498842
all_taxa	Topsy-Turvy	Structural	AC:000878	0.670002
all_taxa	Topsy-Turvy	Structural	AC:000879	0.700873
all_taxa	Topsy-Turvy	Structural	AC:000880	0.174022
all_taxa	Topsy-Turvy	Structural	AC:000881	0.650183
all_taxa	Topsy-Turvy	Structural	AC:000882	0.349065
all_taxa	Topsy-Turvy	Structural	AC:000883	0.497183
all_taxa	Topsy-Turvy	Structural	AC:000884	0.614681
all_taxa	Topsy-Turvy	Structural	AC:000885	0.579882
all_taxa	Topsy-Turvy	Structural	AC:000886	0.637104
all_taxa	Topsy-Turvy	Structural	AC:000887	0.658564
all_taxa	Topsy-Turvy	Structural	AC:000888	0.366749
all_taxa	Topsy-Turvy	Structural	AC:000889	0.505531
all_taxa	Topsy-Turvy	Structural	AC:000890	0.714837
all_taxa	Topsy-Turvy	Structural	AC:000891	0.297753
all_taxa	Topsy-Turvy	Structural	AC:000892	0.128679
all_taxa	Topsy-Turvy	Structural	AC:000893	4.4e-05
all_taxa	Topsy-Turvy	Structural	AC:000894	0.716808
all_taxa	Topsy-Turvy	Structural	AC:000895	0.526672
all_taxa	Topsy-Turvy	Structural	AC:000896	0.678489
all_taxa	Topsy-Turvy	Structural	AC:000897	0.102832
all_taxa	Topsy-Turvy	Structural	AC:000898	0.497822
all_taxa	Topsy-Turvy	Structural	AC:000899	0.497625
all_taxa	Topsy-Turvy	Structural	AC:000900	0.266123
all_taxa	Topsy-Turvy	Structural	AC:000901	0.143781
all_taxa	Topsy-Turvy	Structural	AC:000902	0.000784
all_taxa	Topsy-Turvy	Structural	AC:000903	0.623792
all_taxa	Topsy-Turvy	Structural	AC:000904	0.560727
all_taxa	Topsy-Turvy	Structural	AC:000905	0.636254
all_taxa	Topsy-Turvy	Structural	AC:000906	0.642195
all_taxa	Topsy-Turvy	Structural	AC:000908	0.605475
all_taxa	Topsy-Turvy	Structural	AC:000910	0.192683
all_taxa	Topsy-Turvy	Structural	AC:000911	0.439167
all_taxa	Topsy-Turvy	Structural	AC:000913	0.807475
all_taxa	Topsy-Turvy	Structural	AC:000914	0.67458
all_taxa	Topsy-Turvy	Structural	AC:000915	0.632236
all_taxa	Topsy-Turvy	Structural	AC:000917	0.202736
all_taxa	Topsy-Turvy	Structural	AC:000918	0.16905
all_taxa	Topsy-Turvy	Structural	AC:000919	0.036671
all_taxa	Topsy-Turvy	Structural	AC:000920	0.421472
all_taxa	Topsy-Turvy	Structural	AC:000921	0.731417
all_taxa	Topsy-Turvy	Structural	AC:000922	0.821568
all_taxa	Topsy-Turvy	Structural	AC:000923	0.670914
all_taxa	Topsy-Turvy	Structural	AC:000924	0.499452
all_taxa	Topsy-Turvy	Structural	AC:000925	0.283282
all_taxa	Topsy-Turvy	Structural	AC:000926	0.601781
all_taxa	Topsy-Turvy	Structural	AC:000927	0.202178
all_taxa	Topsy-Turvy	Structural	AC:000928	0.332066
all_taxa	Topsy-Turvy	Structural	AC:000930	0.529554
all_taxa	Topsy-Turvy	Structural	AC:000931	0.499356
all_taxa	Topsy-Turvy	Structural	AC:000932	0.648901
all_taxa	Topsy-Turvy	Structural	AC:000933	3.1e-05
all_taxa	Topsy-Turvy	Structural	AC:000934	0.031214
all_taxa	Topsy-Turvy	Structural	AC:000935	0.156332
all_taxa	Topsy-Turvy	Structural	AC:000936	0.131877
all_taxa	Topsy-Turvy	Structural	AC:000937	0.130728
all_taxa	Topsy-Turvy	Structural	AC:000938	0.806908
all_taxa	Topsy-Turvy	Structural	AC:000939	0.610142
all_taxa	Topsy-Turvy	Structural	AC:000940	0.740682
all_taxa	Topsy-Turvy	Structural	AC:000941	0.709328
all_taxa	Topsy-Turvy	Structural	AC:000942	0.561167
all_taxa	Topsy-Turvy	Structural	AC:000943	0.451038
all_taxa	Topsy-Turvy	Structural	AC:000944	0.399624
all_taxa	Topsy-Turvy	Structural	AC:000945	0.662081
all_taxa	Topsy-Turvy	Structural	AC:000946	0.543196
all_taxa	Topsy-Turvy	Structural	AC:000947	0.000669
all_taxa	Topsy-Turvy	Structural	AC:000948	0.25067
all_taxa	Topsy-Turvy	Structural	AC:000949	0.497648
all_taxa	Topsy-Turvy	Structural	AC:000950	0.634376
all_taxa	Topsy-Turvy	Structural	AC:000951	0.405121
all_taxa	Topsy-Turvy	Structural	AC:000952	0.144409
all_taxa	Topsy-Turvy	Structural	AC:000953	0.259866
all_taxa	Topsy-Turvy	Structural	AC:000954	0.740588
all_taxa	Topsy-Turvy	Structural	AC:000957	0.117387
all_taxa	Topsy-Turvy	Structural	AC:000958	0.568378
all_taxa	Topsy-Turvy	Structural	AC:000959	0.499623
all_taxa	Topsy-Turvy	Structural	AC:000960	0.410851
all_taxa	Topsy-Turvy	Structural	AC:000962	0.250055
all_taxa	Topsy-Turvy	Structural	AC:000963	0.020385
all_taxa	Topsy-Turvy	Structural	AC:000964	0.103844
all_taxa	Topsy-Turvy	Structural	AC:000965	0.326949
all_taxa	Topsy-Turvy	Structural	AC:000966	0.499438
all_taxa	Topsy-Turvy	Structural	AC:000968	0.489778
all_taxa	Topsy-Turvy	Structural	AC:000969	0.083724
all_taxa	Topsy-Turvy	Structural	AC:000970	0.189341
all_taxa	Topsy-Turvy	Structural	AC:000971	0.864531
all_taxa	Topsy-Turvy	Structural	AC:000973	0.599233
all_taxa	Topsy-Turvy	Structural	AC:000974	0.573768
all_taxa	Topsy-Turvy	Structural	AC:000975	0.000994
all_taxa	Topsy-Turvy	Structural	AC:000976	0.805743
all_taxa	Topsy-Turvy	Structural	AC:000978	0.674501
all_taxa	Topsy-Turvy	Structural	AC:000980	0.533633
all_taxa	Topsy-Turvy	Structural	AC:000981	0.000972
all_taxa	Topsy-Turvy	Structural	AC:000982	0.642213
all_taxa	Topsy-Turvy	Structural	AC:000983	0.762035
all_taxa	Topsy-Turvy	Structural	AC:000984	0.499289
all_taxa	Topsy-Turvy	Structural	AC:000986	0.647721
all_taxa	Topsy-Turvy	Structural	AC:000987	0.21122
all_taxa	Topsy-Turvy	Structural	AC:000988	1.1e-05
all_taxa	Topsy-Turvy	Structural	AC:000991	0.032819
all_taxa	Topsy-Turvy	Structural	AC:000992	0.650694
all_taxa	Topsy-Turvy	Structural	AC:000997	0.498801
all_taxa	Topsy-Turvy	Structural	AC:000999	0.498751
all_taxa	Topsy-Turvy	Structural	AC:001000	0.602809
all_taxa	Topsy-Turvy	Structural	AC:001001	0.306918
all_taxa	Topsy-Turvy	Structural	AC:001002	0.262175
all_taxa	Topsy-Turvy	Structural	AC:001003	0.49859
all_taxa	Topsy-Turvy	Structural	AC:001004	0.56112
all_taxa	Topsy-Turvy	Structural	AC:001006	0.69278
all_taxa	Topsy-Turvy	Structural	AC:001007	0.376029
all_taxa	Topsy-Turvy	Structural	AC:001008	0.476543
all_taxa	Topsy-Turvy	Structural	AC:001009	0.761399
all_taxa	Topsy-Turvy	Structural	AC:001010	0.78398
all_taxa	Topsy-Turvy	Structural	AC:001011	0.250384
all_taxa	Topsy-Turvy	Structural	AC:001012	0.616941
all_taxa	Topsy-Turvy	Structural	AC:001013	0.677288
all_taxa	Topsy-Turvy	Structural	AC:001014	0.786143
all_taxa	Topsy-Turvy	Structural	AC:001015	0.051834
all_taxa	Topsy-Turvy	Structural	AC:001016	0.00603
all_taxa	Topsy-Turvy	Structural	AC:001017	0.369649
all_taxa	Topsy-Turvy	Structural	AC:001018	0.688959
all_taxa	Topsy-Turvy	Structural	AC:001019	0.414585
all_taxa	Topsy-Turvy	Structural	AC:001023	0.201118
all_taxa	Topsy-Turvy	Structural	AC:001024	0.310579
all_taxa	Topsy-Turvy	Structural	AC:001025	0.333636
all_taxa	Topsy-Turvy	Structural	AC:001026	0.494824
all_taxa	Topsy-Turvy	Structural	AC:001028	0.71117
all_taxa	Topsy-Turvy	Structural	AC:001029	0.69371
all_taxa	Topsy-Turvy	Structural	AC:001032	0.562653
all_taxa	Topsy-Turvy	Structural	AC:001033	0.24776
all_taxa	Topsy-Turvy	Structural	AC:001034	0.066569
all_taxa	Topsy-Turvy	Structural	AC:001036	0.021981
all_taxa	Topsy-Turvy	Structural	AC:001038	0.200156
all_taxa	Topsy-Turvy	Structural	AC:001039	0.333029
all_taxa	Topsy-Turvy	Structural	AC:001042	0.501809
all_taxa	Topsy-Turvy	Structural	AC:001043	0.636291
all_taxa	Topsy-Turvy	Structural	AC:001044	0.249862
all_taxa	Topsy-Turvy	Structural	AC:001046	0.734191
all_taxa	Topsy-Turvy	Structural	AC:001047	0.693744
all_taxa	Topsy-Turvy	Structural	AC:001049	0.761736
all_taxa	Topsy-Turvy	Structural	AC:001050	0.730972
all_taxa	Topsy-Turvy	Structural	AC:001051	0.806738
all_taxa	Topsy-Turvy	Structural	AC:001052	0.609434
all_taxa	Topsy-Turvy	Structural	AC:001053	0.400075
all_taxa	Topsy-Turvy	Structural	AC:001054	0.174538
all_taxa	Topsy-Turvy	Structural	AC:001055	0.37347
all_taxa	Topsy-Turvy	Structural	AC:001056	0.296922
all_taxa	Topsy-Turvy	Structural	AC:001057	0.080898
all_taxa	Topsy-Turvy	Structural	AC:001058	0.36916
all_taxa	Topsy-Turvy	Structural	AC:001059	0.143884
all_taxa	Topsy-Turvy	Structural	AC:001061	0.009686
all_taxa	Topsy-Turvy	Structural	AC:001062	0.345219
all_taxa	Topsy-Turvy	Structural	AC:001063	0.49672
all_taxa	Topsy-Turvy	Structural	AC:001064	0.725027
all_taxa	Topsy-Turvy	Structural	AC:001065	0.367837
all_taxa	Topsy-Turvy	Structural	AC:001066	0.598791
all_taxa	Topsy-Turvy	Structural	AC:001067	0.670686
all_taxa	Topsy-Turvy	Structural	AC:001068	0.3662
all_taxa	Topsy-Turvy	Structural	AC:001069	0.486818
all_taxa	Topsy-Turvy	Structural	AC:001070	0.696931
all_taxa	Topsy-Turvy	Structural	AC:001071	0.439098
all_taxa	Topsy-Turvy	Structural	AC:001072	0.781864
all_taxa	Topsy-Turvy	Structural	AC:001073	0.633803
all_taxa	Topsy-Turvy	Structural	AC:001075	0.706182
all_taxa	Topsy-Turvy	Structural	AC:001076	0.647628
all_taxa	Topsy-Turvy	Structural	AC:001077	0.49771
all_taxa	Topsy-Turvy	Structural	AC:001078	0.495938
all_taxa	Topsy-Turvy	Structural	AC:001079	0.02162
all_taxa	Topsy-Turvy	Structural	AC:001080	0.137415
all_taxa	Topsy-Turvy	Structural	AC:001081	0.368567
all_taxa	Topsy-Turvy	Structural	AC:001082	0.646145
all_taxa	Topsy-Turvy	Structural	AC:001083	0.716217
all_taxa	Topsy-Turvy	Structural	AC:001084	0.668565
all_taxa	Topsy-Turvy	Structural	AC:001085	0.536436
all_taxa	Topsy-Turvy	Structural	AC:001087	0.773894
all_taxa	Topsy-Turvy	Structural	AC:001088	0.095254
all_taxa	Topsy-Turvy	Structural	AC:001090	0.400113
all_taxa	Topsy-Turvy	Structural	AC:001091	0.106603
all_taxa	Topsy-Turvy	Structural	AC:001092	0.203231
all_taxa	Topsy-Turvy	Structural	AC:001094	0.117726
all_taxa	Topsy-Turvy	Structural	AC:001095	0.652844
all_taxa	Topsy-Turvy	Structural	AC:001096	0.026202
all_taxa	Topsy-Turvy	Structural	AC:001097	0.499675
all_taxa	Topsy-Turvy	Structural	AC:001098	0.394808
all_taxa	Topsy-Turvy	Structural	AC:001100	0.791679
all_taxa	Topsy-Turvy	Structural	AC:001103	0.252689
all_taxa	Topsy-Turvy	Structural	AC:001104	0.001935
all_taxa	Topsy-Turvy	Structural	AC:001105	0.095702
all_taxa	Topsy-Turvy	Structural	AC:001106	0.509075
all_taxa	Topsy-Turvy	Structural	AC:001107	0.780009
all_taxa	Topsy-Turvy	Structural	AC:001109	0.000359
all_taxa	Topsy-Turvy	Structural	AC:001110	0.611448
all_taxa	Topsy-Turvy	Structural	AC:001111	0.104193
all_taxa	Topsy-Turvy	Structural	AC:001112	0.415013
all_taxa	Topsy-Turvy	Structural	AC:001113	0.219259
all_taxa	Topsy-Turvy	Structural	AC:001114	0.79005
all_taxa	Topsy-Turvy	Structural	AC:001116	0.734517
all_taxa	Topsy-Turvy	Structural	AC:001117	0.733551
all_taxa	Topsy-Turvy	Structural	AC:001118	0.678108
all_taxa	Topsy-Turvy	Structural	AC:001119	0.093329
all_taxa	Topsy-Turvy	Structural	AC:001120	0.505265
all_taxa	Topsy-Turvy	Structural	AC:001121	0.67093
all_taxa	Topsy-Turvy	Structural	AC:001123	0.540026
all_taxa	Topsy-Turvy	Structural	AC:001125	0.035027
all_taxa	Topsy-Turvy	Structural	AC:001126	0.817735
all_taxa	Topsy-Turvy	Structural	AC:001128	0.664842
all_taxa	Topsy-Turvy	Structural	AC:001129	0.245193
all_taxa	Topsy-Turvy	Structural	AC:001130	0.646531
all_taxa	Topsy-Turvy	Structural	AC:001131	0.145688
all_taxa	Topsy-Turvy	Structural	AC:001132	0.723641
all_taxa	Topsy-Turvy	Structural	AC:001134	0.121019
all_taxa	Topsy-Turvy	Structural	AC:001135	0.61987
all_taxa	Topsy-Turvy	Structural	AC:001136	0.149219
all_taxa	Topsy-Turvy	Structural	AC:001137	0.825732
all_taxa	Topsy-Turvy	Structural	AC:001138	0.698546
all_taxa	Topsy-Turvy	Structural	AC:001140	0.732851
all_taxa	Topsy-Turvy	Structural	AC:001141	0.498825
all_taxa	Topsy-Turvy	Structural	AC:001142	0.328966
all_taxa	Topsy-Turvy	Structural	AC:001143	0.204663
all_taxa	Topsy-Turvy	Structural	AC:001145	0.520516
all_taxa	Topsy-Turvy	Structural	AC:001147	0.651396
all_taxa	Topsy-Turvy	Structural	AC:001148	0.494925
all_taxa	Topsy-Turvy	Structural	AC:001149	0.380944
all_taxa	Topsy-Turvy	Structural	AC:001150	3.4e-05
all_taxa	Topsy-Turvy	Structural	AC:001151	0.498872
all_taxa	Topsy-Turvy	Structural	AC:001153	0.036868
all_taxa	Topsy-Turvy	Structural	AC:001154	0.723886
all_taxa	Topsy-Turvy	Structural	AC:001155	0.414536
all_taxa	Topsy-Turvy	Structural	AC:001157	0.202497
all_taxa	Topsy-Turvy	Structural	AC:001158	0.116094
all_taxa	Topsy-Turvy	Structural	AC:001159	0.803142
all_taxa	Topsy-Turvy	Structural	AC:001160	0.549899
all_taxa	Topsy-Turvy	Structural	AC:001162	0.38432
all_taxa	Topsy-Turvy	Structural	AC:001163	0.74411
all_taxa	Topsy-Turvy	Structural	AC:001164	0.528918
all_taxa	Topsy-Turvy	Structural	AC:001165	0.499232
all_taxa	Topsy-Turvy	Structural	AC:001166	0.467142
all_taxa	Topsy-Turvy	Structural	AC:001167	0.091957
all_taxa	Topsy-Turvy	Structural	AC:001168	0.499257
all_taxa	Topsy-Turvy	Structural	AC:001169	0.81743
all_taxa	Topsy-Turvy	Structural	AC:001170	0.750977
all_taxa	Topsy-Turvy	Structural	AC:001171	0.05902
all_taxa	Topsy-Turvy	Structural	AC:001172	0.738792
all_taxa	Topsy-Turvy	Structural	AC:001173	0.176413
all_taxa	Topsy-Turvy	Structural	AC:001174	0.280521
all_taxa	Topsy-Turvy	Structural	AC:001176	0.350171
all_taxa	Topsy-Turvy	Structural	AC:001177	0.138834
all_taxa	Topsy-Turvy	Structural	AC:001178	0.052093
all_taxa	Topsy-Turvy	Structural	AC:001179	0.661512
all_taxa	Topsy-Turvy	Structural	AC:001180	0.142865
all_taxa	Topsy-Turvy	Structural	AC:001181	0.738741
all_taxa	Topsy-Turvy	Structural	AC:001183	0.74543
all_taxa	Topsy-Turvy	Structural	AC:001184	0.597699
all_taxa	Topsy-Turvy	Structural	AC:001185	0.141177
all_taxa	Topsy-Turvy	Structural	AC:001186	0.433935
all_taxa	Topsy-Turvy	Structural	AC:001187	0.266699
all_taxa	Topsy-Turvy	Structural	AC:001188	0.619309
all_taxa	Topsy-Turvy	Structural	AC:001189	0.502359
all_taxa	Topsy-Turvy	Structural	AC:001190	0.096559
all_taxa	Topsy-Turvy	Structural	AC:001191	0.165204
all_taxa	Topsy-Turvy	Structural	AC:001192	0.167991
all_taxa	Topsy-Turvy	Structural	AC:001194	0.657103
all_taxa	Topsy-Turvy	Structural	AC:001195	0.300836
all_taxa	Topsy-Turvy	Structural	AC:001196	0.773712
all_taxa	Topsy-Turvy	Structural	AC:001197	0.395331
all_taxa	Topsy-Turvy	Structural	AC:001198	0.779355
all_taxa	Topsy-Turvy	Structural	AC:001199	0.716683
all_taxa	Topsy-Turvy	Structural	AC:001200	0.639366
all_taxa	Topsy-Turvy	Structural	AC:001201	0.251943
all_taxa	Topsy-Turvy	Structural	AC:001202	0.656142
all_taxa	Topsy-Turvy	Structural	AC:001203	0.095574
all_taxa	Topsy-Turvy	Structural	AC:001204	0.0011
all_taxa	Topsy-Turvy	Structural	AC:001206	0.787982
all_taxa	Topsy-Turvy	Structural	AC:001207	0.077491
all_taxa	Topsy-Turvy	Structural	AC:001209	0.385173
all_taxa	Topsy-Turvy	Structural	AC:001211	0.300588
all_taxa	Topsy-Turvy	Structural	AC:001213	0.499167
all_taxa	Topsy-Turvy	Structural	AC:001214	0.481964
all_taxa	Topsy-Turvy	Structural	AC:001215	0.113909
all_taxa	Topsy-Turvy	Structural	AC:001216	0.246102
all_taxa	Topsy-Turvy	Structural	AC:001218	0.640367
all_taxa	Topsy-Turvy	Structural	AC:001219	0.261021
all_taxa	Topsy-Turvy	Structural	AC:001220	0.527492
all_taxa	Topsy-Turvy	Structural	AC:001221	0.001464
all_taxa	Topsy-Turvy	Structural	AC:001222	0.697997
all_taxa	Topsy-Turvy	Structural	AC:001223	0.043098
all_taxa	Topsy-Turvy	Structural	AC:001225	0.10592
all_taxa	Topsy-Turvy	Structural	AC:001228	0.00086
all_taxa	Topsy-Turvy	Structural	AC:001229	0.008152
all_taxa	Topsy-Turvy	Structural	AC:001230	0.612057
all_taxa	Topsy-Turvy	Structural	AC:001231	0.468967
all_taxa	Topsy-Turvy	Structural	AC:001232	0.282658
all_taxa	Topsy-Turvy	Structural	AC:001233	0.762009
all_taxa	Topsy-Turvy	Structural	AC:001234	0.636663
all_taxa	Topsy-Turvy	Structural	AC:001235	0.033594
all_taxa	Topsy-Turvy	Structural	AC:001237	0.606004
all_taxa	Topsy-Turvy	Structural	AC:001238	0.668576
all_taxa	Topsy-Turvy	Structural	AC:001239	0.640765
all_taxa	Topsy-Turvy	Structural	AC:001240	0.459823
all_taxa	Topsy-Turvy	Structural	AC:001241	0.022622
all_taxa	Topsy-Turvy	Structural	AC:001243	0.063098
all_taxa	Topsy-Turvy	Structural	AC:001244	0.438474
all_taxa	Topsy-Turvy	Structural	AC:001245	0.261413
all_taxa	Topsy-Turvy	Structural	AC:001246	0.634711
all_taxa	Topsy-Turvy	Structural	AC:001247	0.038841
all_taxa	Topsy-Turvy	Structural	AC:001249	0.777824
all_taxa	Topsy-Turvy	Structural	AC:001250	0.544821
all_taxa	Topsy-Turvy	Structural	AC:001251	0.000531
all_taxa	Topsy-Turvy	Structural	AC:001252	0.008618
all_taxa	Topsy-Turvy	Structural	AC:001253	0.668544
all_taxa	Topsy-Turvy	Structural	AC:001256	0.25002
all_taxa	Topsy-Turvy	Structural	AC:001257	0.663231
all_taxa	Topsy-Turvy	Structural	AC:001258	0.705667
all_taxa	Topsy-Turvy	Structural	AC:001260	0.318945
all_taxa	Topsy-Turvy	Structural	AC:001261	0.652793
all_taxa	Topsy-Turvy	Structural	AC:001262	0.053645
all_taxa	Topsy-Turvy	Structural	AC:001263	0.849918
all_taxa	Topsy-Turvy	Structural	AC:001264	0.002543
all_taxa	Topsy-Turvy	Structural	AC:001265	0.584996
all_taxa	Topsy-Turvy	Structural	AC:001266	0.642148
all_taxa	Topsy-Turvy	Structural	AC:001267	0.298457
all_taxa	Topsy-Turvy	Structural	AC:001269	0.057203
all_taxa	Topsy-Turvy	Structural	AC:001270	0.597638
all_taxa	Topsy-Turvy	Structural	AC:001271	0.498652
all_taxa	Topsy-Turvy	Structural	AC:001272	0.471443
all_taxa	Topsy-Turvy	Structural	AC:001273	0.53566
all_taxa	Topsy-Turvy	Structural	AC:001274	0.151797
all_taxa	Topsy-Turvy	Structural	AC:001275	0.646902
all_taxa	Topsy-Turvy	Structural	AC:001276	0.791519
all_taxa	Topsy-Turvy	Structural	AC:001277	0.27559
all_taxa	Topsy-Turvy	Structural	AC:001278	3e-06
all_taxa	Topsy-Turvy	Structural	AC:001279	0.276408
all_taxa	Topsy-Turvy	Structural	AC:001281	0.427042
all_taxa	Topsy-Turvy	Structural	AC:001282	0.627575
all_taxa	Topsy-Turvy	Structural	AC:001283	0.498887
all_taxa	Topsy-Turvy	Structural	AC:001286	0.366482
all_taxa	Topsy-Turvy	Structural	AC:001288	0.658055
all_taxa	Topsy-Turvy	Structural	AC:001290	0.250267
all_taxa	Topsy-Turvy	Structural	AC:001291	0.050392
all_taxa	Topsy-Turvy	Structural	AC:001292	0.710114
all_taxa	Topsy-Turvy	Structural	AC:001293	0.687131
all_taxa	Topsy-Turvy	Structural	AC:001295	0.519687
all_taxa	Topsy-Turvy	Structural	AC:001296	0.824725
all_taxa	Topsy-Turvy	Structural	AC:001298	0.828464
all_taxa	Topsy-Turvy	Structural	AC:001299	0.00173
all_taxa	Topsy-Turvy	Structural	AC:001301	0.653457
all_taxa	Topsy-Turvy	Structural	AC:001302	0.280164
all_taxa	Topsy-Turvy	Structural	AC:001303	0.658426
all_taxa	Topsy-Turvy	Structural	AC:001304	0.000695
all_taxa	Topsy-Turvy	Structural	AC:001305	0.545943
all_taxa	Topsy-Turvy	Structural	AC:001306	0.591608
all_taxa	Topsy-Turvy	Structural	AC:001307	0.211713
all_taxa	Topsy-Turvy	Structural	AC:001308	0.660284
all_taxa	Topsy-Turvy	Structural	AC:001309	0.863496
all_taxa	Topsy-Turvy	Structural	AC:001310	0.114848
all_taxa	Topsy-Turvy	Structural	AC:001311	0.223617
all_taxa	Topsy-Turvy	Structural	AC:001312	0.698383
all_taxa	Topsy-Turvy	Structural	AC:001313	0.499413
all_taxa	Topsy-Turvy	Structural	AC:001314	0.635983
all_taxa	Topsy-Turvy	Structural	AC:001316	0.416534
all_taxa	Topsy-Turvy	Structural	AC:001317	0.831352
all_taxa	Topsy-Turvy	Structural	AC:001318	0.123731
all_taxa	Topsy-Turvy	Structural	AC:001319	0.823041
all_taxa	Topsy-Turvy	Structural	AC:001323	0.53366
all_taxa	Topsy-Turvy	Structural	AC:001324	0.242274
all_taxa	Topsy-Turvy	Structural	AC:001326	0.763333
all_taxa	Topsy-Turvy	Structural	AC:001327	0.513025
all_taxa	Topsy-Turvy	Structural	AC:001328	0.033761
all_taxa	Topsy-Turvy	Structural	AC:001329	0.006069
all_taxa	Topsy-Turvy	Structural	AC:001330	0.826777
all_taxa	Topsy-Turvy	Structural	AC:001331	0.497317
all_taxa	Topsy-Turvy	Structural	AC:001332	0.150101
all_taxa	Topsy-Turvy	Structural	AC:001333	0.530788
all_taxa	Topsy-Turvy	Structural	AC:001335	0.544383
all_taxa	Topsy-Turvy	Structural	AC:001336	0.647214
all_taxa	Topsy-Turvy	Structural	AC:001337	0.468693
all_taxa	Topsy-Turvy	Structural	AC:001338	0.694227
all_taxa	Topsy-Turvy	Structural	AC:001339	0.008599
all_taxa	Topsy-Turvy	Structural	AC:001340	0.208969
all_taxa	Topsy-Turvy	Structural	AC:001341	0.360184
all_taxa	Topsy-Turvy	Structural	AC:001342	0.663039
all_taxa	Topsy-Turvy	Structural	AC:001343	0.499431
all_taxa	Topsy-Turvy	Structural	AC:001344	0.336074
all_taxa	Topsy-Turvy	Structural	AC:001345	0.619985
all_taxa	Topsy-Turvy	Structural	AC:001346	0.677415
all_taxa	Topsy-Turvy	Structural	AC:001347	0.143817
all_taxa	Topsy-Turvy	Structural	AC:001349	0.671114
all_taxa	Topsy-Turvy	Structural	AC:001350	0.76974
all_taxa	Topsy-Turvy	Structural	AC:001351	0.833546
all_taxa	Topsy-Turvy	Structural	AC:001353	0.129852
all_taxa	Topsy-Turvy	Structural	AC:001354	0.000208
all_taxa	Topsy-Turvy	Structural	AC:001355	0.498703
all_taxa	Topsy-Turvy	Structural	AC:001356	0.713332
all_taxa	Topsy-Turvy	Structural	AC:001357	0.713298
all_taxa	Topsy-Turvy	Structural	AC:001358	0.31983
all_taxa	Topsy-Turvy	Structural	AC:001359	0.346253
all_taxa	Topsy-Turvy	Structural	AC:001360	0.142494
all_taxa	Topsy-Turvy	Structural	AC:001361	0.721665
all_taxa	Topsy-Turvy	Structural	AC:001362	0.040583
all_taxa	Topsy-Turvy	Structural	AC:001363	0.694098
all_taxa	Topsy-Turvy	Structural	AC:001364	0.078864
all_taxa	Topsy-Turvy	Structural	AC:001365	0.549897
all_taxa	Topsy-Turvy	Structural	AC:001366	0.197501
all_taxa	Topsy-Turvy	Structural	AC:001367	0.674956
all_taxa	Topsy-Turvy	Structural	AC:001368	0.83326
all_taxa	Topsy-Turvy	Structural	AC:001369	1.3e-05
all_taxa	Topsy-Turvy	Structural	AC:001370	0.769757
all_taxa	Topsy-Turvy	Structural	AC:001372	0.066931
all_taxa	Topsy-Turvy	Structural	AC:001373	0.021186
all_taxa	Topsy-Turvy	Structural	AC:001374	0.661095
all_taxa	Topsy-Turvy	Structural	AC:001375	0.114925
all_taxa	Topsy-Turvy	Structural	AC:001376	0.002169
all_taxa	Topsy-Turvy	Structural	AC:001377	0.496951
all_taxa	Topsy-Turvy	Structural	AC:001378	0.650036
all_taxa	Topsy-Turvy	Structural	AC:001379	0.67037
all_taxa	Topsy-Turvy	Structural	AC:001380	0.084502
all_taxa	Topsy-Turvy	Structural	AC:001382	0.784248
all_taxa	Topsy-Turvy	Structural	AC:001383	0.15535
all_taxa	Topsy-Turvy	Structural	AC:001384	0.65973
all_taxa	Topsy-Turvy	Structural	AC:001385	0.518304
all_taxa	Topsy-Turvy	Structural	AC:001386	0.679863
all_taxa	Topsy-Turvy	Structural	AC:001387	0.538084
all_taxa	Topsy-Turvy	Structural	AC:001388	0.7566
all_taxa	Topsy-Turvy	Structural	AC:001389	0.345154
all_taxa	Topsy-Turvy	Structural	AC:001390	0.641245
all_taxa	Topsy-Turvy	Structural	AC:001391	0.783761
all_taxa	Topsy-Turvy	Structural	AC:001392	0.517831
all_taxa	Topsy-Turvy	Structural	AC:001393	0.405875
all_taxa	Topsy-Turvy	Structural	AC:001396	0.679535
all_taxa	Topsy-Turvy	Structural	AC:001397	0.701411
all_taxa	Topsy-Turvy	Structural	AC:001399	0.748136
all_taxa	Topsy-Turvy	Structural	AC:001400	0.285342
all_taxa	Topsy-Turvy	Structural	AC:001402	0.735209
all_taxa	Topsy-Turvy	Structural	AC:001403	0.763105
all_taxa	Topsy-Turvy	Structural	AC:001404	0.760306
all_taxa	Topsy-Turvy	Structural	AC:001405	0.813379
all_taxa	Topsy-Turvy	Structural	AC:001407	0.166889
all_taxa	Topsy-Turvy	Structural	AC:001408	0.725227
all_taxa	Topsy-Turvy	Structural	AC:001410	0.135577
all_taxa	Topsy-Turvy	Structural	AC:001411	0.680462
all_taxa	Topsy-Turvy	Structural	AC:001413	0.495467
all_taxa	Topsy-Turvy	Structural	AC:001415	0.640565
all_taxa	Topsy-Turvy	Structural	AC:001416	0.650034
all_taxa	Topsy-Turvy	Structural	AC:001417	0.49787
all_taxa	Topsy-Turvy	Structural	AC:001418	0.756863
all_taxa	Topsy-Turvy	Structural	AC:001419	0.713885
all_taxa	Topsy-Turvy	Structural	AC:001421	0.744643
all_taxa	Topsy-Turvy	Structural	AC:001422	0.578337
all_taxa	Topsy-Turvy	Structural	AC:001423	0.00021
all_taxa	Topsy-Turvy	Structural	AC:001425	0.522682
all_taxa	Topsy-Turvy	Structural	AC:001426	0.628846
all_taxa	Topsy-Turvy	Structural	AC:001427	0.394414
all_taxa	Topsy-Turvy	Structural	AC:001428	0.728693
all_taxa	Topsy-Turvy	Structural	AC:001429	0.027424
all_taxa	Topsy-Turvy	Structural	AC:001430	0.661927
all_taxa	Topsy-Turvy	Structural	AC:001432	0.838622
all_taxa	Topsy-Turvy	Structural	AC:001436	0.486733
all_taxa	Topsy-Turvy	Structural	AC:001439	0.687699
all_taxa	Topsy-Turvy	Structural	AC:001440	0.707314
all_taxa	Topsy-Turvy	Structural	AC:001442	0.000616
all_taxa	Topsy-Turvy	Structural	AC:001445	0.393198
all_taxa	Topsy-Turvy	Structural	AC:001446	0.490534
all_taxa	Topsy-Turvy	Structural	AC:001447	0.349973
all_taxa	Topsy-Turvy	Structural	AC:001448	0.111211
all_taxa	Topsy-Turvy	Structural	AC:001449	0.012479
all_taxa	Topsy-Turvy	Structural	AC:001450	0.143372
all_taxa	Topsy-Turvy	Structural	AC:001451	0.458979
all_taxa	Topsy-Turvy	Structural	AC:001452	0.799364
all_taxa	Topsy-Turvy	Structural	AC:001454	0.823432
all_taxa	Topsy-Turvy	Structural	AC:001455	0.479328
all_taxa	Topsy-Turvy	Structural	AC:001456	0.502073
all_taxa	Topsy-Turvy	Structural	AC:001457	0.727316
all_taxa	Topsy-Turvy	Structural	AC:001458	0.764708
all_taxa	Topsy-Turvy	Structural	AC:001459	0.015059
all_taxa	Topsy-Turvy	Structural	AC:001460	0.501956
all_taxa	Topsy-Turvy	Structural	AC:001461	0.560789
all_taxa	Topsy-Turvy	Structural	AC:001462	0.264858
all_taxa	Topsy-Turvy	Structural	AC:001464	0.462834
all_taxa	Topsy-Turvy	Structural	AC:001465	0.168606
all_taxa	Topsy-Turvy	Structural	AC:001466	0.512646
all_taxa	Topsy-Turvy	Structural	AC:001467	0.003649
all_taxa	Topsy-Turvy	Structural	AC:001469	0.857546
all_taxa	Topsy-Turvy	Structural	AC:001471	0.842726
all_taxa	Topsy-Turvy	Structural	AC:001472	0.654796
all_taxa	Topsy-Turvy	Structural	AC:001473	0.398204
all_taxa	Topsy-Turvy	Structural	AC:001475	0.000535
all_taxa	Topsy-Turvy	Structural	AC:001476	0.49793
all_taxa	Topsy-Turvy	Structural	AC:001477	0.074322
all_taxa	Topsy-Turvy	Structural	AC:001478	0.773614
all_taxa	Topsy-Turvy	Structural	AC:001479	0.17675
all_taxa	Topsy-Turvy	Structural	AC:001480	0.731483
all_taxa	Topsy-Turvy	Structural	AC:001481	0.055464
all_taxa	Topsy-Turvy	Structural	AC:001482	0.668889
all_taxa	Topsy-Turvy	Structural	AC:001483	0.340164
all_taxa	Topsy-Turvy	Structural	AC:001484	0.498425
all_taxa	Topsy-Turvy	Structural	AC:001485	0.104134
all_taxa	Topsy-Turvy	Structural	AC:001486	0.659446
all_taxa	Topsy-Turvy	Structural	AC:001487	0.358237
all_taxa	Topsy-Turvy	Structural	AC:001488	0.542164
all_taxa	Topsy-Turvy	Structural	AC:001489	0.498985
all_taxa	Topsy-Turvy	Structural	AC:001490	0.333147
all_taxa	Topsy-Turvy	Structural	AC:001491	0.480679
all_taxa	Topsy-Turvy	Structural	AC:001493	0.350999
all_taxa	Topsy-Turvy	Structural	AC:001494	0.543701
all_taxa	Topsy-Turvy	Structural	AC:001496	0.763801
all_taxa	Topsy-Turvy	Structural	AC:001497	0.746233
all_taxa	Topsy-Turvy	Structural	AC:001499	0.572583
all_taxa	Topsy-Turvy	Structural	AC:001500	0.147108
all_taxa	Topsy-Turvy	Structural	AC:001501	0.30317
all_taxa	Topsy-Turvy	Structural	AC:001502	0.618993
all_taxa	Topsy-Turvy	Structural	AC:001505	0.742025
all_taxa	Topsy-Turvy	Structural	AC:001507	0.09183
all_taxa	Topsy-Turvy	Structural	AC:001508	0.741564
all_taxa	Topsy-Turvy	Structural	AC:001509	0.1693
all_taxa	Topsy-Turvy	Structural	AC:001511	0.599558
all_taxa	Topsy-Turvy	Structural	AC:001512	0.592554
all_taxa	Topsy-Turvy	Structural	AC:001513	0.764049
all_taxa	Topsy-Turvy	Structural	AC:001515	0.653687
all_taxa	Topsy-Turvy	Structural	AC:001516	0.04407
all_taxa	Topsy-Turvy	Structural	AC:001517	0.092526
all_taxa	Topsy-Turvy	Structural	AC:001518	0.333225
all_taxa	Topsy-Turvy	Structural	AC:001521	0.359008
all_taxa	Topsy-Turvy	Structural	AC:001522	0.149382
all_taxa	Topsy-Turvy	Structural	AC:001523	0.048087
all_taxa	Topsy-Turvy	Structural	AC:001524	0.628542
all_taxa	Topsy-Turvy	Structural	AC:001525	0.749979
all_taxa	Topsy-Turvy	Structural	AC:001527	0.00337
all_taxa	Topsy-Turvy	Structural	AC:001528	0.588763
all_taxa	Topsy-Turvy	Structural	AC:001530	0.599563
all_taxa	Topsy-Turvy	Structural	AC:001531	0.628237
all_taxa	Topsy-Turvy	Structural	AC:001532	0.085766
all_taxa	Topsy-Turvy	Structural	AC:001533	0.619393
all_taxa	Topsy-Turvy	Structural	AC:001534	0.498759
all_taxa	Topsy-Turvy	Structural	AC:001535	0.558077
all_taxa	Topsy-Turvy	Structural	AC:001536	0.757421
all_taxa	Topsy-Turvy	Structural	AC:001537	0.046322
all_taxa	Topsy-Turvy	Structural	AC:001538	0.702929
all_taxa	Topsy-Turvy	Structural	AC:001540	0.639069
all_taxa	Topsy-Turvy	Structural	AC:001541	7.4e-05
all_taxa	Topsy-Turvy	Structural	AC:001542	0.163004
all_taxa	Topsy-Turvy	Structural	AC:001544	0.772396
all_taxa	Topsy-Turvy	Structural	AC:001545	0.744518
all_taxa	Topsy-Turvy	Structural	AC:001546	0.201022
all_taxa	Topsy-Turvy	Structural	AC:001547	0.666091
all_taxa	Topsy-Turvy	Structural	AC:001548	0.499078
all_taxa	Topsy-Turvy	Structural	AC:001549	0.199931
all_taxa	Topsy-Turvy	Structural	AC:001550	0.343531
all_taxa	Topsy-Turvy	Structural	AC:001551	0.714677
all_taxa	Topsy-Turvy	Structural	AC:001552	0.243308
all_taxa	Topsy-Turvy	Structural	AC:001553	0.785755
all_taxa	Topsy-Turvy	Structural	AC:001554	0.498587
all_taxa	Topsy-Turvy	Structural	AC:001555	3.8e-05
all_taxa	Topsy-Turvy	Structural	AC:001556	0.290991
all_taxa	Topsy-Turvy	Structural	AC:001558	0.61504
all_taxa	Topsy-Turvy	Structural	AC:001560	0.113553
all_taxa	Topsy-Turvy	Structural	AC:001561	5e-05
all_taxa	Topsy-Turvy	Structural	AC:001562	0.170026
all_taxa	Topsy-Turvy	Structural	AC:001563	0.439919
all_taxa	Topsy-Turvy	Structural	AC:001564	0.233738
all_taxa	Topsy-Turvy	Structural	AC:001565	0.499577
all_taxa	Topsy-Turvy	Structural	AC:001566	3.2e-05
all_taxa	Topsy-Turvy	Structural	AC:001567	0.476178
all_taxa	Topsy-Turvy	Structural	AC:001568	0.279103
all_taxa	Topsy-Turvy	Structural	AC:001569	0.677262
all_taxa	Topsy-Turvy	Structural	AC:001570	0.623212
all_taxa	Topsy-Turvy	Structural	AC:001571	0.702803
all_taxa	Topsy-Turvy	Structural	AC:001572	0.589808
all_taxa	Topsy-Turvy	Structural	AC:001573	0.537178
all_taxa	Topsy-Turvy	Structural	AC:001574	0.498033
all_taxa	Topsy-Turvy	Structural	AC:001578	0.637237
all_taxa	Topsy-Turvy	Structural	AC:001580	0.681156
all_taxa	Topsy-Turvy	Structural	AC:001581	0.601879
all_taxa	Topsy-Turvy	Structural	AC:001582	0.142977
all_taxa	Topsy-Turvy	Structural	AC:001583	0.685915
all_taxa	Topsy-Turvy	Structural	AC:001584	0.764306
all_taxa	Topsy-Turvy	Structural	AC:001585	0.499487
all_taxa	Topsy-Turvy	Structural	AC:001586	0.499008
all_taxa	Topsy-Turvy	Structural	AC:001587	0.497455
all_taxa	Topsy-Turvy	Structural	AC:001588	0.00064
all_taxa	Topsy-Turvy	Structural	AC:001589	0.372841
all_taxa	Topsy-Turvy	Structural	AC:001590	0.699628
all_taxa	Topsy-Turvy	Structural	AC:001591	0.344492
all_taxa	Topsy-Turvy	Structural	AC:001592	0.539514
all_taxa	Topsy-Turvy	Structural	AC:001594	0.217535
all_taxa	Topsy-Turvy	Structural	AC:001595	0.758864
all_taxa	Topsy-Turvy	Structural	AC:001596	0.025766
all_taxa	Topsy-Turvy	Structural	AC:001597	0.046412
all_taxa	Topsy-Turvy	Structural	AC:001598	0.379792
all_taxa	Topsy-Turvy	Structural	AC:001599	0.332959
all_taxa	Topsy-Turvy	Structural	AC:001600	0.833546
all_taxa	Topsy-Turvy	Structural	AC:001602	0.692971
all_taxa	Topsy-Turvy	Structural	AC:001604	0.135067
all_taxa	Topsy-Turvy	Structural	AC:001605	0.497309
all_taxa	Topsy-Turvy	Structural	AC:001606	0.867673
all_taxa	Topsy-Turvy	Structural	AC:001607	0.630154
all_taxa	Topsy-Turvy	Structural	AC:001608	0.600538
all_taxa	Topsy-Turvy	Structural	AC:001609	0.825412
all_taxa	Topsy-Turvy	Structural	AC:001610	0.638285
all_taxa	Topsy-Turvy	Structural	AC:001611	0.516222
all_taxa	Topsy-Turvy	Structural	AC:001612	0.771812
all_taxa	Topsy-Turvy	Structural	AC:001613	0.557461
all_taxa	Topsy-Turvy	Structural	AC:001614	0.704397
all_taxa	Topsy-Turvy	Structural	AC:001617	0.557242
all_taxa	Topsy-Turvy	Structural	AC:001619	0.724767
all_taxa	Topsy-Turvy	Structural	AC:001620	0.219178
all_taxa	Topsy-Turvy	Structural	AC:001621	0.669415
all_taxa	Topsy-Turvy	Structural	AC:001622	0.735713
all_taxa	Topsy-Turvy	Structural	AC:001623	0.580885
all_taxa	Topsy-Turvy	Structural	AC:001625	0.521042
all_taxa	Topsy-Turvy	Structural	AC:001626	0.008107
all_taxa	Topsy-Turvy	Structural	AC:001627	0.419667
all_taxa	Topsy-Turvy	Structural	AC:001628	0.788167
all_taxa	Topsy-Turvy	Structural	AC:001630	0.499111
all_taxa	Topsy-Turvy	Structural	AC:001631	0.000448
all_taxa	Topsy-Turvy	Structural	AC:001632	0.309485
all_taxa	Topsy-Turvy	Structural	AC:001634	0.511956
all_taxa	Topsy-Turvy	Structural	AC:001635	0.012338
all_taxa	Topsy-Turvy	Structural	AC:001636	0.812387
all_taxa	Topsy-Turvy	Structural	AC:001637	0.504145
all_taxa	Topsy-Turvy	Structural	AC:001638	0.441492
all_taxa	Topsy-Turvy	Structural	AC:001639	0.709642
all_taxa	Topsy-Turvy	Structural	AC:001644	0.422369
all_taxa	Topsy-Turvy	Structural	AC:001645	0.537142
all_taxa	Topsy-Turvy	Structural	AC:001646	0.609656
all_taxa	Topsy-Turvy	Structural	AC:001647	0.717275
all_taxa	Topsy-Turvy	Structural	AC:001648	0.319187
all_taxa	Topsy-Turvy	Structural	AC:001649	0.826599
all_taxa	Topsy-Turvy	Structural	AC:001651	0.445229
all_taxa	Topsy-Turvy	Structural	AC:001653	0.738349
all_taxa	Topsy-Turvy	Structural	AC:001654	0.732163
all_taxa	Topsy-Turvy	Structural	AC:001656	0.670162
all_taxa	Topsy-Turvy	Structural	AC:001657	0.542683
all_taxa	Topsy-Turvy	Structural	AC:001658	0.554033
all_taxa	Topsy-Turvy	Structural	AC:001660	0.355063
all_taxa	Topsy-Turvy	Structural	AC:001661	0.723709
all_taxa	Topsy-Turvy	Structural	AC:001662	0.725091
all_taxa	Topsy-Turvy	Structural	AC:001664	0.689495
all_taxa	Topsy-Turvy	Structural	AC:001665	0.022909
all_taxa	Topsy-Turvy	Structural	AC:001668	0.080004
all_taxa	Topsy-Turvy	Structural	AC:001669	0.373927
all_taxa	Topsy-Turvy	Structural	AC:001670	0.373387
all_taxa	Topsy-Turvy	Structural	AC:001671	0.589502
all_taxa	Topsy-Turvy	Structural	AC:001672	0.679248
all_taxa	Topsy-Turvy	Structural	AC:001673	0.31425
all_taxa	Topsy-Turvy	Structural	AC:001674	0.669523
all_taxa	Topsy-Turvy	Structural	AC:001675	0.571921
all_taxa	Topsy-Turvy	Structural	AC:001676	0.451334
all_taxa	Topsy-Turvy	Structural	AC:001677	0.691039
all_taxa	Topsy-Turvy	Structural	AC:001679	9e-05
all_taxa	Topsy-Turvy	Structural	AC:001680	0.344214
all_taxa	Topsy-Turvy	Structural	AC:001682	0.002139
all_taxa	Topsy-Turvy	Structural	AC:001683	0.345847
all_taxa	Topsy-Turvy	Structural	AC:001684	0.175025
all_taxa	Topsy-Turvy	Structural	AC:001685	0.792307
all_taxa	Topsy-Turvy	Structural	AC:001686	0.492076
all_taxa	Topsy-Turvy	Structural	AC:001687	0.487567
all_taxa	Topsy-Turvy	Structural	AC:001689	0.183881
all_taxa	Topsy-Turvy	Structural	AC:001690	0.311181
all_taxa	Topsy-Turvy	Structural	AC:001691	0.530784
all_taxa	Topsy-Turvy	Structural	AC:001692	0.006846
all_taxa	Topsy-Turvy	Structural	AC:001694	0.822136
all_taxa	Topsy-Turvy	Structural	AC:001695	0.48646
all_taxa	Topsy-Turvy	Structural	AC:001696	0.313215
all_taxa	Topsy-Turvy	Structural	AC:001697	0.706955
all_taxa	Topsy-Turvy	Structural	AC:001698	0.44122
all_taxa	Topsy-Turvy	Structural	AC:001699	0.559844
all_taxa	Topsy-Turvy	Structural	AC:001700	0.053689
all_taxa	Topsy-Turvy	Structural	AC:001702	0.703324
all_taxa	Topsy-Turvy	Structural	AC:001703	0.537093
all_taxa	Topsy-Turvy	Structural	AC:001704	0.794276
all_taxa	Topsy-Turvy	Structural	AC:001705	0.400172
all_taxa	Topsy-Turvy	Structural	AC:001706	0.168298
all_taxa	Topsy-Turvy	Structural	AC:001707	0.497991
all_taxa	Topsy-Turvy	Structural	AC:001708	0.740709
all_taxa	Topsy-Turvy	Structural	AC:001710	0.498393
all_taxa	Topsy-Turvy	Structural	AC:001712	0.711867
all_taxa	Topsy-Turvy	Structural	AC:001713	0.07721
all_taxa	Topsy-Turvy	Structural	AC:001714	0.095464
all_taxa	Topsy-Turvy	Structural	AC:001715	0.740432
all_taxa	Topsy-Turvy	Structural	AC:001716	0.737358
all_taxa	Topsy-Turvy	Structural	AC:001717	0.011385
all_taxa	Topsy-Turvy	Structural	AC:001718	0.76203
all_taxa	Topsy-Turvy	Structural	AC:001720	0.495288
all_taxa	Topsy-Turvy	Structural	AC:001721	0.314336
all_taxa	Topsy-Turvy	Structural	AC:001722	0.361398
all_taxa	Topsy-Turvy	Structural	AC:001723	0.251785
all_taxa	Topsy-Turvy	Structural	AC:001724	0.113204
all_taxa	Topsy-Turvy	Structural	AC:001725	0.174523
all_taxa	Topsy-Turvy	Structural	AC:001726	0.71635
all_taxa	Topsy-Turvy	Structural	AC:001727	0.481211
all_taxa	Topsy-Turvy	Structural	AC:001728	0.033471
all_taxa	Topsy-Turvy	Structural	AC:001729	0.656734
all_taxa	Topsy-Turvy	Structural	AC:001730	0.249669
all_taxa	Topsy-Turvy	Structural	AC:001731	0.303849
all_taxa	Topsy-Turvy	Structural	AC:001732	0.703703
all_taxa	Topsy-Turvy	Structural	AC:001733	0.452981
all_taxa	Topsy-Turvy	Structural	AC:001735	0.672233
all_taxa	Topsy-Turvy	Structural	AC:001736	0.569837
all_taxa	Topsy-Turvy	Structural	AC:001737	0.000203
all_taxa	Topsy-Turvy	Structural	AC:001739	0.693285
all_taxa	Topsy-Turvy	Structural	AC:001741	0.000114
all_taxa	Topsy-Turvy	Structural	AC:001742	0.066783
all_taxa	Topsy-Turvy	Structural	AC:001743	0.091254
all_taxa	Topsy-Turvy	Structural	AC:001745	0.115752
all_taxa	Topsy-Turvy	Structural	AC:001746	0.6653
all_taxa	Topsy-Turvy	Structural	AC:001747	0.667146
all_taxa	Topsy-Turvy	Structural	AC:001748	0.641625
all_taxa	Topsy-Turvy	Structural	AC:001749	0.000773
all_taxa	Topsy-Turvy	Structural	AC:001750	0.558627
all_taxa	Topsy-Turvy	Structural	AC:001751	0.663833
all_taxa	Topsy-Turvy	Structural	AC:001752	0.234053
all_taxa	Topsy-Turvy	Structural	AC:001753	0.703611
all_taxa	Topsy-Turvy	Structural	AC:001754	0.479396
all_taxa	Topsy-Turvy	Structural	AC:001755	0.088815
all_taxa	Topsy-Turvy	Structural	AC:001756	0.71666
all_taxa	Topsy-Turvy	Structural	AC:001758	0.279464
all_taxa	Topsy-Turvy	Structural	AC:001759	0.550638
all_taxa	Topsy-Turvy	Structural	AC:001760	0.485283
all_taxa	Topsy-Turvy	Structural	AC:001761	0.432145
all_taxa	Topsy-Turvy	Structural	AC:001763	0.436492
all_taxa	Topsy-Turvy	Structural	AC:001764	0.259956
all_taxa	Topsy-Turvy	Structural	AC:001765	0.100275
all_taxa	Topsy-Turvy	Structural	AC:001766	0.550916
all_taxa	Topsy-Turvy	Structural	AC:001767	0.006563
all_taxa	Topsy-Turvy	Structural	AC:001768	0.505325
all_taxa	Topsy-Turvy	Structural	AC:001769	0.056379
all_taxa	Topsy-Turvy	Structural	AC:001770	0.748389
all_taxa	Topsy-Turvy	Structural	AC:001771	0.501651
all_taxa	Topsy-Turvy	Structural	AC:001772	0.598142
all_taxa	Topsy-Turvy	Structural	AC:001773	0.126815
all_taxa	Topsy-Turvy	Structural	AC:001774	0.560339
all_taxa	Topsy-Turvy	Structural	AC:001775	3.4e-05
all_taxa	Topsy-Turvy	Structural	AC:001776	0.500938
all_taxa	Topsy-Turvy	Structural	AC:001778	0.356461
all_taxa	Topsy-Turvy	Structural	AC:001780	0.498973
all_taxa	Topsy-Turvy	Structural	AC:001781	0.227655
all_taxa	Topsy-Turvy	Structural	AC:001782	0.849408
all_taxa	Topsy-Turvy	Structural	AC:001785	0.499188
all_taxa	Topsy-Turvy	Structural	AC:001786	0.040325
all_taxa	Topsy-Turvy	Structural	AC:001787	0.766606
all_taxa	Topsy-Turvy	Structural	AC:001788	0.353403
all_taxa	Topsy-Turvy	Structural	AC:001789	0.293124
all_taxa	Topsy-Turvy	Structural	AC:001790	0.712417
all_taxa	Topsy-Turvy	Structural	AC:001792	0.043908
all_taxa	Topsy-Turvy	Structural	AC:001793	0.582056
all_taxa	Topsy-Turvy	Structural	AC:001796	0.4909
all_taxa	Topsy-Turvy	Structural	AC:001797	0.623093
all_taxa	Topsy-Turvy	Structural	AC:001798	0.554393
all_taxa	Topsy-Turvy	Structural	AC:001801	0.747462
all_taxa	Topsy-Turvy	Structural	AC:001803	0.487382
all_taxa	Topsy-Turvy	Structural	AC:001804	0.112902
all_taxa	Topsy-Turvy	Structural	AC:001805	0.165806
all_taxa	Topsy-Turvy	Structural	AC:001807	0.75031
all_taxa	Topsy-Turvy	Structural	AC:001810	0.721141
all_taxa	Topsy-Turvy	Structural	AC:001811	0.200206
all_taxa	Topsy-Turvy	Structural	AC:001812	0.500376
all_taxa	Topsy-Turvy	Structural	AC:001814	0.417408
all_taxa	Topsy-Turvy	Structural	AC:001815	0.036359
all_taxa	Topsy-Turvy	Structural	AC:001817	0.066384
all_taxa	Topsy-Turvy	Structural	AC:001818	0.723143
all_taxa	Topsy-Turvy	Structural	AC:001819	0.498132
all_taxa	Topsy-Turvy	Structural	AC:001820	0.476955
all_taxa	Topsy-Turvy	Structural	AC:001821	0.331697
all_taxa	Topsy-Turvy	Structural	AC:001822	0.200908
all_taxa	Topsy-Turvy	Structural	AC:001823	0.000619
all_taxa	Topsy-Turvy	Structural	AC:001824	0.754593
all_taxa	Topsy-Turvy	Structural	AC:001825	0.620987
all_taxa	Topsy-Turvy	Structural	AC:001828	0.164882
all_taxa	Topsy-Turvy	Structural	AC:001829	0.753198
all_taxa	Topsy-Turvy	Structural	AC:001831	0.063167
all_taxa	Topsy-Turvy	Structural	AC:001832	0.788875
all_taxa	Topsy-Turvy	Structural	AC:001833	0.546209
all_taxa	Topsy-Turvy	Structural	AC:001835	0.498746
all_taxa	Topsy-Turvy	Structural	AC:001836	0.527176
all_taxa	Topsy-Turvy	Structural	AC:001837	0.000899
all_taxa	Topsy-Turvy	Structural	AC:001838	0.538024
all_taxa	Topsy-Turvy	Structural	AC:001839	0.056235
all_taxa	Topsy-Turvy	Structural	AC:001840	0.022618
all_taxa	Topsy-Turvy	Structural	AC:001842	0.446992
all_taxa	Topsy-Turvy	Structural	AC:001843	0.451622
all_taxa	Topsy-Turvy	Structural	AC:001844	0.055806
all_taxa	Topsy-Turvy	Structural	AC:001846	0.80471
all_taxa	Topsy-Turvy	Structural	AC:001849	0.073645
all_taxa	Topsy-Turvy	Structural	AC:001850	0.060338
all_taxa	Topsy-Turvy	Structural	AC:001851	0.029733
all_taxa	Topsy-Turvy	Structural	AC:001852	0.433928
all_taxa	Topsy-Turvy	Structural	AC:001853	0.725848
all_taxa	Topsy-Turvy	Structural	AC:001854	0.782309
all_taxa	Topsy-Turvy	Structural	AC:001855	0.024115
all_taxa	Topsy-Turvy	Structural	AC:001856	0.651508
all_taxa	Topsy-Turvy	Structural	AC:001857	0.000871
all_taxa	Topsy-Turvy	Structural	AC:001858	0.799914
all_taxa	Topsy-Turvy	Structural	AC:001861	0.708009
all_taxa	Topsy-Turvy	Structural	AC:001863	0.576788
all_taxa	Topsy-Turvy	Structural	AC:001864	0.494879
all_taxa	Topsy-Turvy	Structural	AC:001865	0.236967
all_taxa	Topsy-Turvy	Structural	AC:001866	0.802209
all_taxa	Topsy-Turvy	Structural	AC:001867	0.797847
all_taxa	Topsy-Turvy	Structural	AC:001868	0.74786
all_taxa	Topsy-Turvy	Structural	AC:001869	0.734944
all_taxa	Topsy-Turvy	Structural	AC:001870	0.118932
all_taxa	Topsy-Turvy	Structural	AC:001871	0.499027
all_taxa	Topsy-Turvy	Structural	AC:001873	0.489063
all_taxa	Topsy-Turvy	Structural	AC:001874	0.511524
all_taxa	Topsy-Turvy	Structural	AC:001875	0.466234
all_taxa	Topsy-Turvy	Structural	AC:001876	0.088812
all_taxa	Topsy-Turvy	Structural	AC:001878	0.499259
all_taxa	Topsy-Turvy	Structural	AC:001879	0.532641
all_taxa	Topsy-Turvy	Structural	AC:001880	0.659822
all_taxa	Topsy-Turvy	Structural	AC:001881	0.497568
all_taxa	Topsy-Turvy	Structural	AC:001882	0.009503
all_taxa	Topsy-Turvy	Structural	AC:001883	0.662763
all_taxa	Topsy-Turvy	Structural	AC:001884	0.000472
all_taxa	Topsy-Turvy	Structural	AC:001885	0.255239
all_taxa	Topsy-Turvy	Structural	AC:001886	0.332786
all_taxa	Topsy-Turvy	Structural	AC:001887	0.000867
all_taxa	Topsy-Turvy	Structural	AC:001888	0.310145
all_taxa	Topsy-Turvy	Structural	AC:001889	0.249899
all_taxa	Topsy-Turvy	Structural	AC:001890	0.366761
all_taxa	Topsy-Turvy	Structural	AC:001891	0.298096
all_taxa	Topsy-Turvy	Structural	AC:001892	0.004178
all_taxa	Topsy-Turvy	Structural	AC:001893	0.33318
all_taxa	Topsy-Turvy	Structural	AC:001894	0.324681
all_taxa	Topsy-Turvy	Structural	AC:001896	0.401463
all_taxa	Topsy-Turvy	Structural	AC:001897	0.006419
all_taxa	Topsy-Turvy	Structural	AC:001899	6.7e-05
all_taxa	Topsy-Turvy	Structural	AC:001900	0.64662
all_taxa	Topsy-Turvy	Structural	AC:001901	0.802645
all_taxa	Topsy-Turvy	Structural	AC:001902	0.005856
all_taxa	Topsy-Turvy	Structural	AC:001904	0.769493
all_taxa	Topsy-Turvy	Structural	AC:001905	0.654261
all_taxa	Topsy-Turvy	Structural	AC:001906	0.36532
all_taxa	Topsy-Turvy	Structural	AC:001907	3.2e-05
all_taxa	Topsy-Turvy	Structural	AC:001908	0.274281
all_taxa	Topsy-Turvy	Structural	AC:001910	0.660551
all_taxa	Topsy-Turvy	Structural	AC:001912	0.677196
all_taxa	Topsy-Turvy	Structural	AC:001913	0.702178
all_taxa	Topsy-Turvy	Structural	AC:001914	0.658564
all_taxa	Topsy-Turvy	Structural	AC:001915	0.499318
all_taxa	Topsy-Turvy	Structural	AC:001916	0.585398
all_taxa	Topsy-Turvy	Structural	AC:001917	0.498834
all_taxa	Topsy-Turvy	Structural	AC:001918	0.653918
all_taxa	Topsy-Turvy	Structural	AC:001919	0.827914
all_taxa	Topsy-Turvy	Structural	AC:001920	0.022363
all_taxa	Topsy-Turvy	Structural	AC:001921	0.49818
all_taxa	Topsy-Turvy	Structural	AC:001922	0.561521
all_taxa	Topsy-Turvy	Structural	AC:001923	0.647418
all_taxa	Topsy-Turvy	Structural	AC:001924	0.804804
all_taxa	Topsy-Turvy	Structural	AC:001925	0.165761
all_taxa	Topsy-Turvy	Structural	AC:001926	2.2e-05
all_taxa	Topsy-Turvy	Structural	AC:001927	0.251295
all_taxa	Topsy-Turvy	Structural	AC:001928	0.499278
all_taxa	Topsy-Turvy	Structural	AC:001929	0.781375
all_taxa	Topsy-Turvy	Structural	AC:001930	0.735911
all_taxa	Topsy-Turvy	Structural	AC:001931	0.413505
all_taxa	Topsy-Turvy	Structural	AC:001932	0.655047
all_taxa	Topsy-Turvy	Structural	AC:001933	0.817035
all_taxa	Topsy-Turvy	Structural	AC:001934	0.03365
all_taxa	Topsy-Turvy	Structural	AC:001937	0.256522
all_taxa	Topsy-Turvy	Structural	AC:001938	0.516812
all_taxa	Topsy-Turvy	Structural	AC:001940	0.072104
all_taxa	Topsy-Turvy	Structural	AC:001942	0.498373
all_taxa	Topsy-Turvy	Structural	AC:001943	0.656419
all_taxa	Topsy-Turvy	Structural	AC:001944	5.7e-05
all_taxa	Topsy-Turvy	Structural	AC:001946	0.00014
all_taxa	Topsy-Turvy	Structural	AC:001947	0.249456
all_taxa	Topsy-Turvy	Structural	AC:001948	0.525259
all_taxa	Topsy-Turvy	Structural	AC:001949	0.282748
all_taxa	Topsy-Turvy	Structural	AC:001950	0.002991
all_taxa	Topsy-Turvy	Structural	AC:001952	0.424792
all_taxa	Topsy-Turvy	Structural	AC:001953	0.582788
all_taxa	Topsy-Turvy	Structural	AC:001956	8.3e-05
all_taxa	Topsy-Turvy	Structural	AC:001957	0.464965
all_taxa	Topsy-Turvy	Structural	AC:001958	0.647826
all_taxa	Topsy-Turvy	Structural	AC:001960	0.085603
all_taxa	Topsy-Turvy	Structural	AC:001961	0.151721
all_taxa	Topsy-Turvy	Structural	AC:001964	0.499957
all_taxa	Topsy-Turvy	Structural	AC:001965	0.731598
all_taxa	Topsy-Turvy	Structural	AC:001966	0.107766
all_taxa	Topsy-Turvy	Structural	AC:001967	0.677902
all_taxa	Topsy-Turvy	Structural	AC:001970	0.685305
all_taxa	Topsy-Turvy	Structural	AC:001972	0.029896
all_taxa	Topsy-Turvy	Structural	AC:001973	0.457482
all_taxa	Topsy-Turvy	Structural	AC:001974	0.743596
all_taxa	Topsy-Turvy	Structural	AC:001975	0.088822
all_taxa	Topsy-Turvy	Structural	AC:001976	0.040651
all_taxa	Topsy-Turvy	Structural	AC:001979	0.498017
all_taxa	Topsy-Turvy	Structural	AC:001980	0.320423
all_taxa	Topsy-Turvy	Structural	AC:001981	0.17675
all_taxa	Topsy-Turvy	Structural	AC:001982	0.791366
all_taxa	Topsy-Turvy	Structural	AC:001983	0.21191
all_taxa	Topsy-Turvy	Structural	AC:001984	0.537303
all_taxa	Topsy-Turvy	Structural	AC:001985	0.166373
all_taxa	Topsy-Turvy	Structural	AC:001986	0.497372
all_taxa	Topsy-Turvy	Structural	AC:001987	0.473469
all_taxa	Topsy-Turvy	Structural	AC:001988	0.133506
all_taxa	Topsy-Turvy	Structural	AC:001989	0.619689
all_taxa	Topsy-Turvy	Structural	AC:001990	0.000538
all_taxa	Topsy-Turvy	Structural	AC:001991	0.366987
all_taxa	Topsy-Turvy	Structural	AC:001993	0.573626
all_taxa	Topsy-Turvy	Structural	AC:001994	0.024248
all_taxa	Topsy-Turvy	Structural	AC:001995	0.647332
all_taxa	Topsy-Turvy	Structural	AC:001996	0.49934
all_taxa	Topsy-Turvy	Structural	AC:001998	0.289679
all_taxa	Topsy-Turvy	Structural	AC:001999	0.318839
all_taxa	Topsy-Turvy	Structural	AC:002000	0.068088
all_taxa	Topsy-Turvy	Structural	AC:002001	0.102959
all_taxa	Topsy-Turvy	Structural	AC:002002	0.716295
all_taxa	Topsy-Turvy	Structural	AC:002003	0.100595
all_taxa	Topsy-Turvy	Structural	AC:002006	0.688714
all_taxa	Topsy-Turvy	Structural	AC:002007	0.384196
all_taxa	Topsy-Turvy	Structural	AC:002008	0.811779
all_taxa	Topsy-Turvy	Structural	AC:002009	0.529226
all_taxa	Topsy-Turvy	Structural	AC:002010	0.676593
all_taxa	Topsy-Turvy	Structural	AC:002011	0.112404
all_taxa	Topsy-Turvy	Structural	AC:002012	0.49873
all_taxa	Topsy-Turvy	Structural	AC:002014	0.001942
all_taxa	Topsy-Turvy	Structural	AC:002015	0.327245
all_taxa	Topsy-Turvy	Structural	AC:002017	0.226964
all_taxa	Topsy-Turvy	Structural	AC:002018	0.498106
all_taxa	Topsy-Turvy	Structural	AC:002019	0.111519
all_taxa	Topsy-Turvy	Structural	AC:002020	0.247593
all_taxa	Topsy-Turvy	Structural	AC:002021	0.497343
all_taxa	Topsy-Turvy	Structural	AC:002022	0.147938
all_taxa	Topsy-Turvy	Structural	AC:002023	0.743233
all_taxa	Topsy-Turvy	Structural	AC:002024	0.146549
all_taxa	Topsy-Turvy	Structural	AC:002025	0.689113
all_taxa	Topsy-Turvy	Structural	AC:002026	0.001501
all_taxa	Topsy-Turvy	Structural	AC:002027	0.723041
all_taxa	Topsy-Turvy	Structural	AC:002028	0.606257
all_taxa	Topsy-Turvy	Structural	AC:002029	0.233766
all_taxa	Topsy-Turvy	Structural	AC:002030	0.636734
all_taxa	Topsy-Turvy	Structural	AC:002031	0.640704
all_taxa	Topsy-Turvy	Structural	AC:002032	0.034835
all_taxa	Topsy-Turvy	Structural	AC:002033	0.496646
all_taxa	Topsy-Turvy	Structural	AC:002034	0.065857
all_taxa	Topsy-Turvy	Structural	AC:002035	0.656442
all_taxa	Topsy-Turvy	Structural	AC:002037	0.749841
all_taxa	Topsy-Turvy	Structural	AC:002038	0.789536
all_taxa	Topsy-Turvy	Structural	AC:002039	0.742021
all_taxa	Topsy-Turvy	Structural	AC:002040	0.475574
all_taxa	Topsy-Turvy	Structural	AC:002041	0.640372
all_taxa	Topsy-Turvy	Structural	AC:002042	0.169399
all_taxa	Topsy-Turvy	Structural	AC:002044	0.162293
all_taxa	Topsy-Turvy	Structural	AC:002045	0.04747
all_taxa	Topsy-Turvy	Structural	AC:002046	0.698996
all_taxa	Topsy-Turvy	Structural	AC:002047	0.364878
all_taxa	Topsy-Turvy	Structural	AC:002049	0.112523
all_taxa	Topsy-Turvy	Structural	AC:002050	0.056437
all_taxa	Topsy-Turvy	Structural	AC:002051	0.687723
all_taxa	Topsy-Turvy	Structural	AC:002052	0.666602
all_taxa	Topsy-Turvy	Structural	AC:002053	0.616476
all_taxa	Topsy-Turvy	Structural	AC:002054	0.710825
all_taxa	Topsy-Turvy	Structural	AC:002055	0.588296
all_taxa	Topsy-Turvy	Structural	AC:002056	0.527397
all_taxa	Topsy-Turvy	Structural	AC:002057	0.601064
all_taxa	Topsy-Turvy	Structural	AC:002058	0.499259
all_taxa	Topsy-Turvy	Structural	AC:002059	0.46882
all_taxa	Topsy-Turvy	Structural	AC:002061	0.110272
all_taxa	Topsy-Turvy	Structural	AC:002062	0.823945
all_taxa	Topsy-Turvy	Structural	AC:002063	0.001653
all_taxa	Topsy-Turvy	Structural	AC:002064	0.134573
all_taxa	Topsy-Turvy	Structural	AC:002065	0.347454
all_taxa	Topsy-Turvy	Structural	AC:002066	0.104891
all_taxa	Topsy-Turvy	Structural	AC:002067	0.250446
all_taxa	Topsy-Turvy	Structural	AC:002069	0.250566
all_taxa	Topsy-Turvy	Structural	AC:002070	0.419634
all_taxa	Topsy-Turvy	Structural	AC:002071	0.639194
all_taxa	Topsy-Turvy	Structural	AC:002072	0.766656
all_taxa	Topsy-Turvy	Structural	AC:002073	0.550628
all_taxa	Topsy-Turvy	Structural	AC:002075	0.655628
all_taxa	Topsy-Turvy	Structural	AC:002077	0.752337
all_taxa	Topsy-Turvy	Structural	AC:002078	0.011492
all_taxa	Topsy-Turvy	Structural	AC:002079	0.632773
all_taxa	Topsy-Turvy	Structural	AC:002080	0.743743
all_taxa	Topsy-Turvy	Structural	AC:002081	0.799028
all_taxa	Topsy-Turvy	Structural	AC:002082	0.562863
all_taxa	Topsy-Turvy	Structural	AC:002083	4.8e-05
all_taxa	Topsy-Turvy	Structural	AC:002084	0.40996
all_taxa	Topsy-Turvy	Structural	AC:002085	0.280967
all_taxa	Topsy-Turvy	Structural	AC:002086	0.000526
all_taxa	Topsy-Turvy	Structural	AC:002088	0.557878
all_taxa	Topsy-Turvy	Structural	AC:002089	0.629022
all_taxa	Topsy-Turvy	Structural	AC:002090	0.821879
all_taxa	Topsy-Turvy	Structural	AC:002091	0.470759
all_taxa	Topsy-Turvy	Structural	AC:002092	0.344452
all_taxa	Topsy-Turvy	Structural	AC:002093	0.097331
all_taxa	Topsy-Turvy	Structural	AC:002095	0.584415
all_taxa	Topsy-Turvy	Structural	AC:002096	0.479696
all_taxa	Topsy-Turvy	Structural	AC:002097	0.598052
all_taxa	Topsy-Turvy	Structural	AC:002098	0.824426
all_taxa	Topsy-Turvy	Structural	AC:002099	0.497267
all_taxa	Topsy-Turvy	Structural	AC:002100	0.34079
all_taxa	Topsy-Turvy	Structural	AC:002101	0.64096
all_taxa	Topsy-Turvy	Structural	AC:002102	0.773182
all_taxa	Topsy-Turvy	Structural	AC:002103	0.620811
all_taxa	Topsy-Turvy	Structural	AC:002105	0.705678
all_taxa	Topsy-Turvy	Structural	AC:002106	0.75991
all_taxa	Topsy-Turvy	Structural	AC:002107	0.758902
all_taxa	Topsy-Turvy	Structural	AC:002108	0.736141
all_taxa	Topsy-Turvy	Structural	AC:002109	0.020195
all_taxa	Topsy-Turvy	Structural	AC:002110	0.743696
all_taxa	Topsy-Turvy	Structural	AC:002112	0.868394
all_taxa	Topsy-Turvy	Structural	AC:002113	0.165869
all_taxa	Topsy-Turvy	Structural	AC:002116	0.678271
all_taxa	Topsy-Turvy	Structural	AC:002117	0.672942
all_taxa	Topsy-Turvy	Structural	AC:002118	0.730978
all_taxa	Topsy-Turvy	Structural	AC:002119	0.317081
all_taxa	Topsy-Turvy	Structural	AC:002121	0.721035
all_taxa	Topsy-Turvy	Structural	AC:002122	0.340629
all_taxa	Topsy-Turvy	Structural	AC:002123	0.192755
all_taxa	Topsy-Turvy	Structural	AC:002125	0.4068
all_taxa	Topsy-Turvy	Structural	AC:002127	0.55191
all_taxa	Topsy-Turvy	Structural	AC:002128	0.838358
all_taxa	Topsy-Turvy	Structural	AC:002129	0.335362
all_taxa	Topsy-Turvy	Structural	AC:002130	0.429269
all_taxa	Topsy-Turvy	Structural	AC:002131	0.174062
all_taxa	Topsy-Turvy	Structural	AC:002132	0.116395
all_taxa	Topsy-Turvy	Structural	AC:002133	0.804869
all_taxa	Topsy-Turvy	Structural	AC:002134	0.730339
all_taxa	Topsy-Turvy	Structural	AC:002135	0.333109
all_taxa	Topsy-Turvy	Structural	AC:002136	0.066703
all_taxa	Topsy-Turvy	Structural	AC:002137	0.819057
all_taxa	Topsy-Turvy	Structural	AC:002139	0.703671
all_taxa	Topsy-Turvy	Structural	AC:002140	0.423722
all_taxa	Topsy-Turvy	Structural	AC:002142	0.497192
all_taxa	Topsy-Turvy	Structural	AC:002143	0.176923
all_taxa	Topsy-Turvy	Structural	AC:002144	0.68553
all_taxa	Topsy-Turvy	Structural	AC:002146	0.332655
all_taxa	Topsy-Turvy	Structural	AC:002147	0.858141
all_taxa	Topsy-Turvy	Structural	AC:002148	0.615693
all_taxa	Topsy-Turvy	Structural	AC:002149	0.840186
all_taxa	Topsy-Turvy	Structural	AC:002150	0.097097
all_taxa	Topsy-Turvy	Structural	AC:002151	0.820338
all_taxa	Topsy-Turvy	Structural	AC:002152	0.766821
all_taxa	Topsy-Turvy	Structural	AC:002153	0.720313
all_taxa	Topsy-Turvy	Structural	AC:002154	0.402565
all_taxa	Topsy-Turvy	Structural	AC:002156	0.003394
all_taxa	Topsy-Turvy	Structural	AC:002157	0.216886
all_taxa	Topsy-Turvy	Structural	AC:002158	0.784355
all_taxa	Topsy-Turvy	Structural	AC:002159	0.0034
all_taxa	Topsy-Turvy	Structural	AC:002160	0.570828
all_taxa	Topsy-Turvy	Structural	AC:002161	0.742814
all_taxa	Topsy-Turvy	Structural	AC:002162	6.8e-05
all_taxa	Topsy-Turvy	Structural	AC:002163	0.001316
all_taxa	Topsy-Turvy	Structural	AC:002164	0.202444
all_taxa	Topsy-Turvy	Structural	AC:002165	0.619228
all_taxa	Topsy-Turvy	Structural	AC:002166	0.387074
all_taxa	Topsy-Turvy	Structural	AC:002168	0.250428
all_taxa	Topsy-Turvy	Structural	AC:002169	0.676337
all_taxa	Topsy-Turvy	Structural	AC:002170	0.585279
all_taxa	Topsy-Turvy	Structural	AC:002171	0.696112
all_taxa	Topsy-Turvy	Structural	AC:002173	0.499058
all_taxa	Topsy-Turvy	Structural	AC:002174	0.058077
all_taxa	Topsy-Turvy	Structural	AC:002175	6e-05
all_taxa	Topsy-Turvy	Structural	AC:002177	0.169183
all_taxa	Topsy-Turvy	Structural	AC:002180	0.498538
all_taxa	Topsy-Turvy	Structural	AC:002184	0.496879
all_taxa	Topsy-Turvy	Structural	AC:002185	0.46331
all_taxa	Topsy-Turvy	Structural	AC:002186	0.638301
all_taxa	Topsy-Turvy	Structural	AC:002187	0.773092
all_taxa	Topsy-Turvy	Structural	AC:002188	0.491962
all_taxa	Topsy-Turvy	Structural	AC:002191	0.677425
all_taxa	Topsy-Turvy	Structural	AC:002192	0.487714
all_taxa	Topsy-Turvy	Structural	AC:002194	0.565836
all_taxa	Topsy-Turvy	Structural	AC:002195	0.207865
all_taxa	Topsy-Turvy	Structural	AC:002197	0.594962
all_taxa	Topsy-Turvy	Structural	AC:002198	0.514084
all_taxa	Topsy-Turvy	Structural	AC:002199	0.059084
all_taxa	Topsy-Turvy	Structural	AC:002200	0.77134
all_taxa	Topsy-Turvy	Structural	AC:002201	0.625318
all_taxa	Topsy-Turvy	Structural	AC:002202	0.52894
all_taxa	Topsy-Turvy	Structural	AC:002203	0.399158
all_taxa	Topsy-Turvy	Structural	AC:002204	0.125435
all_taxa	Topsy-Turvy	Structural	AC:002205	0.20337
all_taxa	Topsy-Turvy	Structural	AC:002206	0.411283
all_taxa	Topsy-Turvy	Structural	AC:002207	0.000238
all_taxa	Topsy-Turvy	Structural	AC:002208	0.179629
all_taxa	Topsy-Turvy	Structural	AC:002209	0.468711
all_taxa	Topsy-Turvy	Structural	AC:002210	0.600252
all_taxa	Topsy-Turvy	Structural	AC:002211	0.797618
all_taxa	Topsy-Turvy	Structural	AC:002213	0.091338
all_taxa	Topsy-Turvy	Structural	AC:002214	0.516733
all_taxa	Topsy-Turvy	Structural	AC:002215	0.128875
all_taxa	Topsy-Turvy	Structural	AC:002216	0.645228
all_taxa	Topsy-Turvy	Structural	AC:002217	0.460666
all_taxa	Topsy-Turvy	Structural	AC:002218	0.651583
all_taxa	Topsy-Turvy	Structural	AC:002219	0.450901
all_taxa	Topsy-Turvy	Structural	AC:002221	0.629025
all_taxa	Topsy-Turvy	Structural	AC:002222	0.795131
all_taxa	Topsy-Turvy	Structural	AC:002223	0.665096
all_taxa	Topsy-Turvy	Structural	AC:002224	0.692606
all_taxa	Topsy-Turvy	Structural	AC:002226	0.74437
all_taxa	Topsy-Turvy	Structural	AC:002227	0.103249
all_taxa	Topsy-Turvy	Structural	AC:002228	0.137519
all_taxa	Topsy-Turvy	Structural	AC:002229	0.077549
all_taxa	Topsy-Turvy	Structural	AC:002230	0.802262
all_taxa	Topsy-Turvy	Structural	AC:002231	0.49855
all_taxa	Topsy-Turvy	Structural	AC:002232	0.167644
all_taxa	Topsy-Turvy	Structural	AC:002233	0.736108
all_taxa	Topsy-Turvy	Structural	AC:002234	0.209364
all_taxa	Topsy-Turvy	Structural	AC:002235	7e-05
all_taxa	Topsy-Turvy	Structural	AC:002236	0.433062
all_taxa	Topsy-Turvy	Structural	AC:002237	0.740965
all_taxa	Topsy-Turvy	Structural	AC:002238	0.024653
all_taxa	Topsy-Turvy	Structural	AC:002240	0.636766
all_taxa	Topsy-Turvy	Structural	AC:002241	0.606561
all_taxa	Topsy-Turvy	Structural	AC:002243	0.030315
all_taxa	Topsy-Turvy	Structural	AC:002244	0.000288
all_taxa	Topsy-Turvy	Structural	AC:002245	0.093298
all_taxa	Topsy-Turvy	Structural	AC:002247	0.58175
all_taxa	Topsy-Turvy	Structural	AC:002248	0.008238
all_taxa	Topsy-Turvy	Structural	AC:002249	0.764988
all_taxa	Topsy-Turvy	Structural	AC:002250	0.498076
all_taxa	Topsy-Turvy	Structural	AC:002251	0.499586
all_taxa	Topsy-Turvy	Structural	AC:002253	0.737435
all_taxa	Topsy-Turvy	Structural	AC:002254	0.370076
all_taxa	Topsy-Turvy	Structural	AC:002255	0.586366
all_taxa	Topsy-Turvy	Structural	AC:002256	0.707963
all_taxa	Topsy-Turvy	Structural	AC:002257	0.795916
all_taxa	Topsy-Turvy	Structural	AC:002258	2.7e-05
all_taxa	Topsy-Turvy	Structural	AC:002259	0.008591
all_taxa	Topsy-Turvy	Structural	AC:002260	0.499771
all_taxa	Topsy-Turvy	Structural	AC:002262	0.794754
all_taxa	Topsy-Turvy	Structural	AC:002263	0.493377
all_taxa	Topsy-Turvy	Structural	AC:002264	0.497669
all_taxa	Topsy-Turvy	Structural	AC:002266	0.796924
all_taxa	Topsy-Turvy	Structural	AC:002267	0.157312
all_taxa	Topsy-Turvy	Structural	AC:002269	0.509459
all_taxa	Topsy-Turvy	Structural	AC:002270	0.169341
all_taxa	Topsy-Turvy	Structural	AC:002271	0.752408
all_taxa	Topsy-Turvy	Structural	AC:002272	0.792996
all_taxa	Topsy-Turvy	Structural	AC:002273	0.827492
all_taxa	Topsy-Turvy	Structural	AC:002274	7e-06
all_taxa	Topsy-Turvy	Structural	AC:002277	0.034109
all_taxa	Topsy-Turvy	Structural	AC:002278	0.583963
all_taxa	Topsy-Turvy	Structural	AC:002279	0.849288
all_taxa	Topsy-Turvy	Structural	AC:002282	0.041385
all_taxa	Topsy-Turvy	Structural	AC:002283	0.775296
all_taxa	Topsy-Turvy	Structural	AC:002284	0.717308
all_taxa	Topsy-Turvy	Structural	AC:002285	0.525451
all_taxa	Topsy-Turvy	Structural	AC:002286	0.624421
all_taxa	Topsy-Turvy	Structural	AC:002287	0.027827
all_taxa	Topsy-Turvy	Structural	AC:002288	0.443512
all_taxa	Topsy-Turvy	Structural	AC:002289	0.614348
all_taxa	Topsy-Turvy	Structural	AC:002290	0.740565
all_taxa	Topsy-Turvy	Structural	AC:002291	0.622752
all_taxa	Topsy-Turvy	Structural	AC:002292	0.390957
all_taxa	Topsy-Turvy	Structural	AC:002293	0.682481
all_taxa	Topsy-Turvy	Structural	AC:002295	0.052027
all_taxa	Topsy-Turvy	Structural	AC:002296	0.760034
all_taxa	Topsy-Turvy	Structural	AC:002298	0.413896
all_taxa	Topsy-Turvy	Structural	AC:002300	0.067892
all_taxa	Topsy-Turvy	Structural	AC:002301	0.07511
all_taxa	Topsy-Turvy	Structural	AC:002302	0.171053
all_taxa	Topsy-Turvy	Structural	AC:002304	0.575146
all_taxa	Topsy-Turvy	Structural	AC:002305	0.092471
all_taxa	Topsy-Turvy	Structural	AC:002307	0.683226
all_taxa	Topsy-Turvy	Structural	AC:002308	0.646482
all_taxa	Topsy-Turvy	Structural	AC:002310	0.585763
all_taxa	Topsy-Turvy	Structural	AC:002312	0.499419
all_taxa	Topsy-Turvy	Structural	AC:002313	0.641234
all_taxa	Topsy-Turvy	Structural	AC:002314	0.782669
all_taxa	Topsy-Turvy	Structural	AC:002315	0.25017
all_taxa	Topsy-Turvy	Structural	AC:002316	0.001453
all_taxa	Topsy-Turvy	Structural	AC:002317	0.185581
all_taxa	Topsy-Turvy	Structural	AC:002319	0.708966
all_taxa	Topsy-Turvy	Structural	AC:002320	0.776069
all_taxa	Topsy-Turvy	Structural	AC:002321	0.616361
all_taxa	Topsy-Turvy	Structural	AC:002322	0.562287
all_taxa	Topsy-Turvy	Structural	AC:002323	0.136614
all_taxa	Topsy-Turvy	Structural	AC:002324	0.464784
all_taxa	Topsy-Turvy	Structural	AC:002325	0.742389
all_taxa	Topsy-Turvy	Structural	AC:002326	0.079846
all_taxa	Topsy-Turvy	Structural	AC:002327	0.733465
all_taxa	Topsy-Turvy	Structural	AC:002328	0.168905
all_taxa	Topsy-Turvy	Structural	AC:002329	0.090448
all_taxa	Topsy-Turvy	Structural	AC:002330	0.743729
all_taxa	Topsy-Turvy	Structural	AC:002331	0.284418
all_taxa	Topsy-Turvy	Structural	AC:002332	0.092944
all_taxa	Topsy-Turvy	Structural	AC:002333	0.419326
all_taxa	Topsy-Turvy	Structural	AC:002334	1.5e-05
all_taxa	Topsy-Turvy	Structural	AC:002335	0.127238
all_taxa	Topsy-Turvy	Structural	AC:002336	0.316738
all_taxa	Topsy-Turvy	Structural	AC:002337	0.473745
all_taxa	Topsy-Turvy	Structural	AC:002338	0.767771
all_taxa	Topsy-Turvy	Structural	AC:002339	0.73083
all_taxa	Topsy-Turvy	Structural	AC:002340	0.184196
all_taxa	Topsy-Turvy	Structural	AC:002343	0.623732
all_taxa	Topsy-Turvy	Structural	AC:002344	0.635352
all_taxa	Topsy-Turvy	Structural	AC:002345	0.574936
all_taxa	Topsy-Turvy	Structural	AC:002347	0.025598
all_taxa	Topsy-Turvy	Structural	AC:002349	0.851653
all_taxa	Topsy-Turvy	Structural	AC:002352	0.60404
all_taxa	Topsy-Turvy	Structural	AC:002353	0.735177
all_taxa	Topsy-Turvy	Structural	AC:002354	0.656199
all_taxa	Topsy-Turvy	Structural	AC:002356	0.633865
all_taxa	Topsy-Turvy	Structural	AC:002358	0.762172
all_taxa	Topsy-Turvy	Structural	AC:002360	0.423223
all_taxa	Topsy-Turvy	Structural	AC:002361	0.423294
all_taxa	Topsy-Turvy	Structural	AC:002362	0.485695
all_taxa	Topsy-Turvy	Structural	AC:002363	0.112574
all_taxa	Topsy-Turvy	Structural	AC:002364	0.600241
all_taxa	Topsy-Turvy	Structural	AC:002366	0.23377
all_taxa	Topsy-Turvy	Structural	AC:002368	0.726691
all_taxa	Topsy-Turvy	Structural	AC:002369	0.026754
all_taxa	Topsy-Turvy	Structural	AC:002371	0.681869
all_taxa	Topsy-Turvy	Structural	AC:002373	0.285589
all_taxa	Topsy-Turvy	Structural	AC:002374	0.500579
all_taxa	Topsy-Turvy	Structural	AC:002375	0.332338
all_taxa	Topsy-Turvy	Structural	AC:002376	0.311884
all_taxa	Topsy-Turvy	Structural	AC:002378	0.003157
all_taxa	Topsy-Turvy	Structural	AC:002379	0.718144
all_taxa	Topsy-Turvy	Structural	AC:002380	0.003611
all_taxa	Topsy-Turvy	Structural	AC:002381	0.277578
all_taxa	Topsy-Turvy	Structural	AC:002382	0.715357
all_taxa	Topsy-Turvy	Structural	AC:002383	0.27475
all_taxa	Topsy-Turvy	Structural	AC:002384	0.727745
all_taxa	Topsy-Turvy	Structural	AC:002386	0.332338
all_taxa	Topsy-Turvy	Structural	AC:002387	0.772182
all_taxa	Topsy-Turvy	Structural	AC:002388	0.025211
all_taxa	Topsy-Turvy	Structural	AC:002389	0.539163
all_taxa	Topsy-Turvy	Structural	AC:002390	0.07743
all_taxa	Topsy-Turvy	Structural	AC:002391	0.486477
all_taxa	Topsy-Turvy	Structural	AC:002392	0.076996
all_taxa	Topsy-Turvy	Structural	AC:002393	0.498021
all_taxa	Topsy-Turvy	Structural	AC:002394	4e-05
all_taxa	Topsy-Turvy	Structural	AC:002395	0.255411
all_taxa	Topsy-Turvy	Structural	AC:002396	0.311201
all_taxa	Topsy-Turvy	Structural	AC:002397	0.421875
all_taxa	Topsy-Turvy	Structural	AC:002398	0.742321
all_taxa	Topsy-Turvy	Structural	AC:002399	0.469404
all_taxa	Topsy-Turvy	Structural	AC:002400	0.172739
all_taxa	Topsy-Turvy	Structural	AC:002401	0.073843
all_taxa	Topsy-Turvy	Structural	AC:002402	0.067344
all_taxa	Topsy-Turvy	Structural	AC:002403	0.566517
all_taxa	Topsy-Turvy	Structural	AC:002404	0.813753
all_taxa	Topsy-Turvy	Structural	AC:002405	0.000116
all_taxa	Topsy-Turvy	Structural	AC:002406	0.555275
all_taxa	Topsy-Turvy	Structural	AC:002407	0.027715
all_taxa	Topsy-Turvy	Structural	AC:002408	0.472126
all_taxa	Topsy-Turvy	Structural	AC:002409	0.496201
all_taxa	Topsy-Turvy	Structural	AC:002410	0.712207
all_taxa	Topsy-Turvy	Structural	AC:002411	3e-05
all_taxa	Topsy-Turvy	Structural	AC:002412	0.727501
all_taxa	Topsy-Turvy	Structural	AC:002414	0.797435
all_taxa	Topsy-Turvy	Structural	AC:002415	0.750091
all_taxa	Topsy-Turvy	Structural	AC:002416	0.280296
all_taxa	Topsy-Turvy	Structural	AC:002417	0.170059
all_taxa	Topsy-Turvy	Structural	AC:002418	0.380581
all_taxa	Topsy-Turvy	Structural	AC:002421	0.167797
all_taxa	Topsy-Turvy	Structural	AC:002423	0.437246
all_taxa	Topsy-Turvy	Structural	AC:002424	0.458633
all_taxa	Topsy-Turvy	Structural	AC:002425	0.083786
all_taxa	Topsy-Turvy	Structural	AC:002426	0.780885
all_taxa	Topsy-Turvy	Structural	AC:002427	0.606423
all_taxa	Topsy-Turvy	Structural	AC:002428	0.479085
all_taxa	Topsy-Turvy	Structural	AC:002429	0.227188
all_taxa	Topsy-Turvy	Structural	AC:002431	0.197053
all_taxa	Topsy-Turvy	Structural	AC:002432	0.892811
all_taxa	Topsy-Turvy	Structural	AC:002433	0.690869
all_taxa	Topsy-Turvy	Structural	AC:002436	0.507299
all_taxa	Topsy-Turvy	Structural	AC:002437	0.333282
all_taxa	Topsy-Turvy	Structural	AC:002439	0.771935
all_taxa	Topsy-Turvy	Structural	AC:002440	0.25194
all_taxa	Topsy-Turvy	Structural	AC:002441	0.060158
all_taxa	Topsy-Turvy	Structural	AC:002442	0.307885
all_taxa	Topsy-Turvy	Structural	AC:002443	0.47727
all_taxa	Topsy-Turvy	Structural	AC:002444	0.80844
all_taxa	Topsy-Turvy	Structural	AC:002445	0.790882
all_taxa	Topsy-Turvy	Structural	AC:002446	0.477397
all_taxa	Topsy-Turvy	Structural	AC:002447	0.711137
all_taxa	Topsy-Turvy	Structural	AC:002448	0.739314
all_taxa	Topsy-Turvy	Structural	AC:002450	0.523946
all_taxa	Topsy-Turvy	Structural	AC:002451	0.805743
all_taxa	Topsy-Turvy	Structural	AC:002453	0.430003
all_taxa	Topsy-Turvy	Structural	AC:002455	0.510021
all_taxa	Topsy-Turvy	Structural	AC:002456	0.811806
all_taxa	Topsy-Turvy	Structural	AC:002457	0.786458
all_taxa	Topsy-Turvy	Structural	AC:002459	0.249865
all_taxa	Topsy-Turvy	Structural	AC:002460	5.1e-05
all_taxa	Topsy-Turvy	Structural	AC:002461	0.525459
all_taxa	Topsy-Turvy	Structural	AC:002462	0.683241
all_taxa	Topsy-Turvy	Structural	AC:002463	0.498025
all_taxa	Topsy-Turvy	Structural	AC:002464	0.541487
all_taxa	Topsy-Turvy	Structural	AC:002465	0.1441
all_taxa	Topsy-Turvy	Structural	AC:002466	0.151098
all_taxa	Topsy-Turvy	Structural	AC:002468	0.370313
all_taxa	Topsy-Turvy	Structural	AC:002469	0.041932
all_taxa	Topsy-Turvy	Structural	AC:002471	0.678284
all_taxa	Topsy-Turvy	Structural	AC:002473	0.499289
all_taxa	Topsy-Turvy	Structural	AC:002475	0.021402
all_taxa	Topsy-Turvy	Structural	AC:002476	0.443838
all_taxa	Topsy-Turvy	Structural	AC:002477	0.637442
all_taxa	Topsy-Turvy	Structural	AC:002479	0.616996
all_taxa	Topsy-Turvy	Structural	AC:002481	0.105787
all_taxa	Topsy-Turvy	Structural	AC:002482	0.593226
all_taxa	Topsy-Turvy	Structural	AC:002483	0.117172
all_taxa	Topsy-Turvy	Structural	AC:002484	0.497411
all_taxa	Topsy-Turvy	Structural	AC:002486	0.002338
all_taxa	Topsy-Turvy	Structural	AC:002487	0.055103
all_taxa	Topsy-Turvy	Structural	AC:002490	0.399337
all_taxa	Topsy-Turvy	Structural	AC:002491	0.808429
all_taxa	Topsy-Turvy	Structural	AC:002492	0.703036
all_taxa	Topsy-Turvy	Structural	AC:002493	0.043913
all_taxa	Topsy-Turvy	Structural	AC:002494	0.526213
all_taxa	Topsy-Turvy	Structural	AC:002495	0.222
all_taxa	Topsy-Turvy	Structural	AC:002496	0.409023
all_taxa	Topsy-Turvy	Structural	AC:002497	0.814711
all_taxa	Topsy-Turvy	Structural	AC:002499	0.086506
all_taxa	Topsy-Turvy	Structural	AC:002500	0.279547
all_taxa	Topsy-Turvy	Structural	AC:002501	0.781422
all_taxa	Topsy-Turvy	Structural	AC:002502	0.757071
all_taxa	Topsy-Turvy	Structural	AC:002503	0.23944
all_taxa	Topsy-Turvy	Structural	AC:002504	0.356672
all_taxa	Topsy-Turvy	Structural	AC:002506	0.104071
all_taxa	Topsy-Turvy	Structural	AC:002507	0.211331
all_taxa	Topsy-Turvy	Structural	AC:002508	0.042232
all_taxa	Topsy-Turvy	Structural	AC:002509	0.086519
all_taxa	Topsy-Turvy	Structural	AC:002510	0.333378
all_taxa	Topsy-Turvy	Structural	AC:002513	0.510995
all_taxa	Topsy-Turvy	Structural	AC:002514	0.737303
all_taxa	Topsy-Turvy	Structural	AC:002515	0.829729
all_taxa	Topsy-Turvy	Structural	AC:002516	0.495814
all_taxa	Topsy-Turvy	Structural	AC:002517	0.676337
all_taxa	Topsy-Turvy	Structural	AC:002518	0.820017
all_taxa	Topsy-Turvy	Structural	AC:002519	0.499061
all_taxa	Topsy-Turvy	Structural	AC:002520	0.498981
all_taxa	Topsy-Turvy	Structural	AC:002522	0.708346
all_taxa	Topsy-Turvy	Structural	AC:002523	0.659996
all_taxa	Topsy-Turvy	Structural	AC:002524	0.145805
all_taxa	Topsy-Turvy	Structural	AC:002525	0.310544
all_taxa	Topsy-Turvy	Structural	AC:002526	0.160304
all_taxa	Topsy-Turvy	Structural	AC:002527	0.707412
all_taxa	Topsy-Turvy	Structural	AC:002528	0.009498
all_taxa	Topsy-Turvy	Structural	AC:002529	0.170059
all_taxa	Topsy-Turvy	Structural	AC:002531	0.25002
all_taxa	Topsy-Turvy	Structural	AC:002532	0.281893
all_taxa	Topsy-Turvy	Structural	AC:002533	0.333827
all_taxa	Topsy-Turvy	Structural	AC:002534	0.499541
all_taxa	Topsy-Turvy	Structural	AC:002535	0.0576
all_taxa	Topsy-Turvy	Structural	AC:002536	0.000344
all_taxa	Topsy-Turvy	Structural	AC:002537	0.041443
all_taxa	Topsy-Turvy	Structural	AC:002538	0.589979
all_taxa	Topsy-Turvy	Structural	AC:002539	0.718261
all_taxa	Topsy-Turvy	Structural	AC:002541	0.275614
all_taxa	Topsy-Turvy	Structural	AC:002543	0.316286
all_taxa	Topsy-Turvy	Structural	AC:002545	0.824523
all_taxa	Topsy-Turvy	Structural	AC:002546	0.495802
all_taxa	Topsy-Turvy	Structural	AC:002548	4.8e-05
all_taxa	Topsy-Turvy	Structural	AC:002549	0.499316
all_taxa	Topsy-Turvy	Structural	AC:002550	0.135528
all_taxa	Topsy-Turvy	Structural	AC:002552	0.326587
all_taxa	Topsy-Turvy	Structural	AC:002553	0.219638
all_taxa	Topsy-Turvy	Structural	AC:002555	0.289393
all_taxa	Topsy-Turvy	Structural	AC:002557	0.064595
all_taxa	Topsy-Turvy	Structural	AC:002558	0.770142
all_taxa	Topsy-Turvy	Structural	AC:002559	0.170002
all_taxa	Topsy-Turvy	Structural	AC:002560	0.001736
all_taxa	Topsy-Turvy	Structural	AC:002561	0.019771
all_taxa	Topsy-Turvy	Structural	AC:002562	0.591814
all_taxa	Topsy-Turvy	Structural	AC:002563	0.000144
all_taxa	Topsy-Turvy	Structural	AC:002564	0.047719
all_taxa	Topsy-Turvy	Structural	AC:002565	0.766405
all_taxa	Topsy-Turvy	Structural	AC:002566	0.536805
all_taxa	Topsy-Turvy	Structural	AC:002567	0.375819
all_taxa	Topsy-Turvy	Structural	AC:002568	5.3e-05
all_taxa	Topsy-Turvy	Structural	AC:002569	0.276869
all_taxa	Topsy-Turvy	Structural	AC:002570	0.819141
all_taxa	Topsy-Turvy	Structural	AC:002571	0.569219
all_taxa	Topsy-Turvy	Structural	AC:002572	0.212098
all_taxa	Topsy-Turvy	Structural	AC:002573	0.177796
all_taxa	Topsy-Turvy	Structural	AC:002574	0.001218
all_taxa	Topsy-Turvy	Structural	AC:002575	0.576732
all_taxa	Topsy-Turvy	Structural	AC:002577	0.521276
all_taxa	Topsy-Turvy	Structural	AC:002578	0.445894
all_taxa	Topsy-Turvy	Structural	AC:002579	0.683675
all_taxa	Topsy-Turvy	Structural	AC:002580	0.847865
all_taxa	Topsy-Turvy	Structural	AC:002581	0.683526
all_taxa	Topsy-Turvy	Structural	AC:002582	0.280472
all_taxa	Topsy-Turvy	Structural	AC:002583	0.030254
all_taxa	Topsy-Turvy	Structural	AC:002584	0.752879
all_taxa	Topsy-Turvy	Structural	AC:002586	0.214999
all_taxa	Topsy-Turvy	Structural	AC:002588	0.507638
all_taxa	Topsy-Turvy	Structural	AC:002589	7.5e-05
all_taxa	Topsy-Turvy	Structural	AC:002590	0.786627
all_taxa	Topsy-Turvy	Structural	AC:002591	0.51598
all_taxa	Topsy-Turvy	Structural	AC:002592	2.7e-05
all_taxa	Topsy-Turvy	Structural	AC:002593	0.781987
all_taxa	Topsy-Turvy	Structural	AC:002594	0.25419
all_taxa	Topsy-Turvy	Structural	AC:002595	6.1e-05
all_taxa	Topsy-Turvy	Structural	AC:002596	0.129199
all_taxa	Topsy-Turvy	Structural	AC:002597	0.741583
all_taxa	Topsy-Turvy	Structural	AC:002598	9e-05
all_taxa	Topsy-Turvy	Structural	AC:002599	0.057099
all_taxa	Topsy-Turvy	Structural	AC:002601	0.091113
all_taxa	Topsy-Turvy	Structural	AC:002603	0.077417
all_taxa	Topsy-Turvy	Structural	AC:002604	0.595944
all_taxa	Topsy-Turvy	Structural	AC:002607	0.477403
all_taxa	Topsy-Turvy	Structural	AC:002608	0.773512
all_taxa	Topsy-Turvy	Structural	AC:002609	0.082129
all_taxa	Topsy-Turvy	Structural	AC:002610	0.509195
all_taxa	Topsy-Turvy	Structural	AC:002611	0.44926
all_taxa	Topsy-Turvy	Structural	AC:002612	0.783519
all_taxa	Topsy-Turvy	Structural	AC:002613	0.682071
all_taxa	Topsy-Turvy	Structural	AC:002614	0.744644
all_taxa	Topsy-Turvy	Structural	AC:002615	0.088711
all_taxa	Topsy-Turvy	Structural	AC:002616	0.222005
all_taxa	Topsy-Turvy	Structural	AC:002617	0.590012
all_taxa	Topsy-Turvy	Structural	AC:002618	0.000423
all_taxa	Topsy-Turvy	Structural	AC:002619	0.247793
all_taxa	Topsy-Turvy	Structural	AC:002620	0.739955
all_taxa	Topsy-Turvy	Structural	AC:002621	0.528288
all_taxa	Topsy-Turvy	Structural	AC:002622	0.720943
all_taxa	Topsy-Turvy	Structural	AC:002623	0.499404
all_taxa	Topsy-Turvy	Structural	AC:002625	0.200837
all_taxa	Topsy-Turvy	Structural	AC:002626	0.042285
all_taxa	Topsy-Turvy	Structural	AC:002628	0.637446
all_taxa	Topsy-Turvy	Structural	AC:002629	0.215051
all_taxa	Topsy-Turvy	Structural	AC:002630	0.543265
all_taxa	Topsy-Turvy	Structural	AC:002631	0.460019
all_taxa	Topsy-Turvy	Structural	AC:002632	0.723244
all_taxa	Topsy-Turvy	Structural	AC:002633	0.72265
all_taxa	Topsy-Turvy	Structural	AC:002634	0.721788
all_taxa	Topsy-Turvy	Structural	AC:002635	0.314729
all_taxa	Topsy-Turvy	Structural	AC:002636	0.074876
all_taxa	Topsy-Turvy	Structural	AC:002637	0.57359
all_taxa	Topsy-Turvy	Structural	AC:002638	8.8e-05
all_taxa	Topsy-Turvy	Structural	AC:002639	0.305028
all_taxa	Topsy-Turvy	Structural	AC:002640	0.215083
all_taxa	Topsy-Turvy	Structural	AC:002642	0.156941
all_taxa	Topsy-Turvy	Structural	AC:002643	0.703005
all_taxa	Topsy-Turvy	Structural	AC:002644	0.003715
all_taxa	Topsy-Turvy	Structural	AC:002645	0.079886
all_taxa	Topsy-Turvy	Structural	AC:002646	0.582481
all_taxa	Topsy-Turvy	Structural	AC:002647	0.797024
all_taxa	Topsy-Turvy	Structural	AC:002649	0.168979
all_taxa	Topsy-Turvy	Structural	AC:002650	0.47292
all_taxa	Topsy-Turvy	Structural	AC:002651	0.499066
all_taxa	Topsy-Turvy	Structural	AC:002652	0.305705
all_taxa	Topsy-Turvy	Structural	AC:002653	0.437472
all_taxa	Topsy-Turvy	Structural	AC:002655	0.471617
all_taxa	Topsy-Turvy	Structural	AC:002656	0.588095
all_taxa	Topsy-Turvy	Structural	AC:002657	0.473562
all_taxa	Topsy-Turvy	Structural	AC:002658	0.200379
all_taxa	Topsy-Turvy	Structural	AC:002659	0.674426
all_taxa	Topsy-Turvy	Structural	AC:002660	0.006912
all_taxa	Topsy-Turvy	Structural	AC:002661	0.508211
all_taxa	Topsy-Turvy	Structural	AC:002662	0.488329
all_taxa	Topsy-Turvy	Structural	AC:002663	0.577854
all_taxa	Topsy-Turvy	Structural	AC:002664	0.477656
all_taxa	Topsy-Turvy	Structural	AC:002665	0.699569
all_taxa	Topsy-Turvy	Structural	AC:002666	0.040422
all_taxa	Topsy-Turvy	Structural	AC:002667	0.129099
all_taxa	Topsy-Turvy	Structural	AC:002668	0.667754
all_taxa	Topsy-Turvy	Structural	AC:002669	8e-05
all_taxa	Topsy-Turvy	Structural	AC:002671	0.711352
all_taxa	Topsy-Turvy	Structural	AC:002672	0.706316
all_taxa	Topsy-Turvy	Structural	AC:002674	0.645595
all_taxa	Topsy-Turvy	Structural	AC:002675	0.281556
all_taxa	Topsy-Turvy	Structural	AC:002677	0.152847
all_taxa	Topsy-Turvy	Structural	AC:002678	0.400344
all_taxa	Topsy-Turvy	Structural	AC:002679	0.492236
all_taxa	Topsy-Turvy	Structural	AC:002680	0.52857
all_taxa	Topsy-Turvy	Structural	AC:002681	0.850487
all_taxa	Topsy-Turvy	Structural	AC:002683	0.551603
all_taxa	Topsy-Turvy	Structural	AC:002684	0.145376
all_taxa	Topsy-Turvy	Structural	AC:002685	0.000607
all_taxa	Topsy-Turvy	Structural	AC:002686	0.320145
all_taxa	Topsy-Turvy	Structural	AC:002687	0.186132
all_taxa	Topsy-Turvy	Structural	AC:002688	0.014721
all_taxa	Topsy-Turvy	Structural	AC:002689	0.769765
all_taxa	Topsy-Turvy	Structural	AC:002690	0.255573
all_taxa	Topsy-Turvy	Structural	AC:002691	0.742389
all_taxa	Topsy-Turvy	Structural	AC:002692	0.075776
all_taxa	Topsy-Turvy	Structural	AC:002693	0.360114
all_taxa	Topsy-Turvy	Structural	AC:002694	0.59363
all_taxa	Topsy-Turvy	Structural	AC:002695	0.195887
all_taxa	Topsy-Turvy	Structural	AC:002697	0.399917
all_taxa	Topsy-Turvy	Structural	AC:002698	0.200969
all_taxa	Topsy-Turvy	Structural	AC:002699	0.708034
all_taxa	Topsy-Turvy	Structural	AC:002700	0.758862
all_taxa	Topsy-Turvy	Structural	AC:002702	0.174513
all_taxa	Topsy-Turvy	Structural	AC:002704	9.7e-05
all_taxa	Topsy-Turvy	Structural	AC:002705	0.758899
all_taxa	Topsy-Turvy	Structural	AC:002706	0.476651
all_taxa	Topsy-Turvy	Structural	AC:002707	0.622148
all_taxa	Topsy-Turvy	Structural	AC:002708	0.320286
all_taxa	Topsy-Turvy	Structural	AC:002709	0.226786
all_taxa	Topsy-Turvy	Structural	AC:002710	0.511645
all_taxa	Topsy-Turvy	Structural	AC:002711	0.055069
all_taxa	Topsy-Turvy	Structural	AC:002713	0.155445
all_taxa	Topsy-Turvy	Structural	AC:002714	0.497801
all_taxa	Topsy-Turvy	Structural	AC:002716	0.638116
all_taxa	Topsy-Turvy	Structural	AC:002717	0.428016
all_taxa	Topsy-Turvy	Structural	AC:002718	0.06193
all_taxa	Topsy-Turvy	Structural	AC:002719	0.685407
all_taxa	Topsy-Turvy	Structural	AC:002720	0.556846
all_taxa	Topsy-Turvy	Structural	AC:002721	0.838271
all_taxa	Topsy-Turvy	Structural	AC:002723	0.786831
all_taxa	Topsy-Turvy	Structural	AC:002724	0.075057
all_taxa	Topsy-Turvy	Structural	AC:002725	0.073052
all_taxa	Topsy-Turvy	Structural	AC:002726	0.32642
all_taxa	Topsy-Turvy	Structural	AC:002728	0.071155
all_taxa	Topsy-Turvy	Structural	AC:002729	0.864464
all_taxa	Topsy-Turvy	Structural	AC:002730	0.497986
all_taxa	Topsy-Turvy	Structural	AC:002731	0.599373
all_taxa	Topsy-Turvy	Structural	AC:002732	0.019689
all_taxa	Topsy-Turvy	Structural	AC:002733	0.135259
all_taxa	Topsy-Turvy	Structural	AC:002735	0.623211
all_taxa	Topsy-Turvy	Structural	AC:002736	0.498748
all_taxa	Topsy-Turvy	Structural	AC:002737	0.65877
all_taxa	Topsy-Turvy	Structural	AC:002740	0.698915
all_taxa	Topsy-Turvy	Structural	AC:002741	0.17924
all_taxa	Topsy-Turvy	Structural	AC:002744	0.200273
all_taxa	Topsy-Turvy	Structural	AC:002745	0.785637
all_taxa	Topsy-Turvy	Structural	AC:002747	0.673038
all_taxa	Topsy-Turvy	Structural	AC:002748	0.769055
all_taxa	Topsy-Turvy	Structural	AC:002749	0.673502
all_taxa	Topsy-Turvy	Structural	AC:002751	0.49973
all_taxa	Topsy-Turvy	Structural	AC:002752	0.711686
all_taxa	Topsy-Turvy	Structural	AC:002754	0.214083
all_taxa	Topsy-Turvy	Structural	AC:002755	0.205532
all_taxa	Topsy-Turvy	Structural	AC:002756	0.692744
all_taxa	Topsy-Turvy	Structural	AC:002757	0.744106
all_taxa	Topsy-Turvy	Structural	AC:002758	0.051025
all_taxa	Topsy-Turvy	Structural	AC:002759	0.29312
all_taxa	Topsy-Turvy	Structural	AC:002760	0.478184
all_taxa	Topsy-Turvy	Structural	AC:002761	0.143571
all_taxa	Topsy-Turvy	Structural	AC:002762	0.707006
all_taxa	Topsy-Turvy	Structural	AC:002763	0.079191
all_taxa	Topsy-Turvy	Structural	AC:002764	0.766284
all_taxa	Topsy-Turvy	Structural	AC:002765	0.728906
all_taxa	Topsy-Turvy	Structural	AC:002766	0.493057
all_taxa	Topsy-Turvy	Structural	AC:002767	0.293216
all_taxa	Topsy-Turvy	Structural	AC:002768	0.117358
all_taxa	Topsy-Turvy	Structural	AC:002769	0.574438
all_taxa	Topsy-Turvy	Structural	AC:002770	0.686048
all_taxa	Topsy-Turvy	Structural	AC:002773	0.682234
all_taxa	Topsy-Turvy	Structural	AC:002774	0.631088
all_taxa	Topsy-Turvy	Structural	AC:002776	0.497667
all_taxa	Topsy-Turvy	Structural	AC:002778	0.747586
all_taxa	Topsy-Turvy	Structural	AC:002779	0.108672
all_taxa	Topsy-Turvy	Structural	AC:002780	0.495203
all_taxa	Topsy-Turvy	Structural	AC:002782	0.399891
all_taxa	Topsy-Turvy	Structural	AC:002784	0.064639
all_taxa	Topsy-Turvy	Structural	AC:002787	0.864111
all_taxa	Topsy-Turvy	Structural	AC:002788	0.422149
all_taxa	Topsy-Turvy	Structural	AC:002789	0.33273
all_taxa	Topsy-Turvy	Structural	AC:002790	0.021459
all_taxa	Topsy-Turvy	Structural	AC:002791	0.080335
all_taxa	Topsy-Turvy	Structural	AC:002792	0.634411
all_taxa	Topsy-Turvy	Structural	AC:002793	0.67007
all_taxa	Topsy-Turvy	Structural	AC:002794	0.030948
all_taxa	Topsy-Turvy	Structural	AC:002795	0.636029
all_taxa	Topsy-Turvy	Structural	AC:002796	0.448519
all_taxa	Topsy-Turvy	Structural	AC:002797	1.8e-05
all_taxa	Topsy-Turvy	Structural	AC:002800	0.579273
all_taxa	Topsy-Turvy	Structural	AC:002801	0.071131
all_taxa	Topsy-Turvy	Structural	AC:002803	0.767361
all_taxa	Topsy-Turvy	Structural	AC:002804	0.700787
all_taxa	Topsy-Turvy	Structural	AC:002805	0.500402
all_taxa	Topsy-Turvy	Structural	AC:002806	0.650334
all_taxa	Topsy-Turvy	Structural	AC:002807	0.336011
all_taxa	Topsy-Turvy	Structural	AC:002808	0.641297
all_taxa	Topsy-Turvy	Structural	AC:002809	0.224086
all_taxa	Topsy-Turvy	Structural	AC:002810	0.04692
all_taxa	Topsy-Turvy	Structural	AC:002811	0.085307
all_taxa	Topsy-Turvy	Structural	AC:002812	3.1e-05
all_taxa	Topsy-Turvy	Structural	AC:002813	0.498703
all_taxa	Topsy-Turvy	Structural	AC:002814	0.534047
all_taxa	Topsy-Turvy	Structural	AC:002815	0.498527
all_taxa	Topsy-Turvy	Structural	AC:002816	0.131762
all_taxa	Topsy-Turvy	Structural	AC:002817	0.497434
all_taxa	Topsy-Turvy	Structural	AC:002818	0.467707
all_taxa	Topsy-Turvy	Structural	AC:002819	0.494829
all_taxa	Topsy-Turvy	Structural	AC:002820	0.498163
all_taxa	Topsy-Turvy	Structural	AC:002823	0.125034
all_taxa	Topsy-Turvy	Structural	AC:002824	0.370814
all_taxa	Topsy-Turvy	Structural	AC:002825	0.563158
all_taxa	Topsy-Turvy	Structural	AC:002826	0.724015
all_taxa	Topsy-Turvy	Structural	AC:002828	0.37423
all_taxa	Topsy-Turvy	Structural	AC:002830	0.036372
all_taxa	Topsy-Turvy	Structural	AC:002832	0.592135
all_taxa	Topsy-Turvy	Structural	AC:002835	0.39247
all_taxa	Topsy-Turvy	Structural	AC:002836	0.586699
all_taxa	Topsy-Turvy	Structural	AC:002837	0.499917
all_taxa	Topsy-Turvy	Structural	AC:002838	0.201683
all_taxa	Topsy-Turvy	Structural	AC:002839	0.499049
all_taxa	Topsy-Turvy	Structural	AC:002840	0.01797
all_taxa	Topsy-Turvy	Structural	AC:002841	0.393643
all_taxa	Topsy-Turvy	Structural	AC:002843	0.192815
all_taxa	Topsy-Turvy	Structural	AC:002845	0.177126
all_taxa	Topsy-Turvy	Structural	AC:002846	0.16399
all_taxa	Topsy-Turvy	Structural	AC:002847	0.147146
all_taxa	Topsy-Turvy	Structural	AC:002848	0.206049
all_taxa	Topsy-Turvy	Structural	AC:002849	0.442076
all_taxa	Topsy-Turvy	Structural	AC:002850	0.333193
all_taxa	Topsy-Turvy	Structural	AC:002852	0.420921
all_taxa	Topsy-Turvy	Structural	AC:002853	0.866331
all_taxa	Topsy-Turvy	Structural	AC:002854	0.12033
all_taxa	Topsy-Turvy	Structural	AC:002855	0.369287
all_taxa	Topsy-Turvy	Structural	AC:002856	0.544964
all_taxa	Topsy-Turvy	Structural	AC:002857	0.066421
all_taxa	Topsy-Turvy	Structural	AC:002858	0.638184
all_taxa	Topsy-Turvy	Structural	AC:002859	0.67394
all_taxa	Topsy-Turvy	Structural	AC:002860	0.397017
all_taxa	Topsy-Turvy	Structural	AC:002861	0.829665
all_taxa	Topsy-Turvy	Structural	AC:002862	0.608354
all_taxa	Topsy-Turvy	Structural	AC:002864	0.497036
all_taxa	Topsy-Turvy	Structural	AC:002865	0.182563
all_taxa	Topsy-Turvy	Structural	AC:002866	0.787449
all_taxa	Topsy-Turvy	Structural	AC:002867	0.722809
all_taxa	Topsy-Turvy	Structural	AC:002869	0.680667
all_taxa	Topsy-Turvy	Structural	AC:002870	0.09108
all_taxa	Topsy-Turvy	Structural	AC:002871	0.545619
all_taxa	Topsy-Turvy	Structural	AC:002872	0.07628
all_taxa	Topsy-Turvy	Structural	AC:002873	0.113082
all_taxa	Topsy-Turvy	Structural	AC:002874	0.003381
all_taxa	Topsy-Turvy	Structural	AC:002875	0.758433
all_taxa	Topsy-Turvy	Structural	AC:002877	2.7e-05
all_taxa	Topsy-Turvy	Structural	AC:002878	0.030511
all_taxa	Topsy-Turvy	Structural	AC:002879	0.873619
all_taxa	Topsy-Turvy	Structural	AC:002881	0.051252
all_taxa	Topsy-Turvy	Structural	AC:002882	0.090637
all_taxa	Topsy-Turvy	Structural	AC:002883	0.499603
all_taxa	Topsy-Turvy	Structural	AC:002884	0.735053
all_taxa	Topsy-Turvy	Structural	AC:002885	0.054626
all_taxa	Topsy-Turvy	Structural	AC:002886	0.694923
all_taxa	Topsy-Turvy	Structural	AC:002887	0.020549
all_taxa	Topsy-Turvy	Structural	AC:002888	0.318177
all_taxa	Topsy-Turvy	Structural	AC:002889	0.512532
all_taxa	Topsy-Turvy	Structural	AC:002890	0.09581
all_taxa	Topsy-Turvy	Structural	AC:002893	0.60582
all_taxa	Topsy-Turvy	Structural	AC:002894	0.656559
all_taxa	Topsy-Turvy	Structural	AC:002896	0.466658
all_taxa	Topsy-Turvy	Structural	AC:002898	0.78899
all_taxa	Topsy-Turvy	Structural	AC:002899	0.582939
all_taxa	Topsy-Turvy	Structural	AC:002900	0.649449
all_taxa	Topsy-Turvy	Structural	AC:002901	0.344952
all_taxa	Topsy-Turvy	Structural	AC:002902	0.48325
all_taxa	Topsy-Turvy	Structural	AC:002903	0.275738
all_taxa	Topsy-Turvy	Structural	AC:002904	0.146775
all_taxa	Topsy-Turvy	Structural	AC:002905	0.330822
all_taxa	Topsy-Turvy	Structural	AC:002906	0.58072
all_taxa	Topsy-Turvy	Structural	AC:002907	0.200902
all_taxa	Topsy-Turvy	Structural	AC:002908	0.312986
all_taxa	Topsy-Turvy	Structural	AC:002909	0.722302
all_taxa	Topsy-Turvy	Structural	AC:002910	0.808702
all_taxa	Topsy-Turvy	Structural	AC:002911	0.069066
all_taxa	Topsy-Turvy	Structural	AC:002914	0.58089
all_taxa	Topsy-Turvy	Structural	AC:002915	0.586365
all_taxa	Topsy-Turvy	Structural	AC:002916	0.201397
all_taxa	Topsy-Turvy	Structural	AC:002917	0.497604
all_taxa	Topsy-Turvy	Structural	AC:002918	0.499138
all_taxa	Topsy-Turvy	Structural	AC:002919	0.029077
all_taxa	Topsy-Turvy	Structural	AC:002920	0.612562
all_taxa	Topsy-Turvy	Structural	AC:002921	0.521667
all_taxa	Topsy-Turvy	Structural	AC:002922	0.678334
all_taxa	Topsy-Turvy	Structural	AC:002924	0.794348
all_taxa	Topsy-Turvy	Structural	AC:002925	0.41218
all_taxa	Topsy-Turvy	Structural	AC:002926	0.226263
all_taxa	Topsy-Turvy	Structural	AC:002927	0.102862
all_taxa	Topsy-Turvy	Structural	AC:002928	0.838583
all_taxa	Topsy-Turvy	Structural	AC:002929	0.000284
all_taxa	Topsy-Turvy	Structural	AC:002930	0.33172
all_taxa	Topsy-Turvy	Structural	AC:002931	0.015434
all_taxa	Topsy-Turvy	Structural	AC:002932	0.486772
all_taxa	Topsy-Turvy	Structural	AC:002933	0.68229
all_taxa	Topsy-Turvy	Structural	AC:002934	0.500159
all_taxa	Topsy-Turvy	Structural	AC:002935	0.701395
all_taxa	Topsy-Turvy	Structural	AC:002936	0.766561
all_taxa	Topsy-Turvy	Structural	AC:002938	0.075157
all_taxa	Topsy-Turvy	Structural	AC:002939	0.091535
all_taxa	Topsy-Turvy	Structural	AC:002940	0.335139
all_taxa	Topsy-Turvy	Structural	AC:002941	0.69007
all_taxa	Topsy-Turvy	Structural	AC:002942	0.46947
all_taxa	Topsy-Turvy	Structural	AC:002943	0.335212
all_taxa	Topsy-Turvy	Structural	AC:002945	0.201134
all_taxa	Topsy-Turvy	Structural	AC:002946	0.804406
all_taxa	Topsy-Turvy	Structural	AC:002948	0.103144
all_taxa	Topsy-Turvy	Structural	AC:002949	0.642668
all_taxa	Topsy-Turvy	Structural	AC:002951	0.712301
all_taxa	Topsy-Turvy	Structural	AC:002953	3.3e-05
all_taxa	Topsy-Turvy	Structural	AC:002954	0.711794
all_taxa	Topsy-Turvy	Structural	AC:002955	0.061748
all_taxa	Topsy-Turvy	Structural	AC:002957	0.499296
all_taxa	Topsy-Turvy	Structural	AC:002958	0.767097
all_taxa	Topsy-Turvy	Structural	AC:002959	0.579674
all_taxa	Topsy-Turvy	Structural	AC:002962	0.499541
all_taxa	Topsy-Turvy	Structural	AC:002963	0.674165
all_taxa	Topsy-Turvy	Structural	AC:002964	0.167077
all_taxa	Topsy-Turvy	Structural	AC:002965	0.510613
all_taxa	Topsy-Turvy	Structural	AC:002966	0.821333
all_taxa	Topsy-Turvy	Structural	AC:002967	3e-05
all_taxa	Topsy-Turvy	Structural	AC:002968	0.200671
all_taxa	Topsy-Turvy	Structural	AC:002969	0.554704
all_taxa	Topsy-Turvy	Structural	AC:002971	0.00012
all_taxa	Topsy-Turvy	Structural	AC:002973	0.333573
all_taxa	Topsy-Turvy	Structural	AC:002974	0.163857
all_taxa	Topsy-Turvy	Structural	AC:002975	0.631558
all_taxa	Topsy-Turvy	Structural	AC:002976	0.455434
all_taxa	Topsy-Turvy	Structural	AC:002978	0.709366
all_taxa	Topsy-Turvy	Structural	AC:002979	0.403025
all_taxa	Topsy-Turvy	Structural	AC:002980	0.749187
all_taxa	Topsy-Turvy	Structural	AC:002981	0.246551
all_taxa	Topsy-Turvy	Structural	AC:002982	1.9e-05
all_taxa	Topsy-Turvy	Structural	AC:002983	0.739838
all_taxa	Topsy-Turvy	Structural	AC:002984	0.189603
all_taxa	Topsy-Turvy	Structural	AC:002985	0.691488
all_taxa	Topsy-Turvy	Structural	AC:002986	0.203491
all_taxa	Topsy-Turvy	Structural	AC:002987	0.003248
all_taxa	Topsy-Turvy	Structural	AC:002989	0.003225
all_taxa	Topsy-Turvy	Structural	AC:002990	0.003637
all_taxa	Topsy-Turvy	Structural	AC:002992	0.783405
all_taxa	Topsy-Turvy	Structural	AC:002993	0.488866
all_taxa	Topsy-Turvy	Structural	AC:002995	0.260033
all_taxa	Topsy-Turvy	Structural	AC:002996	0.001629
all_taxa	Topsy-Turvy	Structural	AC:002997	0.148626
all_taxa	Topsy-Turvy	Structural	AC:002998	0.743924
all_taxa	Topsy-Turvy	Structural	AC:003000	0.656325
all_taxa	Topsy-Turvy	Structural	AC:003001	0.493483
all_taxa	Topsy-Turvy	Structural	AC:003002	0.113603
all_taxa	Topsy-Turvy	Structural	AC:003003	0.42181
all_taxa	Topsy-Turvy	Structural	AC:003004	0.498775
all_taxa	Topsy-Turvy	Structural	AC:003005	0.260761
all_taxa	Topsy-Turvy	Structural	AC:003007	0.412582
all_taxa	Topsy-Turvy	Structural	AC:003008	0.770714
all_taxa	Topsy-Turvy	Structural	AC:003010	0.513536
all_taxa	Topsy-Turvy	Structural	AC:003011	0.066166
all_taxa	Topsy-Turvy	Structural	AC:003012	0.073566
all_taxa	Topsy-Turvy	Structural	AC:003013	0.043871
all_taxa	Topsy-Turvy	Structural	AC:003014	0.332934
all_taxa	Topsy-Turvy	Structural	AC:003016	0.397382
all_taxa	Topsy-Turvy	Structural	AC:003017	0.489879
all_taxa	Topsy-Turvy	Structural	AC:003018	0.387387
all_taxa	Topsy-Turvy	Structural	AC:003019	0.499709
all_taxa	Topsy-Turvy	Structural	AC:003020	0.250153
all_taxa	Topsy-Turvy	Structural	AC:003021	0.839657
all_taxa	Topsy-Turvy	Structural	AC:003023	0.25269
all_taxa	Topsy-Turvy	Structural	AC:003024	0.766055
all_taxa	Topsy-Turvy	Structural	AC:003026	0.568433
all_taxa	Topsy-Turvy	Structural	AC:003027	0.757205
all_taxa	Topsy-Turvy	Structural	AC:003028	0.711795
all_taxa	Topsy-Turvy	Structural	AC:003029	0.063916
all_taxa	Topsy-Turvy	Structural	AC:003030	0.24636
all_taxa	Topsy-Turvy	Structural	AC:003031	0.62381
all_taxa	Topsy-Turvy	Structural	AC:003032	0.773182
all_taxa	Topsy-Turvy	Structural	AC:003033	0.049694
all_taxa	Topsy-Turvy	Structural	AC:003035	0.748164
all_taxa	Topsy-Turvy	Structural	AC:003036	0.678519
all_taxa	Topsy-Turvy	Structural	AC:003037	0.48691
all_taxa	Topsy-Turvy	Structural	AC:003038	0.594813
all_taxa	Topsy-Turvy	Structural	AC:003039	0.440367
all_taxa	Topsy-Turvy	Structural	AC:003041	0.69296
all_taxa	Topsy-Turvy	Structural	AC:003042	0.044489
all_taxa	Topsy-Turvy	Structural	AC:003043	8.2e-05
all_taxa	Topsy-Turvy	Structural	AC:003044	0.838874
all_taxa	Topsy-Turvy	Structural	AC:003045	0.193681
all_taxa	Topsy-Turvy	Structural	AC:003046	0.793384
all_taxa	Topsy-Turvy	Structural	AC:003047	0.756394
all_taxa	Topsy-Turvy	Structural	AC:003048	0.736502
all_taxa	Topsy-Turvy	Structural	AC:003049	0.146275
all_taxa	Topsy-Turvy	Structural	AC:003050	0.747597
all_taxa	Topsy-Turvy	Structural	AC:003051	0.206015
human_only	PLM-Interact	Negatome	NEG:00009	0.067713
human_only	PLM-Interact	Negatome	NEG:00012	0.999605
human_only	PLM-Interact	Negatome	NEG:00014	0.996908
human_only	PLM-Interact	Negatome	NEG:00015	0.997756
human_only	PLM-Interact	Negatome	NEG:00016	0.000146
human_only	PLM-Interact	Negatome	NEG:00042	0.98269
human_only	PLM-Interact	Negatome	NEG:00115	6.8e-05
human_only	PLM-Interact	Negatome	NEG:00116	7.2e-05
human_only	PLM-Interact	Negatome	NEG:00117	6.4e-05
human_only	PLM-Interact	Negatome	NEG:00180	9.5e-05
human_only	PLM-Interact	Negatome	NEG:00237	6.3e-05
human_only	PLM-Interact	Negatome	NEG:00250	0.024349
human_only	PLM-Interact	Negatome	NEG:00252	0.000104
human_only	PLM-Interact	Negatome	NEG:00350	0.000593
human_only	PLM-Interact	Negatome	NEG:00365	0.26375
human_only	PLM-Interact	Negatome	NEG:00367	0.99959
human_only	PLM-Interact	Negatome	NEG:00368	0.997995
human_only	PLM-Interact	Negatome	NEG:00369	0.999019
human_only	PLM-Interact	Negatome	NEG:00371	0.289736
human_only	PLM-Interact	Negatome	NEG:00373	0.999575
human_only	PLM-Interact	Negatome	NEG:00403	0.000239
human_only	PLM-Interact	Negatome	NEG:00435	0.069717
human_only	PLM-Interact	Negatome	NEG:00437	0.000633
human_only	PLM-Interact	Negatome	NEG:00438	9.7e-05
human_only	PLM-Interact	Negatome	NEG:00439	5.8e-05
human_only	PLM-Interact	Negatome	NEG:00440	0.00012
human_only	PLM-Interact	Negatome	NEG:00442	0.997053
human_only	PLM-Interact	Negatome	NEG:00482	6.9e-05
human_only	PLM-Interact	Negatome	NEG:00494	0.001874
human_only	PLM-Interact	Negatome	NEG:00510	0.99989
human_only	PLM-Interact	Negatome	NEG:00511	0.001141
human_only	PLM-Interact	Negatome	NEG:00558	0.992199
human_only	PLM-Interact	Negatome	NEG:00562	0.330661
human_only	PLM-Interact	Negatome	NEG:00566	0.000554
human_only	PLM-Interact	Negatome	NEG:00570	0.980238
human_only	PLM-Interact	Negatome	NEG:00601	0.99932
human_only	PLM-Interact	Negatome	NEG:00629	0.999576
human_only	PLM-Interact	Negatome	NEG:00633	0.997668
human_only	PLM-Interact	Negatome	NEG:00634	0.714484
human_only	PLM-Interact	Negatome	NEG:00642	0.999323
human_only	PLM-Interact	Negatome	NEG:00664	0.571381
human_only	PLM-Interact	Negatome	NEG:00698	0.000101
human_only	PLM-Interact	Negatome	NEG:00699	0.000172
human_only	PLM-Interact	Negatome	NEG:00700	0.000771
human_only	PLM-Interact	Negatome	NEG:00701	0.000106
human_only	PLM-Interact	Negatome	NEG:00703	8e-05
human_only	PLM-Interact	Negatome	NEG:00704	6.6e-05
human_only	PLM-Interact	Negatome	NEG:00705	5.7e-05
human_only	PLM-Interact	Negatome	NEG:00706	0.003876
human_only	PLM-Interact	Negatome	NEG:00707	5.3e-05
human_only	PLM-Interact	Negatome	NEG:00708	5.5e-05
human_only	PLM-Interact	Negatome	NEG:00709	0.000117
human_only	PLM-Interact	Negatome	NEG:00710	5.7e-05
human_only	PLM-Interact	Negatome	NEG:00711	8.8e-05
human_only	PLM-Interact	Negatome	NEG:00712	0.000503
human_only	PLM-Interact	Negatome	NEG:00716	0.005069
human_only	PLM-Interact	Negatome	NEG:00717	9.5e-05
human_only	PLM-Interact	Negatome	NEG:00718	6.4e-05
human_only	PLM-Interact	Negatome	NEG:00719	0.000376
human_only	PLM-Interact	Negatome	NEG:00734	0.484056
human_only	PLM-Interact	Negatome	NEG:00744	0.022213
human_only	PLM-Interact	Negatome	NEG:00745	8.5e-05
human_only	PLM-Interact	Negatome	NEG:00746	5.1e-05
human_only	PLM-Interact	Negatome	NEG:00747	0.022023
human_only	PLM-Interact	Negatome	NEG:00748	6.2e-05
human_only	PLM-Interact	Negatome	NEG:00749	6.5e-05
human_only	PLM-Interact	Negatome	NEG:00750	9.9e-05
human_only	PLM-Interact	Negatome	NEG:00751	0.048935
human_only	PLM-Interact	Negatome	NEG:00752	0.000131
human_only	PLM-Interact	Negatome	NEG:00753	9.5e-05
human_only	PLM-Interact	Negatome	NEG:00754	0.000494
human_only	PLM-Interact	Negatome	NEG:00755	0.004179
human_only	PLM-Interact	Negatome	NEG:00756	0.001371
human_only	PLM-Interact	Negatome	NEG:00757	0.000331
human_only	PLM-Interact	Negatome	NEG:00758	0.000139
human_only	PLM-Interact	Negatome	NEG:00759	7.1e-05
human_only	PLM-Interact	Negatome	NEG:00760	7e-05
human_only	PLM-Interact	Negatome	NEG:00761	0.000633
human_only	PLM-Interact	Negatome	NEG:00762	7.6e-05
human_only	PLM-Interact	Negatome	NEG:00763	0.000102
human_only	PLM-Interact	Negatome	NEG:00764	0.000127
human_only	PLM-Interact	Negatome	NEG:00765	0.00011
human_only	PLM-Interact	Negatome	NEG:00766	0.029924
human_only	PLM-Interact	Negatome	NEG:00767	0.000378
human_only	PLM-Interact	Negatome	NEG:00768	0.023967
human_only	PLM-Interact	Negatome	NEG:00769	0.960797
human_only	PLM-Interact	Negatome	NEG:00770	0.000192
human_only	PLM-Interact	Negatome	NEG:00771	0.000164
human_only	PLM-Interact	Negatome	NEG:00772	0.999687
human_only	PLM-Interact	Negatome	NEG:00773	0.000108
human_only	PLM-Interact	Negatome	NEG:00774	0.069045
human_only	PLM-Interact	Negatome	NEG:00775	0.041235
human_only	PLM-Interact	Negatome	NEG:00776	0.002587
human_only	PLM-Interact	Negatome	NEG:00777	0.023088
human_only	PLM-Interact	Negatome	NEG:00778	0.000402
human_only	PLM-Interact	Negatome	NEG:00781	0.000264
human_only	PLM-Interact	Negatome	NEG:00782	0.998348
human_only	PLM-Interact	Negatome	NEG:00783	0.002376
human_only	PLM-Interact	Negatome	NEG:00784	0.023429
human_only	PLM-Interact	Negatome	NEG:00804	0.999513
human_only	PLM-Interact	Negatome	NEG:00807	0.850199
human_only	PLM-Interact	Negatome	NEG:00808	0.921424
human_only	PLM-Interact	Negatome	NEG:00829	0.999174
human_only	PLM-Interact	Negatome	NEG:00843	0.996307
human_only	PLM-Interact	Negatome	NEG:00849	0.999345
human_only	PLM-Interact	Negatome	NEG:00850	5.9e-05
human_only	PLM-Interact	Negatome	NEG:00864	0.00013
human_only	PLM-Interact	Negatome	NEG:00865	0.000591
human_only	PLM-Interact	Negatome	NEG:00866	0.662564
human_only	PLM-Interact	Negatome	NEG:00867	0.001646
human_only	PLM-Interact	Negatome	NEG:00868	0.010911
human_only	PLM-Interact	Negatome	NEG:00869	0.996929
human_only	PLM-Interact	Negatome	NEG:00870	0.861261
human_only	PLM-Interact	Negatome	NEG:00871	0.000493
human_only	PLM-Interact	Negatome	NEG:00872	0.00028
human_only	PLM-Interact	Negatome	NEG:00873	0.000265
human_only	PLM-Interact	Negatome	NEG:00874	0.463223
human_only	PLM-Interact	Negatome	NEG:00875	0.998905
human_only	PLM-Interact	Negatome	NEG:00876	0.001658
human_only	PLM-Interact	Negatome	NEG:00877	0.00507
human_only	PLM-Interact	Negatome	NEG:00880	0.000853
human_only	PLM-Interact	Negatome	NEG:00881	0.00521
human_only	PLM-Interact	Negatome	NEG:00882	0.000294
human_only	PLM-Interact	Negatome	NEG:00883	0.497158
human_only	PLM-Interact	Negatome	NEG:00937	0.000104
human_only	PLM-Interact	Negatome	NEG:00938	9.3e-05
human_only	PLM-Interact	Negatome	NEG:00939	5.5e-05
human_only	PLM-Interact	Negatome	NEG:00940	0.00135
human_only	PLM-Interact	Negatome	NEG:00941	7.5e-05
human_only	PLM-Interact	Negatome	NEG:00942	5.9e-05
human_only	PLM-Interact	Negatome	NEG:00943	5.5e-05
human_only	PLM-Interact	Negatome	NEG:00944	5.5e-05
human_only	PLM-Interact	Negatome	NEG:00945	5.7e-05
human_only	PLM-Interact	Negatome	NEG:00946	0.999785
human_only	PLM-Interact	Negatome	NEG:00947	9e-05
human_only	PLM-Interact	Negatome	NEG:00948	0.0023
human_only	PLM-Interact	Negatome	NEG:00952	7e-05
human_only	PLM-Interact	Negatome	NEG:00953	7.9e-05
human_only	PLM-Interact	Negatome	NEG:00954	5.9e-05
human_only	PLM-Interact	Negatome	NEG:00955	7.6e-05
human_only	PLM-Interact	Negatome	NEG:00956	0.000123
human_only	PLM-Interact	Negatome	NEG:00999	9.4e-05
human_only	PLM-Interact	Negatome	NEG:01018	0.001822
human_only	PLM-Interact	Negatome	NEG:01019	6.2e-05
human_only	PLM-Interact	Negatome	NEG:01020	0.001574
human_only	PLM-Interact	Negatome	NEG:01021	0.000413
human_only	PLM-Interact	Negatome	NEG:01024	5.1e-05
human_only	PLM-Interact	Negatome	NEG:01026	0.002692
human_only	PLM-Interact	Negatome	NEG:01027	9.8e-05
human_only	PLM-Interact	Negatome	NEG:01032	5.8e-05
human_only	PLM-Interact	Negatome	NEG:01033	0.000143
human_only	PLM-Interact	Negatome	NEG:01051	0.002745
human_only	PLM-Interact	Negatome	NEG:01052	0.010243
human_only	PLM-Interact	Negatome	NEG:01053	6.5e-05
human_only	PLM-Interact	Negatome	NEG:01054	5.6e-05
human_only	PLM-Interact	Negatome	NEG:01055	5.7e-05
human_only	PLM-Interact	Negatome	NEG:01056	0.001076
human_only	PLM-Interact	Negatome	NEG:01057	0.130826
human_only	PLM-Interact	Negatome	NEG:01058	9.8e-05
human_only	PLM-Interact	Negatome	NEG:01059	0.005351
human_only	PLM-Interact	Negatome	NEG:01063	0.000236
human_only	PLM-Interact	Negatome	NEG:01064	6.1e-05
human_only	PLM-Interact	Negatome	NEG:01065	0.00036
human_only	PLM-Interact	Negatome	NEG:01066	0.004697
human_only	PLM-Interact	Negatome	NEG:01085	0.999672
human_only	PLM-Interact	Negatome	NEG:01099	0.950367
human_only	PLM-Interact	Negatome	NEG:01117	0.000777
human_only	PLM-Interact	Negatome	NEG:01118	0.970594
human_only	PLM-Interact	Negatome	NEG:01119	0.00026
human_only	PLM-Interact	Negatome	NEG:01126	0.999779
human_only	PLM-Interact	Negatome	NEG:01128	0.00018
human_only	PLM-Interact	Negatome	NEG:01147	0.311468
human_only	PLM-Interact	Negatome	NEG:01149	0.956495
human_only	PLM-Interact	Negatome	NEG:01150	0.97879
human_only	PLM-Interact	Negatome	NEG:01154	0.002754
human_only	PLM-Interact	Negatome	NEG:01232	0.000154
human_only	PLM-Interact	Negatome	NEG:01245	0.963985
human_only	PLM-Interact	Negatome	NEG:01246	0.998338
human_only	PLM-Interact	Negatome	NEG:01252	0.052704
human_only	PLM-Interact	Negatome	NEG:01255	0.000813
human_only	PLM-Interact	Negatome	NEG:01256	0.000594
human_only	PLM-Interact	Negatome	NEG:01257	6.6e-05
human_only	PLM-Interact	Negatome	NEG:01259	6.2e-05
human_only	PLM-Interact	Negatome	NEG:01260	6.7e-05
human_only	PLM-Interact	Negatome	NEG:01261	0.000155
human_only	PLM-Interact	Negatome	NEG:01262	0.975278
human_only	PLM-Interact	Negatome	NEG:01263	9.5e-05
human_only	PLM-Interact	Negatome	NEG:01264	0.003373
human_only	PLM-Interact	Negatome	NEG:01265	9.4e-05
human_only	PLM-Interact	Negatome	NEG:01268	7.3e-05
human_only	PLM-Interact	Negatome	NEG:01269	8.9e-05
human_only	PLM-Interact	Negatome	NEG:01270	6.3e-05
human_only	PLM-Interact	Negatome	NEG:01271	0.000168
human_only	PLM-Interact	Negatome	NEG:01272	0.00047
human_only	PLM-Interact	Negatome	NEG:01293	0.000129
human_only	PLM-Interact	Negatome	NEG:01302	0.075789
human_only	PLM-Interact	Negatome	NEG:01347	0.998828
human_only	PLM-Interact	Negatome	NEG:01375	8.1e-05
human_only	PLM-Interact	Negatome	NEG:01376	6e-05
human_only	PLM-Interact	Negatome	NEG:01377	0.000123
human_only	PLM-Interact	Negatome	NEG:01378	5.3e-05
human_only	PLM-Interact	Negatome	NEG:01379	0.002524
human_only	PLM-Interact	Negatome	NEG:01380	0.000438
human_only	PLM-Interact	Negatome	NEG:01381	0.000268
human_only	PLM-Interact	Negatome	NEG:01382	6.5e-05
human_only	PLM-Interact	Negatome	NEG:01383	0.000101
human_only	PLM-Interact	Negatome	NEG:01384	0.000116
human_only	PLM-Interact	Negatome	NEG:01385	0.000127
human_only	PLM-Interact	Negatome	NEG:01472	0.99893
human_only	PLM-Interact	Negatome	NEG:01489	0.989327
human_only	PLM-Interact	Negatome	NEG:01490	0.473652
human_only	PLM-Interact	Negatome	NEG:01491	0.00293
human_only	PLM-Interact	Negatome	NEG:01492	0.000667
human_only	PLM-Interact	Negatome	NEG:01493	0.003018
human_only	PLM-Interact	Negatome	NEG:01494	0.880066
human_only	PLM-Interact	Negatome	NEG:01495	0.003822
human_only	PLM-Interact	Negatome	NEG:01496	0.005339
human_only	PLM-Interact	Negatome	NEG:01497	0.000944
human_only	PLM-Interact	Negatome	NEG:01498	0.886498
human_only	PLM-Interact	Negatome	NEG:01517	0.011828
human_only	PLM-Interact	Negatome	NEG:01518	0.09657
human_only	PLM-Interact	Negatome	NEG:01536	0.000108
human_only	PLM-Interact	Negatome	NEG:01537	0.939423
human_only	PLM-Interact	Negatome	NEG:01554	5.4e-05
human_only	PLM-Interact	Negatome	NEG:01555	5.8e-05
human_only	PLM-Interact	Negatome	NEG:01556	5.4e-05
human_only	PLM-Interact	Negatome	NEG:01557	7.7e-05
human_only	PLM-Interact	Negatome	NEG:01558	0.004002
human_only	PLM-Interact	Negatome	NEG:01559	5.3e-05
human_only	PLM-Interact	Negatome	NEG:01560	0.018707
human_only	PLM-Interact	Negatome	NEG:01561	7.8e-05
human_only	PLM-Interact	Negatome	NEG:01564	5e-05
human_only	PLM-Interact	Negatome	NEG:01565	0.000134
human_only	PLM-Interact	Negatome	NEG:01566	5.5e-05
human_only	PLM-Interact	Negatome	NEG:01567	0.000201
human_only	PLM-Interact	Negatome	NEG:01637	6e-05
human_only	PLM-Interact	Negatome	NEG:01638	6.4e-05
human_only	PLM-Interact	Negatome	NEG:01639	0.000118
human_only	PLM-Interact	Negatome	NEG:01640	7.7e-05
human_only	PLM-Interact	Negatome	NEG:01641	0.000179
human_only	PLM-Interact	Negatome	NEG:01645	0.039767
human_only	PLM-Interact	Negatome	NEG:01647	7.4e-05
human_only	PLM-Interact	Negatome	NEG:01648	9.2e-05
human_only	PLM-Interact	Negatome	NEG:01661	7.1e-05
human_only	PLM-Interact	Negatome	NEG:01662	5.8e-05
human_only	PLM-Interact	Negatome	NEG:01663	6.7e-05
human_only	PLM-Interact	Negatome	NEG:01667	6e-05
human_only	PLM-Interact	Negatome	NEG:01668	0.000181
human_only	PLM-Interact	Negatome	NEG:01669	6.6e-05
human_only	PLM-Interact	Negatome	NEG:01701	5.2e-05
human_only	PLM-Interact	Negatome	NEG:01702	5.2e-05
human_only	PLM-Interact	Negatome	NEG:01703	0.000256
human_only	PLM-Interact	Negatome	NEG:01704	7.3e-05
human_only	PLM-Interact	Negatome	NEG:01705	0.000149
human_only	PLM-Interact	Negatome	NEG:01708	5.8e-05
human_only	PLM-Interact	Negatome	NEG:01709	6.3e-05
human_only	PLM-Interact	Negatome	NEG:01710	8.8e-05
human_only	PLM-Interact	Negatome	NEG:01711	0.000569
human_only	PLM-Interact	Negatome	NEG:01712	0.001931
human_only	PLM-Interact	Negatome	NEG:01713	0.000229
human_only	PLM-Interact	Negatome	NEG:01714	0.000675
human_only	PLM-Interact	Negatome	NEG:01715	7.5e-05
human_only	PLM-Interact	Negatome	NEG:01718	6.5e-05
human_only	PLM-Interact	Negatome	NEG:01719	7.6e-05
human_only	PLM-Interact	Negatome	NEG:01720	6.1e-05
human_only	PLM-Interact	Negatome	NEG:01721	0.003689
human_only	PLM-Interact	Negatome	NEG:01722	0.00011
human_only	PLM-Interact	Negatome	NEG:01744	0.000372
human_only	PLM-Interact	Negatome	NEG:01745	0.006917
human_only	PLM-Interact	Negatome	NEG:01746	0.014567
human_only	PLM-Interact	Negatome	NEG:01747	0.987045
human_only	PLM-Interact	Negatome	NEG:01748	0.00759
human_only	PLM-Interact	Negatome	NEG:01749	5e-05
human_only	PLM-Interact	Negatome	NEG:01750	0.001668
human_only	PLM-Interact	Negatome	NEG:01751	0.003579
human_only	PLM-Interact	Negatome	NEG:01752	0.119616
human_only	PLM-Interact	Negatome	NEG:01754	0.000391
human_only	PLM-Interact	Negatome	NEG:01755	0.01121
human_only	PLM-Interact	Negatome	NEG:01758	6.7e-05
human_only	PLM-Interact	Negatome	NEG:01759	0.000572
human_only	PLM-Interact	Negatome	NEG:01760	0.30914
human_only	PLM-Interact	Negatome	NEG:01761	0.003775
human_only	PLM-Interact	Negatome	NEG:01766	0.001075
human_only	PLM-Interact	Negatome	NEG:01767	0.000105
human_only	PLM-Interact	Negatome	NEG:01768	0.000102
human_only	PLM-Interact	Negatome	NEG:01769	8.4e-05
human_only	PLM-Interact	Negatome	NEG:01770	0.000166
human_only	PLM-Interact	Negatome	NEG:01771	6.4e-05
human_only	PLM-Interact	Negatome	NEG:01772	0.000711
human_only	PLM-Interact	Negatome	NEG:01807	0.000125
human_only	PLM-Interact	Negatome	NEG:01808	0.000617
human_only	PLM-Interact	Negatome	NEG:01813	6.4e-05
human_only	PLM-Interact	Negatome	NEG:01816	7.2e-05
human_only	PLM-Interact	Negatome	NEG:01828	6.6e-05
human_only	PLM-Interact	Negatome	NEG:01829	9.5e-05
human_only	PLM-Interact	Negatome	NEG:01833	0.000237
human_only	PLM-Interact	Negatome	NEG:01841	0.000108
human_only	PLM-Interact	Negatome	NEG:01843	9.2e-05
human_only	PLM-Interact	ProtNeg	PAIR2:GENE:5290|GENE:6016	0.016756
human_only	PLM-Interact	ProtNeg	PAIR2:GENE:4547|GENE:5327	0.045289
human_only	PLM-Interact	ProtNeg	PAIR2:GENE:682|GENE:7031	7.7e-05
human_only	PLM-Interact	ProtNeg	PAIR2:GENE:143384|GENE:79047	7.2e-05
human_only	PLM-Interact	ProtNeg	PAIR2:GENE:2260|GENE:5228	0.768964
human_only	PLM-Interact	ProtNeg	PAIR2:GENE:4035|GENE:5055	0.000797
human_only	PLM-Interact	ProtNeg	PAIR2:GENE:4137|GENE:9053	0.001563
human_only	PLM-Interact	ProtNeg	PAIR2:GENE:3836|GENE:79991	0.00768
human_only	PLM-Interact	ProtNeg	PAIR2:GENE:7010|GENE:7422	0.009547
human_only	PLM-Interact	ProtNeg	PAIR2:GENE:100134934|GENE:3836	0.00018
human_only	PLM-Interact	ProtNeg	PAIR2:GENE:50489|GENE:920	0.011475
human_only	PLM-Interact	ProtNeg	PAIR2:GENE:2697|GENE:4313	0.000166
human_only	PLM-Interact	ProtNeg	PAIR2:GENE:30835|GENE:920	0.61986
human_only	PLM-Interact	ProtNeg	PAIR2:GENE:2017|GENE:5777	0.998906
human_only	PLM-Interact	ProtNeg	PAIR2:GENE:1628|GENE:7057	6.8e-05
human_only	PLM-Interact	ProtNeg	PAIR2:GENE:3487|GENE:652	0.000198
human_only	PLM-Interact	ProtNeg	PAIR2:GENE:43847|GENE:643394	0.029219
human_only	PLM-Interact	ProtNeg	PAIR2:GENE:1670|GENE:3106	0.016229
human_only	PLM-Interact	ProtNeg	PAIR2:GENE:3077|GENE:7036	0.000668
human_only	PLM-Interact	ProtNeg	PAIR2:GENE:389|GENE:56924	0.111728
human_only	PLM-Interact	ProtNeg	PAIR2:GENE:2597|GENE:4155	0.000188
human_only	PLM-Interact	ProtNeg	PAIR2:GENE:1017|GENE:47	0.002031
human_only	PLM-Interact	ProtNeg	PAIR2:GENE:55070|GENE:7323	0.015469
human_only	PLM-Interact	ProtNeg	PAIR2:GENE:5347|GENE:8467	0.223078
human_only	PLM-Interact	ProtNeg	PAIR2:GENE:2896|GENE:558	8.1e-05
human_only	PLM-Interact	ProtNeg	PAIR2:GENE:10461|GENE:2896	0.000163
human_only	PLM-Interact	ProtNeg	PAIR2:GENE:6119|GENE:79661	0.999767
human_only	PLM-Interact	ProtNeg	PAIR2:GENE:6118|GENE:79661	0.999753
human_only	PLM-Interact	ProtNeg	PAIR2:GENE:3075|GENE:721	0.994297
human_only	PLM-Interact	ProtNeg	PAIR2:GENE:3726|GENE:90416	0.000111
human_only	PLM-Interact	ProtNeg	PAIR2:GENE:23410|GENE:3091	0.000711
human_only	PLM-Interact	ProtNeg	PAIR2:GENE:801|GENE:8795	0.999853
human_only	PLM-Interact	ProtNeg	PAIR2:GENE:10840|GENE:635	0.000191
human_only	PLM-Interact	ProtNeg	PAIR2:GENE:3486|GENE:801	0.040016
human_only	PLM-Interact	ProtNeg	PAIR2:GENE:335|GENE:5055	0.003982
human_only	PLM-Interact	ProtNeg	PAIR2:GENE:2597|GENE:3552	0.000186
human_only	PLM-Interact	ProtNeg	PAIR2:GENE:4018|GENE:6272	0.039474
human_only	PLM-Interact	ProtNeg	PAIR2:GENE:11127|GENE:7804	9.1e-05
human_only	PLM-Interact	ProtNeg	PAIR2:GENE:3688|GENE:9052	0.057622
human_only	PLM-Interact	ProtNeg	PAIR2:GENE:164045|GENE:5500	0.545917
human_only	PLM-Interact	ProtNeg	PAIR2:GENE:5111|GENE:5291	0.000266
human_only	PLM-Interact	ProtNeg	PAIR2:GENE:29128|GENE:8361	0.999921
human_only	PLM-Interact	ProtNeg	PAIR2:GENE:10133|GENE:64343	0.713073
human_only	PLM-Interact	ProtNeg	PAIR2:GENE:23534|GENE:6429	0.000145
human_only	PLM-Interact	ProtNeg	PAIR2:GENE:2244|GENE:2335	0.997864
human_only	PLM-Interact	ProtNeg	PAIR2:GENE:10133|GENE:9755	0.002059
human_only	PLM-Interact	ProtNeg	PAIR2:GENE:27071|GENE:5062	0.000383
human_only	PLM-Interact	ProtNeg	PAIR2:GENE:29128|GENE:8337	0.997847
human_only	PLM-Interact	ProtNeg	PAIR2:GENE:4155|GENE:5830	0.000749
human_only	PLM-Interact	ProtNeg	PAIR2:GENE:1230|GENE:6348	0.886773
human_only	PLM-Interact	ProtNeg	PAIR2:GENE:7057|GENE:7450	0.951071
human_only	PLM-Interact	ProtNeg	PAIR2:GENE:3726|GENE:4942	6.6e-05
human_only	PLM-Interact	ProtNeg	PAIR2:GENE:558|GENE:5627	0.001397
human_only	PLM-Interact	ProtNeg	PAIR2:GENE:27255|GENE:351	0.049446
human_only	PLM-Interact	ProtNeg	PAIR2:GENE:2167|GENE:4000	0.003636
human_only	PLM-Interact	ProtNeg	PAIR2:GENE:3964|GENE:6520	0.993678
human_only	PLM-Interact	Structural	AC:000011	0.798163
human_only	PLM-Interact	Structural	AC:000013	0.999854
human_only	PLM-Interact	Structural	AC:000017	0.007399
human_only	PLM-Interact	Structural	AC:000031	0.999388
human_only	PLM-Interact	Structural	AC:000049	0.999637
human_only	PLM-Interact	Structural	AC:000051	0.99954
human_only	PLM-Interact	Structural	AC:000052	0.9988
human_only	PLM-Interact	Structural	AC:000089	0.994938
human_only	PLM-Interact	Structural	AC:000107	0.999889
human_only	PLM-Interact	Structural	AC:000114	0.998194
human_only	PLM-Interact	Structural	AC:000122	0.061902
human_only	PLM-Interact	Structural	AC:000127	0.999904
human_only	PLM-Interact	Structural	AC:000128	0.999692
human_only	PLM-Interact	Structural	AC:000156	0.999918
human_only	PLM-Interact	Structural	AC:000165	0.998873
human_only	PLM-Interact	Structural	AC:000177	0.999842
human_only	PLM-Interact	Structural	AC:000178	0.99982
human_only	PLM-Interact	Structural	AC:000190	0.999896
human_only	PLM-Interact	Structural	AC:000203	0.996323
human_only	PLM-Interact	Structural	AC:000209	0.99973
human_only	PLM-Interact	Structural	AC:000210	0.002814
human_only	PLM-Interact	Structural	AC:000222	0.999932
human_only	PLM-Interact	Structural	AC:000225	0.999849
human_only	PLM-Interact	Structural	AC:000229	0.994476
human_only	PLM-Interact	Structural	AC:000231	0.999932
human_only	PLM-Interact	Structural	AC:000235	0.999893
human_only	PLM-Interact	Structural	AC:000243	0.999818
human_only	PLM-Interact	Structural	AC:000252	0.80679
human_only	PLM-Interact	Structural	AC:000254	0.000505
human_only	PLM-Interact	Structural	AC:000266	0.00058
human_only	PLM-Interact	Structural	AC:000273	0.38765
human_only	PLM-Interact	Structural	AC:000275	0.999902
human_only	PLM-Interact	Structural	AC:000282	0.053278
human_only	PLM-Interact	Structural	AC:000288	0.999206
human_only	PLM-Interact	Structural	AC:000292	0.229207
human_only	PLM-Interact	Structural	AC:000298	0.999908
human_only	PLM-Interact	Structural	AC:000304	0.999805
human_only	PLM-Interact	Structural	AC:000307	0.999832
human_only	PLM-Interact	Structural	AC:000323	0.000289
human_only	PLM-Interact	Structural	AC:000327	0.999652
human_only	PLM-Interact	Structural	AC:000330	0.998566
human_only	PLM-Interact	Structural	AC:000336	0.999762
human_only	PLM-Interact	Structural	AC:000338	0.020317
human_only	PLM-Interact	Structural	AC:000340	0.99982
human_only	PLM-Interact	Structural	AC:000344	0.000721
human_only	PLM-Interact	Structural	AC:000347	6.6e-05
human_only	PLM-Interact	Structural	AC:000356	0.999731
human_only	PLM-Interact	Structural	AC:000361	0.999158
human_only	PLM-Interact	Structural	AC:000364	0.997869
human_only	PLM-Interact	Structural	AC:000392	0.139282
human_only	PLM-Interact	Structural	AC:000400	0.999755
human_only	PLM-Interact	Structural	AC:000408	0.999135
human_only	PLM-Interact	Structural	AC:000412	0.997814
human_only	PLM-Interact	Structural	AC:000414	0.999901
human_only	PLM-Interact	Structural	AC:000442	0.999631
human_only	PLM-Interact	Structural	AC:000447	0.999946
human_only	PLM-Interact	Structural	AC:000456	0.999714
human_only	PLM-Interact	Structural	AC:000457	0.999813
human_only	PLM-Interact	Structural	AC:000461	0.997887
human_only	PLM-Interact	Structural	AC:000470	0.999906
human_only	PLM-Interact	Structural	AC:000471	0.999887
human_only	PLM-Interact	Structural	AC:000480	0.000242
human_only	PLM-Interact	Structural	AC:000496	0.982837
human_only	PLM-Interact	Structural	AC:000503	0.999016
human_only	PLM-Interact	Structural	AC:000504	0.007576
human_only	PLM-Interact	Structural	AC:000514	0.999871
human_only	PLM-Interact	Structural	AC:000534	0.972936
human_only	PLM-Interact	Structural	AC:000536	0.973282
human_only	PLM-Interact	Structural	AC:000542	0.999944
human_only	PLM-Interact	Structural	AC:000559	0.99985
human_only	PLM-Interact	Structural	AC:000561	0.999823
human_only	PLM-Interact	Structural	AC:000590	0.000813
human_only	PLM-Interact	Structural	AC:000591	0.021026
human_only	PLM-Interact	Structural	AC:000594	0.997005
human_only	PLM-Interact	Structural	AC:000634	0.999715
human_only	PLM-Interact	Structural	AC:000657	0.999892
human_only	PLM-Interact	Structural	AC:000661	0.999932
human_only	PLM-Interact	Structural	AC:000750	0.999855
human_only	PLM-Interact	Structural	AC:000756	0.999019
human_only	PLM-Interact	Structural	AC:000760	0.999881
human_only	PLM-Interact	Structural	AC:000768	0.997704
human_only	PLM-Interact	Structural	AC:000776	0.998739
human_only	PLM-Interact	Structural	AC:000779	0.999899
human_only	PLM-Interact	Structural	AC:000786	0.999897
human_only	PLM-Interact	Structural	AC:000788	0.999761
human_only	PLM-Interact	Structural	AC:000792	0.999204
human_only	PLM-Interact	Structural	AC:000799	0.999805
human_only	PLM-Interact	Structural	AC:000812	0.999092
human_only	PLM-Interact	Structural	AC:000813	0.999863
human_only	PLM-Interact	Structural	AC:000861	0.999149
human_only	PLM-Interact	Structural	AC:000869	0.010192
human_only	PLM-Interact	Structural	AC:000877	0.817732
human_only	PLM-Interact	Structural	AC:000881	0.999615
human_only	PLM-Interact	Structural	AC:000891	0.999337
human_only	PLM-Interact	Structural	AC:000894	0.110053
human_only	PLM-Interact	Structural	AC:000906	0.99989
human_only	PLM-Interact	Structural	AC:000913	0.999697
human_only	PLM-Interact	Structural	AC:000918	0.000107
human_only	PLM-Interact	Structural	AC:000922	0.999871
human_only	PLM-Interact	Structural	AC:000932	0.050832
human_only	PLM-Interact	Structural	AC:000953	0.765984
human_only	PLM-Interact	Structural	AC:000958	0.999907
human_only	PLM-Interact	Structural	AC:000960	0.999644
human_only	PLM-Interact	Structural	AC:000962	0.992884
human_only	PLM-Interact	Structural	AC:000966	0.999919
human_only	PLM-Interact	Structural	AC:000983	0.999634
human_only	PLM-Interact	Structural	AC:001001	0.999718
human_only	PLM-Interact	Structural	AC:001002	0.00023
human_only	PLM-Interact	Structural	AC:001008	0.989566
human_only	PLM-Interact	Structural	AC:001010	0.999731
human_only	PLM-Interact	Structural	AC:001017	0.001201
human_only	PLM-Interact	Structural	AC:001081	0.990834
human_only	PLM-Interact	Structural	AC:001084	0.004339
human_only	PLM-Interact	Structural	AC:001087	0.99738
human_only	PLM-Interact	Structural	AC:001097	0.000274
human_only	PLM-Interact	Structural	AC:001110	0.999885
human_only	PLM-Interact	Structural	AC:001120	0.999735
human_only	PLM-Interact	Structural	AC:001126	0.999635
human_only	PLM-Interact	Structural	AC:001135	0.999664
human_only	PLM-Interact	Structural	AC:001162	0.938969
human_only	PLM-Interact	Structural	AC:001163	0.99988
human_only	PLM-Interact	Structural	AC:001169	0.999827
human_only	PLM-Interact	Structural	AC:001181	0.997925
human_only	PLM-Interact	Structural	AC:001183	0.999929
human_only	PLM-Interact	Structural	AC:001214	0.055479
human_only	PLM-Interact	Structural	AC:001253	0.287
human_only	PLM-Interact	Structural	AC:001269	0.002684
human_only	PLM-Interact	Structural	AC:001276	0.999918
human_only	PLM-Interact	Structural	AC:001290	0.01177
human_only	PLM-Interact	Structural	AC:001293	0.996679
human_only	PLM-Interact	Structural	AC:001295	0.99994
human_only	PLM-Interact	Structural	AC:001296	0.999862
human_only	PLM-Interact	Structural	AC:001342	0.922231
human_only	PLM-Interact	Structural	AC:001363	0.998747
human_only	PLM-Interact	Structural	AC:001370	0.999929
human_only	PLM-Interact	Structural	AC:001389	0.03769
human_only	PLM-Interact	Structural	AC:001402	0.999601
human_only	PLM-Interact	Structural	AC:001408	0.999918
human_only	PLM-Interact	Structural	AC:001416	0.113991
human_only	PLM-Interact	Structural	AC:001428	0.993579
human_only	PLM-Interact	Structural	AC:001449	0.998683
human_only	PLM-Interact	Structural	AC:001457	0.294097
human_only	PLM-Interact	Structural	AC:001460	0.998339
human_only	PLM-Interact	Structural	AC:001472	0.707071
human_only	PLM-Interact	Structural	AC:001475	0.998658
human_only	PLM-Interact	Structural	AC:001483	0.999655
human_only	PLM-Interact	Structural	AC:001513	0.999906
human_only	PLM-Interact	Structural	AC:001558	0.999856
human_only	PLM-Interact	Structural	AC:001573	0.999854
human_only	PLM-Interact	Structural	AC:001590	0.999706
human_only	PLM-Interact	Structural	AC:001604	0.999679
human_only	PLM-Interact	Structural	AC:001606	0.627629
human_only	PLM-Interact	Structural	AC:001630	0.999923
human_only	PLM-Interact	Structural	AC:001651	0.058666
human_only	PLM-Interact	Structural	AC:001664	0.030163
human_only	PLM-Interact	Structural	AC:001669	0.998095
human_only	PLM-Interact	Structural	AC:001674	0.999327
human_only	PLM-Interact	Structural	AC:001680	0.999759
human_only	PLM-Interact	Structural	AC:001708	0.998772
human_only	PLM-Interact	Structural	AC:001714	0.999446
human_only	PLM-Interact	Structural	AC:001715	0.999933
human_only	PLM-Interact	Structural	AC:001724	0.014284
human_only	PLM-Interact	Structural	AC:001726	0.999577
human_only	PLM-Interact	Structural	AC:001730	0.939201
human_only	PLM-Interact	Structural	AC:001759	0.999871
human_only	PLM-Interact	Structural	AC:001770	0.999607
human_only	PLM-Interact	Structural	AC:001774	0.99991
human_only	PLM-Interact	Structural	AC:001790	0.999722
human_only	PLM-Interact	Structural	AC:001793	0.997066
human_only	PLM-Interact	Structural	AC:001832	0.992402
human_only	PLM-Interact	Structural	AC:001861	0.999867
human_only	PLM-Interact	Structural	AC:001866	0.999642
human_only	PLM-Interact	Structural	AC:001869	0.998084
human_only	PLM-Interact	Structural	AC:001873	0.999768
human_only	PLM-Interact	Structural	AC:001901	0.000783
human_only	PLM-Interact	Structural	AC:001920	0.999658
human_only	PLM-Interact	Structural	AC:001930	0.99591
human_only	PLM-Interact	Structural	AC:001943	0.999944
human_only	PLM-Interact	Structural	AC:001957	0.999835
human_only	PLM-Interact	Structural	AC:001987	0.999831
human_only	PLM-Interact	Structural	AC:001991	0.016458
human_only	PLM-Interact	Structural	AC:002007	0.99962
human_only	PLM-Interact	Structural	AC:002014	0.999578
human_only	PLM-Interact	Structural	AC:002039	0.99943
human_only	PLM-Interact	Structural	AC:002059	0.999781
human_only	PLM-Interact	Structural	AC:002061	0.998684
human_only	PLM-Interact	Structural	AC:002064	0.981109
human_only	PLM-Interact	Structural	AC:002096	0.999907
human_only	PLM-Interact	Structural	AC:002103	0.998637
human_only	PLM-Interact	Structural	AC:002119	0.999917
human_only	PLM-Interact	Structural	AC:002134	0.999824
human_only	PLM-Interact	Structural	AC:002147	0.994442
human_only	PLM-Interact	Structural	AC:002152	0.999703
human_only	PLM-Interact	Structural	AC:002158	0.998689
human_only	PLM-Interact	Structural	AC:002171	0.999921
human_only	PLM-Interact	Structural	AC:002197	0.9996
human_only	PLM-Interact	Structural	AC:002218	0.999828
human_only	PLM-Interact	Structural	AC:002223	0.999649
human_only	PLM-Interact	Structural	AC:002226	0.572483
human_only	PLM-Interact	Structural	AC:002234	0.977999
human_only	PLM-Interact	Structural	AC:002241	0.742027
human_only	PLM-Interact	Structural	AC:002251	0.991738
human_only	PLM-Interact	Structural	AC:002271	0.925061
human_only	PLM-Interact	Structural	AC:002296	0.00013
human_only	PLM-Interact	Structural	AC:002338	0.999872
human_only	PLM-Interact	Structural	AC:002349	0.99951
human_only	PLM-Interact	Structural	AC:002376	0.86038
human_only	PLM-Interact	Structural	AC:002407	0.999379
human_only	PLM-Interact	Structural	AC:002408	0.99983
human_only	PLM-Interact	Structural	AC:002410	0.999572
human_only	PLM-Interact	Structural	AC:002421	6.6e-05
human_only	PLM-Interact	Structural	AC:002424	0.999701
human_only	PLM-Interact	Structural	AC:002439	0.999923
human_only	PLM-Interact	Structural	AC:002446	0.99992
human_only	PLM-Interact	Structural	AC:002448	0.999853
human_only	PLM-Interact	Structural	AC:002457	0.999257
human_only	PLM-Interact	Structural	AC:002464	0.846868
human_only	PLM-Interact	Structural	AC:002466	0.001474
human_only	PLM-Interact	Structural	AC:002479	0.999832
human_only	PLM-Interact	Structural	AC:002492	0.998
human_only	PLM-Interact	Structural	AC:002497	0.998776
human_only	PLM-Interact	Structural	AC:002510	0.714753
human_only	PLM-Interact	Structural	AC:002532	0.999887
human_only	PLM-Interact	Structural	AC:002541	0.999788
human_only	PLM-Interact	Structural	AC:002548	0.999836
human_only	PLM-Interact	Structural	AC:002552	5.9e-05
human_only	PLM-Interact	Structural	AC:002553	0.999828
human_only	PLM-Interact	Structural	AC:002555	7.4e-05
human_only	PLM-Interact	Structural	AC:002559	0.007747
human_only	PLM-Interact	Structural	AC:002564	0.999846
human_only	PLM-Interact	Structural	AC:002567	0.00098
human_only	PLM-Interact	Structural	AC:002578	0.999703
human_only	PLM-Interact	Structural	AC:002583	0.999214
human_only	PLM-Interact	Structural	AC:002590	0.997303
human_only	PLM-Interact	Structural	AC:002597	0.999785
human_only	PLM-Interact	Structural	AC:002617	0.998537
human_only	PLM-Interact	Structural	AC:002628	0.999925
human_only	PLM-Interact	Structural	AC:002646	0.998697
human_only	PLM-Interact	Structural	AC:002651	0.000189
human_only	PLM-Interact	Structural	AC:002652	0.998098
human_only	PLM-Interact	Structural	AC:002671	0.999885
human_only	PLM-Interact	Structural	AC:002683	9.5e-05
human_only	PLM-Interact	Structural	AC:002686	0.997855
human_only	PLM-Interact	Structural	AC:002693	0.999732
human_only	PLM-Interact	Structural	AC:002697	0.999839
human_only	PLM-Interact	Structural	AC:002707	0.999721
human_only	PLM-Interact	Structural	AC:002708	0.999516
human_only	PLM-Interact	Structural	AC:002735	0.991023
human_only	PLM-Interact	Structural	AC:002749	0.999872
human_only	PLM-Interact	Structural	AC:002751	0.999601
human_only	PLM-Interact	Structural	AC:002758	0.997753
human_only	PLM-Interact	Structural	AC:002774	0.999886
human_only	PLM-Interact	Structural	AC:002804	0.999848
human_only	PLM-Interact	Structural	AC:002832	0.999913
human_only	PLM-Interact	Structural	AC:002877	0.999793
human_only	PLM-Interact	Structural	AC:002883	0.000153
human_only	PLM-Interact	Structural	AC:002898	0.178389
human_only	PLM-Interact	Structural	AC:002900	0.999529
human_only	PLM-Interact	Structural	AC:002903	0.999159
human_only	PLM-Interact	Structural	AC:002905	0.94694
human_only	PLM-Interact	Structural	AC:002959	0.99972
human_only	PLM-Interact	Structural	AC:002981	0.000354
human_only	PLM-Interact	Structural	AC:002986	0.998976
human_only	PLM-Interact	Structural	AC:003037	0.999907
human_only	D-SCRIPT	Negatome	NEG:00009	0.006231
human_only	D-SCRIPT	Negatome	NEG:00012	0.004186
human_only	D-SCRIPT	Negatome	NEG:00014	0.004178
human_only	D-SCRIPT	Negatome	NEG:00015	0.00418
human_only	D-SCRIPT	Negatome	NEG:00016	0.004295
human_only	D-SCRIPT	Negatome	NEG:00042	0.004175
human_only	D-SCRIPT	Negatome	NEG:00115	0.00425
human_only	D-SCRIPT	Negatome	NEG:00116	0.004256
human_only	D-SCRIPT	Negatome	NEG:00117	0.004553
human_only	D-SCRIPT	Negatome	NEG:00180	0.00418
human_only	D-SCRIPT	Negatome	NEG:00237	0.004178
human_only	D-SCRIPT	Negatome	NEG:00250	0.0165
human_only	D-SCRIPT	Negatome	NEG:00252	0.004181
human_only	D-SCRIPT	Negatome	NEG:00350	0.337779
human_only	D-SCRIPT	Negatome	NEG:00365	0.980752
human_only	D-SCRIPT	Negatome	NEG:00367	0.021531
human_only	D-SCRIPT	Negatome	NEG:00368	0.009726
human_only	D-SCRIPT	Negatome	NEG:00369	0.028036
human_only	D-SCRIPT	Negatome	NEG:00371	0.004547
human_only	D-SCRIPT	Negatome	NEG:00373	0.004184
human_only	D-SCRIPT	Negatome	NEG:00403	0.004177
human_only	D-SCRIPT	Negatome	NEG:00435	0.004173
human_only	D-SCRIPT	Negatome	NEG:00437	0.004176
human_only	D-SCRIPT	Negatome	NEG:00438	0.004174
human_only	D-SCRIPT	Negatome	NEG:00439	0.004176
human_only	D-SCRIPT	Negatome	NEG:00440	0.004175
human_only	D-SCRIPT	Negatome	NEG:00442	0.091273
human_only	D-SCRIPT	Negatome	NEG:00482	0.004189
human_only	D-SCRIPT	Negatome	NEG:00494	0.004182
human_only	D-SCRIPT	Negatome	NEG:00510	0.004185
human_only	D-SCRIPT	Negatome	NEG:00511	0.004175
human_only	D-SCRIPT	Negatome	NEG:00558	0.154442
human_only	D-SCRIPT	Negatome	NEG:00562	0.004173
human_only	D-SCRIPT	Negatome	NEG:00566	0.004179
human_only	D-SCRIPT	Negatome	NEG:00570	0.601858
human_only	D-SCRIPT	Negatome	NEG:00601	0.005344
human_only	D-SCRIPT	Negatome	NEG:00629	0.004177
human_only	D-SCRIPT	Negatome	NEG:00633	0.004178
human_only	D-SCRIPT	Negatome	NEG:00634	0.004173
human_only	D-SCRIPT	Negatome	NEG:00642	0.004443
human_only	D-SCRIPT	Negatome	NEG:00664	0.004301
human_only	D-SCRIPT	Negatome	NEG:00698	0.004174
human_only	D-SCRIPT	Negatome	NEG:00699	0.004173
human_only	D-SCRIPT	Negatome	NEG:00700	0.004175
human_only	D-SCRIPT	Negatome	NEG:00701	0.004173
human_only	D-SCRIPT	Negatome	NEG:00703	0.004177
human_only	D-SCRIPT	Negatome	NEG:00704	0.004179
human_only	D-SCRIPT	Negatome	NEG:00705	0.004173
human_only	D-SCRIPT	Negatome	NEG:00706	0.004195
human_only	D-SCRIPT	Negatome	NEG:00707	0.004174
human_only	D-SCRIPT	Negatome	NEG:00708	0.027228
human_only	D-SCRIPT	Negatome	NEG:00709	0.004174
human_only	D-SCRIPT	Negatome	NEG:00710	0.004174
human_only	D-SCRIPT	Negatome	NEG:00711	0.004173
human_only	D-SCRIPT	Negatome	NEG:00712	0.004174
human_only	D-SCRIPT	Negatome	NEG:00716	0.004209
human_only	D-SCRIPT	Negatome	NEG:00717	0.004173
human_only	D-SCRIPT	Negatome	NEG:00718	0.004174
human_only	D-SCRIPT	Negatome	NEG:00719	0.004173
human_only	D-SCRIPT	Negatome	NEG:00734	0.004184
human_only	D-SCRIPT	Negatome	NEG:00744	0.004183
human_only	D-SCRIPT	Negatome	NEG:00745	0.021239
human_only	D-SCRIPT	Negatome	NEG:00746	0.004177
human_only	D-SCRIPT	Negatome	NEG:00747	0.004184
human_only	D-SCRIPT	Negatome	NEG:00748	0.004179
human_only	D-SCRIPT	Negatome	NEG:00749	0.063307
human_only	D-SCRIPT	Negatome	NEG:00750	0.004176
human_only	D-SCRIPT	Negatome	NEG:00751	0.968398
human_only	D-SCRIPT	Negatome	NEG:00752	0.971517
human_only	D-SCRIPT	Negatome	NEG:00753	0.004181
human_only	D-SCRIPT	Negatome	NEG:00754	0.036993
human_only	D-SCRIPT	Negatome	NEG:00755	0.004177
human_only	D-SCRIPT	Negatome	NEG:00756	0.004179
human_only	D-SCRIPT	Negatome	NEG:00757	0.004177
human_only	D-SCRIPT	Negatome	NEG:00758	0.004178
human_only	D-SCRIPT	Negatome	NEG:00759	0.004178
human_only	D-SCRIPT	Negatome	NEG:00760	0.004173
human_only	D-SCRIPT	Negatome	NEG:00761	0.980688
human_only	D-SCRIPT	Negatome	NEG:00762	0.004179
human_only	D-SCRIPT	Negatome	NEG:00763	0.004176
human_only	D-SCRIPT	Negatome	NEG:00764	0.004181
human_only	D-SCRIPT	Negatome	NEG:00765	0.004177
human_only	D-SCRIPT	Negatome	NEG:00766	0.004184
human_only	D-SCRIPT	Negatome	NEG:00767	0.004181
human_only	D-SCRIPT	Negatome	NEG:00768	0.624444
human_only	D-SCRIPT	Negatome	NEG:00769	0.004182
human_only	D-SCRIPT	Negatome	NEG:00770	0.004178
human_only	D-SCRIPT	Negatome	NEG:00771	0.004175
human_only	D-SCRIPT	Negatome	NEG:00772	0.923792
human_only	D-SCRIPT	Negatome	NEG:00773	0.919454
human_only	D-SCRIPT	Negatome	NEG:00774	0.00418
human_only	D-SCRIPT	Negatome	NEG:00775	0.004182
human_only	D-SCRIPT	Negatome	NEG:00776	0.004176
human_only	D-SCRIPT	Negatome	NEG:00777	0.00418
human_only	D-SCRIPT	Negatome	NEG:00778	0.004176
human_only	D-SCRIPT	Negatome	NEG:00781	0.004173
human_only	D-SCRIPT	Negatome	NEG:00782	0.90648
human_only	D-SCRIPT	Negatome	NEG:00783	0.004178
human_only	D-SCRIPT	Negatome	NEG:00784	0.004176
human_only	D-SCRIPT	Negatome	NEG:00804	0.0093
human_only	D-SCRIPT	Negatome	NEG:00807	0.067664
human_only	D-SCRIPT	Negatome	NEG:00808	0.006794
human_only	D-SCRIPT	Negatome	NEG:00829	0.004178
human_only	D-SCRIPT	Negatome	NEG:00843	0.004176
human_only	D-SCRIPT	Negatome	NEG:00849	0.004179
human_only	D-SCRIPT	Negatome	NEG:00850	0.004515
human_only	D-SCRIPT	Negatome	NEG:00864	0.004177
human_only	D-SCRIPT	Negatome	NEG:00865	0.004181
human_only	D-SCRIPT	Negatome	NEG:00866	0.004186
human_only	D-SCRIPT	Negatome	NEG:00867	0.00418
human_only	D-SCRIPT	Negatome	NEG:00868	0.004204
human_only	D-SCRIPT	Negatome	NEG:00869	0.004188
human_only	D-SCRIPT	Negatome	NEG:00870	0.00418
human_only	D-SCRIPT	Negatome	NEG:00871	0.004182
human_only	D-SCRIPT	Negatome	NEG:00872	0.004192
human_only	D-SCRIPT	Negatome	NEG:00873	0.004183
human_only	D-SCRIPT	Negatome	NEG:00874	0.004181
human_only	D-SCRIPT	Negatome	NEG:00875	0.004193
human_only	D-SCRIPT	Negatome	NEG:00876	0.004179
human_only	D-SCRIPT	Negatome	NEG:00877	0.004189
human_only	D-SCRIPT	Negatome	NEG:00880	0.004174
human_only	D-SCRIPT	Negatome	NEG:00881	0.004183
human_only	D-SCRIPT	Negatome	NEG:00882	0.00418
human_only	D-SCRIPT	Negatome	NEG:00883	0.004178
human_only	D-SCRIPT	Negatome	NEG:00937	0.004183
human_only	D-SCRIPT	Negatome	NEG:00938	0.004179
human_only	D-SCRIPT	Negatome	NEG:00939	0.004191
human_only	D-SCRIPT	Negatome	NEG:00940	0.004184
human_only	D-SCRIPT	Negatome	NEG:00941	0.004176
human_only	D-SCRIPT	Negatome	NEG:00942	0.004175
human_only	D-SCRIPT	Negatome	NEG:00943	0.004184
human_only	D-SCRIPT	Negatome	NEG:00944	0.004174
human_only	D-SCRIPT	Negatome	NEG:00945	0.004178
human_only	D-SCRIPT	Negatome	NEG:00946	0.903044
human_only	D-SCRIPT	Negatome	NEG:00947	0.004178
human_only	D-SCRIPT	Negatome	NEG:00948	0.00418
human_only	D-SCRIPT	Negatome	NEG:00952	0.004172
human_only	D-SCRIPT	Negatome	NEG:00953	0.004176
human_only	D-SCRIPT	Negatome	NEG:00954	0.47106
human_only	D-SCRIPT	Negatome	NEG:00955	0.004177
human_only	D-SCRIPT	Negatome	NEG:00956	0.004176
human_only	D-SCRIPT	Negatome	NEG:00999	0.004846
human_only	D-SCRIPT	Negatome	NEG:01018	0.004179
human_only	D-SCRIPT	Negatome	NEG:01019	0.004179
human_only	D-SCRIPT	Negatome	NEG:01020	0.004178
human_only	D-SCRIPT	Negatome	NEG:01021	0.004175
human_only	D-SCRIPT	Negatome	NEG:01024	0.004221
human_only	D-SCRIPT	Negatome	NEG:01026	0.004206
human_only	D-SCRIPT	Negatome	NEG:01027	0.004197
human_only	D-SCRIPT	Negatome	NEG:01032	0.004176
human_only	D-SCRIPT	Negatome	NEG:01033	0.004474
human_only	D-SCRIPT	Negatome	NEG:01051	0.004184
human_only	D-SCRIPT	Negatome	NEG:01052	0.013557
human_only	D-SCRIPT	Negatome	NEG:01053	0.004181
human_only	D-SCRIPT	Negatome	NEG:01054	0.004189
human_only	D-SCRIPT	Negatome	NEG:01055	0.004178
human_only	D-SCRIPT	Negatome	NEG:01056	0.00418
human_only	D-SCRIPT	Negatome	NEG:01057	0.005217
human_only	D-SCRIPT	Negatome	NEG:01058	0.004182
human_only	D-SCRIPT	Negatome	NEG:01059	0.004191
human_only	D-SCRIPT	Negatome	NEG:01063	0.004183
human_only	D-SCRIPT	Negatome	NEG:01064	0.004182
human_only	D-SCRIPT	Negatome	NEG:01065	0.005413
human_only	D-SCRIPT	Negatome	NEG:01066	0.004181
human_only	D-SCRIPT	Negatome	NEG:01085	0.004179
human_only	D-SCRIPT	Negatome	NEG:01099	0.161563
human_only	D-SCRIPT	Negatome	NEG:01117	0.004182
human_only	D-SCRIPT	Negatome	NEG:01118	0.004185
human_only	D-SCRIPT	Negatome	NEG:01119	0.004179
human_only	D-SCRIPT	Negatome	NEG:01126	0.00875
human_only	D-SCRIPT	Negatome	NEG:01128	0.004179
human_only	D-SCRIPT	Negatome	NEG:01147	0.004441
human_only	D-SCRIPT	Negatome	NEG:01149	0.135816
human_only	D-SCRIPT	Negatome	NEG:01150	0.010088
human_only	D-SCRIPT	Negatome	NEG:01154	0.979438
human_only	D-SCRIPT	Negatome	NEG:01232	0.037517
human_only	D-SCRIPT	Negatome	NEG:01245	0.029085
human_only	D-SCRIPT	Negatome	NEG:01246	0.00706
human_only	D-SCRIPT	Negatome	NEG:01252	0.004427
human_only	D-SCRIPT	Negatome	NEG:01255	0.004182
human_only	D-SCRIPT	Negatome	NEG:01256	0.004176
human_only	D-SCRIPT	Negatome	NEG:01257	0.004184
human_only	D-SCRIPT	Negatome	NEG:01259	0.004199
human_only	D-SCRIPT	Negatome	NEG:01260	0.004177
human_only	D-SCRIPT	Negatome	NEG:01261	0.004177
human_only	D-SCRIPT	Negatome	NEG:01262	0.00419
human_only	D-SCRIPT	Negatome	NEG:01263	0.00418
human_only	D-SCRIPT	Negatome	NEG:01264	0.004181
human_only	D-SCRIPT	Negatome	NEG:01265	0.004181
human_only	D-SCRIPT	Negatome	NEG:01268	0.004175
human_only	D-SCRIPT	Negatome	NEG:01269	0.004179
human_only	D-SCRIPT	Negatome	NEG:01270	0.004182
human_only	D-SCRIPT	Negatome	NEG:01271	0.004178
human_only	D-SCRIPT	Negatome	NEG:01272	0.004176
human_only	D-SCRIPT	Negatome	NEG:01293	0.004193
human_only	D-SCRIPT	Negatome	NEG:01302	0.004176
human_only	D-SCRIPT	Negatome	NEG:01347	0.004178
human_only	D-SCRIPT	Negatome	NEG:01375	0.007822
human_only	D-SCRIPT	Negatome	NEG:01376	0.495588
human_only	D-SCRIPT	Negatome	NEG:01377	0.916949
human_only	D-SCRIPT	Negatome	NEG:01378	0.004186
human_only	D-SCRIPT	Negatome	NEG:01379	0.004197
human_only	D-SCRIPT	Negatome	NEG:01380	0.004182
human_only	D-SCRIPT	Negatome	NEG:01381	0.004187
human_only	D-SCRIPT	Negatome	NEG:01382	0.004188
human_only	D-SCRIPT	Negatome	NEG:01383	0.004174
human_only	D-SCRIPT	Negatome	NEG:01384	0.00418
human_only	D-SCRIPT	Negatome	NEG:01385	0.004188
human_only	D-SCRIPT	Negatome	NEG:01472	0.990761
human_only	D-SCRIPT	Negatome	NEG:01489	0.004177
human_only	D-SCRIPT	Negatome	NEG:01490	0.004178
human_only	D-SCRIPT	Negatome	NEG:01491	0.004199
human_only	D-SCRIPT	Negatome	NEG:01492	0.004176
human_only	D-SCRIPT	Negatome	NEG:01493	0.004181
human_only	D-SCRIPT	Negatome	NEG:01494	0.004193
human_only	D-SCRIPT	Negatome	NEG:01495	0.004177
human_only	D-SCRIPT	Negatome	NEG:01496	0.004182
human_only	D-SCRIPT	Negatome	NEG:01497	0.004184
human_only	D-SCRIPT	Negatome	NEG:01498	0.004177
human_only	D-SCRIPT	Negatome	NEG:01517	0.007637
human_only	D-SCRIPT	Negatome	NEG:01518	0.004177
human_only	D-SCRIPT	Negatome	NEG:01536	0.004176
human_only	D-SCRIPT	Negatome	NEG:01537	0.004178
human_only	D-SCRIPT	Negatome	NEG:01554	0.004174
human_only	D-SCRIPT	Negatome	NEG:01555	0.004188
human_only	D-SCRIPT	Negatome	NEG:01556	0.004178
human_only	D-SCRIPT	Negatome	NEG:01557	0.004176
human_only	D-SCRIPT	Negatome	NEG:01558	0.004181
human_only	D-SCRIPT	Negatome	NEG:01559	0.004175
human_only	D-SCRIPT	Negatome	NEG:01560	0.563055
human_only	D-SCRIPT	Negatome	NEG:01561	0.004175
human_only	D-SCRIPT	Negatome	NEG:01564	0.004173
human_only	D-SCRIPT	Negatome	NEG:01565	0.010277
human_only	D-SCRIPT	Negatome	NEG:01566	0.004208
human_only	D-SCRIPT	Negatome	NEG:01567	0.004175
human_only	D-SCRIPT	Negatome	NEG:01637	0.007284
human_only	D-SCRIPT	Negatome	NEG:01638	0.004175
human_only	D-SCRIPT	Negatome	NEG:01639	0.004177
human_only	D-SCRIPT	Negatome	NEG:01640	0.004174
human_only	D-SCRIPT	Negatome	NEG:01641	0.004173
human_only	D-SCRIPT	Negatome	NEG:01645	0.004421
human_only	D-SCRIPT	Negatome	NEG:01647	0.004174
human_only	D-SCRIPT	Negatome	NEG:01648	0.004174
human_only	D-SCRIPT	Negatome	NEG:01661	0.948688
human_only	D-SCRIPT	Negatome	NEG:01662	0.004187
human_only	D-SCRIPT	Negatome	NEG:01663	0.004185
human_only	D-SCRIPT	Negatome	NEG:01667	0.004172
human_only	D-SCRIPT	Negatome	NEG:01668	0.947669
human_only	D-SCRIPT	Negatome	NEG:01669	0.004184
human_only	D-SCRIPT	Negatome	NEG:01701	0.004175
human_only	D-SCRIPT	Negatome	NEG:01702	0.00804
human_only	D-SCRIPT	Negatome	NEG:01703	0.004186
human_only	D-SCRIPT	Negatome	NEG:01704	0.004175
human_only	D-SCRIPT	Negatome	NEG:01705	0.004192
human_only	D-SCRIPT	Negatome	NEG:01708	0.032175
human_only	D-SCRIPT	Negatome	NEG:01709	0.926786
human_only	D-SCRIPT	Negatome	NEG:01710	0.012725
human_only	D-SCRIPT	Negatome	NEG:01711	0.004176
human_only	D-SCRIPT	Negatome	NEG:01712	0.004187
human_only	D-SCRIPT	Negatome	NEG:01713	0.004177
human_only	D-SCRIPT	Negatome	NEG:01714	0.004177
human_only	D-SCRIPT	Negatome	NEG:01715	0.004178
human_only	D-SCRIPT	Negatome	NEG:01718	0.004172
human_only	D-SCRIPT	Negatome	NEG:01719	0.004176
human_only	D-SCRIPT	Negatome	NEG:01720	0.004179
human_only	D-SCRIPT	Negatome	NEG:01721	0.004176
human_only	D-SCRIPT	Negatome	NEG:01722	0.004176
human_only	D-SCRIPT	Negatome	NEG:01744	0.059082
human_only	D-SCRIPT	Negatome	NEG:01745	0.004187
human_only	D-SCRIPT	Negatome	NEG:01746	0.00418
human_only	D-SCRIPT	Negatome	NEG:01747	0.004183
human_only	D-SCRIPT	Negatome	NEG:01748	0.004181
human_only	D-SCRIPT	Negatome	NEG:01749	0.004174
human_only	D-SCRIPT	Negatome	NEG:01750	0.004438
human_only	D-SCRIPT	Negatome	NEG:01751	0.02487
human_only	D-SCRIPT	Negatome	NEG:01752	0.004239
human_only	D-SCRIPT	Negatome	NEG:01754	0.004179
human_only	D-SCRIPT	Negatome	NEG:01755	0.004175
human_only	D-SCRIPT	Negatome	NEG:01758	0.004172
human_only	D-SCRIPT	Negatome	NEG:01759	0.004177
human_only	D-SCRIPT	Negatome	NEG:01760	0.010763
human_only	D-SCRIPT	Negatome	NEG:01761	0.004219
human_only	D-SCRIPT	Negatome	NEG:01766	0.00418
human_only	D-SCRIPT	Negatome	NEG:01767	0.004179
human_only	D-SCRIPT	Negatome	NEG:01768	0.004181
human_only	D-SCRIPT	Negatome	NEG:01769	0.004173
human_only	D-SCRIPT	Negatome	NEG:01770	0.004179
human_only	D-SCRIPT	Negatome	NEG:01771	0.004255
human_only	D-SCRIPT	Negatome	NEG:01772	0.004176
human_only	D-SCRIPT	Negatome	NEG:01807	0.004176
human_only	D-SCRIPT	Negatome	NEG:01808	0.004176
human_only	D-SCRIPT	Negatome	NEG:01813	0.004179
human_only	D-SCRIPT	Negatome	NEG:01816	0.004176
human_only	D-SCRIPT	Negatome	NEG:01828	0.004172
human_only	D-SCRIPT	Negatome	NEG:01829	0.004172
human_only	D-SCRIPT	Negatome	NEG:01833	0.004187
human_only	D-SCRIPT	Negatome	NEG:01841	0.004176
human_only	D-SCRIPT	Negatome	NEG:01843	0.004175
human_only	D-SCRIPT	ProtNeg	PAIR2:GENE:5290|GENE:6016	0.004419
human_only	D-SCRIPT	ProtNeg	PAIR2:GENE:4547|GENE:5327	0.004184
human_only	D-SCRIPT	ProtNeg	PAIR2:GENE:682|GENE:7031	0.004175
human_only	D-SCRIPT	ProtNeg	PAIR2:GENE:143384|GENE:79047	0.004175
human_only	D-SCRIPT	ProtNeg	PAIR2:GENE:2260|GENE:5228	0.004176
human_only	D-SCRIPT	ProtNeg	PAIR2:GENE:4137|GENE:9053	0.004205
human_only	D-SCRIPT	ProtNeg	PAIR2:GENE:3836|GENE:79991	0.004183
human_only	D-SCRIPT	ProtNeg	PAIR2:GENE:7010|GENE:7422	0.004256
human_only	D-SCRIPT	ProtNeg	PAIR2:GENE:100134934|GENE:3836	0.004182
human_only	D-SCRIPT	ProtNeg	PAIR2:GENE:50489|GENE:920	0.009129
human_only	D-SCRIPT	ProtNeg	PAIR2:GENE:2697|GENE:4313	0.004183
human_only	D-SCRIPT	ProtNeg	PAIR2:GENE:30835|GENE:920	0.005058
human_only	D-SCRIPT	ProtNeg	PAIR2:GENE:2017|GENE:5777	0.004879
human_only	D-SCRIPT	ProtNeg	PAIR2:GENE:1628|GENE:7057	0.004178
human_only	D-SCRIPT	ProtNeg	PAIR2:GENE:3487|GENE:652	0.004177
human_only	D-SCRIPT	ProtNeg	PAIR2:GENE:43847|GENE:643394	0.004173
human_only	D-SCRIPT	ProtNeg	PAIR2:GENE:1670|GENE:3106	0.0042
human_only	D-SCRIPT	ProtNeg	PAIR2:GENE:3077|GENE:7036	0.004185
human_only	D-SCRIPT	ProtNeg	PAIR2:GENE:389|GENE:56924	0.005292
human_only	D-SCRIPT	ProtNeg	PAIR2:GENE:2597|GENE:4155	0.005269
human_only	D-SCRIPT	ProtNeg	PAIR2:GENE:1017|GENE:47	0.004183
human_only	D-SCRIPT	ProtNeg	PAIR2:GENE:55070|GENE:7323	0.990126
human_only	D-SCRIPT	ProtNeg	PAIR2:GENE:5347|GENE:8467	0.050313
human_only	D-SCRIPT	ProtNeg	PAIR2:GENE:2896|GENE:558	0.004187
human_only	D-SCRIPT	ProtNeg	PAIR2:GENE:10461|GENE:2896	0.004182
human_only	D-SCRIPT	ProtNeg	PAIR2:GENE:6119|GENE:79661	0.004201
human_only	D-SCRIPT	ProtNeg	PAIR2:GENE:6118|GENE:79661	0.23236
human_only	D-SCRIPT	ProtNeg	PAIR2:GENE:3075|GENE:721	0.00418
human_only	D-SCRIPT	ProtNeg	PAIR2:GENE:3726|GENE:90416	0.004186
human_only	D-SCRIPT	ProtNeg	PAIR2:GENE:23410|GENE:3091	0.979833
human_only	D-SCRIPT	ProtNeg	PAIR2:GENE:801|GENE:8795	0.004197
human_only	D-SCRIPT	ProtNeg	PAIR2:GENE:10840|GENE:635	0.004637
human_only	D-SCRIPT	ProtNeg	PAIR2:GENE:3486|GENE:801	0.004224
human_only	D-SCRIPT	ProtNeg	PAIR2:GENE:335|GENE:5055	0.004225
human_only	D-SCRIPT	ProtNeg	PAIR2:GENE:2597|GENE:3552	0.004209
human_only	D-SCRIPT	ProtNeg	PAIR2:GENE:11127|GENE:7804	0.01202
human_only	D-SCRIPT	ProtNeg	PAIR2:GENE:3688|GENE:9052	0.004178
human_only	D-SCRIPT	ProtNeg	PAIR2:GENE:164045|GENE:5500	0.00418
human_only	D-SCRIPT	ProtNeg	PAIR2:GENE:5111|GENE:5291	0.004183
human_only	D-SCRIPT	ProtNeg	PAIR2:GENE:29128|GENE:8361	0.006239
human_only	D-SCRIPT	ProtNeg	PAIR2:GENE:10133|GENE:64343	0.004187
human_only	D-SCRIPT	ProtNeg	PAIR2:GENE:23534|GENE:6429	0.148261
human_only	D-SCRIPT	ProtNeg	PAIR2:GENE:10133|GENE:9755	0.004191
human_only	D-SCRIPT	ProtNeg	PAIR2:GENE:27071|GENE:5062	0.004185
human_only	D-SCRIPT	ProtNeg	PAIR2:GENE:29128|GENE:8337	0.006545
human_only	D-SCRIPT	ProtNeg	PAIR2:GENE:4155|GENE:5830	0.004178
human_only	D-SCRIPT	ProtNeg	PAIR2:GENE:1230|GENE:6348	0.004458
human_only	D-SCRIPT	ProtNeg	PAIR2:GENE:3726|GENE:4942	0.004188
human_only	D-SCRIPT	ProtNeg	PAIR2:GENE:558|GENE:5627	0.004179
human_only	D-SCRIPT	ProtNeg	PAIR2:GENE:27255|GENE:351	0.004245
human_only	D-SCRIPT	ProtNeg	PAIR2:GENE:2167|GENE:4000	0.004224
human_only	D-SCRIPT	ProtNeg	PAIR2:GENE:3964|GENE:6520	0.004181
human_only	D-SCRIPT	Structural	AC:000011	0.148419
human_only	D-SCRIPT	Structural	AC:000013	0.005116
human_only	D-SCRIPT	Structural	AC:000017	0.004177
human_only	D-SCRIPT	Structural	AC:000031	0.00984
human_only	D-SCRIPT	Structural	AC:000049	0.015709
human_only	D-SCRIPT	Structural	AC:000051	0.004177
human_only	D-SCRIPT	Structural	AC:000052	0.937962
human_only	D-SCRIPT	Structural	AC:000089	0.027794
human_only	D-SCRIPT	Structural	AC:000107	0.263609
human_only	D-SCRIPT	Structural	AC:000114	0.00418
human_only	D-SCRIPT	Structural	AC:000122	0.004306
human_only	D-SCRIPT	Structural	AC:000127	0.004176
human_only	D-SCRIPT	Structural	AC:000128	0.338853
human_only	D-SCRIPT	Structural	AC:000156	0.154314
human_only	D-SCRIPT	Structural	AC:000165	0.940975
human_only	D-SCRIPT	Structural	AC:000177	0.322582
human_only	D-SCRIPT	Structural	AC:000178	0.486997
human_only	D-SCRIPT	Structural	AC:000190	0.98389
human_only	D-SCRIPT	Structural	AC:000203	0.709004
human_only	D-SCRIPT	Structural	AC:000209	0.970286
human_only	D-SCRIPT	Structural	AC:000210	0.004194
human_only	D-SCRIPT	Structural	AC:000222	0.004178
human_only	D-SCRIPT	Structural	AC:000225	0.004196
human_only	D-SCRIPT	Structural	AC:000229	0.004183
human_only	D-SCRIPT	Structural	AC:000231	0.004183
human_only	D-SCRIPT	Structural	AC:000235	0.519197
human_only	D-SCRIPT	Structural	AC:000243	0.004194
human_only	D-SCRIPT	Structural	AC:000252	0.004174
human_only	D-SCRIPT	Structural	AC:000254	0.004227
human_only	D-SCRIPT	Structural	AC:000266	0.004238
human_only	D-SCRIPT	Structural	AC:000273	0.301442
human_only	D-SCRIPT	Structural	AC:000275	0.918519
human_only	D-SCRIPT	Structural	AC:000282	0.004188
human_only	D-SCRIPT	Structural	AC:000288	0.418182
human_only	D-SCRIPT	Structural	AC:000292	0.024312
human_only	D-SCRIPT	Structural	AC:000298	0.012705
human_only	D-SCRIPT	Structural	AC:000304	0.816656
human_only	D-SCRIPT	Structural	AC:000307	0.98722
human_only	D-SCRIPT	Structural	AC:000323	0.004175
human_only	D-SCRIPT	Structural	AC:000327	0.019256
human_only	D-SCRIPT	Structural	AC:000330	0.004206
human_only	D-SCRIPT	Structural	AC:000336	0.004181
human_only	D-SCRIPT	Structural	AC:000338	0.004191
human_only	D-SCRIPT	Structural	AC:000340	0.004176
human_only	D-SCRIPT	Structural	AC:000344	0.004183
human_only	D-SCRIPT	Structural	AC:000347	0.004175
human_only	D-SCRIPT	Structural	AC:000356	0.004177
human_only	D-SCRIPT	Structural	AC:000361	0.004174
human_only	D-SCRIPT	Structural	AC:000364	0.151104
human_only	D-SCRIPT	Structural	AC:000392	0.00418
human_only	D-SCRIPT	Structural	AC:000400	0.004179
human_only	D-SCRIPT	Structural	AC:000408	0.084028
human_only	D-SCRIPT	Structural	AC:000412	0.983168
human_only	D-SCRIPT	Structural	AC:000414	0.00418
human_only	D-SCRIPT	Structural	AC:000442	0.965789
human_only	D-SCRIPT	Structural	AC:000447	0.0042
human_only	D-SCRIPT	Structural	AC:000456	0.004177
human_only	D-SCRIPT	Structural	AC:000457	0.918476
human_only	D-SCRIPT	Structural	AC:000461	0.004176
human_only	D-SCRIPT	Structural	AC:000470	0.0457
human_only	D-SCRIPT	Structural	AC:000471	0.004188
human_only	D-SCRIPT	Structural	AC:000480	0.028468
human_only	D-SCRIPT	Structural	AC:000496	0.334779
human_only	D-SCRIPT	Structural	AC:000503	0.004219
human_only	D-SCRIPT	Structural	AC:000504	0.004183
human_only	D-SCRIPT	Structural	AC:000514	0.005099
human_only	D-SCRIPT	Structural	AC:000534	0.0042
human_only	D-SCRIPT	Structural	AC:000536	0.096117
human_only	D-SCRIPT	Structural	AC:000542	0.004186
human_only	D-SCRIPT	Structural	AC:000559	0.00418
human_only	D-SCRIPT	Structural	AC:000561	0.270996
human_only	D-SCRIPT	Structural	AC:000590	0.004181
human_only	D-SCRIPT	Structural	AC:000591	0.004346
human_only	D-SCRIPT	Structural	AC:000594	0.004177
human_only	D-SCRIPT	Structural	AC:000634	0.037737
human_only	D-SCRIPT	Structural	AC:000657	0.00419
human_only	D-SCRIPT	Structural	AC:000661	0.013023
human_only	D-SCRIPT	Structural	AC:000750	0.004183
human_only	D-SCRIPT	Structural	AC:000756	0.006306
human_only	D-SCRIPT	Structural	AC:000760	0.952488
human_only	D-SCRIPT	Structural	AC:000768	0.004175
human_only	D-SCRIPT	Structural	AC:000776	0.005436
human_only	D-SCRIPT	Structural	AC:000779	0.082586
human_only	D-SCRIPT	Structural	AC:000786	0.973312
human_only	D-SCRIPT	Structural	AC:000788	0.017283
human_only	D-SCRIPT	Structural	AC:000792	0.004183
human_only	D-SCRIPT	Structural	AC:000799	0.896656
human_only	D-SCRIPT	Structural	AC:000812	0.415326
human_only	D-SCRIPT	Structural	AC:000813	0.250096
human_only	D-SCRIPT	Structural	AC:000861	0.004205
human_only	D-SCRIPT	Structural	AC:000869	0.004181
human_only	D-SCRIPT	Structural	AC:000877	0.004177
human_only	D-SCRIPT	Structural	AC:000881	0.004711
human_only	D-SCRIPT	Structural	AC:000891	0.004177
human_only	D-SCRIPT	Structural	AC:000894	0.138498
human_only	D-SCRIPT	Structural	AC:000906	0.483087
human_only	D-SCRIPT	Structural	AC:000913	0.004237
human_only	D-SCRIPT	Structural	AC:000918	0.010874
human_only	D-SCRIPT	Structural	AC:000922	0.397567
human_only	D-SCRIPT	Structural	AC:000932	0.625291
human_only	D-SCRIPT	Structural	AC:000953	0.004176
human_only	D-SCRIPT	Structural	AC:000958	0.004182
human_only	D-SCRIPT	Structural	AC:000960	0.004177
human_only	D-SCRIPT	Structural	AC:000962	0.004179
human_only	D-SCRIPT	Structural	AC:000966	0.004185
human_only	D-SCRIPT	Structural	AC:000983	0.004179
human_only	D-SCRIPT	Structural	AC:001001	0.004183
human_only	D-SCRIPT	Structural	AC:001002	0.004205
human_only	D-SCRIPT	Structural	AC:001008	0.004324
human_only	D-SCRIPT	Structural	AC:001010	0.778572
human_only	D-SCRIPT	Structural	AC:001017	0.005658
human_only	D-SCRIPT	Structural	AC:001081	0.004176
human_only	D-SCRIPT	Structural	AC:001084	0.004181
human_only	D-SCRIPT	Structural	AC:001087	0.028278
human_only	D-SCRIPT	Structural	AC:001097	0.004174
human_only	D-SCRIPT	Structural	AC:001110	0.004184
human_only	D-SCRIPT	Structural	AC:001120	0.004897
human_only	D-SCRIPT	Structural	AC:001126	0.918473
human_only	D-SCRIPT	Structural	AC:001135	0.036163
human_only	D-SCRIPT	Structural	AC:001162	0.004176
human_only	D-SCRIPT	Structural	AC:001163	0.004541
human_only	D-SCRIPT	Structural	AC:001169	0.93481
human_only	D-SCRIPT	Structural	AC:001181	0.050731
human_only	D-SCRIPT	Structural	AC:001183	0.007849
human_only	D-SCRIPT	Structural	AC:001214	0.004181
human_only	D-SCRIPT	Structural	AC:001253	0.004194
human_only	D-SCRIPT	Structural	AC:001269	0.004177
human_only	D-SCRIPT	Structural	AC:001276	0.007313
human_only	D-SCRIPT	Structural	AC:001290	0.004175
human_only	D-SCRIPT	Structural	AC:001293	0.979552
human_only	D-SCRIPT	Structural	AC:001295	0.972373
human_only	D-SCRIPT	Structural	AC:001296	0.709777
human_only	D-SCRIPT	Structural	AC:001342	0.004181
human_only	D-SCRIPT	Structural	AC:001363	0.004475
human_only	D-SCRIPT	Structural	AC:001370	0.004205
human_only	D-SCRIPT	Structural	AC:001389	0.004174
human_only	D-SCRIPT	Structural	AC:001402	0.004177
human_only	D-SCRIPT	Structural	AC:001408	0.004197
human_only	D-SCRIPT	Structural	AC:001416	0.013125
human_only	D-SCRIPT	Structural	AC:001428	0.004196
human_only	D-SCRIPT	Structural	AC:001449	0.004189
human_only	D-SCRIPT	Structural	AC:001457	0.004264
human_only	D-SCRIPT	Structural	AC:001460	0.950837
human_only	D-SCRIPT	Structural	AC:001472	0.004176
human_only	D-SCRIPT	Structural	AC:001475	0.004195
human_only	D-SCRIPT	Structural	AC:001483	0.228618
human_only	D-SCRIPT	Structural	AC:001513	0.820573
human_only	D-SCRIPT	Structural	AC:001558	0.79124
human_only	D-SCRIPT	Structural	AC:001573	0.0042
human_only	D-SCRIPT	Structural	AC:001590	0.105541
human_only	D-SCRIPT	Structural	AC:001604	0.004177
human_only	D-SCRIPT	Structural	AC:001606	0.004186
human_only	D-SCRIPT	Structural	AC:001630	0.005222
human_only	D-SCRIPT	Structural	AC:001651	0.004207
human_only	D-SCRIPT	Structural	AC:001664	0.004185
human_only	D-SCRIPT	Structural	AC:001669	0.017396
human_only	D-SCRIPT	Structural	AC:001674	0.032036
human_only	D-SCRIPT	Structural	AC:001680	0.004178
human_only	D-SCRIPT	Structural	AC:001708	0.806289
human_only	D-SCRIPT	Structural	AC:001714	0.004684
human_only	D-SCRIPT	Structural	AC:001715	0.021876
human_only	D-SCRIPT	Structural	AC:001724	0.004194
human_only	D-SCRIPT	Structural	AC:001726	0.006964
human_only	D-SCRIPT	Structural	AC:001730	0.004177
human_only	D-SCRIPT	Structural	AC:001759	0.004177
human_only	D-SCRIPT	Structural	AC:001770	0.004194
human_only	D-SCRIPT	Structural	AC:001774	0.004278
human_only	D-SCRIPT	Structural	AC:001790	0.038338
human_only	D-SCRIPT	Structural	AC:001793	0.004176
human_only	D-SCRIPT	Structural	AC:001832	0.912391
human_only	D-SCRIPT	Structural	AC:001861	0.015531
human_only	D-SCRIPT	Structural	AC:001866	0.004176
human_only	D-SCRIPT	Structural	AC:001869	0.983126
human_only	D-SCRIPT	Structural	AC:001873	0.004979
human_only	D-SCRIPT	Structural	AC:001901	0.005094
human_only	D-SCRIPT	Structural	AC:001920	0.004301
human_only	D-SCRIPT	Structural	AC:001930	0.004178
human_only	D-SCRIPT	Structural	AC:001943	0.109816
human_only	D-SCRIPT	Structural	AC:001957	0.004179
human_only	D-SCRIPT	Structural	AC:001987	0.004175
human_only	D-SCRIPT	Structural	AC:001991	0.004231
human_only	D-SCRIPT	Structural	AC:002007	0.004177
human_only	D-SCRIPT	Structural	AC:002014	0.004197
human_only	D-SCRIPT	Structural	AC:002039	0.004182
human_only	D-SCRIPT	Structural	AC:002059	0.004184
human_only	D-SCRIPT	Structural	AC:002061	0.485562
human_only	D-SCRIPT	Structural	AC:002064	0.004177
human_only	D-SCRIPT	Structural	AC:002096	0.004321
human_only	D-SCRIPT	Structural	AC:002103	0.034026
human_only	D-SCRIPT	Structural	AC:002119	0.004174
human_only	D-SCRIPT	Structural	AC:002134	0.570523
human_only	D-SCRIPT	Structural	AC:002147	0.004195
human_only	D-SCRIPT	Structural	AC:002152	0.004176
human_only	D-SCRIPT	Structural	AC:002158	0.004208
human_only	D-SCRIPT	Structural	AC:002171	0.972394
human_only	D-SCRIPT	Structural	AC:002197	0.004187
human_only	D-SCRIPT	Structural	AC:002218	0.004176
human_only	D-SCRIPT	Structural	AC:002223	0.004179
human_only	D-SCRIPT	Structural	AC:002226	0.005121
human_only	D-SCRIPT	Structural	AC:002234	0.195859
human_only	D-SCRIPT	Structural	AC:002241	0.004174
human_only	D-SCRIPT	Structural	AC:002251	0.019881
human_only	D-SCRIPT	Structural	AC:002271	0.006044
human_only	D-SCRIPT	Structural	AC:002296	0.004175
human_only	D-SCRIPT	Structural	AC:002338	0.004797
human_only	D-SCRIPT	Structural	AC:002349	0.459109
human_only	D-SCRIPT	Structural	AC:002376	0.004177
human_only	D-SCRIPT	Structural	AC:002407	0.008208
human_only	D-SCRIPT	Structural	AC:002408	0.004183
human_only	D-SCRIPT	Structural	AC:002410	0.004178
human_only	D-SCRIPT	Structural	AC:002421	0.004176
human_only	D-SCRIPT	Structural	AC:002424	0.007758
human_only	D-SCRIPT	Structural	AC:002439	0.004182
human_only	D-SCRIPT	Structural	AC:002446	0.981301
human_only	D-SCRIPT	Structural	AC:002448	0.00418
human_only	D-SCRIPT	Structural	AC:002457	0.974464
human_only	D-SCRIPT	Structural	AC:002464	0.004175
human_only	D-SCRIPT	Structural	AC:002466	0.0042
human_only	D-SCRIPT	Structural	AC:002479	0.968036
human_only	D-SCRIPT	Structural	AC:002492	0.33579
human_only	D-SCRIPT	Structural	AC:002497	0.004178
human_only	D-SCRIPT	Structural	AC:002510	0.164601
human_only	D-SCRIPT	Structural	AC:002532	0.004177
human_only	D-SCRIPT	Structural	AC:002541	0.004394
human_only	D-SCRIPT	Structural	AC:002548	0.35815
human_only	D-SCRIPT	Structural	AC:002552	0.004239
human_only	D-SCRIPT	Structural	AC:002553	0.004176
human_only	D-SCRIPT	Structural	AC:002555	0.004199
human_only	D-SCRIPT	Structural	AC:002559	0.004214
human_only	D-SCRIPT	Structural	AC:002564	0.004175
human_only	D-SCRIPT	Structural	AC:002567	0.004208
human_only	D-SCRIPT	Structural	AC:002578	0.004177
human_only	D-SCRIPT	Structural	AC:002583	0.004851
human_only	D-SCRIPT	Structural	AC:002590	0.326015
human_only	D-SCRIPT	Structural	AC:002597	0.920457
human_only	D-SCRIPT	Structural	AC:002617	0.004178
human_only	D-SCRIPT	Structural	AC:002628	0.004174
human_only	D-SCRIPT	Structural	AC:002646	0.009208
human_only	D-SCRIPT	Structural	AC:002651	0.004185
human_only	D-SCRIPT	Structural	AC:002652	0.333824
human_only	D-SCRIPT	Structural	AC:002671	0.004177
human_only	D-SCRIPT	Structural	AC:002683	0.004179
human_only	D-SCRIPT	Structural	AC:002686	0.02095
human_only	D-SCRIPT	Structural	AC:002693	0.022719
human_only	D-SCRIPT	Structural	AC:002697	0.00418
human_only	D-SCRIPT	Structural	AC:002707	0.004183
human_only	D-SCRIPT	Structural	AC:002708	0.004175
human_only	D-SCRIPT	Structural	AC:002735	0.012076
human_only	D-SCRIPT	Structural	AC:002749	0.946483
human_only	D-SCRIPT	Structural	AC:002751	0.004178
human_only	D-SCRIPT	Structural	AC:002758	0.33206
human_only	D-SCRIPT	Structural	AC:002774	0.004183
human_only	D-SCRIPT	Structural	AC:002804	0.853489
human_only	D-SCRIPT	Structural	AC:002832	0.948438
human_only	D-SCRIPT	Structural	AC:002877	0.060332
human_only	D-SCRIPT	Structural	AC:002883	0.004176
human_only	D-SCRIPT	Structural	AC:002898	0.38596
human_only	D-SCRIPT	Structural	AC:002900	0.544036
human_only	D-SCRIPT	Structural	AC:002903	0.032272
human_only	D-SCRIPT	Structural	AC:002905	0.973169
human_only	D-SCRIPT	Structural	AC:002959	0.742629
human_only	D-SCRIPT	Structural	AC:002981	0.004278
human_only	D-SCRIPT	Structural	AC:002986	0.545015
human_only	D-SCRIPT	Structural	AC:003037	0.004185
human_only	Topsy-Turvy	Negatome	NEG:00009	0.210613
human_only	Topsy-Turvy	Negatome	NEG:00012	0.717276
human_only	Topsy-Turvy	Negatome	NEG:00014	0.716892
human_only	Topsy-Turvy	Negatome	NEG:00015	0.701664
human_only	Topsy-Turvy	Negatome	NEG:00016	0.000292
human_only	Topsy-Turvy	Negatome	NEG:00042	0.64586
human_only	Topsy-Turvy	Negatome	NEG:00115	0.143191
human_only	Topsy-Turvy	Negatome	NEG:00116	0.249838
human_only	Topsy-Turvy	Negatome	NEG:00117	0.143596
human_only	Topsy-Turvy	Negatome	NEG:00180	0.099698
human_only	Topsy-Turvy	Negatome	NEG:00237	0.156695
human_only	Topsy-Turvy	Negatome	NEG:00250	0.138592
human_only	Topsy-Turvy	Negatome	NEG:00252	0.199436
human_only	Topsy-Turvy	Negatome	NEG:00350	0.319831
human_only	Topsy-Turvy	Negatome	NEG:00365	0.509699
human_only	Topsy-Turvy	Negatome	NEG:00367	0.665557
human_only	Topsy-Turvy	Negatome	NEG:00368	0.507138
human_only	Topsy-Turvy	Negatome	NEG:00369	0.479626
human_only	Topsy-Turvy	Negatome	NEG:00371	0.000422
human_only	Topsy-Turvy	Negatome	NEG:00373	0.737623
human_only	Topsy-Turvy	Negatome	NEG:00403	0.098688
human_only	Topsy-Turvy	Negatome	NEG:00435	0.23092
human_only	Topsy-Turvy	Negatome	NEG:00437	0.437093
human_only	Topsy-Turvy	Negatome	NEG:00438	0.449096
human_only	Topsy-Turvy	Negatome	NEG:00439	0.475537
human_only	Topsy-Turvy	Negatome	NEG:00440	0.430464
human_only	Topsy-Turvy	Negatome	NEG:00442	0.535542
human_only	Topsy-Turvy	Negatome	NEG:00482	0.333549
human_only	Topsy-Turvy	Negatome	NEG:00494	0.181889
human_only	Topsy-Turvy	Negatome	NEG:00510	0.056559
human_only	Topsy-Turvy	Negatome	NEG:00511	0.083821
human_only	Topsy-Turvy	Negatome	NEG:00558	0.716232
human_only	Topsy-Turvy	Negatome	NEG:00562	0.031973
human_only	Topsy-Turvy	Negatome	NEG:00566	0.035052
human_only	Topsy-Turvy	Negatome	NEG:00570	0.350149
human_only	Topsy-Turvy	Negatome	NEG:00601	0.755778
human_only	Topsy-Turvy	Negatome	NEG:00629	0.695359
human_only	Topsy-Turvy	Negatome	NEG:00633	0.818704
human_only	Topsy-Turvy	Negatome	NEG:00634	0.258794
human_only	Topsy-Turvy	Negatome	NEG:00642	0.812167
human_only	Topsy-Turvy	Negatome	NEG:00664	0.020947
human_only	Topsy-Turvy	Negatome	NEG:00698	0.499515
human_only	Topsy-Turvy	Negatome	NEG:00699	0.499733
human_only	Topsy-Turvy	Negatome	NEG:00700	0.477525
human_only	Topsy-Turvy	Negatome	NEG:00701	0.091391
human_only	Topsy-Turvy	Negatome	NEG:00703	0.125115
human_only	Topsy-Turvy	Negatome	NEG:00704	0.499728
human_only	Topsy-Turvy	Negatome	NEG:00705	0.109454
human_only	Topsy-Turvy	Negatome	NEG:00706	0.499829
human_only	Topsy-Turvy	Negatome	NEG:00707	0.142869
human_only	Topsy-Turvy	Negatome	NEG:00708	0.101578
human_only	Topsy-Turvy	Negatome	NEG:00709	0.125108
human_only	Topsy-Turvy	Negatome	NEG:00710	0.499605
human_only	Topsy-Turvy	Negatome	NEG:00711	0.142946
human_only	Topsy-Turvy	Negatome	NEG:00712	0.142724
human_only	Topsy-Turvy	Negatome	NEG:00716	0.499806
human_only	Topsy-Turvy	Negatome	NEG:00717	0.166683
human_only	Topsy-Turvy	Negatome	NEG:00718	0.16719
human_only	Topsy-Turvy	Negatome	NEG:00719	0.200242
human_only	Topsy-Turvy	Negatome	NEG:00734	0.499307
human_only	Topsy-Turvy	Negatome	NEG:00744	0.229051
human_only	Topsy-Turvy	Negatome	NEG:00745	0.499511
human_only	Topsy-Turvy	Negatome	NEG:00746	0.056555
human_only	Topsy-Turvy	Negatome	NEG:00747	0.499503
human_only	Topsy-Turvy	Negatome	NEG:00748	0.319548
human_only	Topsy-Turvy	Negatome	NEG:00749	0.499428
human_only	Topsy-Turvy	Negatome	NEG:00750	0.499587
human_only	Topsy-Turvy	Negatome	NEG:00751	0.772169
human_only	Topsy-Turvy	Negatome	NEG:00752	0.499394
human_only	Topsy-Turvy	Negatome	NEG:00753	0.333012
human_only	Topsy-Turvy	Negatome	NEG:00754	0.499063
human_only	Topsy-Turvy	Negatome	NEG:00755	0.325593
human_only	Topsy-Turvy	Negatome	NEG:00756	0.498791
human_only	Topsy-Turvy	Negatome	NEG:00757	0.125459
human_only	Topsy-Turvy	Negatome	NEG:00758	0.340527
human_only	Topsy-Turvy	Negatome	NEG:00759	0.499687
human_only	Topsy-Turvy	Negatome	NEG:00760	0.499534
human_only	Topsy-Turvy	Negatome	NEG:00761	0.906885
human_only	Topsy-Turvy	Negatome	NEG:00762	0.166518
human_only	Topsy-Turvy	Negatome	NEG:00763	0.24416
human_only	Topsy-Turvy	Negatome	NEG:00764	0.167373
human_only	Topsy-Turvy	Negatome	NEG:00765	0.017274
human_only	Topsy-Turvy	Negatome	NEG:00766	0.09161
human_only	Topsy-Turvy	Negatome	NEG:00767	0.078832
human_only	Topsy-Turvy	Negatome	NEG:00768	0.860194
human_only	Topsy-Turvy	Negatome	NEG:00769	0.382892
human_only	Topsy-Turvy	Negatome	NEG:00770	0.336015
human_only	Topsy-Turvy	Negatome	NEG:00771	0.249929
human_only	Topsy-Turvy	Negatome	NEG:00772	0.488473
human_only	Topsy-Turvy	Negatome	NEG:00773	0.018454
human_only	Topsy-Turvy	Negatome	NEG:00774	0.02513
human_only	Topsy-Turvy	Negatome	NEG:00775	0.499488
human_only	Topsy-Turvy	Negatome	NEG:00776	0.216336
human_only	Topsy-Turvy	Negatome	NEG:00777	0.302003
human_only	Topsy-Turvy	Negatome	NEG:00778	0.020243
human_only	Topsy-Turvy	Negatome	NEG:00781	0.111156
human_only	Topsy-Turvy	Negatome	NEG:00782	0.763061
human_only	Topsy-Turvy	Negatome	NEG:00783	0.066003
human_only	Topsy-Turvy	Negatome	NEG:00784	0.001134
human_only	Topsy-Turvy	Negatome	NEG:00804	0.392899
human_only	Topsy-Turvy	Negatome	NEG:00807	0.572857
human_only	Topsy-Turvy	Negatome	NEG:00808	0.413929
human_only	Topsy-Turvy	Negatome	NEG:00829	0.730495
human_only	Topsy-Turvy	Negatome	NEG:00843	0.725193
human_only	Topsy-Turvy	Negatome	NEG:00849	0.708554
human_only	Topsy-Turvy	Negatome	NEG:00850	0.0716
human_only	Topsy-Turvy	Negatome	NEG:00864	0.375947
human_only	Topsy-Turvy	Negatome	NEG:00865	0.802588
human_only	Topsy-Turvy	Negatome	NEG:00866	0.363602
human_only	Topsy-Turvy	Negatome	NEG:00867	0.579474
human_only	Topsy-Turvy	Negatome	NEG:00868	0.408478
human_only	Topsy-Turvy	Negatome	NEG:00869	0.148251
human_only	Topsy-Turvy	Negatome	NEG:00870	0.427536
human_only	Topsy-Turvy	Negatome	NEG:00871	0.077055
human_only	Topsy-Turvy	Negatome	NEG:00872	0.170329
human_only	Topsy-Turvy	Negatome	NEG:00873	0.186299
human_only	Topsy-Turvy	Negatome	NEG:00874	0.489235
human_only	Topsy-Turvy	Negatome	NEG:00875	0.541587
human_only	Topsy-Turvy	Negatome	NEG:00876	0.489734
human_only	Topsy-Turvy	Negatome	NEG:00877	0.401094
human_only	Topsy-Turvy	Negatome	NEG:00880	0.050637
human_only	Topsy-Turvy	Negatome	NEG:00881	0.598992
human_only	Topsy-Turvy	Negatome	NEG:00882	0.687253
human_only	Topsy-Turvy	Negatome	NEG:00883	0.13144
human_only	Topsy-Turvy	Negatome	NEG:00937	0.075806
human_only	Topsy-Turvy	Negatome	NEG:00938	0.044779
human_only	Topsy-Turvy	Negatome	NEG:00939	0.499274
human_only	Topsy-Turvy	Negatome	NEG:00940	1.5e-05
human_only	Topsy-Turvy	Negatome	NEG:00941	0.167304
human_only	Topsy-Turvy	Negatome	NEG:00942	0.077843
human_only	Topsy-Turvy	Negatome	NEG:00943	0.666189
human_only	Topsy-Turvy	Negatome	NEG:00944	0.084149
human_only	Topsy-Turvy	Negatome	NEG:00945	0.202048
human_only	Topsy-Turvy	Negatome	NEG:00946	0.856857
human_only	Topsy-Turvy	Negatome	NEG:00947	0.499761
human_only	Topsy-Turvy	Negatome	NEG:00948	0.499489
human_only	Topsy-Turvy	Negatome	NEG:00952	0.143728
human_only	Topsy-Turvy	Negatome	NEG:00953	0.249924
human_only	Topsy-Turvy	Negatome	NEG:00954	0.204348
human_only	Topsy-Turvy	Negatome	NEG:00955	0.499701
human_only	Topsy-Turvy	Negatome	NEG:00956	0.654524
human_only	Topsy-Turvy	Negatome	NEG:00999	0.111627
human_only	Topsy-Turvy	Negatome	NEG:01018	0.671129
human_only	Topsy-Turvy	Negatome	NEG:01019	0.424381
human_only	Topsy-Turvy	Negatome	NEG:01020	3.3e-05
human_only	Topsy-Turvy	Negatome	NEG:01021	0.395578
human_only	Topsy-Turvy	Negatome	NEG:01024	0.024981
human_only	Topsy-Turvy	Negatome	NEG:01026	0.17057
human_only	Topsy-Turvy	Negatome	NEG:01027	0.504741
human_only	Topsy-Turvy	Negatome	NEG:01032	0.039249
human_only	Topsy-Turvy	Negatome	NEG:01033	0.702033
human_only	Topsy-Turvy	Negatome	NEG:01051	0.399557
human_only	Topsy-Turvy	Negatome	NEG:01052	0.278618
human_only	Topsy-Turvy	Negatome	NEG:01053	0.125073
human_only	Topsy-Turvy	Negatome	NEG:01054	0.029656
human_only	Topsy-Turvy	Negatome	NEG:01055	0.073205
human_only	Topsy-Turvy	Negatome	NEG:01056	0.071844
human_only	Topsy-Turvy	Negatome	NEG:01057	0.379331
human_only	Topsy-Turvy	Negatome	NEG:01058	0.092162
human_only	Topsy-Turvy	Negatome	NEG:01059	0.166968
human_only	Topsy-Turvy	Negatome	NEG:01063	0.166772
human_only	Topsy-Turvy	Negatome	NEG:01064	0.11168
human_only	Topsy-Turvy	Negatome	NEG:01065	0.200152
human_only	Topsy-Turvy	Negatome	NEG:01066	0.042489
human_only	Topsy-Turvy	Negatome	NEG:01085	0.729105
human_only	Topsy-Turvy	Negatome	NEG:01099	0.620695
human_only	Topsy-Turvy	Negatome	NEG:01117	0.358735
human_only	Topsy-Turvy	Negatome	NEG:01118	0.653031
human_only	Topsy-Turvy	Negatome	NEG:01119	0.142332
human_only	Topsy-Turvy	Negatome	NEG:01126	0.858021
human_only	Topsy-Turvy	Negatome	NEG:01128	0.12555
human_only	Topsy-Turvy	Negatome	NEG:01147	0.197198
human_only	Topsy-Turvy	Negatome	NEG:01149	0.680073
human_only	Topsy-Turvy	Negatome	NEG:01150	0.577611
human_only	Topsy-Turvy	Negatome	NEG:01154	0.19247
human_only	Topsy-Turvy	Negatome	NEG:01232	0.269257
human_only	Topsy-Turvy	Negatome	NEG:01245	0.482818
human_only	Topsy-Turvy	Negatome	NEG:01246	0.609972
human_only	Topsy-Turvy	Negatome	NEG:01252	0.141295
human_only	Topsy-Turvy	Negatome	NEG:01255	0.043406
human_only	Topsy-Turvy	Negatome	NEG:01256	0.499681
human_only	Topsy-Turvy	Negatome	NEG:01257	3.8e-05
human_only	Topsy-Turvy	Negatome	NEG:01259	0.028386
human_only	Topsy-Turvy	Negatome	NEG:01260	0.111253
human_only	Topsy-Turvy	Negatome	NEG:01261	0.057041
human_only	Topsy-Turvy	Negatome	NEG:01262	0.129797
human_only	Topsy-Turvy	Negatome	NEG:01263	0.31717
human_only	Topsy-Turvy	Negatome	NEG:01264	0.499327
human_only	Topsy-Turvy	Negatome	NEG:01265	0.066973
human_only	Topsy-Turvy	Negatome	NEG:01268	0.499739
human_only	Topsy-Turvy	Negatome	NEG:01269	0.07182
human_only	Topsy-Turvy	Negatome	NEG:01270	0.122311
human_only	Topsy-Turvy	Negatome	NEG:01271	0.436178
human_only	Topsy-Turvy	Negatome	NEG:01272	0.061984
human_only	Topsy-Turvy	Negatome	NEG:01293	0.498382
human_only	Topsy-Turvy	Negatome	NEG:01302	0.718348
human_only	Topsy-Turvy	Negatome	NEG:01347	0.672662
human_only	Topsy-Turvy	Negatome	NEG:01375	0.251612
human_only	Topsy-Turvy	Negatome	NEG:01376	0.922532
human_only	Topsy-Turvy	Negatome	NEG:01377	0.166739
human_only	Topsy-Turvy	Negatome	NEG:01378	0.499227
human_only	Topsy-Turvy	Negatome	NEG:01379	0.499176
human_only	Topsy-Turvy	Negatome	NEG:01380	0.332265
human_only	Topsy-Turvy	Negatome	NEG:01381	0.499433
human_only	Topsy-Turvy	Negatome	NEG:01382	0.499539
human_only	Topsy-Turvy	Negatome	NEG:01383	0.499304
human_only	Topsy-Turvy	Negatome	NEG:01384	0.499339
human_only	Topsy-Turvy	Negatome	NEG:01385	0.498963
human_only	Topsy-Turvy	Negatome	NEG:01472	0.607489
human_only	Topsy-Turvy	Negatome	NEG:01489	0.466706
human_only	Topsy-Turvy	Negatome	NEG:01490	0.665577
human_only	Topsy-Turvy	Negatome	NEG:01491	0.601348
human_only	Topsy-Turvy	Negatome	NEG:01492	0.333369
human_only	Topsy-Turvy	Negatome	NEG:01493	3.7e-05
human_only	Topsy-Turvy	Negatome	NEG:01494	0.206203
human_only	Topsy-Turvy	Negatome	NEG:01495	0.499181
human_only	Topsy-Turvy	Negatome	NEG:01496	0.131005
human_only	Topsy-Turvy	Negatome	NEG:01497	0.239171
human_only	Topsy-Turvy	Negatome	NEG:01498	0.605535
human_only	Topsy-Turvy	Negatome	NEG:01517	0.667941
human_only	Topsy-Turvy	Negatome	NEG:01518	0.671443
human_only	Topsy-Turvy	Negatome	NEG:01536	0.50621
human_only	Topsy-Turvy	Negatome	NEG:01537	0.741831
human_only	Topsy-Turvy	Negatome	NEG:01554	0.069956
human_only	Topsy-Turvy	Negatome	NEG:01555	0.200809
human_only	Topsy-Turvy	Negatome	NEG:01556	0.333213
human_only	Topsy-Turvy	Negatome	NEG:01557	0.094278
human_only	Topsy-Turvy	Negatome	NEG:01558	0.202589
human_only	Topsy-Turvy	Negatome	NEG:01559	0.664285
human_only	Topsy-Turvy	Negatome	NEG:01560	0.696787
human_only	Topsy-Turvy	Negatome	NEG:01561	0.299984
human_only	Topsy-Turvy	Negatome	NEG:01564	0.179794
human_only	Topsy-Turvy	Negatome	NEG:01565	0.207897
human_only	Topsy-Turvy	Negatome	NEG:01566	0.499648
human_only	Topsy-Turvy	Negatome	NEG:01567	0.728052
human_only	Topsy-Turvy	Negatome	NEG:01637	0.144731
human_only	Topsy-Turvy	Negatome	NEG:01638	0.091306
human_only	Topsy-Turvy	Negatome	NEG:01639	0.499664
human_only	Topsy-Turvy	Negatome	NEG:01640	0.077058
human_only	Topsy-Turvy	Negatome	NEG:01641	0.074419
human_only	Topsy-Turvy	Negatome	NEG:01645	6e-06
human_only	Topsy-Turvy	Negatome	NEG:01647	0.125116
human_only	Topsy-Turvy	Negatome	NEG:01648	7.7e-05
human_only	Topsy-Turvy	Negatome	NEG:01661	0.067318
human_only	Topsy-Turvy	Negatome	NEG:01662	0.032895
human_only	Topsy-Turvy	Negatome	NEG:01663	0.023342
human_only	Topsy-Turvy	Negatome	NEG:01667	0.077429
human_only	Topsy-Turvy	Negatome	NEG:01668	0.808313
human_only	Topsy-Turvy	Negatome	NEG:01669	0.021626
human_only	Topsy-Turvy	Negatome	NEG:01701	0.166642
human_only	Topsy-Turvy	Negatome	NEG:01702	0.127695
human_only	Topsy-Turvy	Negatome	NEG:01703	0.04902
human_only	Topsy-Turvy	Negatome	NEG:01704	0.174474
human_only	Topsy-Turvy	Negatome	NEG:01705	0.027761
human_only	Topsy-Turvy	Negatome	NEG:01708	0.142912
human_only	Topsy-Turvy	Negatome	NEG:01709	0.079107
human_only	Topsy-Turvy	Negatome	NEG:01710	0.040342
human_only	Topsy-Turvy	Negatome	NEG:01711	0.021665
human_only	Topsy-Turvy	Negatome	NEG:01712	0.333204
human_only	Topsy-Turvy	Negatome	NEG:01713	0.044459
human_only	Topsy-Turvy	Negatome	NEG:01714	0.499442
human_only	Topsy-Turvy	Negatome	NEG:01715	0.037432
human_only	Topsy-Turvy	Negatome	NEG:01718	0.126617
human_only	Topsy-Turvy	Negatome	NEG:01719	0.2003
human_only	Topsy-Turvy	Negatome	NEG:01720	0.167844
human_only	Topsy-Turvy	Negatome	NEG:01721	0.02408
human_only	Topsy-Turvy	Negatome	NEG:01722	0.084213
human_only	Topsy-Turvy	Negatome	NEG:01744	0.499545
human_only	Topsy-Turvy	Negatome	NEG:01745	0.250841
human_only	Topsy-Turvy	Negatome	NEG:01746	0.340641
human_only	Topsy-Turvy	Negatome	NEG:01747	0.451915
human_only	Topsy-Turvy	Negatome	NEG:01748	0.499743
human_only	Topsy-Turvy	Negatome	NEG:01749	0.49962
human_only	Topsy-Turvy	Negatome	NEG:01750	0.354361
human_only	Topsy-Turvy	Negatome	NEG:01751	0.333452
human_only	Topsy-Turvy	Negatome	NEG:01752	0.665828
human_only	Topsy-Turvy	Negatome	NEG:01754	0.499413
human_only	Topsy-Turvy	Negatome	NEG:01755	0.058709
human_only	Topsy-Turvy	Negatome	NEG:01758	0.250008
human_only	Topsy-Turvy	Negatome	NEG:01759	0.100677
human_only	Topsy-Turvy	Negatome	NEG:01760	0.563336
human_only	Topsy-Turvy	Negatome	NEG:01761	0.029092
human_only	Topsy-Turvy	Negatome	NEG:01766	0.250364
human_only	Topsy-Turvy	Negatome	NEG:01767	0.126703
human_only	Topsy-Turvy	Negatome	NEG:01768	0.499675
human_only	Topsy-Turvy	Negatome	NEG:01769	0.1561
human_only	Topsy-Turvy	Negatome	NEG:01770	0.333253
human_only	Topsy-Turvy	Negatome	NEG:01771	0.499266
human_only	Topsy-Turvy	Negatome	NEG:01772	0.334193
human_only	Topsy-Turvy	Negatome	NEG:01807	0.044848
human_only	Topsy-Turvy	Negatome	NEG:01808	0.018383
human_only	Topsy-Turvy	Negatome	NEG:01813	0.074642
human_only	Topsy-Turvy	Negatome	NEG:01816	0.4998
human_only	Topsy-Turvy	Negatome	NEG:01828	0.203059
human_only	Topsy-Turvy	Negatome	NEG:01829	0.166757
human_only	Topsy-Turvy	Negatome	NEG:01833	0.499467
human_only	Topsy-Turvy	Negatome	NEG:01841	0.25003
human_only	Topsy-Turvy	Negatome	NEG:01843	0.07222
human_only	Topsy-Turvy	ProtNeg	PAIR2:GENE:5290|GENE:6016	0.093229
human_only	Topsy-Turvy	ProtNeg	PAIR2:GENE:4547|GENE:5327	0.844455
human_only	Topsy-Turvy	ProtNeg	PAIR2:GENE:682|GENE:7031	0.328948
human_only	Topsy-Turvy	ProtNeg	PAIR2:GENE:143384|GENE:79047	0.499594
human_only	Topsy-Turvy	ProtNeg	PAIR2:GENE:2260|GENE:5228	0.204782
human_only	Topsy-Turvy	ProtNeg	PAIR2:GENE:4137|GENE:9053	0.081997
human_only	Topsy-Turvy	ProtNeg	PAIR2:GENE:3836|GENE:79991	0.562783
human_only	Topsy-Turvy	ProtNeg	PAIR2:GENE:7010|GENE:7422	0.09943
human_only	Topsy-Turvy	ProtNeg	PAIR2:GENE:100134934|GENE:3836	0.246551
human_only	Topsy-Turvy	ProtNeg	PAIR2:GENE:50489|GENE:920	0.039302
human_only	Topsy-Turvy	ProtNeg	PAIR2:GENE:2697|GENE:4313	0.186501
human_only	Topsy-Turvy	ProtNeg	PAIR2:GENE:30835|GENE:920	0.074007
human_only	Topsy-Turvy	ProtNeg	PAIR2:GENE:2017|GENE:5777	0.74138
human_only	Topsy-Turvy	ProtNeg	PAIR2:GENE:1628|GENE:7057	0.019835
human_only	Topsy-Turvy	ProtNeg	PAIR2:GENE:3487|GENE:652	0.76449
human_only	Topsy-Turvy	ProtNeg	PAIR2:GENE:43847|GENE:643394	0.249347
human_only	Topsy-Turvy	ProtNeg	PAIR2:GENE:1670|GENE:3106	0.498884
human_only	Topsy-Turvy	ProtNeg	PAIR2:GENE:3077|GENE:7036	0.055827
human_only	Topsy-Turvy	ProtNeg	PAIR2:GENE:389|GENE:56924	0.204409
human_only	Topsy-Turvy	ProtNeg	PAIR2:GENE:2597|GENE:4155	0.333184
human_only	Topsy-Turvy	ProtNeg	PAIR2:GENE:1017|GENE:47	0.219741
human_only	Topsy-Turvy	ProtNeg	PAIR2:GENE:55070|GENE:7323	0.733061
human_only	Topsy-Turvy	ProtNeg	PAIR2:GENE:5347|GENE:8467	0.732944
human_only	Topsy-Turvy	ProtNeg	PAIR2:GENE:2896|GENE:558	0.271989
human_only	Topsy-Turvy	ProtNeg	PAIR2:GENE:10461|GENE:2896	0.2784
human_only	Topsy-Turvy	ProtNeg	PAIR2:GENE:6119|GENE:79661	0.626358
human_only	Topsy-Turvy	ProtNeg	PAIR2:GENE:6118|GENE:79661	0.781105
human_only	Topsy-Turvy	ProtNeg	PAIR2:GENE:3075|GENE:721	0.019163
human_only	Topsy-Turvy	ProtNeg	PAIR2:GENE:3726|GENE:90416	0.33299
human_only	Topsy-Turvy	ProtNeg	PAIR2:GENE:23410|GENE:3091	0.294922
human_only	Topsy-Turvy	ProtNeg	PAIR2:GENE:801|GENE:8795	0.442699
human_only	Topsy-Turvy	ProtNeg	PAIR2:GENE:10840|GENE:635	0.228307
human_only	Topsy-Turvy	ProtNeg	PAIR2:GENE:3486|GENE:801	0.472757
human_only	Topsy-Turvy	ProtNeg	PAIR2:GENE:335|GENE:5055	0.063639
human_only	Topsy-Turvy	ProtNeg	PAIR2:GENE:2597|GENE:3552	0.141788
human_only	Topsy-Turvy	ProtNeg	PAIR2:GENE:11127|GENE:7804	0.07905
human_only	Topsy-Turvy	ProtNeg	PAIR2:GENE:3688|GENE:9052	0.107257
human_only	Topsy-Turvy	ProtNeg	PAIR2:GENE:164045|GENE:5500	0.683926
human_only	Topsy-Turvy	ProtNeg	PAIR2:GENE:5111|GENE:5291	0.713096
human_only	Topsy-Turvy	ProtNeg	PAIR2:GENE:29128|GENE:8361	0.642985
human_only	Topsy-Turvy	ProtNeg	PAIR2:GENE:10133|GENE:64343	0.066815
human_only	Topsy-Turvy	ProtNeg	PAIR2:GENE:23534|GENE:6429	0.281579
human_only	Topsy-Turvy	ProtNeg	PAIR2:GENE:10133|GENE:9755	0.195105
human_only	Topsy-Turvy	ProtNeg	PAIR2:GENE:27071|GENE:5062	0.070719
human_only	Topsy-Turvy	ProtNeg	PAIR2:GENE:29128|GENE:8337	0.635669
human_only	Topsy-Turvy	ProtNeg	PAIR2:GENE:4155|GENE:5830	0.055549
human_only	Topsy-Turvy	ProtNeg	PAIR2:GENE:1230|GENE:6348	0.772966
human_only	Topsy-Turvy	ProtNeg	PAIR2:GENE:3726|GENE:4942	0.023728
human_only	Topsy-Turvy	ProtNeg	PAIR2:GENE:558|GENE:5627	0.285969
human_only	Topsy-Turvy	ProtNeg	PAIR2:GENE:27255|GENE:351	0.208769
human_only	Topsy-Turvy	ProtNeg	PAIR2:GENE:2167|GENE:4000	0.523641
human_only	Topsy-Turvy	ProtNeg	PAIR2:GENE:3964|GENE:6520	0.341815
human_only	Topsy-Turvy	Structural	AC:000011	0.77643
human_only	Topsy-Turvy	Structural	AC:000013	0.771662
human_only	Topsy-Turvy	Structural	AC:000017	3.2e-05
human_only	Topsy-Turvy	Structural	AC:000031	0.790434
human_only	Topsy-Turvy	Structural	AC:000049	0.806006
human_only	Topsy-Turvy	Structural	AC:000051	0.778824
human_only	Topsy-Turvy	Structural	AC:000052	0.816987
human_only	Topsy-Turvy	Structural	AC:000089	0.639802
human_only	Topsy-Turvy	Structural	AC:000107	0.867608
human_only	Topsy-Turvy	Structural	AC:000114	0.708224
human_only	Topsy-Turvy	Structural	AC:000122	0.313806
human_only	Topsy-Turvy	Structural	AC:000127	0.617729
human_only	Topsy-Turvy	Structural	AC:000128	0.658817
human_only	Topsy-Turvy	Structural	AC:000156	0.83842
human_only	Topsy-Turvy	Structural	AC:000165	0.768377
human_only	Topsy-Turvy	Structural	AC:000177	0.873761
human_only	Topsy-Turvy	Structural	AC:000178	0.831197
human_only	Topsy-Turvy	Structural	AC:000190	0.469735
human_only	Topsy-Turvy	Structural	AC:000203	0.854157
human_only	Topsy-Turvy	Structural	AC:000209	0.685177
human_only	Topsy-Turvy	Structural	AC:000210	0.582726
human_only	Topsy-Turvy	Structural	AC:000222	0.400781
human_only	Topsy-Turvy	Structural	AC:000225	0.70568
human_only	Topsy-Turvy	Structural	AC:000229	0.499072
human_only	Topsy-Turvy	Structural	AC:000231	0.498708
human_only	Topsy-Turvy	Structural	AC:000235	0.591935
human_only	Topsy-Turvy	Structural	AC:000243	0.809725
human_only	Topsy-Turvy	Structural	AC:000252	0.518479
human_only	Topsy-Turvy	Structural	AC:000254	0.719013
human_only	Topsy-Turvy	Structural	AC:000266	0.794513
human_only	Topsy-Turvy	Structural	AC:000273	0.783539
human_only	Topsy-Turvy	Structural	AC:000275	0.113411
human_only	Topsy-Turvy	Structural	AC:000282	0.698622
human_only	Topsy-Turvy	Structural	AC:000288	0.660411
human_only	Topsy-Turvy	Structural	AC:000292	0.200969
human_only	Topsy-Turvy	Structural	AC:000298	0.779538
human_only	Topsy-Turvy	Structural	AC:000304	0.614325
human_only	Topsy-Turvy	Structural	AC:000307	0.882757
human_only	Topsy-Turvy	Structural	AC:000323	0.177819
human_only	Topsy-Turvy	Structural	AC:000327	0.625597
human_only	Topsy-Turvy	Structural	AC:000330	0.498836
human_only	Topsy-Turvy	Structural	AC:000336	0.498706
human_only	Topsy-Turvy	Structural	AC:000338	0.566704
human_only	Topsy-Turvy	Structural	AC:000340	0.669508
human_only	Topsy-Turvy	Structural	AC:000344	0.21245
human_only	Topsy-Turvy	Structural	AC:000347	0.333442
human_only	Topsy-Turvy	Structural	AC:000356	0.73338
human_only	Topsy-Turvy	Structural	AC:000361	0.48033
human_only	Topsy-Turvy	Structural	AC:000364	0.417124
human_only	Topsy-Turvy	Structural	AC:000392	0.387119
human_only	Topsy-Turvy	Structural	AC:000400	0.853045
human_only	Topsy-Turvy	Structural	AC:000408	0.697917
human_only	Topsy-Turvy	Structural	AC:000412	0.562582
human_only	Topsy-Turvy	Structural	AC:000414	0.168331
human_only	Topsy-Turvy	Structural	AC:000442	0.770498
human_only	Topsy-Turvy	Structural	AC:000447	0.777015
human_only	Topsy-Turvy	Structural	AC:000456	0.611994
human_only	Topsy-Turvy	Structural	AC:000457	0.78092
human_only	Topsy-Turvy	Structural	AC:000461	0.688833
human_only	Topsy-Turvy	Structural	AC:000470	0.581314
human_only	Topsy-Turvy	Structural	AC:000471	0.677756
human_only	Topsy-Turvy	Structural	AC:000480	0.33312
human_only	Topsy-Turvy	Structural	AC:000496	0.839813
human_only	Topsy-Turvy	Structural	AC:000503	0.371191
human_only	Topsy-Turvy	Structural	AC:000504	0.771998
human_only	Topsy-Turvy	Structural	AC:000514	0.483403
human_only	Topsy-Turvy	Structural	AC:000534	0.821228
human_only	Topsy-Turvy	Structural	AC:000536	0.702183
human_only	Topsy-Turvy	Structural	AC:000542	0.788411
human_only	Topsy-Turvy	Structural	AC:000559	0.737367
human_only	Topsy-Turvy	Structural	AC:000561	0.141123
human_only	Topsy-Turvy	Structural	AC:000590	0.047553
human_only	Topsy-Turvy	Structural	AC:000591	0.499183
human_only	Topsy-Turvy	Structural	AC:000594	0.446903
human_only	Topsy-Turvy	Structural	AC:000634	0.726389
human_only	Topsy-Turvy	Structural	AC:000657	0.665174
human_only	Topsy-Turvy	Structural	AC:000661	0.625278
human_only	Topsy-Turvy	Structural	AC:000750	0.754146
human_only	Topsy-Turvy	Structural	AC:000756	0.748994
human_only	Topsy-Turvy	Structural	AC:000760	0.410019
human_only	Topsy-Turvy	Structural	AC:000768	0.330048
human_only	Topsy-Turvy	Structural	AC:000776	0.741832
human_only	Topsy-Turvy	Structural	AC:000779	0.660186
human_only	Topsy-Turvy	Structural	AC:000786	0.735169
human_only	Topsy-Turvy	Structural	AC:000788	0.623635
human_only	Topsy-Turvy	Structural	AC:000792	0.33725
human_only	Topsy-Turvy	Structural	AC:000799	0.804353
human_only	Topsy-Turvy	Structural	AC:000812	0.728058
human_only	Topsy-Turvy	Structural	AC:000813	0.703754
human_only	Topsy-Turvy	Structural	AC:000861	0.716755
human_only	Topsy-Turvy	Structural	AC:000869	0.126486
human_only	Topsy-Turvy	Structural	AC:000877	0.498842
human_only	Topsy-Turvy	Structural	AC:000881	0.650183
human_only	Topsy-Turvy	Structural	AC:000891	0.297753
human_only	Topsy-Turvy	Structural	AC:000894	0.716808
human_only	Topsy-Turvy	Structural	AC:000906	0.642195
human_only	Topsy-Turvy	Structural	AC:000913	0.807475
human_only	Topsy-Turvy	Structural	AC:000918	0.16905
human_only	Topsy-Turvy	Structural	AC:000922	0.821568
human_only	Topsy-Turvy	Structural	AC:000932	0.648901
human_only	Topsy-Turvy	Structural	AC:000953	0.259866
human_only	Topsy-Turvy	Structural	AC:000958	0.568378
human_only	Topsy-Turvy	Structural	AC:000960	0.410851
human_only	Topsy-Turvy	Structural	AC:000962	0.250055
human_only	Topsy-Turvy	Structural	AC:000966	0.499438
human_only	Topsy-Turvy	Structural	AC:000983	0.762035
human_only	Topsy-Turvy	Structural	AC:001001	0.306918
human_only	Topsy-Turvy	Structural	AC:001002	0.262175
human_only	Topsy-Turvy	Structural	AC:001008	0.476543
human_only	Topsy-Turvy	Structural	AC:001010	0.78398
human_only	Topsy-Turvy	Structural	AC:001017	0.369649
human_only	Topsy-Turvy	Structural	AC:001081	0.368567
human_only	Topsy-Turvy	Structural	AC:001084	0.668565
human_only	Topsy-Turvy	Structural	AC:001087	0.773894
human_only	Topsy-Turvy	Structural	AC:001097	0.499675
human_only	Topsy-Turvy	Structural	AC:001110	0.611448
human_only	Topsy-Turvy	Structural	AC:001120	0.505265
human_only	Topsy-Turvy	Structural	AC:001126	0.817735
human_only	Topsy-Turvy	Structural	AC:001135	0.61987
human_only	Topsy-Turvy	Structural	AC:001162	0.38432
human_only	Topsy-Turvy	Structural	AC:001163	0.74411
human_only	Topsy-Turvy	Structural	AC:001169	0.81743
human_only	Topsy-Turvy	Structural	AC:001181	0.738741
human_only	Topsy-Turvy	Structural	AC:001183	0.74543
human_only	Topsy-Turvy	Structural	AC:001214	0.481964
human_only	Topsy-Turvy	Structural	AC:001253	0.668544
human_only	Topsy-Turvy	Structural	AC:001269	0.057203
human_only	Topsy-Turvy	Structural	AC:001276	0.791519
human_only	Topsy-Turvy	Structural	AC:001290	0.250267
human_only	Topsy-Turvy	Structural	AC:001293	0.687131
human_only	Topsy-Turvy	Structural	AC:001295	0.519687
human_only	Topsy-Turvy	Structural	AC:001296	0.824725
human_only	Topsy-Turvy	Structural	AC:001342	0.663039
human_only	Topsy-Turvy	Structural	AC:001363	0.694098
human_only	Topsy-Turvy	Structural	AC:001370	0.769757
human_only	Topsy-Turvy	Structural	AC:001389	0.345154
human_only	Topsy-Turvy	Structural	AC:001402	0.735209
human_only	Topsy-Turvy	Structural	AC:001408	0.725227
human_only	Topsy-Turvy	Structural	AC:001416	0.650034
human_only	Topsy-Turvy	Structural	AC:001428	0.728693
human_only	Topsy-Turvy	Structural	AC:001449	0.012479
human_only	Topsy-Turvy	Structural	AC:001457	0.727316
human_only	Topsy-Turvy	Structural	AC:001460	0.501956
human_only	Topsy-Turvy	Structural	AC:001472	0.654796
human_only	Topsy-Turvy	Structural	AC:001475	0.000535
human_only	Topsy-Turvy	Structural	AC:001483	0.340164
human_only	Topsy-Turvy	Structural	AC:001513	0.764049
human_only	Topsy-Turvy	Structural	AC:001558	0.61504
human_only	Topsy-Turvy	Structural	AC:001573	0.537178
human_only	Topsy-Turvy	Structural	AC:001590	0.699628
human_only	Topsy-Turvy	Structural	AC:001604	0.135067
human_only	Topsy-Turvy	Structural	AC:001606	0.867673
human_only	Topsy-Turvy	Structural	AC:001630	0.499111
human_only	Topsy-Turvy	Structural	AC:001651	0.445229
human_only	Topsy-Turvy	Structural	AC:001664	0.689495
human_only	Topsy-Turvy	Structural	AC:001669	0.373927
human_only	Topsy-Turvy	Structural	AC:001674	0.669523
human_only	Topsy-Turvy	Structural	AC:001680	0.344214
human_only	Topsy-Turvy	Structural	AC:001708	0.740709
human_only	Topsy-Turvy	Structural	AC:001714	0.095464
human_only	Topsy-Turvy	Structural	AC:001715	0.740432
human_only	Topsy-Turvy	Structural	AC:001724	0.113204
human_only	Topsy-Turvy	Structural	AC:001726	0.71635
human_only	Topsy-Turvy	Structural	AC:001730	0.249669
human_only	Topsy-Turvy	Structural	AC:001759	0.550638
human_only	Topsy-Turvy	Structural	AC:001770	0.748389
human_only	Topsy-Turvy	Structural	AC:001774	0.560339
human_only	Topsy-Turvy	Structural	AC:001790	0.712417
human_only	Topsy-Turvy	Structural	AC:001793	0.582056
human_only	Topsy-Turvy	Structural	AC:001832	0.788875
human_only	Topsy-Turvy	Structural	AC:001861	0.708009
human_only	Topsy-Turvy	Structural	AC:001866	0.802209
human_only	Topsy-Turvy	Structural	AC:001869	0.734944
human_only	Topsy-Turvy	Structural	AC:001873	0.489063
human_only	Topsy-Turvy	Structural	AC:001901	0.802645
human_only	Topsy-Turvy	Structural	AC:001920	0.022363
human_only	Topsy-Turvy	Structural	AC:001930	0.735911
human_only	Topsy-Turvy	Structural	AC:001943	0.656419
human_only	Topsy-Turvy	Structural	AC:001957	0.464965
human_only	Topsy-Turvy	Structural	AC:001987	0.473469
human_only	Topsy-Turvy	Structural	AC:001991	0.366987
human_only	Topsy-Turvy	Structural	AC:002007	0.384196
human_only	Topsy-Turvy	Structural	AC:002014	0.001942
human_only	Topsy-Turvy	Structural	AC:002039	0.742021
human_only	Topsy-Turvy	Structural	AC:002059	0.46882
human_only	Topsy-Turvy	Structural	AC:002061	0.110272
human_only	Topsy-Turvy	Structural	AC:002064	0.134573
human_only	Topsy-Turvy	Structural	AC:002096	0.479696
human_only	Topsy-Turvy	Structural	AC:002103	0.620811
human_only	Topsy-Turvy	Structural	AC:002119	0.317081
human_only	Topsy-Turvy	Structural	AC:002134	0.730339
human_only	Topsy-Turvy	Structural	AC:002147	0.858141
human_only	Topsy-Turvy	Structural	AC:002152	0.766821
human_only	Topsy-Turvy	Structural	AC:002158	0.784355
human_only	Topsy-Turvy	Structural	AC:002171	0.696112
human_only	Topsy-Turvy	Structural	AC:002197	0.594962
human_only	Topsy-Turvy	Structural	AC:002218	0.651583
human_only	Topsy-Turvy	Structural	AC:002223	0.665096
human_only	Topsy-Turvy	Structural	AC:002226	0.74437
human_only	Topsy-Turvy	Structural	AC:002234	0.209364
human_only	Topsy-Turvy	Structural	AC:002241	0.606561
human_only	Topsy-Turvy	Structural	AC:002251	0.499586
human_only	Topsy-Turvy	Structural	AC:002271	0.752408
human_only	Topsy-Turvy	Structural	AC:002296	0.760034
human_only	Topsy-Turvy	Structural	AC:002338	0.767771
human_only	Topsy-Turvy	Structural	AC:002349	0.851653
human_only	Topsy-Turvy	Structural	AC:002376	0.311884
human_only	Topsy-Turvy	Structural	AC:002407	0.027715
human_only	Topsy-Turvy	Structural	AC:002408	0.472126
human_only	Topsy-Turvy	Structural	AC:002410	0.712207
human_only	Topsy-Turvy	Structural	AC:002421	0.167797
human_only	Topsy-Turvy	Structural	AC:002424	0.458633
human_only	Topsy-Turvy	Structural	AC:002439	0.771935
human_only	Topsy-Turvy	Structural	AC:002446	0.477397
human_only	Topsy-Turvy	Structural	AC:002448	0.739314
human_only	Topsy-Turvy	Structural	AC:002457	0.786458
human_only	Topsy-Turvy	Structural	AC:002464	0.541487
human_only	Topsy-Turvy	Structural	AC:002466	0.151098
human_only	Topsy-Turvy	Structural	AC:002479	0.616996
human_only	Topsy-Turvy	Structural	AC:002492	0.703036
human_only	Topsy-Turvy	Structural	AC:002497	0.814711
human_only	Topsy-Turvy	Structural	AC:002510	0.333378
human_only	Topsy-Turvy	Structural	AC:002532	0.281893
human_only	Topsy-Turvy	Structural	AC:002541	0.275614
human_only	Topsy-Turvy	Structural	AC:002548	4.8e-05
human_only	Topsy-Turvy	Structural	AC:002552	0.326587
human_only	Topsy-Turvy	Structural	AC:002553	0.219638
human_only	Topsy-Turvy	Structural	AC:002555	0.289393
human_only	Topsy-Turvy	Structural	AC:002559	0.170002
human_only	Topsy-Turvy	Structural	AC:002564	0.047719
human_only	Topsy-Turvy	Structural	AC:002567	0.375819
human_only	Topsy-Turvy	Structural	AC:002578	0.445894
human_only	Topsy-Turvy	Structural	AC:002583	0.030254
human_only	Topsy-Turvy	Structural	AC:002590	0.786627
human_only	Topsy-Turvy	Structural	AC:002597	0.741583
human_only	Topsy-Turvy	Structural	AC:002617	0.590012
human_only	Topsy-Turvy	Structural	AC:002628	0.637446
human_only	Topsy-Turvy	Structural	AC:002646	0.582481
human_only	Topsy-Turvy	Structural	AC:002651	0.499066
human_only	Topsy-Turvy	Structural	AC:002652	0.305705
human_only	Topsy-Turvy	Structural	AC:002671	0.711352
human_only	Topsy-Turvy	Structural	AC:002683	0.551603
human_only	Topsy-Turvy	Structural	AC:002686	0.320145
human_only	Topsy-Turvy	Structural	AC:002693	0.360114
human_only	Topsy-Turvy	Structural	AC:002697	0.399917
human_only	Topsy-Turvy	Structural	AC:002707	0.622148
human_only	Topsy-Turvy	Structural	AC:002708	0.320286
human_only	Topsy-Turvy	Structural	AC:002735	0.623211
human_only	Topsy-Turvy	Structural	AC:002749	0.673502
human_only	Topsy-Turvy	Structural	AC:002751	0.49973
human_only	Topsy-Turvy	Structural	AC:002758	0.051025
human_only	Topsy-Turvy	Structural	AC:002774	0.631088
human_only	Topsy-Turvy	Structural	AC:002804	0.700787
human_only	Topsy-Turvy	Structural	AC:002832	0.592135
human_only	Topsy-Turvy	Structural	AC:002877	2.7e-05
human_only	Topsy-Turvy	Structural	AC:002883	0.499603
human_only	Topsy-Turvy	Structural	AC:002898	0.78899
human_only	Topsy-Turvy	Structural	AC:002900	0.649449
human_only	Topsy-Turvy	Structural	AC:002903	0.275738
human_only	Topsy-Turvy	Structural	AC:002905	0.330822
human_only	Topsy-Turvy	Structural	AC:002959	0.579674
human_only	Topsy-Turvy	Structural	AC:002981	0.246551
human_only	Topsy-Turvy	Structural	AC:002986	0.203491
human_only	Topsy-Turvy	Structural	AC:003037	0.48691
