triplet_id	split	internal_dev	ac_id	anchor	c	d	fam_a	fam_c	fam_d	pdb_id	pdb_count	stratum	replicated_noncontact
SCF:0000001	train_eligible	0	AC:000002	P62805	Q96GM5	Q12432	P62805	Q96GM5	Q12432	9rl4	5	11_24	1
SCF:0000002	train_eligible	0	AC:000002	P62805	Q96GM5	C4R7L8	P62805	Q96GM5	C4R7L8	9rl4	5	11_24	1
SCF:0000004	train_eligible	1	AC:000006	P33332	P38261	P89102	P33332	P38261	P89102	5yfp	2	3_10	1
SCF:0000005	train_eligible	0	AC:000006	P33332	P38261	P32855	P33332	P38261	P32855	5yfp	2	3_10	1
SCF:0000006	train_eligible	0	AC:000006	P33332	P38261	Q06245	P33332	P38261	Q06245	5yfp	2	3_10	1
SCF:0000007	train_eligible	0	AC:000006	P38261	P33332	P22224	P38261	P33332	P22224	5yfp	2	3_10	1
SCF:0000008	train_eligible	1	AC:000006	P38261	P33332	P32855	P38261	P33332	P32855	5yfp	2	3_10	1
SCF:0000009	train_eligible	0	AC:000011	P63272	P62487	A0A4X1VKG7	P63272	A0A4X1VKG7	A0A4X1VKG7	8xrm	2	11_24	1
SCF:0000014	train_eligible	0	AC:000013	P59768	P41586	Q16602	P59768	P41586	Q16602	6m1i	5	3_10	1
SCF:0000015	train_eligible	0	AC:000013	P59768	P41586	P28223	P59768	P41586	P28223	6m1i	5	3_10	1
SCF:0000016	train_eligible	0	AC:000013	P59768	P41586	Q9UPC5	P59768	P41586	Q9UPC5	6m1i	5	3_10	1
SCF:0000021	train_eligible	0	AC:000018	P60899	A0A8D1KNW4	I3LCB2	P36954	A0A4X1VEK9	A0A8D1AQR7	9rtt	4	11_24	1
SCF:0000022	train_eligible	0	AC:000018	P60899	A0A8D1KNW4	A0A4X1VM56	P36954	A0A4X1VEK9	Q9VEA5	9rtt	4	11_24	1
SCF:0000023	train_eligible	0	AC:000019	Q00403	Q92966	Q92759	Q00403	Q92966	Q92759	7zxe	2	3_10	1
SCF:0000024	train_eligible	0	AC:000019	Q92966	Q00403	Q9HAW0	Q92966	Q00403	Q9HAW0	7zxe	2	3_10	1
SCF:0000025	train_eligible	0	AC:000021	A4VD75	I7M6H4	I7M9J2	A4VD75	I7M6H4	I7M9J2	8bx8	2	11_24	1
SCF:0000026	train_eligible	0	AC:000022	P21082	P20979	P20504	P21082	P20979	P20504	8rqk	3	11_24	1
SCF:0000027	train_eligible	0	AC:000022	P21082	P20979	P68439	P21082	P20979	P68439	8rqk	3	11_24	1
SCF:0000028	train_eligible	0	AC:000024	P26784	P36160	P38805	P26784	P36160	P38805	7oht	13	11_24	1
SCF:0000029	train_eligible	0	AC:000024	P26784	P36160	P26321	P26784	P36160	P26321	7oht	13	11_24	1
SCF:0000030	train_eligible	0	AC:000024	P26784	P36160	P40007	P26784	P36160	P40007	7oht	13	11_24	1
SCF:0000031	train_eligible	0	AC:000024	P36160	P26784	P0C0W9	P36160	P26784	P0C0W9	7oht	13	11_24	1
SCF:0000033	train_eligible	1	AC:000029	Q9W0I7	P49735	Q9XYU1	Q7ZT47	P49735	P25205	6ray	1	11_24	0
SCF:0000034	train_eligible	0	AC:000029	Q9W0I7	P49735	Q9V461	Q7ZT47	P49735	Q9V461	6ray	1	11_24	0
SCF:0000035	train_eligible	0	AC:000029	Q9W0I7	P49735	Q9VGW6	Q7ZT47	P49735	Q9VGW6	6ray	1	11_24	0
SCF:0000041	train_eligible	0	AC:000036	O74499	P87173	O14352	O74499	P87173	O14352	6ppv	2	3_10	1
SCF:0000044	train_eligible	0	AC:000041	P39744	P43586	Q02326	P39744	P43586	Q02326	7r6k	1	11_24	0
SCF:0000045	train_eligible	0	AC:000041	P39744	P43586	P26784	P39744	P43586	P26784	7r6k	1	11_24	0
SCF:0000046	train_eligible	0	AC:000041	P43586	P39744	Q07896	P43586	P39744	Q07896	7r6k	1	11_24	0
SCF:0000047	train_eligible	0	AC:000042	A0A2K3DG79	A8J353	A8INX1	A0A2K3DG79	A8J353	A8INX1	7ekq	1	11_24	0
SCF:0000048	train_eligible	0	AC:000042	A0A2K3DG79	A8J353	A8IJ60	A0A2K3DG79	A8J353	A8IJ60	7ekq	1	11_24	0
SCF:0000049	train_eligible	0	AC:000042	A8J353	A0A2K3DG79	A8INX1	A8J353	A0A2K3DG79	A8INX1	7ekq	1	11_24	0
SCF:0000050	train_eligible	0	AC:000044	Q9TM20	Q9TM22	Q9TM21	Q8DIP0	P32974	P12239	4yuu	1	11_24	0
SCF:0000052	train_eligible	0	AC:000046	A0QVB8	A0R550	A0QSP9	A0QVB8	P0AG59	A0QSP9	8wif	5	11_24	1
SCF:0000053	train_eligible	0	AC:000046	A0R550	A0QVB8	A0QSD7	P0AG59	A0QVB8	P80372	8wif	5	11_24	1
SCF:0000054	train_eligible	0	AC:000048	Q2G111	Q2G2Q1	Q2G2Q4	A0A2V3DLV3	Q2G2Q1	Q2G2Q4	8bh7	16	11_24	1
SCF:0000055	train_eligible	0	AC:000048	Q2G2Q1	Q2G111	Q2FW10	Q2G2Q1	A0A2V3DLV3	A0QSD5	8bh7	16	11_24	1
SCF:0000058	train_eligible	0	AC:000050	P21471	P21476	P21473	P21471	A0QSD5	Q2G2Q1	8cdv	22	11_24	1
SCF:0000059	train_eligible	0	AC:000050	P21471	P21476	P21468	P21471	A0QSD5	P21468	8cdv	22	11_24	1
SCF:0000060	train_eligible	1	AC:000050	P21471	P21476	P21472	P21471	A0QSD5	P21472	8cdv	22	11_24	1
SCF:0000061	train_eligible	0	AC:000050	P21476	P21471	P12874	A0QSD5	P21471	P0AG63	8cdv	22	11_24	1
SCF:0000069	train_eligible	0	AC:000056	P29256	P09192	Q55274	P29256	D0VWR8	Q55274	8am5	1	11_24	0
SCF:0000071	train_eligible	0	AC:000057	C4R3Z5	C4R5R1	C4R370	C4R3Z5	C4R5R1	F2QUC3	8yfq	2	11_24	1
SCF:0000075	train_eligible	0	AC:000063	O19882	O19928	Q9TM46	P12240	Q8DIQ1	D0VWR7	4yuu	1	11_24	0
SCF:0000077	train_eligible	0	AC:000068	O94646	O94376	O13964	O94646	O94376	O13964	5n9j	2	11_24	1
SCF:0000078	train_eligible	0	AC:000068	O94646	O94376	O14010	O94646	O94376	O14010	5n9j	2	11_24	1
SCF:0000081	train_eligible	0	AC:000074	G0RZG4	G0SCD1	G0SC21	G0RZG4	G0SCD1	G0SC21	8r1o	2	3_10	1
SCF:0000082	train_eligible	0	AC:000074	G0RZG4	G0SCD1	P0CT46	G0RZG4	G0SCD1	P0CT46	8r1o	2	3_10	1
SCF:0000083	train_eligible	0	AC:000074	G0SCD1	G0RZG4	G0S1P1	G0SCD1	G0RZG4	G0S1P1	8r1o	2	3_10	1
SCF:0000084	train_eligible	0	AC:000077	A8IH07	A8IJY7	A8IL21	A8IH07	A8IJY7	A8IL21	7ekq	1	11_24	0
SCF:0000085	train_eligible	0	AC:000077	A8IH07	A8IJY7	A8INX1	A8IH07	A8IJY7	A8INX1	7ekq	1	11_24	0
SCF:0000086	train_eligible	0	AC:000077	A8IJY7	A8IH07	A8INX1	A8IJY7	A8IH07	A8INX1	7ekq	1	11_24	0
SCF:0000087	train_eligible	0	AC:000078	P36121	P07703	P32910	P36121	P07703	P32910	8bws	24	11_24	1
SCF:0000088	train_eligible	0	AC:000079	P28000	P47076	P20435	P28000	P47076	A0A4X1VEK9	7z31	25	11_24	1
SCF:0000089	train_eligible	0	AC:000081	I7MDA9	I7MLZ4	I7M6D6	I7MDA9	I7MLZ4	I7M6D6	8th8	2	11_24	1
SCF:0000090	train_eligible	0	AC:000081	I7MDA9	I7MLZ4	Q229S1	I7MDA9	I7MLZ4	Q229S1	8th8	2	11_24	1
SCF:0000093	train_eligible	0	AC:000085	Q23YW7	Q24CL2	Q24DJ0	Q23YW7	Q24CL2	Q24DJ0	8th8	2	11_24	1
SCF:0000094	train_eligible	0	AC:000085	Q24CL2	Q23YW7	Q23S05	Q24CL2	Q23YW7	Q23S05	8th8	2	11_24	1
SCF:0000096	train_eligible	0	AC:000089	P63272	P53803	A0A4X1TRS6	P63272	A0A4X1TRS6	A0A4X1TRS6	8xrm	2	11_24	1
SCF:0000097	train_eligible	0	AC:000091	O95456	P28070	P60900	O95456	P28070	P60900	8yix	5	11_24	1
SCF:0000098	train_eligible	0	AC:000091	O95456	P28070	P25788	O95456	P28070	P25788	8yix	5	11_24	1
SCF:0000099	train_eligible	0	AC:000091	O95456	P28070	O14818	O95456	P28070	O14818	8yix	5	11_24	1
SCF:0000100	train_eligible	0	AC:000091	P28070	O95456	P48556	P28070	O95456	P48556	8yix	5	11_24	1
SCF:0000101	train_eligible	1	AC:000091	P28070	O95456	O14818	P28070	O95456	O14818	8yix	5	11_24	1
SCF:0000102	train_eligible	0	AC:000094	P50990	Q99471	O15212	Q3ZCI9	Q99471	O15212	6nrd	3	11_24	1
SCF:0000103	train_eligible	0	AC:000094	Q99471	P50990	P49368	Q99471	Q3ZCI9	Q3T0K2	6nrd	3	11_24	1
SCF:0000104	train_eligible	1	AC:000094	Q99471	P50990	P40227	Q99471	Q3ZCI9	P40227	6nrd	3	11_24	1
SCF:0000106	train_eligible	0	AC:000096	A0A1S3ZQT7	A0A1S3X2G3	A0A1S3YU01	A0A1S3ZQT7	A0A1S3X2G3	A0A1S3YU01	8wa0	1	11_24	0
SCF:0000110	train_eligible	0	AC:000099	P47128	P02309	P61830	P47128	P62805	P02299	8x2z	4	11_24	1
SCF:0000112	train_eligible	0	AC:000100	G0RZG4	G0S1P1	G0SC21	G0RZG4	G0S1P1	G0SC21	8pel	2	3_10	1
SCF:0000113	train_eligible	0	AC:000103	Q2FZ25	Q2G113	Q2FW20	A0QVB8	P21468	Q2FW20	7kwg	14	11_24	1
SCF:0000114	train_eligible	1	AC:000107	P59768	P08913	P21728	P59768	P08913	P21728	7ej0	8	3_10	1
SCF:0000115	train_eligible	0	AC:000107	P59768	P08913	P28223	P59768	P08913	P28223	7ej0	8	3_10	1
SCF:0000116	train_eligible	0	AC:000107	P59768	P08913	P41143	P59768	P08913	P41143	7ej0	8	3_10	1
SCF:0000117	train_eligible	0	AC:000110	Q8DLL4	Q8DKZ4	Q8DL31	Q8DLL4	Q8DKZ4	Q8DL31	6l7o	1	11_24	0
SCF:0000119	train_eligible	1	AC:000113	P50991	P61758	O15212	P50991	P61758	O15212	6nrb	3	11_24	1
SCF:0000120	train_eligible	0	AC:000113	P50991	P61758	Q9NQP4	P50991	P61758	Q9NQP4	6nrb	3	11_24	1
SCF:0000121	train_eligible	0	AC:000114	P61201	Q9UBF6	P62877	P61201	P62877	P62877	9eg1	1	11_24	0
SCF:0000122	train_eligible	0	AC:000114	Q9UBF6	P61201	Q9UNS2	P62877	P61201	Q9UNS2	9eg1	1	11_24	0
SCF:0000127	train_eligible	0	AC:000120	P68135	P02602	P14649	P68134	P02602	P02602	5h53	1	3_10	0
SCF:0000128	train_eligible	0	AC:000120	P68135	P02602	P0DP26	P68134	P02602	P0DP23	5h53	1	3_10	0
SCF:0000129	train_eligible	0	AC:000120	P68135	P02602	P68246	P68134	P02602	P68246	5h53	1	3_10	0
SCF:0000131	train_eligible	0	AC:000122	P01116	Q13617	P07900	P01116	Q13617	P07900	8qu8	1	3_10	0
SCF:0000132	train_eligible	0	AC:000123	Q96SY0	Q9NV88	Q9NVM9	Q96SY0	Q9NV88	Q9NVM9	8rc4	3	11_24	1
SCF:0000133	train_eligible	0	AC:000123	Q96SY0	Q9NV88	Q9NVR2	Q96SY0	Q9NV88	Q9NVR2	8rc4	3	11_24	1
SCF:0000134	train_eligible	0	AC:000124	Q9NVM9	Q9NVR2	Q9NV88	Q9NVM9	Q9NVR2	Q9NV88	8rc4	7	11_24	1
SCF:0000135	train_eligible	0	AC:000124	Q9NVR2	Q9NVM9	Q9NV88	Q9NVR2	Q9NVM9	Q9NV88	8rc4	7	11_24	1
SCF:0000136	train_eligible	0	AC:000124	Q9NVR2	Q9NVM9	Q5TA45	Q9NVR2	Q9NVM9	Q5TA45	8rc4	7	11_24	1
SCF:0000137	train_eligible	0	AC:000125	A0A1S3XP85	A0A1S4BFK7	A0A1S4CE74	A0A1S3X2G3	A0A1S4BFK7	A0A9R0JBX6	8wa1	1	11_24	0
SCF:0000138	train_eligible	0	AC:000125	A0A1S4BFK7	A0A1S3XP85	A0A1S3YEW3	A0A1S4BFK7	A0A1S3X2G3	A0A1S3YEW3	8wa1	1	11_24	0
SCF:0000143	train_eligible	0	AC:000127	Q3B726	O15446	Q9GZS1	Q3B726	O15446	Q9GZS1	7oba	1	11_24	0
SCF:0000144	train_eligible	0	AC:000129	P07305	P62805	P04908	P07305	P62805	P0C0S5	9ipu	9	11_24	1
SCF:0000145	train_eligible	0	AC:000129	P62805	P07305	P10412	P62805	P07305	P10412	9ipu	9	11_24	1
SCF:0000146	train_eligible	0	AC:000129	P62805	P07305	A0A1B8Y854	P62805	P07305	A0A1B8Y854	9ipu	9	11_24	1
SCF:0000147	train_eligible	0	AC:000129	P62805	P07305	P33778	P62805	P07305	O23629	9ipu	9	11_24	1
SCF:0000148	train_eligible	0	AC:000132	P20436	P32910	P29055	C4R273	P32910	P29055	6tut	25	11_24	1
SCF:0000149	train_eligible	0	AC:000132	P20436	P32910	P46669	C4R273	P32910	P46669	6tut	25	11_24	1
SCF:0000150	train_eligible	0	AC:000132	P20436	P32910	P07703	C4R273	P32910	P07703	6tut	25	11_24	1
SCF:0000151	train_eligible	0	AC:000133	A0T0V1	B8CEQ3	B8C770	Q55329	B8CEQ3	B8C770	8zet	3	11_24	1
SCF:0000152	train_eligible	0	AC:000133	A0T0V1	B8CEQ3	B8C2K6	Q55329	B8CEQ3	B8C2K6	8zet	3	11_24	1
SCF:0000153	train_eligible	0	AC:000133	B8CEQ3	A0T0V1	A0T0S1	B8CEQ3	Q55329	A0T0S1	8zet	3	11_24	1
SCF:0000154	train_eligible	0	AC:000135	Q9NQP4	Q99832	P50991	Q9NQP4	Q99832	P50991	6nrd	3	11_24	1
SCF:0000159	train_eligible	0	AC:000140	P56768	Q949Q5	Q9SUI6	E9NPX1	B6SQZ7	A0A2K1JDR4	8j6z	1	11_24	0
SCF:0000160	train_eligible	0	AC:000140	P56768	Q949Q5	Q9SUI7	E9NPX1	B6SQZ7	A0A2K1JDR4	8j6z	1	11_24	0
SCF:0000164	train_eligible	0	AC:000143	E1C9K6	E1C9K9	A0A0M3KL10	B8LEQ8	E1C9K9	A0A0M3KL10	4rku	2	11_24	1
SCF:0000169	train_eligible	0	AC:000146	A0A063XCP1	A0A063X781	A0A063X754	P0A0F8	A0A063X781	A0A063X754	9p4i	1	11_24	0
SCF:0000173	train_eligible	0	AC:000148	Q00403	O15514	Q15543	Q00403	Q9VEA5	Q15543	5iyc	10	11_24	1
SCF:0000174	train_eligible	0	AC:000150	P0A431	P59087	Q8DIN9	P0A431	Q7DGD4	P12239	5h2f	60	11_24	1
SCF:0000175	train_eligible	0	AC:000150	P0A431	P59087	Q8DJZ6	P0A431	Q7DGD4	P12240	5h2f	60	11_24	1
SCF:0000180	train_eligible	0	AC:000153	Q8LCQ4	Q01667	Q9SY97	F2D0D5	A0A9R0J8B1	A0A2K1IB10	7wfd	2	11_24	1
SCF:0000181	train_eligible	0	AC:000153	Q8LCQ4	Q01667	Q94AQ8	F2D0D5	A0A9R0J8B1	Q94AQ8	7wfd	2	11_24	1
SCF:0000182	train_eligible	1	AC:000156	P59768	Q9GZQ6	P41145	P59768	Q9GZQ6	P41143	9vi9	2	3_10	1
SCF:0000183	train_eligible	1	AC:000156	P59768	Q9GZQ6	Q9UPC5	P59768	Q9GZQ6	Q9UPC5	9vi9	2	3_10	1
SCF:0000184	train_eligible	0	AC:000158	P0A7W7	P69222	P0A7T7	Q83ER2	Q5SHR1	A0A2V3DLV3	9ss2	9	11_24	1
SCF:0000186	train_eligible	0	AC:000161	Q9Y7N2	Q9P6Q0	P87310	Q9Y7N2	Q9P6Q0	P87310	5n9j	1	11_24	0
SCF:0000190	train_eligible	0	AC:000164	Q9XYU1	Q9VBI1	Q9VQY9	P25205	Q9VBI1	Q9VQY9	6raz	1	11_24	0
SCF:0000191	train_eligible	0	AC:000164	Q9XYU1	Q9VBI1	Q9W2V7	P25205	Q9VBI1	Q9W2V7	6raz	1	11_24	0
SCF:0000192	train_eligible	0	AC:000165	Q15370	P49427	Q712K3	Q15370	P49427	P49427	8rx0	1	3_10	0
SCF:0000193	train_eligible	0	AC:000165	Q15370	P49427	Q13084	Q15370	P49427	Q13084	8rx0	1	3_10	0
SCF:0000195	train_eligible	0	AC:000167	P38550	A0A1S3ZSI0	A0A1S3YXM6	P11704	A0A1S3ZSI0	A0A9R0JF29	8wa1	1	11_24	0
SCF:0000196	train_eligible	0	AC:000167	P38550	A0A1S3ZSI0	A0AA96C3P8	P11704	A0A1S3ZSI0	A0AA96C3P8	8wa1	1	11_24	0
SCF:0000197	train_eligible	0	AC:000168	C3SYP2	W8T6F0	C3SRY2	C3SYP2	Q83D76	C3SRY2	9sx2	4	11_24	1
SCF:0000199	train_eligible	0	AC:000171	Q1HFW0	Q1HFX0	W7XJB1	Q24CE5	Q1HFX0	W7XJB1	8bx8	6	11_24	1
SCF:0000200	train_eligible	0	AC:000171	Q1HFW0	Q1HFX0	Q1HFV9	Q24CE5	Q1HFX0	Q24DI9	8bx8	6	11_24	1
SCF:0000201	train_eligible	0	AC:000171	Q1HFX0	Q1HFW0	Q1HFW2	Q1HFX0	Q24CE5	Q1HFW2	8bx8	6	11_24	1
SCF:0000202	train_eligible	0	AC:000171	Q1HFX0	Q1HFW0	Q1HFV9	Q1HFX0	Q24CE5	Q24DI9	8bx8	6	11_24	1
SCF:0000203	train_eligible	0	AC:000171	Q1HFX0	Q1HFW0	W7XJB1	Q1HFX0	Q24CE5	W7XJB1	8bx8	6	11_24	1
SCF:0000206	train_eligible	0	AC:000176	Q1HFW0	Q1HFW2	W7XJB1	Q24CE5	Q1HFW2	W7XJB1	7k5b	6	11_24	1
SCF:0000207	train_eligible	0	AC:000176	Q1HFW0	Q1HFW2	Q1HFV9	Q24CE5	Q1HFW2	Q24DI9	7k5b	6	11_24	1
SCF:0000208	train_eligible	0	AC:000176	Q1HFW2	Q1HFW0	Q1HFV9	Q1HFW2	Q24CE5	Q24DI9	7k5b	6	11_24	1
SCF:0000209	train_eligible	0	AC:000177	P59768	Q96RJ0	P28223	P59768	Q96RJ0	P28223	8w89	5	3_10	1
SCF:0000210	train_eligible	1	AC:000177	P59768	Q96RJ0	P21728	P59768	Q96RJ0	P21728	8w89	5	3_10	1
SCF:0000211	train_eligible	0	AC:000177	P59768	Q96RJ0	P30872	P59768	Q96RJ0	P30872	8w89	5	3_10	1
SCF:0000212	train_eligible	0	AC:000178	P59768	P35346	P30872	P59768	P35346	P30872	8x8l	2	3_10	1
SCF:0000213	train_eligible	0	AC:000178	P59768	P35346	P30874	P59768	P35346	P35346	8x8l	2	3_10	1
SCF:0000214	train_eligible	0	AC:000178	P59768	P35346	P41143	P59768	P35346	P41143	8x8l	2	3_10	1
SCF:0000215	train_eligible	0	AC:000179	P19947	O31742	P42924	P19947	O31742	Q2FW08	9bsl	25	11_24	1
SCF:0000216	train_eligible	0	AC:000180	Q8DJD9	Q8DKF5	Q8DMR6	Q8DJD9	Q8DKF5	Q8DMR6	6tjv	1	11_24	0
SCF:0000217	train_eligible	0	AC:000180	Q8DJD9	Q8DKF5	Q8DKY0	Q8DJD9	Q8DKF5	P26288	6tjv	1	11_24	0
SCF:0000219	train_eligible	0	AC:000184	P19658	P33332	P22224	P19658	P33332	P22224	5yfp	2	3_10	1
SCF:0000220	train_eligible	0	AC:000184	P33332	P19658	P32844	P33332	P19658	P32844	5yfp	2	3_10	1
SCF:0000221	train_eligible	0	AC:000184	P33332	P19658	P89102	P33332	P19658	P89102	5yfp	2	3_10	1
SCF:0000222	train_eligible	0	AC:000184	P33332	P19658	Q06245	P33332	P19658	Q06245	5yfp	2	3_10	1
SCF:0000224	train_eligible	0	AC:000186	P16370	Q02792	P19263	P37382	C4R5R1	P19263	8k5p	2	11_24	1
SCF:0000225	train_eligible	0	AC:000187	P30665	P54784	P53091	P30665	P54784	P53091	6wgg	3	11_24	1
SCF:0000226	train_eligible	1	AC:000187	P30665	P54784	Q08032	P30665	P54784	Q08032	6wgg	3	11_24	1
SCF:0000227	train_eligible	0	AC:000187	P30665	P54784	P29469	P30665	P54784	P29469	6wgg	3	11_24	1
SCF:0000228	train_eligible	0	AC:000187	P54784	P30665	P24279	P54784	P30665	P24279	6wgg	3	11_24	1
SCF:0000229	train_eligible	0	AC:000187	P54784	P30665	P38132	P54784	P30665	P38132	6wgg	3	11_24	1
SCF:0000230	train_eligible	0	AC:000187	P54784	P30665	P53091	P54784	P30665	P53091	6wgg	3	11_24	1
SCF:0000231	train_eligible	0	AC:000188	A0A140G1Q3	A0A1S4BFK7	A0A1S4D4H1	A0A140G1Q3	A0A1S4BFK7	A0A1S4D4H1	8wa1	1	11_24	0
SCF:0000232	train_eligible	0	AC:000190	P62877	Q96L50	Q9BT78	P62877	Q96L50	Q9BT78	7plo	1	11_24	0
SCF:0000233	train_eligible	0	AC:000190	P62877	Q96L50	Q9UNS2	P62877	Q96L50	Q9UNS2	7plo	1	11_24	0
SCF:0000234	train_eligible	0	AC:000190	P62877	Q96L50	Q7L5N1	P62877	Q96L50	Q7L5N1	7plo	1	11_24	0
SCF:0000237	train_eligible	1	AC:000193	P0AG63	P0A7G2	P02358	P0AG63	P0A7G2	Q83D76	7nav	4	11_24	1
SCF:0000238	train_eligible	0	AC:000193	P0AG63	P0A7G2	P0A7R9	P0AG63	P0A7G2	Q50296	7nav	4	11_24	1
SCF:0000239	train_eligible	0	AC:000193	P0AG63	P0A7G2	P0A7X3	P0AG63	P0A7G2	C3SRY2	7nav	4	11_24	1
SCF:0000240	train_eligible	0	AC:000194	P14736	P06839	Q00578	P14736	P06839	Q00578	7k04	1	3_10	0
SCF:0000241	train_eligible	0	AC:000194	P14736	P06839	P32776	P14736	P06839	P32776	7k04	1	3_10	0
SCF:0000248	train_eligible	0	AC:000200	P49735	Q9XYU0	Q9VGW6	P49735	P33993	Q9VGW6	6ray	1	11_24	0
SCF:0000249	train_eligible	0	AC:000200	P49735	Q9XYU0	Q9V461	P49735	P33993	Q9V461	6ray	1	11_24	0
SCF:0000250	train_eligible	0	AC:000200	Q9XYU0	P49735	Q9XYU1	P33993	P49735	P25205	6ray	1	11_24	0
SCF:0000251	train_eligible	0	AC:000200	Q9XYU0	P49735	Q9V461	P33993	P49735	Q9V461	6ray	1	11_24	0
SCF:0000254	train_eligible	0	AC:000202	P62877	P40337	P63208	P62877	P40337	P63208	8r5h	6	3_10	1
SCF:0000255	train_eligible	0	AC:000203	P61769	Q6PJ56	P0DTU4	P61769	Q6PJ56	K7N5M4	4lhu	1	3_10	0
SCF:0000256	train_eligible	0	AC:000203	P61769	Q6PJ56	P60709	P61769	Q6PJ56	P68134	4lhu	1	3_10	0
SCF:0000257	train_eligible	0	AC:000203	P61769	Q6PJ56	K7N5M4	P61769	Q6PJ56	K7N5M4	4lhu	1	3_10	0
SCF:0000258	train_eligible	1	AC:000203	Q6PJ56	P61769	P01887	Q6PJ56	P61769	P61769	4lhu	1	3_10	0
SCF:0000260	train_eligible	0	AC:000205	E1C9K6	A0A0M3KL13	Q9S7N7	B8LEQ8	A0A0M3KL13	B6U534	6zoo	2	11_24	1
SCF:0000261	train_eligible	0	AC:000205	E1C9K6	A0A0M3KL13	E1C9L3	B8LEQ8	A0A0M3KL13	E1C9L3	6zoo	2	11_24	1
SCF:0000262	train_eligible	0	AC:000208	P36578	Q9BXJ9	Q9NVU7	P36578	Q9BXJ9	Q9NVU7	9gj5	4	11_24	1
SCF:0000263	train_eligible	0	AC:000208	P36578	Q9BXJ9	Q9BZE4	P36578	Q9BXJ9	Q9BZE4	9gj5	4	11_24	1
SCF:0000264	train_eligible	0	AC:000208	P36578	Q9BXJ9	Q9Y262	P36578	Q9BXJ9	Q9Y262	9gj5	4	11_24	1
SCF:0000265	train_eligible	0	AC:000208	Q9BXJ9	P36578	P50579	Q9BXJ9	P36578	P50579	9gj5	4	11_24	1
SCF:0000266	train_eligible	0	AC:000209	P61769	P43627	P43629	P61769	P43627	P43629	6pa1	4	3_10	1
SCF:0000267	train_eligible	0	AC:000209	P61769	P43627	Q8N423	P61769	P43627	Q8N423	6pa1	4	3_10	1
SCF:0000268	train_eligible	0	AC:000210	P63104	Q15369	P68431	P63104	Q15369	P02299	9sv3	1	3_10	0
SCF:0000269	train_eligible	0	AC:000210	Q15369	P63104	Q13084	Q15369	P63104	Q13084	9sv3	1	3_10	0
SCF:0000271	train_eligible	0	AC:000212	Q2V2P8	Q06675	P38313	Q2V2P8	Q06675	P38313	8ow0	2	11_24	1
SCF:0000272	train_eligible	1	AC:000212	Q2V2P8	Q06675	Q12493	Q2V2P8	Q06675	Q12493	8ow0	2	11_24	1
SCF:0000273	train_eligible	0	AC:000213	A0A4V8H007	A0A4V8H002	A0A4V8GZZ9	A0A4V8H007	A0A4V8H004	A0A4V8GZZ9	6igz	1	11_24	0
SCF:0000274	train_eligible	0	AC:000214	P47047	Q12277	P38792	P42285	Q12277	P38792	6fsz	4	11_24	1
SCF:0000275	train_eligible	0	AC:000214	Q12277	P47047	Q12149	Q12277	P42285	Q12149	6fsz	4	11_24	1
SCF:0000276	train_eligible	0	AC:000216	P01887	Q5R1F1	P01738	P61769	Q5R1F1	P01738	1nam	2	3_10	1
SCF:0000277	train_eligible	1	AC:000216	Q5R1F1	P01887	P04214	Q5R1F1	P61769	P04214	1nam	2	3_10	1
SCF:0000288	train_eligible	0	AC:000222	P60002	O15514	A0A287ADR4	P60002	Q9VEA5	A0A8D1GCS3	8xrm	1	11_24	0
SCF:0000291	train_eligible	0	AC:000224	A6QRA1	O81097	Q9FJ98	Q8LE42	Q9M1A8	A0A4X1VEK9	8hyj	1	11_24	0
SCF:0000292	train_eligible	1	AC:000226	A0A0F6NGI2	P09911	P16002	T1RIQ1	P07839	P16002	6yac	2	11_24	1
SCF:0000293	train_eligible	0	AC:000226	P09911	A0A0F6NGI2	A0A0F6NFW5	P07839	T1RIQ1	A0T0M8	6yac	2	11_24	1
SCF:0000294	train_eligible	0	AC:000227	P20436	P47076	P13393	C4R273	P47076	P13393	7z0h	25	11_24	1
SCF:0000295	train_eligible	1	AC:000227	P20436	P47076	P20433	C4R273	P47076	P20433	7z0h	25	11_24	1
SCF:0000296	train_eligible	0	AC:000227	P20436	P47076	P20435	C4R273	P47076	A0A4X1VEK9	7z0h	25	11_24	1
SCF:0000299	train_eligible	0	AC:000229	P63096	Q07325	P09341	P50148	Q07325	P09341	9p0k	1	3_10	0
SCF:0000300	train_eligible	0	AC:000229	P63096	Q07325	P48061	P50148	Q07325	P48061	9p0k	1	3_10	0
SCF:0000301	train_eligible	0	AC:000230	P0A8T7	P0ACJ8	P0AGB6	P0A8T7	P0ACJ8	P0AGB6	6pb6	5	3_10	1
SCF:0000302	train_eligible	0	AC:000230	P0A8T7	P0ACJ8	P0A7W1	P0A8T7	P0ACJ8	Q839E7	6pb6	5	3_10	1
SCF:0000303	train_eligible	0	AC:000230	P0A8T7	P0ACJ8	P0A7V3	P0A8T7	P0ACJ8	P80372	6pb6	5	3_10	1
SCF:0000304	train_eligible	0	AC:000230	P0ACJ8	P0A8T7	P0A8V2	P0ACJ8	P0A8T7	P0A8V2	6pb6	5	3_10	1
SCF:0000305	train_eligible	0	AC:000231	Q9BT73	P60900	P25788	Q9BT73	P60900	P25788	8tm3	2	11_24	1
SCF:0000306	train_eligible	0	AC:000231	Q9BT73	P60900	P28066	Q9BT73	P60900	P28066	8tm3	2	11_24	1
SCF:0000307	train_eligible	0	AC:000231	Q9BT73	P60900	P25786	Q9BT73	P60900	P25786	8tm3	2	11_24	1
SCF:0000308	train_eligible	0	AC:000233	P22139	P53063	P41896	C4R009	P53063	P41896	8k5p	2	11_24	1
SCF:0000309	train_eligible	0	AC:000235	P0DOX5	Q8N5F4	B9A064	Q6N030	G0YP42	G0YP42	6v8z	1	11_24	0
SCF:0000310	train_eligible	0	AC:000235	P0DOX5	Q8N5F4	P0DOX7	Q6N030	G0YP42	Q8TCD0	6v8z	1	11_24	0
SCF:0000312	train_eligible	1	AC:000235	Q8N5F4	P0DOX5	P01857	G0YP42	Q6N030	P01867	6v8z	1	11_24	0
SCF:0000314	train_eligible	0	AC:000235	Q8N5F4	P0DOX5	Q6N089	G0YP42	Q6N030	Q6N030	6v8z	1	11_24	0
SCF:0000315	train_eligible	0	AC:000236	Q22MV2	Q22R86	Q1HFV9	Q22MV2	Q22R86	Q24DI9	7k5b	5	11_24	1
SCF:0000316	train_eligible	0	AC:000236	Q22MV2	Q22R86	W7XJB1	Q22MV2	Q22R86	W7XJB1	7k5b	5	11_24	1
SCF:0000317	train_eligible	0	AC:000236	Q22MV2	Q22R86	Q1HFW2	Q22MV2	Q22R86	Q1HFW2	7k5b	5	11_24	1
SCF:0000323	train_eligible	0	AC:000243	P0DPB6	O15446	P05423	P0DPB6	O15446	P05423	7oba	1	11_24	0
SCF:0000324	train_eligible	0	AC:000243	P0DPB6	O15446	Q9GZS1	P0DPB6	O15446	Q9GZS1	7oba	1	11_24	0
SCF:0000325	train_eligible	0	AC:000245	A0A3B6IU74	W5I035	W5BFB7	A0A3Q7I881	W5I035	W5BFB7	8r6f	2	11_24	1
SCF:0000327	train_eligible	0	AC:000247	P01887	P04214	P01738	P61769	P04214	P01738	1kj2	3	3_10	1
SCF:0000328	train_eligible	0	AC:000247	P04214	P01887	P01837	P04214	P61769	P01837	1kj2	3	3_10	1
SCF:0000329	train_eligible	0	AC:000250	P06505	A0A9R0K533	A0A9R0K7U8	P06505	A0A9R0K533	A0A9R0K7U8	8xzv	1	11_24	0
SCF:0000330	train_eligible	0	AC:000251	O95456	P20618	P28066	O95456	P20618	P28066	8yix	6	11_24	1
SCF:0000331	train_eligible	1	AC:000251	O95456	P20618	P60900	O95456	P20618	P60900	8yix	6	11_24	1
SCF:0000332	train_eligible	0	AC:000251	O95456	P20618	P25789	O95456	P20618	P23638	8yix	6	11_24	1
SCF:0000333	train_eligible	0	AC:000251	P20618	O95456	P48556	P20618	O95456	P48556	8yix	6	11_24	1
SCF:0000334	train_eligible	0	AC:000251	P20618	O95456	O14818	P20618	O95456	O14818	8yix	6	11_24	1
SCF:0000335	train_eligible	0	AC:000255	P92276	A0A2K3E6S5	P12853	P92276	A0A2K3E6S5	P12853	9iiu	3	11_24	1
SCF:0000336	train_eligible	0	AC:000257	A0A2K3CYB6	A8HUP3	A0A2K3DHV6	A0A2K3CYB6	A8HUP3	A0A2K3DHV6	8xks	1	11_24	0
SCF:0000337	train_eligible	0	AC:000258	P0A7W7	P0A7G2	P02358	Q83ER2	P0A7G2	Q83D76	7nav	4	11_24	1
SCF:0000338	train_eligible	0	AC:000258	P0A7W7	P0A7G2	P0A7R9	Q83ER2	P0A7G2	Q50296	7nav	4	11_24	1
SCF:0000339	train_eligible	1	AC:000258	P0A7W7	P0A7G2	P0A7X3	Q83ER2	P0A7G2	C3SRY2	7nav	4	11_24	1
SCF:0000340	train_eligible	1	AC:000259	Q22A67	Q240X9	Q1HGH8	Q22A67	Q240X9	Q1HGH8	6zyw	1	11_24	0
SCF:0000341	train_eligible	1	AC:000259	Q22A67	Q240X9	Q24DI9	Q22A67	Q240X9	Q24DI9	6zyw	1	11_24	0
SCF:0000342	train_eligible	0	AC:000259	Q22A67	Q240X9	Q1HFV9	Q22A67	Q240X9	Q24DI9	6zyw	1	11_24	0
SCF:0000343	train_eligible	0	AC:000259	Q240X9	Q22A67	I7M9J2	Q240X9	Q22A67	I7M9J2	6zyw	1	11_24	0
SCF:0000349	train_eligible	0	AC:000268	Q24DJ0	W7WX86	I7MDA9	Q24DJ0	W7WX86	I7MDA9	8th8	2	11_24	1
SCF:0000350	train_eligible	0	AC:000268	W7WX86	Q24DJ0	Q23YW7	W7WX86	Q24DJ0	Q23YW7	8th8	2	11_24	1
SCF:0000351	train_eligible	0	AC:000268	W7WX86	Q24DJ0	I7LT80	W7WX86	Q24DJ0	I7LT80	8th8	2	11_24	1
SCF:0000354	train_eligible	0	AC:000273	P30989	P50148	P29992	P30989	P50148	P50148	8jpb	2	3_10	1
SCF:0000355	train_eligible	0	AC:000273	P30989	P50148	P63096	P30989	P50148	P50148	8jpb	2	3_10	1
SCF:0000356	train_eligible	0	AC:000273	P50148	P30989	P32239	P50148	P30989	P32239	8jpb	2	3_10	1
SCF:0000357	train_eligible	0	AC:000273	P50148	P30989	P49683	P50148	P30989	P49683	8jpb	2	3_10	1
SCF:0000358	train_eligible	0	AC:000273	P50148	P30989	Q969F8	P50148	P30989	Q969F8	8jpb	2	3_10	1
SCF:0000359	train_eligible	0	AC:000276	A8IH07	A8IXD6	A8IL21	A8IH07	A8IXD6	A8IL21	7ekq	2	11_24	1
SCF:0000360	train_eligible	0	AC:000276	A8IH07	A8IXD6	A8IJ60	A8IH07	A8IXD6	A8IJ60	7ekq	2	11_24	1
SCF:0000361	train_eligible	0	AC:000276	A8IXD6	A8IH07	A8IJ60	A8IXD6	A8IH07	A8IJ60	7ekq	2	11_24	1
SCF:0000362	train_eligible	0	AC:000276	A8IXD6	A8IH07	A8IL21	A8IXD6	A8IH07	A8IL21	7ekq	2	11_24	1
SCF:0000363	train_eligible	0	AC:000278	P47047	P53256	P38801	P42285	P53256	P38801	6fsz	4	11_24	1
SCF:0000364	train_eligible	0	AC:000281	Q9BQ15	Q9NV88	Q5TA45	Q9BQ15	Q9NV88	Q5TA45	8rbz	1	11_24	0
SCF:0000366	train_eligible	1	AC:000284	P29496	P54791	P54790	P29496	P54791	P54790	6wgg	4	11_24	1
SCF:0000367	train_eligible	0	AC:000284	P29496	P54791	P32833	P29496	P54791	P32833	6wgg	4	11_24	1
SCF:0000368	train_eligible	0	AC:000284	P54791	P29496	P29469	P54791	P29496	P29469	6wgg	4	11_24	1
SCF:0000369	train_eligible	0	AC:000284	P54791	P29496	P24279	P54791	P29496	P24279	6wgg	4	11_24	1
SCF:0000370	train_eligible	0	AC:000284	P54791	P29496	P53091	P54791	P29496	P53091	6wgg	4	11_24	1
SCF:0000372	train_eligible	0	AC:000286	P02309	Q12509	P53298	P62805	Q12509	P53298	9fbw	7	11_24	1
SCF:0000373	train_eligible	0	AC:000286	Q12509	P02309	P61830	Q12509	P62805	P02299	9fbw	7	11_24	1
SCF:0000382	train_eligible	0	AC:000292	P41227	P84098	G1SGX4	P41227	P84098	G1SGX4	9gj6	2	11_24	1
SCF:0000383	train_eligible	0	AC:000292	P84098	P41227	Q9UKD2	P84098	P41227	Q9UKD2	9gj6	2	11_24	1
SCF:0000389	train_eligible	0	AC:000298	P59768	Q03431	Q16602	P59768	Q03431	Q16602	8flq	8	3_10	1
SCF:0000390	train_eligible	0	AC:000298	P59768	Q03431	Q9UP38	P59768	Q03431	Q9UP38	8flq	8	3_10	1
SCF:0000391	train_eligible	1	AC:000298	P59768	Q03431	P21728	P59768	Q03431	P21728	8flq	8	3_10	1
SCF:0000392	train_eligible	0	AC:000299	Q2FW16	Q2FW08	Q2FXS8	A0A063X754	Q2FW08	Q2FXS8	6sj6	33	11_24	1
SCF:0000393	train_eligible	0	AC:000299	Q2FW16	Q2FW08	Q2FW11	A0A063X754	Q2FW08	P42060	6sj6	33	11_24	1
SCF:0000394	train_eligible	0	AC:000299	Q2FW16	Q2FW08	Q931G5	A0A063X754	Q2FW08	P21471	6sj6	33	11_24	1
SCF:0000395	train_eligible	0	AC:000300	A0A0M3KL10	E1C9L2	E1C9L1	A0A0M3KL10	E1C9L2	E1C9L1	4y28	1	11_24	0
SCF:0000396	train_eligible	0	AC:000301	W7XJB1	I7M9J2	Q22A67	W7XJB1	I7M9J2	Q22A67	6zyw	7	11_24	1
SCF:0000398	train_eligible	0	AC:000303	Q9F1K9	Q8DMP8	Q8DHJ2	P19054	Q8DMP8	Q8DHJ2	7nhp	3	11_24	1
SCF:0000399	train_eligible	0	AC:000303	Q9F1K9	Q8DMP8	D0VWR5	P19054	Q8DMP8	Q8DHJ2	7nhp	3	11_24	1
SCF:0000400	train_eligible	0	AC:000303	Q9F1K9	Q8DMP8	Q9F1R6	P19054	Q8DMP8	Q9F1R6	7nhp	3	11_24	1
SCF:0000404	train_eligible	0	AC:000309	P62877	Q16531	Q86VP6	P62877	Q16531	Q86VP6	8b3i	7	3_10	1
SCF:0000405	train_eligible	0	AC:000309	P62877	Q16531	Q93034	P62877	Q16531	Q93034	8b3i	7	3_10	1
SCF:0000406	train_eligible	0	AC:000310	Q6P4I2	Q9NV88	Q5TA45	Q6P4I2	Q9NV88	Q5TA45	8r22	1	3_10	0
SCF:0000414	train_eligible	0	AC:000317	A0A1S3XP85	A0A1S3YXM6	A0A1S3ZSI0	A0A1S3X2G3	A0A9R0JF29	A0A1S3ZSI0	8w9z	2	11_24	1
SCF:0000415	train_eligible	0	AC:000317	A0A1S3YXM6	A0A1S3XP85	A0A1S3YEW3	A0A9R0JF29	A0A1S3X2G3	A0A1S3YEW3	8w9z	2	11_24	1
SCF:0000416	train_eligible	0	AC:000317	A0A1S3YXM6	A0A1S3XP85	A0A1S3YU01	A0A9R0JF29	A0A1S3X2G3	A0A1S3YU01	8w9z	2	11_24	1
SCF:0000417	train_eligible	0	AC:000319	P20435	Q02792	P22138	A0A4X1VEK9	C4R5R1	P22138	8jch	2	11_24	1
SCF:0000418	train_eligible	0	AC:000320	C4R7L2	C4QXY9	F2QQ42	P37382	C4QXY9	F2QQ42	8yfr	2	11_24	1
SCF:0000419	train_eligible	0	AC:000323	Q92966	O15160	Q16533	Q92966	O15160	Q16533	9fss	5	11_24	1
SCF:0000420	train_eligible	0	AC:000324	P27999	P40352	P27692	C4QY79	P40352	P27692	8tvy	2	11_24	1
SCF:0000424	train_eligible	0	AC:000329	I7MG46	Q24C31	Q23YW7	I7MG46	Q24C31	Q23YW7	8th8	2	11_24	1
SCF:0000425	train_eligible	0	AC:000329	I7MG46	Q24C31	Q23S05	I7MG46	Q24C31	Q23S05	8th8	2	11_24	1
SCF:0000426	train_eligible	0	AC:000329	I7MG46	Q24C31	A4VD15	I7MG46	Q24C31	A4VD15	8th8	2	11_24	1
SCF:0000427	train_eligible	0	AC:000329	Q24C31	I7MG46	I7LT80	Q24C31	I7MG46	I7LT80	8th8	2	11_24	1
SCF:0000428	train_eligible	0	AC:000329	Q24C31	I7MG46	Q24DJ0	Q24C31	I7MG46	Q24DJ0	8th8	2	11_24	1
SCF:0000429	train_eligible	0	AC:000330	P63096	O14625	P09341	P50148	O14625	P09341	8hnk	2	3_10	1
SCF:0000430	train_eligible	0	AC:000330	P63096	O14625	P48061	P50148	O14625	P48061	8hnk	2	3_10	1
SCF:0000431	train_eligible	0	AC:000331	P40359	P29469	P29496	P40359	P29469	P29496	8p5e	9	11_24	1
SCF:0000432	train_eligible	0	AC:000331	P40359	P29469	P24279	P40359	P29469	P24279	8p5e	9	11_24	1
SCF:0000433	train_eligible	0	AC:000331	P40359	P29469	P38132	P40359	P29469	P38132	8p5e	9	11_24	1
SCF:0000438	train_eligible	0	AC:000335	A0A3B6IU74	A0A3B6KRQ3	W5C8N6	A0A3Q7I881	A0A3B6KRQ3	A0A3Q7HSH1	8r6f	1	11_24	0
SCF:0000439	train_eligible	1	AC:000335	A0A3B6IU74	A0A3B6KRQ3	A0A3B6RED0	A0A3Q7I881	A0A3B6KRQ3	A0A3B6RED0	8r6f	1	11_24	0
SCF:0000440	train_eligible	1	AC:000336	Q9BT73	O14818	P28066	Q9BT73	O14818	P28066	8tm3	2	11_24	1
SCF:0000441	train_eligible	0	AC:000336	Q9BT73	O14818	P25786	Q9BT73	O14818	P25786	8tm3	2	11_24	1
SCF:0000442	train_eligible	0	AC:000336	Q9BT73	O14818	P25788	Q9BT73	O14818	P25788	8tm3	2	11_24	1
SCF:0000443	train_eligible	0	AC:000338	P84077	Q9HAD4	P04439	P84077	Q9HAD4	Q861F7	7mge	1	3_10	0
SCF:0000444	train_eligible	0	AC:000338	P84077	Q9HAD4	P36578	P84077	Q9HAD4	P36578	7mge	1	3_10	0
SCF:0000445	train_eligible	0	AC:000338	P84077	Q9HAD4	P35585	P84077	Q9HAD4	P35585	7mge	1	3_10	0
SCF:0000446	train_eligible	0	AC:000339	A0A4V8H005	A0A4V8H004	A0A4V8GZZ9	A0A4V8H005	A0A4V8H004	A0A4V8GZZ9	6igz	1	11_24	0
SCF:0000448	train_eligible	0	AC:000340	P68431	Q96GM5	Q12432	P02299	Q96GM5	Q12432	9rl4	5	11_24	1
SCF:0000449	train_eligible	0	AC:000340	P68431	Q96GM5	Q9Y230	P02299	Q96GM5	Q9Y230	9rl4	5	11_24	1
SCF:0000450	train_eligible	0	AC:000342	A0A3Q7G7F0	A0A3Q7I881	K4ATQ2	A0A3B6KRQ3	A0A3Q7I881	O15612	7qix	2	11_24	1
SCF:0000451	train_eligible	0	AC:000342	A0A3Q7I881	A0A3Q7G7F0	A0A3Q7HSH1	A0A3Q7I881	A0A3B6KRQ3	A0A3Q7HSH1	7qix	2	11_24	1
SCF:0000452	train_eligible	0	AC:000343	P60002	Q7KZ85	I3LGP4	P60002	Q7KZ85	I3LGP4	9rtt	2	11_24	1
SCF:0000453	train_eligible	0	AC:000343	P60002	Q7KZ85	P30876	P60002	Q7KZ85	I3LGP4	9rtt	2	11_24	1
SCF:0000454	train_eligible	0	AC:000345	A0A2K3DZD9	A0A2K3DQ46	A0A2K3DHV6	A0A2K3DZD9	A0A2K3DQ46	A0A2K3DHV6	8xks	1	11_24	0
SCF:0000455	train_eligible	0	AC:000345	A0A2K3DZD9	A0A2K3DQ46	A0A2K3DLF7	A0A2K3DZD9	A0A2K3DQ46	A0A2K3DLF7	8xks	1	11_24	0
SCF:0000459	train_eligible	0	AC:000348	Q1HGH9	Q1HFX1	Q1HGH8	Q1HGH9	A8IY95	Q1HGH8	7k58	1	11_24	0
SCF:0000461	train_eligible	0	AC:000355	P20436	Q04307	P27999	C4R273	Q9Y2Y1	C4QY79	7z0h	24	11_24	1
SCF:0000462	train_eligible	0	AC:000355	P20436	Q04307	P32529	C4R273	Q9Y2Y1	P32529	7z0h	24	11_24	1
SCF:0000463	train_eligible	0	AC:000356	Q92759	P07992	P23025	Q92759	P07992	P23025	9pcp	2	11_24	1
SCF:0000465	train_eligible	1	AC:000359	Q99471	P78371	P50991	Q99471	Q3ZBH0	P50991	6nr9	3	11_24	1
SCF:0000466	train_eligible	0	AC:000359	Q99471	P78371	P49368	Q99471	Q3ZBH0	Q3T0K2	6nr9	3	11_24	1
SCF:0000467	train_eligible	0	AC:000359	Q99471	P78371	P40227	Q99471	Q3ZBH0	P40227	6nr9	3	11_24	1
SCF:0000470	train_eligible	0	AC:000371	C4M5A0	C4LXM0	C4M0Z2	C4M5A0	C4LXM0	C4M0Z2	9v27	5	11_24	1
SCF:0000472	train_eligible	0	AC:000376	Q9H1A4	Q9UJX3	Q9UJX2	Q9H1A4	Q9UJX3	Q9UJX2	5g05	14	11_24	1
SCF:0000473	train_eligible	0	AC:000376	Q9H1A4	Q9UJX3	Q13042	Q9H1A4	Q9UJX3	Q13042	5g05	14	11_24	1
SCF:0000474	train_eligible	0	AC:000376	Q9H1A4	Q9UJX3	Q9UJX6	Q9H1A4	Q9UJX3	Q9UJX6	5g05	14	11_24	1
SCF:0000477	train_eligible	0	AC:000384	P24482	P29469	P24279	P24482	P29469	P24279	8p5e	3	11_24	1
SCF:0000478	train_eligible	0	AC:000384	P24482	P29469	Q08032	P24482	P29469	Q08032	8p5e	3	11_24	1
SCF:0000479	train_eligible	0	AC:000384	P29469	P24482	P32833	P29469	P24482	P32833	8p5e	3	11_24	1
SCF:0000480	train_eligible	0	AC:000384	P29469	P24482	P38132	P29469	P24482	P38132	8p5e	3	11_24	1
SCF:0000481	train_eligible	0	AC:000384	P29469	P24482	Q08032	P29469	P24482	Q08032	8p5e	3	11_24	1
SCF:0000484	train_eligible	1	AC:000388	A0A4V8H008	A0A4V8H004	A0A4V8GZZ9	P12356	A0A4V8H004	A0A4V8GZZ9	6igz	1	11_24	0
SCF:0000486	train_eligible	0	AC:000392	Q7L5N1	Q9UBF6	P62877	Q7L5N1	P62877	P62877	9eg1	1	11_24	0
SCF:0000487	train_eligible	0	AC:000393	P04051	P13393	P47076	P04051	P13393	P47076	6f41	5	11_24	1
SCF:0000488	train_eligible	0	AC:000393	P04051	P13393	P41910	P04051	P13393	P41910	6f41	5	11_24	1
SCF:0000489	train_eligible	0	AC:000393	P04051	P13393	P20435	P04051	P13393	A0A4X1VEK9	6f41	5	11_24	1
SCF:0000490	train_eligible	1	AC:000393	P13393	P04051	P04050	P13393	P04051	A0A7M4DUC2	6f41	5	11_24	1
SCF:0000491	train_eligible	1	AC:000393	P13393	P04051	Q99315	P13393	P04051	Q99315	6f41	5	11_24	1
SCF:0000492	train_eligible	0	AC:000393	P13393	P04051	P08518	P13393	P04051	I3LGP4	6f41	5	11_24	1
SCF:0000493	train_eligible	0	AC:000394	P40422	P36121	P16370	P40422	P36121	P37382	6eu0	24	11_24	1
SCF:0000494	train_eligible	0	AC:000394	P40422	P36121	P20433	P40422	P36121	P20433	6eu0	24	11_24	1
SCF:0000495	train_eligible	0	AC:000394	P40422	P36121	P38304	P40422	P36121	P38304	6eu0	24	11_24	1
SCF:0000496	train_eligible	0	AC:000399	A0A2K3DGW6	A0A2K3DLI2	A0A2K3DHV6	A0A2K3DGW6	A0A2K3DLI2	A0A2K3DHV6	8xqw	3	11_24	1
SCF:0000497	train_eligible	0	AC:000399	A0A2K3DGW6	A0A2K3DLI2	A0A2K3DVJ8	A0A2K3DGW6	A0A2K3DLI2	A0A2K3DVJ8	8xqw	3	11_24	1
SCF:0000498	train_eligible	0	AC:000400	Q15370	Q8N884	Q13098	Q15370	Q8N884	Q13098	8ol1	2	11_24	1
SCF:0000499	train_eligible	0	AC:000400	Q15370	Q8N884	Q6PJ21	Q15370	Q8N884	Q6PJ21	8ol1	2	11_24	1
SCF:0000500	train_eligible	0	AC:000402	Q9SUI5	Q9SUI7	Q9S714	A0A4V8GZZ4	A0A2K1JDR4	A0A1D6HY75	9gc2	2	11_24	1
SCF:0000501	train_eligible	0	AC:000402	Q9SUI7	Q9SUI5	Q9S7N7	A0A2K1JDR4	A0A4V8GZZ4	B6U534	9gc2	2	11_24	1
SCF:0000502	train_eligible	0	AC:000404	Q22R86	Q24CE5	Q1HFV9	Q22R86	Q24CE5	Q24DI9	6zyw	1	11_24	0
SCF:0000503	train_eligible	0	AC:000404	Q24CE5	Q22R86	Q24DI9	Q24CE5	Q22R86	Q24DI9	6zyw	1	11_24	0
SCF:0000504	train_eligible	1	AC:000404	Q24CE5	Q22R86	W7XJB1	Q24CE5	Q22R86	W7XJB1	6zyw	1	11_24	0
SCF:0000505	train_eligible	0	AC:000407	Q15843	Q16531	Q93034	Q15843	Q16531	Q93034	8b3i	2	3_10	1
SCF:0000507	train_eligible	0	AC:000412	P62877	P68036	P62837	P62877	P68036	A0A6P5C4T4	7b5n	1	3_10	0
SCF:0000508	train_eligible	0	AC:000412	P62877	P68036	A0A6P5C4T4	P62877	P68036	A0A6P5C4T4	7b5n	1	3_10	0
SCF:0000509	train_eligible	0	AC:000412	P62877	P68036	Q712K3	P62877	P68036	P49427	7b5n	1	3_10	0
SCF:0000510	train_eligible	0	AC:000414	Q5JS54	P60900	O14818	Q5JS54	P60900	O14818	8tm3	2	11_24	1
SCF:0000511	train_eligible	0	AC:000414	Q5JS54	P60900	P25789	Q5JS54	P60900	P23638	8tm3	2	11_24	1
SCF:0000512	train_eligible	0	AC:000414	Q5JS54	P60900	P28066	Q5JS54	P60900	P28066	8tm3	2	11_24	1
SCF:0000513	train_eligible	0	AC:000419	B8LEQ8	B8BUW3	B5YM25	B8LEQ8	B8BUW3	B5YM25	8zet	2	11_24	1
SCF:0000514	train_eligible	0	AC:000419	B8LEQ8	B8BUW3	B8C770	B8LEQ8	B8BUW3	B8C770	8zet	2	11_24	1
SCF:0000515	train_eligible	0	AC:000419	B8LEQ8	B8BUW3	B8C0K4	B8LEQ8	B8BUW3	B8C0K4	8zet	2	11_24	1
SCF:0000521	train_eligible	0	AC:000427	P42766	Q9BXJ9	Q9BZE4	P42766	Q9BXJ9	Q9BZE4	9fq0	4	11_24	1
SCF:0000522	train_eligible	1	AC:000427	P42766	Q9BXJ9	P13639	P42766	Q9BXJ9	P13639	9fq0	4	11_24	1
SCF:0000523	train_eligible	1	AC:000427	Q9BXJ9	P42766	P35268	Q9BXJ9	P42766	P35268	9fq0	4	11_24	1
SCF:0000524	train_eligible	0	AC:000427	Q9BXJ9	P42766	G1TSG1	Q9BXJ9	P42766	P35268	9fq0	4	11_24	1
SCF:0000525	train_eligible	0	AC:000427	Q9BXJ9	P42766	P62750	Q9BXJ9	P42766	P62750	9fq0	4	11_24	1
SCF:0000526	train_eligible	0	AC:000428	P0A384	Q8YVQ2	P61048	P0A384	Q8YVQ2	P61048	4ogq	3	11_24	1
SCF:0000527	train_eligible	0	AC:000429	Q23FU1	I7M6H4	I7M9J2	Q23FU1	I7M6H4	I7M9J2	6zyw	5	11_24	1
SCF:0000528	train_eligible	0	AC:000429	Q23FU1	I7M6H4	Q22A67	Q23FU1	I7M6H4	Q22A67	6zyw	5	11_24	1
SCF:0000529	train_eligible	0	AC:000430	Q2FW20	Q2G111	Q2FW10	Q2FW20	A0A2V3DLV3	A0QSD5	7kwg	16	11_24	1
SCF:0000530	train_eligible	0	AC:000430	Q2G111	Q2FW20	Q2G113	A0A2V3DLV3	Q2FW20	P21468	7kwg	16	11_24	1
SCF:0000531	train_eligible	0	AC:000430	Q2G111	Q2FW20	Q2FW31	A0A2V3DLV3	Q2FW20	Q50296	7kwg	16	11_24	1
SCF:0000532	train_eligible	0	AC:000430	Q2G111	Q2FW20	Q2FW16	A0A2V3DLV3	Q2FW20	A0A063X754	7kwg	16	11_24	1
SCF:0000533	train_eligible	0	AC:000432	P40359	P53091	P24279	P40359	P53091	P24279	3jc5	9	11_24	1
SCF:0000534	train_eligible	0	AC:000432	P40359	P53091	P29496	P40359	P53091	P29496	3jc5	9	11_24	1
SCF:0000535	train_eligible	1	AC:000432	P40359	P53091	P38132	P40359	P53091	P38132	3jc5	9	11_24	1
SCF:0000539	train_eligible	0	AC:000437	P21082	P20637	P68439	P21082	A4GDH1	P68439	9fpy	1	11_24	0
SCF:0000540	train_eligible	0	AC:000438	P20248	Q9UJX5	Q13415	P20248	Q9UJX5	Q13415	6q6g	2	11_24	1
SCF:0000541	train_eligible	0	AC:000438	P20248	Q9UJX5	P06400	P20248	Q9UJX5	P06400	6q6g	2	11_24	1
SCF:0000542	train_eligible	0	AC:000438	P20248	Q9UJX5	P30260	P20248	Q9UJX5	P30260	6q6g	2	11_24	1
SCF:0000547	train_eligible	0	AC:000447	P20226	Q9Y2Y1	P60899	P20226	Q9Y2Y1	P36954	8iue	12	11_24	1
SCF:0000548	train_eligible	0	AC:000450	P20226	Q9H1D9	Q00403	P20226	Q9H1D9	Q00403	8iue	12	11_24	1
SCF:0000549	train_eligible	0	AC:000450	P20226	Q9H1D9	Q9HAW0	P20226	Q9H1D9	Q9HAW0	8iue	12	11_24	1
SCF:0000550	train_eligible	0	AC:000450	P20226	Q9H1D9	P29084	P20226	Q9H1D9	P29084	8iue	12	11_24	1
SCF:0000554	train_eligible	0	AC:000456	P40337	Q9H9Q2	P01116	P40337	Q9H9Q2	P01116	6r7f	2	11_24	1
SCF:0000555	train_eligible	0	AC:000456	Q9H9Q2	P40337	P63208	Q9H9Q2	P40337	P63208	6r7f	2	11_24	1
SCF:0000557	train_eligible	0	AC:000459	A0A4V8H007	A0A4V8H004	A0A4V8GZZ9	A0A4V8H007	A0A4V8H004	A0A4V8GZZ9	6igz	1	11_24	0
SCF:0000558	train_eligible	0	AC:000461	Q13098	Q9UBW8	Q9H9Q2	Q13098	Q9H9Q2	Q9H9Q2	4wsn	3	3_10	1
SCF:0000559	train_eligible	0	AC:000461	Q9UBW8	Q13098	Q9BT78	Q9H9Q2	Q13098	Q9BT78	4wsn	3	3_10	1
SCF:0000561	train_eligible	0	AC:000465	Q1HFW0	Q1HGH8	A4VEB3	Q24CE5	Q1HGH8	A4VEB3	7k5b	6	11_24	1
SCF:0000562	train_eligible	0	AC:000465	Q1HGH8	Q1HFW0	Q24DI9	Q1HGH8	Q24CE5	Q24DI9	7k5b	6	11_24	1
SCF:0000563	train_eligible	0	AC:000465	Q1HGH8	Q1HFW0	Q1HFV9	Q1HGH8	Q24CE5	Q24DI9	7k5b	6	11_24	1
SCF:0000564	train_eligible	0	AC:000465	Q1HGH8	Q1HFW0	W7XJB1	Q1HGH8	Q24CE5	W7XJB1	7k5b	6	11_24	1
SCF:0000569	train_eligible	0	AC:000469	P0A800	P0A9E2	P0A7U7	P0A800	P0A9E2	P0A7U7	7w5w	3	3_10	1
SCF:0000572	train_eligible	0	AC:000477	P22139	P32349	P41895	C4R009	P32349	P41895	7z30	24	11_24	1
SCF:0000573	train_eligible	1	AC:000477	P22139	P32349	P36070	C4R009	P32349	P36070	7z30	24	11_24	1
SCF:0000575	train_eligible	0	AC:000480	P41227	Q02878	G1SS70	P41227	Q02878	A0A3Q7I881	9gj6	2	11_24	1
SCF:0000576	train_eligible	0	AC:000480	P41227	Q02878	G1TNM3	P41227	Q02878	G1TNM3	9gj6	2	11_24	1
SCF:0000577	train_eligible	0	AC:000480	Q02878	P41227	P83731	Q02878	P41227	Q54VN6	9gj6	2	11_24	1
SCF:0000578	train_eligible	0	AC:000480	Q02878	P41227	Q13765	Q02878	P41227	Q13765	9gj6	2	11_24	1
SCF:0000579	train_eligible	0	AC:000480	Q02878	P41227	P62701	Q02878	P41227	P62701	9gj6	2	11_24	1
SCF:0000580	train_eligible	0	AC:000481	Q38859	O81097	Q9FJ98	Q38859	Q9M1A8	A0A4X1VEK9	8hyj	1	11_24	0
SCF:0000585	train_eligible	0	AC:000488	P0A8V2	P24251	P0A780	P0A8V2	P24251	P0A780	6kj6	1	3_10	0
SCF:0000586	train_eligible	0	AC:000488	P24251	P0A8V2	P0A8T7	P24251	P0A8V2	P0A8T7	6kj6	1	3_10	0
SCF:0000587	train_eligible	0	AC:000489	P20435	P53063	Q04636	A0A4X1VEK9	P53063	Q04636	8k5p	2	11_24	1
SCF:0000589	train_eligible	0	AC:000492	P0AFF6	P0AFW0	P0AFG0	P0AFF6	P0AFW0	P0AFG0	8pil	1	3_10	0
SCF:0000590	train_eligible	0	AC:000494	A0QSG6	A0R102	A0QSG3	A0QSG6	A0R102	Q2FW20	6dzk	17	11_24	1
SCF:0000591	train_eligible	0	AC:000496	O00399	P61163	Q9NZ32	O00399	F2Z5G5	Q9NZ32	9b85	2	11_24	1
SCF:0000592	train_eligible	0	AC:000498	W7WX86	Q24C31	Q23YW7	W7WX86	Q24C31	Q23YW7	8th8	2	11_24	1
SCF:0000593	train_eligible	0	AC:000498	W7WX86	Q24C31	I7LT80	W7WX86	Q24C31	I7LT80	8th8	2	11_24	1
SCF:0000596	train_eligible	0	AC:000499	Q9VGW6	Q26454	Q9XYU1	Q9VGW6	Q26454	P25205	6raw	3	11_24	1
SCF:0000597	train_eligible	0	AC:000499	Q9VGW6	Q26454	P49735	Q9VGW6	Q26454	P49735	6raw	3	11_24	1
SCF:0000599	train_eligible	0	AC:000502	P11703	A0A9R0K533	A0A9R0JBX6	P06271	A0A9R0K533	A0A9R0JBX6	8xzv	1	11_24	0
SCF:0000600	train_eligible	0	AC:000502	P11703	A0A9R0K533	A0A9R0K7U8	P06271	A0A9R0K533	A0A9R0K7U8	8xzv	1	11_24	0
SCF:0000601	train_eligible	0	AC:000503	P62987	Q71DI3	P04908	P62987	P02299	P0C0S5	7xd0	1	3_10	0
SCF:0000602	train_eligible	0	AC:000503	P62987	Q71DI3	P62805	P62987	P02299	P62805	7xd0	1	3_10	0
SCF:0000603	train_eligible	0	AC:000504	Q99627	Q9UBF6	P62877	Q99627	P62877	P62877	9eg1	1	11_24	0
SCF:0000604	train_eligible	0	AC:000505	P10145	P63096	P09471	P10145	P50148	P50148	6lfm	3	3_10	1
SCF:0000605	train_eligible	0	AC:000505	P63096	P10145	P09341	P50148	P10145	P09341	6lfm	3	3_10	1
SCF:0000606	train_eligible	0	AC:000505	P63096	P10145	P48061	P50148	P10145	P48061	6lfm	3	3_10	1
SCF:0000607	train_eligible	0	AC:000505	P63096	P10145	P22362	P50148	P10145	P22362	6lfm	3	3_10	1
SCF:0000608	train_eligible	0	AC:000508	P05738	P33309	P38779	A0A3Q7JDZ0	P33309	P38779	3j16	2	3_10	1
SCF:0000609	train_eligible	0	AC:000508	P33309	P05738	Q01855	P33309	A0A3Q7JDZ0	Q01855	3j16	2	3_10	1
SCF:0000610	train_eligible	0	AC:000508	P33309	P05738	P0CX53	P33309	A0A3Q7JDZ0	P0CX53	3j16	2	3_10	1
SCF:0000611	train_eligible	0	AC:000516	Q8CM25	Q8DG60	Q9F1L5	D0VWR8	Q8DG60	Q9F1L5	7nhp	1	11_24	0
SCF:0000614	train_eligible	0	AC:000520	Q8DIF8	Q8DMP8	Q8DHJ2	D0VWR7	Q8DMP8	Q8DHJ2	7nhp	2	11_24	1
SCF:0000615	train_eligible	0	AC:000520	Q8DIF8	Q8DMP8	Q9F1R6	D0VWR7	Q8DMP8	Q9F1R6	7nhp	2	11_24	1
SCF:0000616	train_eligible	0	AC:000520	Q8DMP8	Q8DIF8	D0VWR1	Q8DMP8	D0VWR7	Q8DIQ1	7nhp	2	11_24	1
SCF:0000617	train_eligible	0	AC:000520	Q8DMP8	Q8DIF8	Q8DIQ1	Q8DMP8	D0VWR7	Q8DIQ1	7nhp	2	11_24	1
SCF:0000618	train_eligible	0	AC:000520	Q8DMP8	Q8DIF8	P51765	Q8DMP8	D0VWR7	P0A444	7nhp	2	11_24	1
SCF:0000619	train_eligible	0	AC:000521	P11704	A0A9R0K533	A0A9R0JBX6	P11704	A0A9R0K533	A0A9R0JBX6	8xzv	1	11_24	0
SCF:0000620	train_eligible	0	AC:000521	P11704	A0A9R0K533	A0A9R0K7U8	P11704	A0A9R0K533	A0A9R0K7U8	8xzv	1	11_24	0
SCF:0000621	train_eligible	0	AC:000527	O14010	Q9Y821	Q9US45	O14010	Q9Y821	Q9US45	5n9j	1	11_24	0
SCF:0000622	train_eligible	0	AC:000527	Q9Y821	O14010	O94376	Q9Y821	O14010	O94376	5n9j	1	11_24	0
SCF:0000623	train_eligible	0	AC:000531	O94646	P87310	O13964	O94646	P87310	O13964	5n9j	1	11_24	0
SCF:0000624	train_eligible	0	AC:000531	O94646	P87310	Q9P6Q0	O94646	P87310	Q9P6Q0	5n9j	1	11_24	0
SCF:0000625	train_eligible	0	AC:000531	P87310	O94646	Q9US45	P87310	O94646	Q9US45	5n9j	1	11_24	0
SCF:0000627	train_eligible	0	AC:000533	P32833	P47112	P54791	P32833	P47112	P54791	9bcx	5	11_24	1
SCF:0000628	train_eligible	0	AC:000533	P32833	P47112	P29469	P32833	P47112	P29469	9bcx	5	11_24	1
SCF:0000629	train_eligible	0	AC:000533	P32833	P47112	P50874	P32833	P47112	P50874	9bcx	5	11_24	1
SCF:0000630	train_eligible	0	AC:000533	P47112	P32833	P54790	P47112	P32833	P54790	9bcx	5	11_24	1
SCF:0000631	train_eligible	0	AC:000533	P47112	P32833	P54791	P47112	P32833	P54791	9bcx	5	11_24	1
SCF:0000632	train_eligible	0	AC:000535	A4VD75	Q22A67	I7M9J2	A4VD75	Q22A67	I7M9J2	7k5b	4	11_24	1
SCF:0000636	train_eligible	0	AC:000538	Q22A67	A4VE64	Q24CE5	Q22A67	Q1HFW2	Q24CE5	6zyw	1	11_24	0
SCF:0000637	train_eligible	0	AC:000538	Q22A67	A4VE64	Q1HFW0	Q22A67	Q1HFW2	Q24CE5	6zyw	1	11_24	0
SCF:0000638	train_eligible	0	AC:000538	Q22A67	A4VE64	W7XJB1	Q22A67	Q1HFW2	W7XJB1	6zyw	1	11_24	0
SCF:0000641	train_eligible	0	AC:000542	P20226	P0DPB6	F1RKE4	P20226	P0DPB6	A0A8D0TE17	8iue	12	11_24	1
SCF:0000648	train_eligible	1	AC:000550	P09192	Q55329	Q55354	D0VWR8	Q55329	P32974	8asl	2	11_24	1
SCF:0000649	train_eligible	0	AC:000550	Q55329	P09192	P16033	Q55329	D0VWR8	P0A444	8asl	2	11_24	1
SCF:0000650	train_eligible	0	AC:000550	Q55329	P09192	Q55274	Q55329	D0VWR8	Q55274	8asl	2	11_24	1
SCF:0000651	train_eligible	0	AC:000551	P62875	O15514	O75575	C4R009	Q9VEA5	O75575	5iyd	20	11_24	1
SCF:0000653	train_eligible	0	AC:000553	Q8LE42	Q9M1A8	Q9FJ98	Q8LE42	Q9M1A8	A0A4X1VEK9	8xmc	4	11_24	1
SCF:0000658	train_eligible	0	AC:000559	Q12824	Q96GM5	Q969G3	Q12824	Q96GM5	Q969G3	9rl4	7	11_24	1
SCF:0000659	train_eligible	0	AC:000560	Q9XFH4	Q9FFC0	P02281	Q9XFH4	O23629	O23629	8kcb	2	3_10	1
SCF:0000660	train_eligible	0	AC:000560	Q9XFH4	Q9FFC0	P84233	Q9XFH4	O23629	P02299	8kcb	2	3_10	1
SCF:0000661	train_eligible	0	AC:000563	A0QSD7	A0R7F7	A0QSG2	P80372	A0R7F7	P62656	5xyu	16	11_24	1
SCF:0000662	train_eligible	0	AC:000563	A0R7F7	A0QSD7	A0QVB8	A0R7F7	P80372	A0QVB8	5xyu	16	11_24	1
SCF:0000663	train_eligible	0	AC:000563	A0R7F7	A0QSD7	A0QSG1	A0R7F7	P80372	P62399	5xyu	16	11_24	1
SCF:0000664	train_eligible	0	AC:000563	A0R7F7	A0QSD7	A0QZ86	A0R7F7	P80372	A0QZ86	5xyu	16	11_24	1
SCF:0000665	train_eligible	0	AC:000564	P0A7Z4	P0AGB6	P0ADY3	P0A7Z4	P0AGB6	A0A063X754	6jbq	1	3_10	0
SCF:0000666	train_eligible	0	AC:000564	P0A7Z4	P0AGB6	P0ACJ8	P0A7Z4	P0AGB6	P0ACJ8	6jbq	1	3_10	0
SCF:0000667	train_eligible	1	AC:000565	A0A2K3CYB6	A0A2K3DZD9	A0A2K3DLF7	A0A2K3CYB6	A0A2K3DZD9	A0A2K3DLF7	8xks	1	11_24	0
SCF:0000668	train_eligible	0	AC:000566	O31743	Q06797	P42921	O31743	Q5SLP7	A0A063X8U6	9bss	1	11_24	0
SCF:0000669	train_eligible	0	AC:000568	A0A2K3DGW6	A0A2K3DQ46	A0A2K3DHV6	A0A2K3DGW6	A0A2K3DQ46	A0A2K3DHV6	8xks	3	11_24	1
SCF:0000670	train_eligible	0	AC:000568	A0A2K3DGW6	A0A2K3DQ46	A0A2K3DLF7	A0A2K3DGW6	A0A2K3DQ46	A0A2K3DLF7	8xks	3	11_24	1
SCF:0000671	train_eligible	0	AC:000573	P10793	E1C9K9	A0A0M3KL10	A0A4V8H005	E1C9K9	A0A0M3KL10	4rku	2	11_24	1
SCF:0000672	train_eligible	0	AC:000575	E1C9L3	A0A0H2UKZ4	A0A0M3KL12	E1C9L3	A0A0H2UKZ4	A0A0H2UKZ4	4rku	1	11_24	0
SCF:0000673	train_eligible	0	AC:000577	Q9VGW6	Q9VBI1	Q9VQY9	Q9VGW6	Q9VBI1	Q9VQY9	6raz	2	11_24	1
SCF:0000674	train_eligible	0	AC:000577	Q9VGW6	Q9VBI1	Q9W2V7	Q9VGW6	Q9VBI1	Q9W2V7	6raz	2	11_24	1
SCF:0000675	train_eligible	0	AC:000578	P38121	P53840	P13382	P38121	P53840	P13382	8b9c	1	11_24	0
SCF:0000676	train_eligible	0	AC:000578	P53840	P38121	Q04636	P53840	P38121	Q04636	8b9c	1	11_24	0
SCF:0000677	train_eligible	0	AC:000578	P53840	P38121	P24482	P53840	P38121	P24482	8b9c	1	11_24	0
SCF:0000678	train_eligible	0	AC:000578	P53840	P38121	P30665	P53840	P38121	P30665	8b9c	1	11_24	0
SCF:0000683	train_eligible	0	AC:000585	P16033	P12975	P14835	P0A444	B8LEQ8	P14835	8am5	1	11_24	0
SCF:0000686	train_eligible	0	AC:000588	P59763	A8HY43	A8I5A0	P12240	A8HY43	A8I5A0	8kde	1	11_24	0
SCF:0000687	train_eligible	0	AC:000588	P59763	A8HY43	P12853	P12240	A8HY43	P12853	8kde	1	11_24	0
SCF:0000688	train_eligible	0	AC:000591	O15527	Q71DI3	P62807	O15527	P02299	O23629	8vwt	2	3_10	1
SCF:0000689	train_eligible	0	AC:000591	Q71DI3	O15527	P48431	P02299	O15527	P48431	8vwt	2	3_10	1
SCF:0000692	train_eligible	1	AC:000594	Q8N884	Q96KK5	Q99878	Q8N884	P0C0S5	P0C0S5	8ol1	1	11_24	0
SCF:0000693	train_eligible	0	AC:000594	Q8N884	Q96KK5	P04908	Q8N884	P0C0S5	P0C0S5	8ol1	1	11_24	0
SCF:0000694	train_eligible	0	AC:000594	Q8N884	Q96KK5	Q99877	Q8N884	P0C0S5	O23629	8ol1	1	11_24	0
SCF:0000699	train_eligible	0	AC:000597	A0A3Q7H1U4	A0A3Q7I881	A0A3Q7HJ03	A0A3Q7H1U4	A0A3Q7I881	A0A3Q7HJ03	7qix	2	11_24	1
SCF:0000700	train_eligible	0	AC:000597	A0A3Q7I881	A0A3Q7H1U4	A0A3Q7H274	A0A3Q7I881	A0A3Q7H1U4	P26321	7qix	2	11_24	1
SCF:0000702	train_eligible	0	AC:000599	P0A7S3	P0A707	P0A7V3	P21472	Q5SKU2	P80372	9ss0	10	11_24	1
SCF:0000703	train_eligible	0	AC:000599	P0A7S3	P0A707	P0A7V8	P21472	Q5SKU2	P80373	9ss0	10	11_24	1
SCF:0000704	train_eligible	0	AC:000599	P0A7S3	P0A707	P40711	P21472	Q5SKU2	P40711	9ss0	10	11_24	1
SCF:0000706	train_eligible	0	AC:000601	A0A3Q7H1U4	A0A3Q7HSH1	A0A3Q7G7F0	A0A3Q7H1U4	A0A3Q7HSH1	A0A3B6KRQ3	7qix	2	11_24	1
SCF:0000708	train_eligible	0	AC:000604	P0A7W7	P0A8A8	P0A7X3	Q83ER2	P0A8A8	C3SRY2	7nau	6	11_24	1
SCF:0000712	train_eligible	1	AC:000608	M2X090	M2X4U9	M2VTV2	M2X090	M2X4U9	M2VTV2	9kc5	1	11_24	0
SCF:0000713	train_eligible	0	AC:000608	M2X4U9	M2X090	M2VTV2	M2X4U9	M2X090	M2VTV2	9kc5	1	11_24	0
SCF:0000719	train_eligible	1	AC:000612	Q23FU1	Q240X9	Q1HGH8	Q23FU1	Q240X9	Q1HGH8	6zyw	1	11_24	0
SCF:0000720	train_eligible	0	AC:000612	Q23FU1	Q240X9	Q1HFV9	Q23FU1	Q240X9	Q24DI9	6zyw	1	11_24	0
SCF:0000721	train_eligible	0	AC:000613	A0A4V8GZZ2	A0A4V8H004	A0A4V8GZZ8	A0T0M8	A0A4V8H004	I0YPL4	6igz	1	11_24	0
SCF:0000722	train_eligible	0	AC:000613	A0A4V8H004	A0A4V8GZZ2	A0A4V8H003	A0A4V8H004	A0T0M8	T1RIQ1	6igz	1	11_24	0
SCF:0000723	train_eligible	0	AC:000615	A0A2K3CXW8	A8IJY7	A8INX1	A0A2K3CXW8	A8IJY7	A8INX1	7ekq	1	11_24	0
SCF:0000724	train_eligible	0	AC:000616	A0A4X1VM56	A0A8D0JYF1	A0A4X1TRS6	Q9VEA5	A0A4X1TRS6	A0A4X1TRS6	8wat	4	11_24	1
SCF:0000725	train_eligible	0	AC:000616	A0A8D0JYF1	A0A4X1VM56	A0A287ADR4	A0A4X1TRS6	Q9VEA5	A0A8D1GCS3	8wat	4	11_24	1
SCF:0000726	train_eligible	0	AC:000616	A0A8D0JYF1	A0A4X1VM56	Q6NXT2	A0A4X1TRS6	Q9VEA5	P02299	8wat	4	11_24	1
SCF:0000730	train_eligible	0	AC:000618	O15212	P17987	P50991	O15212	Q32L40	P50991	6nrb	3	11_24	1
SCF:0000731	train_eligible	1	AC:000618	O15212	P17987	P50990	O15212	Q32L40	Q3ZCI9	6nrb	3	11_24	1
SCF:0000732	train_eligible	0	AC:000618	P17987	O15212	O60925	Q32L40	O15212	O60925	6nrb	3	11_24	1
SCF:0000739	train_eligible	0	AC:000625	A0A3B6IU74	W5FPA7	W5BFB7	A0A3Q7I881	O15612	W5BFB7	8r6f	3	11_24	1
SCF:0000743	train_eligible	1	AC:000627	A0A1D5SLI4	A0A3B6RHV8	A0A3B6PK86	P62701	A0A3Q7I5D6	A0A3Q7I5D6	8r6f	1	11_24	0
SCF:0000748	train_eligible	0	AC:000631	Q5SHR1	P0DOY7	Q5SHN3	Q5SHR1	P0DOY7	P21472	8wrc	10	11_24	1
SCF:0000749	train_eligible	0	AC:000631	Q5SHR1	P0DOY7	P0A7S3	Q5SHR1	P0DOY7	P21472	8wrc	10	11_24	1
SCF:0000752	train_eligible	0	AC:000633	A8IL32	Q75VY6	A8ITV3	A8IL32	A0A4V8H000	A8ITV3	6ijj	14	11_24	1
SCF:0000759	train_eligible	0	AC:000636	A8INX1	A8IS47	A8IL21	A8INX1	A8IS47	A8IL21	7ekq	2	11_24	1
SCF:0000760	train_eligible	0	AC:000636	A8INX1	A8IS47	A8IJ60	A8INX1	A8IS47	A8IJ60	7ekq	2	11_24	1
SCF:0000761	train_eligible	0	AC:000636	A8INX1	A8IS47	A0A2K3CXW8	A8INX1	A8IS47	A0A2K3CXW8	7ekq	2	11_24	1
SCF:0000762	train_eligible	0	AC:000636	A8IS47	A8INX1	A8IL21	A8IS47	A8INX1	A8IL21	7ekq	2	11_24	1
SCF:0000763	train_eligible	0	AC:000636	A8IS47	A8INX1	A8IJ60	A8IS47	A8INX1	A8IJ60	7ekq	2	11_24	1
SCF:0000764	train_eligible	0	AC:000636	A8IS47	A8INX1	A8IXD6	A8IS47	A8INX1	A8IXD6	7ekq	2	11_24	1
SCF:0000775	train_eligible	0	AC:000643	A0A3Q7G7F0	A0A3Q7HSH1	A0A3Q7FNQ5	A0A3B6KRQ3	A0A3Q7HSH1	A0A3Q7FNQ5	7qix	2	11_24	1
SCF:0000777	train_eligible	0	AC:000646	P50991	Q9UHV9	Q9NQP4	P50991	Q9UHV9	Q9NQP4	6nrb	3	11_24	1
SCF:0000778	train_eligible	0	AC:000646	P50991	Q9UHV9	Q99471	P50991	Q9UHV9	Q99471	6nrb	3	11_24	1
SCF:0000779	train_eligible	0	AC:000646	P50991	Q9UHV9	O15212	P50991	Q9UHV9	O15212	6nrb	3	11_24	1
SCF:0000780	train_eligible	0	AC:000646	Q9UHV9	P50991	P40227	Q9UHV9	P50991	P40227	6nrb	3	11_24	1
SCF:0000785	train_eligible	0	AC:000649	A0A1B1W4Z4	Q9XI73	Q2V2S7	A0A1B1W4Z4	Q9XI73	Q2V2S7	7wff	2	11_24	1
SCF:0000789	train_eligible	0	AC:000657	O15212	P78371	P50991	O15212	Q3ZBH0	P50991	6nrb	3	11_24	1
SCF:0000790	train_eligible	0	AC:000657	O15212	P78371	P50990	O15212	Q3ZBH0	Q3ZCI9	6nrb	3	11_24	1
SCF:0000795	train_eligible	0	AC:000665	F4JYR0	O22993	F4KF14	F4JYR0	O22993	F4KF14	8xku	2	11_24	1
SCF:0000796	train_eligible	0	AC:000665	F4JYR0	O22993	Q9SAJ3	F4JYR0	O22993	Q9SAJ3	8xku	2	11_24	1
SCF:0000797	train_eligible	0	AC:000665	F4JYR0	O22993	F4J3N2	F4JYR0	O22993	F4J3N2	8xku	2	11_24	1
SCF:0000798	train_eligible	1	AC:000666	Q8DJ02	Q8DKF4	Q8DKY0	P56751	Q8DKF4	P26288	6tjv	1	11_24	0
SCF:0000799	train_eligible	0	AC:000666	Q8DJ02	Q8DKF4	Q8DMR6	P56751	Q8DKF4	Q8DMR6	6tjv	1	11_24	0
SCF:0000800	train_eligible	0	AC:000667	A0A1S3YU01	A0A1S3X147	A0A1S3ZQT7	A0A1S3YU01	A0A1S3ZQT7	A0A1S3ZQT7	8wa1	1	11_24	0
SCF:0000801	train_eligible	1	AC:000667	A0A1S3YU01	A0A1S3X147	A0A1S4CE74	A0A1S3YU01	A0A1S3ZQT7	A0A9R0JBX6	8wa1	1	11_24	0
SCF:0000804	train_eligible	0	AC:000670	I7MHB1	Q24DI9	Q1HFV9	I7MHB1	Q24DI9	Q24DI9	6zyw	1	11_24	0
SCF:0000805	train_eligible	0	AC:000670	I7MHB1	Q24DI9	Q1HFW2	I7MHB1	Q24DI9	Q1HFW2	6zyw	1	11_24	0
SCF:0000806	train_eligible	0	AC:000670	I7MHB1	Q24DI9	A4VE64	I7MHB1	Q24DI9	Q1HFW2	6zyw	1	11_24	0
SCF:0000817	train_eligible	0	AC:000678	G0SC21	G0SCD1	P0CT46	G0SC21	G0SCD1	P0CT46	8pel	2	3_10	1
SCF:0000818	train_eligible	0	AC:000678	G0SCD1	G0SC21	G0SE33	G0SCD1	G0SC21	G0SE33	8pel	2	3_10	1
SCF:0000819	train_eligible	0	AC:000678	G0SCD1	G0SC21	G0S1P1	G0SCD1	G0SC21	G0S1P1	8pel	2	3_10	1
SCF:0000821	train_eligible	0	AC:000679	Q13618	Q7L5N1	Q9BT78	Q13618	Q7L5N1	Q9BT78	8h3a	4	11_24	1
SCF:0000822	train_eligible	0	AC:000679	Q7L5N1	Q13618	Q13619	Q7L5N1	Q13618	Q13619	8h3a	4	11_24	1
SCF:0000823	train_eligible	1	AC:000679	Q7L5N1	Q13618	Q13617	Q7L5N1	Q13618	Q13617	8h3a	4	11_24	1
SCF:0000824	train_eligible	0	AC:000679	Q7L5N1	Q13618	Q93034	Q7L5N1	Q13618	Q93034	8h3a	4	11_24	1
SCF:0000825	train_eligible	0	AC:000680	Q8L806	W5DS33	W5FWF5	Q8L806	G1SGX4	W5FWF5	8r57	1	11_24	0
SCF:0000826	train_eligible	0	AC:000680	Q8L806	W5DS33	Q5I7L2	Q8L806	G1SGX4	P0C0W9	8r57	1	11_24	0
SCF:0000830	train_eligible	0	AC:000684	O75822	P62280	P62266	O75822	W5BFB7	P62266	6ybw	2	11_24	1
SCF:0000831	train_eligible	0	AC:000684	P62280	O75822	P23396	W5BFB7	O75822	G1TNM3	6ybw	2	11_24	1
SCF:0000832	train_eligible	0	AC:000684	P62280	O75822	P46782	W5BFB7	O75822	P46782	6ybw	2	11_24	1
SCF:0000839	train_eligible	0	AC:000688	O60925	P50991	P49368	O60925	P50991	Q3T0K2	6nrb	3	11_24	1
SCF:0000840	train_eligible	0	AC:000688	O60925	P50991	P17987	O60925	P50991	Q32L40	6nrb	3	11_24	1
SCF:0000841	train_eligible	0	AC:000688	P50991	O60925	Q9NQP4	P50991	O60925	Q9NQP4	6nrb	3	11_24	1
SCF:0000842	train_eligible	0	AC:000688	P50991	O60925	O15212	P50991	O60925	O15212	6nrb	3	11_24	1
SCF:0000846	train_eligible	0	AC:000693	A0A1S3YEW3	A0A1S3X147	A0A1S4CE74	A0A1S3YEW3	A0A1S3ZQT7	A0A9R0JBX6	8wa1	1	11_24	0
SCF:0000848	train_eligible	0	AC:000701	A8IJY7	A8IL21	A8INX1	A8IJY7	A8IL21	A8INX1	7ekq	1	11_24	0
SCF:0000849	train_eligible	0	AC:000701	A8IL21	A8IJY7	A0A2K3DG79	A8IL21	A8IJY7	A0A2K3DG79	7ekq	1	11_24	0
SCF:0000850	train_eligible	0	AC:000701	A8IL21	A8IJY7	A8INX1	A8IL21	A8IJY7	A8INX1	7ekq	1	11_24	0
SCF:0000851	train_eligible	0	AC:000701	A8IL21	A8IJY7	A8IS47	A8IL21	A8IJY7	A8IS47	7ekq	1	11_24	0
SCF:0000852	train_eligible	0	AC:000706	P13393	P47076	P20433	P13393	P47076	P20433	6eu0	5	11_24	1
SCF:0000853	train_eligible	0	AC:000706	P13393	P47076	P20435	P13393	P47076	A0A4X1VEK9	6eu0	5	11_24	1
SCF:0000854	train_eligible	0	AC:000707	O95456	P28072	Q99436	O95456	P28072	P25043	8yix	5	11_24	1
SCF:0000855	train_eligible	0	AC:000707	O95456	P28072	Q969U7	O95456	P28072	Q969U7	8yix	5	11_24	1
SCF:0000856	train_eligible	0	AC:000707	P28072	O95456	Q99933	P28072	O95456	Q99933	8yix	5	11_24	1
SCF:0000857	train_eligible	0	AC:000707	P28072	O95456	O14818	P28072	O95456	O14818	8yix	5	11_24	1
SCF:0000858	train_eligible	0	AC:000708	O15212	P48643	P50991	O15212	P48643	P50991	6nr9	3	11_24	1
SCF:0000859	train_eligible	0	AC:000708	O15212	P48643	P40227	O15212	P48643	P40227	6nr9	3	11_24	1
SCF:0000860	train_eligible	0	AC:000709	Q95695	Q9SGH4	O80634	Q95695	Q9SGH4	O80634	7wff	2	11_24	1
SCF:0000861	train_eligible	0	AC:000709	Q95695	Q9SGH4	Q9XI73	Q95695	Q9SGH4	Q9XI73	7wff	2	11_24	1
SCF:0000863	train_eligible	0	AC:000711	Q22YU3	A4VE64	Q24CE5	Q22YU3	Q1HFW2	Q24CE5	6zyw	1	11_24	0
SCF:0000864	train_eligible	0	AC:000711	Q22YU3	A4VE64	Q24DI9	Q22YU3	Q1HFW2	Q24DI9	6zyw	1	11_24	0
SCF:0000867	train_eligible	0	AC:000714	P49736	Q9UBD5	Q9Y5B9	P49735	Q9UBD5	Q9Y5B9	8s0f	1	11_24	0
SCF:0000868	train_eligible	0	AC:000714	Q9UBD5	P49736	P33993	Q9UBD5	P49735	P33993	8s0f	1	11_24	0
SCF:0000869	train_eligible	0	AC:000714	Q9UBD5	P49736	P25205	Q9UBD5	P49735	P25205	8s0f	1	11_24	0
SCF:0000870	train_eligible	1	AC:000714	Q9UBD5	P49736	Q13415	Q9UBD5	P49735	Q13415	8s0f	1	11_24	0
SCF:0000871	train_eligible	1	AC:000715	A0A1S3ZQT7	A0AA96C3P8	A0A1S3ZSI0	A0A1S3ZQT7	A0AA96C3P8	A0A1S3ZSI0	8w9z	2	11_24	1
SCF:0000872	train_eligible	0	AC:000716	O14746	P04908	Q9BTM1	O14746	P0C0S5	P0C0S5	7v99	1	3_10	0
SCF:0000873	train_eligible	0	AC:000716	P04908	O14746	P30876	P0C0S5	O14746	I3LGP4	7v99	1	3_10	0
SCF:0000874	train_eligible	0	AC:000718	A0A2K3DLI2	A0A2K3DQ46	A0A2K3DLF7	A0A2K3DLI2	A0A2K3DQ46	A0A2K3DLF7	8xqw	3	11_24	1
SCF:0000877	train_eligible	0	AC:000724	Q8DHA7	Q8DMP8	Q9F1R6	Q8DHA7	Q8DMP8	Q9F1R6	7nhp	2	11_24	1
SCF:0000878	train_eligible	0	AC:000724	Q8DMP8	Q8DHA7	Q8DIN8	Q8DMP8	Q8DHA7	P32974	7nhp	2	11_24	1
SCF:0000879	train_eligible	0	AC:000724	Q8DMP8	Q8DHA7	P12241	Q8DMP8	Q8DHA7	P32974	7nhp	2	11_24	1
SCF:0000882	train_eligible	0	AC:000726	Q2FW39	Q2G2Q4	Q2FW18	A0A1M6R974	Q2G2Q4	P62399	8byv	1	11_24	0
SCF:0000883	train_eligible	0	AC:000726	Q2G2Q4	Q2FW39	Q2FW31	Q2G2Q4	A0A1M6R974	Q50296	8byv	1	11_24	0
SCF:0000884	train_eligible	0	AC:000727	P0A7U3	P69222	P0A7T7	A0QSD5	Q5SHR1	A0A2V3DLV3	9h9h	3	11_24	1
SCF:0000886	train_eligible	0	AC:000727	P0A7U3	P69222	P0A7M6	A0QSD5	Q5SHR1	P0A7M6	9h9h	3	11_24	1
SCF:0000888	train_eligible	0	AC:000730	A0A3Q7HSH1	P49215	A0A3Q7IN69	A0A3Q7HSH1	C4M0Z2	A0A3Q7IN69	7qix	2	11_24	1
SCF:0000889	train_eligible	0	AC:000730	P49215	A0A3Q7HSH1	A0A3Q7HQH0	C4M0Z2	A0A3Q7HSH1	A0A3Q7HQH0	7qix	2	11_24	1
SCF:0000890	train_eligible	0	AC:000735	A0A2K3DHV6	A0A2K3DLI2	A0A2K3DVJ8	A0A2K3DHV6	A0A2K3DLI2	A0A2K3DVJ8	8xks	3	11_24	1
SCF:0000891	train_eligible	0	AC:000735	A0A2K3DLI2	A0A2K3DHV6	A0A2K3CRM9	A0A2K3DLI2	A0A2K3DHV6	A0A2K3CRM9	8xks	3	11_24	1
SCF:0000892	train_eligible	1	AC:000736	P0A8T7	P0AF28	P0A7V8	P0A8T7	P0AF28	P80373	8u3b	1	3_10	0
SCF:0000893	train_eligible	0	AC:000736	P0A8T7	P0AF28	P0A7V3	P0A8T7	P0AF28	P80372	8u3b	1	3_10	0
SCF:0000894	train_eligible	0	AC:000736	P0A8T7	P0AF28	P0AFW0	P0A8T7	P0AF28	P0AFW0	8u3b	1	3_10	0
SCF:0000895	train_eligible	0	AC:000737	A0T0T5	B8C770	B8C0K4	E1C9K8	B8C770	B8C0K4	8xls	2	11_24	1
SCF:0000896	train_eligible	0	AC:000737	A0T0T5	B8C770	B8BUW3	E1C9K8	B8C770	B8BUW3	8xls	2	11_24	1
SCF:0000898	train_eligible	0	AC:000740	B8LEV1	B8CEQ3	B8BUW3	A0A4V8H005	B8CEQ3	B8BUW3	8xls	1	11_24	0
SCF:0000902	train_eligible	1	AC:000745	P62807	Q9BS16	P0CG47	O23629	Q9BS16	P0CG47	7yyh	2	11_24	1
SCF:0000903	train_eligible	0	AC:000745	P62807	Q9BS16	Q13352	O23629	Q9BS16	Q13352	7yyh	2	11_24	1
SCF:0000904	train_eligible	0	AC:000745	Q9BS16	P62807	Q93077	Q9BS16	O23629	P0C0S5	7yyh	2	11_24	1
SCF:0000906	train_eligible	0	AC:000751	P0A444	Q8DG60	Q9F1L5	P0A444	Q8DG60	Q9F1L5	7nhp	1	11_24	0
SCF:0000907	train_eligible	0	AC:000751	Q8DG60	P0A444	Q8DIF8	Q8DG60	P0A444	D0VWR7	7nhp	1	11_24	0
SCF:0000908	train_eligible	0	AC:000753	P12975	P74564	P72712	B8LEQ8	P74564	P72712	6hqb	7	11_24	1
SCF:0000909	train_eligible	0	AC:000754	A0A2K3DGW6	A8HUP3	A0A2K3DHV6	A0A2K3DGW6	A8HUP3	A0A2K3DHV6	8xks	3	11_24	1
SCF:0000914	train_eligible	0	AC:000763	O13877	Q09177	P87123	C4R009	Q09177	P87123	7aoc	3	11_24	1
SCF:0000918	train_eligible	0	AC:000768	Q5JS54	O95456	O14818	Q5JS54	O95456	O14818	8tm3	2	11_24	1
SCF:0000919	train_eligible	0	AC:000769	Q6NLH0	O81098	Q9M1J2	P36954	O81098	Q9M1J2	7eu1	6	11_24	1
SCF:0000925	train_eligible	0	AC:000777	P04969	P21467	P21472	Q50296	Q839E7	P21472	8cdu	22	11_24	1
SCF:0000927	train_eligible	0	AC:000777	P21467	P04969	P21470	Q839E7	Q50296	A0A1M6R974	8cdu	22	11_24	1
SCF:0000928	train_eligible	0	AC:000777	P21467	P04969	P46898	Q839E7	Q50296	A0A063X781	8cdu	22	11_24	1
SCF:0000929	train_eligible	1	AC:000779	P62877	Q13216	Q13309	P62877	Q13216	Q13309	8b3i	2	3_10	1
SCF:0000930	train_eligible	0	AC:000779	P62877	Q13216	Q712K3	P62877	Q13216	P49427	8b3i	2	3_10	1
SCF:0000932	train_eligible	0	AC:000783	P06505	A0A9R0JBX6	A0A9R0IWV5	P06505	A0A9R0JBX6	A0A9R0IWV5	8xzv	1	11_24	0
SCF:0000933	train_eligible	0	AC:000783	P06505	A0A9R0JBX6	A0A9R0K7U8	P06505	A0A9R0JBX6	A0A9R0K7U8	8xzv	1	11_24	0
SCF:0000934	train_eligible	0	AC:000784	Q24CL2	W7WX86	I7MDA9	Q24CL2	W7WX86	I7MDA9	8th8	2	11_24	1
SCF:0000935	train_eligible	0	AC:000784	W7WX86	Q24CL2	Q23YW7	W7WX86	Q24CL2	Q23YW7	8th8	2	11_24	1
SCF:0000938	train_eligible	0	AC:000788	P04908	P36954	P62987	P0C0S5	P36954	P62987	8xvs	2	11_24	1
SCF:0000939	train_eligible	0	AC:000788	P36954	P04908	P68431	P36954	P0C0S5	P02299	8xvs	2	11_24	1
SCF:0000940	train_eligible	0	AC:000789	P0A707	P0A7T7	P69222	Q5SKU2	A0A2V3DLV3	Q5SHR1	9ss1	7	11_24	1
SCF:0000941	train_eligible	0	AC:000789	P0A7T7	P0A707	P0A7V8	A0A2V3DLV3	Q5SKU2	P80373	9ss1	7	11_24	1
SCF:0000943	train_eligible	0	AC:000792	Q8N884	Q93079	O60814	Q8N884	O23629	O23629	8ol1	1	11_24	0
SCF:0000944	train_eligible	0	AC:000792	Q8N884	Q93079	Q99877	Q8N884	O23629	O23629	8ol1	1	11_24	0
SCF:0000946	train_eligible	0	AC:000793	A0QS96	A0QSD7	A0QSG1	P21472	P80372	P62399	8wi9	19	11_24	1
SCF:0000948	train_eligible	0	AC:000793	A0QSD7	A0QS96	A0QSG5	P80372	P21472	Q2FW22	8wi9	19	11_24	1
SCF:0000956	train_eligible	0	AC:000799	P0DOX7	S6B2B6	S6C4S0	Q8TCD0	S6C4S0	S6C4S0	5w1k	1	3_10	0
SCF:0000957	train_eligible	0	AC:000799	P0DOX7	S6B2B6	Q6GMX6	Q8TCD0	S6C4S0	Q6N030	5w1k	1	3_10	0
SCF:0000959	train_eligible	0	AC:000799	S6B2B6	P0DOX7	Q6GMX4	S6C4S0	Q8TCD0	G0YP42	5w1k	1	3_10	0
SCF:0000962	train_eligible	0	AC:000802	Q9SUI6	Q8LCQ4	Q9SUI4	A0A2K1JDR4	F2D0D5	A8IL32	7wfd	2	11_24	1
SCF:0000964	train_eligible	1	AC:000804	A8IJY7	A8J353	A8INX1	A8IJY7	A8J353	A8INX1	7ekq	1	11_24	0
SCF:0000965	train_eligible	0	AC:000804	A8J353	A8IJY7	A8INX1	A8J353	A8IJY7	A8INX1	7ekq	1	11_24	0
SCF:0000966	train_eligible	0	AC:000805	P0A800	P0AG30	P0A7Z4	P0A800	P0AG30	P0A7Z4	6z9r	9	11_24	1
SCF:0000967	train_eligible	0	AC:000805	P0A800	P0AG30	A0A377VEN9	P0A800	P0AG30	A0A377VEN9	6z9r	9	11_24	1
SCF:0000969	train_eligible	0	AC:000807	P40422	Q04307	P27999	P40422	Q9Y2Y1	C4QY79	7z0h	24	11_24	1
SCF:0000970	train_eligible	0	AC:000807	P40422	Q04307	P32529	P40422	Q9Y2Y1	P32529	7z0h	24	11_24	1
SCF:0000972	train_eligible	0	AC:000809	P37382	Q09191	Q10317	P37382	Q09191	Q10317	8qsz	2	11_24	1
SCF:0000984	train_eligible	0	AC:000814	Q86X83	Q8N668	Q9GZQ3	Q86X83	Q8N668	Q9GZQ3	8p0w	3	11_24	1
SCF:0000985	train_eligible	0	AC:000814	Q86X83	Q8N668	Q9H0A8	Q86X83	Q8N668	Q9H0A8	8p0w	3	11_24	1
SCF:0000986	train_eligible	0	AC:000814	Q86X83	Q8N668	Q9NX08	Q86X83	Q8N668	Q9NX08	8p0w	3	11_24	1
SCF:0000987	train_eligible	0	AC:000814	Q8N668	Q86X83	Q86VX2	Q8N668	Q86X83	Q86VX2	8p0w	3	11_24	1
SCF:0000988	train_eligible	1	AC:000814	Q8N668	Q86X83	Q9NX08	Q8N668	Q86X83	Q9NX08	8p0w	3	11_24	1
SCF:0000989	train_eligible	0	AC:000814	Q8N668	Q86X83	Q9P000	Q8N668	Q86X83	Q9P000	8p0w	3	11_24	1
SCF:0000990	train_eligible	1	AC:000815	P38550	A0A1S3YEW3	A0A1S3XP85	P11704	A0A1S3YEW3	A0A1S3X2G3	8wa1	1	11_24	0
SCF:0000991	train_eligible	0	AC:000819	P28066	Q96P70	Q13200	P28066	Q96P70	Q13200	9qoo	2	11_24	1
SCF:0000992	train_eligible	0	AC:000819	P28066	Q96P70	Q99460	P28066	Q96P70	Q99460	9qoo	2	11_24	1
SCF:0000993	train_eligible	0	AC:000819	Q96P70	P28066	P25787	Q96P70	P28066	P25787	9qoo	2	11_24	1
SCF:0000996	train_eligible	0	AC:000822	A8IFG7	Q75VY6	A8ITV3	A8IFG7	A0A4V8H000	A8ITV3	7bgi	15	11_24	1
SCF:0000997	train_eligible	0	AC:000822	A8IFG7	Q75VY6	A8IKC8	A8IFG7	A0A4V8H000	A0A4V8H004	7bgi	15	11_24	1
SCF:0000998	train_eligible	0	AC:000824	Q9FJ98	Q39212	Q39211	A0A4X1VEK9	Q39212	Q39212	8hyj	1	11_24	0
SCF:0001000	train_eligible	0	AC:000828	O60925	P40227	P49368	O60925	P40227	Q3T0K2	6nrd	3	11_24	1
SCF:0001001	train_eligible	0	AC:000828	O60925	P40227	P17987	O60925	P40227	Q32L40	6nrd	3	11_24	1
SCF:0001002	train_eligible	0	AC:000828	P40227	O60925	Q9UHV9	P40227	O60925	Q9UHV9	6nrd	3	11_24	1
SCF:0001003	train_eligible	0	AC:000828	P40227	O60925	O15212	P40227	O60925	O15212	6nrd	3	11_24	1
SCF:0001004	train_eligible	0	AC:000828	P40227	O60925	Q99471	P40227	O60925	Q99471	6nrd	3	11_24	1
SCF:0001010	train_eligible	0	AC:000832	A0A0F6NGI2	E1C9L3	A0A0M3KL10	T1RIQ1	E1C9L3	A0A0M3KL10	6zxs	6	11_24	1
SCF:0001011	train_eligible	0	AC:000832	A0A0F6NGI2	E1C9L3	A0A0M3KL13	T1RIQ1	E1C9L3	A0A0M3KL13	6zxs	6	11_24	1
SCF:0001012	train_eligible	0	AC:000832	E1C9L3	A0A0F6NGI2	P05310	E1C9L3	T1RIQ1	A0T0M8	6zxs	6	11_24	1
SCF:0001013	train_eligible	1	AC:000832	E1C9L3	A0A0F6NGI2	A0A0F6NFW5	E1C9L3	T1RIQ1	A0T0M8	6zxs	6	11_24	1
SCF:0001014	train_eligible	0	AC:000833	P19569	P74564	P72712	E1C9K8	P74564	P72712	6hqb	7	11_24	1
SCF:0001018	train_eligible	0	AC:000837	A0A063X745	A0A063XCG5	A0A063X754	A0A063X745	A0A063XCG5	A0A063X754	9p4i	2	11_24	1
SCF:0001026	train_eligible	0	AC:000842	Q9XFH4	Q9FJE8	P06897	Q9XFH4	P0C0S5	P0C0S5	8kcc	3	3_10	1
SCF:0001027	train_eligible	1	AC:000842	Q9XFH4	Q9FJE8	P02281	Q9XFH4	P0C0S5	O23629	8kcc	3	3_10	1
SCF:0001028	train_eligible	0	AC:000842	Q9XFH4	Q9FJE8	P84233	Q9XFH4	P0C0S5	P02299	8kcc	3	3_10	1
SCF:0001029	train_eligible	0	AC:000844	P47822	Q12321	P32569	P47822	Q12321	P32569	7uig	4	11_24	1
SCF:0001030	train_eligible	0	AC:000844	Q12321	P47822	P33308	Q12321	P47822	P33308	7uig	4	11_24	1
SCF:0001034	train_eligible	0	AC:000850	Q2G111	Q2FW23	P48940	A0A2V3DLV3	Q839E7	P17291	7kwg	16	11_24	1
SCF:0001035	train_eligible	0	AC:000850	Q2G111	Q2FW23	Q2FW31	A0A2V3DLV3	Q839E7	Q50296	7kwg	16	11_24	1
SCF:0001036	train_eligible	0	AC:000853	F5HRS7	A0A063X781	A0A063XCH0	P0CI78	A0A063X781	A0A063XCH0	9p4i	1	11_24	0
SCF:0001037	train_eligible	0	AC:000857	P25043	P36040	P28062	P25043	P36040	P28074	9rm0	6	11_24	1
SCF:0001038	train_eligible	0	AC:000857	P36040	P25043	P21242	P36040	P25043	P25788	9rm0	6	11_24	1
SCF:0001039	train_eligible	0	AC:000857	P36040	P25043	P23638	P36040	P25043	P23638	9rm0	6	11_24	1
SCF:0001040	train_eligible	0	AC:000857	P36040	P25043	P30656	P36040	P25043	P30656	9rm0	6	11_24	1
SCF:0001041	train_eligible	0	AC:000858	P13393	P35718	P20434	P13393	P35718	Q09191	6eu0	5	11_24	1
SCF:0001042	train_eligible	0	AC:000858	P13393	P35718	P32773	P13393	P35718	P32773	6eu0	5	11_24	1
SCF:0001043	train_eligible	0	AC:000858	P35718	P13393	P47076	P35718	P13393	P47076	6eu0	5	11_24	1
SCF:0001044	train_eligible	0	AC:000858	P35718	P13393	P20435	P35718	P13393	A0A4X1VEK9	6eu0	5	11_24	1
SCF:0001045	train_eligible	0	AC:000859	A0A2K3E6S5	P32974	P37256	A0A2K3E6S5	P32974	O19927	9iiu	3	11_24	1
SCF:0001046	train_eligible	1	AC:000860	P10793	A0A0H2UKZ4	A0A0M3KL12	A0A4V8H005	A0A0H2UKZ4	A0A0H2UKZ4	4rku	1	11_24	0
SCF:0001047	train_eligible	0	AC:000860	P10793	A0A0H2UKZ4	B7FRW2	A0A4V8H005	A0A0H2UKZ4	B7FRW2	4rku	1	11_24	0
SCF:0001050	train_eligible	0	AC:000864	A0A0F6NGI2	Q41038	Q01667	T1RIQ1	F2D0D5	A0A9R0J8B1	6zxs	2	11_24	1
SCF:0001051	train_eligible	0	AC:000864	Q41038	A0A0F6NGI2	P05310	F2D0D5	T1RIQ1	A0T0M8	6zxs	2	11_24	1
SCF:0001052	train_eligible	1	AC:000868	P08980	P00289	P00166	P08980	P16002	P00166	9tgg	1	11_24	0
SCF:0001053	train_eligible	0	AC:000869	Q99627	Q8IY47	Q13619	Q99627	Q8IY47	Q13619	8h3f	3	11_24	1
SCF:0001054	train_eligible	0	AC:000871	Q99627	Q13618	Q13619	Q99627	Q13618	Q13619	8h3a	4	11_24	1
SCF:0001055	train_eligible	0	AC:000871	Q99627	Q13618	Q13616	Q99627	Q13618	Q13616	8h3a	4	11_24	1
SCF:0001057	train_eligible	0	AC:000874	P27999	Q02792	P19263	C4QY79	C4R5R1	P19263	8k5p	2	11_24	1
SCF:0001059	train_eligible	0	AC:000876	P02557	P53378	P09733	P07437	P53378	P09733	8qv3	2	11_24	1
SCF:0001060	train_eligible	0	AC:000876	P53378	P02557	P09733	P53378	P07437	P09733	8qv3	2	11_24	1
SCF:0001061	train_eligible	0	AC:000877	P63096	Q99731	P09341	P50148	Q99731	P09341	9ko2	1	3_10	0
SCF:0001062	train_eligible	0	AC:000877	P63096	Q99731	P48061	P50148	Q99731	P48061	9ko2	1	3_10	0
SCF:0001063	train_eligible	0	AC:000877	P63096	Q99731	P22362	P50148	Q99731	P22362	9ko2	1	3_10	0
SCF:0001064	train_eligible	0	AC:000880	Q22MV2	Q24DI9	Q1HFV9	Q22MV2	Q24DI9	Q24DI9	6zyw	1	11_24	0
SCF:0001065	train_eligible	0	AC:000880	Q22MV2	Q24DI9	Q1HFW2	Q22MV2	Q24DI9	Q1HFW2	6zyw	1	11_24	0
SCF:0001066	train_eligible	0	AC:000880	Q22MV2	Q24DI9	W7XJB1	Q22MV2	Q24DI9	W7XJB1	6zyw	1	11_24	0
SCF:0001068	train_eligible	0	AC:000883	Q1HFX4	Q1HFW0	Q1HFW2	Q1HFX4	Q24CE5	Q1HFW2	7k5b	2	11_24	1
SCF:0001069	train_eligible	0	AC:000883	Q1HFX4	Q1HFW0	W7XJB1	Q1HFX4	Q24CE5	W7XJB1	7k5b	2	11_24	1
SCF:0001070	train_eligible	0	AC:000883	Q1HFX4	Q1HFW0	Q22R86	Q1HFX4	Q24CE5	Q22R86	7k5b	2	11_24	1
SCF:0001073	train_eligible	0	AC:000885	A8IJ60	A8IJY7	A0A2K3DG79	A8IJ60	A8IJY7	A0A2K3DG79	7ekq	1	11_24	0
SCF:0001074	train_eligible	0	AC:000885	A8IJ60	A8IJY7	A8IL21	A8IJ60	A8IJY7	A8IL21	7ekq	1	11_24	0
SCF:0001075	train_eligible	0	AC:000885	A8IJ60	A8IJY7	A8INX1	A8IJ60	A8IJY7	A8INX1	7ekq	1	11_24	0
SCF:0001076	train_eligible	0	AC:000885	A8IJY7	A8IJ60	A8INX1	A8IJY7	A8IJ60	A8INX1	7ekq	1	11_24	0
SCF:0001083	train_eligible	0	AC:000893	P72798	P74810	P74149	P72798	P74810	P74149	7r0w	1	11_24	0
SCF:0001084	train_eligible	0	AC:000894	Q92905	Q9UBF6	P62877	Q92905	P62877	P62877	9eg1	1	11_24	0
SCF:0001086	train_eligible	0	AC:000899	P0A431	Q8DHJ2	Q8DHA7	P0A431	Q8DHJ2	Q8DHA7	5h2f	60	11_24	1
SCF:0001088	train_eligible	0	AC:000901	A0T0M9	B5YM25	B8BU33	T1RIQ1	B5YM25	B8BU33	8xls	2	11_24	1
SCF:0001089	train_eligible	0	AC:000901	A0T0M9	B5YM25	B8BYV4	T1RIQ1	B5YM25	B8BYV4	8xls	2	11_24	1
SCF:0001090	train_eligible	0	AC:000901	A0T0M9	B5YM25	B8C8Q0	T1RIQ1	B5YM25	B8C8Q0	8xls	2	11_24	1
SCF:0001091	train_eligible	0	AC:000901	B5YM25	A0T0M9	A0T0M8	B5YM25	T1RIQ1	A0T0M8	8xls	2	11_24	1
SCF:0001095	train_eligible	1	AC:000908	Q9SUI6	Q9SYW8	Q9SA56	A0A2K1JDR4	F2D0D5	A5Z2K3	7wfe	2	11_24	1
SCF:0001096	train_eligible	0	AC:000909	Q9UM11	Q9UJX3	Q9UJX2	Q9UM11	Q9UJX3	Q9UJX2	4ui9	3	11_24	1
SCF:0001097	train_eligible	1	AC:000909	Q9UM11	Q9UJX3	Q13042	Q9UM11	Q9UJX3	Q13042	4ui9	3	11_24	1
SCF:0001098	train_eligible	0	AC:000909	Q9UM11	Q9UJX3	Q9UJX6	Q9UM11	Q9UJX3	Q9UJX6	4ui9	3	11_24	1
SCF:0001099	train_eligible	0	AC:000910	Q2FW30	Q2FW31	Q2FW22	B7IA17	Q50296	Q2FW22	8byv	15	11_24	1
SCF:0001100	train_eligible	0	AC:000910	Q2FW30	Q2FW31	Q2FW39	B7IA17	Q50296	A0A1M6R974	8byv	15	11_24	1
SCF:0001101	train_eligible	0	AC:000912	P52657	Q16533	P29084	P52657	Q16533	P29084	7zxe	2	3_10	1
SCF:0001102	train_eligible	0	AC:000912	P52657	Q16533	P29083	P52657	Q16533	P29083	7zxe	2	3_10	1
SCF:0001103	train_eligible	0	AC:000913	Q9NQP4	Q9UHV9	P61758	Q9NQP4	Q9UHV9	P61758	6nrb	3	11_24	1
SCF:0001104	train_eligible	0	AC:000913	Q9NQP4	Q9UHV9	Q99471	Q9NQP4	Q9UHV9	Q99471	6nrb	3	11_24	1
SCF:0001105	train_eligible	0	AC:000913	Q9UHV9	Q9NQP4	O60925	Q9UHV9	Q9NQP4	O60925	6nrb	3	11_24	1
SCF:0001106	train_eligible	1	AC:000913	Q9UHV9	Q9NQP4	Q99471	Q9UHV9	Q9NQP4	Q99471	6nrb	3	11_24	1
SCF:0001107	train_eligible	0	AC:000913	Q9UHV9	Q9NQP4	P61758	Q9UHV9	Q9NQP4	P61758	6nrb	3	11_24	1
SCF:0001108	train_eligible	0	AC:000915	Q9SUI4	Q9SY97	Q9SHR7	A8IL32	A0A2K1IB10	A9RT62	7wfd	2	11_24	1
SCF:0001110	train_eligible	0	AC:000915	Q9SY97	Q9SUI4	Q41038	A0A2K1IB10	A8IL32	F2D0D5	7wfd	2	11_24	1
SCF:0001111	train_eligible	0	AC:000915	Q9SY97	Q9SUI4	Q8LCQ4	A0A2K1IB10	A8IL32	F2D0D5	7wfd	2	11_24	1
SCF:0001112	train_eligible	0	AC:000916	P53197	P38042	P30260	P53197	P38042	P30260	8a3t	1	11_24	0
SCF:0001113	train_eligible	1	AC:000916	P53197	P38042	P16522	P53197	P38042	P16522	8a3t	1	11_24	0
SCF:0001114	train_eligible	0	AC:000916	P53197	P38042	Q08683	P53197	P38042	Q08683	8a3t	1	11_24	0
SCF:0001115	train_eligible	0	AC:000917	P38293	P36040	Q05778	P38293	P36040	Q05778	7lsx	3	11_24	1
SCF:0001117	train_eligible	0	AC:000918	P61077	P07305	O60814	A0A6P5C4T4	P07305	O23629	9ipu	1	11_24	0
SCF:0001121	train_eligible	0	AC:000926	I7MHB1	I7MCM8	Q1HFX0	I7MHB1	Q1HFX0	Q1HFX0	6zyw	1	11_24	0
SCF:0001122	train_eligible	1	AC:000926	I7MHB1	I7MCM8	W7XJB1	I7MHB1	Q1HFX0	W7XJB1	6zyw	1	11_24	0
SCF:0001123	train_eligible	0	AC:000926	I7MHB1	I7MCM8	Q1HFV9	I7MHB1	Q1HFX0	Q24DI9	6zyw	1	11_24	0
SCF:0001124	train_eligible	1	AC:000929	O22993	Q9SAJ3	A8MPR5	O22993	Q9SAJ3	A8MPR5	8xku	2	11_24	1
SCF:0001125	train_eligible	0	AC:000929	O22993	Q9SAJ3	F4J3N2	O22993	Q9SAJ3	F4J3N2	8xku	2	11_24	1
SCF:0001126	train_eligible	0	AC:000929	Q9SAJ3	O22993	F4KF14	Q9SAJ3	O22993	F4KF14	8xku	2	11_24	1
SCF:0001127	train_eligible	0	AC:000930	A0A2P6THB2	A0A2P6TPU7	A0A2P6U0J1	A0A2P6THB2	A0A2P6TPU7	P14225	6zzx	1	11_24	0
SCF:0001130	train_eligible	0	AC:000935	P10793	P16002	A5Z2K3	A0A4V8H005	P16002	A5Z2K3	6yez	2	11_24	1
SCF:0001136	train_eligible	0	AC:000942	Q9WV32	Q99JY9	P61161	Q1JP79	P61157	A7MB62	7aqk	1	11_24	0
SCF:0001145	train_eligible	0	AC:000955	Q9SN86	O22993	F4KF14	Q9SN86	O22993	F4KF14	8xkv	2	11_24	1
SCF:0001146	train_eligible	0	AC:000955	Q9SN86	O22993	Q9SAJ3	Q9SN86	O22993	Q9SAJ3	8xkv	2	11_24	1
SCF:0001150	train_eligible	1	AC:000958	Q7Z4G1	Q9GZQ3	Q9P000	Q7Z4G1	Q9GZQ3	Q9P000	8p0w	3	11_24	1
SCF:0001151	train_eligible	0	AC:000958	Q7Z4G1	Q9GZQ3	Q9NX08	Q7Z4G1	Q9GZQ3	Q9NX08	8p0w	3	11_24	1
SCF:0001152	train_eligible	0	AC:000958	Q7Z4G1	Q9GZQ3	Q9H0A8	Q7Z4G1	Q9GZQ3	Q9H0A8	8p0w	3	11_24	1
SCF:0001156	train_eligible	0	AC:000967	Q96N11	Q96HW7	Q9NVR2	Q96N11	Q96HW7	Q9NVR2	8rbz	3	11_24	1
SCF:0001157	train_eligible	0	AC:000968	Q9S7N7	Q9SUI4	Q9SUI7	B6U534	A8IL32	A0A2K1JDR4	8j7b	7	11_24	1
SCF:0001159	train_eligible	1	AC:000971	Q2FW38	P60430	Q2FW06	A0A063XCH0	P60422	A0A063X745	6sj6	24	11_24	1
SCF:0001160	train_eligible	1	AC:000972	P22224	P33332	P32855	P22224	P33332	P32855	5yfp	2	3_10	1
SCF:0001161	train_eligible	0	AC:000972	P33332	P22224	P89102	P33332	P22224	P89102	5yfp	2	3_10	1
SCF:0001162	train_eligible	0	AC:000972	P33332	P22224	P32855	P33332	P22224	P32855	5yfp	2	3_10	1
SCF:0001163	train_eligible	0	AC:000972	P33332	P22224	Q06245	P33332	P22224	Q06245	5yfp	2	3_10	1
SCF:0001169	train_eligible	0	AC:000975	B8CEQ3	A0A8F0WFC9	B8LEQ8	B8CEQ3	B8LEQ8	B8LEQ8	8xls	1	11_24	0
SCF:0001173	train_eligible	0	AC:000982	P56768	Q9SA56	Q9SUI7	E9NPX1	A5Z2K3	A0A2K1JDR4	7wfd	8	11_24	1
SCF:0001174	train_eligible	0	AC:000982	Q9SA56	P56768	A0A8F5NZW2	A5Z2K3	E9NPX1	Q55329	7wfd	8	11_24	1
SCF:0001175	train_eligible	0	AC:000983	Q9P1U0	O15446	Q9GZS1	Q9P1U0	O15446	Q9GZS1	7oba	1	11_24	0
SCF:0001176	train_eligible	0	AC:000985	P53840	P29496	P29469	P53840	P29496	P29469	9e2x	2	11_24	1
SCF:0001177	train_eligible	0	AC:000985	P53840	P29496	P53091	P53840	P29496	P53091	9e2x	2	11_24	1
SCF:0001178	train_eligible	0	AC:000985	P53840	P29496	P38132	P53840	P29496	P38132	9e2x	2	11_24	1
SCF:0001189	train_eligible	0	AC:000993	Q9H0A8	Q9P000	Q9UBI1	Q9H0A8	Q9P000	Q9UBI1	8p0w	3	11_24	1
SCF:0001190	train_eligible	0	AC:000993	Q9H0A8	Q9P000	Q8N668	Q9H0A8	Q9P000	Q8N668	8p0w	3	11_24	1
SCF:0001191	train_eligible	0	AC:000993	Q9H0A8	Q9P000	Q9NX08	Q9H0A8	Q9P000	Q9NX08	8p0w	3	11_24	1
SCF:0001192	train_eligible	0	AC:000993	Q9P000	Q9H0A8	Q9GZQ3	Q9P000	Q9H0A8	Q9GZQ3	8p0w	3	11_24	1
SCF:0001193	train_eligible	0	AC:000993	Q9P000	Q9H0A8	Q86VX2	Q9P000	Q9H0A8	Q86VX2	8p0w	3	11_24	1
SCF:0001194	train_eligible	0	AC:000995	Q6P9B9	Q9NVR2	Q96HW7	Q6P9B9	Q9NVR2	Q96HW7	8rbz	3	11_24	1
SCF:0001195	train_eligible	1	AC:000995	Q6P9B9	Q9NVR2	Q9NV88	Q6P9B9	Q9NVR2	Q9NV88	8rbz	3	11_24	1
SCF:0001196	train_eligible	0	AC:000995	Q6P9B9	Q9NVR2	Q75QN2	Q6P9B9	Q9NVR2	Q75QN2	8rbz	3	11_24	1
SCF:0001197	train_eligible	0	AC:000997	Q9Y7N2	Q9Y821	Q9US45	Q9Y7N2	Q9Y821	Q9US45	5n9j	1	11_24	0
SCF:0001198	train_eligible	0	AC:000997	Q9Y821	Q9Y7N2	O94376	Q9Y821	Q9Y7N2	O94376	5n9j	1	11_24	0
SCF:0001200	train_eligible	1	AC:001001	Q15369	Q8N884	Q13098	Q15369	Q8N884	Q13098	8okx	2	3_10	1
SCF:0001201	train_eligible	0	AC:001001	Q15369	Q8N884	Q6PJ21	Q15369	Q8N884	Q6PJ21	8okx	2	3_10	1
SCF:0001202	train_eligible	0	AC:001001	Q15369	Q8N884	P30291	Q15369	Q8N884	P30291	8okx	2	3_10	1
SCF:0001203	train_eligible	0	AC:001006	P36100	Q12004	Q03290	P36100	Q12004	Q03290	7o4k	7	11_24	1
SCF:0001204	train_eligible	0	AC:001006	Q12004	P36100	P32776	Q12004	P36100	P32776	7o4k	7	11_24	1
SCF:0001205	train_eligible	0	AC:001008	Q02750	P63104	P31947	Q02750	P63104	P63104	9o2z	2	3_10	1
SCF:0001211	train_eligible	0	AC:001012	P56769	Q01667	Q9SYW8	Q55329	A0A9R0J8B1	F2D0D5	7wfe	3	11_24	1
SCF:0001213	train_eligible	0	AC:001012	P56769	Q01667	Q8LCQ4	Q55329	A0A9R0J8B1	F2D0D5	7wfe	3	11_24	1
SCF:0001221	train_eligible	0	AC:001020	Q16531	P15170	Q2YDS1	Q16531	P15170	Q2YDS1	9hne	3	3_10	1
SCF:0001222	train_eligible	0	AC:001021	A0A7M4DUC2	A0A4X1VYD0	A0A8W4F9W9	A0A7M4DUC2	C4R009	C4R009	7f4g	19	11_24	1
SCF:0001224	train_eligible	1	AC:001027	Q13216	Q6PD62	I3LGP4	Q13216	Q6PD62	I3LGP4	7oop	3	11_24	1
SCF:0001225	train_eligible	0	AC:001027	Q6PD62	Q13216	Q9GZS3	Q6PD62	Q13216	Q9GZS3	7oop	3	11_24	1
SCF:0001228	train_eligible	0	AC:001031	Q24CE5	I7M6H4	Q22A67	Q24CE5	I7M6H4	Q22A67	6zyw	1	11_24	0
SCF:0001235	train_eligible	0	AC:001042	O19927	Q9TM21	Q9TM22	O19927	P12239	P32974	4yuu	1	11_24	0
SCF:0001236	train_eligible	0	AC:001043	A0A287ADR4	A0A481DF93	I3LCH3	A0A8D1GCS3	Q3T0Q3	Q3T0Q3	7ozn	4	11_24	1
SCF:0001237	train_eligible	0	AC:001046	P47093	P53905	P57743	P47093	P53905	P57743	4m7d	7	3_10	1
SCF:0001238	train_eligible	0	AC:001046	P47093	P53905	Q06406	P47093	P53905	Q06406	4m7d	7	3_10	1
SCF:0001239	train_eligible	0	AC:001046	P47093	P53905	A6ZYX7	P47093	P53905	Q06406	4m7d	7	3_10	1
SCF:0001240	train_eligible	0	AC:001046	P53905	P47093	P40089	P53905	P47093	P40089	4m7d	7	3_10	1
SCF:0001241	train_eligible	0	AC:001047	P61157	Q1JP79	Q3MHR7	P61157	Q1JP79	Q9CVB6	9eam	5	3_10	1
SCF:0001242	train_eligible	1	AC:001047	Q1JP79	P61157	A7MB62	Q1JP79	P61157	A7MB62	9eam	5	3_10	1
SCF:0001250	train_eligible	0	AC:001056	A0A2K3DG79	A8IH07	A8IJ60	A0A2K3DG79	A8IH07	A8IJ60	7ekq	1	11_24	0
SCF:0001251	train_eligible	0	AC:001056	A0A2K3DG79	A8IH07	A8IL21	A0A2K3DG79	A8IH07	A8IL21	7ekq	1	11_24	0
SCF:0001252	train_eligible	0	AC:001056	A0A2K3DG79	A8IH07	A8INX1	A0A2K3DG79	A8IH07	A8INX1	7ekq	1	11_24	0
SCF:0001253	train_eligible	1	AC:001056	A8IH07	A0A2K3DG79	A8INX1	A8IH07	A0A2K3DG79	A8INX1	7ekq	1	11_24	0
SCF:0001254	train_eligible	0	AC:001057	Q9P7Y4	O14010	O94376	Q9P7Y4	O14010	O94376	5n9j	2	11_24	1
SCF:0001255	train_eligible	1	AC:001058	I7MCM8	Q24CE5	A4VE64	Q1HFX0	Q24CE5	Q1HFW2	6zyw	1	11_24	0
SCF:0001256	train_eligible	0	AC:001058	Q24CE5	I7MCM8	W7XJB1	Q24CE5	Q1HFX0	W7XJB1	6zyw	1	11_24	0
SCF:0001257	train_eligible	1	AC:001058	Q24CE5	I7MCM8	Q24DI9	Q24CE5	Q1HFX0	Q24DI9	6zyw	1	11_24	0
SCF:0001258	train_eligible	0	AC:001059	A0A2K3CYB6	A0A2K3DLI2	A0A2K3DQ46	A0A2K3CYB6	A0A2K3DLI2	A0A2K3DQ46	8xks	1	11_24	0
SCF:0001259	train_eligible	1	AC:001059	A0A2K3CYB6	A0A2K3DLI2	A0A2K3DHV6	A0A2K3CYB6	A0A2K3DLI2	A0A2K3DHV6	8xks	1	11_24	0
SCF:0001260	train_eligible	0	AC:001060	A0A2K3DHV6	A0A2K3DM81	A0A2K3DVJ8	A0A2K3DHV6	A0A2K3DM81	A0A2K3DVJ8	8xks	1	11_24	0
SCF:0001261	train_eligible	0	AC:001060	A0A2K3DM81	A0A2K3DHV6	A0A2K3DQ46	A0A2K3DM81	A0A2K3DHV6	A0A2K3DQ46	8xks	1	11_24	0
SCF:0001262	train_eligible	0	AC:001060	A0A2K3DM81	A0A2K3DHV6	A8HUP3	A0A2K3DM81	A0A2K3DHV6	A8HUP3	8xks	1	11_24	0
SCF:0001269	train_eligible	0	AC:001074	P40089	P47017	P53905	P40089	P47017	P53905	4c92	3	3_10	1
SCF:0001270	train_eligible	0	AC:001074	P47017	P40089	Q06406	P47017	P40089	Q06406	4c92	3	3_10	1
SCF:0001271	train_eligible	0	AC:001074	P47017	P40089	P57743	P47017	P40089	P57743	4c92	3	3_10	1
SCF:0001272	train_eligible	0	AC:001074	P47017	P40089	P38203	P47017	P40089	P38203	4c92	3	3_10	1
SCF:0001275	train_eligible	0	AC:001079	P56752	Q9SCY3	Q94AQ8	P56752	Q9SCY3	Q94AQ8	7wff	2	11_24	1
SCF:0001276	train_eligible	0	AC:001079	Q9SCY3	P56752	A0A1B1W4Z4	Q9SCY3	P56752	A0A1B1W4Z4	7wff	2	11_24	1
SCF:0001279	train_eligible	0	AC:001083	Q41038	E1C9L2	Q9SY97	F2D0D5	E1C9L2	A0A2K1IB10	4y28	2	11_24	1
SCF:0001283	train_eligible	0	AC:001087	P62807	Q9Y230	G0RYC2	O23629	Q9Y230	Q9Y230	8x19	3	11_24	1
SCF:0001284	train_eligible	0	AC:001087	P62807	Q9Y230	Q99986	O23629	Q9Y230	Q99986	8x19	3	11_24	1
SCF:0001285	train_eligible	0	AC:001087	P62807	Q9Y230	Q71F23	O23629	Q9Y230	Q71F23	8x19	3	11_24	1
SCF:0001286	train_eligible	0	AC:001087	Q9Y230	P62807	P33778	Q9Y230	O23629	O23629	8x19	3	11_24	1
SCF:0001287	train_eligible	0	AC:001087	Q9Y230	P62807	P04908	Q9Y230	O23629	P0C0S5	8x19	3	11_24	1
SCF:0001290	train_eligible	0	AC:001089	P06271	A0A1S3X147	A0A1S4CE74	P06271	A0A1S3ZQT7	A0A9R0JBX6	8wa1	1	11_24	0
SCF:0001295	train_eligible	1	AC:001092	P36012	Q12493	Q06675	P36012	Q12493	Q06675	6qld	3	11_24	1
SCF:0001296	train_eligible	0	AC:001092	Q12493	P36012	Q06162	Q12493	P36012	Q06162	6qld	3	11_24	1
SCF:0001297	train_eligible	0	AC:001093	P19658	P32855	P89102	P19658	P32855	P89102	5yfp	2	3_10	1
SCF:0001298	train_eligible	0	AC:001093	P19658	P32855	P22224	P19658	P32855	P22224	5yfp	2	3_10	1
SCF:0001299	train_eligible	0	AC:001093	P19658	P32855	P38261	P19658	P32855	P38261	5yfp	2	3_10	1
SCF:0001300	train_eligible	0	AC:001093	P32855	P19658	P32844	P32855	P19658	P32844	5yfp	2	3_10	1
SCF:0001301	train_eligible	0	AC:001093	P32855	P19658	P89102	P32855	P19658	P89102	5yfp	2	3_10	1
SCF:0001302	train_eligible	0	AC:001093	P32855	P19658	P22224	P32855	P19658	P22224	5yfp	2	3_10	1
SCF:0001308	train_eligible	0	AC:001098	A4VE64	Q24DI9	I7MCM8	Q1HFW2	Q24DI9	Q1HFX0	6zyw	1	11_24	0
SCF:0001309	train_eligible	0	AC:001098	Q24DI9	A4VE64	Q24CE5	Q24DI9	Q1HFW2	Q24CE5	6zyw	1	11_24	0
SCF:0001310	train_eligible	0	AC:001098	Q24DI9	A4VE64	W7XJB1	Q24DI9	Q1HFW2	W7XJB1	6zyw	1	11_24	0
SCF:0001311	train_eligible	0	AC:001099	P09884	Q9BVW5	Q9BRX5	P09884	Q9BVW5	Q9BRX5	8b9d	1	11_24	0
SCF:0001312	train_eligible	1	AC:001099	Q9BVW5	P09884	Q9HAW4	Q9BVW5	P09884	Q9HAW4	8b9d	1	11_24	0
SCF:0001314	train_eligible	0	AC:001104	W8SUD1	A0A2P6U4S6	A0A2P6U0J1	Q55329	A0A4V8H007	P14225	7a4p	3	11_24	1
SCF:0001315	train_eligible	0	AC:001105	G0SC21	G0SE33	G0S755	G0SC21	G0SE33	G0S755	8r1o	2	3_10	1
SCF:0001316	train_eligible	0	AC:001105	G0SE33	G0SC21	G0SCD1	G0SE33	G0SC21	G0SCD1	8r1o	2	3_10	1
SCF:0001319	train_eligible	0	AC:001108	P32844	Q06245	P89102	P32844	Q06245	P89102	5yfp	2	3_10	1
SCF:0001320	train_eligible	0	AC:001108	P32844	Q06245	P32855	P32844	Q06245	P32855	5yfp	2	3_10	1
SCF:0001321	train_eligible	0	AC:001108	Q06245	P32844	P32855	Q06245	P32844	P32855	5yfp	2	3_10	1
SCF:0001322	train_eligible	0	AC:001108	Q06245	P32844	P22224	Q06245	P32844	P22224	5yfp	2	3_10	1
SCF:0001323	train_eligible	0	AC:001108	Q06245	P32844	P19658	Q06245	P32844	P19658	5yfp	2	3_10	1
SCF:0001324	train_eligible	0	AC:001111	A8INX1	A8IXD6	A8IL21	A8INX1	A8IXD6	A8IL21	7ekq	2	11_24	1
SCF:0001325	train_eligible	0	AC:001111	A8INX1	A8IXD6	A8IJ60	A8INX1	A8IXD6	A8IJ60	7ekq	2	11_24	1
SCF:0001326	train_eligible	0	AC:001111	A8INX1	A8IXD6	A8IH07	A8INX1	A8IXD6	A8IH07	7ekq	2	11_24	1
SCF:0001327	train_eligible	0	AC:001111	A8IXD6	A8INX1	A8IL21	A8IXD6	A8INX1	A8IL21	7ekq	2	11_24	1
SCF:0001328	train_eligible	0	AC:001111	A8IXD6	A8INX1	A8IJ60	A8IXD6	A8INX1	A8IJ60	7ekq	2	11_24	1
SCF:0001329	train_eligible	0	AC:001111	A8IXD6	A8INX1	A8IS47	A8IXD6	A8INX1	A8IS47	7ekq	2	11_24	1
SCF:0001333	train_eligible	0	AC:001114	Q9UXZ3	P61994	P62010	Q9UXZ3	P62266	A0A3B6SS17	6swd	7	11_24	1
SCF:0001334	train_eligible	0	AC:001115	Q9LTI0	O22993	F4KF14	Q9LTI0	O22993	F4KF14	8xkv	2	11_24	1
SCF:0001335	train_eligible	0	AC:001115	Q9LTI0	O22993	Q9SAJ3	Q9LTI0	O22993	Q9SAJ3	8xkv	2	11_24	1
SCF:0001336	train_eligible	0	AC:001115	Q9LTI0	O22993	F4J3N2	Q9LTI0	O22993	F4J3N2	8xkv	2	11_24	1
SCF:0001340	train_eligible	0	AC:001122	P0ACI0	P0A8T7	P0A8V2	P0ACI0	P0A8T7	P0A8V2	7vwy	2	3_10	1
SCF:0001343	train_eligible	0	AC:001126	O00399	P60709	Q9NZ32	O00399	P68134	Q9NZ32	9b85	2	11_24	1
SCF:0001349	train_eligible	0	AC:001134	P06269	A0A1S4CKK0	A0A1S4CIZ9	P06505	A0A1S4CKK0	A0A1S4CIZ9	8wa1	3	11_24	1
SCF:0001350	train_eligible	1	AC:001135	P40337	P49427	Q712K3	P40337	P49427	P49427	8rx0	1	3_10	0
SCF:0001352	train_eligible	0	AC:001137	P0A0H0	Q2FZ25	Q8GNY5	P21472	A0QVB8	Q8GNY5	7kwg	17	11_24	1
SCF:0001353	train_eligible	0	AC:001137	Q2FZ25	P0A0H0	Q2FW20	A0QVB8	P21472	Q2FW20	7kwg	17	11_24	1
SCF:0001354	train_eligible	0	AC:001137	Q2FZ25	P0A0H0	Q2FW23	A0QVB8	P21472	Q839E7	7kwg	17	11_24	1
SCF:0001357	train_eligible	0	AC:001139	P19263	Q12321	P32569	P19263	Q12321	P32569	7uig	5	11_24	1
SCF:0001358	train_eligible	0	AC:001139	P19263	Q12321	Q12124	P19263	Q12321	Q12124	7uig	5	11_24	1
SCF:0001366	train_eligible	0	AC:001156	Q9SN86	A8MPR5	F4KF14	Q9SN86	A8MPR5	F4KF14	8xku	2	11_24	1
SCF:0001367	train_eligible	0	AC:001156	Q9SN86	A8MPR5	Q9SAJ3	Q9SN86	A8MPR5	Q9SAJ3	8xku	2	11_24	1
SCF:0001368	train_eligible	1	AC:001161	P50990	Q9UHV9	O15212	Q3ZCI9	Q9UHV9	O15212	6nrd	3	11_24	1
SCF:0001369	train_eligible	0	AC:001161	Q9UHV9	P50990	P40227	Q9UHV9	Q3ZCI9	P40227	6nrd	3	11_24	1
SCF:0001372	train_eligible	0	AC:001169	Q9BTE1	P60709	F2Z5G5	Q9BTE1	P68134	F2Z5G5	9b85	2	11_24	1
SCF:0001373	train_eligible	0	AC:001169	Q9BTE1	P60709	Q9NZ32	Q9BTE1	P68134	Q9NZ32	9b85	2	11_24	1
SCF:0001374	train_eligible	0	AC:001172	W5EP45	W5FEZ3	Q8L806	W5EP45	W5FEZ3	Q8L806	8r57	1	11_24	0
SCF:0001375	train_eligible	1	AC:001173	A0A2K3E6S5	O19930	P92277	A0A2K3E6S5	Q7DGD4	P92277	9iiu	1	11_24	0
SCF:0001376	train_eligible	0	AC:001173	O19930	A0A2K3E6S5	P12853	Q7DGD4	A0A2K3E6S5	P12853	9iiu	1	11_24	0
SCF:0001377	train_eligible	0	AC:001179	Q8LCQ4	Q9SUI4	Q9LVM2	F2D0D5	A8IL32	Q9LVM2	7wfd	1	11_24	0
SCF:0001379	train_eligible	1	AC:001179	Q9SUI4	Q8LCQ4	Q9SHR7	A8IL32	F2D0D5	A9RT62	7wfd	1	11_24	0
SCF:0001380	train_eligible	0	AC:001182	P53840	P24279	P30665	P53840	P24279	P30665	9e2x	2	11_24	1
SCF:0001381	train_eligible	0	AC:001182	P53840	P24279	P29469	P53840	P24279	P29469	9e2x	2	11_24	1
SCF:0001382	train_eligible	0	AC:001182	P53840	P24279	P53091	P53840	P24279	P53091	9e2x	2	11_24	1
SCF:0001386	train_eligible	0	AC:001188	Q9P6Q0	P87310	O13964	Q9P6Q0	P87310	O13964	5n9j	1	11_24	0
SCF:0001387	train_eligible	0	AC:001192	A8ISA4	A0A2K3DHV6	A0A2K3CRM9	A8ISA4	A0A2K3DHV6	A0A2K3CRM9	8xks	3	11_24	1
SCF:0001391	train_eligible	0	AC:001197	B8BRQ8	B8CEQ3	B8BYV4	B8BRQ8	B8CEQ3	B8BYV4	8zet	2	11_24	1
SCF:0001392	train_eligible	0	AC:001197	B8BRQ8	B8CEQ3	B8C770	B8BRQ8	B8CEQ3	B8C770	8zet	2	11_24	1
SCF:0001393	train_eligible	0	AC:001197	B8BRQ8	B8CEQ3	B8BU33	B8BRQ8	B8CEQ3	B8BU33	8zet	2	11_24	1
SCF:0001402	train_eligible	0	AC:001203	A0A2K3CXW8	A8IXD6	A8INX1	A0A2K3CXW8	A8IXD6	A8INX1	7ekq	2	11_24	1
SCF:0001403	train_eligible	0	AC:001203	A8IXD6	A0A2K3CXW8	A8IJ60	A8IXD6	A0A2K3CXW8	A8IJ60	7ekq	2	11_24	1
SCF:0001404	train_eligible	0	AC:001203	A8IXD6	A0A2K3CXW8	A8IS47	A8IXD6	A0A2K3CXW8	A8IS47	7ekq	2	11_24	1
SCF:0001405	train_eligible	0	AC:001203	A8IXD6	A0A2K3CXW8	P42380	A8IXD6	A0A2K3CXW8	P42380	7ekq	2	11_24	1
SCF:0001406	train_eligible	0	AC:001205	Q8N668	Q9UBI1	Q9P000	Q8N668	Q9UBI1	Q9P000	8p0w	3	11_24	1
SCF:0001407	train_eligible	0	AC:001205	Q8N668	Q9UBI1	Q86VX2	Q8N668	Q9UBI1	Q86VX2	8p0w	3	11_24	1
SCF:0001408	train_eligible	0	AC:001205	Q8N668	Q9UBI1	Q9H0A8	Q8N668	Q9UBI1	Q9H0A8	8p0w	3	11_24	1
SCF:0001409	train_eligible	0	AC:001205	Q9UBI1	Q8N668	Q86X83	Q9UBI1	Q8N668	Q86X83	8p0w	3	11_24	1
SCF:0001410	train_eligible	0	AC:001205	Q9UBI1	Q8N668	Q9GZQ3	Q9UBI1	Q8N668	Q9GZQ3	8p0w	3	11_24	1
SCF:0001411	train_eligible	0	AC:001205	Q9UBI1	Q8N668	Q9H0A8	Q9UBI1	Q8N668	Q9H0A8	8p0w	3	11_24	1
SCF:0001415	train_eligible	0	AC:001214	Q15369	B4DNT1	Q13084	Q15369	B4DNT1	Q13084	9d4b	1	3_10	0
SCF:0001418	train_eligible	0	AC:001219	Q8DIN9	Q8DG60	Q9F1L5	P12239	Q8DG60	Q9F1L5	7nhp	1	11_24	0
SCF:0001419	train_eligible	0	AC:001221	A0A8F0WFC9	B8C2K6	A0T0V0	B8LEQ8	B8C2K6	A0A0H2UKZ4	8xls	1	11_24	0
SCF:0001420	train_eligible	0	AC:001222	P28000	P29056	P40992	P28000	P29056	P40992	6f41	8	11_24	1
SCF:0001423	train_eligible	0	AC:001226	Q8LFJ6	Q9LQ02	Q9LK40	C4R009	Q9LQ02	Q9LK40	7eu1	6	11_24	1
SCF:0001424	train_eligible	0	AC:001227	Q16531	P48729	P24941	Q16531	P48729	P24941	5fqd	3	3_10	1
SCF:0001431	train_eligible	0	AC:001242	Q8N668	Q9GZQ3	Q9P000	Q8N668	Q9GZQ3	Q9P000	8p0w	3	11_24	1
SCF:0001432	train_eligible	0	AC:001242	Q8N668	Q9GZQ3	Q9NX08	Q8N668	Q9GZQ3	Q9NX08	8p0w	3	11_24	1
SCF:0001433	train_eligible	1	AC:001242	Q8N668	Q9GZQ3	Q9H0A8	Q8N668	Q9GZQ3	Q9H0A8	8p0w	3	11_24	1
SCF:0001434	train_eligible	0	AC:001242	Q9GZQ3	Q8N668	Q9P000	Q9GZQ3	Q8N668	Q9P000	8p0w	3	11_24	1
SCF:0001435	train_eligible	0	AC:001242	Q9GZQ3	Q8N668	Q86VX2	Q9GZQ3	Q8N668	Q86VX2	8p0w	3	11_24	1
SCF:0001436	train_eligible	0	AC:001242	Q9GZQ3	Q8N668	Q86X83	Q9GZQ3	Q8N668	Q86X83	8p0w	3	11_24	1
SCF:0001438	train_eligible	0	AC:001244	A0A4V8GZZ2	A0A4V8H000	A0A4V8GZZ8	A0T0M8	A0A4V8H000	I0YPL4	6igz	1	11_24	0
SCF:0001440	train_eligible	0	AC:001247	A0A1S4CKK0	A0A1S3XP85	A0A1S3YU01	A0A1S4CKK0	A0A1S3X2G3	A0A1S3YU01	8wa1	2	11_24	1
SCF:0001446	train_eligible	0	AC:001252	Q8DJZ6	Q8DG60	Q9F1L5	P12240	Q8DG60	Q9F1L5	7nhp	1	11_24	0
SCF:0001447	train_eligible	0	AC:001253	O96019	P62807	P02281	O96019	O23629	O23629	8x15	4	11_24	1
SCF:0001448	train_eligible	0	AC:001253	O96019	P62807	P84233	O96019	O23629	P02299	8x15	4	11_24	1
SCF:0001449	train_eligible	0	AC:001253	O96019	P62807	Q6AZJ8	O96019	O23629	P0C0S5	8x15	4	11_24	1
SCF:0001450	train_eligible	0	AC:001253	P62807	O96019	Q71F23	O23629	O96019	Q71F23	8x15	4	11_24	1
SCF:0001461	train_eligible	0	AC:001267	A0A2K3CXW8	A0A2K3DG79	A8INX1	A0A2K3CXW8	A0A2K3DG79	A8INX1	7ekq	1	11_24	0
SCF:0001462	train_eligible	0	AC:001267	A0A2K3DG79	A0A2K3CXW8	A8IJ60	A0A2K3DG79	A0A2K3CXW8	A8IJ60	7ekq	1	11_24	0
SCF:0001463	train_eligible	0	AC:001268	Q16531	Q8WV22	Q13216	Q16531	Q8WV22	Q13216	9lwj	3	3_10	1
SCF:0001464	train_eligible	0	AC:001268	Q8WV22	Q16531	Q8IY18	Q8WV22	Q16531	Q8IY18	9lwj	3	3_10	1
SCF:0001471	train_eligible	1	AC:001275	O42978	Q9Y7M4	O74499	O42978	Q9Y7M4	O74499	6ppq	4	3_10	1
SCF:0001472	train_eligible	0	AC:001275	O42978	Q9Y7M4	Q9UUI1	O42978	Q9Y7M4	Q9UUI1	6ppq	4	3_10	1
SCF:0001473	train_eligible	0	AC:001275	Q9Y7M4	O42978	Q9UUI1	Q9Y7M4	O42978	Q9UUI1	6ppq	4	3_10	1
SCF:0001474	train_eligible	0	AC:001275	Q9Y7M4	O42978	O74483	Q9Y7M4	O42978	O74483	6ppq	4	3_10	1
SCF:0001476	train_eligible	0	AC:001280	Q240X9	I7M6H4	I7M9J2	Q240X9	I7M6H4	I7M9J2	6zyw	1	11_24	0
SCF:0001477	train_eligible	0	AC:001281	P56767	Q8LCQ4	Q01667	T1RIQ1	F2D0D5	A0A9R0J8B1	7wfd	2	11_24	1
SCF:0001478	train_eligible	0	AC:001281	P56767	Q8LCQ4	Q9SUI4	T1RIQ1	F2D0D5	A8IL32	7wfd	2	11_24	1
SCF:0001479	train_eligible	0	AC:001281	Q8LCQ4	P56767	P56752	F2D0D5	T1RIQ1	P56752	7wfd	2	11_24	1
SCF:0001483	train_eligible	0	AC:001285	P16522	Q12440	Q08683	P16522	Q12440	Q08683	8a3t	1	11_24	0
SCF:0001484	train_eligible	0	AC:001285	P16522	Q12440	P09798	P16522	Q12440	P09798	8a3t	1	11_24	0
SCF:0001485	train_eligible	0	AC:001285	Q12440	P16522	P38042	Q12440	P16522	P38042	8a3t	1	11_24	0
SCF:0001486	train_eligible	0	AC:001285	Q12440	P16522	P09798	Q12440	P16522	P09798	8a3t	1	11_24	0
SCF:0001487	train_eligible	0	AC:001287	Q9GZQ3	Q9H0A8	Q9P000	Q9GZQ3	Q9H0A8	Q9P000	8p0w	3	11_24	1
SCF:0001488	train_eligible	0	AC:001287	Q9GZQ3	Q9H0A8	Q9UBI1	Q9GZQ3	Q9H0A8	Q9UBI1	8p0w	3	11_24	1
SCF:0001489	train_eligible	0	AC:001287	Q9GZQ3	Q9H0A8	Q86VX2	Q9GZQ3	Q9H0A8	Q86VX2	8p0w	3	11_24	1
SCF:0001490	train_eligible	0	AC:001287	Q9H0A8	Q9GZQ3	Q9UBI1	Q9H0A8	Q9GZQ3	Q9UBI1	8p0w	3	11_24	1
SCF:0001491	train_eligible	0	AC:001287	Q9H0A8	Q9GZQ3	Q9NX08	Q9H0A8	Q9GZQ3	Q9NX08	8p0w	3	11_24	1
SCF:0001492	train_eligible	0	AC:001287	Q9H0A8	Q9GZQ3	Q86X83	Q9H0A8	Q9GZQ3	Q86X83	8p0w	3	11_24	1
SCF:0001493	train_eligible	0	AC:001288	P28000	P35718	P20434	P28000	P35718	Q09191	7z31	25	11_24	1
SCF:0001494	train_eligible	0	AC:001288	P35718	P28000	P20435	P35718	P28000	A0A4X1VEK9	7z31	25	11_24	1
SCF:0001495	train_eligible	0	AC:001289	I7LWE3	I7MLZ4	I7MM07	I7LWE3	I7MLZ4	I7MM07	8th8	2	11_24	1
SCF:0001496	train_eligible	1	AC:001289	I7LWE3	I7MLZ4	Q229S1	I7LWE3	I7MLZ4	Q229S1	8th8	2	11_24	1
SCF:0001497	train_eligible	1	AC:001293	Q15843	P68036	P62837	Q15843	P68036	A0A6P5C4T4	7b5l	1	11_24	0
SCF:0001498	train_eligible	0	AC:001293	Q15843	P68036	A0A6P5C4T4	Q15843	P68036	A0A6P5C4T4	7b5l	1	11_24	0
SCF:0001499	train_eligible	0	AC:001293	Q15843	P68036	P61081	Q15843	P68036	P61081	7b5l	1	11_24	0
SCF:0001500	train_eligible	1	AC:001294	P40070	P57743	P53905	P40070	P57743	P53905	5vsu	10	3_10	1
SCF:0001502	train_eligible	0	AC:001296	P61024	P14635	Q13309	P61024	P14635	Q13309	7nj0	1	3_10	0
SCF:0001503	train_eligible	0	AC:001296	P61024	P14635	P61201	P61024	P14635	P61201	7nj0	1	3_10	0
SCF:0001504	train_eligible	0	AC:001297	P68694	P68449	P68608	Q76ZP7	P68449	P68608	9fq6	1	11_24	0
SCF:0001506	train_eligible	1	AC:001300	Q86VX2	Q9UBI1	Q9P000	Q86VX2	Q9UBI1	Q9P000	8p0w	3	11_24	1
SCF:0001507	train_eligible	0	AC:001300	Q86VX2	Q9UBI1	Q9GZQ3	Q86VX2	Q9UBI1	Q9GZQ3	8p0w	3	11_24	1
SCF:0001508	train_eligible	0	AC:001300	Q86VX2	Q9UBI1	Q9Y6G5	Q86VX2	Q9UBI1	Q9Y6G5	8p0w	3	11_24	1
SCF:0001509	train_eligible	0	AC:001300	Q9UBI1	Q86VX2	Q86X83	Q9UBI1	Q86VX2	Q86X83	8p0w	3	11_24	1
SCF:0001510	train_eligible	1	AC:001300	Q9UBI1	Q86VX2	Q9GZQ3	Q9UBI1	Q86VX2	Q9GZQ3	8p0w	3	11_24	1
SCF:0001511	train_eligible	0	AC:001300	Q9UBI1	Q86VX2	Q9H0A8	Q9UBI1	Q86VX2	Q9H0A8	8p0w	3	11_24	1
SCF:0001512	train_eligible	0	AC:001303	A0A4V8H009	A0A4V8H002	A0A4V8H004	A0A2P6TPU7	A0A4V8H004	A0A4V8H004	6igz	1	11_24	0
SCF:0001513	train_eligible	0	AC:001303	A0A4V8H009	A0A4V8H002	A0A4V8GZZ9	A0A2P6TPU7	A0A4V8H004	A0A4V8GZZ9	6igz	1	11_24	0
SCF:0001518	train_eligible	0	AC:001311	P07703	P46678	P32786	P07703	P46678	P32786	6eu0	9	11_24	1
SCF:0001519	train_eligible	0	AC:001311	P07703	P46678	Q01080	P07703	P46678	Q01080	6eu0	9	11_24	1
SCF:0001520	train_eligible	0	AC:001311	P46678	P07703	P32910	P46678	P07703	P32910	6eu0	9	11_24	1
SCF:0001525	train_eligible	1	AC:001316	I7MG46	Q24CL2	A4VD15	I7MG46	Q24CL2	A4VD15	8th8	2	11_24	1
SCF:0001526	train_eligible	1	AC:001316	I7MG46	Q24CL2	Q23S05	I7MG46	Q24CL2	Q23S05	8th8	2	11_24	1
SCF:0001527	train_eligible	0	AC:001316	I7MG46	Q24CL2	Q23YW7	I7MG46	Q24CL2	Q23YW7	8th8	2	11_24	1
SCF:0001528	train_eligible	0	AC:001316	Q24CL2	I7MG46	Q23S05	Q24CL2	I7MG46	Q23S05	8th8	2	11_24	1
SCF:0001529	train_eligible	1	AC:001316	Q24CL2	I7MG46	I7M6D6	Q24CL2	I7MG46	I7M6D6	8th8	2	11_24	1
SCF:0001530	train_eligible	0	AC:001317	P02359	P0A707	P0A7V3	P17291	Q5SKU2	P80372	9ss2	5	11_24	1
SCF:0001531	train_eligible	0	AC:001317	P02359	P0A707	P0A7V8	P17291	Q5SKU2	P80373	9ss2	5	11_24	1
SCF:0001532	train_eligible	0	AC:001317	P02359	P0A707	P40711	P17291	Q5SKU2	P40711	9ss2	5	11_24	1
SCF:0001534	train_eligible	0	AC:001321	F4J3N2	Q9SAJ3	F4KF14	F4J3N2	Q9SAJ3	F4KF14	8xkv	2	11_24	1
SCF:0001535	train_eligible	0	AC:001321	F4J3N2	Q9SAJ3	O22993	F4J3N2	Q9SAJ3	O22993	8xkv	2	11_24	1
SCF:0001536	train_eligible	0	AC:001322	A0A8D1GCS3	I3LGP4	Q7KZ85	A0A8D1GCS3	I3LGP4	Q7KZ85	9mlc	1	11_24	0
SCF:0001537	train_eligible	0	AC:001322	I3LGP4	A0A8D1GCS3	A0A287ADR4	I3LGP4	A0A8D1GCS3	A0A8D1GCS3	9mlc	1	11_24	0
SCF:0001538	train_eligible	0	AC:001322	I3LGP4	A0A8D1GCS3	A0A4X1VM56	I3LGP4	A0A8D1GCS3	Q9VEA5	9mlc	1	11_24	0
SCF:0001544	train_eligible	0	AC:001329	P48011	Q09177	P87123	P48011	Q09177	P87123	7aod	3	11_24	1
SCF:0001547	train_eligible	0	AC:001333	Q8DIN8	Q8DJZ6	Q8DIQ0	P32974	P12240	O19927	1s5l	64	11_24	1
SCF:0001548	train_eligible	0	AC:001333	Q8DIN8	Q8DJZ6	P59087	P32974	P12240	Q7DGD4	1s5l	64	11_24	1
SCF:0001549	train_eligible	0	AC:001333	Q8DJZ6	Q8DIN8	Q8DHA7	P12240	P32974	Q8DHA7	1s5l	64	11_24	1
SCF:0001550	train_eligible	0	AC:001334	O15212	Q99832	P50991	O15212	Q99832	P50991	6nrd	3	11_24	1
SCF:0001551	train_eligible	0	AC:001334	O15212	Q99832	P50990	O15212	Q99832	Q3ZCI9	6nrd	3	11_24	1
SCF:0001552	train_eligible	0	AC:001337	A0A341UET3	W5BFB7	W5I035	A0A341UET3	W5BFB7	W5I035	8r6f	1	11_24	0
SCF:0001553	train_eligible	1	AC:001337	A0A341UET3	W5BFB7	Q5XUU9	A0A341UET3	W5BFB7	W5I035	8r6f	1	11_24	0
SCF:0001554	train_eligible	0	AC:001337	A0A341UET3	W5BFB7	W5FPA7	A0A341UET3	W5BFB7	O15612	8r6f	1	11_24	0
SCF:0001555	train_eligible	0	AC:001339	A0A0M3KL13	P16002	A0A0M3KL11	A0A0M3KL13	P16002	A0A4V8GZZ4	6zoo	1	11_24	0
SCF:0001557	train_eligible	0	AC:001341	A4VE64	Q22MV2	I7MHB1	Q1HFW2	Q22MV2	I7MHB1	6zyw	1	11_24	0
SCF:0001558	train_eligible	0	AC:001341	Q22MV2	A4VE64	Q1HFW2	Q22MV2	Q1HFW2	Q1HFW2	6zyw	1	11_24	0
SCF:0001559	train_eligible	0	AC:001341	Q22MV2	A4VE64	W7XJB1	Q22MV2	Q1HFW2	W7XJB1	6zyw	1	11_24	0
SCF:0001560	train_eligible	0	AC:001341	Q22MV2	A4VE64	Q1HFV9	Q22MV2	Q1HFW2	Q24DI9	6zyw	1	11_24	0
SCF:0001561	train_eligible	0	AC:001342	Q13098	Q9UBF6	P62877	Q13098	P62877	P62877	9eg1	1	11_24	0
SCF:0001565	train_eligible	0	AC:001346	A0QSE0	A0QSP9	A0QS96	P0AG63	A0QSP9	P21472	6dzk	20	11_24	1
SCF:0001568	train_eligible	0	AC:001350	K4CYU9	A0A3Q7I5D6	A0A3Q7JDZ0	W5I035	A0A3Q7I5D6	A0A3Q7JDZ0	7qix	2	11_24	1
SCF:0001577	train_eligible	0	AC:001360	P18263	P11471	Q93VE0	P19054	P11471	A9RT62	9hei	2	11_24	1
SCF:0001578	train_eligible	0	AC:001360	P18263	P11471	A8HY43	P19054	P11471	A8HY43	9hei	2	11_24	1
SCF:0001579	train_eligible	1	AC:001366	A0A2K3DG79	A8IXD6	A8IL21	A0A2K3DG79	A8IXD6	A8IL21	7ekq	1	11_24	0
SCF:0001580	train_eligible	0	AC:001366	A0A2K3DG79	A8IXD6	A8IJ60	A0A2K3DG79	A8IXD6	A8IJ60	7ekq	1	11_24	0
SCF:0001581	train_eligible	0	AC:001366	A0A2K3DG79	A8IXD6	A8INX1	A0A2K3DG79	A8IXD6	A8INX1	7ekq	1	11_24	0
SCF:0001589	train_eligible	0	AC:001374	P07703	P47076	P20435	P07703	P47076	A0A4X1VEK9	7z0h	25	11_24	1
SCF:0001593	train_eligible	0	AC:001376	B8BRQ8	B5YM25	B8BU33	B8BRQ8	B5YM25	B8BU33	8zet	2	11_24	1
SCF:0001594	train_eligible	0	AC:001376	B8BRQ8	B5YM25	B8BYV4	B8BRQ8	B5YM25	B8BYV4	8zet	2	11_24	1
SCF:0001595	train_eligible	0	AC:001376	B8BRQ8	B5YM25	B8C770	B8BRQ8	B5YM25	B8C770	8zet	2	11_24	1
SCF:0001596	train_eligible	0	AC:001379	P40089	P47093	P53905	P40089	P47093	P53905	6aso	7	3_10	1
SCF:0001597	train_eligible	0	AC:001379	P40089	P47093	P57743	P40089	P47093	P57743	6aso	7	3_10	1
SCF:0001598	train_eligible	0	AC:001379	P47093	P40089	A6ZYX7	P47093	P40089	Q06406	6aso	7	3_10	1
SCF:0001599	train_eligible	0	AC:001379	P47093	P40089	Q06406	P47093	P40089	Q06406	6aso	7	3_10	1
SCF:0001600	train_eligible	0	AC:001379	P47093	P40089	P57743	P47093	P40089	P57743	6aso	7	3_10	1
SCF:0001613	train_eligible	0	AC:001389	P01857	P29460	G0YP42	P01867	P29460	G0YP42	3d85	1	3_10	0
SCF:0001614	train_eligible	0	AC:001389	P01857	P29460	P0DOX5	P01867	P29460	Q6N030	3d85	1	3_10	0
SCF:0001619	train_eligible	0	AC:001393	E3UIU5	M2XW22	M2X090	E3UIU5	M2XW22	M2X090	9kc5	1	11_24	0
SCF:0001624	train_eligible	0	AC:001396	A0A063XCG5	A0A063X8U6	A0A063XCP1	A0A063XCG5	A0A063X8U6	P0A0F8	9p4i	2	11_24	1
SCF:0001629	train_eligible	0	AC:001401	Q9BT73	P25789	P28066	Q9BT73	P23638	P28066	8tm3	2	11_24	1
SCF:0001630	train_eligible	0	AC:001401	Q9BT73	P25789	P25788	Q9BT73	P23638	P25788	8tm3	2	11_24	1
SCF:0001631	train_eligible	0	AC:001401	Q9BT73	P25789	P25786	Q9BT73	P23638	P25786	8tm3	2	11_24	1
SCF:0001634	train_eligible	0	AC:001404	Q2FW10	Q2FW12	Q2FW06	A0QSD5	P80372	A0A063X745	8byv	16	11_24	1
SCF:0001635	train_eligible	1	AC:001406	P29469	P54790	P50874	P29469	P54790	P50874	9bcx	5	11_24	1
SCF:0001636	train_eligible	0	AC:001406	P29469	P54790	P06243	P29469	P54790	P06243	9bcx	5	11_24	1
SCF:0001637	train_eligible	0	AC:001406	P29469	P54790	P54791	P29469	P54790	P54791	9bcx	5	11_24	1
SCF:0001638	train_eligible	0	AC:001406	P54790	P29469	P29496	P54790	P29469	P29496	9bcx	5	11_24	1
SCF:0001639	train_eligible	0	AC:001406	P54790	P29469	P24279	P54790	P29469	P24279	9bcx	5	11_24	1
SCF:0001640	train_eligible	0	AC:001406	P54790	P29469	P38132	P54790	P29469	P38132	9bcx	5	11_24	1
SCF:0001641	train_eligible	0	AC:001407	A0A1S4CKK0	A0A1S4CE74	A0A1S4D4H1	A0A1S4CKK0	A0A9R0JBX6	A0A1S4D4H1	8wa1	3	11_24	1
SCF:0001643	train_eligible	0	AC:001408	P52434	O15446	P05423	A0A8D1AQR7	O15446	P05423	7oba	1	11_24	0
SCF:0001644	train_eligible	0	AC:001408	P52434	O15446	Q9GZS1	A0A8D1AQR7	O15446	Q9GZS1	7oba	1	11_24	0
SCF:0001646	train_eligible	0	AC:001416	Q13619	Q96MF7	Q99627	Q13619	Q96MF7	Q99627	9lwl	2	3_10	1
SCF:0001647	train_eligible	0	AC:001416	Q13619	Q96MF7	Q7L5N1	Q13619	Q96MF7	Q7L5N1	9lwl	2	3_10	1
SCF:0001649	train_eligible	0	AC:001422	O14352	Q9UUI1	O42978	O14352	Q9UUI1	O42978	6ppp	4	3_10	1
SCF:0001650	train_eligible	1	AC:001422	O14352	Q9UUI1	O74499	O14352	Q9UUI1	O74499	6ppp	4	3_10	1
SCF:0001651	train_eligible	0	AC:001422	O14352	Q9UUI1	O74483	O14352	Q9UUI1	O74483	6ppp	4	3_10	1
SCF:0001652	train_eligible	0	AC:001422	Q9UUI1	O14352	Q9Y7M4	Q9UUI1	O14352	Q9Y7M4	6ppp	4	3_10	1
SCF:0001654	train_eligible	0	AC:001428	P62877	Q8WV22	Q96GG9	P62877	Q8WV22	Q96GG9	9lwi	3	3_10	1
SCF:0001655	train_eligible	0	AC:001431	Q5RKV6	Q9Y2L1	Q01780	Q5RKV6	Q9Y2L1	Q01780	6d6r	3	11_24	1
SCF:0001656	train_eligible	0	AC:001431	Q5RKV6	Q9Y2L1	Q9Y450	Q5RKV6	Q9Y2L1	Q9Y450	6d6r	3	11_24	1
SCF:0001657	train_eligible	0	AC:001431	Q9Y2L1	Q5RKV6	Q9NPD3	Q9Y2L1	Q5RKV6	Q9NPD3	6d6r	3	11_24	1
SCF:0001658	train_eligible	1	AC:001431	Q9Y2L1	Q5RKV6	Q15024	Q9Y2L1	Q5RKV6	Q15024	6d6r	3	11_24	1
SCF:0001659	train_eligible	0	AC:001432	Q2FW31	Q2FZ25	Q2FW18	Q50296	A0QVB8	P62399	7kwg	18	11_24	1
SCF:0001660	train_eligible	0	AC:001432	Q2FZ25	Q2FW31	Q2FW23	A0QVB8	Q50296	Q839E7	7kwg	18	11_24	1
SCF:0001661	train_eligible	0	AC:001432	Q2FZ25	Q2FW31	Q2FW20	A0QVB8	Q50296	Q2FW20	7kwg	18	11_24	1
SCF:0001662	train_eligible	0	AC:001432	Q2FZ25	Q2FW31	Q2FW21	A0QVB8	Q50296	A0A063X781	7kwg	18	11_24	1
SCF:0001664	train_eligible	0	AC:001437	A0A1S3YU01	A0AA96C3P8	A0A1S3ZSI0	A0A1S3YU01	A0AA96C3P8	A0A1S3ZSI0	8wa0	3	11_24	1
SCF:0001665	train_eligible	0	AC:001437	A0AA96C3P8	A0A1S3YU01	A0A1S3XP85	A0AA96C3P8	A0A1S3YU01	A0A1S3X2G3	8wa0	3	11_24	1
SCF:0001667	train_eligible	0	AC:001438	Q9NX08	Q9Y6G5	Q86X83	Q9NX08	Q9Y6G5	Q86X83	8f2r	3	3_10	1
SCF:0001668	train_eligible	0	AC:001438	Q9NX08	Q9Y6G5	Q9UBI1	Q9NX08	Q9Y6G5	Q9UBI1	8f2r	3	3_10	1
SCF:0001669	train_eligible	0	AC:001438	Q9Y6G5	Q9NX08	Q9P000	Q9Y6G5	Q9NX08	Q9P000	8f2r	3	3_10	1
SCF:0001670	train_eligible	0	AC:001438	Q9Y6G5	Q9NX08	Q9GZQ3	Q9Y6G5	Q9NX08	Q9GZQ3	8f2r	3	3_10	1
SCF:0001671	train_eligible	0	AC:001438	Q9Y6G5	Q9NX08	Q86X83	Q9Y6G5	Q9NX08	Q86X83	8f2r	3	3_10	1
SCF:0001673	train_eligible	0	AC:001444	A0A2K3DZD9	A8HUP3	A0A2K3DHV6	A0A2K3DZD9	A8HUP3	A0A2K3DHV6	8xks	1	11_24	0
SCF:0001674	train_eligible	0	AC:001444	A8HUP3	A0A2K3DZD9	A0A2K3DLF7	A8HUP3	A0A2K3DZD9	A0A2K3DLF7	8xks	1	11_24	0
SCF:0001676	train_eligible	0	AC:001446	P56767	Q9SYW8	Q01667	T1RIQ1	F2D0D5	A0A9R0J8B1	7wfe	2	11_24	1
SCF:0001677	train_eligible	1	AC:001446	P56767	Q9SYW8	Q9SA56	T1RIQ1	F2D0D5	A5Z2K3	7wfe	2	11_24	1
SCF:0001678	train_eligible	0	AC:001446	Q9SYW8	P56767	P56752	F2D0D5	T1RIQ1	P56752	7wfe	2	11_24	1
SCF:0001679	train_eligible	0	AC:001449	Q9NX55	Q9GZZ1	P41227	Q9NX55	Q9GZZ1	P41227	6pw9	2	3_10	1
SCF:0001680	train_eligible	0	AC:001450	P87306	Q9Y7N2	Q92399	P87306	Q9Y7N2	Q92399	5n9j	1	11_24	0
SCF:0001681	train_eligible	0	AC:001450	P87306	Q9Y7N2	O94376	P87306	Q9Y7N2	O94376	5n9j	1	11_24	0
SCF:0001682	train_eligible	1	AC:001450	Q9Y7N2	P87306	O60104	Q9Y7N2	P87306	O60104	5n9j	1	11_24	0
SCF:0001684	train_eligible	0	AC:001452	O32231	P21467	P21470	O32231	Q839E7	A0A1M6R974	8cdv	5	11_24	1
SCF:0001686	train_eligible	1	AC:001454	Q9CVB6	P61161	P68134	Q9CVB6	A7MB62	P68134	7aqk	1	11_24	0
SCF:0001691	train_eligible	0	AC:001461	Q9S7N7	Q949Q5	Q9SUI6	B6U534	B6SQZ7	A0A2K1JDR4	8j6z	1	11_24	0
SCF:0001692	train_eligible	0	AC:001461	Q9S7N7	Q949Q5	Q9SUI7	B6U534	B6SQZ7	A0A2K1JDR4	8j6z	1	11_24	0
SCF:0001693	train_eligible	0	AC:001463	Q22A67	I7MCM8	W7XJB1	Q22A67	Q1HFX0	W7XJB1	6zyw	1	11_24	0
SCF:0001694	train_eligible	0	AC:001463	Q22A67	I7MCM8	Q24DI9	Q22A67	Q1HFX0	Q24DI9	6zyw	1	11_24	0
SCF:0001695	train_eligible	0	AC:001463	Q22A67	I7MCM8	Q1HFV9	Q22A67	Q1HFX0	Q24DI9	6zyw	1	11_24	0
SCF:0001697	train_eligible	0	AC:001465	P68315	P20637	P68439	P68315	A4GDH1	P68439	9fpy	1	11_24	0
SCF:0001698	train_eligible	0	AC:001465	P68315	P20637	P20979	P68315	A4GDH1	P20979	9fpy	1	11_24	0
SCF:0001699	train_eligible	0	AC:001465	P68315	P20637	P20635	P68315	A4GDH1	P20635	9fpy	1	11_24	0
SCF:0001700	train_eligible	0	AC:001466	O94376	Q9P6Q0	P87310	O94376	Q9P6Q0	P87310	5n9j	2	11_24	1
SCF:0001701	train_eligible	0	AC:001466	O94376	Q9P6Q0	O13964	O94376	Q9P6Q0	O13964	5n9j	2	11_24	1
SCF:0001702	train_eligible	0	AC:001466	Q9P6Q0	O94376	O13964	Q9P6Q0	O94376	O13964	5n9j	2	11_24	1
SCF:0001703	train_eligible	0	AC:001466	Q9P6Q0	O94376	O14010	Q9P6Q0	O94376	O14010	5n9j	2	11_24	1
SCF:0001707	train_eligible	1	AC:001469	A0QS96	A0QSG6	A0QV37	P21472	A0QSG6	A0QV37	8yp6	20	11_24	1
SCF:0001709	train_eligible	1	AC:001472	Q99627	Q13617	Q13616	Q99627	Q13617	Q13616	9efq	4	11_24	1
SCF:0001710	train_eligible	0	AC:001472	Q99627	Q13617	Q13619	Q99627	Q13617	Q13619	9efq	4	11_24	1
SCF:0001711	train_eligible	0	AC:001473	Q9USH1	O14198	Q9US45	Q9USH1	O14198	Q9US45	5n9j	3	11_24	1
SCF:0001712	train_eligible	0	AC:001474	Q9FLM8	O82504	Q9LK40	A0A4X1TRS6	O82504	Q9LK40	8xmc	4	11_24	1
SCF:0001713	train_eligible	0	AC:001475	Q9BS18	P51955	Q9UJX2	Q9BS18	P51955	Q9UJX2	6tm5	1	11_24	0
SCF:0001715	train_eligible	1	AC:001481	Q9VQY9	Q9XYU0	Q9XYU1	Q9VQY9	P33993	P25205	6raw	2	11_24	1
SCF:0001716	train_eligible	0	AC:001481	Q9VQY9	Q9XYU0	Q9VGW6	Q9VQY9	P33993	Q9VGW6	6raw	2	11_24	1
SCF:0001717	train_eligible	1	AC:001481	Q9VQY9	Q9XYU0	Q9V461	Q9VQY9	P33993	Q9V461	6raw	2	11_24	1
SCF:0001718	train_eligible	0	AC:001482	P46678	P47076	P13393	P46678	P47076	P13393	6eu0	9	11_24	1
SCF:0001719	train_eligible	0	AC:001483	P17987	P61758	O60925	Q32L40	P61758	O60925	6nr9	3	11_24	1
SCF:0001720	train_eligible	0	AC:001486	Q9W2V7	Q9XYU0	Q9XYU1	Q9W2V7	P33993	P25205	6ray	3	11_24	1
SCF:0001721	train_eligible	0	AC:001486	Q9W2V7	Q9XYU0	Q9VGW6	Q9W2V7	P33993	Q9VGW6	6ray	3	11_24	1
SCF:0001724	train_eligible	0	AC:001488	A0A4V8H000	A0A4V8GZZ8	A0A4V8GZZ9	A0A4V8H000	I0YPL4	A0A4V8GZZ9	6igz	1	11_24	0
SCF:0001727	train_eligible	0	AC:001490	A4VD15	Q24CL2	Q23S05	A4VD15	Q24CL2	Q23S05	8th8	2	11_24	1
SCF:0001728	train_eligible	0	AC:001490	Q24CL2	A4VD15	Q23S05	Q24CL2	A4VD15	Q23S05	8th8	2	11_24	1
SCF:0001730	train_eligible	0	AC:001492	Q38859	O82504	Q9LK40	Q38859	O82504	Q9LK40	8xmc	4	11_24	1
SCF:0001731	train_eligible	0	AC:001493	M2XWX3	E3UIU5	M2XR49	M2XWX3	E3UIU5	M2XR49	9kc5	1	11_24	0
SCF:0001732	train_eligible	1	AC:001496	A0QSG3	A0R102	A0QS96	Q2FW20	A0R102	P21472	6dzk	17	11_24	1
SCF:0001739	train_eligible	0	AC:001498	P09119	P47112	P54791	P09119	P47112	P54791	5v8f	2	11_24	1
SCF:0001740	train_eligible	0	AC:001498	P09119	P47112	P50874	P09119	P47112	P50874	5v8f	2	11_24	1
SCF:0001741	train_eligible	0	AC:001498	P47112	P09119	P50874	P47112	P09119	P50874	5v8f	2	11_24	1
SCF:0001742	train_eligible	0	AC:001498	P47112	P09119	P54791	P47112	P09119	P54791	5v8f	2	11_24	1
SCF:0001743	train_eligible	0	AC:001498	P47112	P09119	P54790	P47112	P09119	P54790	5v8f	2	11_24	1
SCF:0001750	train_eligible	0	AC:001505	Q9V1U8	P62010	Q9UZL4	Q9V1U8	A0A3B6SS17	Q9UZL4	6swd	7	11_24	1
SCF:0001760	train_eligible	1	AC:001510	P30153	Q5VSL9	Q9NVH2	P30153	Q5VSL9	Q9NVH2	7k36	1	3_10	0
SCF:0001761	train_eligible	0	AC:001510	P30153	Q5VSL9	Q9H0H0	P30153	Q5VSL9	Q9H0H0	7k36	1	3_10	0
SCF:0001762	train_eligible	0	AC:001513	Q6GMX4	Q8TCD0	S6B2B6	G0YP42	Q8TCD0	S6C4S0	6apd	1	11_24	0
SCF:0001763	train_eligible	1	AC:001514	P0A8T7	P0A9G4	P0ABS1	P0A8T7	P0A9G4	P0ABS1	7c17	4	3_10	1
SCF:0001765	train_eligible	0	AC:001515	O14352	Q9Y7M4	O74499	O14352	Q9Y7M4	O74499	6ppp	4	3_10	1
SCF:0001766	train_eligible	0	AC:001515	O14352	Q9Y7M4	O74483	O14352	Q9Y7M4	O74483	6ppp	4	3_10	1
SCF:0001767	train_eligible	0	AC:001515	Q9Y7M4	O14352	Q9UUI1	Q9Y7M4	O14352	Q9UUI1	6ppp	4	3_10	1
SCF:0001768	train_eligible	0	AC:001515	Q9Y7M4	O14352	O74483	Q9Y7M4	O14352	O74483	6ppp	4	3_10	1
SCF:0001769	train_eligible	0	AC:001515	Q9Y7M4	O14352	O94408	Q9Y7M4	O14352	P38203	6ppp	4	3_10	1
SCF:0001770	train_eligible	0	AC:001516	A0A2K3CXW8	A8J353	A8INX1	A0A2K3CXW8	A8J353	A8INX1	7ekq	2	11_24	1
SCF:0001771	train_eligible	1	AC:001516	A8J353	A0A2K3CXW8	A8IH07	A8J353	A0A2K3CXW8	A8IH07	7ekq	2	11_24	1
SCF:0001772	train_eligible	0	AC:001518	P87306	P87310	Q92399	P87306	P87310	Q92399	5n9j	1	11_24	0
SCF:0001773	train_eligible	0	AC:001518	P87306	P87310	O13964	P87306	P87310	O13964	5n9j	1	11_24	0
SCF:0001774	train_eligible	0	AC:001518	P87306	P87310	Q9P6Q0	P87306	P87310	Q9P6Q0	5n9j	1	11_24	0
SCF:0001775	train_eligible	0	AC:001518	P87310	P87306	O60104	P87310	P87306	O60104	5n9j	1	11_24	0
SCF:0001785	train_eligible	0	AC:001525	Q2FW06	Q2FW07	Q2FW18	A0A063X745	A0A063X8U6	P62399	6sj6	25	11_24	1
SCF:0001786	train_eligible	0	AC:001525	Q2FW07	Q2FW06	P60430	A0A063X8U6	A0A063X745	P60422	6sj6	25	11_24	1
SCF:0001787	train_eligible	0	AC:001526	P49368	Q9NQP4	O60925	Q3T0K2	Q9NQP4	O60925	6nrb	3	11_24	1
SCF:0001788	train_eligible	1	AC:001526	P49368	Q9NQP4	Q99471	Q3T0K2	Q9NQP4	Q99471	6nrb	3	11_24	1
SCF:0001789	train_eligible	0	AC:001526	P49368	Q9NQP4	O15212	Q3T0K2	Q9NQP4	O15212	6nrb	3	11_24	1
SCF:0001790	train_eligible	0	AC:001526	Q9NQP4	P49368	P50991	Q9NQP4	Q3T0K2	P50991	6nrb	3	11_24	1
SCF:0001791	train_eligible	0	AC:001529	Q12834	Q9UJX3	Q9UJX2	Q12834	Q9UJX3	Q9UJX2	6tlj	7	11_24	1
SCF:0001792	train_eligible	0	AC:001529	Q12834	Q9UJX3	Q13042	Q12834	Q9UJX3	Q13042	6tlj	7	11_24	1
SCF:0001793	train_eligible	0	AC:001529	Q12834	Q9UJX3	Q9UJX6	Q12834	Q9UJX3	Q9UJX6	6tlj	7	11_24	1
SCF:0001794	train_eligible	0	AC:001530	A0A0M3KL10	A0A0M3KL11	Q9S7N7	A0A0M3KL10	A0A4V8GZZ4	B6U534	4y28	1	11_24	0
SCF:0001797	train_eligible	0	AC:001534	A8J3C3	A8J353	A8INX1	A8J3C3	A8J353	A8INX1	7ekq	1	11_24	0
SCF:0001800	train_eligible	0	AC:001536	P0DOY9	Q5SLQ0	P80380	Q2FW20	P62659	P80380	5iwa	402	11_24	1
SCF:0001801	train_eligible	0	AC:001536	P0DOY9	Q5SLQ0	Q5SHN7	Q2FW20	P62659	P21471	5iwa	402	11_24	1
SCF:0001805	train_eligible	0	AC:001538	W8T6F0	C3SR52	C3SRY2	Q83D76	B7IA17	C3SRY2	9sx2	1	11_24	0
SCF:0001807	train_eligible	0	AC:001541	Q2G113	Q2G2Q4	Q2G2Q1	P21468	Q2G2Q4	Q2G2Q1	8byv	1	11_24	0
SCF:0001812	train_eligible	0	AC:001548	P0A7Z4	P0A9G4	P0AG44	P0A7Z4	P0A9G4	Q9RSJ5	7c17	4	3_10	1
SCF:0001815	train_eligible	0	AC:001550	A0A2K3CXW8	A8IS47	A8INX1	A0A2K3CXW8	A8IS47	A8INX1	7eko	2	11_24	1
SCF:0001816	train_eligible	0	AC:001550	A8IS47	A0A2K3CXW8	A8IH07	A8IS47	A0A2K3CXW8	A8IH07	7eko	2	11_24	1
SCF:0001817	train_eligible	0	AC:001550	A8IS47	A0A2K3CXW8	A8IJ60	A8IS47	A0A2K3CXW8	A8IJ60	7eko	2	11_24	1
SCF:0001818	train_eligible	0	AC:001550	A8IS47	A0A2K3CXW8	P42380	A8IS47	A0A2K3CXW8	P42380	7eko	2	11_24	1
SCF:0001822	train_eligible	0	AC:001558	P20248	Q13309	Q9UJX2	P20248	Q13309	Q9UJX2	7b5r	2	3_10	1
SCF:0001823	train_eligible	0	AC:001558	Q13309	P20248	Q13098	Q13309	P20248	Q13098	7b5r	2	3_10	1
SCF:0001824	train_eligible	0	AC:001559	Q9LK40	O81097	Q9M1A8	Q9LK40	Q9M1A8	Q9M1A8	8hyj	1	11_24	0
SCF:0001825	train_eligible	0	AC:001559	Q9LK40	O81097	Q9FJ98	Q9LK40	Q9M1A8	A0A4X1VEK9	8hyj	1	11_24	0
SCF:0001827	train_eligible	0	AC:001561	Q2FW11	Q2FW21	P0A0F8	P42060	A0A063X781	P0A0F8	5nrg	23	11_24	1
SCF:0001828	train_eligible	0	AC:001561	Q2FW11	Q2FW21	Q2FW13	P42060	A0A063X781	P0ADY7	5nrg	23	11_24	1
SCF:0001829	train_eligible	0	AC:001561	Q2FW11	Q2FW21	Q2FW18	P42060	A0A063X781	P62399	5nrg	23	11_24	1
SCF:0001830	train_eligible	0	AC:001561	Q2FW21	Q2FW11	Q2FW13	A0A063X781	P42060	P0ADY7	5nrg	23	11_24	1
SCF:0001831	train_eligible	0	AC:001561	Q2FW21	Q2FW11	Q2FW22	A0A063X781	P42060	Q2FW22	5nrg	23	11_24	1
SCF:0001833	train_eligible	0	AC:001564	P48240	P38801	P53256	P48240	P38801	P53256	6fsz	4	11_24	1
SCF:0001834	train_eligible	0	AC:001564	P48240	P38801	P53725	P48240	P38801	P53725	6fsz	4	11_24	1
SCF:0001835	train_eligible	0	AC:001565	I7LT80	I7MDA9	W7WX86	I7LT80	I7MDA9	W7WX86	8th8	2	11_24	1
SCF:0001836	train_eligible	0	AC:001565	I7MDA9	I7LT80	A4VD15	I7MDA9	I7LT80	A4VD15	8th8	2	11_24	1
SCF:0001837	train_eligible	0	AC:001565	I7MDA9	I7LT80	Q23YW7	I7MDA9	I7LT80	Q23YW7	8th8	2	11_24	1
SCF:0001838	train_eligible	0	AC:001565	I7MDA9	I7LT80	Q23S05	I7MDA9	I7LT80	Q23S05	8th8	2	11_24	1
SCF:0001841	train_eligible	0	AC:001568	Q9M1J2	O81097	Q9FJ98	Q9M1J2	Q9M1A8	A0A4X1VEK9	8hyj	1	11_24	0
SCF:0001844	train_eligible	0	AC:001575	I7LWE3	Q24C31	Q23YW7	I7LWE3	Q24C31	Q23YW7	8th8	2	11_24	1
SCF:0001845	train_eligible	0	AC:001575	I7LWE3	Q24C31	Q24DJ0	I7LWE3	Q24C31	Q24DJ0	8th8	2	11_24	1
SCF:0001846	train_eligible	0	AC:001575	I7LWE3	Q24C31	I7LT80	I7LWE3	Q24C31	I7LT80	8th8	2	11_24	1
SCF:0001847	train_eligible	0	AC:001575	Q24C31	I7LWE3	Q229S1	Q24C31	I7LWE3	Q229S1	8th8	2	11_24	1
SCF:0001848	train_eligible	0	AC:001576	A8HUP3	A0A2K3DLI2	A0A2K3DQ46	A8HUP3	A0A2K3DLI2	A0A2K3DQ46	8xks	3	11_24	1
SCF:0001856	train_eligible	0	AC:001590	Q9UJW0	P61163	P60709	Q9UJW0	F2Z5G5	P68134	9b85	2	11_24	1
SCF:0001857	train_eligible	0	AC:001590	Q9UJW0	P61163	Q9NZ32	Q9UJW0	F2Z5G5	Q9NZ32	9b85	2	11_24	1
SCF:0001858	train_eligible	0	AC:001592	P59763	A0A2K3DWM2	A8I846	P12240	A0A2K3DWM2	A8I846	8kde	1	11_24	0
SCF:0001862	train_eligible	0	AC:001596	Q94AQ8	P26288	P56752	Q94AQ8	P26288	P56752	7wff	1	11_24	0
SCF:0001863	train_eligible	0	AC:001598	A0A4V8GZZ2	A0A4V8GZZ9	A0A4V8GZZ8	A0T0M8	A0A4V8GZZ9	I0YPL4	6igz	3	11_24	1
SCF:0001864	train_eligible	0	AC:001598	A0A4V8GZZ9	A0A4V8GZZ2	A0A4V8H003	A0A4V8GZZ9	A0T0M8	T1RIQ1	6igz	3	11_24	1
SCF:0001866	train_eligible	0	AC:001602	Q6NLH0	Q39212	Q39211	P36954	Q39212	Q39212	8hyj	1	11_24	0
SCF:0001867	train_eligible	0	AC:001603	Q8N140	Q96MF7	Q8WV22	Q8N140	Q96MF7	Q8WV22	9lwj	2	3_10	1
SCF:0001869	train_eligible	0	AC:001607	O14352	O94408	O74483	O14352	P38203	O74483	6ppv	4	3_10	1
SCF:0001870	train_eligible	0	AC:001607	O94408	O14352	P87173	P38203	O14352	P87173	6ppv	4	3_10	1
SCF:0001871	train_eligible	0	AC:001607	O94408	O14352	O74483	P38203	O14352	O74483	6ppv	4	3_10	1
SCF:0001872	train_eligible	0	AC:001607	O94408	O14352	Q9Y7M4	P38203	O14352	Q9Y7M4	6ppv	4	3_10	1
SCF:0001876	train_eligible	0	AC:001614	Q9XFH4	Q9LD28	P06897	Q9XFH4	P0C0S5	P0C0S5	8kcb	5	3_10	1
SCF:0001877	train_eligible	1	AC:001614	Q9XFH4	Q9LD28	P02281	Q9XFH4	P0C0S5	O23629	8kcb	5	3_10	1
SCF:0001878	train_eligible	0	AC:001614	Q9XFH4	Q9LD28	P84233	Q9XFH4	P0C0S5	P02299	8kcb	5	3_10	1
SCF:0001879	train_eligible	1	AC:001615	Q9C567	Q9SAJ3	F4J3N2	Q9C567	Q9SAJ3	F4J3N2	8xkv	2	11_24	1
SCF:0001887	train_eligible	1	AC:001623	P21477	P21471	P12874	P21477	P21471	P0AG63	8cec	23	11_24	1
SCF:0001888	train_eligible	0	AC:001623	P21477	P21471	P21474	P21477	P21471	P75131	8cec	23	11_24	1
SCF:0001889	train_eligible	0	AC:001624	P30260	Q9UKT4	P14635	P30260	Q9UKT4	P14635	9gaw	2	11_24	1
SCF:0001890	train_eligible	0	AC:001624	Q9UKT4	P30260	Q9UJX4	Q9UKT4	P30260	Q9UJX4	9gaw	2	11_24	1
SCF:0001892	train_eligible	0	AC:001625	G0SE33	G0S755	G0S1P1	G0SE33	G0S755	G0S1P1	8pel	2	3_10	1
SCF:0001894	train_eligible	1	AC:001629	Q15843	O95376	Q9Y4X5	Q15843	O95376	Q9Y4X5	9sdx	2	3_10	1
SCF:0001895	train_eligible	0	AC:001630	O60925	Q99832	P17987	O60925	Q99832	Q32L40	6nr9	3	11_24	1
SCF:0001896	train_eligible	1	AC:001630	O60925	Q99832	P49368	O60925	Q99832	Q3T0K2	6nr9	3	11_24	1
SCF:0001897	train_eligible	0	AC:001631	E1C9K6	P16002	A5Z2K3	B8LEQ8	P16002	A5Z2K3	6yez	2	11_24	1
SCF:0001898	train_eligible	0	AC:001631	E1C9K6	P16002	P09911	B8LEQ8	P16002	P07839	6yez	2	11_24	1
SCF:0001900	train_eligible	0	AC:001633	Q9FLM8	Q9LQ02	Q9LK40	A0A4X1TRS6	Q9LQ02	Q9LK40	8xmd	4	11_24	1
SCF:0001902	train_eligible	0	AC:001635	A0T0V1	B5YM25	B8C0K4	Q55329	B5YM25	B8C0K4	8zet	3	11_24	1
SCF:0001903	train_eligible	0	AC:001635	A0T0V1	B5YM25	B8C2K6	Q55329	B5YM25	B8C2K6	8zet	3	11_24	1
SCF:0001904	train_eligible	0	AC:001635	A0T0V1	B5YM25	B8C770	Q55329	B5YM25	B8C770	8zet	3	11_24	1
SCF:0001906	train_eligible	0	AC:001640	Q9LK40	Q9M1J2	O81098	Q9LK40	Q9M1J2	O81098	8hyj	1	11_24	0
SCF:0001907	train_eligible	1	AC:001642	Q96N11	Q9NV88	Q9NVR2	Q96N11	Q9NV88	Q9NVR2	8rbz	3	11_24	1
SCF:0001911	train_eligible	0	AC:001645	P0CT46	G0RZX8	G0S9A0	P0CT46	G0RZX8	G0S9A0	8pel	2	3_10	1
SCF:0001915	train_eligible	0	AC:001650	Q9LTI0	A8MPR5	F4KF14	Q9LTI0	A8MPR5	F4KF14	8xkv	2	11_24	1
SCF:0001916	train_eligible	0	AC:001650	Q9LTI0	A8MPR5	Q9SAJ3	Q9LTI0	A8MPR5	Q9SAJ3	8xkv	2	11_24	1
SCF:0001917	train_eligible	0	AC:001650	Q9LTI0	A8MPR5	F4J3N2	Q9LTI0	A8MPR5	F4J3N2	8xkv	2	11_24	1
SCF:0001918	train_eligible	0	AC:001651	Q9BT78	Q9UBF6	P62877	Q9BT78	P62877	P62877	9eg1	1	11_24	0
SCF:0001919	train_eligible	0	AC:001651	Q9UBF6	Q9BT78	Q9H9Q2	P62877	Q9BT78	Q9H9Q2	9eg1	1	11_24	0
SCF:0001920	train_eligible	0	AC:001651	Q9UBF6	Q9BT78	Q9UNS2	P62877	Q9BT78	Q9UNS2	9eg1	1	11_24	0
SCF:0001922	train_eligible	1	AC:001653	Q9UZL4	Q9UY20	Q9V1U5	Q9UZL4	Q9UY20	Q9V1U5	6swd	7	11_24	1
SCF:0001935	train_eligible	0	AC:001667	Q9Y265	Q9Y4R8	Q9H9F9	Q9Y265	Q9Y4R8	Q9H9F9	7ole	1	3_10	0
SCF:0001936	train_eligible	0	AC:001669	P40227	P61758	Q9UHV9	P40227	P61758	Q9UHV9	6nr9	3	11_24	1
SCF:0001937	train_eligible	0	AC:001669	P40227	P61758	O15212	P40227	P61758	O15212	6nr9	3	11_24	1
SCF:0001938	train_eligible	0	AC:001669	P40227	P61758	Q99471	P40227	P61758	Q99471	6nr9	3	11_24	1
SCF:0001943	train_eligible	0	AC:001672	P35718	P29056	P32349	P35718	P29056	P32349	6cnb	8	11_24	1
SCF:0001944	train_eligible	0	AC:001673	P0A800	P0AFW0	P0AFG0	P0A800	P0AFW0	P0AFG0	8pid	8	3_10	1
SCF:0001947	train_eligible	0	AC:001678	P68449	P20504	P20979	P68449	P20504	P20979	9fq6	1	11_24	0
SCF:0001948	train_eligible	0	AC:001681	Q96HW7	Q96SY0	P30153	Q96HW7	Q96SY0	P30153	8rc4	3	11_24	1
SCF:0001949	train_eligible	0	AC:001681	Q96SY0	Q96HW7	Q9NVR2	Q96SY0	Q96HW7	Q9NVR2	8rc4	3	11_24	1
SCF:0001950	train_eligible	0	AC:001682	A0T0V1	B8BUW3	B8C770	Q55329	B8BUW3	B8C770	8xls	3	11_24	1
SCF:0001951	train_eligible	0	AC:001682	A0T0V1	B8BUW3	B8C0K4	Q55329	B8BUW3	B8C0K4	8xls	3	11_24	1
SCF:0001957	train_eligible	0	AC:001690	P17227	E1C9L3	A0A0M3KL11	E9NPX1	E1C9L3	A0A4V8GZZ4	7dkz	9	11_24	1
SCF:0001958	train_eligible	0	AC:001690	P17227	E1C9L3	A0A0M3KL10	E9NPX1	E1C9L3	A0A0M3KL10	7dkz	9	11_24	1
SCF:0001959	train_eligible	0	AC:001690	P17227	E1C9L3	A0A0M3KL13	E9NPX1	E1C9L3	A0A0M3KL13	7dkz	9	11_24	1
SCF:0001961	train_eligible	0	AC:001693	Q96HW7	Q9NVM9	Q9NV88	Q96HW7	Q9NVM9	Q9NV88	8rc4	3	11_24	1
SCF:0001962	train_eligible	0	AC:001693	Q96HW7	Q9NVM9	Q5TA45	Q96HW7	Q9NVM9	Q5TA45	8rc4	3	11_24	1
SCF:0001963	train_eligible	0	AC:001695	C3TRH7	C3SQS2	P0A7W1	P0A7U7	P17291	Q839E7	9sx2	1	11_24	0
SCF:0001965	train_eligible	0	AC:001700	E1C9L3	P05311	A0A0F6NFW5	E1C9L3	T1RIQ1	A0T0M8	3lw5	3	11_24	1
SCF:0001966	train_eligible	0	AC:001700	E1C9L3	P05311	P05310	E1C9L3	T1RIQ1	A0T0M8	3lw5	3	11_24	1
SCF:0001970	train_eligible	0	AC:001703	P56768	Q9SUI5	Q9S7N7	E9NPX1	A0A4V8GZZ4	B6U534	8j6z	7	11_24	1
SCF:0001974	train_eligible	0	AC:001708	Q93077	Q9Y230	Q71F23	P0C0S5	Q9Y230	Q71F23	8x1c	3	11_24	1
SCF:0001975	train_eligible	1	AC:001708	Q93077	Q9Y230	P54274	P0C0S5	Q9Y230	P54274	8x1c	3	11_24	1
SCF:0001976	train_eligible	0	AC:001708	Q9Y230	Q93077	P04908	Q9Y230	P0C0S5	P0C0S5	8x1c	3	11_24	1
SCF:0001977	train_eligible	0	AC:001708	Q9Y230	Q93077	P33778	Q9Y230	P0C0S5	O23629	8x1c	3	11_24	1
SCF:0001978	train_eligible	0	AC:001709	Q9NQT4	Q9Y2L1	Q8TF46	Q9NQT4	Q9Y2L1	Q8TF46	6h25	3	11_24	1
SCF:0001979	train_eligible	0	AC:001709	Q9NQT4	Q9Y2L1	Q9Y450	Q9NQT4	Q9Y2L1	Q9Y450	6h25	3	11_24	1
SCF:0001980	train_eligible	0	AC:001709	Q9Y2L1	Q9NQT4	Q9NPD3	Q9Y2L1	Q9NQT4	Q9NPD3	6h25	3	11_24	1
SCF:0001981	train_eligible	0	AC:001709	Q9Y2L1	Q9NQT4	Q15024	Q9Y2L1	Q9NQT4	Q15024	6h25	3	11_24	1
SCF:0001985	train_eligible	0	AC:001714	Q9UBF6	Q96MG8	Q9UNS2	P62877	Q96MG8	Q9UNS2	9oma	1	3_10	0
SCF:0001986	train_eligible	0	AC:001717	A0A4V8GZZ8	A0A4V8H003	A0A4V8GZZ2	I0YPL4	T1RIQ1	A0T0M8	6igz	1	11_24	0
SCF:0001995	train_eligible	0	AC:001719	Q22A67	I7MHB1	Q22MV2	Q22A67	I7MHB1	Q22MV2	7k58	7	11_24	1
SCF:0001996	train_eligible	0	AC:001720	Q9TM22	O19882	O19927	P32974	P12240	O19927	4yuu	1	11_24	0
SCF:0002003	train_eligible	0	AC:001732	A0QS96	A0R550	A0QSG2	P21472	P0AG59	P62656	6dzk	7	11_24	1
SCF:0002006	train_eligible	0	AC:001733	P37256	A0A2K3DWM2	A8I846	O19927	A0A2K3DWM2	A8I846	8kde	1	11_24	0
SCF:0002013	train_eligible	0	AC:001740	P04439	P07766	P01732	Q861F7	P07766	P01732	7phr	1	11_24	0
SCF:0002014	train_eligible	0	AC:001740	P04439	P07766	P68979	Q861F7	P07766	P68979	7phr	1	11_24	0
SCF:0002015	train_eligible	0	AC:001740	P04439	P07766	P09713	Q861F7	P07766	P09713	7phr	1	11_24	0
SCF:0002016	train_eligible	0	AC:001740	P07766	P04439	P0DTU4	P07766	Q861F7	K7N5M4	7phr	1	11_24	0
SCF:0002017	train_eligible	0	AC:001742	P00165	P00289	P00166	P0A384	P16002	P00166	9tgg	1	11_24	0
SCF:0002018	train_eligible	0	AC:001743	A0A2K3DM81	A0A2K3DLI2	A0A2K3DQ46	A0A2K3DM81	A0A2K3DLI2	A0A2K3DQ46	8xks	1	11_24	0
SCF:0002019	train_eligible	1	AC:001744	A8HUP3	A0A2K3CRM9	A0A2K3DLF7	A8HUP3	A0A2K3CRM9	A0A2K3DLF7	8xks	1	11_24	0
SCF:0002022	train_eligible	0	AC:001747	Q9SUI4	Q9SYW8	Q9SHR7	A8IL32	F2D0D5	A9RT62	7wfe	1	11_24	0
SCF:0002023	train_eligible	0	AC:001747	Q9SUI4	Q9SYW8	Q9SA56	A8IL32	F2D0D5	A5Z2K3	7wfe	1	11_24	0
SCF:0002025	train_eligible	0	AC:001749	A0A4V8H005	A0A4V8GZZ8	A0A4V8GZZ9	A0A4V8H005	I0YPL4	A0A4V8GZZ9	6igz	1	11_24	0
SCF:0002036	train_eligible	0	AC:001759	Q7Z4G1	Q9UBI1	Q9P000	Q7Z4G1	Q9UBI1	Q9P000	8p0w	3	11_24	1
SCF:0002037	train_eligible	0	AC:001759	Q7Z4G1	Q9UBI1	Q86VX2	Q7Z4G1	Q9UBI1	Q86VX2	8p0w	3	11_24	1
SCF:0002038	train_eligible	0	AC:001759	Q7Z4G1	Q9UBI1	Q9H0A8	Q7Z4G1	Q9UBI1	Q9H0A8	8p0w	3	11_24	1
SCF:0002039	train_eligible	0	AC:001760	P68449	P21087	P20980	P68449	P21087	P20980	9fq6	1	11_24	0
SCF:0002049	train_eligible	0	AC:001767	P80377	Q5SJH3	Q5SLQ0	B7IA17	Q5SJH3	P62659	1ibk	408	11_24	1
SCF:0002050	train_eligible	0	AC:001767	P80377	Q5SJH3	Q5SHP6	B7IA17	Q5SJH3	Q5SHP6	1ibk	408	11_24	1
SCF:0002055	train_eligible	0	AC:001769	P02309	P32480	P54784	P62805	P32480	P54784	8ghn	1	11_24	0
SCF:0002056	train_eligible	0	AC:001769	P02309	P32480	Q12748	P62805	P32480	Q12748	8ghn	1	11_24	0
SCF:0002057	train_eligible	0	AC:001770	Q13352	Q9H3R5	Q6IPU0	Q13352	Q9H3R5	Q6IPU0	7xhn	3	11_24	1
SCF:0002058	train_eligible	0	AC:001770	Q9H3R5	Q13352	Q9BS16	Q9H3R5	Q13352	Q9BS16	7xhn	3	11_24	1
SCF:0002059	train_eligible	0	AC:001772	A4VE64	Q24CE5	I7MCM8	Q1HFW2	Q24CE5	Q1HFX0	6zyw	1	11_24	0
SCF:0002060	train_eligible	0	AC:001772	Q24CE5	A4VE64	W7XJB1	Q24CE5	Q1HFW2	W7XJB1	6zyw	1	11_24	0
SCF:0002061	train_eligible	0	AC:001772	Q24CE5	A4VE64	Q24DI9	Q24CE5	Q1HFW2	Q24DI9	6zyw	1	11_24	0
SCF:0002064	train_eligible	0	AC:001774	Q9NQP4	P48643	P50991	Q9NQP4	P48643	P50991	6nrd	3	11_24	1
SCF:0002067	train_eligible	0	AC:001781	P36121	P41910	P32910	P36121	P41910	P32910	6tut	1	11_24	0
SCF:0002068	train_eligible	0	AC:001781	P36121	P41910	P25441	P36121	P41910	P25441	6tut	1	11_24	0
SCF:0002069	train_eligible	0	AC:001783	Q9SN86	F4J3N2	Q9SAJ3	Q9SN86	F4J3N2	Q9SAJ3	8xku	2	11_24	1
SCF:0002070	train_eligible	0	AC:001785	P38801	Q12277	P38792	P38801	Q12277	P38792	6fsz	4	11_24	1
SCF:0002071	train_eligible	1	AC:001785	Q12277	P38801	P53256	Q12277	P38801	P53256	6fsz	4	11_24	1
SCF:0002072	train_eligible	0	AC:001785	Q12277	P38801	P53725	Q12277	P38801	P53725	6fsz	4	11_24	1
SCF:0002073	train_eligible	0	AC:001786	P07703	P41910	Q01080	P07703	P41910	Q01080	6tut	1	11_24	0
SCF:0002074	train_eligible	0	AC:001786	P07703	P41910	Q04712	P07703	P41910	Q04712	6tut	1	11_24	0
SCF:0002075	train_eligible	0	AC:001786	P41910	P07703	P32910	P41910	P07703	P32910	6tut	1	11_24	0
SCF:0002076	train_eligible	0	AC:001788	Q9S7N7	Q9SA56	Q9SUI7	B6U534	A5Z2K3	A0A2K1JDR4	7wfd	8	11_24	1
SCF:0002077	train_eligible	0	AC:001791	Q9BT73	P25787	P25786	Q9BT73	P25787	P25786	8tm3	2	11_24	1
SCF:0002078	train_eligible	0	AC:001791	Q9BT73	P25787	P25788	Q9BT73	P25787	P25788	8tm3	2	11_24	1
SCF:0002079	train_eligible	0	AC:001791	Q9BT73	P25787	P28066	Q9BT73	P25787	P28066	8tm3	2	11_24	1
SCF:0002080	train_eligible	0	AC:001792	Q9C567	A8MPR5	F4J3N2	Q9C567	A8MPR5	F4J3N2	8xku	2	11_24	1
SCF:0002089	train_eligible	0	AC:001799	P38826	P30665	P53091	P38826	P30665	P53091	6wgg	3	11_24	1
SCF:0002090	train_eligible	0	AC:001799	P38826	P30665	P29469	P38826	P30665	P29469	6wgg	3	11_24	1
SCF:0002091	train_eligible	0	AC:001799	P38826	P30665	P29496	P38826	P30665	P29496	6wgg	3	11_24	1
SCF:0002094	train_eligible	0	AC:001802	P20248	Q9UJX4	Q13042	P20248	Q9UJX4	Q13042	6q6g	2	11_24	1
SCF:0002095	train_eligible	0	AC:001802	P20248	Q9UJX4	P30260	P20248	Q9UJX4	P30260	6q6g	2	11_24	1
SCF:0002096	train_eligible	0	AC:001802	P20248	Q9UJX4	P28749	P20248	Q9UJX4	P28749	6q6g	2	11_24	1
SCF:0002098	train_eligible	0	AC:001805	Q95695	P26288	A0A1B1W4Z4	Q95695	P26288	A0A1B1W4Z4	7wff	1	11_24	0
SCF:0002099	train_eligible	0	AC:001805	Q95695	P26288	P56752	Q95695	P26288	P56752	7wff	1	11_24	0
SCF:0002106	train_eligible	0	AC:001807	Q6NLH0	Q9M1A8	Q9FJ98	P36954	Q9M1A8	A0A4X1VEK9	7eu1	6	11_24	1
SCF:0002107	train_eligible	1	AC:001811	G0RZG4	G0S755	G0SC21	G0RZG4	G0S755	G0SC21	8pel	2	3_10	1
SCF:0002110	train_eligible	0	AC:001814	A8IL21	A8J353	A8INX1	A8IL21	A8J353	A8INX1	7ekq	2	11_24	1
SCF:0002111	train_eligible	0	AC:001814	A8IL21	A8J353	A8IS47	A8IL21	A8J353	A8IS47	7ekq	2	11_24	1
SCF:0002112	train_eligible	0	AC:001814	A8IL21	A8J353	A8IJ60	A8IL21	A8J353	A8IJ60	7ekq	2	11_24	1
SCF:0002113	train_eligible	1	AC:001814	A8J353	A8IL21	A8INX1	A8J353	A8IL21	A8INX1	7ekq	2	11_24	1
SCF:0002114	train_eligible	0	AC:001814	A8J353	A8IL21	A8IH07	A8J353	A8IL21	A8IH07	7ekq	2	11_24	1
SCF:0002116	train_eligible	0	AC:001816	A8MPR5	Q9SAJ3	F4KF14	A8MPR5	Q9SAJ3	F4KF14	8xkv	2	11_24	1
SCF:0002117	train_eligible	0	AC:001816	A8MPR5	Q9SAJ3	O22993	A8MPR5	Q9SAJ3	O22993	8xkv	2	11_24	1
SCF:0002118	train_eligible	0	AC:001816	Q9SAJ3	A8MPR5	F4KF14	Q9SAJ3	A8MPR5	F4KF14	8xkv	2	11_24	1
SCF:0002119	train_eligible	0	AC:001817	A4VEB3	A4VE64	Q1HFW0	A4VEB3	Q1HFW2	Q24CE5	6zyw	1	11_24	0
SCF:0002120	train_eligible	0	AC:001817	A4VEB3	A4VE64	W7XJB1	A4VEB3	Q1HFW2	W7XJB1	6zyw	1	11_24	0
SCF:0002121	train_eligible	0	AC:001818	P28000	P32349	P36070	P28000	P32349	P36070	8bws	24	11_24	1
SCF:0002122	train_eligible	0	AC:001819	Q1HFX4	Q1HGH8	Q22R86	Q1HFX4	Q1HGH8	Q22R86	7k5b	2	11_24	1
SCF:0002123	train_eligible	0	AC:001820	P56767	Q9SY97	Q01667	T1RIQ1	A0A2K1IB10	A0A9R0J8B1	7wfd	3	11_24	1
SCF:0002125	train_eligible	0	AC:001820	Q9SY97	P56767	P05310	A0A2K1IB10	T1RIQ1	A0T0M8	7wfd	3	11_24	1
SCF:0002126	train_eligible	0	AC:001820	Q9SY97	P56767	P56766	A0A2K1IB10	T1RIQ1	A0T0M8	7wfd	3	11_24	1
SCF:0002127	train_eligible	0	AC:001821	Q1HFX4	Q1HFV9	Q1HFW2	Q1HFX4	Q24DI9	Q1HFW2	7k5b	2	11_24	1
SCF:0002128	train_eligible	0	AC:001821	Q1HFX4	Q1HFV9	W7XJB1	Q1HFX4	Q24DI9	W7XJB1	7k5b	2	11_24	1
SCF:0002131	train_eligible	0	AC:001827	Q9H0A8	Q9Y6G5	Q86X83	Q9H0A8	Q9Y6G5	Q86X83	8f2u	3	11_24	1
SCF:0002132	train_eligible	0	AC:001827	Q9H0A8	Q9Y6G5	Q9NX08	Q9H0A8	Q9Y6G5	Q9NX08	8f2u	3	11_24	1
SCF:0002133	train_eligible	0	AC:001827	Q9H0A8	Q9Y6G5	Q9UBI1	Q9H0A8	Q9Y6G5	Q9UBI1	8f2u	3	11_24	1
SCF:0002134	train_eligible	0	AC:001827	Q9Y6G5	Q9H0A8	Q9P000	Q9Y6G5	Q9H0A8	Q9P000	8f2u	3	11_24	1
SCF:0002135	train_eligible	0	AC:001827	Q9Y6G5	Q9H0A8	Q9GZQ3	Q9Y6G5	Q9H0A8	Q9GZQ3	8f2u	3	11_24	1
SCF:0002136	train_eligible	0	AC:001827	Q9Y6G5	Q9H0A8	Q9UBI1	Q9Y6G5	Q9H0A8	Q9UBI1	8f2u	3	11_24	1
SCF:0002137	train_eligible	0	AC:001828	A8J3C3	A8IJ60	A8IL21	A8J3C3	A8IJ60	A8IL21	7ekq	1	11_24	0
SCF:0002138	train_eligible	0	AC:001828	A8J3C3	A8IJ60	A8INX1	A8J3C3	A8IJ60	A8INX1	7ekq	1	11_24	0
SCF:0002139	train_eligible	0	AC:001830	Q9Y230	Q9Y4R8	Q9H9F9	Q9Y230	Q9Y4R8	Q9H9F9	7ole	1	3_10	0
SCF:0002140	train_eligible	0	AC:001832	P49368	Q13885	P07437	Q3T0K2	P07437	P07437	7nvn	1	11_24	0
SCF:0002141	train_eligible	0	AC:001832	P49368	Q13885	P50991	Q3T0K2	P07437	P50991	7nvn	1	11_24	0
SCF:0002142	train_eligible	0	AC:001832	Q13885	P49368	P48643	P07437	Q3T0K2	P48643	7nvn	1	11_24	0
SCF:0002143	train_eligible	0	AC:001832	Q13885	P49368	P17987	P07437	Q3T0K2	Q32L40	7nvn	1	11_24	0
SCF:0002147	train_eligible	0	AC:001836	E1C9L1	A0A0H2UKZ4	A0A0M3KL12	E1C9L1	A0A0H2UKZ4	A0A0H2UKZ4	4rku	1	11_24	0
SCF:0002149	train_eligible	0	AC:001839	Q8DMA1	Q8DMR6	Q8DKF5	Q8DMA1	Q8DMR6	Q8DKF5	6tjv	1	11_24	0
SCF:0002150	train_eligible	0	AC:001841	O60566	Q13042	Q9UJX2	O60566	Q13042	Q9UJX2	5khu	3	11_24	1
SCF:0002151	train_eligible	0	AC:001841	O60566	Q13042	Q12834	O60566	Q13042	Q12834	5khu	3	11_24	1
SCF:0002152	train_eligible	1	AC:001841	Q13042	O60566	Q9UJX6	Q13042	O60566	Q9UJX6	5khu	3	11_24	1
SCF:0002153	train_eligible	0	AC:001844	A0T0V0	B8BUW3	B8C770	A0A0H2UKZ4	B8BUW3	B8C770	8zet	3	11_24	1
SCF:0002154	train_eligible	0	AC:001844	A0T0V0	B8BUW3	B8C0K4	A0A0H2UKZ4	B8BUW3	B8C0K4	8zet	3	11_24	1
SCF:0002155	train_eligible	0	AC:001848	P22224	P89102	P32855	P22224	P89102	P32855	5yfp	2	3_10	1
SCF:0002156	train_eligible	0	AC:001848	P22224	P89102	P38261	P22224	P89102	P38261	5yfp	2	3_10	1
SCF:0002157	train_eligible	0	AC:001848	P89102	P22224	P33332	P89102	P22224	P33332	5yfp	2	3_10	1
SCF:0002158	train_eligible	0	AC:001848	P89102	P22224	P32855	P89102	P22224	P32855	5yfp	2	3_10	1
SCF:0002159	train_eligible	0	AC:001848	P89102	P22224	P32844	P89102	P22224	P32844	5yfp	2	3_10	1
SCF:0002160	train_eligible	0	AC:001851	A0A2K3CY83	A0A2K3DHV6	A8HUP3	A0A2K3CY83	A0A2K3DHV6	A8HUP3	8xks	3	11_24	1
SCF:0002162	train_eligible	0	AC:001857	I7MHB1	Q22R86	Q1HFV9	I7MHB1	Q22R86	Q24DI9	7k58	6	11_24	1
SCF:0002163	train_eligible	0	AC:001857	I7MHB1	Q22R86	W7XJB1	I7MHB1	Q22R86	W7XJB1	7k58	6	11_24	1
SCF:0002164	train_eligible	0	AC:001860	Q06265	P42285	Q15477	Q06265	P42285	Q15477	6d6r	2	11_24	1
SCF:0002165	train_eligible	0	AC:001860	Q06265	P42285	Q8TF46	Q06265	P42285	Q8TF46	6d6r	2	11_24	1
SCF:0002166	train_eligible	0	AC:001860	Q06265	P42285	Q9Y450	Q06265	P42285	Q9Y450	6d6r	2	11_24	1
SCF:0002173	train_eligible	0	AC:001869	O00762	Q9UJX4	P30260	O00762	Q9UJX4	P30260	5a31	7	11_24	1
SCF:0002177	train_eligible	1	AC:001877	F4JYR0	A8MPR5	F4KF14	F4JYR0	A8MPR5	F4KF14	8xkv	2	11_24	1
SCF:0002178	train_eligible	0	AC:001877	F4JYR0	A8MPR5	Q9SAJ3	F4JYR0	A8MPR5	Q9SAJ3	8xkv	2	11_24	1
SCF:0002179	train_eligible	0	AC:001877	F4JYR0	A8MPR5	F4J3N2	F4JYR0	A8MPR5	F4J3N2	8xkv	2	11_24	1
SCF:0002183	train_eligible	0	AC:001888	P26289	P26288	A0A1B1W4Z0	Q8DL29	P26288	P26288	7wff	1	11_24	0
SCF:0002184	train_eligible	1	AC:001888	P26289	P26288	A0A1B1W4Z4	Q8DL29	P26288	A0A1B1W4Z4	7wff	1	11_24	0
SCF:0002185	train_eligible	0	AC:001888	P26289	P26288	P56752	Q8DL29	P26288	P56752	7wff	1	11_24	0
SCF:0002188	train_eligible	1	AC:001894	P0A7Z4	P0AGB3	A0A377D9Q8	P0A7Z4	P0AGB3	A0A377D9Q8	8hkc	1	3_10	0
SCF:0002189	train_eligible	0	AC:001895	Q9UJX6	Q9UJX3	Q9UJX2	Q9UJX6	Q9UJX3	Q9UJX2	6tnt	14	11_24	1
SCF:0002190	train_eligible	0	AC:001895	Q9UJX6	Q9UJX3	Q13042	Q9UJX6	Q9UJX3	Q13042	6tnt	14	11_24	1
SCF:0002191	train_eligible	0	AC:001895	Q9UJX6	Q9UJX3	P0CG48	Q9UJX6	Q9UJX3	P0CG48	6tnt	14	11_24	1
SCF:0002196	train_eligible	0	AC:001900	P61157	G3MXC8	Q3SYX9	P61157	G3MXC8	G3MXC8	8tah	2	3_10	1
SCF:0002201	train_eligible	0	AC:001905	P35718	P46678	P32349	P35718	P46678	P32349	6eu0	9	11_24	1
SCF:0002203	train_eligible	0	AC:001909	Q9C567	O22993	F4J3N2	Q9C567	O22993	F4J3N2	8xku	2	11_24	1
SCF:0002210	train_eligible	0	AC:001912	P0A7W1	P0A8A8	P0A7X3	Q839E7	P0A8A8	C3SRY2	7afl	6	11_24	1
SCF:0002211	train_eligible	0	AC:001913	Q04307	P35718	P20434	Q9Y2Y1	P35718	Q09191	7z30	24	11_24	1
SCF:0002216	train_eligible	0	AC:001919	A0A1D5SLI4	A0A1D5UKZ4	A0A3B6IU74	P62701	A0A3Q7HJ03	A0A3Q7I881	8r6f	1	11_24	0
SCF:0002220	train_eligible	0	AC:001930	O15318	O15160	Q9H1D9	O15318	O15160	Q9H1D9	7d59	28	11_24	1
SCF:0002224	train_eligible	1	AC:001934	Q9SCY3	P26288	A0A1B1W4Z4	Q9SCY3	P26288	A0A1B1W4Z4	7wff	1	11_24	0
SCF:0002225	train_eligible	0	AC:001935	P29496	P54784	P53091	P29496	P54784	P53091	6wgg	3	11_24	1
SCF:0002226	train_eligible	0	AC:001935	P29496	P54784	Q08032	P29496	P54784	Q08032	6wgg	3	11_24	1
SCF:0002227	train_eligible	0	AC:001935	P29496	P54784	P29469	P29496	P54784	P29469	6wgg	3	11_24	1
SCF:0002228	train_eligible	0	AC:001935	P54784	P29496	P29469	P54784	P29496	P29469	6wgg	3	11_24	1
SCF:0002229	train_eligible	0	AC:001935	P54784	P29496	P24279	P54784	P29496	P24279	6wgg	3	11_24	1
SCF:0002230	train_eligible	0	AC:001935	P54784	P29496	P53091	P54784	P29496	P53091	6wgg	3	11_24	1
SCF:0002240	train_eligible	0	AC:001941	Q9Y244	Q969U7	P25789	Q9Y244	Q969U7	P23638	8yix	11	11_24	1
SCF:0002241	train_eligible	0	AC:001941	Q9Y244	Q969U7	P25787	Q9Y244	Q969U7	P25787	8yix	11	11_24	1
SCF:0002242	train_eligible	0	AC:001941	Q9Y244	Q969U7	P28072	Q9Y244	Q969U7	P28072	8yix	11	11_24	1
SCF:0002244	train_eligible	0	AC:001945	A0A2K3DHV6	A0A2K3DQ46	A0A2K3DLF7	A0A2K3DHV6	A0A2K3DQ46	A0A2K3DLF7	8xks	3	11_24	1
SCF:0002245	train_eligible	0	AC:001945	A0A2K3DQ46	A0A2K3DHV6	A8HUP3	A0A2K3DQ46	A0A2K3DHV6	A8HUP3	8xks	3	11_24	1
SCF:0002248	train_eligible	1	AC:001951	Q96MG7	Q96MF7	Q8WV22	Q96MG7	Q96MF7	Q8WV22	9lwj	2	3_10	1
SCF:0002252	train_eligible	0	AC:001957	Q7Z4G1	Q9Y6G5	Q9P000	Q7Z4G1	Q9Y6G5	Q9P000	8f2r	3	3_10	1
SCF:0002253	train_eligible	1	AC:001957	Q7Z4G1	Q9Y6G5	Q9NX08	Q7Z4G1	Q9Y6G5	Q9NX08	8f2r	3	3_10	1
SCF:0002254	train_eligible	1	AC:001957	Q7Z4G1	Q9Y6G5	Q9H0A8	Q7Z4G1	Q9Y6G5	Q9H0A8	8f2r	3	3_10	1
SCF:0002255	train_eligible	0	AC:001959	P89102	Q06245	P32855	P89102	Q06245	P32855	5yfp	2	3_10	1
SCF:0002256	train_eligible	0	AC:001959	P89102	Q06245	P32844	P89102	Q06245	P32844	5yfp	2	3_10	1
SCF:0002257	train_eligible	1	AC:001959	P89102	Q06245	P19658	P89102	Q06245	P19658	5yfp	2	3_10	1
SCF:0002258	train_eligible	0	AC:001959	Q06245	P89102	P32855	Q06245	P89102	P32855	5yfp	2	3_10	1
SCF:0002259	train_eligible	0	AC:001959	Q06245	P89102	P22224	Q06245	P89102	P22224	5yfp	2	3_10	1
SCF:0002260	train_eligible	0	AC:001959	Q06245	P89102	P38261	Q06245	P89102	P38261	5yfp	2	3_10	1
SCF:0002263	train_eligible	0	AC:001962	P17987	Q9NQP4	O60925	Q32L40	Q9NQP4	O60925	6nrb	3	11_24	1
SCF:0002264	train_eligible	0	AC:001962	Q9NQP4	P17987	P50991	Q9NQP4	Q32L40	P50991	6nrb	3	11_24	1
SCF:0002265	train_eligible	0	AC:001963	P06271	A0A1S4BFK7	A0A1S4CE74	P06271	A0A1S4BFK7	A0A9R0JBX6	8wa1	1	11_24	0
SCF:0002266	train_eligible	1	AC:001964	P50370	Q08363	P37256	P50370	P12239	O19927	9iiu	5	11_24	1
SCF:0002267	train_eligible	0	AC:001964	Q08363	P50370	P18263	P12239	P50370	P19054	9iiu	5	11_24	1
SCF:0002268	train_eligible	0	AC:001964	Q08363	P50370	P37256	P12239	P50370	O19927	9iiu	5	11_24	1
SCF:0002269	train_eligible	0	AC:001964	Q08363	P50370	P92277	P12239	P50370	P92277	9iiu	5	11_24	1
SCF:0002271	train_eligible	0	AC:001968	O60925	P50990	P17987	O60925	Q3ZCI9	Q32L40	6nrd	3	11_24	1
SCF:0002272	train_eligible	0	AC:001968	O60925	P50990	P49368	O60925	Q3ZCI9	Q3T0K2	6nrd	3	11_24	1
SCF:0002273	train_eligible	1	AC:001968	P50990	O60925	O15212	Q3ZCI9	O60925	O15212	6nrd	3	11_24	1
SCF:0002274	train_eligible	0	AC:001969	A0A9R0IP63	A0A9R0JBX6	A0A9R0K533	A0AA96C3P8	A0A9R0JBX6	A0A9R0K533	8xzv	1	11_24	0
SCF:0002275	train_eligible	0	AC:001969	A0A9R0IP63	A0A9R0JBX6	A0A9R0IWV5	A0AA96C3P8	A0A9R0JBX6	A0A9R0IWV5	8xzv	1	11_24	0
SCF:0002286	train_eligible	0	AC:001978	Q9Y3B2	P42285	Q15477	Q9Y3B2	P42285	Q15477	6d6q	2	11_24	1
SCF:0002287	train_eligible	0	AC:001978	Q9Y3B2	P42285	Q8TF46	Q9Y3B2	P42285	Q8TF46	6d6q	2	11_24	1
SCF:0002288	train_eligible	0	AC:001978	Q9Y3B2	P42285	Q9Y450	Q9Y3B2	P42285	Q9Y450	6d6q	2	11_24	1
SCF:0002289	train_eligible	0	AC:001979	Q8DJU2	Q8DJ02	Q8DL30	Q8DJU2	P56751	Q8DL30	6nby	9	11_24	1
SCF:0002297	train_eligible	0	AC:001984	P07703	P32349	P36070	P07703	P32349	P36070	8bws	24	11_24	1
SCF:0002298	train_eligible	0	AC:001984	P32349	P07703	P41910	P32349	P07703	P41910	8bws	24	11_24	1
SCF:0002299	train_eligible	1	AC:001984	P32349	P07703	P32910	P32349	P07703	P32910	8bws	24	11_24	1
SCF:0002303	train_eligible	0	AC:001989	P0A3C9	Q8DKZ4	Q8DL31	P0A3C9	Q8DKZ4	Q8DL31	6khi	2	11_24	1
SCF:0002304	train_eligible	0	AC:001995	O81098	Q9M1A8	Q9FJ98	O81098	Q9M1A8	A0A4X1VEK9	8xmd	6	11_24	1
SCF:0002305	train_eligible	0	AC:001997	P40227	Q9NQP4	Q99471	P40227	Q9NQP4	Q99471	6nr9	3	11_24	1
SCF:0002306	train_eligible	0	AC:001997	P40227	Q9NQP4	Q9UHV9	P40227	Q9NQP4	Q9UHV9	6nr9	3	11_24	1
SCF:0002307	train_eligible	0	AC:001997	P40227	Q9NQP4	O15212	P40227	Q9NQP4	O15212	6nr9	3	11_24	1
SCF:0002308	train_eligible	0	AC:001997	Q9NQP4	P40227	P50991	Q9NQP4	P40227	P50991	6nr9	3	11_24	1
SCF:0002315	train_eligible	0	AC:002005	P17987	Q9UHV9	O60925	Q32L40	Q9UHV9	O60925	6nr9	3	11_24	1
SCF:0002316	train_eligible	0	AC:002005	Q9UHV9	P17987	P40227	Q9UHV9	Q32L40	P40227	6nr9	3	11_24	1
SCF:0002317	train_eligible	0	AC:002007	Q5JS54	P25786	O14818	Q5JS54	P25786	O14818	8tm3	2	11_24	1
SCF:0002318	train_eligible	0	AC:002007	Q5JS54	P25786	P28066	Q5JS54	P25786	P28066	8tm3	2	11_24	1
SCF:0002319	train_eligible	0	AC:002007	Q5JS54	P25786	P25789	Q5JS54	P25786	P23638	8tm3	2	11_24	1
SCF:0002326	train_eligible	0	AC:002010	A0A3Q7EMX2	A0A3Q7GDB0	Q38JI8	A0A3Q7EMX2	G1SGX4	A0A3B6SS17	7qiy	1	11_24	0
SCF:0002331	train_eligible	1	AC:002014	P0DP23	P49662	P12277	P0DP23	P49662	P12277	7wr5	2	3_10	1
SCF:0002334	train_eligible	0	AC:002020	B3H6Z4	O80634	Q9SGH4	B3H6Z4	O80634	Q9SGH4	7wff	2	11_24	1
SCF:0002344	train_eligible	1	AC:002028	E1C9K9	E1C9L2	E1C9L1	E1C9K9	E1C9L2	E1C9L1	3lw5	1	11_24	0
SCF:0002349	train_eligible	0	AC:002036	O14818	Q96P70	Q13200	O14818	Q96P70	Q13200	9qoo	2	11_24	1
SCF:0002350	train_eligible	0	AC:002036	O14818	Q96P70	Q99460	O14818	Q96P70	Q99460	9qoo	2	11_24	1
SCF:0002351	train_eligible	0	AC:002036	Q96P70	O14818	P25787	Q96P70	O14818	P25787	9qoo	2	11_24	1
SCF:0002352	train_eligible	0	AC:002036	Q96P70	O14818	P60900	Q96P70	O14818	P60900	9qoo	2	11_24	1
SCF:0002354	train_eligible	0	AC:002039	O15212	O60925	Q9NQP4	O15212	O60925	Q9NQP4	6nrb	3	11_24	1
SCF:0002355	train_eligible	0	AC:002039	O15212	O60925	Q99471	O15212	O60925	Q99471	6nrb	3	11_24	1
SCF:0002356	train_eligible	0	AC:002039	O15212	O60925	P61758	O15212	O60925	P61758	6nrb	3	11_24	1
SCF:0002357	train_eligible	0	AC:002039	O60925	O15212	P61758	O60925	O15212	P61758	6nrb	3	11_24	1
SCF:0002358	train_eligible	0	AC:002039	O60925	O15212	Q99471	O60925	O15212	Q99471	6nrb	3	11_24	1
SCF:0002359	train_eligible	0	AC:002039	O60925	O15212	Q9UHV9	O60925	O15212	Q9UHV9	6nrb	3	11_24	1
SCF:0002361	train_eligible	0	AC:002043	P40337	Q15843	Q03071	P40337	Q15843	Q03071	6r7f	1	11_24	0
SCF:0002363	train_eligible	0	AC:002047	Q9Y7N2	O94646	Q9US45	Q9Y7N2	O94646	Q9US45	5n9j	1	11_24	0
SCF:0002364	train_eligible	0	AC:002048	P30665	P50874	P54790	P30665	P50874	P54790	6wgg	3	11_24	1
SCF:0002365	train_eligible	0	AC:002048	P50874	P30665	P24279	P50874	P30665	P24279	6wgg	3	11_24	1
SCF:0002367	train_eligible	1	AC:002053	Q8DKZ3	Q8DJ02	Q8DL30	Q8DKZ3	P56751	Q8DL30	6nbx	9	11_24	1
SCF:0002368	train_eligible	0	AC:002056	Q08363	A0A2K3DWM2	A8I846	P12239	A0A2K3DWM2	A8I846	8kde	1	11_24	0
SCF:0002369	train_eligible	0	AC:002059	P40337	P61201	Q13098	P40337	P61201	Q13098	6r6h	2	11_24	1
SCF:0002370	train_eligible	0	AC:002059	P40337	P61201	Q9UNS2	P40337	P61201	Q9UNS2	6r6h	2	11_24	1
SCF:0002371	train_eligible	0	AC:002059	P61201	P40337	P63208	P61201	P40337	P63208	6r6h	2	11_24	1
SCF:0002374	train_eligible	0	AC:002061	P01730	Q6N095	P0DOX5	P01730	Q6N030	Q6N030	2nxy	1	3_10	0
SCF:0002375	train_eligible	0	AC:002061	P01730	Q6N095	P03437	P01730	Q6N030	P03437	2nxy	1	3_10	0
SCF:0002376	train_eligible	0	AC:002064	Q9BQ15	Q9NVR2	Q68E01	Q9BQ15	Q9NVR2	Q68E01	8rbz	1	11_24	0
SCF:0002387	train_eligible	1	AC:002078	P80883	P00289	P00166	P80883	P16002	P00166	9tgg	1	11_24	0
SCF:0002393	train_eligible	0	AC:002085	Q8DKZ4	Q8DL29	Q8DJ02	Q8DKZ4	Q8DL29	P56751	6khi	9	11_24	1
SCF:0002394	train_eligible	0	AC:002085	Q8DL29	Q8DKZ4	Q8DL31	Q8DL29	Q8DKZ4	Q8DL31	6khi	9	11_24	1
SCF:0002395	train_eligible	0	AC:002087	Q71DI3	Q8N884	Q9NRC8	P02299	Q8N884	Q9NRC8	6y5d	3	11_24	1
SCF:0002396	train_eligible	0	AC:002087	Q8N884	Q71DI3	Q99877	Q8N884	P02299	O23629	6y5d	3	11_24	1
SCF:0002397	train_eligible	0	AC:002087	Q8N884	Q71DI3	P04908	Q8N884	P02299	P0C0S5	6y5d	3	11_24	1
SCF:0002398	train_eligible	0	AC:002087	Q8N884	Q71DI3	Q99878	Q8N884	P02299	P0C0S5	6y5d	3	11_24	1
SCF:0002399	train_eligible	0	AC:002088	Q2FW15	Q2G113	Q2FW20	P0AG63	P21468	Q2FW20	8bh7	15	11_24	1
SCF:0002402	train_eligible	0	AC:002093	A0T0T5	B8C2K6	B8C0K4	E1C9K8	B8C2K6	B8C0K4	8xls	2	11_24	1
SCF:0002403	train_eligible	0	AC:002094	Q96HW7	Q6PJG6	Q6P9B9	Q96HW7	Q6PJG6	Q6P9B9	8r2d	1	3_10	0
SCF:0002404	train_eligible	0	AC:002094	Q96HW7	Q6PJG6	Q9UL03	Q96HW7	Q6PJG6	Q9UL03	8r2d	1	3_10	0
SCF:0002405	train_eligible	0	AC:002094	Q96HW7	Q6PJG6	Q9NVH2	Q96HW7	Q6PJG6	Q9NVH2	8r2d	1	3_10	0
SCF:0002406	train_eligible	0	AC:002096	P49368	Q9UHV9	O60925	Q3T0K2	Q9UHV9	O60925	6nr9	3	11_24	1
SCF:0002407	train_eligible	0	AC:002096	P49368	Q9UHV9	Q99471	Q3T0K2	Q9UHV9	Q99471	6nr9	3	11_24	1
SCF:0002408	train_eligible	0	AC:002096	Q9UHV9	P49368	P40227	Q9UHV9	Q3T0K2	P40227	6nr9	3	11_24	1
SCF:0002409	train_eligible	0	AC:002098	P21466	P21477	P12873	P80373	P21477	P12873	8ced	22	11_24	1
SCF:0002410	train_eligible	0	AC:002098	P21466	P21477	P42924	P80373	P21477	Q2FW08	8ced	22	11_24	1
SCF:0002411	train_eligible	0	AC:002101	P08980	P69461	P80883	P08980	P74149	P80883	9es9	7	11_24	1
SCF:0002412	train_eligible	0	AC:002104	O15212	Q9UHV9	Q9NQP4	O15212	Q9UHV9	Q9NQP4	6nrb	3	11_24	1
SCF:0002413	train_eligible	0	AC:002104	O15212	Q9UHV9	P61758	O15212	Q9UHV9	P61758	6nrb	3	11_24	1
SCF:0002414	train_eligible	0	AC:002104	O15212	Q9UHV9	Q99471	O15212	Q9UHV9	Q99471	6nrb	3	11_24	1
SCF:0002415	train_eligible	0	AC:002104	Q9UHV9	O15212	O60925	Q9UHV9	O15212	O60925	6nrb	3	11_24	1
SCF:0002416	train_eligible	0	AC:002104	Q9UHV9	O15212	P61758	Q9UHV9	O15212	P61758	6nrb	3	11_24	1
SCF:0002417	train_eligible	0	AC:002104	Q9UHV9	O15212	Q99471	Q9UHV9	O15212	Q99471	6nrb	3	11_24	1
SCF:0002430	train_eligible	0	AC:002120	O96019	Q9GZN1	P60709	O96019	Q9GZN1	P68134	8x15	3	11_24	1
SCF:0002431	train_eligible	0	AC:002120	O96019	Q9GZN1	Q8WUB8	O96019	Q9GZN1	Q8WUB8	8x15	3	11_24	1
SCF:0002432	train_eligible	0	AC:002120	Q9GZN1	O96019	P60709	Q9GZN1	O96019	P68134	8x15	3	11_24	1
SCF:0002433	train_eligible	0	AC:002121	Q2FW20	Q2G2D3	Q2FW23	Q2FW20	Q2G2D3	Q839E7	8bh7	1	11_24	0
SCF:0002434	train_eligible	0	AC:002121	Q2G2D3	Q2FW20	P0A0H0	Q2G2D3	Q2FW20	P21472	8bh7	1	11_24	0
SCF:0002436	train_eligible	0	AC:002124	Q22YU3	Q22R86	Q24CE5	Q22YU3	Q22R86	Q24CE5	6zyw	1	11_24	0
SCF:0002437	train_eligible	0	AC:002124	Q22YU3	Q22R86	Q24DI9	Q22YU3	Q22R86	Q24DI9	6zyw	1	11_24	0
SCF:0002443	train_eligible	1	AC:002126	P29056	P32349	P46678	P29056	P32349	P46678	6cnb	8	11_24	1
SCF:0002446	train_eligible	0	AC:002132	A0A2K3E6S5	P50370	P37256	A0A2K3E6S5	P50370	O19927	9iiu	3	11_24	1
SCF:0002447	train_eligible	0	AC:002132	A0A2K3E6S5	P50370	P92277	A0A2K3E6S5	P50370	P92277	9iiu	3	11_24	1
SCF:0002449	train_eligible	0	AC:002134	P0DOX5	Q6P5S8	P0DOX7	Q6N030	Q8TCD0	Q8TCD0	6v8z	1	11_24	0
SCF:0002450	train_eligible	0	AC:002134	P0DOX5	Q6P5S8	Q6GMX0	Q6N030	Q8TCD0	Q8TCD0	6v8z	1	11_24	0
SCF:0002451	train_eligible	0	AC:002134	Q6P5S8	P0DOX5	Q6N089	Q8TCD0	Q6N030	Q6N030	6v8z	1	11_24	0
SCF:0002452	train_eligible	0	AC:002134	Q6P5S8	P0DOX5	Q6N095	Q8TCD0	Q6N030	Q6N030	6v8z	1	11_24	0
SCF:0002453	train_eligible	0	AC:002134	Q6P5S8	P0DOX5	Q6GMX6	Q8TCD0	Q6N030	Q6N030	6v8z	1	11_24	0
SCF:0002458	train_eligible	0	AC:002138	Q9NVH2	Q9NVR2	Q68E01	Q9NVH2	Q9NVR2	Q68E01	8rbz	3	11_24	1
SCF:0002459	train_eligible	0	AC:002138	Q9NVH2	Q9NVR2	Q96HW7	Q9NVH2	Q9NVR2	Q96HW7	8rbz	3	11_24	1
SCF:0002460	train_eligible	0	AC:002138	Q9NVH2	Q9NVR2	Q9NV88	Q9NVH2	Q9NVR2	Q9NV88	8rbz	3	11_24	1
SCF:0002461	train_eligible	0	AC:002138	Q9NVR2	Q9NVH2	Q96HW7	Q9NVR2	Q9NVH2	Q96HW7	8rbz	3	11_24	1
SCF:0002462	train_eligible	0	AC:002139	W7WX86	I7MG46	I7LT80	W7WX86	I7MG46	I7LT80	8th8	2	11_24	1
SCF:0002463	train_eligible	0	AC:002139	W7WX86	I7MG46	Q23YW7	W7WX86	I7MG46	Q23YW7	8th8	2	11_24	1
SCF:0002465	train_eligible	0	AC:002144	O94408	Q9UUI1	O74483	P38203	Q9UUI1	O74483	6ppv	4	3_10	1
SCF:0002466	train_eligible	0	AC:002144	O94408	Q9UUI1	Q9Y7M4	P38203	Q9UUI1	Q9Y7M4	6ppv	4	3_10	1
SCF:0002467	train_eligible	0	AC:002144	Q9UUI1	O94408	Q9Y7M4	Q9UUI1	P38203	Q9Y7M4	6ppv	4	3_10	1
SCF:0002470	train_eligible	0	AC:002147	P84077	O00189	P35585	P84077	O00189	P35585	9u9s	2	3_10	1
SCF:0002477	train_eligible	0	AC:002152	P20248	Q12834	Q13042	P20248	Q12834	Q13042	6q6h	2	11_24	1
SCF:0002478	train_eligible	0	AC:002154	Q38859	Q9M1A8	Q9FJ98	Q38859	Q9M1A8	A0A4X1VEK9	8xmd	6	11_24	1
SCF:0002479	train_eligible	0	AC:002156	I7MHB1	Q24CE5	Q1HFW2	I7MHB1	Q24CE5	Q1HFW2	6zyw	1	11_24	0
SCF:0002480	train_eligible	0	AC:002156	I7MHB1	Q24CE5	A4VE64	I7MHB1	Q24CE5	Q1HFW2	6zyw	1	11_24	0
SCF:0002481	train_eligible	0	AC:002156	I7MHB1	Q24CE5	Q1HFV9	I7MHB1	Q24CE5	Q24DI9	6zyw	1	11_24	0
SCF:0002488	train_eligible	0	AC:002164	Q8DLN5	Q8DL30	Q8DJ02	Q8DLN5	Q8DL30	P56751	6l7p	9	11_24	1
SCF:0002491	train_eligible	0	AC:002172	Q08162	Q12149	Q99207	Q08162	Q12149	Q99207	6fsz	8	11_24	1
SCF:0002492	train_eligible	0	AC:002172	Q08162	Q12149	Q08491	Q08162	Q12149	Q08491	6fsz	8	11_24	1
SCF:0002493	train_eligible	0	AC:002172	Q12149	Q08162	Q04500	Q12149	Q08162	Q04500	6fsz	8	11_24	1
SCF:0002495	train_eligible	1	AC:002176	Q9UJX3	Q9UJX4	P30260	Q9UJX3	Q9UJX4	P30260	9n9s	14	11_24	1
SCF:0002496	train_eligible	0	AC:002176	Q9UJX4	Q9UJX3	Q9UJX2	Q9UJX4	Q9UJX3	Q9UJX2	9n9s	14	11_24	1
SCF:0002497	train_eligible	0	AC:002176	Q9UJX4	Q9UJX3	Q13042	Q9UJX4	Q9UJX3	Q13042	9n9s	14	11_24	1
SCF:0002498	train_eligible	0	AC:002176	Q9UJX4	Q9UJX3	Q9UJX6	Q9UJX4	Q9UJX3	Q9UJX6	9n9s	14	11_24	1
SCF:0002501	train_eligible	0	AC:002180	P0A7V8	P0A7G2	P02358	P80373	P0A7G2	Q83D76	7afl	4	11_24	1
SCF:0002503	train_eligible	1	AC:002180	P0A7V8	P0A7G2	P0A7R9	P80373	P0A7G2	Q50296	7afl	4	11_24	1
SCF:0002504	train_eligible	0	AC:002181	P20980	P68439	P68694	P20980	P68439	Q76ZP7	8rqk	2	11_24	1
SCF:0002508	train_eligible	0	AC:002183	P09119	P29469	P54784	P09119	P29469	P54784	9bcx	1	11_24	0
SCF:0002509	train_eligible	0	AC:002183	P29469	P09119	P50874	P29469	P09119	P50874	9bcx	1	11_24	0
SCF:0002510	train_eligible	1	AC:002183	P29469	P09119	P54791	P29469	P09119	P54791	9bcx	1	11_24	0
SCF:0002511	train_eligible	0	AC:002183	P29469	P09119	P32833	P29469	P09119	P32833	9bcx	1	11_24	0
SCF:0002512	train_eligible	0	AC:002184	Q1HFW2	Q1HGH8	Q1HFX1	Q1HFW2	Q1HGH8	A8IY95	7k5b	6	11_24	1
SCF:0002513	train_eligible	0	AC:002184	Q1HGH8	Q1HFW2	W7XJB1	Q1HGH8	Q1HFW2	W7XJB1	7k5b	6	11_24	1
SCF:0002514	train_eligible	0	AC:002184	Q1HGH8	Q1HFW2	Q24DI9	Q1HGH8	Q1HFW2	Q24DI9	7k5b	6	11_24	1
SCF:0002515	train_eligible	0	AC:002184	Q1HGH8	Q1HFW2	Q1HFV9	Q1HGH8	Q1HFW2	Q24DI9	7k5b	6	11_24	1
SCF:0002517	train_eligible	1	AC:002185	Q2V2P8	P53298	P38313	Q2V2P8	P53298	P38313	8ow0	2	11_24	1
SCF:0002518	train_eligible	0	AC:002187	A0A3A5I502	A0A063XCH0	A0A063X754	A0A3A5I502	A0A063XCH0	A0A063X754	9p38	1	11_24	0
SCF:0002520	train_eligible	0	AC:002190	Q9BXW9	Q8TAF3	P0CG48	Q9BXW9	Q8TAF3	P0CG48	8a9k	3	3_10	1
SCF:0002521	train_eligible	0	AC:002191	P48940	Q2FW10	Q2G111	P17291	A0QSD5	A0A2V3DLV3	8bh7	16	11_24	1
SCF:0002522	train_eligible	0	AC:002193	Q5RKV6	P42285	Q15477	Q5RKV6	P42285	Q15477	6d6q	2	11_24	1
SCF:0002523	train_eligible	0	AC:002193	Q5RKV6	P42285	Q9Y450	Q5RKV6	P42285	Q9Y450	6d6q	2	11_24	1
SCF:0002530	train_eligible	0	AC:002208	P20998	P68610	P21034	P20998	P68610	P04310	8p0k	3	11_24	1
SCF:0002531	train_eligible	0	AC:002209	P68135	P24732	P0DP26	P68134	P24732	P0DP23	5h53	1	3_10	0
SCF:0002532	train_eligible	0	AC:002209	P68135	P24732	Q9Y281	P68134	P24732	Q9Y281	5h53	1	3_10	0
SCF:0002533	train_eligible	0	AC:002209	P68135	P24732	P14649	P68134	P24732	P02602	5h53	1	3_10	0
SCF:0002546	train_eligible	0	AC:002219	Q41038	P05311	P05310	F2D0D5	T1RIQ1	A0T0M8	2o01	5	11_24	1
SCF:0002547	train_eligible	0	AC:002220	P04050	Q12004	P32585	A0A7M4DUC2	Q12004	P32585	7o4l	7	11_24	1
SCF:0002548	train_eligible	0	AC:002220	P04050	Q12004	P35189	A0A7M4DUC2	Q12004	P35189	7o4l	7	11_24	1
SCF:0002556	train_eligible	0	AC:002225	Q22YU3	W7XJB1	Q24CE5	Q22YU3	W7XJB1	Q24CE5	6zyx	2	3_10	1
SCF:0002557	train_eligible	0	AC:002225	Q22YU3	W7XJB1	Q24DI9	Q22YU3	W7XJB1	Q24DI9	6zyx	2	3_10	1
SCF:0002558	train_eligible	1	AC:002227	O14198	Q9Y821	Q9US45	O14198	Q9Y821	Q9US45	5n9j	1	11_24	0
SCF:0002559	train_eligible	1	AC:002227	Q9Y821	O14198	Q9US45	Q9Y821	O14198	Q9US45	5n9j	1	11_24	0
SCF:0002560	train_eligible	0	AC:002228	A4VEB3	I7MCM8	W7XJB1	A4VEB3	Q1HFX0	W7XJB1	6zyw	1	11_24	0
SCF:0002561	train_eligible	0	AC:002228	A4VEB3	I7MCM8	Q24DI9	A4VEB3	Q1HFX0	Q24DI9	6zyw	1	11_24	0
SCF:0002562	train_eligible	0	AC:002228	A4VEB3	I7MCM8	Q1HFV9	A4VEB3	Q1HFX0	Q24DI9	6zyw	1	11_24	0
SCF:0002577	train_eligible	0	AC:002238	P69461	P00289	P00166	P74149	P16002	P00166	9tgg	1	11_24	0
SCF:0002581	train_eligible	0	AC:002242	P53197	Q04601	Q08683	P53197	Q04601	Q08683	8a3t	1	11_24	0
SCF:0002583	train_eligible	0	AC:002247	Q2FW30	Q2G2Q4	Q2FW18	B7IA17	Q2G2Q4	P62399	8byv	1	11_24	0
SCF:0002584	train_eligible	0	AC:002250	O85388	Q83ED6	Q83ES0	P80372	Q83ED6	A0QSD5	9t0z	3	11_24	1
SCF:0002587	train_eligible	1	AC:002265	O60566	P30260	Q9UJX5	O60566	P30260	Q9UJX5	5khu	3	11_24	1
SCF:0002588	train_eligible	0	AC:002265	P30260	O60566	Q9UJX6	P30260	O60566	Q9UJX6	5khu	3	11_24	1
SCF:0002589	train_eligible	0	AC:002270	A0T0T5	B8CEQ3	B8C0K4	E1C9K8	B8CEQ3	B8C0K4	8xls	2	11_24	1
SCF:0002590	train_eligible	0	AC:002270	A0T0T5	B8CEQ3	B8BUW3	E1C9K8	B8CEQ3	B8BUW3	8xls	2	11_24	1
SCF:0002591	train_eligible	0	AC:002271	O43257	O96019	P60709	O43257	O96019	P68134	8x19	3	11_24	1
SCF:0002592	train_eligible	0	AC:002271	O43257	O96019	Q9GZN1	O43257	O96019	Q9GZN1	8x19	3	11_24	1
SCF:0002593	train_eligible	0	AC:002271	O96019	O43257	Q6AZJ8	O96019	O43257	P0C0S5	8x19	3	11_24	1
SCF:0002594	train_eligible	0	AC:002271	O96019	O43257	Q9BQE9	O96019	O43257	Q9BQE9	8x19	3	11_24	1
SCF:0002595	train_eligible	0	AC:002272	P87173	Q9Y7M4	O94408	P87173	Q9Y7M4	P38203	6ppq	2	3_10	1
SCF:0002596	train_eligible	0	AC:002272	P87173	Q9Y7M4	O14352	P87173	Q9Y7M4	O14352	6ppq	2	3_10	1
SCF:0002597	train_eligible	0	AC:002272	Q9Y7M4	P87173	O74483	Q9Y7M4	P87173	O74483	6ppq	2	3_10	1
SCF:0002598	train_eligible	1	AC:002274	P0A0F8	Q2FW17	Q2FZ42	P0A0F8	P0CI78	O31742	6sj6	34	11_24	1
SCF:0002599	train_eligible	0	AC:002274	P0A0F8	Q2FW17	Q2FW30	P0A0F8	P0CI78	B7IA17	6sj6	34	11_24	1
SCF:0002601	train_eligible	0	AC:002277	A4VE64	W7XJB1	I7MCM8	Q1HFW2	W7XJB1	Q1HFX0	6zyw	1	11_24	0
SCF:0002602	train_eligible	0	AC:002277	W7XJB1	A4VE64	Q24CE5	W7XJB1	Q1HFW2	Q24CE5	6zyw	1	11_24	0
SCF:0002603	train_eligible	0	AC:002277	W7XJB1	A4VE64	Q1HFW0	W7XJB1	Q1HFW2	Q24CE5	6zyw	1	11_24	0
SCF:0002614	train_eligible	0	AC:002295	Q9LU21	P26288	P56752	Q9LU21	P26288	P56752	7wff	1	11_24	0
SCF:0002615	train_eligible	0	AC:002297	P53859	Q08162	Q99207	P53859	Q08162	Q99207	5jea	13	11_24	1
SCF:0002616	train_eligible	0	AC:002297	Q08162	P53859	P46948	Q08162	P53859	P46948	5jea	13	11_24	1
SCF:0002617	train_eligible	0	AC:002299	O81098	O82504	Q9LK40	O81098	O82504	Q9LK40	8xmd	4	11_24	1
SCF:0002624	train_eligible	0	AC:002310	A0A0M3KL12	A0A0M3KL11	E1C9L3	A0A0H2UKZ4	A0A4V8GZZ4	E1C9L3	4y28	1	11_24	0
SCF:0002625	train_eligible	0	AC:002310	A0A0M3KL12	A0A0M3KL11	Q9S7N7	A0A0H2UKZ4	A0A4V8GZZ4	B6U534	4y28	1	11_24	0
SCF:0002626	train_eligible	0	AC:002310	A0A0M3KL12	A0A0M3KL11	P16002	A0A0H2UKZ4	A0A4V8GZZ4	P16002	4y28	1	11_24	0
SCF:0002633	train_eligible	0	AC:002315	I7MDA9	Q24C31	Q23YW7	I7MDA9	Q24C31	Q23YW7	8th8	2	11_24	1
SCF:0002634	train_eligible	0	AC:002315	I7MDA9	Q24C31	Q23S05	I7MDA9	Q24C31	Q23S05	8th8	2	11_24	1
SCF:0002635	train_eligible	0	AC:002315	I7MDA9	Q24C31	A4VD15	I7MDA9	Q24C31	A4VD15	8th8	2	11_24	1
SCF:0002636	train_eligible	0	AC:002319	G3MXC8	Q3MHR7	Q1JP79	G3MXC8	Q9CVB6	Q1JP79	7jpn	2	3_10	1
SCF:0002638	train_eligible	1	AC:002320	P53905	Q06406	P40089	P53905	Q06406	P40089	4m7d	10	3_10	1
SCF:0002639	train_eligible	1	AC:002320	Q06406	P53905	P57743	Q06406	P53905	P57743	4m7d	10	3_10	1
SCF:0002640	train_eligible	0	AC:002320	Q06406	P53905	P47093	Q06406	P53905	P47093	4m7d	10	3_10	1
SCF:0002641	train_eligible	0	AC:002320	Q06406	P53905	P47017	Q06406	P53905	P47017	4m7d	10	3_10	1
SCF:0002644	train_eligible	0	AC:002326	P27766	Q39584	Q7Y0H2	P27766	Q39584	Q7Y0H2	7kzn	2	11_24	1
SCF:0002645	train_eligible	1	AC:002326	Q39584	P27766	Q39578	Q39584	P27766	Q39578	7kzn	2	11_24	1
SCF:0002646	train_eligible	0	AC:002327	P49960	Q06406	P40089	P49960	Q06406	P40089	5vsu	1	3_10	0
SCF:0002647	train_eligible	0	AC:002327	P49960	Q06406	P38203	P49960	Q06406	P38203	5vsu	1	3_10	0
SCF:0002649	train_eligible	0	AC:002330	Q54G86	P22685	Q9Y3A5	Q54G86	P22685	Q9Y3A5	5anc	4	3_10	1
SCF:0002650	train_eligible	0	AC:002336	I7MHB1	A4VEB3	Q1HFV9	I7MHB1	A4VEB3	Q24DI9	7k58	7	11_24	1
SCF:0002651	train_eligible	0	AC:002337	W5I1R7	W5FWF5	W5DS33	G1TNM3	W5FWF5	G1SGX4	8r57	1	11_24	0
SCF:0002656	train_eligible	0	AC:002339	P21477	P21473	P21468	P21477	Q2G2Q1	P21468	8cdv	23	11_24	1
SCF:0002657	train_eligible	0	AC:002339	P21477	P21473	P21476	P21477	Q2G2Q1	A0QSD5	8cdv	23	11_24	1
SCF:0002658	train_eligible	0	AC:002339	P21477	P21473	P21474	P21477	Q2G2Q1	P75131	8cdv	23	11_24	1
SCF:0002665	train_eligible	0	AC:002342	W7XJB1	I7M6H4	Q22A67	W7XJB1	I7M6H4	Q22A67	6zyw	5	11_24	1
SCF:0002666	train_eligible	0	AC:002343	C3SR62	C3SRY2	W8T6F0	P80373	C3SRY2	Q83D76	9sx2	13	11_24	1
SCF:0002667	train_eligible	0	AC:002343	C3SR62	C3SRY2	C3SR52	P80373	C3SRY2	B7IA17	9sx2	13	11_24	1
SCF:0002668	train_eligible	0	AC:002343	C3SR62	C3SRY2	A0A024L8R9	P80373	C3SRY2	P40711	9sx2	13	11_24	1
SCF:0002669	train_eligible	0	AC:002343	C3SRY2	C3SR62	P60422	C3SRY2	P80373	P60422	9sx2	13	11_24	1
SCF:0002670	train_eligible	0	AC:002345	M1VKK5	Q85FP8	M1UU36	M1VKK5	Q85FP8	M1UU36	5zgb	1	11_24	0
SCF:0002671	train_eligible	0	AC:002345	Q85FP8	M1VKK5	M1VFJ4	Q85FP8	M1VKK5	M1VFJ4	5zgb	1	11_24	0
SCF:0002675	train_eligible	0	AC:002347	B8BUW3	A0T0M8	A0T0M9	B8BUW3	A0T0M8	T1RIQ1	8xls	2	11_24	1
SCF:0002677	train_eligible	0	AC:002349	Q9BTE1	P61163	F2Z5G5	Q9BTE1	F2Z5G5	F2Z5G5	9b85	2	11_24	1
SCF:0002678	train_eligible	0	AC:002349	Q9BTE1	P61163	Q9NZ32	Q9BTE1	F2Z5G5	Q9NZ32	9b85	2	11_24	1
SCF:0002682	train_eligible	1	AC:002353	Q1HFX0	Q1HFX1	Q22MV2	Q1HFX0	A8IY95	Q22MV2	7k58	1	11_24	0
SCF:0002683	train_eligible	0	AC:002353	Q1HFX0	Q1HFX1	I7MHB1	Q1HFX0	A8IY95	I7MHB1	7k58	1	11_24	0
SCF:0002687	train_eligible	1	AC:002355	P0A8V2	P0AF28	P0A7V8	P0A8V2	P0AF28	P80373	8u3b	1	3_10	0
SCF:0002692	train_eligible	0	AC:002360	P53859	P38801	P53256	P53859	P38801	P53256	5c0w	4	11_24	1
SCF:0002693	train_eligible	0	AC:002360	P53859	P38801	P53725	P53859	P38801	P53725	5c0w	4	11_24	1
SCF:0002697	train_eligible	0	AC:002371	P56769	Q9SY97	Q9SYW8	Q55329	A0A2K1IB10	F2D0D5	7wfe	3	11_24	1
SCF:0002698	train_eligible	0	AC:002371	P56769	Q9SY97	Q8LCQ4	Q55329	A0A2K1IB10	F2D0D5	7wfe	3	11_24	1
SCF:0002699	train_eligible	0	AC:002372	P53256	Q08162	Q99207	P53256	Q08162	Q99207	5k36	13	11_24	1
SCF:0002700	train_eligible	0	AC:002372	Q08162	P53256	P46948	Q08162	P53256	P46948	5k36	13	11_24	1
SCF:0002701	train_eligible	0	AC:002372	Q08162	P53256	Q12277	Q08162	P53256	Q12277	5k36	13	11_24	1
SCF:0002704	train_eligible	0	AC:002377	Q24DI9	I7M6H4	Q22A67	Q24DI9	I7M6H4	Q22A67	6zyw	1	11_24	0
SCF:0002705	train_eligible	0	AC:002381	I7LT80	Q24CL2	Q24DJ0	I7LT80	Q24CL2	Q24DJ0	8th8	2	11_24	1
SCF:0002706	train_eligible	0	AC:002381	I7LT80	Q24CL2	Q23YW7	I7LT80	Q24CL2	Q23YW7	8th8	2	11_24	1
SCF:0002707	train_eligible	0	AC:002381	Q24CL2	I7LT80	Q23S05	Q24CL2	I7LT80	Q23S05	8th8	2	11_24	1
SCF:0002713	train_eligible	0	AC:002393	O14010	Q9Y7N2	O94376	O14010	Q9Y7N2	O94376	5n9j	1	11_24	0
SCF:0002714	train_eligible	0	AC:002393	Q9Y7N2	O14010	O94376	Q9Y7N2	O14010	O94376	5n9j	1	11_24	0
SCF:0002716	train_eligible	0	AC:002396	B8BRQ8	A0T0M8	A0T0M9	B8BRQ8	A0T0M8	T1RIQ1	8zet	1	11_24	0
SCF:0002719	train_eligible	0	AC:002401	P12853	P18263	P92276	P12853	P19054	P92276	9hei	4	11_24	1
SCF:0002720	train_eligible	0	AC:002401	P18263	P12853	Q93VE0	P19054	P12853	A9RT62	9hei	4	11_24	1
SCF:0002721	train_eligible	0	AC:002401	P18263	P12853	A8HY43	P19054	P12853	A8HY43	9hei	4	11_24	1
SCF:0002724	train_eligible	0	AC:002403	Q9M3L0	P69461	P80883	Q9M3L0	P74149	P80883	6rqf	7	11_24	1
SCF:0002725	train_eligible	1	AC:002404	Q5SLP8	Q5SKU2	P80373	Q5SLP8	Q5SKU2	P80373	1i96	1	11_24	0
SCF:0002726	train_eligible	0	AC:002404	Q5SLP8	Q5SKU2	P17291	Q5SLP8	Q5SKU2	P17291	1i96	1	11_24	0
SCF:0002727	train_eligible	0	AC:002407	P01730	P01857	P0DOX5	P01730	P01867	Q6N030	2qad	1	3_10	0
SCF:0002728	train_eligible	0	AC:002407	P01857	P01730	P55899	P01867	P01730	P55899	2qad	1	3_10	0
SCF:0002729	train_eligible	0	AC:002409	C3TRH7	W8T6F0	C3SRY2	P0A7U7	Q83D76	C3SRY2	9sx2	1	11_24	0
SCF:0002730	train_eligible	0	AC:002410	P40337	Q9BT78	Q7L5N1	P40337	Q9BT78	Q7L5N1	6r7f	2	11_24	1
SCF:0002731	train_eligible	0	AC:002410	P40337	Q9BT78	Q13098	P40337	Q9BT78	Q13098	6r7f	2	11_24	1
SCF:0002732	train_eligible	0	AC:002410	P40337	Q9BT78	Q9UNS2	P40337	Q9BT78	Q9UNS2	6r7f	2	11_24	1
SCF:0002733	train_eligible	0	AC:002410	Q9BT78	P40337	P63208	Q9BT78	P40337	P63208	6r7f	2	11_24	1
SCF:0002742	train_eligible	0	AC:002419	P46020	P0DP25	P0DP23	P46020	P0DP23	P0DP23	8z5t	3	11_24	1
SCF:0002743	train_eligible	0	AC:002420	Q24CE5	I7M9J2	Q22A67	Q24CE5	I7M9J2	Q22A67	6zyw	1	11_24	0
SCF:0002746	train_eligible	0	AC:002422	P24279	P47112	P54791	P24279	P47112	P54791	6wgi	2	11_24	1
SCF:0002747	train_eligible	0	AC:002422	P24279	P47112	P29469	P24279	P47112	P29469	6wgi	2	11_24	1
SCF:0002748	train_eligible	0	AC:002422	P24279	P47112	P50874	P24279	P47112	P50874	6wgi	2	11_24	1
SCF:0002749	train_eligible	1	AC:002422	P47112	P24279	P29469	P47112	P24279	P29469	6wgi	2	11_24	1
SCF:0002750	train_eligible	1	AC:002422	P47112	P24279	P53091	P47112	P24279	P53091	6wgi	2	11_24	1
SCF:0002751	train_eligible	1	AC:002422	P47112	P24279	P38132	P47112	P24279	P38132	6wgi	2	11_24	1
SCF:0002752	train_eligible	0	AC:002423	Q85G51	M1VFJ4	M1VKK5	Q85G51	M1VFJ4	M1VKK5	7blz	4	11_24	1
SCF:0002753	train_eligible	0	AC:002425	A8IS47	A8J353	A8IJ60	A8IS47	A8J353	A8IJ60	7ekq	2	11_24	1
SCF:0002754	train_eligible	0	AC:002425	A8J353	A8IS47	A8INX1	A8J353	A8IS47	A8INX1	7ekq	2	11_24	1
SCF:0002760	train_eligible	0	AC:002436	Q22MV2	I7MCM8	Q1HFX0	Q22MV2	Q1HFX0	Q1HFX0	6zyw	1	11_24	0
SCF:0002761	train_eligible	0	AC:002436	Q22MV2	I7MCM8	W7XJB1	Q22MV2	Q1HFX0	W7XJB1	6zyw	1	11_24	0
SCF:0002762	train_eligible	0	AC:002436	Q22MV2	I7MCM8	Q1HFV9	Q22MV2	Q1HFX0	Q24DI9	6zyw	1	11_24	0
SCF:0002763	train_eligible	0	AC:002437	P22666	A8HY43	A0A2K3DWM2	P22666	A8HY43	A0A2K3DWM2	8kde	1	11_24	0
SCF:0002765	train_eligible	0	AC:002438	Q9Y3B2	Q9Y2L1	Q8TF46	Q9Y3B2	Q9Y2L1	Q8TF46	6d6q	3	11_24	1
SCF:0002766	train_eligible	0	AC:002438	Q9Y3B2	Q9Y2L1	Q9Y450	Q9Y3B2	Q9Y2L1	Q9Y450	6d6q	3	11_24	1
SCF:0002767	train_eligible	0	AC:002439	Q9GZQ3	Q9NX08	Q9P000	Q9GZQ3	Q9NX08	Q9P000	8p0w	3	11_24	1
SCF:0002768	train_eligible	0	AC:002439	Q9GZQ3	Q9NX08	Q9Y6G5	Q9GZQ3	Q9NX08	Q9Y6G5	8p0w	3	11_24	1
SCF:0002769	train_eligible	0	AC:002439	Q9GZQ3	Q9NX08	Q86X83	Q9GZQ3	Q9NX08	Q86X83	8p0w	3	11_24	1
SCF:0002770	train_eligible	0	AC:002439	Q9NX08	Q9GZQ3	Q9UBI1	Q9NX08	Q9GZQ3	Q9UBI1	8p0w	3	11_24	1
SCF:0002771	train_eligible	0	AC:002439	Q9NX08	Q9GZQ3	Q9H0A8	Q9NX08	Q9GZQ3	Q9H0A8	8p0w	3	11_24	1
SCF:0002775	train_eligible	0	AC:002442	I7MCM8	Q22R86	A4VE64	Q1HFX0	Q22R86	Q1HFW2	6zyw	1	11_24	0
SCF:0002776	train_eligible	0	AC:002442	Q22R86	I7MCM8	Q1HFX0	Q22R86	Q1HFX0	Q1HFX0	6zyw	1	11_24	0
SCF:0002777	train_eligible	0	AC:002442	Q22R86	I7MCM8	W7XJB1	Q22R86	Q1HFX0	W7XJB1	6zyw	1	11_24	0
SCF:0002778	train_eligible	0	AC:002442	Q22R86	I7MCM8	Q1HFV9	Q22R86	Q1HFX0	Q24DI9	6zyw	1	11_24	0
SCF:0002782	train_eligible	0	AC:002448	P17987	Q99471	O60925	Q32L40	Q99471	O60925	6nr9	3	11_24	1
SCF:0002783	train_eligible	0	AC:002448	Q99471	P17987	P49368	Q99471	Q32L40	Q3T0K2	6nr9	3	11_24	1
SCF:0002784	train_eligible	0	AC:002448	Q99471	P17987	P40227	Q99471	Q32L40	P40227	6nr9	3	11_24	1
SCF:0002785	train_eligible	0	AC:002449	P36053	P40352	P27692	P36053	P40352	P27692	8tvy	1	11_24	0
SCF:0002786	train_eligible	0	AC:002453	P07703	P29056	P40992	P07703	P29056	P40992	6f42	8	11_24	1
SCF:0002787	train_eligible	0	AC:002453	P29056	P07703	P32910	P29056	P07703	P32910	6f42	8	11_24	1
SCF:0002788	train_eligible	0	AC:002457	P04899	P41143	P25090	P50148	P41143	P25090	8y45	1	3_10	0
SCF:0002789	train_eligible	0	AC:002457	P04899	P41143	Q8TDU9	P50148	P41143	Q8TDU9	8y45	1	3_10	0
SCF:0002790	train_eligible	0	AC:002457	P04899	P41143	P25929	P50148	P41143	P25929	8y45	1	3_10	0
SCF:0002791	train_eligible	0	AC:002457	P41143	P04899	P63096	P41143	P50148	P50148	8y45	1	3_10	0
SCF:0002796	train_eligible	0	AC:002465	P92276	P11471	Q93VE0	P92276	P11471	A9RT62	9hei	2	11_24	1
SCF:0002797	train_eligible	1	AC:002465	P92276	P11471	P12853	P92276	P11471	P12853	9hei	2	11_24	1
SCF:0002798	train_eligible	0	AC:002467	A4VEB3	I7M9J2	Q22A67	A4VEB3	I7M9J2	Q22A67	8bwy	7	11_24	1
SCF:0002799	train_eligible	0	AC:002469	O80634	P26288	A0A1B1W4Z4	O80634	P26288	A0A1B1W4Z4	7wff	1	11_24	0
SCF:0002800	train_eligible	0	AC:002469	P26288	O80634	Q9SGH4	P26288	O80634	Q9SGH4	7wff	1	11_24	0
SCF:0002802	train_eligible	0	AC:002474	Q96FW1	Q15819	P62837	Q96FW1	Q15819	A0A6P5C4T4	3von	1	3_10	0
SCF:0002803	train_eligible	0	AC:002474	Q96FW1	Q15819	P61088	Q96FW1	Q15819	P61088	3von	1	3_10	0
SCF:0002804	train_eligible	1	AC:002475	Q12379	Q04601	Q08683	Q12379	Q04601	Q08683	8a5y	3	11_24	1
SCF:0002806	train_eligible	1	AC:002478	Q8TF46	Q96B26	Q9NQT4	Q8TF46	Q96B26	Q9NQT4	9g8n	2	11_24	1
SCF:0002807	train_eligible	0	AC:002478	Q8TF46	Q96B26	Q15024	Q8TF46	Q96B26	Q15024	9g8n	2	11_24	1
SCF:0002808	train_eligible	0	AC:002480	O82504	Q9FJ98	Q9M1A8	O82504	A0A4X1VEK9	Q9M1A8	8xme	4	11_24	1
SCF:0002809	train_eligible	0	AC:002480	Q9FJ98	O82504	Q9LK40	A0A4X1VEK9	O82504	Q9LK40	8xme	4	11_24	1
SCF:0002816	train_eligible	0	AC:002485	I7M9J2	Q24DI9	Q1HFX5	I7M9J2	Q24DI9	Q240X9	6zyw	1	11_24	0
SCF:0002817	train_eligible	0	AC:002485	I7M9J2	Q24DI9	Q240X9	I7M9J2	Q24DI9	Q240X9	6zyw	1	11_24	0
SCF:0002818	train_eligible	0	AC:002485	Q24DI9	I7M9J2	Q22A67	Q24DI9	I7M9J2	Q22A67	6zyw	1	11_24	0
SCF:0002825	train_eligible	1	AC:002493	A0A2K3CY83	A0A2K3DVJ8	A0A2K3DM81	A0A2K3CY83	A0A2K3DVJ8	A0A2K3DM81	8xqx	3	11_24	1
SCF:0002830	train_eligible	0	AC:002500	Q8DKF5	Q8DL32	Q8DKF4	Q8DKF5	Q8DL32	Q8DKF4	6tjv	1	11_24	0
SCF:0002831	train_eligible	0	AC:002500	Q8DKF5	Q8DL32	Q8DMR6	Q8DKF5	Q8DL32	Q8DMR6	6tjv	1	11_24	0
SCF:0002832	train_eligible	0	AC:002500	Q8DL32	Q8DKF5	Q8DKX9	Q8DL32	Q8DKF5	Q8DKX9	6tjv	1	11_24	0
SCF:0002833	train_eligible	0	AC:002500	Q8DL32	Q8DKF5	Q8DMR6	Q8DL32	Q8DKF5	Q8DMR6	6tjv	1	11_24	0
SCF:0002837	train_eligible	0	AC:002503	Q10317	Q9Y821	Q10477	Q10317	Q9Y821	Q10477	5n9j	1	11_24	0
SCF:0002838	train_eligible	1	AC:002503	Q9Y821	Q10317	O13964	Q9Y821	Q10317	O13964	5n9j	1	11_24	0
SCF:0002839	train_eligible	0	AC:002505	Q13868	Q9Y2L1	Q8TF46	Q13868	Q9Y2L1	Q8TF46	6h25	3	11_24	1
SCF:0002840	train_eligible	0	AC:002505	Q13868	Q9Y2L1	Q9Y450	Q13868	Q9Y2L1	Q9Y450	6h25	3	11_24	1
SCF:0002841	train_eligible	0	AC:002505	Q9Y2L1	Q13868	Q9NPD3	Q9Y2L1	Q13868	Q9NPD3	6h25	3	11_24	1
SCF:0002842	train_eligible	0	AC:002511	Q93100	P0DP25	P0DP23	Q93100	P0DP23	P0DP23	8z5t	3	11_24	1
SCF:0002843	train_eligible	0	AC:002512	Q9H0H0	Q9NVR2	Q96HW7	Q9H0H0	Q9NVR2	Q96HW7	8rc4	3	11_24	1
SCF:0002844	train_eligible	0	AC:002512	Q9H0H0	Q9NVR2	Q75QN2	Q9H0H0	Q9NVR2	Q75QN2	8rc4	3	11_24	1
SCF:0002845	train_eligible	0	AC:002512	Q9NVR2	Q9H0H0	Q96HW7	Q9NVR2	Q9H0H0	Q96HW7	8rc4	3	11_24	1
SCF:0002849	train_eligible	0	AC:002515	W5E8X2	W5DS33	A0A3B6SS17	W5E8X2	G1SGX4	A0A3B6SS17	8r57	1	11_24	0
SCF:0002856	train_eligible	0	AC:002518	A0A063XCP1	A0A063XF22	A0A063XHU6	P0A0F8	A0A063XF22	O31742	9p4i	1	11_24	0
SCF:0002859	train_eligible	0	AC:002524	A0A0F6NFW5	A0A0M3KL13	E1C9L3	A0T0M8	A0A0M3KL13	E1C9L3	6zoo	1	11_24	0
SCF:0002863	train_eligible	0	AC:002526	Q8DL30	Q8DKF4	Q8DKY0	Q8DL30	Q8DKF4	P26288	6tjv	1	11_24	0
SCF:0002864	train_eligible	0	AC:002526	Q8DL30	Q8DKF4	Q8DKF5	Q8DL30	Q8DKF4	Q8DKF5	6tjv	1	11_24	0
SCF:0002865	train_eligible	1	AC:002526	Q8DL30	Q8DKF4	Q8DMR6	Q8DL30	Q8DKF4	Q8DMR6	6tjv	1	11_24	0
SCF:0002872	train_eligible	0	AC:002538	P20986	P68610	P21034	P20986	P68610	P04310	8p0j	3	11_24	1
SCF:0002876	train_eligible	1	AC:002542	P50990	P61758	O15212	Q3ZCI9	P61758	O15212	6nrd	3	11_24	1
SCF:0002878	train_eligible	0	AC:002546	Q8DMU4	Q8DJ02	Q8DL30	Q8DMU4	P56751	Q8DL30	6khj	9	11_24	1
SCF:0002881	train_eligible	0	AC:002552	Q99877	Q6PJ21	Q8N884	O23629	Q6PJ21	Q8N884	8ol1	1	11_24	0
SCF:0002882	train_eligible	0	AC:002554	P78371	P61758	Q9NQP4	Q3ZBH0	P61758	Q9NQP4	6nrd	3	11_24	1
SCF:0002883	train_eligible	0	AC:002555	Q99878	Q6PJ21	Q8N884	P0C0S5	Q6PJ21	Q8N884	8ol1	1	11_24	0
SCF:0002886	train_eligible	0	AC:002562	O94376	Q9US45	Q9Y821	O94376	Q9US45	Q9Y821	5n9j	2	11_24	1
SCF:0002887	train_eligible	0	AC:002562	Q9US45	O94376	O14010	Q9US45	O94376	O14010	5n9j	2	11_24	1
SCF:0002888	train_eligible	0	AC:002562	Q9US45	O94376	Q9Y7N2	Q9US45	O94376	Q9Y7N2	5n9j	2	11_24	1
SCF:0002889	train_eligible	0	AC:002567	P84077	Q9H4A6	P20290	P84077	Q9H4A6	P20290	9qpq	1	11_24	0
SCF:0002897	train_eligible	0	AC:002575	P36121	P32349	P46678	P36121	P32349	P46678	7z1o	24	11_24	1
SCF:0002902	train_eligible	1	AC:002578	Q5JS54	Q969U7	P25789	Q5JS54	Q969U7	P23638	8tm3	2	11_24	1
SCF:0002905	train_eligible	0	AC:002580	C4M5A0	A0A175JJM9	C4M0Z2	C4M5A0	W5I035	C4M0Z2	9v1j	5	11_24	1
SCF:0002913	train_eligible	0	AC:002590	P78371	Q13885	P07437	Q3ZBH0	P07437	P07437	7nvn	1	11_24	0
SCF:0002914	train_eligible	0	AC:002590	P78371	Q13885	P50991	Q3ZBH0	P07437	P50991	7nvn	1	11_24	0
SCF:0002915	train_eligible	0	AC:002590	Q13885	P78371	P48643	P07437	Q3ZBH0	P48643	7nvn	1	11_24	0
SCF:0002916	train_eligible	0	AC:002590	Q13885	P78371	P17987	P07437	Q3ZBH0	Q32L40	7nvn	1	11_24	0
SCF:0002917	train_eligible	0	AC:002590	Q13885	P78371	Q99832	P07437	Q3ZBH0	Q99832	7nvn	1	11_24	0
SCF:0002922	train_eligible	0	AC:002598	O85388	Q83ER7	Q83ES0	P80372	P0AG63	A0QSD5	9t0z	3	11_24	1
SCF:0002923	train_eligible	0	AC:002600	Q86VX2	Q9NX08	Q9P000	Q86VX2	Q9NX08	Q9P000	8f2r	3	3_10	1
SCF:0002924	train_eligible	0	AC:002600	Q86VX2	Q9NX08	Q9GZQ3	Q86VX2	Q9NX08	Q9GZQ3	8f2r	3	3_10	1
SCF:0002925	train_eligible	0	AC:002600	Q86VX2	Q9NX08	Q9Y6G5	Q86VX2	Q9NX08	Q9Y6G5	8f2r	3	3_10	1
SCF:0002926	train_eligible	0	AC:002600	Q9NX08	Q86VX2	Q8N668	Q9NX08	Q86VX2	Q8N668	8f2r	3	3_10	1
SCF:0002927	train_eligible	0	AC:002600	Q9NX08	Q86VX2	Q9UBI1	Q9NX08	Q86VX2	Q9UBI1	8f2r	3	3_10	1
SCF:0002938	train_eligible	0	AC:002610	G0SCD1	G0S9A0	G0RZX8	G0SCD1	G0S9A0	G0RZX8	8pel	2	3_10	1
SCF:0002940	train_eligible	1	AC:002614	O74483	O74499	Q9Y7M4	O74483	O74499	Q9Y7M4	6ppp	2	3_10	1
SCF:0002941	train_eligible	1	AC:002614	O74499	O74483	O42978	O74499	O74483	O42978	6ppp	2	3_10	1
SCF:0002942	train_eligible	0	AC:002614	O74499	O74483	Q9UUI1	O74499	O74483	Q9UUI1	6ppp	2	3_10	1
SCF:0002943	train_eligible	1	AC:002614	O74499	O74483	O14352	O74499	O74483	O14352	6ppp	2	3_10	1
SCF:0002944	train_eligible	0	AC:002615	P38907	P36012	Q12493	P38907	P36012	Q12493	6qld	3	11_24	1
SCF:0002945	train_eligible	0	AC:002617	O95456	P28074	Q99436	O95456	P28074	P25043	8yix	6	11_24	1
SCF:0002946	train_eligible	0	AC:002617	O95456	P28074	P25787	O95456	P28074	P25787	8yix	6	11_24	1
SCF:0002947	train_eligible	0	AC:002617	O95456	P28074	P28066	O95456	P28074	P28066	8yix	6	11_24	1
SCF:0002948	train_eligible	0	AC:002617	P28074	O95456	P48556	P28074	O95456	P48556	8yix	6	11_24	1
SCF:0002949	train_eligible	0	AC:002617	P28074	O95456	O14818	P28074	O95456	O14818	8yix	6	11_24	1
SCF:0002956	train_eligible	0	AC:002624	P28074	Q969U7	P25789	P28074	Q969U7	P23638	8yix	6	11_24	1
SCF:0002957	train_eligible	0	AC:002624	P28074	Q969U7	P25787	P28074	Q969U7	P25787	8yix	6	11_24	1
SCF:0002958	train_eligible	0	AC:002624	P28074	Q969U7	P28072	P28074	Q969U7	P28072	8yix	6	11_24	1
SCF:0002959	train_eligible	0	AC:002624	Q969U7	P28074	Q99436	Q969U7	P28074	P25043	8yix	6	11_24	1
SCF:0002960	train_eligible	0	AC:002624	Q969U7	P28074	P25787	Q969U7	P28074	P25787	8yix	6	11_24	1
SCF:0002961	train_eligible	0	AC:002624	Q969U7	P28074	P28066	Q969U7	P28074	P28066	8yix	6	11_24	1
SCF:0002968	train_eligible	0	AC:002628	Q7Z4G1	Q86X83	Q86VX2	Q7Z4G1	Q86X83	Q86VX2	8p0w	3	11_24	1
SCF:0002969	train_eligible	0	AC:002628	Q7Z4G1	Q86X83	Q9NX08	Q7Z4G1	Q86X83	Q9NX08	8p0w	3	11_24	1
SCF:0002970	train_eligible	0	AC:002628	Q7Z4G1	Q86X83	Q9P000	Q7Z4G1	Q86X83	Q9P000	8p0w	3	11_24	1
SCF:0002976	train_eligible	0	AC:002639	A4VD15	I7LT80	I7MG46	A4VD15	I7LT80	I7MG46	8th8	2	11_24	1
SCF:0002977	train_eligible	0	AC:002639	A4VD15	I7LT80	Q23S05	A4VD15	I7LT80	Q23S05	8th8	2	11_24	1
SCF:0002978	train_eligible	0	AC:002639	I7LT80	A4VD15	Q24DJ0	I7LT80	A4VD15	Q24DJ0	8th8	2	11_24	1
SCF:0002979	train_eligible	1	AC:002639	I7LT80	A4VD15	I7MG46	I7LT80	A4VD15	I7MG46	8th8	2	11_24	1
SCF:0002980	train_eligible	0	AC:002639	I7LT80	A4VD15	Q23YW7	I7LT80	A4VD15	Q23YW7	8th8	2	11_24	1
SCF:0002984	train_eligible	0	AC:002646	P07766	Q861F7	P0DTU4	P07766	Q861F7	K7N5M4	8es9	2	11_24	1
SCF:0002985	train_eligible	0	AC:002646	Q861F7	P07766	P09693	Q861F7	P07766	P09693	8es9	2	11_24	1
SCF:0002986	train_eligible	0	AC:002647	A8IJ60	A8J353	A8INX1	A8IJ60	A8J353	A8INX1	7eko	2	11_24	1
SCF:0002987	train_eligible	0	AC:002647	A8IJ60	A8J353	A8IS47	A8IJ60	A8J353	A8IS47	7eko	2	11_24	1
SCF:0002988	train_eligible	0	AC:002647	A8J353	A8IJ60	A8INX1	A8J353	A8IJ60	A8INX1	7eko	2	11_24	1
SCF:0002989	train_eligible	0	AC:002647	A8J353	A8IJ60	A8IH07	A8J353	A8IJ60	A8IH07	7eko	2	11_24	1
SCF:0002991	train_eligible	0	AC:002652	P04234	Q861F7	P0DTU4	P04234	Q861F7	K7N5M4	8es8	2	11_24	1
SCF:0002992	train_eligible	0	AC:002652	Q861F7	P04234	P09693	Q861F7	P04234	P09693	8es8	2	11_24	1
SCF:0002995	train_eligible	0	AC:002656	Q8DJ02	Q8DKF5	Q8DMR6	P56751	Q8DKF5	Q8DMR6	6tjv	1	11_24	0
SCF:0002996	train_eligible	0	AC:002656	Q8DJ02	Q8DKF5	Q8DKY0	P56751	Q8DKF5	P26288	6tjv	1	11_24	0
SCF:0002997	train_eligible	0	AC:002656	Q8DKF5	Q8DJ02	Q8DL29	Q8DKF5	P56751	Q8DL29	6tjv	1	11_24	0
SCF:0002998	train_eligible	0	AC:002656	Q8DKF5	Q8DJ02	Q8DL30	Q8DKF5	P56751	Q8DL30	6tjv	1	11_24	0
SCF:0002999	train_eligible	1	AC:002658	Q8DLJ8	Q8DIF8	D0VWR1	Q8DLJ8	D0VWR7	Q8DIQ1	7nhp	2	11_24	1
SCF:0003000	train_eligible	0	AC:002658	Q8DLJ8	Q8DIF8	Q8DIQ1	Q8DLJ8	D0VWR7	Q8DIQ1	7nhp	2	11_24	1
SCF:0003001	train_eligible	0	AC:002658	Q8DLJ8	Q8DIF8	P0A444	Q8DLJ8	D0VWR7	P0A444	7nhp	2	11_24	1
SCF:0003003	train_eligible	0	AC:002670	Q22MV2	I7M9J2	Q22A67	Q22MV2	I7M9J2	Q22A67	8bx8	6	11_24	1
SCF:0003005	train_eligible	0	AC:002673	Q9NQT5	Q9Y2L1	Q8TF46	Q9NQT5	Q9Y2L1	Q8TF46	6d6q	3	11_24	1
SCF:0003006	train_eligible	0	AC:002673	Q9NQT5	Q9Y2L1	Q9Y450	Q9NQT5	Q9Y2L1	Q9Y450	6d6q	3	11_24	1
SCF:0003007	train_eligible	0	AC:002674	O42978	O74483	O74499	O42978	O74483	O74499	6ppp	2	3_10	1
SCF:0003008	train_eligible	0	AC:002674	O42978	O74483	Q9UUI1	O42978	O74483	Q9UUI1	6ppp	2	3_10	1
SCF:0003009	train_eligible	0	AC:002674	O42978	O74483	O14352	O42978	O74483	O14352	6ppp	2	3_10	1
SCF:0003010	train_eligible	0	AC:002674	O74483	O42978	Q9Y7M4	O74483	O42978	Q9Y7M4	6ppp	2	3_10	1
SCF:0003011	train_eligible	0	AC:002677	A0T0M9	B8C770	B8C0K4	T1RIQ1	B8C770	B8C0K4	8xls	2	11_24	1
SCF:0003012	train_eligible	0	AC:002677	A0T0M9	B8C770	B8BU33	T1RIQ1	B8C770	B8BU33	8xls	2	11_24	1
SCF:0003019	train_eligible	0	AC:002686	P04439	P09693	P84077	Q861F7	P09693	P84077	7phr	1	11_24	0
SCF:0003020	train_eligible	0	AC:002686	P04439	P09693	A0A578	Q861F7	P09693	A0A578	7phr	1	11_24	0
SCF:0003021	train_eligible	0	AC:002686	P09693	P04439	Q861F7	P09693	Q861F7	Q861F7	7phr	1	11_24	0
SCF:0003022	train_eligible	0	AC:002686	P09693	P04439	P0DTU4	P09693	Q861F7	K7N5M4	7phr	1	11_24	0
SCF:0003023	train_eligible	0	AC:002693	P49368	P61758	O60925	Q3T0K2	P61758	O60925	6nr9	3	11_24	1
SCF:0003024	train_eligible	0	AC:002693	P49368	P61758	Q99471	Q3T0K2	P61758	Q99471	6nr9	3	11_24	1
SCF:0003025	train_eligible	0	AC:002694	C3SR12	C3SR52	C3SRY2	Q83ER2	B7IA17	C3SRY2	9sx2	12	11_24	1
SCF:0003027	train_eligible	0	AC:002694	C3SR52	C3SR12	P0ADY7	B7IA17	Q83ER2	P0ADY7	9sx2	12	11_24	1
SCF:0003028	train_eligible	0	AC:002694	C3SR52	C3SR12	P02413	B7IA17	Q83ER2	P02413	9sx2	12	11_24	1
SCF:0003033	train_eligible	0	AC:002697	Q5JS54	P25788	P28066	Q5JS54	P25788	P28066	8tm3	2	11_24	1
SCF:0003034	train_eligible	0	AC:002697	Q5JS54	P25788	O14818	Q5JS54	P25788	O14818	8tm3	2	11_24	1
SCF:0003035	train_eligible	0	AC:002697	Q5JS54	P25788	P25789	Q5JS54	P25788	P23638	8tm3	2	11_24	1
SCF:0003036	train_eligible	0	AC:002698	P25359	P38801	P53256	P25359	P38801	P53256	6fsz	4	11_24	1
SCF:0003037	train_eligible	0	AC:002699	Q8DIN9	Q8DMP8	Q8DHJ2	P12239	Q8DMP8	Q8DHJ2	7nhp	2	11_24	1
SCF:0003038	train_eligible	0	AC:002699	Q8DIN9	Q8DMP8	Q9F1R6	P12239	Q8DMP8	Q9F1R6	7nhp	2	11_24	1
SCF:0003039	train_eligible	0	AC:002701	P29496	P50874	P54790	P29496	P50874	P54790	6wgi	4	11_24	1
SCF:0003040	train_eligible	0	AC:002701	P29496	P50874	P38826	P29496	P50874	P38826	6wgi	4	11_24	1
SCF:0003041	train_eligible	0	AC:002701	P50874	P29496	P29469	P50874	P29496	P29469	6wgi	4	11_24	1
SCF:0003042	train_eligible	0	AC:002701	P50874	P29496	P24279	P50874	P29496	P24279	6wgi	4	11_24	1
SCF:0003043	train_eligible	0	AC:002702	P46948	P38801	P53256	P46948	P38801	P53256	6fsz	4	11_24	1
SCF:0003044	train_eligible	1	AC:002703	P53905	P57743	P40089	P53905	P57743	P40089	4m7a	10	11_24	1
SCF:0003045	train_eligible	0	AC:002703	P57743	P53905	P47093	P57743	P53905	P47093	4m7a	10	11_24	1
SCF:0003046	train_eligible	0	AC:002703	P57743	P53905	P47017	P57743	P53905	P47017	4m7a	10	11_24	1
SCF:0003047	train_eligible	0	AC:002703	P57743	P53905	Q06406	P57743	P53905	Q06406	4m7a	10	11_24	1
SCF:0003048	train_eligible	1	AC:002705	P60899	A0A481DF93	I3LCH3	P36954	Q3T0Q3	Q3T0Q3	9mlc	5	11_24	1
SCF:0003049	train_eligible	0	AC:002705	P60899	A0A481DF93	O75586	P36954	Q3T0Q3	O75586	9mlc	5	11_24	1
SCF:0003050	train_eligible	1	AC:002707	Q99471	Q99832	P50991	Q99471	Q99832	P50991	6nr9	3	11_24	1
SCF:0003051	train_eligible	0	AC:002707	Q99471	Q99832	P49368	Q99471	Q99832	Q3T0K2	6nr9	3	11_24	1
SCF:0003052	train_eligible	0	AC:002707	Q99471	Q99832	P40227	Q99471	Q99832	P40227	6nr9	3	11_24	1
SCF:0003053	train_eligible	0	AC:002708	Q8N0S6	Q13352	Q9BS16	Q8N0S6	Q13352	Q9BS16	7xhn	3	11_24	1
SCF:0003054	train_eligible	0	AC:002708	Q8N0S6	Q13352	P49450	Q8N0S6	Q13352	P49450	7xhn	3	11_24	1
SCF:0003055	train_eligible	0	AC:002713	Q85FY0	M1UU36	Q85FP8	E1C9K8	M1UU36	Q85FP8	5zgb	1	11_24	0
SCF:0003059	train_eligible	0	AC:002715	P42285	Q9NQT4	Q13868	P42285	Q9NQT4	Q13868	6d6q	2	11_24	1
SCF:0003060	train_eligible	0	AC:002715	Q9NQT4	P42285	Q15477	Q9NQT4	P42285	Q15477	6d6q	2	11_24	1
SCF:0003061	train_eligible	1	AC:002715	Q9NQT4	P42285	Q8TF46	Q9NQT4	P42285	Q8TF46	6d6q	2	11_24	1
SCF:0003062	train_eligible	0	AC:002715	Q9NQT4	P42285	Q9Y450	Q9NQT4	P42285	Q9Y450	6d6q	2	11_24	1
SCF:0003082	train_eligible	0	AC:002732	O13964	Q9Y7N2	O94376	O13964	Q9Y7N2	O94376	5n9j	1	11_24	0
SCF:0003083	train_eligible	0	AC:002732	Q9Y7N2	O13964	O94376	Q9Y7N2	O13964	O94376	5n9j	1	11_24	0
SCF:0003084	train_eligible	0	AC:002732	Q9Y7N2	O13964	P87310	Q9Y7N2	O13964	P87310	5n9j	1	11_24	0
SCF:0003085	train_eligible	1	AC:002733	Q9P6Q0	Q9Y821	Q9US45	Q9P6Q0	Q9Y821	Q9US45	5n9j	1	11_24	0
SCF:0003086	train_eligible	0	AC:002733	Q9Y821	Q9P6Q0	P87310	Q9Y821	Q9P6Q0	P87310	5n9j	1	11_24	0
SCF:0003088	train_eligible	0	AC:002739	Q9NVH2	Q9NVM9	Q9NV88	Q9NVH2	Q9NVM9	Q9NV88	8rc4	3	11_24	1
SCF:0003089	train_eligible	0	AC:002739	Q9NVH2	Q9NVM9	Q8WX92	Q9NVH2	Q9NVM9	Q8WX92	8rc4	3	11_24	1
SCF:0003090	train_eligible	0	AC:002739	Q9NVH2	Q9NVM9	Q5TA45	Q9NVH2	Q9NVM9	Q5TA45	8rc4	3	11_24	1
SCF:0003091	train_eligible	1	AC:002746	P20979	P21087	P20980	P20979	P21087	P20980	8p0j	4	11_24	1
SCF:0003094	train_eligible	0	AC:002751	Q86V25	Q9BVA1	P68363	Q86V25	P07437	P09733	7zcw	1	3_10	0
SCF:0003095	train_eligible	0	AC:002752	Q8DIP0	Q8DMP8	Q8DHJ2	Q8DIP0	Q8DMP8	Q8DHJ2	7nhp	2	11_24	1
SCF:0003096	train_eligible	0	AC:002752	Q8DIP0	Q8DMP8	Q9F1R6	Q8DIP0	Q8DMP8	Q9F1R6	7nhp	2	11_24	1
SCF:0003097	train_eligible	0	AC:002753	P29469	Q12488	Q03406	P29469	Q12488	Q03406	8p63	9	11_24	1
SCF:0003098	train_eligible	0	AC:002753	Q12488	P29469	P29496	Q12488	P29469	P29496	8p63	9	11_24	1
SCF:0003099	train_eligible	0	AC:002753	Q12488	P29469	P24279	Q12488	P29469	P24279	8p63	9	11_24	1
SCF:0003100	train_eligible	0	AC:002753	Q12488	P29469	P53091	Q12488	P29469	P53091	8p63	9	11_24	1
SCF:0003102	train_eligible	0	AC:002758	P01730	Q6N030	P0DOX5	P01730	Q6N030	Q6N030	2ny3	3	3_10	1
SCF:0003103	train_eligible	0	AC:002758	P01730	Q6N030	P03437	P01730	Q6N030	P03437	2ny3	3	3_10	1
SCF:0003109	train_eligible	0	AC:002772	I7MLZ4	Q24CL2	A4VD15	I7MLZ4	Q24CL2	A4VD15	8th8	2	11_24	1
SCF:0003113	train_eligible	0	AC:002773	P40070	Q06406	P40089	P40070	Q06406	P40089	4c8q	10	3_10	1
SCF:0003114	train_eligible	0	AC:002773	P40070	Q06406	P53905	P40070	Q06406	P53905	4c8q	10	3_10	1
SCF:0003115	train_eligible	0	AC:002776	A8IY95	Q39584	Q7Y0H2	A8IY95	Q39584	Q7Y0H2	7kzn	2	11_24	1
SCF:0003117	train_eligible	0	AC:002780	Q8DHJ2	Q8DG60	Q9F1L5	Q8DHJ2	Q8DG60	Q9F1L5	7nhp	1	11_24	0
SCF:0003122	train_eligible	0	AC:002783	Q9W2V7	P49735	Q9XYU1	Q9W2V7	P49735	P25205	6ray	1	11_24	0
SCF:0003123	train_eligible	0	AC:002783	Q9W2V7	P49735	Q9VGW6	Q9W2V7	P49735	Q9VGW6	6ray	1	11_24	0
SCF:0003132	train_eligible	0	AC:002798	Q5TA45	Q96SY0	P30153	Q5TA45	Q96SY0	P30153	8rc4	3	11_24	1
SCF:0003133	train_eligible	0	AC:002798	Q96SY0	Q5TA45	Q9NVM9	Q96SY0	Q5TA45	Q9NVM9	8rc4	3	11_24	1
SCF:0003135	train_eligible	0	AC:002804	P20248	P61024	Q9BS18	P20248	P61024	Q9BS18	8bya	1	3_10	0
SCF:0003136	train_eligible	0	AC:002804	P61024	P20248	Q13309	P61024	P20248	Q13309	8bya	1	3_10	0
SCF:0003137	train_eligible	0	AC:002804	P61024	P20248	Q13098	P61024	P20248	Q13098	8bya	1	3_10	0
SCF:0003142	train_eligible	1	AC:002814	P61830	P32480	P54784	P02299	P32480	P54784	8ghn	1	11_24	0
SCF:0003146	train_eligible	0	AC:002822	P61201	Q93034	Q13616	P61201	Q93034	Q13616	9eg1	1	11_24	0
SCF:0003147	train_eligible	0	AC:002822	P61201	Q93034	Q13618	P61201	Q93034	Q13618	9eg1	1	11_24	0
SCF:0003148	train_eligible	0	AC:002822	P61201	Q93034	Q13617	P61201	Q93034	Q13617	9eg1	1	11_24	0
SCF:0003149	train_eligible	0	AC:002822	Q93034	P61201	Q9BT78	Q93034	P61201	Q9BT78	9eg1	1	11_24	0
SCF:0003150	train_eligible	0	AC:002822	Q93034	P61201	Q13098	Q93034	P61201	Q13098	9eg1	1	11_24	0
SCF:0003153	train_eligible	1	AC:002826	C3SR52	C3SQR7	P0ADY7	B7IA17	P21472	P0ADY7	9sx2	9	11_24	1
SCF:0003155	train_eligible	0	AC:002827	P29496	P47112	P29469	P29496	P47112	P29469	5xf8	2	3_10	1
SCF:0003156	train_eligible	0	AC:002827	P47112	P29496	P29469	P47112	P29496	P29469	5xf8	2	3_10	1
SCF:0003157	train_eligible	0	AC:002827	P47112	P29496	P53091	P47112	P29496	P53091	5xf8	2	3_10	1
SCF:0003158	train_eligible	0	AC:002827	P47112	P29496	P38132	P47112	P29496	P38132	5xf8	2	3_10	1
SCF:0003163	train_eligible	0	AC:002831	O60925	P78371	P17987	O60925	Q3ZBH0	Q32L40	6nrd	3	11_24	1
SCF:0003164	train_eligible	1	AC:002831	O60925	P78371	P49368	O60925	Q3ZBH0	Q3T0K2	6nrd	3	11_24	1
SCF:0003165	train_eligible	0	AC:002831	P78371	O60925	Q9NQP4	Q3ZBH0	O60925	Q9NQP4	6nrd	3	11_24	1
SCF:0003166	train_eligible	0	AC:002834	Q13042	Q9UJX3	Q9UJX2	Q13042	Q9UJX3	Q9UJX2	5khr	14	11_24	1
SCF:0003167	train_eligible	0	AC:002834	Q13042	Q9UJX3	Q9UJX6	Q13042	Q9UJX3	Q9UJX6	5khr	14	11_24	1
SCF:0003168	train_eligible	1	AC:002834	Q13042	Q9UJX3	P53197	Q13042	Q9UJX3	P53197	5khr	14	11_24	1
SCF:0003169	train_eligible	0	AC:002834	Q9UJX3	Q13042	Q9UJX2	Q9UJX3	Q13042	Q9UJX2	5khr	14	11_24	1
SCF:0003181	train_eligible	0	AC:002851	Q86X83	Q9P000	Q9UBI1	Q86X83	Q9P000	Q9UBI1	8f2u	3	11_24	1
SCF:0003182	train_eligible	0	AC:002851	Q86X83	Q9P000	Q9GZQ3	Q86X83	Q9P000	Q9GZQ3	8f2u	3	11_24	1
SCF:0003183	train_eligible	0	AC:002851	Q86X83	Q9P000	Q9Y6G5	Q86X83	Q9P000	Q9Y6G5	8f2u	3	11_24	1
SCF:0003184	train_eligible	0	AC:002851	Q9P000	Q86X83	Q9Y6G5	Q9P000	Q86X83	Q9Y6G5	8f2u	3	11_24	1
SCF:0003185	train_eligible	0	AC:002851	Q9P000	Q86X83	Q86VX2	Q9P000	Q86X83	Q86VX2	8f2u	3	11_24	1
SCF:0003187	train_eligible	0	AC:002858	P56751	P26288	A0A1B1W4Z0	P56751	P26288	P26288	7wff	1	11_24	0
SCF:0003188	train_eligible	0	AC:002858	P56751	P26288	A0A1B1W4Z4	P56751	P26288	A0A1B1W4Z4	7wff	1	11_24	0
SCF:0003190	train_eligible	0	AC:002861	P21466	P21471	P21474	P80373	P21471	P75131	8cdv	22	11_24	1
SCF:0003197	train_eligible	0	AC:002868	Q9P000	Q9UBI1	Q9GZQ3	Q9P000	Q9UBI1	Q9GZQ3	8p0w	3	11_24	1
SCF:0003198	train_eligible	0	AC:002868	Q9P000	Q9UBI1	Q86VX2	Q9P000	Q9UBI1	Q86VX2	8p0w	3	11_24	1
SCF:0003199	train_eligible	0	AC:002868	Q9UBI1	Q9P000	Q9GZQ3	Q9UBI1	Q9P000	Q9GZQ3	8p0w	3	11_24	1
SCF:0003200	train_eligible	0	AC:002868	Q9UBI1	Q9P000	Q9Y6G5	Q9UBI1	Q9P000	Q9Y6G5	8p0w	3	11_24	1
SCF:0003201	train_eligible	0	AC:002868	Q9UBI1	Q9P000	Q9H0A8	Q9UBI1	Q9P000	Q9H0A8	8p0w	3	11_24	1
SCF:0003202	train_eligible	0	AC:002869	Q3E7C1	P32776	P41895	Q3E7C1	P32776	P41895	7k04	5	3_10	1
SCF:0003203	train_eligible	0	AC:002869	Q3E7C1	P32776	P06839	Q3E7C1	P32776	P06839	7k04	5	3_10	1
SCF:0003218	train_eligible	0	AC:002890	A8J3C3	A8IH07	A8IL21	A8J3C3	A8IH07	A8IL21	7ekq	1	11_24	0
SCF:0003219	train_eligible	0	AC:002890	A8J3C3	A8IH07	A8INX1	A8J3C3	A8IH07	A8INX1	7ekq	1	11_24	0
SCF:0003220	train_eligible	0	AC:002892	P19658	P32844	P89102	P19658	P32844	P89102	5yfp	2	3_10	1
SCF:0003221	train_eligible	0	AC:002892	P19658	P32844	P22224	P19658	P32844	P22224	5yfp	2	3_10	1
SCF:0003222	train_eligible	0	AC:002892	P19658	P32844	Q06245	P19658	P32844	Q06245	5yfp	2	3_10	1
SCF:0003223	train_eligible	0	AC:002892	P32844	P19658	P89102	P32844	P19658	P89102	5yfp	2	3_10	1
SCF:0003229	train_eligible	0	AC:002900	P0DOX5	Q6GMX6	P01857	Q6N030	Q6N030	P01867	6oge	1	3_10	0
SCF:0003230	train_eligible	0	AC:002900	P0DOX5	Q6GMX6	Q6N089	Q6N030	Q6N030	Q6N030	6oge	1	3_10	0
SCF:0003233	train_eligible	1	AC:002905	Q15843	Q9UBF6	P62877	Q15843	P62877	P62877	9sdx	2	3_10	1
SCF:0003235	train_eligible	0	AC:002912	Q15024	P42285	Q15477	Q15024	P42285	Q15477	6d6q	2	11_24	1
SCF:0003236	train_eligible	0	AC:002912	Q15024	P42285	Q8TF46	Q15024	P42285	Q8TF46	6d6q	2	11_24	1
SCF:0003237	train_eligible	0	AC:002912	Q15024	P42285	Q9Y450	Q15024	P42285	Q9Y450	6d6q	2	11_24	1
SCF:0003238	train_eligible	0	AC:002914	A0A2K3DG79	A8IS47	A8IL21	A0A2K3DG79	A8IS47	A8IL21	7ekq	1	11_24	0
SCF:0003239	train_eligible	0	AC:002914	A0A2K3DG79	A8IS47	A8IJ60	A0A2K3DG79	A8IS47	A8IJ60	7ekq	1	11_24	0
SCF:0003241	train_eligible	0	AC:002919	O80634	P56752	P56767	O80634	P56752	T1RIQ1	7wff	2	11_24	1
SCF:0003242	train_eligible	1	AC:002919	O80634	P56752	A0A1B1W4Z4	O80634	P56752	A0A1B1W4Z4	7wff	2	11_24	1
SCF:0003243	train_eligible	0	AC:002919	P56752	O80634	Q9SGH4	P56752	O80634	Q9SGH4	7wff	2	11_24	1
SCF:0003248	train_eligible	0	AC:002926	Q22MV2	A4VEB3	Q1HFV9	Q22MV2	A4VEB3	Q24DI9	7kek	6	11_24	1
SCF:0003257	train_eligible	0	AC:002941	Q2G113	Q2FW31	Q2FW21	P21468	Q50296	A0A063X781	8bh7	15	11_24	1
SCF:0003259	train_eligible	0	AC:002946	A0A1D5UKZ4	W5I035	W5BFB7	A0A3Q7HJ03	W5I035	W5BFB7	8r6f	1	11_24	0
SCF:0003260	train_eligible	0	AC:002952	Q99627	Q93034	Q13616	Q99627	Q93034	Q13616	9eg1	1	11_24	0
SCF:0003261	train_eligible	0	AC:002952	Q99627	Q93034	Q13619	Q99627	Q93034	Q13619	9eg1	1	11_24	0
SCF:0003271	train_eligible	0	AC:002961	Q86VX2	Q86X83	Q9Y6G5	Q86VX2	Q86X83	Q9Y6G5	8p0w	3	11_24	1
SCF:0003272	train_eligible	0	AC:002961	Q86VX2	Q86X83	Q9P000	Q86VX2	Q86X83	Q9P000	8p0w	3	11_24	1
SCF:0003273	train_eligible	0	AC:002961	Q86VX2	Q86X83	Q8N668	Q86VX2	Q86X83	Q8N668	8p0w	3	11_24	1
SCF:0003274	train_eligible	1	AC:002961	Q86X83	Q86VX2	Q9UBI1	Q86X83	Q86VX2	Q9UBI1	8p0w	3	11_24	1
SCF:0003275	train_eligible	0	AC:002961	Q86X83	Q86VX2	Q9GZQ3	Q86X83	Q86VX2	Q9GZQ3	8p0w	3	11_24	1
SCF:0003276	train_eligible	0	AC:002961	Q86X83	Q86VX2	Q9H0A8	Q86X83	Q86VX2	Q9H0A8	8p0w	3	11_24	1
SCF:0003279	train_eligible	0	AC:002969	A0ACD6B989	P58568	P58560	A0ACD6B989	Q55329	P58560	7y3f	1	11_24	0
SCF:0003280	train_eligible	1	AC:002970	A0A8D1DPV6	A0A4X1VYD0	A0A8W4F9W9	A0A7M4DUC2	C4R009	C4R009	7zx8	10	11_24	1
SCF:0003282	train_eligible	0	AC:002972	P50990	Q9NQP4	O15212	Q3ZCI9	Q9NQP4	O15212	6nr9	3	11_24	1
SCF:0003283	train_eligible	0	AC:002972	Q9NQP4	P50990	P50991	Q9NQP4	Q3ZCI9	P50991	6nr9	3	11_24	1
SCF:0003285	train_eligible	0	AC:002977	P51955	Q13042	Q9UJX3	P51955	Q13042	Q9UJX3	6tm5	1	11_24	0
SCF:0003286	train_eligible	0	AC:002977	P51955	Q13042	Q9UJX2	P51955	Q13042	Q9UJX2	6tm5	1	11_24	0
SCF:0003287	train_eligible	0	AC:002977	Q13042	P51955	Q9UJX2	Q13042	P51955	Q9UJX2	6tm5	1	11_24	0
SCF:0003294	train_eligible	0	AC:002988	Q86VX2	Q9H0A8	Q9P000	Q86VX2	Q9H0A8	Q9P000	8f2r	3	3_10	1
SCF:0003295	train_eligible	0	AC:002988	Q86VX2	Q9H0A8	Q9GZQ3	Q86VX2	Q9H0A8	Q9GZQ3	8f2r	3	3_10	1
SCF:0003296	train_eligible	0	AC:002988	Q86VX2	Q9H0A8	Q8N668	Q86VX2	Q9H0A8	Q8N668	8f2r	3	3_10	1
SCF:0003297	train_eligible	0	AC:002988	Q9H0A8	Q86VX2	Q8N668	Q9H0A8	Q86VX2	Q8N668	8f2r	3	3_10	1
SCF:0003298	train_eligible	0	AC:002988	Q9H0A8	Q86VX2	Q9UBI1	Q9H0A8	Q86VX2	Q9UBI1	8f2r	3	3_10	1
SCF:0003299	train_eligible	0	AC:002988	Q9H0A8	Q86VX2	Q86X83	Q9H0A8	Q86VX2	Q86X83	8f2r	3	3_10	1
SCF:0003301	train_eligible	0	AC:002991	A0A7M4DUC2	A0A8D0JYF1	A0A4X1TRS6	A0A7M4DUC2	A0A4X1TRS6	A0A4X1TRS6	8s54	2	11_24	1
SCF:0003305	train_eligible	1	AC:002993	P56766	Q01667	Q9SY97	A0T0M8	A0A9R0J8B1	A0A2K1IB10	7wfe	3	11_24	1
SCF:0003306	train_eligible	1	AC:002993	Q01667	P56766	A0A0F6NGI2	A0A9R0J8B1	A0T0M8	T1RIQ1	7wfe	3	11_24	1
SCF:0003307	train_eligible	0	AC:002993	Q01667	P56766	P56767	A0A9R0J8B1	A0T0M8	T1RIQ1	7wfe	3	11_24	1
SCF:0003308	train_eligible	0	AC:002993	Q01667	P56766	P05311	A0A9R0J8B1	A0T0M8	T1RIQ1	7wfe	3	11_24	1
SCF:0003312	train_eligible	0	AC:002997	B8BUW3	B8BRQ8	B8CEQ3	B8BUW3	B8BRQ8	B8CEQ3	8zet	2	11_24	1
SCF:0003314	train_eligible	0	AC:002999	Q96L50	Q9BVW5	Q9BRX5	Q96L50	Q9BVW5	Q9BRX5	7plo	1	11_24	0
SCF:0003315	train_eligible	1	AC:003001	Q8DLJ8	Q9F1K9	Q8DIN9	Q8DLJ8	P19054	P12239	7nhp	3	11_24	1
SCF:0003316	train_eligible	0	AC:003002	P42380	A8IJY7	A8IL21	P42380	A8IJY7	A8IL21	7ekq	1	11_24	0
SCF:0003323	train_eligible	0	AC:003011	O14010	O60104	P87306	O14010	O60104	P87306	5n9j	2	11_24	1
SCF:0003327	train_eligible	0	AC:003015	Q8N668	Q9Y6G5	Q9P000	Q8N668	Q9Y6G5	Q9P000	8f2u	3	11_24	1
SCF:0003328	train_eligible	0	AC:003015	Q8N668	Q9Y6G5	Q9NX08	Q8N668	Q9Y6G5	Q9NX08	8f2u	3	11_24	1
SCF:0003329	train_eligible	0	AC:003015	Q8N668	Q9Y6G5	Q9H0A8	Q8N668	Q9Y6G5	Q9H0A8	8f2u	3	11_24	1
SCF:0003330	train_eligible	0	AC:003015	Q9Y6G5	Q8N668	Q9P000	Q9Y6G5	Q8N668	Q9P000	8f2u	3	11_24	1
SCF:0003331	train_eligible	0	AC:003015	Q9Y6G5	Q8N668	Q86VX2	Q9Y6G5	Q8N668	Q86VX2	8f2u	3	11_24	1
SCF:0003332	train_eligible	0	AC:003015	Q9Y6G5	Q8N668	Q86X83	Q9Y6G5	Q8N668	Q86X83	8f2u	3	11_24	1
SCF:0003333	train_eligible	1	AC:003016	Q54G86	Q54XI5	Q9Y3A5	Q54G86	A0A3Q7JDZ0	Q9Y3A5	5an9	4	3_10	1
SCF:0003334	train_eligible	0	AC:003017	P68449	P68439	P20979	P68449	P68439	P20979	9fq6	1	11_24	0
SCF:0003336	train_eligible	0	AC:003022	O82504	Q9LK40	Q9LQ02	O82504	Q9LK40	Q9LQ02	8xme	4	11_24	1
SCF:0003337	train_eligible	0	AC:003024	O14010	P87310	Q9P6Q0	O14010	P87310	Q9P6Q0	5n9j	1	11_24	0
SCF:0003339	train_eligible	0	AC:003025	Q9UBD5	Q14566	P33993	Q9UBD5	Q9V461	P33993	8s0f	1	11_24	0
SCF:0003340	train_eligible	0	AC:003025	Q9UBD5	Q14566	P25205	Q9UBD5	Q9V461	P25205	8s0f	1	11_24	0
SCF:0003345	train_eligible	1	AC:003034	Q13618	Q9H9Q2	Q9BT78	Q13618	Q9H9Q2	Q9BT78	8h38	4	11_24	1
SCF:0003346	train_eligible	0	AC:003034	Q9H9Q2	Q13618	Q13616	Q9H9Q2	Q13618	Q13616	8h38	4	11_24	1
SCF:0003351	train_eligible	0	AC:003037	Q99471	P48643	P50991	Q99471	P48643	P50991	6nr9	3	11_24	1
SCF:0003352	train_eligible	0	AC:003037	Q99471	P48643	P49368	Q99471	P48643	Q3T0K2	6nr9	3	11_24	1
SCF:0003356	train_eligible	0	AC:003042	Q8DKF3	Q8DMR6	Q8DKF4	Q8DKF3	Q8DMR6	Q8DKF4	6tjv	1	11_24	0
SCF:0003360	train_eligible	0	AC:003047	P38203	P53905	P57743	P38203	P53905	P57743	4m78	10	3_10	1
SCF:0003361	train_eligible	0	AC:003047	P38203	P53905	P47093	P38203	P53905	P47093	4m78	10	3_10	1
