triplet_id	ac_id	A	C	D	pdb_assembly	complex_size_bin	core_flag	n_pdb_AC	replicated_AC	A_C_min_heavy	A_D_min_heavy	positive_source	seqid_CD	seqid_CD_bin	family_A	family_C	family_D	score_AD_PLMInteract	score_AC_PLMInteract	delta_PLMInteract	rank_correct_PLMInteract	score_AD_DSCRIPT	score_AC_DSCRIPT	score_AD_TopsyTurvy	score_AC_TopsyTurvy
SCF:0000001	AC:000002	P62805	Q96GM5	Q12432	9rl4-assembly1.cif.gz	11_24	1	5	1	57.192	2.263	PDB_exact_pair_aggregate	0.2989	20_30	P62805	Q96GM5	Q12432	0.999874	0.999897	-2.3e-05	0.0	0.043883	0.004209	0.724265	0.518654
SCF:0000002	AC:000002	P62805	Q96GM5	C4R7L8	9rl4-assembly1.cif.gz	11_24	1	5	1	57.192	2.866	PDB_exact_pair_aggregate	0.2917	20_30	P62805	Q96GM5	C4R7L8	0.999678	0.999897	-0.000219	0.0	0.004356	0.004209	0.20441	0.518654
SCF:0000003	AC:000004	Q980U8	Q97Z84	P57766	2izo-assembly1.cif.gz	3_10	1	1	0	9.044	2.654	same_assembly_bridge	0.287	20_30	Q980U8	Q97Z84	P57766	0.996443	0.999834	-0.003391	0.0	0.176939	0.349593	0.737471	0.781677
SCF:0000004	AC:000006	P33332	P38261	P89102	5yfp-assembly1.cif.gz	3_10	1	2	1	22.497	2.334	same_assembly_bridge	0.2945	20_30	P33332	P38261	P89102	0.000625	0.001311	-0.000686	0.0	0.004176	0.00418	0.663734	0.455041
SCF:0000005	AC:000006	P33332	P38261	P32855	5yfp-assembly1.cif.gz	3_10	1	2	1	22.497	2.532	PDB_exact_pair_aggregate	0.2932	20_30	P33332	P38261	P32855	0.000125	0.001311	-0.001186	0.0	0.004176	0.00418	0.626459	0.455041
SCF:0000006	AC:000006	P33332	P38261	Q06245	5yfp-assembly1.cif.gz	3_10	1	2	1	22.497	2.907	PDB_exact_pair_aggregate	0.2652	20_30	P33332	P38261	Q06245	0.006643	0.001311	0.005332	1.0	0.004176	0.00418	0.678065	0.455041
SCF:0000007	AC:000006	P38261	P33332	P22224	5yfp-assembly1.cif.gz	3_10	1	2	1	22.497	2.546	PDB_exact_pair_aggregate	0.2966	20_30	P38261	P33332	P22224	0.003933	0.001311	0.002622	1.0	0.004175	0.00418	0.539283	0.455041
SCF:0000008	AC:000006	P38261	P33332	P32855	5yfp-assembly1.cif.gz	3_10	1	2	1	22.497	2.338	PDB_exact_pair_aggregate	0.2883	20_30	P38261	P33332	P32855	0.000806	0.001311	-0.000505	0.0	0.004174	0.00418	0.450937	0.455041
SCF:0000009	AC:000011	P63272	P62487	A0A4X1VKG7	8xrm-assembly1.cif.gz	11_24	1	2	1	43.157	2.708	PDB_exact_pair_aggregate	1.0	ge50	P63272	A0A4X1VKG7	A0A4X1VKG7	0.999363	0.798163	0.2012	1.0	0.148419	0.148419	0.776429	0.77643
SCF:0000010	AC:000012	P20282	P21467	P12877	8cdu-assembly1.cif.gz	11_24	1	22	1	32.361	1.454	PDB_exact_pair_aggregate	0.3148	30_40	B7IA17	Q839E7	P62399	0.99994	0.999917	2.3e-05	1.0	0.649609	0.871991	0.406304	0.450066
SCF:0000011	AC:000012	P20282	P21467	P04969	8cdu-assembly1.cif.gz	11_24	1	22	1	32.361	2.259	PDB_exact_pair_aggregate	0.3483	30_40	B7IA17	Q839E7	Q50296	0.99994	0.999917	2.3e-05	1.0	0.705609	0.871991	0.165405	0.450066
SCF:0000012	AC:000012	P21467	P20282	P21470	8cdu-assembly1.cif.gz	11_24	1	22	1	32.361	4.21	PDB_exact_pair_aggregate	0.2783	20_30	Q839E7	B7IA17	A0A1M6R974	0.999915	0.999917	-2e-06	0.0	0.746439	0.871991	0.792417	0.450066
SCF:0000013	AC:000012	P21467	P20282	P42060	8cdu-assembly1.cif.gz	11_24	1	22	1	32.361	3.585	PDB_exact_pair_aggregate	0.2644	20_30	Q839E7	B7IA17	P42060	0.999911	0.999917	-6e-06	0.0	0.742761	0.871991	0.229698	0.450066
SCF:0000014	AC:000013	P59768	P41586	Q16602	6m1i-assembly1.cif.gz	3_10	1	5	1	12.357	2.483	PDB_exact_pair_aggregate	0.3455	30_40	P59768	P41586	Q16602	0.999928	0.999854	7.4e-05	1.0	0.017726	0.005116	0.785997	0.771662
SCF:0000015	AC:000013	P59768	P41586	P28223	6m1i-assembly1.cif.gz	3_10	1	5	1	12.357	2.22	PDB_exact_pair_aggregate	0.3156	30_40	P59768	P41586	P28223	0.999911	0.999854	5.7e-05	1.0	0.522557	0.005116	0.867291	0.771662
SCF:0000016	AC:000013	P59768	P41586	Q9UPC5	6m1i-assembly1.cif.gz	3_10	1	5	1	12.357	2.39	PDB_exact_pair_aggregate	0.2829	20_30	P59768	P41586	Q9UPC5	0.99991	0.999854	5.6e-05	1.0	0.07135	0.005116	0.884524	0.771662
SCF:0000017	AC:000014	A8ITV3	P12154	P09144	7zq9-assembly1.cif.gz	11_24	1	7	1	45.351	2.747	same_assembly_bridge	0.497	40_50	A8ITV3	A0T0M8	T1RIQ1	0.999742	0.999745	-3e-06	0.0	0.005322	0.005678	0.035674	0.110685
SCF:0000018	AC:000014	P12154	A8ITV3	Q75VY4	7zq9-assembly1.cif.gz	11_24	1	7	1	45.351	3.688	PDB_exact_pair_aggregate	0.4974	40_50	A0T0M8	A8ITV3	Q84Y02	0.997928	0.999745	-0.001817	0.0	0.118741	0.005678	0.433841	0.110685
SCF:0000019	AC:000014	P12154	A8ITV3	Q05093	7zq9-assembly1.cif.gz	11_24	1	7	1	45.351	2.559	PDB_exact_pair_aggregate	0.4915	40_50	A0T0M8	A8ITV3	Q7DM26	0.999022	0.999745	-0.000723	0.0	0.098145	0.005678	0.26666	0.110685
SCF:0000020	AC:000018	P60899	A0A8D1KNW4	A0A4X1VEK9	9rtt-assembly1.cif.gz	11_24	1	4	1	56.879	2.136	PDB_exact_pair_aggregate	1.0	ge50	P36954	A0A4X1VEK9	A0A4X1VEK9	0.999936	0.999943	-7e-06	0.0	0.457909	0.45791	0.605015	0.605014
SCF:0000021	AC:000018	P60899	A0A8D1KNW4	I3LCB2	9rtt-assembly1.cif.gz	11_24	1	4	1	56.879	2.205	PDB_exact_pair_aggregate	0.3117	30_40	P36954	A0A4X1VEK9	A0A8D1AQR7	0.999947	0.999943	4e-06	1.0	0.365286	0.45791	0.640442	0.605014
SCF:0000022	AC:000018	P60899	A0A8D1KNW4	A0A4X1VM56	9rtt-assembly1.cif.gz	11_24	1	4	1	56.879	2.289	PDB_exact_pair_aggregate	0.2857	20_30	P36954	A0A4X1VEK9	Q9VEA5	0.999944	0.999943	1e-06	1.0	0.101078	0.45791	0.669313	0.605014
SCF:0000023	AC:000019	Q00403	Q92966	Q92759	7zxe-assembly1.cif.gz	3_10	1	2	1	12.565	2.758	PDB_exact_pair_aggregate	0.2511	20_30	Q00403	Q92966	Q92759	0.999914	0.999056	0.000858	1.0	0.004177	0.004175	0.731928	0.127617
SCF:0000024	AC:000019	Q92966	Q00403	Q9HAW0	7zxe-assembly1.cif.gz	3_10	1	2	1	12.565	3.737	PDB_exact_pair_aggregate	0.271	20_30	Q92966	Q00403	Q9HAW0	0.00015	0.999056	-0.998906	0.0	0.004175	0.004175	0.075884	0.127617
SCF:0000025	AC:000021	A4VD75	I7M6H4	I7M9J2	8bx8-assembly1.cif.gz	11_24	1	2	1	9.893	1.087	same_assembly_bridge	0.4006	40_50	A4VD75	I7M6H4	I7M9J2	0.000139	0.009733	-0.009594	0.0				
SCF:0000026	AC:000022	P21082	P20979	P20504	8rqk-assembly1.cif.gz	11_24	1	3	1	18.169	2.245	same_assembly_bridge	0.2984	20_30	P21082	P20979	P20504	0.978239	0.005476	0.972763	1.0	0.004174	0.004176	0.610292	0.425707
SCF:0000027	AC:000022	P21082	P20979	P68439	8rqk-assembly1.cif.gz	11_24	1	3	1	18.169	2.193	PDB_exact_pair_aggregate	0.2906	20_30	P21082	P20979	P68439	0.366031	0.005476	0.360555	1.0	0.004173	0.004176	0.447442	0.425707
SCF:0000028	AC:000024	P26784	P36160	P38805	7oht-assembly1.cif.gz	11_24	1	13	1	28.542	2.24	PDB_exact_pair_aggregate	0.3396	30_40	P26784	P36160	P38805	0.999865	0.999758	0.000107	1.0	0.004214	0.0751	0.559189	0.699942
SCF:0000029	AC:000024	P26784	P36160	P26321	7oht-assembly1.cif.gz	11_24	1	13	1	28.542	2.682	PDB_exact_pair_aggregate	0.3352	30_40	P26784	P36160	P26321	0.999885	0.999758	0.000127	1.0	0.004184	0.0751	0.806804	0.699942
SCF:0000030	AC:000024	P26784	P36160	P40007	7oht-assembly1.cif.gz	11_24	1	13	1	28.542	2.441	PDB_exact_pair_aggregate	0.3226	30_40	P26784	P36160	P40007	0.995532	0.999758	-0.004226	0.0	0.605857	0.0751	0.70663	0.699942
SCF:0000031	AC:000024	P36160	P26784	P0C0W9	7oht-assembly1.cif.gz	11_24	1	13	1	28.542	2.76	PDB_exact_pair_aggregate	0.3548	30_40	P36160	P26784	P0C0W9	0.99958	0.999758	-0.000178	0.0	0.766872	0.0751	0.76776	0.699942
SCF:0000032	AC:000028	Q24I09	W7XBF5	Q23S01	8b6g-assembly1.cif.gz	11_24	1	4	1	37.022	2.791	PDB_exact_pair_aggregate	0.2333	20_30	Q24I09	W7XBF5	Q23S01	0.013584	0.005911	0.007673	1.0	0.004876	0.004255	0.026104	0.000105
SCF:0000033	AC:000029	Q9W0I7	P49735	Q9XYU1	6ray-assembly1.cif.gz	11_24	1	1	0	34.87	2.231	PDB_exact_pair_aggregate	0.3898	30_40	Q7ZT47	P49735	P25205	0.99982	0.999552	0.000268	1.0	0.004176	0.004183	0.591135	0.478889
SCF:0000034	AC:000029	Q9W0I7	P49735	Q9V461	6ray-assembly1.cif.gz	11_24	1	1	0	34.87	1.431	PDB_exact_pair_aggregate	0.3806	30_40	Q7ZT47	P49735	Q9V461	0.99989	0.999552	0.000338	1.0	0.004177	0.004183	0.543562	0.478889
SCF:0000035	AC:000029	Q9W0I7	P49735	Q9VGW6	6ray-assembly1.cif.gz	11_24	1	1	0	34.87	2.44	same_assembly_bridge	0.3697	30_40	Q7ZT47	P49735	Q9VGW6	0.999589	0.999552	3.7e-05	1.0	0.004175	0.004183	0.671493	0.478889
SCF:0000036	AC:000032	C4R273	C4QY79	F2QPE6	8yfr-assembly1.cif.gz	11_24	1	5	1	43.13	2.792	PDB_exact_pair_aggregate	1.0	ge50	C4R273	C4QY79	C4QY79	0.999948	0.999933	1.5e-05	1.0	0.270161	0.005828	0.721303	0.656807
SCF:0000037	AC:000034	C3SQX2	C3SR57	P0A7R5	9sx2-assembly1.cif.gz	11_24	1	12	1	36.554	3.097	PDB_exact_pair_aggregate	0.3171	30_40	P80372	Q50296	P21471	0.99995	0.999938	1.2e-05	1.0	0.831636	0.703785	0.867574	0.877508
SCF:0000038	AC:000034	C3SQX2	C3SR57	C3SQT7	9sx2-assembly1.cif.gz	11_24	1	12	1	36.554	2.734	PDB_exact_pair_aggregate	0.3171	30_40	P80372	Q50296	P21471	0.99995	0.999938	1.2e-05	1.0	0.831636	0.703785	0.867574	0.877508
SCF:0000039	AC:000034	C3SQX2	C3SR57	P0AG59	9sx2-assembly1.cif.gz	11_24	1	12	1	36.554	2.216	PDB_exact_pair_aggregate	0.3049	30_40	P80372	Q50296	P0AG59	0.999936	0.999938	-2e-06	0.0	0.803314	0.703785	0.064788	0.877508
SCF:0000040	AC:000035	A0A4V8GZZ5	A0A4V8GZZ8	A0A4V8H006	6igz-assembly1.cif.gz	11_24	1	1	0	38.399	2.638	PDB_exact_pair_aggregate	0.3494	30_40	A8IL32	I0YPL4	A5Z2K3	0.981786	0.99907	-0.017284	0.0	0.977053	0.004197	0.550214	0.330498
SCF:0000041	AC:000036	O74499	P87173	O14352	6ppv-assembly1.cif.gz	3_10	1	2	1	9.749	2.342	same_assembly_bridge	0.3431	30_40	O74499	P87173	O14352	0.999187	0.999818	-0.000631	0.0	0.798265	0.749197	0.65108	0.808243
SCF:0000042	AC:000038	B6A879	B6A880	B6A878	9cbc-assembly1.cif.gz	11_24	1	2	1	41.409	3.476	same_assembly_bridge	0.268	20_30	B6A879	B6A880	B6A878	0.986758	0.224847	0.761911	1.0	0.004178	0.004181	0.101953	0.371459
SCF:0000043	AC:000039	A0A9R0JF29	A0A9R0I5M6	A0A9R0J865	8xzv-assembly1.cif.gz	11_24	1	1	0	96.416	2.564	PDB_exact_pair_aggregate	0.2941	20_30	A0A9R0JF29	A0A1S3X2G3	A0A1S3YEW3	0.002275	0.013628	-0.011353	0.0	0.007661	0.006615	0.021437	0.143702
SCF:0000044	AC:000041	P39744	P43586	Q02326	7r6k-assembly1.cif.gz	11_24	1	1	0	15.192	2.9	PDB_exact_pair_aggregate	0.3525	30_40	P39744	P43586	Q02326	0.999935	0.999761	0.000174	1.0	0.043806	0.00796	0.60519	0.705343
SCF:0000045	AC:000041	P39744	P43586	P26784	7r6k-assembly1.cif.gz	11_24	1	1	0	15.192	2.648	PDB_exact_pair_aggregate	0.2752	20_30	P39744	P43586	P26784	0.999815	0.999761	5.4e-05	1.0	0.465288	0.00796	0.709737	0.705343
SCF:0000046	AC:000041	P43586	P39744	Q07896	7r6k-assembly1.cif.gz	11_24	1	1	0	15.192	2.93	same_assembly_bridge	0.2712	20_30	P43586	P39744	Q07896	0.999405	0.999761	-0.000356	0.0	0.07319	0.00796	0.730752	0.705343
SCF:0000047	AC:000042	A0A2K3DG79	A8J353	A8INX1	7ekq-assembly1.cif.gz	11_24	1	1	0	49.564	4.667	same_assembly_bridge	0.3	30_40	A0A2K3DG79	A8J353	A8INX1	0.158685	0.000706	0.157979	1.0	0.944416	0.004181	0.55275	0.077943
SCF:0000048	AC:000042	A0A2K3DG79	A8J353	A8IJ60	7ekq-assembly1.cif.gz	11_24	1	1	0	49.564	2.494	PDB_exact_pair_aggregate	0.2474	20_30	A0A2K3DG79	A8J353	A8IJ60	0.13096	0.000706	0.130254	1.0	0.964245	0.004181	0.675007	0.077943
SCF:0000049	AC:000042	A8J353	A0A2K3DG79	A8INX1	7ekq-assembly1.cif.gz	11_24	1	1	0	49.564	4.185	same_assembly_bridge	0.3151	30_40	A8J353	A0A2K3DG79	A8INX1	0.000557	0.000706	-0.000149	0.0	0.004175	0.004181	0.490563	0.077943
SCF:0000050	AC:000044	Q9TM20	Q9TM22	Q9TM21	4yuu-assembly2.cif.gz	11_24	1	1	0	34.139	3.32	PDB_exact_pair_aggregate	0.3333	30_40	Q8DIP0	P32974	P12239	0.992701	0.889198	0.103503	1.0	0.004173	0.004173	0.541014	0.505648
SCF:0000051	AC:000046	A0QVB8	A0R550	A0QSL6	8wif-assembly1.cif.gz	11_24	1	5	1	21.93	3.863	PDB_exact_pair_aggregate	0.2887	20_30	A0QVB8	P0AG59	Q50296	0.99987	0.999436	0.000434	1.0	0.826167	0.816142	0.886831	0.897696
SCF:0000052	AC:000046	A0QVB8	A0R550	A0QSP9	8wif-assembly1.cif.gz	11_24	1	5	1	21.93	3.346	PDB_exact_pair_aggregate	0.2824	20_30	A0QVB8	P0AG59	A0QSP9	0.999741	0.999436	0.000305	1.0	0.922982	0.816142	0.755043	0.897696
SCF:0000053	AC:000046	A0R550	A0QVB8	A0QSD7	8wif-assembly1.cif.gz	11_24	1	5	1	21.93	2.827	same_assembly_bridge	0.3122	30_40	P0AG59	A0QVB8	P80372	0.999931	0.999436	0.000495	1.0	0.836454	0.816142	0.834505	0.897696
SCF:0000054	AC:000048	Q2G111	Q2G2Q1	Q2G2Q4	8bh7-assembly1.cif.gz	11_24	1	16	1	17.239	4.221	PDB_exact_pair_aggregate	0.2571	20_30	A0A2V3DLV3	Q2G2Q1	Q2G2Q4	0.998353	0.999908	-0.001555	0.0	0.101051	0.055611	0.45432	0.297919
SCF:0000055	AC:000048	Q2G2Q1	Q2G111	Q2FW10	8bh7-assembly1.cif.gz	11_24	1	16	1	17.239	2.664	PDB_exact_pair_aggregate	0.3	30_40	Q2G2Q1	A0A2V3DLV3	A0QSD5	0.999917	0.999908	9e-06	1.0	0.071149	0.055611	0.009605	0.297919
SCF:0000056	AC:000049	P04637	P61218	P04908	6xre-assembly1.cif.gz	11_24	1	1	0	44.077	4.13	PDB_exact_pair_aggregate	0.3425	30_40	P04637	A0A4X1VEK9	P0C0S5	0.999905	0.999637	0.000268	1.0	0.983155	0.015709	0.806567	0.806006
SCF:0000057	AC:000049	P61218	P04637	O15446	6xre-assembly1.cif.gz	11_24	1	1	0	44.077	2.91	PDB_exact_pair_aggregate	0.3475	30_40	A0A4X1VEK9	P04637	O15446	0.999936	0.999637	0.000299	1.0	0.004217	0.015709	0.718852	0.806006
SCF:0000058	AC:000050	P21471	P21476	P21473	8cdv-assembly1.cif.gz	11_24	1	22	1	17.451	2.485	same_assembly_bridge	0.3137	30_40	P21471	A0QSD5	Q2G2Q1	0.999887	0.999801	8.6e-05	1.0	0.047773	0.708057	0.159595	0.699199
SCF:0000059	AC:000050	P21471	P21476	P21468	8cdv-assembly1.cif.gz	11_24	1	22	1	17.451	3.287	PDB_exact_pair_aggregate	0.3125	30_40	P21471	A0QSD5	P21468	0.99989	0.999801	8.9e-05	1.0	0.044295	0.708057	0.690428	0.699199
SCF:0000060	AC:000050	P21471	P21476	P21472	8cdv-assembly1.cif.gz	11_24	1	22	1	17.451	3.717	PDB_exact_pair_aggregate	0.2877	20_30	P21471	A0QSD5	P21472	0.999924	0.999801	0.000123	1.0	0.80586	0.708057	0.742997	0.699199
SCF:0000061	AC:000050	P21476	P21471	P12874	8cdv-assembly1.cif.gz	11_24	1	22	1	17.451	2.773	PDB_exact_pair_aggregate	0.2778	20_30	A0QSD5	P21471	P0AG63	0.99974	0.999801	-6.1e-05	0.0	0.527308	0.708057	0.574181	0.699199
SCF:0000062	AC:000051	P49005	P39748	Q15054	6tnz-assembly1.cif.gz	3_10	1	1	0	49.467	2.338	PDB_exact_pair_aggregate	0.2783	20_30	P49005	P39748	Q15054	0.999698	0.99954	0.000158	1.0	0.004176	0.004177	0.722968	0.778824
SCF:0000063	AC:000052	Q13426	Q9NP87	Q9UGP5	9n81-assembly1.cif.gz	11_24	1	2	1	44.251	2.601	PDB_exact_pair_aggregate	0.3575	30_40	Q13426	Q9NP87	Q9UGP5	0.997916	0.9988	-0.000884	0.0	0.893317	0.937962	0.837604	0.816987
SCF:0000064	AC:000052	Q13426	Q9NP87	Q8IW19	9n81-assembly1.cif.gz	11_24	1	2	1	44.251	2.537	PDB_exact_pair_aggregate	0.25	20_30	Q13426	Q9NP87	Q8IW19	0.997118	0.9988	-0.001682	0.0	0.415447	0.937962	0.468755	0.816987
SCF:0000065	AC:000053	P07839	Q75VY9	P12356	7wzn-assembly1.cif.gz	11_24	1	1	0	24.181	2.994	PDB_exact_pair_aggregate	0.3209	30_40	P07839	I0YPL4	P12356	0.997973	0.999728	-0.001755	0.0	0.004183	0.970266	0.333441	0.304339
SCF:0000066	AC:000054	O43402	Q9NPA0	Q9P0I2	8j0o-assembly1.cif.gz	3_10	1	8	1	50.964	2.274	same_assembly_bridge	0.2375	20_30	O43402	Q9NPA0	Q9P0I2	0.999672	0.999857	-0.000185	0.0	0.00418	0.004179	0.657115	0.563929
SCF:0000067	AC:000055	E9NPS7	I0YQ46	I0YPL4	9kqp-assembly1.cif.gz	11_24	1	2	1	11.714	2.519	PDB_exact_pair_aggregate	0.4324	40_50	A0T0M8	Q84Y02	I0YPL4	0.995188	0.999283	-0.004095	0.0	0.004189	0.006898	0.016348	0.3725
SCF:0000068	AC:000055	E9NPS7	I0YQ46	I0Z687	9kqp-assembly1.cif.gz	11_24	1	2	1	11.714	2.889	PDB_exact_pair_aggregate	0.306	30_40	A0T0M8	Q84Y02	A8IL32	0.974493	0.999283	-0.02479	0.0	0.010055	0.006898	0.161305	0.3725
SCF:0000069	AC:000056	P29256	P09192	Q55274	8am5-assembly1.cif.gz	11_24	1	1	0	57.258	3.239	PDB_exact_pair_aggregate	0.3842	30_40	P29256	D0VWR8	Q55274	0.998922	0.996724	0.002198	1.0	0.44626	0.005693	0.398467	0.030422
SCF:0000070	AC:000057	C4R3Z5	C4R5R1	C4QZQ7	8yfq-assembly1.cif.gz	11_24	1	2	1	24.009	2.248	PDB_exact_pair_aggregate	0.3048	30_40	C4R3Z5	C4R5R1	I3LGP4	0.999792	0.988999	0.010793	1.0	0.004215	0.004249	0.573666	0.562582
SCF:0000071	AC:000057	C4R3Z5	C4R5R1	C4R370	8yfq-assembly1.cif.gz	11_24	1	2	1	24.009	2.372	PDB_exact_pair_aggregate	0.2982	20_30	C4R3Z5	C4R5R1	F2QUC3	0.987786	0.988999	-0.001213	0.0	0.004197	0.004249	0.74867	0.562582
SCF:0000072	AC:000057	C4R3Z5	C4R5R1	F2QUC3	8yfq-assembly1.cif.gz	11_24	1	2	1	24.009	2.408	PDB_exact_pair_aggregate	0.2982	20_30	C4R3Z5	C4R5R1	F2QUC3	0.987786	0.988999	-0.001213	0.0	0.004197	0.004249	0.74867	0.562582
SCF:0000073	AC:000058	O14810	P60880	P32851	3rl0-assembly5.cif.gz	3_10	1	2	1	9.031	2.304	PDB_exact_pair_aggregate	0.3432	30_40	P63041	P60880	P32851	0.999764	0.99979	-2.6e-05	0.0	0.016361	0.004193	0.728245	0.706121
SCF:0000074	AC:000058	P60880	O14810	P63041	3rl0-assembly5.cif.gz	3_10	1	2	1	9.031	3.279	PDB_exact_pair_aggregate	0.9701	ge50	P60880	P63041	P63041	0.999676	0.99979	-0.000114	0.0	0.004196	0.004193	0.705133	0.706121
SCF:0000075	AC:000063	O19882	O19928	Q9TM46	4yuu-assembly2.cif.gz	11_24	1	1	0	35.097	2.649	PDB_exact_pair_aggregate	0.3132	30_40	P12240	Q8DIQ1	D0VWR7	0.997817	0.997464	0.000353	1.0	0.062117	0.094642	0.507787	0.397754
SCF:0000076	AC:000064	Q12464	P31376	Q03388	9b1e-assembly1.cif.gz	11_24	1	1	0	43.333	2.69	same_assembly_bridge	0.2808	20_30	Q9Y230	P31376	Q03388	0.984606	0.976131	0.008475	1.0	0.455336	0.07308	0.79911	0.720651
SCF:0000077	AC:000068	O94646	O94376	O13964	5n9j-assembly1.cif.gz	11_24	1	2	1	25.531	2.303	PDB_exact_pair_aggregate	0.321	30_40	O94646	O94376	O13964	0.999901	0.999937	-3.6e-05	0.0	0.086422	0.818088	0.369338	0.747063
SCF:0000078	AC:000068	O94646	O94376	O14010	5n9j-assembly1.cif.gz	11_24	1	2	1	25.531	2.798	PDB_exact_pair_aggregate	0.2903	20_30	O94646	O94376	O14010	0.999941	0.999937	4e-06	1.0	0.222884	0.818088	0.786842	0.747063
SCF:0000079	AC:000070	Q9UKF6	Q969L4	P62318	6v4x-assembly1.cif.gz	3_10	1	4	1	19.473	4.694	PDB_exact_pair_aggregate	0.2391	20_30	Q9UKF6	Q969L4	P62318	0.9999	0.99903	0.00087	1.0	0.792625	0.64696	0.721212	0.794957
SCF:0000080	AC:000070	Q9UKF6	Q969L4	P62308	6v4x-assembly1.cif.gz	3_10	1	4	1	19.473	2.569	same_assembly_bridge	0.2239	20_30	Q9UKF6	Q969L4	P62308	0.999559	0.99903	0.000529	1.0	0.956055	0.64696	0.799995	0.794957
SCF:0000081	AC:000074	G0RZG4	G0SCD1	G0SC21	8r1o-assembly1.cif.gz	3_10	1	2	1	12.76	2.755	PDB_exact_pair_aggregate	0.3131	30_40	G0RZG4	G0SCD1	G0SC21	0.999693	0.999611	8.2e-05	1.0	0.00418	0.004174	0.499636	0.308038
SCF:0000082	AC:000074	G0RZG4	G0SCD1	P0CT46	8r1o-assembly1.cif.gz	3_10	1	2	1	12.76	2.579	same_assembly_bridge	0.2674	20_30	G0RZG4	G0SCD1	P0CT46	0.999613	0.999611	2e-06	1.0	0.004174	0.004174	0.129193	0.308038
SCF:0000083	AC:000074	G0SCD1	G0RZG4	G0S1P1	8r1o-assembly1.cif.gz	3_10	1	2	1	12.76	2.361	PDB_exact_pair_aggregate	0.3566	30_40	G0SCD1	G0RZG4	G0S1P1	0.999052	0.999611	-0.000559	0.0	0.004174	0.004174	0.108608	0.308038
SCF:0000084	AC:000077	A8IH07	A8IJY7	A8IL21	7ekq-assembly1.cif.gz	11_24	1	1	0	45.257	2.446	PDB_exact_pair_aggregate	0.2965	20_30	A8IH07	A8IJY7	A8IL21	0.99077	0.015314	0.975456	1.0	0.00418	0.00418	0.507164	0.401695
SCF:0000085	AC:000077	A8IH07	A8IJY7	A8INX1	7ekq-assembly1.cif.gz	11_24	1	1	0	45.257	2.448	same_assembly_bridge	0.2961	20_30	A8IH07	A8IJY7	A8INX1	0.281478	0.015314	0.266164	1.0	0.004176	0.00418	0.531633	0.401695
SCF:0000086	AC:000077	A8IJY7	A8IH07	A8INX1	7ekq-assembly1.cif.gz	11_24	1	1	0	45.257	4.229	same_assembly_bridge	0.3052	30_40	A8IJY7	A8IH07	A8INX1	0.269701	0.015314	0.254387	1.0	0.960297	0.00418	0.671971	0.401695
SCF:0000087	AC:000078	P36121	P07703	P32910	8bws-assembly1.cif.gz	11_24	1	24	1	45.537	2.347	PDB_exact_pair_aggregate	0.2717	20_30	P36121	P07703	P32910	0.999919	0.999942	-2.3e-05	0.0	0.004176	0.004176	0.758038	0.408082
SCF:0000088	AC:000079	P28000	P47076	P20435	7z31-assembly1.cif.gz	11_24	1	25	1	32.454	2.557	PDB_exact_pair_aggregate	0.2258	20_30	P28000	P47076	A0A4X1VEK9	0.999538	0.999905	-0.000367	0.0	0.011521	0.00419	0.772672	0.818309
SCF:0000089	AC:000081	I7MDA9	I7MLZ4	I7M6D6	8th8-assembly1.cif.gz	11_24	1	2	1	102.402	1.921	PDB_exact_pair_aggregate	0.2854	20_30	I7MDA9	I7MLZ4	I7M6D6	0.000223	0.998868	-0.998645	0.0	0.004183	0.004177	0.059175	0.499751
SCF:0000090	AC:000081	I7MDA9	I7MLZ4	Q229S1	8th8-assembly1.cif.gz	11_24	1	2	1	102.402	2.82	PDB_exact_pair_aggregate	0.285	20_30	I7MDA9	I7MLZ4	Q229S1	0.000969	0.998868	-0.997899	0.0	0.004183	0.004177	0.250068	0.499751
SCF:0000091	AC:000083	O19928	Q9TM46	Q9TM47	4yuu-assembly2.cif.gz	11_24	1	1	0	9.558	2.421	same_assembly_bridge	0.3074	30_40	Q8DIQ1	D0VWR7	D0VWR8	0.161966	0.997992	-0.836026	0.0	0.005035	0.352048	0.033957	0.639644
SCF:0000092	AC:000083	O19928	Q9TM46	O19895	4yuu-assembly2.cif.gz	11_24	1	1	0	9.558	2.342	PDB_exact_pair_aggregate	0.3056	30_40	Q8DIQ1	D0VWR7	P0A444	0.757294	0.997992	-0.240698	0.0	0.011242	0.352048	0.44796	0.639644
SCF:0000093	AC:000085	Q23YW7	Q24CL2	Q24DJ0	8th8-assembly1.cif.gz	11_24	1	2	1	29.163	1.875	PDB_exact_pair_aggregate	0.2878	20_30	Q23YW7	Q24CL2	Q24DJ0	0.001245	0.008311	-0.007066	0.0	0.004179	0.004186	0.209833	0.199943
SCF:0000094	AC:000085	Q24CL2	Q23YW7	Q23S05	8th8-assembly1.cif.gz	11_24	1	2	1	29.163	2.404	PDB_exact_pair_aggregate	0.3469	30_40	Q24CL2	Q23YW7	Q23S05	0.079286	0.008311	0.070975	1.0	0.004184	0.004186	0.25632	0.199943
SCF:0000095	AC:000087	P20339	Q9P2Y5	Q15276	7bl1-assembly1.cif.gz	3_10	1	1	0	12.915	2.504	PDB_exact_pair_aggregate	0.2662	20_30	P20339	Q9P2Y5	Q15276	0.999742	0.999782	-4e-05	0.0	0.004234	0.014225	0.318572	0.278616
SCF:0000096	AC:000089	P63272	P53803	A0A4X1TRS6	8xrm-assembly1.cif.gz	11_24	1	2	1	44.457	2.585	PDB_exact_pair_aggregate	1.0	ge50	P63272	A0A4X1TRS6	A0A4X1TRS6	0.999624	0.994938	0.004686	1.0	0.027793	0.027794	0.639802	0.639802
SCF:0000097	AC:000091	O95456	P28070	P60900	8yix-assembly1.cif.gz	11_24	1	5	1	27.589	2.485	PDB_exact_pair_aggregate	0.2953	20_30	O95456	P28070	P60900	0.999798	0.999575	0.000223	1.0	0.00418	0.004178	0.627817	0.746537
SCF:0000098	AC:000091	O95456	P28070	P25788	8yix-assembly1.cif.gz	11_24	1	5	1	27.589	2.598	PDB_exact_pair_aggregate	0.2885	20_30	O95456	P28070	P25788	0.999713	0.999575	0.000138	1.0	0.004179	0.004178	0.717718	0.746537
SCF:0000099	AC:000091	O95456	P28070	O14818	8yix-assembly1.cif.gz	11_24	1	5	1	27.589	2.548	PDB_exact_pair_aggregate	0.2638	20_30	O95456	P28070	O14818	0.999776	0.999575	0.000201	1.0	0.004179	0.004178	0.594695	0.746537
SCF:0000100	AC:000091	P28070	O95456	P48556	8yix-assembly1.cif.gz	11_24	1	5	1	27.589	1.96	PDB_exact_pair_aggregate	0.3431	30_40	P28070	O95456	P48556	0.999922	0.999575	0.000347	1.0	0.832167	0.004178	0.761184	0.746537
SCF:0000101	AC:000091	P28070	O95456	O14818	8yix-assembly1.cif.gz	11_24	1	5	1	27.589	2.492	PDB_exact_pair_aggregate	0.2919	20_30	P28070	O95456	O14818	0.999858	0.999575	0.000283	1.0	0.960649	0.004178	0.735551	0.746537
SCF:0000102	AC:000094	P50990	Q99471	O15212	6nrd-assembly1.cif.gz	11_24	1	3	1	19.686	2.617	PDB_exact_pair_aggregate	0.2689	20_30	Q3ZCI9	Q99471	O15212	0.999853	0.999744	0.000109	1.0	0.004193	0.004187	0.334621	0.686882
SCF:0000103	AC:000094	Q99471	P50990	P49368	6nrd-assembly1.cif.gz	11_24	1	3	1	19.686	2.34	PDB_exact_pair_aggregate	0.3406	30_40	Q99471	Q3ZCI9	Q3T0K2	0.999866	0.999744	0.000122	1.0	0.004183	0.004187	0.744918	0.686882
SCF:0000104	AC:000094	Q99471	P50990	P40227	6nrd-assembly1.cif.gz	11_24	1	3	1	19.686	2.722	same_assembly_bridge	0.2994	20_30	Q99471	Q3ZCI9	P40227	0.999866	0.999744	0.000122	1.0	0.004181	0.004187	0.356407	0.686882
SCF:0000105	AC:000095	C4QZ45	C4R7H2	C4QZQ7	7xn7-assembly1.cif.gz	11_24	1	12	1	21.287	2.547	same_assembly_bridge	0.264	20_30	C4QZ45	C4R7H2	I3LGP4	0.999313	0.98991	0.009403	1.0	0.004177	0.00702	0.568718	0.64678
SCF:0000106	AC:000096	A0A1S3ZQT7	A0A1S3X2G3	A0A1S3YU01	8wa0-assembly1.cif.gz	11_24	1	1	0	52.348	2.499	PDB_exact_pair_aggregate	0.2155	20_30	A0A1S3ZQT7	A0A1S3X2G3	A0A1S3YU01	0.000239	0.003988	-0.003749	0.0	0.004176	0.005885	0.199845	0.113349
SCF:0000107	AC:000097	A0A4V8H005	A0A4V8GZZ7	A0A4V8GZZ9	6igz-assembly1.cif.gz	11_24	1	1	0	42.183	2.655	PDB_exact_pair_aggregate	0.5221	ge50	A0A4V8H005	Q84Y02	A0A4V8GZZ9	0.002379	0.00046	0.001919	1.0	0.166885	0.006612	0.071026	0.173055
SCF:0000108	AC:000097	A0A4V8H005	A0A4V8GZZ7	A0A4V8H001	6igz-assembly1.cif.gz	11_24	1	1	0	42.183	4.298	PDB_exact_pair_aggregate	0.4883	40_50	A0A4V8H005	Q84Y02	Q75VY8	0.004709	0.00046	0.004249	1.0	0.004486	0.006612	0.095903	0.173055
SCF:0000109	AC:000099	P02309	P47128	P02293	8x2z-assembly1.cif.gz	11_24	1	4	1	12.295	2.096	PDB_exact_pair_aggregate	0.2449	20_30	P62805	P47128	O23629	0.99987	0.999858	1.2e-05	1.0	0.959558	0.004205	0.746221	0.385643
SCF:0000110	AC:000099	P47128	P02309	P61830	8x2z-assembly1.cif.gz	11_24	1	4	1	12.295	2.6	PDB_exact_pair_aggregate	0.375	30_40	P47128	P62805	P02299	0.935224	0.999858	-0.064634	0.0	0.004194	0.004205	0.249401	0.385643
SCF:0000111	AC:000099	P47128	P02309	Q12692	8x2z-assembly1.cif.gz	11_24	1	4	1	12.295	2.329	PDB_exact_pair_aggregate	0.3068	30_40	P47128	P62805	P0C0S5	0.949768	0.999858	-0.05009	0.0	0.004219	0.004205	0.49741	0.385643
SCF:0000112	AC:000100	G0RZG4	G0S1P1	G0SC21	8pel-assembly1.cif.gz	3_10	1	2	1	9.996	2.755	PDB_exact_pair_aggregate	0.2949	20_30	G0RZG4	G0S1P1	G0SC21	0.999693	0.999263	0.00043	1.0	0.00418	0.004174	0.499636	0.105209
SCF:0000113	AC:000103	Q2FZ25	Q2G113	Q2FW20	7kwg-assembly1.cif.gz	11_24	1	14	1	35.106	4.73	PDB_exact_pair_aggregate	0.3537	30_40	A0QVB8	P21468	Q2FW20	0.999872	0.999622	0.00025	1.0	0.830295	0.007846	0.826798	0.52968
SCF:0000114	AC:000107	P59768	P08913	P21728	7ej0-assembly1.cif.gz	3_10	1	8	1	15.083	3.094	PDB_exact_pair_aggregate	0.4227	40_50	P59768	P08913	P21728	0.999902	0.999889	1.3e-05	1.0	0.822415	0.263609	0.890002	0.867608
SCF:0000115	AC:000107	P59768	P08913	P28223	7ej0-assembly1.cif.gz	3_10	1	8	1	15.083	2.22	PDB_exact_pair_aggregate	0.4153	40_50	P59768	P08913	P28223	0.999911	0.999889	2.2e-05	1.0	0.522557	0.263609	0.867291	0.867608
SCF:0000116	AC:000107	P59768	P08913	P41143	7ej0-assembly1.cif.gz	3_10	1	8	1	15.083	2.027	PDB_exact_pair_aggregate	0.3564	30_40	P59768	P08913	P41143	0.999919	0.999889	3e-05	1.0	0.399031	0.263609	0.823162	0.867608
SCF:0000117	AC:000110	Q8DLL4	Q8DKZ4	Q8DL31	6l7o-assembly1.cif.gz	11_24	1	1	0	15.735	2.775	same_assembly_bridge	0.3083	30_40	Q8DLL4	Q8DKZ4	Q8DL31	0.116501	0.012734	0.103767	1.0	0.004179	0.004175	0.498636	0.498883
SCF:0000118	AC:000111	D8V7I7	D7NIZ2	K0J903	6rdf-assembly1.cif.gz	11_24	1	3	1	65.956	2.643	PDB_exact_pair_aggregate	0.2763	20_30	D8V7I7	D7NIZ2	K0J903	0.000241	0.001613	-0.001372	0.0	0.004179	0.004182	0.426124	0.250123
SCF:0000119	AC:000113	P50991	P61758	O15212	6nrb-assembly1.cif.gz	11_24	1	3	1	14.794	2.137	PDB_exact_pair_aggregate	0.2692	20_30	P50991	P61758	O15212	0.999879	0.999252	0.000627	1.0	0.004183	0.008343	0.49921	0.274419
SCF:0000120	AC:000113	P50991	P61758	Q9NQP4	6nrb-assembly1.cif.gz	11_24	1	3	1	14.794	2.64	same_assembly_bridge	0.2455	20_30	P50991	P61758	Q9NQP4	0.999905	0.999252	0.000653	1.0	0.004445	0.008343	0.791117	0.274419
SCF:0000121	AC:000114	P61201	Q9UBF6	P62877	9eg1-assembly1.cif.gz	11_24	1	1	0	35.434	0.626	PDB_exact_pair_aggregate	0.5269	ge50	P61201	P62877	P62877	0.999842	0.998194	0.001648	1.0	0.034015	0.00418	0.757668	0.708224
SCF:0000122	AC:000114	Q9UBF6	P61201	Q9UNS2	9eg1-assembly1.cif.gz	11_24	1	1	0	35.434	2.691	same_assembly_bridge	0.2475	20_30	P62877	P61201	Q9UNS2	0.999352	0.998194	0.001158	1.0	0.497648	0.00418	0.517313	0.708224
SCF:0000123	AC:000116	A0A125YU99	A0A125YS93	A0A125YTU2	9g9t-assembly1.cif.gz	11_24	1	1	0	36.997	2.315	same_assembly_bridge	0.2689	20_30	S7VSS5	S7W617	S7W9J5	0.999777	0.999703	7.4e-05	1.0	0.009865	0.004788	0.072367	0.783762
SCF:0000124	AC:000118	A0A2K1IAD0	A0A2K1IB10	A9RT62	6l35-assembly1.cif.gz	11_24	1	1	0	40.552	2.638	PDB_exact_pair_aggregate	0.435	40_50	A8IL32	A0A2K1IB10	A9RT62	0.998431	0.994053	0.004378	1.0	0.037451	0.007767	0.602905	0.602976
SCF:0000125	AC:000118	A0A2K1IB10	A0A2K1IAD0	A0A2K1K0C7	6l35-assembly1.cif.gz	11_24	1	1	0	40.552	2.968	PDB_exact_pair_aggregate	0.2993	20_30	A0A2K1IB10	A8IL32	F2D0D5	0.9999	0.994053	0.005847	1.0	0.066867	0.007767	0.697509	0.602976
SCF:0000126	AC:000119	P25515	P38784	P22203	8eas-assembly1.cif.gz	11_24	1	2	1	20.235	2.675	PDB_exact_pair_aggregate	0.2623	20_30	P25515	P38784	P22203	0.99985	0.000538	0.999312	1.0	0.035881	0.004181	0.728773	0.150206
SCF:0000127	AC:000120	P68135	P02602	P14649	5h53-assembly1.cif.gz	3_10	1	1	0	59.085	2.076	PDB_exact_pair_aggregate	0.6823	ge50	P68134	P02602	P02602	0.126084	0.05377	0.072314	1.0	0.931694	0.85893	0.009447	0.00393
SCF:0000128	AC:000120	P68135	P02602	P0DP26	5h53-assembly1.cif.gz	3_10	1	1	0	59.085	2.635	PDB_exact_pair_aggregate	0.45	40_50	P68134	P02602	P0DP23	0.732467	0.05377	0.678697	1.0	0.872794	0.85893	0.223355	0.00393
SCF:0000129	AC:000120	P68135	P02602	P68246	5h53-assembly1.cif.gz	3_10	1	1	0	59.085	0.599	PDB_exact_pair_aggregate	0.2653	20_30	P68134	P02602	P68246	0.827757	0.05377	0.773987	1.0	0.005473	0.85893	0.500729	0.00393
SCF:0000130	AC:000121	Q9VLI9	Q9VUZ1	Q9VA95	7b6d-assembly1.cif.gz	3_10	1	4	1	20.978	2.056	PDB_exact_pair_aggregate	0.208	20_30	Q9VLI9	Q9VUZ1	Q9VA95	0.999787	0.999705	8.2e-05	1.0	0.004178	0.004174	0.718038	0.550902
SCF:0000131	AC:000122	P01116	Q13617	P07900	8qu8-assembly1.cif.gz	3_10	1	1	0	33.626	3.01	PDB_exact_pair_aggregate	0.2705	20_30	P01116	Q13617	P07900	0.999693	0.061902	0.937791	1.0	0.1589	0.004306	0.699	0.313806
SCF:0000132	AC:000123	Q96SY0	Q9NV88	Q9NVM9	8rc4-assembly1.cif.gz	11_24	1	3	1	9.299	2.87	same_assembly_bridge	0.2943	20_30	Q96SY0	Q9NV88	Q9NVM9	0.929735	0.999822	-0.070087	0.0	0.004175	0.004175	0.704056	0.73605
SCF:0000133	AC:000123	Q96SY0	Q9NV88	Q9NVR2	8rc4-assembly1.cif.gz	11_24	1	3	1	9.299	2.564	PDB_exact_pair_aggregate	0.261	20_30	Q96SY0	Q9NV88	Q9NVR2	0.973613	0.999822	-0.026209	0.0	0.004175	0.004175	0.73657	0.73605
SCF:0000134	AC:000124	Q9NVM9	Q9NVR2	Q9NV88	8rc4-assembly1.cif.gz	11_24	1	7	1	18.078	2.341	PDB_exact_pair_aggregate	0.261	20_30	Q9NVM9	Q9NVR2	Q9NV88	0.883177	0.040808	0.842369	1.0	0.004174	0.004175	0.656508	0.601756
SCF:0000135	AC:000124	Q9NVR2	Q9NVM9	Q9NV88	8rc4-assembly1.cif.gz	11_24	1	7	1	18.078	4.118	PDB_exact_pair_aggregate	0.2943	20_30	Q9NVR2	Q9NVM9	Q9NV88	0.971891	0.040808	0.931083	1.0	0.004175	0.004175	0.73486	0.601756
SCF:0000136	AC:000124	Q9NVR2	Q9NVM9	Q5TA45	8rc4-assembly1.cif.gz	11_24	1	7	1	18.078	2.76	PDB_exact_pair_aggregate	0.2656	20_30	Q9NVR2	Q9NVM9	Q5TA45	0.999564	0.040808	0.958756	1.0	0.004177	0.004175	0.714116	0.601756
SCF:0000137	AC:000125	A0A1S3XP85	A0A1S4BFK7	A0A1S4CE74	8wa1-assembly1.cif.gz	11_24	1	1	0	12.252	2.967	PDB_exact_pair_aggregate	0.4743	40_50	A0A1S3X2G3	A0A1S4BFK7	A0A9R0JBX6	7.3e-05	5.5e-05	1.8e-05	1.0	0.061166	0.03781	0.286742	0.444496
SCF:0000138	AC:000125	A0A1S4BFK7	A0A1S3XP85	A0A1S3YEW3	8wa1-assembly1.cif.gz	11_24	1	1	0	12.252	2.606	PDB_exact_pair_aggregate	0.3019	30_40	A0A1S4BFK7	A0A1S3X2G3	A0A1S3YEW3	0.000104	5.5e-05	4.9e-05	1.0	0.005295	0.03781	0.337738	0.444496
SCF:0000139	AC:000126	A0A4V8GZZ6	A0A4V8GZZ7	A0A4V8GZZ9	6igz-assembly1.cif.gz	11_24	1	1	0	36.553	3.083	same_assembly_bridge	0.5221	ge50	Q7DM26	Q84Y02	A0A4V8GZZ9	0.999935	0.999926	9e-06	1.0	0.210106	0.183776	0.753355	0.745785
SCF:0000140	AC:000126	A0A4V8GZZ7	A0A4V8GZZ6	A0A4V8H000	6igz-assembly1.cif.gz	11_24	1	1	0	36.553	2.849	PDB_exact_pair_aggregate	0.5085	ge50	Q84Y02	Q7DM26	A0A4V8H000	0.999941	0.999926	1.5e-05	1.0	0.31872	0.183776	0.719301	0.745785
SCF:0000141	AC:000126	A0A4V8GZZ7	A0A4V8GZZ6	A0A4V8H001	6igz-assembly1.cif.gz	11_24	1	1	0	36.553	3.726	PDB_exact_pair_aggregate	0.4759	40_50	Q84Y02	Q7DM26	Q75VY8	0.99993	0.999926	4e-06	1.0	0.05919	0.183776	0.744772	0.745785
SCF:0000142	AC:000126	A0A4V8GZZ7	A0A4V8GZZ6	A0A4V8GZZ9	6igz-assembly1.cif.gz	11_24	1	1	0	36.553	3.081	same_assembly_bridge	0.4581	40_50	Q84Y02	Q7DM26	A0A4V8GZZ9	0.999938	0.999926	1.2e-05	1.0	0.606979	0.183776	0.696143	0.745785
SCF:0000143	AC:000127	Q3B726	O15446	Q9GZS1	7oba-assembly1.cif.gz	11_24	1	1	0	25.45	1.758	PDB_exact_pair_aggregate	0.2405	20_30	Q3B726	O15446	Q9GZS1	0.999829	0.999904	-7.5e-05	0.0	0.031154	0.004176	0.618964	0.617729
SCF:0000144	AC:000129	P07305	P62805	P04908	9ipu-assembly1.cif.gz	11_24	1	9	1	8.062	2.719	PDB_exact_pair_aggregate	0.3146	30_40	P07305	P62805	P0C0S5	0.997058	0.999877	-0.002819	0.0	0.973902	0.980777	0.776157	0.816899
SCF:0000145	AC:000129	P62805	P07305	P10412	9ipu-assembly1.cif.gz	11_24	1	9	1	8.062	2.393	PDB_exact_pair_aggregate	0.4869	40_50	P62805	P07305	P10412	0.999521	0.999877	-0.000356	0.0	0.972371	0.980777	0.745402	0.816899
SCF:0000146	AC:000129	P62805	P07305	A0A1B8Y854	9ipu-assembly1.cif.gz	11_24	1	9	1	8.062	2.494	PDB_exact_pair_aggregate	0.523	ge50	P62805	P07305	A0A1B8Y854	0.999889	0.999877	1.2e-05	1.0	0.979683	0.980777	0.67724	0.816899
SCF:0000147	AC:000129	P62805	P07305	P33778	9ipu-assembly1.cif.gz	11_24	1	9	1	8.062	2.136	PDB_exact_pair_aggregate	0.3832	30_40	P62805	P07305	O23629	0.999872	0.999877	-5e-06	0.0	0.879357	0.980777	0.692432	0.816899
SCF:0000148	AC:000132	P20436	P32910	P29055	6tut-assembly1.cif.gz	11_24	1	25	1	91.752	2.021	PDB_exact_pair_aggregate	0.2838	20_30	C4R273	P32910	P29055	0.999894	0.999923	-2.9e-05	0.0	0.454338	0.100525	0.568829	0.745738
SCF:0000149	AC:000132	P20436	P32910	P46669	6tut-assembly1.cif.gz	11_24	1	25	1	91.752	2.244	PDB_exact_pair_aggregate	0.2781	20_30	C4R273	P32910	P46669	0.421331	0.999923	-0.578592	0.0	0.004178	0.100525	0.536443	0.745738
SCF:0000150	AC:000132	P20436	P32910	P07703	6tut-assembly1.cif.gz	11_24	1	25	1	91.752	2.255	PDB_exact_pair_aggregate	0.2717	20_30	C4R273	P32910	P07703	0.999765	0.999923	-0.000158	0.0	0.004324	0.100525	0.530783	0.745738
SCF:0000151	AC:000133	A0T0V1	B8CEQ3	B8C770	8zet-assembly1.cif.gz	11_24	1	3	1	37.214	3.481	PDB_exact_pair_aggregate	0.3916	30_40	Q55329	B8CEQ3	B8C770	0.997928	0.992481	0.005447	1.0	0.004668	0.015944	0.18195	0.019313
SCF:0000152	AC:000133	A0T0V1	B8CEQ3	B8C2K6	8zet-assembly1.cif.gz	11_24	1	3	1	37.214	3.234	PDB_exact_pair_aggregate	0.3727	30_40	Q55329	B8CEQ3	B8C2K6	0.99863	0.992481	0.006149	1.0	0.004478	0.015944	0.065414	0.019313
SCF:0000153	AC:000133	B8CEQ3	A0T0V1	A0T0S1	8zet-assembly1.cif.gz	11_24	1	3	1	37.214	3.557	PDB_exact_pair_aggregate	0.2917	20_30	B8CEQ3	Q55329	A0T0S1	0.998782	0.992481	0.006301	1.0	0.004186	0.015944	0.003166	0.019313
SCF:0000154	AC:000135	Q9NQP4	Q99832	P50991	6nrd-assembly1.cif.gz	11_24	1	3	1	91.298	2.812	same_assembly_bridge	0.367	30_40	Q9NQP4	Q99832	P50991	0.999905	0.999846	5.9e-05	1.0	0.004445	0.004257	0.791117	0.579932
SCF:0000155	AC:000136	P39933	Q12308	P32367	8ffz-assembly1.cif.gz	3_10	1	1	0	20.853	2.798	PDB_exact_pair_aggregate	0.3361	30_40	P39933	Q12308	P32367	0.072501	7e-05	0.072431	1.0	0.004174	0.004174	0.029229	0.401717
SCF:0000156	AC:000138	A0A2P6TPV8	A0A2P6TQ14	A0A2P6TT36	7a4p-assembly1.cif.gz	11_24	1	2	1	33.479	3.584	PDB_exact_pair_aggregate	0.4951	40_50	A0A2P6TPV8	A0A2P6TQ14	Q7DM26	0.001161	0.00839	-0.007229	0.0	0.004243	0.00419	0.606168	0.65032
SCF:0000157	AC:000138	A0A2P6TPV8	A0A2P6TQ14	A0A2P6TZ50	7a4p-assembly1.cif.gz	11_24	1	2	1	33.479	2.461	same_assembly_bridge	0.4739	40_50	A0A2P6TPV8	A0A2P6TQ14	Q84Y02	0.002432	0.00839	-0.005958	0.0	0.004194	0.00419	0.682024	0.65032
SCF:0000158	AC:000139	D5MAL3	Q32904	Q41038	6zxs-assembly1.cif.gz	11_24	1	6	1	21.407	2.545	PDB_exact_pair_aggregate	0.4483	40_50	Q55329	A0A2K1IB10	F2D0D5	0.156815	0.501037	-0.344222	0.0	0.006629	0.064621	0.616487	0.655417
SCF:0000159	AC:000140	P56768	Q949Q5	Q9SUI6	8j6z-assembly1.cif.gz	11_24	1	1	0	36.447	2.33	PDB_exact_pair_aggregate	0.4231	40_50	E9NPX1	B6SQZ7	A0A2K1JDR4	0.003827	0.075006	-0.071179	0.0	0.004331	0.004174	0.604587	0.374285
SCF:0000160	AC:000140	P56768	Q949Q5	Q9SUI7	8j6z-assembly1.cif.gz	11_24	1	1	0	36.447	2.941	PDB_exact_pair_aggregate	0.3846	30_40	E9NPX1	B6SQZ7	A0A2K1JDR4	0.004928	0.075006	-0.070078	0.0	0.01956	0.004174	0.652226	0.374285
SCF:0000161	AC:000142	P12356	Q75VY9	Q05093	7bgi-assembly1.cif.gz	11_24	1	6	1	31.746	3.149	PDB_exact_pair_aggregate	0.5	ge50	P12356	I0YPL4	Q7DM26	0.999451	0.999767	-0.000316	0.0	0.010035	0.004195	0.605325	0.096037
SCF:0000162	AC:000142	P12356	Q75VY9	Q7DM26	7bgi-assembly1.cif.gz	11_24	1	6	1	31.746	2.855	PDB_exact_pair_aggregate	0.5	ge50	P12356	I0YPL4	Q7DM26	0.999065	0.999767	-0.000702	0.0	0.010435	0.004195	0.534979	0.096037
SCF:0000163	AC:000142	Q75VY9	P12356	Q75VY8	7bgi-assembly1.cif.gz	11_24	1	6	1	31.746	3.207	PDB_exact_pair_aggregate	0.3394	30_40	I0YPL4	P12356	Q75VY8	0.999912	0.999767	0.000145	1.0	0.00927	0.004195	0.782068	0.096037
SCF:0000164	AC:000143	E1C9K6	E1C9K9	A0A0M3KL10	4rku-assembly1.cif.gz	11_24	1	2	1	41.74	2.293	PDB_exact_pair_aggregate	0.913	ge50	B8LEQ8	E1C9K9	A0A0M3KL10	0.995031	0.995168	-0.000137	0.0	0.751162	0.004262	0.021363	0.013714
SCF:0000165	AC:000144	Q12330	Q08920	Q07930	6n7p-assembly1.cif.gz	11_24	1	1	0	24.919	3.364	PDB_exact_pair_aggregate	0.293	20_30	Q12330	Q08920	Q07930	0.949864	0.997835	-0.047971	0.0	0.004229	0.937373	0.740942	0.705013
SCF:0000166	AC:000144	Q12330	Q08920	P40018	6n7p-assembly1.cif.gz	11_24	1	1	0	24.919	2.296	PDB_exact_pair_aggregate	0.2823	20_30	Q12330	Q08920	P40018	0.999756	0.997835	0.001921	1.0	0.842032	0.937373	0.677331	0.705013
SCF:0000167	AC:000144	Q12330	Q08920	P53277	6n7p-assembly1.cif.gz	11_24	1	1	0	24.919	2.418	PDB_exact_pair_aggregate	0.2689	20_30	Q12330	Q08920	P53277	0.989255	0.997835	-0.00858	0.0	0.026258	0.937373	0.698734	0.705013
SCF:0000168	AC:000145	E9NPW6	I0YPL4	I0YQ46	9kqp-assembly1.cif.gz	11_24	1	1	0	19.909	3.297	PDB_exact_pair_aggregate	0.4324	40_50	Q55329	I0YPL4	Q84Y02	0.999763	0.796004	0.203759	1.0	0.00476	0.00454	0.648577	0.170012
SCF:0000169	AC:000146	A0A063XCP1	A0A063X781	A0A063X754	9p4i-assembly1.cif.gz	11_24	1	1	0	43.35	2.609	PDB_exact_pair_aggregate	0.3152	30_40	P0A0F8	A0A063X781	A0A063X754	0.999812	0.99988	-6.8e-05	0.0	0.639593	0.762195	0.730044	2.3e-05
SCF:0000170	AC:000146	A0A063XCP1	A0A063X781	A0A063XCH0	9p4i-assembly1.cif.gz	11_24	1	1	0	43.35	3.605	PDB_exact_pair_aggregate	0.283	20_30	P0A0F8	A0A063X781	A0A063XCH0	0.999902	0.99988	2.2e-05	1.0	0.594459	0.762195	0.884611	2.3e-05
SCF:0000171	AC:000148	Q00403	O15514	P61218	5iyc-assembly1.cif.gz	11_24	1	10	1	24.886	3.122	PDB_exact_pair_aggregate	0.2857	20_30	Q00403	Q9VEA5	A0A4X1VEK9	0.999937	0.999937	0.0	0.5	0.100507	0.008644	0.640188	0.730101
SCF:0000172	AC:000148	Q00403	O15514	A0A4X1VEK9	5iyc-assembly1.cif.gz	11_24	1	10	1	24.886	3.279	PDB_exact_pair_aggregate	0.2857	20_30	Q00403	Q9VEA5	A0A4X1VEK9	0.999937	0.999937	0.0	0.5	0.116137	0.008644	0.636574	0.730101
SCF:0000173	AC:000148	Q00403	O15514	Q15543	5iyc-assembly1.cif.gz	11_24	1	10	1	24.886	3.999	PDB_exact_pair_aggregate	0.2375	20_30	Q00403	Q9VEA5	Q15543	0.997754	0.999937	-0.002183	0.0	0.00422	0.008644	0.698202	0.730101
SCF:0000174	AC:000150	P0A431	P59087	Q8DIN9	5h2f-assembly1.cif.gz	11_24	1	60	1	9.836	4.773	PDB_exact_pair_aggregate	0.3333	30_40	P0A431	Q7DGD4	P12239	0.000916	0.000251	0.000665	1.0	0.004222	0.004201	0.00038	0.000401
SCF:0000175	AC:000150	P0A431	P59087	Q8DJZ6	5h2f-assembly1.cif.gz	11_24	1	60	1	9.836	2.749	PDB_exact_pair_aggregate	0.4091	40_50	P0A431	Q7DGD4	P12240	0.000248	0.000251	-3e-06	0.0	0.004614	0.004201	0.000137	0.000401
SCF:0000176	AC:000153	Q01667	Q8LCQ4	Q9C639	7wfd-assembly1.cif.gz	11_24	1	2	1	40.56	2.253	PDB_exact_pair_aggregate	0.4977	40_50	A0A9R0J8B1	F2D0D5	Q84Y02	0.999928	0.999918	1e-05	1.0	0.74894	0.214868	0.658343	0.714371
SCF:0000177	AC:000153	Q01667	Q8LCQ4	Q9SQL2	7wfd-assembly1.cif.gz	11_24	1	2	1	40.56	2.304	PDB_exact_pair_aggregate	0.4685	40_50	A0A9R0J8B1	F2D0D5	Q84Y02	0.999917	0.999918	-1e-06	0.0	0.634292	0.214868	0.638737	0.714371
SCF:0000178	AC:000153	Q01667	Q8LCQ4	P27521	7wfd-assembly1.cif.gz	11_24	1	2	1	40.56	2.369	same_assembly_bridge	0.4395	40_50	A0A9R0J8B1	F2D0D5	Q84Y02	0.999916	0.999918	-2e-06	0.0	0.384585	0.214868	0.624524	0.714371
SCF:0000179	AC:000153	Q8LCQ4	Q01667	P27521	7wfd-assembly1.cif.gz	11_24	1	2	1	40.56	2.605	same_assembly_bridge	0.4612	40_50	F2D0D5	A0A9R0J8B1	Q84Y02	0.999898	0.999918	-2e-05	0.0	0.057802	0.214868	0.694649	0.714371
SCF:0000180	AC:000153	Q8LCQ4	Q01667	Q9SY97	7wfd-assembly1.cif.gz	11_24	1	2	1	40.56	2.376	PDB_exact_pair_aggregate	0.4475	40_50	F2D0D5	A0A9R0J8B1	A0A2K1IB10	0.999914	0.999918	-4e-06	0.0	0.119164	0.214868	0.704079	0.714371
SCF:0000181	AC:000153	Q8LCQ4	Q01667	Q94AQ8	7wfd-assembly1.cif.gz	11_24	1	2	1	40.56	3.309	PDB_exact_pair_aggregate	0.3024	30_40	F2D0D5	A0A9R0J8B1	Q94AQ8	0.000595	0.999918	-0.999323	0.0	0.004217	0.214868	0.419378	0.714371
SCF:0000182	AC:000156	P59768	Q9GZQ6	P41145	9vi9-assembly1.cif.gz	3_10	1	2	1	16.987	2.295	PDB_exact_pair_aggregate	0.3531	30_40	P59768	Q9GZQ6	P41143	0.999916	0.999918	-2e-06	0.0	0.312754	0.154314	0.829054	0.83842
SCF:0000183	AC:000156	P59768	Q9GZQ6	Q9UPC5	9vi9-assembly1.cif.gz	3_10	1	2	1	16.987	2.39	PDB_exact_pair_aggregate	0.3355	30_40	P59768	Q9GZQ6	Q9UPC5	0.99991	0.999918	-8e-06	0.0	0.07135	0.154314	0.884524	0.83842
SCF:0000184	AC:000158	P0A7W7	P69222	P0A7T7	9ss2-assembly1.cif.gz	11_24	1	9	1	54.935	2.287	PDB_exact_pair_aggregate	0.3095	30_40	Q83ER2	Q5SHR1	A0A2V3DLV3	0.999911	0.999732	0.000179	1.0	0.75821	0.117883	0.773896	0.348067
SCF:0000185	AC:000158	P0A7W7	P69222	P0A7R5	9ss2-assembly1.cif.gz	11_24	1	9	1	54.935	2.605	PDB_exact_pair_aggregate	0.2759	20_30	Q83ER2	Q5SHR1	P21471	0.999931	0.999732	0.000199	1.0	0.901216	0.117883	0.734213	0.348067
SCF:0000186	AC:000161	Q9Y7N2	Q9P6Q0	P87310	5n9j-assembly1.cif.gz	11_24	1	1	0	60.266	2.278	PDB_exact_pair_aggregate	0.2727	20_30	Q9Y7N2	Q9P6Q0	P87310	0.99987	0.999792	7.8e-05	1.0	0.004199	0.004242	0.497571	0.497568
SCF:0000187	AC:000162	F2R0J7	F2QT90	F2QVA2	8ucj-assembly1.cif.gz	11_24	1	1	0	10.453	2.696	PDB_exact_pair_aggregate	0.2987	20_30	F2R0J7	F2QT90	F2QVA2	0.999875	0.999867	8e-06	1.0	0.969143	0.589264	0.814005	0.76764
SCF:0000188	AC:000163	A0A125YN38	S7W9J5	S7W617	9i4x-assembly1.cif.gz	11_24	1	1	0	21.298	2.477	PDB_exact_pair_aggregate	0.2689	20_30	S8GED8	S7W9J5	S7W617	0.999658	0.999436	0.000222	1.0	0.004787	0.006	0.210669	0.0611
SCF:0000189	AC:000163	S7W9J5	A0A125YN38	S7W617	9i4x-assembly1.cif.gz	11_24	1	1	0	21.298	2.702	PDB_exact_pair_aggregate	0.2863	20_30	S7W9J5	S8GED8	S7W617	0.999558	0.999436	0.000122	1.0	0.433603	0.006	0.229898	0.0611
SCF:0000190	AC:000164	Q9XYU1	Q9VBI1	Q9VQY9	6raz-assembly1.cif.gz	11_24	1	1	0	26.113	2.221	PDB_exact_pair_aggregate	0.3356	30_40	P25205	Q9VBI1	Q9VQY9	0.999903	0.999584	0.000319	1.0	0.004181	0.004181	0.059157	0.757882
SCF:0000191	AC:000164	Q9XYU1	Q9VBI1	Q9W2V7	6raz-assembly1.cif.gz	11_24	1	1	0	26.113	3.271	same_assembly_bridge	0.2869	20_30	P25205	Q9VBI1	Q9W2V7	0.999893	0.999584	0.000309	1.0	0.004342	0.004181	0.560995	0.757882
SCF:0000192	AC:000165	Q15370	P49427	Q712K3	8rx0-assembly1.cif.gz	3_10	1	1	0	42.981	2.498	PDB_exact_pair_aggregate	0.8283	ge50	Q15370	P49427	P49427	0.791271	0.998873	-0.207602	0.0	0.939207	0.940975	0.723895	0.768377
SCF:0000193	AC:000165	Q15370	P49427	Q13084	8rx0-assembly1.cif.gz	3_10	1	1	0	42.981	2.316	PDB_exact_pair_aggregate	0.3169	30_40	Q15370	P49427	Q13084	0.000335	0.998873	-0.998538	0.0	0.004179	0.940975	0.623894	0.768377
SCF:0000194	AC:000166	A0A2K1IAD0	A0A2K1JC42	A0A2K1JDE1	6l35-assembly1.cif.gz	11_24	1	2	1	44.578	2.447	PDB_exact_pair_aggregate	0.344	30_40	A8IL32	B6U534	B6SQZ7	0.362546	0.993164	-0.630618	0.0	0.073397	0.932115	0.478542	0.536563
SCF:0000195	AC:000167	P38550	A0A1S3ZSI0	A0A1S3YXM6	8wa1-assembly1.cif.gz	11_24	1	1	0	45.106	2.257	PDB_exact_pair_aggregate	0.2851	20_30	P11704	A0A1S3ZSI0	A0A9R0JF29	0.020129	0.000844	0.019285	1.0	0.005152	0.004179	0.647568	0.521832
SCF:0000196	AC:000167	P38550	A0A1S3ZSI0	A0AA96C3P8	8wa1-assembly1.cif.gz	11_24	1	1	0	45.106	2.329	same_assembly_bridge	0.2629	20_30	P11704	A0A1S3ZSI0	A0AA96C3P8	0.000165	0.000844	-0.000679	0.0	0.004247	0.004179	0.534122	0.521832
SCF:0000197	AC:000168	C3SYP2	W8T6F0	C3SRY2	9sx2-assembly1.cif.gz	11_24	1	4	1	17.24	2.779	same_assembly_bridge	0.3288	30_40	C3SYP2	Q83D76	C3SRY2	0.999887	0.999788	9.9e-05	1.0	0.543242	0.856653	6.1e-05	0.753268
SCF:0000198	AC:000170	Q2EN79	P24964	A0A286SF60	8iog-assembly1.cif.gz	11_24	1	1	0	17.885	4.609	PDB_exact_pair_aggregate	0.9974	ge50	Q2EN79	P24964	P24964	0.999945	0.999942	3e-06	1.0	0.886644	0.888191	0.639755	0.637583
SCF:0000199	AC:000171	Q1HFW0	Q1HFX0	W7XJB1	8bx8-assembly1.cif.gz	11_24	1	6	1	34.111	1.441	PDB_exact_pair_aggregate	0.3535	30_40	Q24CE5	Q1HFX0	W7XJB1	0.999582	0.999592	-1e-05	0.0	0.004194	0.344468	0.49611	0.369153
SCF:0000200	AC:000171	Q1HFW0	Q1HFX0	Q1HFV9	8bx8-assembly1.cif.gz	11_24	1	6	1	34.111	2.812	PDB_exact_pair_aggregate	0.3171	30_40	Q24CE5	Q1HFX0	Q24DI9	0.999881	0.999592	0.000289	1.0	0.004794	0.344468	0.170194	0.369153
SCF:0000201	AC:000171	Q1HFX0	Q1HFW0	Q1HFW2	8bx8-assembly1.cif.gz	11_24	1	6	1	34.111	1.786	PDB_exact_pair_aggregate	0.3953	30_40	Q1HFX0	Q24CE5	Q1HFW2	0.99865	0.999592	-0.000942	0.0	0.392073	0.344468	0.376334	0.369153
SCF:0000202	AC:000171	Q1HFX0	Q1HFW0	Q1HFV9	8bx8-assembly1.cif.gz	11_24	1	6	1	34.111	2.55	PDB_exact_pair_aggregate	0.3816	30_40	Q1HFX0	Q24CE5	Q24DI9	0.998874	0.999592	-0.000718	0.0	0.0043	0.344468	0.21479	0.369153
SCF:0000203	AC:000171	Q1HFX0	Q1HFW0	W7XJB1	8bx8-assembly1.cif.gz	11_24	1	6	1	34.111	2.991	PDB_exact_pair_aggregate	0.3625	30_40	Q1HFX0	Q24CE5	W7XJB1	0.030681	0.999592	-0.968911	0.0	0.004355	0.344468	0.497006	0.369153
SCF:0000204	AC:000174	P07471	P07470	P00429	5zco-assembly2.cif.gz	11_24	1	91	1	8.041	2.499	PDB_exact_pair_aggregate	0.35	30_40	P07471	P07470	P14854	0.999924	0.999926	-2e-06	0.0	0.628243	0.968955	0.707891	0.459771
SCF:0000205	AC:000174	P07471	P07470	P13183	5zco-assembly2.cif.gz	11_24	1	91	1	8.041	2.502	PDB_exact_pair_aggregate	0.32	30_40	P07471	P07470	P24311	0.999921	0.999926	-5e-06	0.0	0.897481	0.968955	0.537893	0.459771
SCF:0000206	AC:000176	Q1HFW0	Q1HFW2	W7XJB1	7k5b-assembly1.cif.gz	11_24	1	6	1	37.37	1.441	PDB_exact_pair_aggregate	0.3659	30_40	Q24CE5	Q1HFW2	W7XJB1	0.999582	0.999917	-0.000335	0.0	0.004194	0.91298	0.49611	0.598144
SCF:0000207	AC:000176	Q1HFW0	Q1HFW2	Q1HFV9	7k5b-assembly1.cif.gz	11_24	1	6	1	37.37	2.812	PDB_exact_pair_aggregate	0.3625	30_40	Q24CE5	Q1HFW2	Q24DI9	0.999881	0.999917	-3.6e-05	0.0	0.004794	0.91298	0.170194	0.598144
SCF:0000208	AC:000176	Q1HFW2	Q1HFW0	Q1HFV9	7k5b-assembly1.cif.gz	11_24	1	6	1	37.37	2.823	PDB_exact_pair_aggregate	0.3816	30_40	Q1HFW2	Q24CE5	Q24DI9	0.999756	0.999917	-0.000161	0.0	0.946867	0.91298	0.394808	0.598144
SCF:0000209	AC:000177	P59768	Q96RJ0	P28223	8w89-assembly1.cif.gz	3_10	1	5	1	11.542	2.22	PDB_exact_pair_aggregate	0.3787	30_40	P59768	Q96RJ0	P28223	0.999911	0.999842	6.9e-05	1.0	0.522557	0.322582	0.867291	0.873761
SCF:0000210	AC:000177	P59768	Q96RJ0	P21728	8w89-assembly1.cif.gz	3_10	1	5	1	11.542	3.094	PDB_exact_pair_aggregate	0.3771	30_40	P59768	Q96RJ0	P21728	0.999902	0.999842	6e-05	1.0	0.822415	0.322582	0.890002	0.873761
SCF:0000211	AC:000177	P59768	Q96RJ0	P30872	8w89-assembly1.cif.gz	3_10	1	5	1	11.542	2.668	PDB_exact_pair_aggregate	0.348	30_40	P59768	Q96RJ0	P30872	0.999922	0.999842	8e-05	1.0	0.537684	0.322582	0.818403	0.873761
SCF:0000212	AC:000178	P59768	P35346	P30872	8x8l-assembly1.cif.gz	3_10	1	2	1	17.145	2.668	PDB_exact_pair_aggregate	0.558	ge50	P59768	P35346	P30872	0.999922	0.99982	0.000102	1.0	0.537684	0.486997	0.818403	0.831197
SCF:0000213	AC:000178	P59768	P35346	P30874	8x8l-assembly1.cif.gz	3_10	1	2	1	17.145	2.377	PDB_exact_pair_aggregate	0.5524	ge50	P59768	P35346	P35346	0.99991	0.99982	9e-05	1.0	0.311826	0.486997	0.828167	0.831197
SCF:0000214	AC:000178	P59768	P35346	P41143	8x8l-assembly1.cif.gz	3_10	1	2	1	17.145	2.027	PDB_exact_pair_aggregate	0.4321	40_50	P59768	P35346	P41143	0.999919	0.99982	9.9e-05	1.0	0.399031	0.486997	0.823162	0.831197
SCF:0000215	AC:000179	P19947	O31742	P42924	9bsl-assembly1.cif.gz	11_24	1	25	1	26.644	3.451	PDB_exact_pair_aggregate	0.339	30_40	P19947	O31742	Q2FW08	0.999902	0.999916	-1.4e-05	0.0	0.655834	0.764859	0.442588	0.637785
SCF:0000216	AC:000180	Q8DJD9	Q8DKF5	Q8DMR6	6tjv-assembly1.cif.gz	11_24	1	1	0	20.999	2.347	PDB_exact_pair_aggregate	0.3081	30_40	Q8DJD9	Q8DKF5	Q8DMR6	0.011034	0.001145	0.009889	1.0	0.004197	0.004194	0.22631	0.511155
SCF:0000217	AC:000180	Q8DJD9	Q8DKF5	Q8DKY0	6tjv-assembly1.cif.gz	11_24	1	1	0	20.999	2.279	PDB_exact_pair_aggregate	0.2691	20_30	Q8DJD9	Q8DKF5	P26288	0.02403	0.001145	0.022885	1.0	0.004209	0.004194	0.557069	0.511155
SCF:0000218	AC:000182	A8J4K5	A8IKI9	A8J5P7	9f5z-assembly1.cif.gz	11_24	1	2	1	9.164	2.332	PDB_exact_pair_aggregate	0.2667	20_30	A8J4K5	A8IKI9	A8J5P7	0.998338	0.999821	-0.001483	0.0	0.007075	0.004179	0.53379	0.032695
SCF:0000219	AC:000184	P19658	P33332	P22224	5yfp-assembly1.cif.gz	3_10	1	2	1	11.554	3.223	PDB_exact_pair_aggregate	0.2966	20_30	P19658	P33332	P22224	0.999716	0.000822	0.998894	1.0	0.004174	0.004177	0.447473	0.667504
SCF:0000220	AC:000184	P33332	P19658	P32844	5yfp-assembly1.cif.gz	3_10	1	2	1	11.554	3.338	PDB_exact_pair_aggregate	0.2789	20_30	P33332	P19658	P32844	0.001837	0.000822	0.001015	1.0	0.004177	0.004177	0.592506	0.667504
SCF:0000221	AC:000184	P33332	P19658	P89102	5yfp-assembly1.cif.gz	3_10	1	2	1	11.554	2.334	same_assembly_bridge	0.2733	20_30	P33332	P19658	P89102	0.000625	0.000822	-0.000197	0.0	0.004176	0.004177	0.663734	0.667504
SCF:0000222	AC:000184	P33332	P19658	Q06245	5yfp-assembly1.cif.gz	3_10	1	2	1	11.554	2.907	PDB_exact_pair_aggregate	0.2712	20_30	P33332	P19658	Q06245	0.006643	0.000822	0.005821	1.0	0.004176	0.004177	0.678065	0.667504
SCF:0000223	AC:000185	P40540	P39543	P47133	7kra-assembly1.cif.gz	11_24	1	3	1	23.657	2.392	PDB_exact_pair_aggregate	0.3425	30_40	P40540	P39543	P47133	0.078158	0.997769	-0.919611	0.0	0.004176	0.00419	0.090469	0.51248
SCF:0000224	AC:000186	P16370	Q02792	P19263	8k5p-assembly1.cif.gz	11_24	1	2	1	28.606	2.826	PDB_exact_pair_aggregate	0.2799	20_30	P37382	C4R5R1	P19263	0.99992	0.999556	0.000364	1.0	0.004175	0.004178	0.62593	0.646356
SCF:0000225	AC:000187	P30665	P54784	P53091	6wgg-assembly1.cif.gz	11_24	1	3	1	28.643	2.44	same_assembly_bridge	0.3	30_40	P30665	P54784	P53091	0.429152	0.002078	0.427074	1.0	0.048113	0.012911	0.723162	0.715683
SCF:0000226	AC:000187	P30665	P54784	Q08032	6wgg-assembly1.cif.gz	11_24	1	3	1	28.643	3.359	PDB_exact_pair_aggregate	0.2945	20_30	P30665	P54784	Q08032	0.981679	0.002078	0.979601	1.0	0.004179	0.012911	0.686135	0.715683
SCF:0000227	AC:000187	P30665	P54784	P29469	6wgg-assembly1.cif.gz	11_24	1	3	1	28.643	2.273	PDB_exact_pair_aggregate	0.2799	20_30	P30665	P54784	P29469	0.073108	0.002078	0.07103	1.0	0.090632	0.012911	0.730355	0.715683
SCF:0000228	AC:000187	P54784	P30665	P24279	6wgg-assembly1.cif.gz	11_24	1	3	1	28.643	2.735	PDB_exact_pair_aggregate	0.4003	40_50	P54784	P30665	P24279	0.898006	0.002078	0.895928	1.0	0.072623	0.012911	0.711487	0.715683
SCF:0000229	AC:000187	P54784	P30665	P38132	6wgg-assembly1.cif.gz	11_24	1	3	1	28.643	2.985	PDB_exact_pair_aggregate	0.3883	30_40	P54784	P30665	P38132	0.007277	0.002078	0.005199	1.0	0.053806	0.012911	0.68146	0.715683
SCF:0000230	AC:000187	P54784	P30665	P53091	6wgg-assembly1.cif.gz	11_24	1	3	1	28.643	3.392	same_assembly_bridge	0.3807	30_40	P54784	P30665	P53091	0.52	0.002078	0.517922	1.0	0.016573	0.012911	0.711475	0.715683
SCF:0000231	AC:000188	A0A140G1Q3	A0A1S4BFK7	A0A1S4D4H1	8wa1-assembly1.cif.gz	11_24	1	1	0	17.145	2.828	PDB_exact_pair_aggregate	0.2848	20_30	A0A140G1Q3	A0A1S4BFK7	A0A1S4D4H1	0.005799	0.000108	0.005691	1.0	0.004181	0.004187	0.658744	0.680835
SCF:0000232	AC:000190	P62877	Q96L50	Q9BT78	7plo-assembly1.cif.gz	11_24	1	1	0	47.935	2.265	PDB_exact_pair_aggregate	0.2837	20_30	P62877	Q96L50	Q9BT78	0.999902	0.999896	6e-06	1.0	0.79588	0.98389	0.665205	0.469735
SCF:0000233	AC:000190	P62877	Q96L50	Q9UNS2	7plo-assembly1.cif.gz	11_24	1	1	0	47.935	2.281	PDB_exact_pair_aggregate	0.2825	20_30	P62877	Q96L50	Q9UNS2	0.9999	0.999896	4e-06	1.0	0.074992	0.98389	0.846189	0.469735
SCF:0000234	AC:000190	P62877	Q96L50	Q7L5N1	7plo-assembly1.cif.gz	11_24	1	1	0	47.935	2.359	PDB_exact_pair_aggregate	0.2639	20_30	P62877	Q96L50	Q7L5N1	0.991497	0.999896	-0.008399	0.0	0.225815	0.98389	0.391444	0.469735
SCF:0000235	AC:000192	A0A2K1JDR4	A0A2K1JLW2	A0A2K1KU02	7ksq-assembly1.cif.gz	11_24	1	2	1	9.613	2.546	PDB_exact_pair_aggregate	0.9313	ge50	A0A2K1JDR4	A0A4V8GZZ4	A0A4V8GZZ4	0.997832	0.997815	1.7e-05	1.0	0.980421	0.967246	0.395214	0.380606
SCF:0000236	AC:000192	A0A2K1JDR4	A0A2K1JLW2	A0A2K1JC42	7ksq-assembly1.cif.gz	11_24	1	2	1	9.613	2.503	PDB_exact_pair_aggregate	0.4595	40_50	A0A2K1JDR4	A0A4V8GZZ4	B6U534	0.99786	0.997815	4.5e-05	1.0	0.93972	0.967246	0.465584	0.380606
SCF:0000237	AC:000193	P0AG63	P0A7G2	P02358	7nav-assembly1.cif.gz	11_24	1	4	1	37.347	2.236	PDB_exact_pair_aggregate	0.3488	30_40	P0AG63	P0A7G2	Q83D76	0.999919	0.998136	0.001783	1.0	0.232847	0.766251	0.726957	0.000361
SCF:0000238	AC:000193	P0AG63	P0A7G2	P0A7R9	7nav-assembly1.cif.gz	11_24	1	4	1	37.347	1.864	PDB_exact_pair_aggregate	0.3146	30_40	P0AG63	P0A7G2	Q50296	0.999936	0.998136	0.0018	1.0	0.69147	0.766251	3.1e-05	0.000361
SCF:0000239	AC:000193	P0AG63	P0A7G2	P0A7X3	7nav-assembly1.cif.gz	11_24	1	4	1	37.347	2.568	PDB_exact_pair_aggregate	0.3049	30_40	P0AG63	P0A7G2	C3SRY2	0.999887	0.998136	0.001751	1.0	0.768916	0.766251	0.496507	0.000361
SCF:0000240	AC:000194	P14736	P06839	Q00578	7k04-assembly1.cif.gz	3_10	1	1	0	38.063	2.407	PDB_exact_pair_aggregate	0.2923	20_30	P14736	P06839	Q00578	0.290251	0.124439	0.165812	1.0	0.008701	0.061372	0.674747	0.702868
SCF:0000241	AC:000194	P14736	P06839	P32776	7k04-assembly1.cif.gz	3_10	1	1	0	38.063	2.387	same_assembly_bridge	0.2441	20_30	P14736	P06839	P32776	0.973802	0.124439	0.849363	1.0	0.0042	0.061372	0.397713	0.702868
SCF:0000242	AC:000195	F2CW18	F2DAN8	Q43485	7ew6-assembly1.cif.gz	11_24	1	1	0	41.242	3.64	same_assembly_bridge	0.4714	40_50	Q84Y02	A0A2K1IB10	F2D0D5	0.999938	0.999936	2e-06	1.0	0.004291	0.005042	0.821283	0.743258
SCF:0000243	AC:000195	F2DAN8	F2CW18	F2D0D5	7ew6-assembly1.cif.gz	11_24	1	1	0	41.242	2.324	PDB_exact_pair_aggregate	0.4953	40_50	A0A2K1IB10	Q84Y02	F2D0D5	0.999902	0.999936	-3.4e-05	0.0	0.242809	0.005042	0.685656	0.743258
SCF:0000244	AC:000195	F2DAN8	F2CW18	Q43485	7ew6-assembly1.cif.gz	11_24	1	1	0	41.242	2.299	same_assembly_bridge	0.4758	40_50	A0A2K1IB10	Q84Y02	F2D0D5	0.999927	0.999936	-9e-06	0.0	0.161798	0.005042	0.682184	0.743258
SCF:0000245	AC:000198	Q8YQ35	P58568	P58560	7y3f-assembly1.cif.gz	11_24	1	1	0	38.765	3.03	PDB_exact_pair_aggregate	0.3077	30_40	Q55274	Q55329	P58560	0.996163	0.998296	-0.002133	0.0	0.023568	0.276836	0.084516	0.611079
SCF:0000246	AC:000199	D7P6B9	K0J903	D7NIZ2	6rda-assembly1.cif.gz	11_24	1	3	1	97.934	2.323	PDB_exact_pair_aggregate	0.2763	20_30	D7P6B9	K0J903	D7NIZ2	0.696878	0.013842	0.683036	1.0	0.004198	0.004182	0.002098	0.001338
SCF:0000247	AC:000199	D7P6B9	K0J903	D8V7I1	6rda-assembly1.cif.gz	11_24	1	3	1	97.934	2.361	PDB_exact_pair_aggregate	0.2744	20_30	D7P6B9	K0J903	D8V7I1	0.006738	0.013842	-0.007104	0.0	0.004182	0.004182	6e-05	0.001338
SCF:0000248	AC:000200	P49735	Q9XYU0	Q9VGW6	6ray-assembly1.cif.gz	11_24	1	1	0	15.333	2.212	PDB_exact_pair_aggregate	0.3935	30_40	P49735	P33993	Q9VGW6	0.950765	0.782638	0.168127	1.0	0.020922	0.139426	0.730898	0.732021
SCF:0000249	AC:000200	P49735	Q9XYU0	Q9V461	6ray-assembly1.cif.gz	11_24	1	1	0	15.333	1.978	same_assembly_bridge	0.3611	30_40	P49735	P33993	Q9V461	0.867359	0.782638	0.084721	1.0	0.063258	0.139426	0.713597	0.732021
SCF:0000250	AC:000200	Q9XYU0	P49735	Q9XYU1	6ray-assembly1.cif.gz	11_24	1	1	0	15.333	2.093	PDB_exact_pair_aggregate	0.3898	30_40	P33993	P49735	P25205	0.999886	0.782638	0.217248	1.0	0.07643	0.139426	0.712431	0.732021
SCF:0000251	AC:000200	Q9XYU0	P49735	Q9V461	6ray-assembly1.cif.gz	11_24	1	1	0	15.333	1.031	same_assembly_bridge	0.3806	30_40	P33993	P49735	Q9V461	0.999879	0.782638	0.217241	1.0	0.269711	0.139426	0.703747	0.732021
SCF:0000252	AC:000200	Q9XYU0	P49735	Q26454	6ray-assembly1.cif.gz	11_24	1	1	0	15.333	2.04	PDB_exact_pair_aggregate	0.3447	30_40	P33993	P49735	Q26454	0.768258	0.782638	-0.01438	0.0	0.204625	0.139426	0.735978	0.732021
SCF:0000253	AC:000201	P0AB98	P0ABA4	P0ABA0	5t4q-assembly1.cif.gz	11_24	1	3	1	130.151	3.375	same_assembly_bridge	0.2627	20_30	P0AB98	P0ABA4	P0ABA0	0.999107	0.999754	-0.000647	0.0	0.004798	0.004204	0.166537	0.252813
SCF:0000254	AC:000202	P62877	P40337	P63208	8r5h-assembly1.cif.gz	3_10	1	6	1	25.988	2.902	PDB_exact_pair_aggregate	0.281	20_30	P62877	P40337	P63208	0.999927	0.999724	0.000203	1.0	0.980468	0.004454	0.649892	0.683086
SCF:0000255	AC:000203	P61769	Q6PJ56	P0DTU4	4lhu-assembly1.cif.gz	3_10	1	1	0	21.0	2.611	PDB_exact_pair_aggregate	0.3089	30_40	P61769	Q6PJ56	K7N5M4	0.973733	0.996323	-0.02259	0.0	0.871591	0.709004	0.763146	0.854157
SCF:0000256	AC:000203	P61769	Q6PJ56	P60709	4lhu-assembly1.cif.gz	3_10	1	1	0	21.0	2.267	PDB_exact_pair_aggregate	0.3024	30_40	P61769	Q6PJ56	P68134	0.996723	0.996323	0.0004	1.0	0.027308	0.709004	0.49909	0.854157
SCF:0000257	AC:000203	P61769	Q6PJ56	K7N5M4	4lhu-assembly1.cif.gz	3_10	1	1	0	21.0	2.662	PDB_exact_pair_aggregate	0.2976	20_30	P61769	Q6PJ56	K7N5M4	0.999766	0.996323	0.003443	1.0	0.845271	0.709004	0.788649	0.854157
SCF:0000258	AC:000203	Q6PJ56	P61769	P01887	4lhu-assembly1.cif.gz	3_10	1	1	0	21.0	2.28	PDB_exact_pair_aggregate	0.6807	ge50	Q6PJ56	P61769	P61769	0.999244	0.996323	0.002921	1.0	0.72053	0.709004	0.812795	0.854157
SCF:0000259	AC:000204	P41806	P23968	P25515	8eau-assembly1.cif.gz	11_24	1	1	0	26.798	2.244	PDB_exact_pair_aggregate	0.3446	30_40	P41806	P23968	P25515	0.999705	0.999311	0.000394	1.0	0.004177	0.004231	0.424784	0.463339
SCF:0000260	AC:000205	E1C9K6	A0A0M3KL13	Q9S7N7	6zoo-assembly1.cif.gz	11_24	1	2	1	24.122	2.806	PDB_exact_pair_aggregate	0.866	ge50	B8LEQ8	A0A0M3KL13	B6U534	0.000159	0.054383	-0.054224	0.0	0.004572	0.004191	0.000298	0.000277
SCF:0000261	AC:000205	E1C9K6	A0A0M3KL13	E1C9L3	6zoo-assembly1.cif.gz	11_24	1	2	1	24.122	2.328	PDB_exact_pair_aggregate	0.3425	30_40	B8LEQ8	A0A0M3KL13	E1C9L3	0.998948	0.054383	0.944565	1.0	0.004179	0.004191	0.000133	0.000277
SCF:0000262	AC:000208	P36578	Q9BXJ9	Q9NVU7	9gj5-assembly1.cif.gz	11_24	1	4	1	12.745	2.872	PDB_exact_pair_aggregate	0.3087	30_40	P36578	Q9BXJ9	Q9NVU7	0.16061	0.959859	-0.799249	0.0	0.143756	0.009402	0.636279	0.421642
SCF:0000263	AC:000208	P36578	Q9BXJ9	Q9BZE4	9gj5-assembly1.cif.gz	11_24	1	4	1	12.745	2.139	PDB_exact_pair_aggregate	0.3086	30_40	P36578	Q9BXJ9	Q9BZE4	0.999855	0.959859	0.039996	1.0	0.021429	0.009402	0.663771	0.421642
SCF:0000264	AC:000208	P36578	Q9BXJ9	Q9Y262	9gj5-assembly1.cif.gz	11_24	1	4	1	12.745	3.38	PDB_exact_pair_aggregate	0.2834	20_30	P36578	Q9BXJ9	Q9Y262	0.999881	0.959859	0.040022	1.0	0.004475	0.009402	0.719974	0.421642
SCF:0000265	AC:000208	Q9BXJ9	P36578	P50579	9gj5-assembly1.cif.gz	11_24	1	4	1	12.745	2.207	PDB_exact_pair_aggregate	0.252	20_30	Q9BXJ9	P36578	P50579	0.000817	0.959859	-0.959042	0.0	0.095888	0.009402	0.387647	0.421642
SCF:0000266	AC:000209	P61769	P43627	P43629	6pa1-assembly2.cif.gz	3_10	1	4	1	15.225	2.462	PDB_exact_pair_aggregate	0.8534	ge50	P61769	P43627	P43629	0.999468	0.99973	-0.000262	0.0	0.926428	0.970286	0.839106	0.685177
SCF:0000267	AC:000209	P61769	P43627	Q8N423	6pa1-assembly2.cif.gz	3_10	1	4	1	15.225	2.285	PDB_exact_pair_aggregate	0.4667	40_50	P61769	P43627	Q8N423	0.999418	0.99973	-0.000312	0.0	0.932847	0.970286	0.762963	0.685177
SCF:0000268	AC:000210	P63104	Q15369	P68431	9sv3-assembly1.cif.gz	3_10	1	1	0	19.938	2.206	PDB_exact_pair_aggregate	0.2647	20_30	P63104	Q15369	P02299	0.135126	0.002814	0.132312	1.0	0.00422	0.004194	0.629766	0.582726
SCF:0000269	AC:000210	Q15369	P63104	Q13084	9sv3-assembly1.cif.gz	3_10	1	1	0	19.938	2.353	PDB_exact_pair_aggregate	0.365	30_40	Q15369	P63104	Q13084	0.000292	0.002814	-0.002522	0.0	0.004186	0.004194	0.000972	0.582726
SCF:0000270	AC:000211	A0A4V8H007	A0A4V8GZZ7	A0A4V8GZZ9	6igz-assembly1.cif.gz	11_24	1	1	0	28.388	3.264	PDB_exact_pair_aggregate	0.5221	ge50	A0A4V8H007	Q84Y02	A0A4V8GZZ9	0.08861	0.010953	0.077657	1.0	0.936288	0.938206	0.831628	0.798228
SCF:0000271	AC:000212	Q2V2P8	Q06675	P38313	8ow0-assembly1.cif.gz	11_24	1	2	1	8.115	2.484	same_assembly_bridge	0.3009	30_40	Q2V2P8	Q06675	P38313	0.877791	0.999834	-0.122043	0.0	0.007144	0.004178	0.44898	0.394454
SCF:0000272	AC:000212	Q2V2P8	Q06675	Q12493	8ow0-assembly1.cif.gz	11_24	1	2	1	8.115	2.384	PDB_exact_pair_aggregate	0.2887	20_30	Q2V2P8	Q06675	Q12493	0.988816	0.999834	-0.011018	0.0	0.004178	0.004178	0.746186	0.394454
SCF:0000273	AC:000213	A0A4V8H007	A0A4V8H002	A0A4V8GZZ9	6igz-assembly1.cif.gz	11_24	1	1	0	48.779	3.264	PDB_exact_pair_aggregate	0.468	40_50	A0A4V8H007	A0A4V8H004	A0A4V8GZZ9	0.08861	0.048011	0.040599	1.0	0.936288	0.946734	0.831628	0.742321
SCF:0000274	AC:000214	P47047	Q12277	P38792	6fsz-assembly1.cif.gz	11_24	1	4	1	19.57	2.35	same_assembly_bridge	0.3478	30_40	P42285	Q12277	P38792	0.053456	0.998739	-0.945283	0.0	0.004369	0.004176	0.647463	0.293529
SCF:0000275	AC:000214	Q12277	P47047	Q12149	6fsz-assembly1.cif.gz	11_24	1	4	1	19.57	3.33	PDB_exact_pair_aggregate	0.2673	20_30	Q12277	P42285	Q12149	0.99946	0.998739	0.000721	1.0	0.004174	0.004176	0.26647	0.293529
SCF:0000276	AC:000216	P01887	Q5R1F1	P01738	1nam-assembly1.cif.gz	3_10	1	2	1	17.788	2.527	PDB_exact_pair_aggregate	0.3182	30_40	P61769	Q5R1F1	P01738	0.998812	0.996357	0.002455	1.0	0.923043	0.909478	0.71383	0.65066
SCF:0000277	AC:000216	Q5R1F1	P01887	P04214	1nam-assembly1.cif.gz	3_10	1	2	1	17.788	2.347	PDB_exact_pair_aggregate	0.2418	20_30	Q5R1F1	P61769	P04214	0.403334	0.996357	-0.593023	0.0	0.495489	0.909478	0.497761	0.65066
SCF:0000278	AC:000218	P04911	Q12509	P53298	9b1e-assembly1.cif.gz	11_24	1	6	1	18.937	2.343	PDB_exact_pair_aggregate	0.2933	20_30	P0C0S5	Q12509	P53298	0.9855	0.926301	0.059199	1.0	0.004179	0.004179	0.101415	0.664826
SCF:0000279	AC:000218	Q12509	P04911	P61830	9b1e-assembly1.cif.gz	11_24	1	6	1	18.937	2.674	PDB_exact_pair_aggregate	0.3059	30_40	Q12509	P0C0S5	P02299	0.995349	0.926301	0.069048	1.0	0.004179	0.004179	0.295827	0.664826
SCF:0000280	AC:000220	Q5U4U4	Q7ZT47	Q7ZT48	8q6o-assembly1.cif.gz	11_24	1	1	0	12.391	2.402	PDB_exact_pair_aggregate	0.2635	20_30	Q5U4U4	Q7ZT47	Q7ZT48	0.001511	0.002525	-0.001014	0.0	0.004174	0.004179	0.212494	0.613753
SCF:0000281	AC:000220	Q7ZT47	Q5U4U4	P55862	8q6o-assembly1.cif.gz	11_24	1	1	0	12.391	2.357	PDB_exact_pair_aggregate	0.2888	20_30	Q7ZT47	Q5U4U4	Q9VGW6	0.99976	0.002525	0.997235	1.0	0.004185	0.004179	0.783418	0.613753
SCF:0000282	AC:000221	A0A2P6TPR7	A0A2P6TZ50	A0A2P6TS63	6zzy-assembly1.cif.gz	11_24	1	3	1	18.631	2.516	same_assembly_bridge	0.5207	ge50	A0A4V8H000	Q84Y02	Q84Y02	0.999741	0.999908	-0.000167	0.0	0.004371	0.004538	0.668601	0.796917
SCF:0000283	AC:000221	A0A2P6TPR7	A0A2P6TZ50	A0A2P6U4K1	6zzy-assembly1.cif.gz	11_24	1	3	1	18.631	2.049	PDB_exact_pair_aggregate	0.4932	40_50	A0A4V8H000	Q84Y02	Q75VY8	0.999923	0.999908	1.5e-05	1.0	0.006873	0.004538	0.839364	0.796917
SCF:0000284	AC:000221	A0A2P6TPR7	A0A2P6TZ50	A0A2P6TQ14	6zzy-assembly1.cif.gz	11_24	1	3	1	18.631	2.929	PDB_exact_pair_aggregate	0.4739	40_50	A0A4V8H000	Q84Y02	A0A2P6TQ14	0.999916	0.999908	8e-06	1.0	0.004313	0.004538	0.779867	0.796917
SCF:0000285	AC:000221	A0A2P6TZ50	A0A2P6TPR7	A0A2P6TT36	6zzy-assembly1.cif.gz	11_24	1	3	1	18.631	2.408	PDB_exact_pair_aggregate	0.5628	ge50	Q84Y02	A0A4V8H000	Q7DM26	0.999912	0.999908	4e-06	1.0	0.240604	0.004538	0.717152	0.796917
SCF:0000286	AC:000221	A0A2P6TZ50	A0A2P6TPR7	A0A2P6TQ14	6zzy-assembly1.cif.gz	11_24	1	3	1	18.631	4.975	PDB_exact_pair_aggregate	0.4612	40_50	Q84Y02	A0A4V8H000	A0A2P6TQ14	0.999931	0.999908	2.3e-05	1.0	0.047222	0.004538	0.802433	0.796917
SCF:0000287	AC:000221	A0A2P6TZ50	A0A2P6TPR7	A0A2P6TS63	6zzy-assembly1.cif.gz	11_24	1	3	1	18.631	2.369	same_assembly_bridge	0.4541	40_50	Q84Y02	A0A4V8H000	Q84Y02	0.999905	0.999908	-3e-06	0.0	0.014119	0.004538	0.647852	0.796917
SCF:0000288	AC:000222	P60002	O15514	A0A287ADR4	8xrm-assembly1.cif.gz	11_24	1	1	0	57.872	2.52	PDB_exact_pair_aggregate	1.0	ge50	P60002	Q9VEA5	A0A8D1GCS3	0.953081	0.999932	-0.046851	0.0	0.004178	0.004178	0.363231	0.400781
SCF:0000289	AC:000223	E3UIU1	M2VTV2	M2XR49	9kc5-assembly1.cif.gz	11_24	1	1	0	24.15	3.395	PDB_exact_pair_aggregate	0.5128	ge50	T1RIQ1	M2VTV2	M2XR49	0.998534	0.999429	-0.000895	0.0	0.004286	0.022807	0.084189	0.372958
SCF:0000290	AC:000223	E3UIU1	M2VTV2	M2XW22	9kc5-assembly1.cif.gz	11_24	1	1	0	24.15	2.588	PDB_exact_pair_aggregate	0.2848	20_30	T1RIQ1	M2VTV2	M2XW22	0.99921	0.999429	-0.000219	0.0	0.004484	0.022807	0.418655	0.372958
SCF:0000291	AC:000224	A6QRA1	O81097	Q9FJ98	8hyj-assembly1.cif.gz	11_24	1	1	0	50.8	2.9	PDB_exact_pair_aggregate	0.36	30_40	Q8LE42	Q9M1A8	A0A4X1VEK9	0.999876	0.999936	-6e-05	0.0	0.908675	0.004846	0.315545	0.603459
SCF:0000292	AC:000226	A0A0F6NGI2	P09911	P16002	6yac-assembly1.cif.gz	11_24	1	2	1	11.748	3.033	PDB_exact_pair_aggregate	0.3131	30_40	T1RIQ1	P07839	P16002	0.998323	0.027895	0.970428	1.0	0.004373	0.004187	0.035824	0.024872
SCF:0000293	AC:000226	P09911	A0A0F6NGI2	A0A0F6NFW5	6yac-assembly1.cif.gz	11_24	1	2	1	11.748	3.235	PDB_exact_pair_aggregate	0.5149	ge50	P07839	T1RIQ1	A0T0M8	0.000317	0.027895	-0.027578	0.0	0.004225	0.004187	0.037138	0.024872
SCF:0000294	AC:000227	P20436	P47076	P13393	7z0h-assembly1.cif.gz	11_24	1	25	1	47.809	2.286	PDB_exact_pair_aggregate	0.2869	20_30	C4R273	P47076	P13393	0.718499	0.999952	-0.281453	0.0	0.062286	0.006167	0.625024	0.840507
SCF:0000295	AC:000227	P20436	P47076	P20433	7z0h-assembly1.cif.gz	11_24	1	25	1	47.809	2.191	PDB_exact_pair_aggregate	0.2681	20_30	C4R273	P47076	P20433	0.999951	0.999952	-1e-06	0.0	0.044999	0.006167	0.750205	0.840507
SCF:0000296	AC:000227	P20436	P47076	P20435	7z0h-assembly1.cif.gz	11_24	1	25	1	47.809	2.288	PDB_exact_pair_aggregate	0.2258	20_30	C4R273	P47076	A0A4X1VEK9	0.999924	0.999952	-2.8e-05	0.0	0.189151	0.006167	0.696754	0.840507
SCF:0000297	AC:000228	P40937	Q99638	P12004	7z6h-assembly1.cif.gz	3_10	1	1	0	21.692	2.405	PDB_exact_pair_aggregate	0.3065	30_40	P40937	Q99638	P12004	0.999845	0.999731	0.000114	1.0	0.838593	0.798023	0.54488	0.768366
SCF:0000298	AC:000228	Q99638	P40937	P35250	7z6h-assembly1.cif.gz	3_10	1	1	0	21.692	3.199	PDB_exact_pair_aggregate	0.3844	30_40	Q99638	P40937	P35250	0.999531	0.999731	-0.0002	0.0	0.928658	0.798023	0.731802	0.768366
SCF:0000299	AC:000229	P63096	Q07325	P09341	9p0k-assembly1.cif.gz	3_10	1	1	0	27.209	2.531	PDB_exact_pair_aggregate	0.4198	40_50	P50148	Q07325	P09341	0.999045	0.994476	0.004569	1.0	0.004235	0.004183	0.498943	0.499072
SCF:0000300	AC:000229	P63096	Q07325	P48061	9p0k-assembly1.cif.gz	3_10	1	1	0	27.209	2.591	PDB_exact_pair_aggregate	0.3205	30_40	P50148	Q07325	P48061	0.99913	0.994476	0.004654	1.0	0.004251	0.004183	0.49883	0.499072
SCF:0000301	AC:000230	P0A8T7	P0ACJ8	P0AGB6	6pb6-assembly1.cif.gz	3_10	1	5	1	9.535	2.373	PDB_exact_pair_aggregate	0.3158	30_40	P0A8T7	P0ACJ8	P0AGB6	0.00052	0.000262	0.000258	1.0	0.006202	0.033905	0.412883	0.693735
SCF:0000302	AC:000230	P0A8T7	P0ACJ8	P0A7W1	6pb6-assembly1.cif.gz	3_10	1	5	1	9.535	2.515	PDB_exact_pair_aggregate	0.2945	20_30	P0A8T7	P0ACJ8	Q839E7	0.999856	0.000262	0.999594	1.0	0.196184	0.033905	0.847444	0.693735
SCF:0000303	AC:000230	P0A8T7	P0ACJ8	P0A7V3	6pb6-assembly1.cif.gz	3_10	1	5	1	9.535	0.284	PDB_exact_pair_aggregate	0.2889	20_30	P0A8T7	P0ACJ8	P80372	0.998067	0.000262	0.997805	1.0	0.175135	0.033905	0.770239	0.693735
SCF:0000304	AC:000230	P0ACJ8	P0A8T7	P0A8V2	6pb6-assembly1.cif.gz	3_10	1	5	1	9.535	2.229	same_assembly_bridge	0.2957	20_30	P0ACJ8	P0A8T7	P0A8V2	0.000137	0.000262	-0.000125	0.0	0.037661	0.033905	0.697004	0.693735
SCF:0000305	AC:000231	Q9BT73	P60900	P25788	8tm3-assembly1.cif.gz	11_24	1	2	1	9.979	2.685	same_assembly_bridge	0.344	30_40	Q9BT73	P60900	P25788	0.999803	0.999932	-0.000129	0.0	0.138228	0.004183	0.496315	0.498708
SCF:0000306	AC:000231	Q9BT73	P60900	P28066	8tm3-assembly1.cif.gz	11_24	1	2	1	9.979	2.66	PDB_exact_pair_aggregate	0.2825	20_30	Q9BT73	P60900	P28066	0.999865	0.999932	-6.7e-05	0.0	0.138366	0.004183	0.332921	0.498708
SCF:0000307	AC:000231	Q9BT73	P60900	P25786	8tm3-assembly1.cif.gz	11_24	1	2	1	9.979	3.139	PDB_exact_pair_aggregate	0.2672	20_30	Q9BT73	P60900	P25786	0.999679	0.999932	-0.000253	0.0	0.004181	0.004183	0.257993	0.498708
SCF:0000308	AC:000233	P22139	P53063	P41896	8k5p-assembly1.cif.gz	11_24	1	2	1	64.907	2.173	PDB_exact_pair_aggregate	0.2903	20_30	C4R009	P53063	P41896	0.999902	0.973665	0.026237	1.0	0.658933	0.004216	0.718303	0.069941
SCF:0000309	AC:000235	P0DOX5	Q8N5F4	B9A064	6v8z-assembly1.cif.gz	11_24	1	1	0	24.759	2.946	PDB_exact_pair_aggregate	0.7562	ge50	Q6N030	G0YP42	G0YP42	0.999815	0.999893	-7.8e-05	0.0	0.080007	0.519197	0.59021	0.591935
SCF:0000310	AC:000235	P0DOX5	Q8N5F4	P0DOX7	6v8z-assembly1.cif.gz	11_24	1	1	0	24.759	2.262	PDB_exact_pair_aggregate	0.4488	40_50	Q6N030	G0YP42	Q8TCD0	0.999879	0.999893	-1.4e-05	0.0	0.361259	0.519197	0.794985	0.591935
SCF:0000311	AC:000235	P0DOX5	Q8N5F4	Q6PIL8	6v8z-assembly1.cif.gz	11_24	1	1	0	24.759	2.582	PDB_exact_pair_aggregate	0.4425	40_50	Q6N030	G0YP42	Q8TCD0	0.999863	0.999893	-3e-05	0.0	0.430496	0.519197	0.761068	0.591935
SCF:0000312	AC:000235	Q8N5F4	P0DOX5	P01857	6v8z-assembly1.cif.gz	11_24	1	1	0	24.759	1.908	PDB_exact_pair_aggregate	1.0	ge50	G0YP42	Q6N030	P01867	0.971848	0.999893	-0.028045	0.0	0.036651	0.519197	0.571411	0.591935
SCF:0000313	AC:000235	Q8N5F4	P0DOX5	S6B291	6v8z-assembly1.cif.gz	11_24	1	1	0	24.759	2.739	PDB_exact_pair_aggregate	0.9281	ge50	G0YP42	Q6N030	Q6N030	0.999842	0.999893	-5.1e-05	0.0	0.505393	0.519197	0.64477	0.591935
SCF:0000314	AC:000235	Q8N5F4	P0DOX5	Q6N089	6v8z-assembly1.cif.gz	11_24	1	1	0	24.759	2.684	PDB_exact_pair_aggregate	0.9198	ge50	G0YP42	Q6N030	Q6N030	0.999867	0.999893	-2.6e-05	0.0	0.563639	0.519197	0.602961	0.591935
SCF:0000315	AC:000236	Q22MV2	Q22R86	Q1HFV9	7k5b-assembly1.cif.gz	11_24	1	5	1	35.713	4.845	PDB_exact_pair_aggregate	0.3594	30_40	Q22MV2	Q22R86	Q24DI9	0.025082	0.000633	0.024449	1.0	0.004175	0.004312	0.174022	0.249537
SCF:0000316	AC:000236	Q22MV2	Q22R86	W7XJB1	7k5b-assembly1.cif.gz	11_24	1	5	1	35.713	2.709	PDB_exact_pair_aggregate	0.284	20_30	Q22MV2	Q22R86	W7XJB1	0.990347	0.000633	0.989714	1.0	0.004174	0.004312	0.174015	0.249537
SCF:0000317	AC:000236	Q22MV2	Q22R86	Q1HFW2	7k5b-assembly1.cif.gz	11_24	1	5	1	35.713	2.698	PDB_exact_pair_aggregate	0.2609	20_30	Q22MV2	Q22R86	Q1HFW2	0.04328	0.000633	0.042647	1.0	0.004179	0.004312	0.360189	0.249537
SCF:0000318	AC:000237	A0A2P6TPV8	A0A2P6TPR7	A0A2P6TT36	7a4p-assembly1.cif.gz	11_24	1	3	1	40.774	3.584	PDB_exact_pair_aggregate	0.5628	ge50	A0A2P6TPV8	A0A4V8H000	Q7DM26	0.001161	0.020824	-0.019663	0.0	0.004243	0.00418	0.606168	0.656599
SCF:0000319	AC:000237	A0A2P6TPV8	A0A2P6TPR7	A0A2P6TZ50	7a4p-assembly1.cif.gz	11_24	1	3	1	40.774	2.406	PDB_exact_pair_aggregate	0.482	40_50	A0A2P6TPV8	A0A4V8H000	Q84Y02	0.002432	0.020824	-0.018392	0.0	0.004194	0.00418	0.682024	0.656599
SCF:0000320	AC:000237	A0A2P6TPV8	A0A2P6TPR7	A0A2P6TS63	7a4p-assembly1.cif.gz	11_24	1	3	1	40.774	7.57	same_assembly_bridge	0.4541	40_50	A0A2P6TPV8	A0A4V8H000	Q84Y02	0.010725	0.020824	-0.010099	0.0	0.004186	0.00418	0.751756	0.656599
SCF:0000321	AC:000240	P38291	Q12530	P28005	7c7a-assembly1.cif.gz	11_24	1	2	1	12.287	3.171	PDB_exact_pair_aggregate	0.2903	20_30	P38291	Q12530	P28005	0.999611	0.999213	0.000398	1.0	0.004174	0.004176	0.202189	0.064695
SCF:0000322	AC:000243	O15446	P0DPB6	P61218	7oba-assembly1.cif.gz	11_24	1	1	0	33.726	2.91	PDB_exact_pair_aggregate	0.3014	30_40	O15446	P0DPB6	A0A4X1VEK9	0.999936	0.999818	0.000118	1.0	0.004217	0.004194	0.718852	0.809725
SCF:0000323	AC:000243	P0DPB6	O15446	P05423	7oba-assembly1.cif.gz	11_24	1	1	0	33.726	2.575	PDB_exact_pair_aggregate	0.2917	20_30	P0DPB6	O15446	P05423	0.999938	0.999818	0.00012	1.0	0.005094	0.004194	0.799789	0.809725
SCF:0000324	AC:000243	P0DPB6	O15446	Q9GZS1	7oba-assembly1.cif.gz	11_24	1	1	0	33.726	2.468	PDB_exact_pair_aggregate	0.2405	20_30	P0DPB6	O15446	Q9GZS1	0.999927	0.999818	0.000109	1.0	0.188803	0.004194	0.747923	0.809725
SCF:0000325	AC:000245	A0A3B6IU74	W5I035	W5BFB7	8r6f-assembly1.cif.gz	11_24	1	2	1	16.217	2.733	PDB_exact_pair_aggregate	0.3333	30_40	A0A3Q7I881	W5I035	W5BFB7	0.999913	0.999938	-2.5e-05	0.0	0.673561	0.248151	0.59872	0.640626
SCF:0000326	AC:000246	A0QS97	A0QSD5	A0QSL5	8yp6-assembly1.cif.gz	11_24	1	17	1	38.579	7.493	same_assembly_bridge	0.2778	20_30	P17291	A0QSD5	B7IA17	0.999935	0.999838	9.7e-05	1.0	0.915394	0.701302	0.017012	0.783621
SCF:0000327	AC:000247	P01887	P04214	P01738	1kj2-assembly1.cif.gz	3_10	1	3	1	19.385	2.527	PDB_exact_pair_aggregate	0.3093	30_40	P61769	P04214	P01738	0.998812	0.996597	0.002215	1.0	0.923043	0.971799	0.71383	0.755145
SCF:0000328	AC:000247	P04214	P01887	P01837	1kj2-assembly1.cif.gz	3_10	1	3	1	19.385	2.399	PDB_exact_pair_aggregate	0.2111	20_30	P04214	P61769	P01837	0.983959	0.996597	-0.012638	0.0	0.159597	0.971799	0.485748	0.755145
SCF:0000329	AC:000250	P06505	A0A9R0K533	A0A9R0K7U8	8xzv-assembly1.cif.gz	11_24	1	1	0	60.17	2.703	PDB_exact_pair_aggregate	0.3187	30_40	P06505	A0A9R0K533	A0A9R0K7U8	0.00043	5.3e-05	0.000377	1.0	0.004176	0.004181	0.458841	0.271653
SCF:0000330	AC:000251	O95456	P20618	P28066	8yix-assembly1.cif.gz	11_24	1	6	1	14.12	2.501	same_assembly_bridge	0.3512	30_40	O95456	P20618	P28066	0.999419	0.999743	-0.000324	0.0	0.004177	0.004175	0.637607	0.163833
SCF:0000331	AC:000251	O95456	P20618	P60900	8yix-assembly1.cif.gz	11_24	1	6	1	14.12	2.485	PDB_exact_pair_aggregate	0.2871	20_30	O95456	P20618	P60900	0.999798	0.999743	5.5e-05	1.0	0.00418	0.004175	0.627817	0.163833
SCF:0000332	AC:000251	O95456	P20618	P25789	8yix-assembly1.cif.gz	11_24	1	6	1	14.12	2.648	PDB_exact_pair_aggregate	0.2741	20_30	O95456	P20618	P23638	0.999742	0.999743	-1e-06	0.0	0.004177	0.004175	0.7401	0.163833
SCF:0000333	AC:000251	P20618	O95456	P48556	8yix-assembly1.cif.gz	11_24	1	6	1	14.12	2.364	PDB_exact_pair_aggregate	0.3431	30_40	P20618	O95456	P48556	0.999906	0.999743	0.000163	1.0	0.004557	0.004175	0.697894	0.163833
SCF:0000334	AC:000251	P20618	O95456	O14818	8yix-assembly1.cif.gz	11_24	1	6	1	14.12	2.212	PDB_exact_pair_aggregate	0.2919	20_30	P20618	O95456	O14818	0.999863	0.999743	0.00012	1.0	0.977063	0.004175	0.76592	0.163833
SCF:0000335	AC:000255	P92276	A0A2K3E6S5	P12853	9iiu-assembly1.cif.gz	11_24	1	3	1	28.632	2.709	PDB_exact_pair_aggregate	0.2596	20_30	P92276	A0A2K3E6S5	P12853	0.991935	0.000545	0.99139	1.0	0.004181	0.004233	0.135787	0.190096
SCF:0000336	AC:000257	A0A2K3CYB6	A8HUP3	A0A2K3DHV6	8xks-assembly1.cif.gz	11_24	1	1	0	54.395	2.316	PDB_exact_pair_aggregate	0.3212	30_40	A0A2K3CYB6	A8HUP3	A0A2K3DHV6	0.006788	0.003864	0.002924	1.0	0.004179	0.004177	0.07631	0.407427
SCF:0000337	AC:000258	P0A7W7	P0A7G2	P02358	7nav-assembly1.cif.gz	11_24	1	4	1	46.898	2.169	PDB_exact_pair_aggregate	0.3488	30_40	Q83ER2	P0A7G2	Q83D76	0.999805	0.997606	0.002199	1.0	0.294873	0.093527	0.855946	0.58487
SCF:0000338	AC:000258	P0A7W7	P0A7G2	P0A7R9	7nav-assembly1.cif.gz	11_24	1	4	1	46.898	1.118	PDB_exact_pair_aggregate	0.3146	30_40	Q83ER2	P0A7G2	Q50296	0.999931	0.997606	0.002325	1.0	0.802793	0.093527	0.551363	0.58487
SCF:0000339	AC:000258	P0A7W7	P0A7G2	P0A7X3	7nav-assembly1.cif.gz	11_24	1	4	1	46.898	2.412	PDB_exact_pair_aggregate	0.3049	30_40	Q83ER2	P0A7G2	C3SRY2	0.999945	0.997606	0.002339	1.0	0.887472	0.093527	0.657082	0.58487
SCF:0000340	AC:000259	Q22A67	Q240X9	Q1HGH8	6zyw-assembly1.cif.gz	11_24	1	1	0	17.674	3.538	PDB_exact_pair_aggregate	0.2759	20_30	Q22A67	Q240X9	Q1HGH8	0.000324	0.075506	-0.075182	0.0				
SCF:0000341	AC:000259	Q22A67	Q240X9	Q24DI9	6zyw-assembly1.cif.gz	11_24	1	1	0	17.674	2.45	PDB_exact_pair_aggregate	0.2466	20_30	Q22A67	Q240X9	Q24DI9	0.00067	0.075506	-0.074836	0.0				
SCF:0000342	AC:000259	Q22A67	Q240X9	Q1HFV9	6zyw-assembly1.cif.gz	11_24	1	1	0	17.674	0.801	PDB_exact_pair_aggregate	0.2466	20_30	Q22A67	Q240X9	Q24DI9	0.00067	0.075506	-0.074836	0.0				
SCF:0000343	AC:000259	Q240X9	Q22A67	I7M9J2	6zyw-assembly1.cif.gz	11_24	1	1	0	17.674	2.946	same_assembly_bridge	0.334	30_40	Q240X9	Q22A67	I7M9J2	0.005397	0.075506	-0.070109	0.0				
SCF:0000344	AC:000260	Q6YXQ2	A0A2K1JC42	A0A2K1JLW2	6l35-assembly1.cif.gz	11_24	1	5	1	26.979	3.363	PDB_exact_pair_aggregate	0.4595	40_50	A0A4V8H005	B6U534	A0A4V8GZZ4	0.0012	0.000557	0.000643	1.0	0.004265	0.00424	0.005579	0.005059
SCF:0000345	AC:000260	Q6YXQ2	A0A2K1JC42	A0A7I4AUU1	6l35-assembly1.cif.gz	11_24	1	5	1	26.979	2.858	PDB_exact_pair_aggregate	0.339	30_40	A0A4V8H005	B6U534	B6SQZ7	0.468323	0.000557	0.467766	1.0	0.00419	0.00424	0.00076	0.005059
SCF:0000346	AC:000260	Q6YXQ2	A0A2K1JC42	A0A7I4A0Q6	6l35-assembly1.cif.gz	11_24	1	5	1	26.979	3.058	PDB_exact_pair_aggregate	0.3409	30_40	A0A4V8H005	B6U534	A8IL32	0.000959	0.000557	0.000402	1.0	0.011812	0.00424	0.216784	0.005059
SCF:0000347	AC:000263	E2RXT8	A0A2V3F2U6	A0A069PXX1	6spe-assembly1.cif.gz	11_24	1	3	1	25.66	2.839	same_assembly_bridge	0.321	30_40	P0AG59	P17291	C3SRY2	0.999927	0.999937	-1e-05	0.0	0.680327	0.484318	0.515904	0.586423
SCF:0000348	AC:000267	Q05541	P38632	Q07913	7qcd-assembly1.cif.gz	3_10	1	2	1	97.741	1.975	PDB_exact_pair_aggregate	0.2353	20_30	Q05541	P38632	Q07913	0.999237	0.983205	0.016032	1.0	0.004174	0.004177	0.607213	0.332703
SCF:0000349	AC:000268	Q24DJ0	W7WX86	I7MDA9	8th8-assembly1.cif.gz	11_24	1	2	1	8.889	2.231	PDB_exact_pair_aggregate	0.3307	30_40	Q24DJ0	W7WX86	I7MDA9	0.003278	0.002362	0.000916	1.0	0.00418	0.004184	0.499606	0.499572
SCF:0000350	AC:000268	W7WX86	Q24DJ0	Q23YW7	8th8-assembly1.cif.gz	11_24	1	2	1	8.889	3.153	same_assembly_bridge	0.3026	30_40	W7WX86	Q24DJ0	Q23YW7	0.011433	0.002362	0.009071	1.0	0.004189	0.004184	0.49953	0.499572
SCF:0000351	AC:000268	W7WX86	Q24DJ0	I7LT80	8th8-assembly1.cif.gz	11_24	1	2	1	8.889	2.871	PDB_exact_pair_aggregate	0.2632	20_30	W7WX86	Q24DJ0	I7LT80	0.00552	0.002362	0.003158	1.0	0.004195	0.004184	0.499538	0.499572
SCF:0000352	AC:000272	Q03940	P31376	P53946	9b1e-assembly1.cif.gz	11_24	1	1	0	49.367	2.4	PDB_exact_pair_aggregate	0.2885	20_30	Q9Y265	P31376	P53946	0.096368	0.990018	-0.89365	0.0	0.032553	0.057688	0.770056	0.747401
SCF:0000353	AC:000272	Q03940	P31376	Q03388	9b1e-assembly1.cif.gz	11_24	1	1	0	49.367	2.862	same_assembly_bridge	0.2808	20_30	Q9Y265	P31376	Q03388	0.995433	0.990018	0.005415	1.0	0.485	0.057688	0.784025	0.747401
SCF:0000354	AC:000273	P30989	P50148	P29992	8jpb-assembly1.cif.gz	3_10	1	2	1	47.488	2.651	PDB_exact_pair_aggregate	0.9025	ge50	P30989	P50148	P50148	0.009005	0.38765	-0.378645	0.0	0.639717	0.301442	0.814265	0.783539
SCF:0000355	AC:000273	P30989	P50148	P63096	8jpb-assembly1.cif.gz	3_10	1	2	1	47.488	2.701	PDB_exact_pair_aggregate	0.5504	ge50	P30989	P50148	P50148	0.999795	0.38765	0.612145	1.0	0.918731	0.301442	0.775939	0.783539
SCF:0000356	AC:000273	P50148	P30989	P32239	8jpb-assembly1.cif.gz	3_10	1	2	1	47.488	2.334	PDB_exact_pair_aggregate	0.3503	30_40	P50148	P30989	P32239	0.958281	0.38765	0.570631	1.0	0.378065	0.301442	0.790651	0.783539
SCF:0000357	AC:000273	P50148	P30989	P49683	8jpb-assembly1.cif.gz	3_10	1	2	1	47.488	2.301	PDB_exact_pair_aggregate	0.3168	30_40	P50148	P30989	P49683	0.977591	0.38765	0.589941	1.0	0.495247	0.301442	0.77219	0.783539
SCF:0000358	AC:000273	P50148	P30989	Q969F8	8jpb-assembly1.cif.gz	3_10	1	2	1	47.488	2.275	PDB_exact_pair_aggregate	0.3046	30_40	P50148	P30989	Q969F8	0.084718	0.38765	-0.302932	0.0	0.597291	0.301442	0.781175	0.783539
SCF:0000359	AC:000276	A8IH07	A8IXD6	A8IL21	7ekq-assembly1.cif.gz	11_24	1	2	1	15.327	4.018	same_assembly_bridge	0.4021	40_50	A8IH07	A8IXD6	A8IL21	0.99077	0.999561	-0.008791	0.0	0.00418	0.004175	0.507164	0.499632
SCF:0000360	AC:000276	A8IH07	A8IXD6	A8IJ60	7ekq-assembly1.cif.gz	11_24	1	2	1	15.327	2.249	PDB_exact_pair_aggregate	0.3632	30_40	A8IH07	A8IXD6	A8IJ60	0.999433	0.999561	-0.000128	0.0	0.004176	0.004175	0.515754	0.499632
SCF:0000361	AC:000276	A8IXD6	A8IH07	A8IJ60	7ekq-assembly1.cif.gz	11_24	1	2	1	15.327	2.41	PDB_exact_pair_aggregate	0.316	30_40	A8IXD6	A8IH07	A8IJ60	0.999871	0.999561	0.00031	1.0	0.605432	0.004175	0.433594	0.499632
SCF:0000362	AC:000276	A8IXD6	A8IH07	A8IL21	7ekq-assembly1.cif.gz	11_24	1	2	1	15.327	3.122	same_assembly_bridge	0.3641	30_40	A8IXD6	A8IH07	A8IL21	0.999858	0.999561	0.000297	1.0	0.107884	0.004175	0.306629	0.499632
SCF:0000363	AC:000278	P47047	P53256	P38801	6fsz-assembly1.cif.gz	11_24	1	4	1	30.758	2.338	PDB_exact_pair_aggregate	0.2966	20_30	P42285	P53256	P38801	0.997399	0.999123	-0.001724	0.0	0.004179	0.004187	0.239467	0.578957
SCF:0000364	AC:000281	Q9BQ15	Q9NV88	Q5TA45	8rbz-assembly1.cif.gz	11_24	1	1	0	26.019	5.825	same_assembly_bridge	0.2653	20_30	Q9BQ15	Q9NV88	Q5TA45	0.999782	0.99923	0.000552	1.0	0.00418	0.004176	0.352545	0.70217
SCF:0000365	AC:000283	Q14181	Q9H668	P49643	8d0k-assembly1.cif.gz	3_10	1	3	1	8.221	2.298	PDB_exact_pair_aggregate	0.2808	20_30	Q14181	Q9H668	P49643	0.005827	0.999049	-0.993222	0.0	0.00418	0.004326	0.683897	0.729355
SCF:0000366	AC:000284	P29496	P54791	P54790	6wgg-assembly1.cif.gz	11_24	1	4	1	38.233	3.438	PDB_exact_pair_aggregate	0.2805	20_30	P29496	P54791	P54790	0.900653	0.999515	-0.098862	0.0	0.004176	0.004259	0.719297	0.735365
SCF:0000367	AC:000284	P29496	P54791	P32833	6wgg-assembly1.cif.gz	11_24	1	4	1	38.233	2.756	PDB_exact_pair_aggregate	0.2686	20_30	P29496	P54791	P32833	0.179546	0.999515	-0.819969	0.0	0.004176	0.004259	0.727735	0.735365
SCF:0000368	AC:000284	P54791	P29496	P29469	6wgg-assembly1.cif.gz	11_24	1	4	1	38.233	2.701	PDB_exact_pair_aggregate	0.4108	40_50	P54791	P29496	P29469	0.992827	0.999515	-0.006688	0.0	0.559326	0.004259	0.744753	0.735365
SCF:0000369	AC:000284	P54791	P29496	P24279	6wgg-assembly1.cif.gz	11_24	1	4	1	38.233	2.882	same_assembly_bridge	0.3883	30_40	P54791	P29496	P24279	0.999689	0.999515	0.000174	1.0	0.073971	0.004259	0.742996	0.735365
SCF:0000370	AC:000284	P54791	P29496	P53091	6wgg-assembly1.cif.gz	11_24	1	4	1	38.233	1.312	PDB_exact_pair_aggregate	0.3754	30_40	P54791	P29496	P53091	0.99831	0.999515	-0.001205	0.0	0.011345	0.004259	0.765521	0.735365
SCF:0000371	AC:000285	A0A2K9VK88	A0A2K9VK98	A0A2K9VK93	9c39-assembly1.cif.gz	11_24	1	1	0	21.775	2.295	same_assembly_bridge	0.2544	20_30	A0A2K9VK88	A0A2K9VK98	A0A2K9VK93	0.417265	0.141931	0.275334	1.0	0.004179	0.004176	0.249673	0.560064
SCF:0000372	AC:000286	P02309	Q12509	P53298	9fbw-assembly1.cif.gz	11_24	1	7	1	44.975	2.386	PDB_exact_pair_aggregate	0.2933	20_30	P62805	Q12509	P53298	0.999901	0.999144	0.000757	1.0	0.004191	0.004192	0.112758	0.664374
SCF:0000373	AC:000286	Q12509	P02309	P61830	9fbw-assembly1.cif.gz	11_24	1	7	1	44.975	2.674	PDB_exact_pair_aggregate	0.375	30_40	Q12509	P62805	P02299	0.995349	0.999144	-0.003795	0.0	0.004179	0.004192	0.295827	0.664374
SCF:0000374	AC:000287	Q75VY4	Q75VZ0	Q75VY6	8h2u-assembly1.cif.gz	11_24	1	2	1	8.379	2.771	same_assembly_bridge	0.5613	ge50	Q84Y02	Q75VY8	A0A4V8H000	0.999937	0.99994	-3e-06	0.0	0.101723	0.184748	0.752668	0.719079
SCF:0000375	AC:000287	Q75VY4	Q75VZ0	Q75VY8	8h2u-assembly1.cif.gz	11_24	1	2	1	8.379	4.013	PDB_exact_pair_aggregate	0.5251	ge50	Q84Y02	Q75VY8	Q75VY8	0.999939	0.99994	-1e-06	0.0	0.048201	0.184748	0.75113	0.719079
SCF:0000376	AC:000287	Q75VY4	Q75VZ0	Q75VY7	8h2u-assembly1.cif.gz	11_24	1	2	1	8.379	2.439	PDB_exact_pair_aggregate	0.5242	ge50	Q84Y02	Q75VY8	Q84Y02	0.999938	0.99994	-2e-06	0.0	0.106138	0.184748	0.694205	0.719079
SCF:0000377	AC:000287	Q75VZ0	Q75VY4	Q75VY7	8h2u-assembly1.cif.gz	11_24	1	2	1	8.379	2.976	PDB_exact_pair_aggregate	0.5556	ge50	Q75VY8	Q84Y02	Q84Y02	0.999929	0.99994	-1.1e-05	0.0	0.101378	0.184748	0.678123	0.719079
SCF:0000378	AC:000287	Q75VZ0	Q75VY4	Q75VY6	8h2u-assembly1.cif.gz	11_24	1	2	1	8.379	3.205	same_assembly_bridge	0.5099	ge50	Q75VY8	Q84Y02	A0A4V8H000	0.999934	0.99994	-6e-06	0.0	0.201917	0.184748	0.693927	0.719079
SCF:0000379	AC:000287	Q75VZ0	Q75VY4	Q05093	8h2u-assembly1.cif.gz	11_24	1	2	1	8.379	2.635	PDB_exact_pair_aggregate	0.5	ge50	Q75VY8	Q84Y02	Q7DM26	0.999931	0.99994	-9e-06	0.0	0.337422	0.184748	0.719298	0.719079
SCF:0000380	AC:000288	P0DOX5	S6B291	P01857	5vj6-assembly1.cif.gz	11_24	1	1	0	59.416	0.552	PDB_exact_pair_aggregate	0.997	ge50	Q6N030	Q6N030	P01867	0.939231	0.999206	-0.059975	0.0	0.146762	0.418182	0.669156	0.660411
SCF:0000381	AC:000288	P0DOX5	S6B291	Q6N089	5vj6-assembly1.cif.gz	11_24	1	1	0	59.416	2.269	PDB_exact_pair_aggregate	0.9421	ge50	Q6N030	Q6N030	Q6N030	0.999378	0.999206	0.000172	1.0	0.417905	0.418182	0.633948	0.660411
SCF:0000382	AC:000292	P41227	P84098	G1SGX4	9gj6-assembly1.cif.gz	11_24	1	2	1	23.52	2.953	PDB_exact_pair_aggregate	0.3109	30_40	P41227	P84098	G1SGX4	0.009034	0.229207	-0.220173	0.0	0.19628	0.024312	0.001241	0.200969
SCF:0000383	AC:000292	P84098	P41227	Q9UKD2	9gj6-assembly1.cif.gz	11_24	1	2	1	23.52	4.066	PDB_exact_pair_aggregate	0.3057	30_40	P84098	P41227	Q9UKD2	0.999932	0.229207	0.770725	1.0	0.537416	0.024312	0.822377	0.200969
SCF:0000384	AC:000294	P62090	Q9SHE8	Q9S831	7wfe-assembly1.cif.gz	11_24	1	8	1	16.916	2.231	PDB_exact_pair_aggregate	0.2679	20_30	A0A4V8H005	Q9SHE8	A0A1D6HY75	0.024542	0.000539	0.024003	1.0	0.00945	0.00423	0.00028	0.000599
SCF:0000385	AC:000294	Q9SHE8	P62090	A4QJG7	7wfe-assembly1.cif.gz	11_24	1	8	1	16.916	2.427	PDB_exact_pair_aggregate	1.0	ge50	Q9SHE8	A0A4V8H005	A0A4V8H005	0.971148	0.000539	0.970609	1.0	0.00423	0.00423	0.000599	0.000599
SCF:0000386	AC:000295	Q96RY7	Q9P2L0	Q8NEZ3	8bbg-assembly1.cif.gz	3_10	1	3	1	15.822	2.078	PDB_exact_pair_aggregate	0.2796	20_30	Q96RY7	Q9P2L0	Q8NEZ3	0.997616	0.680632	0.316984	1.0	0.004194	0.004189	0.761618	0.750025
SCF:0000387	AC:000295	Q9P2L0	Q96RY7	Q8NEZ3	8bbg-assembly1.cif.gz	3_10	1	3	1	15.822	2.102	PDB_exact_pair_aggregate	0.2713	20_30	Q9P2L0	Q96RY7	Q8NEZ3	0.031869	0.680632	-0.648763	0.0	0.004182	0.004189	0.740184	0.750025
SCF:0000388	AC:000296	Q8U104	Q8U0Z8	Q8U0Z7	6cfw-assembly1.cif.gz	11_24	1	1	0	23.679	2.391	PDB_exact_pair_aggregate	0.301	30_40	Q8U104	Q8U0Z8	Q8U0Z7	0.03221	0.812877	-0.780667	0.0	0.004179	0.004189	0.497667	0.49757
SCF:0000389	AC:000298	P59768	Q03431	Q16602	8flq-assembly1.cif.gz	3_10	1	8	1	14.03	2.483	PDB_exact_pair_aggregate	0.3684	30_40	P59768	Q03431	Q16602	0.999928	0.999908	2e-05	1.0	0.017726	0.012705	0.785997	0.779538
SCF:0000390	AC:000298	P59768	Q03431	Q9UP38	8flq-assembly1.cif.gz	3_10	1	8	1	14.03	2.848	PDB_exact_pair_aggregate	0.3538	30_40	P59768	Q03431	Q9UP38	0.999888	0.999908	-2e-05	0.0	0.004212	0.012705	0.654996	0.779538
SCF:0000391	AC:000298	P59768	Q03431	P21728	8flq-assembly1.cif.gz	3_10	1	8	1	14.03	3.094	PDB_exact_pair_aggregate	0.3032	30_40	P59768	Q03431	P21728	0.999902	0.999908	-6e-06	0.0	0.822415	0.012705	0.890002	0.779538
SCF:0000392	AC:000299	Q2FW16	Q2FW08	Q2FXS8	6sj6-assembly1.cif.gz	11_24	1	33	1	17.373	2.452	PDB_exact_pair_aggregate	0.3281	30_40	A0A063X754	Q2FW08	Q2FXS8	0.999867	0.999919	-5.2e-05	0.0	0.584099	0.850009	0.847333	0.60105
SCF:0000393	AC:000299	Q2FW16	Q2FW08	Q2FW11	6sj6-assembly1.cif.gz	11_24	1	33	1	17.373	2.61	PDB_exact_pair_aggregate	0.3768	30_40	A0A063X754	Q2FW08	P42060	0.999935	0.999919	1.6e-05	1.0	0.686704	0.850009	0.789813	0.60105
SCF:0000394	AC:000299	Q2FW16	Q2FW08	Q931G5	6sj6-assembly1.cif.gz	11_24	1	33	1	17.373	2.316	PDB_exact_pair_aggregate	0.2029	20_30	A0A063X754	Q2FW08	P21471	0.999927	0.999919	8e-06	1.0	0.779456	0.850009	0.786187	0.60105
SCF:0000395	AC:000300	A0A0M3KL10	E1C9L2	E1C9L1	4y28-assembly1.cif.gz	11_24	1	1	0	37.058	2.246	PDB_exact_pair_aggregate	0.4432	40_50	A0A0M3KL10	E1C9L2	E1C9L1	0.996873	0.987333	0.00954	1.0	0.329664	0.020198	0.55061	0.632869
SCF:0000396	AC:000301	W7XJB1	I7M9J2	Q22A67	6zyw-assembly1.cif.gz	11_24	1	7	1	22.73	3.318	same_assembly_bridge	0.334	30_40	W7XJB1	I7M9J2	Q22A67	0.000377	0.018589	-0.018212	0.0				
SCF:0000397	AC:000302	A8J7I9	A8IKI9	A8J5P7	9f5z-assembly1.cif.gz	11_24	1	2	1	21.688	2.54	same_assembly_bridge	0.2667	20_30	A8J7I9	A8IKI9	A8J5P7	0.993194	0.999858	-0.006664	0.0	0.015043	0.004181	0.694565	0.126284
SCF:0000398	AC:000303	Q9F1K9	Q8DMP8	Q8DHJ2	7nhp-assembly1.cif.gz	11_24	1	3	1	8.419	2.222	PDB_exact_pair_aggregate	0.375	30_40	P19054	Q8DMP8	Q8DHJ2	0.989362	0.583316	0.406046	1.0	0.004306	0.004174	0.312183	0.406689
SCF:0000399	AC:000303	Q9F1K9	Q8DMP8	D0VWR5	7nhp-assembly1.cif.gz	11_24	1	3	1	8.419	3.17	PDB_exact_pair_aggregate	0.375	30_40	P19054	Q8DMP8	Q8DHJ2	0.989362	0.583316	0.406046	1.0	0.004306	0.004174	0.312183	0.406689
SCF:0000400	AC:000303	Q9F1K9	Q8DMP8	Q9F1R6	7nhp-assembly1.cif.gz	11_24	1	3	1	8.419	4.566	PDB_exact_pair_aggregate	0.3571	30_40	P19054	Q8DMP8	Q9F1R6	0.998914	0.583316	0.415598	1.0	0.750175	0.004174	0.535222	0.406689
SCF:0000401	AC:000307	Q7RTV0	O43143	O60231	9ze3-assembly1.cif.gz	11_24	1	2	1	31.519	2.515	PDB_exact_pair_aggregate	0.4961	40_50	Q7RTV0	O43143	O60231	0.999895	0.999832	6.3e-05	1.0	0.774217	0.98722	0.751091	0.882757
SCF:0000402	AC:000307	Q7RTV0	O43143	O43290	9ze3-assembly1.cif.gz	11_24	1	2	1	31.519	3.218	PDB_exact_pair_aggregate	0.2775	20_30	Q7RTV0	O43143	O43290	0.999927	0.999832	9.5e-05	1.0	0.126855	0.98722	0.814425	0.882757
SCF:0000403	AC:000307	Q7RTV0	O43143	Q13435	9ze3-assembly1.cif.gz	11_24	1	2	1	31.519	2.566	PDB_exact_pair_aggregate	0.2584	20_30	Q7RTV0	O43143	Q13435	0.999937	0.999832	0.000105	1.0	0.024837	0.98722	0.751888	0.882757
SCF:0000404	AC:000309	P62877	Q16531	Q86VP6	8b3i-assembly1.cif.gz	3_10	1	7	1	36.768	2.427	PDB_exact_pair_aggregate	0.2917	20_30	P62877	Q16531	Q86VP6	0.999092	0.999531	-0.000439	0.0	0.283965	0.008237	0.450653	0.778313
SCF:0000405	AC:000309	P62877	Q16531	Q93034	8b3i-assembly1.cif.gz	3_10	1	7	1	36.768	2.527	PDB_exact_pair_aggregate	0.2723	20_30	P62877	Q16531	Q93034	0.99977	0.999531	0.000239	1.0	0.154846	0.008237	0.766666	0.778313
SCF:0000406	AC:000310	Q6P4I2	Q9NV88	Q5TA45	8r22-assembly1.cif.gz	3_10	1	1	0	28.828	2.367	same_assembly_bridge	0.2653	20_30	Q6P4I2	Q9NV88	Q5TA45	0.004998	0.000698	0.0043	1.0	0.004177	0.004175	0.328245	0.772743
SCF:0000407	AC:000311	I0YPL4	I0Z687	I0YST3	9kqp-assembly1.cif.gz	11_24	1	1	0	40.143	4.16	PDB_exact_pair_aggregate	0.2655	20_30	I0YPL4	A8IL32	A0A4V8GZZ4	0.990296	0.496544	0.493752	1.0	0.004244	0.004185	0.068733	0.04754
SCF:0000408	AC:000311	I0Z687	I0YPL4	I0YP76	9kqp-assembly1.cif.gz	11_24	1	1	0	40.143	2.802	PDB_exact_pair_aggregate	0.434	40_50	A8IL32	I0YPL4	A0A4V8H004	0.9965	0.496544	0.499956	1.0	0.004298	0.004185	0.449762	0.04754
SCF:0000409	AC:000311	I0Z687	I0YPL4	I0YQ46	9kqp-assembly1.cif.gz	11_24	1	1	0	40.143	3.048	PDB_exact_pair_aggregate	0.4324	40_50	A8IL32	I0YPL4	Q84Y02	0.999535	0.496544	0.502991	1.0	0.935304	0.004185	0.694358	0.04754
SCF:0000410	AC:000313	Q85G47	M1UU36	Q85FP8	5zgb-assembly1.cif.gz	11_24	1	1	0	38.251	3.29	PDB_exact_pair_aggregate	0.3478	30_40	A0A4V8H005	M1UU36	Q85FP8	0.440183	0.000606	0.439577	1.0	0.011408	0.009911	0.001294	0.128759
SCF:0000411	AC:000316	P19431	A8HPD3	A8HPD0	9v7t-assembly1.cif.gz	11_24	1	2	1	10.416	3.257	same_assembly_bridge	0.6262	ge50	T1RIQ1	A8HPD3	A8HPD0	0.999905	0.999233	0.000672	1.0	0.007718	0.022004	0.015373	0.007451
SCF:0000412	AC:000316	P19431	A8HPD3	A8HPD7	9v7t-assembly1.cif.gz	11_24	1	2	1	10.416	3.205	PDB_exact_pair_aggregate	0.623	ge50	T1RIQ1	A8HPD3	A8HPD0	0.999805	0.999233	0.000572	1.0	0.008217	0.022004	0.011165	0.007451
SCF:0000413	AC:000316	P19431	A8HPD3	A8HPH1	9v7t-assembly1.cif.gz	11_24	1	2	1	10.416	3.007	PDB_exact_pair_aggregate	0.5047	ge50	T1RIQ1	A8HPD3	A8HPH1	0.999697	0.999233	0.000464	1.0	0.050578	0.022004	0.653844	0.007451
SCF:0000414	AC:000317	A0A1S3XP85	A0A1S3YXM6	A0A1S3ZSI0	8w9z-assembly1.cif.gz	11_24	1	2	1	10.303	2.801	PDB_exact_pair_aggregate	0.2851	20_30	A0A1S3X2G3	A0A9R0JF29	A0A1S3ZSI0	0.000426	0.004733	-0.004307	0.0	0.210824	0.046284	0.739749	0.051668
SCF:0000415	AC:000317	A0A1S3YXM6	A0A1S3XP85	A0A1S3YEW3	8w9z-assembly1.cif.gz	11_24	1	2	1	10.303	2.712	PDB_exact_pair_aggregate	0.3019	30_40	A0A9R0JF29	A0A1S3X2G3	A0A1S3YEW3	0.000732	0.004733	-0.004001	0.0	0.027351	0.046284	0.132959	0.051668
SCF:0000416	AC:000317	A0A1S3YXM6	A0A1S3XP85	A0A1S3YU01	8w9z-assembly1.cif.gz	11_24	1	2	1	10.303	2.464	PDB_exact_pair_aggregate	0.2598	20_30	A0A9R0JF29	A0A1S3X2G3	A0A1S3YU01	0.000316	0.004733	-0.004417	0.0	0.004176	0.046284	0.022342	0.051668
SCF:0000417	AC:000319	P20435	Q02792	P22138	8jch-assembly1.cif.gz	11_24	1	2	1	8.937	2.52	PDB_exact_pair_aggregate	0.2643	20_30	A0A4X1VEK9	C4R5R1	P22138	0.999677	0.99967	7e-06	1.0	0.004843	0.004459	0.357257	0.563467
SCF:0000418	AC:000320	C4R7L2	C4QXY9	F2QQ42	8yfr-assembly1.cif.gz	11_24	1	2	1	46.608	4.121	PDB_exact_pair_aggregate	0.2872	20_30	P37382	C4QXY9	F2QQ42	0.9999	0.99966	0.00024	1.0	0.275713	0.004175	0.675689	0.133373
SCF:0000419	AC:000323	Q92966	O15160	Q16533	9fss-assembly1.cif.gz	11_24	1	5	1	21.414	2.096	PDB_exact_pair_aggregate	0.25	20_30	Q92966	O15160	Q16533	0.998403	0.000289	0.998114	1.0	0.004174	0.004175	0.499704	0.177819
SCF:0000420	AC:000324	P27999	P40352	P27692	8tvy-assembly1.cif.gz	11_24	1	2	1	58.648	2.249	PDB_exact_pair_aggregate	0.3027	30_40	C4QY79	P40352	P27692	0.935544	0.014822	0.920722	1.0	0.005811	0.012493	0.748514	0.738495
SCF:0000421	AC:000325	P13183	Q01321	P62894	9w2z-assembly1.cif.gz	11_24	1	1	0	37.255	2.947	PDB_exact_pair_aggregate	0.3704	30_40	P24311	O00483	P62894	0.999411	0.999934	-0.000523	0.0	0.723109	0.835619	0.614877	0.557726
SCF:0000422	AC:000328	E9NPW6	I0Z2Y0	I0YQ46	9kqp-assembly1.cif.gz	11_24	1	2	1	37.224	3.297	PDB_exact_pair_aggregate	0.5045	ge50	Q55329	Q75VY8	Q84Y02	0.999763	0.290346	0.709417	1.0	0.00476	0.010582	0.648577	0.682844
SCF:0000423	AC:000328	E9NPW6	I0Z2Y0	I0Z7V3	9kqp-assembly1.cif.gz	11_24	1	2	1	37.224	2.722	PDB_exact_pair_aggregate	0.3388	30_40	Q55329	Q75VY8	P12356	0.0034	0.290346	-0.286946	0.0	0.004275	0.010582	0.064362	0.682844
SCF:0000424	AC:000329	I7MG46	Q24C31	Q23YW7	8th8-assembly1.cif.gz	11_24	1	2	1	41.199	2.19	PDB_exact_pair_aggregate	0.3003	30_40	I7MG46	Q24C31	Q23YW7	0.244343	0.000865	0.243478	1.0	0.00418	0.004176	0.052352	0.453051
SCF:0000425	AC:000329	I7MG46	Q24C31	Q23S05	8th8-assembly1.cif.gz	11_24	1	2	1	41.199	2.176	PDB_exact_pair_aggregate	0.2977	20_30	I7MG46	Q24C31	Q23S05	0.978919	0.000865	0.978054	1.0	0.00418	0.004176	0.369392	0.453051
SCF:0000426	AC:000329	I7MG46	Q24C31	A4VD15	8th8-assembly1.cif.gz	11_24	1	2	1	41.199	2.563	PDB_exact_pair_aggregate	0.2828	20_30	I7MG46	Q24C31	A4VD15	0.044929	0.000865	0.044064	1.0	0.004178	0.004176	0.08391	0.453051
SCF:0000427	AC:000329	Q24C31	I7MG46	I7LT80	8th8-assembly1.cif.gz	11_24	1	2	1	41.199	2.517	PDB_exact_pair_aggregate	0.3217	30_40	Q24C31	I7MG46	I7LT80	0.002672	0.000865	0.001807	1.0	0.004189	0.004176	0.083595	0.453051
SCF:0000428	AC:000329	Q24C31	I7MG46	Q24DJ0	8th8-assembly1.cif.gz	11_24	1	2	1	41.199	2.566	PDB_exact_pair_aggregate	0.3025	30_40	Q24C31	I7MG46	Q24DJ0	0.000405	0.000865	-0.00046	0.0	0.004178	0.004176	0.083517	0.453051
SCF:0000429	AC:000330	P63096	O14625	P09341	8hnk-assembly1.cif.gz	3_10	1	2	1	26.023	2.531	PDB_exact_pair_aggregate	0.3049	30_40	P50148	O14625	P09341	0.999045	0.998566	0.000479	1.0	0.004235	0.004206	0.498943	0.498836
SCF:0000430	AC:000330	P63096	O14625	P48061	8hnk-assembly1.cif.gz	3_10	1	2	1	26.023	2.591	PDB_exact_pair_aggregate	0.2857	20_30	P50148	O14625	P48061	0.99913	0.998566	0.000564	1.0	0.004251	0.004206	0.49883	0.498836
SCF:0000431	AC:000331	P40359	P29469	P29496	8p5e-assembly1.cif.gz	11_24	1	9	1	25.198	2.196	PDB_exact_pair_aggregate	0.4108	40_50	P40359	P29469	P29496	0.999676	0.999813	-0.000137	0.0	0.004175	0.004509	0.610353	0.731541
SCF:0000432	AC:000331	P40359	P29469	P24279	8p5e-assembly1.cif.gz	11_24	1	9	1	25.198	3.024	PDB_exact_pair_aggregate	0.395	30_40	P40359	P29469	P24279	0.999481	0.999813	-0.000332	0.0	0.004194	0.004509	0.588778	0.731541
SCF:0000433	AC:000331	P40359	P29469	P38132	8p5e-assembly1.cif.gz	11_24	1	9	1	25.198	0.3	PDB_exact_pair_aggregate	0.3787	30_40	P40359	P29469	P38132	0.999596	0.999813	-0.000217	0.0	0.004176	0.004509	0.681338	0.731541
SCF:0000434	AC:000333	Q6ZED5	Q6ZED1	Q6ZED3	8s9u-assembly1.cif.gz	3_10	1	4	1	10.41	2.329	PDB_exact_pair_aggregate	0.2901	20_30	Q6ZED5	Q6ZED1	Q6ZED3	0.999301	0.996275	0.003026	1.0	0.004176	0.004175	0.088369	0.180606
SCF:0000435	AC:000334	Q9BWJ5	O43143	O60231	9ze3-assembly1.cif.gz	11_24	1	2	1	41.277	2.035	PDB_exact_pair_aggregate	0.4961	40_50	Q9BWJ5	O43143	O60231	0.999792	0.999417	0.000375	1.0	0.016967	0.574069	0.808505	0.805315
SCF:0000436	AC:000334	Q9BWJ5	O43143	O15042	9ze3-assembly1.cif.gz	11_24	1	2	1	41.277	2.912	PDB_exact_pair_aggregate	0.2824	20_30	Q9BWJ5	O43143	O15042	0.999875	0.999417	0.000458	1.0	0.024703	0.574069	0.775201	0.805315
SCF:0000437	AC:000334	Q9BWJ5	O43143	Q9HCG8	9ze3-assembly1.cif.gz	11_24	1	2	1	41.277	2.892	PDB_exact_pair_aggregate	0.2698	20_30	Q9BWJ5	O43143	Q9HCG8	0.999895	0.999417	0.000478	1.0	0.005921	0.574069	0.783363	0.805315
SCF:0000438	AC:000335	A0A3B6IU74	A0A3B6KRQ3	W5C8N6	8r6f-assembly1.cif.gz	11_24	1	1	0	10.54	2.531	PDB_exact_pair_aggregate	0.2899	20_30	A0A3Q7I881	A0A3B6KRQ3	A0A3Q7HSH1	0.99991	0.999947	-3.7e-05	0.0	0.369351	0.609403	0.743607	0.757097
SCF:0000439	AC:000335	A0A3B6IU74	A0A3B6KRQ3	A0A3B6RED0	8r6f-assembly1.cif.gz	11_24	1	1	0	10.54	3.032	PDB_exact_pair_aggregate	0.2647	20_30	A0A3Q7I881	A0A3B6KRQ3	A0A3B6RED0	0.999698	0.999947	-0.000249	0.0	0.148614	0.609403	0.822529	0.757097
SCF:0000440	AC:000336	Q9BT73	O14818	P28066	8tm3-assembly1.cif.gz	11_24	1	2	1	12.369	2.66	PDB_exact_pair_aggregate	0.4062	40_50	Q9BT73	O14818	P28066	0.999865	0.999762	0.000103	1.0	0.138366	0.004181	0.332921	0.498706
SCF:0000441	AC:000336	Q9BT73	O14818	P25786	8tm3-assembly1.cif.gz	11_24	1	2	1	12.369	3.139	PDB_exact_pair_aggregate	0.359	30_40	Q9BT73	O14818	P25786	0.999679	0.999762	-8.3e-05	0.0	0.004181	0.004181	0.257993	0.498706
SCF:0000442	AC:000336	Q9BT73	O14818	P25788	8tm3-assembly1.cif.gz	11_24	1	2	1	12.369	2.685	PDB_exact_pair_aggregate	0.3463	30_40	Q9BT73	O14818	P25788	0.999803	0.999762	4.1e-05	1.0	0.138228	0.004181	0.496315	0.498706
SCF:0000443	AC:000338	P84077	Q9HAD4	P04439	7mge-assembly1.cif.gz	3_10	1	1	0	54.008	2.393	PDB_exact_pair_aggregate	0.2511	20_30	P84077	Q9HAD4	Q861F7	0.952324	0.020317	0.932007	1.0	0.004419	0.004191	0.095117	0.566704
SCF:0000444	AC:000338	P84077	Q9HAD4	P36578	7mge-assembly1.cif.gz	3_10	1	1	0	54.008	3.086	PDB_exact_pair_aggregate	0.2479	20_30	P84077	Q9HAD4	P36578	0.001592	0.020317	-0.018725	0.0	0.004204	0.004191	0.202626	0.566704
SCF:0000445	AC:000338	P84077	Q9HAD4	P35585	7mge-assembly1.cif.gz	3_10	1	1	0	54.008	2.256	PDB_exact_pair_aggregate	0.2328	20_30	P84077	Q9HAD4	P35585	0.979286	0.020317	0.958969	1.0	0.004201	0.004191	0.800677	0.566704
SCF:0000446	AC:000339	A0A4V8H005	A0A4V8H004	A0A4V8GZZ9	6igz-assembly1.cif.gz	11_24	1	1	0	31.187	2.655	PDB_exact_pair_aggregate	0.4776	40_50	A0A4V8H005	A0A4V8H004	A0A4V8GZZ9	0.002379	0.003287	-0.000908	0.0	0.166885	0.00775	0.071026	0.17332
SCF:0000447	AC:000339	A0A4V8H005	A0A4V8H004	A0A4V8H001	6igz-assembly1.cif.gz	11_24	1	1	0	31.187	4.298	PDB_exact_pair_aggregate	0.4615	40_50	A0A4V8H005	A0A4V8H004	Q75VY8	0.004709	0.003287	0.001422	1.0	0.004486	0.00775	0.095903	0.17332
SCF:0000448	AC:000340	P68431	Q96GM5	Q12432	9rl4-assembly1.cif.gz	11_24	1	5	1	61.189	2.141	PDB_exact_pair_aggregate	0.2989	20_30	P02299	Q96GM5	Q12432	0.999637	0.99982	-0.000183	0.0	0.004205	0.004176	0.592882	0.669508
SCF:0000449	AC:000340	P68431	Q96GM5	Q9Y230	9rl4-assembly1.cif.gz	11_24	1	5	1	61.189	2.681	PDB_exact_pair_aggregate	0.283	20_30	P02299	Q96GM5	Q9Y230	0.999632	0.99982	-0.000188	0.0	0.875693	0.004176	0.756286	0.669508
SCF:0000450	AC:000342	A0A3Q7G7F0	A0A3Q7I881	K4ATQ2	7qix-assembly1.cif.gz	11_24	1	2	1	23.89	3.245	PDB_exact_pair_aggregate	0.2635	20_30	A0A3B6KRQ3	A0A3Q7I881	O15612	0.99995	0.999946	4e-06	1.0	0.916802	0.41986	0.819014	0.726503
SCF:0000451	AC:000342	A0A3Q7I881	A0A3Q7G7F0	A0A3Q7HSH1	7qix-assembly1.cif.gz	11_24	1	2	1	23.89	3.428	PDB_exact_pair_aggregate	0.3226	30_40	A0A3Q7I881	A0A3B6KRQ3	A0A3Q7HSH1	0.999911	0.999946	-3.5e-05	0.0	0.02025	0.41986	0.754634	0.726503
SCF:0000452	AC:000343	P60002	Q7KZ85	I3LGP4	9rtt-assembly1.cif.gz	11_24	1	2	1	20.479	2.653	PDB_exact_pair_aggregate	0.2932	20_30	P60002	Q7KZ85	I3LGP4	0.237805	0.99979	-0.761985	0.0	0.004181	0.029557	0.621505	0.451933
SCF:0000453	AC:000343	P60002	Q7KZ85	P30876	9rtt-assembly1.cif.gz	11_24	1	2	1	20.479	2.546	PDB_exact_pair_aggregate	0.2932	20_30	P60002	Q7KZ85	I3LGP4	0.99989	0.99979	0.0001	1.0	0.004181	0.029557	0.655854	0.451933
SCF:0000454	AC:000345	A0A2K3DZD9	A0A2K3DQ46	A0A2K3DHV6	8xks-assembly1.cif.gz	11_24	1	1	0	47.047	2.7	PDB_exact_pair_aggregate	0.3746	30_40	A0A2K3DZD9	A0A2K3DQ46	A0A2K3DHV6	0.000368	0.003278	-0.00291	0.0	0.004189	0.004276	0.08326	0.023055
SCF:0000455	AC:000345	A0A2K3DZD9	A0A2K3DQ46	A0A2K3DLF7	8xks-assembly1.cif.gz	11_24	1	1	0	47.047	2.263	PDB_exact_pair_aggregate	0.2816	20_30	A0A2K3DZD9	A0A2K3DQ46	A0A2K3DLF7	0.094946	0.003278	0.091668	1.0	0.005857	0.004276	0.675347	0.023055
SCF:0000456	AC:000346	E9NPX1	I0Z7A6	I0YQ46	9kqq-assembly1.cif.gz	11_24	1	2	1	37.002	3.267	PDB_exact_pair_aggregate	0.5067	ge50	E9NPX1	Q75VY8	Q84Y02	0.999716	0.146805	0.852911	1.0	0.004367	0.021229	0.616995	0.629284
SCF:0000457	AC:000346	E9NPX1	I0Z7A6	I0YQ44	9kqq-assembly1.cif.gz	11_24	1	2	1	37.002	3.698	same_assembly_bridge	0.4892	40_50	E9NPX1	Q75VY8	Q84Y02	0.284747	0.146805	0.137942	1.0	0.006112	0.021229	0.581799	0.629284
SCF:0000458	AC:000346	E9NPX1	I0Z7A6	I0Z7V3	9kqq-assembly1.cif.gz	11_24	1	2	1	37.002	2.651	PDB_exact_pair_aggregate	0.2798	20_30	E9NPX1	Q75VY8	P12356	0.007872	0.146805	-0.138933	0.0	0.0042	0.021229	0.313753	0.629284
SCF:0000459	AC:000348	Q1HGH9	Q1HFX1	Q1HGH8	7k58-assembly1.cif.gz	11_24	1	1	0	67.779	3.253	PDB_exact_pair_aggregate	0.2899	20_30	Q1HGH9	A8IY95	Q1HGH8	0.000202	0.001249	-0.001047	0.0	0.004175	0.004177	0.498531	0.323102
SCF:0000460	AC:000352	Q32P73	F2Z4C9	Q32PE0	9xgk-assembly1.cif.gz	11_24	1	1	0	53.213	3.362	PDB_exact_pair_aggregate	0.9921	ge50	P36954	A0A4X1VEK9	A0A4X1VEK9	0.999943	0.999943	0.0	0.5	0.672196	0.432136	0.599366	0.615827
SCF:0000461	AC:000355	P20436	Q04307	P27999	7z0h-assembly1.cif.gz	11_24	1	24	1	12.803	1.176	PDB_exact_pair_aggregate	0.3404	30_40	C4R273	Q9Y2Y1	C4QY79	0.999932	0.999934	-2e-06	0.0	0.364985	0.400219	0.755991	0.722116
SCF:0000462	AC:000355	P20436	Q04307	P32529	7z0h-assembly1.cif.gz	11_24	1	24	1	12.803	2.317	PDB_exact_pair_aggregate	0.3333	30_40	C4R273	Q9Y2Y1	P32529	0.999901	0.999934	-3.3e-05	0.0	0.093304	0.400219	0.752759	0.722116
SCF:0000463	AC:000356	Q92759	P07992	P23025	9pcp-assembly1.cif.gz	11_24	1	2	1	65.612	3.232	same_assembly_bridge	0.2945	20_30	Q92759	P07992	P23025	0.999874	0.999731	0.000143	1.0	0.004277	0.004177	0.772594	0.73338
SCF:0000464	AC:000357	Q83D75	Q83E83	Q83AX9	9t0z-assembly1.cif.gz	11_24	1	3	1	42.085	2.756	PDB_exact_pair_aggregate	0.2647	20_30	A0A2V3DLV3	Q83E83	C3SRY2	0.999896	0.999915	-1.9e-05	0.0	0.945485	0.949765	0.664273	0.73311
SCF:0000465	AC:000359	Q99471	P78371	P50991	6nr9-assembly1.cif.gz	11_24	1	3	1	24.008	6.078	same_assembly_bridge	0.336	30_40	Q99471	Q3ZBH0	P50991	0.999899	0.999803	9.6e-05	1.0	0.004182	0.004183	0.561092	0.586717
SCF:0000466	AC:000359	Q99471	P78371	P49368	6nr9-assembly1.cif.gz	11_24	1	3	1	24.008	2.34	PDB_exact_pair_aggregate	0.3241	30_40	Q99471	Q3ZBH0	Q3T0K2	0.999866	0.999803	6.3e-05	1.0	0.004183	0.004183	0.744918	0.586717
SCF:0000467	AC:000359	Q99471	P78371	P40227	6nr9-assembly1.cif.gz	11_24	1	3	1	24.008	2.722	PDB_exact_pair_aggregate	0.2953	20_30	Q99471	Q3ZBH0	P40227	0.999866	0.999803	6.3e-05	1.0	0.004181	0.004183	0.356407	0.586717
SCF:0000468	AC:000366	P9WPV7	P9WPU7	P9WPV3	8j0t-assembly1.cif.gz	11_24	1	2	1	46.92	2.66	same_assembly_bridge	0.3134	30_40	P9WPV7	P9WPU7	P9WPV3	0.999789	0.999674	0.000115	1.0	0.004204	0.004427	0.526639	0.191806
SCF:0000469	AC:000371	C4LXM0	C4M5A0	C4M9F9	9v27-assembly1.cif.gz	11_24	1	5	1	8.392	2.682	PDB_exact_pair_aggregate	0.298	20_30	C4LXM0	C4M5A0	C4M9F9	0.999939	0.999949	-1e-05	0.0	0.894605	0.772028	0.80914	0.773343
SCF:0000470	AC:000371	C4M5A0	C4LXM0	C4M0Z2	9v27-assembly1.cif.gz	11_24	1	5	1	8.392	2.334	PDB_exact_pair_aggregate	0.2632	20_30	C4M5A0	C4LXM0	C4M0Z2	0.999915	0.999949	-3.4e-05	0.0	0.921135	0.772028	0.821658	0.773343
SCF:0000471	AC:000375	A0ACD6B9N1	A0ACD6B9L6	A0ACD6B9M4	7sa3-assembly1.cif.gz	3_10	1	2	1	22.595	3.603	PDB_exact_pair_aggregate	0.4167	40_50	Q8DIQ1	P12239	P19054	0.618154	0.997388	-0.379234	0.0	0.087265	0.323581	0.633309	0.63443
SCF:0000472	AC:000376	Q9H1A4	Q9UJX3	Q9UJX2	5g05-assembly1.cif.gz	11_24	1	14	1	35.135	2.264	PDB_exact_pair_aggregate	0.3013	30_40	Q9H1A4	Q9UJX3	Q9UJX2	0.998894	0.099831	0.899063	1.0	0.004175	0.004175	0.282451	0.266673
SCF:0000473	AC:000376	Q9H1A4	Q9UJX3	Q13042	5g05-assembly1.cif.gz	11_24	1	14	1	35.135	2.221	PDB_exact_pair_aggregate	0.289	20_30	Q9H1A4	Q9UJX3	Q13042	0.614288	0.099831	0.514457	1.0	0.004175	0.004175	0.333468	0.266673
SCF:0000474	AC:000376	Q9H1A4	Q9UJX3	Q9UJX6	5g05-assembly1.cif.gz	11_24	1	14	1	35.135	0.862	PDB_exact_pair_aggregate	0.2729	20_30	Q9H1A4	Q9UJX3	Q9UJX6	0.007716	0.099831	-0.092115	0.0	0.004174	0.004175	0.507434	0.266673
SCF:0000475	AC:000381	A0A125YTU2	S8GED8	A0A125YS93	9g9t-assembly1.cif.gz	11_24	1	1	0	22.893	2.495	PDB_exact_pair_aggregate	0.2863	20_30	S7W9J5	S8GED8	S7W617	0.999558	0.999098	0.00046	1.0	0.433603	0.005797	0.229898	0.054449
SCF:0000476	AC:000381	S8GED8	A0A125YTU2	A0A125YS93	9g9t-assembly1.cif.gz	11_24	1	1	0	22.893	2.412	PDB_exact_pair_aggregate	0.2689	20_30	S8GED8	S7W9J5	S7W617	0.999645	0.999098	0.000547	1.0	0.00453	0.005797	0.209918	0.054449
SCF:0000477	AC:000384	P24482	P29469	P24279	8p5e-assembly1.cif.gz	11_24	1	3	1	27.035	2.41	PDB_exact_pair_aggregate	0.395	30_40	P24482	P29469	P24279	0.999388	0.99928	0.000108	1.0	0.005428	0.004343	0.379523	0.407209
SCF:0000478	AC:000384	P24482	P29469	Q08032	8p5e-assembly1.cif.gz	11_24	1	3	1	27.035	2.438	PDB_exact_pair_aggregate	0.2639	20_30	P24482	P29469	Q08032	0.999869	0.99928	0.000589	1.0	0.004186	0.004343	0.401094	0.407209
SCF:0000479	AC:000384	P29469	P24482	P32833	8p5e-assembly1.cif.gz	11_24	1	3	1	27.035	2.438	PDB_exact_pair_aggregate	0.2926	20_30	P29469	P24482	P32833	0.080504	0.99928	-0.918776	0.0	0.009766	0.004343	0.742456	0.407209
SCF:0000480	AC:000384	P29469	P24482	P38132	8p5e-assembly1.cif.gz	11_24	1	3	1	27.035	2.601	PDB_exact_pair_aggregate	0.278	20_30	P29469	P24482	P38132	0.529182	0.99928	-0.470098	0.0	0.050699	0.004343	0.703447	0.407209
SCF:0000481	AC:000384	P29469	P24482	Q08032	8p5e-assembly1.cif.gz	11_24	1	3	1	27.035	2.155	PDB_exact_pair_aggregate	0.2745	20_30	P29469	P24482	Q08032	0.999653	0.99928	0.000373	1.0	0.007607	0.004343	0.692281	0.407209
SCF:0000482	AC:000385	Q8IRE3	Q9VSY8	Q9VF82	7b70-assembly1.cif.gz	3_10	1	2	1	14.195	4.81	PDB_exact_pair_aggregate	0.3596	30_40	Q8IRE3	Q9VSY8	Q9VF82	0.991988	0.023132	0.968856	1.0	0.004176	0.004175	0.607294	0.583369
SCF:0000483	AC:000387	A0A125YZ21	S8GED8	A0A125YS93	9g9t-assembly1.cif.gz	11_24	1	1	0	38.517	2.323	PDB_exact_pair_aggregate	0.2863	20_30	S7UVH4	S8GED8	S7W617	0.996883	0.980869	0.016014	1.0	0.018728	0.004184	0.553694	0.125538
SCF:0000484	AC:000388	A0A4V8H008	A0A4V8H004	A0A4V8GZZ9	6igz-assembly1.cif.gz	11_24	1	1	0	46.535	2.224	PDB_exact_pair_aggregate	0.4776	40_50	P12356	A0A4V8H004	A0A4V8GZZ9	0.999491	0.999251	0.00024	1.0	0.351885	0.04857	0.681709	0.531906
SCF:0000485	AC:000388	A0A4V8H008	A0A4V8H004	A0A4V8H001	6igz-assembly1.cif.gz	11_24	1	1	0	46.535	2.751	PDB_exact_pair_aggregate	0.4615	40_50	P12356	A0A4V8H004	Q75VY8	0.998708	0.999251	-0.000543	0.0	0.004683	0.04857	0.420585	0.531906
SCF:0000486	AC:000392	Q7L5N1	Q9UBF6	P62877	9eg1-assembly1.cif.gz	11_24	1	1	0	38.152	2.359	PDB_exact_pair_aggregate	0.5269	ge50	Q7L5N1	P62877	P62877	0.991497	0.139282	0.852215	1.0	0.225815	0.00418	0.391444	0.387119
SCF:0000487	AC:000393	P04051	P13393	P47076	6f41-assembly1.cif.gz	11_24	1	5	1	25.504	2.265	PDB_exact_pair_aggregate	0.2869	20_30	P04051	P13393	P47076	0.999919	0.999801	0.000118	1.0	0.004183	0.056347	0.744875	0.778363
SCF:0000488	AC:000393	P04051	P13393	P41910	6f41-assembly1.cif.gz	11_24	1	5	1	25.504	2.634	PDB_exact_pair_aggregate	0.2772	20_30	P04051	P13393	P41910	0.998557	0.999801	-0.001244	0.0	0.004177	0.056347	0.029687	0.778363
SCF:0000489	AC:000393	P04051	P13393	P20435	6f41-assembly1.cif.gz	11_24	1	5	1	25.504	2.197	PDB_exact_pair_aggregate	0.2439	20_30	P04051	P13393	A0A4X1VEK9	0.999768	0.999801	-3.3e-05	0.0	0.325749	0.056347	0.66656	0.778363
SCF:0000490	AC:000393	P13393	P04051	P04050	6f41-assembly1.cif.gz	11_24	1	5	1	25.504	2.389	PDB_exact_pair_aggregate	0.4008	40_50	P13393	P04051	A0A7M4DUC2	0.999488	0.999801	-0.000313	0.0	0.013857	0.056347	0.693549	0.778363
SCF:0000491	AC:000393	P13393	P04051	Q99315	6f41-assembly1.cif.gz	11_24	1	5	1	25.504	2.43	PDB_exact_pair_aggregate	0.2774	20_30	P13393	P04051	Q99315	0.00039	0.999801	-0.999411	0.0	0.004974	0.056347	0.719851	0.778363
SCF:0000492	AC:000393	P13393	P04051	P08518	6f41-assembly1.cif.gz	11_24	1	5	1	25.504	2.243	PDB_exact_pair_aggregate	0.272	20_30	P13393	P04051	I3LGP4	0.009576	0.999801	-0.990225	0.0	0.005973	0.056347	0.545969	0.778363
SCF:0000493	AC:000394	P40422	P36121	P16370	6eu0-assembly1.cif.gz	11_24	1	24	1	42.752	1.99	PDB_exact_pair_aggregate	0.3333	30_40	P40422	P36121	P37382	0.999936	0.999932	4e-06	1.0	0.004179	0.252198	0.504193	0.161649
SCF:0000494	AC:000394	P40422	P36121	P20433	6eu0-assembly1.cif.gz	11_24	1	24	1	42.752	2.181	PDB_exact_pair_aggregate	0.375	30_40	P40422	P36121	P20433	0.999901	0.999932	-3.1e-05	0.0	0.006647	0.252198	0.30341	0.161649
SCF:0000495	AC:000394	P40422	P36121	P38304	6eu0-assembly1.cif.gz	11_24	1	24	1	42.752	2.468	PDB_exact_pair_aggregate	0.2552	20_30	P40422	P36121	P38304	0.99994	0.999932	8e-06	1.0	0.00418	0.252198	4.5e-05	0.161649
SCF:0000496	AC:000399	A0A2K3DGW6	A0A2K3DLI2	A0A2K3DHV6	8xqw-assembly1.cif.gz	11_24	1	3	1	61.093	3.38	PDB_exact_pair_aggregate	0.3358	30_40	A0A2K3DGW6	A0A2K3DLI2	A0A2K3DHV6	0.038431	0.000353	0.038078	1.0	0.004178	0.004184	0.051137	0.4998
SCF:0000497	AC:000399	A0A2K3DGW6	A0A2K3DLI2	A0A2K3DVJ8	8xqw-assembly1.cif.gz	11_24	1	3	1	61.093	3.951	PDB_exact_pair_aggregate	0.3357	30_40	A0A2K3DGW6	A0A2K3DLI2	A0A2K3DVJ8	0.000147	0.000353	-0.000206	0.0	0.004181	0.004184	0.018321	0.4998
SCF:0000498	AC:000400	Q15370	Q8N884	Q13098	8ol1-assembly1.cif.gz	11_24	1	2	1	37.541	2.535	PDB_exact_pair_aggregate	0.2963	20_30	Q15370	Q8N884	Q13098	0.999902	0.999755	0.000147	1.0	0.00418	0.004179	0.782623	0.853045
SCF:0000499	AC:000400	Q15370	Q8N884	Q6PJ21	8ol1-assembly1.cif.gz	11_24	1	2	1	37.541	2.796	same_assembly_bridge	0.2782	20_30	Q15370	Q8N884	Q6PJ21	0.999821	0.999755	6.6e-05	1.0	0.004178	0.004179	0.574764	0.853045
SCF:0000500	AC:000402	Q9SUI5	Q9SUI7	Q9S714	9gc2-assembly1.cif.gz	11_24	1	2	1	9.496	3.597	PDB_exact_pair_aggregate	0.3816	30_40	A0A4V8GZZ4	A0A2K1JDR4	A0A1D6HY75	0.033464	0.994397	-0.960933	0.0	0.891862	0.949972	0.027892	0.525513
SCF:0000501	AC:000402	Q9SUI7	Q9SUI5	Q9S7N7	9gc2-assembly1.cif.gz	11_24	1	2	1	9.496	2.457	PDB_exact_pair_aggregate	0.3714	30_40	A0A2K1JDR4	A0A4V8GZZ4	B6U534	0.998725	0.994397	0.004328	1.0	0.426901	0.949972	0.546177	0.525513
SCF:0000502	AC:000404	Q22R86	Q24CE5	Q1HFV9	6zyw-assembly1.cif.gz	11_24	1	1	0	8.924	1.847	PDB_exact_pair_aggregate	0.3816	30_40	Q22R86	Q24CE5	Q24DI9	0.999396	0.999252	0.000144	1.0	0.071131	0.004327	0.551239	0.093082
SCF:0000503	AC:000404	Q24CE5	Q22R86	Q24DI9	6zyw-assembly1.cif.gz	11_24	1	1	0	8.924	3.042	PDB_exact_pair_aggregate	0.3594	30_40	Q24CE5	Q22R86	Q24DI9	0.999881	0.999252	0.000629	1.0	0.004794	0.004327	0.170194	0.093082
SCF:0000504	AC:000404	Q24CE5	Q22R86	W7XJB1	6zyw-assembly1.cif.gz	11_24	1	1	0	8.924	2.285	PDB_exact_pair_aggregate	0.284	20_30	Q24CE5	Q22R86	W7XJB1	0.999582	0.999252	0.00033	1.0	0.004194	0.004327	0.49611	0.093082
SCF:0000505	AC:000407	Q15843	Q16531	Q93034	8b3i-assembly1.cif.gz	3_10	1	2	1	8.063	1.323	PDB_exact_pair_aggregate	0.2723	20_30	Q15843	Q16531	Q93034	0.999692	0.999874	-0.000182	0.0	0.065264	0.004192	0.728087	0.681036
SCF:0000506	AC:000410	P68139	P02607	Q92352	8syf-assembly1.cif.gz	3_10	1	1	0	63.019	2.443	PDB_exact_pair_aggregate	0.2907	20_30	P68134	P02607	Q92352	0.797043	0.996488	-0.199445	0.0	0.004186	0.959	0.630714	0.081488
SCF:0000507	AC:000412	P62877	P68036	P62837	7b5n-assembly1.cif.gz	3_10	1	1	0	55.708	2.215	PDB_exact_pair_aggregate	0.4058	40_50	P62877	P68036	A0A6P5C4T4	0.999928	0.997814	0.002114	1.0	0.982685	0.983168	0.511963	0.562582
SCF:0000508	AC:000412	P62877	P68036	A0A6P5C4T4	7b5n-assembly1.cif.gz	3_10	1	1	0	55.708	2.216	PDB_exact_pair_aggregate	0.4058	40_50	P62877	P68036	A0A6P5C4T4	0.999928	0.997814	0.002114	1.0	0.982685	0.983168	0.511963	0.562582
SCF:0000509	AC:000412	P62877	P68036	Q712K3	7b5n-assembly1.cif.gz	3_10	1	1	0	55.708	2.285	PDB_exact_pair_aggregate	0.3497	30_40	P62877	P68036	P49427	0.999632	0.997814	0.001818	1.0	0.9868	0.983168	0.659213	0.562582
SCF:0000510	AC:000414	Q5JS54	P60900	O14818	8tm3-assembly1.cif.gz	11_24	1	2	1	19.327	2.285	PDB_exact_pair_aggregate	0.3519	30_40	Q5JS54	P60900	O14818	0.998649	0.999901	-0.001252	0.0	0.004178	0.00418	0.425445	0.168331
SCF:0000511	AC:000414	Q5JS54	P60900	P25789	8tm3-assembly1.cif.gz	11_24	1	2	1	19.327	3.175	same_assembly_bridge	0.3487	30_40	Q5JS54	P60900	P23638	0.999733	0.999901	-0.000168	0.0	0.004175	0.00418	0.36298	0.168331
SCF:0000512	AC:000414	Q5JS54	P60900	P28066	8tm3-assembly1.cif.gz	11_24	1	2	1	19.327	2.523	PDB_exact_pair_aggregate	0.2825	20_30	Q5JS54	P60900	P28066	0.999916	0.999901	1.5e-05	1.0	0.004177	0.00418	0.146651	0.168331
SCF:0000513	AC:000419	B8LEQ8	B8BUW3	B5YM25	8zet-assembly1.cif.gz	11_24	1	2	1	19.801	2.612	same_assembly_bridge	0.3852	30_40	B8LEQ8	B8BUW3	B5YM25	0.118481	0.984199	-0.865718	0.0	0.004188	0.004192	0.000199	0.000783
SCF:0000514	AC:000419	B8LEQ8	B8BUW3	B8C770	8zet-assembly1.cif.gz	11_24	1	2	1	19.801	3.453	PDB_exact_pair_aggregate	0.3566	30_40	B8LEQ8	B8BUW3	B8C770	0.070522	0.984199	-0.913677	0.0	0.004235	0.004192	0.001797	0.000783
SCF:0000515	AC:000419	B8LEQ8	B8BUW3	B8C0K4	8zet-assembly1.cif.gz	11_24	1	2	1	19.801	2.559	PDB_exact_pair_aggregate	0.3468	30_40	B8LEQ8	B8BUW3	B8C0K4	0.911541	0.984199	-0.072658	0.0	0.004199	0.004192	0.024898	0.000783
SCF:0000516	AC:000422	A0A2P6TPV8	A0A2P6U4K1	A0A2P6TZ50	6zzx-assembly1.cif.gz	11_24	1	3	1	47.496	2.406	PDB_exact_pair_aggregate	0.4932	40_50	A0A2P6TPV8	Q75VY8	Q84Y02	0.002432	0.010291	-0.007859	0.0	0.004194	0.004299	0.682024	0.722858
SCF:0000517	AC:000422	A0A2P6TPV8	A0A2P6U4K1	A0A2P6TT36	6zzx-assembly1.cif.gz	11_24	1	3	1	47.496	3.584	PDB_exact_pair_aggregate	0.4757	40_50	A0A2P6TPV8	Q75VY8	Q7DM26	0.001161	0.010291	-0.00913	0.0	0.004243	0.004299	0.606168	0.722858
SCF:0000518	AC:000424	A0A1S3TUX2	A0A1S3UMA0	A0A1S3U1E4	7jro-assembly1.cif.gz	3_10	1	2	1	8.65	3.013	PDB_exact_pair_aggregate	0.2857	20_30	A0A1S3TUX2	A0A1S3UMA0	A0A1S3U1E4	0.998212	0.99986	-0.001648	0.0	0.004179	0.004174	0.079126	0.576741
SCF:0000519	AC:000425	A0A4V8GZZ4	A0A4V8H001	A0A4V8GZZ8	9k1e-assembly1.cif.gz	11_24	1	3	1	40.863	2.694	PDB_exact_pair_aggregate	0.4222	40_50	A0A4V8GZZ4	Q75VY8	I0YPL4	0.999773	0.999738	3.5e-05	1.0	0.004191	0.005079	0.16549	0.344621
SCF:0000520	AC:000426	I0YVS7	I0YWK6	I0Z284	9kqp-assembly1.cif.gz	11_24	1	1	0	12.915	2.462	PDB_exact_pair_aggregate	0.3878	30_40	A5Z2K3	I0YWK6	A0A2P6TPU7	0.955469	0.995498	-0.040029	0.0	0.940422	0.97595	0.084352	0.324435
SCF:0000521	AC:000427	P42766	Q9BXJ9	Q9BZE4	9fq0-assembly1.cif.gz	11_24	1	4	1	12.189	2.405	PDB_exact_pair_aggregate	0.3086	30_40	P42766	Q9BXJ9	Q9BZE4	0.999895	0.997668	0.002227	1.0	0.057594	0.01301	0.673527	0.473908
SCF:0000522	AC:000427	P42766	Q9BXJ9	P13639	9fq0-assembly1.cif.gz	11_24	1	4	1	12.189	2.505	PDB_exact_pair_aggregate	0.2699	20_30	P42766	Q9BXJ9	P13639	0.999943	0.997668	0.002275	1.0	0.475794	0.01301	0.392235	0.473908
SCF:0000523	AC:000427	Q9BXJ9	P42766	P35268	9fq0-assembly1.cif.gz	11_24	1	4	1	12.189	2.648	PDB_exact_pair_aggregate	0.3299	30_40	Q9BXJ9	P42766	P35268	0.996239	0.997668	-0.001429	0.0	0.004343	0.01301	0.282039	0.473908
SCF:0000524	AC:000427	Q9BXJ9	P42766	G1TSG1	9fq0-assembly1.cif.gz	11_24	1	4	1	12.189	3.172	PDB_exact_pair_aggregate	0.32	30_40	Q9BXJ9	P42766	P35268	0.994956	0.997668	-0.002712	0.0	0.012106	0.01301	0.44936	0.473908
SCF:0000525	AC:000427	Q9BXJ9	P42766	P62750	9fq0-assembly1.cif.gz	11_24	1	4	1	12.189	3.094	same_assembly_bridge	0.3133	30_40	Q9BXJ9	P42766	P62750	0.999023	0.997668	0.001355	1.0	0.033961	0.01301	0.176426	0.473908
SCF:0000526	AC:000428	P0A384	Q8YVQ2	P61048	4ogq-assembly1.cif.gz	11_24	1	3	1	14.066	2.82	PDB_exact_pair_aggregate	0.25	20_30	P0A384	Q8YVQ2	P61048	0.99947	0.999649	-0.000179	0.0	0.019387	0.528178	0.578094	0.58845
SCF:0000527	AC:000429	Q23FU1	I7M6H4	I7M9J2	6zyw-assembly1.cif.gz	11_24	1	5	1	26.823	3.219	same_assembly_bridge	0.4006	40_50	Q23FU1	I7M6H4	I7M9J2	0.989039	0.000536	0.988503	1.0				
SCF:0000528	AC:000429	Q23FU1	I7M6H4	Q22A67	6zyw-assembly1.cif.gz	11_24	1	5	1	26.823	0.213	PDB_exact_pair_aggregate	0.3428	30_40	Q23FU1	I7M6H4	Q22A67	0.855635	0.000536	0.855099	1.0				
SCF:0000529	AC:000430	Q2FW20	Q2G111	Q2FW10	7kwg-assembly1.cif.gz	11_24	1	16	1	26.888	2.283	PDB_exact_pair_aggregate	0.3	30_40	Q2FW20	A0A2V3DLV3	A0QSD5	0.999867	0.999939	-7.2e-05	0.0	0.875899	0.801142	0.591126	0.737835
SCF:0000530	AC:000430	Q2G111	Q2FW20	Q2G113	7kwg-assembly1.cif.gz	11_24	1	16	1	26.888	2.077	PDB_exact_pair_aggregate	0.3537	30_40	A0A2V3DLV3	Q2FW20	P21468	0.999891	0.999939	-4.8e-05	0.0	0.020763	0.801142	0.446193	0.737835
SCF:0000531	AC:000430	Q2G111	Q2FW20	Q2FW31	7kwg-assembly1.cif.gz	11_24	1	16	1	26.888	2.781	PDB_exact_pair_aggregate	0.2874	20_30	A0A2V3DLV3	Q2FW20	Q50296	0.999936	0.999939	-3e-06	0.0	0.800368	0.801142	0.803791	0.737835
SCF:0000532	AC:000430	Q2G111	Q2FW20	Q2FW16	7kwg-assembly1.cif.gz	11_24	1	16	1	26.888	2.514	PDB_exact_pair_aggregate	0.2697	20_30	A0A2V3DLV3	Q2FW20	A0A063X754	0.999935	0.999939	-4e-06	0.0	0.676426	0.801142	0.738285	0.737835
SCF:0000533	AC:000432	P40359	P53091	P24279	3jc5-assembly1.cif.gz	11_24	1	9	1	62.846	3.024	PDB_exact_pair_aggregate	0.3824	30_40	P40359	P53091	P24279	0.999481	0.999433	4.8e-05	1.0	0.004194	0.004183	0.588778	0.436524
SCF:0000534	AC:000432	P40359	P53091	P29496	3jc5-assembly1.cif.gz	11_24	1	9	1	62.846	2.196	PDB_exact_pair_aggregate	0.3754	30_40	P40359	P53091	P29496	0.999676	0.999433	0.000243	1.0	0.004175	0.004183	0.610353	0.436524
SCF:0000535	AC:000432	P40359	P53091	P38132	3jc5-assembly1.cif.gz	11_24	1	9	1	62.846	0.3	PDB_exact_pair_aggregate	0.3643	30_40	P40359	P53091	P38132	0.999596	0.999433	0.000163	1.0	0.004176	0.004183	0.681338	0.436524
SCF:0000536	AC:000433	A0A4V8GZZ7	A0A4V8H008	A0A4V8GZZ8	6igz-assembly1.cif.gz	11_24	1	1	0	8.631	2.543	PDB_exact_pair_aggregate	0.3333	30_40	Q84Y02	P12356	I0YPL4	0.999923	0.999211	0.000712	1.0	0.006009	0.028339	0.555951	0.682821
SCF:0000537	AC:000433	A0A4V8H008	A0A4V8GZZ7	A0A4V8GZZ9	6igz-assembly1.cif.gz	11_24	1	1	0	8.631	2.224	same_assembly_bridge	0.5221	ge50	P12356	Q84Y02	A0A4V8GZZ9	0.999491	0.999211	0.00028	1.0	0.351885	0.028339	0.681709	0.682821
SCF:0000538	AC:000433	A0A4V8H008	A0A4V8GZZ7	A0A4V8H001	6igz-assembly1.cif.gz	11_24	1	1	0	8.631	2.751	PDB_exact_pair_aggregate	0.4883	40_50	P12356	Q84Y02	Q75VY8	0.998708	0.999211	-0.000503	0.0	0.004683	0.028339	0.420585	0.682821
SCF:0000539	AC:000437	P21082	P20637	P68439	9fpy-assembly1.cif.gz	11_24	1	1	0	19.693	2.882	same_assembly_bridge	0.2956	20_30	P21082	A4GDH1	P68439	0.366031	0.147086	0.218945	1.0	0.004173	0.004175	0.447442	0.45187
SCF:0000540	AC:000438	P20248	Q9UJX5	Q13415	6q6g-assembly1.cif.gz	11_24	1	2	1	17.593	2.336	PDB_exact_pair_aggregate	0.2818	20_30	P20248	Q9UJX5	Q13415	0.998939	0.001208	0.997731	1.0	0.004175	0.004175	0.71862	0.509589
SCF:0000541	AC:000438	P20248	Q9UJX5	P06400	6q6g-assembly1.cif.gz	11_24	1	2	1	17.593	2.772	PDB_exact_pair_aggregate	0.2781	20_30	P20248	Q9UJX5	P06400	0.999696	0.001208	0.998488	1.0	0.004175	0.004175	0.724084	0.509589
SCF:0000542	AC:000438	P20248	Q9UJX5	P30260	6q6g-assembly1.cif.gz	11_24	1	2	1	17.593	2.398	PDB_exact_pair_aggregate	0.2505	20_30	P20248	Q9UJX5	P30260	0.997924	0.001208	0.996716	1.0	0.004175	0.004175	0.64635	0.509589
SCF:0000543	AC:000439	A0A4V8GZZ3	A0A4V8GZZ8	A0A4V8GZZ7	6igz-assembly1.cif.gz	11_24	1	1	0	20.427	2.422	PDB_exact_pair_aggregate	0.4037	40_50	Q55329	I0YPL4	Q84Y02	0.99958	0.006317	0.993263	1.0	0.005151	0.00424	0.614717	0.269304
SCF:0000544	AC:000439	A0A4V8GZZ3	A0A4V8GZZ8	A0A4V8H006	6igz-assembly1.cif.gz	11_24	1	1	0	20.427	2.576	PDB_exact_pair_aggregate	0.3494	30_40	Q55329	I0YPL4	A5Z2K3	0.001862	0.006317	-0.004455	0.0	0.005078	0.00424	0.003345	0.269304
SCF:0000545	AC:000443	A0A2K1JKF2	A0A2K1JLZ3	A0A2K1J0L9	6l35-assembly1.cif.gz	11_24	1	1	0	31.375	4.322	PDB_exact_pair_aggregate	0.2662	20_30	A5Z2K3	A0A9R0J8B1	Q9SHE8	0.9812	0.996946	-0.015746	0.0	0.773841	0.952485	0.10144	0.690212
SCF:0000546	AC:000444	Q5JE34	Q5JI52	Q5JE88	6kf3-assembly1.cif.gz	11_24	1	6	1	10.817	2.107	PDB_exact_pair_aggregate	0.2969	20_30	B8YB54	Q5JI52	Q5JE88	0.965664	0.996645	-0.030981	0.0	0.004187	0.004191	0.253068	0.259972
SCF:0000547	AC:000447	P20226	Q9Y2Y1	P60899	8iue-assembly1.cif.gz	11_24	1	12	1	55.109	2.581	PDB_exact_pair_aggregate	0.3505	30_40	P20226	Q9Y2Y1	P36954	0.999941	0.999946	-5e-06	0.0	0.006166	0.0042	0.744846	0.777015
SCF:0000548	AC:000450	P20226	Q9H1D9	Q00403	8iue-assembly1.cif.gz	11_24	1	12	1	36.182	2.313	PDB_exact_pair_aggregate	0.2667	20_30	P20226	Q9H1D9	Q00403	0.999938	0.999946	-8e-06	0.0	0.004218	0.004289	0.782176	0.786791
SCF:0000549	AC:000450	P20226	Q9H1D9	Q9HAW0	8iue-assembly1.cif.gz	11_24	1	12	1	36.182	2.238	PDB_exact_pair_aggregate	0.2658	20_30	P20226	Q9H1D9	Q9HAW0	0.999939	0.999946	-7e-06	0.0	0.004181	0.004289	0.774722	0.786791
SCF:0000550	AC:000450	P20226	Q9H1D9	P29084	8iue-assembly1.cif.gz	11_24	1	12	1	36.182	2.975	PDB_exact_pair_aggregate	0.2484	20_30	P20226	Q9H1D9	P29084	0.999944	0.999946	-2e-06	0.0	0.016734	0.004289	0.766394	0.786791
SCF:0000551	AC:000451	A0QSP9	A0QS96	A0QSL5	6dzk-assembly1.cif.gz	11_24	1	20	1	29.483	2.148	PDB_exact_pair_aggregate	0.2959	20_30	A0QSP9	P21472	B7IA17	0.999934	0.999931	3e-06	1.0	0.902744	0.63638	0.008107	0.87189
SCF:0000552	AC:000453	P52891	P53011	Q04491	8tie-assembly1.cif.gz	11_24	1	4	1	92.203	2.423	PDB_exact_pair_aggregate	0.3125	30_40	P52891	P53011	Q04491	0.999929	0.999836	9.3e-05	1.0	0.004177	0.004176	0.606631	0.62615
SCF:0000553	AC:000453	P53011	P52891	P46673	8tie-assembly1.cif.gz	11_24	1	4	1	92.203	2.383	PDB_exact_pair_aggregate	0.2763	20_30	P53011	P52891	P46673	0.999642	0.999836	-0.000194	0.0	0.004176	0.004176	0.596395	0.62615
SCF:0000554	AC:000456	P40337	Q9H9Q2	P01116	6r7f-assembly1.cif.gz	11_24	1	2	1	29.286	2.285	PDB_exact_pair_aggregate	0.2434	20_30	P40337	Q9H9Q2	P01116	0.986503	0.999714	-0.013211	0.0	0.52914	0.004177	0.16746	0.611994
SCF:0000555	AC:000456	Q9H9Q2	P40337	P63208	6r7f-assembly1.cif.gz	11_24	1	2	1	29.286	2.334	PDB_exact_pair_aggregate	0.281	20_30	Q9H9Q2	P40337	P63208	0.999265	0.999714	-0.000449	0.0	0.004177	0.004177	0.742765	0.611994
SCF:0000556	AC:000458	C4R1V1	C4QXY9	C4R1E6	8yfq-assembly1.cif.gz	11_24	1	2	1	18.693	3.199	PDB_exact_pair_aggregate	0.2995	20_30	A0A4X1VEK9	C4QXY9	C4R1E6	0.999882	0.018095	0.981787	1.0	0.004218	0.028785	0.618677	0.303856
SCF:0000557	AC:000459	A0A4V8H007	A0A4V8H004	A0A4V8GZZ9	6igz-assembly1.cif.gz	11_24	1	1	0	50.214	3.264	PDB_exact_pair_aggregate	0.4776	40_50	A0A4V8H007	A0A4V8H004	A0A4V8GZZ9	0.08861	0.01799	0.07062	1.0	0.936288	0.208742	0.831628	0.748037
SCF:0000558	AC:000461	Q13098	Q9UBW8	Q9H9Q2	4wsn-assembly3.cif.gz	3_10	1	3	1	15.417	0.683	PDB_exact_pair_aggregate	0.5878	ge50	Q13098	Q9H9Q2	Q9H9Q2	0.999207	0.997887	0.00132	1.0	0.004174	0.004176	0.747901	0.688833
SCF:0000559	AC:000461	Q9UBW8	Q13098	Q9BT78	4wsn-assembly3.cif.gz	3_10	1	3	1	15.417	2.332	PDB_exact_pair_aggregate	0.2684	20_30	Q9H9Q2	Q13098	Q9BT78	0.989307	0.997887	-0.00858	0.0	0.005045	0.004176	0.678988	0.688833
SCF:0000560	AC:000462	P00175	P33448	P80967	8hco-assembly1.cif.gz	11_24	1	1	0	13.71	2.588	PDB_exact_pair_aggregate	0.3714	30_40	P00175	P33448	P80967	7.9e-05	9.3e-05	-1.4e-05	0.0	0.71963	0.922196	0.300146	0.040117
SCF:0000561	AC:000465	Q1HFW0	Q1HGH8	A4VEB3	7k5b-assembly1.cif.gz	11_24	1	6	1	10.288	4.544	PDB_exact_pair_aggregate	0.2062	20_30	Q24CE5	Q1HGH8	A4VEB3	0.999667	0.998252	0.001415	1.0	0.441555	0.004174	0.001856	0.496613
SCF:0000562	AC:000465	Q1HGH8	Q1HFW0	Q24DI9	7k5b-assembly1.cif.gz	11_24	1	6	1	10.288	2.971	PDB_exact_pair_aggregate	0.3816	30_40	Q1HGH8	Q24CE5	Q24DI9	0.997618	0.998252	-0.000634	0.0	0.004174	0.004174	0.496909	0.496613
SCF:0000563	AC:000465	Q1HGH8	Q1HFW0	Q1HFV9	7k5b-assembly1.cif.gz	11_24	1	6	1	10.288	3.227	PDB_exact_pair_aggregate	0.3816	30_40	Q1HGH8	Q24CE5	Q24DI9	0.997618	0.998252	-0.000634	0.0	0.004174	0.004174	0.496909	0.496613
SCF:0000564	AC:000465	Q1HGH8	Q1HFW0	W7XJB1	7k5b-assembly1.cif.gz	11_24	1	6	1	10.288	1.783	PDB_exact_pair_aggregate	0.3625	30_40	Q1HGH8	Q24CE5	W7XJB1	0.946677	0.998252	-0.051575	0.0	0.004175	0.004174	0.332347	0.496613
SCF:0000565	AC:000467	Q32904	Q9SQL2	Q41038	4y28-assembly1.cif.gz	11_24	1	6	1	40.909	1.876	same_assembly_bridge	0.5234	ge50	A0A2K1IB10	Q84Y02	F2D0D5	0.999931	0.999907	2.4e-05	1.0	0.183656	0.588878	0.682271	0.673459
SCF:0000566	AC:000467	Q9SQL2	Q32904	Q41038	4y28-assembly1.cif.gz	11_24	1	6	1	40.909	2.798	same_assembly_bridge	0.4483	40_50	Q84Y02	A0A2K1IB10	F2D0D5	0.999928	0.999907	2.1e-05	1.0	0.136951	0.588878	0.677595	0.673459
SCF:0000567	AC:000467	Q9SQL2	Q32904	Q01667	4y28-assembly1.cif.gz	11_24	1	6	1	40.909	2.304	PDB_exact_pair_aggregate	0.4455	40_50	Q84Y02	A0A2K1IB10	A0A9R0J8B1	0.999917	0.999907	1e-05	1.0	0.634292	0.588878	0.638737	0.673459
SCF:0000568	AC:000467	Q9SQL2	Q32904	P12355	4y28-assembly1.cif.gz	11_24	1	6	1	40.909	2.468	PDB_exact_pair_aggregate	0.306	30_40	Q84Y02	A0A2K1IB10	Q9SHE8	0.999375	0.999907	-0.000532	0.0	0.017483	0.588878	0.592302	0.673459
SCF:0000569	AC:000469	P0A800	P0A9E2	P0A7U7	7w5w-assembly1.cif.gz	3_10	1	3	1	39.494	0.538	PDB_exact_pair_aggregate	0.2727	20_30	P0A800	P0A9E2	P0A7U7	0.983782	0.123563	0.860219	1.0	0.00418	0.004188	0.49543	0.496194
SCF:0000570	AC:000470	Q99871	Q96CS2	Q9NVX0	7sqk-assembly1.cif.gz	3_10	1	1	0	117.755	2.768	PDB_exact_pair_aggregate	0.2857	20_30	Q99871	Q96CS2	Q9NVX0	0.999672	0.999906	-0.000234	0.0	0.004225	0.0457	0.425619	0.581314
SCF:0000571	AC:000475	Q980L5	Q980B8	Q7LXK4	3hkz-assembly2.cif.gz	11_24	1	1	0	65.67	2.627	PDB_exact_pair_aggregate	0.2759	20_30	Q980L5	Q980B8	Q7LXK4	0.999162	0.010236	0.988926	1.0	0.004198	0.004179	0.629977	0.4972
SCF:0000572	AC:000477	P22139	P32349	P41895	7z30-assembly1.cif.gz	11_24	1	24	1	63.589	2.181	PDB_exact_pair_aggregate	0.2893	20_30	C4R009	P32349	P41895	0.999653	0.999837	-0.000184	0.0	0.269374	0.030621	0.710276	0.700003
SCF:0000573	AC:000477	P22139	P32349	P36070	7z30-assembly1.cif.gz	11_24	1	24	1	63.589	2.512	PDB_exact_pair_aggregate	0.2612	20_30	C4R009	P32349	P36070	0.997689	0.999837	-0.002148	0.0	0.54906	0.030621	0.644517	0.700003
SCF:0000574	AC:000479	A0A5S8WF79	A0A5S8WF81	A0A5S8WF90	6pif-assembly1.cif.gz	3_10	1	1	0	13.242	2.911	PDB_exact_pair_aggregate	0.9831	ge50	A0A5S8WF89	A0A5S8WF91	A0A5S8WF91	0.977462	0.712015	0.265447	1.0	0.004176	0.004176	0.101034	0.20179
SCF:0000575	AC:000480	P41227	Q02878	G1SS70	9gj6-assembly1.cif.gz	11_24	1	2	1	80.542	2.457	PDB_exact_pair_aggregate	0.3537	30_40	P41227	Q02878	A0A3Q7I881	0.995815	0.000242	0.995573	1.0	0.018655	0.028468	0.499357	0.33312
SCF:0000576	AC:000480	P41227	Q02878	G1TNM3	9gj6-assembly1.cif.gz	11_24	1	2	1	80.542	2.76	PDB_exact_pair_aggregate	0.3214	30_40	P41227	Q02878	G1TNM3	0.659302	0.000242	0.65906	1.0	0.248837	0.028468	0.000116	0.33312
SCF:0000577	AC:000480	Q02878	P41227	P83731	9gj6-assembly1.cif.gz	11_24	1	2	1	80.542	2.948	PDB_exact_pair_aggregate	0.2932	20_30	Q02878	P41227	Q54VN6	0.999936	0.000242	0.999694	1.0	0.892453	0.028468	0.806739	0.33312
SCF:0000578	AC:000480	Q02878	P41227	Q13765	9gj6-assembly1.cif.gz	11_24	1	2	1	80.542	2.509	PDB_exact_pair_aggregate	0.2868	20_30	Q02878	P41227	Q13765	0.999455	0.000242	0.999213	1.0	0.067537	0.028468	0.804511	0.33312
SCF:0000579	AC:000480	Q02878	P41227	P62701	9gj6-assembly1.cif.gz	11_24	1	2	1	80.542	2.412	PDB_exact_pair_aggregate	0.2601	20_30	Q02878	P41227	P62701	0.999942	0.000242	0.9997	1.0	0.484504	0.028468	0.81255	0.33312
SCF:0000580	AC:000481	Q38859	O81097	Q9FJ98	8hyj-assembly1.cif.gz	11_24	1	1	0	9.304	3.114	PDB_exact_pair_aggregate	0.36	30_40	Q38859	Q9M1A8	A0A4X1VEK9	0.999838	0.999891	-5.3e-05	0.0	0.500964	0.004288	0.686249	0.637894
SCF:0000581	AC:000482	A0A0G4FDJ8	A0A0G4HMN0	A0A0G4FL36	9hyu-assembly1.cif.gz	11_24	1	1	0	9.653	3.086	PDB_exact_pair_aggregate	0.4278	40_50	A0A0G4FDJ8	A0A0G4HMN0	A0A0G4FL36	0.999487	0.999465	2.2e-05	1.0	0.004248	0.004693	0.307824	0.14127
SCF:0000582	AC:000482	A0A0G4FDJ8	A0A0G4HMN0	A0A0G4I0G6	9hyu-assembly1.cif.gz	11_24	1	1	0	9.653	2.491	PDB_exact_pair_aggregate	0.36	30_40	A0A0G4FDJ8	A0A0G4HMN0	A0A0G4I0G6	0.999499	0.999465	3.4e-05	1.0	0.00422	0.004693	0.061491	0.14127
SCF:0000583	AC:000482	A0A0G4FDJ8	A0A0G4HMN0	A0A0G4HNB1	9hyu-assembly1.cif.gz	11_24	1	1	0	9.653	2.739	PDB_exact_pair_aggregate	0.3018	30_40	A0A0G4FDJ8	A0A0G4HMN0	A0A0G4HNB1	0.999454	0.999465	-1.1e-05	0.0	0.004195	0.004693	0.117059	0.14127
SCF:0000584	AC:000485	P32830	P33421	Q08749	6lo8-assembly1.cif.gz	3_10	1	1	0	8.865	3.451	same_assembly_bridge	0.3226	30_40	P32830	P33421	Q08749	0.936776	0.955575	-0.018799	0.0	0.004178	0.004175	0.360133	0.368861
SCF:0000585	AC:000488	P0A8V2	P24251	P0A780	6kj6-assembly1.cif.gz	3_10	1	1	0	19.938	2.344	PDB_exact_pair_aggregate	0.2987	20_30	P0A8V2	P24251	P0A780	0.933145	0.726873	0.206272	1.0	0.004193	0.004188	0.716849	0.541995
SCF:0000586	AC:000488	P24251	P0A8V2	P0A8T7	6kj6-assembly1.cif.gz	3_10	1	1	0	19.938	2.658	PDB_exact_pair_aggregate	0.2957	20_30	P24251	P0A8V2	P0A8T7	0.019969	0.726873	-0.706904	0.0	0.004182	0.004188	0.620998	0.541995
SCF:0000587	AC:000489	P20435	P53063	Q04636	8k5p-assembly1.cif.gz	11_24	1	2	1	62.833	2.273	PDB_exact_pair_aggregate	0.2667	20_30	A0A4X1VEK9	P53063	Q04636	0.99993	0.067497	0.932433	1.0	0.007027	0.004183	0.757159	0.221729
SCF:0000588	AC:000491	A1BA41	A1B4F3	A1B3D7	9fks-assembly1.cif.gz	11_24	1	4	1	42.091	2.376	PDB_exact_pair_aggregate	0.3439	30_40	A1BA41	A1B4F3	A1B3D7	0.999667	0.999656	1.1e-05	1.0	0.357213	0.158421	0.868061	0.818817
SCF:0000589	AC:000492	P0AFF6	P0AFW0	P0AFG0	8pil-assembly1.cif.gz	3_10	1	1	0	57.287	2.097	PDB_exact_pair_aggregate	0.3016	30_40	P0AFF6	P0AFW0	P0AFG0	0.999696	0.998705	0.000991	1.0	0.006527	0.004177	0.770471	0.737043
SCF:0000590	AC:000494	A0QSG6	A0R102	A0QSG3	6dzk-assembly1.cif.gz	11_24	1	17	1	45.813	1.921	PDB_exact_pair_aggregate	0.3235	30_40	A0QSG6	A0R102	Q2FW20	0.999914	0.999861	5.3e-05	1.0	0.686125	0.367879	0.849139	0.696496
SCF:0000591	AC:000496	O00399	P61163	Q9NZ32	9b85-assembly1.cif.gz	11_24	1	2	1	33.462	2.83	same_assembly_bridge	0.3163	30_40	O00399	F2Z5G5	Q9NZ32	0.999775	0.982837	0.016938	1.0	0.435779	0.334779	0.770348	0.839813
SCF:0000592	AC:000498	W7WX86	Q24C31	Q23YW7	8th8-assembly1.cif.gz	11_24	1	2	1	77.761	2.606	PDB_exact_pair_aggregate	0.3003	30_40	W7WX86	Q24C31	Q23YW7	0.011433	0.006627	0.004806	1.0	0.004189	0.004181	0.49953	0.499525
SCF:0000593	AC:000498	W7WX86	Q24C31	I7LT80	8th8-assembly1.cif.gz	11_24	1	2	1	77.761	2.871	same_assembly_bridge	0.26	20_30	W7WX86	Q24C31	I7LT80	0.00552	0.006627	-0.001107	0.0	0.004195	0.004181	0.499538	0.499525
SCF:0000594	AC:000499	Q26454	Q9VGW6	Q9XYU0	6raw-assembly1.cif.gz	11_24	1	3	1	14.13	2.04	PDB_exact_pair_aggregate	0.3935	30_40	Q26454	Q9VGW6	P33993	0.768258	0.980227	-0.211969	0.0	0.204625	0.492937	0.735978	0.744317
SCF:0000595	AC:000499	Q26454	Q9VGW6	Q9V461	6raw-assembly1.cif.gz	11_24	1	3	1	14.13	2.195	PDB_exact_pair_aggregate	0.3754	30_40	Q26454	Q9VGW6	Q9V461	0.991577	0.980227	0.01135	1.0	0.147038	0.492937	0.716861	0.744317
SCF:0000596	AC:000499	Q9VGW6	Q26454	Q9XYU1	6raw-assembly1.cif.gz	11_24	1	3	1	14.13	2.166	PDB_exact_pair_aggregate	0.3851	30_40	Q9VGW6	Q26454	P25205	0.999903	0.980227	0.019676	1.0	0.072688	0.492937	0.724055	0.744317
SCF:0000597	AC:000499	Q9VGW6	Q26454	P49735	6raw-assembly1.cif.gz	11_24	1	3	1	14.13	2.212	PDB_exact_pair_aggregate	0.3447	30_40	Q9VGW6	Q26454	P49735	0.950765	0.980227	-0.029462	0.0	0.020922	0.492937	0.730898	0.744317
SCF:0000598	AC:000500	F2QZ97	F2QVA2	F2QT90	8ucj-assembly1.cif.gz	11_24	1	1	0	57.192	3.547	PDB_exact_pair_aggregate	0.2987	20_30	F2QZ97	F2QVA2	F2QT90	0.999915	0.999766	0.000149	1.0	0.004204	0.004185	0.727301	0.793455
SCF:0000599	AC:000502	P11703	A0A9R0K533	A0A9R0JBX6	8xzv-assembly1.cif.gz	11_24	1	1	0	25.037	2.548	PDB_exact_pair_aggregate	0.4387	40_50	P06271	A0A9R0K533	A0A9R0JBX6	6.7e-05	6e-05	7e-06	1.0	0.006704	0.004181	0.3506	0.234051
SCF:0000600	AC:000502	P11703	A0A9R0K533	A0A9R0K7U8	8xzv-assembly1.cif.gz	11_24	1	1	0	25.037	2.359	PDB_exact_pair_aggregate	0.3187	30_40	P06271	A0A9R0K533	A0A9R0K7U8	0.581642	6e-05	0.581582	1.0	0.004177	0.004181	0.563632	0.234051
SCF:0000601	AC:000503	P62987	Q71DI3	P04908	7xd0-assembly1.cif.gz	3_10	1	1	0	35.195	3.23	same_assembly_bridge	0.3214	30_40	P62987	P02299	P0C0S5	0.999082	0.999016	6.6e-05	1.0	0.004528	0.004219	0.25607	0.371191
SCF:0000602	AC:000503	P62987	Q71DI3	P62805	7xd0-assembly1.cif.gz	3_10	1	1	0	35.195	4.294	PDB_exact_pair_aggregate	0.3152	30_40	P62987	P02299	P62805	0.999912	0.999016	0.000896	1.0	0.004197	0.004219	0.43116	0.371191
SCF:0000603	AC:000504	Q99627	Q9UBF6	P62877	9eg1-assembly1.cif.gz	11_24	1	1	0	21.949	0.275	PDB_exact_pair_aggregate	0.5269	ge50	Q99627	P62877	P62877	0.999785	0.007576	0.992209	1.0	0.004176	0.004183	0.723508	0.771998
SCF:0000604	AC:000505	P10145	P63096	P09471	6lfm-assembly1.cif.gz	3_10	1	3	1	31.719	2.55	PDB_exact_pair_aggregate	0.7358	ge50	P10145	P50148	P50148	0.984234	0.999682	-0.015448	0.0	0.004209	0.004228	0.636734	0.252692
SCF:0000605	AC:000505	P63096	P10145	P09341	6lfm-assembly1.cif.gz	3_10	1	3	1	31.719	2.531	PDB_exact_pair_aggregate	0.4706	40_50	P50148	P10145	P09341	0.999045	0.999682	-0.000637	0.0	0.004235	0.004228	0.498943	0.252692
SCF:0000606	AC:000505	P63096	P10145	P48061	6lfm-assembly1.cif.gz	3_10	1	3	1	31.719	2.591	PDB_exact_pair_aggregate	0.3409	30_40	P50148	P10145	P48061	0.99913	0.999682	-0.000552	0.0	0.004251	0.004228	0.49883	0.252692
SCF:0000607	AC:000505	P63096	P10145	P22362	6lfm-assembly1.cif.gz	3_10	1	3	1	31.719	2.199	PDB_exact_pair_aggregate	0.3158	30_40	P50148	P10145	P22362	0.927421	0.999682	-0.072261	0.0	0.004191	0.004228	0.498839	0.252692
SCF:0000608	AC:000508	P05738	P33309	P38779	3j16-assembly1.cif.gz	3_10	1	2	1	13.623	2.295	PDB_exact_pair_aggregate	0.2915	20_30	A0A3Q7JDZ0	P33309	P38779	0.999345	0.999923	-0.000578	0.0	0.004192	0.004718	0.638905	0.623066
SCF:0000609	AC:000508	P33309	P05738	Q01855	3j16-assembly1.cif.gz	3_10	1	2	1	13.623	4.498	PDB_exact_pair_aggregate	0.3229	30_40	P33309	A0A3Q7JDZ0	Q01855	0.999889	0.999923	-3.4e-05	0.0	0.006192	0.004718	0.149912	0.623066
SCF:0000610	AC:000508	P33309	P05738	P0CX53	3j16-assembly1.cif.gz	3_10	1	2	1	13.623	3.225	PDB_exact_pair_aggregate	0.2628	20_30	P33309	A0A3Q7JDZ0	P0CX53	0.999887	0.999923	-3.6e-05	0.0	0.163161	0.004718	0.710554	0.623066
SCF:0000611	AC:000516	Q8CM25	Q8DG60	Q9F1L5	7nhp-assembly1.cif.gz	11_24	1	1	0	32.518	2.068	PDB_exact_pair_aggregate	0.3663	30_40	D0VWR8	Q8DG60	Q9F1L5	0.02411	0.047556	-0.023446	0.0	0.00581	0.004205	0.332763	0.499144
SCF:0000612	AC:000519	I0YPL4	I0Z284	I0YWK6	9kqp-assembly1.cif.gz	11_24	1	1	0	50.298	2.735	PDB_exact_pair_aggregate	0.3878	30_40	I0YPL4	A0A2P6TPU7	I0YWK6	0.966045	0.54364	0.422405	1.0	0.004181	0.004181	0.067528	0.145623
SCF:0000613	AC:000519	I0Z284	I0YPL4	I0YP76	9kqp-assembly1.cif.gz	11_24	1	1	0	50.298	4.425	PDB_exact_pair_aggregate	0.434	40_50	A0A2P6TPU7	I0YPL4	A0A4V8H004	0.951349	0.54364	0.407709	1.0	0.004364	0.004181	0.221807	0.145623
SCF:0000614	AC:000520	Q8DIF8	Q8DMP8	Q8DHJ2	7nhp-assembly1.cif.gz	11_24	1	2	1	34.316	2.176	PDB_exact_pair_aggregate	0.375	30_40	D0VWR7	Q8DMP8	Q8DHJ2	0.998213	0.988369	0.009844	1.0	0.015527	0.011023	0.168049	0.070362
SCF:0000615	AC:000520	Q8DIF8	Q8DMP8	Q9F1R6	7nhp-assembly1.cif.gz	11_24	1	2	1	34.316	2.219	PDB_exact_pair_aggregate	0.3571	30_40	D0VWR7	Q8DMP8	Q9F1R6	0.994576	0.988369	0.006207	1.0	0.79098	0.011023	0.623508	0.070362
SCF:0000616	AC:000520	Q8DMP8	Q8DIF8	D0VWR1	7nhp-assembly1.cif.gz	11_24	1	2	1	34.316	1.223	PDB_exact_pair_aggregate	0.3723	30_40	Q8DMP8	D0VWR7	Q8DIQ1	0.997586	0.988369	0.009217	1.0	0.015545	0.011023	0.208091	0.070362
SCF:0000617	AC:000520	Q8DMP8	Q8DIF8	Q8DIQ1	7nhp-assembly1.cif.gz	11_24	1	2	1	34.316	2.877	PDB_exact_pair_aggregate	0.3723	30_40	Q8DMP8	D0VWR7	Q8DIQ1	0.997656	0.988369	0.009287	1.0	0.030602	0.011023	0.126302	0.070362
SCF:0000618	AC:000520	Q8DMP8	Q8DIF8	P51765	7nhp-assembly1.cif.gz	11_24	1	2	1	34.316	3.408	PDB_exact_pair_aggregate	0.3158	30_40	Q8DMP8	D0VWR7	P0A444	0.155202	0.988369	-0.833167	0.0	0.009093	0.011023	0.101155	0.070362
SCF:0000619	AC:000521	P11704	A0A9R0K533	A0A9R0JBX6	8xzv-assembly1.cif.gz	11_24	1	1	0	21.677	2.269	PDB_exact_pair_aggregate	0.4387	40_50	P11704	A0A9R0K533	A0A9R0JBX6	5e-05	4.9e-05	1e-06	1.0	0.004177	0.004175	0.18368	0.264824
SCF:0000620	AC:000521	P11704	A0A9R0K533	A0A9R0K7U8	8xzv-assembly1.cif.gz	11_24	1	1	0	21.677	2.29	PDB_exact_pair_aggregate	0.3187	30_40	P11704	A0A9R0K533	A0A9R0K7U8	0.006757	4.9e-05	0.006708	1.0	0.004175	0.004175	0.424867	0.264824
SCF:0000621	AC:000527	O14010	Q9Y821	Q9US45	5n9j-assembly1.cif.gz	11_24	1	1	0	8.991	2.079	same_assembly_bridge	0.3233	30_40	O14010	Q9Y821	Q9US45	0.999882	0.999867	1.5e-05	1.0	0.0042	0.317754	0.12689	0.559977
SCF:0000622	AC:000527	Q9Y821	O14010	O94376	5n9j-assembly1.cif.gz	11_24	1	1	0	8.991	3.197	PDB_exact_pair_aggregate	0.2903	20_30	Q9Y821	O14010	O94376	0.998769	0.999867	-0.001098	0.0	0.551448	0.317754	0.764769	0.559977
SCF:0000623	AC:000531	O94646	P87310	O13964	5n9j-assembly1.cif.gz	11_24	1	1	0	27.964	2.303	PDB_exact_pair_aggregate	0.2843	20_30	O94646	P87310	O13964	0.999901	0.999948	-4.7e-05	0.0	0.086422	0.00419	0.369338	0.793167
SCF:0000624	AC:000531	O94646	P87310	Q9P6Q0	5n9j-assembly1.cif.gz	11_24	1	1	0	27.964	2.307	PDB_exact_pair_aggregate	0.2727	20_30	O94646	P87310	Q9P6Q0	0.999936	0.999948	-1.2e-05	0.0	0.144451	0.00419	0.318759	0.793167
SCF:0000625	AC:000531	P87310	O94646	Q9US45	5n9j-assembly1.cif.gz	11_24	1	1	0	27.964	2.314	PDB_exact_pair_aggregate	0.3217	30_40	P87310	O94646	Q9US45	0.999941	0.999948	-7e-06	0.0	0.004186	0.00419	0.357818	0.793167
SCF:0000626	AC:000532	B8YB57	B8YB60	B8YB58	4ayb-assembly1.cif.gz	11_24	1	5	1	19.697	2.431	PDB_exact_pair_aggregate	0.3077	30_40	B8YB57	B8YB60	Q7LXK4	0.999669	0.647298	0.352371	1.0	0.004186	0.321243	0.777035	0.654542
SCF:0000627	AC:000533	P32833	P47112	P54791	9bcx-assembly1.cif.gz	11_24	1	5	1	10.572	2.224	PDB_exact_pair_aggregate	0.2882	20_30	P32833	P47112	P54791	0.003702	0.000134	0.003568	1.0	0.013934	0.004175	0.678892	0.692655
SCF:0000628	AC:000533	P32833	P47112	P29469	9bcx-assembly1.cif.gz	11_24	1	5	1	10.572	2.438	same_assembly_bridge	0.2833	20_30	P32833	P47112	P29469	0.080504	0.000134	0.08037	1.0	0.009766	0.004175	0.742456	0.692655
SCF:0000629	AC:000533	P32833	P47112	P50874	9bcx-assembly1.cif.gz	11_24	1	5	1	10.572	2.253	PDB_exact_pair_aggregate	0.2618	20_30	P32833	P47112	P50874	0.003196	0.000134	0.003062	1.0	0.004174	0.004175	0.679087	0.692655
SCF:0000630	AC:000533	P47112	P32833	P54790	9bcx-assembly1.cif.gz	11_24	1	5	1	10.572	2.329	PDB_exact_pair_aggregate	0.2761	20_30	P47112	P32833	P54790	0.000268	0.000134	0.000134	1.0	0.004175	0.004175	0.596964	0.692655
SCF:0000631	AC:000533	P47112	P32833	P54791	9bcx-assembly1.cif.gz	11_24	1	5	1	10.572	2.618	PDB_exact_pair_aggregate	0.2686	20_30	P47112	P32833	P54791	7.9e-05	0.000134	-5.5e-05	0.0	0.034115	0.004175	0.663733	0.692655
SCF:0000632	AC:000535	A4VD75	Q22A67	I7M9J2	7k5b-assembly1.cif.gz	11_24	1	4	1	10.95	1.088	same_assembly_bridge	0.334	30_40	A4VD75	Q22A67	I7M9J2	0.000139	0.000136	3e-06	1.0				
SCF:0000633	AC:000536	P01857	S6B291	P0DOX5	5c7k-assembly1.cif.gz	11_24	1	1	0	42.319	0.552	PDB_exact_pair_aggregate	0.9281	ge50	P01867	Q6N030	Q6N030	0.939231	0.973282	-0.034051	0.0	0.146762	0.096117	0.669156	0.702183
SCF:0000634	AC:000536	P01857	S6B291	P01863	5c7k-assembly1.cif.gz	11_24	1	1	0	42.319	2.658	PDB_exact_pair_aggregate	0.6402	ge50	P01867	Q6N030	P01867	0.998998	0.973282	0.025716	1.0	0.011414	0.096117	0.752573	0.702183
SCF:0000635	AC:000536	P01857	S6B291	P19909	5c7k-assembly1.cif.gz	11_24	1	1	0	42.319	2.34	PDB_exact_pair_aggregate	0.3121	30_40	P01867	Q6N030	P19909	0.002647	0.973282	-0.970635	0.0	0.004188	0.096117	0.069374	0.702183
SCF:0000636	AC:000538	Q22A67	A4VE64	Q24CE5	6zyw-assembly1.cif.gz	11_24	1	1	0	30.858	4.406	PDB_exact_pair_aggregate	0.3953	30_40	Q22A67	Q1HFW2	Q24CE5	0.00137	0.007488	-0.006118	0.0				
SCF:0000637	AC:000538	Q22A67	A4VE64	Q1HFW0	6zyw-assembly1.cif.gz	11_24	1	1	0	30.858	0.94	PDB_exact_pair_aggregate	0.3953	30_40	Q22A67	Q1HFW2	Q24CE5	0.017038	0.007488	0.00955	1.0				
SCF:0000638	AC:000538	Q22A67	A4VE64	W7XJB1	6zyw-assembly1.cif.gz	11_24	1	1	0	30.858	1.682	PDB_exact_pair_aggregate	0.3659	30_40	Q22A67	Q1HFW2	W7XJB1	0.000377	0.007488	-0.007111	0.0				
SCF:0000639	AC:000541	Q57ZX7	Q585T1	Q381A0	8fni-assembly1.cif.gz	3_10	1	2	1	15.044	2.642	PDB_exact_pair_aggregate	0.2891	20_30	Q57ZX7	Q585T1	Q381A0	0.998683	0.00428	0.994403	1.0	0.004175	0.041249	0.426459	0.707425
SCF:0000640	AC:000541	Q585T1	Q57ZX7	Q389W4	8fni-assembly1.cif.gz	3_10	1	2	1	15.044	2.543	same_assembly_bridge	0.2473	20_30	Q585T1	Q57ZX7	Q389W4	0.010605	0.00428	0.006325	1.0	0.007011	0.041249	0.675103	0.707425
SCF:0000641	AC:000542	P20226	P0DPB6	F1RKE4	8iue-assembly1.cif.gz	11_24	1	12	1	66.163	2.175	PDB_exact_pair_aggregate	0.3366	30_40	P20226	P0DPB6	A0A8D0TE17	0.99995	0.999944	6e-06	1.0	0.00442	0.004186	0.784707	0.788411
SCF:0000642	AC:000542	P20226	P0DPB6	P61218	8iue-assembly1.cif.gz	11_24	1	12	1	66.163	2.46	PDB_exact_pair_aggregate	0.3014	30_40	P20226	P0DPB6	A0A4X1VEK9	0.999948	0.999944	4e-06	1.0	0.004352	0.004186	0.792045	0.788411
SCF:0000643	AC:000542	P20226	P0DPB6	A0A4X1VEK9	8iue-assembly1.cif.gz	11_24	1	12	1	66.163	2.916	PDB_exact_pair_aggregate	0.3014	30_40	P20226	P0DPB6	A0A4X1VEK9	0.999948	0.999944	4e-06	1.0	0.004333	0.004186	0.79449	0.788411
SCF:0000644	AC:000544	O94707	Q9UTB6	O94355	8i03-assembly1.cif.gz	11_24	1	1	0	56.352	2.376	PDB_exact_pair_aggregate	0.2732	20_30	O94707	Q9UTB6	O94355	0.717173	0.000319	0.716854	1.0	0.004182	0.004183	0.117164	0.250286
SCF:0000645	AC:000548	A0AAN0XZY8	A0AAN0Y0S4	A0AAN0Y3T9	9h90-assembly1.cif.gz	11_24	1	1	0	19.041	2.919	same_assembly_bridge	0.3171	30_40	P80373	Q83ER2	P17291	0.999929	0.999894	3.5e-05	1.0	0.869828	0.900528	0.782224	0.780934
SCF:0000646	AC:000549	A0A4V8GZZ3	A0A4V8GZZ6	A0A4V8GZZ7	6igz-assembly1.cif.gz	11_24	1	1	0	42.481	2.422	PDB_exact_pair_aggregate	0.5	ge50	Q55329	Q7DM26	Q84Y02	0.99958	0.902579	0.097001	1.0	0.005151	0.004243	0.614717	0.462601
SCF:0000647	AC:000549	A0A4V8GZZ3	A0A4V8GZZ6	A0A4V8GZZ9	6igz-assembly1.cif.gz	11_24	1	1	0	42.481	6.783	same_assembly_bridge	0.4581	40_50	Q55329	Q7DM26	A0A4V8GZZ9	0.147855	0.902579	-0.754724	0.0	0.016261	0.004243	0.573972	0.462601
SCF:0000648	AC:000550	P09192	Q55329	Q55354	8asl-assembly1.cif.gz	11_24	1	2	1	37.116	2.18	PDB_exact_pair_aggregate	0.2917	20_30	D0VWR8	Q55329	P32974	0.781495	0.996165	-0.21467	0.0	0.004298	0.005293	0.16461	0.244008
SCF:0000649	AC:000550	Q55329	P09192	P16033	8asl-assembly1.cif.gz	11_24	1	2	1	37.116	3.345	same_assembly_bridge	0.3793	30_40	Q55329	D0VWR8	P0A444	0.565631	0.996165	-0.430534	0.0	0.022482	0.005293	0.615987	0.244008
SCF:0000650	AC:000550	Q55329	P09192	Q55274	8asl-assembly1.cif.gz	11_24	1	2	1	37.116	2.865	PDB_exact_pair_aggregate	0.3842	30_40	Q55329	D0VWR8	Q55274	0.999339	0.996165	0.003174	1.0	0.118266	0.005293	0.461956	0.244008
SCF:0000651	AC:000551	P62875	O15514	O75575	5iyd-assembly1.cif.gz	11_24	1	20	1	77.232	2.349	PDB_exact_pair_aggregate	0.3107	30_40	C4R009	Q9VEA5	O75575	0.999935	0.999945	-1e-05	0.0	0.849798	0.653578	0.774305	0.756845
SCF:0000652	AC:000551	P62875	O15514	P61218	5iyd-assembly1.cif.gz	11_24	1	20	1	77.232	3.47	PDB_exact_pair_aggregate	0.2857	20_30	C4R009	Q9VEA5	A0A4X1VEK9	0.999921	0.999945	-2.4e-05	0.0	0.892512	0.653578	0.656142	0.756845
SCF:0000653	AC:000553	Q8LE42	Q9M1A8	Q9FJ98	8xmc-assembly1.cif.gz	11_24	1	4	1	54.338	2.936	PDB_exact_pair_aggregate	0.37	30_40	Q8LE42	Q9M1A8	A0A4X1VEK9	0.999893	0.999941	-4.8e-05	0.0	0.65221	0.004284	0.411217	0.607394
SCF:0000654	AC:000554	A0A2P6TPU7	A0A2P6TT36	A0A2P6TMX4	6zzy-assembly1.cif.gz	11_24	1	2	1	38.162	2.776	PDB_exact_pair_aggregate	0.4725	40_50	A0A2P6TPU7	Q7DM26	A0A4V8H004	0.997498	0.997612	-0.000114	0.0	0.005936	0.735106	0.660448	0.67851
SCF:0000655	AC:000554	A0A2P6TPU7	A0A2P6TT36	A0A2P6TS63	6zzy-assembly1.cif.gz	11_24	1	2	1	38.162	2.306	PDB_exact_pair_aggregate	0.4492	40_50	A0A2P6TPU7	Q7DM26	Q84Y02	0.997816	0.997612	0.000204	1.0	0.007413	0.735106	0.444598	0.67851
SCF:0000656	AC:000554	A0A2P6TPU7	A0A2P6TT36	A0A2P6TZ50	6zzy-assembly1.cif.gz	11_24	1	2	1	38.162	3.246	same_assembly_bridge	0.4352	40_50	A0A2P6TPU7	Q7DM26	Q84Y02	0.998837	0.997612	0.001225	1.0	0.185963	0.735106	0.681586	0.67851
SCF:0000657	AC:000558	O87799	O87802	O87798	2rdb-assembly1.cif.gz	3_10	1	6	1	15.998	2.395	same_assembly_bridge	0.2622	20_30	Q6IV65	Q6IV62	Q6IV66	0.00057	0.000231	0.000339	1.0	0.0042	0.004192	0.332722	0.147145
SCF:0000658	AC:000559	Q12824	Q96GM5	Q969G3	9rl4-assembly1.cif.gz	11_24	1	7	1	17.416	2.636	PDB_exact_pair_aggregate	0.3233	30_40	Q12824	Q96GM5	Q969G3	0.999901	0.99985	5.1e-05	1.0	0.004178	0.00418	0.778744	0.737367
SCF:0000659	AC:000560	Q9XFH4	Q9FFC0	P02281	8kcb-assembly1.cif.gz	3_10	1	2	1	8.089	3.306	PDB_exact_pair_aggregate	0.6748	ge50	Q9XFH4	O23629	O23629	0.953317	0.950249	0.003068	1.0	0.004184	0.004182	0.793243	0.803897
SCF:0000660	AC:000560	Q9XFH4	Q9FFC0	P84233	8kcb-assembly1.cif.gz	3_10	1	2	1	8.089	2.742	PDB_exact_pair_aggregate	0.2946	20_30	Q9XFH4	O23629	P02299	0.998334	0.950249	0.048085	1.0	0.018497	0.004182	0.166494	0.803897
SCF:0000661	AC:000563	A0QSD7	A0R7F7	A0QSG2	5xyu-assembly1.cif.gz	11_24	1	16	1	27.092	2.027	PDB_exact_pair_aggregate	0.3182	30_40	P80372	A0R7F7	P62656	0.999884	0.999828	5.6e-05	1.0	0.819752	0.867651	0.864584	0.79986
SCF:0000662	AC:000563	A0R7F7	A0QSD7	A0QVB8	5xyu-assembly1.cif.gz	11_24	1	16	1	27.092	3.078	PDB_exact_pair_aggregate	0.3122	30_40	A0R7F7	P80372	A0QVB8	0.999762	0.999828	-6.6e-05	0.0	0.923813	0.867651	0.826331	0.79986
SCF:0000663	AC:000563	A0R7F7	A0QSD7	A0QSG1	5xyu-assembly1.cif.gz	11_24	1	16	1	27.092	2.5	PDB_exact_pair_aggregate	0.3617	30_40	A0R7F7	P80372	P62399	0.999893	0.999828	6.5e-05	1.0	0.663521	0.867651	0.794876	0.79986
SCF:0000664	AC:000563	A0R7F7	A0QSD7	A0QZ86	5xyu-assembly1.cif.gz	11_24	1	16	1	27.092	2.124	PDB_exact_pair_aggregate	0.2797	20_30	A0R7F7	P80372	A0QZ86	0.994818	0.999828	-0.00501	0.0	0.004756	0.867651	0.117604	0.79986
SCF:0000665	AC:000564	P0A7Z4	P0AGB6	P0ADY3	6jbq-assembly1.cif.gz	3_10	1	1	0	19.426	3.245	PDB_exact_pair_aggregate	0.3438	30_40	P0A7Z4	P0AGB6	A0A063X754	0.996608	0.000471	0.996137	1.0	0.376348	0.006742	0.76529	0.447095
SCF:0000666	AC:000564	P0A7Z4	P0AGB6	P0ACJ8	6jbq-assembly1.cif.gz	3_10	1	1	0	19.426	2.53	PDB_exact_pair_aggregate	0.3158	30_40	P0A7Z4	P0AGB6	P0ACJ8	0.000207	0.000471	-0.000264	0.0	0.050846	0.006742	0.795014	0.447095
SCF:0000667	AC:000565	A0A2K3CYB6	A0A2K3DZD9	A0A2K3DLF7	8xks-assembly1.cif.gz	11_24	1	1	0	23.753	3.771	PDB_exact_pair_aggregate	0.3388	30_40	A0A2K3CYB6	A0A2K3DZD9	A0A2K3DLF7	0.00324	0.000452	0.002788	1.0	0.004186	0.004189	0.575194	0.401055
SCF:0000668	AC:000566	O31743	Q06797	P42921	9bss-assembly1.cif.gz	11_24	1	1	0	66.07	4.202	PDB_exact_pair_aggregate	0.32	30_40	O31743	Q5SLP7	A0A063X8U6	0.999925	0.999839	8.6e-05	1.0	0.735008	0.799477	0.80017	0.812854
SCF:0000669	AC:000568	A0A2K3DGW6	A0A2K3DQ46	A0A2K3DHV6	8xks-assembly1.cif.gz	11_24	1	3	1	49.51	3.38	PDB_exact_pair_aggregate	0.3746	30_40	A0A2K3DGW6	A0A2K3DQ46	A0A2K3DHV6	0.038431	0.000131	0.0383	1.0	0.004178	0.004193	0.051137	0.014262
SCF:0000670	AC:000568	A0A2K3DGW6	A0A2K3DQ46	A0A2K3DLF7	8xks-assembly1.cif.gz	11_24	1	3	1	49.51	2.391	PDB_exact_pair_aggregate	0.2816	20_30	A0A2K3DGW6	A0A2K3DQ46	A0A2K3DLF7	0.0001	0.000131	-3.1e-05	0.0	0.004187	0.004193	0.039873	0.014262
SCF:0000671	AC:000573	P10793	E1C9K9	A0A0M3KL10	4rku-assembly1.cif.gz	11_24	1	2	1	10.644	2.276	PDB_exact_pair_aggregate	0.913	ge50	A0A4V8H005	E1C9K9	A0A0M3KL10	0.004681	0.001394	0.003287	1.0	0.005589	0.004302	0.144537	0.198129
SCF:0000672	AC:000575	E1C9L3	A0A0H2UKZ4	A0A0M3KL12	4rku-assembly1.cif.gz	11_24	1	1	0	55.299	2.336	PDB_exact_pair_aggregate	1.0	ge50	E1C9L3	A0A0H2UKZ4	A0A0H2UKZ4	0.998991	0.935363	0.063628	1.0	0.004308	0.004302	0.612328	0.604042
SCF:0000673	AC:000577	Q9VGW6	Q9VBI1	Q9VQY9	6raz-assembly1.cif.gz	11_24	1	2	1	15.23	2.392	same_assembly_bridge	0.3356	30_40	Q9VGW6	Q9VBI1	Q9VQY9	0.999751	0.99945	0.000301	1.0	0.004176	0.004177	0.410872	0.824566
SCF:0000674	AC:000577	Q9VGW6	Q9VBI1	Q9W2V7	6raz-assembly1.cif.gz	11_24	1	2	1	15.23	2.458	PDB_exact_pair_aggregate	0.2869	20_30	Q9VGW6	Q9VBI1	Q9W2V7	0.999877	0.99945	0.000427	1.0	0.004178	0.004177	0.710699	0.824566
SCF:0000675	AC:000578	P38121	P53840	P13382	8b9c-assembly1.cif.gz	11_24	1	1	0	27.532	2.163	PDB_exact_pair_aggregate	0.2879	20_30	P38121	P53840	P13382	0.001446	0.002583	-0.001137	0.0	0.004174	0.004174	0.396097	0.428017
SCF:0000676	AC:000578	P53840	P38121	Q04636	8b9c-assembly1.cif.gz	11_24	1	1	0	27.532	2.475	PDB_exact_pair_aggregate	0.2779	20_30	P53840	P38121	Q04636	0.999127	0.002583	0.996544	1.0	0.004203	0.004174	0.637197	0.428017
SCF:0000677	AC:000578	P53840	P38121	P24482	8b9c-assembly1.cif.gz	11_24	1	1	0	27.532	4.502	PDB_exact_pair_aggregate	0.2769	20_30	P53840	P38121	P24482	0.01973	0.002583	0.017147	1.0	0.004178	0.004174	0.580245	0.428017
SCF:0000678	AC:000578	P53840	P38121	P30665	8b9c-assembly1.cif.gz	11_24	1	1	0	27.532	2.158	PDB_exact_pair_aggregate	0.2573	20_30	P53840	P38121	P30665	0.002921	0.002583	0.000338	1.0	0.004178	0.004174	0.689713	0.428017
SCF:0000679	AC:000581	P25342	P32468	P32457	8pfh-assembly1.cif.gz	3_10	1	2	1	16.328	2.49	same_assembly_bridge	0.3592	30_40	P25342	P32468	P32457	0.99984	0.999817	2.3e-05	1.0	0.011925	0.011098	0.182619	0.297902
SCF:0000680	AC:000581	P32468	P25342	P32457	8pfh-assembly1.cif.gz	3_10	1	2	1	16.328	2.431	same_assembly_bridge	0.4199	40_50	P32468	P25342	P32457	0.999866	0.999817	4.9e-05	1.0	0.004182	0.011098	0.425313	0.297902
SCF:0000681	AC:000581	P32468	P25342	Q07657	8pfh-assembly1.cif.gz	3_10	1	2	1	16.328	2.433	PDB_exact_pair_aggregate	0.3429	30_40	P32468	P25342	Q07657	0.999777	0.999817	-4e-05	0.0	0.004176	0.011098	0.560162	0.297902
SCF:0000682	AC:000582	P68623	P07611	P16710	9uzo-assembly1.cif.gz	11_24	1	2	1	14.651	2.923	same_assembly_bridge	0.3267	30_40	P68623	P07611	P16710	0.000749	0.000376	0.000373	1.0	0.004174	0.004176	0.089227	0.085687
SCF:0000683	AC:000585	P16033	P12975	P14835	8am5-assembly1.cif.gz	11_24	1	1	0	54.559	2.39	PDB_exact_pair_aggregate	0.3617	30_40	P0A444	B8LEQ8	P14835	0.99092	0.01478	0.97614	1.0	0.061208	0.004219	0.334859	0.102532
SCF:0000684	AC:000587	A0A125YG13	S8GCU6	S8ETI9	9fi8-assembly1.cif.gz	11_24	1	2	1	18.222	2.037	PDB_exact_pair_aggregate	0.303	30_40	A0A125YG13	S8GCU6	S8ETI9	0.961687	0.954756	0.006931	1.0	0.004175	0.004174	0.085174	0.35241
SCF:0000685	AC:000587	S8GCU6	A0A125YG13	S8ERU3	9fi8-assembly1.cif.gz	11_24	1	2	1	18.222	3.409	PDB_exact_pair_aggregate	0.2969	20_30	S8GCU6	A0A125YG13	S8ERU3	0.602721	0.954756	-0.352035	0.0	0.004176	0.004174	0.499775	0.35241
SCF:0000686	AC:000588	P59763	A8HY43	A8I5A0	8kde-assembly1.cif.gz	11_24	1	1	0	14.24	2.602	PDB_exact_pair_aggregate	0.3305	30_40	P12240	A8HY43	A8I5A0	0.043418	0.944047	-0.900629	0.0	0.008831	0.004195	0.358451	0.012966
SCF:0000687	AC:000588	P59763	A8HY43	P12853	8kde-assembly1.cif.gz	11_24	1	1	0	14.24	2.409	PDB_exact_pair_aggregate	0.2963	20_30	P12240	A8HY43	P12853	0.499852	0.944047	-0.444195	0.0	0.004576	0.004195	0.015154	0.012966
SCF:0000688	AC:000591	O15527	Q71DI3	P62807	8vwt-assembly1.cif.gz	3_10	1	2	1	21.145	5.689	same_assembly_bridge	0.3	30_40	O15527	P02299	O23629	0.000639	0.021026	-0.020387	0.0	0.004188	0.004346	0.619902	0.499183
SCF:0000689	AC:000591	Q71DI3	O15527	P48431	8vwt-assembly1.cif.gz	3_10	1	2	1	21.145	4.97	PDB_exact_pair_aggregate	0.2607	20_30	P02299	O15527	P48431	0.999757	0.021026	0.978731	1.0	0.612245	0.004346	0.058946	0.499183
SCF:0000690	AC:000593	E9NPS7	I0YP72	I0YPL4	9kqp-assembly1.cif.gz	11_24	1	1	0	41.982	2.519	PDB_exact_pair_aggregate	0.4175	40_50	A0T0M8	A8ITV3	I0YPL4	0.995188	0.986401	0.008787	1.0	0.004189	0.02935	0.016348	0.415974
SCF:0000691	AC:000593	I0YP72	E9NPS7	E9NPS8	9kqp-assembly1.cif.gz	11_24	1	1	0	41.982	2.709	same_assembly_bridge	0.4948	40_50	A8ITV3	A0T0M8	T1RIQ1	0.999688	0.986401	0.013287	1.0	0.025876	0.02935	0.508271	0.415974
SCF:0000692	AC:000594	Q8N884	Q96KK5	Q99878	8ol1-assembly1.cif.gz	11_24	1	1	0	27.351	2.687	same_assembly_bridge	0.9922	ge50	Q8N884	P0C0S5	P0C0S5	0.99696	0.997005	-4.5e-05	0.0	0.004177	0.004177	0.475265	0.446903
SCF:0000693	AC:000594	Q8N884	Q96KK5	P04908	8ol1-assembly1.cif.gz	11_24	1	1	0	27.351	2.287	PDB_exact_pair_aggregate	0.9844	ge50	Q8N884	P0C0S5	P0C0S5	0.998991	0.997005	0.001986	1.0	0.004178	0.004177	0.394138	0.446903
SCF:0000694	AC:000594	Q8N884	Q96KK5	Q99877	8ol1-assembly1.cif.gz	11_24	1	1	0	27.351	2.732	PDB_exact_pair_aggregate	0.3871	30_40	Q8N884	P0C0S5	O23629	0.999154	0.997005	0.002149	1.0	0.004183	0.004177	0.402527	0.446903
SCF:0000695	AC:000595	D9PY02	Q50755	D9PY03	8rvv-assembly1.cif.gz	11_24	1	3	1	40.934	2.38	PDB_exact_pair_aggregate	0.335	30_40	D9PY02	Q50755	D9PY03	0.928022	0.992219	-0.064197	0.0	0.004178	0.004201	0.499249	0.499061
SCF:0000696	AC:000595	D9PY02	Q50755	D9PY04	8rvv-assembly1.cif.gz	11_24	1	3	1	40.934	2.606	PDB_exact_pair_aggregate	0.3069	30_40	D9PY02	Q50755	D9PY04	0.68154	0.992219	-0.310679	0.0	0.004203	0.004201	0.499149	0.499061
SCF:0000697	AC:000596	A0A2K9VKE4	A0A2K9VK93	A0A2K9VK89	9c39-assembly1.cif.gz	11_24	1	1	0	30.911	3.113	PDB_exact_pair_aggregate	0.3068	30_40	A0A2K9VKE4	A0A2K9VK93	A0A2K9VK89	0.984575	0.999632	-0.015057	0.0	0.004176	0.004177	0.295598	0.250148
SCF:0000698	AC:000596	A0A2K9VKE4	A0A2K9VK93	A0A2K9VK98	9c39-assembly1.cif.gz	11_24	1	1	0	30.911	2.282	same_assembly_bridge	0.2544	20_30	A0A2K9VKE4	A0A2K9VK93	A0A2K9VK98	0.999515	0.999632	-0.000117	0.0	0.004176	0.004177	0.208882	0.250148
SCF:0000699	AC:000597	A0A3Q7H1U4	A0A3Q7I881	A0A3Q7HJ03	7qix-assembly1.cif.gz	11_24	1	2	1	17.803	2.699	PDB_exact_pair_aggregate	0.2652	20_30	A0A3Q7H1U4	A0A3Q7I881	A0A3Q7HJ03	0.999931	0.999938	-7e-06	0.0	0.860263	0.099634	0.873399	0.765637
SCF:0000700	AC:000597	A0A3Q7I881	A0A3Q7H1U4	A0A3Q7H274	7qix-assembly1.cif.gz	11_24	1	2	1	17.803	4.188	PDB_exact_pair_aggregate	0.3043	30_40	A0A3Q7I881	A0A3Q7H1U4	P26321	0.999765	0.999938	-0.000173	0.0	0.004535	0.099634	0.692456	0.765637
SCF:0000701	AC:000598	Q9Y6J9	F2Z2U4	Q9Y4A5	7kts-assembly1.cif.gz	11_24	1	1	0	27.63	2.857	PDB_exact_pair_aggregate	0.9997	ge50	Q9Y6J9	F2Z2U4	F2Z2U4	0.093283	0.053387	0.039896	1.0				
SCF:0000702	AC:000599	P0A7S3	P0A707	P0A7V3	9ss0-assembly1.cif.gz	11_24	1	10	1	16.949	2.525	PDB_exact_pair_aggregate	0.3125	30_40	P21472	Q5SKU2	P80372	0.999944	0.999922	2.2e-05	1.0	0.170796	0.38692	0.860362	0.816915
SCF:0000703	AC:000599	P0A7S3	P0A707	P0A7V8	9ss0-assembly1.cif.gz	11_24	1	10	1	16.949	2.753	PDB_exact_pair_aggregate	0.3365	30_40	P21472	Q5SKU2	P80373	0.999935	0.999922	1.3e-05	1.0	0.658693	0.38692	0.857379	0.816915
SCF:0000704	AC:000599	P0A7S3	P0A707	P40711	9ss0-assembly1.cif.gz	11_24	1	10	1	16.949	2.55	PDB_exact_pair_aggregate	0.2903	20_30	P21472	Q5SKU2	P40711	0.999929	0.999922	7e-06	1.0	0.484614	0.38692	0.713044	0.816915
SCF:0000705	AC:000600	Q12025	P47133	P39543	6wb9-assembly1.cif.gz	3_10	1	3	1	71.663	2.544	PDB_exact_pair_aggregate	0.3425	30_40	Q12025	P47133	P39543	0.999264	0.998378	0.000886	1.0	0.004711	0.004178	0.683175	0.115727
SCF:0000706	AC:000601	A0A3Q7H1U4	A0A3Q7HSH1	A0A3Q7G7F0	7qix-assembly1.cif.gz	11_24	1	2	1	22.882	2.681	PDB_exact_pair_aggregate	0.3226	30_40	A0A3Q7H1U4	A0A3Q7HSH1	A0A3B6KRQ3	0.999948	0.99994	8e-06	1.0	0.964192	0.889569	0.825689	0.774599
SCF:0000707	AC:000602	Q12509	P04912	P61830	8qku-assembly1.cif.gz	11_24	1	2	1	16.529	2.674	PDB_exact_pair_aggregate	0.3059	30_40	Q12509	P0C0S5	P02299	0.995349	0.896411	0.098938	1.0	0.004179	0.004179	0.295827	0.664826
SCF:0000708	AC:000604	P0A7W7	P0A8A8	P0A7X3	7nau-assembly1.cif.gz	11_24	1	6	1	47.463	2.412	PDB_exact_pair_aggregate	0.2778	20_30	Q83ER2	P0A8A8	C3SRY2	0.999945	0.995935	0.00401	1.0	0.887472	0.042216	0.657082	0.376538
SCF:0000709	AC:000606	Q50296	P41205	Q50301	7ooc-assembly1.cif.gz	11_24	1	32	1	13.718	2.281	PDB_exact_pair_aggregate	0.3412	30_40	Q50296	P41205	Q50301	0.999947	0.999883	6.4e-05	1.0	0.888476	0.817249	0.478753	0.834583
SCF:0000710	AC:000607	P12239	Q7DGD4	P12240	7eda-assembly1.cif.gz	11_24	1	43	1	15.087	2.806	same_assembly_bridge	0.4091	40_50	P12239	Q7DGD4	P12240	0.994352	0.998049	-0.003697	0.0	0.004177	0.004268	0.485469	0.453683
SCF:0000711	AC:000607	Q7DGD4	P12239	P19054	7eda-assembly1.cif.gz	11_24	1	43	1	15.087	3.031	PDB_exact_pair_aggregate	0.4231	40_50	Q7DGD4	P12239	P19054	0.986558	0.998049	-0.011491	0.0	0.005538	0.004268	0.477216	0.453683
SCF:0000712	AC:000608	M2X090	M2X4U9	M2VTV2	9kc5-assembly1.cif.gz	11_24	1	1	0	37.807	3.481	same_assembly_bridge	0.5028	ge50	M2X090	M2X4U9	M2VTV2	0.999917	0.999837	8e-05	1.0	0.004184	0.004181	0.636229	0.209164
SCF:0000713	AC:000608	M2X4U9	M2X090	M2VTV2	9kc5-assembly1.cif.gz	11_24	1	1	0	37.807	2.681	same_assembly_bridge	0.5674	ge50	M2X4U9	M2X090	M2VTV2	0.999827	0.999837	-1e-05	0.0	0.971558	0.004181	0.679502	0.209164
SCF:0000714	AC:000608	M2X4U9	M2X090	M2Y652	9kc5-assembly1.cif.gz	11_24	1	1	0	37.807	2.759	PDB_exact_pair_aggregate	0.466	40_50	M2X4U9	M2X090	M2VTV2	0.999735	0.999837	-0.000102	0.0	0.004241	0.004181	0.668393	0.209164
SCF:0000715	AC:000610	A0A2K1IAD0	A0A2K1J0L9	A9RT62	6l35-assembly1.cif.gz	11_24	1	2	1	47.16	2.638	PDB_exact_pair_aggregate	0.2703	20_30	A8IL32	Q9SHE8	A9RT62	0.998431	0.994955	0.003476	1.0	0.037451	0.566777	0.602905	0.487496
SCF:0000716	AC:000611	P39682	P40018	Q02260	7oqc-assembly1.cif.gz	11_24	1	8	1	17.508	2.84	PDB_exact_pair_aggregate	0.2661	20_30	P39682	P40018	Q02260	0.99958	0.999456	0.000124	1.0	0.004215	0.028386	0.784819	0.706173
SCF:0000717	AC:000611	P40018	P39682	Q04048	7oqc-assembly1.cif.gz	11_24	1	8	1	17.508	3.011	PDB_exact_pair_aggregate	0.3224	30_40	P40018	P39682	Q04048	0.998595	0.999456	-0.000861	0.0	0.916705	0.028386	0.721563	0.706173
SCF:0000718	AC:000611	P40018	P39682	P53207	7oqc-assembly1.cif.gz	11_24	1	8	1	17.508	2.416	PDB_exact_pair_aggregate	0.2714	20_30	P40018	P39682	P53207	0.00054	0.999456	-0.998916	0.0	0.00773	0.028386	0.553859	0.706173
SCF:0000719	AC:000612	Q23FU1	Q240X9	Q1HGH8	6zyw-assembly1.cif.gz	11_24	1	1	0	96.871	1.883	PDB_exact_pair_aggregate	0.2759	20_30	Q23FU1	Q240X9	Q1HGH8	0.016467	0.000766	0.015701	1.0	0.011076	0.004225	0.042051	0.034874
SCF:0000720	AC:000612	Q23FU1	Q240X9	Q1HFV9	6zyw-assembly1.cif.gz	11_24	1	1	0	96.871	2.926	PDB_exact_pair_aggregate	0.2466	20_30	Q23FU1	Q240X9	Q24DI9	0.004631	0.000766	0.003865	1.0	0.004175	0.004225	0.122006	0.034874
SCF:0000721	AC:000613	A0A4V8GZZ2	A0A4V8H004	A0A4V8GZZ8	6igz-assembly1.cif.gz	11_24	1	1	0	32.594	2.217	PDB_exact_pair_aggregate	0.399	30_40	A0T0M8	A0A4V8H004	I0YPL4	0.999817	0.998309	0.001508	1.0	0.004507	0.063104	0.070199	0.329075
SCF:0000722	AC:000613	A0A4V8H004	A0A4V8GZZ2	A0A4V8H003	6igz-assembly1.cif.gz	11_24	1	1	0	32.594	3.206	same_assembly_bridge	0.4963	40_50	A0A4V8H004	A0T0M8	T1RIQ1	0.999784	0.998309	0.001475	1.0	0.024463	0.063104	0.363347	0.329075
SCF:0000723	AC:000615	A0A2K3CXW8	A8IJY7	A8INX1	7ekq-assembly1.cif.gz	11_24	1	1	0	44.875	2.429	same_assembly_bridge	0.2961	20_30	A0A2K3CXW8	A8IJY7	A8INX1	0.999643	0.00257	0.997073	1.0	0.00418	0.077481	0.386992	0.285317
SCF:0000724	AC:000616	A0A4X1VM56	A0A8D0JYF1	A0A4X1TRS6	8wat-assembly1.cif.gz	11_24	1	4	1	60.488	2.084	PDB_exact_pair_aggregate	1.0	ge50	Q9VEA5	A0A4X1TRS6	A0A4X1TRS6	0.99994	0.99994	0.0	0.5	0.028523	0.028523	0.512165	0.512165
SCF:0000725	AC:000616	A0A8D0JYF1	A0A4X1VM56	A0A287ADR4	8wat-assembly1.cif.gz	11_24	1	4	1	60.488	2.35	PDB_exact_pair_aggregate	1.0	ge50	A0A4X1TRS6	Q9VEA5	A0A8D1GCS3	0.999854	0.99994	-8.6e-05	0.0	0.004185	0.028523	0.348035	0.512165
SCF:0000726	AC:000616	A0A8D0JYF1	A0A4X1VM56	Q6NXT2	8wat-assembly1.cif.gz	11_24	1	4	1	60.488	3.701	PDB_exact_pair_aggregate	0.3295	30_40	A0A4X1TRS6	Q9VEA5	P02299	0.999851	0.99994	-8.9e-05	0.0	0.004178	0.028523	0.000199	0.512165
SCF:0000727	AC:000616	A0A8D0JYF1	A0A4X1VM56	A0A4X1VEK9	8wat-assembly1.cif.gz	11_24	1	4	1	60.488	2.684	PDB_exact_pair_aggregate	0.2857	20_30	A0A4X1TRS6	Q9VEA5	A0A4X1VEK9	0.999949	0.99994	9e-06	1.0	0.734621	0.028523	0.731589	0.512165
SCF:0000728	AC:000617	A0QS96	A0QS97	A0QSG1	6dzk-assembly1.cif.gz	11_24	1	19	1	40.119	3.041	PDB_exact_pair_aggregate	0.2979	20_30	P21472	P17291	P62399	0.999934	0.999934	0.0	0.5	0.316868	0.51972	0.866289	0.842814
SCF:0000729	AC:000617	A0QS97	A0QS96	A0QSP9	6dzk-assembly1.cif.gz	11_24	1	19	1	40.119	2.357	PDB_exact_pair_aggregate	0.297	20_30	P17291	P21472	A0QSP9	0.999943	0.999934	9e-06	1.0	0.865247	0.51972	0.006861	0.842814
SCF:0000730	AC:000618	O15212	P17987	P50991	6nrb-assembly1.cif.gz	11_24	1	3	1	23.471	2.714	same_assembly_bridge	0.3472	30_40	O15212	Q32L40	P50991	0.999879	0.999904	-2.5e-05	0.0	0.004183	0.004182	0.49921	0.67043
SCF:0000731	AC:000618	O15212	P17987	P50990	6nrb-assembly1.cif.gz	11_24	1	3	1	23.471	2.617	PDB_exact_pair_aggregate	0.3449	30_40	O15212	Q32L40	Q3ZCI9	0.999853	0.999904	-5.1e-05	0.0	0.004193	0.004182	0.334621	0.67043
SCF:0000732	AC:000618	P17987	O15212	O60925	6nrb-assembly1.cif.gz	11_24	1	3	1	23.471	2.929	PDB_exact_pair_aggregate	0.2778	20_30	Q32L40	O15212	O60925	0.999882	0.999904	-2.2e-05	0.0	0.008985	0.004182	0.796251	0.67043
SCF:0000733	AC:000619	A0A836CVU8	A0A6P3ED73	D4P8H6	8bf9-assembly1.cif.gz	11_24	1	1	0	16.44	2.324	PDB_exact_pair_aggregate	0.3297	30_40	A0A836CVU8	A0A6P3ED73	P62750	0.99994	0.999942	-2e-06	0.0	0.768044	0.926963	0.789782	0.647638
SCF:0000734	AC:000620	P13165	P23993	P13192	7ewk-assembly1.cif.gz	11_24	1	2	1	16.302	2.253	PDB_exact_pair_aggregate	0.3116	30_40	E9NPX1	A8IL32	Q9SHE8	0.057128	0.828507	-0.771379	0.0	0.004268	0.595806	0.444294	0.515658
SCF:0000735	AC:000620	P23993	P13165	S4Z1D9	7ewk-assembly1.cif.gz	11_24	1	2	1	16.302	3.382	PDB_exact_pair_aggregate	1.0	ge50	A8IL32	E9NPX1	E9NPX1	0.425738	0.828507	-0.402769	0.0	0.595807	0.595806	0.515659	0.515658
SCF:0000736	AC:000623	B6YWB9	B6YWC1	B6YWC2	6mus-assembly1.cif.gz	3_10	1	8	1	16.072	2.078	PDB_exact_pair_aggregate	0.3048	30_40	B6YWB9	B6YWC1	B6YWC2	0.302154	0.983545	-0.681391	0.0	0.004179	0.004182	0.416547	0.493705
SCF:0000737	AC:000624	Q9TM20	Q9TM46	Q9TM47	4yuu-assembly1.cif.gz	11_24	1	1	0	15.511	2.298	same_assembly_bridge	0.3074	30_40	Q8DIP0	D0VWR7	D0VWR8	0.651722	0.998411	-0.346689	0.0	0.005618	0.153139	0.128092	0.42683
SCF:0000738	AC:000624	Q9TM20	Q9TM46	O19895	4yuu-assembly1.cif.gz	11_24	1	1	0	15.511	2.522	PDB_exact_pair_aggregate	0.3056	30_40	Q8DIP0	D0VWR7	P0A444	0.416162	0.998411	-0.582249	0.0	0.005299	0.153139	0.189131	0.42683
SCF:0000739	AC:000625	A0A3B6IU74	W5FPA7	W5BFB7	8r6f-assembly1.cif.gz	11_24	1	3	1	23.824	2.733	PDB_exact_pair_aggregate	0.265	20_30	A0A3Q7I881	O15612	W5BFB7	0.999913	0.999927	-1.4e-05	0.0	0.673561	0.446674	0.59872	0.802667
SCF:0000740	AC:000626	Q248F8	Q24I09	W7X4J9	8b6g-assembly1.cif.gz	11_24	1	4	1	30.615	2.319	PDB_exact_pair_aggregate	0.321	30_40	Q248F8	Q24I09	W7X4J9	0.075303	0.000622	0.074681	1.0	0.004181	0.004184	0.129724	0.035451
SCF:0000741	AC:000626	Q248F8	Q24I09	I7MIE0	8b6g-assembly1.cif.gz	11_24	1	4	1	30.615	2.402	PDB_exact_pair_aggregate	0.2976	20_30	Q248F8	Q24I09	I7MIE0	0.080418	0.000622	0.079796	1.0	0.004181	0.004184	0.377086	0.035451
SCF:0000742	AC:000626	Q248F8	Q24I09	I7MEX7	8b6g-assembly1.cif.gz	11_24	1	4	1	30.615	2.976	PDB_exact_pair_aggregate	0.2824	20_30	Q248F8	Q24I09	I7MEX7	0.006133	0.000622	0.005511	1.0	0.004184	0.004184	0.27188	0.035451
SCF:0000743	AC:000627	A0A1D5SLI4	A0A3B6RHV8	A0A3B6PK86	8r6f-assembly1.cif.gz	11_24	1	1	0	40.291	2.27	PDB_exact_pair_aggregate	0.9416	ge50	P62701	A0A3Q7I5D6	A0A3Q7I5D6	0.999943	0.999943	0.0	0.5	0.922037	0.893517	0.7741	0.750481
SCF:0000744	AC:000628	P04911	P31376	P53946	9b1e-assembly1.cif.gz	11_24	1	1	0	12.787	2.606	PDB_exact_pair_aggregate	0.2885	20_30	P0C0S5	P31376	P53946	0.999405	0.995667	0.003738	1.0	0.004179	0.004298	0.20306	0.095112
SCF:0000745	AC:000628	P04911	P31376	Q03388	9b1e-assembly1.cif.gz	11_24	1	1	0	12.787	2.328	PDB_exact_pair_aggregate	0.2808	20_30	P0C0S5	P31376	Q03388	0.997798	0.995667	0.002131	1.0	0.0042	0.004298	0.125882	0.095112
SCF:0000746	AC:000628	P04911	P31376	P53298	9b1e-assembly1.cif.gz	11_24	1	1	0	12.787	2.343	PDB_exact_pair_aggregate	0.2698	20_30	P0C0S5	P31376	P53298	0.9855	0.995667	-0.010167	0.0	0.004179	0.004298	0.101415	0.095112
SCF:0000747	AC:000628	P31376	P04911	P02299	9b1e-assembly1.cif.gz	11_24	1	1	0	12.787	3.334	PDB_exact_pair_aggregate	0.3372	30_40	P31376	P0C0S5	P02299	0.999276	0.995667	0.003609	1.0	0.004188	0.004298	0.266742	0.095112
SCF:0000748	AC:000631	Q5SHR1	P0DOY7	Q5SHN3	8wrc-assembly1.cif.gz	11_24	1	10	1	48.553	2.273	same_assembly_bridge	0.3623	30_40	Q5SHR1	P0DOY7	P21472	0.999927	0.992778	0.007149	1.0	0.442946	0.362861	0.009873	0.536138
SCF:0000749	AC:000631	Q5SHR1	P0DOY7	P0A7S3	8wrc-assembly1.cif.gz	11_24	1	10	1	48.553	1.425	PDB_exact_pair_aggregate	0.2625	20_30	Q5SHR1	P0DOY7	P21472	0.999883	0.992778	0.007105	1.0	0.399752	0.362861	9.6e-05	0.536138
SCF:0000750	AC:000632	Q91VD9	Q9DC70	Q9D6J6	8xny-assembly1.cif.gz	11_24	1	43	1	8.177	2.34	PDB_exact_pair_aggregate	0.2812	20_30	Q91VD9	Q9DC70	Q9D6J6	0.999048	0.999604	-0.000556	0.0	0.946883	0.734313	0.759879	0.79064
SCF:0000751	AC:000633	A8IL32	Q75VY6	Q75VY7	6ijj-assembly1.cif.gz	11_24	1	14	1	34.395	2.503	PDB_exact_pair_aggregate	0.514	ge50	A8IL32	A0A4V8H000	Q84Y02	0.993315	0.994262	-0.000947	0.0	0.249313	0.008302	0.670459	0.664379
SCF:0000752	AC:000633	A8IL32	Q75VY6	A8ITV3	6ijj-assembly1.cif.gz	11_24	1	14	1	34.395	3.146	PDB_exact_pair_aggregate	0.4872	40_50	A8IL32	A0A4V8H000	A8ITV3	0.998241	0.994262	0.003979	1.0	0.078508	0.008302	0.571741	0.664379
SCF:0000753	AC:000633	Q75VY6	A8IL32	Q93WL4	6ijj-assembly1.cif.gz	11_24	1	14	1	34.395	2.658	PDB_exact_pair_aggregate	0.3411	30_40	A0A4V8H000	A8IL32	A9RT62	0.999927	0.994262	0.005665	1.0	0.004783	0.008302	0.764855	0.664379
SCF:0000754	AC:000633	Q75VY6	A8IL32	Q75VY8	6ijj-assembly1.cif.gz	11_24	1	14	1	34.395	2.328	PDB_exact_pair_aggregate	0.292	20_30	A0A4V8H000	A8IL32	Q75VY8	0.999937	0.994262	0.005675	1.0	0.030367	0.008302	0.754162	0.664379
SCF:0000755	AC:000634	P06899	P61218	P0C0S5	8xrj-assembly1.cif.gz	11_24	1	2	1	53.454	1.85	PDB_exact_pair_aggregate	0.3971	30_40	O23629	A0A4X1VEK9	P0C0S5	0.999786	0.999715	7.1e-05	1.0	0.941847	0.037737	0.720433	0.726389
SCF:0000756	AC:000634	P06899	P61218	P0C0S8	8xrj-assembly1.cif.gz	11_24	1	2	1	53.454	2.186	PDB_exact_pair_aggregate	0.3562	30_40	O23629	A0A4X1VEK9	P0C0S5	0.999605	0.999715	-0.00011	0.0	0.969198	0.037737	0.759773	0.726389
SCF:0000757	AC:000634	P06899	P61218	P04908	8xrj-assembly1.cif.gz	11_24	1	2	1	53.454	1.329	PDB_exact_pair_aggregate	0.3425	30_40	O23629	A0A4X1VEK9	P0C0S5	0.999608	0.999715	-0.000107	0.0	0.97003	0.037737	0.741984	0.726389
SCF:0000758	AC:000634	P61218	P06899	O75575	8xrj-assembly1.cif.gz	11_24	1	2	1	53.454	2.362	PDB_exact_pair_aggregate	0.2727	20_30	A0A4X1VEK9	O23629	O75575	0.999917	0.999715	0.000202	1.0	0.216141	0.037737	0.777062	0.726389
SCF:0000759	AC:000636	A8INX1	A8IS47	A8IL21	7ekq-assembly1.cif.gz	11_24	1	2	1	34.132	2.307	PDB_exact_pair_aggregate	0.3636	30_40	A8INX1	A8IS47	A8IL21	0.999922	0.999927	-5e-06	0.0	0.783718	0.870837	0.669093	0.69272
SCF:0000760	AC:000636	A8INX1	A8IS47	A8IJ60	7ekq-assembly1.cif.gz	11_24	1	2	1	34.132	2.596	PDB_exact_pair_aggregate	0.3279	30_40	A8INX1	A8IS47	A8IJ60	0.999913	0.999927	-1.4e-05	0.0	0.804441	0.870837	0.808312	0.69272
SCF:0000761	AC:000636	A8INX1	A8IS47	A0A2K3CXW8	7ekq-assembly1.cif.gz	11_24	1	2	1	34.132	2.127	PDB_exact_pair_aggregate	0.2927	20_30	A8INX1	A8IS47	A0A2K3CXW8	0.999643	0.999927	-0.000284	0.0	0.00418	0.870837	0.386992	0.69272
SCF:0000762	AC:000636	A8IS47	A8INX1	A8IL21	7ekq-assembly1.cif.gz	11_24	1	2	1	34.132	2.78	PDB_exact_pair_aggregate	0.3675	30_40	A8IS47	A8INX1	A8IL21	0.999901	0.999927	-2.6e-05	0.0	0.829607	0.870837	0.70038	0.69272
SCF:0000763	AC:000636	A8IS47	A8INX1	A8IJ60	7ekq-assembly1.cif.gz	11_24	1	2	1	34.132	2.224	PDB_exact_pair_aggregate	0.3667	30_40	A8IS47	A8INX1	A8IJ60	0.999872	0.999927	-5.5e-05	0.0	0.908391	0.870837	0.698392	0.69272
SCF:0000764	AC:000636	A8IS47	A8INX1	A8IXD6	7ekq-assembly1.cif.gz	11_24	1	2	1	34.132	2.4	PDB_exact_pair_aggregate	0.3111	30_40	A8IS47	A8INX1	A8IXD6	0.999863	0.999927	-6.4e-05	0.0	0.004207	0.870837	0.169244	0.69272
SCF:0000765	AC:000639	A8IFG7	Q05093	Q75VY7	7zqc-assembly1.cif.gz	11_24	1	14	1	39.45	6.626	same_assembly_bridge	0.5343	ge50	A8IFG7	Q7DM26	Q84Y02	0.997642	0.998528	-0.000886	0.0	0.004338	0.004306	0.084379	0.102309
SCF:0000766	AC:000639	A8IFG7	Q05093	Q84Y02	7zqc-assembly1.cif.gz	11_24	1	14	1	39.45	2.748	PDB_exact_pair_aggregate	0.5	ge50	A8IFG7	Q7DM26	Q84Y02	0.998225	0.998528	-0.000303	0.0	0.004345	0.004306	0.068569	0.102309
SCF:0000767	AC:000639	Q05093	A8IFG7	P12352	7zqc-assembly1.cif.gz	11_24	1	14	1	39.45	2.606	PDB_exact_pair_aggregate	0.2353	20_30	Q7DM26	A8IFG7	A0A4V8H007	0.998331	0.998528	-0.000197	0.0	0.004407	0.004306	0.140956	0.102309
SCF:0000768	AC:000641	I0YQ46	I0Z2Y0	I0Z7A7	9kqp-assembly1.cif.gz	11_24	1	2	1	40.818	3.805	PDB_exact_pair_aggregate	0.5773	ge50	Q84Y02	Q75VY8	Q75VY8	0.999929	0.999905	2.4e-05	1.0	0.03111	0.160536	0.714106	0.71366
SCF:0000769	AC:000641	I0YQ46	I0Z2Y0	I0YQ44	9kqp-assembly1.cif.gz	11_24	1	2	1	40.818	2.654	PDB_exact_pair_aggregate	0.5247	ge50	Q84Y02	Q75VY8	Q84Y02	0.999939	0.999905	3.4e-05	1.0	0.144606	0.160536	0.726297	0.71366
SCF:0000770	AC:000641	I0YQ46	I0Z2Y0	I0YQ45	9kqp-assembly1.cif.gz	11_24	1	2	1	40.818	2.733	PDB_exact_pair_aggregate	0.4976	40_50	Q84Y02	Q75VY8	Q7DM26	0.999933	0.999905	2.8e-05	1.0	0.045745	0.160536	0.74158	0.71366
SCF:0000771	AC:000641	I0Z2Y0	I0YQ46	I0Z7A6	9kqp-assembly1.cif.gz	11_24	1	2	1	40.818	2.593	PDB_exact_pair_aggregate	0.5067	ge50	Q75VY8	Q84Y02	Q75VY8	0.999925	0.999905	2e-05	1.0	0.261117	0.160536	0.748401	0.71366
SCF:0000772	AC:000641	I0Z2Y0	I0YQ46	I0YPL4	9kqp-assembly1.cif.gz	11_24	1	2	1	40.818	2.731	PDB_exact_pair_aggregate	0.4324	40_50	Q75VY8	Q84Y02	I0YPL4	0.999904	0.999905	-1e-06	0.0	0.004226	0.160536	0.477908	0.71366
SCF:0000773	AC:000642	E9NPS7	I0YP76	I0YPL4	9kqp-assembly1.cif.gz	11_24	1	1	0	29.282	2.519	PDB_exact_pair_aggregate	0.434	40_50	A0T0M8	A0A4V8H004	I0YPL4	0.995188	0.964688	0.0305	1.0	0.004189	0.029241	0.016348	0.052005
SCF:0000774	AC:000642	I0YP76	E9NPS7	E9NPS8	9kqp-assembly1.cif.gz	11_24	1	1	0	29.282	3.12	same_assembly_bridge	0.4948	40_50	A0A4V8H004	A0T0M8	T1RIQ1	0.998384	0.964688	0.033696	1.0	0.027703	0.029241	0.15395	0.052005
SCF:0000775	AC:000643	A0A3Q7G7F0	A0A3Q7HSH1	A0A3Q7FNQ5	7qix-assembly1.cif.gz	11_24	1	2	1	44.47	2.773	PDB_exact_pair_aggregate	0.2769	20_30	A0A3B6KRQ3	A0A3Q7HSH1	A0A3Q7FNQ5	0.999946	0.999948	-2e-06	0.0	0.941261	0.899807	0.768648	0.849865
SCF:0000776	AC:000644	A1B4F2	A1B3D7	A1B4F3	9fks-assembly1.cif.gz	11_24	1	5	1	14.037	2.428	PDB_exact_pair_aggregate	0.3439	30_40	A1B4F2	A1B3D7	A1B4F3	0.999295	0.999786	-0.000491	0.0	0.05783	0.067279	0.71587	0.696187
SCF:0000777	AC:000646	P50991	Q9UHV9	Q9NQP4	6nrb-assembly1.cif.gz	11_24	1	3	1	27.14	2.238	PDB_exact_pair_aggregate	0.2967	20_30	P50991	Q9UHV9	Q9NQP4	0.999905	0.999929	-2.4e-05	0.0	0.004445	0.004344	0.791117	0.202277
SCF:0000778	AC:000646	P50991	Q9UHV9	Q99471	6nrb-assembly1.cif.gz	11_24	1	3	1	27.14	5.295	same_assembly_bridge	0.2785	20_30	P50991	Q9UHV9	Q99471	0.999899	0.999929	-3e-05	0.0	0.004182	0.004344	0.561092	0.202277
SCF:0000779	AC:000646	P50991	Q9UHV9	O15212	6nrb-assembly1.cif.gz	11_24	1	3	1	27.14	2.137	PDB_exact_pair_aggregate	0.2202	20_30	P50991	Q9UHV9	O15212	0.999879	0.999929	-5e-05	0.0	0.004183	0.004344	0.49921	0.202277
SCF:0000780	AC:000646	Q9UHV9	P50991	P40227	6nrb-assembly1.cif.gz	11_24	1	3	1	27.14	2.763	PDB_exact_pair_aggregate	0.3224	30_40	Q9UHV9	P50991	P40227	0.999897	0.999929	-3.2e-05	0.0	0.004295	0.004344	0.270296	0.202277
SCF:0000781	AC:000647	E9NPS7	I0Z2Y0	I0YPL4	9kqp-assembly1.cif.gz	11_24	1	2	1	28.769	2.519	same_assembly_bridge	0.4279	40_50	A0T0M8	Q75VY8	I0YPL4	0.995188	0.99523	-4.2e-05	0.0	0.004189	0.066387	0.016348	0.454726
SCF:0000782	AC:000647	E9NPS7	I0Z2Y0	I0Z7V3	9kqp-assembly1.cif.gz	11_24	1	2	1	28.769	2.471	PDB_exact_pair_aggregate	0.3388	30_40	A0T0M8	Q75VY8	P12356	0.601199	0.99523	-0.394031	0.0	0.006632	0.066387	0.229185	0.454726
SCF:0000783	AC:000648	P12352	Q84Y02	Q05093	7bgi-assembly1.cif.gz	11_24	1	10	1	26.911	2.606	PDB_exact_pair_aggregate	0.5	ge50	A0A4V8H007	Q84Y02	Q7DM26	0.998331	0.575601	0.42273	1.0	0.004407	0.004364	0.140956	0.086447
SCF:0000784	AC:000648	Q84Y02	P12352	A8IFG7	7bgi-assembly1.cif.gz	11_24	1	10	1	26.911	2.748	PDB_exact_pair_aggregate	0.2353	20_30	Q84Y02	A0A4V8H007	A8IFG7	0.998225	0.575601	0.422624	1.0	0.004345	0.004364	0.068569	0.086447
SCF:0000785	AC:000649	A0A1B1W4Z4	Q9XI73	Q2V2S7	7wff-assembly1.cif.gz	11_24	1	2	1	8.635	3.535	PDB_exact_pair_aggregate	0.2971	20_30	A0A1B1W4Z4	Q9XI73	Q2V2S7	0.0002	0.995908	-0.995708	0.0	0.004191	0.004201	0.056441	0.394258
SCF:0000786	AC:000651	E3UIU1	M2Y652	M2XR49	9kc5-assembly1.cif.gz	11_24	1	1	0	49.919	3.395	PDB_exact_pair_aggregate	0.533	ge50	T1RIQ1	M2VTV2	M2XR49	0.998534	0.996947	0.001587	1.0	0.004286	0.024629	0.084189	0.465523
SCF:0000787	AC:000651	E3UIU1	M2Y652	M2XW22	9kc5-assembly1.cif.gz	11_24	1	1	0	49.919	2.588	PDB_exact_pair_aggregate	0.3413	30_40	T1RIQ1	M2VTV2	M2XW22	0.99921	0.996947	0.002263	1.0	0.004484	0.024629	0.418655	0.465523
SCF:0000788	AC:000651	M2Y652	E3UIU1	E3UIU0	9kc5-assembly1.cif.gz	11_24	1	1	0	49.919	4.003	same_assembly_bridge	0.5156	ge50	M2VTV2	T1RIQ1	A0T0M8	0.998031	0.996947	0.001084	1.0	0.034417	0.024629	0.327839	0.465523
SCF:0000789	AC:000657	O15212	P78371	P50991	6nrb-assembly1.cif.gz	11_24	1	3	1	10.53	2.714	same_assembly_bridge	0.336	30_40	O15212	Q3ZBH0	P50991	0.999879	0.999892	-1.3e-05	0.0	0.004183	0.00419	0.49921	0.665174
SCF:0000790	AC:000657	O15212	P78371	P50990	6nrb-assembly1.cif.gz	11_24	1	3	1	10.53	2.617	PDB_exact_pair_aggregate	0.3061	30_40	O15212	Q3ZBH0	Q3ZCI9	0.999853	0.999892	-3.9e-05	0.0	0.004193	0.00419	0.334621	0.665174
SCF:0000791	AC:000661	Q15019	Q16181	Q14141	7m6j-assembly1.cif.gz	3_10	1	2	1	21.509	2.557	same_assembly_bridge	0.4201	40_50	Q15019	Q16181	Q14141	0.999905	0.999932	-2.7e-05	0.0	0.022377	0.013023	0.505108	0.625278
SCF:0000792	AC:000661	Q16181	Q15019	Q14141	7m6j-assembly1.cif.gz	3_10	1	2	1	21.509	1.991	same_assembly_bridge	0.4371	40_50	Q16181	Q15019	Q14141	0.999915	0.999932	-1.7e-05	0.0	0.004918	0.013023	0.38939	0.625278
SCF:0000793	AC:000664	P13192	Q43485	Q9LKC7	7ew6-assembly1.cif.gz	11_24	1	1	0	8.073	3.213	PDB_exact_pair_aggregate	0.5346	ge50	Q9SHE8	F2D0D5	Q84Y02	0.999062	0.999219	-0.000157	0.0	0.016995	0.006409	0.638214	0.629349
SCF:0000794	AC:000664	P13192	Q43485	F2CW18	7ew6-assembly1.cif.gz	11_24	1	1	0	8.073	2.971	same_assembly_bridge	0.4758	40_50	Q9SHE8	F2D0D5	Q84Y02	0.999636	0.999219	0.000417	1.0	0.004184	0.006409	0.634258	0.629349
SCF:0000795	AC:000665	F4JYR0	O22993	F4KF14	8xku-assembly1.cif.gz	11_24	1	2	1	67.775	2.293	PDB_exact_pair_aggregate	0.3673	30_40	F4JYR0	O22993	F4KF14	0.029536	0.003292	0.026244	1.0	0.004177	0.004177	0.043091	0.049465
SCF:0000796	AC:000665	F4JYR0	O22993	Q9SAJ3	8xku-assembly1.cif.gz	11_24	1	2	1	67.775	2.268	PDB_exact_pair_aggregate	0.3284	30_40	F4JYR0	O22993	Q9SAJ3	0.040097	0.003292	0.036805	1.0	0.004177	0.004177	0.020055	0.049465
SCF:0000797	AC:000665	F4JYR0	O22993	F4J3N2	8xku-assembly1.cif.gz	11_24	1	2	1	67.775	2.433	same_assembly_bridge	0.2768	20_30	F4JYR0	O22993	F4J3N2	0.000968	0.003292	-0.002324	0.0	0.004175	0.004177	0.03246	0.049465
SCF:0000798	AC:000666	Q8DJ02	Q8DKF4	Q8DKY0	6tjv-assembly1.cif.gz	11_24	1	1	0	42.673	2.34	PDB_exact_pair_aggregate	0.386	30_40	P56751	Q8DKF4	P26288	0.999546	0.220818	0.778728	1.0	0.005238	0.004379	0.6755	0.63037
SCF:0000799	AC:000666	Q8DJ02	Q8DKF4	Q8DMR6	6tjv-assembly1.cif.gz	11_24	1	1	0	42.673	3.375	same_assembly_bridge	0.3251	30_40	P56751	Q8DKF4	Q8DMR6	0.876035	0.220818	0.655217	1.0	0.004323	0.004379	0.556286	0.63037
SCF:0000800	AC:000667	A0A1S3YU01	A0A1S3X147	A0A1S3ZQT7	8wa1-assembly1.cif.gz	11_24	1	1	0	69.448	2.499	PDB_exact_pair_aggregate	0.9698	ge50	A0A1S3YU01	A0A1S3ZQT7	A0A1S3ZQT7	0.000239	0.000241	-2e-06	0.0	0.004176	0.004176	0.199845	0.143762
SCF:0000801	AC:000667	A0A1S3YU01	A0A1S3X147	A0A1S4CE74	8wa1-assembly1.cif.gz	11_24	1	1	0	69.448	3.33	PDB_exact_pair_aggregate	0.2555	20_30	A0A1S3YU01	A0A1S3ZQT7	A0A9R0JBX6	0.002905	0.000241	0.002664	1.0	0.004177	0.004176	0.248205	0.143762
SCF:0000802	AC:000669	A0A125YG13	A0A125YMK3	S8GU15	9fi8-assembly1.cif.gz	11_24	1	2	1	9.417	2.445	PDB_exact_pair_aggregate	0.3616	30_40	A0A125YG13	A0A125YMK3	S8GU15	0.59977	0.43321	0.16656	1.0	0.004178	0.004178	0.167695	0.499673
SCF:0000803	AC:000669	A0A125YG13	A0A125YMK3	S8F4G4	9fi8-assembly1.cif.gz	11_24	1	2	1	9.417	2.966	PDB_exact_pair_aggregate	0.319	30_40	A0A125YG13	A0A125YMK3	S8F4G4	0.996382	0.43321	0.563172	1.0	0.004174	0.004178	0.166975	0.499673
SCF:0000804	AC:000670	I7MHB1	Q24DI9	Q1HFV9	6zyw-assembly1.cif.gz	11_24	1	1	0	43.152	2.443	PDB_exact_pair_aggregate	1.0	ge50	I7MHB1	Q24DI9	Q24DI9	0.0076	0.0076	0.0	0.5	0.004175	0.004175	0.328712	0.328712
SCF:0000805	AC:000670	I7MHB1	Q24DI9	Q1HFW2	6zyw-assembly1.cif.gz	11_24	1	1	0	43.152	2.238	PDB_exact_pair_aggregate	0.3625	30_40	I7MHB1	Q24DI9	Q1HFW2	0.032213	0.0076	0.024613	1.0	0.004177	0.004175	0.069927	0.328712
SCF:0000806	AC:000670	I7MHB1	Q24DI9	A4VE64	6zyw-assembly1.cif.gz	11_24	1	1	0	43.152	4.316	PDB_exact_pair_aggregate	0.3625	30_40	I7MHB1	Q24DI9	Q1HFW2	0.025191	0.0076	0.017591	1.0	0.004177	0.004175	0.069927	0.328712
SCF:0000807	AC:000671	Q03799	P36056	P48237	8d8j-assembly1.cif.gz	11_24	1	2	1	31.557	2.281	PDB_exact_pair_aggregate	0.2477	20_30	Q03799	P36056	P48237	0.005873	0.999722	-0.993849	0.0	0.004176	0.004175	0.265362	0.555913
SCF:0000808	AC:000672	C1K003	D0FXV2	D0FXZ0	6sl5-assembly1.cif.gz	11_24	1	2	1	18.761	4.205	same_assembly_bridge	0.5	ge50	Q7DM26	A0T0M8	T1RIQ1	0.999846	0.999709	0.000137	1.0	0.016795	0.014967	0.199192	0.26143
SCF:0000809	AC:000672	D0FXV2	C1K003	C1K004	6sl5-assembly1.cif.gz	11_24	1	2	1	18.761	2.611	PDB_exact_pair_aggregate	0.4151	40_50	A0T0M8	Q7DM26	I0YPL4	0.99929	0.999709	-0.000419	0.0	0.026267	0.014967	0.397087	0.26143
SCF:0000810	AC:000672	D0FXV2	C1K003	A0A6I8WFT8	6sl5-assembly1.cif.gz	11_24	1	2	1	18.761	2.339	PDB_exact_pair_aggregate	0.36	30_40	A0T0M8	Q7DM26	A0A0H2UKZ4	0.172516	0.999709	-0.827193	0.0	0.004193	0.014967	0.010819	0.26143
SCF:0000811	AC:000673	P36886	P13194	Q9S831	7ewk-assembly1.cif.gz	11_24	1	3	1	43.335	2.57	PDB_exact_pair_aggregate	0.6496	ge50	A0A4V8GZZ4	A0A1D6HY75	A0A1D6HY75	0.005744	0.009447	-0.003703	0.0	0.865464	0.703189	0.072372	0.172581
SCF:0000812	AC:000673	P36886	P13194	P36213	7ewk-assembly1.cif.gz	11_24	1	3	1	43.335	3.052	PDB_exact_pair_aggregate	0.3832	30_40	A0A4V8GZZ4	A0A1D6HY75	A5Z2K3	0.018297	0.009447	0.00885	1.0	0.049664	0.703189	0.337387	0.172581
SCF:0000813	AC:000675	W8SUD1	A0A2P6TT36	A0A2P6TMX4	7a4p-assembly1.cif.gz	11_24	1	3	1	38.099	2.979	PDB_exact_pair_aggregate	0.4725	40_50	Q55329	Q7DM26	A0A4V8H004	0.998893	0.999722	-0.000829	0.0	0.024251	0.005771	0.561504	0.559805
SCF:0000814	AC:000675	W8SUD1	A0A2P6TT36	A0A2P6TS63	7a4p-assembly1.cif.gz	11_24	1	3	1	38.099	3.001	PDB_exact_pair_aggregate	0.4492	40_50	Q55329	Q7DM26	Q84Y02	0.979653	0.999722	-0.020069	0.0	0.009669	0.005771	0.573226	0.559805
SCF:0000815	AC:000675	W8SUD1	A0A2P6TT36	A0A2P6TZ50	7a4p-assembly1.cif.gz	11_24	1	3	1	38.099	3.394	same_assembly_bridge	0.4352	40_50	Q55329	Q7DM26	Q84Y02	0.999761	0.999722	3.9e-05	1.0	0.034855	0.005771	0.690387	0.559805
SCF:0000816	AC:000677	S7UVH4	A0A125YN38	S7W617	9i4x-assembly1.cif.gz	11_24	1	1	0	38.818	2.929	PDB_exact_pair_aggregate	0.2863	20_30	S7UVH4	S8GED8	S7W617	0.998334	0.926558	0.071776	1.0	0.018728	0.004185	0.553694	0.124426
SCF:0000817	AC:000678	G0SC21	G0SCD1	P0CT46	8pel-assembly1.cif.gz	3_10	1	2	1	11.838	4.027	PDB_exact_pair_aggregate	0.2674	20_30	G0SC21	G0SCD1	P0CT46	0.999771	0.999792	-2.1e-05	0.0	0.004176	0.004176	0.218403	0.209874
SCF:0000818	AC:000678	G0SCD1	G0SC21	G0SE33	8pel-assembly1.cif.gz	3_10	1	2	1	11.838	2.968	PDB_exact_pair_aggregate	0.3028	30_40	G0SCD1	G0SC21	G0SE33	0.999462	0.999792	-0.00033	0.0	0.004177	0.004176	0.37311	0.209874
SCF:0000819	AC:000678	G0SCD1	G0SC21	G0S1P1	8pel-assembly1.cif.gz	3_10	1	2	1	11.838	2.361	PDB_exact_pair_aggregate	0.2949	20_30	G0SCD1	G0SC21	G0S1P1	0.999052	0.999792	-0.00074	0.0	0.004174	0.004176	0.108608	0.209874
SCF:0000820	AC:000678	G0SCD1	G0SC21	G0S755	8pel-assembly1.cif.gz	3_10	1	2	1	11.838	2.503	same_assembly_bridge	0.291	20_30	G0SCD1	G0SC21	G0S755	0.999117	0.999792	-0.000675	0.0	0.004176	0.004176	0.350354	0.209874
SCF:0000821	AC:000679	Q13618	Q7L5N1	Q9BT78	8h3a-assembly1.cif.gz	11_24	1	4	1	13.555	2.552	PDB_exact_pair_aggregate	0.2707	20_30	Q13618	Q7L5N1	Q9BT78	0.995263	0.994724	0.000539	1.0	0.052306	0.004301	0.708121	0.664732
SCF:0000822	AC:000679	Q7L5N1	Q13618	Q13619	8h3a-assembly1.cif.gz	11_24	1	4	1	13.555	2.842	PDB_exact_pair_aggregate	0.4252	40_50	Q7L5N1	Q13618	Q13619	0.999113	0.994724	0.004389	1.0	0.004624	0.004301	0.561648	0.664732
SCF:0000823	AC:000679	Q7L5N1	Q13618	Q13617	8h3a-assembly1.cif.gz	11_24	1	4	1	13.555	4.157	PDB_exact_pair_aggregate	0.3174	30_40	Q7L5N1	Q13618	Q13617	0.995263	0.994724	0.000539	1.0	0.005093	0.004301	0.561772	0.664732
SCF:0000824	AC:000679	Q7L5N1	Q13618	Q93034	8h3a-assembly1.cif.gz	11_24	1	4	1	13.555	2.783	PDB_exact_pair_aggregate	0.3104	30_40	Q7L5N1	Q13618	Q93034	0.999165	0.994724	0.004441	1.0	0.004176	0.004301	0.705619	0.664732
SCF:0000825	AC:000680	Q8L806	W5DS33	W5FWF5	8r57-assembly1.cif.gz	11_24	1	1	0	15.537	2.574	same_assembly_bridge	0.3465	30_40	Q8L806	G1SGX4	W5FWF5	0.999932	0.999934	-2e-06	0.0	0.986071	0.922422	0.628796	0.79653
SCF:0000826	AC:000680	Q8L806	W5DS33	Q5I7L2	8r57-assembly1.cif.gz	11_24	1	1	0	15.537	3.109	PDB_exact_pair_aggregate	0.3077	30_40	Q8L806	G1SGX4	P0C0W9	0.999937	0.999934	3e-06	1.0	0.947912	0.922422	0.576466	0.79653
SCF:0000827	AC:000681	B8YB57	B8YB56	B8YB54	2wb1-assembly1.cif.gz	11_24	1	5	1	38.477	2.796	PDB_exact_pair_aggregate	0.3048	30_40	B8YB57	P39471	B8YB54	0.365109	0.999815	-0.634706	0.0	0.028167	0.009626	0.611405	0.458022
SCF:0000828	AC:000683	A0QU34	A0QU29	A0QU23	8e9i-assembly1.cif.gz	11_24	1	3	1	66.907	2.684	PDB_exact_pair_aggregate	0.3123	30_40	A0QU34	A0QU29	A0QU23	0.000177	9.7e-05	8e-05	1.0	0.004187	0.00421	0.029059	0.042302
SCF:0000829	AC:000683	A0QU34	A0QU29	A0QU25	8e9i-assembly1.cif.gz	11_24	1	3	1	66.907	2.908	PDB_exact_pair_aggregate	0.3424	30_40	A0QU34	A0QU29	A0QU25	0.000124	9.7e-05	2.7e-05	1.0	0.004216	0.00421	0.01736	0.042302
SCF:0000830	AC:000684	O75822	P62280	P62266	6ybw-assembly1.cif.gz	11_24	1	2	1	50.929	3.014	PDB_exact_pair_aggregate	0.3158	30_40	O75822	W5BFB7	P62266	0.999937	0.999881	5.6e-05	1.0	0.03255	0.031231	0.637923	0.730354
SCF:0000831	AC:000684	P62280	O75822	P23396	6ybw-assembly1.cif.gz	11_24	1	2	1	50.929	3.576	PDB_exact_pair_aggregate	0.2769	20_30	W5BFB7	O75822	G1TNM3	0.999914	0.999881	3.3e-05	1.0	0.874286	0.031231	0.84283	0.730354
SCF:0000832	AC:000684	P62280	O75822	P46782	6ybw-assembly1.cif.gz	11_24	1	2	1	50.929	2.343	PDB_exact_pair_aggregate	0.2727	20_30	W5BFB7	O75822	P46782	0.99991	0.999881	2.9e-05	1.0	0.863817	0.031231	0.767022	0.730354
SCF:0000833	AC:000685	E9NPX1	I0Z7A7	I0YQ44	9kqq-assembly1.cif.gz	11_24	1	2	1	40.724	3.698	PDB_exact_pair_aggregate	0.5211	ge50	E9NPX1	Q75VY8	Q84Y02	0.284747	0.33863	-0.053883	0.0	0.006112	0.032517	0.581799	0.634319
SCF:0000834	AC:000685	E9NPX1	I0Z7A7	I0YQ46	9kqq-assembly1.cif.gz	11_24	1	2	1	40.724	3.267	same_assembly_bridge	0.4907	40_50	E9NPX1	Q75VY8	Q84Y02	0.999716	0.33863	0.661086	1.0	0.004367	0.032517	0.616995	0.634319
SCF:0000835	AC:000685	E9NPX1	I0Z7A7	I0Z7V3	9kqq-assembly1.cif.gz	11_24	1	2	1	40.724	2.651	PDB_exact_pair_aggregate	0.2903	20_30	E9NPX1	Q75VY8	P12356	0.007872	0.33863	-0.330758	0.0	0.0042	0.032517	0.313753	0.634319
SCF:0000836	AC:000686	Q8MFA2	A0A2K1K0C7	A0A2K1JLZ3	6l35-assembly1.cif.gz	11_24	1	2	1	28.278	3.573	PDB_exact_pair_aggregate	0.4954	40_50	T1RIQ1	F2D0D5	A0A9R0J8B1	0.999778	0.999468	0.00031	1.0	0.214707	0.053197	0.452264	0.44714
SCF:0000837	AC:000686	Q8MFA2	A0A2K1K0C7	A0A2K1IB10	6l35-assembly1.cif.gz	11_24	1	2	1	28.278	3.704	PDB_exact_pair_aggregate	0.4488	40_50	T1RIQ1	F2D0D5	A0A2K1IB10	0.999494	0.999468	2.6e-05	1.0	0.080021	0.053197	0.419295	0.44714
SCF:0000838	AC:000686	Q8MFA2	A0A2K1K0C7	A0A2K1J0L9	6l35-assembly1.cif.gz	11_24	1	2	1	28.278	2.6	PDB_exact_pair_aggregate	0.3841	30_40	T1RIQ1	F2D0D5	Q9SHE8	0.996059	0.999468	-0.003409	0.0	0.010535	0.053197	0.130028	0.44714
SCF:0000839	AC:000688	O60925	P50991	P49368	6nrb-assembly1.cif.gz	11_24	1	3	1	20.585	2.352	PDB_exact_pair_aggregate	0.3525	30_40	O60925	P50991	Q3T0K2	0.999922	0.99992	2e-06	1.0	0.005524	0.005097	0.515353	0.635956
SCF:0000840	AC:000688	O60925	P50991	P17987	6nrb-assembly1.cif.gz	11_24	1	3	1	20.585	2.929	PDB_exact_pair_aggregate	0.3472	30_40	O60925	P50991	Q32L40	0.999882	0.99992	-3.8e-05	0.0	0.008985	0.005097	0.796251	0.635956
SCF:0000841	AC:000688	P50991	O60925	Q9NQP4	6nrb-assembly1.cif.gz	11_24	1	3	1	20.585	2.64	same_assembly_bridge	0.3265	30_40	P50991	O60925	Q9NQP4	0.999905	0.99992	-1.5e-05	0.0	0.004445	0.005097	0.791117	0.635956
SCF:0000842	AC:000688	P50991	O60925	O15212	6nrb-assembly1.cif.gz	11_24	1	3	1	20.585	2.137	PDB_exact_pair_aggregate	0.2778	20_30	P50991	O60925	O15212	0.999879	0.99992	-4.1e-05	0.0	0.004183	0.005097	0.49921	0.635956
SCF:0000843	AC:000689	P27521	Q9S7N7	Q9SHE8	7wfd-assembly1.cif.gz	11_24	1	1	0	26.556	2.695	PDB_exact_pair_aggregate	0.2756	20_30	Q84Y02	B6U534	Q9SHE8	0.997526	0.998847	-0.001321	0.0	0.00608	0.007905	0.631538	0.641951
SCF:0000844	AC:000689	Q9S7N7	P27521	Q01667	7wfd-assembly1.cif.gz	11_24	1	1	0	26.556	3.078	same_assembly_bridge	0.4612	40_50	B6U534	Q84Y02	A0A9R0J8B1	0.999185	0.998847	0.000338	1.0	0.079235	0.007905	0.570201	0.641951
SCF:0000845	AC:000690	A8JC51	A8IKI9	A8J5P7	9f5z-assembly1.cif.gz	11_24	1	2	1	12.03	2.408	same_assembly_bridge	0.2667	20_30	A8JC51	A8IKI9	A8J5P7	0.965155	0.999833	-0.034678	0.0	0.004239	0.004179	0.419542	0.126871
SCF:0000846	AC:000693	A0A1S3YEW3	A0A1S3X147	A0A1S4CE74	8wa1-assembly1.cif.gz	11_24	1	1	0	46.418	2.412	PDB_exact_pair_aggregate	0.2555	20_30	A0A1S3YEW3	A0A1S3ZQT7	A0A9R0JBX6	0.001037	0.000325	0.000712	1.0	0.004198	0.076956	0.226065	0.111488
SCF:0000847	AC:000700	D0FXW0	C1K003	A0A6I8WFT8	6sl5-assembly1.cif.gz	11_24	1	2	1	55.433	2.352	PDB_exact_pair_aggregate	0.36	30_40	Q55329	Q7DM26	A0A0H2UKZ4	0.434046	0.999472	-0.565426	0.0	0.004433	0.004414	0.039269	0.551601
SCF:0000848	AC:000701	A8IJY7	A8IL21	A8INX1	7ekq-assembly1.cif.gz	11_24	1	1	0	23.315	4.229	PDB_exact_pair_aggregate	0.3675	30_40	A8IJY7	A8IL21	A8INX1	0.269701	0.785571	-0.51587	0.0	0.960297	0.887533	0.671971	0.387224
SCF:0000849	AC:000701	A8IL21	A8IJY7	A0A2K3DG79	7ekq-assembly1.cif.gz	11_24	1	1	0	23.315	2.996	PDB_exact_pair_aggregate	0.4455	40_50	A8IL21	A8IJY7	A0A2K3DG79	0.380722	0.785571	-0.404849	0.0	0.953715	0.887533	0.488862	0.387224
SCF:0000850	AC:000701	A8IL21	A8IJY7	A8INX1	7ekq-assembly1.cif.gz	11_24	1	1	0	23.315	2.307	PDB_exact_pair_aggregate	0.2961	20_30	A8IL21	A8IJY7	A8INX1	0.999922	0.785571	0.214351	1.0	0.783718	0.887533	0.669093	0.387224
SCF:0000851	AC:000701	A8IL21	A8IJY7	A8IS47	7ekq-assembly1.cif.gz	11_24	1	1	0	23.315	2.78	PDB_exact_pair_aggregate	0.2475	20_30	A8IL21	A8IJY7	A8IS47	0.999901	0.785571	0.21433	1.0	0.829607	0.887533	0.70038	0.387224
SCF:0000852	AC:000706	P13393	P47076	P20433	6eu0-assembly1.cif.gz	11_24	1	5	1	71.791	2.515	PDB_exact_pair_aggregate	0.2681	20_30	P13393	P47076	P20433	0.997945	0.998883	-0.000938	0.0	0.039275	0.007972	0.778131	0.820084
SCF:0000853	AC:000706	P13393	P47076	P20435	6eu0-assembly1.cif.gz	11_24	1	5	1	71.791	2.326	PDB_exact_pair_aggregate	0.2258	20_30	P13393	P47076	A0A4X1VEK9	0.978862	0.998883	-0.020021	0.0	0.051154	0.007972	0.769784	0.820084
SCF:0000854	AC:000707	O95456	P28072	Q99436	8yix-assembly1.cif.gz	11_24	1	5	1	26.047	2.554	PDB_exact_pair_aggregate	0.3226	30_40	O95456	P28072	P25043	0.999593	0.999602	-9e-06	0.0	0.004181	0.004177	0.262134	0.199969
SCF:0000855	AC:000707	O95456	P28072	Q969U7	8yix-assembly1.cif.gz	11_24	1	5	1	26.047	2.276	PDB_exact_pair_aggregate	0.2955	20_30	O95456	P28072	Q969U7	0.998959	0.999602	-0.000643	0.0	0.004174	0.004177	0.71278	0.199969
SCF:0000856	AC:000707	P28072	O95456	Q99933	8yix-assembly1.cif.gz	11_24	1	5	1	26.047	2.405	PDB_exact_pair_aggregate	0.3319	30_40	P28072	O95456	Q99933	0.249391	0.999602	-0.750211	0.0	0.395984	0.004177	0.879518	0.199969
SCF:0000857	AC:000707	P28072	O95456	O14818	8yix-assembly1.cif.gz	11_24	1	5	1	26.047	2.731	PDB_exact_pair_aggregate	0.2919	20_30	P28072	O95456	O14818	0.9998	0.999602	0.000198	1.0	0.508889	0.004177	0.796008	0.199969
SCF:0000858	AC:000708	O15212	P48643	P50991	6nr9-assembly1.cif.gz	11_24	1	3	1	64.25	2.137	same_assembly_bridge	0.4028	40_50	O15212	P48643	P50991	0.999879	0.999911	-3.2e-05	0.0	0.004183	0.004195	0.49921	0.622328
SCF:0000859	AC:000708	O15212	P48643	P40227	6nr9-assembly1.cif.gz	11_24	1	3	1	64.25	2.306	PDB_exact_pair_aggregate	0.3484	30_40	O15212	P48643	P40227	0.99987	0.999911	-4.1e-05	0.0	0.004188	0.004195	0.665094	0.622328
SCF:0000860	AC:000709	Q95695	Q9SGH4	O80634	7wff-assembly1.cif.gz	11_24	1	2	1	48.49	2.399	PDB_exact_pair_aggregate	0.2993	20_30	Q95695	Q9SGH4	O80634	0.007209	0.006543	0.000666	1.0	0.004174	0.004174	0.096007	0.081323
SCF:0000861	AC:000709	Q95695	Q9SGH4	Q9XI73	7wff-assembly1.cif.gz	11_24	1	2	1	48.49	2.768	PDB_exact_pair_aggregate	0.2967	20_30	Q95695	Q9SGH4	Q9XI73	0.994363	0.006543	0.98782	1.0	0.004175	0.004174	0.158517	0.081323
SCF:0000862	AC:000710	B8YB63	B8YB54	B8YB56	2wb1-assembly2.cif.gz	11_24	1	3	1	38.583	2.664	PDB_exact_pair_aggregate	0.3048	30_40	B8YB63	B8YB54	P39471	0.99567	0.97763	0.01804	1.0	0.00473	0.016993	0.682806	0.630956
SCF:0000863	AC:000711	Q22YU3	A4VE64	Q24CE5	6zyw-assembly1.cif.gz	11_24	1	1	0	24.35	2.331	PDB_exact_pair_aggregate	0.3953	30_40	Q22YU3	Q1HFW2	Q24CE5	0.565567	0.022157	0.54341	1.0	0.004178	0.004178	0.412568	0.032298
SCF:0000864	AC:000711	Q22YU3	A4VE64	Q24DI9	6zyw-assembly1.cif.gz	11_24	1	1	0	24.35	3.062	PDB_exact_pair_aggregate	0.3625	30_40	Q22YU3	Q1HFW2	Q24DI9	0.014216	0.022157	-0.007941	0.0	0.004176	0.004178	0.148784	0.032298
SCF:0000865	AC:000712	P08266	Q9VEA5	Q7JZF5	9mu7-assembly1.cif.gz	11_24	1	1	0	9.853	3.18	PDB_exact_pair_aggregate	0.2642	20_30	I3LGP4	Q9VEA5	O81098	0.999929	0.999944	-1.5e-05	0.0	0.010084	0.004178	0.54586	0.529129
SCF:0000866	AC:000712	P08266	Q9VEA5	P36958	9mu7-assembly1.cif.gz	11_24	1	1	0	9.853	2.357	PDB_exact_pair_aggregate	0.2558	20_30	I3LGP4	Q9VEA5	P36954	0.99993	0.999944	-1.4e-05	0.0	0.010046	0.004178	0.61997	0.529129
SCF:0000867	AC:000714	P49736	Q9UBD5	Q9Y5B9	8s0f-assembly1.cif.gz	11_24	1	1	0	15.005	2.49	PDB_exact_pair_aggregate	0.2522	20_30	P49735	Q9UBD5	Q9Y5B9	0.000259	0.99955	-0.999291	0.0	0.102727	0.004717	0.73288	0.764323
SCF:0000868	AC:000714	Q9UBD5	P49736	P33993	8s0f-assembly1.cif.gz	11_24	1	1	0	15.005	2.453	PDB_exact_pair_aggregate	0.3799	30_40	Q9UBD5	P49735	P33993	0.999637	0.99955	8.7e-05	1.0	0.004467	0.004717	0.779176	0.764323
SCF:0000869	AC:000714	Q9UBD5	P49736	P25205	8s0f-assembly1.cif.gz	11_24	1	1	0	15.005	3.038	PDB_exact_pair_aggregate	0.3716	30_40	Q9UBD5	P49735	P25205	0.999384	0.99955	-0.000166	0.0	0.004205	0.004717	0.766815	0.764323
SCF:0000870	AC:000714	Q9UBD5	P49736	Q13415	8s0f-assembly1.cif.gz	11_24	1	1	0	15.005	2.418	PDB_exact_pair_aggregate	0.3127	30_40	Q9UBD5	P49735	Q13415	0.865719	0.99955	-0.133831	0.0	0.013635	0.004717	0.720261	0.764323
SCF:0000871	AC:000715	A0A1S3ZQT7	A0AA96C3P8	A0A1S3ZSI0	8w9z-assembly1.cif.gz	11_24	1	2	1	29.806	2.903	PDB_exact_pair_aggregate	0.2629	20_30	A0A1S3ZQT7	A0AA96C3P8	A0A1S3ZSI0	0.00024	0.004658	-0.004418	0.0	0.004179	0.007018	0.589355	0.565286
SCF:0000872	AC:000716	O14746	P04908	Q9BTM1	7v99-assembly1.cif.gz	3_10	1	1	0	8.202	2.65	PDB_exact_pair_aggregate	0.9457	ge50	O14746	P0C0S5	P0C0S5	0.998135	0.997304	0.000831	1.0	0.012335	0.015673	0.436026	0.454302
SCF:0000873	AC:000716	P04908	O14746	P30876	7v99-assembly1.cif.gz	3_10	1	1	0	8.202	3.05	PDB_exact_pair_aggregate	0.2733	20_30	P0C0S5	O14746	I3LGP4	0.999373	0.997304	0.002069	1.0	0.004205	0.015673	0.073571	0.454302
SCF:0000874	AC:000718	A0A2K3DLI2	A0A2K3DQ46	A0A2K3DLF7	8xqw-assembly1.cif.gz	11_24	1	3	1	64.531	2.699	PDB_exact_pair_aggregate	0.2816	20_30	A0A2K3DLI2	A0A2K3DQ46	A0A2K3DLF7	6.6e-05	7.7e-05	-1.1e-05	0.0	0.004209	0.004232	0.104284	0.016114
SCF:0000875	AC:000723	F1SDI2	F1RPD2	A0A8D0PK14	8zow-assembly1.cif.gz	11_24	1	20	1	11.502	2.793	same_assembly_bridge	0.2919	20_30	F1SDI2	D0VX29	A0A8D0PK14	0.998758	0.999549	-0.000791	0.0	0.638541	0.76117	0.843359	0.737727
SCF:0000876	AC:000723	F1SDI2	F1RPD2	F1SKM0	8zow-assembly1.cif.gz	11_24	1	20	1	11.502	2.247	PDB_exact_pair_aggregate	0.2919	20_30	F1SDI2	D0VX29	A0A8D0PK14	0.998758	0.999549	-0.000791	0.0	0.638541	0.76117	0.843359	0.737727
SCF:0000877	AC:000724	Q8DHA7	Q8DMP8	Q9F1R6	7nhp-assembly1.cif.gz	11_24	1	2	1	20.761	1.227	PDB_exact_pair_aggregate	0.3571	30_40	Q8DHA7	Q8DMP8	Q9F1R6	0.110479	0.862417	-0.751938	0.0	0.025348	0.004198	0.487061	0.518722
SCF:0000878	AC:000724	Q8DMP8	Q8DHA7	Q8DIN8	7nhp-assembly1.cif.gz	11_24	1	2	1	20.761	2.98	PDB_exact_pair_aggregate	0.3636	30_40	Q8DMP8	Q8DHA7	P32974	0.133879	0.862417	-0.728538	0.0	0.004172	0.004198	0.604183	0.518722
SCF:0000879	AC:000724	Q8DMP8	Q8DHA7	P12241	7nhp-assembly1.cif.gz	11_24	1	2	1	20.761	3.191	PDB_exact_pair_aggregate	0.3636	30_40	Q8DMP8	Q8DHA7	P32974	0.133879	0.862417	-0.728538	0.0	0.004172	0.004198	0.604183	0.518722
SCF:0000880	AC:000725	C4M979	C4LXN2	C4M8Y8	9v27-assembly1.cif.gz	11_24	1	6	1	20.766	2.239	PDB_exact_pair_aggregate	0.2778	20_30	W5BFB7	A0A3Q7HSH1	C4M8Y8	0.999783	0.999923	-0.00014	0.0	0.924905	0.796181	0.175175	0.812313
SCF:0000881	AC:000725	C4M979	C4LXN2	C4M0Q2	9v27-assembly1.cif.gz	11_24	1	6	1	20.766	2.426	PDB_exact_pair_aggregate	0.2778	20_30	W5BFB7	A0A3Q7HSH1	C4M8Y8	0.999858	0.999923	-6.5e-05	0.0	0.913516	0.796181	0.176192	0.812313
SCF:0000882	AC:000726	Q2FW39	Q2G2Q4	Q2FW18	8byv-assembly1.cif.gz	11_24	1	1	0	19.449	3.084	PDB_exact_pair_aggregate	0.3021	30_40	A0A1M6R974	Q2G2Q4	P62399	0.999941	0.980323	0.019618	1.0	0.764138	0.137991	0.854364	0.000142
SCF:0000883	AC:000726	Q2G2Q4	Q2FW39	Q2FW31	8byv-assembly1.cif.gz	11_24	1	1	0	19.449	3.156	PDB_exact_pair_aggregate	0.3529	30_40	Q2G2Q4	A0A1M6R974	Q50296	0.999737	0.980323	0.019414	1.0	0.017904	0.137991	0.497054	0.000142
SCF:0000884	AC:000727	P0A7U3	P69222	P0A7T7	9h9h-assembly1.cif.gz	11_24	1	3	1	49.37	2.417	PDB_exact_pair_aggregate	0.3095	30_40	A0QSD5	Q5SHR1	A0A2V3DLV3	0.999783	0.999661	0.000122	1.0	0.835701	0.649873	0.717229	0.316824
SCF:0000885	AC:000727	P0A7U3	P69222	P0A7R5	9h9h-assembly1.cif.gz	11_24	1	3	1	49.37	2.42	PDB_exact_pair_aggregate	0.2759	20_30	A0QSD5	Q5SHR1	P21471	0.999896	0.999661	0.000235	1.0	0.882097	0.649873	0.771434	0.316824
SCF:0000886	AC:000727	P0A7U3	P69222	P0A7M6	9h9h-assembly1.cif.gz	11_24	1	3	1	49.37	2.391	PDB_exact_pair_aggregate	0.2553	20_30	A0QSD5	Q5SHR1	P0A7M6	0.99843	0.999661	-0.001231	0.0	0.004284	0.649873	0.363534	0.316824
SCF:0000887	AC:000729	Q980R1	Q7LXK4	Q980Q9	3hkz-assembly1.cif.gz	11_24	1	2	1	13.889	2.608	PDB_exact_pair_aggregate	0.3968	30_40	Q980R1	Q7LXK4	B8YB60	0.999638	0.9996	3.8e-05	1.0	0.207867	0.004192	0.668338	0.73254
SCF:0000888	AC:000730	A0A3Q7HSH1	P49215	A0A3Q7IN69	7qix-assembly1.cif.gz	11_24	1	2	1	15.435	2.528	PDB_exact_pair_aggregate	0.3694	30_40	A0A3Q7HSH1	C4M0Z2	A0A3Q7IN69	0.999935	0.999936	-1e-06	0.0	0.689038	0.702299	0.70745	0.815066
SCF:0000889	AC:000730	P49215	A0A3Q7HSH1	A0A3Q7HQH0	7qix-assembly1.cif.gz	11_24	1	2	1	15.435	4.077	PDB_exact_pair_aggregate	0.2727	20_30	C4M0Z2	A0A3Q7HSH1	A0A3Q7HQH0	0.999914	0.999936	-2.2e-05	0.0	0.907448	0.702299	0.732498	0.815066
SCF:0000890	AC:000735	A0A2K3DHV6	A0A2K3DLI2	A0A2K3DVJ8	8xks-assembly1.cif.gz	11_24	1	3	1	98.831	2.529	PDB_exact_pair_aggregate	0.3357	30_40	A0A2K3DHV6	A0A2K3DLI2	A0A2K3DVJ8	9.9e-05	0.000153	-5.4e-05	0.0	0.004182	0.004188	0.072917	0.090711
SCF:0000891	AC:000735	A0A2K3DLI2	A0A2K3DHV6	A0A2K3CRM9	8xks-assembly1.cif.gz	11_24	1	3	1	98.831	2.604	PDB_exact_pair_aggregate	0.2967	20_30	A0A2K3DLI2	A0A2K3DHV6	A0A2K3CRM9	6.5e-05	0.000153	-8.8e-05	0.0	0.004179	0.004188	0.01826	0.090711
SCF:0000892	AC:000736	P0A8T7	P0AF28	P0A7V8	8u3b-assembly1.cif.gz	3_10	1	1	0	39.27	0.327	PDB_exact_pair_aggregate	0.3022	30_40	P0A8T7	P0AF28	P80373	0.807464	0.000422	0.807042	1.0	0.045685	0.005184	0.816665	0.518812
SCF:0000893	AC:000736	P0A8T7	P0AF28	P0A7V3	8u3b-assembly1.cif.gz	3_10	1	1	0	39.27	0.284	PDB_exact_pair_aggregate	0.2685	20_30	P0A8T7	P0AF28	P80372	0.998067	0.000422	0.997645	1.0	0.175135	0.005184	0.770239	0.518812
SCF:0000894	AC:000736	P0A8T7	P0AF28	P0AFW0	8u3b-assembly1.cif.gz	3_10	1	1	0	39.27	2.28	PDB_exact_pair_aggregate	0.2615	20_30	P0A8T7	P0AF28	P0AFW0	0.779202	0.000422	0.77878	1.0	0.004187	0.005184	0.573202	0.518812
SCF:0000895	AC:000737	A0T0T5	B8C770	B8C0K4	8xls-assembly1.cif.gz	11_24	1	2	1	26.844	2.556	PDB_exact_pair_aggregate	0.4189	40_50	E1C9K8	B8C770	B8C0K4	0.004918	0.009876	-0.004958	0.0	0.004229	0.004203	0.045717	0.115749
SCF:0000896	AC:000737	A0T0T5	B8C770	B8BUW3	8xls-assembly1.cif.gz	11_24	1	2	1	26.844	2.527	PDB_exact_pair_aggregate	0.3566	30_40	E1C9K8	B8C770	B8BUW3	0.002509	0.009876	-0.007367	0.0	0.004216	0.004203	0.498452	0.115749
SCF:0000897	AC:000738	A0A1J7CBX1	A0A1M5L8S8	A0A1M5L6R0	9zcd-assembly1.cif.gz	11_24	1	8	1	30.407	3.106	PDB_exact_pair_aggregate	0.2651	20_30	P80372	A0QSD5	A0A1M5L6R0	0.999936	0.999888	4.8e-05	1.0	0.646237	0.529321	0.826876	0.835802
SCF:0000898	AC:000740	B8LEV1	B8CEQ3	B8BUW3	8xls-assembly1.cif.gz	11_24	1	1	0	22.036	2.509	PDB_exact_pair_aggregate	0.3208	30_40	A0A4V8H005	B8CEQ3	B8BUW3	0.000382	0.346876	-0.346494	0.0	0.004225	0.006636	0.000366	0.011111
SCF:0000899	AC:000742	P13192	P36213	P13194	7ewk-assembly1.cif.gz	11_24	1	3	1	16.136	2.623	PDB_exact_pair_aggregate	0.3832	30_40	Q9SHE8	A5Z2K3	A0A1D6HY75	0.266755	0.94586	-0.679105	0.0	0.966494	0.004292	0.062018	0.040241
SCF:0000900	AC:000742	P36213	P13192	P23993	7ewk-assembly1.cif.gz	11_24	1	3	1	16.136	3.052	PDB_exact_pair_aggregate	0.3116	30_40	A5Z2K3	Q9SHE8	A8IL32	0.321483	0.94586	-0.624377	0.0	0.388366	0.004292	0.385789	0.040241
SCF:0000901	AC:000744	P62090	Q9S7N7	Q9SUI5	7wfd-assembly1.cif.gz	11_24	1	8	1	23.534	3.258	PDB_exact_pair_aggregate	0.3714	30_40	A0A4V8H005	B6U534	A0A4V8GZZ4	0.001506	0.000991	0.000515	1.0	0.00439	0.004344	0.002897	0.065159
SCF:0000902	AC:000745	P62807	Q9BS16	P0CG47	7yyh-assembly1.cif.gz	11_24	1	2	1	84.17	3.221	PDB_exact_pair_aggregate	0.3234	30_40	O23629	Q9BS16	P0CG47	0.963348	0.999821	-0.036473	0.0	0.004243	0.004184	0.690658	0.280514
SCF:0000903	AC:000745	P62807	Q9BS16	Q13352	7yyh-assembly1.cif.gz	11_24	1	2	1	84.17	3.276	PDB_exact_pair_aggregate	0.3072	30_40	O23629	Q9BS16	Q13352	0.999845	0.999821	2.4e-05	1.0	0.00419	0.004184	0.884703	0.280514
SCF:0000904	AC:000745	Q9BS16	P62807	Q93077	7yyh-assembly1.cif.gz	11_24	1	2	1	84.17	2.42	PDB_exact_pair_aggregate	0.3902	30_40	Q9BS16	O23629	P0C0S5	0.999927	0.999821	0.000106	1.0	0.004181	0.004184	0.534021	0.280514
SCF:0000905	AC:000749	Q2FKZ2	Q2FRL9	Q2FRK1	7bkb-assembly1.cif.gz	11_24	1	2	1	29.642	2.427	PDB_exact_pair_aggregate	0.2982	20_30	Q2FKZ2	Q2FRL9	Q2FRK1	0.998964	0.064861	0.934103	1.0	0.005062	0.004193	0.027797	0.105279
SCF:0000906	AC:000751	P0A444	Q8DG60	Q9F1L5	7nhp-assembly1.cif.gz	11_24	1	1	0	12.567	2.311	PDB_exact_pair_aggregate	0.3663	30_40	P0A444	Q8DG60	Q9F1L5	0.019628	0.008899	0.010729	1.0	0.004741	0.004211	0.199948	0.060748
SCF:0000907	AC:000751	Q8DG60	P0A444	Q8DIF8	7nhp-assembly1.cif.gz	11_24	1	1	0	12.567	2.62	same_assembly_bridge	0.3158	30_40	Q8DG60	P0A444	D0VWR7	0.129303	0.008899	0.120404	1.0	0.004348	0.004211	0.051405	0.060748
SCF:0000908	AC:000753	P12975	P74564	P72712	6hqb-assembly1.cif.gz	11_24	1	7	1	38.456	2.805	PDB_exact_pair_aggregate	0.4405	40_50	B8LEQ8	P74564	P72712	0.964892	0.004988	0.959904	1.0	0.00418	0.004187	0.000871	0.49427
SCF:0000909	AC:000754	A0A2K3DGW6	A8HUP3	A0A2K3DHV6	8xks-assembly1.cif.gz	11_24	1	3	1	38.918	3.38	PDB_exact_pair_aggregate	0.3212	30_40	A0A2K3DGW6	A8HUP3	A0A2K3DHV6	0.038431	0.002682	0.035749	1.0	0.004178	0.004178	0.051137	0.083516
SCF:0000910	AC:000757	A2P1G9	U5LP42	P01865	4zxb-assembly1.cif.gz	3_10	1	1	0	70.454	2.639	PDB_exact_pair_aggregate	0.7219	ge50	Q8TCD0	Q6N030	P01867	0.998746	0.999756	-0.00101	0.0	0.019207	0.406766	0.694717	0.815374
SCF:0000911	AC:000757	A2P1G9	U5LP42	P01867	4zxb-assembly1.cif.gz	3_10	1	1	0	70.454	1.998	PDB_exact_pair_aggregate	0.6801	ge50	Q8TCD0	Q6N030	P01867	0.999046	0.999756	-0.00071	0.0	0.041016	0.406766	0.703661	0.815374
SCF:0000912	AC:000758	B6TXS5	O65101	A0A1D6HY75	5zji-assembly1.cif.gz	11_24	1	1	0	62.839	2.445	same_assembly_bridge	0.3377	30_40	B6TXS5	A0A2K1JDR4	A0A1D6HY75	0.017804	0.996396	-0.978592	0.0	0.004283	0.004378	0.267744	0.623191
SCF:0000913	AC:000759	A0A2K1JC42	A0A2K1KN29	A0A2K1JLZ3	6l35-assembly1.cif.gz	11_24	1	1	0	23.771	2.722	same_assembly_bridge	0.446	40_50	B6U534	Q84Y02	A0A9R0J8B1	0.992048	0.998861	-0.006813	0.0	0.972602	0.004935	0.656668	0.609073
SCF:0000914	AC:000763	O13877	Q09177	P87123	7aoc-assembly1.cif.gz	11_24	1	3	1	17.038	4.748	PDB_exact_pair_aggregate	0.3182	30_40	C4R009	Q09177	P87123	0.999187	0.999369	-0.000182	0.0	0.632035	0.004244	0.537949	0.584843
SCF:0000915	AC:000764	Q03718	P38632	Q07913	8i4x-assembly1.cif.gz	3_10	1	2	1	114.38	2.223	PDB_exact_pair_aggregate	0.2353	20_30	Q03718	P38632	Q07913	0.989112	0.01732	0.971792	1.0	0.004174	0.004175	0.408453	0.042435
SCF:0000916	AC:000767	O00483	P24311	P14854	9i7u-assembly1.cif.gz	11_24	1	2	1	38.238	2.203	PDB_exact_pair_aggregate	0.3571	30_40	O00483	P24311	P14854	0.999864	0.999882	-1.8e-05	0.0	0.004199	0.70574	0.679535	0.550705
SCF:0000917	AC:000767	P24311	O00483	P09669	9i7u-assembly1.cif.gz	11_24	1	2	1	38.238	3.314	PDB_exact_pair_aggregate	0.2632	20_30	P24311	O00483	P04038	0.999935	0.999882	5.3e-05	1.0	0.243725	0.70574	0.50829	0.550705
SCF:0000918	AC:000768	Q5JS54	O95456	O14818	8tm3-assembly1.cif.gz	11_24	1	2	1	22.275	2.285	PDB_exact_pair_aggregate	0.2919	20_30	Q5JS54	O95456	O14818	0.998649	0.997704	0.000945	1.0	0.004178	0.004175	0.425445	0.330048
SCF:0000919	AC:000769	Q6NLH0	O81098	Q9M1J2	7eu1-assembly1.cif.gz	11_24	1	6	1	21.418	4.49	PDB_exact_pair_aggregate	0.3838	30_40	P36954	O81098	Q9M1J2	0.99862	0.999871	-0.001251	0.0	0.00453	0.26704	0.558027	0.754639
SCF:0000920	AC:000775	P33339	Q12308	P32367	8ffz-assembly1.cif.gz	3_10	1	1	0	18.274	1.954	PDB_exact_pair_aggregate	0.3361	30_40	P33339	Q12308	P32367	0.198752	0.023865	0.174887	1.0	0.004645	0.004175	0.646038	0.398902
SCF:0000921	AC:000775	Q12308	P33339	P34111	8ffz-assembly1.cif.gz	3_10	1	1	0	18.274	2.722	same_assembly_bridge	0.2876	20_30	Q12308	P33339	P34111	0.652367	0.023865	0.628502	1.0	0.004174	0.004175	0.497013	0.398902
SCF:0000922	AC:000776	P06899	Q96GM5	Q8N884	9rn1-assembly1.cif.gz	11_24	1	4	1	67.342	2.337	PDB_exact_pair_aggregate	0.2784	20_30	O23629	Q96GM5	Q8N884	0.999657	0.998739	0.000918	1.0	0.004183	0.005436	0.342716	0.741832
SCF:0000923	AC:000776	P06899	Q96GM5	Q12824	9rn1-assembly1.cif.gz	11_24	1	4	1	67.342	2.769	PDB_exact_pair_aggregate	0.2731	20_30	O23629	Q96GM5	Q12824	0.998767	0.998739	2.8e-05	1.0	0.004186	0.005436	0.721329	0.741832
SCF:0000924	AC:000776	P06899	Q96GM5	Q9H9F9	9rn1-assembly1.cif.gz	11_24	1	4	1	67.342	2.598	PDB_exact_pair_aggregate	0.2583	20_30	O23629	Q96GM5	Q9H9F9	0.603402	0.998739	-0.395337	0.0	0.004192	0.005436	0.563199	0.741832
SCF:0000925	AC:000777	P04969	P21467	P21472	8cdu-assembly1.cif.gz	11_24	1	22	1	30.266	3.302	PDB_exact_pair_aggregate	0.3483	30_40	Q50296	Q839E7	P21472	0.999947	0.999944	3e-06	1.0	0.739786	0.76305	0.843201	0.622439
SCF:0000926	AC:000777	P04969	P21467	P21469	8cdu-assembly1.cif.gz	11_24	1	22	1	30.266	2.302	PDB_exact_pair_aggregate	0.2812	20_30	Q50296	Q839E7	P17291	0.99995	0.999944	6e-06	1.0	0.821605	0.76305	0.489236	0.622439
SCF:0000927	AC:000777	P21467	P04969	P21470	8cdu-assembly1.cif.gz	11_24	1	22	1	30.266	4.21	PDB_exact_pair_aggregate	0.3059	30_40	Q839E7	Q50296	A0A1M6R974	0.999915	0.999944	-2.9e-05	0.0	0.746439	0.76305	0.792417	0.622439
SCF:0000928	AC:000777	P21467	P04969	P46898	8cdu-assembly1.cif.gz	11_24	1	22	1	30.266	3.161	PDB_exact_pair_aggregate	0.2784	20_30	Q839E7	Q50296	A0A063X781	0.999931	0.999944	-1.3e-05	0.0	0.743143	0.76305	0.622171	0.622439
SCF:0000929	AC:000779	P62877	Q13216	Q13309	8b3i-assembly1.cif.gz	3_10	1	2	1	9.871	2.358	PDB_exact_pair_aggregate	0.3222	30_40	P62877	Q13216	Q13309	0.999933	0.999899	3.4e-05	1.0	0.858092	0.082586	0.78643	0.660186
SCF:0000930	AC:000779	P62877	Q13216	Q712K3	8b3i-assembly1.cif.gz	3_10	1	2	1	9.871	2.285	PDB_exact_pair_aggregate	0.3243	30_40	P62877	Q13216	P49427	0.999632	0.999899	-0.000267	0.0	0.9868	0.082586	0.659213	0.660186
SCF:0000931	AC:000782	O19925	O19895	Q9TM47	4yuu-assembly3.cif.gz	11_24	1	1	0	13.338	2.558	PDB_exact_pair_aggregate	0.3715	30_40	P14835	P0A444	D0VWR8	0.861171	0.999401	-0.13823	0.0	0.004858	0.006395	0.07033	0.479572
SCF:0000932	AC:000783	P06505	A0A9R0JBX6	A0A9R0IWV5	8xzv-assembly1.cif.gz	11_24	1	1	0	23.917	2.975	PDB_exact_pair_aggregate	0.3011	30_40	P06505	A0A9R0JBX6	A0A9R0IWV5	5.3e-05	4.9e-05	4e-06	1.0	0.004176	0.00421	0.090755	0.139563
SCF:0000933	AC:000783	P06505	A0A9R0JBX6	A0A9R0K7U8	8xzv-assembly1.cif.gz	11_24	1	1	0	23.917	2.703	PDB_exact_pair_aggregate	0.2691	20_30	P06505	A0A9R0JBX6	A0A9R0K7U8	0.00043	4.9e-05	0.000381	1.0	0.004176	0.00421	0.458841	0.139563
SCF:0000934	AC:000784	Q24CL2	W7WX86	I7MDA9	8th8-assembly1.cif.gz	11_24	1	2	1	69.776	2.076	PDB_exact_pair_aggregate	0.3307	30_40	Q24CL2	W7WX86	I7MDA9	0.005313	0.038546	-0.033233	0.0	0.004181	0.004183	0.499425	0.333347
SCF:0000935	AC:000784	W7WX86	Q24CL2	Q23YW7	8th8-assembly1.cif.gz	11_24	1	2	1	69.776	2.606	PDB_exact_pair_aggregate	0.2804	20_30	W7WX86	Q24CL2	Q23YW7	0.011433	0.038546	-0.027113	0.0	0.004189	0.004183	0.49953	0.333347
SCF:0000936	AC:000785	D7NIZ2	D7P897	D8V7I2	6rdf-assembly1.cif.gz	11_24	1	3	1	57.851	2.316	PDB_exact_pair_aggregate	0.3158	30_40	D7NIZ2	D7P897	D8V7I2	0.280116	0.001053	0.279063	1.0	0.004181	0.004251	0.170895	0.026096
SCF:0000937	AC:000787	A0A2K9VK97	A0A2K9VK99	A0A2K9VK98	9c39-assembly1.cif.gz	11_24	1	1	0	43.508	3.658	PDB_exact_pair_aggregate	0.2778	20_30	A0A2K9VK97	A0A2K9VK99	A0A2K9VK98	0.853103	0.9999	-0.146797	0.0	0.004174	0.004174	0.49828	0.134285
SCF:0000938	AC:000788	P04908	P36954	P62987	8xvs-assembly1.cif.gz	11_24	1	2	1	38.007	3.23	PDB_exact_pair_aggregate	0.3214	30_40	P0C0S5	P36954	P62987	0.999082	0.999761	-0.000679	0.0	0.004528	0.017283	0.25607	0.623635
SCF:0000939	AC:000788	P36954	P04908	P68431	8xvs-assembly1.cif.gz	11_24	1	2	1	38.007	5.892	same_assembly_bridge	0.3214	30_40	P36954	P0C0S5	P02299	0.999869	0.999761	0.000108	1.0	0.004178	0.017283	0.718876	0.623635
SCF:0000940	AC:000789	P0A707	P0A7T7	P69222	9ss1-assembly1.cif.gz	11_24	1	7	1	31.28	2.345	PDB_exact_pair_aggregate	0.3095	30_40	Q5SKU2	A0A2V3DLV3	Q5SHR1	0.999857	0.999905	-4.8e-05	0.0	0.643029	0.646471	2.8e-05	0.758816
SCF:0000941	AC:000789	P0A7T7	P0A707	P0A7V8	9ss1-assembly1.cif.gz	11_24	1	7	1	31.28	2.053	PDB_exact_pair_aggregate	0.3365	30_40	A0A2V3DLV3	Q5SKU2	P80373	0.999824	0.999905	-8.1e-05	0.0	0.879992	0.646471	0.763431	0.758816
SCF:0000942	AC:000789	P0A7T7	P0A707	P62399	9ss1-assembly1.cif.gz	11_24	1	7	1	31.28	1.899	PDB_exact_pair_aggregate	0.2593	20_30	A0A2V3DLV3	Q5SKU2	P62399	0.999944	0.999905	3.9e-05	1.0	0.617532	0.646471	0.733788	0.758816
SCF:0000943	AC:000792	Q8N884	Q93079	O60814	8ol1-assembly1.cif.gz	11_24	1	1	0	28.79	2.639	PDB_exact_pair_aggregate	0.9841	ge50	Q8N884	O23629	O23629	0.999299	0.999204	9.5e-05	1.0	0.004183	0.004183	0.400253	0.33725
SCF:0000944	AC:000792	Q8N884	Q93079	Q99877	8ol1-assembly1.cif.gz	11_24	1	1	0	28.79	2.732	PDB_exact_pair_aggregate	0.9841	ge50	Q8N884	O23629	O23629	0.999154	0.999204	-5e-05	0.0	0.004183	0.004183	0.402527	0.33725
SCF:0000945	AC:000792	Q8N884	Q93079	P06899	8ol1-assembly1.cif.gz	11_24	1	1	0	28.79	2.337	PDB_exact_pair_aggregate	0.9762	ge50	Q8N884	O23629	O23629	0.999657	0.999204	0.000453	1.0	0.004183	0.004183	0.342716	0.33725
SCF:0000946	AC:000793	A0QS96	A0QSD7	A0QSG1	8wi9-assembly1.cif.gz	11_24	1	19	1	16.522	3.041	PDB_exact_pair_aggregate	0.3617	30_40	P21472	P80372	P62399	0.999934	0.999939	-5e-06	0.0	0.316868	0.37891	0.866289	0.867363
SCF:0000947	AC:000793	A0QS96	A0QSD7	A0QZ86	8wi9-assembly1.cif.gz	11_24	1	19	1	16.522	7.791	same_assembly_bridge	0.2797	20_30	P21472	P80372	A0QZ86	0.988351	0.999939	-0.011588	0.0	0.253929	0.37891	0.328732	0.867363
SCF:0000948	AC:000793	A0QSD7	A0QS96	A0QSG5	8wi9-assembly1.cif.gz	11_24	1	19	1	16.522	2.027	PDB_exact_pair_aggregate	0.3676	30_40	P80372	P21472	Q2FW22	0.999891	0.999939	-4.8e-05	0.0	0.88428	0.37891	0.897271	0.867363
SCF:0000949	AC:000793	A0QSD7	A0QS96	A0QSP9	8wi9-assembly1.cif.gz	11_24	1	19	1	16.522	2.36	PDB_exact_pair_aggregate	0.297	20_30	P80372	P21472	A0QSP9	0.999938	0.999939	-1e-06	0.0	0.758785	0.37891	0.589313	0.867363
SCF:0000950	AC:000794	Q49QC8	Q49QE8	A4GDH1	7amv-assembly1.cif.gz	11_24	1	1	0	49.478	3.011	PDB_exact_pair_aggregate	0.2716	20_30	P68610	Q49QE8	A4GDH1	0.037008	0.018875	0.018133	1.0	0.004178	0.004179	0.586149	0.746702
SCF:0000951	AC:000794	Q49QE8	Q49QC8	Q49PL6	7amv-assembly1.cif.gz	11_24	1	1	0	49.478	2.889	same_assembly_bridge	0.2941	20_30	Q49QE8	P68610	P04310	0.995347	0.018875	0.976472	1.0	0.004175	0.004179	0.137923	0.746702
SCF:0000952	AC:000795	P21464	P21469	P12879	8cee-assembly1.cif.gz	11_24	1	17	1	36.007	3.056	PDB_exact_pair_aggregate	0.2846	20_30	A0QVB8	P17291	Q2FW20	0.999837	0.999862	-2.5e-05	0.0	0.822494	0.88448	0.846146	0.865417
SCF:0000953	AC:000795	P21464	P21469	P21467	8cee-assembly1.cif.gz	11_24	1	17	1	36.007	6.534	same_assembly_bridge	0.2812	20_30	A0QVB8	P17291	Q839E7	0.999891	0.999862	2.9e-05	1.0	0.888953	0.88448	0.875796	0.865417
SCF:0000954	AC:000796	B7GL84	B7GIG3	B7GL96	6z16-assembly1.cif.gz	11_24	1	1	0	9.474	2.469	same_assembly_bridge	0.3088	30_40	B7GL84	B7GIG3	B7GL96	0.998666	0.672167	0.326499	1.0	0.00422	0.008722	0.234102	0.123738
SCF:0000955	AC:000799	P0DOX7	S6B2B6	S6C4R2	5w1k-assembly2.cif.gz	3_10	1	1	0	13.507	2.679	PDB_exact_pair_aggregate	0.7224	ge50	Q8TCD0	S6C4S0	S6C4S0	0.999751	0.999805	-5.4e-05	0.0	0.876152	0.896656	0.800096	0.804353
SCF:0000956	AC:000799	P0DOX7	S6B2B6	S6C4S0	5w1k-assembly2.cif.gz	3_10	1	1	0	13.507	2.441	PDB_exact_pair_aggregate	0.7138	ge50	Q8TCD0	S6C4S0	S6C4S0	0.999867	0.999805	6.2e-05	1.0	0.764971	0.896656	0.726607	0.804353
SCF:0000957	AC:000799	P0DOX7	S6B2B6	Q6GMX6	5w1k-assembly2.cif.gz	3_10	1	1	0	13.507	2.535	PDB_exact_pair_aggregate	0.8943	ge50	Q8TCD0	S6C4S0	Q6N030	0.999853	0.999805	4.8e-05	1.0	0.422506	0.896656	0.852902	0.804353
SCF:0000958	AC:000799	S6B2B6	P0DOX7	Q6PIL8	5w1k-assembly2.cif.gz	3_10	1	1	0	13.507	2.518	PDB_exact_pair_aggregate	0.8152	ge50	S6C4S0	Q8TCD0	Q8TCD0	0.99964	0.999805	-0.000165	0.0	0.791305	0.896656	0.703073	0.804353
SCF:0000959	AC:000799	S6B2B6	P0DOX7	Q6GMX4	5w1k-assembly2.cif.gz	3_10	1	1	0	13.507	2.779	PDB_exact_pair_aggregate	0.4757	40_50	S6C4S0	Q8TCD0	G0YP42	0.999659	0.999805	-0.000146	0.0	0.54187	0.896656	0.758402	0.804353
SCF:0000960	AC:000799	S6B2B6	P0DOX7	Q8N355	5w1k-assembly2.cif.gz	3_10	1	1	0	13.507	2.037	PDB_exact_pair_aggregate	0.4466	40_50	S6C4S0	Q8TCD0	G0YP42	0.999755	0.999805	-5e-05	0.0	0.648715	0.896656	0.693597	0.804353
SCF:0000961	AC:000800	P16685	P16678	P16686	7z19-assembly1.cif.gz	3_10	1	5	1	23.444	2.805	PDB_exact_pair_aggregate	0.3239	30_40	P16685	P16678	P16686	0.361434	0.988017	-0.626583	0.0	0.004176	0.004277	0.498634	0.498929
SCF:0000962	AC:000802	Q9SUI6	Q8LCQ4	Q9SUI4	7wfd-assembly1.cif.gz	11_24	1	2	1	66.549	2.249	PDB_exact_pair_aggregate	0.2981	20_30	A0A2K1JDR4	F2D0D5	A8IL32	0.987681	0.998995	-0.011314	0.0	0.949746	0.927563	0.540964	0.647408
SCF:0000963	AC:000803	Q980T8	P57766	Q97Z84	7rpx-assembly1.cif.gz	3_10	1	3	1	8.475	2.723	PDB_exact_pair_aggregate	0.287	20_30	Q980T8	P57766	Q97Z84	0.994305	0.644065	0.35024	1.0	0.004181	0.004248	0.724952	0.735794
SCF:0000964	AC:000804	A8IJY7	A8J353	A8INX1	7ekq-assembly1.cif.gz	11_24	1	1	0	66.49	4.229	same_assembly_bridge	0.3	30_40	A8IJY7	A8J353	A8INX1	0.269701	0.00025	0.269451	1.0	0.960297	0.00418	0.671971	0.125123
SCF:0000965	AC:000804	A8J353	A8IJY7	A8INX1	7ekq-assembly1.cif.gz	11_24	1	1	0	66.49	4.185	same_assembly_bridge	0.2961	20_30	A8J353	A8IJY7	A8INX1	0.000557	0.00025	0.000307	1.0	0.004175	0.00418	0.490563	0.125123
SCF:0000966	AC:000805	P0A800	P0AG30	P0A7Z4	6z9r-assembly1.cif.gz	11_24	1	9	1	78.862	1.881	PDB_exact_pair_aggregate	0.2957	20_30	P0A800	P0AG30	P0A7Z4	0.005892	0.032373	-0.026481	0.0	0.004178	0.004181	0.678108	0.34452
SCF:0000967	AC:000805	P0A800	P0AG30	A0A377VEN9	6z9r-assembly1.cif.gz	11_24	1	9	1	78.862	2.983	PDB_exact_pair_aggregate	0.2511	20_30	P0A800	P0AG30	A0A377VEN9	0.177148	0.032373	0.144775	1.0	0.004179	0.004181	0.59229	0.34452
SCF:0000968	AC:000806	A0AAN0NP81	A9WEV7	A9WEV4	8k9f-assembly1.cif.gz	3_10	1	3	1	11.592	2.824	same_assembly_bridge	0.2786	20_30	A0AAN0NP81	A9WEV7	A9WEV4	0.608951	0.06875	0.540201	1.0	0.004349	0.04926	0.192281	0.291913
SCF:0000969	AC:000807	P40422	Q04307	P27999	7z0h-assembly1.cif.gz	11_24	1	24	1	30.456	2.309	PDB_exact_pair_aggregate	0.3404	30_40	P40422	Q9Y2Y1	C4QY79	0.999768	0.999445	0.000323	1.0	0.013232	0.1889	0.744985	0.711314
SCF:0000970	AC:000807	P40422	Q04307	P32529	7z0h-assembly1.cif.gz	11_24	1	24	1	30.456	2.482	PDB_exact_pair_aggregate	0.3333	30_40	P40422	Q9Y2Y1	P32529	0.999733	0.999445	0.000288	1.0	0.004206	0.1889	0.436231	0.711314
SCF:0000971	AC:000808	A0A4V8GZZ2	A0A4V8H001	A0A4V8GZZ8	6igz-assembly1.cif.gz	11_24	1	3	1	29.925	2.217	same_assembly_bridge	0.4222	40_50	A0T0M8	Q75VY8	I0YPL4	0.999817	0.997187	0.00263	1.0	0.004507	0.013946	0.070199	0.304544
SCF:0000972	AC:000809	P37382	Q09191	Q10317	8qsz-assembly1.cif.gz	11_24	1	2	1	46.721	1.105	PDB_exact_pair_aggregate	0.2465	20_30	P37382	Q09191	Q10317	0.999824	0.999928	-0.000104	0.0	0.004176	0.004176	0.559194	0.48334
SCF:0000973	AC:000810	P53330	P32591	P43609	7egp-assembly1.cif.gz	11_24	1	3	1	47.381	2.504	PDB_exact_pair_aggregate	0.3595	30_40	P53330	P32591	P43609	0.272489	0.285533	-0.013044	0.0	0.004181	0.004179	0.547428	0.542695
SCF:0000974	AC:000810	P53330	P32591	P53628	7egp-assembly1.cif.gz	11_24	1	3	1	47.381	3.173	same_assembly_bridge	0.3138	30_40	P53330	P32591	P53628	0.002277	0.285533	-0.283256	0.0	0.004174	0.004179	0.167445	0.542695
SCF:0000975	AC:000810	P53330	P32591	Q02206	7egp-assembly1.cif.gz	11_24	1	3	1	47.381	3.955	PDB_exact_pair_aggregate	0.2973	20_30	P53330	P32591	Q02206	0.163956	0.285533	-0.121577	0.0	0.004182	0.004179	0.077629	0.542695
SCF:0000976	AC:000812	Q9Y265	P06899	Q16778	7zi4-assembly1.cif.gz	11_24	1	2	1	30.93	2.612	PDB_exact_pair_aggregate	0.9921	ge50	Q9Y265	O23629	O23629	0.9985	0.999092	-0.000592	0.0	0.48368	0.415326	0.72913	0.728058
SCF:0000977	AC:000812	Q9Y265	P06899	P04908	7zi4-assembly1.cif.gz	11_24	1	2	1	30.93	3.117	same_assembly_bridge	0.3855	30_40	Q9Y265	O23629	P0C0S5	0.999451	0.999092	0.000359	1.0	0.968652	0.415326	0.769821	0.728058
SCF:0000978	AC:000812	Q9Y265	P06899	P68431	7zi4-assembly1.cif.gz	11_24	1	2	1	30.93	2.472	PDB_exact_pair_aggregate	0.3	30_40	Q9Y265	O23629	P02299	0.999763	0.999092	0.000671	1.0	0.186674	0.415326	0.790499	0.728058
SCF:0000979	AC:000813	S6B2B6	S6C4R2	S6C4S0	5w1k-assembly2.cif.gz	3_10	1	1	0	9.011	2.773	PDB_exact_pair_aggregate	0.7595	ge50	S6C4S0	S6C4S0	S6C4S0	0.999881	0.999863	1.8e-05	1.0	0.487412	0.250096	0.682195	0.703754
SCF:0000980	AC:000813	S6B2B6	S6C4R2	Q6GMX4	5w1k-assembly2.cif.gz	3_10	1	1	0	9.011	2.779	PDB_exact_pair_aggregate	0.3925	30_40	S6C4S0	S6C4S0	G0YP42	0.999659	0.999863	-0.000204	0.0	0.54187	0.250096	0.758402	0.703754
SCF:0000981	AC:000813	S6B2B6	S6C4R2	Q8N355	5w1k-assembly2.cif.gz	3_10	1	1	0	9.011	2.037	PDB_exact_pair_aggregate	0.367	30_40	S6C4S0	S6C4S0	G0YP42	0.999755	0.999863	-0.000108	0.0	0.648715	0.250096	0.693597	0.703754
SCF:0000982	AC:000813	S6C4R2	S6B2B6	Q7Z3Y4	5w1k-assembly2.cif.gz	3_10	1	1	0	9.011	2.518	PDB_exact_pair_aggregate	0.3209	30_40	S6C4S0	S6C4S0	Q8TCD0	0.999659	0.999863	-0.000204	0.0	0.381513	0.250096	0.856586	0.703754
SCF:0000983	AC:000813	S6C4R2	S6B2B6	P0DOX7	5w1k-assembly2.cif.gz	3_10	1	1	0	9.011	2.679	PDB_exact_pair_aggregate	0.3168	30_40	S6C4S0	S6C4S0	Q8TCD0	0.999751	0.999863	-0.000112	0.0	0.876152	0.250096	0.800096	0.703754
SCF:0000984	AC:000814	Q86X83	Q8N668	Q9GZQ3	8p0w-assembly1.cif.gz	11_24	1	3	1	20.136	2.307	PDB_exact_pair_aggregate	0.234	20_30	Q86X83	Q8N668	Q9GZQ3	0.999932	0.999925	7e-06	1.0	0.004176	0.004176	0.737012	0.67985
SCF:0000985	AC:000814	Q86X83	Q8N668	Q9H0A8	8p0w-assembly1.cif.gz	11_24	1	3	1	20.136	3.008	same_assembly_bridge	0.2148	20_30	Q86X83	Q8N668	Q9H0A8	0.999918	0.999925	-7e-06	0.0	0.004174	0.004176	0.75195	0.67985
SCF:0000986	AC:000814	Q86X83	Q8N668	Q9NX08	8p0w-assembly1.cif.gz	11_24	1	3	1	20.136	2.649	PDB_exact_pair_aggregate	0.2109	20_30	Q86X83	Q8N668	Q9NX08	0.999939	0.999925	1.4e-05	1.0	0.004175	0.004176	0.74094	0.67985
SCF:0000987	AC:000814	Q8N668	Q86X83	Q86VX2	8p0w-assembly1.cif.gz	11_24	1	3	1	20.136	2.379	PDB_exact_pair_aggregate	0.2635	20_30	Q8N668	Q86X83	Q86VX2	0.999836	0.999925	-8.9e-05	0.0	0.004176	0.004176	0.766028	0.67985
SCF:0000988	AC:000814	Q8N668	Q86X83	Q9NX08	8p0w-assembly1.cif.gz	11_24	1	3	1	20.136	3.025	PDB_exact_pair_aggregate	0.2569	20_30	Q8N668	Q86X83	Q9NX08	0.999917	0.999925	-8e-06	0.0	0.004178	0.004176	0.750309	0.67985
SCF:0000989	AC:000814	Q8N668	Q86X83	Q9P000	8p0w-assembly1.cif.gz	11_24	1	3	1	20.136	2.379	PDB_exact_pair_aggregate	0.2556	20_30	Q8N668	Q86X83	Q9P000	0.999823	0.999925	-0.000102	0.0	0.004177	0.004176	0.763941	0.67985
SCF:0000990	AC:000815	P38550	A0A1S3YEW3	A0A1S3XP85	8wa1-assembly1.cif.gz	11_24	1	1	0	22.883	2.565	PDB_exact_pair_aggregate	0.3019	30_40	P11704	A0A1S3YEW3	A0A1S3X2G3	0.024918	8.5e-05	0.024833	1.0	0.004178	0.004176	0.474695	0.104039
SCF:0000991	AC:000819	P28066	Q96P70	Q13200	9qoo-assembly1.cif.gz	11_24	1	2	1	8.119	2.283	PDB_exact_pair_aggregate	0.2917	20_30	P28066	Q96P70	Q13200	0.999889	0.000214	0.999675	1.0	0.022192	0.004182	0.727996	0.718396
SCF:0000992	AC:000819	P28066	Q96P70	Q99460	9qoo-assembly1.cif.gz	11_24	1	2	1	8.119	2.384	PDB_exact_pair_aggregate	0.2794	20_30	P28066	Q96P70	Q99460	0.999856	0.000214	0.999642	1.0	0.086826	0.004182	0.743959	0.718396
SCF:0000993	AC:000819	Q96P70	P28066	P25787	9qoo-assembly1.cif.gz	11_24	1	2	1	8.119	3.244	PDB_exact_pair_aggregate	0.3333	30_40	Q96P70	P28066	P25787	0.000873	0.000214	0.000659	1.0	0.004193	0.004182	0.595307	0.718396
SCF:0000994	AC:000820	A0A0D9RB67	A0A0D9R493	A0A0D9RSN1	9h8t-assembly1.cif.gz	11_24	1	1	0	27.515	2.516	PDB_exact_pair_aggregate	0.2701	20_30	Q2EN79	D0VX29	A0A8D0PK14	0.999428	0.999727	-0.000299	0.0	0.077866	0.163082	0.776488	0.79938
SCF:0000995	AC:000821	A0A2P6TMX4	A0A2P6U4S6	A0A2P6U0J1	6zzx-assembly1.cif.gz	11_24	1	2	1	43.163	3.236	PDB_exact_pair_aggregate	0.4225	40_50	A0A4V8H004	A0A4V8H007	P14225	0.999027	0.999436	-0.000409	0.0	0.852391	0.006187	0.653409	0.643949
SCF:0000996	AC:000822	A8IFG7	Q75VY6	A8ITV3	7bgi-assembly1.cif.gz	11_24	1	15	1	37.948	3.19	PDB_exact_pair_aggregate	0.4872	40_50	A8IFG7	A0A4V8H000	A8ITV3	0.999456	0.990509	0.008947	1.0	0.004195	0.004523	0.118268	0.139969
SCF:0000997	AC:000822	A8IFG7	Q75VY6	A8IKC8	7bgi-assembly1.cif.gz	11_24	1	15	1	37.948	2.492	PDB_exact_pair_aggregate	0.486	40_50	A8IFG7	A0A4V8H000	A0A4V8H004	0.988178	0.990509	-0.002331	0.0	0.004221	0.004523	0.13284	0.139969
SCF:0000998	AC:000824	Q9FJ98	Q39212	Q39211	8hyj-assembly1.cif.gz	11_24	1	1	0	32.183	3.458	PDB_exact_pair_aggregate	0.884	ge50	A0A4X1VEK9	Q39212	Q39212	0.999782	0.999849	-6.7e-05	0.0	0.05666	0.006784	0.606131	0.550023
SCF:0000999	AC:000827	P75560	P75131	Q50297	7ooc-assembly1.cif.gz	11_24	1	32	1	28.962	3.077	PDB_exact_pair_aggregate	0.2877	20_30	P75560	P75131	B7IA17	0.999915	0.999856	5.9e-05	1.0	0.844054	0.930192	0.759265	0.827301
SCF:0001000	AC:000828	O60925	P40227	P49368	6nrd-assembly1.cif.gz	11_24	1	3	1	20.925	2.352	same_assembly_bridge	0.314	30_40	O60925	P40227	Q3T0K2	0.999922	0.999895	2.7e-05	1.0	0.005524	0.006482	0.515353	0.402288
SCF:0001001	AC:000828	O60925	P40227	P17987	6nrd-assembly1.cif.gz	11_24	1	3	1	20.925	2.929	PDB_exact_pair_aggregate	0.3085	30_40	O60925	P40227	Q32L40	0.999882	0.999895	-1.3e-05	0.0	0.008985	0.006482	0.796251	0.402288
SCF:0001002	AC:000828	P40227	O60925	Q9UHV9	6nrd-assembly1.cif.gz	11_24	1	3	1	20.925	2.763	PDB_exact_pair_aggregate	0.3625	30_40	P40227	O60925	Q9UHV9	0.999897	0.999895	2e-06	1.0	0.004295	0.006482	0.270296	0.402288
SCF:0001003	AC:000828	P40227	O60925	O15212	6nrd-assembly1.cif.gz	11_24	1	3	1	20.925	2.306	PDB_exact_pair_aggregate	0.2778	20_30	P40227	O60925	O15212	0.99987	0.999895	-2.5e-05	0.0	0.004188	0.006482	0.665094	0.402288
SCF:0001004	AC:000828	P40227	O60925	Q99471	6nrd-assembly1.cif.gz	11_24	1	3	1	20.925	2.722	PDB_exact_pair_aggregate	0.2455	20_30	P40227	O60925	Q99471	0.999866	0.999895	-2.9e-05	0.0	0.004181	0.006482	0.356407	0.402288
SCF:0001005	AC:000829	P92558	Q9C6B3	Q9SMN1	7aqq-assembly1.cif.gz	11_24	1	7	1	8.383	2.415	same_assembly_bridge	0.4182	40_50	P92558	Q9C6B3	Q9SMN1	0.999223	0.040147	0.959076	1.0	0.910267	0.004252	0.095314	0.144469
SCF:0001006	AC:000829	P92558	Q9C6B3	Q9SK66	7aqq-assembly1.cif.gz	11_24	1	7	1	8.383	3.842	PDB_exact_pair_aggregate	0.2863	20_30	P92558	Q9C6B3	Q9SK66	0.999725	0.040147	0.959578	1.0	0.047066	0.004252	0.250668	0.144469
SCF:0001007	AC:000829	Q9C6B3	P92558	O05000	7aqq-assembly1.cif.gz	11_24	1	7	1	8.383	2.181	PDB_exact_pair_aggregate	0.304	30_40	Q9C6B3	P92558	O05000	0.047798	0.040147	0.007651	1.0	0.119994	0.004252	0.072863	0.144469
SCF:0001008	AC:000830	E2RXU4	A0A069PXX1	A0A2V3F2U6	6spc-assembly1.cif.gz	11_24	1	3	1	34.485	1.764	same_assembly_bridge	0.321	30_40	Q50296	C3SRY2	P17291	0.99994	0.999942	-2e-06	0.0	0.730409	0.85305	0.000135	0.043042
SCF:0001009	AC:000830	E2RXU4	A0A069PXX1	A0A2V3DLV3	6spc-assembly1.cif.gz	11_24	1	3	1	34.485	3.268	PDB_exact_pair_aggregate	0.2836	20_30	Q50296	C3SRY2	A0A2V3DLV3	0.999943	0.999942	1e-06	1.0	0.726052	0.85305	0.738888	0.043042
SCF:0001010	AC:000832	A0A0F6NGI2	E1C9L3	A0A0M3KL10	6zxs-assembly1.cif.gz	11_24	1	6	1	36.733	2.594	PDB_exact_pair_aggregate	0.4	40_50	T1RIQ1	E1C9L3	A0A0M3KL10	0.988458	0.213181	0.775277	1.0	0.234546	0.018398	0.44362	0.041588
SCF:0001011	AC:000832	A0A0F6NGI2	E1C9L3	A0A0M3KL13	6zxs-assembly1.cif.gz	11_24	1	6	1	36.733	2.607	PDB_exact_pair_aggregate	0.3425	30_40	T1RIQ1	E1C9L3	A0A0M3KL13	0.998093	0.213181	0.784912	1.0	0.026696	0.018398	0.216733	0.041588
SCF:0001012	AC:000832	E1C9L3	A0A0F6NGI2	P05310	6zxs-assembly1.cif.gz	11_24	1	6	1	36.733	2.872	PDB_exact_pair_aggregate	0.5233	ge50	E1C9L3	T1RIQ1	A0T0M8	0.977834	0.213181	0.764653	1.0	0.067896	0.018398	0.054078	0.041588
SCF:0001013	AC:000832	E1C9L3	A0A0F6NGI2	A0A0F6NFW5	6zxs-assembly1.cif.gz	11_24	1	6	1	36.733	2.859	same_assembly_bridge	0.5149	ge50	E1C9L3	T1RIQ1	A0T0M8	0.977762	0.213181	0.764581	1.0	0.041723	0.018398	0.056722	0.041588
SCF:0001014	AC:000833	P19569	P74564	P72712	6hqb-assembly1.cif.gz	11_24	1	7	1	13.561	4.721	PDB_exact_pair_aggregate	0.4405	40_50	E1C9K8	P74564	P72712	0.011266	0.00076	0.010506	1.0	0.004186	0.004194	0.251234	0.332284
SCF:0001015	AC:000836	P16002	Q32904	Q41038	6zoo-assembly1.cif.gz	11_24	1	2	1	48.239	3.421	PDB_exact_pair_aggregate	0.4483	40_50	P16002	A0A2K1IB10	F2D0D5	0.998535	0.989721	0.008814	1.0	0.004193	0.004192	0.401223	0.398187
SCF:0001016	AC:000836	P16002	Q32904	Q01667	6zoo-assembly1.cif.gz	11_24	1	2	1	48.239	2.414	PDB_exact_pair_aggregate	0.4455	40_50	P16002	A0A2K1IB10	A0A9R0J8B1	0.999449	0.989721	0.009728	1.0	0.014008	0.004192	0.227345	0.398187
SCF:0001017	AC:000836	Q32904	P16002	P09911	6zoo-assembly1.cif.gz	11_24	1	2	1	48.239	2.447	PDB_exact_pair_aggregate	0.3131	30_40	A0A2K1IB10	P16002	P07839	0.477158	0.989721	-0.512563	0.0	0.9778	0.004192	0.759681	0.398187
SCF:0001018	AC:000837	A0A063X745	A0A063XCG5	A0A063X754	9p4i-assembly1.cif.gz	11_24	1	2	1	23.964	3.544	PDB_exact_pair_aggregate	0.2658	20_30	A0A063X745	A0A063XCG5	A0A063X754	0.999678	0.999819	-0.000141	0.0	0.329271	0.826216	0.816406	0.412175
SCF:0001019	AC:000838	D7P6B9	D7P897	D8V7I2	6rda-assembly1.cif.gz	11_24	1	3	1	76.961	2.317	PDB_exact_pair_aggregate	0.3158	30_40	D7P6B9	D7P897	D8V7I2	0.000653	0.000387	0.000266	1.0	0.004183	0.00422	0.04937	0.014912
SCF:0001020	AC:000839	E9NPX1	I0YP72	I0YQ46	9kqp-assembly1.cif.gz	11_24	1	1	0	17.655	3.267	PDB_exact_pair_aggregate	0.4834	40_50	E9NPX1	A8ITV3	Q84Y02	0.999716	0.119127	0.880589	1.0	0.004367	0.004712	0.616995	0.61339
SCF:0001021	AC:000839	E9NPX1	I0YP72	I0YQ44	9kqp-assembly1.cif.gz	11_24	1	1	0	17.655	3.698	PDB_exact_pair_aggregate	0.4631	40_50	E9NPX1	A8ITV3	Q84Y02	0.284747	0.119127	0.16562	1.0	0.006112	0.004712	0.581799	0.61339
SCF:0001022	AC:000840	D0FXV2	Q56D18	C1K004	9mgw-assembly1.cif.gz	11_24	1	1	0	21.699	2.611	PDB_exact_pair_aggregate	0.5413	ge50	A0T0M8	Q56D18	I0YPL4	0.99929	0.998714	0.000576	1.0	0.026267	0.004813	0.397087	0.4327
SCF:0001023	AC:000841	P9WPV1	P9WPV3	P9WPU7	8jr0-assembly1.cif.gz	11_24	1	3	1	11.127	2.363	PDB_exact_pair_aggregate	0.3134	30_40	P9WPV1	P9WPV3	P9WPU7	0.999118	0.96422	0.034898	1.0	0.004184	0.004191	0.32057	0.057897
SCF:0001024	AC:000841	P9WPV1	P9WPV3	P9WPU9	8jr0-assembly1.cif.gz	11_24	1	3	1	11.127	2.638	PDB_exact_pair_aggregate	0.3231	30_40	P9WPV1	P9WPV3	P9WPU9	0.993537	0.96422	0.029317	1.0	0.004189	0.004191	0.498934	0.057897
SCF:0001025	AC:000841	P9WPV3	P9WPV1	P9WPV5	8jr0-assembly1.cif.gz	11_24	1	3	1	11.127	2.876	same_assembly_bridge	0.2636	20_30	P9WPV3	P9WPV1	A0R204	0.990348	0.96422	0.026128	1.0	0.060191	0.004191	0.709868	0.057897
SCF:0001026	AC:000842	Q9XFH4	Q9FJE8	P06897	8kcc-assembly1.cif.gz	3_10	1	3	1	16.639	2.467	PDB_exact_pair_aggregate	0.7008	ge50	Q9XFH4	P0C0S5	P0C0S5	0.911838	0.987375	-0.075537	0.0	0.103651	0.096091	0.509646	0.480453
SCF:0001027	AC:000842	Q9XFH4	Q9FJE8	P02281	8kcc-assembly1.cif.gz	3_10	1	3	1	16.639	3.306	PDB_exact_pair_aggregate	0.413	40_50	Q9XFH4	P0C0S5	O23629	0.953317	0.987375	-0.034058	0.0	0.004184	0.096091	0.793243	0.480453
SCF:0001028	AC:000842	Q9XFH4	Q9FJE8	P84233	8kcc-assembly1.cif.gz	3_10	1	3	1	16.639	2.742	PDB_exact_pair_aggregate	0.2921	20_30	Q9XFH4	P0C0S5	P02299	0.998334	0.987375	0.010959	1.0	0.018497	0.096091	0.166494	0.480453
SCF:0001029	AC:000844	P47822	Q12321	P32569	7uig-assembly1.cif.gz	11_24	1	4	1	43.52	2.76	PDB_exact_pair_aggregate	0.2847	20_30	P47822	Q12321	P32569	0.999926	0.999282	0.000644	1.0	0.004186	0.004185	0.202927	0.499484
SCF:0001030	AC:000844	Q12321	P47822	P33308	7uig-assembly1.cif.gz	11_24	1	4	1	43.52	2.112	same_assembly_bridge	0.3085	30_40	Q12321	P47822	P33308	0.994445	0.999282	-0.004837	0.0	0.00418	0.004185	0.250963	0.499484
SCF:0001031	AC:000847	A0A4V8H008	A0A4V8H010	A0A1L2EDU0	9k1e-assembly1.cif.gz	11_24	1	3	1	37.922	3.038	PDB_exact_pair_aggregate	0.4	40_50	P12356	E9NPX1	A0A1L2EDU0	0.030727	0.056636	-0.025909	0.0	0.004174	0.004207	0.250528	0.428902
SCF:0001032	AC:000847	A0A4V8H008	A0A4V8H010	A0A0D6E2L8	9k1e-assembly1.cif.gz	11_24	1	3	1	37.922	3.608	PDB_exact_pair_aggregate	0.4	40_50	P12356	E9NPX1	A0A1L2EDU0	0.030727	0.056636	-0.025909	0.0	0.004174	0.004207	0.250528	0.428902
SCF:0001033	AC:000847	A0A4V8H010	A0A4V8H008	A0A4V8GZZ5	9k1e-assembly1.cif.gz	11_24	1	3	1	37.922	3.186	PDB_exact_pair_aggregate	0.3137	30_40	E9NPX1	P12356	A8IL32	0.797902	0.056636	0.741266	1.0	0.006098	0.004207	0.563579	0.428902
SCF:0001034	AC:000850	Q2G111	Q2FW23	P48940	7kwg-assembly1.cif.gz	11_24	1	16	1	41.865	3.054	PDB_exact_pair_aggregate	0.3913	30_40	A0A2V3DLV3	Q839E7	P17291	0.999943	0.999889	5.4e-05	1.0	0.915574	0.741837	0.760703	0.800656
SCF:0001035	AC:000850	Q2G111	Q2FW23	Q2FW31	7kwg-assembly1.cif.gz	11_24	1	16	1	41.865	2.781	PDB_exact_pair_aggregate	0.3535	30_40	A0A2V3DLV3	Q839E7	Q50296	0.999936	0.999889	4.7e-05	1.0	0.800368	0.741837	0.803791	0.800656
SCF:0001036	AC:000853	F5HRS7	A0A063X781	A0A063XCH0	9p4i-assembly1.cif.gz	11_24	1	1	0	18.879	3.115	PDB_exact_pair_aggregate	0.283	20_30	P0CI78	A0A063X781	A0A063XCH0	0.999938	0.999897	4.1e-05	1.0	0.267919	0.530748	0.828464	0.002096
SCF:0001037	AC:000857	P25043	P36040	P28062	9rm0-assembly1.cif.gz	11_24	1	6	1	8.103	3.53	PDB_exact_pair_aggregate	0.271	20_30	P25043	P36040	P28074	0.99991	0.999832	7.8e-05	1.0	0.807572	0.00418	0.75752	0.679282
SCF:0001038	AC:000857	P36040	P25043	P21242	9rm0-assembly1.cif.gz	11_24	1	6	1	8.103	2.344	PDB_exact_pair_aggregate	0.345	30_40	P36040	P25043	P25788	0.997947	0.999832	-0.001885	0.0	0.004181	0.00418	0.598201	0.679282
SCF:0001039	AC:000857	P36040	P25043	P23638	9rm0-assembly1.cif.gz	11_24	1	6	1	8.103	3.06	PDB_exact_pair_aggregate	0.3232	30_40	P36040	P25043	P23638	0.999738	0.999832	-9.4e-05	0.0	0.004183	0.00418	0.527567	0.679282
SCF:0001040	AC:000857	P36040	P25043	P30656	9rm0-assembly1.cif.gz	11_24	1	6	1	8.103	2.83	PDB_exact_pair_aggregate	0.315	30_40	P36040	P25043	P30656	0.998964	0.999832	-0.000868	0.0	0.004179	0.00418	0.307828	0.679282
SCF:0001041	AC:000858	P13393	P35718	P20434	6eu0-assembly1.cif.gz	11_24	1	5	1	42.728	2.268	PDB_exact_pair_aggregate	0.271	20_30	P13393	P35718	Q09191	0.203809	0.240029	-0.03622	0.0	0.021287	0.017837	0.659854	0.785599
SCF:0001042	AC:000858	P13393	P35718	P32773	6eu0-assembly1.cif.gz	11_24	1	5	1	42.728	1.742	PDB_exact_pair_aggregate	0.2432	20_30	P13393	P35718	P32773	0.999617	0.240029	0.759588	1.0	0.004334	0.017837	0.703406	0.785599
SCF:0001043	AC:000858	P35718	P13393	P47076	6eu0-assembly1.cif.gz	11_24	1	5	1	42.728	2.223	PDB_exact_pair_aggregate	0.2869	20_30	P35718	P13393	P47076	0.999914	0.240029	0.759885	1.0	0.007155	0.017837	0.768311	0.785599
SCF:0001044	AC:000858	P35718	P13393	P20435	6eu0-assembly1.cif.gz	11_24	1	5	1	42.728	2.44	PDB_exact_pair_aggregate	0.2439	20_30	P35718	P13393	A0A4X1VEK9	0.99992	0.240029	0.759891	1.0	0.058211	0.017837	0.660843	0.785599
SCF:0001045	AC:000859	A0A2K3E6S5	P32974	P37256	9iiu-assembly1.cif.gz	11_24	1	3	1	8.757	2.693	PDB_exact_pair_aggregate	0.3333	30_40	A0A2K3E6S5	P32974	O19927	0.001597	0.00075	0.000847	1.0	0.00419	0.005577	0.10305	0.085141
SCF:0001046	AC:000860	P10793	A0A0H2UKZ4	A0A0M3KL12	4rku-assembly1.cif.gz	11_24	1	1	0	12.876	2.653	PDB_exact_pair_aggregate	1.0	ge50	A0A4V8H005	A0A0H2UKZ4	A0A0H2UKZ4	0.823286	0.036792	0.786494	1.0	0.006144	0.007397	0.00462	0.00428
SCF:0001047	AC:000860	P10793	A0A0H2UKZ4	B7FRW2	4rku-assembly1.cif.gz	11_24	1	1	0	12.876	2.637	PDB_exact_pair_aggregate	0.3462	30_40	A0A4V8H005	A0A0H2UKZ4	B7FRW2	0.867859	0.036792	0.831067	1.0	0.004781	0.007397	0.001054	0.00428
SCF:0001048	AC:000862	P14224	Q39615	Q93WL4	8h2u-assembly1.cif.gz	11_24	1	15	1	9.465	3.358	PDB_exact_pair_aggregate	0.3158	30_40	P14224	A5Z2K3	A9RT62	0.999859	0.99701	0.002849	1.0	0.055051	0.042576	0.420973	0.088121
SCF:0001049	AC:000862	Q39615	P14224	P14225	8h2u-assembly1.cif.gz	11_24	1	15	1	9.465	2.931	PDB_exact_pair_aggregate	0.4242	40_50	A5Z2K3	P14224	P14225	0.999614	0.99701	0.002604	1.0	0.012979	0.042576	0.017592	0.088121
SCF:0001050	AC:000864	A0A0F6NGI2	Q41038	Q01667	6zxs-assembly1.cif.gz	11_24	1	2	1	30.065	3.481	PDB_exact_pair_aggregate	0.4619	40_50	T1RIQ1	F2D0D5	A0A9R0J8B1	0.999491	0.998735	0.000756	1.0	0.206055	0.109528	0.49607	0.4486
SCF:0001051	AC:000864	Q41038	A0A0F6NGI2	P05310	6zxs-assembly1.cif.gz	11_24	1	2	1	30.065	0.584	PDB_exact_pair_aggregate	0.5233	ge50	F2D0D5	T1RIQ1	A0T0M8	0.999328	0.998735	0.000593	1.0	0.162278	0.109528	0.424298	0.4486
SCF:0001052	AC:000868	P08980	P00289	P00166	9tgg-assembly1.cif.gz	11_24	1	1	0	35.47	2.602	PDB_exact_pair_aggregate	0.3483	30_40	P08980	P16002	P00166	0.965739	0.99848	-0.032741	0.0	0.006873	0.928433	0.26391	0.093355
SCF:0001053	AC:000869	Q99627	Q8IY47	Q13619	8h3f-assembly1.cif.gz	11_24	1	3	1	24.945	2.743	PDB_exact_pair_aggregate	0.2768	20_30	Q99627	Q8IY47	Q13619	0.996746	0.010192	0.986554	1.0	0.004177	0.004181	0.598729	0.126486
SCF:0001054	AC:000871	Q99627	Q13618	Q13619	8h3a-assembly1.cif.gz	11_24	1	4	1	36.292	2.743	PDB_exact_pair_aggregate	0.4252	40_50	Q99627	Q13618	Q13619	0.996746	0.994521	0.002225	1.0	0.004177	0.004177	0.598729	0.719781
SCF:0001055	AC:000871	Q99627	Q13618	Q13616	8h3a-assembly1.cif.gz	11_24	1	4	1	36.292	2.506	PDB_exact_pair_aggregate	0.3668	30_40	Q99627	Q13618	Q13616	0.998925	0.994521	0.004404	1.0	0.004176	0.004177	0.698675	0.719781
SCF:0001056	AC:000873	Q9NZ42	Q8WW43	Q96BI3	8oqy-assembly1.cif.gz	3_10	1	2	1	17.606	2.194	PDB_exact_pair_aggregate	0.581	ge50	Q9NZ42	Q8WW43	Q8WW43	0.914624	0.999771	-0.085147	0.0	0.004195	0.004188	0.441661	0.552201
SCF:0001057	AC:000874	P27999	Q02792	P19263	8k5p-assembly1.cif.gz	11_24	1	2	1	22.298	2.263	PDB_exact_pair_aggregate	0.2799	20_30	C4QY79	C4R5R1	P19263	0.999614	0.999119	0.000495	1.0	0.004181	0.004187	0.64834	0.550888
SCF:0001058	AC:000875	Q32NC0	Q969H6	O95059	9uha-assembly1.cif.gz	11_24	1	3	1	45.4	3.178	PDB_exact_pair_aggregate	0.2673	20_30	Q32NC0	Q969H6	O95059	0.99991	0.999732	0.000178	1.0	0.004174	0.004174	0.439843	0.744315
SCF:0001059	AC:000876	P02557	P53378	P09733	8qv3-assembly1.cif.gz	11_24	1	2	1	34.207	2.664	same_assembly_bridge	0.3233	30_40	P07437	P53378	P09733	0.999753	0.996449	0.003304	1.0	0.904186	0.965601	0.775957	0.733444
SCF:0001060	AC:000876	P53378	P02557	P09733	8qv3-assembly1.cif.gz	11_24	1	2	1	34.207	2.427	same_assembly_bridge	0.4319	40_50	P53378	P07437	P09733	0.993847	0.996449	-0.002602	0.0	0.921295	0.965601	0.725464	0.733444
SCF:0001061	AC:000877	P63096	Q99731	P09341	9ko2-assembly1.cif.gz	3_10	1	1	0	30.096	2.531	PDB_exact_pair_aggregate	0.3125	30_40	P50148	Q99731	P09341	0.999045	0.817732	0.181313	1.0	0.004235	0.004177	0.498943	0.498842
SCF:0001062	AC:000877	P63096	Q99731	P48061	9ko2-assembly1.cif.gz	3_10	1	1	0	30.096	2.591	PDB_exact_pair_aggregate	0.2857	20_30	P50148	Q99731	P48061	0.99913	0.817732	0.181398	1.0	0.004251	0.004177	0.49883	0.498842
SCF:0001063	AC:000877	P63096	Q99731	P22362	9ko2-assembly1.cif.gz	3_10	1	1	0	30.096	2.199	PDB_exact_pair_aggregate	0.2791	20_30	P50148	Q99731	P22362	0.927421	0.817732	0.109689	1.0	0.004191	0.004177	0.498839	0.498842
SCF:0001064	AC:000880	Q22MV2	Q24DI9	Q1HFV9	6zyw-assembly1.cif.gz	11_24	1	1	0	44.061	4.845	PDB_exact_pair_aggregate	1.0	ge50	Q22MV2	Q24DI9	Q24DI9	0.025082	0.025082	0.0	0.5	0.004175	0.004175	0.174022	0.174022
SCF:0001065	AC:000880	Q22MV2	Q24DI9	Q1HFW2	6zyw-assembly1.cif.gz	11_24	1	1	0	44.061	2.698	PDB_exact_pair_aggregate	0.3625	30_40	Q22MV2	Q24DI9	Q1HFW2	0.04328	0.025082	0.018198	1.0	0.004179	0.004175	0.360189	0.174022
SCF:0001066	AC:000880	Q22MV2	Q24DI9	W7XJB1	6zyw-assembly1.cif.gz	11_24	1	1	0	44.061	2.709	PDB_exact_pair_aggregate	0.32	30_40	Q22MV2	Q24DI9	W7XJB1	0.990347	0.025082	0.965265	1.0	0.004174	0.004175	0.174015	0.174022
SCF:0001067	AC:000881	P52434	P06899	O75575	8xrj-assembly1.cif.gz	11_24	1	2	1	85.145	2.254	PDB_exact_pair_aggregate	0.2727	20_30	A0A8D1AQR7	O23629	O75575	0.999886	0.999615	0.000271	1.0	0.480745	0.004711	0.759923	0.650183
SCF:0001068	AC:000883	Q1HFX4	Q1HFW0	Q1HFW2	7k5b-assembly1.cif.gz	11_24	1	2	1	41.473	1.231	PDB_exact_pair_aggregate	0.3953	30_40	Q1HFX4	Q24CE5	Q1HFW2	0.003331	0.005017	-0.001686	0.0	0.004191	0.004186	0.664764	0.497183
SCF:0001069	AC:000883	Q1HFX4	Q1HFW0	W7XJB1	7k5b-assembly1.cif.gz	11_24	1	2	1	41.473	3.41	PDB_exact_pair_aggregate	0.3625	30_40	Q1HFX4	Q24CE5	W7XJB1	0.00038	0.005017	-0.004637	0.0	0.004182	0.004186	0.49785	0.497183
SCF:0001070	AC:000883	Q1HFX4	Q1HFW0	Q22R86	7k5b-assembly1.cif.gz	11_24	1	2	1	41.473	3.409	PDB_exact_pair_aggregate	0.3247	30_40	Q1HFX4	Q24CE5	Q22R86	0.001271	0.005017	-0.003746	0.0	0.004192	0.004186	0.497825	0.497183
SCF:0001071	AC:000884	A9SL09	A0A2K1K0C7	A9RT62	6l35-assembly1.cif.gz	11_24	1	2	1	70.208	3.286	PDB_exact_pair_aggregate	0.4464	40_50	A0A2K1JDR4	F2D0D5	A9RT62	0.999685	0.999377	0.000308	1.0	0.944883	0.952253	0.636163	0.614681
SCF:0001072	AC:000884	A9SL09	A0A2K1K0C7	A0A2K1IAD0	6l35-assembly1.cif.gz	11_24	1	2	1	70.208	2.314	PDB_exact_pair_aggregate	0.2993	20_30	A0A2K1JDR4	F2D0D5	A8IL32	0.992507	0.999377	-0.00687	0.0	0.962763	0.952253	0.490335	0.614681
SCF:0001073	AC:000885	A8IJ60	A8IJY7	A0A2K3DG79	7ekq-assembly1.cif.gz	11_24	1	1	0	17.086	2.967	same_assembly_bridge	0.4455	40_50	A8IJ60	A8IJY7	A0A2K3DG79	0.13096	0.029087	0.101873	1.0	0.964245	0.950659	0.675007	0.579882
SCF:0001074	AC:000885	A8IJ60	A8IJY7	A8IL21	7ekq-assembly1.cif.gz	11_24	1	1	0	17.086	2.199	PDB_exact_pair_aggregate	0.2965	20_30	A8IJ60	A8IJY7	A8IL21	0.999913	0.029087	0.970826	1.0	0.93146	0.950659	0.768349	0.579882
SCF:0001075	AC:000885	A8IJ60	A8IJY7	A8INX1	7ekq-assembly1.cif.gz	11_24	1	1	0	17.086	2.596	PDB_exact_pair_aggregate	0.2961	20_30	A8IJ60	A8IJY7	A8INX1	0.999913	0.029087	0.970826	1.0	0.804441	0.950659	0.808312	0.579882
SCF:0001076	AC:000885	A8IJY7	A8IJ60	A8INX1	7ekq-assembly1.cif.gz	11_24	1	1	0	17.086	4.229	PDB_exact_pair_aggregate	0.3667	30_40	A8IJY7	A8IJ60	A8INX1	0.269701	0.029087	0.240614	1.0	0.960297	0.950659	0.671971	0.579882
SCF:0001077	AC:000886	M2XW22	E3UIU9	M2XWX3	9kc5-assembly1.cif.gz	11_24	1	1	0	29.801	3.333	PDB_exact_pair_aggregate	0.3553	30_40	M2XW22	Q85FP8	M2XWX3	0.997295	0.987896	0.009399	1.0	0.00419	0.004187	0.591356	0.637104
SCF:0001078	AC:000887	B7IA35	A0A7U3Y815	B7IA17	7m4u-assembly1.cif.gz	11_24	1	1	0	25.844	2.51	PDB_exact_pair_aggregate	0.3582	30_40	A0QSD5	C3SRY2	B7IA17	0.999847	0.999732	0.000115	1.0	0.825366	0.797475	0.445477	0.658564
SCF:0001079	AC:000889	B6STT2	P12329	B6SZT9	5zji-assembly1.cif.gz	11_24	1	1	0	42.255	2.877	same_assembly_bridge	0.8054	ge50	A8IL32	A9RT62	A9RT62	0.998283	0.999674	-0.001391	0.0	0.771971	0.00478	0.606244	0.505531
SCF:0001080	AC:000890	P13352	Q75VY4	A8IKC8	8h2u-assembly1.cif.gz	11_24	1	3	1	67.741	3.148	PDB_exact_pair_aggregate	0.4778	40_50	A0A2P6TPU7	Q84Y02	A0A4V8H004	0.99979	0.99969	0.0001	1.0	0.981777	0.630562	0.69748	0.714837
SCF:0001081	AC:000890	P13352	Q75VY4	Q93VE0	8h2u-assembly1.cif.gz	11_24	1	3	1	67.741	2.361	PDB_exact_pair_aggregate	0.455	40_50	A0A2P6TPU7	Q84Y02	A9RT62	0.999852	0.99969	0.000162	1.0	0.033029	0.630562	0.693858	0.714837
SCF:0001082	AC:000890	P13352	Q75VY4	Q93WL4	8h2u-assembly1.cif.gz	11_24	1	3	1	67.741	2.695	PDB_exact_pair_aggregate	0.4444	40_50	A0A2P6TPU7	Q84Y02	A9RT62	0.999871	0.99969	0.000181	1.0	0.08043	0.630562	0.598358	0.714837
SCF:0001083	AC:000893	P72798	P74810	P74149	7r0w-assembly1.cif.gz	11_24	1	1	0	16.739	2.741	same_assembly_bridge	0.4	40_50	P72798	P74810	P74149	0.997253	0.986182	0.011071	1.0	0.006217	0.004903	0.000144	4.4e-05
SCF:0001084	AC:000894	Q92905	Q9UBF6	P62877	9eg1-assembly1.cif.gz	11_24	1	1	0	35.495	2.336	PDB_exact_pair_aggregate	0.5269	ge50	Q92905	P62877	P62877	0.999619	0.110053	0.889566	1.0	0.256717	0.138498	0.743148	0.716808
SCF:0001085	AC:000897	Q0IHJ3	Q4V7I1	B1H1T5	8at4-assembly1.cif.gz	3_10	1	3	1	103.501	1.595	PDB_exact_pair_aggregate	0.2473	20_30	Q0IHJ3	Q4V7I1	B1H1T5	0.999743	0.998528	0.001215	1.0	0.004175	0.004177	0.101231	0.102832
SCF:0001086	AC:000899	P0A431	Q8DHJ2	Q8DHA7	5h2f-assembly2.cif.gz	11_24	1	60	1	11.175	2.234	PDB_exact_pair_aggregate	0.2258	20_30	P0A431	Q8DHJ2	Q8DHA7	0.000477	0.988116	-0.987639	0.0	0.004573	0.004178	0.000566	0.497625
SCF:0001087	AC:000900	Q85G47	Q85FS8	Q85FQ6	5zgb-assembly1.cif.gz	11_24	1	4	1	28.584	3.3	PDB_exact_pair_aggregate	0.35	30_40	A0A4V8H005	Q55329	E9NPX1	0.001581	0.005415	-0.003834	0.0	0.004191	0.004287	0.024498	0.266123
SCF:0001088	AC:000901	A0T0M9	B5YM25	B8BU33	8xls-assembly1.cif.gz	11_24	1	2	1	28.177	2.95	PDB_exact_pair_aggregate	0.4229	40_50	T1RIQ1	B5YM25	B8BU33	0.999028	0.997914	0.001114	1.0	0.101762	0.008075	0.182345	0.143781
SCF:0001089	AC:000901	A0T0M9	B5YM25	B8BYV4	8xls-assembly1.cif.gz	11_24	1	2	1	28.177	2.968	PDB_exact_pair_aggregate	0.4217	40_50	T1RIQ1	B5YM25	B8BYV4	0.998837	0.997914	0.000923	1.0	0.028828	0.008075	0.175616	0.143781
SCF:0001090	AC:000901	A0T0M9	B5YM25	B8C8Q0	8xls-assembly1.cif.gz	11_24	1	2	1	28.177	3.22	PDB_exact_pair_aggregate	0.3953	30_40	T1RIQ1	B5YM25	B8C8Q0	0.998132	0.997914	0.000218	1.0	0.186738	0.008075	0.071725	0.143781
SCF:0001091	AC:000901	B5YM25	A0T0M9	A0T0M8	8xls-assembly1.cif.gz	11_24	1	2	1	28.177	2.762	PDB_exact_pair_aggregate	0.4912	40_50	B5YM25	T1RIQ1	A0T0M8	0.999125	0.997914	0.001211	1.0	0.005193	0.008075	0.049979	0.143781
SCF:0001092	AC:000905	A0A4V8GZZ7	A0A4V8H006	A0A4V8GZZ8	6igz-assembly1.cif.gz	11_24	1	1	0	47.064	2.543	PDB_exact_pair_aggregate	0.3494	30_40	Q84Y02	A5Z2K3	I0YPL4	0.999923	0.99812	0.001803	1.0	0.006009	0.987025	0.555951	0.636254
SCF:0001093	AC:000905	A0A4V8H006	A0A4V8GZZ7	A0A4V8H001	6igz-assembly1.cif.gz	11_24	1	1	0	47.064	2.883	PDB_exact_pair_aggregate	0.4883	40_50	A5Z2K3	Q84Y02	Q75VY8	0.998691	0.99812	0.000571	1.0	0.887644	0.987025	0.078867	0.636254
SCF:0001094	AC:000907	Q96F46	Q9H293	Q16552	7uwl-assembly1.cif.gz	3_10	1	1	0	32.532	2.159	PDB_exact_pair_aggregate	0.3103	30_40	Q96F46	Q9H293	Q16552	0.992457	0.991495	0.000962	1.0	0.004175	0.004177	0.021277	0.019457
SCF:0001095	AC:000908	Q9SUI6	Q9SYW8	Q9SA56	7wfe-assembly1.cif.gz	11_24	1	2	1	67.956	2.657	PDB_exact_pair_aggregate	0.2701	20_30	A0A2K1JDR4	F2D0D5	A5Z2K3	0.292528	0.999365	-0.706837	0.0	0.986797	0.850216	0.706955	0.605475
SCF:0001096	AC:000909	Q9UM11	Q9UJX3	Q9UJX2	4ui9-assembly1.cif.gz	11_24	1	3	1	37.481	2.419	PDB_exact_pair_aggregate	0.3013	30_40	Q9UM11	Q9UJX3	Q9UJX2	0.999673	0.998551	0.001122	1.0	0.004176	0.004176	0.668895	0.600699
SCF:0001097	AC:000909	Q9UM11	Q9UJX3	Q13042	4ui9-assembly1.cif.gz	11_24	1	3	1	37.481	2.254	PDB_exact_pair_aggregate	0.289	20_30	Q9UM11	Q9UJX3	Q13042	0.999529	0.998551	0.000978	1.0	0.004176	0.004176	0.714796	0.600699
SCF:0001098	AC:000909	Q9UM11	Q9UJX3	Q9UJX6	4ui9-assembly1.cif.gz	11_24	1	3	1	37.481	2.588	PDB_exact_pair_aggregate	0.2729	20_30	Q9UM11	Q9UJX3	Q9UJX6	0.998971	0.998551	0.00042	1.0	0.004176	0.004176	0.628908	0.600699
SCF:0001099	AC:000910	Q2FW30	Q2FW31	Q2FW22	8byv-assembly1.cif.gz	11_24	1	15	1	52.806	2.411	PDB_exact_pair_aggregate	0.3298	30_40	B7IA17	Q50296	Q2FW22	0.999937	0.999942	-5e-06	0.0	0.274621	0.835703	0.709366	0.192683
SCF:0001100	AC:000910	Q2FW30	Q2FW31	Q2FW39	8byv-assembly1.cif.gz	11_24	1	15	1	52.806	2.446	PDB_exact_pair_aggregate	0.3529	30_40	B7IA17	Q50296	A0A1M6R974	0.999918	0.999942	-2.4e-05	0.0	0.746677	0.835703	0.194309	0.192683
SCF:0001101	AC:000912	P52657	Q16533	P29084	7zxe-assembly1.cif.gz	3_10	1	2	1	24.131	2.957	PDB_exact_pair_aggregate	0.2995	20_30	P52657	Q16533	P29084	0.999915	0.99956	0.000355	1.0	0.035219	0.004179	0.759576	0.378636
SCF:0001102	AC:000912	P52657	Q16533	P29083	7zxe-assembly1.cif.gz	3_10	1	2	1	24.131	2.292	PDB_exact_pair_aggregate	0.255	20_30	P52657	Q16533	P29083	0.999946	0.99956	0.000386	1.0	0.004401	0.004179	0.752993	0.378636
SCF:0001103	AC:000913	Q9NQP4	Q9UHV9	P61758	6nrb-assembly1.cif.gz	11_24	1	3	1	11.552	2.309	same_assembly_bridge	0.2807	20_30	Q9NQP4	Q9UHV9	P61758	0.999608	0.999697	-8.9e-05	0.0	0.004179	0.004237	0.634161	0.807475
SCF:0001104	AC:000913	Q9NQP4	Q9UHV9	Q99471	6nrb-assembly1.cif.gz	11_24	1	3	1	11.552	2.81	PDB_exact_pair_aggregate	0.2785	20_30	Q9NQP4	Q9UHV9	Q99471	0.9997	0.999697	3e-06	1.0	0.00418	0.004237	0.673344	0.807475
SCF:0001105	AC:000913	Q9UHV9	Q9NQP4	O60925	6nrb-assembly1.cif.gz	11_24	1	3	1	11.552	2.299	PDB_exact_pair_aggregate	0.3265	30_40	Q9UHV9	Q9NQP4	O60925	0.999527	0.999697	-0.00017	0.0	0.004205	0.004237	0.699725	0.807475
SCF:0001106	AC:000913	Q9UHV9	Q9NQP4	Q99471	6nrb-assembly1.cif.gz	11_24	1	3	1	11.552	2.358	PDB_exact_pair_aggregate	0.4096	40_50	Q9UHV9	Q9NQP4	Q99471	0.99973	0.999697	3.3e-05	1.0	0.004188	0.004237	0.79725	0.807475
SCF:0001107	AC:000913	Q9UHV9	Q9NQP4	P61758	6nrb-assembly1.cif.gz	11_24	1	3	1	11.552	2.347	same_assembly_bridge	0.2455	20_30	Q9UHV9	Q9NQP4	P61758	0.999876	0.999697	0.000179	1.0	0.004204	0.004237	0.597679	0.807475
SCF:0001108	AC:000915	Q9SUI4	Q9SY97	Q9SHR7	7wfd-assembly1.cif.gz	11_24	1	2	1	42.813	2.392	PDB_exact_pair_aggregate	0.4545	40_50	A8IL32	A0A2K1IB10	A9RT62	0.999684	0.999581	0.000103	1.0	0.930703	0.459909	0.600299	0.632236
SCF:0001109	AC:000915	Q9SUI4	Q9SY97	Q9SHE8	7wfd-assembly1.cif.gz	11_24	1	2	1	42.813	2.357	PDB_exact_pair_aggregate	0.3023	30_40	A8IL32	A0A2K1IB10	Q9SHE8	0.987978	0.999581	-0.011603	0.0	0.013191	0.459909	0.373734	0.632236
SCF:0001110	AC:000915	Q9SY97	Q9SUI4	Q41038	7wfd-assembly1.cif.gz	11_24	1	2	1	42.813	3.738	PDB_exact_pair_aggregate	0.3444	30_40	A0A2K1IB10	A8IL32	F2D0D5	0.999935	0.999581	0.000354	1.0	0.20303	0.459909	0.706013	0.632236
SCF:0001111	AC:000915	Q9SY97	Q9SUI4	Q8LCQ4	7wfd-assembly1.cif.gz	11_24	1	2	1	42.813	2.376	PDB_exact_pair_aggregate	0.2981	20_30	A0A2K1IB10	A8IL32	F2D0D5	0.999914	0.999581	0.000333	1.0	0.119164	0.459909	0.704079	0.632236
SCF:0001112	AC:000916	P53197	P38042	P30260	8a3t-assembly1.cif.gz	11_24	1	1	0	20.594	2.687	PDB_exact_pair_aggregate	0.3416	30_40	P53197	P38042	P30260	0.994257	0.435993	0.558264	1.0	0.004176	0.004176	0.303178	0.397064
SCF:0001113	AC:000916	P53197	P38042	P16522	8a3t-assembly1.cif.gz	11_24	1	1	0	20.594	2.645	PDB_exact_pair_aggregate	0.2934	20_30	P53197	P38042	P16522	0.589675	0.435993	0.153682	1.0	0.004175	0.004176	0.670185	0.397064
SCF:0001114	AC:000916	P53197	P38042	Q08683	8a3t-assembly1.cif.gz	11_24	1	1	0	20.594	2.451	PDB_exact_pair_aggregate	0.2915	20_30	P53197	P38042	Q08683	0.04518	0.435993	-0.390813	0.0	0.004175	0.004176	0.612789	0.397064
SCF:0001115	AC:000917	P38293	P36040	Q05778	7lsx-assembly1.cif.gz	11_24	1	3	1	18.707	3.264	PDB_exact_pair_aggregate	0.2876	20_30	P38293	P36040	Q05778	0.982799	0.969652	0.013147	1.0	0.004176	0.004176	0.060076	0.202736
SCF:0001116	AC:000918	P61077	P07305	P06899	9ipu-assembly1.cif.gz	11_24	1	1	0	32.923	3.411	PDB_exact_pair_aggregate	0.3772	30_40	A0A6P5C4T4	P07305	O23629	0.000391	0.000107	0.000284	1.0	0.035692	0.010874	0.421621	0.16905
SCF:0001117	AC:000918	P61077	P07305	O60814	9ipu-assembly1.cif.gz	11_24	1	1	0	32.923	3.937	same_assembly_bridge	0.3772	30_40	A0A6P5C4T4	P07305	O23629	0.003547	0.000107	0.00344	1.0	0.037145	0.010874	0.448925	0.16905
SCF:0001118	AC:000921	A0A2P6TPU7	A0A2P6U4K1	A0A2P6TZ50	6zzy-assembly1.cif.gz	11_24	1	2	1	39.071	3.246	PDB_exact_pair_aggregate	0.4932	40_50	A0A2P6TPU7	Q75VY8	Q84Y02	0.998837	0.997916	0.000921	1.0	0.185963	0.01204	0.681586	0.731417
SCF:0001119	AC:000921	A0A2P6TPU7	A0A2P6U4K1	A0A2P6TS63	6zzy-assembly1.cif.gz	11_24	1	2	1	39.071	2.306	same_assembly_bridge	0.4575	40_50	A0A2P6TPU7	Q75VY8	Q84Y02	0.997816	0.997916	-0.0001	0.0	0.007413	0.01204	0.444598	0.731417
SCF:0001120	AC:000921	A0A2P6TPU7	A0A2P6U4K1	A0A2P6TMX4	6zzy-assembly1.cif.gz	11_24	1	2	1	39.071	2.776	PDB_exact_pair_aggregate	0.4266	40_50	A0A2P6TPU7	Q75VY8	A0A4V8H004	0.997498	0.997916	-0.000418	0.0	0.005936	0.01204	0.660448	0.731417
SCF:0001121	AC:000926	I7MHB1	I7MCM8	Q1HFX0	6zyw-assembly1.cif.gz	11_24	1	1	0	10.867	4.621	PDB_exact_pair_aggregate	1.0	ge50	I7MHB1	Q1HFX0	Q1HFX0	0.005712	0.003822	0.00189	1.0	0.00419	0.00419	0.601783	0.601781
SCF:0001122	AC:000926	I7MHB1	I7MCM8	W7XJB1	6zyw-assembly1.cif.gz	11_24	1	1	0	10.867	3.052	PDB_exact_pair_aggregate	0.3535	30_40	I7MHB1	Q1HFX0	W7XJB1	0.295628	0.003822	0.291806	1.0	0.004175	0.00419	0.209659	0.601781
SCF:0001123	AC:000926	I7MHB1	I7MCM8	Q1HFV9	6zyw-assembly1.cif.gz	11_24	1	1	0	10.867	2.443	PDB_exact_pair_aggregate	0.3171	30_40	I7MHB1	Q1HFX0	Q24DI9	0.0076	0.003822	0.003778	1.0	0.004175	0.00419	0.328712	0.601781
SCF:0001124	AC:000929	O22993	Q9SAJ3	A8MPR5	8xku-assembly1.cif.gz	11_24	1	2	1	14.042	2.323	PDB_exact_pair_aggregate	0.3171	30_40	O22993	Q9SAJ3	A8MPR5	0.792844	0.405717	0.387127	1.0	0.007136	0.008197	0.679662	0.671366
SCF:0001125	AC:000929	O22993	Q9SAJ3	F4J3N2	8xku-assembly1.cif.gz	11_24	1	2	1	14.042	2.301	PDB_exact_pair_aggregate	0.3038	30_40	O22993	Q9SAJ3	F4J3N2	0.006121	0.405717	-0.399596	0.0	0.004469	0.008197	0.647815	0.671366
SCF:0001126	AC:000929	Q9SAJ3	O22993	F4KF14	8xku-assembly1.cif.gz	11_24	1	2	1	14.042	2.308	PDB_exact_pair_aggregate	0.3673	30_40	Q9SAJ3	O22993	F4KF14	0.092261	0.405717	-0.313456	0.0	0.006075	0.008197	0.70846	0.671366
SCF:0001127	AC:000930	A0A2P6THB2	A0A2P6TPU7	A0A2P6U0J1	6zzx-assembly1.cif.gz	11_24	1	1	0	11.435	2.353	same_assembly_bridge	0.2885	20_30	A0A2P6THB2	A0A2P6TPU7	P14225	0.999556	0.992876	0.00668	1.0	0.025596	0.006776	0.531397	0.529554
SCF:0001128	AC:000934	Q39615	Q75VY4	Q05093	8h2u-assembly1.cif.gz	11_24	1	3	1	47.631	3.333	PDB_exact_pair_aggregate	0.5	ge50	A5Z2K3	Q84Y02	Q7DM26	0.999502	0.99879	0.000712	1.0	0.004725	0.004473	0.035385	0.031214
SCF:0001129	AC:000935	P10793	P16002	Q9S831	6yez-assembly1.cif.gz	11_24	1	2	1	49.905	1.263	PDB_exact_pair_aggregate	0.3455	30_40	A0A4V8H005	P16002	A0A1D6HY75	0.021498	0.012411	0.009087	1.0	0.007384	0.004219	0.000291	0.156332
SCF:0001130	AC:000935	P10793	P16002	A5Z2K3	6yez-assembly1.cif.gz	11_24	1	2	1	49.905	2.041	PDB_exact_pair_aggregate	0.313	30_40	A0A4V8H005	P16002	A5Z2K3	0.002289	0.012411	-0.010122	0.0	0.004419	0.004219	0.497651	0.156332
SCF:0001131	AC:000935	P10793	P16002	P36886	6yez-assembly1.cif.gz	11_24	1	2	1	49.905	2.904	PDB_exact_pair_aggregate	0.3372	30_40	A0A4V8H005	P16002	A0A4V8GZZ4	0.014668	0.012411	0.002257	1.0	0.004197	0.004219	0.012994	0.156332
SCF:0001132	AC:000936	E3UIU0	M2XR49	M2Y652	9kc5-assembly1.cif.gz	11_24	1	1	0	49.4	4.003	PDB_exact_pair_aggregate	0.533	ge50	A0T0M8	M2XR49	M2VTV2	0.998031	0.984456	0.013575	1.0	0.034417	0.004251	0.327839	0.131877
SCF:0001133	AC:000936	E3UIU0	M2XR49	E3UIU5	9kc5-assembly1.cif.gz	11_24	1	1	0	49.4	2.428	PDB_exact_pair_aggregate	0.3357	30_40	A0T0M8	M2XR49	E3UIU5	0.983678	0.984456	-0.000778	0.0	0.052888	0.004251	0.017157	0.131877
SCF:0001134	AC:000936	E3UIU0	M2XR49	M2X4U9	9kc5-assembly1.cif.gz	11_24	1	1	0	49.4	3.756	PDB_exact_pair_aggregate	0.4943	40_50	A0T0M8	M2XR49	M2X4U9	0.999589	0.984456	0.015133	1.0	0.006733	0.004251	0.176864	0.131877
SCF:0001135	AC:000936	M2XR49	E3UIU0	E3UIU1	9kc5-assembly1.cif.gz	11_24	1	1	0	49.4	3.395	same_assembly_bridge	0.5156	ge50	M2XR49	A0T0M8	T1RIQ1	0.998534	0.984456	0.014078	1.0	0.004286	0.004251	0.084189	0.131877
SCF:0001136	AC:000942	Q9WV32	Q99JY9	P61161	7aqk-assembly1.cif.gz	11_24	1	1	0	16.508	6.239	same_assembly_bridge	0.3791	30_40	Q1JP79	P61157	A7MB62	0.982681	0.974854	0.007827	1.0	0.884683	0.468899	0.642877	0.561167
SCF:0001137	AC:000943	I0YPL4	I0YQ46	I0Z2Y0	9kqp-assembly1.cif.gz	11_24	1	1	0	33.499	2.731	PDB_exact_pair_aggregate	0.5045	ge50	I0YPL4	Q84Y02	Q75VY8	0.999904	0.999933	-2.9e-05	0.0	0.004226	0.004197	0.477908	0.451038
SCF:0001138	AC:000943	I0YQ46	I0YPL4	I0YQ45	9kqp-assembly1.cif.gz	11_24	1	1	0	33.499	2.733	PDB_exact_pair_aggregate	0.4593	40_50	Q84Y02	I0YPL4	Q7DM26	0.999933	0.999933	0.0	0.5	0.045745	0.004197	0.74158	0.451038
SCF:0001139	AC:000943	I0YQ46	I0YPL4	I0YQ44	9kqp-assembly1.cif.gz	11_24	1	1	0	33.499	2.654	PDB_exact_pair_aggregate	0.4532	40_50	Q84Y02	I0YPL4	Q84Y02	0.999939	0.999933	6e-06	1.0	0.144606	0.004197	0.726297	0.451038
SCF:0001140	AC:000943	I0YQ46	I0YPL4	I0Z7A7	9kqp-assembly1.cif.gz	11_24	1	1	0	33.499	3.805	PDB_exact_pair_aggregate	0.4095	40_50	Q84Y02	I0YPL4	Q75VY8	0.999929	0.999933	-4e-06	0.0	0.03111	0.004197	0.714106	0.451038
SCF:0001141	AC:000946	A1E9J1	Q9LKC7	F2DAN8	7ewk-assembly1.cif.gz	11_24	1	1	0	11.85	2.387	PDB_exact_pair_aggregate	0.4879	40_50	A0T0M8	Q84Y02	A0A2K1IB10	0.99229	0.993714	-0.001424	0.0	0.064168	0.026791	0.411759	0.543196
SCF:0001142	AC:000950	P12241	P0DM37	P19054	7eda-assembly1.cif.gz	11_24	1	34	1	43.386	2.368	PDB_exact_pair_aggregate	0.3478	30_40	P32974	P0DM37	P19054	0.997338	0.489182	0.508156	1.0	0.004369	0.004274	0.57032	0.634376
SCF:0001143	AC:000954	Q02260	Q08920	P40018	6n7p-assembly1.cif.gz	11_24	1	1	0	21.376	0.983	PDB_exact_pair_aggregate	0.2823	20_30	Q02260	Q08920	P40018	0.999835	0.992376	0.007459	1.0	0.854347	0.965714	0.663994	0.740588
SCF:0001144	AC:000954	Q02260	Q08920	Q00916	6n7p-assembly1.cif.gz	11_24	1	1	0	21.376	2.683	same_assembly_bridge	0.257	20_30	Q02260	Q08920	Q00916	0.976626	0.992376	-0.01575	0.0	0.716899	0.965714	0.71246	0.740588
SCF:0001145	AC:000955	Q9SN86	O22993	F4KF14	8xkv-assembly1.cif.gz	11_24	1	2	1	25.483	2.974	same_assembly_bridge	0.3673	30_40	Q9SN86	O22993	F4KF14	0.004251	0.001481	0.00277	1.0	0.004265	0.01212	0.122903	0.122354
SCF:0001146	AC:000955	Q9SN86	O22993	Q9SAJ3	8xkv-assembly1.cif.gz	11_24	1	2	1	25.483	2.408	PDB_exact_pair_aggregate	0.3284	30_40	Q9SN86	O22993	Q9SAJ3	0.00821	0.001481	0.006729	1.0	0.004684	0.01212	0.014827	0.122354
SCF:0001147	AC:000957	P12352	Q75VY9	Q05093	7bgi-assembly1.cif.gz	11_24	1	6	1	42.172	2.606	PDB_exact_pair_aggregate	0.5	ge50	A0A4V8H007	I0YPL4	Q7DM26	0.998331	0.983503	0.014828	1.0	0.004407	0.004191	0.140956	0.117387
SCF:0001148	AC:000957	P12352	Q75VY9	P12356	7bgi-assembly1.cif.gz	11_24	1	6	1	42.172	2.522	PDB_exact_pair_aggregate	0.3209	30_40	A0A4V8H007	I0YPL4	P12356	0.536505	0.983503	-0.446998	0.0	0.004204	0.004191	0.24051	0.117387
SCF:0001149	AC:000957	Q75VY9	P12352	P14225	7bgi-assembly1.cif.gz	11_24	1	6	1	42.172	2.742	PDB_exact_pair_aggregate	0.3514	30_40	I0YPL4	A0A4V8H007	P14225	0.999411	0.983503	0.015908	1.0	0.004186	0.004191	0.595022	0.117387
SCF:0001150	AC:000958	Q7Z4G1	Q9GZQ3	Q9P000	8p0w-assembly1.cif.gz	11_24	1	3	1	17.958	2.92	PDB_exact_pair_aggregate	0.3214	30_40	Q7Z4G1	Q9GZQ3	Q9P000	0.999787	0.999907	-0.00012	0.0	0.004232	0.004182	0.456579	0.568378
SCF:0001151	AC:000958	Q7Z4G1	Q9GZQ3	Q9NX08	8p0w-assembly1.cif.gz	11_24	1	3	1	17.958	3.225	PDB_exact_pair_aggregate	0.287	20_30	Q7Z4G1	Q9GZQ3	Q9NX08	0.999931	0.999907	2.4e-05	1.0	0.004185	0.004182	0.387591	0.568378
SCF:0001152	AC:000958	Q7Z4G1	Q9GZQ3	Q9H0A8	8p0w-assembly1.cif.gz	11_24	1	3	1	17.958	2.382	PDB_exact_pair_aggregate	0.2866	20_30	Q7Z4G1	Q9GZQ3	Q9H0A8	0.999889	0.999907	-1.8e-05	0.0	0.004175	0.004182	0.498313	0.568378
SCF:0001153	AC:000960	Q8N4V1	Q9NPA0	Q9P0I2	8eoi-assembly1.cif.gz	11_24	1	9	1	19.951	2.137	PDB_exact_pair_aggregate	0.2375	20_30	Q8N4V1	Q9NPA0	Q9P0I2	0.997593	0.999644	-0.002051	0.0	0.004177	0.004177	0.624348	0.410851
SCF:0001154	AC:000965	E3UIU1	E3UIU9	M2XWX3	9kc5-assembly1.cif.gz	11_24	1	1	0	12.139	3.3	PDB_exact_pair_aggregate	0.3553	30_40	T1RIQ1	Q85FP8	M2XWX3	0.989593	0.994526	-0.004933	0.0	0.005399	0.013857	0.291256	0.326949
SCF:0001155	AC:000965	E3UIU9	E3UIU1	E3UIU0	9kc5-assembly1.cif.gz	11_24	1	1	0	12.139	3.17	same_assembly_bridge	0.5156	ge50	Q85FP8	T1RIQ1	A0T0M8	0.995495	0.994526	0.000969	1.0	0.010625	0.013857	0.305749	0.326949
SCF:0001156	AC:000967	Q96N11	Q96HW7	Q9NVR2	8rbz-assembly1.cif.gz	11_24	1	3	1	18.801	3.062	same_assembly_bridge	0.2727	20_30	Q96N11	Q96HW7	Q9NVR2	0.99942	0.891156	0.108264	1.0	0.004174	0.004175	0.429352	0.230574
SCF:0001157	AC:000968	Q9S7N7	Q9SUI4	Q9SUI7	8j7b-assembly1.cif.gz	11_24	1	7	1	9.729	2.457	PDB_exact_pair_aggregate	0.3277	30_40	B6U534	A8IL32	A0A2K1JDR4	0.998725	0.997811	0.000914	1.0	0.426901	0.007067	0.546177	0.489778
SCF:0001158	AC:000968	Q9SUI4	Q9S7N7	Q9SHE8	8j7b-assembly1.cif.gz	11_24	1	7	1	9.729	2.357	same_assembly_bridge	0.2756	20_30	A8IL32	B6U534	Q9SHE8	0.987978	0.997811	-0.009833	0.0	0.013191	0.007067	0.373734	0.489778
SCF:0001159	AC:000971	Q2FW38	P60430	Q2FW06	6sj6-assembly1.cif.gz	11_24	1	24	1	27.021	2.957	PDB_exact_pair_aggregate	0.2953	20_30	A0A063XCH0	P60422	A0A063X745	0.999723	0.999911	-0.000188	0.0	0.527468	0.490531	0.797836	0.864531
SCF:0001160	AC:000972	P22224	P33332	P32855	5yfp-assembly1.cif.gz	3_10	1	2	1	18.832	3.354	same_assembly_bridge	0.2883	20_30	P22224	P33332	P32855	0.999758	0.00025	0.999508	1.0	0.004174	0.004177	0.35169	0.638925
SCF:0001161	AC:000972	P33332	P22224	P89102	5yfp-assembly1.cif.gz	3_10	1	2	1	18.832	2.334	PDB_exact_pair_aggregate	0.3092	30_40	P33332	P22224	P89102	0.000625	0.00025	0.000375	1.0	0.004176	0.004177	0.663734	0.638925
SCF:0001162	AC:000972	P33332	P22224	P32855	5yfp-assembly1.cif.gz	3_10	1	2	1	18.832	2.533	same_assembly_bridge	0.2961	20_30	P33332	P22224	P32855	0.000125	0.00025	-0.000125	0.0	0.004176	0.004177	0.626459	0.638925
SCF:0001163	AC:000972	P33332	P22224	Q06245	5yfp-assembly1.cif.gz	3_10	1	2	1	18.832	2.907	PDB_exact_pair_aggregate	0.2889	20_30	P33332	P22224	Q06245	0.006643	0.00025	0.006393	1.0	0.004176	0.004177	0.678065	0.638925
SCF:0001164	AC:000973	P21473	P21467	P21470	8cdv-assembly1.cif.gz	11_24	1	23	1	36.267	3.392	PDB_exact_pair_aggregate	0.3217	30_40	Q2G2Q1	Q839E7	A0A1M6R974	0.999945	0.999936	9e-06	1.0	0.560538	0.741931	0.000262	0.599233
SCF:0001165	AC:000973	P21473	P21467	P21472	8cdv-assembly1.cif.gz	11_24	1	23	1	36.267	2.887	PDB_exact_pair_aggregate	0.3483	30_40	Q2G2Q1	Q839E7	P21472	0.999944	0.999936	8e-06	1.0	0.507861	0.741931	0.841454	0.599233
SCF:0001166	AC:000973	P21473	P21467	P04969	8cdv-assembly1.cif.gz	11_24	1	23	1	36.267	3.543	PDB_exact_pair_aggregate	0.3483	30_40	Q2G2Q1	Q839E7	Q50296	0.999949	0.999936	1.3e-05	1.0	0.411991	0.741931	0.450382	0.599233
SCF:0001167	AC:000974	P58246	Q8YVQ2	P0A3Y1	2zt9-assembly1.cif.gz	11_24	1	3	1	12.327	3.215	same_assembly_bridge	0.375	30_40	P74149	Q8YVQ2	P0A3Y1	0.93742	0.998792	-0.061372	0.0	0.202938	0.180215	0.62131	0.573768
SCF:0001168	AC:000974	P58246	Q8YVQ2	P61048	2zt9-assembly1.cif.gz	11_24	1	3	1	12.327	3.48	PDB_exact_pair_aggregate	0.25	20_30	P74149	Q8YVQ2	P61048	0.999052	0.998792	0.00026	1.0	0.011205	0.180215	0.525693	0.573768
SCF:0001169	AC:000975	B8CEQ3	A0A8F0WFC9	B8LEQ8	8xls-assembly1.cif.gz	11_24	1	1	0	52.714	2.599	PDB_exact_pair_aggregate	1.0	ge50	B8CEQ3	B8LEQ8	B8LEQ8	0.986533	0.79355	0.192983	1.0	0.004197	0.004197	0.00084	0.000994
SCF:0001170	AC:000977	A0A4X1VTX4	I3LGP4	Q6PD62	9mlc-assembly1.cif.gz	11_24	1	1	0	15.282	2.581	PDB_exact_pair_aggregate	0.3031	30_40	O81098	I3LGP4	Q6PD62	0.999897	0.999353	0.000544	1.0	0.02471	0.027013	0.745465	0.514635
SCF:0001171	AC:000977	I3LGP4	A0A4X1VTX4	I3LSI7	9mlc-assembly1.cif.gz	11_24	1	1	0	15.282	1.978	PDB_exact_pair_aggregate	1.0	ge50	I3LGP4	O81098	O81098	0.070127	0.999353	-0.929226	0.0	0.027013	0.027013	0.514636	0.514635
SCF:0001172	AC:000979	A0A2R8VHF7	C6KI89	A2RTF1	7eeb-assembly1.cif.gz	11_24	1	3	1	32.886	3.453	PDB_exact_pair_aggregate	0.268	20_30	A0A2R8VHF7	C6KI89	A2RTF1	0.000292	0.000203	8.9e-05	1.0	0.004175	0.004177	0.06514	0.0457
SCF:0001173	AC:000982	P56768	Q9SA56	Q9SUI7	7wfd-assembly1.cif.gz	11_24	1	8	1	11.855	2.941	PDB_exact_pair_aggregate	0.3091	30_40	E9NPX1	A5Z2K3	A0A2K1JDR4	0.004928	0.002936	0.001992	1.0	0.01956	0.005412	0.652226	0.642213
SCF:0001174	AC:000982	Q9SA56	P56768	A0A8F5NZW2	7wfd-assembly1.cif.gz	11_24	1	8	1	11.855	2.487	PDB_exact_pair_aggregate	0.3636	30_40	A5Z2K3	E9NPX1	Q55329	0.001442	0.002936	-0.001494	0.0	0.004561	0.005412	0.594523	0.642213
SCF:0001175	AC:000983	Q9P1U0	O15446	Q9GZS1	7oba-assembly1.cif.gz	11_24	1	1	0	45.562	2.558	PDB_exact_pair_aggregate	0.2405	20_30	Q9P1U0	O15446	Q9GZS1	0.999904	0.999634	0.00027	1.0	0.004187	0.004179	0.775204	0.762035
SCF:0001176	AC:000985	P53840	P29496	P29469	9e2x-assembly1.cif.gz	11_24	1	2	1	23.026	2.132	same_assembly_bridge	0.4108	40_50	P53840	P29496	P29469	0.038758	0.9618	-0.923042	0.0	0.006138	0.004177	0.698045	0.712456
SCF:0001177	AC:000985	P53840	P29496	P53091	9e2x-assembly1.cif.gz	11_24	1	2	1	23.026	2.575	PDB_exact_pair_aggregate	0.3754	30_40	P53840	P29496	P53091	0.035602	0.9618	-0.926198	0.0	0.004195	0.004177	0.680829	0.712456
SCF:0001178	AC:000985	P53840	P29496	P38132	9e2x-assembly1.cif.gz	11_24	1	2	1	23.026	2.305	PDB_exact_pair_aggregate	0.3607	30_40	P53840	P29496	P38132	0.038671	0.9618	-0.923129	0.0	0.00418	0.004177	0.69937	0.712456
SCF:0001179	AC:000986	A0A125YXT1	S8F943	A0A125YMK3	9fi8-assembly1.cif.gz	11_24	1	2	1	12.736	3.073	PDB_exact_pair_aggregate	0.3534	30_40	A0A125YXT1	S8F943	A0A125YMK3	0.003499	0.973637	-0.970138	0.0	0.004185	0.004178	0.199934	0.647721
SCF:0001180	AC:000988	P80374	Q5SJH3	P80382	1ibk-assembly1.cif.gz	11_24	1	400	1	10.566	4.111	PDB_exact_pair_aggregate	0.3333	30_40	C3SRY2	Q5SJH3	P62659	0.999908	0.999918	-1e-05	0.0	0.918453	0.403489	0.765242	1.1e-05
SCF:0001181	AC:000988	P80374	Q5SJH3	Q5SLQ0	1ibk-assembly1.cif.gz	11_24	1	400	1	10.566	2.934	same_assembly_bridge	0.3333	30_40	C3SRY2	Q5SJH3	P62659	0.999907	0.999918	-1.1e-05	0.0	0.884795	0.403489	0.837546	1.1e-05
SCF:0001182	AC:000988	P80374	Q5SJH3	P80377	1ibk-assembly1.cif.gz	11_24	1	400	1	10.566	2.005	PDB_exact_pair_aggregate	0.2877	20_30	C3SRY2	Q5SJH3	B7IA17	0.999938	0.999918	2e-05	1.0	0.642155	0.403489	0.0295	1.1e-05
SCF:0001183	AC:000988	Q5SJH3	P80374	Q5SHN3	1ibk-assembly1.cif.gz	11_24	1	400	1	10.566	2.29	PDB_exact_pair_aggregate	0.3448	30_40	Q5SJH3	C3SRY2	P21472	0.999938	0.999918	2e-05	1.0	0.053236	0.403489	0.849412	1.1e-05
SCF:0001184	AC:000988	Q5SJH3	P80374	P80376	1ibk-assembly1.cif.gz	11_24	1	400	1	10.566	2.678	PDB_exact_pair_aggregate	0.3188	30_40	Q5SJH3	C3SRY2	Q50296	0.999905	0.999918	-1.3e-05	0.0	0.542283	0.403489	0.252411	1.1e-05
SCF:0001185	AC:000990	P32457	Q07657	P32468	9gd4-assembly1.cif.gz	3_10	1	2	1	18.565	2.312	same_assembly_bridge	0.3543	30_40	P32457	Q07657	P32468	0.999866	0.999845	2.1e-05	1.0	0.004182	0.00418	0.425313	0.441738
SCF:0001186	AC:000990	P32457	Q07657	P25342	9gd4-assembly1.cif.gz	3_10	1	2	1	18.565	2.49	PDB_exact_pair_aggregate	0.3429	30_40	P32457	Q07657	P25342	0.99984	0.999845	-5e-06	0.0	0.011925	0.00418	0.182619	0.441738
SCF:0001187	AC:000990	Q07657	P32457	P32468	9gd4-assembly1.cif.gz	3_10	1	2	1	18.565	2.617	same_assembly_bridge	0.3592	30_40	Q07657	P32457	P32468	0.999777	0.999845	-6.8e-05	0.0	0.004176	0.00418	0.560162	0.441738
SCF:0001188	AC:000992	A0A1S3TZB2	A0A1S3UMA0	A0A1S3U1E4	7jro-assembly1.cif.gz	3_10	1	1	0	10.077	3.416	PDB_exact_pair_aggregate	0.2857	20_30	A0A1S3TZB2	A0A1S3UMA0	A0A1S3U1E4	0.999557	0.99978	-0.000223	0.0	0.921459	0.891036	0.75293	0.650694
SCF:0001189	AC:000993	Q9H0A8	Q9P000	Q9UBI1	8p0w-assembly1.cif.gz	11_24	1	3	1	20.044	2.62	PDB_exact_pair_aggregate	0.34	30_40	Q9H0A8	Q9P000	Q9UBI1	0.999807	0.999757	5e-05	1.0	0.004175	0.004176	0.71248	0.72521
SCF:0001190	AC:000993	Q9H0A8	Q9P000	Q8N668	8p0w-assembly1.cif.gz	11_24	1	3	1	20.044	2.631	same_assembly_bridge	0.3063	30_40	Q9H0A8	Q9P000	Q8N668	0.999881	0.999757	0.000124	1.0	0.004176	0.004176	0.734245	0.72521
SCF:0001191	AC:000993	Q9H0A8	Q9P000	Q9NX08	8p0w-assembly1.cif.gz	11_24	1	3	1	20.044	2.376	PDB_exact_pair_aggregate	0.291	20_30	Q9H0A8	Q9P000	Q9NX08	0.999913	0.999757	0.000156	1.0	0.004175	0.004176	0.742831	0.72521
SCF:0001192	AC:000993	Q9P000	Q9H0A8	Q9GZQ3	8p0w-assembly1.cif.gz	11_24	1	3	1	20.044	2.55	PDB_exact_pair_aggregate	0.2866	20_30	Q9P000	Q9H0A8	Q9GZQ3	0.999858	0.999757	0.000101	1.0	0.00418	0.004176	0.73269	0.72521
SCF:0001193	AC:000993	Q9P000	Q9H0A8	Q86VX2	8p0w-assembly1.cif.gz	11_24	1	3	1	20.044	2.308	PDB_exact_pair_aggregate	0.2312	20_30	Q9P000	Q9H0A8	Q86VX2	0.999835	0.999757	7.8e-05	1.0	0.004176	0.004176	0.771751	0.72521
SCF:0001194	AC:000995	Q6P9B9	Q9NVR2	Q96HW7	8rbz-assembly1.cif.gz	11_24	1	3	1	21.577	2.581	PDB_exact_pair_aggregate	0.2727	20_30	Q6P9B9	Q9NVR2	Q96HW7	0.838906	0.994011	-0.155105	0.0	0.004175	0.004174	0.656954	0.675036
SCF:0001195	AC:000995	Q6P9B9	Q9NVR2	Q9NV88	8rbz-assembly1.cif.gz	11_24	1	3	1	21.577	2.364	PDB_exact_pair_aggregate	0.261	20_30	Q6P9B9	Q9NVR2	Q9NV88	0.997653	0.994011	0.003642	1.0	0.004174	0.004174	0.659024	0.675036
SCF:0001196	AC:000995	Q6P9B9	Q9NVR2	Q75QN2	8rbz-assembly1.cif.gz	11_24	1	3	1	21.577	2.291	PDB_exact_pair_aggregate	0.2478	20_30	Q6P9B9	Q9NVR2	Q75QN2	0.999752	0.994011	0.005741	1.0	0.004174	0.004174	0.417578	0.675036
SCF:0001197	AC:000997	Q9Y7N2	Q9Y821	Q9US45	5n9j-assembly1.cif.gz	11_24	1	1	0	9.549	2.18	PDB_exact_pair_aggregate	0.3233	30_40	Q9Y7N2	Q9Y821	Q9US45	0.974907	0.999596	-0.024689	0.0	0.004181	0.004189	0.35892	0.498801
SCF:0001198	AC:000997	Q9Y821	Q9Y7N2	O94376	5n9j-assembly1.cif.gz	11_24	1	1	0	9.549	3.197	PDB_exact_pair_aggregate	0.2466	20_30	Q9Y821	Q9Y7N2	O94376	0.998769	0.999596	-0.000827	0.0	0.551448	0.004189	0.764769	0.498801
SCF:0001199	AC:000999	Q8U0E4	Q8U216	Q8U4N1	8orq-assembly1.cif.gz	11_24	1	5	1	56.828	2.327	PDB_exact_pair_aggregate	0.275	20_30	Q5JJF4	Q5JI52	Q5JE88	0.999834	0.998163	0.001671	1.0	0.004757	0.004179	0.668828	0.498751
SCF:0001200	AC:001001	Q15369	Q8N884	Q13098	8okx-assembly1.cif.gz	3_10	1	2	1	33.843	2.311	PDB_exact_pair_aggregate	0.2963	20_30	Q15369	Q8N884	Q13098	0.999903	0.999718	0.000185	1.0	0.004182	0.004183	0.82014	0.306918
SCF:0001201	AC:001001	Q15369	Q8N884	Q6PJ21	8okx-assembly1.cif.gz	3_10	1	2	1	33.843	3.078	same_assembly_bridge	0.2782	20_30	Q15369	Q8N884	Q6PJ21	0.999828	0.999718	0.00011	1.0	0.004185	0.004183	0.611368	0.306918
SCF:0001202	AC:001001	Q15369	Q8N884	P30291	8okx-assembly1.cif.gz	3_10	1	2	1	33.843	2.398	PDB_exact_pair_aggregate	0.274	20_30	Q15369	Q8N884	P30291	0.996905	0.999718	-0.002813	0.0	0.004208	0.004183	0.324043	0.306918
SCF:0001203	AC:001006	P36100	Q12004	Q03290	7o4k-assembly1.cif.gz	11_24	1	7	1	22.208	2.273	PDB_exact_pair_aggregate	0.2429	20_30	P36100	Q12004	Q03290	0.999841	0.999913	-7.2e-05	0.0	0.004238	0.009481	0.394693	0.69278
SCF:0001204	AC:001006	Q12004	P36100	P32776	7o4k-assembly1.cif.gz	11_24	1	7	1	22.208	1.776	PDB_exact_pair_aggregate	0.287	20_30	Q12004	P36100	P32776	0.999749	0.999913	-0.000164	0.0	0.006253	0.009481	0.645104	0.69278
SCF:0001205	AC:001008	Q02750	P63104	P31947	9o2z-assembly1.cif.gz	3_10	1	2	1	32.882	4.803	PDB_exact_pair_aggregate	0.7322	ge50	Q02750	P63104	P63104	0.998473	0.989566	0.008907	1.0	0.004195	0.004324	0.469154	0.476543
SCF:0001206	AC:001010	Q6PIL8	S6C4R2	S6B2B6	5w1k-assembly3.cif.gz	3_10	1	1	0	14.048	2.518	PDB_exact_pair_aggregate	0.7224	ge50	Q8TCD0	S6C4S0	S6C4S0	0.99964	0.999731	-9.1e-05	0.0	0.791305	0.778572	0.703073	0.78398
SCF:0001207	AC:001010	Q6PIL8	S6C4R2	Q8N355	5w1k-assembly3.cif.gz	3_10	1	1	0	14.048	2.449	PDB_exact_pair_aggregate	0.367	30_40	Q8TCD0	S6C4S0	G0YP42	0.999892	0.999731	0.000161	1.0	0.847792	0.778572	0.678526	0.78398
SCF:0001208	AC:001010	Q6PIL8	S6C4R2	S6B291	5w1k-assembly3.cif.gz	3_10	1	1	0	14.048	2.201	PDB_exact_pair_aggregate	0.917	ge50	Q8TCD0	S6C4S0	Q6N030	0.99985	0.999731	0.000119	1.0	0.554766	0.778572	0.786019	0.78398
SCF:0001209	AC:001010	S6C4R2	Q6PIL8	P0DOX7	5w1k-assembly3.cif.gz	3_10	1	1	0	14.048	2.679	PDB_exact_pair_aggregate	0.8152	ge50	S6C4S0	Q8TCD0	Q8TCD0	0.999751	0.999731	2e-05	1.0	0.876152	0.778572	0.800096	0.78398
SCF:0001210	AC:001010	S6C4R2	Q6PIL8	Q7Z3Y4	5w1k-assembly3.cif.gz	3_10	1	1	0	14.048	2.518	PDB_exact_pair_aggregate	0.8034	ge50	S6C4S0	Q8TCD0	Q8TCD0	0.999659	0.999731	-7.2e-05	0.0	0.381513	0.778572	0.856586	0.78398
SCF:0001211	AC:001012	P56769	Q01667	Q9SYW8	7wfe-assembly1.cif.gz	11_24	1	3	1	14.437	3.169	PDB_exact_pair_aggregate	0.4773	40_50	Q55329	A0A9R0J8B1	F2D0D5	0.999477	0.093754	0.905723	1.0	0.007632	0.006402	0.674504	0.616941
SCF:0001212	AC:001012	P56769	Q01667	P27521	7wfe-assembly1.cif.gz	11_24	1	3	1	14.437	4.933	PDB_exact_pair_aggregate	0.4612	40_50	Q55329	A0A9R0J8B1	Q84Y02	0.99935	0.093754	0.905596	1.0	0.005558	0.006402	0.694948	0.616941
SCF:0001213	AC:001012	P56769	Q01667	Q8LCQ4	7wfe-assembly1.cif.gz	11_24	1	3	1	14.437	2.752	PDB_exact_pair_aggregate	0.4312	40_50	Q55329	A0A9R0J8B1	F2D0D5	0.99185	0.093754	0.898096	1.0	0.004514	0.006402	0.737443	0.616941
SCF:0001214	AC:001013	P23993	Q43485	Q9LKC7	7ew6-assembly1.cif.gz	11_24	1	1	0	45.137	2.383	PDB_exact_pair_aggregate	0.5346	ge50	A8IL32	F2D0D5	Q84Y02	0.998993	0.999258	-0.000265	0.0	0.392537	0.059017	0.605275	0.677288
SCF:0001215	AC:001013	P23993	Q43485	F2CW18	7ew6-assembly1.cif.gz	11_24	1	1	0	45.137	3.002	same_assembly_bridge	0.4758	40_50	A8IL32	F2D0D5	Q84Y02	0.995668	0.999258	-0.00359	0.0	0.063411	0.059017	0.558928	0.677288
SCF:0001216	AC:001015	A0A5S8WF82	A0A5S8WF90	A0A5S8WF91	6pig-assembly1.cif.gz	3_10	1	1	0	15.504	3.711	PDB_exact_pair_aggregate	0.9803	ge50	A0A5S8WF82	A0A5S8WF91	A0A5S8WF91	0.092469	0.975673	-0.883204	0.0	0.004176	0.004175	0.033224	0.051834
SCF:0001217	AC:001016	A0QSD5	A0QSP9	A0R550	8yp6-assembly1.cif.gz	11_24	1	18	1	18.648	2.179	PDB_exact_pair_aggregate	0.2824	20_30	A0QSD5	A0QSP9	P0AG59	0.999091	0.999888	-0.000797	0.0	0.858091	0.746395	0.766571	0.00603
SCF:0001218	AC:001016	A0QSP9	A0QSD5	A0QSL5	8yp6-assembly1.cif.gz	11_24	1	18	1	18.648	2.148	PDB_exact_pair_aggregate	0.2778	20_30	A0QSP9	A0QSD5	B7IA17	0.999934	0.999888	4.6e-05	1.0	0.902744	0.746395	0.008107	0.00603
SCF:0001219	AC:001018	E9NPW6	I0Z7A6	I0YQ46	9kqp-assembly1.cif.gz	11_24	1	2	1	37.069	3.297	PDB_exact_pair_aggregate	0.5067	ge50	Q55329	Q75VY8	Q84Y02	0.999763	0.142262	0.857501	1.0	0.00476	0.004473	0.648577	0.688959
SCF:0001220	AC:001018	E9NPW6	I0Z7A6	I0Z7V3	9kqp-assembly1.cif.gz	11_24	1	2	1	37.069	2.722	PDB_exact_pair_aggregate	0.2798	20_30	Q55329	Q75VY8	P12356	0.0034	0.142262	-0.138862	0.0	0.004275	0.004473	0.064362	0.688959
SCF:0001221	AC:001020	Q16531	P15170	Q2YDS1	9hne-assembly2.cif.gz	3_10	1	3	1	27.844	2.246	PDB_exact_pair_aggregate	0.2724	20_30	Q16531	P15170	Q2YDS1	0.99658	0.991203	0.005377	1.0	0.004186	0.004179	0.301557	0.180106
SCF:0001222	AC:001021	A0A7M4DUC2	A0A4X1VYD0	A0A8W4F9W9	7f4g-assembly1.cif.gz	11_24	1	19	1	10.315	2.558	PDB_exact_pair_aggregate	1.0	ge50	A0A7M4DUC2	C4R009	C4R009	0.999905	0.999934	-2.9e-05	0.0	0.908364	0.908364	0.781351	0.781348
SCF:0001223	AC:001023	Q00914	A8ITV3	Q05093	7zq9-assembly1.cif.gz	11_24	1	7	1	40.656	2.558	PDB_exact_pair_aggregate	0.4915	40_50	A0A4V8H005	A8ITV3	Q7DM26	0.001015	0.000624	0.000391	1.0	0.004567	0.013177	0.068007	0.201118
SCF:0001224	AC:001027	Q13216	Q6PD62	I3LGP4	7oop-assembly1.cif.gz	11_24	1	3	1	52.678	2.903	PDB_exact_pair_aggregate	0.3031	30_40	Q13216	Q6PD62	I3LGP4	0.000173	0.891432	-0.891259	0.0	0.00418	0.019059	0.126719	0.260122
SCF:0001225	AC:001027	Q6PD62	Q13216	Q9GZS3	7oop-assembly1.cif.gz	11_24	1	3	1	52.678	2.259	PDB_exact_pair_aggregate	0.3144	30_40	Q6PD62	Q13216	Q9GZS3	0.963451	0.891432	0.072019	1.0	0.013094	0.019059	0.644333	0.260122
SCF:0001226	AC:001030	Q04491	P47170	P49687	8adl-assembly1.cif.gz	11_24	1	2	1	98.342	1.972	PDB_exact_pair_aggregate	0.2902	20_30	Q04491	P47170	P49687	0.999796	0.447633	0.552163	1.0	0.877578	0.004215	0.19756	0.743281
SCF:0001227	AC:001030	Q04491	P47170	P52593	8adl-assembly1.cif.gz	11_24	1	2	1	98.342	2.839	PDB_exact_pair_aggregate	0.2856	20_30	Q04491	P47170	P52593	0.997706	0.447633	0.550073	1.0	0.00418	0.004215	0.72597	0.743281
SCF:0001228	AC:001031	Q24CE5	I7M6H4	Q22A67	6zyw-assembly1.cif.gz	11_24	1	1	0	36.475	4.406	PDB_exact_pair_aggregate	0.3428	30_40	Q24CE5	I7M6H4	Q22A67	0.00137	0.004783	-0.003413	0.0				
SCF:0001229	AC:001032	P17227	E1C9L0	D5MAL3	3lw5-assembly1.cif.gz	11_24	1	1	0	57.051	2.691	PDB_exact_pair_aggregate	0.9048	ge50	E9NPX1	Q55329	Q55329	0.991575	0.954203	0.037372	1.0	0.018385	0.014466	0.611589	0.562653
SCF:0001230	AC:001032	P17227	E1C9L0	P17230	3lw5-assembly1.cif.gz	11_24	1	1	0	57.051	4.986	PDB_exact_pair_aggregate	0.9048	ge50	E9NPX1	Q55329	Q55329	0.970845	0.954203	0.016642	1.0	0.009953	0.014466	0.566958	0.562653
SCF:0001231	AC:001035	Q9BV81	Q9NPA0	Q9P0I2	8s9s-assembly1.cif.gz	3_10	1	9	1	14.849	2.198	same_assembly_bridge	0.2375	20_30	Q9BV81	Q9NPA0	Q9P0I2	0.999913	0.999892	2.1e-05	1.0	0.004179	0.004209	0.529383	0.643513
SCF:0001232	AC:001041	P40208	P25569	P53076	7nsb-assembly1.cif.gz	3_10	1	1	0	8.139	2.246	same_assembly_bridge	0.3056	30_40	P40208	P25569	P53076	0.016536	0.987462	-0.970926	0.0	0.004173	0.004174	0.376233	0.298458
SCF:0001233	AC:001041	P40208	P25569	P40492	7nsb-assembly1.cif.gz	3_10	1	1	0	8.139	2.289	PDB_exact_pair_aggregate	0.2871	20_30	P40208	P25569	P40492	0.946312	0.987462	-0.04115	0.0	0.004173	0.004174	0.259802	0.298458
SCF:0001234	AC:001041	P40208	P25569	P40547	7nsb-assembly1.cif.gz	3_10	1	1	0	8.139	2.297	PDB_exact_pair_aggregate	0.271	20_30	P40208	P25569	P40547	0.000709	0.987462	-0.986753	0.0	0.004175	0.004174	0.281808	0.298458
SCF:0001235	AC:001042	O19927	Q9TM21	Q9TM22	4yuu-assembly3.cif.gz	11_24	1	1	0	44.848	2.848	PDB_exact_pair_aggregate	0.3333	30_40	O19927	P12239	P32974	0.395831	0.85313	-0.457299	0.0	0.004192	0.004193	0.514112	0.501809
SCF:0001236	AC:001043	A0A287ADR4	A0A481DF93	I3LCH3	7ozn-assembly1.cif.gz	11_24	1	4	1	35.67	2.158	PDB_exact_pair_aggregate	1.0	ge50	A0A8D1GCS3	Q3T0Q3	Q3T0Q3	0.999801	0.999935	-0.000134	0.0	0.00418	0.004188	0.72618	0.636291
SCF:0001237	AC:001046	P47093	P53905	P57743	4m7d-assembly2.cif.gz	3_10	1	7	1	8.734	2.233	PDB_exact_pair_aggregate	0.3333	30_40	P47093	P53905	P57743	0.99993	0.999897	3.3e-05	1.0	0.795255	0.805541	0.709552	0.734191
SCF:0001238	AC:001046	P47093	P53905	Q06406	4m7d-assembly2.cif.gz	3_10	1	7	1	8.734	2.539	PDB_exact_pair_aggregate	0.3621	30_40	P47093	P53905	Q06406	0.999912	0.999897	1.5e-05	1.0	0.915594	0.805541	0.744929	0.734191
SCF:0001239	AC:001046	P47093	P53905	A6ZYX7	4m7d-assembly2.cif.gz	3_10	1	7	1	8.734	3.008	PDB_exact_pair_aggregate	0.3621	30_40	P47093	P53905	Q06406	0.999912	0.999897	1.5e-05	1.0	0.915594	0.805541	0.744929	0.734191
SCF:0001240	AC:001046	P53905	P47093	P40089	4m7d-assembly2.cif.gz	3_10	1	7	1	8.734	2.176	PDB_exact_pair_aggregate	0.3667	30_40	P53905	P47093	P40089	0.999858	0.999897	-3.9e-05	0.0	0.842128	0.805541	0.758253	0.734191
SCF:0001241	AC:001047	P61157	Q1JP79	Q3MHR7	9eam-assembly1.cif.gz	3_10	1	5	1	18.412	2.174	PDB_exact_pair_aggregate	0.2642	20_30	P61157	Q1JP79	Q9CVB6	0.999798	0.999116	0.000682	1.0	0.004182	0.639534	0.790128	0.693744
SCF:0001242	AC:001047	Q1JP79	P61157	A7MB62	9eam-assembly1.cif.gz	3_10	1	5	1	18.412	2.56	PDB_exact_pair_aggregate	0.3791	30_40	Q1JP79	P61157	A7MB62	0.997381	0.999116	-0.001735	0.0	0.753547	0.639534	0.763685	0.693744
SCF:0001243	AC:001048	P28791	Q12745	P33891	8eki-assembly1.cif.gz	3_10	1	1	0	8.43	2.429	PDB_exact_pair_aggregate	0.2808	20_30	P28791	Q12745	P33891	0.922842	0.000145	0.922697	1.0	0.004176	0.004175	0.695048	0.117342
SCF:0001244	AC:001048	Q12745	P28791	P53146	8eki-assembly1.cif.gz	3_10	1	1	0	8.43	2.438	same_assembly_bridge	0.3112	30_40	Q12745	P28791	P53146	0.000215	0.000145	7e-05	1.0	0.004179	0.004175	0.51884	0.117342
SCF:0001245	AC:001051	A0AAN0Y3T9	A0AAN0Y4G9	A0AAN0Y0S4	9h90-assembly1.cif.gz	11_24	1	1	0	13.178	2.685	same_assembly_bridge	0.303	30_40	P17291	P21472	Q83ER2	0.999929	0.999934	-5e-06	0.0	0.943951	0.447989	0.651231	0.806738
SCF:0001246	AC:001051	A0AAN0Y4G9	A0AAN0Y3T9	A0AAN0Y0S4	9h90-assembly1.cif.gz	11_24	1	1	0	13.178	3.776	same_assembly_bridge	0.3171	30_40	P21472	P17291	Q83ER2	0.999882	0.999934	-5.2e-05	0.0	0.775403	0.447989	0.767971	0.806738
SCF:0001247	AC:001055	A0A2K1JLZ3	Q8MFA3	Q8MFA2	6l35-assembly1.cif.gz	11_24	1	1	0	20.531	3.573	same_assembly_bridge	0.539	ge50	A0A9R0J8B1	A0T0M8	T1RIQ1	0.999778	0.999508	0.00027	1.0	0.214707	0.16386	0.452264	0.37347
SCF:0001248	AC:001055	Q8MFA3	A0A2K1JLZ3	A9RT62	6l35-assembly1.cif.gz	11_24	1	1	0	20.531	4.976	PDB_exact_pair_aggregate	0.5174	ge50	A0T0M8	A0A9R0J8B1	A9RT62	0.978174	0.999508	-0.021334	0.0	0.01211	0.16386	0.262371	0.37347
SCF:0001249	AC:001055	Q8MFA3	A0A2K1JLZ3	A0A2K1IB10	6l35-assembly1.cif.gz	11_24	1	1	0	20.531	3.152	PDB_exact_pair_aggregate	0.4513	40_50	A0T0M8	A0A9R0J8B1	A0A2K1IB10	0.997403	0.999508	-0.002105	0.0	0.045525	0.16386	0.429375	0.37347
SCF:0001250	AC:001056	A0A2K3DG79	A8IH07	A8IJ60	7ekq-assembly1.cif.gz	11_24	1	1	0	29.524	2.494	same_assembly_bridge	0.316	30_40	A0A2K3DG79	A8IH07	A8IJ60	0.13096	0.781113	-0.650153	0.0	0.964245	0.004184	0.675007	0.296922
SCF:0001251	AC:001056	A0A2K3DG79	A8IH07	A8IL21	7ekq-assembly1.cif.gz	11_24	1	1	0	29.524	2.996	PDB_exact_pair_aggregate	0.3641	30_40	A0A2K3DG79	A8IH07	A8IL21	0.380722	0.781113	-0.400391	0.0	0.953715	0.004184	0.488862	0.296922
SCF:0001252	AC:001056	A0A2K3DG79	A8IH07	A8INX1	7ekq-assembly1.cif.gz	11_24	1	1	0	29.524	4.667	PDB_exact_pair_aggregate	0.3052	30_40	A0A2K3DG79	A8IH07	A8INX1	0.158685	0.781113	-0.622428	0.0	0.944416	0.004184	0.55275	0.296922
SCF:0001253	AC:001056	A8IH07	A0A2K3DG79	A8INX1	7ekq-assembly1.cif.gz	11_24	1	1	0	29.524	2.448	PDB_exact_pair_aggregate	0.3151	30_40	A8IH07	A0A2K3DG79	A8INX1	0.281478	0.781113	-0.499635	0.0	0.004176	0.004184	0.531633	0.296922
SCF:0001254	AC:001057	Q9P7Y4	O14010	O94376	5n9j-assembly1.cif.gz	11_24	1	2	1	11.37	2.264	PDB_exact_pair_aggregate	0.2903	20_30	Q9P7Y4	O14010	O94376	0.999938	0.999933	5e-06	1.0	0.004186	0.004188	0.49967	0.080898
SCF:0001255	AC:001058	I7MCM8	Q24CE5	A4VE64	6zyw-assembly1.cif.gz	11_24	1	1	0	42.764	2.666	PDB_exact_pair_aggregate	0.3953	30_40	Q1HFX0	Q24CE5	Q1HFW2	0.999791	0.992591	0.0072	1.0	0.392073	0.344467	0.37633	0.36916
SCF:0001256	AC:001058	Q24CE5	I7MCM8	W7XJB1	6zyw-assembly1.cif.gz	11_24	1	1	0	42.764	2.285	PDB_exact_pair_aggregate	0.3535	30_40	Q24CE5	Q1HFX0	W7XJB1	0.999582	0.992591	0.006991	1.0	0.004194	0.344467	0.49611	0.36916
SCF:0001257	AC:001058	Q24CE5	I7MCM8	Q24DI9	6zyw-assembly1.cif.gz	11_24	1	1	0	42.764	3.042	PDB_exact_pair_aggregate	0.3171	30_40	Q24CE5	Q1HFX0	Q24DI9	0.999881	0.992591	0.00729	1.0	0.004794	0.344467	0.170194	0.36916
SCF:0001258	AC:001059	A0A2K3CYB6	A0A2K3DLI2	A0A2K3DQ46	8xks-assembly1.cif.gz	11_24	1	1	0	101.287	3.196	PDB_exact_pair_aggregate	0.3816	30_40	A0A2K3CYB6	A0A2K3DLI2	A0A2K3DQ46	0.000235	0.000365	-0.00013	0.0	0.004185	0.004184	0.014958	0.143884
SCF:0001259	AC:001059	A0A2K3CYB6	A0A2K3DLI2	A0A2K3DHV6	8xks-assembly1.cif.gz	11_24	1	1	0	101.287	2.316	PDB_exact_pair_aggregate	0.3358	30_40	A0A2K3CYB6	A0A2K3DLI2	A0A2K3DHV6	0.006788	0.000365	0.006423	1.0	0.004179	0.004184	0.07631	0.143884
SCF:0001260	AC:001060	A0A2K3DHV6	A0A2K3DM81	A0A2K3DVJ8	8xks-assembly1.cif.gz	11_24	1	1	0	13.397	2.529	PDB_exact_pair_aggregate	0.3148	30_40	A0A2K3DHV6	A0A2K3DM81	A0A2K3DVJ8	9.9e-05	0.077283	-0.077184	0.0	0.004182	0.004185	0.072917	0.032387
SCF:0001261	AC:001060	A0A2K3DM81	A0A2K3DHV6	A0A2K3DQ46	8xks-assembly1.cif.gz	11_24	1	1	0	13.397	2.73	PDB_exact_pair_aggregate	0.3746	30_40	A0A2K3DM81	A0A2K3DHV6	A0A2K3DQ46	0.006523	0.077283	-0.07076	0.0	0.005997	0.004185	0.166584	0.032387
SCF:0001262	AC:001060	A0A2K3DM81	A0A2K3DHV6	A8HUP3	8xks-assembly1.cif.gz	11_24	1	1	0	13.397	2.588	PDB_exact_pair_aggregate	0.3212	30_40	A0A2K3DM81	A0A2K3DHV6	A8HUP3	0.00027	0.077283	-0.077013	0.0	0.004195	0.004185	0.07686	0.032387
SCF:0001263	AC:001062	P9WGY5	P9WIU9	P9WGZ1	8e82-assembly1.cif.gz	3_10	1	2	1	61.09	2.582	PDB_exact_pair_aggregate	0.2983	20_30	A0QWT1	P9WIU9	P9WGZ1	0.000183	0.004933	-0.00475	0.0	0.004177	0.004187	0.663265	0.345219
SCF:0001264	AC:001065	Q23RH8	Q23S01	Q22E95	8b6g-assembly1.cif.gz	11_24	1	3	1	14.275	2.469	PDB_exact_pair_aggregate	0.3077	30_40	Q23RH8	Q23S01	Q22E95	0.997593	0.998917	-0.001324	0.0	0.004214	0.004175	0.598093	0.367837
SCF:0001265	AC:001065	Q23RH8	Q23S01	Q22W32	8b6g-assembly1.cif.gz	11_24	1	3	1	14.275	3.917	PDB_exact_pair_aggregate	0.3182	30_40	Q23RH8	Q23S01	Q22W32	0.990203	0.998917	-0.008714	0.0	0.004175	0.004175	0.492738	0.367837
SCF:0001266	AC:001066	A0A2P6TC44	A0A2P6TS63	A0A2P6TMX4	7a4p-assembly1.cif.gz	11_24	1	2	1	64.326	2.506	PDB_exact_pair_aggregate	0.467	40_50	A0A2P6TC44	Q84Y02	A0A4V8H004	0.005773	0.001633	0.00414	1.0	0.004198	0.004185	0.50863	0.598791
SCF:0001267	AC:001069	W8SU98	A0A2P6THB2	A0A2P6TPU7	6zzx-assembly1.cif.gz	11_24	1	1	0	35.436	3.232	PDB_exact_pair_aggregate	0.4051	40_50	W8SU98	A0A2P6THB2	A0A2P6TPU7	0.774015	0.996652	-0.222637	0.0	0.004184	0.004183	0.484793	0.486818
SCF:0001268	AC:001071	Q12431	P39543	P47133	7ktx-assembly1.cif.gz	11_24	1	3	1	22.662	3.418	PDB_exact_pair_aggregate	0.3425	30_40	Q12431	P39543	P47133	0.062698	0.99387	-0.931172	0.0	0.004175	0.004183	0.127007	0.439098
SCF:0001269	AC:001074	P40089	P47017	P53905	4c92-assembly1.cif.gz	3_10	1	3	1	8.23	2.176	PDB_exact_pair_aggregate	0.4409	40_50	P40089	P47017	P53905	0.999858	0.99989	-3.2e-05	0.0	0.842128	0.924631	0.758253	0.729497
SCF:0001270	AC:001074	P47017	P40089	Q06406	4c92-assembly1.cif.gz	3_10	1	3	1	8.23	3.377	same_assembly_bridge	0.3667	30_40	P47017	P40089	Q06406	0.999667	0.99989	-0.000223	0.0	0.93026	0.924631	0.751073	0.729497
SCF:0001271	AC:001074	P47017	P40089	P57743	4c92-assembly1.cif.gz	3_10	1	3	1	8.23	2.088	PDB_exact_pair_aggregate	0.3158	30_40	P47017	P40089	P57743	0.999789	0.99989	-0.000101	0.0	0.735504	0.924631	0.753455	0.729497
SCF:0001272	AC:001074	P47017	P40089	P38203	4c92-assembly1.cif.gz	3_10	1	3	1	8.23	2.29	PDB_exact_pair_aggregate	0.3654	30_40	P47017	P40089	P38203	0.999857	0.99989	-3.3e-05	0.0	0.784656	0.924631	0.760119	0.729497
SCF:0001273	AC:001075	Q83ES8	Q83ER2	Q83ED6	9t0z-assembly1.cif.gz	11_24	1	3	1	13.827	2.907	same_assembly_bridge	0.2639	20_30	P17291	Q83ER2	Q83ED6	0.999687	0.999926	-0.000239	0.0	0.589835	0.793926	0.60062	0.706182
SCF:0001274	AC:001075	Q83ES8	Q83ER2	Q83AX9	9t0z-assembly1.cif.gz	11_24	1	3	1	13.827	2.802	PDB_exact_pair_aggregate	0.2527	20_30	P17291	Q83ER2	C3SRY2	0.999919	0.999926	-7e-06	0.0	0.705205	0.793926	0.547709	0.706182
SCF:0001275	AC:001079	P56752	Q9SCY3	Q94AQ8	7wff-assembly1.cif.gz	11_24	1	2	1	34.975	2.308	PDB_exact_pair_aggregate	0.3056	30_40	P56752	Q9SCY3	Q94AQ8	7.4e-05	9.5e-05	-2.1e-05	0.0	0.004196	0.004224	0.020505	0.02162
SCF:0001276	AC:001079	Q9SCY3	P56752	A0A1B1W4Z4	7wff-assembly1.cif.gz	11_24	1	2	1	34.975	2.287	same_assembly_bridge	0.2917	20_30	Q9SCY3	P56752	A0A1B1W4Z4	0.000192	9.5e-05	9.7e-05	1.0	0.004733	0.004224	0.055863	0.02162
SCF:0001277	AC:001083	E1C9L2	Q41038	Q9SQL2	4y28-assembly1.cif.gz	11_24	1	2	1	39.562	2.493	same_assembly_bridge	0.5234	ge50	E1C9L2	F2D0D5	Q84Y02	0.999287	0.999243	4.4e-05	1.0	0.23369	0.040058	0.672245	0.716217
SCF:0001278	AC:001083	Q41038	E1C9L2	Q9SQL2	4y28-assembly1.cif.gz	11_24	1	2	1	39.562	2.798	same_assembly_bridge	0.4777	40_50	F2D0D5	E1C9L2	Q84Y02	0.999928	0.999243	0.000685	1.0	0.136951	0.040058	0.677595	0.716217
SCF:0001279	AC:001083	Q41038	E1C9L2	Q9SY97	4y28-assembly1.cif.gz	11_24	1	2	1	39.562	3.738	PDB_exact_pair_aggregate	0.4938	40_50	F2D0D5	E1C9L2	A0A2K1IB10	0.999935	0.999243	0.000692	1.0	0.20303	0.040058	0.706013	0.716217
SCF:0001280	AC:001083	Q41038	E1C9L2	Q32904	4y28-assembly1.cif.gz	11_24	1	2	1	39.562	1.015	PDB_exact_pair_aggregate	0.4906	40_50	F2D0D5	E1C9L2	A0A2K1IB10	0.999931	0.999243	0.000688	1.0	0.183656	0.040058	0.682271	0.716217
SCF:0001281	AC:001084	Q9NZQ3	O15145	Q3T035	9i2b-assembly1.cif.gz	11_24	1	1	0	21.414	2.38	PDB_exact_pair_aggregate	1.0	ge50	Q9NZQ3	Q3T035	Q3T035	0.000695	0.004339	-0.003644	0.0	0.004181	0.004181	0.668564	0.668565
SCF:0001282	AC:001085	A0QSP9	A0QSG6	A0QTK6	8yp6-assembly1.cif.gz	11_24	1	20	1	27.452	3.175	PDB_exact_pair_aggregate	0.237	20_30	A0QSP9	A0QSG6	A0QTK6	0.966809	0.999885	-0.033076	0.0	0.282911	0.855137	0.0002	0.536436
SCF:0001283	AC:001087	P62807	Q9Y230	G0RYC2	8x19-assembly1.cif.gz	11_24	1	3	1	15.022	4.487	PDB_exact_pair_aggregate	0.682	ge50	O23629	Q9Y230	Q9Y230	0.99789	0.99738	0.00051	1.0	0.416183	0.028278	0.755386	0.773894
SCF:0001284	AC:001087	P62807	Q9Y230	Q99986	8x19-assembly1.cif.gz	11_24	1	3	1	15.022	2.775	PDB_exact_pair_aggregate	0.3007	30_40	O23629	Q9Y230	Q99986	0.999289	0.99738	0.001909	1.0	0.004185	0.028278	0.250526	0.773894
SCF:0001285	AC:001087	P62807	Q9Y230	Q71F23	8x19-assembly1.cif.gz	11_24	1	3	1	15.022	3.53	PDB_exact_pair_aggregate	0.2994	20_30	O23629	Q9Y230	Q71F23	0.999835	0.99738	0.002455	1.0	0.004929	0.028278	0.590485	0.773894
SCF:0001286	AC:001087	Q9Y230	P62807	P33778	8x19-assembly1.cif.gz	11_24	1	3	1	15.022	2.922	PDB_exact_pair_aggregate	0.9762	ge50	Q9Y230	O23629	O23629	0.994901	0.99738	-0.002479	0.0	0.060222	0.028278	0.754553	0.773894
SCF:0001287	AC:001087	Q9Y230	P62807	P04908	8x19-assembly1.cif.gz	11_24	1	3	1	15.022	2.79	PDB_exact_pair_aggregate	0.3976	30_40	Q9Y230	O23629	P0C0S5	0.999277	0.99738	0.001897	1.0	0.817334	0.028278	0.745535	0.773894
SCF:0001288	AC:001088	A8IFG7	Q75VY9	Q84Y02	7bgi-assembly1.cif.gz	11_24	1	4	1	19.094	2.748	PDB_exact_pair_aggregate	0.4894	40_50	A8IFG7	I0YPL4	Q84Y02	0.998225	0.999307	-0.001082	0.0	0.004345	0.004204	0.068569	0.095254
SCF:0001289	AC:001088	A8IFG7	Q75VY9	Q93WL4	7bgi-assembly1.cif.gz	11_24	1	4	1	19.094	4.225	PDB_exact_pair_aggregate	0.4722	40_50	A8IFG7	I0YPL4	A9RT62	0.99922	0.999307	-8.7e-05	0.0	0.004211	0.004204	0.244271	0.095254
SCF:0001290	AC:001089	P06271	A0A1S3X147	A0A1S4CE74	8wa1-assembly1.cif.gz	11_24	1	1	0	14.527	2.395	PDB_exact_pair_aggregate	0.2555	20_30	P06271	A0A1S3ZQT7	A0A9R0JBX6	6.4e-05	0.025385	-0.025321	0.0	0.00632	0.004179	0.292523	0.459456
SCF:0001291	AC:001090	W8SUA3	A0A2P6TS63	A0A2P6TMX4	6zzy-assembly1.cif.gz	11_24	1	2	1	28.287	3.025	PDB_exact_pair_aggregate	0.467	40_50	T1RIQ1	Q84Y02	A0A4V8H004	0.99958	0.998142	0.001438	1.0	0.032422	0.032302	0.29082	0.400113
SCF:0001292	AC:001090	W8SUA3	A0A2P6TS63	A0A2P6TT36	6zzy-assembly1.cif.gz	11_24	1	2	1	28.287	3.388	PDB_exact_pair_aggregate	0.4492	40_50	T1RIQ1	Q84Y02	Q7DM26	0.999411	0.998142	0.001269	1.0	0.045228	0.032302	0.113436	0.400113
SCF:0001293	AC:001091	Q9B6D4	Q9B6E8	Q9B6C8	7zkp-assembly1.cif.gz	11_24	1	7	1	9.336	2.226	PDB_exact_pair_aggregate	0.3355	30_40	Q9B6D4	Q9B6E8	Q9B6C8	0.992102	0.992322	-0.00022	0.0	0.004256	0.038627	0.000464	0.106603
SCF:0001294	AC:001091	Q9B6E8	Q9B6D4	Q9B6C7	7zkp-assembly1.cif.gz	11_24	1	7	1	9.336	2.404	PDB_exact_pair_aggregate	0.2361	20_30	Q9B6E8	Q9B6D4	Q9B6C7	0.998077	0.992322	0.005755	1.0	0.594367	0.038627	0.705583	0.106603
SCF:0001295	AC:001092	P36012	Q12493	Q06675	6qld-assembly1.cif.gz	11_24	1	3	1	33.901	2.624	PDB_exact_pair_aggregate	0.2887	20_30	P36012	Q12493	Q06675	0.999733	0.999873	-0.00014	0.0	0.00418	0.00418	0.431678	0.203231
SCF:0001296	AC:001092	Q12493	P36012	Q06162	6qld-assembly1.cif.gz	11_24	1	3	1	33.901	2.413	PDB_exact_pair_aggregate	0.2773	20_30	Q12493	P36012	Q06162	0.976416	0.999873	-0.023457	0.0	0.004194	0.00418	0.385032	0.203231
SCF:0001297	AC:001093	P19658	P32855	P89102	5yfp-assembly1.cif.gz	3_10	1	2	1	9.9	2.578	same_assembly_bridge	0.3176	30_40	P19658	P32855	P89102	0.999275	0.999725	-0.00045	0.0	0.004174	0.004174	0.492278	0.443154
SCF:0001298	AC:001093	P19658	P32855	P22224	5yfp-assembly1.cif.gz	3_10	1	2	1	9.9	3.223	PDB_exact_pair_aggregate	0.2961	20_30	P19658	P32855	P22224	0.999716	0.999725	-9e-06	0.0	0.004174	0.004174	0.447473	0.443154
SCF:0001299	AC:001093	P19658	P32855	P38261	5yfp-assembly1.cif.gz	3_10	1	2	1	9.9	2.375	PDB_exact_pair_aggregate	0.2932	20_30	P19658	P32855	P38261	0.012573	0.999725	-0.987152	0.0	0.004175	0.004174	0.540095	0.443154
SCF:0001300	AC:001093	P32855	P19658	P32844	5yfp-assembly1.cif.gz	3_10	1	2	1	9.9	2.722	PDB_exact_pair_aggregate	0.2789	20_30	P32855	P19658	P32844	0.999788	0.999725	6.3e-05	1.0	0.004175	0.004174	0.274786	0.443154
SCF:0001301	AC:001093	P32855	P19658	P89102	5yfp-assembly1.cif.gz	3_10	1	2	1	9.9	2.864	same_assembly_bridge	0.2733	20_30	P32855	P19658	P89102	0.999199	0.999725	-0.000526	0.0	0.004174	0.004174	0.350239	0.443154
SCF:0001302	AC:001093	P32855	P19658	P22224	5yfp-assembly1.cif.gz	3_10	1	2	1	9.9	3.354	PDB_exact_pair_aggregate	0.2713	20_30	P32855	P19658	P22224	0.999758	0.999725	3.3e-05	1.0	0.004174	0.004174	0.35169	0.443154
SCF:0001303	AC:001094	I0YPL4	I0Z7A6	I0Z2Y0	9kqp-assembly1.cif.gz	11_24	1	1	0	15.824	2.731	same_assembly_bridge	0.5273	ge50	I0YPL4	Q75VY8	Q75VY8	0.999904	0.999887	1.7e-05	1.0	0.004226	0.0042	0.477908	0.117726
SCF:0001304	AC:001094	I0Z7A6	I0YPL4	I0YQ44	9kqp-assembly1.cif.gz	11_24	1	1	0	15.824	2.859	PDB_exact_pair_aggregate	0.4532	40_50	Q75VY8	I0YPL4	Q84Y02	0.999933	0.999887	4.6e-05	1.0	0.145395	0.0042	0.756615	0.117726
SCF:0001305	AC:001094	I0Z7A6	I0YPL4	I0Z2Y0	9kqp-assembly1.cif.gz	11_24	1	1	0	15.824	2.601	same_assembly_bridge	0.4279	40_50	Q75VY8	I0YPL4	Q75VY8	0.999925	0.999887	3.8e-05	1.0	0.261117	0.0042	0.748401	0.117726
SCF:0001306	AC:001094	I0Z7A6	I0YPL4	I0Z7A7	9kqp-assembly1.cif.gz	11_24	1	1	0	15.824	2.69	PDB_exact_pair_aggregate	0.4095	40_50	Q75VY8	I0YPL4	Q75VY8	0.999919	0.999887	3.2e-05	1.0	0.151589	0.0042	0.745038	0.117726
SCF:0001307	AC:001095	P53732	P48237	P36056	8d8j-assembly1.cif.gz	11_24	1	1	0	39.72	3.158	PDB_exact_pair_aggregate	0.2477	20_30	P53732	P48237	P36056	0.999898	0.999832	6.6e-05	1.0	0.925887	0.004377	0.460594	0.652844
SCF:0001308	AC:001098	A4VE64	Q24DI9	I7MCM8	6zyw-assembly1.cif.gz	11_24	1	1	0	11.468	2.666	PDB_exact_pair_aggregate	0.3171	30_40	Q1HFW2	Q24DI9	Q1HFX0	0.999791	0.999756	3.5e-05	1.0	0.392073	0.946867	0.37633	0.394808
SCF:0001309	AC:001098	Q24DI9	A4VE64	Q24CE5	6zyw-assembly1.cif.gz	11_24	1	1	0	11.468	3.042	PDB_exact_pair_aggregate	0.3953	30_40	Q24DI9	Q1HFW2	Q24CE5	0.999881	0.999756	0.000125	1.0	0.004794	0.946867	0.170194	0.394808
SCF:0001310	AC:001098	Q24DI9	A4VE64	W7XJB1	6zyw-assembly1.cif.gz	11_24	1	1	0	11.468	2.572	PDB_exact_pair_aggregate	0.3659	30_40	Q24DI9	Q1HFW2	W7XJB1	0.999463	0.999756	-0.000293	0.0	0.004174	0.946867	0.496438	0.394808
SCF:0001311	AC:001099	P09884	Q9BVW5	Q9BRX5	8b9d-assembly1.cif.gz	11_24	1	1	0	16.601	2.597	PDB_exact_pair_aggregate	0.2682	20_30	P09884	Q9BVW5	Q9BRX5	0.999725	0.144565	0.85516	1.0	0.004176	0.004511	0.511149	0.71767
SCF:0001312	AC:001099	Q9BVW5	P09884	Q9HAW4	8b9d-assembly1.cif.gz	11_24	1	1	0	16.601	2.588	PDB_exact_pair_aggregate	0.2926	20_30	Q9BVW5	P09884	Q9HAW4	0.014941	0.144565	-0.129624	0.0	0.004219	0.004511	0.642656	0.71767
SCF:0001313	AC:001102	C4R009	C4R4Y0	C4QZQ7	5xog-assembly1.cif.gz	11_24	1	42	1	11.872	2.585	same_assembly_bridge	0.2658	20_30	C4R009	A0A7M4DUC2	I3LGP4	0.999884	0.999907	-2.3e-05	0.0	0.018768	0.614519	0.610191	0.703996
SCF:0001314	AC:001104	W8SUD1	A0A2P6U4S6	A0A2P6U0J1	7a4p-assembly1.cif.gz	11_24	1	3	1	18.633	2.137	PDB_exact_pair_aggregate	0.4225	40_50	Q55329	A0A4V8H007	P14225	0.892633	0.536282	0.356351	1.0	0.0043	0.110815	0.509154	0.001935
SCF:0001315	AC:001105	G0SC21	G0SE33	G0S755	8r1o-assembly1.cif.gz	3_10	1	2	1	11.473	2.6	PDB_exact_pair_aggregate	0.2733	20_30	G0SC21	G0SE33	G0S755	0.999548	0.999778	-0.00023	0.0	0.00422	0.006752	0.829092	0.095702
SCF:0001316	AC:001105	G0SE33	G0SC21	G0SCD1	8r1o-assembly1.cif.gz	3_10	1	2	1	11.473	2.968	PDB_exact_pair_aggregate	0.3131	30_40	G0SE33	G0SC21	G0SCD1	0.999462	0.999778	-0.000316	0.0	0.004177	0.006752	0.37311	0.095702
SCF:0001317	AC:001105	G0SE33	G0SC21	G0S1P1	8r1o-assembly1.cif.gz	3_10	1	2	1	11.473	2.932	PDB_exact_pair_aggregate	0.2949	20_30	G0SE33	G0SC21	G0S1P1	0.999405	0.999778	-0.000373	0.0	0.004175	0.006752	0.243758	0.095702
SCF:0001318	AC:001105	G0SE33	G0SC21	P0CT46	8r1o-assembly1.cif.gz	3_10	1	2	1	11.473	2.515	PDB_exact_pair_aggregate	0.2864	20_30	G0SE33	G0SC21	P0CT46	0.999613	0.999778	-0.000165	0.0	0.004179	0.006752	0.305708	0.095702
SCF:0001319	AC:001108	P32844	Q06245	P89102	5yfp-assembly1.cif.gz	3_10	1	2	1	8.487	2.783	PDB_exact_pair_aggregate	0.2895	20_30	P32844	Q06245	P89102	0.997522	0.99905	-0.001528	0.0	0.004174	0.004174	0.315131	0.384945
SCF:0001320	AC:001108	P32844	Q06245	P32855	5yfp-assembly1.cif.gz	3_10	1	2	1	8.487	2.722	same_assembly_bridge	0.2879	20_30	P32844	Q06245	P32855	0.999788	0.99905	0.000738	1.0	0.004175	0.004174	0.274786	0.384945
SCF:0001321	AC:001108	Q06245	P32844	P32855	5yfp-assembly1.cif.gz	3_10	1	2	1	8.487	2.617	same_assembly_bridge	0.2838	20_30	Q06245	P32844	P32855	0.9998	0.99905	0.00075	1.0	0.004174	0.004174	0.431361	0.384945
SCF:0001322	AC:001108	Q06245	P32844	P22224	5yfp-assembly1.cif.gz	3_10	1	2	1	8.487	2.647	PDB_exact_pair_aggregate	0.2834	20_30	Q06245	P32844	P22224	0.999661	0.99905	0.000611	1.0	0.004175	0.004174	0.467437	0.384945
SCF:0001323	AC:001108	Q06245	P32844	P19658	5yfp-assembly1.cif.gz	3_10	1	2	1	8.487	3.694	PDB_exact_pair_aggregate	0.2789	20_30	Q06245	P32844	P19658	0.999761	0.99905	0.000711	1.0	0.004174	0.004174	0.545121	0.384945
SCF:0001324	AC:001111	A8INX1	A8IXD6	A8IL21	7ekq-assembly1.cif.gz	11_24	1	2	1	29.353	2.307	PDB_exact_pair_aggregate	0.4021	40_50	A8INX1	A8IXD6	A8IL21	0.999922	0.999114	0.000808	1.0	0.783718	0.020111	0.669093	0.104193
SCF:0001325	AC:001111	A8INX1	A8IXD6	A8IJ60	7ekq-assembly1.cif.gz	11_24	1	2	1	29.353	2.748	same_assembly_bridge	0.3632	30_40	A8INX1	A8IXD6	A8IJ60	0.999913	0.999114	0.000799	1.0	0.804441	0.020111	0.808312	0.104193
SCF:0001326	AC:001111	A8INX1	A8IXD6	A8IH07	7ekq-assembly1.cif.gz	11_24	1	2	1	29.353	2.448	PDB_exact_pair_aggregate	0.3833	30_40	A8INX1	A8IXD6	A8IH07	0.281478	0.999114	-0.717636	0.0	0.004176	0.020111	0.531633	0.104193
SCF:0001327	AC:001111	A8IXD6	A8INX1	A8IL21	7ekq-assembly1.cif.gz	11_24	1	2	1	29.353	2.194	PDB_exact_pair_aggregate	0.3675	30_40	A8IXD6	A8INX1	A8IL21	0.999858	0.999114	0.000744	1.0	0.107884	0.020111	0.306629	0.104193
SCF:0001328	AC:001111	A8IXD6	A8INX1	A8IJ60	7ekq-assembly1.cif.gz	11_24	1	2	1	29.353	4.452	same_assembly_bridge	0.3667	30_40	A8IXD6	A8INX1	A8IJ60	0.999871	0.999114	0.000757	1.0	0.605432	0.020111	0.433594	0.104193
SCF:0001329	AC:001111	A8IXD6	A8INX1	A8IS47	7ekq-assembly1.cif.gz	11_24	1	2	1	29.353	2.4	PDB_exact_pair_aggregate	0.306	30_40	A8IXD6	A8INX1	A8IS47	0.999863	0.999114	0.000749	1.0	0.004207	0.020111	0.169244	0.104193
SCF:0001330	AC:001112	P05311	Q9SQL2	E1C9L2	3lw5-assembly1.cif.gz	11_24	1	5	1	14.113	0.977	PDB_exact_pair_aggregate	0.4777	40_50	T1RIQ1	Q84Y02	E1C9L2	0.996594	0.99888	-0.002286	0.0	0.340838	0.077032	0.51791	0.415013
SCF:0001331	AC:001112	P05311	Q9SQL2	Q01667	3lw5-assembly1.cif.gz	11_24	1	5	1	14.113	4.188	PDB_exact_pair_aggregate	0.4627	40_50	T1RIQ1	Q84Y02	A0A9R0J8B1	0.999524	0.99888	0.000644	1.0	0.260225	0.077032	0.448262	0.415013
SCF:0001332	AC:001112	P05311	Q9SQL2	Q41385	3lw5-assembly1.cif.gz	11_24	1	5	1	14.113	2.594	PDB_exact_pair_aggregate	0.3651	30_40	T1RIQ1	Q84Y02	A8IL32	0.993888	0.99888	-0.004992	0.0	0.159067	0.077032	0.19967	0.415013
SCF:0001333	AC:001114	Q9UXZ3	P61994	P62010	6swd-assembly1.cif.gz	11_24	1	7	1	26.22	2.845	PDB_exact_pair_aggregate	0.4074	40_50	Q9UXZ3	P62266	A0A3B6SS17	0.999946	0.999901	4.5e-05	1.0	0.004549	0.005366	0.71418	0.79005
SCF:0001334	AC:001115	Q9LTI0	O22993	F4KF14	8xkv-assembly1.cif.gz	11_24	1	2	1	48.281	2.412	PDB_exact_pair_aggregate	0.3673	30_40	Q9LTI0	O22993	F4KF14	0.045446	0.007108	0.038338	1.0	0.004194	0.004205	0.30651	0.248217
SCF:0001335	AC:001115	Q9LTI0	O22993	Q9SAJ3	8xkv-assembly1.cif.gz	11_24	1	2	1	48.281	2.315	PDB_exact_pair_aggregate	0.3284	30_40	Q9LTI0	O22993	Q9SAJ3	0.526534	0.007108	0.519426	1.0	0.004188	0.004205	0.256586	0.248217
SCF:0001336	AC:001115	Q9LTI0	O22993	F4J3N2	8xkv-assembly1.cif.gz	11_24	1	2	1	48.281	2.529	same_assembly_bridge	0.2768	20_30	Q9LTI0	O22993	F4J3N2	0.001201	0.007108	-0.005907	0.0	0.004181	0.004205	0.352086	0.248217
SCF:0001337	AC:001119	P53330	P43554	Q05123	7egp-assembly1.cif.gz	11_24	1	2	1	31.747	2.206	PDB_exact_pair_aggregate	0.3277	30_40	P53330	P43554	Q05123	0.004919	0.012059	-0.00714	0.0	0.004175	0.004174	0.146689	0.093329
SCF:0001338	AC:001119	P53330	P43554	Q02206	7egp-assembly1.cif.gz	11_24	1	2	1	31.747	3.955	PDB_exact_pair_aggregate	0.2976	20_30	P53330	P43554	Q02206	0.163956	0.012059	0.151897	1.0	0.004182	0.004174	0.077629	0.093329
SCF:0001339	AC:001119	P53330	P43554	Q06488	7egp-assembly1.cif.gz	11_24	1	2	1	31.747	2.288	PDB_exact_pair_aggregate	0.2885	20_30	P53330	P43554	Q06488	0.01594	0.012059	0.003881	1.0	0.004179	0.004174	0.047167	0.093329
SCF:0001340	AC:001122	P0ACI0	P0A8T7	P0A8V2	7vwy-assembly1.cif.gz	3_10	1	2	1	15.827	4.469	PDB_exact_pair_aggregate	0.2957	20_30	P0ACI0	P0A8T7	P0A8V2	7.6e-05	0.000129	-5.3e-05	0.0	0.004186	0.004193	0.04741	0.105732
SCF:0001341	AC:001124	P32481	P12754	P32501	6qg6-assembly1.cif.gz	11_24	1	8	1	39.302	2.957	PDB_exact_pair_aggregate	0.292	20_30	P32481	P12754	P32501	0.993708	0.995327	-0.001619	0.0	0.68898	0.004187	0.27812	0.355735
SCF:0001342	AC:001125	Q39615	Q7DM26	Q05093	9se6-assembly1.cif.gz	11_24	1	1	0	38.274	3.333	PDB_exact_pair_aggregate	1.0	ge50	A5Z2K3	Q7DM26	Q7DM26	0.999502	0.999535	-3.3e-05	0.0	0.004725	0.005012	0.035385	0.035027
SCF:0001343	AC:001126	O00399	P60709	Q9NZ32	9b85-assembly1.cif.gz	11_24	1	2	1	41.751	2.83	same_assembly_bridge	0.3084	30_40	O00399	P68134	Q9NZ32	0.999775	0.999635	0.00014	1.0	0.435779	0.918473	0.770348	0.817735
SCF:0001344	AC:001127	A0A5C6J4N7	A0A5M5QTL0	A0A9X9IKM4	9lq8-assembly1.cif.gz	3_10	1	4	1	35.536	2.223	PDB_exact_pair_aggregate	0.2709	20_30	A0A5C6J4N7	A0A5M5QTL0	A0A9X9IKM4	0.813257	0.987291	-0.174034	0.0	0.004174	0.004174	0.574832	0.515941
SCF:0001345	AC:001128	A8IL32	Q84Y02	Q75VY7	6ijj-assembly1.cif.gz	11_24	1	9	1	33.072	2.729	same_assembly_bridge	0.5556	ge50	A8IL32	Q84Y02	Q84Y02	0.993315	0.996984	-0.003669	0.0	0.249313	0.061958	0.670459	0.664842
SCF:0001346	AC:001128	A8IL32	Q84Y02	A8ITV3	6ijj-assembly1.cif.gz	11_24	1	9	1	33.072	3.146	PDB_exact_pair_aggregate	0.4974	40_50	A8IL32	Q84Y02	A8ITV3	0.998241	0.996984	0.001257	1.0	0.078508	0.061958	0.571741	0.664842
SCF:0001347	AC:001128	Q84Y02	A8IL32	Q75VY7	6ijj-assembly1.cif.gz	11_24	1	9	1	33.072	2.527	same_assembly_bridge	0.3397	30_40	Q84Y02	A8IL32	Q84Y02	0.999938	0.996984	0.002954	1.0	0.081877	0.061958	0.701582	0.664842
SCF:0001348	AC:001128	Q84Y02	A8IL32	Q75VY8	6ijj-assembly1.cif.gz	11_24	1	9	1	33.072	4.391	PDB_exact_pair_aggregate	0.292	20_30	Q84Y02	A8IL32	Q75VY8	0.999938	0.996984	0.002954	1.0	0.039428	0.061958	0.752458	0.664842
SCF:0001349	AC:001134	P06269	A0A1S4CKK0	A0A1S4CIZ9	8wa1-assembly1.cif.gz	11_24	1	3	1	81.096	2.759	PDB_exact_pair_aggregate	0.5407	ge50	P06505	A0A1S4CKK0	A0A1S4CIZ9	6.7e-05	7.9e-05	-1.2e-05	0.0	0.004211	0.004239	0.151647	0.121019
SCF:0001350	AC:001135	P40337	P49427	Q712K3	8rx0-assembly1.cif.gz	3_10	1	1	0	27.192	4.504	PDB_exact_pair_aggregate	0.8283	ge50	P40337	P49427	P49427	0.99762	0.999664	-0.002044	0.0	0.018698	0.036163	0.6047	0.61987
SCF:0001351	AC:001136	D8V7I7	D8V7I2	D7P897	9evd-assembly1.cif.gz	11_24	1	4	1	37.488	2.457	PDB_exact_pair_aggregate	0.3158	30_40	D8V7I7	D8V7I2	D7P897	0.999555	0.822854	0.176701	1.0	0.004219	0.004185	0.462101	0.149219
SCF:0001352	AC:001137	P0A0H0	Q2FZ25	Q8GNY5	7kwg-assembly1.cif.gz	11_24	1	17	1	35.498	3.436	PDB_exact_pair_aggregate	0.2739	20_30	P21472	A0QVB8	Q8GNY5	0.990858	0.999832	-0.008974	0.0	0.015124	0.786832	0.750195	0.825732
SCF:0001353	AC:001137	Q2FZ25	P0A0H0	Q2FW20	7kwg-assembly1.cif.gz	11_24	1	17	1	35.498	4.73	same_assembly_bridge	0.3133	30_40	A0QVB8	P21472	Q2FW20	0.999872	0.999832	4e-05	1.0	0.830295	0.786832	0.826798	0.825732
SCF:0001354	AC:001137	Q2FZ25	P0A0H0	Q2FW23	7kwg-assembly1.cif.gz	11_24	1	17	1	35.498	2.476	PDB_exact_pair_aggregate	0.3176	30_40	A0QVB8	P21472	Q839E7	0.999911	0.999832	7.9e-05	1.0	0.902339	0.786832	0.836283	0.825732
SCF:0001355	AC:001138	I0YTK4	I0YQ46	I0YP72	9kqp-assembly1.cif.gz	11_24	1	2	1	27.435	2.438	PDB_exact_pair_aggregate	0.4834	40_50	I0YTK4	Q84Y02	A8ITV3	0.999716	0.999145	0.000571	1.0	0.011658	0.188018	0.671118	0.698546
SCF:0001356	AC:001138	I0YTK4	I0YQ46	I0Z687	9kqp-assembly1.cif.gz	11_24	1	2	1	27.435	3.756	PDB_exact_pair_aggregate	0.306	30_40	I0YTK4	Q84Y02	A8IL32	0.99844	0.999145	-0.000705	0.0	0.004479	0.188018	0.526927	0.698546
SCF:0001357	AC:001139	P19263	Q12321	P32569	7uig-assembly1.cif.gz	11_24	1	5	1	36.136	2.388	PDB_exact_pair_aggregate	0.2847	20_30	P19263	Q12321	P32569	0.999837	0.999699	0.000138	1.0	0.004174	0.004174	0.616983	0.515227
SCF:0001358	AC:001139	P19263	Q12321	Q12124	7uig-assembly1.cif.gz	11_24	1	5	1	36.136	3.197	PDB_exact_pair_aggregate	0.2671	20_30	P19263	Q12321	Q12124	0.999859	0.999699	0.00016	1.0	0.004176	0.004174	0.049713	0.515227
SCF:0001359	AC:001142	P04969	P21470	P21469	8cdu-assembly1.cif.gz	11_24	1	22	1	9.125	2.302	PDB_exact_pair_aggregate	0.2947	20_30	Q50296	A0A1M6R974	P17291	0.99995	0.999946	4e-06	1.0	0.821605	0.83534	0.489236	0.328966
SCF:0001360	AC:001142	P04969	P21470	P20282	8cdu-assembly1.cif.gz	11_24	1	22	1	9.125	2.259	same_assembly_bridge	0.2783	20_30	Q50296	A0A1M6R974	B7IA17	0.99994	0.999946	-6e-06	0.0	0.705609	0.83534	0.165405	0.328966
SCF:0001361	AC:001142	P21470	P04969	P21472	8cdu-assembly1.cif.gz	11_24	1	22	1	9.125	3.265	PDB_exact_pair_aggregate	0.3333	30_40	A0A1M6R974	Q50296	P21472	0.999928	0.999946	-1.8e-05	0.0	0.599634	0.83534	0.840215	0.328966
SCF:0001362	AC:001142	P21470	P04969	P21467	8cdu-assembly1.cif.gz	11_24	1	22	1	9.125	4.21	PDB_exact_pair_aggregate	0.3483	30_40	A0A1M6R974	Q50296	Q839E7	0.999915	0.999946	-3.1e-05	0.0	0.746439	0.83534	0.792417	0.328966
SCF:0001363	AC:001143	Q3E7B6	P32341	P53262	8eas-assembly1.cif.gz	11_24	1	1	0	29.783	2.233	PDB_exact_pair_aggregate	0.3188	30_40	Q3E7B6	P32341	P53262	0.989259	0.999808	-0.010549	0.0	0.004175	0.004187	0.004464	0.204663
SCF:0001364	AC:001145	P18384	P07611	P16710	9hbk-assembly1.cif.gz	3_10	1	2	1	13.043	2.359	same_assembly_bridge	0.3267	30_40	P18384	P07611	P16710	0.000391	0.001755	-0.001364	0.0	0.00418	0.004194	0.47027	0.520516
SCF:0001365	AC:001148	A0A1B2U0Q7	A0A1B2U0I9	A0A1J7CBX1	9oyv-assembly1.cif.gz	11_24	1	8	1	25.328	2.936	same_assembly_bridge	0.2714	20_30	P0AG59	Q839E7	P80372	0.999933	0.999942	-9e-06	0.0	0.814109	0.920065	0.324462	0.494925
SCF:0001366	AC:001156	Q9SN86	A8MPR5	F4KF14	8xku-assembly1.cif.gz	11_24	1	2	1	9.3	2.207	same_assembly_bridge	0.3554	30_40	Q9SN86	A8MPR5	F4KF14	0.004251	0.003489	0.000762	1.0	0.004265	0.004179	0.122903	0.051396
SCF:0001367	AC:001156	Q9SN86	A8MPR5	Q9SAJ3	8xku-assembly1.cif.gz	11_24	1	2	1	9.3	2.408	PDB_exact_pair_aggregate	0.3171	30_40	Q9SN86	A8MPR5	Q9SAJ3	0.00821	0.003489	0.004721	1.0	0.004684	0.004179	0.014827	0.051396
SCF:0001368	AC:001161	P50990	Q9UHV9	O15212	6nrd-assembly1.cif.gz	11_24	1	3	1	17.042	2.617	PDB_exact_pair_aggregate	0.2202	20_30	Q3ZCI9	Q9UHV9	O15212	0.999853	0.999862	-9e-06	0.0	0.004193	0.004207	0.334621	0.39647
SCF:0001369	AC:001161	Q9UHV9	P50990	P40227	6nrd-assembly1.cif.gz	11_24	1	3	1	17.042	2.763	same_assembly_bridge	0.2994	20_30	Q9UHV9	Q3ZCI9	P40227	0.999897	0.999862	3.5e-05	1.0	0.004295	0.004207	0.270296	0.39647
SCF:0001370	AC:001166	A0ACD6B9M6	A0ACD6B9M9	A0ACD6B9K7	8uhe-assembly1.cif.gz	11_24	1	1	0	12.225	3.711	PDB_exact_pair_aggregate	0.3333	30_40	A0ACD6B9M6	A0ACD6B9M6	A0ACD6B9K7	0.999803	0.999927	-0.000124	0.0	0.00467	0.004228	0.254869	0.467142
SCF:0001371	AC:001166	A0ACD6B9M9	A0ACD6B9M6	A0ACD6B9K7	8uhe-assembly1.cif.gz	11_24	1	1	0	12.225	2.418	PDB_exact_pair_aggregate	0.3032	30_40	A0ACD6B9M6	A0ACD6B9M6	A0ACD6B9K7	0.999734	0.999927	-0.000193	0.0	0.004325	0.004228	0.171346	0.467142
SCF:0001372	AC:001169	Q9BTE1	P60709	F2Z5G5	9b85-assembly1.cif.gz	11_24	1	2	1	36.709	3.217	PDB_exact_pair_aggregate	0.5367	ge50	Q9BTE1	P68134	F2Z5G5	0.879269	0.999827	-0.120558	0.0	0.183764	0.93481	0.836836	0.81743
SCF:0001373	AC:001169	Q9BTE1	P60709	Q9NZ32	9b85-assembly1.cif.gz	11_24	1	2	1	36.709	3.906	PDB_exact_pair_aggregate	0.3084	30_40	Q9BTE1	P68134	Q9NZ32	0.999722	0.999827	-0.000105	0.0	0.733689	0.93481	0.802475	0.81743
SCF:0001374	AC:001172	W5EP45	W5FEZ3	Q8L806	8r57-assembly1.cif.gz	11_24	1	1	0	38.382	2.55	same_assembly_bridge	0.2949	20_30	W5EP45	W5FEZ3	Q8L806	0.999914	0.999894	2e-05	1.0	0.944876	0.769858	0.736226	0.738792
SCF:0001375	AC:001173	A0A2K3E6S5	O19930	P92277	9iiu-assembly1.cif.gz	11_24	1	1	0	35.595	2.495	PDB_exact_pair_aggregate	0.2917	20_30	A0A2K3E6S5	Q7DGD4	P92277	0.000293	0.00017	0.000123	1.0	0.005133	0.004917	0.138224	0.176413
SCF:0001376	AC:001173	O19930	A0A2K3E6S5	P12853	9iiu-assembly1.cif.gz	11_24	1	1	0	35.595	2.564	PDB_exact_pair_aggregate	0.2596	20_30	Q7DGD4	A0A2K3E6S5	P12853	0.958419	0.00017	0.958249	1.0	0.004444	0.004917	0.49693	0.176413
SCF:0001377	AC:001179	Q8LCQ4	Q9SUI4	Q9LVM2	7wfd-assembly1.cif.gz	11_24	1	1	0	62.555	2.308	PDB_exact_pair_aggregate	0.329	30_40	F2D0D5	A8IL32	Q9LVM2	0.00094	0.996007	-0.995067	0.0	0.004204	0.214736	0.662858	0.661512
SCF:0001378	AC:001179	Q8LCQ4	Q9SUI4	P27521	7wfd-assembly1.cif.gz	11_24	1	1	0	62.555	2.605	PDB_exact_pair_aggregate	0.3101	30_40	F2D0D5	A8IL32	Q84Y02	0.999898	0.996007	0.003891	1.0	0.057802	0.214736	0.694649	0.661512
SCF:0001379	AC:001179	Q9SUI4	Q8LCQ4	Q9SHR7	7wfd-assembly1.cif.gz	11_24	1	1	0	62.555	2.392	PDB_exact_pair_aggregate	0.4381	40_50	A8IL32	F2D0D5	A9RT62	0.999684	0.996007	0.003677	1.0	0.930703	0.214736	0.600299	0.661512
SCF:0001380	AC:001182	P53840	P24279	P30665	9e2x-assembly1.cif.gz	11_24	1	2	1	25.462	2.158	PDB_exact_pair_aggregate	0.4003	40_50	P53840	P24279	P30665	0.002921	0.20548	-0.202559	0.0	0.004178	0.004242	0.689713	0.687052
SCF:0001381	AC:001182	P53840	P24279	P29469	9e2x-assembly1.cif.gz	11_24	1	2	1	25.462	2.132	PDB_exact_pair_aggregate	0.395	30_40	P53840	P24279	P29469	0.038758	0.20548	-0.166722	0.0	0.006138	0.004242	0.698045	0.687052
SCF:0001382	AC:001182	P53840	P24279	P53091	9e2x-assembly1.cif.gz	11_24	1	2	1	25.462	2.575	PDB_exact_pair_aggregate	0.3824	30_40	P53840	P24279	P53091	0.035602	0.20548	-0.169878	0.0	0.004195	0.004242	0.680829	0.687052
SCF:0001383	AC:001184	E9NPW6	I0YP72	I0YQ46	9kqp-assembly1.cif.gz	11_24	1	1	0	69.755	3.297	PDB_exact_pair_aggregate	0.4834	40_50	Q55329	A8ITV3	Q84Y02	0.999763	0.300245	0.699518	1.0	0.00476	0.005066	0.648577	0.597699
SCF:0001384	AC:001185	P33448	P53969	P23644	7e4i-assembly1.cif.gz	3_10	1	1	0	32.484	2.301	same_assembly_bridge	0.3019	30_40	P33448	P53969	P23644	0.999232	0.99767	0.001562	1.0	0.004476	0.004231	0.147221	0.141177
SCF:0001385	AC:001187	B6U534	B6TXS5	O65101	5zji-assembly1.cif.gz	11_24	1	1	0	57.427	2.5	PDB_exact_pair_aggregate	0.287	20_30	B6U534	B6TXS5	A0A2K1JDR4	0.998931	0.998347	0.000584	1.0	0.004311	0.004357	0.557303	0.266699
SCF:0001386	AC:001188	Q9P6Q0	P87310	O13964	5n9j-assembly1.cif.gz	11_24	1	1	0	65.836	4.367	PDB_exact_pair_aggregate	0.2843	20_30	Q9P6Q0	P87310	O13964	0.999294	0.999938	-0.000644	0.0	0.025331	0.004224	0.529768	0.619309
SCF:0001387	AC:001192	A8ISA4	A0A2K3DHV6	A0A2K3CRM9	8xks-assembly1.cif.gz	11_24	1	3	1	28.978	2.786	PDB_exact_pair_aggregate	0.2967	20_30	A8ISA4	A0A2K3DHV6	A0A2K3CRM9	0.006016	0.009664	-0.003648	0.0	0.004175	0.004177	0.060874	0.167991
SCF:0001388	AC:001193	Q7Z4L5	Q8NEZ3	Q9P2L0	8fgw-assembly1.cif.gz	3_10	1	2	1	51.982	2.724	same_assembly_bridge	0.2796	20_30	Q7Z4L5	Q8NEZ3	Q9P2L0	0.208444	0.877423	-0.668979	0.0	0.004382	0.004318	0.732174	0.737419
SCF:0001389	AC:001193	Q8NEZ3	Q7Z4L5	Q9P2L0	8fgw-assembly1.cif.gz	3_10	1	2	1	51.982	2.102	same_assembly_bridge	0.263	20_30	Q8NEZ3	Q7Z4L5	Q9P2L0	0.031869	0.877423	-0.845554	0.0	0.004182	0.004318	0.740184	0.737419
SCF:0001390	AC:001196	P02721	Q28852	P07926	6ziu-assembly1.cif.gz	11_24	1	16	1	104.539	2.153	PDB_exact_pair_aggregate	0.3462	30_40	P02721	Q28852	Q4VT52	0.999514	0.999677	-0.000163	0.0	0.963669	0.974135	0.58467	0.773712
SCF:0001391	AC:001197	B8BRQ8	B8CEQ3	B8BYV4	8zet-assembly1.cif.gz	11_24	1	2	1	20.637	2.771	PDB_exact_pair_aggregate	0.4167	40_50	B8BRQ8	B8CEQ3	B8BYV4	0.999593	0.99931	0.000283	1.0	0.004302	0.00421	0.612664	0.395331
SCF:0001392	AC:001197	B8BRQ8	B8CEQ3	B8C770	8zet-assembly1.cif.gz	11_24	1	2	1	20.637	2.726	same_assembly_bridge	0.3916	30_40	B8BRQ8	B8CEQ3	B8C770	0.999608	0.99931	0.000298	1.0	0.004322	0.00421	0.441489	0.395331
SCF:0001393	AC:001197	B8BRQ8	B8CEQ3	B8BU33	8zet-assembly1.cif.gz	11_24	1	2	1	20.637	3.094	PDB_exact_pair_aggregate	0.3611	30_40	B8BRQ8	B8CEQ3	B8BU33	0.999521	0.99931	0.000211	1.0	0.004626	0.00421	0.435752	0.395331
SCF:0001394	AC:001197	B8CEQ3	B8BRQ8	B8C0K4	8zet-assembly1.cif.gz	11_24	1	2	1	20.637	4.452	PDB_exact_pair_aggregate	0.3	30_40	B8CEQ3	B8BRQ8	B8C0K4	0.999928	0.99931	0.000618	1.0	0.00486	0.00421	0.593137	0.395331
SCF:0001395	AC:001198	Q75VY7	Q75VY9	Q05093	7r3k-assembly1.cif.gz	11_24	1	6	1	38.702	2.455	PDB_exact_pair_aggregate	0.5	ge50	Q84Y02	I0YPL4	Q7DM26	0.999932	0.999933	-1e-06	0.0	0.363543	0.006142	0.699962	0.779355
SCF:0001396	AC:001198	Q75VY7	Q75VY9	Q84Y02	7r3k-assembly1.cif.gz	11_24	1	6	1	38.702	2.761	same_assembly_bridge	0.4894	40_50	Q84Y02	I0YPL4	Q84Y02	0.999938	0.999933	5e-06	1.0	0.081877	0.006142	0.701582	0.779355
SCF:0001397	AC:001198	Q75VY7	Q75VY9	Q75VY4	7r3k-assembly1.cif.gz	11_24	1	6	1	38.702	2.439	PDB_exact_pair_aggregate	0.4894	40_50	Q84Y02	I0YPL4	Q84Y02	0.999938	0.999933	5e-06	1.0	0.106138	0.006142	0.694205	0.779355
SCF:0001398	AC:001198	Q75VY9	Q75VY7	Q84Y02	7r3k-assembly1.cif.gz	11_24	1	6	1	38.702	2.471	same_assembly_bridge	0.5556	ge50	I0YPL4	Q84Y02	Q84Y02	0.999918	0.999933	-1.5e-05	0.0	0.004513	0.006142	0.800578	0.779355
SCF:0001399	AC:001198	Q75VY9	Q75VY7	Q75VY8	7r3k-assembly1.cif.gz	11_24	1	6	1	38.702	3.207	PDB_exact_pair_aggregate	0.4753	40_50	I0YPL4	Q84Y02	Q75VY8	0.999912	0.999933	-2.1e-05	0.0	0.00927	0.006142	0.782068	0.779355
SCF:0001400	AC:001200	G0S770	G0S7B2	G0SED0	9ynw-assembly1.cif.gz	11_24	1	1	0	26.982	2.405	PDB_exact_pair_aggregate	0.3153	30_40	G0S770	G0S7B2	G0SED0	0.999848	0.999598	0.00025	1.0	0.004175	0.004175	0.097842	0.639366
SCF:0001401	AC:001202	Q32P78	F2Z4C9	F2Z4H3	9xgk-assembly1.cif.gz	11_24	1	1	0	46.142	2.253	PDB_exact_pair_aggregate	0.3117	30_40	C4R009	A0A4X1VEK9	A0A8D1AQR7	0.999948	0.999921	2.7e-05	1.0	0.932152	0.892512	0.638116	0.656142
SCF:0001402	AC:001203	A0A2K3CXW8	A8IXD6	A8INX1	7ekq-assembly1.cif.gz	11_24	1	2	1	8.251	2.127	PDB_exact_pair_aggregate	0.3111	30_40	A0A2K3CXW8	A8IXD6	A8INX1	0.999643	0.999695	-5.2e-05	0.0	0.00418	0.004177	0.386992	0.095574
SCF:0001403	AC:001203	A8IXD6	A0A2K3CXW8	A8IJ60	7ekq-assembly1.cif.gz	11_24	1	2	1	8.251	2.41	PDB_exact_pair_aggregate	0.3381	30_40	A8IXD6	A0A2K3CXW8	A8IJ60	0.999871	0.999695	0.000176	1.0	0.605432	0.004177	0.433594	0.095574
SCF:0001404	AC:001203	A8IXD6	A0A2K3CXW8	A8IS47	7ekq-assembly1.cif.gz	11_24	1	2	1	8.251	2.4	PDB_exact_pair_aggregate	0.2927	20_30	A8IXD6	A0A2K3CXW8	A8IS47	0.999863	0.999695	0.000168	1.0	0.004207	0.004177	0.169244	0.095574
SCF:0001405	AC:001203	A8IXD6	A0A2K3CXW8	P42380	7ekq-assembly1.cif.gz	11_24	1	2	1	8.251	2.653	same_assembly_bridge	0.2616	20_30	A8IXD6	A0A2K3CXW8	P42380	0.005221	0.999695	-0.994474	0.0	0.004176	0.004177	0.172594	0.095574
SCF:0001406	AC:001205	Q8N668	Q9UBI1	Q9P000	8p0w-assembly1.cif.gz	11_24	1	3	1	18.764	2.379	PDB_exact_pair_aggregate	0.34	30_40	Q8N668	Q9UBI1	Q9P000	0.999823	0.999852	-2.9e-05	0.0	0.004177	0.004177	0.763941	0.717284
SCF:0001407	AC:001205	Q8N668	Q9UBI1	Q86VX2	8p0w-assembly1.cif.gz	11_24	1	3	1	18.764	2.379	PDB_exact_pair_aggregate	0.2782	20_30	Q8N668	Q9UBI1	Q86VX2	0.999836	0.999852	-1.6e-05	0.0	0.004176	0.004177	0.766028	0.717284
SCF:0001408	AC:001205	Q8N668	Q9UBI1	Q9H0A8	8p0w-assembly1.cif.gz	11_24	1	3	1	18.764	2.631	PDB_exact_pair_aggregate	0.2695	20_30	Q8N668	Q9UBI1	Q9H0A8	0.999881	0.999852	2.9e-05	1.0	0.004176	0.004177	0.734245	0.717284
SCF:0001409	AC:001205	Q9UBI1	Q8N668	Q86X83	8p0w-assembly1.cif.gz	11_24	1	3	1	18.764	2.28	PDB_exact_pair_aggregate	0.2391	20_30	Q9UBI1	Q8N668	Q86X83	0.999933	0.999852	8.1e-05	1.0	0.004174	0.004177	0.707331	0.717284
SCF:0001410	AC:001205	Q9UBI1	Q8N668	Q9GZQ3	8p0w-assembly1.cif.gz	11_24	1	3	1	18.764	2.652	PDB_exact_pair_aggregate	0.234	20_30	Q9UBI1	Q8N668	Q9GZQ3	0.999898	0.999852	4.6e-05	1.0	0.004176	0.004177	0.747895	0.717284
SCF:0001411	AC:001205	Q9UBI1	Q8N668	Q9H0A8	8p0w-assembly1.cif.gz	11_24	1	3	1	18.764	2.62	PDB_exact_pair_aggregate	0.2148	20_30	Q9UBI1	Q8N668	Q9H0A8	0.999807	0.999852	-4.5e-05	0.0	0.004175	0.004177	0.71248	0.717284
SCF:0001412	AC:001206	I3L9H6	A0A0R4J8D5	F1S8U4	4v1a-assembly1.cif.gz	11_24	1	2	1	12.56	2.695	PDB_exact_pair_aggregate	0.3301	30_40	I3L9H6	A0A0R4J8D5	F1S8U4	0.999935	0.99994	-5e-06	0.0	0.975966	0.841695	0.856119	0.787982
SCF:0001413	AC:001209	P41806	P32842	P25515	8eau-assembly1.cif.gz	11_24	1	1	0	39.408	2.244	PDB_exact_pair_aggregate	0.5695	ge50	P41806	P25515	P25515	0.999705	0.99961	9.5e-05	1.0	0.004177	0.004188	0.424784	0.385173
SCF:0001414	AC:001212	G0S842	G0S7B2	G0SED0	9ynw-assembly1.cif.gz	11_24	1	1	0	55.206	1.9	PDB_exact_pair_aggregate	0.3153	30_40	G0S842	G0S7B2	G0SED0	0.000276	0.001272	-0.000996	0.0				
SCF:0001415	AC:001214	Q15369	B4DNT1	Q13084	9d4b-assembly1.cif.gz	3_10	1	1	0	34.686	2.353	PDB_exact_pair_aggregate	0.2642	20_30	Q15369	B4DNT1	Q13084	0.000292	0.055479	-0.055187	0.0	0.004186	0.004181	0.000972	0.481964
SCF:0001416	AC:001216	P0AC41	P0AC44	P69054	2ws3-assembly3.cif.gz	3_10	1	10	1	21.815	2.506	PDB_exact_pair_aggregate	0.2727	20_30	P0AC41	P0AC44	P69054	0.022215	0.001013	0.021202	1.0	0.00467	0.004293	0.205743	0.246102
SCF:0001417	AC:001218	A8HRZ4	A8IU42	A0A2K3D591	9f61-assembly1.cif.gz	11_24	1	4	1	8.247	3.104	PDB_exact_pair_aggregate	0.3973	30_40	A8HRZ4	A8IU42	A0A2K3D591	0.997915	0.997477	0.000438	1.0	0.00418	0.016775	0.648203	0.640367
SCF:0001418	AC:001219	Q8DIN9	Q8DG60	Q9F1L5	7nhp-assembly1.cif.gz	11_24	1	1	0	42.128	2.631	PDB_exact_pair_aggregate	0.3663	30_40	P12239	Q8DG60	Q9F1L5	0.007282	0.000434	0.006848	1.0	0.004225	0.004179	0.4933	0.261021
SCF:0001419	AC:001221	A0A8F0WFC9	B8C2K6	A0T0V0	8xls-assembly1.cif.gz	11_24	1	1	0	42.816	2.824	PDB_exact_pair_aggregate	0.3106	30_40	B8LEQ8	B8C2K6	A0A0H2UKZ4	0.1231	0.707028	-0.583928	0.0	0.0042	0.004212	0.001989	0.001464
SCF:0001420	AC:001222	P28000	P29056	P40992	6f41-assembly1.cif.gz	11_24	1	8	1	22.297	2.308	PDB_exact_pair_aggregate	0.2599	20_30	P28000	P29056	P40992	0.180636	0.999892	-0.819256	0.0	0.004183	0.00516	0.457838	0.697997
SCF:0001421	AC:001223	A0QU34	A0QU24	A0QU23	8e9g-assembly1.cif.gz	11_24	1	3	1	18.115	2.684	PDB_exact_pair_aggregate	0.2968	20_30	A0QU34	A0QU24	A0QU23	0.000177	8.1e-05	9.6e-05	1.0	0.004187	0.004215	0.029059	0.043098
SCF:0001422	AC:001223	A0QU34	A0QU24	A0QU25	8e9g-assembly1.cif.gz	11_24	1	3	1	18.115	2.908	PDB_exact_pair_aggregate	0.2845	20_30	A0QU34	A0QU24	A0QU25	0.000124	8.1e-05	4.3e-05	1.0	0.004216	0.004215	0.01736	0.043098
SCF:0001423	AC:001226	Q8LFJ6	Q9LQ02	Q9LK40	7eu1-assembly1.cif.gz	11_24	1	6	1	11.092	2.728	same_assembly_bridge	0.2897	20_30	C4R009	Q9LQ02	Q9LK40	0.999934	0.999718	0.000216	1.0	0.284824	0.420583	0.475662	0.777629
SCF:0001424	AC:001227	Q16531	P48729	P24941	5fqd-assembly1.cif.gz	3_10	1	3	1	32.136	2.286	PDB_exact_pair_aggregate	0.3687	30_40	Q16531	P48729	P24941	0.926857	0.984166	-0.057309	0.0	0.004179	0.00418	0.241041	0.20611
SCF:0001425	AC:001230	P05807	P68611	P04310	8c8h-assembly1.cif.gz	11_24	1	1	0	46.613	2.722	PDB_exact_pair_aggregate	0.2941	20_30	A4GDH1	P68610	P04310	0.393691	0.0244	0.369291	1.0	0.004175	0.004178	0.080729	0.612057
SCF:0001426	AC:001240	P56767	Q9C639	Q01667	7wfe-assembly1.cif.gz	11_24	1	2	1	18.898	3.297	PDB_exact_pair_aggregate	0.4828	40_50	T1RIQ1	Q84Y02	A0A9R0J8B1	0.99946	0.999208	0.000252	1.0	0.228762	0.00624	0.459443	0.459823
SCF:0001427	AC:001240	P56767	Q9C639	Q9XI73	7wfe-assembly1.cif.gz	11_24	1	2	1	18.898	3.185	PDB_exact_pair_aggregate	0.2929	20_30	T1RIQ1	Q84Y02	Q9XI73	0.860091	0.999208	-0.139117	0.0	0.004562	0.00624	0.067946	0.459823
SCF:0001428	AC:001240	P56767	Q9C639	Q9SUI4	7wfe-assembly1.cif.gz	11_24	1	2	1	18.898	2.528	PDB_exact_pair_aggregate	0.2868	20_30	T1RIQ1	Q84Y02	A8IL32	0.998229	0.999208	-0.000979	0.0	0.029705	0.00624	0.296964	0.459823
SCF:0001429	AC:001241	P9WH23	P9WP67	A0R049	8hcr-assembly1.cif.gz	11_24	1	1	0	13.756	2.324	PDB_exact_pair_aggregate	0.8818	ge50	P9WH23	P9WP67	P9WP67	0.996277	0.996666	-0.000389	0.0	0.575447	0.694359	0.023024	0.022622
SCF:0001430	AC:001241	P9WP67	P9WH23	P9WP69	8hcr-assembly1.cif.gz	11_24	1	1	0	13.756	2.554	PDB_exact_pair_aggregate	0.3287	30_40	P9WP67	P9WH23	P9WP69	0.999248	0.996666	0.002582	1.0	0.183924	0.694359	0.831113	0.022622
SCF:0001431	AC:001242	Q8N668	Q9GZQ3	Q9P000	8p0w-assembly1.cif.gz	11_24	1	3	1	21.789	2.535	same_assembly_bridge	0.3214	30_40	Q8N668	Q9GZQ3	Q9P000	0.999823	0.999833	-1e-05	0.0	0.004177	0.00418	0.763941	0.781212
SCF:0001432	AC:001242	Q8N668	Q9GZQ3	Q9NX08	8p0w-assembly1.cif.gz	11_24	1	3	1	21.789	3.025	PDB_exact_pair_aggregate	0.287	20_30	Q8N668	Q9GZQ3	Q9NX08	0.999917	0.999833	8.4e-05	1.0	0.004178	0.00418	0.750309	0.781212
SCF:0001433	AC:001242	Q8N668	Q9GZQ3	Q9H0A8	8p0w-assembly1.cif.gz	11_24	1	3	1	21.789	2.631	PDB_exact_pair_aggregate	0.2866	20_30	Q8N668	Q9GZQ3	Q9H0A8	0.999881	0.999833	4.8e-05	1.0	0.004176	0.00418	0.734245	0.781212
SCF:0001434	AC:001242	Q9GZQ3	Q8N668	Q9P000	8p0w-assembly1.cif.gz	11_24	1	3	1	21.789	2.954	same_assembly_bridge	0.3063	30_40	Q9GZQ3	Q8N668	Q9P000	0.999858	0.999833	2.5e-05	1.0	0.00418	0.00418	0.73269	0.781212
SCF:0001435	AC:001242	Q9GZQ3	Q8N668	Q86VX2	8p0w-assembly1.cif.gz	11_24	1	3	1	21.789	2.537	PDB_exact_pair_aggregate	0.2815	20_30	Q9GZQ3	Q8N668	Q86VX2	0.999886	0.999833	5.3e-05	1.0	0.004177	0.00418	0.745514	0.781212
SCF:0001436	AC:001242	Q9GZQ3	Q8N668	Q86X83	8p0w-assembly1.cif.gz	11_24	1	3	1	21.789	2.307	PDB_exact_pair_aggregate	0.2391	20_30	Q9GZQ3	Q8N668	Q86X83	0.999932	0.999833	9.9e-05	1.0	0.004176	0.00418	0.737012	0.781212
SCF:0001437	AC:001244	A0A4V8GZZ2	A0A4V8H000	A0A4V8GZZ7	6igz-assembly1.cif.gz	11_24	1	1	0	38.417	6.21	same_assembly_bridge	0.4389	40_50	A0T0M8	A0A4V8H000	Q84Y02	0.999861	0.997194	0.002667	1.0	0.1384	0.015532	0.416019	0.438474
SCF:0001438	AC:001244	A0A4V8GZZ2	A0A4V8H000	A0A4V8GZZ8	6igz-assembly1.cif.gz	11_24	1	1	0	38.417	2.217	PDB_exact_pair_aggregate	0.4658	40_50	A0T0M8	A0A4V8H000	I0YPL4	0.999817	0.997194	0.002623	1.0	0.004507	0.015532	0.070199	0.438474
SCF:0001439	AC:001246	Q54VN6	Q54XI5	Q9Y3A5	5an9-assembly1.cif.gz	3_10	1	4	1	32.498	3.17	PDB_exact_pair_aggregate	0.2969	20_30	Q54VN6	A0A3Q7JDZ0	Q9Y3A5	0.999795	0.99994	-0.000145	0.0	0.004425	0.71937	0.74206	0.634711
SCF:0001440	AC:001247	A0A1S4CKK0	A0A1S3XP85	A0A1S3YU01	8wa1-assembly1.cif.gz	11_24	1	2	1	84.322	3.24	PDB_exact_pair_aggregate	0.2598	20_30	A0A1S4CKK0	A0A1S3X2G3	A0A1S3YU01	0.007499	0.198227	-0.190728	0.0	0.004192	0.685556	0.403892	0.038841
SCF:0001441	AC:001248	E9NPS7	I0Z7A6	I0YQ44	9kqq-assembly1.cif.gz	11_24	1	2	1	36.934	6.622	same_assembly_bridge	0.4892	40_50	A0T0M8	Q75VY8	Q84Y02	0.999341	0.972778	0.026563	1.0	0.062373	0.016877	0.387911	0.295021
SCF:0001442	AC:001248	E9NPS7	I0Z7A6	I0YPL4	9kqq-assembly1.cif.gz	11_24	1	2	1	36.934	2.519	PDB_exact_pair_aggregate	0.45	40_50	A0T0M8	Q75VY8	I0YPL4	0.995188	0.972778	0.02241	1.0	0.004189	0.016877	0.016348	0.295021
SCF:0001443	AC:001248	E9NPS7	I0Z7A6	I0Z7V3	9kqq-assembly1.cif.gz	11_24	1	2	1	36.934	2.471	PDB_exact_pair_aggregate	0.2798	20_30	A0T0M8	Q75VY8	P12356	0.601199	0.972778	-0.371579	0.0	0.006632	0.016877	0.229185	0.295021
SCF:0001444	AC:001251	A0ACD6B9L8	A0ACD6B9K7	A0ACD6B9M9	8uhe-assembly1.cif.gz	11_24	1	1	0	12.652	3.042	PDB_exact_pair_aggregate	0.3333	30_40	A0ACD6B9L8	A0ACD6B9K7	A0ACD6B9M6	0.00064	0.004899	-0.004259	0.0	0.004212	0.0044	6.9e-05	0.000531
SCF:0001445	AC:001251	A0ACD6B9L8	A0ACD6B9K7	A0ACD6B9M6	8uhe-assembly1.cif.gz	11_24	1	1	0	12.652	3.042	PDB_exact_pair_aggregate	0.3032	30_40	A0ACD6B9L8	A0ACD6B9K7	A0ACD6B9M6	0.000551	0.004899	-0.004348	0.0	0.004636	0.0044	0.002652	0.000531
SCF:0001446	AC:001252	Q8DJZ6	Q8DG60	Q9F1L5	7nhp-assembly1.cif.gz	11_24	1	1	0	25.299	2.422	PDB_exact_pair_aggregate	0.3663	30_40	P12240	Q8DG60	Q9F1L5	0.095072	0.016215	0.078857	1.0	0.004208	0.004281	6.3e-05	0.008618
SCF:0001447	AC:001253	O96019	P62807	P02281	8x15-assembly1.cif.gz	11_24	1	4	1	14.414	3.082	PDB_exact_pair_aggregate	0.9365	ge50	O96019	O23629	O23629	0.43969	0.287	0.15269	1.0	0.004212	0.004194	0.670935	0.668544
SCF:0001448	AC:001253	O96019	P62807	P84233	8x15-assembly1.cif.gz	11_24	1	4	1	14.414	3.227	PDB_exact_pair_aggregate	0.3	30_40	O96019	O23629	P02299	0.925167	0.287	0.638167	1.0	0.558001	0.004194	0.679552	0.668544
SCF:0001449	AC:001253	O96019	P62807	Q6AZJ8	8x15-assembly1.cif.gz	11_24	1	4	1	14.414	2.248	PDB_exact_pair_aggregate	0.4118	40_50	O96019	O23629	P0C0S5	0.983699	0.287	0.696699	1.0	0.961671	0.004194	0.501359	0.668544
SCF:0001450	AC:001253	P62807	O96019	Q71F23	8x15-assembly1.cif.gz	11_24	1	4	1	14.414	3.53	PDB_exact_pair_aggregate	0.2809	20_30	O23629	O96019	Q71F23	0.999835	0.287	0.712835	1.0	0.004929	0.004194	0.590485	0.668544
SCF:0001451	AC:001255	O77448	Q6JXI5	A0A0U8TRG9	7uy5-assembly1.cif.gz	3_10	1	1	0	40.459	2.657	PDB_exact_pair_aggregate	0.3141	30_40	O77448	Q6JXI5	A0A0U8TRG9	0.010164	0.03845	-0.028286	0.0	0.004175	0.016139	0.695387	0.743826
SCF:0001452	AC:001255	O77448	Q6JXI5	A0PGB2	7uy5-assembly1.cif.gz	3_10	1	1	0	40.459	2.615	same_assembly_bridge	0.2724	20_30	O77448	Q6JXI5	A0PGB2	0.547937	0.03845	0.509487	1.0	0.004174	0.016139	0.544324	0.743826
SCF:0001453	AC:001255	Q6JXI5	O77448	Q23AJ0	7uy5-assembly1.cif.gz	3_10	1	1	0	40.459	2.416	PDB_exact_pair_aggregate	0.2867	20_30	Q6JXI5	O77448	Q23AJ0	0.983743	0.03845	0.945293	1.0	0.184064	0.016139	0.616927	0.743826
SCF:0001454	AC:001257	Q9I2U0	Q9HYR9	Q9I2U1	9ndj-assembly1.cif.gz	11_24	1	1	0	32.128	2.604	same_assembly_bridge	0.436	40_50	Q9I2U0	Q9HYR9	Q9I2U1	0.000393	0.002457	-0.002064	0.0	0.139535	0.00979	0.349494	0.663231
SCF:0001455	AC:001260	A0A1B2U6N1	A0A1M6QTP8	A0A1J7BSW7	9oy8-assembly1.cif.gz	11_24	1	8	1	17.25	2.628	same_assembly_bridge	0.3333	30_40	A0A1B2U6N1	A0A1M6QTP8	A0A1J7BSW7	0.999607	0.999457	0.00015	1.0	0.586444	0.008112	0.824151	0.318945
SCF:0001456	AC:001261	I0Z7A7	I0Z7V3	I0Z7A6	9kqp-assembly1.cif.gz	11_24	1	2	1	32.768	2.69	PDB_exact_pair_aggregate	0.2798	20_30	Q75VY8	P12356	Q75VY8	0.999919	0.972429	0.02749	1.0	0.151589	0.159894	0.745038	0.652793
SCF:0001457	AC:001261	I0Z7V3	I0Z7A7	I0YQ46	9kqp-assembly1.cif.gz	11_24	1	2	1	32.768	2.715	same_assembly_bridge	0.4907	40_50	P12356	Q75VY8	Q84Y02	0.99646	0.972429	0.024031	1.0	0.561185	0.159894	0.687949	0.652793
SCF:0001458	AC:001262	P12352	Q75VY7	Q05093	7zq9-assembly1.cif.gz	11_24	1	15	1	18.604	2.606	PDB_exact_pair_aggregate	0.5343	ge50	A0A4V8H007	Q84Y02	Q7DM26	0.998331	0.83404	0.164291	1.0	0.004407	0.004218	0.140956	0.053645
SCF:0001459	AC:001262	P12352	Q75VY7	P12356	7zq9-assembly1.cif.gz	11_24	1	15	1	18.604	2.595	same_assembly_bridge	0.4129	40_50	A0A4V8H007	Q84Y02	P12356	0.536505	0.83404	-0.297535	0.0	0.004204	0.004218	0.24051	0.053645
SCF:0001460	AC:001262	Q75VY7	P12352	P14225	7zq9-assembly1.cif.gz	11_24	1	15	1	18.604	2.389	PDB_exact_pair_aggregate	0.3514	30_40	Q84Y02	A0A4V8H007	P14225	0.999443	0.83404	0.165403	1.0	0.004235	0.004218	0.694814	0.053645
SCF:0001461	AC:001267	A0A2K3CXW8	A0A2K3DG79	A8INX1	7ekq-assembly1.cif.gz	11_24	1	1	0	49.447	2.429	same_assembly_bridge	0.3151	30_40	A0A2K3CXW8	A0A2K3DG79	A8INX1	0.999643	0.022239	0.977404	1.0	0.00418	0.00449	0.386992	0.298457
SCF:0001462	AC:001267	A0A2K3DG79	A0A2K3CXW8	A8IJ60	7ekq-assembly1.cif.gz	11_24	1	1	0	49.447	2.494	PDB_exact_pair_aggregate	0.3381	30_40	A0A2K3DG79	A0A2K3CXW8	A8IJ60	0.13096	0.022239	0.108721	1.0	0.964245	0.00449	0.675007	0.298457
SCF:0001463	AC:001268	Q16531	Q8WV22	Q13216	9lwj-assembly1.cif.gz	3_10	1	3	1	46.126	1.76	PDB_exact_pair_aggregate	0.2933	20_30	Q16531	Q8WV22	Q13216	0.999582	0.427034	0.572548	1.0	0.004176	0.004175	0.414478	0.342272
SCF:0001464	AC:001268	Q8WV22	Q16531	Q8IY18	9lwj-assembly1.cif.gz	3_10	1	3	1	46.126	2.666	PDB_exact_pair_aggregate	0.2807	20_30	Q8WV22	Q16531	Q8IY18	0.998724	0.427034	0.57169	1.0	0.004177	0.004175	0.561697	0.342272
SCF:0001465	AC:001270	Q8LCQ4	Q9SHE8	Q9SY97	7wfd-assembly1.cif.gz	11_24	1	2	1	9.908	2.376	PDB_exact_pair_aggregate	0.3023	30_40	F2D0D5	Q9SHE8	A0A2K1IB10	0.999914	0.998942	0.000972	1.0	0.119164	0.006033	0.704079	0.597638
SCF:0001466	AC:001270	Q9SHE8	Q8LCQ4	Q9C639	7wfd-assembly1.cif.gz	11_24	1	2	1	9.908	3.03	PDB_exact_pair_aggregate	0.4977	40_50	Q9SHE8	F2D0D5	Q84Y02	0.999005	0.998942	6.3e-05	1.0	0.004401	0.006033	0.629739	0.597638
SCF:0001467	AC:001270	Q9SHE8	Q8LCQ4	P27521	7wfd-assembly1.cif.gz	11_24	1	2	1	9.908	2.695	same_assembly_bridge	0.4395	40_50	Q9SHE8	F2D0D5	Q84Y02	0.997526	0.998942	-0.001416	0.0	0.00608	0.006033	0.631538	0.597638
SCF:0001468	AC:001271	P9WGY5	P9WGG7	P9WGH5	9m9d-assembly1.cif.gz	3_10	1	3	1	13.455	2.176	PDB_exact_pair_aggregate	0.3563	30_40	A0QWT1	P9WGG7	P9WGH5	0.013575	0.001805	0.01177	1.0	0.004436	0.004184	0.47853	0.498652
SCF:0001469	AC:001273	A0A2K1IB10	A0A2K1JKF2	A9RT62	6l35-assembly1.cif.gz	11_24	1	1	0	30.551	2.637	PDB_exact_pair_aggregate	0.363	30_40	A0A2K1IB10	A5Z2K3	A9RT62	0.999861	0.947644	0.052217	1.0	0.004812	0.00655	0.722298	0.53566
SCF:0001470	AC:001273	A0A2K1JKF2	A0A2K1IB10	A0A2K1IAD0	6l35-assembly1.cif.gz	11_24	1	1	0	30.551	2.936	PDB_exact_pair_aggregate	0.3036	30_40	A5Z2K3	A0A2K1IB10	A8IL32	0.988801	0.947644	0.041157	1.0	0.683658	0.00655	0.418259	0.53566
SCF:0001471	AC:001275	O42978	Q9Y7M4	O74499	6ppq-assembly1.cif.gz	3_10	1	4	1	8.25	2.405	PDB_exact_pair_aggregate	0.3704	30_40	O42978	Q9Y7M4	O74499	0.999185	0.99987	-0.000685	0.0	0.828004	0.759337	0.680688	0.646902
SCF:0001472	AC:001275	O42978	Q9Y7M4	Q9UUI1	6ppq-assembly1.cif.gz	3_10	1	4	1	8.25	2.718	same_assembly_bridge	0.2464	20_30	O42978	Q9Y7M4	Q9UUI1	0.999532	0.99987	-0.000338	0.0	0.75375	0.759337	0.585411	0.646902
SCF:0001473	AC:001275	Q9Y7M4	O42978	Q9UUI1	6ppq-assembly1.cif.gz	3_10	1	4	1	8.25	2.694	same_assembly_bridge	0.3065	30_40	Q9Y7M4	O42978	Q9UUI1	0.999903	0.99987	3.3e-05	1.0	0.668567	0.759337	0.646909	0.646902
SCF:0001474	AC:001275	Q9Y7M4	O42978	O74483	6ppq-assembly1.cif.gz	3_10	1	4	1	8.25	2.556	PDB_exact_pair_aggregate	0.2941	20_30	Q9Y7M4	O42978	O74483	0.999917	0.99987	4.7e-05	1.0	0.522285	0.759337	0.716903	0.646902
SCF:0001475	AC:001276	P61619	P43308	Q8N6L1	8b6l-assembly1.cif.gz	11_24	1	1	0	16.568	2.912	PDB_exact_pair_aggregate	0.31	30_40	P61619	P43308	Q8N6L1	0.999926	0.999918	8e-06	1.0	0.004175	0.007313	0.404688	0.791519
SCF:0001476	AC:001280	Q240X9	I7M6H4	I7M9J2	6zyw-assembly1.cif.gz	11_24	1	1	0	28.44	2.946	same_assembly_bridge	0.4006	40_50	Q240X9	I7M6H4	I7M9J2	0.005397	0.001676	0.003721	1.0				
SCF:0001477	AC:001281	P56767	Q8LCQ4	Q01667	7wfd-assembly1.cif.gz	11_24	1	2	1	29.094	3.297	PDB_exact_pair_aggregate	0.4312	40_50	T1RIQ1	F2D0D5	A0A9R0J8B1	0.99946	0.998563	0.000897	1.0	0.228762	0.01528	0.459443	0.427042
SCF:0001478	AC:001281	P56767	Q8LCQ4	Q9SUI4	7wfd-assembly1.cif.gz	11_24	1	2	1	29.094	2.528	PDB_exact_pair_aggregate	0.2981	20_30	T1RIQ1	F2D0D5	A8IL32	0.998229	0.998563	-0.000334	0.0	0.029705	0.01528	0.296964	0.427042
SCF:0001479	AC:001281	Q8LCQ4	P56767	P56752	7wfd-assembly1.cif.gz	11_24	1	2	1	29.094	2.204	PDB_exact_pair_aggregate	0.3132	30_40	F2D0D5	T1RIQ1	P56752	0.731875	0.998563	-0.266688	0.0	0.004379	0.01528	0.51193	0.427042
SCF:0001480	AC:001282	B8YB54	B8YB58	B8YB60	2wb1-assembly2.cif.gz	11_24	1	5	1	14.083	2.527	PDB_exact_pair_aggregate	0.3077	30_40	B8YB54	Q7LXK4	B8YB60	0.862659	0.926797	-0.064138	0.0	0.520676	0.004181	0.485265	0.627575
SCF:0001481	AC:001282	B8YB54	B8YB58	B8YB65	2wb1-assembly2.cif.gz	11_24	1	5	1	14.083	2.631	PDB_exact_pair_aggregate	0.2167	20_30	B8YB54	Q7LXK4	Q980B8	0.068184	0.926797	-0.858613	0.0	0.004181	0.004181	0.088695	0.627575
SCF:0001482	AC:001283	P00175	P53507	P80967	8hco-assembly1.cif.gz	11_24	1	1	0	15.909	2.588	PDB_exact_pair_aggregate	0.3611	30_40	P00175	P53507	P80967	7.9e-05	0.000237	-0.000158	0.0	0.71963	0.005863	0.300146	0.498887
SCF:0001483	AC:001285	P16522	Q12440	Q08683	8a3t-assembly1.cif.gz	11_24	1	1	0	50.598	2.199	PDB_exact_pair_aggregate	0.3169	30_40	P16522	Q12440	Q08683	0.979276	0.57638	0.402896	1.0	0.004186	0.004174	0.714744	0.718862
SCF:0001484	AC:001285	P16522	Q12440	P09798	8a3t-assembly1.cif.gz	11_24	1	1	0	50.598	2.588	same_assembly_bridge	0.2779	20_30	P16522	Q12440	P09798	0.996004	0.57638	0.419624	1.0	0.004192	0.004174	0.582695	0.718862
SCF:0001485	AC:001285	Q12440	P16522	P38042	8a3t-assembly1.cif.gz	11_24	1	1	0	50.598	3.1	PDB_exact_pair_aggregate	0.2934	20_30	Q12440	P16522	P38042	0.986539	0.57638	0.410159	1.0	0.004175	0.004174	0.535892	0.718862
SCF:0001486	AC:001285	Q12440	P16522	P09798	8a3t-assembly1.cif.gz	11_24	1	1	0	50.598	2.649	same_assembly_bridge	0.269	20_30	Q12440	P16522	P09798	0.789051	0.57638	0.212671	1.0	0.004175	0.004174	0.583723	0.718862
SCF:0001487	AC:001287	Q9GZQ3	Q9H0A8	Q9P000	8p0w-assembly1.cif.gz	11_24	1	3	1	10.66	2.55	PDB_exact_pair_aggregate	0.3007	30_40	Q9GZQ3	Q9H0A8	Q9P000	0.999858	0.999864	-6e-06	0.0	0.00418	0.004176	0.73269	0.738809
SCF:0001488	AC:001287	Q9GZQ3	Q9H0A8	Q9UBI1	8p0w-assembly1.cif.gz	11_24	1	3	1	10.66	2.652	PDB_exact_pair_aggregate	0.2695	20_30	Q9GZQ3	Q9H0A8	Q9UBI1	0.999898	0.999864	3.4e-05	1.0	0.004176	0.004176	0.747895	0.738809
SCF:0001489	AC:001287	Q9GZQ3	Q9H0A8	Q86VX2	8p0w-assembly1.cif.gz	11_24	1	3	1	10.66	2.537	PDB_exact_pair_aggregate	0.2312	20_30	Q9GZQ3	Q9H0A8	Q86VX2	0.999886	0.999864	2.2e-05	1.0	0.004177	0.004176	0.745514	0.738809
SCF:0001490	AC:001287	Q9H0A8	Q9GZQ3	Q9UBI1	8p0w-assembly1.cif.gz	11_24	1	3	1	10.66	2.62	PDB_exact_pair_aggregate	0.2874	20_30	Q9H0A8	Q9GZQ3	Q9UBI1	0.999807	0.999864	-5.7e-05	0.0	0.004175	0.004176	0.71248	0.738809
SCF:0001491	AC:001287	Q9H0A8	Q9GZQ3	Q9NX08	8p0w-assembly1.cif.gz	11_24	1	3	1	10.66	2.376	PDB_exact_pair_aggregate	0.287	20_30	Q9H0A8	Q9GZQ3	Q9NX08	0.999913	0.999864	4.9e-05	1.0	0.004175	0.004176	0.742831	0.738809
SCF:0001492	AC:001287	Q9H0A8	Q9GZQ3	Q86X83	8p0w-assembly1.cif.gz	11_24	1	3	1	10.66	2.506	PDB_exact_pair_aggregate	0.2373	20_30	Q9H0A8	Q9GZQ3	Q86X83	0.999918	0.999864	5.4e-05	1.0	0.004174	0.004176	0.75195	0.738809
SCF:0001493	AC:001288	P28000	P35718	P20434	7z31-assembly1.cif.gz	11_24	1	25	1	30.869	2.59	PDB_exact_pair_aggregate	0.271	20_30	P28000	P35718	Q09191	0.999672	0.999784	-0.000112	0.0	0.004215	0.004569	0.618964	0.658055
SCF:0001494	AC:001288	P35718	P28000	P20435	7z31-assembly1.cif.gz	11_24	1	25	1	30.869	2.44	PDB_exact_pair_aggregate	0.2621	20_30	P35718	P28000	A0A4X1VEK9	0.99992	0.999784	0.000136	1.0	0.058211	0.004569	0.660843	0.658055
SCF:0001495	AC:001289	I7LWE3	I7MLZ4	I7MM07	8th8-assembly1.cif.gz	11_24	1	2	1	56.151	2.003	PDB_exact_pair_aggregate	0.2872	20_30	I7LWE3	I7MLZ4	I7MM07	0.999754	0.99511	0.004644	1.0	0.048155	0.004178	0.67567	0.443412
SCF:0001496	AC:001289	I7LWE3	I7MLZ4	Q229S1	8th8-assembly1.cif.gz	11_24	1	2	1	56.151	2.996	PDB_exact_pair_aggregate	0.285	20_30	I7LWE3	I7MLZ4	Q229S1	0.347431	0.99511	-0.647679	0.0	0.004182	0.004178	0.398426	0.443412
SCF:0001497	AC:001293	Q15843	P68036	P62837	7b5l-assembly1.cif.gz	11_24	1	1	0	30.867	2.799	PDB_exact_pair_aggregate	0.4058	40_50	Q15843	P68036	A0A6P5C4T4	0.999924	0.996679	0.003245	1.0	0.976721	0.979552	0.65899	0.687131
SCF:0001498	AC:001293	Q15843	P68036	A0A6P5C4T4	7b5l-assembly1.cif.gz	11_24	1	1	0	30.867	2.799	PDB_exact_pair_aggregate	0.4058	40_50	Q15843	P68036	A0A6P5C4T4	0.999924	0.996679	0.003245	1.0	0.976721	0.979552	0.65899	0.687131
SCF:0001499	AC:001293	Q15843	P68036	P61081	7b5l-assembly1.cif.gz	11_24	1	1	0	30.867	1.227	PDB_exact_pair_aggregate	0.3657	30_40	Q15843	P68036	P61081	0.999889	0.996679	0.00321	1.0	0.947634	0.979552	0.689039	0.687131
SCF:0001500	AC:001294	P40070	P57743	P53905	5vsu-assembly1.cif.gz	3_10	1	10	1	11.478	2.024	PDB_exact_pair_aggregate	0.3333	30_40	P40070	P57743	P53905	0.997957	0.999617	-0.00166	0.0	0.920919	0.948356	0.695647	0.661412
SCF:0001501	AC:001295	P14406	P12074	P15954	5z62-assembly1.cif.gz	11_24	1	3	1	13.568	2.899	PDB_exact_pair_aggregate	0.254	20_30	P07470	P07471	P15954	0.999879	0.99994	-6.1e-05	0.0	0.947788	0.972373	0.521621	0.519687
SCF:0001502	AC:001296	P61024	P14635	Q13309	7nj0-assembly1.cif.gz	3_10	1	1	0	13.453	2.224	PDB_exact_pair_aggregate	0.2846	20_30	P61024	P14635	Q13309	0.9999	0.999862	3.8e-05	1.0	0.794744	0.709777	0.58871	0.824725
SCF:0001503	AC:001296	P61024	P14635	P61201	7nj0-assembly1.cif.gz	3_10	1	1	0	13.453	2.405	PDB_exact_pair_aggregate	0.2324	20_30	P61024	P14635	P61201	0.998422	0.999862	-0.00144	0.0	0.004176	0.709777	0.521316	0.824725
SCF:0001504	AC:001297	P68694	P68449	P68608	9fq6-assembly1.cif.gz	11_24	1	1	0	29.329	2.444	PDB_exact_pair_aggregate	0.2941	20_30	Q76ZP7	P68449	P68608	0.023473	0.076125	-0.052652	0.0	0.004176	0.004176	0.076202	0.219992
SCF:0001505	AC:001298	P0CI78	P70974	P12875	6ppk-assembly1.cif.gz	11_24	1	32	1	18.341	2.69	PDB_exact_pair_aggregate	0.2907	20_30	P0CI78	A0A063XCH0	A0A063X754	0.99992	0.999938	-1.8e-05	0.0	0.346657	0.267919	0.778297	0.828464
SCF:0001506	AC:001300	Q86VX2	Q9UBI1	Q9P000	8p0w-assembly1.cif.gz	11_24	1	3	1	24.463	2.308	PDB_exact_pair_aggregate	0.34	30_40	Q86VX2	Q9UBI1	Q9P000	0.999835	0.999888	-5.3e-05	0.0	0.004176	0.004175	0.771751	0.785687
SCF:0001507	AC:001300	Q86VX2	Q9UBI1	Q9GZQ3	8p0w-assembly1.cif.gz	11_24	1	3	1	24.463	2.537	PDB_exact_pair_aggregate	0.2874	20_30	Q86VX2	Q9UBI1	Q9GZQ3	0.999886	0.999888	-2e-06	0.0	0.004177	0.004175	0.745514	0.785687
SCF:0001508	AC:001300	Q86VX2	Q9UBI1	Q9Y6G5	8p0w-assembly1.cif.gz	11_24	1	3	1	24.463	2.804	same_assembly_bridge	0.25	20_30	Q86VX2	Q9UBI1	Q9Y6G5	0.999832	0.999888	-5.6e-05	0.0	0.004176	0.004175	0.783963	0.785687
SCF:0001509	AC:001300	Q9UBI1	Q86VX2	Q86X83	8p0w-assembly1.cif.gz	11_24	1	3	1	24.463	2.28	PDB_exact_pair_aggregate	0.2635	20_30	Q9UBI1	Q86VX2	Q86X83	0.999933	0.999888	4.5e-05	1.0	0.004174	0.004175	0.707331	0.785687
SCF:0001510	AC:001300	Q9UBI1	Q86VX2	Q9GZQ3	8p0w-assembly1.cif.gz	11_24	1	3	1	24.463	2.652	PDB_exact_pair_aggregate	0.242	20_30	Q9UBI1	Q86VX2	Q9GZQ3	0.999898	0.999888	1e-05	1.0	0.004176	0.004175	0.747895	0.785687
SCF:0001511	AC:001300	Q9UBI1	Q86VX2	Q9H0A8	8p0w-assembly1.cif.gz	11_24	1	3	1	24.463	2.62	PDB_exact_pair_aggregate	0.2312	20_30	Q9UBI1	Q86VX2	Q9H0A8	0.999807	0.999888	-8.1e-05	0.0	0.004175	0.004175	0.71248	0.785687
SCF:0001512	AC:001303	A0A4V8H009	A0A4V8H002	A0A4V8H004	6igz-assembly1.cif.gz	11_24	1	1	0	27.379	3.136	PDB_exact_pair_aggregate	0.5392	ge50	A0A2P6TPU7	A0A4V8H004	A0A4V8H004	0.998826	0.999669	-0.000843	0.0	0.884418	0.861025	0.62436	0.658426
SCF:0001513	AC:001303	A0A4V8H009	A0A4V8H002	A0A4V8GZZ9	6igz-assembly1.cif.gz	11_24	1	1	0	27.379	4.58	PDB_exact_pair_aggregate	0.468	40_50	A0A2P6TPU7	A0A4V8H004	A0A4V8GZZ9	0.999482	0.999669	-0.000187	0.0	0.797486	0.861025	0.698606	0.658426
SCF:0001514	AC:001304	Q00914	P14225	P12352	7bgi-assembly1.cif.gz	11_24	1	16	1	10.122	2.312	PDB_exact_pair_aggregate	0.3514	30_40	A0A4V8H005	P14225	A0A4V8H007	0.003923	0.003839	8.4e-05	1.0	0.055642	0.004202	0.000741	0.000695
SCF:0001515	AC:001305	A0A4V8GZZ3	A0A4V8H004	A0A4V8GZZ7	6igz-assembly1.cif.gz	11_24	1	1	0	73.856	2.422	PDB_exact_pair_aggregate	0.4869	40_50	Q55329	A0A4V8H004	Q84Y02	0.99958	0.996767	0.002813	1.0	0.005151	0.00453	0.614717	0.545943
SCF:0001516	AC:001307	A0A0G4HFQ7	A0A0G4HNB1	A0A0G4I0G6	9hyu-assembly1.cif.gz	11_24	1	1	0	62.956	4.099	PDB_exact_pair_aggregate	0.3681	30_40	A0A0G4HFQ7	A0A0G4HNB1	A0A0G4I0G6	0.999158	0.999213	-5.5e-05	0.0	0.005949	0.004343	0.269524	0.211713
SCF:0001517	AC:001309	P62662	P62656	Q72L77	4kvb-assembly1.cif.gz	11_24	1	19	1	17.631	3.152	PDB_exact_pair_aggregate	0.2162	20_30	A0QVB8	P62656	Q72L77	0.999667	0.999858	-0.000191	0.0	0.796498	0.834392	0.753705	0.863496
SCF:0001518	AC:001311	P07703	P46678	P32786	6eu0-assembly1.cif.gz	11_24	1	9	1	17.911	4.033	PDB_exact_pair_aggregate	0.2673	20_30	P07703	P46678	P32786	0.970663	0.124415	0.846248	1.0	0.004175	0.004178	0.427462	0.223617
SCF:0001519	AC:001311	P07703	P46678	Q01080	6eu0-assembly1.cif.gz	11_24	1	9	1	17.911	2.441	PDB_exact_pair_aggregate	0.2617	20_30	P07703	P46678	Q01080	0.999937	0.124415	0.875522	1.0	0.004176	0.004178	0.40819	0.223617
SCF:0001520	AC:001311	P46678	P07703	P32910	6eu0-assembly1.cif.gz	11_24	1	9	1	17.911	2.147	PDB_exact_pair_aggregate	0.2717	20_30	P46678	P07703	P32910	0.000237	0.124415	-0.124178	0.0	0.004178	0.004178	0.731825	0.223617
SCF:0001521	AC:001315	Q03124	Q12406	Q07979	6tda-assembly1.cif.gz	11_24	1	2	1	14.301	2.61	PDB_exact_pair_aggregate	0.3412	30_40	Q03124	Q12406	Q07979	0.032931	0.004483	0.028448	1.0	0.004175	0.004177	0.143112	0.498447
SCF:0001522	AC:001315	Q03124	Q12406	P25632	6tda-assembly1.cif.gz	11_24	1	2	1	14.301	2.398	PDB_exact_pair_aggregate	0.3	30_40	Q03124	Q12406	P25632	0.000133	0.004483	-0.00435	0.0	0.004174	0.004177	0.460249	0.498447
SCF:0001523	AC:001315	Q03124	Q12406	Q02206	6tda-assembly1.cif.gz	11_24	1	2	1	14.301	2.288	PDB_exact_pair_aggregate	0.2692	20_30	Q03124	Q12406	Q02206	0.005553	0.004483	0.00107	1.0	0.004175	0.004177	0.219894	0.498447
SCF:0001524	AC:001315	Q12406	Q03124	Q05123	6tda-assembly1.cif.gz	11_24	1	2	1	14.301	1.639	PDB_exact_pair_aggregate	0.2915	20_30	Q12406	Q03124	Q05123	0.271328	0.004483	0.266845	1.0	0.213715	0.004177	0.687425	0.498447
SCF:0001525	AC:001316	I7MG46	Q24CL2	A4VD15	8th8-assembly1.cif.gz	11_24	1	2	1	119.713	2.563	PDB_exact_pair_aggregate	0.3691	30_40	I7MG46	Q24CL2	A4VD15	0.044929	0.007847	0.037082	1.0	0.004178	0.004178	0.08391	0.416534
SCF:0001526	AC:001316	I7MG46	Q24CL2	Q23S05	8th8-assembly1.cif.gz	11_24	1	2	1	119.713	2.18	same_assembly_bridge	0.2829	20_30	I7MG46	Q24CL2	Q23S05	0.978919	0.007847	0.971072	1.0	0.00418	0.004178	0.369392	0.416534
SCF:0001527	AC:001316	I7MG46	Q24CL2	Q23YW7	8th8-assembly1.cif.gz	11_24	1	2	1	119.713	2.19	PDB_exact_pair_aggregate	0.2804	20_30	I7MG46	Q24CL2	Q23YW7	0.244343	0.007847	0.236496	1.0	0.00418	0.004178	0.052352	0.416534
SCF:0001528	AC:001316	Q24CL2	I7MG46	Q23S05	8th8-assembly1.cif.gz	11_24	1	2	1	119.713	2.833	same_assembly_bridge	0.3283	30_40	Q24CL2	I7MG46	Q23S05	0.079286	0.007847	0.071439	1.0	0.004184	0.004178	0.25632	0.416534
SCF:0001529	AC:001316	Q24CL2	I7MG46	I7M6D6	8th8-assembly1.cif.gz	11_24	1	2	1	119.713	2.013	PDB_exact_pair_aggregate	0.2686	20_30	Q24CL2	I7MG46	I7M6D6	0.000215	0.007847	-0.007632	0.0	0.004185	0.004178	0.45702	0.416534
SCF:0001530	AC:001317	P02359	P0A707	P0A7V3	9ss2-assembly1.cif.gz	11_24	1	5	1	10.454	3.334	PDB_exact_pair_aggregate	0.3125	30_40	P17291	Q5SKU2	P80372	0.999944	0.999933	1.1e-05	1.0	0.619811	0.773964	0.530082	0.831352
SCF:0001531	AC:001317	P02359	P0A707	P0A7V8	9ss2-assembly1.cif.gz	11_24	1	5	1	10.454	2.508	PDB_exact_pair_aggregate	0.3365	30_40	P17291	Q5SKU2	P80373	0.999929	0.999933	-4e-06	0.0	0.88136	0.773964	0.820157	0.831352
SCF:0001532	AC:001317	P02359	P0A707	P40711	9ss2-assembly1.cif.gz	11_24	1	5	1	10.454	2.863	PDB_exact_pair_aggregate	0.2903	20_30	P17291	Q5SKU2	P40711	0.999921	0.999933	-1.2e-05	0.0	0.786783	0.773964	0.818396	0.831352
SCF:0001533	AC:001318	P16687	P16679	P16678	7z15-assembly1.cif.gz	11_24	1	2	1	35.987	3.801	same_assembly_bridge	0.3526	30_40	P16687	P16679	P16678	0.000611	0.000106	0.000505	1.0	0.004596	0.00523	0.797098	0.123731
SCF:0001534	AC:001321	F4J3N2	Q9SAJ3	F4KF14	8xkv-assembly1.cif.gz	11_24	1	2	1	11.893	4.712	PDB_exact_pair_aggregate	0.3339	30_40	F4J3N2	Q9SAJ3	F4KF14	0.202357	0.048316	0.154041	1.0	0.00514	0.005916	0.477051	0.677372
SCF:0001535	AC:001321	F4J3N2	Q9SAJ3	O22993	8xkv-assembly1.cif.gz	11_24	1	2	1	11.893	2.301	PDB_exact_pair_aggregate	0.3284	30_40	F4J3N2	Q9SAJ3	O22993	0.006121	0.048316	-0.042195	0.0	0.004469	0.005916	0.647815	0.677372
SCF:0001536	AC:001322	A0A8D1GCS3	I3LGP4	Q7KZ85	9mlc-assembly1.cif.gz	11_24	1	1	0	8.574	2.78	PDB_exact_pair_aggregate	0.2932	20_30	A0A8D1GCS3	I3LGP4	Q7KZ85	0.990086	0.999348	-0.009262	0.0	0.004871	0.00418	0.648333	0.181732
SCF:0001537	AC:001322	I3LGP4	A0A8D1GCS3	A0A287ADR4	9mlc-assembly1.cif.gz	11_24	1	1	0	8.574	3.373	PDB_exact_pair_aggregate	1.0	ge50	I3LGP4	A0A8D1GCS3	A0A8D1GCS3	0.989296	0.999348	-0.010052	0.0	0.00418	0.00418	0.181732	0.181732
SCF:0001538	AC:001322	I3LGP4	A0A8D1GCS3	A0A4X1VM56	9mlc-assembly1.cif.gz	11_24	1	1	0	8.574	2.038	PDB_exact_pair_aggregate	1.0	ge50	I3LGP4	A0A8D1GCS3	Q9VEA5	0.998086	0.999348	-0.001262	0.0	0.004183	0.00418	0.275604	0.181732
SCF:0001539	AC:001323	P07470	Q01321	P00004	9w2z-assembly1.cif.gz	11_24	1	1	0	39.197	4.927	PDB_exact_pair_aggregate	0.3492	30_40	P07470	O00483	P62894	0.990456	0.999912	-0.009456	0.0	0.88947	0.819634	0.581666	0.53366
SCF:0001540	AC:001323	P07470	Q01321	P62894	9w2z-assembly1.cif.gz	11_24	1	1	0	39.197	2.742	PDB_exact_pair_aggregate	0.3704	30_40	P07470	O00483	P62894	0.991612	0.999912	-0.0083	0.0	0.591917	0.819634	0.608096	0.53366
SCF:0001541	AC:001323	Q01321	P07470	P00429	9w2z-assembly1.cif.gz	11_24	1	1	0	39.197	2.77	PDB_exact_pair_aggregate	0.35	30_40	O00483	P07470	P14854	0.999887	0.999912	-2.5e-05	0.0	0.010193	0.819634	0.684106	0.53366
SCF:0001542	AC:001327	Q9SUI5	Q9S7N7	Q9SHE8	9gc2-assembly1.cif.gz	11_24	1	7	1	25.021	2.679	same_assembly_bridge	0.2756	20_30	A0A4V8GZZ4	B6U534	Q9SHE8	0.996843	0.999784	-0.002941	0.0	0.004498	0.009653	0.395725	0.513025
SCF:0001543	AC:001328	P32563	P38784	P22203	8eas-assembly1.cif.gz	11_24	1	1	0	12.053	2.26	PDB_exact_pair_aggregate	0.2623	20_30	P32563	P38784	P22203	0.99979	7.4e-05	0.999716	1.0	0.004183	0.004179	0.137288	0.033761
SCF:0001544	AC:001329	P48011	Q09177	P87123	7aod-assembly1.cif.gz	11_24	1	3	1	10.944	2.508	PDB_exact_pair_aggregate	0.3182	30_40	P48011	Q09177	P87123	0.999926	0.999913	1.3e-05	1.0	0.004199	0.0042	0.657735	0.006069
SCF:0001545	AC:001330	A0QSG2	A0QVB8	A0QSD7	8wi9-assembly1.cif.gz	11_24	1	11	1	21.674	2.92	same_assembly_bridge	0.3122	30_40	P62656	A0QVB8	P80372	0.999884	0.999868	1.6e-05	1.0	0.819752	0.894509	0.864584	0.826777
SCF:0001546	AC:001330	A0QVB8	A0QSG2	A0R7F7	8wi9-assembly1.cif.gz	11_24	1	11	1	21.674	3.078	PDB_exact_pair_aggregate	0.3182	30_40	A0QVB8	P62656	A0R7F7	0.999762	0.999868	-0.000106	0.0	0.923813	0.894509	0.826331	0.826777
SCF:0001547	AC:001333	Q8DIN8	Q8DJZ6	Q8DIQ0	1s5l-assembly2.cif.gz	11_24	1	64	1	24.362	2.999	same_assembly_bridge	0.3438	30_40	P32974	P12240	O19927	0.648366	0.768409	-0.120043	0.0	0.004175	0.004175	0.511986	0.530788
SCF:0001548	AC:001333	Q8DIN8	Q8DJZ6	P59087	1s5l-assembly2.cif.gz	11_24	1	64	1	24.362	2.718	PDB_exact_pair_aggregate	0.4091	40_50	P32974	P12240	Q7DGD4	0.996631	0.768409	0.228222	1.0	0.004172	0.004175	0.480869	0.530788
SCF:0001549	AC:001333	Q8DJZ6	Q8DIN8	Q8DHA7	1s5l-assembly2.cif.gz	11_24	1	64	1	24.362	2.602	PDB_exact_pair_aggregate	0.3636	30_40	P12240	P32974	Q8DHA7	0.982875	0.768409	0.214466	1.0	0.004176	0.004175	0.569601	0.530788
SCF:0001550	AC:001334	O15212	Q99832	P50991	6nrd-assembly1.cif.gz	11_24	1	3	1	18.124	2.137	PDB_exact_pair_aggregate	0.367	30_40	O15212	Q99832	P50991	0.999879	0.999907	-2.8e-05	0.0	0.004183	0.00419	0.49921	0.506585
SCF:0001551	AC:001334	O15212	Q99832	P50990	6nrd-assembly1.cif.gz	11_24	1	3	1	18.124	2.617	same_assembly_bridge	0.3055	30_40	O15212	Q99832	Q3ZCI9	0.999853	0.999907	-5.4e-05	0.0	0.004193	0.00419	0.334621	0.506585
SCF:0001552	AC:001337	A0A341UET3	W5BFB7	W5I035	8r6f-assembly1.cif.gz	11_24	1	1	0	38.607	2.463	PDB_exact_pair_aggregate	0.3333	30_40	A0A341UET3	W5BFB7	W5I035	0.999939	0.999895	4.4e-05	1.0	0.883164	0.780831	0.788626	0.468693
SCF:0001553	AC:001337	A0A341UET3	W5BFB7	Q5XUU9	8r6f-assembly1.cif.gz	11_24	1	1	0	38.607	2.122	PDB_exact_pair_aggregate	0.3333	30_40	A0A341UET3	W5BFB7	W5I035	0.9999	0.999895	5e-06	1.0	0.877089	0.780831	0.783192	0.468693
SCF:0001554	AC:001337	A0A341UET3	W5BFB7	W5FPA7	8r6f-assembly1.cif.gz	11_24	1	1	0	38.607	2.761	PDB_exact_pair_aggregate	0.265	20_30	A0A341UET3	W5BFB7	O15612	0.999878	0.999895	-1.7e-05	0.0	0.934285	0.780831	0.66305	0.468693
SCF:0001555	AC:001339	A0A0M3KL13	P16002	A0A0M3KL11	6zoo-assembly1.cif.gz	11_24	1	1	0	43.643	2.614	PDB_exact_pair_aggregate	0.3295	30_40	A0A0M3KL13	P16002	A0A4V8GZZ4	0.997734	0.996822	0.000912	1.0	0.004273	0.004303	0.54757	0.008599
SCF:0001556	AC:001340	P53073	P39543	P47133	6wb9-assembly1.cif.gz	3_10	1	3	1	21.629	2.296	PDB_exact_pair_aggregate	0.3425	30_40	P53073	P39543	P47133	0.857532	0.999211	-0.141679	0.0	0.004175	0.004189	0.045007	0.208969
SCF:0001557	AC:001341	A4VE64	Q22MV2	I7MHB1	6zyw-assembly1.cif.gz	11_24	1	1	0	8.251	4.316	same_assembly_bridge	0.2887	20_30	Q1HFW2	Q22MV2	I7MHB1	0.025191	0.099833	-0.074642	0.0	0.004177	0.004179	0.069927	0.360184
SCF:0001558	AC:001341	Q22MV2	A4VE64	Q1HFW2	6zyw-assembly1.cif.gz	11_24	1	1	0	8.251	2.698	PDB_exact_pair_aggregate	1.0	ge50	Q22MV2	Q1HFW2	Q1HFW2	0.04328	0.099833	-0.056553	0.0	0.004179	0.004179	0.360189	0.360184
SCF:0001559	AC:001341	Q22MV2	A4VE64	W7XJB1	6zyw-assembly1.cif.gz	11_24	1	1	0	8.251	2.709	PDB_exact_pair_aggregate	0.3659	30_40	Q22MV2	Q1HFW2	W7XJB1	0.990347	0.099833	0.890514	1.0	0.004174	0.004179	0.174015	0.360184
SCF:0001560	AC:001341	Q22MV2	A4VE64	Q1HFV9	6zyw-assembly1.cif.gz	11_24	1	1	0	8.251	4.845	PDB_exact_pair_aggregate	0.3625	30_40	Q22MV2	Q1HFW2	Q24DI9	0.025082	0.099833	-0.074751	0.0	0.004175	0.004179	0.174022	0.360184
SCF:0001561	AC:001342	Q13098	Q9UBF6	P62877	9eg1-assembly1.cif.gz	11_24	1	1	0	36.653	3.257	PDB_exact_pair_aggregate	0.5269	ge50	Q13098	P62877	P62877	0.999238	0.922231	0.077007	1.0	0.546484	0.004181	0.66552	0.663039
SCF:0001562	AC:001343	A0QVB8	A0QZ86	A0QSD7	8wi9-assembly1.cif.gz	11_24	1	4	1	23.634	2.59	PDB_exact_pair_aggregate	0.2797	20_30	A0QVB8	A0QZ86	P80372	0.999924	0.988776	0.011148	1.0	0.904034	0.007567	0.879227	0.499431
SCF:0001563	AC:001343	A0QVB8	A0QZ86	A0QSD2	8wi9-assembly1.cif.gz	11_24	1	4	1	23.634	3.527	PDB_exact_pair_aggregate	0.2652	20_30	A0QVB8	A0QZ86	A0QSD2	0.999849	0.988776	0.011073	1.0	0.8776	0.007567	0.854917	0.499431
SCF:0001564	AC:001344	Q980L5	Q980Q9	Q7LXK4	3hkz-assembly1.cif.gz	11_24	1	1	0	31.713	2.627	PDB_exact_pair_aggregate	0.3968	30_40	Q980L5	B8YB60	Q7LXK4	0.999162	0.022083	0.977079	1.0	0.004198	0.004179	0.629977	0.336074
SCF:0001565	AC:001346	A0QSE0	A0QSP9	A0QS96	6dzk-assembly1.cif.gz	11_24	1	20	1	24.714	2.321	PDB_exact_pair_aggregate	0.297	20_30	P0AG63	A0QSP9	P21472	0.99989	0.999931	-4.1e-05	0.0	0.267842	0.672811	0.780734	0.677415
SCF:0001566	AC:001346	A0QSP9	A0QSE0	A0QSD0	6dzk-assembly1.cif.gz	11_24	1	20	1	24.714	2.346	PDB_exact_pair_aggregate	0.3333	30_40	A0QSP9	P0AG63	P21471	0.999927	0.999931	-4e-06	0.0	0.902859	0.672811	0.724352	0.677415
SCF:0001567	AC:001346	A0QSP9	A0QSE0	A0A7I7K4Z0	6dzk-assembly1.cif.gz	11_24	1	20	1	24.714	3.15	PDB_exact_pair_aggregate	0.3333	30_40	A0QSP9	P0AG63	P21471	0.999927	0.999931	-4e-06	0.0	0.902859	0.672811	0.724352	0.677415
SCF:0001568	AC:001350	K4CYU9	A0A3Q7I5D6	A0A3Q7JDZ0	7qix-assembly1.cif.gz	11_24	1	2	1	43.134	2.653	PDB_exact_pair_aggregate	0.2959	20_30	W5I035	A0A3Q7I5D6	A0A3Q7JDZ0	0.999936	0.99995	-1.4e-05	0.0	0.953158	0.705533	0.78751	0.76974
SCF:0001569	AC:001352	Q4FZW5	Q7ZX96	A2RV69	7vci-assembly1.cif.gz	11_24	1	2	1	8.185	0.656	PDB_exact_pair_aggregate	0.3184	30_40	Q6GNF1	Q7ZX96	A2RV69	0.999915	0.999908	7e-06	1.0	0.004187	0.004177	0.655887	0.721625
SCF:0001570	AC:001352	Q4FZW5	Q7ZX96	A0A1L8H1I9	7vci-assembly1.cif.gz	11_24	1	2	1	8.185	0.646	PDB_exact_pair_aggregate	0.2782	20_30	Q6GNF1	Q7ZX96	A0A1L8H1I9	0.999665	0.999908	-0.000243	0.0	0.004183	0.004177	0.747179	0.721625
SCF:0001571	AC:001352	Q7ZX96	Q4FZW5	Q7ZYJ8	7vci-assembly1.cif.gz	11_24	1	2	1	8.185	2.421	PDB_exact_pair_aggregate	0.3958	30_40	Q7ZX96	Q6GNF1	Q7ZYJ8	0.999935	0.999908	2.7e-05	1.0	0.004177	0.004177	0.689213	0.721625
SCF:0001572	AC:001352	Q7ZX96	Q4FZW5	Q6GNX0	7vci-assembly1.cif.gz	11_24	1	2	1	8.185	3.083	PDB_exact_pair_aggregate	0.3889	30_40	Q7ZX96	Q6GNF1	Q7ZYJ8	0.999935	0.999908	2.7e-05	1.0	0.004177	0.004177	0.700039	0.721625
SCF:0001573	AC:001353	Q39615	A8ITV3	Q05093	7zq9-assembly1.cif.gz	11_24	1	7	1	25.672	3.333	PDB_exact_pair_aggregate	0.4915	40_50	A5Z2K3	A8ITV3	Q7DM26	0.999502	0.999049	0.000453	1.0	0.004725	0.004187	0.035385	0.129852
SCF:0001574	AC:001354	A0AAN0Y103	A0AAN0Y004	A0AAN0Y0L1	9h90-assembly1.cif.gz	11_24	1	1	0	34.988	3.226	PDB_exact_pair_aggregate	0.2875	20_30	C3SRY2	Q50296	P0AG59	0.999911	0.999948	-3.7e-05	0.0	0.366169	0.790897	0.497216	0.000208
SCF:0001575	AC:001355	P9WPV7	P9WPV1	P9WPV5	8j0t-assembly1.cif.gz	11_24	1	2	1	11.281	2.309	PDB_exact_pair_aggregate	0.2636	20_30	P9WPV7	P9WPV1	A0R204	0.999589	0.997322	0.002267	1.0	0.004358	0.004326	0.57461	0.498703
SCF:0001576	AC:001359	F2QMI1	F2QX94	C4R3P8	7xn7-assembly1.cif.gz	11_24	1	1	0	64.298	2.204	PDB_exact_pair_aggregate	1.0	ge50	P40422	Q09191	Q09191	0.999916	0.999873	4.3e-05	1.0	0.023027	0.023027	0.346253	0.346253
SCF:0001577	AC:001360	P18263	P11471	Q93VE0	9hei-assembly1.cif.gz	11_24	1	2	1	11.38	2.939	PDB_exact_pair_aggregate	0.3476	30_40	P19054	P11471	A9RT62	0.789918	0.963537	-0.173619	0.0	0.941074	0.004395	0.624047	0.142494
SCF:0001578	AC:001360	P18263	P11471	A8HY43	9hei-assembly1.cif.gz	11_24	1	2	1	11.38	2.854	PDB_exact_pair_aggregate	0.4231	40_50	P19054	P11471	A8HY43	0.105397	0.963537	-0.85814	0.0	0.004176	0.004395	0.205483	0.142494
SCF:0001579	AC:001366	A0A2K3DG79	A8IXD6	A8IL21	7ekq-assembly1.cif.gz	11_24	1	1	0	35.053	3.35	same_assembly_bridge	0.4021	40_50	A0A2K3DG79	A8IXD6	A8IL21	0.380722	0.520405	-0.139683	0.0	0.953715	0.004185	0.488862	0.197501
SCF:0001580	AC:001366	A0A2K3DG79	A8IXD6	A8IJ60	7ekq-assembly1.cif.gz	11_24	1	1	0	35.053	2.494	PDB_exact_pair_aggregate	0.3632	30_40	A0A2K3DG79	A8IXD6	A8IJ60	0.13096	0.520405	-0.389445	0.0	0.964245	0.004185	0.675007	0.197501
SCF:0001581	AC:001366	A0A2K3DG79	A8IXD6	A8INX1	7ekq-assembly1.cif.gz	11_24	1	1	0	35.053	4.667	PDB_exact_pair_aggregate	0.3111	30_40	A0A2K3DG79	A8IXD6	A8INX1	0.158685	0.520405	-0.36172	0.0	0.944416	0.004185	0.55275	0.197501
SCF:0001582	AC:001367	I0YQ45	I0Z687	I0YQ46	9kqq-assembly1.cif.gz	11_24	1	2	1	10.279	2.842	same_assembly_bridge	0.306	30_40	Q7DM26	A8IL32	Q84Y02	0.999933	0.977852	0.022081	1.0	0.045745	0.117061	0.74158	0.674956
SCF:0001583	AC:001367	I0Z687	I0YQ45	I0YQ46	9kqq-assembly1.cif.gz	11_24	1	2	1	10.279	3.048	same_assembly_bridge	0.5631	ge50	A8IL32	Q7DM26	Q84Y02	0.999535	0.977852	0.021683	1.0	0.935304	0.117061	0.694358	0.674956
SCF:0001584	AC:001367	I0Z687	I0YQ45	I0YP76	9kqq-assembly1.cif.gz	11_24	1	2	1	10.279	2.802	PDB_exact_pair_aggregate	0.4743	40_50	A8IL32	Q7DM26	A0A4V8H004	0.9965	0.977852	0.018648	1.0	0.004298	0.117061	0.449762	0.674956
SCF:0001585	AC:001368	O15612	A0A175JJM9	C4M549	9v27-assembly1.cif.gz	11_24	1	6	1	44.785	2.288	PDB_exact_pair_aggregate	0.2708	20_30	O15612	W5I035	C4M549	0.999943	0.999943	0.0	0.5	0.891368	0.411832	0.577093	0.83326
SCF:0001586	AC:001370	Q9H6D7	Q9NVX0	Q96CS2	7sqk-assembly1.cif.gz	3_10	1	1	0	112.392	2.393	PDB_exact_pair_aggregate	0.2857	20_30	Q9H6D7	Q9NVX0	Q96CS2	0.999941	0.999929	1.2e-05	1.0	0.004193	0.004205	0.692689	0.769757
SCF:0001587	AC:001371	A0A1S3YPU3	A0AA96C3P8	A0A1S3ZSI0	8wa0-assembly1.cif.gz	11_24	1	3	1	26.853	2.405	same_assembly_bridge	0.2629	20_30	A0A9R0K7U8	A0AA96C3P8	A0A1S3ZSI0	0.029529	0.999153	-0.969624	0.0	0.004178	0.016854	0.547554	0.637296
SCF:0001588	AC:001372	B2GUV5	Q6P503	Q6PCU2	7uzk-assembly1.cif.gz	11_24	1	6	1	19.77	2.579	PDB_exact_pair_aggregate	0.2583	20_30	B2GUV5	Q6P503	Q6PCU2	0.999881	0.999445	0.000436	1.0	0.004265	0.004177	0.739007	0.066931
SCF:0001589	AC:001374	P07703	P47076	P20435	7z0h-assembly1.cif.gz	11_24	1	25	1	33.593	2.377	PDB_exact_pair_aggregate	0.2258	20_30	P07703	P47076	A0A4X1VEK9	0.999919	0.999944	-2.5e-05	0.0	0.004205	0.004177	0.400874	0.661095
SCF:0001590	AC:001375	A0A287AEW0	Q06AT5	Q06AT4	8jj5-assembly1.cif.gz	3_10	1	1	0	13.171	2.658	same_assembly_bridge	0.4286	40_50	A0A287AEW0	Q06AT5	Q06AT4	0.999463	0.999227	0.000236	1.0	0.004174	0.004173	0.143153	0.114925
SCF:0001591	AC:001375	Q06AT5	A0A287AEW0	A0A8D2A9I1	8jj5-assembly1.cif.gz	3_10	1	1	0	13.171	2.644	PDB_exact_pair_aggregate	0.3176	30_40	Q06AT5	A0A287AEW0	A0A8D2A9I1	0.997263	0.999227	-0.001964	0.0	0.004173	0.004173	0.333807	0.114925
SCF:0001592	AC:001376	B5YM25	B8BRQ8	B8CEQ3	8zet-assembly1.cif.gz	11_24	1	2	1	35.029	2.554	PDB_exact_pair_aggregate	0.3393	30_40	B5YM25	B8BRQ8	B8CEQ3	0.999924	0.999724	0.0002	1.0	0.004924	0.004198	0.201223	0.002169
SCF:0001593	AC:001376	B8BRQ8	B5YM25	B8BU33	8zet-assembly1.cif.gz	11_24	1	2	1	35.029	3.094	PDB_exact_pair_aggregate	0.4229	40_50	B8BRQ8	B5YM25	B8BU33	0.999521	0.999724	-0.000203	0.0	0.004626	0.004198	0.435752	0.002169
SCF:0001594	AC:001376	B8BRQ8	B5YM25	B8BYV4	8zet-assembly1.cif.gz	11_24	1	2	1	35.029	2.771	PDB_exact_pair_aggregate	0.4217	40_50	B8BRQ8	B5YM25	B8BYV4	0.999593	0.999724	-0.000131	0.0	0.004302	0.004198	0.612664	0.002169
SCF:0001595	AC:001376	B8BRQ8	B5YM25	B8C770	8zet-assembly1.cif.gz	11_24	1	2	1	35.029	2.726	same_assembly_bridge	0.3571	30_40	B8BRQ8	B5YM25	B8C770	0.999608	0.999724	-0.000116	0.0	0.004322	0.004198	0.441489	0.002169
SCF:0001596	AC:001379	P40089	P47093	P53905	6aso-assembly1.cif.gz	3_10	1	7	1	8.042	2.176	PDB_exact_pair_aggregate	0.3188	30_40	P40089	P47093	P53905	0.999858	0.999851	7e-06	1.0	0.842128	0.8491	0.758253	0.67037
SCF:0001597	AC:001379	P40089	P47093	P57743	6aso-assembly1.cif.gz	3_10	1	7	1	8.042	4.868	PDB_exact_pair_aggregate	0.2877	20_30	P40089	P47093	P57743	0.999918	0.999851	6.7e-05	1.0	0.878646	0.8491	0.719544	0.67037
SCF:0001598	AC:001379	P47093	P40089	A6ZYX7	6aso-assembly1.cif.gz	3_10	1	7	1	8.042	3.008	same_assembly_bridge	0.3667	30_40	P47093	P40089	Q06406	0.999912	0.999851	6.1e-05	1.0	0.915594	0.8491	0.744929	0.67037
SCF:0001599	AC:001379	P47093	P40089	Q06406	6aso-assembly1.cif.gz	3_10	1	7	1	8.042	2.539	PDB_exact_pair_aggregate	0.3667	30_40	P47093	P40089	Q06406	0.999912	0.999851	6.1e-05	1.0	0.915594	0.8491	0.744929	0.67037
SCF:0001600	AC:001379	P47093	P40089	P57743	6aso-assembly1.cif.gz	3_10	1	7	1	8.042	2.233	PDB_exact_pair_aggregate	0.3158	30_40	P47093	P40089	P57743	0.99993	0.999851	7.9e-05	1.0	0.795255	0.8491	0.709552	0.67037
SCF:0001601	AC:001380	A0A4V8H006	A0A4V8GZZ8	A0A4V8H001	6igz-assembly1.cif.gz	11_24	1	1	0	33.567	2.883	PDB_exact_pair_aggregate	0.4222	40_50	A5Z2K3	I0YPL4	Q75VY8	0.998691	0.998063	0.000628	1.0	0.887644	0.004187	0.078867	0.084502
SCF:0001602	AC:001382	P39286	P0A7R5	P0A7R9	2ykr-assembly1.cif.gz	11_24	1	3	1	21.26	1.355	PDB_exact_pair_aggregate	0.3171	30_40	P39286	P21471	Q50296	0.999675	0.998747	0.000928	1.0	0.486795	0.44299	0.644266	0.784248
SCF:0001603	AC:001384	W8SUD1	A0A2P6U4K1	A0A2P6TZ50	7a4p-assembly1.cif.gz	11_24	1	3	1	38.544	3.394	PDB_exact_pair_aggregate	0.4932	40_50	Q55329	Q75VY8	Q84Y02	0.999761	0.949152	0.050609	1.0	0.034855	0.066094	0.690387	0.65973
SCF:0001604	AC:001384	W8SUD1	A0A2P6U4K1	A0A2P6TS63	7a4p-assembly1.cif.gz	11_24	1	3	1	38.544	3.001	same_assembly_bridge	0.4575	40_50	Q55329	Q75VY8	Q84Y02	0.979653	0.949152	0.030501	1.0	0.009669	0.066094	0.573226	0.65973
SCF:0001605	AC:001384	W8SUD1	A0A2P6U4K1	A0A2P6TMX4	7a4p-assembly1.cif.gz	11_24	1	3	1	38.544	2.979	PDB_exact_pair_aggregate	0.4266	40_50	Q55329	Q75VY8	A0A4V8H004	0.998893	0.949152	0.049741	1.0	0.024251	0.066094	0.561504	0.65973
SCF:0001606	AC:001385	A0A0F6NGI2	Q32904	Q01667	6zxs-assembly1.cif.gz	11_24	1	4	1	45.146	3.481	PDB_exact_pair_aggregate	0.4455	40_50	T1RIQ1	A0A2K1IB10	A0A9R0J8B1	0.999491	0.999599	-0.000108	0.0	0.206055	0.146683	0.49607	0.518304
SCF:0001607	AC:001385	Q32904	A0A0F6NGI2	P05310	6zxs-assembly1.cif.gz	11_24	1	4	1	45.146	1.611	PDB_exact_pair_aggregate	0.5233	ge50	A0A2K1IB10	T1RIQ1	A0T0M8	0.999691	0.999599	9.2e-05	1.0	0.148314	0.146683	0.546953	0.518304
SCF:0001608	AC:001385	Q32904	A0A0F6NGI2	A0A0F6NFW5	6zxs-assembly1.cif.gz	11_24	1	4	1	45.146	2.763	same_assembly_bridge	0.5149	ge50	A0A2K1IB10	T1RIQ1	A0T0M8	0.999671	0.999599	7.2e-05	1.0	0.167064	0.146683	0.514505	0.518304
SCF:0001609	AC:001386	P12356	Q75VY6	Q05093	8h2u-assembly1.cif.gz	11_24	1	17	1	37.351	3.149	PDB_exact_pair_aggregate	0.5202	ge50	P12356	A0A4V8H000	Q7DM26	0.999451	0.998982	0.000469	1.0	0.010035	0.005643	0.605325	0.679863
SCF:0001610	AC:001386	P12356	Q75VY6	Q7DM26	8h2u-assembly1.cif.gz	11_24	1	17	1	37.351	2.855	PDB_exact_pair_aggregate	0.5202	ge50	P12356	A0A4V8H000	Q7DM26	0.999065	0.998982	8.3e-05	1.0	0.010435	0.005643	0.534979	0.679863
SCF:0001611	AC:001386	P12356	Q75VY6	Q75VY7	8h2u-assembly1.cif.gz	11_24	1	17	1	37.351	2.37	PDB_exact_pair_aggregate	0.514	ge50	P12356	A0A4V8H000	Q84Y02	0.999224	0.998982	0.000242	1.0	0.005025	0.005643	0.31077	0.679863
SCF:0001612	AC:001386	Q75VY6	P12356	Q75VY8	8h2u-assembly1.cif.gz	11_24	1	17	1	37.351	2.328	PDB_exact_pair_aggregate	0.3394	30_40	A0A4V8H000	P12356	Q75VY8	0.999937	0.998982	0.000955	1.0	0.030367	0.005643	0.754162	0.679863
SCF:0001613	AC:001389	P01857	P29460	G0YP42	3d85-assembly1.cif.gz	3_10	1	1	0	19.464	2.606	PDB_exact_pair_aggregate	0.3051	30_40	P01867	P29460	G0YP42	0.999063	0.03769	0.961373	1.0	0.134302	0.004174	0.679363	0.345154
SCF:0001614	AC:001389	P01857	P29460	P0DOX5	3d85-assembly1.cif.gz	3_10	1	1	0	19.464	0.552	PDB_exact_pair_aggregate	0.2875	20_30	P01867	P29460	Q6N030	0.939231	0.03769	0.901541	1.0	0.146762	0.004174	0.669156	0.345154
SCF:0001615	AC:001390	A0A0M3KL12	Q32904	Q9SQL2	6zoo-assembly1.cif.gz	11_24	1	5	1	32.051	2.691	PDB_exact_pair_aggregate	0.5172	ge50	A0A0H2UKZ4	A0A2K1IB10	Q84Y02	0.059448	0.201618	-0.14217	0.0	0.047003	0.007092	0.632621	0.641245
SCF:0001616	AC:001390	A0A0M3KL12	Q32904	E1C9L2	6zoo-assembly1.cif.gz	11_24	1	5	1	32.051	3.346	PDB_exact_pair_aggregate	0.4906	40_50	A0A0H2UKZ4	A0A2K1IB10	E1C9L2	0.981936	0.201618	0.780318	1.0	0.019187	0.007092	0.665737	0.641245
SCF:0001617	AC:001391	S7VSS5	S7W617	S7W9J5	9i4x-assembly1.cif.gz	11_24	1	1	0	36.612	2.564	same_assembly_bridge	0.2689	20_30	S7VSS5	S7W617	S7W9J5	0.999878	0.999104	0.000774	1.0	0.009865	0.004788	0.072366	0.783761
SCF:0001618	AC:001392	M1UU36	Q85FQ6	Q85FS8	5zgb-assembly1.cif.gz	11_24	1	1	0	15.168	4.677	PDB_exact_pair_aggregate	0.35	30_40	M1UU36	E9NPX1	Q55329	0.996043	0.996724	-0.000681	0.0	0.005124	0.004201	0.643422	0.517831
SCF:0001619	AC:001393	E3UIU5	M2XW22	M2X090	9kc5-assembly1.cif.gz	11_24	1	1	0	47.302	2.735	PDB_exact_pair_aggregate	0.3252	30_40	E3UIU5	M2XW22	M2X090	0.029356	0.99241	-0.963054	0.0	0.004176	0.004208	0.032457	0.405875
SCF:0001620	AC:001393	E3UIU5	M2XW22	M2VTV2	9kc5-assembly1.cif.gz	11_24	1	1	0	47.302	3.314	PDB_exact_pair_aggregate	0.2848	20_30	E3UIU5	M2XW22	M2VTV2	0.014023	0.99241	-0.978387	0.0	0.004324	0.004208	0.289751	0.405875
SCF:0001621	AC:001394	P12464	P37870	P37871	6zfb-assembly1.cif.gz	11_24	1	2	1	34.69	2.313	same_assembly_bridge	0.3043	30_40	P12464	P37870	P37871	0.515265	0.924011	-0.408746	0.0	0.006824	0.004927	0.775792	0.669176
SCF:0001622	AC:001395	Q8MFA3	A0A2K1KN29	A9RT62	6l35-assembly1.cif.gz	11_24	1	1	0	11.599	4.976	PDB_exact_pair_aggregate	0.4615	40_50	A0T0M8	Q84Y02	A9RT62	0.978174	0.998344	-0.02017	0.0	0.01211	0.040311	0.262371	0.405647
SCF:0001623	AC:001395	Q8MFA3	A0A2K1KN29	A0A2K1KGQ2	6l35-assembly1.cif.gz	11_24	1	1	0	11.599	2.972	PDB_exact_pair_aggregate	0.4313	40_50	A0T0M8	Q84Y02	A0A2K1IB10	0.996802	0.998344	-0.001542	0.0	0.021455	0.040311	0.37111	0.405647
SCF:0001624	AC:001396	A0A063XCG5	A0A063X8U6	A0A063XCP1	9p4i-assembly1.cif.gz	11_24	1	2	1	21.719	3.827	same_assembly_bridge	0.2957	20_30	A0A063XCG5	A0A063X8U6	P0A0F8	0.999918	0.999901	1.7e-05	1.0	0.544056	0.741024	3.2e-05	0.679535
SCF:0001625	AC:001398	Q00959	Q9R1M7	Q05586	8jf7-assembly1.cif.gz	3_10	1	1	0	16.069	2.574	PDB_exact_pair_aggregate	0.3244	30_40	Q00959	Q9R1M7	P35439	0.999819	0.009251	0.990568	1.0	0.004181	0.004177	0.453747	0.454157
SCF:0001626	AC:001398	Q00959	Q9R1M7	P35439	8jf7-assembly1.cif.gz	3_10	1	1	0	16.069	2.448	same_assembly_bridge	0.3232	30_40	Q00959	Q9R1M7	P35439	0.999866	0.009251	0.990615	1.0	0.004181	0.004177	0.449732	0.454157
SCF:0001627	AC:001398	Q00959	Q9R1M7	A0A1L8F5J9	8jf7-assembly1.cif.gz	3_10	1	1	0	16.069	2.591	PDB_exact_pair_aggregate	0.3079	30_40	Q00959	Q9R1M7	P35439	0.999788	0.009251	0.990537	1.0	0.004183	0.004177	0.478371	0.454157
SCF:0001628	AC:001398	Q9R1M7	Q00959	P35439	8jf7-assembly1.cif.gz	3_10	1	1	0	16.069	2.72	same_assembly_bridge	0.3146	30_40	Q9R1M7	Q00959	P35439	0.027991	0.009251	0.01874	1.0	0.004181	0.004177	0.443173	0.454157
SCF:0001629	AC:001401	Q9BT73	P25789	P28066	8tm3-assembly1.cif.gz	11_24	1	2	1	16.204	2.66	PDB_exact_pair_aggregate	0.3929	30_40	Q9BT73	P23638	P28066	0.999865	0.999846	1.9e-05	1.0	0.138366	0.00418	0.332921	0.498749
SCF:0001630	AC:001401	Q9BT73	P25789	P25788	8tm3-assembly1.cif.gz	11_24	1	2	1	16.204	2.685	PDB_exact_pair_aggregate	0.325	30_40	Q9BT73	P23638	P25788	0.999803	0.999846	-4.3e-05	0.0	0.138228	0.00418	0.496315	0.498749
SCF:0001631	AC:001401	Q9BT73	P25789	P25786	8tm3-assembly1.cif.gz	11_24	1	2	1	16.204	3.139	PDB_exact_pair_aggregate	0.313	30_40	Q9BT73	P23638	P25786	0.999679	0.999846	-0.000167	0.0	0.004181	0.00418	0.257993	0.498749
SCF:0001632	AC:001403	A0QSL5	A0QS96	A0QSP9	5xyu-assembly1.cif.gz	11_24	1	19	1	13.775	2.148	PDB_exact_pair_aggregate	0.297	20_30	B7IA17	P21472	A0QSP9	0.999934	0.999933	1e-06	1.0	0.902744	0.854435	0.008107	0.763105
SCF:0001633	AC:001403	A0QSL5	A0QS96	A0QSG1	5xyu-assembly1.cif.gz	11_24	1	19	1	13.775	1.706	PDB_exact_pair_aggregate	0.2277	20_30	B7IA17	P21472	P62399	0.999939	0.999933	6e-06	1.0	0.865451	0.854435	0.367953	0.763105
SCF:0001634	AC:001404	Q2FW10	Q2FW12	Q2FW06	8byv-assembly1.cif.gz	11_24	1	16	1	24.29	3.493	PDB_exact_pair_aggregate	0.2743	20_30	A0QSD5	P80372	A0A063X745	0.99869	0.999868	-0.001178	0.0	0.655982	0.451085	0.67845	0.760306
SCF:0001635	AC:001406	P29469	P54790	P50874	9bcx-assembly1.cif.gz	11_24	1	5	1	9.61	1.448	PDB_exact_pair_aggregate	0.3506	30_40	P29469	P54790	P50874	0.998744	0.998667	7.7e-05	1.0	0.004571	0.004178	0.751582	0.677798
SCF:0001636	AC:001406	P29469	P54790	P06243	9bcx-assembly1.cif.gz	11_24	1	5	1	9.61	3.268	PDB_exact_pair_aggregate	0.2844	20_30	P29469	P54790	P06243	0.004658	0.998667	-0.994009	0.0	0.302485	0.004178	0.738185	0.677798
SCF:0001637	AC:001406	P29469	P54790	P54791	9bcx-assembly1.cif.gz	11_24	1	5	1	9.61	2.701	same_assembly_bridge	0.2805	20_30	P29469	P54790	P54791	0.992827	0.998667	-0.00584	0.0	0.559326	0.004178	0.744753	0.677798
SCF:0001638	AC:001406	P54790	P29469	P29496	9bcx-assembly1.cif.gz	11_24	1	5	1	9.61	3.438	PDB_exact_pair_aggregate	0.4108	40_50	P54790	P29469	P29496	0.900653	0.998667	-0.098014	0.0	0.004176	0.004178	0.719297	0.677798
SCF:0001639	AC:001406	P54790	P29469	P24279	9bcx-assembly1.cif.gz	11_24	1	5	1	9.61	2.882	PDB_exact_pair_aggregate	0.395	30_40	P54790	P29469	P24279	0.999703	0.998667	0.001036	1.0	0.004177	0.004178	0.708681	0.677798
SCF:0001640	AC:001406	P54790	P29469	P38132	9bcx-assembly1.cif.gz	11_24	1	5	1	9.61	2.893	PDB_exact_pair_aggregate	0.3787	30_40	P54790	P29469	P38132	0.998659	0.998667	-8e-06	0.0	0.004176	0.004178	0.726716	0.677798
SCF:0001641	AC:001407	A0A1S4CKK0	A0A1S4CE74	A0A1S4D4H1	8wa1-assembly1.cif.gz	11_24	1	3	1	22.676	4.865	PDB_exact_pair_aggregate	0.2743	20_30	A0A1S4CKK0	A0A9R0JBX6	A0A1S4D4H1	0.734527	0.000316	0.734211	1.0	0.00423	0.004216	0.078137	0.166889
SCF:0001642	AC:001408	O15446	P52434	P61218	7oba-assembly1.cif.gz	11_24	1	1	0	52.998	2.91	PDB_exact_pair_aggregate	0.3117	30_40	O15446	A0A8D1AQR7	A0A4X1VEK9	0.999936	0.999918	1.8e-05	1.0	0.004217	0.004197	0.718852	0.725227
SCF:0001643	AC:001408	P52434	O15446	P05423	7oba-assembly1.cif.gz	11_24	1	1	0	52.998	2.239	PDB_exact_pair_aggregate	0.2917	20_30	A0A8D1AQR7	O15446	P05423	0.999948	0.999918	3e-05	1.0	0.006955	0.004197	0.697724	0.725227
SCF:0001644	AC:001408	P52434	O15446	Q9GZS1	7oba-assembly1.cif.gz	11_24	1	1	0	52.998	2.392	PDB_exact_pair_aggregate	0.2405	20_30	A0A8D1AQR7	O15446	Q9GZS1	0.999941	0.999918	2.3e-05	1.0	0.352502	0.004197	0.69525	0.725227
SCF:0001645	AC:001411	Q9VLI9	A1Z8I0	Q9VA95	7b6d-assembly1.cif.gz	3_10	1	4	1	35.169	2.056	PDB_exact_pair_aggregate	0.268	20_30	Q9VLI9	A1Z8I0	Q9VA95	0.999787	0.999432	0.000355	1.0	0.004178	0.004175	0.718038	0.680462
SCF:0001646	AC:001416	Q13619	Q96MF7	Q99627	9lwl-assembly1.cif.gz	3_10	1	2	1	151.991	2.743	PDB_exact_pair_aggregate	0.2955	20_30	Q13619	Q96MF7	Q99627	0.996746	0.113991	0.882755	1.0	0.004177	0.013125	0.598729	0.650034
SCF:0001647	AC:001416	Q13619	Q96MF7	Q7L5N1	9lwl-assembly1.cif.gz	3_10	1	2	1	151.991	2.842	PDB_exact_pair_aggregate	0.2613	20_30	Q13619	Q96MF7	Q7L5N1	0.999113	0.113991	0.885122	1.0	0.004624	0.013125	0.561648	0.650034
SCF:0001648	AC:001417	Q8U216	Q8TZK1	Q8U439	8p2i-assembly1.cif.gz	11_24	1	2	1	25.832	2.225	PDB_exact_pair_aggregate	0.2523	20_30	Q5JI52	Q8TZK1	Q8U439	0.99011	0.995012	-0.004902	0.0	0.004184	0.004287	0.2321	0.49787
SCF:0001649	AC:001422	O14352	Q9UUI1	O42978	6ppp-assembly2.cif.gz	3_10	1	4	1	14.342	7.535	same_assembly_bridge	0.3065	30_40	O14352	Q9UUI1	O42978	0.999796	0.999914	-0.000118	0.0	0.744272	0.835602	0.558848	0.578337
SCF:0001650	AC:001422	O14352	Q9UUI1	O74499	6ppp-assembly2.cif.gz	3_10	1	4	1	14.342	2.242	PDB_exact_pair_aggregate	0.2879	20_30	O14352	Q9UUI1	O74499	0.999187	0.999914	-0.000727	0.0	0.798265	0.835602	0.65108	0.578337
SCF:0001651	AC:001422	O14352	Q9UUI1	O74483	6ppp-assembly2.cif.gz	3_10	1	4	1	14.342	2.591	PDB_exact_pair_aggregate	0.2787	20_30	O14352	Q9UUI1	O74483	0.999893	0.999914	-2.1e-05	0.0	0.583055	0.835602	0.684001	0.578337
SCF:0001652	AC:001422	Q9UUI1	O14352	Q9Y7M4	6ppp-assembly2.cif.gz	3_10	1	4	1	14.342	2.603	PDB_exact_pair_aggregate	0.2581	20_30	Q9UUI1	O14352	Q9Y7M4	0.999903	0.999914	-1.1e-05	0.0	0.668567	0.835602	0.646909	0.578337
SCF:0001653	AC:001426	I3LSI7	A0A481DF93	I3LCH3	7ozn-assembly1.cif.gz	11_24	1	4	1	48.069	2.063	PDB_exact_pair_aggregate	1.0	ge50	O81098	Q3T0Q3	Q3T0Q3	0.99994	0.999947	-7e-06	0.0	0.05275	0.004185	0.805664	0.628846
SCF:0001654	AC:001428	P62877	Q8WV22	Q96GG9	9lwi-assembly1.cif.gz	3_10	1	3	1	30.587	1.23	PDB_exact_pair_aggregate	0.3459	30_40	P62877	Q8WV22	Q96GG9	0.999819	0.993579	0.00624	1.0	0.960225	0.004196	0.803405	0.728693
SCF:0001655	AC:001431	Q5RKV6	Q9Y2L1	Q01780	6d6r-assembly1.cif.gz	11_24	1	3	1	17.48	2.71	PDB_exact_pair_aggregate	0.2548	20_30	Q5RKV6	Q9Y2L1	Q01780	0.99964	0.999731	-9.1e-05	0.0	0.004176	0.004178	0.01997	0.357612
SCF:0001656	AC:001431	Q5RKV6	Q9Y2L1	Q9Y450	6d6r-assembly1.cif.gz	11_24	1	3	1	17.48	4.862	PDB_exact_pair_aggregate	0.2413	20_30	Q5RKV6	Q9Y2L1	Q9Y450	0.999619	0.999731	-0.000112	0.0	0.004277	0.004178	0.584218	0.357612
SCF:0001657	AC:001431	Q9Y2L1	Q5RKV6	Q9NPD3	6d6r-assembly1.cif.gz	11_24	1	3	1	17.48	2.333	PDB_exact_pair_aggregate	0.3838	30_40	Q9Y2L1	Q5RKV6	Q9NPD3	0.999676	0.999731	-5.5e-05	0.0	0.004187	0.004178	0.597495	0.357612
SCF:0001658	AC:001431	Q9Y2L1	Q5RKV6	Q15024	6d6r-assembly1.cif.gz	11_24	1	3	1	17.48	2.293	same_assembly_bridge	0.3436	30_40	Q9Y2L1	Q5RKV6	Q15024	0.985096	0.999731	-0.014635	0.0	0.004284	0.004178	0.595793	0.357612
SCF:0001659	AC:001432	Q2FW31	Q2FZ25	Q2FW18	7kwg-assembly1.cif.gz	11_24	1	18	1	38.528	3.248	PDB_exact_pair_aggregate	0.2901	20_30	Q50296	A0QVB8	P62399	0.999944	0.999924	2e-05	1.0	0.789921	0.846579	0.812895	0.838622
SCF:0001660	AC:001432	Q2FZ25	Q2FW31	Q2FW23	7kwg-assembly1.cif.gz	11_24	1	18	1	38.528	2.476	PDB_exact_pair_aggregate	0.3535	30_40	A0QVB8	Q50296	Q839E7	0.999911	0.999924	-1.3e-05	0.0	0.902339	0.846579	0.836283	0.838622
SCF:0001661	AC:001432	Q2FZ25	Q2FW31	Q2FW20	7kwg-assembly1.cif.gz	11_24	1	18	1	38.528	4.73	PDB_exact_pair_aggregate	0.2874	20_30	A0QVB8	Q50296	Q2FW20	0.999872	0.999924	-5.2e-05	0.0	0.830295	0.846579	0.826798	0.838622
SCF:0001662	AC:001432	Q2FZ25	Q2FW31	Q2FW21	7kwg-assembly1.cif.gz	11_24	1	18	1	38.528	3.804	PDB_exact_pair_aggregate	0.24	20_30	A0QVB8	Q50296	A0A063X781	0.999916	0.999924	-8e-06	0.0	0.814529	0.846579	0.855559	0.838622
SCF:0001663	AC:001436	A0A2K1JC42	A9SL09	A0A2K1JDR4	6l35-assembly1.cif.gz	11_24	1	2	1	36.635	2.503	PDB_exact_pair_aggregate	0.9348	ge50	B6U534	A0A2K1JDR4	A0A2K1JDR4	0.99786	0.998274	-0.000414	0.0	0.93972	0.951734	0.465584	0.486733
SCF:0001664	AC:001437	A0A1S3YU01	A0AA96C3P8	A0A1S3ZSI0	8wa0-assembly1.cif.gz	11_24	1	3	1	67.607	2.793	same_assembly_bridge	0.2629	20_30	A0A1S3YU01	A0AA96C3P8	A0A1S3ZSI0	7.3e-05	0.000132	-5.9e-05	0.0	0.004178	0.004177	0.085953	0.111642
SCF:0001665	AC:001437	A0AA96C3P8	A0A1S3YU01	A0A1S3XP85	8wa0-assembly1.cif.gz	11_24	1	3	1	67.607	2.423	PDB_exact_pair_aggregate	0.2598	20_30	A0AA96C3P8	A0A1S3YU01	A0A1S3X2G3	0.987644	0.000132	0.987512	1.0	0.159133	0.004177	0.531223	0.111642
SCF:0001666	AC:001437	A0AA96C3P8	A0A1S3YU01	A0A1S3X2G3	8wa0-assembly1.cif.gz	11_24	1	3	1	67.607	3.114	PDB_exact_pair_aggregate	0.2155	20_30	A0AA96C3P8	A0A1S3YU01	A0A1S3X2G3	0.982956	0.000132	0.982824	1.0	0.004566	0.004177	0.302109	0.111642
SCF:0001667	AC:001438	Q9NX08	Q9Y6G5	Q86X83	8f2r-assembly1.cif.gz	3_10	1	3	1	20.383	2.653	same_assembly_bridge	0.292	20_30	Q9NX08	Q9Y6G5	Q86X83	0.999939	0.999936	3e-06	1.0	0.004175	0.004179	0.74094	0.75667
SCF:0001668	AC:001438	Q9NX08	Q9Y6G5	Q9UBI1	8f2r-assembly1.cif.gz	3_10	1	3	1	20.383	2.702	PDB_exact_pair_aggregate	0.25	20_30	Q9NX08	Q9Y6G5	Q9UBI1	0.999939	0.999936	3e-06	1.0	0.004178	0.004179	0.722978	0.75667
SCF:0001669	AC:001438	Q9Y6G5	Q9NX08	Q9P000	8f2r-assembly1.cif.gz	3_10	1	3	1	20.383	2.59	PDB_exact_pair_aggregate	0.291	20_30	Q9Y6G5	Q9NX08	Q9P000	0.999633	0.999936	-0.000303	0.0	0.004185	0.004179	0.734473	0.75667
SCF:0001670	AC:001438	Q9Y6G5	Q9NX08	Q9GZQ3	8f2r-assembly1.cif.gz	3_10	1	3	1	20.383	2.281	PDB_exact_pair_aggregate	0.287	20_30	Q9Y6G5	Q9NX08	Q9GZQ3	0.999774	0.999936	-0.000162	0.0	0.00418	0.004179	0.775315	0.75667
SCF:0001671	AC:001438	Q9Y6G5	Q9NX08	Q86X83	8f2r-assembly1.cif.gz	3_10	1	3	1	20.383	3.508	same_assembly_bridge	0.2569	20_30	Q9Y6G5	Q9NX08	Q86X83	0.999807	0.999936	-0.000129	0.0	0.004175	0.004179	0.780614	0.75667
SCF:0001672	AC:001439	Q32P79	F2Z4C9	F2Z4H3	9xgk-assembly1.cif.gz	11_24	1	1	0	16.242	3.183	PDB_exact_pair_aggregate	0.3117	30_40	A0A8D0TE17	A0A4X1VEK9	A0A8D1AQR7	0.999932	0.999912	2e-05	1.0	0.780525	0.729392	0.796461	0.687699
SCF:0001673	AC:001444	A0A2K3DZD9	A8HUP3	A0A2K3DHV6	8xks-assembly1.cif.gz	11_24	1	1	0	11.657	2.7	PDB_exact_pair_aggregate	0.3212	30_40	A0A2K3DZD9	A8HUP3	A0A2K3DHV6	0.000368	0.002279	-0.001911	0.0	0.004189	0.00418	0.08326	0.029825
SCF:0001674	AC:001444	A8HUP3	A0A2K3DZD9	A0A2K3DLF7	8xks-assembly1.cif.gz	11_24	1	1	0	11.657	2.352	PDB_exact_pair_aggregate	0.3388	30_40	A8HUP3	A0A2K3DZD9	A0A2K3DLF7	0.158195	0.002279	0.155916	1.0	0.004182	0.00418	0.257097	0.029825
SCF:0001675	AC:001445	Q5JJF4	Q5JI52	Q5JE88	4qiw-assembly1.cif.gz	11_24	1	6	1	49.018	2.319	PDB_exact_pair_aggregate	0.2969	20_30	Q5JJF4	Q5JI52	Q5JE88	0.997598	0.99756	3.8e-05	1.0	0.004196	0.004178	0.576701	0.393198
SCF:0001676	AC:001446	P56767	Q9SYW8	Q01667	7wfe-assembly1.cif.gz	11_24	1	2	1	28.725	3.297	PDB_exact_pair_aggregate	0.4773	40_50	T1RIQ1	F2D0D5	A0A9R0J8B1	0.99946	0.997929	0.001531	1.0	0.228762	0.150037	0.459443	0.490534
SCF:0001677	AC:001446	P56767	Q9SYW8	Q9SA56	7wfe-assembly1.cif.gz	11_24	1	2	1	28.725	2.307	PDB_exact_pair_aggregate	0.2701	20_30	T1RIQ1	F2D0D5	A5Z2K3	0.974046	0.997929	-0.023883	0.0	0.004206	0.150037	0.040533	0.490534
SCF:0001678	AC:001446	Q9SYW8	P56767	P56752	7wfe-assembly1.cif.gz	11_24	1	2	1	28.725	3.003	PDB_exact_pair_aggregate	0.3132	30_40	F2D0D5	T1RIQ1	P56752	0.996888	0.997929	-0.001041	0.0	0.00481	0.150037	0.559205	0.490534
SCF:0001679	AC:001449	Q9NX55	Q9GZZ1	P41227	6pw9-assembly1.cif.gz	3_10	1	2	1	16.917	2.424	PDB_exact_pair_aggregate	0.25	20_30	Q9NX55	Q9GZZ1	P41227	0.9995	0.998683	0.000817	1.0	0.0042	0.004189	0.249508	0.012479
SCF:0001680	AC:001450	P87306	Q9Y7N2	Q92399	5n9j-assembly1.cif.gz	11_24	1	1	0	25.222	2.64	PDB_exact_pair_aggregate	0.2471	20_30	P87306	Q9Y7N2	Q92399	0.999947	0.999805	0.000142	1.0	0.004194	0.004256	0.427088	0.143372
SCF:0001681	AC:001450	P87306	Q9Y7N2	O94376	5n9j-assembly1.cif.gz	11_24	1	1	0	25.222	2.386	PDB_exact_pair_aggregate	0.2466	20_30	P87306	Q9Y7N2	O94376	0.99993	0.999805	0.000125	1.0	0.004191	0.004256	0.499474	0.143372
SCF:0001682	AC:001450	Q9Y7N2	P87306	O60104	5n9j-assembly1.cif.gz	11_24	1	1	0	25.222	2.337	PDB_exact_pair_aggregate	0.3138	30_40	Q9Y7N2	P87306	O60104	0.008346	0.999805	-0.991459	0.0	0.004201	0.004256	0.086159	0.143372
SCF:0001683	AC:001451	A0A0F6NGI2	Q9SQL2	Q01667	6zxs-assembly1.cif.gz	11_24	1	2	1	18.333	3.481	PDB_exact_pair_aggregate	0.4627	40_50	T1RIQ1	Q84Y02	A0A9R0J8B1	0.999491	0.998757	0.000734	1.0	0.206055	0.062663	0.49607	0.458979
SCF:0001684	AC:001452	O32231	P21467	P21470	8cdv-assembly1.cif.gz	11_24	1	5	1	9.925	2.73	PDB_exact_pair_aggregate	0.3217	30_40	O32231	Q839E7	A0A1M6R974	0.999679	0.999909	-0.00023	0.0	0.13179	0.835452	0.769846	0.799364
SCF:0001685	AC:001452	O32231	P21467	P21469	8cdv-assembly1.cif.gz	11_24	1	5	1	9.925	2.947	PDB_exact_pair_aggregate	0.2812	20_30	O32231	Q839E7	P17291	0.999653	0.999909	-0.000256	0.0	0.096197	0.835452	0.658614	0.799364
SCF:0001686	AC:001454	Q9CVB6	P61161	P68134	7aqk-assembly1.cif.gz	11_24	1	1	0	15.634	4.913	PDB_exact_pair_aggregate	0.4866	40_50	Q9CVB6	A7MB62	P68134	0.996356	0.999443	-0.003087	0.0	0.004194	0.004182	0.798196	0.823432
SCF:0001687	AC:001454	Q9CVB6	P61161	Q99JY9	7aqk-assembly1.cif.gz	11_24	1	1	0	15.634	2.908	same_assembly_bridge	0.3791	30_40	Q9CVB6	A7MB62	P61157	0.99986	0.999443	0.000417	1.0	0.004182	0.004182	0.765032	0.823432
SCF:0001688	AC:001456	P12154	Q75VY8	Q05093	6jo6-assembly1.cif.gz	11_24	1	17	1	27.881	2.559	PDB_exact_pair_aggregate	0.5124	ge50	A0T0M8	Q75VY8	Q7DM26	0.999022	0.998461	0.000561	1.0	0.098145	0.024613	0.26666	0.502073
SCF:0001689	AC:001456	P12154	Q75VY8	Q75VY4	6jo6-assembly1.cif.gz	11_24	1	17	1	27.881	3.688	PDB_exact_pair_aggregate	0.512	ge50	A0T0M8	Q75VY8	Q84Y02	0.997928	0.998461	-0.000533	0.0	0.118741	0.024613	0.433841	0.502073
SCF:0001690	AC:001460	P10176	P14406	P15954	5z62-assembly1.cif.gz	11_24	1	3	1	11.325	2.591	PDB_exact_pair_aggregate	0.3208	30_40	P10176	P07470	P15954	0.998721	0.998339	0.000382	1.0	0.004179	0.950837	0.518724	0.501956
SCF:0001691	AC:001461	Q9S7N7	Q949Q5	Q9SUI6	8j6z-assembly1.cif.gz	11_24	1	1	0	44.395	2.332	PDB_exact_pair_aggregate	0.4231	40_50	B6U534	B6SQZ7	A0A2K1JDR4	0.998815	0.998502	0.000313	1.0	0.643686	0.004233	0.514959	0.560789
SCF:0001692	AC:001461	Q9S7N7	Q949Q5	Q9SUI7	8j6z-assembly1.cif.gz	11_24	1	1	0	44.395	2.457	PDB_exact_pair_aggregate	0.3846	30_40	B6U534	B6SQZ7	A0A2K1JDR4	0.998725	0.998502	0.000223	1.0	0.426901	0.004233	0.546177	0.560789
SCF:0001693	AC:001463	Q22A67	I7MCM8	W7XJB1	6zyw-assembly1.cif.gz	11_24	1	1	0	18.561	1.682	PDB_exact_pair_aggregate	0.3535	30_40	Q22A67	Q1HFX0	W7XJB1	0.000377	0.011739	-0.011362	0.0				
SCF:0001694	AC:001463	Q22A67	I7MCM8	Q24DI9	6zyw-assembly1.cif.gz	11_24	1	1	0	18.561	2.45	PDB_exact_pair_aggregate	0.3171	30_40	Q22A67	Q1HFX0	Q24DI9	0.00067	0.011739	-0.011069	0.0				
SCF:0001695	AC:001463	Q22A67	I7MCM8	Q1HFV9	6zyw-assembly1.cif.gz	11_24	1	1	0	18.561	0.801	PDB_exact_pair_aggregate	0.3171	30_40	Q22A67	Q1HFX0	Q24DI9	0.00067	0.011739	-0.011069	0.0				
SCF:0001696	AC:001464	Q9TM23	Q9TM22	Q9TM21	4yuu-assembly2.cif.gz	11_24	1	1	0	39.834	2.649	PDB_exact_pair_aggregate	0.3333	30_40	Q7DGD4	P32974	P12239	0.961073	0.995354	-0.034281	0.0	0.004386	0.004173	0.54889	0.462834
SCF:0001697	AC:001465	P68315	P20637	P68439	9fpy-assembly1.cif.gz	11_24	1	1	0	47.1	2.872	same_assembly_bridge	0.2956	20_30	P68315	A4GDH1	P68439	0.986181	0.737504	0.248677	1.0	0.004174	0.004177	0.24688	0.168606
SCF:0001698	AC:001465	P68315	P20637	P20979	9fpy-assembly1.cif.gz	11_24	1	1	0	47.1	2.883	PDB_exact_pair_aggregate	0.2848	20_30	P68315	A4GDH1	P20979	0.000703	0.737504	-0.736801	0.0	0.004174	0.004177	0.254287	0.168606
SCF:0001699	AC:001465	P68315	P20637	P20635	9fpy-assembly1.cif.gz	11_24	1	1	0	47.1	2.754	PDB_exact_pair_aggregate	0.2754	20_30	P68315	A4GDH1	P20635	0.997754	0.737504	0.26025	1.0	0.004174	0.004177	0.243303	0.168606
SCF:0001700	AC:001466	O94376	Q9P6Q0	P87310	5n9j-assembly1.cif.gz	11_24	1	2	1	55.875	2.668	PDB_exact_pair_aggregate	0.2727	20_30	O94376	Q9P6Q0	P87310	0.999932	0.999503	0.000429	1.0	0.061254	0.912478	0.693724	0.512646
SCF:0001701	AC:001466	O94376	Q9P6Q0	O13964	5n9j-assembly1.cif.gz	11_24	1	2	1	55.875	3.104	PDB_exact_pair_aggregate	0.2381	20_30	O94376	Q9P6Q0	O13964	0.995405	0.999503	-0.004098	0.0	0.932527	0.912478	0.549931	0.512646
SCF:0001702	AC:001466	Q9P6Q0	O94376	O13964	5n9j-assembly1.cif.gz	11_24	1	2	1	55.875	4.367	PDB_exact_pair_aggregate	0.321	30_40	Q9P6Q0	O94376	O13964	0.999294	0.999503	-0.000209	0.0	0.025331	0.912478	0.529768	0.512646
SCF:0001703	AC:001466	Q9P6Q0	O94376	O14010	5n9j-assembly1.cif.gz	11_24	1	2	1	55.875	2.165	PDB_exact_pair_aggregate	0.2903	20_30	Q9P6Q0	O94376	O14010	0.999712	0.999503	0.000209	1.0	0.214299	0.912478	0.73751	0.512646
SCF:0001704	AC:001468	Q04491	P36161	P35729	8tie-assembly1.cif.gz	11_24	1	3	1	59.608	2.792	PDB_exact_pair_aggregate	0.3118	30_40	Q04491	P36161	P35729	0.996447	0.998168	-0.001721	0.0	0.004177	0.004178	0.562679	0.700571
SCF:0001705	AC:001468	Q04491	P36161	P38164	8tie-assembly1.cif.gz	11_24	1	3	1	59.608	2.371	PDB_exact_pair_aggregate	0.3131	30_40	Q04491	P36161	P38164	0.998795	0.998168	0.000627	1.0	0.004292	0.004178	0.521514	0.700571
SCF:0001706	AC:001468	Q04491	P36161	P52593	8tie-assembly1.cif.gz	11_24	1	3	1	59.608	2.839	PDB_exact_pair_aggregate	0.2921	20_30	Q04491	P36161	P52593	0.997706	0.998168	-0.000462	0.0	0.00418	0.004178	0.72597	0.700571
SCF:0001707	AC:001469	A0QS96	A0QSG6	A0QV37	8yp6-assembly1.cif.gz	11_24	1	20	1	12.401	3.201	PDB_exact_pair_aggregate	0.2901	20_30	P21472	A0QSG6	A0QV37	0.999912	0.999916	-4e-06	0.0	0.442342	0.530805	0.881569	0.857546
SCF:0001708	AC:001470	B6A882	B6A878	B6A880	9cbc-assembly1.cif.gz	11_24	1	2	1	38.182	2.626	same_assembly_bridge	0.268	20_30	B6A882	B6A878	B6A880	0.044774	0.879017	-0.834243	0.0	0.004198	0.004199	0.389409	0.18839
SCF:0001709	AC:001472	Q99627	Q13617	Q13616	9efq-assembly1.cif.gz	11_24	1	4	1	35.86	2.506	PDB_exact_pair_aggregate	0.3953	30_40	Q99627	Q13617	Q13616	0.998925	0.707071	0.291854	1.0	0.004176	0.004176	0.698675	0.654796
SCF:0001710	AC:001472	Q99627	Q13617	Q13619	9efq-assembly1.cif.gz	11_24	1	4	1	35.86	2.743	PDB_exact_pair_aggregate	0.3156	30_40	Q99627	Q13617	Q13619	0.996746	0.707071	0.289675	1.0	0.004177	0.004176	0.598729	0.654796
SCF:0001711	AC:001473	Q9USH1	O14198	Q9US45	5n9j-assembly1.cif.gz	11_24	1	3	1	56.633	3.428	PDB_exact_pair_aggregate	0.2569	20_30	Q9USH1	O14198	Q9US45	0.999926	0.9982	0.001726	1.0	0.004179	0.004183	0.278507	0.398204
SCF:0001712	AC:001474	Q9FLM8	O82504	Q9LK40	8xmc-assembly1.cif.gz	11_24	1	4	1	55.808	2.232	PDB_exact_pair_aggregate	0.2638	20_30	A0A4X1TRS6	O82504	Q9LK40	0.999941	0.001849	0.998092	1.0	0.004484	0.00418	0.536688	0.001278
SCF:0001713	AC:001475	Q9BS18	P51955	Q9UJX2	6tm5-assembly1.cif.gz	11_24	1	1	0	50.654	2.298	PDB_exact_pair_aggregate	0.2853	20_30	Q9BS18	P51955	Q9UJX2	0.999866	0.998658	0.001208	1.0	0.004289	0.004195	0.480199	0.000535
SCF:0001714	AC:001478	Q32P79	Q32PE0	F2Z4H3	5flm-assembly1.cif.gz	11_24	1	5	1	16.095	3.183	PDB_exact_pair_aggregate	0.3117	30_40	A0A8D0TE17	A0A4X1VEK9	A0A8D1AQR7	0.999932	0.999933	-1e-06	0.0	0.780525	0.650246	0.796461	0.773614
SCF:0001715	AC:001481	Q9VQY9	Q9XYU0	Q9XYU1	6raw-assembly1.cif.gz	11_24	1	2	1	32.525	2.272	same_assembly_bridge	0.4007	40_50	Q9VQY9	P33993	P25205	0.999903	0.999849	5.4e-05	1.0	0.004181	0.004177	0.059157	0.055464
SCF:0001716	AC:001481	Q9VQY9	Q9XYU0	Q9VGW6	6raw-assembly1.cif.gz	11_24	1	2	1	32.525	2.162	PDB_exact_pair_aggregate	0.3935	30_40	Q9VQY9	P33993	Q9VGW6	0.999751	0.999849	-9.8e-05	0.0	0.004176	0.004177	0.410872	0.055464
SCF:0001717	AC:001481	Q9VQY9	Q9XYU0	Q9V461	6raw-assembly1.cif.gz	11_24	1	2	1	32.525	2.162	PDB_exact_pair_aggregate	0.3611	30_40	Q9VQY9	P33993	Q9V461	0.999868	0.999849	1.9e-05	1.0	0.004178	0.004177	0.06583	0.055464
SCF:0001718	AC:001482	P46678	P47076	P13393	6eu0-assembly1.cif.gz	11_24	1	9	1	22.003	2.28	PDB_exact_pair_aggregate	0.2869	20_30	P46678	P47076	P13393	0.00056	0.000987	-0.000427	0.0	0.129586	0.004233	0.692673	0.668889
SCF:0001719	AC:001483	P17987	P61758	O60925	6nr9-assembly1.cif.gz	11_24	1	3	1	32.276	2.929	same_assembly_bridge	0.2308	20_30	Q32L40	P61758	O60925	0.999882	0.999655	0.000227	1.0	0.008985	0.228618	0.796251	0.340164
SCF:0001720	AC:001486	Q9W2V7	Q9XYU0	Q9XYU1	6ray-assembly1.cif.gz	11_24	1	3	1	32.467	2.215	PDB_exact_pair_aggregate	0.4007	40_50	Q9W2V7	P33993	P25205	0.999893	0.999853	4e-05	1.0	0.004342	0.004317	0.560995	0.659446
SCF:0001721	AC:001486	Q9W2V7	Q9XYU0	Q9VGW6	6ray-assembly1.cif.gz	11_24	1	3	1	32.467	2.458	PDB_exact_pair_aggregate	0.3935	30_40	Q9W2V7	P33993	Q9VGW6	0.999877	0.999853	2.4e-05	1.0	0.004178	0.004317	0.710699	0.659446
SCF:0001722	AC:001488	A0A4V8GZZ8	A0A4V8H000	A0A4V8H001	6igz-assembly1.cif.gz	11_24	1	1	0	14.616	3.066	same_assembly_bridge	0.589	ge50	I0YPL4	A0A4V8H000	Q75VY8	0.999925	0.999929	-4e-06	0.0	0.005632	0.006043	0.447897	0.542164
SCF:0001723	AC:001488	A0A4V8GZZ8	A0A4V8H000	A0A4V8GZZ7	6igz-assembly1.cif.gz	11_24	1	1	0	14.616	2.543	PDB_exact_pair_aggregate	0.4389	40_50	I0YPL4	A0A4V8H000	Q84Y02	0.999923	0.999929	-6e-06	0.0	0.006009	0.006043	0.555951	0.542164
SCF:0001724	AC:001488	A0A4V8H000	A0A4V8GZZ8	A0A4V8GZZ9	6igz-assembly1.cif.gz	11_24	1	1	0	14.616	2.187	PDB_exact_pair_aggregate	0.4397	40_50	A0A4V8H000	I0YPL4	A0A4V8GZZ9	0.999933	0.999929	4e-06	1.0	0.482562	0.006043	0.728787	0.542164
SCF:0001725	AC:001488	A0A4V8H000	A0A4V8GZZ8	A0A4V8H001	6igz-assembly1.cif.gz	11_24	1	1	0	14.616	2.494	same_assembly_bridge	0.4222	40_50	A0A4V8H000	I0YPL4	Q75VY8	0.999935	0.999929	6e-06	1.0	0.038191	0.006043	0.761152	0.542164
SCF:0001726	AC:001488	A0A4V8H000	A0A4V8GZZ8	A0A4V8GZZ7	6igz-assembly1.cif.gz	11_24	1	1	0	14.616	2.849	PDB_exact_pair_aggregate	0.4037	40_50	A0A4V8H000	I0YPL4	Q84Y02	0.999941	0.999929	1.2e-05	1.0	0.31872	0.006043	0.719301	0.542164
SCF:0001727	AC:001490	A4VD15	Q24CL2	Q23S05	8th8-assembly1.cif.gz	11_24	1	2	1	13.68	2.076	PDB_exact_pair_aggregate	0.2829	20_30	A4VD15	Q24CL2	Q23S05	0.41359	0.006556	0.407034	1.0	0.004179	0.004182	0.2395	0.333147
SCF:0001728	AC:001490	Q24CL2	A4VD15	Q23S05	8th8-assembly1.cif.gz	11_24	1	2	1	13.68	2.404	PDB_exact_pair_aggregate	0.3049	30_40	Q24CL2	A4VD15	Q23S05	0.079286	0.006556	0.07273	1.0	0.004184	0.004182	0.25632	0.333147
SCF:0001729	AC:001491	A0A1D8NGI5	A0A1D8NEL0	Q6ZY23	7zkp-assembly1.cif.gz	11_24	1	1	0	18.27	4.873	PDB_exact_pair_aggregate	0.2733	20_30	A0A1D8NGI5	A0A1D8NEL0	Q6ZY23	0.993161	0.791719	0.201442	1.0	0.004206	0.0042	0.322524	0.480679
SCF:0001730	AC:001492	Q38859	O82504	Q9LK40	8xmc-assembly1.cif.gz	11_24	1	4	1	32.897	3.043	PDB_exact_pair_aggregate	0.2638	20_30	Q38859	O82504	Q9LK40	0.99988	9.1e-05	0.999789	1.0	0.005098	0.004195	0.379108	0.145469
SCF:0001731	AC:001493	M2XWX3	E3UIU5	M2XR49	9kc5-assembly1.cif.gz	11_24	1	1	0	37.59	3.357	PDB_exact_pair_aggregate	0.3357	30_40	M2XWX3	E3UIU5	M2XR49	0.985174	0.209537	0.775637	1.0	0.958926	0.004179	0.551968	0.350999
SCF:0001732	AC:001496	A0QSG3	A0R102	A0QS96	6dzk-assembly1.cif.gz	11_24	1	17	1	29.664	3.398	PDB_exact_pair_aggregate	0.2083	20_30	Q2FW20	A0R102	P21472	0.999928	0.99982	0.000108	1.0	0.822833	0.013537	0.770914	0.763801
SCF:0001733	AC:001497	I0YQ46	I0Z7A6	I0Z7A7	9kqq-assembly1.cif.gz	11_24	1	2	1	17.665	3.805	PDB_exact_pair_aggregate	0.5535	ge50	Q84Y02	Q75VY8	Q75VY8	0.999929	0.999916	1.3e-05	1.0	0.03111	0.098521	0.714106	0.746233
SCF:0001734	AC:001497	I0YQ46	I0Z7A6	I0YQ45	9kqq-assembly1.cif.gz	11_24	1	2	1	17.665	2.733	PDB_exact_pair_aggregate	0.4904	40_50	Q84Y02	Q75VY8	Q7DM26	0.999933	0.999916	1.7e-05	1.0	0.045745	0.098521	0.74158	0.746233
SCF:0001735	AC:001497	I0YQ46	I0Z7A6	I0YQ44	9kqq-assembly1.cif.gz	11_24	1	2	1	17.665	2.654	same_assembly_bridge	0.4892	40_50	Q84Y02	Q75VY8	Q84Y02	0.999939	0.999916	2.3e-05	1.0	0.144606	0.098521	0.726297	0.746233
SCF:0001736	AC:001497	I0Z7A6	I0YQ46	I0YQ44	9kqq-assembly1.cif.gz	11_24	1	2	1	17.665	2.859	same_assembly_bridge	0.5485	ge50	Q75VY8	Q84Y02	Q84Y02	0.999933	0.999916	1.7e-05	1.0	0.145395	0.098521	0.756615	0.746233
SCF:0001737	AC:001497	I0Z7A6	I0YQ46	I0Z2Y0	9kqq-assembly1.cif.gz	11_24	1	2	1	17.665	2.593	PDB_exact_pair_aggregate	0.5045	ge50	Q75VY8	Q84Y02	Q75VY8	0.999925	0.999916	9e-06	1.0	0.261117	0.098521	0.748401	0.746233
SCF:0001738	AC:001497	I0Z7A6	I0YQ46	I0Z7A7	9kqq-assembly1.cif.gz	11_24	1	2	1	17.665	2.69	PDB_exact_pair_aggregate	0.4907	40_50	Q75VY8	Q84Y02	Q75VY8	0.999919	0.999916	3e-06	1.0	0.151589	0.098521	0.745038	0.746233
SCF:0001739	AC:001498	P09119	P47112	P54791	5v8f-assembly1.cif.gz	11_24	1	2	1	63.689	3.799	same_assembly_bridge	0.2882	20_30	P09119	P47112	P54791	0.999431	0.003551	0.99588	1.0	0.755832	0.013886	0.587956	0.729844
SCF:0001740	AC:001498	P09119	P47112	P50874	5v8f-assembly1.cif.gz	11_24	1	2	1	63.689	2.48	PDB_exact_pair_aggregate	0.2618	20_30	P09119	P47112	P50874	0.999253	0.003551	0.995702	1.0	0.336291	0.013886	0.602673	0.729844
SCF:0001741	AC:001498	P47112	P09119	P50874	5v8f-assembly1.cif.gz	11_24	1	2	1	63.689	2.294	PDB_exact_pair_aggregate	0.3028	30_40	P47112	P09119	P50874	0.000106	0.003551	-0.003445	0.0	0.004174	0.013886	0.66258	0.729844
SCF:0001742	AC:001498	P47112	P09119	P54791	5v8f-assembly1.cif.gz	11_24	1	2	1	63.689	3.202	same_assembly_bridge	0.3006	30_40	P47112	P09119	P54791	7.9e-05	0.003551	-0.003472	0.0	0.034115	0.013886	0.663733	0.729844
SCF:0001743	AC:001498	P47112	P09119	P54790	5v8f-assembly1.cif.gz	11_24	1	2	1	63.689	2.329	PDB_exact_pair_aggregate	0.258	20_30	P47112	P09119	P54790	0.000268	0.003551	-0.003283	0.0	0.004175	0.013886	0.596964	0.729844
SCF:0001744	AC:001499	A0A4V8H007	A0A4V8GZZ5	A0A4V8H008	6igz-assembly1.cif.gz	11_24	1	3	1	39.437	2.717	PDB_exact_pair_aggregate	0.3137	30_40	A0A4V8H007	A8IL32	P12356	0.008472	0.005864	0.002608	1.0	0.902783	0.941747	0.495811	0.572583
SCF:0001745	AC:001499	A0A4V8H007	A0A4V8GZZ5	A0A4V8H006	6igz-assembly1.cif.gz	11_24	1	3	1	39.437	2.246	PDB_exact_pair_aggregate	0.3604	30_40	A0A4V8H007	A8IL32	A5Z2K3	0.188674	0.005864	0.18281	1.0	0.80531	0.941747	0.679275	0.572583
SCF:0001746	AC:001501	A0A0G4HMN0	A0A0G4HNB1	A0A0G4GX86	9hyu-assembly1.cif.gz	11_24	1	1	0	8.903	2.404	same_assembly_bridge	0.3214	30_40	A0A0G4HMN0	A0A0G4HNB1	A0A0G4GX86	0.999806	0.999881	-7.5e-05	0.0	0.004249	0.004754	0.345722	0.30317
SCF:0001747	AC:001501	A0A0G4HNB1	A0A0G4HMN0	A0A0G4FDJ8	9hyu-assembly1.cif.gz	11_24	1	1	0	8.903	2.739	PDB_exact_pair_aggregate	0.254	20_30	A0A0G4HNB1	A0A0G4HMN0	A0A0G4FDJ8	0.999454	0.999881	-0.000427	0.0	0.004195	0.004754	0.117059	0.30317
SCF:0001748	AC:001502	Q9C639	Q9S7N7	Q9SHE8	7wfe-assembly1.cif.gz	11_24	1	2	1	35.045	3.03	PDB_exact_pair_aggregate	0.2756	20_30	Q84Y02	B6U534	Q9SHE8	0.999005	0.99909	-8.5e-05	0.0	0.004401	0.004618	0.629739	0.618993
SCF:0001749	AC:001502	Q9S7N7	Q9C639	Q01667	7wfe-assembly1.cif.gz	11_24	1	2	1	35.045	2.955	same_assembly_bridge	0.4828	40_50	B6U534	Q84Y02	A0A9R0J8B1	0.999185	0.99909	9.5e-05	1.0	0.079235	0.004618	0.570201	0.618993
SCF:0001750	AC:001505	Q9V1U8	P62010	Q9UZL4	6swd-assembly1.cif.gz	11_24	1	7	1	45.523	3.679	PDB_exact_pair_aggregate	0.2184	20_30	Q9V1U8	A0A3B6SS17	Q9UZL4	0.999913	0.999954	-4.1e-05	0.0	0.76658	0.537832	0.534219	0.742025
SCF:0001751	AC:001508	P80372	P80376	P80374	1ibk-assembly1.cif.gz	11_24	1	398	1	16.175	2.403	PDB_exact_pair_aggregate	0.3188	30_40	P80372	Q50296	C3SRY2	0.999942	0.999934	8e-06	1.0	0.667538	0.832548	0.879942	0.741564
SCF:0001752	AC:001508	P80372	P80376	Q5SLP6	1ibk-assembly1.cif.gz	11_24	1	398	1	16.175	2.637	PDB_exact_pair_aggregate	0.3067	30_40	P80372	Q50296	P0A7J7	0.999931	0.999934	-3e-06	0.0	0.705533	0.832548	0.834095	0.741564
SCF:0001753	AC:001508	P80372	P80376	P0A7J7	1ibk-assembly1.cif.gz	11_24	1	398	1	16.175	3.925	PDB_exact_pair_aggregate	0.297	20_30	P80372	Q50296	P0A7J7	0.999928	0.999934	-6e-06	0.0	0.757212	0.832548	0.807846	0.741564
SCF:0001754	AC:001508	P80376	P80372	Q5SLP7	1ibk-assembly1.cif.gz	11_24	1	398	1	16.175	2.694	PDB_exact_pair_aggregate	0.3435	30_40	Q50296	P80372	Q5SLP7	0.999898	0.999934	-3.6e-05	0.0	0.908863	0.832548	0.439674	0.741564
SCF:0001755	AC:001509	A0A287BJQ2	F1SJP6	A0A8D1NRT6	7vxu-assembly1.cif.gz	11_24	1	1	0	43.379	3.137	PDB_exact_pair_aggregate	0.3457	30_40	A0A287BJQ2	F1SJP6	A0A8D1NRT6	0.999901	0.999907	-6e-06	0.0	0.20187	0.004228	0.697297	0.1693
SCF:0001756	AC:001509	A0A287BJQ2	F1SJP6	A0A287AAR5	7vxu-assembly1.cif.gz	11_24	1	1	0	43.379	3.141	PDB_exact_pair_aggregate	0.284	20_30	A0A287BJQ2	F1SJP6	A0A287AAR5	0.999945	0.999907	3.8e-05	1.0	0.105931	0.004228	0.702761	0.1693
SCF:0001757	AC:001509	F1SJP6	A0A287BJQ2	A0A8D1TL60	7vxu-assembly1.cif.gz	11_24	1	1	0	43.379	3.3	PDB_exact_pair_aggregate	0.3388	30_40	F1SJP6	A0A287BJQ2	Q9DC70	0.999628	0.999907	-0.000279	0.0	0.004192	0.004228	0.403561	0.1693
SCF:0001758	AC:001509	F1SJP6	A0A287BJQ2	A0A4X1VTL7	7vxu-assembly1.cif.gz	11_24	1	1	0	43.379	3.871	PDB_exact_pair_aggregate	0.3259	30_40	F1SJP6	A0A287BJQ2	Q9DC70	0.999764	0.999907	-0.000143	0.0	0.004181	0.004228	0.381423	0.1693
SCF:0001759	AC:001509	F1SJP6	A0A287BJQ2	A0A8D1J578	7vxu-assembly1.cif.gz	11_24	1	1	0	43.379	4.032	PDB_exact_pair_aggregate	0.3235	30_40	F1SJP6	A0A287BJQ2	Q9DC70	0.999723	0.999907	-0.000184	0.0	0.004196	0.004228	0.416387	0.1693
SCF:0001760	AC:001510	P30153	Q5VSL9	Q9NVH2	7k36-assembly1.cif.gz	3_10	1	1	0	17.257	4.097	PDB_exact_pair_aggregate	0.2842	20_30	P30153	Q5VSL9	Q9NVH2	0.999455	0.958101	0.041354	1.0	0.004176	0.004176	0.624315	0.564971
SCF:0001761	AC:001510	P30153	Q5VSL9	Q9H0H0	7k36-assembly1.cif.gz	3_10	1	1	0	17.257	3.291	PDB_exact_pair_aggregate	0.2726	20_30	P30153	Q5VSL9	Q9H0H0	0.997917	0.958101	0.039816	1.0	0.004179	0.004176	0.653857	0.564971
SCF:0001762	AC:001513	Q6GMX4	Q8TCD0	S6B2B6	6apd-assembly1.cif.gz	11_24	1	1	0	45.192	2.779	PDB_exact_pair_aggregate	0.3386	30_40	G0YP42	Q8TCD0	S6C4S0	0.999659	0.999906	-0.000247	0.0	0.54187	0.820573	0.758402	0.764049
SCF:0001763	AC:001514	P0A8T7	P0A9G4	P0ABS1	7c17-assembly1.cif.gz	3_10	1	4	1	12.911	2.022	PDB_exact_pair_aggregate	0.2809	20_30	P0A8T7	P0A9G4	P0ABS1	0.00097	0.000897	7.3e-05	1.0	0.004182	0.017887	0.203659	0.333236
SCF:0001764	AC:001514	P0A8T7	P0A9G4	P0A7R5	7c17-assembly1.cif.gz	3_10	1	4	1	12.911	2.403	PDB_exact_pair_aggregate	0.2763	20_30	P0A8T7	P0A9G4	P21471	0.99972	0.000897	0.998823	1.0	0.03489	0.017887	0.78976	0.333236
SCF:0001765	AC:001515	O14352	Q9Y7M4	O74499	6ppp-assembly2.cif.gz	3_10	1	4	1	11.771	2.242	PDB_exact_pair_aggregate	0.3704	30_40	O14352	Q9Y7M4	O74499	0.999187	0.999917	-0.00073	0.0	0.798265	0.784822	0.65108	0.653687
SCF:0001766	AC:001515	O14352	Q9Y7M4	O74483	6ppp-assembly2.cif.gz	3_10	1	4	1	11.771	2.654	same_assembly_bridge	0.2787	20_30	O14352	Q9Y7M4	O74483	0.999893	0.999917	-2.4e-05	0.0	0.583055	0.784822	0.684001	0.653687
SCF:0001767	AC:001515	Q9Y7M4	O14352	Q9UUI1	6ppp-assembly2.cif.gz	3_10	1	4	1	11.771	2.603	PDB_exact_pair_aggregate	0.3521	30_40	Q9Y7M4	O14352	Q9UUI1	0.999903	0.999917	-1.4e-05	0.0	0.668567	0.784822	0.646909	0.653687
SCF:0001768	AC:001515	Q9Y7M4	O14352	O74483	6ppp-assembly2.cif.gz	3_10	1	4	1	11.771	2.556	same_assembly_bridge	0.2742	20_30	Q9Y7M4	O14352	O74483	0.999917	0.999917	0.0	0.5	0.522285	0.784822	0.716903	0.653687
SCF:0001769	AC:001515	Q9Y7M4	O14352	O94408	6ppp-assembly2.cif.gz	3_10	1	4	1	11.771	2.35	PDB_exact_pair_aggregate	0.25	20_30	Q9Y7M4	O14352	P38203	0.999919	0.999917	2e-06	1.0	0.628314	0.784822	0.748741	0.653687
SCF:0001770	AC:001516	A0A2K3CXW8	A8J353	A8INX1	7ekq-assembly1.cif.gz	11_24	1	2	1	32.013	2.127	PDB_exact_pair_aggregate	0.3	30_40	A0A2K3CXW8	A8J353	A8INX1	0.999643	0.000164	0.999479	1.0	0.00418	0.004199	0.386992	0.04407
SCF:0001771	AC:001516	A8J353	A0A2K3CXW8	A8IH07	7ekq-assembly1.cif.gz	11_24	1	2	1	32.013	2.355	same_assembly_bridge	0.36	30_40	A8J353	A0A2K3CXW8	A8IH07	0.00015	0.000164	-1.4e-05	0.0	0.004179	0.004199	0.14551	0.04407
SCF:0001772	AC:001518	P87306	P87310	Q92399	5n9j-assembly1.cif.gz	11_24	1	1	0	27.483	2.64	PDB_exact_pair_aggregate	0.3684	30_40	P87306	P87310	Q92399	0.999947	0.999935	1.2e-05	1.0	0.004194	0.004192	0.427088	0.333225
SCF:0001773	AC:001518	P87306	P87310	O13964	5n9j-assembly1.cif.gz	11_24	1	1	0	27.483	1.915	PDB_exact_pair_aggregate	0.2843	20_30	P87306	P87310	O13964	0.999911	0.999935	-2.4e-05	0.0	0.004193	0.004192	0.499396	0.333225
SCF:0001774	AC:001518	P87306	P87310	Q9P6Q0	5n9j-assembly1.cif.gz	11_24	1	1	0	27.483	2.286	PDB_exact_pair_aggregate	0.2727	20_30	P87306	P87310	Q9P6Q0	0.999932	0.999935	-3e-06	0.0	0.0042	0.004192	0.256884	0.333225
SCF:0001775	AC:001518	P87310	P87306	O60104	5n9j-assembly1.cif.gz	11_24	1	1	0	27.483	2.812	PDB_exact_pair_aggregate	0.3138	30_40	P87310	P87306	O60104	0.999944	0.999935	9e-06	1.0	0.004196	0.004192	0.254312	0.333225
SCF:0001776	AC:001519	Q32L40	Q3MHL7	Q3T084	9kcf-assembly1.cif.gz	11_24	1	3	1	15.402	2.42	PDB_exact_pair_aggregate	0.8682	ge50	Q32L40	P40227	P40227	0.999868	0.999793	7.5e-05	1.0	0.845945	0.461181	0.327385	0.323202
SCF:0001777	AC:001519	Q32L40	Q3MHL7	Q2T9X2	9kcf-assembly1.cif.gz	11_24	1	3	1	15.402	2.27	PDB_exact_pair_aggregate	0.3244	30_40	Q32L40	P40227	P50991	0.999913	0.999793	0.00012	1.0	0.776184	0.461181	0.346313	0.323202
SCF:0001778	AC:001519	Q32L40	Q3MHL7	Q3T0K2	9kcf-assembly1.cif.gz	11_24	1	3	1	15.402	2.404	PDB_exact_pair_aggregate	0.32	30_40	Q32L40	P40227	Q3T0K2	0.999902	0.999793	0.000109	1.0	0.86315	0.461181	0.363775	0.323202
SCF:0001779	AC:001519	Q3MHL7	Q32L40	Q2NKZ1	9kcf-assembly1.cif.gz	11_24	1	3	1	15.402	2.66	PDB_exact_pair_aggregate	0.3733	30_40	P40227	Q32L40	Q99832	0.99987	0.999793	7.7e-05	1.0	0.423733	0.461181	0.362565	0.323202
SCF:0001780	AC:001519	Q3MHL7	Q32L40	Q3ZBH0	9kcf-assembly1.cif.gz	11_24	1	3	1	15.402	2.259	PDB_exact_pair_aggregate	0.3714	30_40	P40227	Q32L40	Q3ZBH0	0.999633	0.999793	-0.00016	0.0	0.454336	0.461181	0.345066	0.323202
SCF:0001781	AC:001519	Q3MHL7	Q32L40	Q2T9X2	9kcf-assembly1.cif.gz	11_24	1	3	1	15.402	2.729	PDB_exact_pair_aggregate	0.3538	30_40	P40227	Q32L40	P50991	0.999778	0.999793	-1.5e-05	0.0	0.619377	0.461181	0.356358	0.323202
SCF:0001782	AC:001524	A8IL32	Q75VZ0	Q75VY7	6jo6-assembly1.cif.gz	11_24	1	12	1	29.509	2.938	same_assembly_bridge	0.5242	ge50	A8IL32	Q75VY8	Q84Y02	0.993315	0.998674	-0.005359	0.0	0.249313	0.102056	0.670459	0.628542
SCF:0001783	AC:001524	A8IL32	Q75VZ0	A8ITV3	6jo6-assembly1.cif.gz	11_24	1	12	1	29.509	3.146	PDB_exact_pair_aggregate	0.5115	ge50	A8IL32	Q75VY8	A8ITV3	0.998241	0.998674	-0.000433	0.0	0.078508	0.102056	0.571741	0.628542
SCF:0001784	AC:001524	Q75VZ0	A8IL32	Q75VY7	6jo6-assembly1.cif.gz	11_24	1	12	1	29.509	3.613	same_assembly_bridge	0.3397	30_40	Q75VY8	A8IL32	Q84Y02	0.999929	0.998674	0.001255	1.0	0.101378	0.102056	0.678123	0.628542
SCF:0001785	AC:001525	Q2FW06	Q2FW07	Q2FW18	6sj6-assembly1.cif.gz	11_24	1	25	1	43.296	3.26	PDB_exact_pair_aggregate	0.2632	20_30	A0A063X745	A0A063X8U6	P62399	0.999742	0.999856	-0.000114	0.0	0.5642	0.80097	0.866637	0.749979
SCF:0001786	AC:001525	Q2FW07	Q2FW06	P60430	6sj6-assembly1.cif.gz	11_24	1	25	1	43.296	3.201	PDB_exact_pair_aggregate	0.2953	20_30	A0A063X8U6	A0A063X745	P60422	0.999906	0.999856	5e-05	1.0	0.858538	0.80097	0.531154	0.749979
SCF:0001787	AC:001526	P49368	Q9NQP4	O60925	6nrb-assembly1.cif.gz	11_24	1	3	1	26.773	2.352	PDB_exact_pair_aggregate	0.3265	30_40	Q3T0K2	Q9NQP4	O60925	0.999922	0.999818	0.000104	1.0	0.005524	0.004458	0.515353	0.673819
SCF:0001788	AC:001526	P49368	Q9NQP4	Q99471	6nrb-assembly1.cif.gz	11_24	1	3	1	26.773	2.34	PDB_exact_pair_aggregate	0.4096	40_50	Q3T0K2	Q9NQP4	Q99471	0.999866	0.999818	4.8e-05	1.0	0.004183	0.004458	0.744918	0.673819
SCF:0001789	AC:001526	P49368	Q9NQP4	O15212	6nrb-assembly1.cif.gz	11_24	1	3	1	26.773	5.942	same_assembly_bridge	0.21	20_30	Q3T0K2	Q9NQP4	O15212	0.999905	0.999818	8.7e-05	1.0	0.004181	0.004458	0.603064	0.673819
SCF:0001790	AC:001526	Q9NQP4	P49368	P50991	6nrb-assembly1.cif.gz	11_24	1	3	1	26.773	2.238	PDB_exact_pair_aggregate	0.3525	30_40	Q9NQP4	Q3T0K2	P50991	0.999905	0.999818	8.7e-05	1.0	0.004445	0.004458	0.791117	0.673819
SCF:0001791	AC:001529	Q12834	Q9UJX3	Q9UJX2	6tlj-assembly1.cif.gz	11_24	1	7	1	15.742	2.288	PDB_exact_pair_aggregate	0.3013	30_40	Q12834	Q9UJX3	Q9UJX2	0.999877	0.99912	0.000757	1.0	0.004176	0.004178	0.699459	0.7075
SCF:0001792	AC:001529	Q12834	Q9UJX3	Q13042	6tlj-assembly1.cif.gz	11_24	1	7	1	15.742	2.334	PDB_exact_pair_aggregate	0.289	20_30	Q12834	Q9UJX3	Q13042	0.999795	0.99912	0.000675	1.0	0.004176	0.004178	0.706565	0.7075
SCF:0001793	AC:001529	Q12834	Q9UJX3	Q9UJX6	6tlj-assembly1.cif.gz	11_24	1	7	1	15.742	2.701	PDB_exact_pair_aggregate	0.2729	20_30	Q12834	Q9UJX3	Q9UJX6	0.994057	0.99912	-0.005063	0.0	0.004176	0.004178	0.604832	0.7075
SCF:0001794	AC:001530	A0A0M3KL10	A0A0M3KL11	Q9S7N7	4y28-assembly1.cif.gz	11_24	1	1	0	10.751	2.375	PDB_exact_pair_aggregate	0.4757	40_50	A0A0M3KL10	A0A4V8GZZ4	B6U534	0.995504	0.752072	0.243432	1.0	0.00636	0.004976	0.601337	0.599563
SCF:0001795	AC:001532	Q00914	Q84Y02	Q05093	7r3k-assembly1.cif.gz	11_24	1	10	1	41.204	2.558	PDB_exact_pair_aggregate	0.5	ge50	A0A4V8H005	Q84Y02	Q7DM26	0.001015	0.000861	0.000154	1.0	0.004567	0.007038	0.068007	0.085766
SCF:0001796	AC:001533	A0A4V8GZZ4	A0A4V8GZZ7	A0A4V8GZZ8	6igz-assembly1.cif.gz	11_24	1	1	0	39.769	2.694	same_assembly_bridge	0.4037	40_50	A0A4V8GZZ4	Q84Y02	I0YPL4	0.999773	0.999672	0.000101	1.0	0.004191	0.29059	0.16549	0.619393
SCF:0001797	AC:001534	A8J3C3	A8J353	A8INX1	7ekq-assembly1.cif.gz	11_24	1	1	0	40.938	2.781	same_assembly_bridge	0.3	30_40	A8J3C3	A8J353	A8INX1	0.198229	0.000191	0.198038	1.0	0.616379	0.00418	0.246568	0.498759
SCF:0001798	AC:001535	O65101	B6TR16	B6U534	5zji-assembly1.cif.gz	11_24	1	1	0	9.426	2.5	PDB_exact_pair_aggregate	0.3652	30_40	A0A2K1JDR4	A0A4V8GZZ4	B6U534	0.998931	0.997542	0.001389	1.0	0.004311	0.978367	0.557303	0.558077
SCF:0001799	AC:001536	P0DOY9	Q5SLQ0	P80382	5iwa-assembly1.cif.gz	11_24	1	402	1	20.764	3.973	PDB_exact_pair_aggregate	0.9886	ge50	Q2FW20	P62659	P62659	0.999927	0.999928	-1e-06	0.0	0.858062	0.922926	0.784153	0.757421
SCF:0001800	AC:001536	P0DOY9	Q5SLQ0	P80380	5iwa-assembly1.cif.gz	11_24	1	402	1	20.764	2.51	PDB_exact_pair_aggregate	0.3636	30_40	Q2FW20	P62659	P80380	0.999916	0.999928	-1.2e-05	0.0	0.004625	0.922926	0.781424	0.757421
SCF:0001801	AC:001536	P0DOY9	Q5SLQ0	Q5SHN7	5iwa-assembly1.cif.gz	11_24	1	402	1	20.764	2.946	PDB_exact_pair_aggregate	0.3333	30_40	Q2FW20	P62659	P21471	0.999898	0.999928	-3e-05	0.0	0.849372	0.922926	0.764901	0.757421
SCF:0001802	AC:001536	Q5SLQ0	P0DOY9	Q5SHN3	5iwa-assembly1.cif.gz	11_24	1	402	1	20.764	2.733	same_assembly_bridge	0.3505	30_40	P62659	Q2FW20	P21472	0.999926	0.999928	-2e-06	0.0	0.717826	0.922926	0.717329	0.757421
SCF:0001803	AC:001536	Q5SLQ0	P0DOY9	P80374	5iwa-assembly1.cif.gz	11_24	1	402	1	20.764	2.548	PDB_exact_pair_aggregate	0.3133	30_40	P62659	Q2FW20	C3SRY2	0.999907	0.999928	-2.1e-05	0.0	0.884795	0.922926	0.837546	0.757421
SCF:0001804	AC:001536	Q5SLQ0	P0DOY9	P80377	5iwa-assembly1.cif.gz	11_24	1	402	1	20.764	3.021	PDB_exact_pair_aggregate	0.2955	20_30	P62659	Q2FW20	B7IA17	0.999902	0.999928	-2.6e-05	0.0	0.740004	0.922926	0.756051	0.757421
SCF:0001805	AC:001538	W8T6F0	C3SR52	C3SRY2	9sx2-assembly1.cif.gz	11_24	1	1	0	25.132	2.752	PDB_exact_pair_aggregate	0.2805	20_30	Q83D76	B7IA17	C3SRY2	0.999897	0.999914	-1.7e-05	0.0	0.729179	0.014437	0.811568	0.702929
SCF:0001806	AC:001540	E1C9L1	E1C9L2	Q32904	3lw5-assembly1.cif.gz	11_24	1	2	1	75.15	2.869	PDB_exact_pair_aggregate	0.4906	40_50	E1C9L1	E1C9L2	A0A2K1IB10	0.995354	0.971969	0.023385	1.0	0.588063	0.144857	0.664003	0.639069
SCF:0001807	AC:001541	Q2G113	Q2G2Q4	Q2G2Q1	8byv-assembly1.cif.gz	11_24	1	1	0	19.537	4.033	PDB_exact_pair_aggregate	0.2571	20_30	P21468	Q2G2Q4	Q2G2Q1	0.999869	0.999539	0.00033	1.0	0.874329	0.004458	0.495732	7.4e-05
SCF:0001808	AC:001542	E3UIU5	M2XR49	M2X090	9kc5-assembly1.cif.gz	11_24	1	1	0	40.038	2.735	PDB_exact_pair_aggregate	0.5398	ge50	E3UIU5	M2XR49	M2X090	0.029356	0.075875	-0.046519	0.0	0.004176	0.004188	0.032457	0.163004
SCF:0001809	AC:001542	E3UIU5	M2XR49	M2VTV2	9kc5-assembly1.cif.gz	11_24	1	1	0	40.038	3.314	PDB_exact_pair_aggregate	0.5128	ge50	E3UIU5	M2XR49	M2VTV2	0.014023	0.075875	-0.061852	0.0	0.004324	0.004188	0.289751	0.163004
SCF:0001810	AC:001544	Q9RXK0	Q9RXJ1	Q9RSJ5	2d3o-assembly1.cif.gz	3_10	1	25	1	13.317	2.374	PDB_exact_pair_aggregate	0.2881	20_30	Q9RXK0	P0CI78	Q9RSJ5	0.999922	0.999933	-1.1e-05	0.0	0.785104	0.853921	0.502699	0.772396
SCF:0001811	AC:001545	A0AAN0Y0R4	A0AAN0Y3T9	A0AAN0Y138	9h90-assembly1.cif.gz	11_24	1	1	0	22.099	3.315	same_assembly_bridge	0.2931	20_30	P21471	P17291	P80372	0.999934	0.999933	1e-06	1.0	0.835345	0.869466	0.751343	0.744518
SCF:0001812	AC:001548	P0A7Z4	P0A9G4	P0AG44	7c17-assembly1.cif.gz	3_10	1	4	1	33.732	3.155	PDB_exact_pair_aggregate	0.3429	30_40	P0A7Z4	P0A9G4	Q9RSJ5	0.999839	0.002553	0.997286	1.0	0.004335	0.005149	0.031641	0.499078
SCF:0001813	AC:001548	P0A7Z4	P0A9G4	P0A7R5	7c17-assembly1.cif.gz	3_10	1	4	1	33.732	1.63	PDB_exact_pair_aggregate	0.2763	20_30	P0A7Z4	P0A9G4	P21471	0.751129	0.002553	0.748576	1.0	0.022788	0.005149	0.555769	0.499078
SCF:0001814	AC:001549	Q8A1D9	Q8A0S2	Q8A1P7	9his-assembly1.cif.gz	3_10	1	1	0	22.722	2.747	PDB_exact_pair_aggregate	0.3475	30_40	Q8A1D9	Q8A0S2	Q8A1P7	0.997215	0.996694	0.000521	1.0	0.007092	0.028956	0.020231	0.199931
SCF:0001815	AC:001550	A0A2K3CXW8	A8IS47	A8INX1	7eko-assembly1.cif.gz	11_24	1	2	1	18.86	2.127	PDB_exact_pair_aggregate	0.306	30_40	A0A2K3CXW8	A8IS47	A8INX1	0.999643	0.999309	0.000334	1.0	0.00418	0.100313	0.386992	0.343531
SCF:0001816	AC:001550	A8IS47	A0A2K3CXW8	A8IH07	7eko-assembly1.cif.gz	11_24	1	2	1	18.86	7.252	same_assembly_bridge	0.36	30_40	A8IS47	A0A2K3CXW8	A8IH07	0.999116	0.999309	-0.000193	0.0	0.004182	0.100313	0.148491	0.343531
SCF:0001817	AC:001550	A8IS47	A0A2K3CXW8	A8IJ60	7eko-assembly1.cif.gz	11_24	1	2	1	18.86	2.224	PDB_exact_pair_aggregate	0.3381	30_40	A8IS47	A0A2K3CXW8	A8IJ60	0.999872	0.999309	0.000563	1.0	0.908391	0.100313	0.698392	0.343531
SCF:0001818	AC:001550	A8IS47	A0A2K3CXW8	P42380	7eko-assembly1.cif.gz	11_24	1	2	1	18.86	2.295	PDB_exact_pair_aggregate	0.2616	20_30	A8IS47	A0A2K3CXW8	P42380	0.033516	0.999309	-0.965793	0.0	0.004177	0.100313	0.114985	0.343531
SCF:0001819	AC:001552	C1K004	D0FXZ0	D0FXV2	6sl5-assembly1.cif.gz	11_24	1	1	0	45.26	2.611	same_assembly_bridge	0.5	ge50	I0YPL4	T1RIQ1	A0T0M8	0.99929	0.999731	-0.000441	0.0	0.026267	0.029312	0.397087	0.243308
SCF:0001820	AC:001552	D0FXZ0	C1K004	C1K003	6sl5-assembly1.cif.gz	11_24	1	1	0	45.26	4.205	PDB_exact_pair_aggregate	0.4151	40_50	T1RIQ1	I0YPL4	Q7DM26	0.999846	0.999731	0.000115	1.0	0.016795	0.029312	0.199192	0.243308
SCF:0001821	AC:001555	Q3E830	P53290	Q00582	6jwp-assembly1.cif.gz	3_10	1	1	0	27.108	3.154	PDB_exact_pair_aggregate	0.3228	30_40	Q3E830	P53290	O74824	0.148761	0.710993	-0.562232	0.0	0.028095	0.004278	0.713222	3.8e-05
SCF:0001822	AC:001558	P20248	Q13309	Q9UJX2	7b5r-assembly1.cif.gz	3_10	1	2	1	10.174	2.424	PDB_exact_pair_aggregate	0.2843	20_30	P20248	Q13309	Q9UJX2	0.996167	0.999856	-0.003689	0.0	0.004176	0.79124	0.566782	0.61504
SCF:0001823	AC:001558	Q13309	P20248	Q13098	7b5r-assembly1.cif.gz	3_10	1	2	1	10.174	2.54	PDB_exact_pair_aggregate	0.257	20_30	Q13309	P20248	Q13098	0.999905	0.999856	4.9e-05	1.0	0.004175	0.79124	0.733818	0.61504
SCF:0001824	AC:001559	Q9LK40	O81097	Q9M1A8	8hyj-assembly1.cif.gz	11_24	1	1	0	13.174	2.496	PDB_exact_pair_aggregate	0.9589	ge50	Q9LK40	Q9M1A8	Q9M1A8	0.999913	0.999906	7e-06	1.0	0.004177	0.004178	0.500663	0.663792
SCF:0001825	AC:001559	Q9LK40	O81097	Q9FJ98	8hyj-assembly1.cif.gz	11_24	1	1	0	13.174	3.135	PDB_exact_pair_aggregate	0.36	30_40	Q9LK40	Q9M1A8	A0A4X1VEK9	0.999936	0.999906	3e-05	1.0	0.015807	0.004178	0.424524	0.663792
SCF:0001826	AC:001560	A0A5S8WF89	A0A5S8WF91	A0A5S8WF90	6pij-assembly1.cif.gz	3_10	1	1	0	12.962	2.769	PDB_exact_pair_aggregate	0.9803	ge50	A0A5S8WF89	A0A5S8WF91	A0A5S8WF91	0.994748	0.559568	0.43518	1.0	0.004176	0.004176	0.086595	0.113553
SCF:0001827	AC:001561	Q2FW11	Q2FW21	P0A0F8	5nrg-assembly1.cif.gz	11_24	1	23	1	19.707	3.018	PDB_exact_pair_aggregate	0.3119	30_40	P42060	A0A063X781	P0A0F8	0.999932	0.999941	-9e-06	0.0	0.873127	0.669113	0.018345	5e-05
SCF:0001828	AC:001561	Q2FW11	Q2FW21	Q2FW13	5nrg-assembly1.cif.gz	11_24	1	23	1	19.707	5.012	same_assembly_bridge	0.3511	30_40	P42060	A0A063X781	P0ADY7	0.999941	0.999941	0.0	0.5	0.578674	0.669113	2e-06	5e-05
SCF:0001829	AC:001561	Q2FW11	Q2FW21	Q2FW18	5nrg-assembly1.cif.gz	11_24	1	23	1	19.707	0.889	PDB_exact_pair_aggregate	0.2857	20_30	P42060	A0A063X781	P62399	0.999938	0.999941	-3e-06	0.0	0.693069	0.669113	0.176997	5e-05
SCF:0001830	AC:001561	Q2FW21	Q2FW11	Q2FW13	5nrg-assembly1.cif.gz	11_24	1	23	1	19.707	2.783	same_assembly_bridge	0.3733	30_40	A0A063X781	P42060	P0ADY7	0.999924	0.999941	-1.7e-05	0.0	0.495745	0.669113	1.1e-05	5e-05
SCF:0001831	AC:001561	Q2FW21	Q2FW11	Q2FW22	5nrg-assembly1.cif.gz	11_24	1	23	1	19.707	3.028	PDB_exact_pair_aggregate	0.2742	20_30	A0A063X781	P42060	Q2FW22	0.999854	0.999941	-8.7e-05	0.0	0.90448	0.669113	0.823943	5e-05
SCF:0001832	AC:001562	O94742	Q12049	Q12250	7ewf-assembly1.cif.gz	3_10	1	2	1	8.989	2.825	PDB_exact_pair_aggregate	0.2903	20_30	O94742	Q12049	Q12250	0.051542	0.823594	-0.772052	0.0	0.004485	0.004306	0.000953	0.170026
SCF:0001833	AC:001564	P48240	P38801	P53256	6fsz-assembly1.cif.gz	11_24	1	4	1	48.437	2.8	PDB_exact_pair_aggregate	0.2966	20_30	P48240	P38801	P53256	0.999652	0.999368	0.000284	1.0	0.004177	0.004178	0.601476	0.233738
SCF:0001834	AC:001564	P48240	P38801	P53725	6fsz-assembly1.cif.gz	11_24	1	4	1	48.437	3.604	PDB_exact_pair_aggregate	0.2681	20_30	P48240	P38801	P53725	0.051178	0.999368	-0.94819	0.0	0.004178	0.004178	0.341001	0.233738
SCF:0001835	AC:001565	I7LT80	I7MDA9	W7WX86	8th8-assembly1.cif.gz	11_24	1	2	1	9.125	2.871	PDB_exact_pair_aggregate	0.3307	30_40	I7LT80	I7MDA9	W7WX86	0.00552	0.018521	-0.013001	0.0	0.004195	0.004199	0.499538	0.499577
SCF:0001836	AC:001565	I7MDA9	I7LT80	A4VD15	8th8-assembly1.cif.gz	11_24	1	2	1	9.125	2.082	PDB_exact_pair_aggregate	0.3431	30_40	I7MDA9	I7LT80	A4VD15	0.518153	0.018521	0.499632	1.0	0.004182	0.004199	0.49954	0.499577
SCF:0001837	AC:001565	I7MDA9	I7LT80	Q23YW7	8th8-assembly1.cif.gz	11_24	1	2	1	9.125	2.122	PDB_exact_pair_aggregate	0.2877	20_30	I7MDA9	I7LT80	Q23YW7	0.00457	0.018521	-0.013951	0.0	0.004189	0.004199	0.499569	0.499577
SCF:0001838	AC:001565	I7MDA9	I7LT80	Q23S05	8th8-assembly1.cif.gz	11_24	1	2	1	9.125	1.771	PDB_exact_pair_aggregate	0.2689	20_30	I7MDA9	I7LT80	Q23S05	0.99248	0.018521	0.973959	1.0	0.004187	0.004199	0.32898	0.499577
SCF:0001839	AC:001566	A0QSG2	A0QZ86	A0QSD7	8wi9-assembly1.cif.gz	11_24	1	1	0	20.522	2.027	PDB_exact_pair_aggregate	0.2797	20_30	P62656	A0QZ86	P80372	0.999884	0.969068	0.030816	1.0	0.819752	0.197941	0.864584	3.2e-05
SCF:0001840	AC:001566	A0QZ86	A0QSG2	A0R7F7	8wi9-assembly1.cif.gz	11_24	1	1	0	20.522	2.124	PDB_exact_pair_aggregate	0.3182	30_40	A0QZ86	P62656	A0R7F7	0.994818	0.969068	0.02575	1.0	0.004756	0.197941	0.117604	3.2e-05
SCF:0001841	AC:001568	Q9M1J2	O81097	Q9FJ98	8hyj-assembly1.cif.gz	11_24	1	1	0	31.643	3.766	PDB_exact_pair_aggregate	0.36	30_40	Q9M1J2	Q9M1A8	A0A4X1VEK9	0.999574	0.999943	-0.000369	0.0	0.008245	0.004175	0.407551	0.279103
SCF:0001842	AC:001569	Q00916	P39682	Q03776	7oqc-assembly1.cif.gz	11_24	1	6	1	16.728	2.446	PDB_exact_pair_aggregate	0.3226	30_40	Q00916	P39682	Q03776	0.001889	0.01034	-0.008451	0.0	0.004546	0.004178	0.573915	0.677262
SCF:0001843	AC:001569	Q00916	P39682	P53207	7oqc-assembly1.cif.gz	11_24	1	6	1	16.728	2.418	PDB_exact_pair_aggregate	0.2714	20_30	Q00916	P39682	P53207	0.0011	0.01034	-0.00924	0.0	0.004636	0.004178	0.201462	0.677262
SCF:0001844	AC:001575	I7LWE3	Q24C31	Q23YW7	8th8-assembly1.cif.gz	11_24	1	2	1	17.084	2.324	PDB_exact_pair_aggregate	0.3003	30_40	I7LWE3	Q24C31	Q23YW7	0.996947	0.99328	0.003667	1.0	0.004181	0.004176	0.259437	0.099528
SCF:0001845	AC:001575	I7LWE3	Q24C31	Q24DJ0	8th8-assembly1.cif.gz	11_24	1	2	1	17.084	2.729	PDB_exact_pair_aggregate	0.2628	20_30	I7LWE3	Q24C31	Q24DJ0	0.603802	0.99328	-0.389478	0.0	0.004333	0.004176	0.210072	0.099528
SCF:0001846	AC:001575	I7LWE3	Q24C31	I7LT80	8th8-assembly1.cif.gz	11_24	1	2	1	17.084	2.942	same_assembly_bridge	0.26	20_30	I7LWE3	Q24C31	I7LT80	0.980657	0.99328	-0.012623	0.0	0.004183	0.004176	0.09615	0.099528
SCF:0001847	AC:001575	Q24C31	I7LWE3	Q229S1	8th8-assembly1.cif.gz	11_24	1	2	1	17.084	2.097	PDB_exact_pair_aggregate	0.2921	20_30	Q24C31	I7LWE3	Q229S1	0.000168	0.99328	-0.993112	0.0	0.004179	0.004176	0.155381	0.099528
SCF:0001848	AC:001576	A8HUP3	A0A2K3DLI2	A0A2K3DQ46	8xks-assembly1.cif.gz	11_24	1	3	1	53.398	2.499	PDB_exact_pair_aggregate	0.3816	30_40	A8HUP3	A0A2K3DLI2	A0A2K3DQ46	0.012537	0.000142	0.012395	1.0	0.004195	0.004182	0.009557	0.499828
SCF:0001849	AC:001578	Q08749	P87108	P32830	6lo8-assembly1.cif.gz	3_10	1	1	0	11.305	3.451	PDB_exact_pair_aggregate	0.3714	30_40	Q08749	P87108	P32830	0.936776	0.31885	0.617926	1.0	0.004178	0.004504	0.360133	0.637237
SCF:0001850	AC:001581	P9WGY5	O53830	P9WGZ1	8hih-assembly1.cif.gz	11_24	1	1	0	36.801	2.582	PDB_exact_pair_aggregate	0.3333	30_40	A0QWT1	O53830	P9WGZ1	0.000183	0.000814	-0.000631	0.0	0.004177	0.004185	0.663265	0.601879
SCF:0001851	AC:001584	I0YQ45	I0Z7A6	I0Z7A7	9kqq-assembly1.cif.gz	11_24	1	2	1	42.249	3.247	same_assembly_bridge	0.5535	ge50	Q7DM26	Q75VY8	Q75VY8	0.999914	0.999917	-3e-06	0.0	0.035648	0.066702	0.772662	0.764306
SCF:0001852	AC:001584	I0YQ45	I0Z7A6	I0YQ46	9kqq-assembly1.cif.gz	11_24	1	2	1	42.249	2.733	PDB_exact_pair_aggregate	0.5067	ge50	Q7DM26	Q75VY8	Q84Y02	0.999933	0.999917	1.6e-05	1.0	0.045745	0.066702	0.74158	0.764306
SCF:0001853	AC:001584	I0Z7A6	I0YQ45	I0Z7A7	9kqq-assembly1.cif.gz	11_24	1	2	1	42.249	2.69	same_assembly_bridge	0.5405	ge50	Q75VY8	Q7DM26	Q75VY8	0.999919	0.999917	2e-06	1.0	0.151589	0.066702	0.745038	0.764306
SCF:0001854	AC:001584	I0Z7A6	I0YQ45	I0YQ44	9kqq-assembly1.cif.gz	11_24	1	2	1	42.249	2.859	PDB_exact_pair_aggregate	0.4977	40_50	Q75VY8	Q7DM26	Q84Y02	0.999933	0.999917	1.6e-05	1.0	0.145395	0.066702	0.756615	0.764306
SCF:0001855	AC:001584	I0Z7A6	I0YQ45	I0Z2Y0	9kqq-assembly1.cif.gz	11_24	1	2	1	42.249	2.593	PDB_exact_pair_aggregate	0.4976	40_50	Q75VY8	Q7DM26	Q75VY8	0.999925	0.999917	8e-06	1.0	0.261117	0.066702	0.748401	0.764306
SCF:0001856	AC:001590	Q9UJW0	P61163	P60709	9b85-assembly1.cif.gz	11_24	1	2	1	18.979	2.339	PDB_exact_pair_aggregate	0.545	ge50	Q9UJW0	F2Z5G5	P68134	0.999194	0.999706	-0.000512	0.0	0.072563	0.105541	0.681951	0.699628
SCF:0001857	AC:001590	Q9UJW0	P61163	Q9NZ32	9b85-assembly1.cif.gz	11_24	1	2	1	18.979	2.715	same_assembly_bridge	0.3163	30_40	Q9UJW0	F2Z5G5	Q9NZ32	0.998317	0.999706	-0.001389	0.0	0.532756	0.105541	0.567898	0.699628
SCF:0001858	AC:001592	P59763	A0A2K3DWM2	A8I846	8kde-assembly1.cif.gz	11_24	1	1	0	8.255	3.533	PDB_exact_pair_aggregate	0.3043	30_40	P12240	A0A2K3DWM2	A8I846	0.884784	0.996089	-0.111305	0.0	0.004187	0.004215	0.463219	0.539514
SCF:0001859	AC:001594	G0S8E0	G0SH09	G0SEM4	6xp5-assembly1.cif.gz	11_24	1	1	0	66.09	4.075	same_assembly_bridge	0.2971	20_30	G0S8E0	G0SH09	G0SEM4	0.999924	0.999726	0.000198	1.0	0.004179	0.004177	0.390511	0.217535
SCF:0001860	AC:001594	G0S8E0	G0SH09	G0S7Z4	6xp5-assembly1.cif.gz	11_24	1	1	0	66.09	2.823	PDB_exact_pair_aggregate	0.2835	20_30	G0S8E0	G0SH09	G0S7Z4	0.999867	0.999726	0.000141	1.0	0.004183	0.004177	0.696226	0.217535
SCF:0001861	AC:001594	G0SH09	G0S8E0	G0S3J8	6xp5-assembly1.cif.gz	11_24	1	1	0	66.09	2.363	PDB_exact_pair_aggregate	0.3204	30_40	G0SH09	G0S8E0	G0S3J8	0.9999	0.999726	0.000174	1.0	0.004176	0.004177	0.377942	0.217535
SCF:0001862	AC:001596	Q94AQ8	P26288	P56752	7wff-assembly1.cif.gz	11_24	1	1	0	35.636	2.36	same_assembly_bridge	0.2975	20_30	Q94AQ8	P26288	P56752	7.4e-05	7.2e-05	2e-06	1.0	0.004196	0.004324	0.020505	0.025766
SCF:0001863	AC:001598	A0A4V8GZZ2	A0A4V8GZZ9	A0A4V8GZZ8	6igz-assembly1.cif.gz	11_24	1	3	1	11.602	2.217	PDB_exact_pair_aggregate	0.4397	40_50	A0T0M8	A0A4V8GZZ9	I0YPL4	0.999817	0.999414	0.000403	1.0	0.004507	0.176345	0.070199	0.379792
SCF:0001864	AC:001598	A0A4V8GZZ9	A0A4V8GZZ2	A0A4V8H003	6igz-assembly1.cif.gz	11_24	1	3	1	11.602	3.074	PDB_exact_pair_aggregate	0.4963	40_50	A0A4V8GZZ9	A0T0M8	T1RIQ1	0.999773	0.999414	0.000359	1.0	0.117418	0.176345	0.435397	0.379792
SCF:0001865	AC:001601	O43402	Q5JPE7	Q8N766	9c7v-assembly1.cif.gz	11_24	1	1	0	21.676	2.596	PDB_exact_pair_aggregate	0.3023	30_40	O43402	Q5JPE7	Q8N766	0.999022	0.000417	0.998605	1.0	0.004176	0.00418	0.02592	0.066753
SCF:0001866	AC:001602	Q6NLH0	Q39212	Q39211	8hyj-assembly1.cif.gz	11_24	1	1	0	36.205	2.505	PDB_exact_pair_aggregate	0.884	ge50	P36954	Q39212	Q39212	0.999821	0.999907	-8.6e-05	0.0	0.034762	0.004265	0.800578	0.692971
SCF:0001867	AC:001603	Q8N140	Q96MF7	Q8WV22	9lwj-assembly1.cif.gz	3_10	1	2	1	100.822	2.638	PDB_exact_pair_aggregate	0.2469	20_30	Q8N140	Q96MF7	Q8WV22	0.999282	0.79055	0.208732	1.0	0.004176	0.004176	0.201863	0.202806
SCF:0001868	AC:001604	Q9UBQ0	O60826	Q96QK1	8p0v-assembly1.cif.gz	3_10	1	2	1	17.832	2.285	PDB_exact_pair_aggregate	0.2825	20_30	Q9UBQ0	O60826	Q96QK1	0.99785	0.999679	-0.001829	0.0	0.008259	0.004177	0.664881	0.135067
SCF:0001869	AC:001607	O14352	O94408	O74483	6ppv-assembly1.cif.gz	3_10	1	4	1	9.184	2.591	PDB_exact_pair_aggregate	0.2537	20_30	O14352	P38203	O74483	0.999893	0.99991	-1.7e-05	0.0	0.583055	0.616343	0.684001	0.630154
SCF:0001870	AC:001607	O94408	O14352	P87173	6ppv-assembly1.cif.gz	3_10	1	4	1	9.184	2.359	same_assembly_bridge	0.3431	30_40	P38203	O14352	P87173	0.999878	0.99991	-3.2e-05	0.0	0.577783	0.616343	0.791007	0.630154
SCF:0001871	AC:001607	O94408	O14352	O74483	6ppv-assembly1.cif.gz	3_10	1	4	1	9.184	2.515	PDB_exact_pair_aggregate	0.2742	20_30	P38203	O14352	O74483	0.999903	0.99991	-7e-06	0.0	0.437528	0.616343	0.743164	0.630154
SCF:0001872	AC:001607	O94408	O14352	Q9Y7M4	6ppv-assembly1.cif.gz	3_10	1	4	1	9.184	2.35	PDB_exact_pair_aggregate	0.2581	20_30	P38203	O14352	Q9Y7M4	0.999919	0.99991	9e-06	1.0	0.628314	0.616343	0.748741	0.630154
SCF:0001873	AC:001611	Q8LGE7	P93313	B5TM92	8bef-assembly1.cif.gz	11_24	1	8	1	54.285	3.71	PDB_exact_pair_aggregate	0.2963	20_30	Q8LGE7	P93313	P92558	0.999716	0.997363	0.002353	1.0	0.004517	0.004695	0.587753	0.516222
SCF:0001874	AC:001611	Q8LGE7	P93313	P29388	8bef-assembly1.cif.gz	11_24	1	8	1	54.285	2.656	PDB_exact_pair_aggregate	0.2943	20_30	Q8LGE7	P93313	P29388	0.99943	0.997363	0.002067	1.0	0.006668	0.004695	0.583272	0.516222
SCF:0001875	AC:001612	Q92316	P33767	P41543	6ezn-assembly1.cif.gz	3_10	1	5	1	28.322	2.543	same_assembly_bridge	0.3309	30_40	Q92316	P33767	P41543	0.999824	0.026183	0.973641	1.0	0.004184	0.004177	0.588512	0.771812
SCF:0001876	AC:001614	Q9XFH4	Q9LD28	P06897	8kcb-assembly1.cif.gz	3_10	1	5	1	22.931	2.467	PDB_exact_pair_aggregate	0.76	ge50	Q9XFH4	P0C0S5	P0C0S5	0.911838	0.988015	-0.076177	0.0	0.103651	0.032963	0.509646	0.704397
SCF:0001877	AC:001614	Q9XFH4	Q9LD28	P02281	8kcb-assembly1.cif.gz	3_10	1	5	1	22.931	3.306	PDB_exact_pair_aggregate	0.3514	30_40	Q9XFH4	P0C0S5	O23629	0.953317	0.988015	-0.034698	0.0	0.004184	0.032963	0.793243	0.704397
SCF:0001878	AC:001614	Q9XFH4	Q9LD28	P84233	8kcb-assembly1.cif.gz	3_10	1	5	1	22.931	2.742	PDB_exact_pair_aggregate	0.2921	20_30	Q9XFH4	P0C0S5	P02299	0.998334	0.988015	0.010319	1.0	0.018497	0.032963	0.166494	0.704397
SCF:0001879	AC:001615	Q9C567	Q9SAJ3	F4J3N2	8xkv-assembly1.cif.gz	11_24	1	2	1	21.723	2.278	PDB_exact_pair_aggregate	0.3038	30_40	Q9C567	Q9SAJ3	F4J3N2	0.000265	9e-05	0.000175	1.0	0.004175	0.004177	0.17536	0.499481
SCF:0001880	AC:001616	P39075	P37871	P37870	7ckq-assembly1.cif.gz	3_10	1	1	0	17.651	4.243	same_assembly_bridge	0.3043	30_40	P39075	P37871	P37870	0.000801	0.000109	0.000692	1.0	0.005047	0.005897	0.102347	0.102066
SCF:0001881	AC:001620	W8SY74	A0A2P6TPR7	A0A2P6TS63	6zzy-assembly1.cif.gz	11_24	1	3	1	36.706	6.549	same_assembly_bridge	0.4541	40_50	A0T0M8	A0A4V8H000	Q84Y02	0.968453	0.999456	-0.031003	0.0	0.032363	0.008743	0.285785	0.219178
SCF:0001882	AC:001621	E1C9L0	Q32904	Q9SQL2	3lw5-assembly1.cif.gz	11_24	1	1	0	18.515	3.074	PDB_exact_pair_aggregate	0.5172	ge50	Q55329	A0A2K1IB10	Q84Y02	0.317407	0.507796	-0.190389	0.0	0.012904	0.168634	0.643791	0.669415
SCF:0001883	AC:001621	E1C9L0	Q32904	Q41038	3lw5-assembly1.cif.gz	11_24	1	1	0	18.515	0.638	same_assembly_bridge	0.4483	40_50	Q55329	A0A2K1IB10	F2D0D5	0.11496	0.507796	-0.392836	0.0	0.022881	0.168634	0.58952	0.669415
SCF:0001884	AC:001621	E1C9L0	Q32904	P12355	3lw5-assembly1.cif.gz	11_24	1	1	0	18.515	2.388	PDB_exact_pair_aggregate	0.306	30_40	Q55329	A0A2K1IB10	Q9SHE8	0.067718	0.507796	-0.440078	0.0	0.006998	0.168634	0.42968	0.669415
SCF:0001885	AC:001623	P21471	P21477	P21470	8cec-assembly1.cif.gz	11_24	1	23	1	9.022	2.333	PDB_exact_pair_aggregate	0.2778	20_30	P21471	P21477	A0A1M6R974	0.999928	0.999879	4.9e-05	1.0	0.623557	0.463686	0.738248	0.580885
SCF:0001886	AC:001623	P21471	P21477	P21472	8cec-assembly1.cif.gz	11_24	1	23	1	9.022	3.717	PDB_exact_pair_aggregate	0.2603	20_30	P21471	P21477	P21472	0.999924	0.999879	4.5e-05	1.0	0.80586	0.463686	0.742997	0.580885
SCF:0001887	AC:001623	P21477	P21471	P12874	8cec-assembly1.cif.gz	11_24	1	23	1	9.022	4.487	PDB_exact_pair_aggregate	0.2778	20_30	P21477	P21471	P0AG63	0.99988	0.999879	1e-06	1.0	0.540539	0.463686	0.344496	0.580885
SCF:0001888	AC:001623	P21477	P21471	P21474	8cec-assembly1.cif.gz	11_24	1	23	1	9.022	2.567	PDB_exact_pair_aggregate	0.2414	20_30	P21477	P21471	P75131	0.999895	0.999879	1.6e-05	1.0	0.750082	0.463686	3e-06	0.580885
SCF:0001889	AC:001624	P30260	Q9UKT4	P14635	9gaw-assembly1.cif.gz	11_24	1	2	1	9.137	4.255	PDB_exact_pair_aggregate	0.2928	20_30	P30260	Q9UKT4	P14635	0.999805	0.995807	0.003998	1.0	0.004176	0.004176	0.622724	0.091008
SCF:0001890	AC:001624	Q9UKT4	P30260	Q9UJX4	9gaw-assembly1.cif.gz	11_24	1	2	1	9.137	2.869	PDB_exact_pair_aggregate	0.2903	20_30	Q9UKT4	P30260	Q9UJX4	0.998958	0.995807	0.003151	1.0	0.004176	0.004176	0.437444	0.091008
SCF:0001891	AC:001625	G0S755	G0SE33	G0SC21	8pel-assembly1.cif.gz	3_10	1	2	1	12.136	2.6	PDB_exact_pair_aggregate	0.3028	30_40	G0S755	G0SE33	G0SC21	0.999548	0.999795	-0.000247	0.0	0.00422	0.004194	0.829092	0.521042
SCF:0001892	AC:001625	G0SE33	G0S755	G0S1P1	8pel-assembly1.cif.gz	3_10	1	2	1	12.136	2.932	PDB_exact_pair_aggregate	0.3491	30_40	G0SE33	G0S755	G0S1P1	0.999405	0.999795	-0.00039	0.0	0.004175	0.004194	0.243758	0.521042
SCF:0001893	AC:001627	Q6YXR3	A0A2K1J0L9	A0A2K1IAD0	6l35-assembly1.cif.gz	11_24	1	2	1	38.332	3.578	PDB_exact_pair_aggregate	0.3534	30_40	E9NPX1	Q9SHE8	A8IL32	0.970899	0.142726	0.828173	1.0	0.004886	0.005126	0.609326	0.419667
SCF:0001894	AC:001629	Q15843	O95376	Q9Y4X5	9sdx-assembly1.cif.gz	3_10	1	2	1	26.904	3.443	PDB_exact_pair_aggregate	0.3695	30_40	Q15843	O95376	Q9Y4X5	0.999839	0.9985	0.001339	1.0	0.808578	0.255632	0.669624	0.653521
SCF:0001895	AC:001630	O60925	Q99832	P17987	6nr9-assembly1.cif.gz	11_24	1	3	1	72.778	2.929	same_assembly_bridge	0.3878	30_40	O60925	Q99832	Q32L40	0.999882	0.999923	-4.1e-05	0.0	0.008985	0.005222	0.796251	0.499111
SCF:0001896	AC:001630	O60925	Q99832	P49368	6nr9-assembly1.cif.gz	11_24	1	3	1	72.778	2.352	PDB_exact_pair_aggregate	0.3277	30_40	O60925	Q99832	Q3T0K2	0.999922	0.999923	-1e-06	0.0	0.005524	0.005222	0.515353	0.499111
SCF:0001897	AC:001631	E1C9K6	P16002	A5Z2K3	6yez-assembly1.cif.gz	11_24	1	2	1	51.556	2.879	PDB_exact_pair_aggregate	0.313	30_40	B8LEQ8	P16002	A5Z2K3	0.003227	0.006824	-0.003597	0.0	0.224119	0.037347	0.497364	0.000448
SCF:0001898	AC:001631	E1C9K6	P16002	P09911	6yez-assembly1.cif.gz	11_24	1	2	1	51.556	3.124	PDB_exact_pair_aggregate	0.3131	30_40	B8LEQ8	P16002	P07839	0.000812	0.006824	-0.006012	0.0	0.729225	0.037347	7.7e-05	0.000448
SCF:0001899	AC:001631	E1C9K6	P16002	P12355	6yez-assembly1.cif.gz	11_24	1	2	1	51.556	1.769	PDB_exact_pair_aggregate	0.2891	20_30	B8LEQ8	P16002	Q9SHE8	0.001134	0.006824	-0.00569	0.0	0.004185	0.037347	0.339671	0.000448
SCF:0001900	AC:001633	Q9FLM8	Q9LQ02	Q9LK40	8xmd-assembly1.cif.gz	11_24	1	4	1	14.039	2.236	same_assembly_bridge	0.2897	20_30	A0A4X1TRS6	Q9LQ02	Q9LK40	0.999941	0.999923	1.8e-05	1.0	0.004484	0.004391	0.536688	0.612689
SCF:0001901	AC:001634	A0ACD6B9M2	A0ACD6B9M4	A0ACD6B9L6	7sa3-assembly1.cif.gz	3_10	1	2	1	17.055	3.219	PDB_exact_pair_aggregate	0.4167	40_50	Q8DIP0	P19054	P12239	0.980782	0.99943	-0.018648	0.0	0.00418	0.004222	0.478366	0.511956
SCF:0001902	AC:001635	A0T0V1	B5YM25	B8C0K4	8zet-assembly1.cif.gz	11_24	1	3	1	29.638	3.5	PDB_exact_pair_aggregate	0.3873	30_40	Q55329	B5YM25	B8C0K4	0.995913	0.999074	-0.003161	0.0	0.006584	0.004264	0.344073	0.012338
SCF:0001903	AC:001635	A0T0V1	B5YM25	B8C2K6	8zet-assembly1.cif.gz	11_24	1	3	1	29.638	3.234	PDB_exact_pair_aggregate	0.3742	30_40	Q55329	B5YM25	B8C2K6	0.99863	0.999074	-0.000444	0.0	0.004478	0.004264	0.065414	0.012338
SCF:0001904	AC:001635	A0T0V1	B5YM25	B8C770	8zet-assembly1.cif.gz	11_24	1	3	1	29.638	3.481	PDB_exact_pair_aggregate	0.3571	30_40	Q55329	B5YM25	B8C770	0.997928	0.999074	-0.001146	0.0	0.004668	0.004264	0.18195	0.012338
SCF:0001905	AC:001636	A0A1B2U0I9	A0A1B2U0C6	A0A1M5L889	9zcd-assembly1.cif.gz	11_24	1	1	0	13.766	2.56	PDB_exact_pair_aggregate	0.3176	30_40	Q839E7	P21472	Q2FW20	0.99994	0.999942	-2e-06	0.0	0.916322	0.620312	0.799768	0.812387
SCF:0001906	AC:001640	Q9LK40	Q9M1J2	O81098	8hyj-assembly1.cif.gz	11_24	1	1	0	22.054	3.62	PDB_exact_pair_aggregate	0.3838	30_40	Q9LK40	Q9M1J2	O81098	0.999896	0.999873	2.3e-05	1.0	0.007199	0.004177	0.65992	0.170481
SCF:0001907	AC:001642	Q96N11	Q9NV88	Q9NVR2	8rbz-assembly1.cif.gz	11_24	1	3	1	44.677	3.062	same_assembly_bridge	0.261	20_30	Q96N11	Q9NV88	Q9NVR2	0.99942	0.969752	0.029668	1.0	0.004174	0.004175	0.429352	0.560889
SCF:0001908	AC:001644	D0FXX2	A0A1C8XRM6	D0FXY3	9gnw-assembly1.cif.gz	11_24	1	4	1	31.339	2.285	PDB_exact_pair_aggregate	0.3289	30_40	P19054	Q8DIQ1	D0VWR7	0.997665	0.991829	0.005836	1.0	0.856027	0.847517	0.414103	0.422369
SCF:0001909	AC:001645	G0RZX8	P0CT46	G0SC21	8pel-assembly1.cif.gz	3_10	1	2	1	14.005	4.284	PDB_exact_pair_aggregate	0.2864	20_30	G0RZX8	P0CT46	G0SC21	0.999799	0.999599	0.0002	1.0	0.004176	0.004176	0.212036	0.537142
SCF:0001910	AC:001645	G0RZX8	P0CT46	G0SCD1	8pel-assembly1.cif.gz	3_10	1	2	1	14.005	2.671	PDB_exact_pair_aggregate	0.2674	20_30	G0RZX8	P0CT46	G0SCD1	0.999646	0.999599	4.7e-05	1.0	0.004175	0.004176	0.136942	0.537142
SCF:0001911	AC:001645	P0CT46	G0RZX8	G0S9A0	8pel-assembly1.cif.gz	3_10	1	2	1	14.005	3.166	PDB_exact_pair_aggregate	0.346	30_40	P0CT46	G0RZX8	G0S9A0	0.999555	0.999599	-4.4e-05	0.0	0.004175	0.004176	0.409218	0.537142
SCF:0001912	AC:001645	P0CT46	G0RZX8	G0S1P1	8pel-assembly1.cif.gz	3_10	1	2	1	14.005	2.604	PDB_exact_pair_aggregate	0.3207	30_40	P0CT46	G0RZX8	G0S1P1	0.999403	0.999599	-0.000196	0.0	0.004174	0.004176	0.399412	0.537142
SCF:0001913	AC:001645	P0CT46	G0RZX8	G0SC21	8pel-assembly1.cif.gz	3_10	1	2	1	14.005	4.027	PDB_exact_pair_aggregate	0.2829	20_30	P0CT46	G0RZX8	G0SC21	0.999771	0.999599	0.000172	1.0	0.004176	0.004176	0.218403	0.537142
SCF:0001914	AC:001646	Q00361	P32876	P07926	6ziq-assembly1.cif.gz	11_24	1	4	1	144.465	3.441	PDB_exact_pair_aggregate	0.7407	ge50	Q00361	Q4VT52	Q4VT52	0.008124	0.010291	-0.002167	0.0	0.031022	0.078272	0.604542	0.609656
SCF:0001915	AC:001650	Q9LTI0	A8MPR5	F4KF14	8xkv-assembly1.cif.gz	11_24	1	2	1	62.001	2.412	PDB_exact_pair_aggregate	0.3554	30_40	Q9LTI0	A8MPR5	F4KF14	0.045446	0.764311	-0.718865	0.0	0.004194	0.004759	0.30651	0.136512
SCF:0001916	AC:001650	Q9LTI0	A8MPR5	Q9SAJ3	8xkv-assembly1.cif.gz	11_24	1	2	1	62.001	2.315	PDB_exact_pair_aggregate	0.3171	30_40	Q9LTI0	A8MPR5	Q9SAJ3	0.526534	0.764311	-0.237777	0.0	0.004188	0.004759	0.256586	0.136512
SCF:0001917	AC:001650	Q9LTI0	A8MPR5	F4J3N2	8xkv-assembly1.cif.gz	11_24	1	2	1	62.001	2.391	PDB_exact_pair_aggregate	0.3077	30_40	Q9LTI0	A8MPR5	F4J3N2	0.001201	0.764311	-0.76311	0.0	0.004181	0.004759	0.352086	0.136512
SCF:0001918	AC:001651	Q9BT78	Q9UBF6	P62877	9eg1-assembly1.cif.gz	11_24	1	1	0	9.185	2.265	PDB_exact_pair_aggregate	0.5269	ge50	Q9BT78	P62877	P62877	0.999902	0.058666	0.941236	1.0	0.79588	0.004207	0.665205	0.445229
SCF:0001919	AC:001651	Q9UBF6	Q9BT78	Q9H9Q2	9eg1-assembly1.cif.gz	11_24	1	1	0	9.185	1.338	PDB_exact_pair_aggregate	0.3505	30_40	P62877	Q9BT78	Q9H9Q2	0.700349	0.058666	0.641683	1.0	0.004179	0.004207	0.612647	0.445229
SCF:0001920	AC:001651	Q9UBF6	Q9BT78	Q9UNS2	9eg1-assembly1.cif.gz	11_24	1	1	0	9.185	2.691	same_assembly_bridge	0.2486	20_30	P62877	Q9BT78	Q9UNS2	0.999352	0.058666	0.940686	1.0	0.497648	0.004207	0.517313	0.445229
SCF:0001921	AC:001652	P14854	P15954	P12074	5z62-assembly1.cif.gz	11_24	1	3	1	32.7	2.288	PDB_exact_pair_aggregate	0.254	20_30	P14854	P15954	P07471	0.999944	0.999925	1.9e-05	1.0	0.026192	0.004196	0.554314	0.609997
SCF:0001922	AC:001653	Q9UZL4	Q9UY20	Q9V1U5	6swd-assembly1.cif.gz	11_24	1	7	1	38.949	3.11	PDB_exact_pair_aggregate	0.2394	20_30	Q9UZL4	Q9UY20	Q9V1U5	0.999623	0.99994	-0.000317	0.0	0.841494	0.492119	0.497253	0.738349
SCF:0001923	AC:001655	O75140	Q9Y2Q5	Q0VGL1	7t3a-assembly1.cif.gz	3_10	1	3	1	25.691	2.581	PDB_exact_pair_aggregate	0.3125	30_40	O75140	Q9Y2Q5	Q0VGL1	0.999757	0.999715	4.2e-05	1.0	0.004181	0.004185	0.587384	0.356599
SCF:0001924	AC:001656	P32613	Q03630	P38334	7e94-assembly1.cif.gz	11_24	1	9	1	22.429	2.842	PDB_exact_pair_aggregate	0.2727	20_30	P32613	Q03630	P38334	0.999499	0.999462	3.7e-05	1.0	0.004177	0.488503	0.721838	0.670162
SCF:0001925	AC:001656	Q03630	P32613	P36149	7e94-assembly1.cif.gz	11_24	1	9	1	22.429	2.056	PDB_exact_pair_aggregate	0.2755	20_30	Q03630	P32613	Q9VSY8	0.999888	0.999462	0.000426	1.0	0.004263	0.488503	0.781674	0.670162
SCF:0001926	AC:001656	Q03630	P32613	P38334	7e94-assembly1.cif.gz	11_24	1	9	1	22.429	2.56	PDB_exact_pair_aggregate	0.2672	20_30	Q03630	P32613	P38334	0.999605	0.999462	0.000143	1.0	0.004178	0.488503	0.782162	0.670162
SCF:0001927	AC:001661	Q75VZ0	Q84Y02	Q75VY7	6jo6-assembly1.cif.gz	11_24	1	9	1	8.186	2.976	PDB_exact_pair_aggregate	0.5556	ge50	Q75VY8	Q84Y02	Q84Y02	0.999929	0.999928	1e-06	1.0	0.101378	0.134108	0.678123	0.723709
SCF:0001928	AC:001661	Q75VZ0	Q84Y02	Q05093	6jo6-assembly1.cif.gz	11_24	1	9	1	8.186	2.635	PDB_exact_pair_aggregate	0.5	ge50	Q75VY8	Q84Y02	Q7DM26	0.999931	0.999928	3e-06	1.0	0.337422	0.134108	0.719298	0.723709
SCF:0001929	AC:001661	Q75VZ0	Q84Y02	Q75VY6	6jo6-assembly1.cif.gz	11_24	1	9	1	8.186	3.298	same_assembly_bridge	0.4837	40_50	Q75VY8	Q84Y02	A0A4V8H000	0.999934	0.999928	6e-06	1.0	0.201917	0.134108	0.693927	0.723709
SCF:0001930	AC:001661	Q84Y02	Q75VZ0	Q75VY6	6jo6-assembly1.cif.gz	11_24	1	9	1	8.186	2.563	same_assembly_bridge	0.5613	ge50	Q84Y02	Q75VY8	A0A4V8H000	0.999937	0.999928	9e-06	1.0	0.089525	0.134108	0.759621	0.723709
SCF:0001931	AC:001661	Q84Y02	Q75VZ0	Q75VY8	6jo6-assembly1.cif.gz	11_24	1	9	1	8.186	4.391	PDB_exact_pair_aggregate	0.5251	ge50	Q84Y02	Q75VY8	Q75VY8	0.999938	0.999928	1e-05	1.0	0.039428	0.134108	0.752458	0.723709
SCF:0001932	AC:001661	Q84Y02	Q75VZ0	Q75VY7	6jo6-assembly1.cif.gz	11_24	1	9	1	8.186	2.383	PDB_exact_pair_aggregate	0.5242	ge50	Q84Y02	Q75VY8	Q84Y02	0.999938	0.999928	1e-05	1.0	0.081877	0.134108	0.701582	0.723709
SCF:0001933	AC:001662	A0A140S919	A0A069QC99	E2RXT0	6spc-assembly1.cif.gz	11_24	1	3	1	37.36	3.06	PDB_exact_pair_aggregate	0.2364	20_30	P80372	A0A069QC99	P21471	0.999949	0.999894	5.5e-05	1.0	0.831248	0.650515	0.800612	0.725091
SCF:0001934	AC:001663	Q12415	Q12308	P32367	8ffz-assembly1.cif.gz	3_10	1	1	0	60.467	2.265	PDB_exact_pair_aggregate	0.3361	30_40	Q12415	Q12308	P32367	9.2e-05	5.7e-05	3.5e-05	1.0	0.004174	0.004175	0.055102	0.104634
SCF:0001935	AC:001667	Q9Y265	Q9Y4R8	Q9H9F9	7ole-assembly1.cif.gz	3_10	1	1	0	30.017	2.56	PDB_exact_pair_aggregate	0.2805	20_30	Q9Y265	Q9Y4R8	Q9H9F9	0.999324	0.999751	-0.000427	0.0	0.329375	0.0887	0.762679	0.77281
SCF:0001936	AC:001669	P40227	P61758	Q9UHV9	6nr9-assembly1.cif.gz	11_24	1	3	1	11.288	2.763	PDB_exact_pair_aggregate	0.2807	20_30	P40227	P61758	Q9UHV9	0.999897	0.998095	0.001802	1.0	0.004295	0.017396	0.270296	0.373927
SCF:0001937	AC:001669	P40227	P61758	O15212	6nr9-assembly1.cif.gz	11_24	1	3	1	11.288	2.306	PDB_exact_pair_aggregate	0.2692	20_30	P40227	P61758	O15212	0.99987	0.998095	0.001775	1.0	0.004188	0.017396	0.665094	0.373927
SCF:0001938	AC:001669	P40227	P61758	Q99471	6nr9-assembly1.cif.gz	11_24	1	3	1	11.288	4.009	same_assembly_bridge	0.219	20_30	P40227	P61758	Q99471	0.999866	0.998095	0.001771	1.0	0.004181	0.017396	0.356407	0.373927
SCF:0001939	AC:001671	Q9UZL4	Q9V1V0	Q9UYS3	6swd-assembly1.cif.gz	11_24	1	7	1	35.649	2.578	PDB_exact_pair_aggregate	0.3263	30_40	Q9UZL4	Q9V1V0	Q9UYS3	0.999726	0.999841	-0.000115	0.0	0.418266	0.885508	0.072164	0.589502
SCF:0001940	AC:001671	Q9V1V0	Q9UZL4	Q9UY20	6swd-assembly1.cif.gz	11_24	1	7	1	35.649	3.152	PDB_exact_pair_aggregate	0.3433	30_40	Q9V1V0	Q9UZL4	Q9UY20	0.999952	0.999841	0.000111	1.0	0.779453	0.885508	0.704198	0.589502
SCF:0001941	AC:001671	Q9V1V0	Q9UZL4	P61994	6swd-assembly1.cif.gz	11_24	1	7	1	35.649	4.049	same_assembly_bridge	0.3377	30_40	Q9V1V0	Q9UZL4	P62266	0.999952	0.999841	0.000111	1.0	0.629104	0.885508	0.745835	0.589502
SCF:0001942	AC:001671	Q9V1V0	Q9UZL4	P62010	6swd-assembly1.cif.gz	11_24	1	7	1	35.649	3.742	PDB_exact_pair_aggregate	0.2184	20_30	Q9V1V0	Q9UZL4	A0A3B6SS17	0.999953	0.999841	0.000112	1.0	0.931962	0.885508	0.812889	0.589502
SCF:0001943	AC:001672	P35718	P29056	P32349	6cnb-assembly1.cif.gz	11_24	1	8	1	9.153	3.475	PDB_exact_pair_aggregate	0.296	20_30	P35718	P29056	P32349	0.99994	0.999161	0.000779	1.0	0.005505	0.007602	0.669738	0.679248
SCF:0001944	AC:001673	P0A800	P0AFW0	P0AFG0	8pid-assembly1.cif.gz	3_10	1	8	1	49.788	2.237	PDB_exact_pair_aggregate	0.3016	30_40	P0A800	P0AFW0	P0AFG0	0.931846	0.980682	-0.048836	0.0	0.004182	0.004178	0.709763	0.31425
SCF:0001945	AC:001675	Q6YXM2	A0A2K1JLZ3	A0A2K1K0C7	6l35-assembly1.cif.gz	11_24	1	1	0	21.095	2.805	PDB_exact_pair_aggregate	0.4954	40_50	Q55329	A0A9R0J8B1	F2D0D5	0.999538	0.998909	0.000629	1.0	0.007463	0.01067	0.663455	0.571921
SCF:0001946	AC:001678	P20504	P68449	P68608	9fq6-assembly1.cif.gz	11_24	1	1	0	28.46	2.202	PDB_exact_pair_aggregate	0.2941	20_30	P20504	P68449	P68608	0.994208	0.994764	-0.000556	0.0	0.004175	0.004176	0.082029	0.572299
SCF:0001947	AC:001678	P68449	P20504	P20979	9fq6-assembly1.cif.gz	11_24	1	1	0	28.46	2.728	same_assembly_bridge	0.2984	20_30	P68449	P20504	P20979	0.011161	0.994764	-0.983603	0.0	0.004177	0.004176	0.61245	0.572299
SCF:0001948	AC:001681	Q96HW7	Q96SY0	P30153	8rc4-assembly1.cif.gz	11_24	1	3	1	26.459	2.332	PDB_exact_pair_aggregate	0.2542	20_30	Q96HW7	Q96SY0	P30153	0.999745	0.964296	0.035449	1.0	0.004182	0.004176	0.584309	0.456757
SCF:0001949	AC:001681	Q96SY0	Q96HW7	Q9NVR2	8rc4-assembly1.cif.gz	11_24	1	3	1	26.459	3.6	same_assembly_bridge	0.2727	20_30	Q96SY0	Q96HW7	Q9NVR2	0.973613	0.964296	0.009317	1.0	0.004175	0.004176	0.73657	0.456757
SCF:0001950	AC:001682	A0T0V1	B8BUW3	B8C770	8xls-assembly1.cif.gz	11_24	1	3	1	16.209	3.481	PDB_exact_pair_aggregate	0.3566	30_40	Q55329	B8BUW3	B8C770	0.997928	0.001602	0.996326	1.0	0.004668	0.004224	0.18195	0.002139
SCF:0001951	AC:001682	A0T0V1	B8BUW3	B8C0K4	8xls-assembly1.cif.gz	11_24	1	3	1	16.209	3.5	PDB_exact_pair_aggregate	0.3468	30_40	Q55329	B8BUW3	B8C0K4	0.995913	0.001602	0.994311	1.0	0.006584	0.004224	0.344073	0.002139
SCF:0001952	AC:001683	E3UIU5	M2Y652	M2VTV2	9kc5-assembly1.cif.gz	11_24	1	1	0	36.867	3.314	PDB_exact_pair_aggregate	0.5048	ge50	E3UIU5	M2VTV2	M2VTV2	0.014023	0.700506	-0.686483	0.0	0.004324	0.004225	0.289751	0.345847
SCF:0001953	AC:001683	E3UIU5	M2Y652	M2X090	9kc5-assembly1.cif.gz	11_24	1	1	0	36.867	2.735	PDB_exact_pair_aggregate	0.466	40_50	E3UIU5	M2VTV2	M2X090	0.029356	0.700506	-0.67115	0.0	0.004176	0.004225	0.032457	0.345847
SCF:0001954	AC:001684	A0A2P6THB2	A0A2P6U4S6	A0A2P6U0J1	6zzx-assembly1.cif.gz	11_24	1	1	0	53.781	2.353	PDB_exact_pair_aggregate	0.4225	40_50	A0A2P6THB2	A0A4V8H007	P14225	0.999556	0.913089	0.086467	1.0	0.025596	0.005241	0.531397	0.175025
SCF:0001955	AC:001685	A0A1B2U0I9	A0A1M6QGN9	A0A1M5L6R0	9zcd-assembly1.cif.gz	11_24	1	8	1	35.18	4.924	PDB_exact_pair_aggregate	0.3654	30_40	Q839E7	A0A1M6QGN9	A0A1M5L6R0	0.999936	0.999943	-7e-06	0.0	0.851947	0.877387	0.761774	0.792307
SCF:0001956	AC:001687	A0A4V8GZZ3	A0A4V8H002	A0A4V8GZZ7	6igz-assembly1.cif.gz	11_24	1	1	0	70.458	2.422	PDB_exact_pair_aggregate	0.441	40_50	Q55329	A0A4V8H004	Q84Y02	0.99958	0.946447	0.053133	1.0	0.005151	0.004387	0.614717	0.487567
SCF:0001957	AC:001690	P17227	E1C9L3	A0A0M3KL11	7dkz-assembly1.cif.gz	11_24	1	9	1	31.477	2.456	PDB_exact_pair_aggregate	0.9136	ge50	E9NPX1	E1C9L3	A0A4V8GZZ4	0.825526	0.992981	-0.167455	0.0	0.004784	0.004199	0.554402	0.311181
SCF:0001958	AC:001690	P17227	E1C9L3	A0A0M3KL10	7dkz-assembly1.cif.gz	11_24	1	9	1	31.477	2.143	PDB_exact_pair_aggregate	0.4	40_50	E9NPX1	E1C9L3	A0A0M3KL10	0.994486	0.992981	0.001505	1.0	0.080624	0.004199	0.627892	0.311181
SCF:0001959	AC:001690	P17227	E1C9L3	A0A0M3KL13	7dkz-assembly1.cif.gz	11_24	1	9	1	31.477	2.546	PDB_exact_pair_aggregate	0.3425	30_40	E9NPX1	E1C9L3	A0A0M3KL13	0.892435	0.992981	-0.100546	0.0	0.004204	0.004199	0.253836	0.311181
SCF:0001960	AC:001691	D5MAL3	E1C9K9	A0A0M3KL10	4rku-assembly1.cif.gz	11_24	1	1	0	39.452	2.469	PDB_exact_pair_aggregate	0.913	ge50	Q55329	E1C9K9	A0A0M3KL10	0.997644	0.99298	0.004664	1.0	0.004372	0.004263	0.579733	0.530784
SCF:0001961	AC:001693	Q96HW7	Q9NVM9	Q9NV88	8rc4-assembly1.cif.gz	11_24	1	3	1	22.17	1.417	PDB_exact_pair_aggregate	0.2943	20_30	Q96HW7	Q9NVM9	Q9NV88	0.99875	0.031412	0.967338	1.0	0.004176	0.004175	0.730348	0.589577
SCF:0001962	AC:001693	Q96HW7	Q9NVM9	Q5TA45	8rc4-assembly1.cif.gz	11_24	1	3	1	22.17	2.524	same_assembly_bridge	0.2656	20_30	Q96HW7	Q9NVM9	Q5TA45	0.985697	0.031412	0.954285	1.0	0.004177	0.004175	0.431319	0.589577
SCF:0001963	AC:001695	C3TRH7	C3SQS2	P0A7W1	9sx2-assembly1.cif.gz	11_24	1	1	0	12.053	2.787	PDB_exact_pair_aggregate	0.25	20_30	P0A7U7	P17291	Q839E7	0.999911	0.99991	1e-06	1.0	0.806557	0.868287	0.342657	0.48646
SCF:0001964	AC:001699	P20429	O35011	O31718	7ckq-assembly1.cif.gz	3_10	1	7	1	11.568	2.157	PDB_exact_pair_aggregate	0.2821	20_30	P20429	O35011	O31718	0.997436	0.415662	0.581774	1.0	0.004178	0.004175	0.722488	0.559844
SCF:0001965	AC:001700	E1C9L3	P05311	A0A0F6NFW5	3lw5-assembly1.cif.gz	11_24	1	3	1	33.043	2.174	PDB_exact_pair_aggregate	0.5181	ge50	E1C9L3	T1RIQ1	A0T0M8	0.977762	0.999081	-0.021319	0.0	0.041723	0.03489	0.056722	0.053689
SCF:0001966	AC:001700	E1C9L3	P05311	P05310	3lw5-assembly1.cif.gz	11_24	1	3	1	33.043	3.623	same_assembly_bridge	0.5143	ge50	E1C9L3	T1RIQ1	A0T0M8	0.977834	0.999081	-0.021247	0.0	0.067896	0.03489	0.054078	0.053689
SCF:0001967	AC:001700	P05311	E1C9L3	A0A0M3KL11	3lw5-assembly1.cif.gz	11_24	1	3	1	33.043	2.68	PDB_exact_pair_aggregate	0.9136	ge50	T1RIQ1	E1C9L3	A0A4V8GZZ4	0.18212	0.999081	-0.816961	0.0	0.20327	0.03489	0.139874	0.053689
SCF:0001968	AC:001700	P05311	E1C9L3	A0A0M3KL10	3lw5-assembly1.cif.gz	11_24	1	3	1	33.043	2.466	PDB_exact_pair_aggregate	0.4	40_50	T1RIQ1	E1C9L3	A0A0M3KL10	0.99723	0.999081	-0.001851	0.0	0.201749	0.03489	0.445475	0.053689
SCF:0001969	AC:001700	P05311	E1C9L3	A0A0M3KL13	3lw5-assembly1.cif.gz	11_24	1	3	1	33.043	2.632	PDB_exact_pair_aggregate	0.3425	30_40	T1RIQ1	E1C9L3	A0A0M3KL13	0.997654	0.999081	-0.001427	0.0	0.046025	0.03489	0.200259	0.053689
SCF:0001970	AC:001703	P56768	Q9SUI5	Q9S7N7	8j6z-assembly1.cif.gz	11_24	1	7	1	34.512	2.289	PDB_exact_pair_aggregate	0.3714	30_40	E9NPX1	A0A4V8GZZ4	B6U534	0.537566	0.97699	-0.439424	0.0	0.004187	0.004194	0.296271	0.537093
SCF:0001971	AC:001705	Q6YXK4	A0A2K1JDE1	A0A2K1JC42	7ksq-assembly1.cif.gz	11_24	1	2	1	34.805	3.064	PDB_exact_pair_aggregate	0.344	30_40	Q6YXK4	B6SQZ7	B6U534	0.999641	0.191654	0.807987	1.0	0.004177	0.004173	0.211068	0.400172
SCF:0001972	AC:001707	A0A2K9VK93	A0A2K9VK99	A0A2K9VK98	9c39-assembly1.cif.gz	11_24	1	1	0	25.024	2.559	same_assembly_bridge	0.2778	20_30	A0A2K9VK93	A0A2K9VK99	A0A2K9VK98	0.024748	0.999423	-0.974675	0.0	0.004177	0.004174	0.531174	0.497991
SCF:0001973	AC:001707	A0A2K9VK99	A0A2K9VK93	A0A2K9VK98	9c39-assembly1.cif.gz	11_24	1	1	0	25.024	2.687	same_assembly_bridge	0.2544	20_30	A0A2K9VK99	A0A2K9VK93	A0A2K9VK98	0.999355	0.999423	-6.8e-05	0.0	0.004176	0.004174	0.169684	0.497991
SCF:0001974	AC:001708	Q93077	Q9Y230	Q71F23	8x1c-assembly1.cif.gz	11_24	1	3	1	73.172	2.339	PDB_exact_pair_aggregate	0.2994	20_30	P0C0S5	Q9Y230	Q71F23	0.998991	0.998772	0.000219	1.0	0.005897	0.806289	0.174417	0.740709
SCF:0001975	AC:001708	Q93077	Q9Y230	P54274	8x1c-assembly1.cif.gz	11_24	1	3	1	73.172	3.553	PDB_exact_pair_aggregate	0.2671	20_30	P0C0S5	Q9Y230	P54274	0.878165	0.998772	-0.120607	0.0	0.004187	0.806289	0.880738	0.740709
SCF:0001976	AC:001708	Q9Y230	Q93077	P04908	8x1c-assembly1.cif.gz	11_24	1	3	1	73.172	2.79	PDB_exact_pair_aggregate	0.9846	ge50	Q9Y230	P0C0S5	P0C0S5	0.999277	0.998772	0.000505	1.0	0.817334	0.806289	0.745535	0.740709
SCF:0001977	AC:001708	Q9Y230	Q93077	P33778	8x1c-assembly1.cif.gz	11_24	1	3	1	73.172	2.922	PDB_exact_pair_aggregate	0.378	30_40	Q9Y230	P0C0S5	O23629	0.994901	0.998772	-0.003871	0.0	0.060222	0.806289	0.754553	0.740709
SCF:0001978	AC:001709	Q9NQT4	Q9Y2L1	Q8TF46	6h25-assembly1.cif.gz	11_24	1	3	1	8.445	2.788	PDB_exact_pair_aggregate	0.4118	40_50	Q9NQT4	Q9Y2L1	Q8TF46	0.999892	0.999758	0.000134	1.0	0.004179	0.004792	0.201471	0.41534
SCF:0001979	AC:001709	Q9NQT4	Q9Y2L1	Q9Y450	6h25-assembly1.cif.gz	11_24	1	3	1	8.445	2.535	PDB_exact_pair_aggregate	0.2413	20_30	Q9NQT4	Q9Y2L1	Q9Y450	0.999446	0.999758	-0.000312	0.0	0.004812	0.004792	0.780418	0.41534
SCF:0001980	AC:001709	Q9Y2L1	Q9NQT4	Q9NPD3	6h25-assembly1.cif.gz	11_24	1	3	1	8.445	2.333	PDB_exact_pair_aggregate	0.3757	30_40	Q9Y2L1	Q9NQT4	Q9NPD3	0.999676	0.999758	-8.2e-05	0.0	0.004187	0.004792	0.597495	0.41534
SCF:0001981	AC:001709	Q9Y2L1	Q9NQT4	Q15024	6h25-assembly1.cif.gz	11_24	1	3	1	8.445	2.164	PDB_exact_pair_aggregate	0.3333	30_40	Q9Y2L1	Q9NQT4	Q15024	0.985096	0.999758	-0.014662	0.0	0.004284	0.004792	0.595793	0.41534
SCF:0001982	AC:001711	O57204	Q76ZS0	Q76ZQ8	6rie-assembly1.cif.gz	3_10	1	1	0	13.988	2.943	PDB_exact_pair_aggregate	0.2941	20_30	P20504	P04310	P68610	0.995777	0.999764	-0.003987	0.0	0.004176	0.004175	0.750869	0.647525
SCF:0001983	AC:001711	Q76ZS0	O57204	Q76ZP7	6rie-assembly1.cif.gz	3_10	1	1	0	13.988	2.382	same_assembly_bridge	0.2914	20_30	P04310	P20504	Q76ZP7	0.999612	0.999764	-0.000152	0.0	0.004175	0.004175	0.102224	0.647525
SCF:0001984	AC:001712	P07839	Q75VY7	P12356	7wzn-assembly1.cif.gz	11_24	1	1	0	10.045	2.994	same_assembly_bridge	0.4129	40_50	P07839	Q84Y02	P12356	0.997973	0.999272	-0.001299	0.0	0.004183	0.96856	0.333441	0.711867
SCF:0001985	AC:001714	Q9UBF6	Q96MG8	Q9UNS2	9oma-assembly1.cif.gz	3_10	1	1	0	57.541	2.691	PDB_exact_pair_aggregate	0.2523	20_30	P62877	Q96MG8	Q9UNS2	0.999352	0.999446	-9.4e-05	0.0	0.497648	0.004684	0.517313	0.095464
SCF:0001986	AC:001717	A0A4V8GZZ8	A0A4V8H003	A0A4V8GZZ2	6igz-assembly1.cif.gz	11_24	1	1	0	46.414	2.217	same_assembly_bridge	0.4963	40_50	I0YPL4	T1RIQ1	A0T0M8	0.999817	0.999527	0.00029	1.0	0.004507	0.00451	0.070199	0.011385
SCF:0001987	AC:001717	A0A4V8H003	A0A4V8GZZ8	A0A4V8H002	6igz-assembly1.cif.gz	11_24	1	1	0	46.414	2.732	PDB_exact_pair_aggregate	0.4554	40_50	T1RIQ1	I0YPL4	A0A4V8H004	0.999732	0.999527	0.000205	1.0	0.004455	0.00451	0.324198	0.011385
SCF:0001988	AC:001717	A0A4V8H003	A0A4V8GZZ8	A0A4V8GZZ9	6igz-assembly1.cif.gz	11_24	1	1	0	46.414	3.074	PDB_exact_pair_aggregate	0.4397	40_50	T1RIQ1	I0YPL4	A0A4V8GZZ9	0.999773	0.999527	0.000246	1.0	0.117418	0.00451	0.435397	0.011385
SCF:0001989	AC:001717	A0A4V8H003	A0A4V8GZZ8	A0A4V8H004	6igz-assembly1.cif.gz	11_24	1	1	0	46.414	3.206	PDB_exact_pair_aggregate	0.399	30_40	T1RIQ1	I0YPL4	A0A4V8H004	0.999784	0.999527	0.000257	1.0	0.024463	0.00451	0.363347	0.011385
SCF:0001990	AC:001718	A0A2P6TZ50	A0A2P6U4K1	A0A2P6TQ14	6zzy-assembly1.cif.gz	11_24	1	3	1	44.391	4.975	PDB_exact_pair_aggregate	0.5	ge50	Q84Y02	Q75VY8	A0A2P6TQ14	0.999931	0.999931	0.0	0.5	0.047222	0.202469	0.802433	0.76203
SCF:0001991	AC:001718	A0A2P6TZ50	A0A2P6U4K1	A0A2P6TT36	6zzy-assembly1.cif.gz	11_24	1	3	1	44.391	2.408	PDB_exact_pair_aggregate	0.4757	40_50	Q84Y02	Q75VY8	Q7DM26	0.999912	0.999931	-1.9e-05	0.0	0.240604	0.202469	0.717152	0.76203
SCF:0001992	AC:001718	A0A2P6TZ50	A0A2P6U4K1	A0A2P6TS63	6zzy-assembly1.cif.gz	11_24	1	3	1	44.391	2.369	same_assembly_bridge	0.4575	40_50	Q84Y02	Q75VY8	Q84Y02	0.999905	0.999931	-2.6e-05	0.0	0.014119	0.202469	0.647852	0.76203
SCF:0001993	AC:001718	A0A2P6U4K1	A0A2P6TZ50	A0A2P6TS63	6zzy-assembly1.cif.gz	11_24	1	3	1	44.391	5.906	same_assembly_bridge	0.5207	ge50	Q75VY8	Q84Y02	Q84Y02	0.99992	0.999931	-1.1e-05	0.0	0.04325	0.202469	0.688996	0.76203
SCF:0001994	AC:001718	A0A2P6U4K1	A0A2P6TZ50	A0A2P6TPR7	6zzy-assembly1.cif.gz	11_24	1	3	1	44.391	2.049	PDB_exact_pair_aggregate	0.482	40_50	Q75VY8	Q84Y02	A0A4V8H000	0.999923	0.999931	-8e-06	0.0	0.006873	0.202469	0.839364	0.76203
SCF:0001995	AC:001719	Q22A67	I7MHB1	Q22MV2	7k58-assembly1.cif.gz	11_24	1	7	1	29.499	1.183	PDB_exact_pair_aggregate	0.2887	20_30	Q22A67	I7MHB1	Q22MV2	0.000639	0.023027	-0.022388	0.0				
SCF:0001996	AC:001720	Q9TM22	O19882	O19927	4yuu-assembly2.cif.gz	11_24	1	1	0	27.383	2.848	PDB_exact_pair_aggregate	0.25	20_30	P32974	P12240	O19927	0.395831	0.179876	0.215955	1.0	0.004192	0.004174	0.514112	0.495288
SCF:0001997	AC:001722	P12154	Q75VY7	Q75VY4	6ijj-assembly1.cif.gz	11_24	1	15	1	11.677	3.688	PDB_exact_pair_aggregate	0.5556	ge50	A0T0M8	Q84Y02	Q84Y02	0.997928	0.997989	-6.1e-05	0.0	0.118741	0.024979	0.433841	0.361398
SCF:0001998	AC:001722	P12154	Q75VY7	Q05093	6ijj-assembly1.cif.gz	11_24	1	15	1	11.677	2.559	PDB_exact_pair_aggregate	0.5343	ge50	A0T0M8	Q84Y02	Q7DM26	0.999022	0.997989	0.001033	1.0	0.098145	0.024979	0.26666	0.361398
SCF:0001999	AC:001728	Q6YXQ2	A0A2K1JLZ3	A9RT62	6l35-assembly1.cif.gz	11_24	1	1	0	38.15	3.554	PDB_exact_pair_aggregate	0.5174	ge50	A0A4V8H005	A0A9R0J8B1	A9RT62	0.005324	0.000185	0.005139	1.0	0.004217	0.004316	0.001904	0.033471
SCF:0002000	AC:001728	Q6YXQ2	A0A2K1JLZ3	A0A2K1JKF2	6l35-assembly1.cif.gz	11_24	1	1	0	38.15	2.419	PDB_exact_pair_aggregate	0.3292	30_40	A0A4V8H005	A0A9R0J8B1	A5Z2K3	0.040573	0.000185	0.040388	1.0	0.020435	0.004316	0.000173	0.033471
SCF:0002001	AC:001731	P02293	Q12509	P53298	9b1e-assembly1.cif.gz	11_24	1	7	1	54.4	2.541	PDB_exact_pair_aggregate	0.2933	20_30	O23629	Q12509	P53298	0.998478	0.016379	0.982099	1.0	0.004183	0.004182	0.298099	0.303849
SCF:0002002	AC:001731	Q12509	P02293	P61830	9b1e-assembly1.cif.gz	11_24	1	7	1	54.4	2.674	PDB_exact_pair_aggregate	0.25	20_30	Q12509	O23629	P02299	0.995349	0.016379	0.97897	1.0	0.004179	0.004182	0.295827	0.303849
SCF:0002003	AC:001732	A0QS96	A0R550	A0QSG2	6dzk-assembly1.cif.gz	11_24	1	7	1	17.157	3.462	PDB_exact_pair_aggregate	0.4915	40_50	P21472	P0AG59	P62656	0.999932	0.9999	3.2e-05	1.0	0.456843	0.685434	0.816321	0.703703
SCF:0002004	AC:001732	A0R550	A0QS96	A0QSG5	6dzk-assembly1.cif.gz	11_24	1	7	1	17.157	2.48	PDB_exact_pair_aggregate	0.3676	30_40	P0AG59	P21472	Q2FW22	0.999857	0.9999	-4.3e-05	0.0	0.723776	0.685434	0.85202	0.703703
SCF:0002005	AC:001732	A0R550	A0QS96	A0QSP9	6dzk-assembly1.cif.gz	11_24	1	7	1	17.157	2.712	PDB_exact_pair_aggregate	0.297	20_30	P0AG59	P21472	A0QSP9	0.9999	0.9999	0.0	0.5	0.791629	0.685434	0.343923	0.703703
SCF:0002006	AC:001733	P37256	A0A2K3DWM2	A8I846	8kde-assembly1.cif.gz	11_24	1	1	0	9.413	2.567	PDB_exact_pair_aggregate	0.3043	30_40	O19927	A0A2K3DWM2	A8I846	0.740271	0.998306	-0.258035	0.0	0.004213	0.004183	0.21028	0.452981
SCF:0002007	AC:001735	A0A2K1IB10	A0A2K1KN29	A0A2K1K0C7	6l35-assembly1.cif.gz	11_24	1	1	0	42.144	2.968	same_assembly_bridge	0.4803	40_50	A0A2K1IB10	Q84Y02	F2D0D5	0.9999	0.999862	3.8e-05	1.0	0.066867	0.018707	0.697509	0.672233
SCF:0002008	AC:001735	A0A2K1IB10	A0A2K1KN29	A9RT62	6l35-assembly1.cif.gz	11_24	1	1	0	42.144	2.637	PDB_exact_pair_aggregate	0.4615	40_50	A0A2K1IB10	Q84Y02	A9RT62	0.999861	0.999862	-1e-06	0.0	0.004812	0.018707	0.722298	0.672233
SCF:0002009	AC:001735	A0A2K1IB10	A0A2K1KN29	A0A2K1KKR9	6l35-assembly1.cif.gz	11_24	1	1	0	42.144	3.274	PDB_exact_pair_aggregate	0.4188	40_50	A0A2K1IB10	Q84Y02	A0A2K1KKR9	0.999793	0.999862	-6.9e-05	0.0	0.005884	0.018707	0.644562	0.672233
SCF:0002010	AC:001735	A0A2K1KN29	A0A2K1IB10	A0A2K1JLZ3	6l35-assembly1.cif.gz	11_24	1	1	0	42.144	3.166	PDB_exact_pair_aggregate	0.4513	40_50	Q84Y02	A0A2K1IB10	A0A9R0J8B1	0.999927	0.999862	6.5e-05	1.0	0.1015	0.018707	0.652175	0.672233
SCF:0002011	AC:001735	A0A2K1KN29	A0A2K1IB10	A0A2K1K0C7	6l35-assembly1.cif.gz	11_24	1	1	0	42.144	3.315	same_assembly_bridge	0.4488	40_50	Q84Y02	A0A2K1IB10	F2D0D5	0.999936	0.999862	7.4e-05	1.0	0.063288	0.018707	0.674746	0.672233
SCF:0002012	AC:001738	Q8CJT1	Q9L0Q9	Q9L0I8	8jke-assembly1.cif.gz	11_24	1	2	1	18.188	2.21	PDB_exact_pair_aggregate	0.3636	30_40	P37871	Q9L0Q9	Q9L0I8	0.000164	0.512256	-0.512092	0.0	0.004187	0.107743	0.134289	0.677276
SCF:0002013	AC:001740	P04439	P07766	P01732	7phr-assembly1.cif.gz	11_24	1	1	0	42.552	2.53	PDB_exact_pair_aggregate	0.3525	30_40	Q861F7	P07766	P01732	0.9993	0.999616	-0.000316	0.0	0.105622	0.014508	0.592546	0.427253
SCF:0002014	AC:001740	P04439	P07766	P68979	7phr-assembly1.cif.gz	11_24	1	1	0	42.552	2.612	PDB_exact_pair_aggregate	0.2615	20_30	Q861F7	P07766	P68979	0.867544	0.999616	-0.132072	0.0	0.00487	0.014508	0.078813	0.427253
SCF:0002015	AC:001740	P04439	P07766	P09713	7phr-assembly1.cif.gz	11_24	1	1	0	42.552	2.654	PDB_exact_pair_aggregate	0.25	20_30	Q861F7	P07766	P09713	0.003745	0.999616	-0.995871	0.0	0.004185	0.014508	0.113009	0.427253
SCF:0002016	AC:001740	P07766	P04439	P0DTU4	7phr-assembly1.cif.gz	11_24	1	1	0	42.552	2.292	PDB_exact_pair_aggregate	0.3286	30_40	P07766	Q861F7	K7N5M4	0.998854	0.999616	-0.000762	0.0	0.004225	0.014508	0.528966	0.427253
SCF:0002017	AC:001742	P00165	P00289	P00166	9tgg-assembly1.cif.gz	11_24	1	1	0	34.596	2.395	PDB_exact_pair_aggregate	0.3483	30_40	P0A384	P16002	P00166	0.999911	0.993812	0.006099	1.0	0.005277	0.009243	0.394036	0.066783
SCF:0002018	AC:001743	A0A2K3DM81	A0A2K3DLI2	A0A2K3DQ46	8xks-assembly1.cif.gz	11_24	1	1	0	9.312	2.73	PDB_exact_pair_aggregate	0.3816	30_40	A0A2K3DM81	A0A2K3DLI2	A0A2K3DQ46	0.006523	0.000319	0.006204	1.0	0.005997	0.004194	0.166584	0.091254
SCF:0002019	AC:001744	A8HUP3	A0A2K3CRM9	A0A2K3DLF7	8xks-assembly1.cif.gz	11_24	1	1	0	40.097	2.352	PDB_exact_pair_aggregate	0.2796	20_30	A8HUP3	A0A2K3CRM9	A0A2K3DLF7	0.158195	0.001204	0.156991	1.0	0.004182	0.004176	0.257097	0.059503
SCF:0002020	AC:001746	A0A7S3R4R1	A0A7S3VHS4	A0A7S3VSS7	9mgz-assembly1.cif.gz	11_24	1	1	0	39.713	2.863	same_assembly_bridge	0.5118	ge50	Q84Y02	Q7DM26	Q84Y02	0.999931	0.999922	9e-06	1.0	0.011441	0.011743	0.74884	0.6653
SCF:0002021	AC:001746	A0A7S3VHS4	A0A7S3R4R1	A0A7S3VSS7	9mgz-assembly1.cif.gz	11_24	1	1	0	39.713	2.452	same_assembly_bridge	0.5411	ge50	Q7DM26	Q84Y02	Q84Y02	0.999929	0.999922	7e-06	1.0	0.038397	0.011743	0.691365	0.6653
SCF:0002022	AC:001747	Q9SUI4	Q9SYW8	Q9SHR7	7wfe-assembly1.cif.gz	11_24	1	1	0	63.388	2.392	PDB_exact_pair_aggregate	0.4375	40_50	A8IL32	F2D0D5	A9RT62	0.999684	0.999319	0.000365	1.0	0.930703	0.622573	0.600299	0.667146
SCF:0002023	AC:001747	Q9SUI4	Q9SYW8	Q9SA56	7wfe-assembly1.cif.gz	11_24	1	1	0	63.388	2.624	PDB_exact_pair_aggregate	0.2701	20_30	A8IL32	F2D0D5	A5Z2K3	0.962344	0.999319	-0.036975	0.0	0.983761	0.622573	0.651855	0.667146
SCF:0002024	AC:001747	Q9SYW8	Q9SUI4	Q9C639	7wfe-assembly1.cif.gz	11_24	1	1	0	63.388	2.348	PDB_exact_pair_aggregate	0.2868	20_30	F2D0D5	A8IL32	Q84Y02	0.999936	0.999319	0.000617	1.0	0.067292	0.622573	0.689914	0.667146
SCF:0002025	AC:001749	A0A4V8H005	A0A4V8GZZ8	A0A4V8GZZ9	6igz-assembly1.cif.gz	11_24	1	1	0	44.308	2.655	PDB_exact_pair_aggregate	0.4397	40_50	A0A4V8H005	I0YPL4	A0A4V8GZZ9	0.002379	0.00039	0.001989	1.0	0.166885	0.004215	0.071026	0.000773
SCF:0002026	AC:001749	A0A4V8H005	A0A4V8GZZ8	A0A4V8H001	6igz-assembly1.cif.gz	11_24	1	1	0	44.308	4.298	PDB_exact_pair_aggregate	0.4222	40_50	A0A4V8H005	I0YPL4	Q75VY8	0.004709	0.00039	0.004319	1.0	0.004486	0.004215	0.095903	0.000773
SCF:0002027	AC:001749	A0A4V8H005	A0A4V8GZZ8	A0A4V8H006	6igz-assembly1.cif.gz	11_24	1	1	0	44.308	2.302	PDB_exact_pair_aggregate	0.3494	30_40	A0A4V8H005	I0YPL4	A5Z2K3	0.000976	0.00039	0.000586	1.0	0.004258	0.004215	0.257901	0.000773
SCF:0002028	AC:001752	P09144	Q75VY7	Q7DM26	8h2u-assembly1.cif.gz	11_24	1	15	1	19.717	2.856	PDB_exact_pair_aggregate	0.5464	ge50	T1RIQ1	Q84Y02	Q7DM26	0.999849	0.999408	0.000441	1.0	0.130391	0.030699	0.322241	0.234053
SCF:0002029	AC:001752	P09144	Q75VY7	Q05093	8h2u-assembly1.cif.gz	11_24	1	15	1	19.717	2.496	PDB_exact_pair_aggregate	0.5343	ge50	T1RIQ1	Q84Y02	Q7DM26	0.999525	0.999408	0.000117	1.0	0.11193	0.030699	0.337955	0.234053
SCF:0002030	AC:001752	P09144	Q75VY7	A8ITV3	8h2u-assembly1.cif.gz	11_24	1	15	1	19.717	2.208	PDB_exact_pair_aggregate	0.4844	40_50	T1RIQ1	Q84Y02	A8ITV3	0.999742	0.999408	0.000334	1.0	0.005322	0.030699	0.035674	0.234053
SCF:0002031	AC:001754	A0A0G4GX71	A0A0G4HNB1	A0A0G4I0G6	9hyu-assembly1.cif.gz	11_24	1	1	0	68.968	2.589	PDB_exact_pair_aggregate	0.3681	30_40	A0A0G4GX71	A0A0G4HNB1	A0A0G4I0G6	0.996853	0.997704	-0.000851	0.0	0.005007	0.004281	0.245886	0.479396
SCF:0002032	AC:001754	A0A0G4GX71	A0A0G4HNB1	A0A0G4FDJ8	9hyu-assembly1.cif.gz	11_24	1	1	0	68.968	3.457	PDB_exact_pair_aggregate	0.3534	30_40	A0A0G4GX71	A0A0G4HNB1	A0A0G4FDJ8	0.997664	0.997704	-4e-05	0.0	0.004209	0.004281	0.303041	0.479396
SCF:0002033	AC:001755	D0CD10	D0CD19	D0CG36	6ytf-assembly1.cif.gz	3_10	1	2	1	16.266	3.255	PDB_exact_pair_aggregate	0.3582	30_40	P0AG59	B7IA17	C3SRY2	0.999912	0.999944	-3.2e-05	0.0	0.578825	0.690705	0.000177	0.088815
SCF:0002034	AC:001758	P9WPS1	P9WPV3	P9WPU7	8j0s-assembly1.cif.gz	11_24	1	3	1	11.334	2.767	same_assembly_bridge	0.3134	30_40	P9WPS1	P9WPV3	P9WPU7	0.999703	0.99708	0.002623	1.0	0.961613	0.01667	0.699817	0.279464
SCF:0002035	AC:001758	P9WPS1	P9WPV3	P9WPU9	8j0s-assembly1.cif.gz	11_24	1	3	1	11.334	2.843	PDB_exact_pair_aggregate	0.3231	30_40	P9WPS1	P9WPV3	P9WPU9	0.999259	0.99708	0.002179	1.0	0.103991	0.01667	0.613359	0.279464
SCF:0002036	AC:001759	Q7Z4G1	Q9UBI1	Q9P000	8p0w-assembly1.cif.gz	11_24	1	3	1	17.637	2.92	PDB_exact_pair_aggregate	0.34	30_40	Q7Z4G1	Q9UBI1	Q9P000	0.999787	0.999871	-8.4e-05	0.0	0.004232	0.004177	0.456579	0.550638
SCF:0002037	AC:001759	Q7Z4G1	Q9UBI1	Q86VX2	8p0w-assembly1.cif.gz	11_24	1	3	1	17.637	4.06	PDB_exact_pair_aggregate	0.2782	20_30	Q7Z4G1	Q9UBI1	Q86VX2	0.999892	0.999871	2.1e-05	1.0	0.004176	0.004177	0.596766	0.550638
SCF:0002038	AC:001759	Q7Z4G1	Q9UBI1	Q9H0A8	8p0w-assembly1.cif.gz	11_24	1	3	1	17.637	2.382	PDB_exact_pair_aggregate	0.2695	20_30	Q7Z4G1	Q9UBI1	Q9H0A8	0.999889	0.999871	1.8e-05	1.0	0.004175	0.004177	0.498313	0.550638
SCF:0002039	AC:001760	P68449	P21087	P20980	9fq6-assembly1.cif.gz	11_24	1	1	0	76.014	2.407	PDB_exact_pair_aggregate	0.234	20_30	P68449	P21087	P20980	0.975011	0.979024	-0.004013	0.0	0.004175	0.004175	0.361187	0.485283
SCF:0002040	AC:001761	E9NPS8	I0YQ44	I0YP76	9kqq-assembly1.cif.gz	11_24	1	1	0	29.213	3.12	PDB_exact_pair_aggregate	0.4675	40_50	T1RIQ1	Q84Y02	A0A4V8H004	0.998384	0.99952	-0.001136	0.0	0.027703	0.116643	0.15395	0.432145
SCF:0002041	AC:001761	E9NPS8	I0YQ44	I0YP72	9kqq-assembly1.cif.gz	11_24	1	1	0	29.213	2.709	PDB_exact_pair_aggregate	0.4631	40_50	T1RIQ1	Q84Y02	A8ITV3	0.999688	0.99952	0.000168	1.0	0.025876	0.116643	0.508271	0.432145
SCF:0002042	AC:001763	P83794	P83796	P83795	1vf5-assembly1.cif.gz	11_24	1	9	1	18.686	1.867	PDB_exact_pair_aggregate	0.2857	20_30	Q93SX0	P0A3Y1	P83795	0.846201	0.995793	-0.149592	0.0	0.007922	0.006003	0.265465	0.436492
SCF:0002043	AC:001764	A8IFG7	Q75VZ0	Q75VY7	6jo6-assembly1.cif.gz	11_24	1	13	1	38.966	5.969	same_assembly_bridge	0.5242	ge50	A8IFG7	Q75VY8	Q84Y02	0.997642	0.999049	-0.001407	0.0	0.004338	0.00453	0.084379	0.259956
SCF:0002044	AC:001764	A8IFG7	Q75VZ0	A8ITV3	6jo6-assembly1.cif.gz	11_24	1	13	1	38.966	3.19	PDB_exact_pair_aggregate	0.5115	ge50	A8IFG7	Q75VY8	A8ITV3	0.999456	0.999049	0.000407	1.0	0.004195	0.00453	0.118268	0.259956
SCF:0002045	AC:001764	A8IFG7	Q75VZ0	Q84Y02	6jo6-assembly1.cif.gz	11_24	1	13	1	38.966	2.748	PDB_exact_pair_aggregate	0.4651	40_50	A8IFG7	Q75VY8	Q84Y02	0.998225	0.999049	-0.000824	0.0	0.004345	0.00453	0.068569	0.259956
SCF:0002046	AC:001765	G0S9A0	G0S1P1	G0S755	8r1o-assembly1.cif.gz	3_10	1	2	1	19.014	4.326	PDB_exact_pair_aggregate	0.3491	30_40	G0S9A0	G0S1P1	G0S755	0.999851	0.999493	0.000358	1.0	0.015996	0.004174	0.597818	0.100275
SCF:0002047	AC:001765	G0S9A0	G0S1P1	G0RZG4	8r1o-assembly1.cif.gz	3_10	1	2	1	19.014	2.67	PDB_exact_pair_aggregate	0.3566	30_40	G0S9A0	G0S1P1	G0RZG4	0.997584	0.999493	-0.001909	0.0	0.004342	0.004174	0.201533	0.100275
SCF:0002048	AC:001765	G0S9A0	G0S1P1	G0RZX8	8r1o-assembly1.cif.gz	3_10	1	2	1	19.014	2.833	PDB_exact_pair_aggregate	0.3207	30_40	G0S9A0	G0S1P1	G0RZX8	0.996179	0.999493	-0.003314	0.0	0.004175	0.004174	0.449724	0.100275
SCF:0002049	AC:001767	P80377	Q5SJH3	Q5SLQ0	1ibk-assembly1.cif.gz	11_24	1	408	1	17.292	3.257	same_assembly_bridge	0.3333	30_40	B7IA17	Q5SJH3	P62659	0.999902	0.999935	-3.3e-05	0.0	0.740004	0.760387	0.756051	0.006563
SCF:0002050	AC:001767	P80377	Q5SJH3	Q5SHP6	1ibk-assembly1.cif.gz	11_24	1	408	1	17.292	2.465	PDB_exact_pair_aggregate	0.2857	20_30	B7IA17	Q5SJH3	Q5SHP6	0.999934	0.999935	-1e-06	0.0	0.004345	0.760387	3.4e-05	0.006563
SCF:0002051	AC:001767	Q5SJH3	P80377	Q5SHN3	1ibk-assembly1.cif.gz	11_24	1	408	1	17.292	2.29	PDB_exact_pair_aggregate	0.2941	20_30	Q5SJH3	B7IA17	P21472	0.999938	0.999935	3e-06	1.0	0.053236	0.760387	0.849412	0.006563
SCF:0002052	AC:001767	Q5SJH3	P80377	P17291	1ibk-assembly1.cif.gz	11_24	1	408	1	17.292	3.026	PDB_exact_pair_aggregate	0.29	20_30	Q5SJH3	B7IA17	P17291	0.999933	0.999935	-2e-06	0.0	0.333703	0.760387	4.1e-05	0.006563
SCF:0002053	AC:001768	P12357	Q41385	Q01667	2wsf-assembly1.cif.gz	11_24	1	5	1	9.667	3.01	PDB_exact_pair_aggregate	0.3788	30_40	B6U534	A8IL32	A0A9R0J8B1	0.99809	0.997646	0.000444	1.0	0.004586	0.021865	0.572822	0.505325
SCF:0002054	AC:001768	P12357	Q41385	A0A9R0J8B1	2wsf-assembly1.cif.gz	11_24	1	5	1	9.667	3.03	PDB_exact_pair_aggregate	0.3357	30_40	B6U534	A8IL32	A0A9R0J8B1	0.998421	0.997646	0.000775	1.0	0.004935	0.021865	0.577993	0.505325
SCF:0002055	AC:001769	P02309	P32480	P54784	8ghn-assembly1.cif.gz	11_24	1	1	0	34.926	2.679	PDB_exact_pair_aggregate	0.3004	30_40	P62805	P32480	P54784	0.999874	0.999792	8.2e-05	1.0	0.291133	0.004186	0.630942	0.056379
SCF:0002056	AC:001769	P02309	P32480	Q12748	8ghn-assembly1.cif.gz	11_24	1	1	0	34.926	3.148	PDB_exact_pair_aggregate	0.2952	20_30	P62805	P32480	Q12748	0.999905	0.999792	0.000113	1.0	0.004183	0.004186	0.499466	0.056379
SCF:0002057	AC:001770	Q13352	Q9H3R5	Q6IPU0	7xhn-assembly1.cif.gz	11_24	1	3	1	8.731	2.697	PDB_exact_pair_aggregate	0.2662	20_30	Q13352	Q9H3R5	Q6IPU0	0.999916	0.999607	0.000309	1.0	0.004174	0.004194	0.321378	0.748389
SCF:0002058	AC:001770	Q9H3R5	Q13352	Q9BS16	7xhn-assembly1.cif.gz	11_24	1	3	1	8.731	2.232	PDB_exact_pair_aggregate	0.3072	30_40	Q9H3R5	Q13352	Q9BS16	0.999936	0.999607	0.000329	1.0	0.004181	0.004194	0.363276	0.748389
SCF:0002059	AC:001772	A4VE64	Q24CE5	I7MCM8	6zyw-assembly1.cif.gz	11_24	1	1	0	45.939	2.666	PDB_exact_pair_aggregate	0.2346	20_30	Q1HFW2	Q24CE5	Q1HFX0	0.999791	0.999845	-5.4e-05	0.0	0.392073	0.91298	0.37633	0.598142
SCF:0002060	AC:001772	Q24CE5	A4VE64	W7XJB1	6zyw-assembly1.cif.gz	11_24	1	1	0	45.939	2.285	PDB_exact_pair_aggregate	0.3659	30_40	Q24CE5	Q1HFW2	W7XJB1	0.999582	0.999845	-0.000263	0.0	0.004194	0.91298	0.49611	0.598142
SCF:0002061	AC:001772	Q24CE5	A4VE64	Q24DI9	6zyw-assembly1.cif.gz	11_24	1	1	0	45.939	3.042	PDB_exact_pair_aggregate	0.3625	30_40	Q24CE5	Q1HFW2	Q24DI9	0.999881	0.999845	3.6e-05	1.0	0.004794	0.91298	0.170194	0.598142
SCF:0002062	AC:001773	Q389F5	Q381A0	Q389W4	8fn4-assembly1.cif.gz	3_10	1	2	1	33.561	2.285	PDB_exact_pair_aggregate	0.2924	20_30	Q389F5	Q381A0	Q389W4	0.000319	0.000275	4.4e-05	1.0	0.004175	0.004174	0.177192	0.126815
SCF:0002063	AC:001773	Q389F5	Q381A0	Q57ZX7	8fn4-assembly1.cif.gz	3_10	1	2	1	33.561	2.263	PDB_exact_pair_aggregate	0.2755	20_30	Q389F5	Q381A0	Q57ZX7	0.000114	0.000275	-0.000161	0.0	0.004175	0.004174	0.433944	0.126815
SCF:0002064	AC:001774	Q9NQP4	P48643	P50991	6nrd-assembly1.cif.gz	11_24	1	3	1	86.729	2.812	same_assembly_bridge	0.4028	40_50	Q9NQP4	P48643	P50991	0.999905	0.99991	-5e-06	0.0	0.004445	0.004278	0.791117	0.560339
SCF:0002065	AC:001775	G2TRJ4	O74824	O74544	8fw5-assembly1.cif.gz	3_10	1	1	0	16.102	3.3	PDB_exact_pair_aggregate	0.3037	30_40	G2TRJ4	O74824	O74544	0.704034	0.999482	-0.295448	0.0	0.004179	0.004177	0.437604	3.4e-05
SCF:0002066	AC:001780	Q8U0M5	Q8U4N1	Q8U216	8p2i-assembly1.cif.gz	11_24	1	4	1	26.372	2.467	PDB_exact_pair_aggregate	0.275	20_30	B8YB54	Q5JE88	Q5JI52	0.998948	0.99277	0.006178	1.0	0.00418	0.038572	0.499189	0.498973
SCF:0002067	AC:001781	P36121	P41910	P32910	6tut-assembly1.cif.gz	11_24	1	1	0	27.301	2.347	PDB_exact_pair_aggregate	0.2723	20_30	P36121	P41910	P32910	0.999919	0.999089	0.00083	1.0	0.004176	0.007981	0.758038	0.227655
SCF:0002068	AC:001781	P36121	P41910	P25441	6tut-assembly1.cif.gz	11_24	1	1	0	27.301	1.732	PDB_exact_pair_aggregate	0.243	20_30	P36121	P41910	P25441	0.999866	0.999089	0.000777	1.0	0.284129	0.007981	0.700347	0.227655
SCF:0002069	AC:001783	Q9SN86	F4J3N2	Q9SAJ3	8xku-assembly1.cif.gz	11_24	1	2	1	15.306	2.408	PDB_exact_pair_aggregate	0.3038	30_40	Q9SN86	F4J3N2	Q9SAJ3	0.00821	0.001877	0.006333	1.0	0.004684	0.004179	0.014827	0.083998
SCF:0002070	AC:001785	P38801	Q12277	P38792	6fsz-assembly1.cif.gz	11_24	1	4	1	30.059	3.065	same_assembly_bridge	0.3478	30_40	P38801	Q12277	P38792	0.651726	0.999654	-0.347928	0.0	0.00418	0.004179	0.491771	0.499188
SCF:0002071	AC:001785	Q12277	P38801	P53256	6fsz-assembly1.cif.gz	11_24	1	4	1	30.059	2.338	PDB_exact_pair_aggregate	0.2966	20_30	Q12277	P38801	P53256	0.999708	0.999654	5.4e-05	1.0	0.004176	0.004179	0.528192	0.499188
SCF:0002072	AC:001785	Q12277	P38801	P53725	6fsz-assembly1.cif.gz	11_24	1	4	1	30.059	2.978	PDB_exact_pair_aggregate	0.2681	20_30	Q12277	P38801	P53725	0.552077	0.999654	-0.447577	0.0	0.004177	0.004179	0.250162	0.499188
SCF:0002073	AC:001786	P07703	P41910	Q01080	6tut-assembly1.cif.gz	11_24	1	1	0	40.898	2.441	PDB_exact_pair_aggregate	0.2894	20_30	P07703	P41910	Q01080	0.999937	0.011365	0.988572	1.0	0.004176	0.004175	0.40819	0.040325
SCF:0002074	AC:001786	P07703	P41910	Q04712	6tut-assembly1.cif.gz	11_24	1	1	0	40.898	3.005	PDB_exact_pair_aggregate	0.2519	20_30	P07703	P41910	Q04712	0.996114	0.011365	0.984749	1.0	0.004186	0.004175	0.196356	0.040325
SCF:0002075	AC:001786	P41910	P07703	P32910	6tut-assembly1.cif.gz	11_24	1	1	0	40.898	2.446	PDB_exact_pair_aggregate	0.2717	20_30	P41910	P07703	P32910	0.996713	0.011365	0.985348	1.0	0.004174	0.004175	0.63131	0.040325
SCF:0002076	AC:001788	Q9S7N7	Q9SA56	Q9SUI7	7wfd-assembly1.cif.gz	11_24	1	8	1	8.724	2.457	PDB_exact_pair_aggregate	0.3091	30_40	B6U534	A5Z2K3	A0A2K1JDR4	0.998725	0.295257	0.703468	1.0	0.426901	0.550401	0.546177	0.353403
SCF:0002077	AC:001791	Q9BT73	P25787	P25786	8tm3-assembly1.cif.gz	11_24	1	2	1	12.414	3.139	PDB_exact_pair_aggregate	0.3462	30_40	Q9BT73	P25787	P25786	0.999679	0.999925	-0.000246	0.0	0.004181	0.004199	0.257993	0.332713
SCF:0002078	AC:001791	Q9BT73	P25787	P25788	8tm3-assembly1.cif.gz	11_24	1	2	1	12.414	2.685	same_assembly_bridge	0.3349	30_40	Q9BT73	P25787	P25788	0.999803	0.999925	-0.000122	0.0	0.138228	0.004199	0.496315	0.332713
SCF:0002079	AC:001791	Q9BT73	P25787	P28066	8tm3-assembly1.cif.gz	11_24	1	2	1	12.414	2.66	PDB_exact_pair_aggregate	0.3333	30_40	Q9BT73	P25787	P28066	0.999865	0.999925	-6e-05	0.0	0.138366	0.004199	0.332921	0.332713
SCF:0002080	AC:001792	Q9C567	A8MPR5	F4J3N2	8xku-assembly1.cif.gz	11_24	1	2	1	108.902	2.278	PDB_exact_pair_aggregate	0.3077	30_40	Q9C567	A8MPR5	F4J3N2	0.000265	6.2e-05	0.000203	1.0	0.004175	0.004176	0.17536	0.043908
SCF:0002081	AC:001795	P58565	Q8YQ35	A0ACD6B989	7y3f-assembly1.cif.gz	11_24	1	1	0	54.682	2.816	PDB_exact_pair_aggregate	0.586	ge50	T1RIQ1	Q55274	A0ACD6B989	0.99944	0.999713	-0.000273	0.0	0.015654	0.036075	0.638619	0.566717
SCF:0002082	AC:001795	Q8YQ35	P58565	P58576	7y3f-assembly1.cif.gz	11_24	1	1	0	54.682	3.899	same_assembly_bridge	0.4927	40_50	Q55274	T1RIQ1	A0T0M8	0.999271	0.999713	-0.000442	0.0	0.025964	0.036075	0.514764	0.566717
SCF:0002083	AC:001796	Q8MFA2	A0A2K1KN29	A0A2K1JLZ3	6l35-assembly1.cif.gz	11_24	1	1	0	21.656	3.573	PDB_exact_pair_aggregate	0.446	40_50	T1RIQ1	Q84Y02	A0A9R0J8B1	0.999778	0.99829	0.001488	1.0	0.214707	0.049833	0.452264	0.4909
SCF:0002084	AC:001796	Q8MFA2	A0A2K1KN29	A0A2K1IB10	6l35-assembly1.cif.gz	11_24	1	1	0	21.656	3.704	PDB_exact_pair_aggregate	0.428	40_50	T1RIQ1	Q84Y02	A0A2K1IB10	0.999494	0.99829	0.001204	1.0	0.080021	0.049833	0.419295	0.4909
SCF:0002085	AC:001796	Q8MFA2	A0A2K1KN29	A0A2K1KIF2	6l35-assembly1.cif.gz	11_24	1	1	0	21.656	2.423	PDB_exact_pair_aggregate	0.311	30_40	T1RIQ1	Q84Y02	A8IL32	0.350167	0.99829	-0.648123	0.0	0.03343	0.049833	0.284805	0.4909
SCF:0002086	AC:001797	E9NPX1	I0Z2Y0	I0YQ44	9kqq-assembly1.cif.gz	11_24	1	2	1	36.988	3.698	same_assembly_bridge	0.5247	ge50	E9NPX1	Q75VY8	Q84Y02	0.284747	0.144812	0.139935	1.0	0.006112	0.004568	0.581799	0.623093
SCF:0002087	AC:001797	E9NPX1	I0Z2Y0	I0YQ46	9kqq-assembly1.cif.gz	11_24	1	2	1	36.988	3.267	PDB_exact_pair_aggregate	0.5045	ge50	E9NPX1	Q75VY8	Q84Y02	0.999716	0.144812	0.854904	1.0	0.004367	0.004568	0.616995	0.623093
SCF:0002088	AC:001797	E9NPX1	I0Z2Y0	I0Z7V3	9kqq-assembly1.cif.gz	11_24	1	2	1	36.988	2.651	PDB_exact_pair_aggregate	0.3388	30_40	E9NPX1	Q75VY8	P12356	0.007872	0.144812	-0.13694	0.0	0.0042	0.004568	0.313753	0.623093
SCF:0002089	AC:001799	P38826	P30665	P53091	6wgg-assembly1.cif.gz	11_24	1	3	1	21.476	2.218	PDB_exact_pair_aggregate	0.3807	30_40	P38826	P30665	P53091	0.570143	0.577537	-0.007394	0.0	0.004321	0.004177	0.604186	0.60429
SCF:0002090	AC:001799	P38826	P30665	P29469	6wgg-assembly1.cif.gz	11_24	1	3	1	21.476	2.707	PDB_exact_pair_aggregate	0.3662	30_40	P38826	P30665	P29469	0.245617	0.577537	-0.33192	0.0	0.011567	0.004177	0.655265	0.60429
SCF:0002091	AC:001799	P38826	P30665	P29496	6wgg-assembly1.cif.gz	11_24	1	3	1	21.476	2.881	PDB_exact_pair_aggregate	0.3535	30_40	P38826	P30665	P29496	0.302599	0.577537	-0.274938	0.0	0.004176	0.004177	0.582659	0.60429
SCF:0002092	AC:001800	P34160	Q00916	Q08920	6n7p-assembly1.cif.gz	11_24	1	1	0	16.572	3.277	same_assembly_bridge	0.257	20_30	P34160	Q00916	Q08920	0.998215	0.999252	-0.001037	0.0	0.010824	0.024365	0.669774	0.686228
SCF:0002093	AC:001801	B8YB60	B8YB58	B8YB65	2waq-assembly1.cif.gz	11_24	1	5	1	20.232	2.481	PDB_exact_pair_aggregate	0.2167	20_30	B8YB60	Q7LXK4	Q980B8	0.186123	0.656509	-0.470386	0.0	0.004211	0.004214	0.371101	0.747462
SCF:0002094	AC:001802	P20248	Q9UJX4	Q13042	6q6g-assembly1.cif.gz	11_24	1	2	1	34.583	2.624	same_assembly_bridge	0.2967	20_30	P20248	Q9UJX4	Q13042	0.995693	0.999125	-0.003432	0.0	0.004621	0.004175	0.651421	0.690772
SCF:0002095	AC:001802	P20248	Q9UJX4	P30260	6q6g-assembly1.cif.gz	11_24	1	2	1	34.583	2.398	PDB_exact_pair_aggregate	0.2903	20_30	P20248	Q9UJX4	P30260	0.997924	0.999125	-0.001201	0.0	0.004175	0.004175	0.64635	0.690772
SCF:0002096	AC:001802	P20248	Q9UJX4	P28749	6q6g-assembly1.cif.gz	11_24	1	2	1	34.583	2.567	PDB_exact_pair_aggregate	0.2762	20_30	P20248	Q9UJX4	P28749	0.996356	0.999125	-0.002769	0.0	0.004174	0.004175	0.681842	0.690772
SCF:0002097	AC:001804	G0S8E0	G0S3J8	G0S292	6xp5-assembly1.cif.gz	11_24	1	1	0	64.936	3.149	PDB_exact_pair_aggregate	0.3077	30_40	G0S8E0	G0S3J8	G0S292	0.999734	0.999941	-0.000207	0.0	0.004195	0.004181	0.204068	0.112902
SCF:0002098	AC:001805	Q95695	P26288	A0A1B1W4Z4	7wff-assembly1.cif.gz	11_24	1	1	0	24.473	2.801	same_assembly_bridge	0.299	20_30	Q95695	P26288	A0A1B1W4Z4	0.998925	0.999605	-0.00068	0.0	0.004206	0.004178	0.053791	0.165806
SCF:0002099	AC:001805	Q95695	P26288	P56752	7wff-assembly1.cif.gz	11_24	1	1	0	24.473	4.503	PDB_exact_pair_aggregate	0.2975	20_30	Q95695	P26288	P56752	0.998728	0.999605	-0.000877	0.0	0.004185	0.004178	0.348593	0.165806
SCF:0002100	AC:001806	Q3T084	Q3T0K2	Q2T9X2	9kcf-assembly1.cif.gz	11_24	1	1	0	19.449	2.85	PDB_exact_pair_aggregate	0.3525	30_40	P40227	Q3T0K2	P50991	0.999776	0.99989	-0.000114	0.0	0.875897	0.922904	0.364096	0.380698
SCF:0002101	AC:001806	Q3T084	Q3T0K2	Q32L40	9kcf-assembly1.cif.gz	11_24	1	1	0	19.449	2.42	PDB_exact_pair_aggregate	0.3518	30_40	P40227	Q3T0K2	Q32L40	0.999868	0.99989	-2.2e-05	0.0	0.845945	0.922904	0.327385	0.380698
SCF:0002102	AC:001806	Q3T084	Q3T0K2	Q3MHL7	9kcf-assembly1.cif.gz	11_24	1	1	0	19.449	2.657	PDB_exact_pair_aggregate	0.32	30_40	P40227	Q3T0K2	P40227	0.999896	0.99989	6e-06	1.0	0.684072	0.922904	0.337337	0.380698
SCF:0002103	AC:001806	Q3T0K2	Q3T084	Q3MHL7	9kcf-assembly1.cif.gz	11_24	1	1	0	19.449	2.364	PDB_exact_pair_aggregate	0.8682	ge50	Q3T0K2	P40227	P40227	0.999891	0.99989	1e-06	1.0	0.877264	0.922904	0.374117	0.380698
SCF:0002104	AC:001806	Q3T0K2	Q3T084	Q2T9X2	9kcf-assembly1.cif.gz	11_24	1	1	0	19.449	2.427	PDB_exact_pair_aggregate	0.3224	30_40	Q3T0K2	P40227	P50991	0.999865	0.99989	-2.5e-05	0.0	0.91092	0.922904	0.396154	0.380698
SCF:0002105	AC:001806	Q3T0K2	Q3T084	Q32L40	9kcf-assembly1.cif.gz	11_24	1	1	0	19.449	2.404	PDB_exact_pair_aggregate	0.3046	30_40	Q3T0K2	P40227	Q32L40	0.999902	0.99989	1.2e-05	1.0	0.86315	0.922904	0.363775	0.380698
SCF:0002106	AC:001807	Q6NLH0	Q9M1A8	Q9FJ98	7eu1-assembly1.cif.gz	11_24	1	6	1	17.16	4.857	PDB_exact_pair_aggregate	0.37	30_40	P36954	Q9M1A8	A0A4X1VEK9	0.999841	0.999934	-9.3e-05	0.0	0.495966	0.004343	0.73204	0.75031
SCF:0002107	AC:001811	G0RZG4	G0S755	G0SC21	8pel-assembly1.cif.gz	3_10	1	2	1	8.195	2.755	same_assembly_bridge	0.291	20_30	G0RZG4	G0S755	G0SC21	0.999693	0.999175	0.000518	1.0	0.00418	0.004175	0.499636	0.200206
SCF:0002108	AC:001811	G0RZG4	G0S755	G0SE33	8pel-assembly1.cif.gz	3_10	1	2	1	8.195	2.878	PDB_exact_pair_aggregate	0.2733	20_30	G0RZG4	G0S755	G0SE33	0.999645	0.999175	0.00047	1.0	0.00848	0.004175	0.224005	0.200206
SCF:0002109	AC:001811	G0S755	G0RZG4	G0S1P1	8pel-assembly1.cif.gz	3_10	1	2	1	8.195	2.547	PDB_exact_pair_aggregate	0.3566	30_40	G0S755	G0RZG4	G0S1P1	0.999334	0.999175	0.000159	1.0	0.004175	0.004175	0.119266	0.200206
SCF:0002110	AC:001814	A8IL21	A8J353	A8INX1	7ekq-assembly1.cif.gz	11_24	1	2	1	43.12	2.307	PDB_exact_pair_aggregate	0.3	30_40	A8IL21	A8J353	A8INX1	0.999922	0.000411	0.999511	1.0	0.783718	0.004178	0.669093	0.417408
SCF:0002111	AC:001814	A8IL21	A8J353	A8IS47	7ekq-assembly1.cif.gz	11_24	1	2	1	43.12	2.78	PDB_exact_pair_aggregate	0.2576	20_30	A8IL21	A8J353	A8IS47	0.999901	0.000411	0.99949	1.0	0.829607	0.004178	0.70038	0.417408
SCF:0002112	AC:001814	A8IL21	A8J353	A8IJ60	7ekq-assembly1.cif.gz	11_24	1	2	1	43.12	2.199	PDB_exact_pair_aggregate	0.2474	20_30	A8IL21	A8J353	A8IJ60	0.999913	0.000411	0.999502	1.0	0.93146	0.004178	0.768349	0.417408
SCF:0002113	AC:001814	A8J353	A8IL21	A8INX1	7ekq-assembly1.cif.gz	11_24	1	2	1	43.12	4.185	PDB_exact_pair_aggregate	0.3675	30_40	A8J353	A8IL21	A8INX1	0.000557	0.000411	0.000146	1.0	0.004175	0.004178	0.490563	0.417408
SCF:0002114	AC:001814	A8J353	A8IL21	A8IH07	7ekq-assembly1.cif.gz	11_24	1	2	1	43.12	2.355	same_assembly_bridge	0.3641	30_40	A8J353	A8IL21	A8IH07	0.00015	0.000411	-0.000261	0.0	0.004179	0.004178	0.14551	0.417408
SCF:0002115	AC:001815	Q2FKZ2	Q2FKZ4	Q2FME3	7bkb-assembly1.cif.gz	11_24	1	2	1	26.41	2.852	PDB_exact_pair_aggregate	0.3282	30_40	Q2FKZ2	Q2FKZ4	Q2FME3	0.686728	0.997776	-0.311048	0.0	0.004339	0.004312	0.02157	0.036359
SCF:0002116	AC:001816	A8MPR5	Q9SAJ3	F4KF14	8xkv-assembly1.cif.gz	11_24	1	2	1	10.095	2.36	same_assembly_bridge	0.3339	30_40	A8MPR5	Q9SAJ3	F4KF14	0.998689	0.019971	0.978718	1.0	0.010455	0.015626	0.632964	0.590284
SCF:0002117	AC:001816	A8MPR5	Q9SAJ3	O22993	8xkv-assembly1.cif.gz	11_24	1	2	1	10.095	2.323	PDB_exact_pair_aggregate	0.3284	30_40	A8MPR5	Q9SAJ3	O22993	0.792844	0.019971	0.772873	1.0	0.007136	0.015626	0.679662	0.590284
SCF:0002118	AC:001816	Q9SAJ3	A8MPR5	F4KF14	8xkv-assembly1.cif.gz	11_24	1	2	1	10.095	2.326	same_assembly_bridge	0.3554	30_40	Q9SAJ3	A8MPR5	F4KF14	0.092261	0.019971	0.07229	1.0	0.006075	0.015626	0.70846	0.590284
SCF:0002119	AC:001817	A4VEB3	A4VE64	Q1HFW0	6zyw-assembly1.cif.gz	11_24	1	1	0	40.822	4.544	PDB_exact_pair_aggregate	0.3953	30_40	A4VEB3	Q1HFW2	Q24CE5	0.999667	0.998984	0.000683	1.0	0.441555	0.421275	0.001856	0.066384
SCF:0002120	AC:001817	A4VEB3	A4VE64	W7XJB1	6zyw-assembly1.cif.gz	11_24	1	1	0	40.822	3.172	PDB_exact_pair_aggregate	0.3659	30_40	A4VEB3	Q1HFW2	W7XJB1	0.996317	0.998984	-0.002667	0.0	0.004175	0.421275	0.497	0.066384
SCF:0002121	AC:001818	P28000	P32349	P36070	8bws-assembly1.cif.gz	11_24	1	24	1	64.044	2.828	PDB_exact_pair_aggregate	0.2612	20_30	P28000	P32349	P36070	0.01983	0.999852	-0.980022	0.0	0.006864	0.004181	0.577372	0.723143
SCF:0002122	AC:001819	Q1HFX4	Q1HGH8	Q22R86	7k5b-assembly1.cif.gz	11_24	1	2	1	13.787	3.409	same_assembly_bridge	0.2763	20_30	Q1HFX4	Q1HGH8	Q22R86	0.001271	0.003528	-0.002257	0.0	0.004192	0.00418	0.497825	0.498132
SCF:0002123	AC:001820	P56767	Q9SY97	Q01667	7wfd-assembly1.cif.gz	11_24	1	3	1	44.341	3.297	PDB_exact_pair_aggregate	0.4475	40_50	T1RIQ1	A0A2K1IB10	A0A9R0J8B1	0.99946	0.999613	-0.000153	0.0	0.228762	0.155967	0.459443	0.476955
SCF:0002124	AC:001820	P56767	Q9SY97	Q9SHE8	7wfd-assembly1.cif.gz	11_24	1	3	1	44.341	2.209	PDB_exact_pair_aggregate	0.3023	30_40	T1RIQ1	A0A2K1IB10	Q9SHE8	0.998045	0.999613	-0.001568	0.0	0.044136	0.155967	0.024363	0.476955
SCF:0002125	AC:001820	Q9SY97	P56767	P05310	7wfd-assembly1.cif.gz	11_24	1	3	1	44.341	2.648	PDB_exact_pair_aggregate	0.521	ge50	A0A2K1IB10	T1RIQ1	A0T0M8	0.999767	0.999613	0.000154	1.0	0.129567	0.155967	0.486905	0.476955
SCF:0002126	AC:001820	Q9SY97	P56767	P56766	7wfd-assembly1.cif.gz	11_24	1	3	1	44.341	2.943	same_assembly_bridge	0.5142	ge50	A0A2K1IB10	T1RIQ1	A0T0M8	0.999759	0.999613	0.000146	1.0	0.090429	0.155967	0.472477	0.476955
SCF:0002127	AC:001821	Q1HFX4	Q1HFV9	Q1HFW2	7k5b-assembly1.cif.gz	11_24	1	2	1	11.207	1.231	PDB_exact_pair_aggregate	0.3625	30_40	Q1HFX4	Q24DI9	Q1HFW2	0.003331	0.009952	-0.006621	0.0	0.004191	0.004187	0.664764	0.331697
SCF:0002128	AC:001821	Q1HFX4	Q1HFV9	W7XJB1	7k5b-assembly1.cif.gz	11_24	1	2	1	11.207	3.41	PDB_exact_pair_aggregate	0.32	30_40	Q1HFX4	Q24DI9	W7XJB1	0.00038	0.009952	-0.009572	0.0	0.004182	0.004187	0.49785	0.331697
SCF:0002129	AC:001825	A0A0G4GX86	A0A0G4FL36	A0A0G4HMN0	9hyu-assembly1.cif.gz	11_24	1	1	0	38.61	2.404	PDB_exact_pair_aggregate	0.4278	40_50	A0A0G4GX86	A0A0G4FL36	A0A0G4HMN0	0.999806	0.999431	0.000375	1.0	0.004249	0.004245	0.345722	0.620987
SCF:0002130	AC:001825	A0A0G4GX86	A0A0G4FL36	A0A0G4HNB1	9hyu-assembly1.cif.gz	11_24	1	1	0	38.61	2.763	PDB_exact_pair_aggregate	0.3613	30_40	A0A0G4GX86	A0A0G4FL36	A0A0G4HNB1	0.999824	0.999431	0.000393	1.0	0.004192	0.004245	0.450149	0.620987
SCF:0002131	AC:001827	Q9H0A8	Q9Y6G5	Q86X83	8f2u-assembly1.cif.gz	11_24	1	3	1	19.92	2.506	PDB_exact_pair_aggregate	0.292	20_30	Q9H0A8	Q9Y6G5	Q86X83	0.999918	0.999797	0.000121	1.0	0.004174	0.004178	0.75195	0.782945
SCF:0002132	AC:001827	Q9H0A8	Q9Y6G5	Q9NX08	8f2u-assembly1.cif.gz	11_24	1	3	1	19.92	2.376	PDB_exact_pair_aggregate	0.2836	20_30	Q9H0A8	Q9Y6G5	Q9NX08	0.999913	0.999797	0.000116	1.0	0.004175	0.004178	0.742831	0.782945
SCF:0002133	AC:001827	Q9H0A8	Q9Y6G5	Q9UBI1	8f2u-assembly1.cif.gz	11_24	1	3	1	19.92	2.62	PDB_exact_pair_aggregate	0.25	20_30	Q9H0A8	Q9Y6G5	Q9UBI1	0.999807	0.999797	1e-05	1.0	0.004175	0.004178	0.71248	0.782945
SCF:0002134	AC:001827	Q9Y6G5	Q9H0A8	Q9P000	8f2u-assembly1.cif.gz	11_24	1	3	1	19.92	2.59	PDB_exact_pair_aggregate	0.3007	30_40	Q9Y6G5	Q9H0A8	Q9P000	0.999633	0.999797	-0.000164	0.0	0.004185	0.004178	0.734473	0.782945
SCF:0002135	AC:001827	Q9Y6G5	Q9H0A8	Q9GZQ3	8f2u-assembly1.cif.gz	11_24	1	3	1	19.92	2.281	PDB_exact_pair_aggregate	0.2866	20_30	Q9Y6G5	Q9H0A8	Q9GZQ3	0.999774	0.999797	-2.3e-05	0.0	0.00418	0.004178	0.775315	0.782945
SCF:0002136	AC:001827	Q9Y6G5	Q9H0A8	Q9UBI1	8f2u-assembly1.cif.gz	11_24	1	3	1	19.92	2.227	PDB_exact_pair_aggregate	0.2695	20_30	Q9Y6G5	Q9H0A8	Q9UBI1	0.999718	0.999797	-7.9e-05	0.0	0.004178	0.004178	0.782795	0.782945
SCF:0002137	AC:001828	A8J3C3	A8IJ60	A8IL21	7ekq-assembly1.cif.gz	11_24	1	1	0	19.72	3.25	PDB_exact_pair_aggregate	0.5265	ge50	A8J3C3	A8IJ60	A8IL21	0.584602	0.592457	-0.007855	0.0	0.880486	0.771648	0.120635	0.164882
SCF:0002138	AC:001828	A8J3C3	A8IJ60	A8INX1	7ekq-assembly1.cif.gz	11_24	1	1	0	19.72	2.781	PDB_exact_pair_aggregate	0.3667	30_40	A8J3C3	A8IJ60	A8INX1	0.198229	0.592457	-0.394228	0.0	0.616379	0.771648	0.246568	0.164882
SCF:0002139	AC:001830	Q9Y230	Q9Y4R8	Q9H9F9	7ole-assembly1.cif.gz	3_10	1	1	0	25.373	2.724	PDB_exact_pair_aggregate	0.2805	20_30	Q9Y230	Q9Y4R8	Q9H9F9	0.948628	0.956265	-0.007637	0.0	0.044801	0.030728	0.794201	0.753256
SCF:0002140	AC:001832	P49368	Q13885	P07437	7nvn-assembly1.cif.gz	11_24	1	1	0	26.916	2.289	PDB_exact_pair_aggregate	0.955	ge50	Q3T0K2	P07437	P07437	0.999791	0.992402	0.007389	1.0	0.915387	0.912391	0.797075	0.788875
SCF:0002141	AC:001832	P49368	Q13885	P50991	7nvn-assembly1.cif.gz	11_24	1	1	0	26.916	2.107	PDB_exact_pair_aggregate	0.2465	20_30	Q3T0K2	P07437	P50991	0.999868	0.992402	0.007466	1.0	0.939568	0.912391	0.393086	0.788875
SCF:0002142	AC:001832	Q13885	P49368	P48643	7nvn-assembly1.cif.gz	11_24	1	1	0	26.916	2.699	PDB_exact_pair_aggregate	0.3541	30_40	P07437	Q3T0K2	P48643	0.987965	0.992402	-0.004437	0.0	0.477131	0.912391	0.770681	0.788875
SCF:0002143	AC:001832	Q13885	P49368	P17987	7nvn-assembly1.cif.gz	11_24	1	1	0	26.916	2.841	PDB_exact_pair_aggregate	0.3454	30_40	P07437	Q3T0K2	Q32L40	0.99481	0.992402	0.002408	1.0	0.318303	0.912391	0.779743	0.788875
SCF:0002144	AC:001833	A0A2K1J0L9	A0A2K1K0C7	A0A2K1K0E4	6l35-assembly1.cif.gz	11_24	1	2	1	8.986	2.292	PDB_exact_pair_aggregate	0.7444	ge50	Q9SHE8	F2D0D5	F2D0D5	0.99918	0.99946	-0.00028	0.0	0.183108	0.153252	0.663022	0.546209
SCF:0002145	AC:001833	A0A2K1J0L9	A0A2K1K0C7	A0A2K1KN29	6l35-assembly1.cif.gz	11_24	1	2	1	8.986	3.456	same_assembly_bridge	0.4803	40_50	Q9SHE8	F2D0D5	Q84Y02	0.996164	0.99946	-0.003296	0.0	0.004272	0.153252	0.631273	0.546209
SCF:0002146	AC:001833	A0A2K1K0C7	A0A2K1J0L9	A0A2K1K0E4	6l35-assembly1.cif.gz	11_24	1	2	1	8.986	3.091	PDB_exact_pair_aggregate	0.3036	30_40	F2D0D5	Q9SHE8	F2D0D5	0.999935	0.99946	0.000475	1.0	0.0646	0.153252	0.679543	0.546209
SCF:0002147	AC:001836	E1C9L1	A0A0H2UKZ4	A0A0M3KL12	4rku-assembly1.cif.gz	11_24	1	1	0	51.637	2.142	PDB_exact_pair_aggregate	1.0	ge50	E1C9L1	A0A0H2UKZ4	A0A0H2UKZ4	0.997272	0.476966	0.520306	1.0	0.073359	0.126174	0.456691	0.527176
SCF:0002148	AC:001838	B6SQZ7	O65101	A0A1D6HY75	5zji-assembly1.cif.gz	11_24	1	1	0	26.643	2.796	same_assembly_bridge	0.3377	30_40	B6SQZ7	A0A2K1JDR4	A0A1D6HY75	0.046858	0.997521	-0.950663	0.0	0.830147	0.969537	0.133462	0.538024
SCF:0002149	AC:001839	Q8DMA1	Q8DMR6	Q8DKF5	6tjv-assembly1.cif.gz	11_24	1	1	0	55.991	6.693	same_assembly_bridge	0.3081	30_40	Q8DMA1	Q8DMR6	Q8DKF5	0.000109	0.001645	-0.001536	0.0	0.004231	0.004206	0.029323	0.056235
SCF:0002150	AC:001841	O60566	Q13042	Q9UJX2	5khu-assembly1.cif.gz	11_24	1	3	1	15.575	3.798	PDB_exact_pair_aggregate	0.2809	20_30	O60566	Q13042	Q9UJX2	0.999657	0.999541	0.000116	1.0	0.004195	0.004177	0.371829	0.375051
SCF:0002151	AC:001841	O60566	Q13042	Q12834	5khu-assembly1.cif.gz	11_24	1	3	1	15.575	2.239	PDB_exact_pair_aggregate	0.2719	20_30	O60566	Q13042	Q12834	0.999572	0.999541	3.1e-05	1.0	0.004176	0.004177	0.635449	0.375051
SCF:0002152	AC:001841	Q13042	O60566	Q9UJX6	5khu-assembly1.cif.gz	11_24	1	3	1	15.575	2.292	PDB_exact_pair_aggregate	0.2763	20_30	Q13042	O60566	Q9UJX6	0.998582	0.999541	-0.000959	0.0	0.008711	0.004177	0.373391	0.375051
SCF:0002153	AC:001844	A0T0V0	B8BUW3	B8C770	8zet-assembly1.cif.gz	11_24	1	3	1	21.936	2.664	same_assembly_bridge	0.3566	30_40	A0A0H2UKZ4	B8BUW3	B8C770	0.997797	0.003991	0.993806	1.0	0.006472	0.004472	0.35366	0.055806
SCF:0002154	AC:001844	A0T0V0	B8BUW3	B8C0K4	8zet-assembly1.cif.gz	11_24	1	3	1	21.936	2.672	PDB_exact_pair_aggregate	0.3468	30_40	A0A0H2UKZ4	B8BUW3	B8C0K4	0.993638	0.003991	0.989647	1.0	0.006279	0.004472	0.655615	0.055806
SCF:0002155	AC:001848	P22224	P89102	P32855	5yfp-assembly1.cif.gz	3_10	1	2	1	19.698	3.354	PDB_exact_pair_aggregate	0.3176	30_40	P22224	P89102	P32855	0.999758	0.998739	0.001019	1.0	0.004174	0.004174	0.35169	0.427547
SCF:0002156	AC:001848	P22224	P89102	P38261	5yfp-assembly1.cif.gz	3_10	1	2	1	19.698	2.546	same_assembly_bridge	0.2945	20_30	P22224	P89102	P38261	0.003933	0.998739	-0.994806	0.0	0.004175	0.004174	0.539283	0.427547
SCF:0002157	AC:001848	P89102	P22224	P33332	5yfp-assembly1.cif.gz	3_10	1	2	1	19.698	2.334	PDB_exact_pair_aggregate	0.2966	20_30	P89102	P22224	P33332	0.000625	0.998739	-0.998114	0.0	0.004176	0.004174	0.663734	0.427547
SCF:0002158	AC:001848	P89102	P22224	P32855	5yfp-assembly1.cif.gz	3_10	1	2	1	19.698	2.863	PDB_exact_pair_aggregate	0.2961	20_30	P89102	P22224	P32855	0.999199	0.998739	0.00046	1.0	0.004174	0.004174	0.350239	0.427547
SCF:0002159	AC:001848	P89102	P22224	P32844	5yfp-assembly1.cif.gz	3_10	1	2	1	19.698	2.783	PDB_exact_pair_aggregate	0.2834	20_30	P89102	P22224	P32844	0.997522	0.998739	-0.001217	0.0	0.004174	0.004174	0.315131	0.427547
SCF:0002160	AC:001851	A0A2K3CY83	A0A2K3DHV6	A8HUP3	8xks-assembly1.cif.gz	11_24	1	3	1	47.448	3.64	PDB_exact_pair_aggregate	0.3212	30_40	A0A2K3CY83	A0A2K3DHV6	A8HUP3	0.000393	0.00015	0.000243	1.0	0.004179	0.004182	0.015069	0.029733
SCF:0002161	AC:001856	P04038	Q01321	P62894	9w2z-assembly1.cif.gz	11_24	1	1	0	16.716	2.731	PDB_exact_pair_aggregate	0.3704	30_40	P04038	O00483	P62894	0.998484	0.999897	-0.001413	0.0	0.412178	0.099699	0.650025	0.651508
SCF:0002162	AC:001857	I7MHB1	Q22R86	Q1HFV9	7k58-assembly1.cif.gz	11_24	1	6	1	9.067	2.444	same_assembly_bridge	0.3594	30_40	I7MHB1	Q22R86	Q24DI9	0.0076	0.000567	0.007033	1.0	0.004175	0.004263	0.328712	0.000871
SCF:0002163	AC:001857	I7MHB1	Q22R86	W7XJB1	7k58-assembly1.cif.gz	11_24	1	6	1	9.067	3.052	PDB_exact_pair_aggregate	0.284	20_30	I7MHB1	Q22R86	W7XJB1	0.295628	0.000567	0.295061	1.0	0.004175	0.004263	0.209659	0.000871
SCF:0002164	AC:001860	Q06265	P42285	Q15477	6d6r-assembly1.cif.gz	11_24	1	2	1	17.091	2.623	PDB_exact_pair_aggregate	0.4011	40_50	Q06265	P42285	Q15477	0.00187	0.998396	-0.996526	0.0	0.004181	0.005622	0.599697	0.640108
SCF:0002165	AC:001860	Q06265	P42285	Q8TF46	6d6r-assembly1.cif.gz	11_24	1	2	1	17.091	2.485	PDB_exact_pair_aggregate	0.2716	20_30	Q06265	P42285	Q8TF46	0.999843	0.998396	0.001447	1.0	0.004176	0.005622	0.610258	0.640108
SCF:0002166	AC:001860	Q06265	P42285	Q9Y450	6d6r-assembly1.cif.gz	11_24	1	2	1	17.091	3.039	PDB_exact_pair_aggregate	0.2486	20_30	Q06265	P42285	Q9Y450	0.993876	0.998396	-0.00452	0.0	0.004394	0.005622	0.789733	0.640108
SCF:0002167	AC:001861	P14867	P34903	P47869	9ctp-assembly1.cif.gz	3_10	1	1	0	8.015	2.962	PDB_exact_pair_aggregate	0.7754	ge50	P34903	P34903	P34903	0.999915	0.999867	4.8e-05	1.0	0.007041	0.015531	0.69322	0.708009
SCF:0002168	AC:001861	P14867	P34903	P18507	9ctp-assembly1.cif.gz	3_10	1	1	0	8.015	1.966	PDB_exact_pair_aggregate	0.5024	ge50	P34903	P34903	P18507	0.999893	0.999867	2.6e-05	1.0	0.015347	0.015531	0.706736	0.708009
SCF:0002169	AC:001861	P14867	P34903	P18505	9ctp-assembly1.cif.gz	3_10	1	1	0	8.015	2.533	PDB_exact_pair_aggregate	0.3966	30_40	P34903	P34903	P47870	0.999893	0.999867	2.6e-05	1.0	0.016655	0.015531	0.726572	0.708009
SCF:0002170	AC:001861	P34903	P14867	P18507	9ctp-assembly1.cif.gz	3_10	1	1	0	8.015	2.6	PDB_exact_pair_aggregate	0.5048	ge50	P34903	P34903	P18507	0.999894	0.999867	2.7e-05	1.0	0.010974	0.015531	0.666381	0.708009
SCF:0002171	AC:001861	P34903	P14867	P47870	9ctp-assembly1.cif.gz	3_10	1	1	0	8.015	1.904	same_assembly_bridge	0.4082	40_50	P34903	P34903	P47870	0.999896	0.999867	2.9e-05	1.0	0.007911	0.015531	0.659838	0.708009
SCF:0002172	AC:001867	Q980R2	Q7LXK4	Q980Q9	2pmz-assembly1.cif.gz	11_24	1	2	1	10.044	2.615	PDB_exact_pair_aggregate	0.3968	30_40	Q980R2	Q7LXK4	B8YB60	0.988802	0.999103	-0.010301	0.0	0.380685	0.004193	0.743739	0.797847
SCF:0002173	AC:001869	O00762	Q9UJX4	P30260	5a31-assembly1.cif.gz	11_24	1	7	1	19.117	3.439	PDB_exact_pair_aggregate	0.2903	20_30	O00762	Q9UJX4	P30260	0.999137	0.998084	0.001053	1.0	0.004186	0.983126	0.179604	0.734944
SCF:0002174	AC:001872	Q03660	Q03630	P38334	7ea3-assembly1.cif.gz	11_24	1	9	1	15.754	2.216	PDB_exact_pair_aggregate	0.2727	20_30	Q03660	Q03630	P38334	0.999731	0.999344	0.000387	1.0	0.004175	0.004178	0.554169	0.583256
SCF:0002175	AC:001876	B7IA26	B7IA17	V5VBA5	7m4u-assembly1.cif.gz	11_24	1	18	1	16.571	3.012	PDB_exact_pair_aggregate	0.3582	30_40	P0AG59	B7IA17	C3SRY2	0.999931	0.999936	-5e-06	0.0	0.578826	0.690706	0.000177	0.088812
SCF:0002176	AC:001876	B7IA26	B7IA17	A0A7U3Y815	7m4u-assembly1.cif.gz	11_24	1	18	1	16.571	3.441	PDB_exact_pair_aggregate	0.3582	30_40	P0AG59	B7IA17	C3SRY2	0.999912	0.999936	-2.4e-05	0.0	0.578825	0.690706	0.000177	0.088812
SCF:0002177	AC:001877	F4JYR0	A8MPR5	F4KF14	8xkv-assembly1.cif.gz	11_24	1	2	1	63.152	2.377	same_assembly_bridge	0.3554	30_40	F4JYR0	A8MPR5	F4KF14	0.029536	0.76764	-0.738104	0.0	0.004177	0.004177	0.043091	0.02055
SCF:0002178	AC:001877	F4JYR0	A8MPR5	Q9SAJ3	8xkv-assembly1.cif.gz	11_24	1	2	1	63.152	2.268	PDB_exact_pair_aggregate	0.3171	30_40	F4JYR0	A8MPR5	Q9SAJ3	0.040097	0.76764	-0.727543	0.0	0.004177	0.004177	0.020055	0.02055
SCF:0002179	AC:001877	F4JYR0	A8MPR5	F4J3N2	8xkv-assembly1.cif.gz	11_24	1	2	1	63.152	2.433	PDB_exact_pair_aggregate	0.3077	30_40	F4JYR0	A8MPR5	F4J3N2	0.000968	0.76764	-0.766672	0.0	0.004175	0.004177	0.03246	0.02055
SCF:0002180	AC:001879	Q9USP0	P56288	P56287	6jlz-assembly1.cif.gz	11_24	1	3	1	31.459	2.274	PDB_exact_pair_aggregate	0.2911	20_30	Q9USP0	P56288	P56287	0.998122	0.016551	0.981571	1.0	0.802536	0.648509	0.567975	0.532641
SCF:0002181	AC:001882	P36886	P69416	P10793	7ew6-assembly1.cif.gz	11_24	1	2	1	11.668	2.904	PDB_exact_pair_aggregate	0.9383	ge50	A0A4V8GZZ4	A0A4V8H005	A0A4V8H005	0.014668	0.000818	0.01385	1.0	0.004197	0.004401	0.012994	0.009503
SCF:0002182	AC:001883	Q8U439	Q8U4N1	Q8U216	8cro-assembly1.cif.gz	11_24	1	4	1	35.613	2.225	PDB_exact_pair_aggregate	0.275	20_30	Q8U439	Q5JE88	Q5JI52	0.99011	0.999822	-0.009712	0.0	0.004184	0.319239	0.2321	0.662763
SCF:0002183	AC:001888	P26289	P26288	A0A1B1W4Z0	7wff-assembly1.cif.gz	11_24	1	1	0	35.04	2.586	PDB_exact_pair_aggregate	1.0	ge50	Q8DL29	P26288	P26288	0.997484	0.850738	0.146746	1.0	0.005587	0.005674	0.229669	0.310145
SCF:0002184	AC:001888	P26289	P26288	A0A1B1W4Z4	7wff-assembly1.cif.gz	11_24	1	1	0	35.04	2.587	same_assembly_bridge	0.299	20_30	Q8DL29	P26288	A0A1B1W4Z4	0.995915	0.850738	0.145177	1.0	0.016133	0.005674	0.241398	0.310145
SCF:0002185	AC:001888	P26289	P26288	P56752	7wff-assembly1.cif.gz	11_24	1	1	0	35.04	4.047	PDB_exact_pair_aggregate	0.2975	20_30	Q8DL29	P26288	P56752	0.994067	0.850738	0.143329	1.0	0.004243	0.005674	0.240326	0.310145
SCF:0002186	AC:001892	P30394	A8HPD0	A8HPH1	9v7t-assembly1.cif.gz	11_24	1	3	1	71.482	2.847	PDB_exact_pair_aggregate	0.5359	ge50	Q55329	A8HPD0	A8HPH1	0.999914	0.999922	-8e-06	0.0	0.012686	0.00532	0.558724	0.004178
SCF:0002187	AC:001892	P30394	A8HPD0	A8HPE4	9v7t-assembly1.cif.gz	11_24	1	3	1	71.482	2.783	PDB_exact_pair_aggregate	0.6103	ge50	Q55329	A8HPD0	A8HPE4	0.999902	0.999922	-2e-05	0.0	0.026044	0.00532	0.29723	0.004178
SCF:0002188	AC:001894	P0A7Z4	P0AGB3	A0A377D9Q8	8hkc-assembly1.cif.gz	3_10	1	1	0	21.911	2.003	PDB_exact_pair_aggregate	0.2466	20_30	P0A7Z4	P0AGB3	A0A377D9Q8	0.999893	0.018628	0.981265	1.0	0.009632	0.012642	0.695339	0.324681
SCF:0002189	AC:001895	Q9UJX6	Q9UJX3	Q9UJX2	6tnt-assembly1.cif.gz	11_24	1	14	1	44.011	2.303	PDB_exact_pair_aggregate	0.3013	30_40	Q9UJX6	Q9UJX3	Q9UJX2	0.999469	0.998693	0.000776	1.0	0.006014	0.004175	0.427831	0.340324
SCF:0002190	AC:001895	Q9UJX6	Q9UJX3	Q13042	6tnt-assembly1.cif.gz	11_24	1	14	1	44.011	2.292	PDB_exact_pair_aggregate	0.289	20_30	Q9UJX6	Q9UJX3	Q13042	0.998582	0.998693	-0.000111	0.0	0.008711	0.004175	0.373391	0.340324
SCF:0002191	AC:001895	Q9UJX6	Q9UJX3	P0CG48	6tnt-assembly1.cif.gz	11_24	1	14	1	44.011	2.749	PDB_exact_pair_aggregate	0.2879	20_30	Q9UJX6	Q9UJX3	P0CG48	0.974842	0.998693	-0.023851	0.0	0.993814	0.004175	0.65159	0.340324
SCF:0002192	AC:001896	P14575	Q9P4W1	G2TRP5	8c8q-assembly1.cif.gz	11_24	1	2	1	9.994	2.577	PDB_exact_pair_aggregate	0.3514	30_40	P14575	Q9P4W1	G2TRP5	0.9961	0.999925	-0.003825	0.0	0.675168	0.951824	0.568035	0.401463
SCF:0002193	AC:001899	A0AAN0XZY2	A0AAN0Y3T9	A0AAN0Y0S4	9h90-assembly1.cif.gz	11_24	1	1	0	16.664	3.457	same_assembly_bridge	0.3171	30_40	P0AG63	P17291	Q83ER2	0.99986	0.999944	-8.4e-05	0.0	0.882024	0.688903	0.325618	6.7e-05
SCF:0002194	AC:001899	A0AAN0XZY2	A0AAN0Y3T9	A0AAN0Y4G9	9h90-assembly1.cif.gz	11_24	1	1	0	16.664	2.982	PDB_exact_pair_aggregate	0.2564	20_30	P0AG63	P17291	P21472	0.999523	0.999944	-0.000421	0.0	0.209039	0.688903	0.841907	6.7e-05
SCF:0002195	AC:001900	G3MXC8	P61157	A7MB62	8tah-assembly1.cif.gz	3_10	1	2	1	19.654	2.698	same_assembly_bridge	0.3791	30_40	G3MXC8	P61157	A7MB62	0.996292	0.997986	-0.001694	0.0	0.636657	0.800329	0.665148	0.64662
SCF:0002196	AC:001900	P61157	G3MXC8	Q3SYX9	8tah-assembly1.cif.gz	3_10	1	2	1	19.654	3.517	PDB_exact_pair_aggregate	0.9868	ge50	P61157	G3MXC8	G3MXC8	0.998807	0.997986	0.000821	1.0	0.446313	0.800329	0.108134	0.64662
SCF:0002197	AC:001901	Q9HB90	Q15382	Q7L523	9ed4-assembly1.cif.gz	11_24	1	1	0	14.42	2.005	PDB_exact_pair_aggregate	0.3333	30_40	Q9HB90	Q15382	O74824	0.985733	0.000783	0.98495	1.0	0.004175	0.005094	0.61303	0.802645
SCF:0002198	AC:001902	A0A4V8H010	A0A4V8H006	A0A4V8GZZ5	6igz-assembly1.cif.gz	11_24	1	3	1	14.653	3.186	PDB_exact_pair_aggregate	0.3604	30_40	E9NPX1	A5Z2K3	A8IL32	0.797902	0.728931	0.068971	1.0	0.006098	0.004553	0.563579	0.005856
SCF:0002199	AC:001903	P38550	A0A1S4D4H1	P06271	8wa1-assembly1.cif.gz	11_24	1	1	0	19.351	2.363	PDB_exact_pair_aggregate	0.2968	20_30	P11704	A0A1S4D4H1	P06271	0.953716	0.000317	0.953399	1.0	0.00418	0.004176	0.669098	0.195169
SCF:0002200	AC:001903	P38550	A0A1S4D4H1	A0A1S4CE74	8wa1-assembly1.cif.gz	11_24	1	1	0	19.351	2.835	PDB_exact_pair_aggregate	0.2743	20_30	P11704	A0A1S4D4H1	A0A9R0JBX6	5.8e-05	0.000317	-0.000259	0.0	0.004178	0.004176	0.212713	0.195169
SCF:0002201	AC:001905	P35718	P46678	P32349	6eu0-assembly1.cif.gz	11_24	1	9	1	11.319	3.475	PDB_exact_pair_aggregate	0.3208	30_40	P35718	P46678	P32349	0.99994	0.002738	0.997202	1.0	0.005505	0.004374	0.669738	0.654261
SCF:0002202	AC:001908	O67335	O66842	O67337	7q5y-assembly4.cif.gz	3_10	1	1	0	25.377	2.237	PDB_exact_pair_aggregate	0.3714	30_40	O67335	O66842	O67337	0.045576	0.002702	0.042874	1.0	0.00418	0.004186	0.138026	0.274281
SCF:0002203	AC:001909	Q9C567	O22993	F4J3N2	8xku-assembly1.cif.gz	11_24	1	2	1	106.498	2.278	same_assembly_bridge	0.2768	20_30	Q9C567	O22993	F4J3N2	0.000265	6.8e-05	0.000197	1.0	0.004175	0.004176	0.17536	0.499448
SCF:0002204	AC:001910	C3SR57	W8T6F0	C3SRY2	9sx2-assembly1.cif.gz	11_24	1	1	0	14.105	3.689	same_assembly_bridge	0.3288	30_40	Q50296	Q83D76	C3SRY2	0.999949	0.999928	2.1e-05	1.0	0.812396	0.43289	0.002927	0.660551
SCF:0002205	AC:001911	A8HPD0	A8HPH1	A8HPD7	9v7t-assembly1.cif.gz	11_24	1	2	1	35.433	2.46	PDB_exact_pair_aggregate	0.5315	ge50	A8HPD0	A8HPH1	A8HPD0	0.999499	0.999896	-0.000397	0.0	0.042301	0.077424	0.626263	0.493941
SCF:0002206	AC:001911	A8HPD0	A8HPH1	A8HPC6	9v7t-assembly1.cif.gz	11_24	1	2	1	35.433	2.534	PDB_exact_pair_aggregate	0.5189	ge50	A8HPD0	A8HPH1	A8HPE4	0.999858	0.999896	-3.8e-05	0.0	0.096486	0.077424	0.449054	0.493941
SCF:0002207	AC:001911	A8HPD0	A8HPH1	A8HPD3	9v7t-assembly1.cif.gz	11_24	1	2	1	35.433	3.014	PDB_exact_pair_aggregate	0.5047	ge50	A8HPD0	A8HPH1	A8HPD3	0.999779	0.999896	-0.000117	0.0	0.031265	0.077424	0.080973	0.493941
SCF:0002208	AC:001911	A8HPH1	A8HPD0	A8HPD7	9v7t-assembly1.cif.gz	11_24	1	2	1	35.433	3.196	PDB_exact_pair_aggregate	0.9879	ge50	A8HPH1	A8HPD0	A8HPD0	0.999687	0.999896	-0.000209	0.0	0.102592	0.077424	0.536645	0.493941
SCF:0002209	AC:001911	A8HPH1	A8HPD0	A8HPC6	9v7t-assembly1.cif.gz	11_24	1	2	1	35.433	3.256	PDB_exact_pair_aggregate	0.9656	ge50	A8HPH1	A8HPD0	A8HPE4	0.9999	0.999896	4e-06	1.0	0.127544	0.077424	0.541544	0.493941
SCF:0002210	AC:001912	P0A7W1	P0A8A8	P0A7X3	7afl-assembly1.cif.gz	11_24	1	6	1	46.898	2.004	PDB_exact_pair_aggregate	0.2778	20_30	Q839E7	P0A8A8	C3SRY2	0.999935	0.998457	0.001478	1.0	0.838583	0.443622	0.868986	0.677196
SCF:0002211	AC:001913	Q04307	P35718	P20434	7z30-assembly1.cif.gz	11_24	1	24	1	37.546	2.329	PDB_exact_pair_aggregate	0.271	20_30	Q9Y2Y1	P35718	Q09191	0.998803	0.999799	-0.000996	0.0	0.040644	0.014857	0.782052	0.702178
SCF:0002212	AC:001914	D0CD01	D0CG36	D0CD19	6ys5-assembly1.cif.gz	3_10	1	2	1	23.005	3.239	PDB_exact_pair_aggregate	0.3582	30_40	A0QSD5	C3SRY2	B7IA17	0.999847	0.999329	0.000518	1.0	0.825366	0.797476	0.445477	0.658564
SCF:0002213	AC:001915	P38786	Q12530	P28005	7c79-assembly1.cif.gz	11_24	1	2	1	20.964	2.366	PDB_exact_pair_aggregate	0.2903	20_30	P38786	Q12530	P28005	0.969219	0.999037	-0.029818	0.0	0.004176	0.004185	0.20512	0.499318
SCF:0002214	AC:001917	P28005	P40993	P53218	6w6v-assembly1.cif.gz	3_10	1	3	1	35.878	2.553	PDB_exact_pair_aggregate	0.25	20_30	P28005	P40993	P53218	0.999629	0.999773	-0.000144	0.0	0.004173	0.004173	0.511949	0.498834
SCF:0002215	AC:001918	E1C9L3	Q41038	Q32904	6zxs-assembly1.cif.gz	11_24	1	5	1	39.45	2.754	same_assembly_bridge	0.4483	40_50	E1C9L3	F2D0D5	A0A2K1IB10	0.99739	0.420297	0.577093	1.0	0.839238	0.032953	0.631431	0.653918
SCF:0002216	AC:001919	A0A1D5SLI4	A0A1D5UKZ4	A0A3B6IU74	8r6f-assembly1.cif.gz	11_24	1	1	0	30.574	2.786	PDB_exact_pair_aggregate	0.3333	30_40	P62701	A0A3Q7HJ03	A0A3Q7I881	0.999894	0.999933	-3.9e-05	0.0	0.390396	0.89881	0.58619	0.827914
SCF:0002217	AC:001925	Q6YXQ2	A0A2K1KN29	A9RT62	6l35-assembly1.cif.gz	11_24	1	1	0	36.199	3.554	PDB_exact_pair_aggregate	0.4615	40_50	A0A4V8H005	Q84Y02	A9RT62	0.005324	0.001057	0.004267	1.0	0.004217	0.00445	0.001904	0.165761
SCF:0002218	AC:001926	Q83E83	Q83AX9	Q83ER3	9t0z-assembly1.cif.gz	11_24	1	3	1	30.642	3.762	PDB_exact_pair_aggregate	0.2987	20_30	Q83E83	C3SRY2	P0AG59	0.999648	0.9999	-0.000252	0.0	0.814905	0.740624	7e-05	2.2e-05
SCF:0002219	AC:001926	Q83E83	Q83AX9	Q83ER2	9t0z-assembly1.cif.gz	11_24	1	3	1	30.642	3.429	PDB_exact_pair_aggregate	0.2527	20_30	Q83E83	C3SRY2	Q83ER2	0.999847	0.9999	-5.3e-05	0.0	0.846384	0.740624	0.830784	2.2e-05
SCF:0002220	AC:001930	O15318	O15160	Q9H1D9	7d59-assembly1.cif.gz	11_24	1	28	1	17.071	1.667	PDB_exact_pair_aggregate	0.291	20_30	O15318	O15160	Q9H1D9	0.999712	0.99591	0.003802	1.0	0.004177	0.004178	0.464284	0.735911
SCF:0002221	AC:001932	Q83D76	Q83ED6	Q83ER7	9t61-assembly1.cif.gz	11_24	1	3	1	11.456	2.61	same_assembly_bridge	0.4	40_50	Q83D76	Q83ED6	P0AG63	0.999936	0.999554	0.000382	1.0	0.518411	0.020902	0.802573	0.655047
SCF:0002222	AC:001932	Q83D76	Q83ED6	Q83ES5	9t61-assembly1.cif.gz	11_24	1	3	1	11.456	2.835	PDB_exact_pair_aggregate	0.2903	20_30	Q83D76	Q83ED6	P21471	0.999943	0.999554	0.000389	1.0	0.144607	0.020902	0.789655	0.655047
SCF:0002223	AC:001932	Q83D76	Q83ED6	Q83ER2	9t61-assembly1.cif.gz	11_24	1	3	1	11.456	2.792	PDB_exact_pair_aggregate	0.2639	20_30	Q83D76	Q83ED6	Q83ER2	0.999922	0.999554	0.000368	1.0	0.245833	0.020902	0.691205	0.655047
SCF:0002224	AC:001934	Q9SCY3	P26288	A0A1B1W4Z4	7wff-assembly1.cif.gz	11_24	1	1	0	17.835	2.287	same_assembly_bridge	0.299	20_30	Q9SCY3	P26288	A0A1B1W4Z4	0.000192	0.000119	7.3e-05	1.0	0.004733	0.01671	0.055863	0.03365
SCF:0002225	AC:001935	P29496	P54784	P53091	6wgg-assembly1.cif.gz	11_24	1	3	1	19.458	2.306	PDB_exact_pair_aggregate	0.3	30_40	P29496	P54784	P53091	0.979393	0.758895	0.220498	1.0	0.122389	0.004287	0.725877	0.714834
SCF:0002226	AC:001935	P29496	P54784	Q08032	6wgg-assembly1.cif.gz	11_24	1	3	1	19.458	2.231	PDB_exact_pair_aggregate	0.2945	20_30	P29496	P54784	Q08032	0.999366	0.758895	0.240471	1.0	0.004176	0.004287	0.736038	0.714834
SCF:0002227	AC:001935	P29496	P54784	P29469	6wgg-assembly1.cif.gz	11_24	1	3	1	19.458	4.745	same_assembly_bridge	0.2799	20_30	P29496	P54784	P29469	0.985347	0.758895	0.226452	1.0	0.075842	0.004287	0.727709	0.714834
SCF:0002228	AC:001935	P54784	P29496	P29469	6wgg-assembly1.cif.gz	11_24	1	3	1	19.458	1.046	same_assembly_bridge	0.4108	40_50	P54784	P29496	P29469	0.074994	0.758895	-0.683901	0.0	0.561308	0.004287	0.685493	0.714834
SCF:0002229	AC:001935	P54784	P29496	P24279	6wgg-assembly1.cif.gz	11_24	1	3	1	19.458	2.735	PDB_exact_pair_aggregate	0.3883	30_40	P54784	P29496	P24279	0.898006	0.758895	0.139111	1.0	0.072623	0.004287	0.711487	0.714834
SCF:0002230	AC:001935	P54784	P29496	P53091	6wgg-assembly1.cif.gz	11_24	1	3	1	19.458	3.392	PDB_exact_pair_aggregate	0.3754	30_40	P54784	P29496	P53091	0.52	0.758895	-0.238895	0.0	0.016573	0.004287	0.711475	0.714834
SCF:0002231	AC:001936	G0SH10	G0S7B2	G0SED0	9ynw-assembly1.cif.gz	11_24	1	1	0	31.832	3.181	PDB_exact_pair_aggregate	0.3153	30_40	G0SH10	G0S7B2	G0SED0	0.972555	0.89629	0.076265	1.0	0.004176	0.004178	0.483329	0.615237
SCF:0002232	AC:001937	P46217	Q4JB12	P39463	7oqy-assembly1.cif.gz	11_24	1	3	1	57.35	2.93	PDB_exact_pair_aggregate	0.3793	30_40	P46217	Q7LXK4	P39463	0.998317	0.99989	-0.001573	0.0	0.00419	0.004192	0.342868	0.256522
SCF:0002233	AC:001938	P32481	P14741	P20459	6i7t-assembly1.cif.gz	11_24	1	8	1	37.509	1.076	PDB_exact_pair_aggregate	0.3128	30_40	P32481	P14741	P20459	0.999696	0.9643	0.035396	1.0	0.33118	0.223679	0.735564	0.516812
SCF:0002234	AC:001939	Q3T084	Q3ZCI9	Q32L40	9kcf-assembly1.cif.gz	11_24	1	1	0	11.535	2.42	PDB_exact_pair_aggregate	0.3446	30_40	P40227	Q3ZCI9	Q32L40	0.999868	0.999784	8.4e-05	1.0	0.845945	0.729289	0.327385	0.36608
SCF:0002235	AC:001939	Q3T084	Q3ZCI9	Q2T9X2	9kcf-assembly1.cif.gz	11_24	1	1	0	11.535	2.85	PDB_exact_pair_aggregate	0.3183	30_40	P40227	Q3ZCI9	P50991	0.999776	0.999784	-8e-06	0.0	0.875897	0.729289	0.364096	0.36608
SCF:0002236	AC:001939	Q3T084	Q3ZCI9	Q3MHL7	9kcf-assembly1.cif.gz	11_24	1	1	0	11.535	2.657	same_assembly_bridge	0.2925	20_30	P40227	Q3ZCI9	P40227	0.999896	0.999784	0.000112	1.0	0.684072	0.729289	0.337337	0.36608
SCF:0002237	AC:001939	Q3ZCI9	Q3T084	Q3MHL7	9kcf-assembly1.cif.gz	11_24	1	1	0	11.535	2.418	same_assembly_bridge	0.8682	ge50	Q3ZCI9	P40227	P40227	0.999874	0.999784	9e-05	1.0	0.348859	0.729289	0.357044	0.36608
SCF:0002238	AC:001939	Q3ZCI9	Q3T084	Q2T9X2	9kcf-assembly1.cif.gz	11_24	1	1	0	11.535	2.559	PDB_exact_pair_aggregate	0.3224	30_40	Q3ZCI9	P40227	P50991	0.999808	0.999784	2.4e-05	1.0	0.641021	0.729289	0.385081	0.36608
SCF:0002239	AC:001939	Q3ZCI9	Q3T084	Q3T0K2	9kcf-assembly1.cif.gz	11_24	1	1	0	11.535	4.654	PDB_exact_pair_aggregate	0.3082	30_40	Q3ZCI9	P40227	Q3T0K2	0.999765	0.999784	-1.9e-05	0.0	0.838605	0.729289	0.39975	0.36608
SCF:0002240	AC:001941	Q9Y244	Q969U7	P25789	8yix-assembly1.cif.gz	11_24	1	11	1	20.502	2.472	PDB_exact_pair_aggregate	0.3212	30_40	Q9Y244	Q969U7	P23638	0.999682	0.999072	0.00061	1.0	0.008514	0.004174	0.775354	0.72349
SCF:0002241	AC:001941	Q9Y244	Q969U7	P25787	8yix-assembly1.cif.gz	11_24	1	11	1	20.502	2.238	PDB_exact_pair_aggregate	0.3028	30_40	Q9Y244	Q969U7	P25787	0.999743	0.999072	0.000671	1.0	0.196779	0.004174	0.718529	0.72349
SCF:0002242	AC:001941	Q9Y244	Q969U7	P28072	8yix-assembly1.cif.gz	11_24	1	11	1	20.502	2.521	PDB_exact_pair_aggregate	0.2955	20_30	Q9Y244	Q969U7	P28072	0.999874	0.999072	0.000802	1.0	0.004175	0.004174	0.581916	0.72349
SCF:0002243	AC:001942	P9WGY5	P9WGH9	P9WGH5	6koo-assembly1.cif.gz	3_10	1	8	1	11.309	2.176	PDB_exact_pair_aggregate	0.331	30_40	A0QWT1	P9WGH9	P9WGH5	0.013575	0.011444	0.002131	1.0	0.004436	0.004183	0.47853	0.498373
SCF:0002244	AC:001945	A0A2K3DHV6	A0A2K3DQ46	A0A2K3DLF7	8xks-assembly1.cif.gz	11_24	1	3	1	33.717	2.505	PDB_exact_pair_aggregate	0.2816	20_30	A0A2K3DHV6	A0A2K3DQ46	A0A2K3DLF7	0.000748	0.000143	0.000605	1.0	0.004202	0.004209	0.052878	0.005758
SCF:0002245	AC:001945	A0A2K3DQ46	A0A2K3DHV6	A8HUP3	8xks-assembly1.cif.gz	11_24	1	3	1	33.717	2.499	PDB_exact_pair_aggregate	0.3212	30_40	A0A2K3DQ46	A0A2K3DHV6	A8HUP3	0.012537	0.000143	0.012394	1.0	0.004195	0.004209	0.009557	0.005758
SCF:0002246	AC:001947	P09192	P12975	P14835	8am5-assembly1.cif.gz	11_24	1	1	0	62.57	2.404	PDB_exact_pair_aggregate	0.3617	30_40	D0VWR8	B8LEQ8	P14835	0.996283	0.271751	0.724532	1.0	0.070039	0.004205	0.234914	0.249456
SCF:0002247	AC:001947	P12975	P09192	Q55274	8am5-assembly1.cif.gz	11_24	1	1	0	62.57	2.652	PDB_exact_pair_aggregate	0.3842	30_40	B8LEQ8	D0VWR8	Q55274	0.005029	0.271751	-0.266722	0.0	0.012075	0.004205	0.126325	0.249456
SCF:0002248	AC:001951	Q96MG7	Q96MF7	Q8WV22	9lwj-assembly1.cif.gz	3_10	1	2	1	99.919	2.274	PDB_exact_pair_aggregate	0.2469	20_30	Q96MG7	Q96MF7	Q8WV22	0.999697	0.997634	0.002063	1.0	0.004175	0.004175	0.288024	0.274746
SCF:0002249	AC:001952	A4GDF1	A4GDH1	Q49QE8	7aoh-assembly1.cif.gz	3_10	1	1	0	50.465	2.594	PDB_exact_pair_aggregate	0.2716	20_30	P68608	A4GDH1	Q49QE8	0.975906	0.047754	0.928152	1.0	0.004175	0.004175	0.398571	0.424792
SCF:0002250	AC:001953	A9SL09	A0A2K1IB10	A9RT62	6l35-assembly1.cif.gz	11_24	1	1	0	48.971	3.286	PDB_exact_pair_aggregate	0.435	40_50	A0A2K1JDR4	A0A2K1IB10	A9RT62	0.999685	0.987986	0.011699	1.0	0.944883	0.005725	0.636163	0.582788
SCF:0002251	AC:001953	A9SL09	A0A2K1IB10	A0A2K1IAD0	6l35-assembly1.cif.gz	11_24	1	1	0	48.971	2.314	PDB_exact_pair_aggregate	0.3036	30_40	A0A2K1JDR4	A0A2K1IB10	A8IL32	0.992507	0.987986	0.004521	1.0	0.962763	0.005725	0.490335	0.582788
SCF:0002252	AC:001957	Q7Z4G1	Q9Y6G5	Q9P000	8f2r-assembly1.cif.gz	3_10	1	3	1	17.882	2.92	same_assembly_bridge	0.3034	30_40	Q7Z4G1	Q9Y6G5	Q9P000	0.999787	0.999835	-4.8e-05	0.0	0.004232	0.004179	0.456579	0.464965
SCF:0002253	AC:001957	Q7Z4G1	Q9Y6G5	Q9NX08	8f2r-assembly1.cif.gz	3_10	1	3	1	17.882	3.225	PDB_exact_pair_aggregate	0.2836	20_30	Q7Z4G1	Q9Y6G5	Q9NX08	0.999931	0.999835	9.6e-05	1.0	0.004185	0.004179	0.387591	0.464965
SCF:0002254	AC:001957	Q7Z4G1	Q9Y6G5	Q9H0A8	8f2r-assembly1.cif.gz	3_10	1	3	1	17.882	2.382	PDB_exact_pair_aggregate	0.2111	20_30	Q7Z4G1	Q9Y6G5	Q9H0A8	0.999889	0.999835	5.4e-05	1.0	0.004175	0.004179	0.498313	0.464965
SCF:0002255	AC:001959	P89102	Q06245	P32855	5yfp-assembly1.cif.gz	3_10	1	2	1	28.263	2.864	same_assembly_bridge	0.2879	20_30	P89102	Q06245	P32855	0.999199	0.999412	-0.000213	0.0	0.004174	0.004173	0.350239	0.490956
SCF:0002256	AC:001959	P89102	Q06245	P32844	5yfp-assembly1.cif.gz	3_10	1	2	1	28.263	2.783	PDB_exact_pair_aggregate	0.2799	20_30	P89102	Q06245	P32844	0.997522	0.999412	-0.00189	0.0	0.004174	0.004173	0.315131	0.490956
SCF:0002257	AC:001959	P89102	Q06245	P19658	5yfp-assembly1.cif.gz	3_10	1	2	1	28.263	2.578	PDB_exact_pair_aggregate	0.2712	20_30	P89102	Q06245	P19658	0.999275	0.999412	-0.000137	0.0	0.004174	0.004173	0.492278	0.490956
SCF:0002258	AC:001959	Q06245	P89102	P32855	5yfp-assembly1.cif.gz	3_10	1	2	1	28.263	2.617	same_assembly_bridge	0.3176	30_40	Q06245	P89102	P32855	0.9998	0.999412	0.000388	1.0	0.004174	0.004173	0.431361	0.490956
SCF:0002259	AC:001959	Q06245	P89102	P22224	5yfp-assembly1.cif.gz	3_10	1	2	1	28.263	2.647	PDB_exact_pair_aggregate	0.3092	30_40	Q06245	P89102	P22224	0.999661	0.999412	0.000249	1.0	0.004175	0.004173	0.467437	0.490956
SCF:0002260	AC:001959	Q06245	P89102	P38261	5yfp-assembly1.cif.gz	3_10	1	2	1	28.263	3.382	PDB_exact_pair_aggregate	0.2945	20_30	Q06245	P89102	P38261	0.002709	0.999412	-0.996703	0.0	0.004174	0.004173	0.559583	0.490956
SCF:0002261	AC:001960	D0FXW7	C1K004	Q56D18	6sl5-assembly1.cif.gz	11_24	1	1	0	42.483	3.041	PDB_exact_pair_aggregate	0.5413	ge50	A0A4V8H005	I0YPL4	Q56D18	0.000398	0.001656	-0.001258	0.0	0.004258	0.004237	0.251116	0.085603
SCF:0002262	AC:001961	P0ABA6	P0ABA0	P0A6E6	8dbt-assembly1.cif.gz	11_24	1	16	1	22.442	2.231	PDB_exact_pair_aggregate	0.2796	20_30	P0ABA6	P0ABA0	P0A6E6	0.996337	0.999389	-0.003052	0.0	0.00592	0.004274	0.230151	0.151721
SCF:0002263	AC:001962	P17987	Q9NQP4	O60925	6nrb-assembly1.cif.gz	11_24	1	3	1	36.611	2.929	PDB_exact_pair_aggregate	0.3265	30_40	Q32L40	Q9NQP4	O60925	0.999882	0.999837	4.5e-05	1.0	0.008985	0.004377	0.796251	0.759835
SCF:0002264	AC:001962	Q9NQP4	P17987	P50991	6nrb-assembly1.cif.gz	11_24	1	3	1	36.611	2.64	same_assembly_bridge	0.3472	30_40	Q9NQP4	Q32L40	P50991	0.999905	0.999837	6.8e-05	1.0	0.004445	0.004377	0.791117	0.759835
SCF:0002265	AC:001963	P06271	A0A1S4BFK7	A0A1S4CE74	8wa1-assembly1.cif.gz	11_24	1	1	0	16.252	2.395	PDB_exact_pair_aggregate	0.4743	40_50	P06271	A0A1S4BFK7	A0A9R0JBX6	6.4e-05	6.7e-05	-3e-06	0.0	0.00632	0.004181	0.292523	0.260862
SCF:0002266	AC:001964	P50370	Q08363	P37256	9iiu-assembly1.cif.gz	11_24	1	5	1	8.085	2.202	PDB_exact_pair_aggregate	0.5	ge50	P50370	P12239	O19927	0.758458	0.013401	0.745057	1.0	0.00453	0.011004	0.485399	0.499957
SCF:0002267	AC:001964	Q08363	P50370	P18263	9iiu-assembly1.cif.gz	11_24	1	5	1	8.085	3.521	PDB_exact_pair_aggregate	0.4348	40_50	P12239	P50370	P19054	0.998783	0.013401	0.985382	1.0	0.004239	0.011004	0.541449	0.499957
SCF:0002268	AC:001964	Q08363	P50370	P37256	9iiu-assembly1.cif.gz	11_24	1	5	1	8.085	2.61	PDB_exact_pair_aggregate	0.4118	40_50	P12239	P50370	O19927	0.990352	0.013401	0.976951	1.0	0.004181	0.011004	0.565969	0.499957
SCF:0002269	AC:001964	Q08363	P50370	P92277	9iiu-assembly1.cif.gz	11_24	1	5	1	8.085	3.177	PDB_exact_pair_aggregate	0.2222	20_30	P12239	P50370	P92277	0.997359	0.013401	0.983958	1.0	0.041415	0.011004	0.486737	0.499957
SCF:0002270	AC:001965	P01865	U5LP42	P03472	4zxb-assembly1.cif.gz	3_10	1	1	0	80.73	2.58	PDB_exact_pair_aggregate	0.2824	20_30	P01867	Q6N030	P03472	0.0045	0.988539	-0.984039	0.0	0.004175	0.008703	0.078412	0.731598
SCF:0002271	AC:001968	O60925	P50990	P17987	6nrd-assembly1.cif.gz	11_24	1	3	1	63.285	2.929	PDB_exact_pair_aggregate	0.3449	30_40	O60925	Q3ZCI9	Q32L40	0.999882	0.9999	-1.8e-05	0.0	0.008985	0.007347	0.796251	0.599116
SCF:0002272	AC:001968	O60925	P50990	P49368	6nrd-assembly1.cif.gz	11_24	1	3	1	63.285	2.352	same_assembly_bridge	0.3406	30_40	O60925	Q3ZCI9	Q3T0K2	0.999922	0.9999	2.2e-05	1.0	0.005524	0.007347	0.515353	0.599116
SCF:0002273	AC:001968	P50990	O60925	O15212	6nrd-assembly1.cif.gz	11_24	1	3	1	63.285	2.617	PDB_exact_pair_aggregate	0.2778	20_30	Q3ZCI9	O60925	O15212	0.999853	0.9999	-4.7e-05	0.0	0.004193	0.007347	0.334621	0.599116
SCF:0002274	AC:001969	A0A9R0IP63	A0A9R0JBX6	A0A9R0K533	8xzv-assembly1.cif.gz	11_24	1	1	0	48.221	2.34	PDB_exact_pair_aggregate	0.4387	40_50	A0AA96C3P8	A0A9R0JBX6	A0A9R0K533	6.1e-05	0.000121	-6e-05	0.0	0.004554	0.004358	0.427844	0.203913
SCF:0002275	AC:001969	A0A9R0IP63	A0A9R0JBX6	A0A9R0IWV5	8xzv-assembly1.cif.gz	11_24	1	1	0	48.221	2.416	PDB_exact_pair_aggregate	0.3011	30_40	A0AA96C3P8	A0A9R0JBX6	A0A9R0IWV5	0.004021	0.000121	0.0039	1.0	0.004176	0.004358	0.341989	0.203913
SCF:0002276	AC:001971	S8F5W4	S8F943	S8EW95	9fi8-assembly1.cif.gz	11_24	1	2	1	12.724	2.554	PDB_exact_pair_aggregate	0.3431	30_40	S8F5W4	S8F943	S8EW95	0.02739	0.30252	-0.27513	0.0	0.004175	0.004176	0.112588	0.087501
SCF:0002277	AC:001972	I7M8B9	Q22XT1	Q22VV9	8xyp-assembly1.cif.gz	3_10	1	6	1	16.66	2.531	PDB_exact_pair_aggregate	0.299	20_30	I7M8B9	Q22XT1	Q22VV9	0.234645	0.101584	0.133061	1.0	0.004173	0.004174	0.317004	0.029896
SCF:0002278	AC:001973	P05310	Q9SQL2	Q41038	3lw5-assembly1.cif.gz	11_24	1	5	1	8.454	0.584	PDB_exact_pair_aggregate	0.5234	ge50	A0T0M8	Q84Y02	F2D0D5	0.999328	0.998647	0.000681	1.0	0.162278	0.098198	0.424298	0.457482
SCF:0002279	AC:001973	P05310	Q9SQL2	Q32904	3lw5-assembly1.cif.gz	11_24	1	5	1	8.454	1.611	PDB_exact_pair_aggregate	0.5172	ge50	A0T0M8	Q84Y02	A0A2K1IB10	0.999691	0.998647	0.001044	1.0	0.148314	0.098198	0.546953	0.457482
SCF:0002280	AC:001973	P05310	Q9SQL2	Q9SY97	3lw5-assembly1.cif.gz	11_24	1	5	1	8.454	2.648	PDB_exact_pair_aggregate	0.4784	40_50	A0T0M8	Q84Y02	A0A2K1IB10	0.999767	0.998647	0.00112	1.0	0.129567	0.098198	0.486905	0.457482
SCF:0002281	AC:001974	Q32P78	Q32PE0	F2Z4H3	8qq2-assembly1.cif.gz	11_24	1	5	1	43.763	2.253	PDB_exact_pair_aggregate	0.3117	30_40	C4R009	A0A4X1VEK9	A0A8D1AQR7	0.999948	0.999938	1e-05	1.0	0.932152	0.828632	0.638116	0.743596
SCF:0002282	AC:001976	P80376	Q5SHP2	P80382	2e5l-assembly1.cif.gz	11_24	1	407	1	26.034	2.696	PDB_exact_pair_aggregate	0.2656	20_30	Q50296	A0QSD5	P62659	0.999941	0.999921	2e-05	1.0	0.93262	0.813336	0.849324	0.040651
SCF:0002283	AC:001976	P80376	Q5SHP2	Q5SLQ0	2e5l-assembly1.cif.gz	11_24	1	407	1	26.034	1.592	PDB_exact_pair_aggregate	0.25	20_30	Q50296	A0QSD5	P62659	0.999941	0.999921	2e-05	1.0	0.80775	0.813336	0.849378	0.040651
SCF:0002284	AC:001976	P80376	Q5SHP2	P62659	2e5l-assembly1.cif.gz	11_24	1	407	1	26.034	2.573	PDB_exact_pair_aggregate	0.25	20_30	Q50296	A0QSD5	P62659	0.999941	0.999921	2e-05	1.0	0.80775	0.813336	0.849378	0.040651
SCF:0002285	AC:001977	Q8IRE3	Q9VA95	A1Z8I0	7b6r-assembly1.cif.gz	3_10	1	2	1	34.885	0.463	PDB_exact_pair_aggregate	0.268	20_30	Q8IRE3	Q9VA95	A1Z8I0	0.991346	0.995693	-0.004347	0.0	0.004175	0.004178	0.699578	0.605007
SCF:0002286	AC:001978	Q9Y3B2	P42285	Q15477	6d6q-assembly1.cif.gz	11_24	1	2	1	15.574	2.224	PDB_exact_pair_aggregate	0.4011	40_50	Q9Y3B2	P42285	Q15477	0.903169	0.999618	-0.096449	0.0	0.205873	0.106125	0.418527	0.590337
SCF:0002287	AC:001978	Q9Y3B2	P42285	Q8TF46	6d6q-assembly1.cif.gz	11_24	1	2	1	15.574	2.233	PDB_exact_pair_aggregate	0.2716	20_30	Q9Y3B2	P42285	Q8TF46	0.999805	0.999618	0.000187	1.0	0.010599	0.106125	0.614419	0.590337
SCF:0002288	AC:001978	Q9Y3B2	P42285	Q9Y450	6d6q-assembly1.cif.gz	11_24	1	2	1	15.574	2.528	PDB_exact_pair_aggregate	0.2486	20_30	Q9Y3B2	P42285	Q9Y450	0.998217	0.999618	-0.001401	0.0	0.459369	0.106125	0.717124	0.590337
SCF:0002289	AC:001979	Q8DJU2	Q8DJ02	Q8DL30	6nby-assembly1.cif.gz	11_24	1	9	1	12.308	2.795	PDB_exact_pair_aggregate	0.3077	30_40	Q8DJU2	P56751	Q8DL30	0.003029	8.2e-05	0.002947	1.0	0.004175	0.004181	0.200357	0.498017
SCF:0002290	AC:001980	P9WPU9	P9WPV5	P9WPV1	8j0t-assembly1.cif.gz	11_24	1	3	1	29.93	2.638	PDB_exact_pair_aggregate	0.2636	20_30	P9WPU9	A0R204	P9WPV1	0.993537	0.999084	-0.005547	0.0	0.004189	0.00427	0.498934	0.320423
SCF:0002291	AC:001980	P9WPV5	P9WPU9	P9WPV3	8j0t-assembly1.cif.gz	11_24	1	3	1	29.93	2.693	PDB_exact_pair_aggregate	0.3231	30_40	A0R204	P9WPU9	P9WPV3	0.990348	0.999084	-0.008736	0.0	0.060191	0.00427	0.709868	0.320423
SCF:0002292	AC:001982	A0A241XG65	A0A071L394	E2RXT9	6spe-assembly1.cif.gz	11_24	1	3	1	14.293	2.469	same_assembly_bridge	0.3731	30_40	Q839E7	P21472	Q83ER2	0.999939	0.999941	-2e-06	0.0	0.884548	0.607	0.848473	0.791366
SCF:0002293	AC:001983	P0DM37	P51765	D0VWR8	7eda-assembly1.cif.gz	11_24	1	34	1	12.458	2.596	same_assembly_bridge	0.37	30_40	P0DM37	P0A444	D0VWR8	0.037276	0.483027	-0.445751	0.0	0.004245	0.008708	0.047615	0.21191
SCF:0002294	AC:001983	P0DM37	P51765	D0VWR7	7eda-assembly1.cif.gz	11_24	1	34	1	12.458	2.502	PDB_exact_pair_aggregate	0.3158	30_40	P0DM37	P0A444	D0VWR7	0.993336	0.483027	0.510309	1.0	0.082967	0.008708	0.517317	0.21191
SCF:0002295	AC:001983	P51765	P0DM37	P19054	7eda-assembly1.cif.gz	11_24	1	34	1	12.458	2.247	PDB_exact_pair_aggregate	0.3478	30_40	P0A444	P0DM37	P19054	0.99444	0.483027	0.511413	1.0	0.309631	0.008708	0.347695	0.21191
SCF:0002296	AC:001983	P51765	P0DM37	Q9F1K9	7eda-assembly1.cif.gz	11_24	1	34	1	12.458	2.792	PDB_exact_pair_aggregate	0.375	30_40	P0A444	P0DM37	P19054	0.996268	0.483027	0.513241	1.0	0.068066	0.008708	0.330834	0.21191
SCF:0002297	AC:001984	P07703	P32349	P36070	8bws-assembly1.cif.gz	11_24	1	24	1	63.977	2.265	PDB_exact_pair_aggregate	0.2612	20_30	P07703	P32349	P36070	0.951411	0.999932	-0.048521	0.0	0.004188	0.004175	0.223937	0.537303
SCF:0002298	AC:001984	P32349	P07703	P41910	8bws-assembly1.cif.gz	11_24	1	24	1	63.977	4.026	PDB_exact_pair_aggregate	0.2727	20_30	P32349	P07703	P41910	0.999503	0.999932	-0.000429	0.0	0.004175	0.004175	0.259895	0.537303
SCF:0002299	AC:001984	P32349	P07703	P32910	8bws-assembly1.cif.gz	11_24	1	24	1	63.977	2.07	PDB_exact_pair_aggregate	0.2717	20_30	P32349	P07703	P32910	0.999932	0.999932	0.0	0.5	0.004176	0.004175	0.719202	0.537303
SCF:0002300	AC:001986	P68608	P68439	P20637	9fpy-assembly1.cif.gz	11_24	1	3	1	9.566	2.816	same_assembly_bridge	0.2956	20_30	P68608	P68439	A4GDH1	0.89169	0.983249	-0.091559	0.0	0.004175	0.004174	0.43896	0.497372
SCF:0002301	AC:001986	P68608	P68439	P68694	9fpy-assembly1.cif.gz	11_24	1	3	1	9.566	2.444	PDB_exact_pair_aggregate	0.2913	20_30	P68608	P68439	Q76ZP7	0.023473	0.983249	-0.959776	0.0	0.004176	0.004174	0.076202	0.497372
SCF:0002302	AC:001986	P68608	P68439	P20979	9fpy-assembly1.cif.gz	11_24	1	3	1	9.566	2.306	PDB_exact_pair_aggregate	0.2906	20_30	P68608	P68439	P20979	0.009315	0.983249	-0.973934	0.0	0.004174	0.004174	0.30708	0.497372
SCF:0002303	AC:001989	P0A3C9	Q8DKZ4	Q8DL31	6khi-assembly1.cif.gz	11_24	1	2	1	16.104	2.382	same_assembly_bridge	0.3083	30_40	P0A3C9	Q8DKZ4	Q8DL31	0.07285	0.0013	0.07155	1.0	0.004265	0.196795	0.687257	0.619689
SCF:0002304	AC:001995	O81098	Q9M1A8	Q9FJ98	8xmd-assembly1.cif.gz	11_24	1	6	1	37.671	3.322	PDB_exact_pair_aggregate	0.37	30_40	O81098	Q9M1A8	A0A4X1VEK9	0.999728	0.999808	-8e-05	0.0	0.556143	0.004211	0.802308	0.647332
SCF:0002305	AC:001997	P40227	Q9NQP4	Q99471	6nr9-assembly1.cif.gz	11_24	1	3	1	21.437	2.722	PDB_exact_pair_aggregate	0.4096	40_50	P40227	Q9NQP4	Q99471	0.999866	0.999841	2.5e-05	1.0	0.004181	0.004506	0.356407	0.631671
SCF:0002306	AC:001997	P40227	Q9NQP4	Q9UHV9	6nr9-assembly1.cif.gz	11_24	1	3	1	21.437	2.763	PDB_exact_pair_aggregate	0.2967	20_30	P40227	Q9NQP4	Q9UHV9	0.999897	0.999841	5.6e-05	1.0	0.004295	0.004506	0.270296	0.631671
SCF:0002307	AC:001997	P40227	Q9NQP4	O15212	6nr9-assembly1.cif.gz	11_24	1	3	1	21.437	2.306	same_assembly_bridge	0.21	20_30	P40227	Q9NQP4	O15212	0.99987	0.999841	2.9e-05	1.0	0.004188	0.004506	0.665094	0.631671
SCF:0002308	AC:001997	Q9NQP4	P40227	P50991	6nr9-assembly1.cif.gz	11_24	1	3	1	21.437	2.238	PDB_exact_pair_aggregate	0.3224	30_40	Q9NQP4	P40227	P50991	0.999905	0.999841	6.4e-05	1.0	0.004445	0.004506	0.791117	0.631671
SCF:0002309	AC:001998	A0A2P6TMX4	W8SY74	W8SUA3	6zzy-assembly1.cif.gz	11_24	1	2	1	28.479	3.256	same_assembly_bridge	0.5015	ge50	A0A4V8H004	A0T0M8	T1RIQ1	0.99958	0.999037	0.000543	1.0	0.032422	0.05562	0.29082	0.289679
SCF:0002310	AC:001999	P13194	P23993	P13192	7ewk-assembly1.cif.gz	11_24	1	3	1	26.759	2.623	PDB_exact_pair_aggregate	0.3116	30_40	A0A1D6HY75	A8IL32	Q9SHE8	0.266755	0.731248	-0.464493	0.0	0.966494	0.979608	0.062018	0.318839
SCF:0002311	AC:001999	P23993	P13194	P36213	7ewk-assembly1.cif.gz	11_24	1	3	1	26.759	3.052	PDB_exact_pair_aggregate	0.3832	30_40	A8IL32	A0A1D6HY75	A5Z2K3	0.321483	0.731248	-0.409765	0.0	0.388366	0.979608	0.385789	0.318839
SCF:0002312	AC:002000	S8EQL3	S8GED8	A0A125YS93	9g9t-assembly1.cif.gz	11_24	1	1	0	17.026	3.196	PDB_exact_pair_aggregate	0.2863	20_30	S8EQL3	S8GED8	S7W617	0.999788	0.999622	0.000166	1.0	0.160041	0.00474	0.687644	0.068088
SCF:0002313	AC:002002	A1Z8I0	Q9VA95	Q9VSY8	7b6x-assembly1.cif.gz	3_10	1	4	1	23.201	2.205	same_assembly_bridge	0.25	20_30	A1Z8I0	Q9VA95	Q9VSY8	0.988708	0.999542	-0.010834	0.0	0.004174	0.004176	0.743251	0.716295
SCF:0002314	AC:002003	A8IFG7	Q7DM26	Q84Y02	9se6-assembly1.cif.gz	11_24	1	1	0	53.062	2.748	PDB_exact_pair_aggregate	0.5357	ge50	A8IFG7	Q7DM26	Q84Y02	0.998225	0.998814	-0.000589	0.0	0.004345	0.004273	0.068569	0.100595
SCF:0002315	AC:002005	P17987	Q9UHV9	O60925	6nr9-assembly1.cif.gz	11_24	1	3	1	31.854	2.929	same_assembly_bridge	0.3625	30_40	Q32L40	Q9UHV9	O60925	0.999882	0.99989	-8e-06	0.0	0.008985	0.004243	0.796251	0.587195
SCF:0002316	AC:002005	Q9UHV9	P17987	P40227	6nr9-assembly1.cif.gz	11_24	1	3	1	31.854	2.763	PDB_exact_pair_aggregate	0.3085	30_40	Q9UHV9	Q32L40	P40227	0.999897	0.99989	7e-06	1.0	0.004295	0.004243	0.270296	0.587195
SCF:0002317	AC:002007	Q5JS54	P25786	O14818	8tm3-assembly1.cif.gz	11_24	1	2	1	13.67	2.285	PDB_exact_pair_aggregate	0.359	30_40	Q5JS54	P25786	O14818	0.998649	0.99962	-0.000971	0.0	0.004178	0.004177	0.425445	0.384196
SCF:0002318	AC:002007	Q5JS54	P25786	P28066	8tm3-assembly1.cif.gz	11_24	1	2	1	13.67	2.603	same_assembly_bridge	0.3304	30_40	Q5JS54	P25786	P28066	0.999916	0.99962	0.000296	1.0	0.004177	0.004177	0.146651	0.384196
SCF:0002319	AC:002007	Q5JS54	P25786	P25789	8tm3-assembly1.cif.gz	11_24	1	2	1	13.67	3.112	PDB_exact_pair_aggregate	0.313	30_40	Q5JS54	P25786	P23638	0.999733	0.99962	0.000113	1.0	0.004175	0.004177	0.36298	0.384196
SCF:0002320	AC:002008	A0A063XFC1	A0A063X754	A0A063X781	9p38-assembly1.cif.gz	11_24	1	2	1	14.976	3.163	PDB_exact_pair_aggregate	0.3152	30_40	P55873	A0A063X754	A0A063X781	0.999941	0.999932	9e-06	1.0	0.823855	0.71014	0.64919	0.811779
SCF:0002321	AC:002008	A0A063XFC1	A0A063X754	A0A063XCH0	9p38-assembly1.cif.gz	11_24	1	2	1	14.976	2.359	PDB_exact_pair_aggregate	0.2907	20_30	P55873	A0A063X754	A0A063XCH0	0.999943	0.999932	1.1e-05	1.0	0.737166	0.71014	0.760326	0.811779
SCF:0002322	AC:002008	A0A063XFC1	A0A063X754	A0A063XCG5	9p38-assembly1.cif.gz	11_24	1	2	1	14.976	2.917	PDB_exact_pair_aggregate	0.2658	20_30	P55873	A0A063X754	A0A063XCG5	0.999936	0.999932	4e-06	1.0	0.327884	0.71014	8e-06	0.811779
SCF:0002323	AC:002009	P56767	P27521	Q01667	7wfd-assembly1.cif.gz	11_24	1	1	0	17.096	3.297	PDB_exact_pair_aggregate	0.4612	40_50	T1RIQ1	Q84Y02	A0A9R0J8B1	0.99946	0.999589	-0.000129	0.0	0.228762	0.067582	0.459443	0.529226
SCF:0002324	AC:002009	P56767	P27521	Q9SA56	7wfd-assembly1.cif.gz	11_24	1	1	0	17.096	2.307	PDB_exact_pair_aggregate	0.3586	30_40	T1RIQ1	Q84Y02	A5Z2K3	0.974046	0.999589	-0.025543	0.0	0.004206	0.067582	0.040533	0.529226
SCF:0002325	AC:002009	P56767	P27521	Q9S7N7	7wfd-assembly1.cif.gz	11_24	1	1	0	17.096	2.254	PDB_exact_pair_aggregate	0.3478	30_40	T1RIQ1	Q84Y02	B6U534	0.996716	0.999589	-0.002873	0.0	0.026447	0.067582	0.362346	0.529226
SCF:0002326	AC:002010	A0A3Q7EMX2	A0A3Q7GDB0	Q38JI8	7qiy-assembly1.cif.gz	11_24	1	1	0	17.363	4.52	PDB_exact_pair_aggregate	0.297	20_30	A0A3Q7EMX2	G1SGX4	A0A3B6SS17	0.999943	0.999945	-2e-06	0.0	0.815169	0.77608	0.739369	0.676593
SCF:0002327	AC:002010	A0A3Q7GDB0	A0A3Q7EMX2	P49215	7qiy-assembly1.cif.gz	11_24	1	1	0	17.363	2.784	PDB_exact_pair_aggregate	0.3908	30_40	G1SGX4	A0A3Q7EMX2	C4M0Z2	0.999946	0.999945	1e-06	1.0	0.712275	0.77608	0.79113	0.676593
SCF:0002328	AC:002011	Q05900	Q08920	P40018	6n7p-assembly1.cif.gz	11_24	1	1	0	41.667	2.582	PDB_exact_pair_aggregate	0.2823	20_30	Q05900	Q08920	P40018	0.997285	0.012429	0.984856	1.0	0.845697	0.754094	0.381877	0.112404
SCF:0002329	AC:002011	Q05900	Q08920	Q00916	6n7p-assembly1.cif.gz	11_24	1	1	0	41.667	3.006	same_assembly_bridge	0.257	20_30	Q05900	Q08920	Q00916	0.005218	0.012429	-0.007211	0.0	0.780509	0.754094	0.029531	0.112404
SCF:0002330	AC:002013	P29254	P09192	Q55274	8am5-assembly1.cif.gz	11_24	1	1	0	42.007	2.796	PDB_exact_pair_aggregate	0.3842	30_40	A0T0M8	D0VWR8	Q55274	0.999293	0.999278	1.5e-05	1.0	0.065863	0.006293	0.686	0.552047
SCF:0002331	AC:002014	P0DP23	P49662	P12277	7wr5-assembly1.cif.gz	3_10	1	2	1	22.003	2.839	PDB_exact_pair_aggregate	0.3303	30_40	P0DP23	P49662	P12277	0.999569	0.999578	-9e-06	0.0	0.004215	0.004197	0.102928	0.001942
SCF:0002332	AC:002015	A0A1S3TNX9	A0A1S3TUX2	A0A1S3TQD2	7jro-assembly1.cif.gz	3_10	1	2	1	22.683	2.484	PDB_exact_pair_aggregate	0.2619	20_30	A0A1S3TNX9	A0A1S3TUX2	A0A1S3TQD2	0.99889	0.999787	-0.000897	0.0	0.004174	0.004175	0.244612	0.327245
SCF:0002333	AC:002016	P11703	A0A9R0I5M6	A0A9R0J865	8xzv-assembly1.cif.gz	11_24	1	1	0	22.596	2.893	PDB_exact_pair_aggregate	0.2941	20_30	P06271	A0A1S3X2G3	A0A1S3YEW3	0.000377	0.004647	-0.00427	0.0	0.004182	0.004181	0.160969	0.653533
SCF:0002334	AC:002020	B3H6Z4	O80634	Q9SGH4	7wff-assembly1.cif.gz	11_24	1	2	1	73.215	2.72	PDB_exact_pair_aggregate	0.2993	20_30	B3H6Z4	O80634	Q9SGH4	9.8e-05	0.001742	-0.001644	0.0	0.004177	0.004189	0.112115	0.247593
SCF:0002335	AC:002024	P16679	P16686	P16678	7z15-assembly1.cif.gz	11_24	1	2	1	48.477	2.837	same_assembly_bridge	0.3239	30_40	P16679	P16686	P16678	0.998198	0.013035	0.985163	1.0	0.317627	0.004305	0.76113	0.146549
SCF:0002336	AC:002024	P16686	P16679	P16678	7z15-assembly1.cif.gz	11_24	1	2	1	48.477	5.846	same_assembly_bridge	0.3526	30_40	P16686	P16679	P16678	0.010466	0.013035	-0.002569	0.0	0.00421	0.004305	0.664233	0.146549
SCF:0002337	AC:002025	Q75VY7	Q75VY8	Q75VZ0	6ijj-assembly1.cif.gz	11_24	1	15	1	44.514	2.976	PDB_exact_pair_aggregate	0.5251	ge50	Q84Y02	Q75VY8	Q75VY8	0.999929	0.999937	-8e-06	0.0	0.101378	0.049637	0.678123	0.689113
SCF:0002338	AC:002025	Q75VY7	Q75VY8	Q05093	6ijj-assembly1.cif.gz	11_24	1	15	1	44.514	2.455	PDB_exact_pair_aggregate	0.5124	ge50	Q84Y02	Q75VY8	Q7DM26	0.999932	0.999937	-5e-06	0.0	0.363543	0.049637	0.699962	0.689113
SCF:0002339	AC:002025	Q75VY7	Q75VY8	Q75VY4	6ijj-assembly1.cif.gz	11_24	1	15	1	44.514	2.439	PDB_exact_pair_aggregate	0.512	ge50	Q84Y02	Q75VY8	Q84Y02	0.999938	0.999937	1e-06	1.0	0.106138	0.049637	0.694205	0.689113
SCF:0002340	AC:002025	Q75VY8	Q75VY7	Q75VY4	6ijj-assembly1.cif.gz	11_24	1	15	1	44.514	4.013	PDB_exact_pair_aggregate	0.5556	ge50	Q75VY8	Q84Y02	Q84Y02	0.999939	0.999937	2e-06	1.0	0.048201	0.049637	0.75113	0.689113
SCF:0002341	AC:002025	Q75VY8	Q75VY7	Q84Y02	6ijj-assembly1.cif.gz	11_24	1	15	1	44.514	4.391	same_assembly_bridge	0.5556	ge50	Q75VY8	Q84Y02	Q84Y02	0.999938	0.999937	1e-06	1.0	0.039428	0.049637	0.752458	0.689113
SCF:0002342	AC:002025	Q75VY8	Q75VY7	Q75VY6	6ijj-assembly1.cif.gz	11_24	1	15	1	44.514	2.328	PDB_exact_pair_aggregate	0.514	ge50	Q75VY8	Q84Y02	A0A4V8H000	0.999937	0.999937	0.0	0.5	0.030367	0.049637	0.754162	0.689113
SCF:0002343	AC:002027	A0A4X1VTX4	A0A8D1AQR7	A0A4X1VEK9	9mlc-assembly1.cif.gz	11_24	1	1	0	29.767	2.917	PDB_exact_pair_aggregate	0.3117	30_40	O81098	A0A8D1AQR7	A0A4X1VEK9	0.999927	0.999908	1.9e-05	1.0	0.434377	0.639952	0.65108	0.723041
SCF:0002344	AC:002028	E1C9K9	E1C9L2	E1C9L1	3lw5-assembly1.cif.gz	11_24	1	1	0	73.868	1.685	PDB_exact_pair_aggregate	0.4432	40_50	E1C9K9	E1C9L2	E1C9L1	0.998393	0.996833	0.00156	1.0	0.013118	0.150416	0.572164	0.606257
SCF:0002345	AC:002031	F2QVW8	F2QT90	F2QVA2	8ucj-assembly1.cif.gz	11_24	1	1	0	33.37	2.251	PDB_exact_pair_aggregate	0.2987	20_30	F2QVW8	F2QT90	F2QVA2	0.999867	0.999896	-2.9e-05	0.0	0.979316	0.944099	0.779697	0.640704
SCF:0002346	AC:002035	P14225	Q7DM26	Q75VY7	9se6-assembly1.cif.gz	11_24	1	1	0	24.236	2.389	PDB_exact_pair_aggregate	0.5464	ge50	P14225	Q7DM26	Q84Y02	0.999443	0.999684	-0.000241	0.0	0.004235	0.004205	0.694814	0.656442
SCF:0002347	AC:002035	P14225	Q7DM26	Q75VY9	9se6-assembly1.cif.gz	11_24	1	1	0	24.236	2.742	PDB_exact_pair_aggregate	0.5	ge50	P14225	Q7DM26	I0YPL4	0.999411	0.999684	-0.000273	0.0	0.004186	0.004205	0.595022	0.656442
SCF:0002348	AC:002035	Q7DM26	P14225	P14224	9se6-assembly1.cif.gz	11_24	1	1	0	24.236	3.247	PDB_exact_pair_aggregate	0.4242	40_50	Q7DM26	P14225	P14224	0.999737	0.999684	5.3e-05	1.0	0.02395	0.004205	0.627256	0.656442
SCF:0002349	AC:002036	O14818	Q96P70	Q13200	9qoo-assembly1.cif.gz	11_24	1	2	1	19.051	4.714	PDB_exact_pair_aggregate	0.2917	20_30	O14818	Q96P70	Q13200	0.999862	0.002062	0.9978	1.0	0.049123	0.004189	0.738222	0.663944
SCF:0002350	AC:002036	O14818	Q96P70	Q99460	9qoo-assembly1.cif.gz	11_24	1	2	1	19.051	2.606	PDB_exact_pair_aggregate	0.2794	20_30	O14818	Q96P70	Q99460	0.999897	0.002062	0.997835	1.0	0.051223	0.004189	0.74506	0.663944
SCF:0002351	AC:002036	Q96P70	O14818	P25787	9qoo-assembly1.cif.gz	11_24	1	2	1	19.051	3.244	PDB_exact_pair_aggregate	0.3991	30_40	Q96P70	O14818	P25787	0.000873	0.002062	-0.001189	0.0	0.004193	0.004189	0.595307	0.663944
SCF:0002352	AC:002036	Q96P70	O14818	P60900	9qoo-assembly1.cif.gz	11_24	1	2	1	19.051	3.583	PDB_exact_pair_aggregate	0.3519	30_40	Q96P70	O14818	P60900	0.000173	0.002062	-0.001889	0.0	0.004238	0.004189	0.675679	0.663944
SCF:0002353	AC:002038	A0A063X745	A0A063X8U6	A0A063XCP1	9p38-assembly1.cif.gz	11_24	1	2	1	47.14	2.952	PDB_exact_pair_aggregate	0.2957	20_30	A0A063X745	A0A063X8U6	P0A0F8	0.999607	0.999699	-9.2e-05	0.0	0.542916	0.791561	0.832019	0.789536
SCF:0002354	AC:002039	O15212	O60925	Q9NQP4	6nrb-assembly1.cif.gz	11_24	1	3	1	13.057	2.423	PDB_exact_pair_aggregate	0.3265	30_40	O15212	O60925	Q9NQP4	0.999584	0.99943	0.000154	1.0	0.00418	0.004182	0.746097	0.742021
SCF:0002355	AC:002039	O15212	O60925	Q99471	6nrb-assembly1.cif.gz	11_24	1	3	1	13.057	2.53	same_assembly_bridge	0.2455	20_30	O15212	O60925	Q99471	0.999755	0.99943	0.000325	1.0	0.00418	0.004182	0.668422	0.742021
SCF:0002356	AC:002039	O15212	O60925	P61758	6nrb-assembly1.cif.gz	11_24	1	3	1	13.057	2.836	PDB_exact_pair_aggregate	0.2308	20_30	O15212	O60925	P61758	0.99985	0.99943	0.00042	1.0	0.004192	0.004182	0.686191	0.742021
SCF:0002357	AC:002039	O60925	O15212	P61758	6nrb-assembly1.cif.gz	11_24	1	3	1	13.057	2.544	PDB_exact_pair_aggregate	0.2692	20_30	O60925	O15212	P61758	0.999808	0.99943	0.000378	1.0	0.004254	0.004182	0.54276	0.742021
SCF:0002358	AC:002039	O60925	O15212	Q99471	6nrb-assembly1.cif.gz	11_24	1	3	1	13.057	2.244	same_assembly_bridge	0.2689	20_30	O60925	O15212	Q99471	0.999634	0.99943	0.000204	1.0	0.004186	0.004182	0.763725	0.742021
SCF:0002359	AC:002039	O60925	O15212	Q9UHV9	6nrb-assembly1.cif.gz	11_24	1	3	1	13.057	2.299	PDB_exact_pair_aggregate	0.2202	20_30	O60925	O15212	Q9UHV9	0.999527	0.99943	9.7e-05	1.0	0.004205	0.004182	0.699725	0.742021
SCF:0002360	AC:002042	Q8SDC8	Q8SD64	Q8SD63	9xps-assembly1.cif.gz	11_24	1	1	0	44.424	2.796	same_assembly_bridge	0.3007	30_40	Q8SDC8	Q8SD64	Q8SD63	0.870351	0.691589	0.178762	1.0	0.004175	0.004176	0.101276	0.169399
SCF:0002361	AC:002043	P40337	Q15843	Q03071	6r7f-assembly1.cif.gz	11_24	1	1	0	24.688	1.154	PDB_exact_pair_aggregate	0.3607	30_40	P40337	Q15843	Q03071	0.999724	0.999817	-9.3e-05	0.0	0.004247	0.004238	0.385426	0.785984
SCF:0002362	AC:002044	A0A8J1L9M8	B1H1T5	Q4V7I1	8at3-assembly1.cif.gz	3_10	1	3	1	117.462	2.091	PDB_exact_pair_aggregate	0.2473	20_30	Q96CS2	B1H1T5	Q4V7I1	0.999943	0.999879	6.4e-05	1.0	0.004178	0.004178	0.430335	0.162293
SCF:0002363	AC:002047	Q9Y7N2	O94646	Q9US45	5n9j-assembly1.cif.gz	11_24	1	1	0	25.602	2.18	same_assembly_bridge	0.3217	30_40	Q9Y7N2	O94646	Q9US45	0.974907	0.999889	-0.024982	0.0	0.004181	0.004177	0.35892	0.364878
SCF:0002364	AC:002048	P30665	P50874	P54790	6wgg-assembly1.cif.gz	11_24	1	3	1	27.703	2.36	PDB_exact_pair_aggregate	0.3506	30_40	P30665	P50874	P54790	0.002126	0.015942	-0.013816	0.0	0.004176	0.004247	0.707567	0.755209
SCF:0002365	AC:002048	P50874	P30665	P24279	6wgg-assembly1.cif.gz	11_24	1	3	1	27.703	2.736	PDB_exact_pair_aggregate	0.4003	40_50	P50874	P30665	P24279	0.999509	0.015942	0.983567	1.0	0.004176	0.004247	0.754856	0.755209
SCF:0002366	AC:002050	A0A2M9V7I0	A0A9X9IKM4	A0A5M5QTL0	9lq5-assembly1.cif.gz	3_10	1	3	1	49.002	2.4	PDB_exact_pair_aggregate	0.2709	20_30	A0A2M9V7I0	A0A9X9IKM4	A0A5M5QTL0	0.946594	0.989449	-0.042855	0.0	0.004174	0.004174	0.026999	0.056437
SCF:0002367	AC:002053	Q8DKZ3	Q8DJ02	Q8DL30	6nbx-assembly1.cif.gz	11_24	1	9	1	13.161	2.464	PDB_exact_pair_aggregate	0.3077	30_40	Q8DKZ3	P56751	Q8DL30	0.998502	0.009381	0.989121	1.0	0.004214	0.004204	0.612621	0.616476
SCF:0002368	AC:002056	Q08363	A0A2K3DWM2	A8I846	8kde-assembly1.cif.gz	11_24	1	1	0	33.001	3.332	PDB_exact_pair_aggregate	0.3043	30_40	P12239	A0A2K3DWM2	A8I846	0.007665	0.190529	-0.182864	0.0	0.005171	0.005064	0.607879	0.527397
SCF:0002369	AC:002059	P40337	P61201	Q13098	6r6h-assembly1.cif.gz	11_24	1	2	1	9.575	2.263	PDB_exact_pair_aggregate	0.2536	20_30	P40337	P61201	Q13098	0.999816	0.999781	3.5e-05	1.0	0.004177	0.004184	0.721273	0.46882
SCF:0002370	AC:002059	P40337	P61201	Q9UNS2	6r6h-assembly1.cif.gz	11_24	1	2	1	9.575	2.678	PDB_exact_pair_aggregate	0.2475	20_30	P40337	P61201	Q9UNS2	0.999826	0.999781	4.5e-05	1.0	0.02174	0.004184	0.569898	0.46882
SCF:0002371	AC:002059	P61201	P40337	P63208	6r6h-assembly1.cif.gz	11_24	1	2	1	9.575	3.072	PDB_exact_pair_aggregate	0.281	20_30	P61201	P40337	P63208	0.999903	0.999781	0.000122	1.0	0.004181	0.004184	0.715087	0.46882
SCF:0002372	AC:002060	Q9Y230	P0C0S5	P04908	9c62-assembly1.cif.gz	11_24	1	2	1	49.357	2.79	PDB_exact_pair_aggregate	0.6471	ge50	Q9Y230	P0C0S5	P0C0S5	0.999277	0.999724	-0.000447	0.0	0.817334	0.842367	0.745535	0.756539
SCF:0002373	AC:002060	Q9Y230	P0C0S5	P68431	9c62-assembly1.cif.gz	11_24	1	2	1	49.357	2.681	PDB_exact_pair_aggregate	0.3556	30_40	Q9Y230	P0C0S5	P02299	0.999632	0.999724	-9.2e-05	0.0	0.875693	0.842367	0.756286	0.756539
SCF:0002374	AC:002061	P01730	Q6N095	P0DOX5	2nxy-assembly1.cif.gz	3_10	1	1	0	11.595	1.948	PDB_exact_pair_aggregate	0.8753	ge50	P01730	Q6N030	Q6N030	0.999647	0.998684	0.000963	1.0	0.227803	0.485562	0.105536	0.110272
SCF:0002375	AC:002061	P01730	Q6N095	P03437	2nxy-assembly1.cif.gz	3_10	1	1	0	11.595	2.664	PDB_exact_pair_aggregate	0.2621	20_30	P01730	Q6N030	P03437	0.000454	0.998684	-0.99823	0.0	0.004195	0.485562	0.055824	0.110272
SCF:0002376	AC:002064	Q9BQ15	Q9NVR2	Q68E01	8rbz-assembly1.cif.gz	11_24	1	1	0	90.789	2.633	PDB_exact_pair_aggregate	0.3007	30_40	Q9BQ15	Q9NVR2	Q68E01	0.999466	0.981109	0.018357	1.0	0.004177	0.004177	0.19029	0.134573
SCF:0002377	AC:002067	P53218	Q12530	P28005	7c7a-assembly1.cif.gz	11_24	1	2	1	34.593	2.553	PDB_exact_pair_aggregate	0.2903	20_30	P53218	Q12530	P28005	0.999629	0.998039	0.00159	1.0	0.004173	0.004174	0.511949	0.250446
SCF:0002378	AC:002068	Q9Y2Q5	Q8NFG4	Q12980	6nzd-assembly1.cif.gz	3_10	1	2	1	25.065	2.325	PDB_exact_pair_aggregate	0.2973	20_30	Q9Y2Q5	Q8NFG4	Q12980	0.999814	0.999917	-0.000103	0.0	0.004182	0.004187	0.499429	0.292278
SCF:0002379	AC:002069	Q50754	P60238	D9PY02	9sw3-assembly1.cif.gz	11_24	1	5	1	33.766	2.431	PDB_exact_pair_aggregate	0.648	ge50	Q50754	D9PY02	D9PY02	0.966963	0.952723	0.01424	1.0	0.004193	0.004193	0.498483	0.250566
SCF:0002380	AC:002071	S0BBR6	S0BBU7	S0BAP9	7vld-assembly1.cif.gz	11_24	1	8	1	10.21	2.263	PDB_exact_pair_aggregate	0.3618	30_40	S0BBR6	S0BBU7	S0BAP9	0.99875	0.999896	-0.001146	0.0	0.022216	0.072317	0.669623	0.639194
SCF:0002381	AC:002071	S0BBR6	S0BBU7	S0BCU7	7vld-assembly1.cif.gz	11_24	1	8	1	10.21	2.611	same_assembly_bridge	0.3289	30_40	S0BBR6	S0BBU7	S0BCU7	0.998943	0.999896	-0.000953	0.0	0.011012	0.072317	0.614476	0.639194
SCF:0002382	AC:002071	S0BBU7	S0BBR6	S0BCU7	7vld-assembly1.cif.gz	11_24	1	8	1	10.21	2.029	same_assembly_bridge	0.3618	30_40	S0BBU7	S0BBR6	S0BCU7	0.99951	0.999896	-0.000386	0.0	0.150536	0.072317	0.56369	0.639194
SCF:0002383	AC:002071	S0BBU7	S0BBR6	S0BAP9	7vld-assembly1.cif.gz	11_24	1	8	1	10.21	2.333	PDB_exact_pair_aggregate	0.3613	30_40	S0BBU7	S0BBR6	S0BAP9	0.999779	0.999896	-0.000117	0.0	0.015221	0.072317	0.651742	0.639194
SCF:0002384	AC:002075	Q9VUZ1	Q9VA95	Q9VSY8	7b6d-assembly1.cif.gz	3_10	1	4	1	46.807	2.89	same_assembly_bridge	0.25	20_30	Q9VUZ1	Q9VA95	Q9VSY8	0.999911	0.999733	0.000178	1.0	0.004175	0.004176	0.764989	0.655628
SCF:0002385	AC:002076	Q8WVM7	Q9UQE7	Q14683	6wg3-assembly1.cif.gz	3_10	1	2	1	16.902	2.448	PDB_exact_pair_aggregate	0.3038	30_40	Q8WVM7	Q9UQE7	Q14683	0.000642	0.005167	-0.004525	0.0	0.006073	0.036284	0.655647	0.720506
SCF:0002386	AC:002076	Q9UQE7	Q8WVM7	Q14683	6wg3-assembly1.cif.gz	3_10	1	2	1	16.902	2.334	PDB_exact_pair_aggregate	0.2656	20_30	Q9UQE7	Q8WVM7	Q14683	0.996795	0.005167	0.991628	1.0	0.004177	0.036284	0.517112	0.720506
SCF:0002387	AC:002078	P80883	P00289	P00166	9tgg-assembly1.cif.gz	11_24	1	1	0	29.271	4.771	PDB_exact_pair_aggregate	0.3483	30_40	P80883	P16002	P00166	0.999454	0.996427	0.003027	1.0	0.04209	0.004213	0.059973	0.011492
SCF:0002388	AC:002080	Q2T9T3	F2Z4H3	Q32PE0	9xgk-assembly1.cif.gz	11_24	1	6	1	28.353	3.189	PDB_exact_pair_aggregate	0.3117	30_40	O81098	A0A8D1AQR7	A0A4X1VEK9	0.999935	0.999943	-8e-06	0.0	0.563185	0.583097	0.674825	0.743743
SCF:0002389	AC:002080	Q2T9T3	F2Z4H3	F2Z4C9	9xgk-assembly1.cif.gz	11_24	1	6	1	28.353	2.928	PDB_exact_pair_aggregate	0.3117	30_40	O81098	A0A8D1AQR7	A0A4X1VEK9	0.999934	0.999943	-9e-06	0.0	0.39799	0.583097	0.675746	0.743743
SCF:0002390	AC:002080	Q2T9T3	F2Z4H3	A0A4X1VEK9	9xgk-assembly1.cif.gz	11_24	1	6	1	28.353	3.304	PDB_exact_pair_aggregate	0.3117	30_40	O81098	A0A8D1AQR7	A0A4X1VEK9	0.999927	0.999943	-1.6e-05	0.0	0.372391	0.583097	0.662819	0.743743
SCF:0002391	AC:002082	O94355	O14021	O74736	8i03-assembly1.cif.gz	11_24	1	1	0	21.473	2.773	PDB_exact_pair_aggregate	0.3128	30_40	O94355	O14021	O74736	0.970777	0.928161	0.042616	1.0	0.004178	0.004176	0.270827	0.562863
SCF:0002392	AC:002082	O94355	O14021	Q9P7M1	8i03-assembly1.cif.gz	11_24	1	1	0	21.473	2.257	PDB_exact_pair_aggregate	0.2786	20_30	O94355	O14021	Q9P7M1	0.060092	0.928161	-0.868069	0.0	0.004177	0.004176	0.05582	0.562863
SCF:0002393	AC:002085	Q8DKZ4	Q8DL29	Q8DJ02	6khi-assembly1.cif.gz	11_24	1	9	1	19.186	2.357	same_assembly_bridge	0.3375	30_40	Q8DKZ4	Q8DL29	P56751	0.001201	0.772264	-0.771063	0.0	0.005108	0.062669	0.694421	0.280967
SCF:0002394	AC:002085	Q8DL29	Q8DKZ4	Q8DL31	6khi-assembly1.cif.gz	11_24	1	9	1	19.186	4.769	PDB_exact_pair_aggregate	0.3083	30_40	Q8DL29	Q8DKZ4	Q8DL31	0.819119	0.772264	0.046855	1.0	0.012201	0.062669	0.433608	0.280967
SCF:0002395	AC:002087	Q71DI3	Q8N884	Q9NRC8	6y5d-assembly1.cif.gz	11_24	1	3	1	15.391	2.585	PDB_exact_pair_aggregate	0.3223	30_40	P02299	Q8N884	Q9NRC8	0.999446	0.999702	-0.000256	0.0	0.830295	0.004174	0.703954	0.499435
SCF:0002396	AC:002087	Q8N884	Q71DI3	Q99877	6y5d-assembly1.cif.gz	11_24	1	3	1	15.391	2.732	PDB_exact_pair_aggregate	0.3263	30_40	Q8N884	P02299	O23629	0.999154	0.999702	-0.000548	0.0	0.004183	0.004174	0.402527	0.499435
SCF:0002397	AC:002087	Q8N884	Q71DI3	P04908	6y5d-assembly1.cif.gz	11_24	1	3	1	15.391	2.287	PDB_exact_pair_aggregate	0.3214	30_40	Q8N884	P02299	P0C0S5	0.998991	0.999702	-0.000711	0.0	0.004178	0.004174	0.394138	0.499435
SCF:0002398	AC:002087	Q8N884	Q71DI3	Q99878	6y5d-assembly1.cif.gz	11_24	1	3	1	15.391	2.687	PDB_exact_pair_aggregate	0.3214	30_40	Q8N884	P02299	P0C0S5	0.99696	0.999702	-0.002742	0.0	0.004177	0.004174	0.475265	0.499435
SCF:0002399	AC:002088	Q2FW15	Q2G113	Q2FW20	8bh7-assembly1.cif.gz	11_24	1	15	1	34.483	3.078	PDB_exact_pair_aggregate	0.3537	30_40	P0AG63	P21468	Q2FW20	0.999921	0.999889	3.2e-05	1.0	0.803123	0.291462	0.644982	0.557878
SCF:0002400	AC:002090	A0A8D0TE17	A0A4X1VTX4	I3LSI7	9mlc-assembly1.cif.gz	11_24	1	1	0	42.966	2.655	PDB_exact_pair_aggregate	1.0	ge50	A0A8D0TE17	O81098	O81098	0.999926	0.999915	1.1e-05	1.0	0.479528	0.479528	0.82188	0.821879
SCF:0002401	AC:002091	C4R0E6	C4QWA8	F2QMI1	9ii7-assembly1.cif.gz	11_24	1	2	1	43.176	2.854	PDB_exact_pair_aggregate	0.971	ge50	C4R0E6	P40422	P40422	0.999828	0.996603	0.003225	1.0	0.004181	0.004179	0.475552	0.470759
SCF:0002402	AC:002093	A0T0T5	B8C2K6	B8C0K4	8xls-assembly1.cif.gz	11_24	1	2	1	20.649	2.556	PDB_exact_pair_aggregate	0.3989	30_40	E1C9K8	B8C2K6	B8C0K4	0.004918	0.001758	0.00316	1.0	0.004229	0.004221	0.045717	0.097331
SCF:0002403	AC:002094	Q96HW7	Q6PJG6	Q6P9B9	8r2d-assembly1.cif.gz	3_10	1	1	0	17.069	2.581	PDB_exact_pair_aggregate	0.3203	30_40	Q96HW7	Q6PJG6	Q6P9B9	0.838906	0.122859	0.716047	1.0	0.004175	0.004175	0.656954	0.266562
SCF:0002404	AC:002094	Q96HW7	Q6PJG6	Q9UL03	8r2d-assembly1.cif.gz	3_10	1	1	0	17.069	2.373	PDB_exact_pair_aggregate	0.3161	30_40	Q96HW7	Q6PJG6	Q9UL03	0.992622	0.122859	0.869763	1.0	0.004175	0.004175	0.435178	0.266562
SCF:0002405	AC:002094	Q96HW7	Q6PJG6	Q9NVH2	8r2d-assembly1.cif.gz	3_10	1	1	0	17.069	2.276	PDB_exact_pair_aggregate	0.3009	30_40	Q96HW7	Q6PJG6	Q9NVH2	0.997588	0.122859	0.874729	1.0	0.0045	0.004175	0.732471	0.266562
SCF:0002406	AC:002096	P49368	Q9UHV9	O60925	6nr9-assembly1.cif.gz	11_24	1	3	1	19.806	2.362	same_assembly_bridge	0.3625	30_40	Q3T0K2	Q9UHV9	O60925	0.999922	0.999907	1.5e-05	1.0	0.005524	0.004321	0.515353	0.479696
SCF:0002407	AC:002096	P49368	Q9UHV9	Q99471	6nr9-assembly1.cif.gz	11_24	1	3	1	19.806	2.34	PDB_exact_pair_aggregate	0.2785	20_30	Q3T0K2	Q9UHV9	Q99471	0.999866	0.999907	-4.1e-05	0.0	0.004183	0.004321	0.744918	0.479696
SCF:0002408	AC:002096	Q9UHV9	P49368	P40227	6nr9-assembly1.cif.gz	11_24	1	3	1	19.806	2.763	PDB_exact_pair_aggregate	0.314	30_40	Q9UHV9	Q3T0K2	P40227	0.999897	0.999907	-1e-05	0.0	0.004295	0.004321	0.270296	0.479696
SCF:0002409	AC:002098	P21466	P21477	P12873	8ced-assembly1.cif.gz	11_24	1	22	1	28.452	2.576	PDB_exact_pair_aggregate	0.2615	20_30	P80373	P21477	P12873	0.999908	0.999912	-4e-06	0.0	0.006981	0.266415	0.497275	0.824426
SCF:0002410	AC:002098	P21466	P21477	P42924	8ced-assembly1.cif.gz	11_24	1	22	1	28.452	2.877	PDB_exact_pair_aggregate	0.25	20_30	P80373	P21477	Q2FW08	0.999935	0.999912	2.3e-05	1.0	0.821256	0.266415	0.239356	0.824426
SCF:0002411	AC:002101	P08980	P69461	P80883	9es9-assembly1.cif.gz	11_24	1	7	1	11.78	4.249	PDB_exact_pair_aggregate	0.3158	30_40	P08980	P74149	P80883	0.928765	0.947847	-0.019082	0.0	0.004225	0.004529	0.718781	0.64096
SCF:0002412	AC:002104	O15212	Q9UHV9	Q9NQP4	6nrb-assembly1.cif.gz	11_24	1	3	1	17.84	2.423	PDB_exact_pair_aggregate	0.2967	20_30	O15212	Q9UHV9	Q9NQP4	0.999584	0.999541	4.3e-05	1.0	0.00418	0.004227	0.746097	0.780653
SCF:0002413	AC:002104	O15212	Q9UHV9	P61758	6nrb-assembly1.cif.gz	11_24	1	3	1	17.84	2.836	PDB_exact_pair_aggregate	0.2807	20_30	O15212	Q9UHV9	P61758	0.99985	0.999541	0.000309	1.0	0.004192	0.004227	0.686191	0.780653
SCF:0002414	AC:002104	O15212	Q9UHV9	Q99471	6nrb-assembly1.cif.gz	11_24	1	3	1	17.84	2.53	same_assembly_bridge	0.2785	20_30	O15212	Q9UHV9	Q99471	0.999755	0.999541	0.000214	1.0	0.00418	0.004227	0.668422	0.780653
SCF:0002415	AC:002104	Q9UHV9	O15212	O60925	6nrb-assembly1.cif.gz	11_24	1	3	1	17.84	2.299	PDB_exact_pair_aggregate	0.2778	20_30	Q9UHV9	O15212	O60925	0.999527	0.999541	-1.4e-05	0.0	0.004205	0.004227	0.699725	0.780653
SCF:0002416	AC:002104	Q9UHV9	O15212	P61758	6nrb-assembly1.cif.gz	11_24	1	3	1	17.84	2.093	PDB_exact_pair_aggregate	0.2692	20_30	Q9UHV9	O15212	P61758	0.999876	0.999541	0.000335	1.0	0.004204	0.004227	0.597679	0.780653
SCF:0002417	AC:002104	Q9UHV9	O15212	Q99471	6nrb-assembly1.cif.gz	11_24	1	3	1	17.84	2.358	same_assembly_bridge	0.2689	20_30	Q9UHV9	O15212	Q99471	0.99973	0.999541	0.000189	1.0	0.004188	0.004227	0.79725	0.780653
SCF:0002418	AC:002107	P9WGZ1	P9WIU9	P71814	8e82-assembly1.cif.gz	3_10	1	3	1	62.967	3.11	PDB_exact_pair_aggregate	0.3	30_40	P9WGZ1	P9WIU9	P71814	0.011114	0.980573	-0.969459	0.0	0.004215	0.004278	0.27451	0.758902
SCF:0002419	AC:002108	Q05093	Q75VY4	Q75VY7	6ijo-assembly1.cif.gz	11_24	1	3	1	36.992	2.536	same_assembly_bridge	0.5556	ge50	Q7DM26	Q84Y02	Q84Y02	0.999932	0.999921	1.1e-05	1.0	0.363543	0.200392	0.699962	0.736141
SCF:0002420	AC:002108	Q05093	Q75VY4	Q75VZ0	6ijo-assembly1.cif.gz	11_24	1	3	1	36.992	2.635	PDB_exact_pair_aggregate	0.4558	40_50	Q7DM26	Q84Y02	Q75VY8	0.999931	0.999921	1e-05	1.0	0.337422	0.200392	0.719298	0.736141
SCF:0002421	AC:002108	Q75VY4	Q05093	Q75VY7	6ijo-assembly1.cif.gz	11_24	1	3	1	36.992	2.439	same_assembly_bridge	0.5343	ge50	Q84Y02	Q7DM26	Q84Y02	0.999938	0.999921	1.7e-05	1.0	0.106138	0.200392	0.694205	0.736141
SCF:0002422	AC:002108	Q75VY4	Q05093	Q75VY6	6ijo-assembly1.cif.gz	11_24	1	3	1	36.992	2.436	PDB_exact_pair_aggregate	0.5202	ge50	Q84Y02	Q7DM26	A0A4V8H000	0.999937	0.999921	1.6e-05	1.0	0.101723	0.200392	0.752668	0.736141
SCF:0002423	AC:002108	Q75VY4	Q05093	Q75VY8	6ijo-assembly1.cif.gz	11_24	1	3	1	36.992	4.013	PDB_exact_pair_aggregate	0.5124	ge50	Q84Y02	Q7DM26	Q75VY8	0.999939	0.999921	1.8e-05	1.0	0.048201	0.200392	0.75113	0.736141
SCF:0002424	AC:002110	A0A072ZPV8	E2RXT0	A0A069QC99	6spe-assembly1.cif.gz	11_24	1	3	1	23.233	2.937	PDB_exact_pair_aggregate	0.2364	20_30	A0QVB8	P21471	A0A069QC99	0.999536	0.999678	-0.000142	0.0	0.904329	0.884582	0.269769	0.743696
SCF:0002425	AC:002113	P9WPV7	P9WPU9	P9WPV3	8j0t-assembly1.cif.gz	11_24	1	2	1	23.831	2.248	PDB_exact_pair_aggregate	0.3231	30_40	P9WPV7	P9WPU9	P9WPV3	0.999789	0.999719	7e-05	1.0	0.004204	0.004236	0.526639	0.165869
SCF:0002426	AC:002115	P13073	O00483	P09669	5z62-assembly1.cif.gz	11_24	1	2	1	22.507	2.419	PDB_exact_pair_aggregate	0.2632	20_30	P13073	O00483	P04038	0.999891	0.999892	-1e-06	0.0	0.12366	0.698455	0.611008	0.70831
SCF:0002427	AC:002118	A0A1J7CKJ9	A0A1B2U0I9	A0A1J7CBV3	9zcd-assembly1.cif.gz	11_24	1	5	1	30.597	2.288	PDB_exact_pair_aggregate	0.3068	30_40	A0A1J7CKJ9	Q839E7	Q50296	0.999929	0.999937	-8e-06	0.0	0.005619	0.745955	0.785671	0.730978
SCF:0002428	AC:002118	A0A1J7CKJ9	A0A1B2U0I9	A0A1M7D8T3	9zcd-assembly1.cif.gz	11_24	1	5	1	30.597	4.013	PDB_exact_pair_aggregate	0.2841	20_30	A0A1J7CKJ9	Q839E7	P0A0F8	0.999857	0.999937	-8e-05	0.0	0.004261	0.745955	0.752999	0.730978
SCF:0002429	AC:002119	Q9NW38	Q00597	Q8NB91	7kzq-assembly1.cif.gz	11_24	1	6	1	103.244	1.945	PDB_exact_pair_aggregate	0.2739	20_30	Q9NW38	Q00597	Q8NB91	0.993878	0.999917	-0.006039	0.0	0.004174	0.004174	0.284879	0.317081
SCF:0002430	AC:002120	O96019	Q9GZN1	P60709	8x15-assembly1.cif.gz	11_24	1	3	1	8.125	2.04	PDB_exact_pair_aggregate	0.3084	30_40	O96019	Q9GZN1	P68134	0.999736	0.999787	-5.1e-05	0.0	0.980925	0.966265	0.788393	0.764668
SCF:0002431	AC:002120	O96019	Q9GZN1	Q8WUB8	8x15-assembly1.cif.gz	11_24	1	3	1	8.125	2.332	PDB_exact_pair_aggregate	0.2676	20_30	O96019	Q9GZN1	Q8WUB8	0.999224	0.999787	-0.000563	0.0	0.069045	0.966265	0.637024	0.764668
SCF:0002432	AC:002120	Q9GZN1	O96019	P60709	8x15-assembly1.cif.gz	11_24	1	3	1	8.125	2.79	PDB_exact_pair_aggregate	0.4173	40_50	Q9GZN1	O96019	P68134	0.99906	0.999787	-0.000727	0.0	0.974771	0.966265	0.805754	0.764668
SCF:0002433	AC:002121	Q2FW20	Q2G2D3	Q2FW23	8bh7-assembly1.cif.gz	11_24	1	1	0	49.223	2.177	PDB_exact_pair_aggregate	0.3084	30_40	Q2FW20	Q2G2D3	Q839E7	0.999952	0.998959	0.000993	1.0	0.930274	0.020053	0.847365	0.721035
SCF:0002434	AC:002121	Q2G2D3	Q2FW20	P0A0H0	8bh7-assembly1.cif.gz	11_24	1	1	0	49.223	2.616	same_assembly_bridge	0.3133	30_40	Q2G2D3	Q2FW20	P21472	0.810654	0.998959	-0.188305	0.0	0.132845	0.020053	0.382686	0.721035
SCF:0002435	AC:002123	K7NU68	A0A7S3VHS4	A0A7S3R4R1	9mgz-assembly1.cif.gz	11_24	1	1	0	40.417	2.966	PDB_exact_pair_aggregate	0.4593	40_50	T1RIQ1	Q7DM26	Q84Y02	0.999873	0.999849	2.4e-05	1.0	0.027168	0.015529	0.469913	0.192755
SCF:0002436	AC:002124	Q22YU3	Q22R86	Q24CE5	6zyw-assembly1.cif.gz	11_24	1	1	0	19.392	2.331	PDB_exact_pair_aggregate	0.3247	30_40	Q22YU3	Q22R86	Q24CE5	0.565567	0.610684	-0.045117	0.0	0.004178	0.004191	0.412568	0.085609
SCF:0002437	AC:002124	Q22YU3	Q22R86	Q24DI9	6zyw-assembly1.cif.gz	11_24	1	1	0	19.392	3.062	PDB_exact_pair_aggregate	0.3594	30_40	Q22YU3	Q22R86	Q24DI9	0.014216	0.610684	-0.596468	0.0	0.004176	0.004191	0.148784	0.085609
SCF:0002438	AC:002125	Q7K2Q8	Q9VA95	Q9VLI9	7b6d-assembly1.cif.gz	3_10	1	4	1	24.679	2.622	same_assembly_bridge	0.2727	20_30	Q7K2Q8	Q9VA95	Q9VLI9	0.999882	0.999741	0.000141	1.0	0.004175	0.004176	0.177815	0.4068
SCF:0002439	AC:002125	Q7K2Q8	Q9VA95	Q9VSY8	7b6d-assembly1.cif.gz	3_10	1	4	1	24.679	2.512	PDB_exact_pair_aggregate	0.25	20_30	Q7K2Q8	Q9VA95	Q9VSY8	0.999853	0.999741	0.000112	1.0	0.004174	0.004176	0.650341	0.4068
SCF:0002440	AC:002125	Q7K2Q8	Q9VA95	Q9VUZ1	7b6d-assembly1.cif.gz	3_10	1	4	1	24.679	2.049	PDB_exact_pair_aggregate	0.208	20_30	Q7K2Q8	Q9VA95	Q9VUZ1	0.999924	0.999741	0.000183	1.0	0.004175	0.004176	0.661895	0.4068
SCF:0002441	AC:002125	Q9VA95	Q7K2Q8	Q9VF82	7b6d-assembly1.cif.gz	3_10	1	4	1	24.679	2.41	PDB_exact_pair_aggregate	0.307	30_40	Q9VA95	Q7K2Q8	Q9VF82	0.999897	0.999741	0.000156	1.0	0.004177	0.004176	0.46359	0.4068
SCF:0002442	AC:002125	Q9VA95	Q7K2Q8	Q9VSY8	7b6d-assembly1.cif.gz	3_10	1	4	1	24.679	2.255	PDB_exact_pair_aggregate	0.225	20_30	Q9VA95	Q7K2Q8	Q9VSY8	0.999544	0.999741	-0.000197	0.0	0.004176	0.004176	0.780817	0.4068
SCF:0002443	AC:002126	P29056	P32349	P46678	6cnb-assembly1.cif.gz	11_24	1	8	1	14.592	2.205	PDB_exact_pair_aggregate	0.3208	30_40	P29056	P32349	P46678	0.005967	0.999346	-0.993379	0.0	0.00418	0.004188	0.543746	0.616783
SCF:0002444	AC:002127	Q85FY7	M1VKK5	M1UU36	5zgb-assembly1.cif.gz	11_24	1	1	0	17.792	3.472	PDB_exact_pair_aggregate	0.3854	30_40	A0T0M8	M1VKK5	M1UU36	0.996084	0.999732	-0.003648	0.0	0.032463	0.061342	0.526002	0.55191
SCF:0002445	AC:002127	Q85FY7	M1VKK5	M1VFJ4	5zgb-assembly1.cif.gz	11_24	1	1	0	17.792	3.239	PDB_exact_pair_aggregate	0.3083	30_40	A0T0M8	M1VKK5	M1VFJ4	0.986712	0.999732	-0.01302	0.0	0.015217	0.061342	0.234106	0.55191
SCF:0002446	AC:002132	A0A2K3E6S5	P50370	P37256	9iiu-assembly1.cif.gz	11_24	1	3	1	29.908	2.693	PDB_exact_pair_aggregate	0.4118	40_50	A0A2K3E6S5	P50370	O19927	0.001597	0.000235	0.001362	1.0	0.00419	0.004263	0.10305	0.116395
SCF:0002447	AC:002132	A0A2K3E6S5	P50370	P92277	9iiu-assembly1.cif.gz	11_24	1	3	1	29.908	2.495	PDB_exact_pair_aggregate	0.2222	20_30	A0A2K3E6S5	P50370	P92277	0.000293	0.000235	5.8e-05	1.0	0.005133	0.004263	0.138224	0.116395
SCF:0002448	AC:002134	P0DOX5	Q6P5S8	Q6PIL8	6v8z-assembly1.cif.gz	11_24	1	1	0	36.526	2.582	PDB_exact_pair_aggregate	0.928	ge50	Q6N030	Q8TCD0	Q8TCD0	0.999863	0.999824	3.9e-05	1.0	0.430496	0.570523	0.761068	0.730339
SCF:0002449	AC:002134	P0DOX5	Q6P5S8	P0DOX7	6v8z-assembly1.cif.gz	11_24	1	1	0	36.526	2.262	PDB_exact_pair_aggregate	0.8084	ge50	Q6N030	Q8TCD0	Q8TCD0	0.999879	0.999824	5.5e-05	1.0	0.361259	0.570523	0.794985	0.730339
SCF:0002450	AC:002134	P0DOX5	Q6P5S8	Q6GMX0	6v8z-assembly1.cif.gz	11_24	1	1	0	36.526	2.584	PDB_exact_pair_aggregate	0.8034	ge50	Q6N030	Q8TCD0	Q8TCD0	0.999849	0.999824	2.5e-05	1.0	0.328379	0.570523	0.764657	0.730339
SCF:0002451	AC:002134	Q6P5S8	P0DOX5	Q6N089	6v8z-assembly1.cif.gz	11_24	1	1	0	36.526	2.357	PDB_exact_pair_aggregate	0.9198	ge50	Q8TCD0	Q6N030	Q6N030	0.999817	0.999824	-7e-06	0.0	0.547983	0.570523	0.819425	0.730339
SCF:0002452	AC:002134	Q6P5S8	P0DOX5	Q6N095	6v8z-assembly1.cif.gz	11_24	1	1	0	36.526	2.585	PDB_exact_pair_aggregate	0.8753	ge50	Q8TCD0	Q6N030	Q6N030	0.999793	0.999824	-3.1e-05	0.0	0.573378	0.570523	0.713237	0.730339
SCF:0002453	AC:002134	Q6P5S8	P0DOX5	Q6GMX6	6v8z-assembly1.cif.gz	11_24	1	1	0	36.526	2.601	PDB_exact_pair_aggregate	0.8722	ge50	Q8TCD0	Q6N030	Q6N030	0.999558	0.999824	-0.000266	0.0	0.506398	0.570523	0.750162	0.730339
SCF:0002454	AC:002136	T1RJ07	T1RJP7	T1RIQ1	8zo9-assembly1.cif.gz	11_24	1	10	1	12.435	2.808	same_assembly_bridge	0.4866	40_50	T1RJ07	A0T0M8	T1RIQ1	0.996385	0.994941	0.001444	1.0	0.174315	0.174042	0.113965	0.066703
SCF:0002455	AC:002137	P61994	Q9UY20	Q8U1Y5	6swd-assembly1.cif.gz	11_24	1	7	1	47.487	3.671	PDB_exact_pair_aggregate	0.3562	30_40	P62266	Q9UY20	Q9UZL4	0.999913	0.999944	-3.1e-05	0.0	0.830829	0.733039	0.149699	0.819057
SCF:0002456	AC:002137	P61994	Q9UY20	Q9UZL4	6swd-assembly1.cif.gz	11_24	1	7	1	47.487	3.224	PDB_exact_pair_aggregate	0.3433	30_40	P62266	Q9UY20	Q9UZL4	0.999914	0.999944	-3e-05	0.0	0.817925	0.733039	0.177967	0.819057
SCF:0002457	AC:002137	P61994	Q9UY20	Q9V1V0	6swd-assembly1.cif.gz	11_24	1	7	1	47.487	2.976	PDB_exact_pair_aggregate	0.2895	20_30	P62266	Q9UY20	Q9V1V0	0.999952	0.999944	8e-06	1.0	0.629104	0.733039	0.745835	0.819057
SCF:0002458	AC:002138	Q9NVH2	Q9NVR2	Q68E01	8rbz-assembly1.cif.gz	11_24	1	3	1	55.769	2.398	PDB_exact_pair_aggregate	0.3007	30_40	Q9NVH2	Q9NVR2	Q68E01	0.999795	0.13705	0.862745	1.0	0.011663	0.004187	0.709788	0.725885
SCF:0002459	AC:002138	Q9NVH2	Q9NVR2	Q96HW7	8rbz-assembly1.cif.gz	11_24	1	3	1	55.769	2.478	same_assembly_bridge	0.2727	20_30	Q9NVH2	Q9NVR2	Q96HW7	0.997588	0.13705	0.860538	1.0	0.0045	0.004187	0.732471	0.725885
SCF:0002460	AC:002138	Q9NVH2	Q9NVR2	Q9NV88	8rbz-assembly1.cif.gz	11_24	1	3	1	55.769	3.777	PDB_exact_pair_aggregate	0.261	20_30	Q9NVH2	Q9NVR2	Q9NV88	0.999294	0.13705	0.862244	1.0	0.004174	0.004187	0.700935	0.725885
SCF:0002461	AC:002138	Q9NVR2	Q9NVH2	Q96HW7	8rbz-assembly1.cif.gz	11_24	1	3	1	55.769	3.181	same_assembly_bridge	0.2834	20_30	Q9NVR2	Q9NVH2	Q96HW7	0.837446	0.13705	0.700396	1.0	0.007105	0.004187	0.725553	0.725885
SCF:0002462	AC:002139	W7WX86	I7MG46	I7LT80	8th8-assembly1.cif.gz	11_24	1	2	1	172.697	2.871	PDB_exact_pair_aggregate	0.3217	30_40	W7WX86	I7MG46	I7LT80	0.00552	0.076287	-0.070767	0.0	0.004195	0.004181	0.499538	0.703671
SCF:0002463	AC:002139	W7WX86	I7MG46	Q23YW7	8th8-assembly1.cif.gz	11_24	1	2	1	172.697	3.153	same_assembly_bridge	0.315	30_40	W7WX86	I7MG46	Q23YW7	0.011433	0.076287	-0.064854	0.0	0.004189	0.004181	0.49953	0.703671
SCF:0002464	AC:002140	P28632	P28630	P28631	9oyh-assembly1.cif.gz	3_10	1	20	1	11.104	3.137	PDB_exact_pair_aggregate	0.3242	30_40	P28632	P28630	P28631	0.980835	0.915707	0.065128	1.0	0.004174	0.004174	0.499142	0.423722
SCF:0002465	AC:002144	O94408	Q9UUI1	O74483	6ppv-assembly1.cif.gz	3_10	1	4	1	8.753	2.515	PDB_exact_pair_aggregate	0.2787	20_30	P38203	Q9UUI1	O74483	0.999903	0.999905	-2e-06	0.0	0.437528	0.623694	0.743164	0.68553
SCF:0002466	AC:002144	O94408	Q9UUI1	Q9Y7M4	6ppv-assembly1.cif.gz	3_10	1	4	1	8.753	2.719	same_assembly_bridge	0.2464	20_30	P38203	Q9UUI1	Q9Y7M4	0.999919	0.999905	1.4e-05	1.0	0.628314	0.623694	0.748741	0.68553
SCF:0002467	AC:002144	Q9UUI1	O94408	Q9Y7M4	6ppv-assembly1.cif.gz	3_10	1	4	1	8.753	2.603	same_assembly_bridge	0.3509	30_40	Q9UUI1	P38203	Q9Y7M4	0.999903	0.999905	-2e-06	0.0	0.668567	0.623694	0.646909	0.68553
SCF:0002468	AC:002146	A0T0V0	B5YM25	B8BYV4	8zet-assembly1.cif.gz	11_24	1	3	1	8.538	2.553	PDB_exact_pair_aggregate	0.4217	40_50	A0A0H2UKZ4	B5YM25	B8BYV4	0.991607	0.997364	-0.005757	0.0	0.005194	0.00436	0.590463	0.332655
SCF:0002469	AC:002146	A0T0V0	B5YM25	B8C0K4	8zet-assembly1.cif.gz	11_24	1	3	1	8.538	2.672	PDB_exact_pair_aggregate	0.3873	30_40	A0A0H2UKZ4	B5YM25	B8C0K4	0.993638	0.997364	-0.003726	0.0	0.006279	0.00436	0.655615	0.332655
SCF:0002470	AC:002147	P84077	O00189	P35585	9u9s-assembly1.cif.gz	3_10	1	2	1	23.366	2.256	PDB_exact_pair_aggregate	0.3317	30_40	P84077	O00189	P35585	0.979286	0.994442	-0.015156	0.0	0.004201	0.004195	0.800677	0.858141
SCF:0002471	AC:002150	G0S1P1	G0SC21	G0SCD1	8pel-assembly1.cif.gz	3_10	1	2	1	16.78	2.361	PDB_exact_pair_aggregate	0.3131	30_40	G0S1P1	G0SC21	G0SCD1	0.999052	0.999596	-0.000544	0.0	0.004174	0.004175	0.108608	0.097097
SCF:0002472	AC:002150	G0S1P1	G0SC21	G0SE33	8pel-assembly1.cif.gz	3_10	1	2	1	16.78	2.932	PDB_exact_pair_aggregate	0.3028	30_40	G0S1P1	G0SC21	G0SE33	0.999405	0.999596	-0.000191	0.0	0.004175	0.004175	0.243758	0.097097
SCF:0002473	AC:002150	G0S1P1	G0SC21	G0S755	8pel-assembly1.cif.gz	3_10	1	2	1	16.78	2.615	same_assembly_bridge	0.291	20_30	G0S1P1	G0SC21	G0S755	0.999334	0.999596	-0.000262	0.0	0.004175	0.004175	0.119266	0.097097
SCF:0002474	AC:002150	G0SC21	G0S1P1	G0S755	8pel-assembly1.cif.gz	3_10	1	2	1	16.78	2.783	same_assembly_bridge	0.3491	30_40	G0SC21	G0S1P1	G0S755	0.999548	0.999596	-4.8e-05	0.0	0.00422	0.004175	0.829092	0.097097
SCF:0002475	AC:002150	G0SC21	G0S1P1	G0RZG4	8pel-assembly1.cif.gz	3_10	1	2	1	16.78	2.755	PDB_exact_pair_aggregate	0.3566	30_40	G0SC21	G0S1P1	G0RZG4	0.999693	0.999596	9.7e-05	1.0	0.00418	0.004175	0.499636	0.097097
SCF:0002476	AC:002150	G0SC21	G0S1P1	G0RZX8	8pel-assembly1.cif.gz	3_10	1	2	1	16.78	4.284	PDB_exact_pair_aggregate	0.3207	30_40	G0SC21	G0S1P1	G0RZX8	0.999799	0.999596	0.000203	1.0	0.004176	0.004175	0.212036	0.097097
SCF:0002477	AC:002152	P20248	Q12834	Q13042	6q6h-assembly1.cif.gz	11_24	1	2	1	43.481	2.624	PDB_exact_pair_aggregate	0.2719	20_30	P20248	Q12834	Q13042	0.995693	0.999703	-0.00401	0.0	0.004621	0.004176	0.651421	0.766821
SCF:0002478	AC:002154	Q38859	Q9M1A8	Q9FJ98	8xmd-assembly1.cif.gz	11_24	1	6	1	13.101	3.114	PDB_exact_pair_aggregate	0.37	30_40	Q38859	Q9M1A8	A0A4X1VEK9	0.999838	0.999787	5.1e-05	1.0	0.500964	0.0043	0.686249	0.402565
SCF:0002479	AC:002156	I7MHB1	Q24CE5	Q1HFW2	6zyw-assembly1.cif.gz	11_24	1	1	0	78.025	2.238	PDB_exact_pair_aggregate	0.3953	30_40	I7MHB1	Q24CE5	Q1HFW2	0.032213	0.04486	-0.012647	0.0	0.004177	0.004177	0.069927	0.003394
SCF:0002480	AC:002156	I7MHB1	Q24CE5	A4VE64	6zyw-assembly1.cif.gz	11_24	1	1	0	78.025	4.316	PDB_exact_pair_aggregate	0.3953	30_40	I7MHB1	Q24CE5	Q1HFW2	0.025191	0.04486	-0.019669	0.0	0.004177	0.004177	0.069927	0.003394
SCF:0002481	AC:002156	I7MHB1	Q24CE5	Q1HFV9	6zyw-assembly1.cif.gz	11_24	1	1	0	78.025	2.443	PDB_exact_pair_aggregate	0.3816	30_40	I7MHB1	Q24CE5	Q24DI9	0.0076	0.04486	-0.03726	0.0	0.004175	0.004177	0.328712	0.003394
SCF:0002482	AC:002157	P02293	P43618	P40154	8ow0-assembly1.cif.gz	11_24	1	2	1	37.03	2.529	PDB_exact_pair_aggregate	0.2751	20_30	O23629	P43618	P40154	0.999066	0.978809	0.020257	1.0	0.004356	0.004181	0.313127	0.216886
SCF:0002483	AC:002157	P02293	P43618	P0AEX9	8ow0-assembly1.cif.gz	11_24	1	2	1	37.03	3.213	PDB_exact_pair_aggregate	0.2723	20_30	O23629	P43618	P0AEX9	0.000467	0.978809	-0.978342	0.0	0.004599	0.004181	0.116124	0.216886
SCF:0002484	AC:002157	P02293	P43618	P17106	8ow0-assembly1.cif.gz	11_24	1	2	1	37.03	3.202	PDB_exact_pair_aggregate	0.2597	20_30	O23629	P43618	P17106	0.993506	0.978809	0.014697	1.0	0.007169	0.004181	0.564983	0.216886
SCF:0002485	AC:002157	P43618	P02293	Q2V2P8	8ow0-assembly1.cif.gz	11_24	1	2	1	37.03	2.165	PDB_exact_pair_aggregate	0.3056	30_40	P43618	O23629	Q2V2P8	0.960948	0.978809	-0.017861	0.0	0.004179	0.004181	0.488796	0.216886
SCF:0002486	AC:002158	Q9BVC4	P31749	Q9HB90	9zbk-assembly1.cif.gz	3_10	1	1	0	15.757	2.429	PDB_exact_pair_aggregate	0.2672	20_30	Q9BVC4	P31749	Q9HB90	0.999745	0.998689	0.001056	1.0	0.004176	0.004208	0.691728	0.784355
SCF:0002487	AC:002162	P62656	P62655	P62238	4kvb-assembly1.cif.gz	11_24	1	19	1	14.28	3.729	PDB_exact_pair_aggregate	0.2877	20_30	P62656	B7IA17	Q5SJH3	0.999943	0.999923	2e-05	1.0	0.346681	0.872672	1.5e-05	6.8e-05
SCF:0002488	AC:002164	Q8DLN5	Q8DL30	Q8DJ02	6l7p-assembly1.cif.gz	11_24	1	9	1	10.674	2.907	same_assembly_bridge	0.3077	30_40	Q8DLN5	Q8DL30	P56751	7.4e-05	0.000148	-7.4e-05	0.0	0.0042	0.004227	0.497418	0.202444
SCF:0002489	AC:002165	Q47PJ2	Q47PJ4	Q47PJ5	6c66-assembly1.cif.gz	11_24	1	3	1	10.68	2.881	PDB_exact_pair_aggregate	0.3451	30_40	Q47PJ2	Q47PJ4	Q47PJ5	0.001604	0.268805	-0.267201	0.0	0.004177	0.004177	0.372047	0.619228
SCF:0002490	AC:002169	I3LRR4	A0A287BAW0	A0A4X1SN37	7vyh-assembly1.cif.gz	11_24	1	33	1	10.253	2.105	PDB_exact_pair_aggregate	0.2088	20_30	I3LRR4	A0A287BAW0	A0A4X1SN37	0.999711	0.998482	0.001229	1.0	0.93125	0.022553	0.829794	0.676337
SCF:0002491	AC:002172	Q08162	Q12149	Q99207	6fsz-assembly1.cif.gz	11_24	1	8	1	14.924	1.976	PDB_exact_pair_aggregate	0.3108	30_40	Q08162	Q12149	Q99207	0.290695	0.999646	-0.708951	0.0	0.013012	0.004235	0.743233	0.652402
SCF:0002492	AC:002172	Q08162	Q12149	Q08491	6fsz-assembly1.cif.gz	11_24	1	8	1	14.924	3.464	PDB_exact_pair_aggregate	0.2798	20_30	Q08162	Q12149	Q08491	0.002299	0.999646	-0.997347	0.0	0.004177	0.004235	0.568335	0.652402
SCF:0002493	AC:002172	Q12149	Q08162	Q04500	6fsz-assembly1.cif.gz	11_24	1	8	1	14.924	2.935	PDB_exact_pair_aggregate	0.2359	20_30	Q12149	Q08162	Q04500	0.999665	0.999646	1.9e-05	1.0	0.00685	0.004235	0.750587	0.652402
SCF:0002494	AC:002173	P60238	Q50755	P60239	9sw3-assembly1.cif.gz	11_24	1	5	1	37.83	2.216	PDB_exact_pair_aggregate	0.2914	20_30	D9PY02	Q50755	P60239	0.970953	0.99114	-0.020187	0.0	0.004178	0.004203	0.499087	0.499058
SCF:0002495	AC:002176	Q9UJX3	Q9UJX4	P30260	9n9s-assembly1.cif.gz	11_24	1	14	1	20.834	2.189	PDB_exact_pair_aggregate	0.2903	20_30	Q9UJX3	Q9UJX4	P30260	0.93242	0.723328	0.209092	1.0	0.004182	0.004244	0.574856	0.624449
SCF:0002496	AC:002176	Q9UJX4	Q9UJX3	Q9UJX2	9n9s-assembly1.cif.gz	11_24	1	14	1	20.834	2.122	PDB_exact_pair_aggregate	0.3013	30_40	Q9UJX4	Q9UJX3	Q9UJX2	0.999582	0.723328	0.276254	1.0	0.004213	0.004244	0.64557	0.624449
SCF:0002497	AC:002176	Q9UJX4	Q9UJX3	Q13042	9n9s-assembly1.cif.gz	11_24	1	14	1	20.834	2.398	PDB_exact_pair_aggregate	0.289	20_30	Q9UJX4	Q9UJX3	Q13042	0.9984	0.723328	0.275072	1.0	0.004187	0.004244	0.652009	0.624449
SCF:0002498	AC:002176	Q9UJX4	Q9UJX3	Q9UJX6	9n9s-assembly1.cif.gz	11_24	1	14	1	20.834	2.965	PDB_exact_pair_aggregate	0.2729	20_30	Q9UJX4	Q9UJX3	Q9UJX6	0.99342	0.723328	0.270092	1.0	0.004213	0.004244	0.658431	0.624449
SCF:0002499	AC:002177	A0A5M5QTL0	A0A9X9IKM4	A0A2M9V7I0	9lq8-assembly1.cif.gz	3_10	1	4	1	52.83	2.4	PDB_exact_pair_aggregate	0.2823	20_30	A0A5M5QTL0	A0A9X9IKM4	A0A2M9V7I0	0.946594	0.989948	-0.043354	0.0	0.004174	0.004173	0.026999	0.169183
SCF:0002500	AC:002177	A0A9X9IKM4	A0A5M5QTL0	A0A5C6J4N7	9lq8-assembly1.cif.gz	3_10	1	4	1	52.83	2.223	PDB_exact_pair_aggregate	0.2939	20_30	A0A9X9IKM4	A0A5M5QTL0	A0A5C6J4N7	0.813257	0.989948	-0.176691	0.0	0.004174	0.004173	0.574832	0.169183
SCF:0002501	AC:002180	P0A7V8	P0A7G2	P02358	7afl-assembly1.cif.gz	11_24	1	4	1	20.701	2.083	PDB_exact_pair_aggregate	0.3488	30_40	P80373	P0A7G2	Q83D76	0.999859	0.974603	0.025256	1.0	0.744756	0.67891	0.734893	0.498538
SCF:0002502	AC:002180	P0A7V8	P0A7G2	B7MCR3	7afl-assembly1.cif.gz	11_24	1	4	1	20.701	2.196	PDB_exact_pair_aggregate	0.3146	30_40	P80373	P0A7G2	Q50296	0.999917	0.974603	0.025314	1.0	0.864416	0.67891	0.467423	0.498538
SCF:0002503	AC:002180	P0A7V8	P0A7G2	P0A7R9	7afl-assembly1.cif.gz	11_24	1	4	1	20.701	2.827	same_assembly_bridge	0.3146	30_40	P80373	P0A7G2	Q50296	0.999917	0.974603	0.025314	1.0	0.864416	0.67891	0.467423	0.498538
SCF:0002504	AC:002181	P20980	P68439	P68694	8rqk-assembly1.cif.gz	11_24	1	2	1	62.776	2.142	PDB_exact_pair_aggregate	0.2913	20_30	P20980	P68439	Q76ZP7	0.029416	0.018333	0.011083	1.0	0.004176	0.004173	0.062171	0.615471
SCF:0002505	AC:002181	P20980	P68439	P20979	8rqk-assembly1.cif.gz	11_24	1	2	1	62.776	2.692	same_assembly_bridge	0.2906	20_30	P20980	P68439	P20979	0.890651	0.018333	0.872318	1.0	0.004174	0.004173	0.174388	0.615471
SCF:0002506	AC:002181	P20980	P68439	P20635	8rqk-assembly1.cif.gz	11_24	1	2	1	62.776	2.515	PDB_exact_pair_aggregate	0.2886	20_30	P20980	P68439	P20635	0.098488	0.018333	0.080155	1.0	0.004173	0.004173	0.443763	0.615471
SCF:0002507	AC:002181	P68439	P20980	P21087	8rqk-assembly1.cif.gz	11_24	1	2	1	62.776	2.752	PDB_exact_pair_aggregate	0.234	20_30	P68439	P20980	P21087	0.972968	0.018333	0.954635	1.0	0.004174	0.004173	0.411511	0.615471
SCF:0002508	AC:002183	P09119	P29469	P54784	9bcx-assembly1.cif.gz	11_24	1	1	0	13.429	2.195	PDB_exact_pair_aggregate	0.2799	20_30	P09119	P29469	P54784	0.998618	0.998357	0.000261	1.0	0.663483	0.117064	0.613812	0.719389
SCF:0002509	AC:002183	P29469	P09119	P50874	9bcx-assembly1.cif.gz	11_24	1	1	0	13.429	1.448	PDB_exact_pair_aggregate	0.3028	30_40	P29469	P09119	P50874	0.998744	0.998357	0.000387	1.0	0.004571	0.117064	0.751582	0.719389
SCF:0002510	AC:002183	P29469	P09119	P54791	9bcx-assembly1.cif.gz	11_24	1	1	0	13.429	2.701	PDB_exact_pair_aggregate	0.3006	30_40	P29469	P09119	P54791	0.992827	0.998357	-0.00553	0.0	0.559326	0.117064	0.744753	0.719389
SCF:0002511	AC:002183	P29469	P09119	P32833	9bcx-assembly1.cif.gz	11_24	1	1	0	13.429	2.438	same_assembly_bridge	0.2997	20_30	P29469	P09119	P32833	0.080504	0.998357	-0.917853	0.0	0.009766	0.117064	0.742456	0.719389
SCF:0002512	AC:002184	Q1HFW2	Q1HGH8	Q1HFX1	7k5b-assembly1.cif.gz	11_24	1	6	1	9.453	2.698	PDB_exact_pair_aggregate	0.2899	20_30	Q1HFW2	Q1HGH8	A8IY95	0.999535	0.990942	0.008593	1.0	0.149891	0.004176	0.725991	0.496879
SCF:0002513	AC:002184	Q1HGH8	Q1HFW2	W7XJB1	7k5b-assembly1.cif.gz	11_24	1	6	1	9.453	1.783	PDB_exact_pair_aggregate	0.3659	30_40	Q1HGH8	Q1HFW2	W7XJB1	0.946677	0.990942	-0.044265	0.0	0.004175	0.004176	0.332347	0.496879
SCF:0002514	AC:002184	Q1HGH8	Q1HFW2	Q24DI9	7k5b-assembly1.cif.gz	11_24	1	6	1	9.453	2.971	PDB_exact_pair_aggregate	0.3625	30_40	Q1HGH8	Q1HFW2	Q24DI9	0.997618	0.990942	0.006676	1.0	0.004174	0.004176	0.496909	0.496879
SCF:0002515	AC:002184	Q1HGH8	Q1HFW2	Q1HFV9	7k5b-assembly1.cif.gz	11_24	1	6	1	9.453	3.227	PDB_exact_pair_aggregate	0.3625	30_40	Q1HGH8	Q1HFW2	Q24DI9	0.997618	0.990942	0.006676	1.0	0.004174	0.004176	0.496909	0.496879
SCF:0002516	AC:002185	P53298	Q2V2P8	P02293	8ow0-assembly1.cif.gz	11_24	1	2	1	15.932	2.541	PDB_exact_pair_aggregate	0.3056	30_40	P53298	Q2V2P8	O23629	0.998478	0.968436	0.030042	1.0	0.004183	0.00418	0.298099	0.46331
SCF:0002517	AC:002185	Q2V2P8	P53298	P38313	8ow0-assembly1.cif.gz	11_24	1	2	1	15.932	2.484	PDB_exact_pair_aggregate	0.2669	20_30	Q2V2P8	P53298	P38313	0.877791	0.968436	-0.090645	0.0	0.007144	0.00418	0.44898	0.46331
SCF:0002518	AC:002187	A0A3A5I502	A0A063XCH0	A0A063X754	9p38-assembly1.cif.gz	11_24	1	1	0	18.463	3.426	PDB_exact_pair_aggregate	0.2907	20_30	A0A3A5I502	A0A063XCH0	A0A063X754	0.999919	0.999893	2.6e-05	1.0	0.946895	0.926138	0.479476	0.773092
SCF:0002519	AC:002188	Q980K0	Q980Q9	Q7LXK4	2pmz-assembly1.cif.gz	11_24	1	2	1	11.533	2.562	PDB_exact_pair_aggregate	0.3968	30_40	P46217	B8YB60	Q7LXK4	0.999785	0.992363	0.007422	1.0	0.004273	0.006774	0.493048	0.491962
SCF:0002520	AC:002190	Q9BXW9	Q8TAF3	P0CG48	8a9k-assembly1.cif.gz	3_10	1	3	1	19.729	1.3	PDB_exact_pair_aggregate	0.3018	30_40	Q9BXW9	Q8TAF3	P0CG48	0.027559	0.011635	0.015924	1.0	0.004202	0.005351	0.587462	0.704102
SCF:0002521	AC:002191	P48940	Q2FW10	Q2G111	8bh7-assembly1.cif.gz	11_24	1	16	1	34.449	3.054	PDB_exact_pair_aggregate	0.3	30_40	P17291	A0QSD5	A0A2V3DLV3	0.999943	0.999804	0.000139	1.0	0.915574	0.763153	0.760703	0.677425
SCF:0002522	AC:002193	Q5RKV6	P42285	Q15477	6d6q-assembly1.cif.gz	11_24	1	2	1	23.673	2.714	PDB_exact_pair_aggregate	0.4011	40_50	Q5RKV6	P42285	Q15477	0.013128	0.999561	-0.986433	0.0	0.004606	0.685468	0.019363	0.099381
SCF:0002523	AC:002193	Q5RKV6	P42285	Q9Y450	6d6q-assembly1.cif.gz	11_24	1	2	1	23.673	4.862	PDB_exact_pair_aggregate	0.2486	20_30	Q5RKV6	P42285	Q9Y450	0.999619	0.999561	5.8e-05	1.0	0.004277	0.685468	0.584218	0.099381
SCF:0002524	AC:002195	A0A2P6TT36	W8SY74	W8SUA3	6zzy-assembly1.cif.gz	11_24	1	3	1	19.582	3.388	same_assembly_bridge	0.5015	ge50	Q7DM26	A0T0M8	T1RIQ1	0.999411	0.99974	-0.000329	0.0	0.045228	0.030274	0.113436	0.207865
SCF:0002525	AC:002200	B8YB61	B8YB58	B8YB60	2waq-assembly1.cif.gz	11_24	1	5	1	13.933	2.668	PDB_exact_pair_aggregate	0.3077	30_40	P39463	Q7LXK4	B8YB60	0.14127	0.979506	-0.838236	0.0	0.010494	0.004184	0.775733	0.77134
SCF:0002526	AC:002203	Q07913	P40026	Q05541	8hqs-assembly1.cif.gz	3_10	1	2	1	17.099	1.975	PDB_exact_pair_aggregate	0.3029	30_40	Q07913	P40026	Q05541	0.999237	0.99606	0.003177	1.0	0.004174	0.004175	0.607213	0.399158
SCF:0002527	AC:002206	P38123	P43132	P39706	6ven-assembly1.cif.gz	11_24	1	1	0	18.159	2.462	same_assembly_bridge	0.2384	20_30	P38123	P43132	P39706	0.850025	0.004706	0.845319	1.0	0.004176	0.004176	0.532468	0.411283
SCF:0002528	AC:002206	P43132	P38123	P39706	6ven-assembly1.cif.gz	11_24	1	1	0	18.159	2.498	same_assembly_bridge	0.2988	20_30	P43132	P38123	P39706	0.945136	0.004706	0.94043	1.0	0.004175	0.004176	0.442337	0.411283
SCF:0002529	AC:002207	A0A5H1ZR95	D8V7I2	D7P897	9evd-assembly1.cif.gz	11_24	1	4	1	60.879	2.392	PDB_exact_pair_aggregate	0.3158	30_40	A0A5H1ZR95	D8V7I2	D7P897	0.999349	0.004705	0.994644	1.0	0.067142	0.004256	0.577334	0.000238
SCF:0002530	AC:002208	P20998	P68610	P21034	8p0k-assembly1.cif.gz	11_24	1	3	1	9.631	2.297	PDB_exact_pair_aggregate	0.2941	20_30	P20998	P68610	P04310	0.998564	0.992402	0.006162	1.0	0.004174	0.004177	0.25386	0.179629
SCF:0002531	AC:002209	P68135	P24732	P0DP26	5h53-assembly1.cif.gz	3_10	1	1	0	99.342	2.635	PDB_exact_pair_aggregate	0.3571	30_40	P68134	P24732	P0DP23	0.732467	0.9451	-0.212633	0.0	0.872794	0.830727	0.223355	0.468711
SCF:0002532	AC:002209	P68135	P24732	Q9Y281	5h53-assembly1.cif.gz	3_10	1	1	0	99.342	2.483	PDB_exact_pair_aggregate	0.3398	30_40	P68134	P24732	Q9Y281	0.806774	0.9451	-0.138326	0.0	0.021747	0.830727	0.85026	0.468711
SCF:0002533	AC:002209	P68135	P24732	P14649	5h53-assembly1.cif.gz	3_10	1	1	0	99.342	2.076	PDB_exact_pair_aggregate	0.331	30_40	P68134	P24732	P02602	0.126084	0.9451	-0.819016	0.0	0.931694	0.830727	0.009447	0.468711
SCF:0002534	AC:002210	A0A0G4GX71	A0A0G4FL36	A0A0G4I0G6	9hyu-assembly1.cif.gz	11_24	1	1	0	15.508	2.589	PDB_exact_pair_aggregate	0.3655	30_40	A0A0G4GX71	A0A0G4FL36	A0A0G4I0G6	0.996853	0.996567	0.000286	1.0	0.005007	0.00547	0.245886	0.600252
SCF:0002535	AC:002210	A0A0G4GX71	A0A0G4FL36	A0A0G4HFQ7	9hyu-assembly1.cif.gz	11_24	1	1	0	15.508	2.617	PDB_exact_pair_aggregate	0.3008	30_40	A0A0G4GX71	A0A0G4FL36	A0A0G4HFQ7	0.994774	0.996567	-0.001793	0.0	0.005883	0.00547	0.417465	0.600252
SCF:0002536	AC:002211	A0A7S3VQN8	A0A7S3VSS7	A0A7S3VHS4	9mgz-assembly1.cif.gz	11_24	1	1	0	19.957	3.422	same_assembly_bridge	0.5118	ge50	A5Z2K3	Q84Y02	Q7DM26	0.998724	0.999127	-0.000403	0.0	0.97418	0.736957	0.603942	0.797618
SCF:0002537	AC:002212	Q8N122	Q15382	Q7L523	6bcu-assembly1.cif.gz	3_10	1	2	1	47.12	2.222	PDB_exact_pair_aggregate	0.3333	30_40	Q8N122	Q15382	O74824	0.999597	0.999079	0.000518	1.0	0.004176	0.004213	0.115524	0.434719
SCF:0002538	AC:002215	D8V7I2	K0J903	D7NIZ2	6rdf-assembly1.cif.gz	11_24	1	4	1	49.889	2.316	PDB_exact_pair_aggregate	0.2763	20_30	D8V7I2	K0J903	D7NIZ2	0.280116	0.000437	0.279679	1.0	0.004181	0.004179	0.170895	0.128875
SCF:0002539	AC:002216	A0A2K1IB10	A0A2K1J0L9	A0A2K1K0C7	6l35-assembly1.cif.gz	11_24	1	1	0	32.054	2.968	PDB_exact_pair_aggregate	0.3841	30_40	A0A2K1IB10	Q9SHE8	F2D0D5	0.9999	0.985807	0.014093	1.0	0.066867	0.004419	0.697509	0.645228
SCF:0002540	AC:002216	A0A2K1IB10	A0A2K1J0L9	A9RT62	6l35-assembly1.cif.gz	11_24	1	1	0	32.054	2.637	PDB_exact_pair_aggregate	0.2703	20_30	A0A2K1IB10	Q9SHE8	A9RT62	0.999861	0.985807	0.014054	1.0	0.004812	0.004419	0.722298	0.645228
SCF:0002541	AC:002216	A0A2K1J0L9	A0A2K1IB10	A0A2K1K0E4	6l35-assembly1.cif.gz	11_24	1	1	0	32.054	2.292	PDB_exact_pair_aggregate	0.4431	40_50	Q9SHE8	A0A2K1IB10	F2D0D5	0.99918	0.985807	0.013373	1.0	0.183108	0.004419	0.663022	0.645228
SCF:0002542	AC:002216	A0A2K1J0L9	A0A2K1IB10	A0A2K1KN29	6l35-assembly1.cif.gz	11_24	1	1	0	32.054	3.456	PDB_exact_pair_aggregate	0.428	40_50	Q9SHE8	A0A2K1IB10	Q84Y02	0.996164	0.985807	0.010357	1.0	0.004272	0.004419	0.631273	0.645228
SCF:0002543	AC:002219	P05311	Q41038	Q01667	2o01-assembly1.cif.gz	11_24	1	5	1	24.329	4.188	PDB_exact_pair_aggregate	0.4619	40_50	T1RIQ1	F2D0D5	A0A9R0J8B1	0.999524	0.999151	0.000373	1.0	0.260225	0.12342	0.448262	0.450901
SCF:0002544	AC:002219	P05311	Q41038	E1C9L2	2o01-assembly1.cif.gz	11_24	1	5	1	24.329	0.977	PDB_exact_pair_aggregate	0.4969	40_50	T1RIQ1	F2D0D5	E1C9L2	0.996594	0.999151	-0.002557	0.0	0.340838	0.12342	0.51791	0.450901
SCF:0002545	AC:002219	P05311	Q41038	Q41385	2o01-assembly1.cif.gz	11_24	1	5	1	24.329	2.594	PDB_exact_pair_aggregate	0.3262	30_40	T1RIQ1	F2D0D5	A8IL32	0.993888	0.999151	-0.005263	0.0	0.159067	0.12342	0.19967	0.450901
SCF:0002546	AC:002219	Q41038	P05311	P05310	2o01-assembly1.cif.gz	11_24	1	5	1	24.329	4.113	same_assembly_bridge	0.5143	ge50	F2D0D5	T1RIQ1	A0T0M8	0.999328	0.999151	0.000177	1.0	0.162278	0.12342	0.424298	0.450901
SCF:0002547	AC:002220	P04050	Q12004	P32585	7o4l-assembly1.cif.gz	11_24	1	7	1	25.932	0.492	PDB_exact_pair_aggregate	0.2578	20_30	A0A7M4DUC2	Q12004	P32585	0.999751	0.999867	-0.000116	0.0	0.004182	0.004189	0.071561	0.466995
SCF:0002548	AC:002220	P04050	Q12004	P35189	7o4l-assembly1.cif.gz	11_24	1	7	1	25.932	4.97	PDB_exact_pair_aggregate	0.2211	20_30	A0A7M4DUC2	Q12004	P35189	0.99957	0.999867	-0.000297	0.0	0.017076	0.004189	0.499052	0.466995
SCF:0002549	AC:002221	Q9SHE8	Q9SY97	P27521	7wfe-assembly1.cif.gz	11_24	1	3	1	31.284	2.695	PDB_exact_pair_aggregate	0.5373	ge50	Q9SHE8	A0A2K1IB10	Q84Y02	0.997526	0.999173	-0.001647	0.0	0.00608	0.007334	0.631538	0.629025
SCF:0002550	AC:002221	Q9SHE8	Q9SY97	Q9C639	7wfe-assembly1.cif.gz	11_24	1	3	1	31.284	3.03	PDB_exact_pair_aggregate	0.4742	40_50	Q9SHE8	A0A2K1IB10	Q84Y02	0.999005	0.999173	-0.000168	0.0	0.004401	0.007334	0.629739	0.629025
SCF:0002551	AC:002222	A0A7U3Y808	B7I7R9	B7IA22	7m4u-assembly1.cif.gz	11_24	1	1	0	34.715	4.375	PDB_exact_pair_aggregate	0.3474	30_40	A0QVB8	P21472	Q839E7	0.999931	0.999916	1.5e-05	1.0	0.949013	0.809505	0.797787	0.795131
SCF:0002552	AC:002224	I0Z687	I0Z7A7	I0YP76	9kqq-assembly1.cif.gz	11_24	1	2	1	27.559	2.802	PDB_exact_pair_aggregate	0.5215	ge50	A8IL32	Q75VY8	A0A4V8H004	0.9965	0.993538	0.002962	1.0	0.004298	0.511253	0.449762	0.692606
SCF:0002553	AC:002224	I0Z687	I0Z7A7	I0YQ46	9kqq-assembly1.cif.gz	11_24	1	2	1	27.559	3.048	same_assembly_bridge	0.4907	40_50	A8IL32	Q75VY8	Q84Y02	0.999535	0.993538	0.005997	1.0	0.935304	0.511253	0.694358	0.692606
SCF:0002554	AC:002224	I0Z7A7	I0Z687	I0YQ45	9kqq-assembly1.cif.gz	11_24	1	2	1	27.559	3.054	PDB_exact_pair_aggregate	0.336	30_40	Q75VY8	A8IL32	Q7DM26	0.999914	0.993538	0.006376	1.0	0.035648	0.511253	0.772662	0.692606
SCF:0002555	AC:002224	I0Z7A7	I0Z687	I0YQ46	9kqq-assembly1.cif.gz	11_24	1	2	1	27.559	3.999	same_assembly_bridge	0.306	30_40	Q75VY8	A8IL32	Q84Y02	0.999929	0.993538	0.006391	1.0	0.03111	0.511253	0.714106	0.692606
SCF:0002556	AC:002225	Q22YU3	W7XJB1	Q24CE5	6zyx-assembly1.cif.gz	3_10	1	2	1	9.679	2.331	same_assembly_bridge	0.3625	30_40	Q22YU3	W7XJB1	Q24CE5	0.565567	0.054737	0.51083	1.0	0.004178	0.004177	0.412568	0.552343
SCF:0002557	AC:002225	Q22YU3	W7XJB1	Q24DI9	6zyx-assembly1.cif.gz	3_10	1	2	1	9.679	3.062	PDB_exact_pair_aggregate	0.32	30_40	Q22YU3	W7XJB1	Q24DI9	0.014216	0.054737	-0.040521	0.0	0.004176	0.004177	0.148784	0.552343
SCF:0002558	AC:002227	O14198	Q9Y821	Q9US45	5n9j-assembly1.cif.gz	11_24	1	1	0	59.666	2.424	PDB_exact_pair_aggregate	0.3233	30_40	O14198	Q9Y821	Q9US45	0.286606	0.909124	-0.622518	0.0	0.004176	0.004179	0.211093	0.103249
SCF:0002559	AC:002227	Q9Y821	O14198	Q9US45	5n9j-assembly1.cif.gz	11_24	1	1	0	59.666	2.378	PDB_exact_pair_aggregate	0.2569	20_30	Q9Y821	O14198	Q9US45	0.999847	0.909124	0.090723	1.0	0.004177	0.004179	0.200389	0.103249
SCF:0002560	AC:002228	A4VEB3	I7MCM8	W7XJB1	6zyw-assembly1.cif.gz	11_24	1	1	0	55.114	3.172	PDB_exact_pair_aggregate	0.3535	30_40	A4VEB3	Q1HFX0	W7XJB1	0.996317	0.993542	0.002775	1.0	0.004175	0.671293	0.497	0.137519
SCF:0002561	AC:002228	A4VEB3	I7MCM8	Q24DI9	6zyw-assembly1.cif.gz	11_24	1	1	0	55.114	2.261	PDB_exact_pair_aggregate	0.3171	30_40	A4VEB3	Q1HFX0	Q24DI9	0.99982	0.993542	0.006278	1.0	0.004176	0.671293	0.173388	0.137519
SCF:0002562	AC:002228	A4VEB3	I7MCM8	Q1HFV9	6zyw-assembly1.cif.gz	11_24	1	1	0	55.114	2.604	PDB_exact_pair_aggregate	0.3171	30_40	A4VEB3	Q1HFX0	Q24DI9	0.998425	0.993542	0.004883	1.0	0.004176	0.671293	0.173389	0.137519
SCF:0002563	AC:002230	C3SQT7	W8T6F0	C3SRY2	9sx2-assembly1.cif.gz	11_24	1	1	0	21.01	2.225	PDB_exact_pair_aggregate	0.3288	30_40	P21471	Q83D76	C3SRY2	0.999937	0.999779	0.000158	1.0	0.853645	0.809009	0.695773	0.802262
SCF:0002564	AC:002233	I0YQ44	I0Z7A7	I0Z7A6	9kqq-assembly1.cif.gz	11_24	1	1	0	9.725	2.859	same_assembly_bridge	0.5535	ge50	Q84Y02	Q75VY8	Q75VY8	0.999933	0.999932	1e-06	1.0	0.145395	0.149122	0.756615	0.736108
SCF:0002565	AC:002233	I0YQ44	I0Z7A7	I0YQ46	9kqq-assembly1.cif.gz	11_24	1	1	0	9.725	2.654	PDB_exact_pair_aggregate	0.4907	40_50	Q84Y02	Q75VY8	Q84Y02	0.999939	0.999932	7e-06	1.0	0.144606	0.149122	0.726297	0.736108
SCF:0002566	AC:002233	I0Z7A7	I0YQ44	I0YQ46	9kqq-assembly1.cif.gz	11_24	1	1	0	9.725	3.805	PDB_exact_pair_aggregate	0.5485	ge50	Q75VY8	Q84Y02	Q84Y02	0.999929	0.999932	-3e-06	0.0	0.03111	0.149122	0.714106	0.736108
SCF:0002567	AC:002233	I0Z7A7	I0YQ44	I0YQ45	9kqq-assembly1.cif.gz	11_24	1	1	0	9.725	3.054	PDB_exact_pair_aggregate	0.4977	40_50	Q75VY8	Q84Y02	Q7DM26	0.999914	0.999932	-1.8e-05	0.0	0.035648	0.149122	0.772662	0.736108
SCF:0002568	AC:002233	I0Z7A7	I0YQ44	I0Z7A6	9kqq-assembly1.cif.gz	11_24	1	1	0	9.725	2.69	same_assembly_bridge	0.4892	40_50	Q75VY8	Q84Y02	Q75VY8	0.999919	0.999932	-1.3e-05	0.0	0.151589	0.149122	0.745038	0.736108
SCF:0002569	AC:002236	Q50297	P41205	P75560	7ooc-assembly1.cif.gz	11_24	1	32	1	21.408	3.077	same_assembly_bridge	0.3005	30_40	B7IA17	P41205	P75560	0.999915	0.999922	-7e-06	0.0	0.844054	0.946803	0.759265	0.433062
SCF:0002570	AC:002236	Q50297	P41205	Q50306	7ooc-assembly1.cif.gz	11_24	1	32	1	21.408	2.121	PDB_exact_pair_aggregate	0.2759	20_30	B7IA17	P41205	P62399	0.999945	0.999922	2.3e-05	1.0	0.766456	0.946803	0.637969	0.433062
SCF:0002571	AC:002237	Q05093	Q75VY6	Q75VZ0	6ijo-assembly1.cif.gz	11_24	1	16	1	34.963	2.635	PDB_exact_pair_aggregate	0.5613	ge50	Q7DM26	A0A4V8H000	Q75VY8	0.999931	0.999931	0.0	0.5	0.337422	0.155553	0.719298	0.740965
SCF:0002572	AC:002237	Q05093	Q75VY6	Q75VY7	6ijo-assembly1.cif.gz	11_24	1	16	1	34.963	2.455	PDB_exact_pair_aggregate	0.514	ge50	Q7DM26	A0A4V8H000	Q84Y02	0.999932	0.999931	1e-06	1.0	0.363543	0.155553	0.699962	0.740965
SCF:0002573	AC:002237	Q05093	Q75VY6	Q9ZSJ4	6ijo-assembly1.cif.gz	11_24	1	16	1	34.963	2.204	PDB_exact_pair_aggregate	0.4433	40_50	Q7DM26	A0A4V8H000	A9RT62	0.999915	0.999931	-1.6e-05	0.0	0.005825	0.155553	0.373152	0.740965
SCF:0002574	AC:002237	Q75VY6	Q05093	Q75VY8	6ijo-assembly1.cif.gz	11_24	1	16	1	34.963	2.328	PDB_exact_pair_aggregate	0.5124	ge50	A0A4V8H000	Q7DM26	Q75VY8	0.999937	0.999931	6e-06	1.0	0.030367	0.155553	0.754162	0.740965
SCF:0002575	AC:002237	Q75VY6	Q05093	Q84Y02	6ijo-assembly1.cif.gz	11_24	1	16	1	34.963	2.54	PDB_exact_pair_aggregate	0.5	ge50	A0A4V8H000	Q7DM26	Q84Y02	0.999937	0.999931	6e-06	1.0	0.089525	0.155553	0.759621	0.740965
SCF:0002576	AC:002237	Q75VY6	Q05093	Q75VY4	6ijo-assembly1.cif.gz	11_24	1	16	1	34.963	2.436	PDB_exact_pair_aggregate	0.5	ge50	A0A4V8H000	Q7DM26	Q84Y02	0.999937	0.999931	6e-06	1.0	0.101723	0.155553	0.752668	0.740965
SCF:0002577	AC:002238	P69461	P00289	P00166	9tgg-assembly1.cif.gz	11_24	1	1	0	35.267	2.925	PDB_exact_pair_aggregate	0.3483	30_40	P74149	P16002	P00166	0.998283	0.026704	0.971579	1.0	0.034275	0.004931	0.241723	0.024653
SCF:0002578	AC:002239	P10176	P12074	P15954	9i6f-assembly1.cif.gz	11_24	1	3	1	11.225	2.591	PDB_exact_pair_aggregate	0.254	20_30	P10176	P07471	P15954	0.998721	0.999877	-0.001156	0.0	0.004179	0.091219	0.518724	0.463908
SCF:0002579	AC:002241	P13987	P07358	P07357	8b0f-assembly1.cif.gz	3_10	1	3	1	12.476	2.512	same_assembly_bridge	0.3708	30_40	P13987	P07358	P07357	0.998553	0.742027	0.256526	1.0	0.004174	0.004174	0.513555	0.606561
SCF:0002580	AC:002241	P13987	P07358	P13671	8b0f-assembly1.cif.gz	3_10	1	3	1	12.476	2.321	PDB_exact_pair_aggregate	0.3238	30_40	P13987	P07358	P13671	0.033147	0.742027	-0.70888	0.0	0.004173	0.004174	0.530367	0.606561
SCF:0002581	AC:002242	P53197	Q04601	Q08683	8a3t-assembly1.cif.gz	11_24	1	1	0	46.603	2.451	PDB_exact_pair_aggregate	0.2893	20_30	P53197	Q04601	Q08683	0.04518	0.754133	-0.708953	0.0	0.004175	0.004175	0.612789	0.239599
SCF:0002582	AC:002245	Q9UTB6	O14021	Q9P7M1	8i03-assembly1.cif.gz	11_24	1	1	0	68.944	2.814	PDB_exact_pair_aggregate	0.2786	20_30	Q9UTB6	O14021	Q9P7M1	0.007694	0.402768	-0.395074	0.0	0.004185	0.00418	0.091084	0.093298
SCF:0002583	AC:002247	Q2FW30	Q2G2Q4	Q2FW18	8byv-assembly1.cif.gz	11_24	1	1	0	40.813	2.682	PDB_exact_pair_aggregate	0.3021	30_40	B7IA17	Q2G2Q4	P62399	0.999941	0.999792	0.000149	1.0	0.746873	0.118347	0.583567	0.58175
SCF:0002584	AC:002250	O85388	Q83ED6	Q83ES0	9t0z-assembly1.cif.gz	11_24	1	3	1	8.844	2.205	PDB_exact_pair_aggregate	0.3	30_40	P80372	Q83ED6	A0QSD5	0.999923	0.999886	3.7e-05	1.0	0.476548	0.652904	0.817023	0.498076
SCF:0002585	AC:002250	O85388	Q83ED6	Q83ES5	9t0z-assembly1.cif.gz	11_24	1	3	1	8.844	2.843	PDB_exact_pair_aggregate	0.2903	20_30	P80372	Q83ED6	P21471	0.99995	0.999886	6.4e-05	1.0	0.883431	0.652904	0.822485	0.498076
SCF:0002586	AC:002250	O85388	Q83ED6	Q83ER2	9t0z-assembly1.cif.gz	11_24	1	3	1	8.844	5.191	same_assembly_bridge	0.2639	20_30	P80372	Q83ED6	Q83ER2	0.999866	0.999886	-2e-05	0.0	0.9047	0.652904	0.768814	0.498076
SCF:0002587	AC:002265	O60566	P30260	Q9UJX5	5khu-assembly1.cif.gz	11_24	1	3	1	17.077	3.942	PDB_exact_pair_aggregate	0.2505	20_30	O60566	P30260	Q9UJX5	0.999364	0.999496	-0.000132	0.0	0.004175	0.004176	0.098613	0.253721
SCF:0002588	AC:002265	P30260	O60566	Q9UJX6	5khu-assembly1.cif.gz	11_24	1	3	1	17.077	2.429	PDB_exact_pair_aggregate	0.2763	20_30	P30260	O60566	Q9UJX6	0.992131	0.999496	-0.007365	0.0	0.004175	0.004176	0.5352	0.253721
SCF:0002589	AC:002270	A0T0T5	B8CEQ3	B8C0K4	8xls-assembly1.cif.gz	11_24	1	2	1	9.625	2.556	PDB_exact_pair_aggregate	0.3663	30_40	E1C9K8	B8CEQ3	B8C0K4	0.004918	0.00701	-0.002092	0.0	0.004229	0.004202	0.045717	0.169341
SCF:0002590	AC:002270	A0T0T5	B8CEQ3	B8BUW3	8xls-assembly1.cif.gz	11_24	1	2	1	9.625	2.527	PDB_exact_pair_aggregate	0.3208	30_40	E1C9K8	B8CEQ3	B8BUW3	0.002509	0.00701	-0.004501	0.0	0.004216	0.004202	0.498452	0.169341
SCF:0002591	AC:002271	O43257	O96019	P60709	8x19-assembly1.cif.gz	11_24	1	3	1	18.782	6.672	same_assembly_bridge	0.4173	40_50	O43257	O96019	P68134	0.993097	0.925061	0.068036	1.0	0.004193	0.006044	0.5838	0.752408
SCF:0002592	AC:002271	O43257	O96019	Q9GZN1	8x19-assembly1.cif.gz	11_24	1	3	1	18.782	2.032	PDB_exact_pair_aggregate	0.2432	20_30	O43257	O96019	Q9GZN1	0.995976	0.925061	0.070915	1.0	0.071201	0.006044	0.665448	0.752408
SCF:0002593	AC:002271	O96019	O43257	Q6AZJ8	8x19-assembly1.cif.gz	11_24	1	3	1	18.782	2.248	PDB_exact_pair_aggregate	0.3034	30_40	O96019	O43257	P0C0S5	0.983699	0.925061	0.058638	1.0	0.961671	0.006044	0.501359	0.752408
SCF:0002594	AC:002271	O96019	O43257	Q9BQE9	8x19-assembly1.cif.gz	11_24	1	3	1	18.782	2.557	PDB_exact_pair_aggregate	0.2255	20_30	O96019	O43257	Q9BQE9	0.998191	0.925061	0.07313	1.0	0.008279	0.006044	0.243977	0.752408
SCF:0002595	AC:002272	P87173	Q9Y7M4	O94408	6ppq-assembly1.cif.gz	3_10	1	2	1	8.561	2.524	same_assembly_bridge	0.3509	30_40	P87173	Q9Y7M4	P38203	0.999878	0.999855	2.3e-05	1.0	0.577783	0.647328	0.791007	0.792996
SCF:0002596	AC:002272	P87173	Q9Y7M4	O14352	6ppq-assembly1.cif.gz	3_10	1	2	1	8.561	2.584	PDB_exact_pair_aggregate	0.2581	20_30	P87173	Q9Y7M4	O14352	0.999918	0.999855	6.3e-05	1.0	0.677811	0.647328	0.744756	0.792996
SCF:0002597	AC:002272	Q9Y7M4	P87173	O74483	6ppq-assembly1.cif.gz	3_10	1	2	1	8.561	2.556	PDB_exact_pair_aggregate	0.4051	40_50	Q9Y7M4	P87173	O74483	0.999917	0.999855	6.2e-05	1.0	0.522285	0.647328	0.716903	0.792996
SCF:0002598	AC:002274	P0A0F8	Q2FW17	Q2FZ42	6sj6-assembly1.cif.gz	11_24	1	34	1	30.739	2.248	PDB_exact_pair_aggregate	0.338	30_40	P0A0F8	P0CI78	O31742	0.999803	0.99982	-1.7e-05	0.0	0.561369	0.496128	0.822641	7e-06
SCF:0002599	AC:002274	P0A0F8	Q2FW17	Q2FW30	6sj6-assembly1.cif.gz	11_24	1	34	1	30.739	2.683	PDB_exact_pair_aggregate	0.3788	30_40	P0A0F8	P0CI78	B7IA17	0.999938	0.99982	0.000118	1.0	0.226752	0.496128	0.215672	7e-06
SCF:0002600	AC:002274	P0A0F8	Q2FW17	Q2FW38	6sj6-assembly1.cif.gz	11_24	1	34	1	30.739	3.394	PDB_exact_pair_aggregate	0.3151	30_40	P0A0F8	P0CI78	A0A063XCH0	0.999887	0.99982	6.7e-05	1.0	0.724884	0.496128	0.821981	7e-06
SCF:0002601	AC:002277	A4VE64	W7XJB1	I7MCM8	6zyw-assembly1.cif.gz	11_24	1	1	0	42.659	2.666	PDB_exact_pair_aggregate	0.3535	30_40	Q1HFW2	W7XJB1	Q1HFX0	0.999791	0.999055	0.000736	1.0	0.392073	0.004176	0.37633	0.034109
SCF:0002602	AC:002277	W7XJB1	A4VE64	Q24CE5	6zyw-assembly1.cif.gz	11_24	1	1	0	42.659	2.285	PDB_exact_pair_aggregate	0.3953	30_40	W7XJB1	Q1HFW2	Q24CE5	0.999582	0.999055	0.000527	1.0	0.004194	0.004176	0.49611	0.034109
SCF:0002603	AC:002277	W7XJB1	A4VE64	Q1HFW0	6zyw-assembly1.cif.gz	11_24	1	1	0	42.659	1.441	PDB_exact_pair_aggregate	0.3953	30_40	W7XJB1	Q1HFW2	Q24CE5	0.999582	0.999055	0.000527	1.0	0.004194	0.004176	0.49611	0.034109
SCF:0002604	AC:002278	Q28851	P32876	P07926	6ziq-assembly1.cif.gz	11_24	1	4	1	82.472	2.21	PDB_exact_pair_aggregate	0.7407	ge50	Q28851	Q4VT52	Q4VT52	0.000428	0.0002	0.000228	1.0	0.062518	0.847818	0.534672	0.583963
SCF:0002605	AC:002282	P17227	A0A0F6NFW5	P05310	6zoo-assembly1.cif.gz	11_24	1	4	1	12.337	2.289	PDB_exact_pair_aggregate	0.9815	ge50	E9NPX1	A0T0M8	A0T0M8	0.905016	0.973732	-0.068716	0.0	0.339301	0.410606	0.045807	0.041385
SCF:0002606	AC:002282	P17227	A0A0F6NFW5	P05311	6zoo-assembly1.cif.gz	11_24	1	4	1	12.337	2.231	PDB_exact_pair_aggregate	0.5181	ge50	E9NPX1	A0T0M8	T1RIQ1	0.996197	0.973732	0.022465	1.0	0.406572	0.410606	0.133215	0.041385
SCF:0002607	AC:002282	P17227	A0A0F6NFW5	A0A0F6NGI2	6zoo-assembly1.cif.gz	11_24	1	4	1	12.337	2.494	same_assembly_bridge	0.5149	ge50	E9NPX1	A0T0M8	T1RIQ1	0.974308	0.973732	0.000576	1.0	0.286192	0.410606	0.126007	0.041385
SCF:0002608	AC:002285	Q46896	P0A6Y1	P0A6X7	5wfe-assembly1.cif.gz	3_10	1	1	0	10.527	3.064	same_assembly_bridge	0.3295	30_40	Q46896	P0A6Y1	P0A6X7	0.153932	0.639692	-0.48576	0.0	0.004206	0.004251	0.544851	0.525451
SCF:0002609	AC:002285	Q46896	P0A6Y1	P45956	5wfe-assembly1.cif.gz	3_10	1	1	0	10.527	2.123	PDB_exact_pair_aggregate	0.3	30_40	Q46896	P0A6Y1	P45956	0.002247	0.639692	-0.637445	0.0	0.004176	0.004251	0.260205	0.525451
SCF:0002610	AC:002287	Q56218	Q56229	Q56220	6ziy-assembly1.cif.gz	11_24	1	11	1	37.059	2.325	PDB_exact_pair_aggregate	0.3053	30_40	Q56218	Q56229	Q56220	0.998439	0.000719	0.99772	1.0	0.004186	0.004213	0.676143	0.027827
SCF:0002611	AC:002290	Q7JZF5	Q9VEA5	P36958	9mu7-assembly1.cif.gz	11_24	1	1	0	19.238	2.981	PDB_exact_pair_aggregate	0.2558	20_30	O81098	Q9VEA5	P36954	0.999933	0.999937	-4e-06	0.0	0.302316	0.052134	0.673939	0.740565
SCF:0002612	AC:002291	B7IA33	A0A7U3Y815	B7IA22	7m4u-assembly1.cif.gz	11_24	1	1	0	12.886	4.682	PDB_exact_pair_aggregate	0.3133	30_40	P80372	C3SRY2	Q839E7	0.999927	0.999938	-1.1e-05	0.0	0.695305	0.526289	0.825282	0.622752
SCF:0002613	AC:002292	K7NU68	A0A7S3VSS7	A0A7S3R4R1	9mgz-assembly1.cif.gz	11_24	1	1	0	10.028	2.966	same_assembly_bridge	0.5411	ge50	T1RIQ1	Q84Y02	Q84Y02	0.999873	0.999768	0.000105	1.0	0.027168	0.00719	0.469913	0.390957
SCF:0002614	AC:002295	Q9LU21	P26288	P56752	7wff-assembly1.cif.gz	11_24	1	1	0	9.919	2.384	same_assembly_bridge	0.2975	20_30	Q9LU21	P26288	P56752	0.000624	0.80586	-0.805236	0.0	0.004204	0.004311	0.496736	0.052027
SCF:0002615	AC:002297	P53859	Q08162	Q99207	5jea-assembly1.cif.gz	11_24	1	13	1	34.392	2.897	PDB_exact_pair_aggregate	0.2849	20_30	P53859	Q08162	Q99207	0.010768	0.998328	-0.98756	0.0	0.004188	0.004178	0.355073	0.642238
SCF:0002616	AC:002297	Q08162	P53859	P46948	5jea-assembly1.cif.gz	11_24	1	13	1	34.392	1.518	PDB_exact_pair_aggregate	0.2697	20_30	Q08162	P53859	P46948	0.999741	0.998328	0.001413	1.0	0.023014	0.004178	0.730489	0.642238
SCF:0002617	AC:002299	O81098	O82504	Q9LK40	8xmd-assembly1.cif.gz	11_24	1	4	1	12.258	3.62	PDB_exact_pair_aggregate	0.2638	20_30	O81098	O82504	Q9LK40	0.999896	0.003772	0.996124	1.0	0.007199	0.004176	0.65992	0.41213
SCF:0002618	AC:002300	P19569	P09192	Q55274	8am5-assembly1.cif.gz	11_24	1	1	0	36.39	3.064	PDB_exact_pair_aggregate	0.3842	30_40	E1C9K8	D0VWR8	Q55274	0.014504	0.004071	0.010433	1.0	0.005804	0.004193	0.051603	0.067892
SCF:0002619	AC:002301	Q389F5	Q57XL7	Q57ZX7	8fn6-assembly1.cif.gz	3_10	1	2	1	24.702	2.263	PDB_exact_pair_aggregate	0.3323	30_40	Q389F5	Q57XL7	Q57ZX7	0.000114	0.000349	-0.000235	0.0	0.004175	0.004174	0.433944	0.07511
SCF:0002620	AC:002301	Q389F5	Q57XL7	Q57VS6	8fn6-assembly1.cif.gz	3_10	1	2	1	24.702	2.286	PDB_exact_pair_aggregate	0.2718	20_30	Q389F5	Q57XL7	Q57VS6	0.000283	0.000349	-6.6e-05	0.0	0.004175	0.004174	0.19994	0.07511
SCF:0002621	AC:002301	Q389F5	Q57XL7	Q389W4	8fn6-assembly1.cif.gz	3_10	1	2	1	24.702	2.285	PDB_exact_pair_aggregate	0.2518	20_30	Q389F5	Q57XL7	Q389W4	0.000319	0.000349	-3e-05	0.0	0.004175	0.004174	0.177192	0.07511
SCF:0002622	AC:002304	C3SQY7	C3SQX2	P62399	9sx2-assembly1.cif.gz	11_24	1	12	1	16.343	2.164	PDB_exact_pair_aggregate	0.2837	20_30	P0AG63	P80372	P62399	0.999928	0.999943	-1.5e-05	0.0	0.529801	0.583389	0.805037	0.575146
SCF:0002623	AC:002309	Q2FKZ1	Q2FRL9	Q2FRK1	7bkb-assembly1.cif.gz	11_24	1	2	1	50.035	2.23	PDB_exact_pair_aggregate	0.2982	20_30	Q2FKZ1	Q2FRL9	Q2FRK1	0.206666	0.00626	0.200406	1.0	0.004191	0.004182	0.492705	0.051903
SCF:0002624	AC:002310	A0A0M3KL12	A0A0M3KL11	E1C9L3	4y28-assembly1.cif.gz	11_24	1	1	0	38.044	2.336	PDB_exact_pair_aggregate	0.9136	ge50	A0A0H2UKZ4	A0A4V8GZZ4	E1C9L3	0.998991	0.974708	0.024283	1.0	0.004308	0.004736	0.612328	0.585763
SCF:0002625	AC:002310	A0A0M3KL12	A0A0M3KL11	Q9S7N7	4y28-assembly1.cif.gz	11_24	1	1	0	38.044	2.597	PDB_exact_pair_aggregate	0.4757	40_50	A0A0H2UKZ4	A0A4V8GZZ4	B6U534	0.645835	0.974708	-0.328873	0.0	0.004593	0.004736	0.48928	0.585763
SCF:0002626	AC:002310	A0A0M3KL12	A0A0M3KL11	P16002	4y28-assembly1.cif.gz	11_24	1	1	0	38.044	2.844	PDB_exact_pair_aggregate	0.3295	30_40	A0A0H2UKZ4	A0A4V8GZZ4	P16002	0.980832	0.974708	0.006124	1.0	0.004201	0.004736	0.059308	0.585763
SCF:0002627	AC:002312	P19052	P12239	P19054	7eda-assembly1.cif.gz	11_24	1	46	1	21.316	2.698	PDB_exact_pair_aggregate	0.4231	40_50	P14835	P12239	P19054	0.999782	0.974886	0.024896	1.0	0.073573	0.005127	0.627289	0.499419
SCF:0002628	AC:002314	P04912	Q12464	Q03940	8qku-assembly1.cif.gz	11_24	1	2	1	19.012	3.128	PDB_exact_pair_aggregate	0.4543	40_50	P0C0S5	Q9Y230	Q9Y265	0.995307	0.999195	-0.003888	0.0	0.452693	0.718361	0.772304	0.782669
SCF:0002629	AC:002314	P04912	Q12464	P25293	8qku-assembly1.cif.gz	11_24	1	2	1	19.012	2.467	PDB_exact_pair_aggregate	0.2303	20_30	P0C0S5	Q9Y230	P25293	0.996681	0.999195	-0.002514	0.0	0.004181	0.718361	0.483193	0.782669
SCF:0002630	AC:002314	Q12464	P04912	P04911	8qku-assembly1.cif.gz	11_24	1	2	1	19.012	2.286	PDB_exact_pair_aggregate	0.9848	ge50	Q9Y230	P0C0S5	P0C0S5	0.999158	0.999195	-3.7e-05	0.0	0.689034	0.718361	0.776547	0.782669
SCF:0002631	AC:002314	Q12464	P04912	Q12692	8qku-assembly1.cif.gz	11_24	1	2	1	19.012	3.234	PDB_exact_pair_aggregate	0.6349	ge50	Q9Y230	P0C0S5	P0C0S5	0.998549	0.999195	-0.000646	0.0	0.918136	0.718361	0.73753	0.782669
SCF:0002632	AC:002314	Q12464	P04912	P02293	8qku-assembly1.cif.gz	11_24	1	2	1	19.012	2.365	PDB_exact_pair_aggregate	0.314	30_40	Q9Y230	P0C0S5	O23629	0.997141	0.999195	-0.002054	0.0	0.004928	0.718361	0.741733	0.782669
SCF:0002633	AC:002315	I7MDA9	Q24C31	Q23YW7	8th8-assembly1.cif.gz	11_24	1	2	1	55.095	2.122	PDB_exact_pair_aggregate	0.3003	30_40	I7MDA9	Q24C31	Q23YW7	0.00457	0.000954	0.003616	1.0	0.004189	0.004177	0.499569	0.25017
SCF:0002634	AC:002315	I7MDA9	Q24C31	Q23S05	8th8-assembly1.cif.gz	11_24	1	2	1	55.095	1.771	PDB_exact_pair_aggregate	0.2977	20_30	I7MDA9	Q24C31	Q23S05	0.99248	0.000954	0.991526	1.0	0.004187	0.004177	0.32898	0.25017
SCF:0002635	AC:002315	I7MDA9	Q24C31	A4VD15	8th8-assembly1.cif.gz	11_24	1	2	1	55.095	2.082	PDB_exact_pair_aggregate	0.2828	20_30	I7MDA9	Q24C31	A4VD15	0.518153	0.000954	0.517199	1.0	0.004182	0.004177	0.49954	0.25017
SCF:0002636	AC:002319	G3MXC8	Q3MHR7	Q1JP79	7jpn-assembly1.cif.gz	3_10	1	2	1	19.287	3.057	PDB_exact_pair_aggregate	0.2642	20_30	G3MXC8	Q9CVB6	Q1JP79	0.99385	0.999905	-0.006055	0.0	0.016754	0.004182	0.47285	0.708966
SCF:0002637	AC:002319	Q3MHR7	G3MXC8	Q3SYX9	7jpn-assembly1.cif.gz	3_10	1	2	1	19.287	3.485	PDB_exact_pair_aggregate	0.9868	ge50	Q9CVB6	G3MXC8	G3MXC8	0.999868	0.999905	-3.7e-05	0.0	0.00418	0.004182	0.724634	0.708966
SCF:0002638	AC:002320	P53905	Q06406	P40089	4m7d-assembly2.cif.gz	3_10	1	10	1	10.121	2.7	same_assembly_bridge	0.3667	30_40	P53905	Q06406	P40089	0.999858	0.999824	3.4e-05	1.0	0.842128	0.811682	0.758253	0.776069
SCF:0002639	AC:002320	Q06406	P53905	P57743	4m7d-assembly2.cif.gz	3_10	1	10	1	10.121	2.177	PDB_exact_pair_aggregate	0.3333	30_40	Q06406	P53905	P57743	0.999911	0.999824	8.7e-05	1.0	0.91658	0.811682	0.729184	0.776069
SCF:0002640	AC:002320	Q06406	P53905	P47093	4m7d-assembly2.cif.gz	3_10	1	10	1	10.121	2.539	PDB_exact_pair_aggregate	0.3188	30_40	Q06406	P53905	P47093	0.999912	0.999824	8.8e-05	1.0	0.915594	0.811682	0.744929	0.776069
SCF:0002641	AC:002320	Q06406	P53905	P47017	4m7d-assembly2.cif.gz	3_10	1	10	1	10.121	3.184	PDB_exact_pair_aggregate	0.4409	40_50	Q06406	P53905	P47017	0.999667	0.999824	-0.000157	0.0	0.93026	0.811682	0.751073	0.776069
SCF:0002642	AC:002322	A0A1G4KPQ9	F2QT90	F2QVA2	8ucj-assembly1.cif.gz	11_24	1	1	0	46.219	2.628	PDB_exact_pair_aggregate	0.2987	20_30	A0A1G4KPQ9	F2QT90	F2QVA2	0.999918	0.9998	0.000118	1.0	0.973032	0.965284	0.737436	0.562287
SCF:0002643	AC:002324	Q6YXK4	A0A2K1JLW2	A0A2K1JC42	7ksq-assembly1.cif.gz	11_24	1	2	1	17.198	3.064	PDB_exact_pair_aggregate	0.4595	40_50	Q6YXK4	A0A4V8GZZ4	B6U534	0.999641	0.998203	0.001438	1.0	0.004177	0.004174	0.211068	0.464784
SCF:0002644	AC:002326	P27766	Q39584	Q7Y0H2	7kzn-assembly1.cif.gz	11_24	1	2	1	24.077	3.536	PDB_exact_pair_aggregate	0.3267	30_40	P27766	Q39584	Q7Y0H2	0.010631	0.006379	0.004252	1.0	0.004391	0.006459	0.250013	0.079846
SCF:0002645	AC:002326	Q39584	P27766	Q39578	7kzn-assembly1.cif.gz	11_24	1	2	1	24.077	4.41	PDB_exact_pair_aggregate	0.3018	30_40	Q39584	P27766	Q39578	0.970506	0.006379	0.964127	1.0	0.00462	0.006459	0.038856	0.079846
SCF:0002646	AC:002327	P49960	Q06406	P40089	5vsu-assembly1.cif.gz	3_10	1	1	0	12.623	2.83	same_assembly_bridge	0.3667	30_40	P49960	Q06406	P40089	0.994756	0.636576	0.35818	1.0	0.944125	0.98546	0.808203	0.733465
SCF:0002647	AC:002327	P49960	Q06406	P38203	5vsu-assembly1.cif.gz	3_10	1	1	0	12.623	2.244	PDB_exact_pair_aggregate	0.3621	30_40	P49960	Q06406	P38203	0.508689	0.636576	-0.127887	0.0	0.756343	0.98546	0.749806	0.733465
SCF:0002648	AC:002328	G0RYR4	G0S7B2	G0SED0	9ynw-assembly1.cif.gz	11_24	1	1	0	40.607	2.805	PDB_exact_pair_aggregate	0.3153	30_40	G0RYR4	G0S7B2	G0SED0	0.999901	0.989214	0.010687	1.0	0.004177	0.004275	0.034118	0.168905
SCF:0002649	AC:002330	Q54G86	P22685	Q9Y3A5	5anc-assembly1.cif.gz	3_10	1	4	1	47.554	2.88	same_assembly_bridge	0.2312	20_30	Q54G86	P22685	Q9Y3A5	0.9999	0.999932	-3.2e-05	0.0	0.734236	0.838773	0.718318	0.743729
SCF:0002650	AC:002336	I7MHB1	A4VEB3	Q1HFV9	7k58-assembly1.cif.gz	11_24	1	7	1	38.67	2.444	same_assembly_bridge	0.3115	30_40	I7MHB1	A4VEB3	Q24DI9	0.0076	0.890167	-0.882567	0.0	0.004175	0.004175	0.328712	0.316738
SCF:0002651	AC:002337	W5I1R7	W5FWF5	W5DS33	8r57-assembly1.cif.gz	11_24	1	1	0	18.731	3.18	same_assembly_bridge	0.3465	30_40	G1TNM3	W5FWF5	G1SGX4	0.999943	0.99984	0.000103	1.0	0.828405	0.883482	0.801517	0.473745
SCF:0002652	AC:002338	Q9NRP0	P43308	Q8N6L1	8b6l-assembly1.cif.gz	11_24	1	1	0	38.489	2.585	PDB_exact_pair_aggregate	0.31	30_40	Q9NRP0	P43308	Q8N6L1	0.999933	0.999872	6.1e-05	1.0	0.004187	0.004797	0.391515	0.767771
SCF:0002653	AC:002339	P21473	P21477	P55873	8cdv-assembly1.cif.gz	11_24	1	23	1	33.431	2.849	PDB_exact_pair_aggregate	0.3333	30_40	Q2G2Q1	P21477	P55873	0.999949	0.999923	2.6e-05	1.0	0.639345	0.629708	0.513812	0.73083
SCF:0002654	AC:002339	P21473	P21477	P21471	8cdv-assembly1.cif.gz	11_24	1	23	1	33.431	2.485	PDB_exact_pair_aggregate	0.3273	30_40	Q2G2Q1	P21477	P21471	0.999887	0.999923	-3.6e-05	0.0	0.047773	0.629708	0.159595	0.73083
SCF:0002655	AC:002339	P21473	P21477	P21470	8cdv-assembly1.cif.gz	11_24	1	23	1	33.431	3.392	PDB_exact_pair_aggregate	0.2778	20_30	Q2G2Q1	P21477	A0A1M6R974	0.999945	0.999923	2.2e-05	1.0	0.560538	0.629708	0.000262	0.73083
SCF:0002656	AC:002339	P21477	P21473	P21468	8cdv-assembly1.cif.gz	11_24	1	23	1	33.431	2.462	PDB_exact_pair_aggregate	0.3529	30_40	P21477	Q2G2Q1	P21468	0.999864	0.999923	-5.9e-05	0.0	0.928576	0.629708	6.3e-05	0.73083
SCF:0002657	AC:002339	P21477	P21473	P21476	8cdv-assembly1.cif.gz	11_24	1	23	1	33.431	7.369	same_assembly_bridge	0.3137	30_40	P21477	Q2G2Q1	A0QSD5	0.99981	0.999923	-0.000113	0.0	0.855856	0.629708	0.585838	0.73083
SCF:0002658	AC:002339	P21477	P21473	P21474	8cdv-assembly1.cif.gz	11_24	1	23	1	33.431	2.567	PDB_exact_pair_aggregate	0.2653	20_30	P21477	Q2G2Q1	P75131	0.999895	0.999923	-2.8e-05	0.0	0.750082	0.629708	3e-06	0.73083
SCF:0002659	AC:002340	A0R201	A0R204	A0R1Z9	7y5c-assembly1.cif.gz	11_24	1	14	1	12.872	2.206	PDB_exact_pair_aggregate	0.2453	20_30	P9WPU9	A0R204	P9WPV1	0.997618	0.997081	0.000537	1.0	0.004182	0.00426	0.498966	0.184196
SCF:0002660	AC:002341	Q3T084	Q3ZBH0	Q32L40	9kcf-assembly1.cif.gz	11_24	1	1	0	27.722	2.42	same_assembly_bridge	0.3714	30_40	P40227	Q3ZBH0	Q32L40	0.999868	0.999753	0.000115	1.0	0.845945	0.91284	0.327385	0.35027
SCF:0002661	AC:002341	Q3T084	Q3ZBH0	Q2T9X2	9kcf-assembly1.cif.gz	11_24	1	1	0	27.722	2.85	PDB_exact_pair_aggregate	0.3206	30_40	P40227	Q3ZBH0	P50991	0.999776	0.999753	2.3e-05	1.0	0.875897	0.91284	0.364096	0.35027
SCF:0002662	AC:002341	Q3T084	Q3ZBH0	Q3MHL7	9kcf-assembly1.cif.gz	11_24	1	1	0	27.722	2.657	PDB_exact_pair_aggregate	0.2945	20_30	P40227	Q3ZBH0	P40227	0.999896	0.999753	0.000143	1.0	0.684072	0.91284	0.337337	0.35027
SCF:0002663	AC:002341	Q3ZBH0	Q3T084	Q3MHL7	9kcf-assembly1.cif.gz	11_24	1	1	0	27.722	2.259	PDB_exact_pair_aggregate	0.8682	ge50	Q3ZBH0	P40227	P40227	0.999633	0.999753	-0.00012	0.0	0.454336	0.91284	0.345066	0.35027
SCF:0002664	AC:002341	Q3ZBH0	Q3T084	Q2T9X2	9kcf-assembly1.cif.gz	11_24	1	1	0	27.722	2.325	PDB_exact_pair_aggregate	0.3224	30_40	Q3ZBH0	P40227	P50991	0.999881	0.999753	0.000128	1.0	0.876764	0.91284	0.370667	0.35027
SCF:0002665	AC:002342	W7XJB1	I7M6H4	Q22A67	6zyw-assembly1.cif.gz	11_24	1	5	1	34.52	3.318	same_assembly_bridge	0.3428	30_40	W7XJB1	I7M6H4	Q22A67	0.000377	0.007369	-0.006992	0.0				
SCF:0002666	AC:002343	C3SR62	C3SRY2	W8T6F0	9sx2-assembly1.cif.gz	11_24	1	13	1	41.495	2.608	same_assembly_bridge	0.3288	30_40	P80373	C3SRY2	Q83D76	0.999929	0.99992	9e-06	1.0	0.708743	0.885324	0.746136	0.623732
SCF:0002667	AC:002343	C3SR62	C3SRY2	C3SR52	9sx2-assembly1.cif.gz	11_24	1	13	1	41.495	2.798	PDB_exact_pair_aggregate	0.2805	20_30	P80373	C3SRY2	B7IA17	0.999927	0.99992	7e-06	1.0	0.714359	0.885324	0.678457	0.623732
SCF:0002668	AC:002343	C3SR62	C3SRY2	A0A024L8R9	9sx2-assembly1.cif.gz	11_24	1	13	1	41.495	1.602	PDB_exact_pair_aggregate	0.28	20_30	P80373	C3SRY2	P40711	0.999919	0.99992	-1e-06	0.0	0.887753	0.885324	0.807121	0.623732
SCF:0002669	AC:002343	C3SRY2	C3SR62	P60422	9sx2-assembly1.cif.gz	11_24	1	13	1	41.495	3.846	PDB_exact_pair_aggregate	0.277	20_30	C3SRY2	P80373	P60422	0.999912	0.99992	-8e-06	0.0	0.692735	0.885324	0.681382	0.623732
SCF:0002670	AC:002345	M1VKK5	Q85FP8	M1UU36	5zgb-assembly1.cif.gz	11_24	1	1	0	33.443	3.519	PDB_exact_pair_aggregate	0.3478	30_40	M1VKK5	Q85FP8	M1UU36	0.999913	0.97031	0.029603	1.0	0.795864	0.086157	0.63343	0.574936
SCF:0002671	AC:002345	Q85FP8	M1VKK5	M1VFJ4	5zgb-assembly1.cif.gz	11_24	1	1	0	33.443	3.874	PDB_exact_pair_aggregate	0.3083	30_40	Q85FP8	M1VKK5	M1VFJ4	0.030742	0.97031	-0.939568	0.0	0.004773	0.086157	0.626612	0.574936
SCF:0002672	AC:002347	A0T0M8	B8BUW3	B5YM25	8xls-assembly1.cif.gz	11_24	1	2	1	10.572	2.762	PDB_exact_pair_aggregate	0.3852	30_40	A0T0M8	B8BUW3	B5YM25	0.999125	0.002579	0.996546	1.0	0.005193	0.005682	0.049979	0.025598
SCF:0002673	AC:002347	A0T0M8	B8BUW3	B8C770	8xls-assembly1.cif.gz	11_24	1	2	1	10.572	2.5	PDB_exact_pair_aggregate	0.3566	30_40	A0T0M8	B8BUW3	B8C770	0.999447	0.002579	0.996868	1.0	0.015813	0.005682	0.206039	0.025598
SCF:0002674	AC:002347	A0T0M8	B8BUW3	B8CEQ3	8xls-assembly1.cif.gz	11_24	1	2	1	10.572	2.556	PDB_exact_pair_aggregate	0.3208	30_40	A0T0M8	B8BUW3	B8CEQ3	0.998905	0.002579	0.996326	1.0	0.006322	0.005682	0.084592	0.025598
SCF:0002675	AC:002347	B8BUW3	A0T0M8	A0T0M9	8xls-assembly1.cif.gz	11_24	1	2	1	10.572	2.639	PDB_exact_pair_aggregate	0.4912	40_50	B8BUW3	A0T0M8	T1RIQ1	0.007724	0.002579	0.005145	1.0	0.008638	0.005682	0.083775	0.025598
SCF:0002676	AC:002348	P04052	Q9VEA5	Q7JZF5	9mu7-assembly1.cif.gz	11_24	1	1	0	15.044	2.324	PDB_exact_pair_aggregate	0.2642	20_30	A0A7M4DUC2	Q9VEA5	O81098	0.999905	0.999929	-2.4e-05	0.0	0.574463	0.006163	0.744747	0.447791
SCF:0002677	AC:002349	Q9BTE1	P61163	F2Z5G5	9b85-assembly1.cif.gz	11_24	1	2	1	34.901	3.217	PDB_exact_pair_aggregate	0.9968	ge50	Q9BTE1	F2Z5G5	F2Z5G5	0.879269	0.99951	-0.120241	0.0	0.183764	0.459109	0.836836	0.851653
SCF:0002678	AC:002349	Q9BTE1	P61163	Q9NZ32	9b85-assembly1.cif.gz	11_24	1	2	1	34.901	3.906	same_assembly_bridge	0.3163	30_40	Q9BTE1	F2Z5G5	Q9NZ32	0.999722	0.99951	0.000212	1.0	0.733689	0.459109	0.802475	0.851653
SCF:0002679	AC:002350	P20042	P49770	P05198	9hve-assembly1.cif.gz	11_24	1	4	1	25.555	2.807	PDB_exact_pair_aggregate	0.2526	20_30	P20042	P49770	P20459	0.999858	0.999814	4.4e-05	1.0	0.372668	0.021853	0.659068	0.718309
SCF:0002680	AC:002350	P49770	P20042	Q9NR50	9hve-assembly1.cif.gz	11_24	1	4	1	25.555	2.905	same_assembly_bridge	0.2516	20_30	P49770	P20042	Q9NR50	0.999653	0.999814	-0.000161	0.0	0.061315	0.021853	0.554069	0.718309
SCF:0002681	AC:002351	Q585T1	Q57VS6	Q389W4	8fni-assembly1.cif.gz	3_10	1	2	1	13.161	2.543	same_assembly_bridge	0.2627	20_30	Q585T1	Q57VS6	Q389W4	0.010605	0.001773	0.008832	1.0	0.007011	0.004174	0.675103	0.519319
SCF:0002682	AC:002353	Q1HFX0	Q1HFX1	Q22MV2	7k58-assembly1.cif.gz	11_24	1	1	0	68.902	2.22	PDB_exact_pair_aggregate	1.0	ge50	Q1HFX0	A8IY95	Q22MV2	0.035596	0.601023	-0.565427	0.0	0.00418	0.140357	0.507299	0.735177
SCF:0002683	AC:002353	Q1HFX0	Q1HFX1	I7MHB1	7k58-assembly1.cif.gz	11_24	1	1	0	68.902	4.621	PDB_exact_pair_aggregate	0.2887	20_30	Q1HFX0	A8IY95	I7MHB1	0.005712	0.601023	-0.595311	0.0	0.00419	0.140357	0.601783	0.735177
SCF:0002684	AC:002353	Q1HFX1	Q1HFX0	W7XJB1	7k58-assembly1.cif.gz	11_24	1	1	0	68.902	2.71	same_assembly_bridge	0.3535	30_40	A8IY95	Q1HFX0	W7XJB1	0.99988	0.601023	0.398857	1.0	0.004175	0.140357	0.333095	0.735177
SCF:0002685	AC:002353	Q1HFX1	Q1HFX0	Q1HFV9	7k58-assembly1.cif.gz	11_24	1	1	0	68.902	4.845	PDB_exact_pair_aggregate	0.3171	30_40	A8IY95	Q1HFX0	Q24DI9	0.999209	0.601023	0.398186	1.0	0.004175	0.140357	0.188418	0.735177
SCF:0002686	AC:002353	Q1HFX1	Q1HFX0	Q1HFW2	7k58-assembly1.cif.gz	11_24	1	1	0	68.902	2.698	PDB_exact_pair_aggregate	0.3	30_40	A8IY95	Q1HFX0	Q1HFW2	0.999535	0.601023	0.398512	1.0	0.149891	0.140357	0.725991	0.735177
SCF:0002687	AC:002355	P0A8V2	P0AF28	P0A7V8	8u3b-assembly1.cif.gz	3_10	1	1	0	35.178	2.332	PDB_exact_pair_aggregate	0.3022	30_40	P0A8V2	P0AF28	P80373	0.999492	0.001511	0.997981	1.0	0.084373	0.005906	0.712574	0.448542
SCF:0002688	AC:002355	P0A8V2	P0AF28	P0A7V3	8u3b-assembly1.cif.gz	3_10	1	1	0	35.178	0.553	PDB_exact_pair_aggregate	0.2685	20_30	P0A8V2	P0AF28	P80372	0.999495	0.001511	0.997984	1.0	0.381799	0.005906	0.737607	0.448542
SCF:0002689	AC:002355	P0A8V2	P0AF28	P0AFW0	8u3b-assembly1.cif.gz	3_10	1	1	0	35.178	2.321	PDB_exact_pair_aggregate	0.2615	20_30	P0A8V2	P0AF28	P0AFW0	0.99632	0.001511	0.994809	1.0	0.004185	0.005906	0.356426	0.448542
SCF:0002690	AC:002356	Q4VT52	A0A8D0MI69	A0A286ZYL7	6j5a-assembly1.cif.gz	11_24	1	3	1	9.765	1.358	PDB_exact_pair_aggregate	0.2667	20_30	Q4VT52	P13619	P05630	0.450303	0.746668	-0.296365	0.0	0.95915	0.980935	0.404581	0.633865
SCF:0002691	AC:002357	P38786	P40993	P53218	7c7a-assembly1.cif.gz	11_24	1	3	1	8.91	3.07	PDB_exact_pair_aggregate	0.25	20_30	P38786	P40993	P53218	0.999269	0.998002	0.001267	1.0	0.004175	0.004175	0.499138	0.499291
SCF:0002692	AC:002360	P53859	P38801	P53256	5c0w-assembly1.cif.gz	11_24	1	4	1	40.425	1.256	PDB_exact_pair_aggregate	0.2966	20_30	P53859	P38801	P53256	0.998522	0.995367	0.003155	1.0	0.004176	0.004183	0.699217	0.423223
SCF:0002693	AC:002360	P53859	P38801	P53725	5c0w-assembly1.cif.gz	11_24	1	4	1	40.425	3.994	PDB_exact_pair_aggregate	0.2681	20_30	P53859	P38801	P53725	0.355142	0.995367	-0.640225	0.0	0.004195	0.004183	0.09338	0.423223
SCF:0002694	AC:002361	A0A0F6NFW5	Q9SQL2	Q32904	6zxs-assembly1.cif.gz	11_24	1	2	1	10.446	2.636	PDB_exact_pair_aggregate	0.5172	ge50	A0T0M8	Q84Y02	A0A2K1IB10	0.999671	0.998632	0.001039	1.0	0.167064	0.097878	0.514505	0.423294
SCF:0002695	AC:002367	P38550	A0A1S4BFK7	A0A1S4CE74	8wa1-assembly1.cif.gz	11_24	1	1	0	32.104	2.835	PDB_exact_pair_aggregate	0.4743	40_50	P11704	A0A1S4BFK7	A0A9R0JBX6	5.8e-05	4.9e-05	9e-06	1.0	0.004178	0.004176	0.212713	0.452694
SCF:0002696	AC:002371	P56769	Q9SY97	P27521	7wfe-assembly1.cif.gz	11_24	1	3	1	18.247	4.933	PDB_exact_pair_aggregate	0.5373	ge50	Q55329	A0A2K1IB10	Q84Y02	0.99935	0.311985	0.687365	1.0	0.005558	0.014474	0.694948	0.681869
SCF:0002697	AC:002371	P56769	Q9SY97	Q9SYW8	7wfe-assembly1.cif.gz	11_24	1	3	1	18.247	3.169	PDB_exact_pair_aggregate	0.4766	40_50	Q55329	A0A2K1IB10	F2D0D5	0.999477	0.311985	0.687492	1.0	0.007632	0.014474	0.674504	0.681869
SCF:0002698	AC:002371	P56769	Q9SY97	Q8LCQ4	7wfe-assembly1.cif.gz	11_24	1	3	1	18.247	2.752	PDB_exact_pair_aggregate	0.4553	40_50	Q55329	A0A2K1IB10	F2D0D5	0.99185	0.311985	0.679865	1.0	0.004514	0.014474	0.737443	0.681869
SCF:0002699	AC:002372	P53256	Q08162	Q99207	5k36-assembly1.cif.gz	11_24	1	13	1	9.03	3.625	PDB_exact_pair_aggregate	0.2849	20_30	P53256	Q08162	Q99207	0.041025	0.999447	-0.958422	0.0	0.00449	0.004181	0.482972	0.674122
SCF:0002700	AC:002372	Q08162	P53256	P46948	5k36-assembly1.cif.gz	11_24	1	13	1	9.03	1.518	PDB_exact_pair_aggregate	0.3211	30_40	Q08162	P53256	P46948	0.999741	0.999447	0.000294	1.0	0.023014	0.004181	0.730489	0.674122
SCF:0002701	AC:002372	Q08162	P53256	Q12277	5k36-assembly1.cif.gz	11_24	1	13	1	9.03	2.449	PDB_exact_pair_aggregate	0.2663	20_30	Q08162	P53256	Q12277	0.999718	0.999447	0.000271	1.0	0.004177	0.004181	0.452665	0.674122
SCF:0002702	AC:002373	B8YB62	B8YB54	B8YB56	2y0s-assembly2.cif.gz	11_24	1	5	1	27.795	2.539	PDB_exact_pair_aggregate	0.3048	30_40	P46217	B8YB54	P39471	0.996682	0.909263	0.087419	1.0	0.004188	0.004198	0.659392	0.285589
SCF:0002703	AC:002374	O57233	Q76ZQ8	Q76ZS0	6rie-assembly1.cif.gz	3_10	1	1	0	39.071	2.438	PDB_exact_pair_aggregate	0.2941	20_30	P21087	P68610	P04310	0.203931	0.95116	-0.747229	0.0	0.004174	0.004177	0.33296	0.500579
SCF:0002704	AC:002377	Q24DI9	I7M6H4	Q22A67	6zyw-assembly1.cif.gz	11_24	1	1	0	26.777	2.45	PDB_exact_pair_aggregate	0.3428	30_40	Q24DI9	I7M6H4	Q22A67	0.00067	0.001153	-0.000483	0.0				
SCF:0002705	AC:002381	I7LT80	Q24CL2	Q24DJ0	8th8-assembly1.cif.gz	11_24	1	2	1	37.514	2.044	PDB_exact_pair_aggregate	0.2878	20_30	I7LT80	Q24CL2	Q24DJ0	0.001762	0.011293	-0.009531	0.0	0.004181	0.004192	0.117251	0.277578
SCF:0002706	AC:002381	I7LT80	Q24CL2	Q23YW7	8th8-assembly1.cif.gz	11_24	1	2	1	37.514	2.098	PDB_exact_pair_aggregate	0.2804	20_30	I7LT80	Q24CL2	Q23YW7	0.992132	0.011293	0.980839	1.0	0.004184	0.004192	0.189216	0.277578
SCF:0002707	AC:002381	Q24CL2	I7LT80	Q23S05	8th8-assembly1.cif.gz	11_24	1	2	1	37.514	2.404	PDB_exact_pair_aggregate	0.2689	20_30	Q24CL2	I7LT80	Q23S05	0.079286	0.011293	0.067993	1.0	0.004184	0.004192	0.25632	0.277578
SCF:0002708	AC:002383	D7NIZ2	K0J903	D8V7I1	6rdf-assembly1.cif.gz	11_24	1	3	1	77.865	2.636	PDB_exact_pair_aggregate	0.2744	20_30	D7NIZ2	K0J903	D8V7I1	0.073478	0.001503	0.071975	1.0	0.004179	0.004181	0.250173	0.27475
SCF:0002709	AC:002384	P07471	Q01321	P62894	9w2z-assembly1.cif.gz	11_24	1	1	0	15.855	3.061	PDB_exact_pair_aggregate	0.3704	30_40	P07471	O00483	P62894	0.998765	0.999938	-0.001173	0.0	0.643927	0.562125	0.64721	0.727745
SCF:0002710	AC:002385	P28791	P53847	P33891	8eki-assembly1.cif.gz	3_10	1	1	0	33.03	2.429	same_assembly_bridge	0.2973	20_30	P28791	P53847	P33891	0.922842	0.01718	0.905662	1.0	0.004176	0.004175	0.695048	0.602127
SCF:0002711	AC:002387	P21465	P12879	P21469	8cec-assembly1.cif.gz	11_24	1	21	1	19.359	3.209	same_assembly_bridge	0.2846	20_30	P80372	Q2FW20	P17291	0.999949	0.999948	1e-06	1.0	0.566102	0.833628	0.666788	0.772182
SCF:0002712	AC:002387	P21465	P12879	P20282	8cec-assembly1.cif.gz	11_24	1	21	1	19.359	2.632	PDB_exact_pair_aggregate	0.2297	20_30	P80372	Q2FW20	B7IA17	0.999944	0.999948	-4e-06	0.0	0.904307	0.833628	0.195631	0.772182
SCF:0002713	AC:002393	O14010	Q9Y7N2	O94376	5n9j-assembly1.cif.gz	11_24	1	1	0	42.281	3.48	PDB_exact_pair_aggregate	0.2466	20_30	O14010	Q9Y7N2	O94376	0.99989	0.999707	0.000183	1.0	0.487898	0.004191	0.52809	0.498021
SCF:0002714	AC:002393	Q9Y7N2	O14010	O94376	5n9j-assembly1.cif.gz	11_24	1	1	0	42.281	3.851	PDB_exact_pair_aggregate	0.2903	20_30	Q9Y7N2	O14010	O94376	0.996936	0.999707	-0.002771	0.0	0.00419	0.004191	0.477741	0.498021
SCF:0002715	AC:002396	A0T0M8	B8BRQ8	B8CEQ3	8zet-assembly1.cif.gz	11_24	1	1	0	22.948	2.556	PDB_exact_pair_aggregate	0.3393	30_40	A0T0M8	B8BRQ8	B8CEQ3	0.998905	0.843584	0.155321	1.0	0.006322	0.037646	0.084592	0.311201
SCF:0002716	AC:002396	B8BRQ8	A0T0M8	A0T0M9	8zet-assembly1.cif.gz	11_24	1	1	0	22.948	2.726	PDB_exact_pair_aggregate	0.4912	40_50	B8BRQ8	A0T0M8	T1RIQ1	0.998324	0.843584	0.15474	1.0	0.007682	0.037646	0.300016	0.311201
SCF:0002717	AC:002399	P00579	P0ABS1	P0A9G4	7khi-assembly1.cif.gz	3_10	1	4	1	13.619	2.374	PDB_exact_pair_aggregate	0.2809	20_30	P00579	P0ABS1	P0A9G4	0.962294	0.95401	0.008284	1.0	0.028208	0.004188	0.250177	0.469404
SCF:0002718	AC:002400	A0A1S3ZQT7	A0A1S3XP85	A0A1S3YU01	8w9z-assembly1.cif.gz	11_24	1	1	0	58.588	2.499	PDB_exact_pair_aggregate	0.2598	20_30	A0A1S3ZQT7	A0A1S3X2G3	A0A1S3YU01	0.000239	0.002012	-0.001773	0.0	0.004176	0.147486	0.199845	0.172739
SCF:0002719	AC:002401	P12853	P18263	P92276	9hei-assembly1.cif.gz	11_24	1	4	1	38.14	2.709	PDB_exact_pair_aggregate	0.4722	40_50	P12853	P19054	P92276	0.991935	0.997232	-0.005297	0.0	0.004181	0.004195	0.135787	0.073843
SCF:0002720	AC:002401	P18263	P12853	Q93VE0	9hei-assembly1.cif.gz	11_24	1	4	1	38.14	2.939	PDB_exact_pair_aggregate	0.32	30_40	P19054	P12853	A9RT62	0.789918	0.997232	-0.207314	0.0	0.941074	0.004195	0.624047	0.073843
SCF:0002721	AC:002401	P18263	P12853	A8HY43	9hei-assembly1.cif.gz	11_24	1	4	1	38.14	2.854	PDB_exact_pair_aggregate	0.2963	20_30	P19054	P12853	A8HY43	0.105397	0.997232	-0.891835	0.0	0.004176	0.004195	0.205483	0.073843
SCF:0002722	AC:002401	P18263	P12853	Q93WL4	9hei-assembly1.cif.gz	11_24	1	4	1	38.14	2.743	PDB_exact_pair_aggregate	0.2848	20_30	P19054	P12853	A9RT62	0.986765	0.997232	-0.010467	0.0	0.774758	0.004195	0.535762	0.073843
SCF:0002723	AC:002402	A0A5H1ZR73	D8V7I2	D7P897	9evd-assembly1.cif.gz	11_24	1	4	1	81.426	2.515	PDB_exact_pair_aggregate	0.3158	30_40	A0A5H1ZR73	D8V7I2	D7P897	0.794086	0.006876	0.78721	1.0	0.004188	0.004299	0.50293	0.067344
SCF:0002724	AC:002403	Q9M3L0	P69461	P80883	6rqf-assembly1.cif.gz	11_24	1	7	1	10.06	3.601	same_assembly_bridge	0.3158	30_40	Q9M3L0	P74149	P80883	0.98397	0.593929	0.390041	1.0	0.004343	0.005508	0.411115	0.566517
SCF:0002725	AC:002404	Q5SLP8	Q5SKU2	P80373	1i96-assembly1.cif.gz	11_24	1	1	0	14.009	2.458	PDB_exact_pair_aggregate	0.2817	20_30	Q5SLP8	Q5SKU2	P80373	0.999917	0.999905	1.2e-05	1.0	0.408963	0.715369	0.64898	0.813753
SCF:0002726	AC:002404	Q5SLP8	Q5SKU2	P17291	1i96-assembly1.cif.gz	11_24	1	1	0	14.009	2.694	PDB_exact_pair_aggregate	0.2314	20_30	Q5SLP8	Q5SKU2	P17291	0.99994	0.999905	3.5e-05	1.0	0.67188	0.715369	0.643801	0.813753
SCF:0002727	AC:002407	P01730	P01857	P0DOX5	2qad-assembly1.cif.gz	3_10	1	1	0	10.03	1.948	PDB_exact_pair_aggregate	1.0	ge50	P01730	P01867	Q6N030	0.999647	0.999379	0.000268	1.0	0.227803	0.008208	0.105536	0.027715
SCF:0002728	AC:002407	P01857	P01730	P55899	2qad-assembly1.cif.gz	3_10	1	1	0	10.03	2.722	PDB_exact_pair_aggregate	0.2892	20_30	P01867	P01730	P55899	0.051553	0.999379	-0.947826	0.0	0.006795	0.008208	0.707964	0.027715
SCF:0002729	AC:002409	C3TRH7	W8T6F0	C3SRY2	9sx2-assembly1.cif.gz	11_24	1	1	0	26.098	2.578	PDB_exact_pair_aggregate	0.3288	30_40	P0A7U7	Q83D76	C3SRY2	0.999925	0.999826	9.9e-05	1.0	0.780214	0.137568	0.000173	0.496201
SCF:0002730	AC:002410	P40337	Q9BT78	Q7L5N1	6r7f-assembly1.cif.gz	11_24	1	2	1	46.673	3.375	PDB_exact_pair_aggregate	0.2707	20_30	P40337	Q9BT78	Q7L5N1	0.999671	0.999572	9.9e-05	1.0	0.054204	0.004178	0.67918	0.712207
SCF:0002731	AC:002410	P40337	Q9BT78	Q13098	6r7f-assembly1.cif.gz	11_24	1	2	1	46.673	2.263	PDB_exact_pair_aggregate	0.2684	20_30	P40337	Q9BT78	Q13098	0.999816	0.999572	0.000244	1.0	0.004177	0.004178	0.721273	0.712207
SCF:0002732	AC:002410	P40337	Q9BT78	Q9UNS2	6r7f-assembly1.cif.gz	11_24	1	2	1	46.673	2.678	PDB_exact_pair_aggregate	0.2486	20_30	P40337	Q9BT78	Q9UNS2	0.999826	0.999572	0.000254	1.0	0.02174	0.004178	0.569898	0.712207
SCF:0002733	AC:002410	Q9BT78	P40337	P63208	6r7f-assembly1.cif.gz	11_24	1	2	1	46.673	2.857	PDB_exact_pair_aggregate	0.281	20_30	Q9BT78	P40337	P63208	0.9997	0.999572	0.000128	1.0	0.00418	0.004178	0.745565	0.712207
SCF:0002734	AC:002412	I0YQ44	I0YQ45	I0YQ46	9kqq-assembly1.cif.gz	11_24	1	1	0	36.376	2.654	same_assembly_bridge	0.5631	ge50	Q84Y02	Q7DM26	Q84Y02	0.999939	0.999929	1e-05	1.0	0.144606	0.018189	0.726297	0.727501
SCF:0002735	AC:002412	I0YQ44	I0YQ45	I0Z7A6	9kqq-assembly1.cif.gz	11_24	1	1	0	36.376	2.859	PDB_exact_pair_aggregate	0.4904	40_50	Q84Y02	Q7DM26	Q75VY8	0.999933	0.999929	4e-06	1.0	0.145395	0.018189	0.756615	0.727501
SCF:0002736	AC:002412	I0YQ45	I0YQ44	I0YQ46	9kqq-assembly1.cif.gz	11_24	1	1	0	36.376	2.842	same_assembly_bridge	0.5485	ge50	Q7DM26	Q84Y02	Q84Y02	0.999933	0.999929	4e-06	1.0	0.045745	0.018189	0.74158	0.727501
SCF:0002737	AC:002412	I0YQ45	I0YQ44	I0Z7A7	9kqq-assembly1.cif.gz	11_24	1	1	0	36.376	3.054	PDB_exact_pair_aggregate	0.5211	ge50	Q7DM26	Q84Y02	Q75VY8	0.999914	0.999929	-1.5e-05	0.0	0.035648	0.018189	0.772662	0.727501
SCF:0002738	AC:002413	Q05AW3	Q7ZX96	A2RV69	7vci-assembly1.cif.gz	11_24	1	4	1	51.666	2.318	PDB_exact_pair_aggregate	0.3184	30_40	Q05AW3	Q7ZX96	A2RV69	0.99955	0.999443	0.000107	1.0	0.004177	0.004177	0.412459	0.644144
SCF:0002739	AC:002413	Q7ZX96	Q05AW3	Q6GNX0	7vci-assembly1.cif.gz	11_24	1	4	1	51.666	3.083	PDB_exact_pair_aggregate	0.2944	20_30	Q7ZX96	Q05AW3	Q7ZYJ8	0.999935	0.999443	0.000492	1.0	0.004177	0.004177	0.700039	0.644144
SCF:0002740	AC:002413	Q7ZX96	Q05AW3	Q7ZYJ8	7vci-assembly1.cif.gz	11_24	1	4	1	51.666	2.421	PDB_exact_pair_aggregate	0.2934	20_30	Q7ZX96	Q05AW3	Q7ZYJ8	0.999935	0.999443	0.000492	1.0	0.004177	0.004177	0.689213	0.644144
SCF:0002741	AC:002415	P68610	P68449	P68608	9fq6-assembly1.cif.gz	11_24	1	1	0	39.97	2.347	PDB_exact_pair_aggregate	0.2941	20_30	P68610	P68449	P68608	0.879947	0.976218	-0.096271	0.0	0.004177	0.004177	0.299776	0.750091
SCF:0002742	AC:002419	P46020	P0DP25	P0DP23	8z5t-assembly1.cif.gz	11_24	1	3	1	8.353	2.316	PDB_exact_pair_aggregate	1.0	ge50	P46020	P0DP23	P0DP23	0.986312	0.999261	-0.012949	0.0	0.004212	0.004212	1.3e-05	1.3e-05
SCF:0002743	AC:002420	Q24CE5	I7M9J2	Q22A67	6zyw-assembly1.cif.gz	11_24	1	1	0	39.301	4.406	PDB_exact_pair_aggregate	0.334	30_40	Q24CE5	I7M9J2	Q22A67	0.00137	0.001946	-0.000576	0.0				
SCF:0002744	AC:002421	Q7Z7J7	P14867	P18507	9fak-assembly1.cif.gz	3_10	1	4	1	8.743	2.581	same_assembly_bridge	0.5048	ge50	Q7Z7J7	P34903	P18507	0.000288	6.6e-05	0.000222	1.0	0.004174	0.004176	0.343193	0.167797
SCF:0002745	AC:002421	Q7Z7J7	P14867	P28472	9fak-assembly1.cif.gz	3_10	1	4	1	8.743	2.453	PDB_exact_pair_aggregate	0.3927	30_40	Q7Z7J7	P34903	P47870	0.000157	6.6e-05	9.1e-05	1.0	0.004174	0.004176	0.27583	0.167797
SCF:0002746	AC:002422	P24279	P47112	P54791	6wgi-assembly1.cif.gz	11_24	1	2	1	17.893	2.882	PDB_exact_pair_aggregate	0.2882	20_30	P24279	P47112	P54791	0.999689	0.282831	0.716858	1.0	0.073971	0.004179	0.742996	0.630063
SCF:0002747	AC:002422	P24279	P47112	P29469	6wgi-assembly1.cif.gz	11_24	1	2	1	17.893	2.352	PDB_exact_pair_aggregate	0.2833	20_30	P24279	P47112	P29469	0.969463	0.282831	0.686632	1.0	0.037267	0.004179	0.715946	0.630063
SCF:0002748	AC:002422	P24279	P47112	P50874	6wgi-assembly1.cif.gz	11_24	1	2	1	17.893	2.736	PDB_exact_pair_aggregate	0.2618	20_30	P24279	P47112	P50874	0.999509	0.282831	0.716678	1.0	0.004176	0.004179	0.754856	0.630063
SCF:0002749	AC:002422	P47112	P24279	P29469	6wgi-assembly1.cif.gz	11_24	1	2	1	17.893	1.879	PDB_exact_pair_aggregate	0.395	30_40	P47112	P24279	P29469	0.000302	0.282831	-0.282529	0.0	0.005278	0.004179	0.617208	0.630063
SCF:0002750	AC:002422	P47112	P24279	P53091	6wgi-assembly1.cif.gz	11_24	1	2	1	17.893	2.269	PDB_exact_pair_aggregate	0.3824	30_40	P47112	P24279	P53091	0.001142	0.282831	-0.281689	0.0	0.004178	0.004179	0.539077	0.630063
SCF:0002751	AC:002422	P47112	P24279	P38132	6wgi-assembly1.cif.gz	11_24	1	2	1	17.893	1.195	same_assembly_bridge	0.3715	30_40	P47112	P24279	P38132	0.00017	0.282831	-0.282661	0.0	0.004177	0.004179	0.59088	0.630063
SCF:0002752	AC:002423	Q85G51	M1VFJ4	M1VKK5	7blz-assembly1.cif.gz	11_24	1	4	1	54.863	2.457	PDB_exact_pair_aggregate	0.3083	30_40	Q85G51	M1VFJ4	M1VKK5	0.998766	0.998522	0.000244	1.0	0.979855	0.972614	0.527219	0.437246
SCF:0002753	AC:002425	A8IS47	A8J353	A8IJ60	7ekq-assembly1.cif.gz	11_24	1	2	1	43.569	2.224	PDB_exact_pair_aggregate	0.2474	20_30	A8IS47	A8J353	A8IJ60	0.999872	0.000119	0.999753	1.0	0.908391	0.004175	0.698392	0.083786
SCF:0002754	AC:002425	A8J353	A8IS47	A8INX1	7ekq-assembly1.cif.gz	11_24	1	2	1	43.569	4.185	PDB_exact_pair_aggregate	0.306	30_40	A8J353	A8IS47	A8INX1	0.000557	0.000119	0.000438	1.0	0.004175	0.004175	0.490563	0.083786
SCF:0002755	AC:002426	A0A069QC99	A0A241XG65	E2RXU4	6spc-assembly1.cif.gz	11_24	1	3	1	29.911	2.432	PDB_exact_pair_aggregate	0.3529	30_40	A0A069QC99	Q839E7	Q50296	0.999919	0.999899	2e-05	1.0	0.752052	0.905634	0.10285	0.780885
SCF:0002756	AC:002428	P02293	Q06675	Q02732	8ow0-assembly1.cif.gz	11_24	1	2	1	30.801	2.607	PDB_exact_pair_aggregate	0.2925	20_30	O23629	Q06675	Q02732	0.997692	0.998996	-0.001304	0.0	0.00418	0.00418	0.372516	0.479085
SCF:0002757	AC:002428	Q06675	P02293	P04911	8ow0-assembly1.cif.gz	11_24	1	2	1	30.801	2.594	PDB_exact_pair_aggregate	0.314	30_40	Q06675	O23629	P0C0S5	0.999677	0.998996	0.000681	1.0	0.004178	0.00418	0.187312	0.479085
SCF:0002758	AC:002430	P35249	Q99638	P12004	7z6h-assembly1.cif.gz	3_10	1	1	0	37.593	2.416	PDB_exact_pair_aggregate	0.3065	30_40	P35249	Q99638	P12004	0.99989	0.999373	0.000517	1.0	0.587554	0.703756	0.634442	0.691769
SCF:0002759	AC:002430	Q99638	P35249	P35250	7z6h-assembly1.cif.gz	3_10	1	1	0	37.593	3.199	PDB_exact_pair_aggregate	0.3912	30_40	Q99638	P35249	P35250	0.999531	0.999373	0.000158	1.0	0.928658	0.703756	0.731802	0.691769
SCF:0002760	AC:002436	Q22MV2	I7MCM8	Q1HFX0	6zyw-assembly1.cif.gz	11_24	1	1	0	11.312	2.22	PDB_exact_pair_aggregate	1.0	ge50	Q22MV2	Q1HFX0	Q1HFX0	0.035596	0.035596	0.0	0.5	0.00418	0.00418	0.507299	0.507299
SCF:0002761	AC:002436	Q22MV2	I7MCM8	W7XJB1	6zyw-assembly1.cif.gz	11_24	1	1	0	11.312	2.709	PDB_exact_pair_aggregate	0.3535	30_40	Q22MV2	Q1HFX0	W7XJB1	0.990347	0.035596	0.954751	1.0	0.004174	0.00418	0.174015	0.507299
SCF:0002762	AC:002436	Q22MV2	I7MCM8	Q1HFV9	6zyw-assembly1.cif.gz	11_24	1	1	0	11.312	4.845	PDB_exact_pair_aggregate	0.3171	30_40	Q22MV2	Q1HFX0	Q24DI9	0.025082	0.035596	-0.010514	0.0	0.004175	0.00418	0.174022	0.507299
SCF:0002763	AC:002437	P22666	A8HY43	A0A2K3DWM2	8kde-assembly1.cif.gz	11_24	1	1	0	10.779	2.136	PDB_exact_pair_aggregate	0.3455	30_40	P22666	A8HY43	A0A2K3DWM2	0.025383	0.683587	-0.658204	0.0	0.004286	0.004186	0.403521	0.333282
SCF:0002764	AC:002437	P22666	A8HY43	Q93WL4	8kde-assembly1.cif.gz	11_24	1	1	0	10.779	2.189	PDB_exact_pair_aggregate	0.3431	30_40	P22666	A8HY43	A9RT62	0.355716	0.683587	-0.327871	0.0	0.004225	0.004186	0.169592	0.333282
SCF:0002765	AC:002438	Q9Y3B2	Q9Y2L1	Q8TF46	6d6q-assembly1.cif.gz	11_24	1	3	1	54.031	2.233	PDB_exact_pair_aggregate	0.4118	40_50	Q9Y3B2	Q9Y2L1	Q8TF46	0.999805	0.999363	0.000442	1.0	0.010599	0.264989	0.614419	0.598323
SCF:0002766	AC:002438	Q9Y3B2	Q9Y2L1	Q9Y450	6d6q-assembly1.cif.gz	11_24	1	3	1	54.031	2.528	PDB_exact_pair_aggregate	0.2413	20_30	Q9Y3B2	Q9Y2L1	Q9Y450	0.998217	0.999363	-0.001146	0.0	0.459369	0.264989	0.717124	0.598323
SCF:0002767	AC:002439	Q9GZQ3	Q9NX08	Q9P000	8p0w-assembly1.cif.gz	11_24	1	3	1	20.024	2.55	PDB_exact_pair_aggregate	0.291	20_30	Q9GZQ3	Q9NX08	Q9P000	0.999858	0.999923	-6.5e-05	0.0	0.00418	0.004182	0.73269	0.771935
SCF:0002768	AC:002439	Q9GZQ3	Q9NX08	Q9Y6G5	8p0w-assembly1.cif.gz	11_24	1	3	1	20.024	2.281	PDB_exact_pair_aggregate	0.2836	20_30	Q9GZQ3	Q9NX08	Q9Y6G5	0.999774	0.999923	-0.000149	0.0	0.00418	0.004182	0.775315	0.771935
SCF:0002769	AC:002439	Q9GZQ3	Q9NX08	Q86X83	8p0w-assembly1.cif.gz	11_24	1	3	1	20.024	2.307	PDB_exact_pair_aggregate	0.2569	20_30	Q9GZQ3	Q9NX08	Q86X83	0.999932	0.999923	9e-06	1.0	0.004176	0.004182	0.737012	0.771935
SCF:0002770	AC:002439	Q9NX08	Q9GZQ3	Q9UBI1	8p0w-assembly1.cif.gz	11_24	1	3	1	20.024	2.702	PDB_exact_pair_aggregate	0.2874	20_30	Q9NX08	Q9GZQ3	Q9UBI1	0.999939	0.999923	1.6e-05	1.0	0.004178	0.004182	0.722978	0.771935
SCF:0002771	AC:002439	Q9NX08	Q9GZQ3	Q9H0A8	8p0w-assembly1.cif.gz	11_24	1	3	1	20.024	2.376	PDB_exact_pair_aggregate	0.2866	20_30	Q9NX08	Q9GZQ3	Q9H0A8	0.999913	0.999923	-1e-05	0.0	0.004175	0.004182	0.742831	0.771935
SCF:0002772	AC:002441	A0A8D2A9I1	Q06AT4	Q06AT5	8jj5-assembly1.cif.gz	3_10	1	1	0	14.657	2.644	same_assembly_bridge	0.4286	40_50	A0A8D2A9I1	Q06AT4	Q06AT5	0.997263	0.993704	0.003559	1.0	0.004173	0.004173	0.333807	0.060158
SCF:0002773	AC:002441	Q06AT4	A0A8D2A9I1	A0A287AEW0	8jj5-assembly1.cif.gz	3_10	1	1	0	14.657	2.658	PDB_exact_pair_aggregate	0.3176	30_40	Q06AT4	A0A8D2A9I1	A0A287AEW0	0.999463	0.993704	0.005759	1.0	0.004174	0.004173	0.143153	0.060158
SCF:0002774	AC:002441	Q06AT4	A0A8D2A9I1	Q06AT5	8jj5-assembly1.cif.gz	3_10	1	1	0	14.657	2.779	same_assembly_bridge	0.3106	30_40	Q06AT4	A0A8D2A9I1	Q06AT5	0.999768	0.993704	0.006064	1.0	0.004173	0.004173	0.628474	0.060158
SCF:0002775	AC:002442	I7MCM8	Q22R86	A4VE64	6zyw-assembly1.cif.gz	11_24	1	1	0	10.75	2.666	PDB_exact_pair_aggregate	0.2609	20_30	Q1HFX0	Q22R86	Q1HFW2	0.999791	0.996172	0.003619	1.0	0.392073	0.307394	0.37633	0.307885
SCF:0002776	AC:002442	Q22R86	I7MCM8	Q1HFX0	6zyw-assembly1.cif.gz	11_24	1	1	0	10.75	2.039	PDB_exact_pair_aggregate	1.0	ge50	Q22R86	Q1HFX0	Q1HFX0	0.998757	0.996172	0.002585	1.0	0.307395	0.307394	0.307881	0.307885
SCF:0002777	AC:002442	Q22R86	I7MCM8	W7XJB1	6zyw-assembly1.cif.gz	11_24	1	1	0	10.75	1.601	PDB_exact_pair_aggregate	0.3535	30_40	Q22R86	Q1HFX0	W7XJB1	0.787998	0.996172	-0.208174	0.0	0.004262	0.307394	0.496968	0.307885
SCF:0002778	AC:002442	Q22R86	I7MCM8	Q1HFV9	6zyw-assembly1.cif.gz	11_24	1	1	0	10.75	1.847	PDB_exact_pair_aggregate	0.3171	30_40	Q22R86	Q1HFX0	Q24DI9	0.999396	0.996172	0.003224	1.0	0.071131	0.307394	0.551239	0.307885
SCF:0002779	AC:002443	P03929	Q28852	P07926	6ziq-assembly1.cif.gz	11_24	1	13	1	26.887	2.232	PDB_exact_pair_aggregate	0.3462	30_40	P03929	Q28852	Q4VT52	0.03497	0.589735	-0.554765	0.0	0.968062	0.841852	0.659316	0.47727
SCF:0002780	AC:002444	Q31L30	Q31QK2	Q31S42	8syi-assembly1.cif.gz	3_10	1	2	1	66.309	3.121	PDB_exact_pair_aggregate	0.2657	20_30	Q31L30	Q31QK2	Q31S42	0.022305	0.837443	-0.815138	0.0	0.004192	0.011854	0.112496	0.80844
SCF:0002781	AC:002447	E2RXT0	A0A2V3F2U6	A0A069PXX1	6spc-assembly1.cif.gz	11_24	1	3	1	24.483	3.454	same_assembly_bridge	0.321	30_40	P21471	P17291	C3SRY2	0.999942	0.999938	4e-06	1.0	0.85481	0.881009	0.787858	0.711137
SCF:0002782	AC:002448	P17987	Q99471	O60925	6nr9-assembly1.cif.gz	11_24	1	3	1	19.033	2.929	same_assembly_bridge	0.2455	20_30	Q32L40	Q99471	O60925	0.999882	0.999853	2.9e-05	1.0	0.008985	0.00418	0.796251	0.739314
SCF:0002783	AC:002448	Q99471	P17987	P49368	6nr9-assembly1.cif.gz	11_24	1	3	1	19.033	2.34	PDB_exact_pair_aggregate	0.3454	30_40	Q99471	Q32L40	Q3T0K2	0.999866	0.999853	1.3e-05	1.0	0.004183	0.00418	0.744918	0.739314
SCF:0002784	AC:002448	Q99471	P17987	P40227	6nr9-assembly1.cif.gz	11_24	1	3	1	19.033	2.722	PDB_exact_pair_aggregate	0.3085	30_40	Q99471	Q32L40	P40227	0.999866	0.999853	1.3e-05	1.0	0.004181	0.00418	0.356407	0.739314
SCF:0002785	AC:002449	P36053	P40352	P27692	8tvy-assembly1.cif.gz	11_24	1	1	0	22.651	2.638	PDB_exact_pair_aggregate	0.3027	30_40	P36053	P40352	P27692	0.994722	0.160073	0.834649	1.0	0.010098	0.004202	0.717446	0.519705
SCF:0002786	AC:002453	P07703	P29056	P40992	6f42-assembly1.cif.gz	11_24	1	8	1	17.428	2.974	PDB_exact_pair_aggregate	0.2599	20_30	P07703	P29056	P40992	0.031459	0.999843	-0.968384	0.0	0.004176	0.004177	0.253814	0.430003
SCF:0002787	AC:002453	P29056	P07703	P32910	6f42-assembly1.cif.gz	11_24	1	8	1	17.428	2.118	PDB_exact_pair_aggregate	0.2717	20_30	P29056	P07703	P32910	0.999396	0.999843	-0.000447	0.0	0.004217	0.004177	0.739298	0.430003
SCF:0002788	AC:002457	P04899	P41143	P25090	8y45-assembly1.cif.gz	3_10	1	1	0	20.177	2.745	PDB_exact_pair_aggregate	0.3618	30_40	P50148	P41143	P25090	0.999772	0.999257	0.000515	1.0	0.986278	0.974464	0.754198	0.786458
SCF:0002789	AC:002457	P04899	P41143	Q8TDU9	8y45-assembly1.cif.gz	3_10	1	1	0	20.177	2.548	PDB_exact_pair_aggregate	0.3541	30_40	P50148	P41143	Q8TDU9	0.998697	0.999257	-0.00056	0.0	0.893051	0.974464	0.746239	0.786458
SCF:0002790	AC:002457	P04899	P41143	P25929	8y45-assembly1.cif.gz	3_10	1	1	0	20.177	2.626	PDB_exact_pair_aggregate	0.3272	30_40	P50148	P41143	P25929	0.999582	0.999257	0.000325	1.0	0.939258	0.974464	0.765745	0.786458
SCF:0002791	AC:002457	P41143	P04899	P63096	8y45-assembly1.cif.gz	3_10	1	1	0	20.177	1.969	PDB_exact_pair_aggregate	0.8814	ge50	P41143	P50148	P50148	0.998914	0.999257	-0.000343	0.0	0.972909	0.974464	0.802348	0.786458
SCF:0002792	AC:002458	C4R7L2	C4R5R1	C4QZQ7	8yfq-assembly1.cif.gz	11_24	1	2	1	25.99	1.918	PDB_exact_pair_aggregate	0.3048	30_40	P37382	C4R5R1	I3LGP4	0.999925	0.999286	0.000639	1.0	0.00418	0.026167	0.116296	0.349567
SCF:0002793	AC:002458	C4R7L2	C4R5R1	C4R370	8yfq-assembly1.cif.gz	11_24	1	2	1	25.99	2.082	PDB_exact_pair_aggregate	0.2982	20_30	P37382	C4R5R1	F2QUC3	0.999801	0.999286	0.000515	1.0	0.00423	0.026167	0.69555	0.349567
SCF:0002794	AC:002458	C4R7L2	C4R5R1	F2QUC3	8yfq-assembly1.cif.gz	11_24	1	2	1	25.99	2.398	PDB_exact_pair_aggregate	0.2982	20_30	P37382	C4R5R1	F2QUC3	0.999801	0.999286	0.000515	1.0	0.00423	0.026167	0.69555	0.349567
SCF:0002795	AC:002461	P36886	P13192	P12355	7ewk-assembly1.cif.gz	11_24	1	3	1	53.551	1.058	PDB_exact_pair_aggregate	0.72	ge50	A0A4V8GZZ4	Q9SHE8	Q9SHE8	0.985202	0.997339	-0.012137	0.0	0.004968	0.213574	0.209879	0.525459
SCF:0002796	AC:002465	P92276	P11471	Q93VE0	9hei-assembly1.cif.gz	11_24	1	2	1	18.82	2.951	PDB_exact_pair_aggregate	0.3476	30_40	P92276	P11471	A9RT62	0.999437	0.998357	0.00108	1.0	0.004197	0.004182	0.507966	0.1441
SCF:0002797	AC:002465	P92276	P11471	P12853	9hei-assembly1.cif.gz	11_24	1	2	1	18.82	2.709	PDB_exact_pair_aggregate	0.3462	30_40	P92276	P11471	P12853	0.991935	0.998357	-0.006422	0.0	0.004181	0.004182	0.135787	0.1441
SCF:0002798	AC:002467	A4VEB3	I7M9J2	Q22A67	8bwy-assembly1.cif.gz	11_24	1	7	1	62.826	3.23	PDB_exact_pair_aggregate	0.334	30_40	A4VEB3	I7M9J2	Q22A67	0.029771	0.008709	0.021062	1.0				
SCF:0002799	AC:002469	O80634	P26288	A0A1B1W4Z4	7wff-assembly1.cif.gz	11_24	1	1	0	40.869	5.233	same_assembly_bridge	0.299	20_30	O80634	P26288	A0A1B1W4Z4	0.000623	0.011133	-0.01051	0.0	0.004203	0.004319	0.028537	0.041932
SCF:0002800	AC:002469	P26288	O80634	Q9SGH4	7wff-assembly1.cif.gz	11_24	1	1	0	40.869	2.924	PDB_exact_pair_aggregate	0.2993	20_30	P26288	O80634	Q9SGH4	0.001193	0.011133	-0.00994	0.0	0.004194	0.004319	0.049438	0.041932
SCF:0002801	AC:002471	P9WGZ1	P9WGG7	P71814	9m9e-assembly1.cif.gz	3_10	1	3	1	27.382	3.11	PDB_exact_pair_aggregate	0.3	30_40	P9WGZ1	P9WGG7	P71814	0.011114	0.000993	0.010121	1.0	0.004215	0.004184	0.27451	0.678284
SCF:0002802	AC:002474	Q96FW1	Q15819	P62837	3von-assembly4.cif.gz	3_10	1	1	0	12.664	2.747	PDB_exact_pair_aggregate	0.3191	30_40	Q96FW1	Q15819	A0A6P5C4T4	0.999901	0.99991	-9e-06	0.0	0.004191	0.004202	0.810662	0.737552
SCF:0002803	AC:002474	Q96FW1	Q15819	P61088	3von-assembly4.cif.gz	3_10	1	1	0	12.664	3.043	same_assembly_bridge	0.2812	20_30	Q96FW1	Q15819	P61088	0.999874	0.99991	-3.6e-05	0.0	0.004189	0.004202	0.864621	0.737552
SCF:0002804	AC:002475	Q12379	Q04601	Q08683	8a5y-assembly1.cif.gz	11_24	1	3	1	25.923	1.939	PDB_exact_pair_aggregate	0.2893	20_30	Q12379	Q04601	Q08683	0.027539	0.005685	0.021854	1.0	0.004175	0.004175	0.04544	0.021402
SCF:0002805	AC:002477	A0A4V8GZZ9	A0A4V8GZZ5	A0A4V8H008	9k1e-assembly1.cif.gz	11_24	1	3	1	39.586	2.952	same_assembly_bridge	0.3137	30_40	A0A4V8GZZ9	A8IL32	P12356	0.999491	0.998803	0.000688	1.0	0.351885	0.795667	0.681709	0.637442
SCF:0002806	AC:002478	Q8TF46	Q96B26	Q9NQT4	9g8n-assembly1.cif.gz	11_24	1	2	1	9.466	2.788	PDB_exact_pair_aggregate	0.3204	30_40	Q8TF46	Q96B26	Q9NQT4	0.999892	0.999645	0.000247	1.0	0.004179	0.004182	0.201471	0.38008
SCF:0002807	AC:002478	Q8TF46	Q96B26	Q15024	9g8n-assembly1.cif.gz	11_24	1	2	1	9.466	2.306	PDB_exact_pair_aggregate	0.3171	30_40	Q8TF46	Q96B26	Q15024	0.998639	0.999645	-0.001006	0.0	0.004179	0.004182	0.42746	0.38008
SCF:0002808	AC:002480	O82504	Q9FJ98	Q9M1A8	8xme-assembly1.cif.gz	11_24	1	4	1	49.994	2.776	PDB_exact_pair_aggregate	0.37	30_40	O82504	A0A4X1VEK9	Q9M1A8	0.000114	0.000334	-0.00022	0.0	0.004175	0.004177	0.333706	0.072565
SCF:0002809	AC:002480	Q9FJ98	O82504	Q9LK40	8xme-assembly1.cif.gz	11_24	1	4	1	49.994	3.135	PDB_exact_pair_aggregate	0.2638	20_30	A0A4X1VEK9	O82504	Q9LK40	0.999936	0.000334	0.999602	1.0	0.015807	0.004177	0.424524	0.072565
SCF:0002810	AC:002482	Q56227	Q56220	Q56229	6zjl-assembly1.cif.gz	11_24	1	11	1	29.024	2.109	PDB_exact_pair_aggregate	0.3053	30_40	Q56227	Q56220	Q56229	0.996823	0.004966	0.991857	1.0	0.106948	0.004219	0.210463	0.593226
SCF:0002811	AC:002484	Q1HFX0	Q1HGH8	Q1HGH9	7k58-assembly1.cif.gz	11_24	1	6	1	23.629	4.261	PDB_exact_pair_aggregate	0.3019	30_40	Q1HFX0	Q1HGH8	Q1HGH9	0.001896	0.97546	-0.973564	0.0	0.00418	0.004175	0.49831	0.497411
SCF:0002812	AC:002484	Q1HFX0	Q1HGH8	Q22R86	7k58-assembly1.cif.gz	11_24	1	6	1	23.629	2.039	PDB_exact_pair_aggregate	0.2763	20_30	Q1HFX0	Q1HGH8	Q22R86	0.998757	0.97546	0.023297	1.0	0.307395	0.004175	0.307881	0.497411
SCF:0002813	AC:002484	Q1HGH8	Q1HFX0	W7XJB1	7k58-assembly1.cif.gz	11_24	1	6	1	23.629	2.611	same_assembly_bridge	0.3535	30_40	Q1HGH8	Q1HFX0	W7XJB1	0.946677	0.97546	-0.028783	0.0	0.004175	0.004175	0.332347	0.497411
SCF:0002814	AC:002484	Q1HGH8	Q1HFX0	Q24DI9	7k58-assembly1.cif.gz	11_24	1	6	1	23.629	2.971	PDB_exact_pair_aggregate	0.3171	30_40	Q1HGH8	Q1HFX0	Q24DI9	0.997618	0.97546	0.022158	1.0	0.004174	0.004175	0.496909	0.497411
SCF:0002815	AC:002484	Q1HGH8	Q1HFX0	Q1HFV9	7k58-assembly1.cif.gz	11_24	1	6	1	23.629	3.227	PDB_exact_pair_aggregate	0.3171	30_40	Q1HGH8	Q1HFX0	Q24DI9	0.997618	0.97546	0.022158	1.0	0.004174	0.004175	0.496909	0.497411
SCF:0002816	AC:002485	I7M9J2	Q24DI9	Q1HFX5	6zyw-assembly1.cif.gz	11_24	1	1	0	21.171	2.769	PDB_exact_pair_aggregate	0.2466	20_30	I7M9J2	Q24DI9	Q240X9	0.016421	0.001718	0.014703	1.0				
SCF:0002817	AC:002485	I7M9J2	Q24DI9	Q240X9	6zyw-assembly1.cif.gz	11_24	1	1	0	21.171	2.946	PDB_exact_pair_aggregate	0.2466	20_30	I7M9J2	Q24DI9	Q240X9	0.005397	0.001718	0.003679	1.0				
SCF:0002818	AC:002485	Q24DI9	I7M9J2	Q22A67	6zyw-assembly1.cif.gz	11_24	1	1	0	21.171	2.45	PDB_exact_pair_aggregate	0.334	30_40	Q24DI9	I7M9J2	Q22A67	0.00067	0.001718	-0.001048	0.0				
SCF:0002819	AC:002486	P17227	P16002	Q9S831	6zoo-assembly1.cif.gz	11_24	1	2	1	27.132	2.452	PDB_exact_pair_aggregate	0.3455	30_40	E9NPX1	P16002	A0A1D6HY75	0.000783	0.26496	-0.264177	0.0	0.619228	0.004211	0.001643	0.002338
SCF:0002820	AC:002486	P17227	P16002	A0A0M3KL11	6zoo-assembly1.cif.gz	11_24	1	2	1	27.132	2.456	PDB_exact_pair_aggregate	0.3295	30_40	E9NPX1	P16002	A0A4V8GZZ4	0.825526	0.26496	0.560566	1.0	0.004784	0.004211	0.554402	0.002338
SCF:0002821	AC:002486	P17227	P16002	C6T221	6zoo-assembly1.cif.gz	11_24	1	2	1	27.132	2.324	PDB_exact_pair_aggregate	0.3176	30_40	E9NPX1	P16002	A0A2K1JDR4	0.00639	0.26496	-0.25857	0.0	0.004661	0.004211	0.579789	0.002338
SCF:0002822	AC:002487	A9WEV6	A9WEV7	A9WEV4	8x2j-assembly1.cif.gz	3_10	1	4	1	26.792	2.502	PDB_exact_pair_aggregate	0.2786	20_30	A9WEV6	A9WEV7	A9WEV4	0.446907	0.19962	0.247287	1.0	0.008327	0.147243	0.045261	0.055103
SCF:0002823	AC:002489	Q9BVC4	Q15382	Q7L523	9ed7-assembly1.cif.gz	3_10	1	4	1	50.129	2.502	PDB_exact_pair_aggregate	0.3333	30_40	Q9BVC4	Q15382	O74824	0.999751	0.999297	0.000454	1.0	0.004194	0.011729	0.631261	0.598421
SCF:0002824	AC:002492	P63000	Q9NYB9	P19878	7usd-assembly1.cif.gz	3_10	1	2	1	34.199	2.455	PDB_exact_pair_aggregate	0.328	30_40	P63000	Q9NYB9	P19878	0.997936	0.998	-6.4e-05	0.0	0.008374	0.33579	0.48533	0.703036
SCF:0002825	AC:002493	A0A2K3CY83	A0A2K3DVJ8	A0A2K3DM81	8xqx-assembly1.cif.gz	11_24	1	3	1	22.907	2.388	PDB_exact_pair_aggregate	0.3148	30_40	A0A2K3CY83	A0A2K3DVJ8	A0A2K3DM81	0.01218	0.002967	0.009213	1.0	0.004185	0.004181	0.390087	0.043913
SCF:0002826	AC:002494	A0A482JYH1	A0A3G1AUL2	A0A3G1AZK6	8bcv-assembly1.cif.gz	11_24	1	1	0	21.037	4.797	same_assembly_bridge	0.5171	ge50	A0A9R0J8B1	A0T0M8	T1RIQ1	0.999774	0.989952	0.009822	1.0	0.088773	0.053075	0.564955	0.526213
SCF:0002827	AC:002496	A0A2K1JDR4	A0A2K1JDE1	A0A2K1JC42	7ksq-assembly1.cif.gz	11_24	1	1	0	23.538	2.503	PDB_exact_pair_aggregate	0.344	30_40	A0A2K1JDR4	B6SQZ7	B6U534	0.99786	0.994352	0.003508	1.0	0.93972	0.878734	0.465584	0.409023
SCF:0002828	AC:002498	P41812	P53833	Q12530	6agb-assembly1.cif.gz	3_10	1	4	1	37.334	2.373	PDB_exact_pair_aggregate	0.3204	30_40	P41812	P53833	Q12530	0.999524	0.998651	0.000873	1.0	0.004201	0.004175	0.062599	0.441052
SCF:0002829	AC:002499	Q85FY0	M1VKK5	M1VFJ4	5zgb-assembly1.cif.gz	11_24	1	1	0	23.284	2.628	PDB_exact_pair_aggregate	0.3083	30_40	E1C9K8	M1VKK5	M1VFJ4	0.000647	0.000625	2.2e-05	1.0	0.004195	0.004204	0.117373	0.086506
SCF:0002830	AC:002500	Q8DKF5	Q8DL32	Q8DKF4	6tjv-assembly1.cif.gz	11_24	1	1	0	21.431	2.199	PDB_exact_pair_aggregate	0.3456	30_40	Q8DKF5	Q8DL32	Q8DKF4	0.972114	0.99931	-0.027196	0.0	0.07096	0.004878	0.259494	0.279547
SCF:0002831	AC:002500	Q8DKF5	Q8DL32	Q8DMR6	6tjv-assembly1.cif.gz	11_24	1	1	0	21.431	2.237	PDB_exact_pair_aggregate	0.2969	20_30	Q8DKF5	Q8DL32	Q8DMR6	0.990178	0.99931	-0.009132	0.0	0.015081	0.004878	0.236082	0.279547
SCF:0002832	AC:002500	Q8DL32	Q8DKF5	Q8DKX9	6tjv-assembly1.cif.gz	11_24	1	1	0	21.431	2.103	PDB_exact_pair_aggregate	0.3259	30_40	Q8DL32	Q8DKF5	Q8DKX9	0.999698	0.99931	0.000388	1.0	0.038361	0.004878	0.447684	0.279547
SCF:0002833	AC:002500	Q8DL32	Q8DKF5	Q8DMR6	6tjv-assembly1.cif.gz	11_24	1	1	0	21.431	2.263	PDB_exact_pair_aggregate	0.3081	30_40	Q8DL32	Q8DKF5	Q8DMR6	0.99963	0.99931	0.00032	1.0	0.042537	0.004878	0.293353	0.279547
SCF:0002834	AC:002501	P07839	Q05093	P12356	7wzn-assembly1.cif.gz	11_24	1	1	0	23.68	2.994	PDB_exact_pair_aggregate	0.3167	30_40	P07839	Q7DM26	P12356	0.997973	0.999296	-0.001323	0.0	0.004183	0.985767	0.333441	0.781422
SCF:0002835	AC:002501	Q05093	P07839	Q39615	7wzn-assembly1.cif.gz	11_24	1	1	0	23.68	3.333	PDB_exact_pair_aggregate	0.3333	30_40	Q7DM26	P07839	A5Z2K3	0.999502	0.999296	0.000206	1.0	0.004725	0.985767	0.035385	0.781422
SCF:0002836	AC:002501	Q05093	P07839	P14224	7wzn-assembly1.cif.gz	11_24	1	1	0	23.68	2.381	PDB_exact_pair_aggregate	0.2692	20_30	Q7DM26	P07839	P14224	0.999706	0.999296	0.00041	1.0	0.036641	0.985767	0.570334	0.781422
SCF:0002837	AC:002503	Q10317	Q9Y821	Q10477	5n9j-assembly1.cif.gz	11_24	1	1	0	62.689	2.786	PDB_exact_pair_aggregate	0.3237	30_40	Q10317	Q9Y821	Q10477	0.999501	0.998481	0.00102	1.0	0.004177	0.014288	0.078337	0.23944
SCF:0002838	AC:002503	Q9Y821	Q10317	O13964	5n9j-assembly1.cif.gz	11_24	1	1	0	62.689	2.151	PDB_exact_pair_aggregate	0.2609	20_30	Q9Y821	Q10317	O13964	0.998609	0.998481	0.000128	1.0	0.925869	0.014288	0.443637	0.23944
SCF:0002839	AC:002505	Q13868	Q9Y2L1	Q8TF46	6h25-assembly1.cif.gz	11_24	1	3	1	15.205	2.667	PDB_exact_pair_aggregate	0.4118	40_50	Q13868	Q9Y2L1	Q8TF46	0.999879	0.999774	0.000105	1.0	0.006221	0.044014	0.681457	0.657257
SCF:0002840	AC:002505	Q13868	Q9Y2L1	Q9Y450	6h25-assembly1.cif.gz	11_24	1	3	1	15.205	3.076	PDB_exact_pair_aggregate	0.2413	20_30	Q13868	Q9Y2L1	Q9Y450	0.995569	0.999774	-0.004205	0.0	0.014861	0.044014	0.575639	0.657257
SCF:0002841	AC:002505	Q9Y2L1	Q13868	Q9NPD3	6h25-assembly1.cif.gz	11_24	1	3	1	15.205	2.333	PDB_exact_pair_aggregate	0.2975	20_30	Q9Y2L1	Q13868	Q9NPD3	0.999676	0.999774	-9.8e-05	0.0	0.004187	0.044014	0.597495	0.657257
SCF:0002842	AC:002511	Q93100	P0DP25	P0DP23	8z5t-assembly1.cif.gz	11_24	1	3	1	43.175	2.369	PDB_exact_pair_aggregate	1.0	ge50	Q93100	P0DP23	P0DP23	0.999301	0.999701	-0.0004	0.0	0.004217	0.004217	2.4e-05	2.4e-05
SCF:0002843	AC:002512	Q9H0H0	Q9NVR2	Q96HW7	8rc4-assembly1.cif.gz	11_24	1	3	1	69.731	3.12	same_assembly_bridge	0.2727	20_30	Q9H0H0	Q9NVR2	Q96HW7	0.99772	0.997376	0.000344	1.0	0.010224	0.006813	0.67522	0.6762
SCF:0002844	AC:002512	Q9H0H0	Q9NVR2	Q75QN2	8rc4-assembly1.cif.gz	11_24	1	3	1	69.731	2.495	PDB_exact_pair_aggregate	0.2478	20_30	Q9H0H0	Q9NVR2	Q75QN2	0.999052	0.997376	0.001676	1.0	0.004175	0.006813	0.644987	0.6762
SCF:0002845	AC:002512	Q9NVR2	Q9H0H0	Q96HW7	8rc4-assembly1.cif.gz	11_24	1	3	1	69.731	2.967	same_assembly_bridge	0.2863	20_30	Q9NVR2	Q9H0H0	Q96HW7	0.837446	0.997376	-0.15993	0.0	0.007105	0.006813	0.725553	0.6762
SCF:0002846	AC:002513	Q9W0I7	Q9XYU0	Q9XYU1	6rax-assembly1.cif.gz	11_24	1	3	1	51.465	2.231	same_assembly_bridge	0.4007	40_50	Q7ZT47	P33993	P25205	0.99982	0.999776	4.4e-05	1.0	0.004176	0.004176	0.591135	0.510995
SCF:0002847	AC:002513	Q9W0I7	Q9XYU0	Q9VGW6	6rax-assembly1.cif.gz	11_24	1	3	1	51.465	2.166	PDB_exact_pair_aggregate	0.3935	30_40	Q7ZT47	P33993	Q9VGW6	0.999589	0.999776	-0.000187	0.0	0.004175	0.004176	0.671493	0.510995
SCF:0002848	AC:002513	Q9W0I7	Q9XYU0	Q9V461	6rax-assembly1.cif.gz	11_24	1	3	1	51.465	1.431	PDB_exact_pair_aggregate	0.3611	30_40	Q7ZT47	P33993	Q9V461	0.99989	0.999776	0.000114	1.0	0.004177	0.004176	0.543562	0.510995
SCF:0002849	AC:002515	W5E8X2	W5DS33	A0A3B6SS17	8r57-assembly1.cif.gz	11_24	1	1	0	17.542	2.38	PDB_exact_pair_aggregate	0.3295	30_40	W5E8X2	G1SGX4	A0A3B6SS17	0.999933	0.999923	1e-05	1.0	0.82256	0.587074	0.766244	0.829729
SCF:0002850	AC:002515	W5E8X2	W5DS33	A0A3B6KQB8	8r57-assembly1.cif.gz	11_24	1	1	0	17.542	2.436	PDB_exact_pair_aggregate	0.2895	20_30	W5E8X2	G1SGX4	A0A3B6KQB8	0.999925	0.999923	2e-06	1.0	0.967735	0.587074	0.817527	0.829729
SCF:0002851	AC:002516	P09144	Q75VY4	Q7DM26	8h2u-assembly1.cif.gz	11_24	1	3	1	30.658	2.856	PDB_exact_pair_aggregate	0.5357	ge50	T1RIQ1	Q84Y02	Q7DM26	0.999849	0.999697	0.000152	1.0	0.130391	0.082159	0.322241	0.495814
SCF:0002852	AC:002516	P09144	Q75VY4	Q05093	8h2u-assembly1.cif.gz	11_24	1	3	1	30.658	2.496	PDB_exact_pair_aggregate	0.5	ge50	T1RIQ1	Q84Y02	Q7DM26	0.999525	0.999697	-0.000172	0.0	0.11193	0.082159	0.337955	0.495814
SCF:0002853	AC:002516	P09144	Q75VY4	A8ITV3	8h2u-assembly1.cif.gz	11_24	1	3	1	30.658	2.208	PDB_exact_pair_aggregate	0.4974	40_50	T1RIQ1	Q84Y02	A8ITV3	0.999742	0.999697	4.5e-05	1.0	0.005322	0.082159	0.035674	0.495814
SCF:0002854	AC:002516	Q75VY4	P09144	P12154	8h2u-assembly1.cif.gz	11_24	1	3	1	30.658	3.688	PDB_exact_pair_aggregate	0.497	40_50	Q84Y02	T1RIQ1	A0T0M8	0.997928	0.999697	-0.001769	0.0	0.118741	0.082159	0.433841	0.495814
SCF:0002855	AC:002517	A0A4X1TFI3	A0A287BAW0	A0A4X1SN37	7vxu-assembly1.cif.gz	11_24	1	1	0	11.055	2.496	PDB_exact_pair_aggregate	0.2088	20_30	I3LRR4	A0A287BAW0	A0A4X1SN37	0.999711	0.998482	0.001229	1.0	0.93125	0.022553	0.829794	0.676337
SCF:0002856	AC:002518	A0A063XCP1	A0A063XF22	A0A063XHU6	9p4i-assembly1.cif.gz	11_24	1	1	0	32.583	2.665	PDB_exact_pair_aggregate	0.32	30_40	P0A0F8	A0A063XF22	O31742	0.999906	0.998987	0.000919	1.0	0.625106	0.807103	0.548217	0.820017
SCF:0002857	AC:002518	A0A063XF22	A0A063XCP1	A0A063X8U6	9p4i-assembly1.cif.gz	11_24	1	1	0	32.583	3.765	same_assembly_bridge	0.2957	20_30	A0A063XF22	P0A0F8	A0A063X8U6	0.999488	0.998987	0.000501	1.0	0.852451	0.807103	0.75561	0.820017
SCF:0002858	AC:002520	P40993	Q12530	P53833	7c79-assembly1.cif.gz	11_24	1	2	1	40.258	2.315	PDB_exact_pair_aggregate	0.3204	30_40	P40993	Q12530	P53833	0.998311	0.999372	-0.001061	0.0	0.004175	0.004174	0.200901	0.498981
SCF:0002859	AC:002524	A0A0F6NFW5	A0A0M3KL13	E1C9L3	6zoo-assembly1.cif.gz	11_24	1	1	0	29.781	2.174	PDB_exact_pair_aggregate	0.3425	30_40	A0T0M8	A0A0M3KL13	E1C9L3	0.977762	0.986516	-0.008754	0.0	0.041723	0.05055	0.056722	0.145805
SCF:0002860	AC:002524	A0A0M3KL13	A0A0F6NFW5	P05310	6zoo-assembly1.cif.gz	11_24	1	1	0	29.781	2.667	PDB_exact_pair_aggregate	0.9815	ge50	A0A0M3KL13	A0T0M8	A0T0M8	0.593302	0.986516	-0.393214	0.0	0.054601	0.05055	0.157999	0.145805
SCF:0002861	AC:002524	A0A0M3KL13	A0A0F6NFW5	P05311	6zoo-assembly1.cif.gz	11_24	1	1	0	29.781	2.632	PDB_exact_pair_aggregate	0.5181	ge50	A0A0M3KL13	A0T0M8	T1RIQ1	0.997654	0.986516	0.011138	1.0	0.046025	0.05055	0.200259	0.145805
SCF:0002862	AC:002524	A0A0M3KL13	A0A0F6NFW5	A0A0F6NGI2	6zoo-assembly1.cif.gz	11_24	1	1	0	29.781	2.607	same_assembly_bridge	0.5149	ge50	A0A0M3KL13	A0T0M8	T1RIQ1	0.998093	0.986516	0.011577	1.0	0.026696	0.05055	0.216733	0.145805
SCF:0002863	AC:002526	Q8DL30	Q8DKF4	Q8DKY0	6tjv-assembly1.cif.gz	11_24	1	1	0	32.056	2.936	PDB_exact_pair_aggregate	0.386	30_40	Q8DL30	Q8DKF4	P26288	0.998911	0.979867	0.019044	1.0	0.004567	0.00423	0.265027	0.160304
SCF:0002864	AC:002526	Q8DL30	Q8DKF4	Q8DKF5	6tjv-assembly1.cif.gz	11_24	1	1	0	32.056	3.496	PDB_exact_pair_aggregate	0.3325	30_40	Q8DL30	Q8DKF4	Q8DKF5	0.990949	0.979867	0.011082	1.0	0.00421	0.00423	0.146445	0.160304
SCF:0002865	AC:002526	Q8DL30	Q8DKF4	Q8DMR6	6tjv-assembly1.cif.gz	11_24	1	1	0	32.056	2.88	same_assembly_bridge	0.3251	30_40	Q8DL30	Q8DKF4	Q8DMR6	0.99349	0.979867	0.013623	1.0	0.004209	0.00423	0.048421	0.160304
SCF:0002866	AC:002533	P12154	Q75VY6	Q05093	7bgi-assembly1.cif.gz	11_24	1	17	1	35.721	2.559	PDB_exact_pair_aggregate	0.5202	ge50	A0T0M8	A0A4V8H000	Q7DM26	0.999022	0.998413	0.000609	1.0	0.098145	0.016763	0.26666	0.333827
SCF:0002867	AC:002533	P12154	Q75VY6	Q75VY4	7bgi-assembly1.cif.gz	11_24	1	17	1	35.721	3.688	PDB_exact_pair_aggregate	0.5099	ge50	A0T0M8	A0A4V8H000	Q84Y02	0.997928	0.998413	-0.000485	0.0	0.118741	0.016763	0.433841	0.333827
SCF:0002868	AC:002533	P12154	Q75VY6	Q75VY9	7bgi-assembly1.cif.gz	11_24	1	17	1	35.721	2.411	PDB_exact_pair_aggregate	0.4977	40_50	A0T0M8	A0A4V8H000	I0YPL4	0.999835	0.998413	0.001422	1.0	0.004911	0.016763	0.097914	0.333827
SCF:0002869	AC:002536	P61994	P62010	Q9UZL4	6swd-assembly1.cif.gz	11_24	1	8	1	14.048	3.224	PDB_exact_pair_aggregate	0.2184	20_30	P62266	A0A3B6SS17	Q9UZL4	0.999914	0.999943	-2.9e-05	0.0	0.817925	0.892729	0.177967	0.000344
SCF:0002870	AC:002536	P61994	P62010	Q8U1Y5	6swd-assembly1.cif.gz	11_24	1	8	1	14.048	3.671	PDB_exact_pair_aggregate	0.2184	20_30	P62266	A0A3B6SS17	Q9UZL4	0.999913	0.999943	-3e-05	0.0	0.830829	0.892729	0.149699	0.000344
SCF:0002871	AC:002536	P62010	P61994	Q8U1Y5	6swd-assembly1.cif.gz	11_24	1	8	1	14.048	3.655	PDB_exact_pair_aggregate	0.3457	30_40	A0A3B6SS17	P62266	Q9UZL4	0.999942	0.999943	-1e-06	0.0	0.793499	0.892729	0.000298	0.000344
SCF:0002872	AC:002538	P20986	P68610	P21034	8p0j-assembly1.cif.gz	11_24	1	3	1	10.21	2.49	PDB_exact_pair_aggregate	0.2941	20_30	P20986	P68610	P04310	0.029007	0.989654	-0.960647	0.0	0.004174	0.004175	0.110763	0.589979
SCF:0002873	AC:002538	P68610	P20986	P20980	8p0j-assembly1.cif.gz	11_24	1	3	1	10.21	2.46	PDB_exact_pair_aggregate	0.3221	30_40	P68610	P20986	P20980	0.97555	0.989654	-0.014104	0.0	0.004176	0.004175	0.40909	0.589979
SCF:0002874	AC:002540	S8F0U0	S8ETI9	S8F5W4	9fi8-assembly1.cif.gz	11_24	1	2	1	23.493	2.629	PDB_exact_pair_aggregate	0.3043	30_40	S8F0U0	S8ETI9	S8F5W4	0.022537	0.271767	-0.24923	0.0	0.004177	0.004178	0.499892	0.024399
SCF:0002875	AC:002540	S8F0U0	S8ETI9	S8GCU6	9fi8-assembly1.cif.gz	11_24	1	2	1	23.493	2.455	PDB_exact_pair_aggregate	0.303	30_40	S8F0U0	S8ETI9	S8GCU6	0.993688	0.271767	0.721921	1.0	0.004177	0.004178	0.026859	0.024399
SCF:0002876	AC:002542	P50990	P61758	O15212	6nrd-assembly1.cif.gz	11_24	1	3	1	10.184	2.617	same_assembly_bridge	0.2692	20_30	Q3ZCI9	P61758	O15212	0.999853	0.998537	0.001316	1.0	0.004193	0.010128	0.334621	0.193093
SCF:0002877	AC:002544	P61964	Q9C005	G2XKQ0	6pwv-assembly1.cif.gz	11_24	1	2	1	40.137	3.694	PDB_exact_pair_aggregate	0.2373	20_30	P61964	Q9C005	G2XKQ0	0.982224	0.99966	-0.017436	0.0	0.004195	0.004182	0.734806	0.801661
SCF:0002878	AC:002546	Q8DMU4	Q8DJ02	Q8DL30	6khj-assembly1.cif.gz	11_24	1	9	1	20.079	1.74	PDB_exact_pair_aggregate	0.3077	30_40	Q8DMU4	P56751	Q8DL30	0.039375	0.000421	0.038954	1.0	0.004192	0.004183	0.497215	0.495802
SCF:0002879	AC:002547	C4QWA8	C4R4Y0	C4QZQ7	8yfq-assembly1.cif.gz	11_24	1	7	1	10.607	2.66	same_assembly_bridge	0.2658	20_30	P40422	A0A7M4DUC2	I3LGP4	0.999879	0.999928	-4.9e-05	0.0	0.005939	0.069203	0.307841	0.462132
SCF:0002880	AC:002548	A0A5C2GVU3	A0A5C2GTV1	A0A5C2G4I7	7wi0-assembly1.cif.gz	3_10	1	2	1	23.493	4.775	PDB_exact_pair_aggregate	0.8692	ge50	A0A5C2G4I7	A0A5C2G4I7	A0A5C2G4I7	0.999622	0.999836	-0.000214	0.0	0.567084	0.35815	4.3e-05	4.8e-05
SCF:0002881	AC:002552	Q99877	Q6PJ21	Q8N884	8ol1-assembly1.cif.gz	11_24	1	1	0	37.515	2.732	same_assembly_bridge	0.2782	20_30	O23629	Q6PJ21	Q8N884	0.999154	5.9e-05	0.999095	1.0	0.004183	0.004239	0.402527	0.326587
SCF:0002882	AC:002554	P78371	P61758	Q9NQP4	6nrd-assembly1.cif.gz	11_24	1	3	1	19.27	5.101	same_assembly_bridge	0.2455	20_30	Q3ZBH0	P61758	Q9NQP4	0.999885	0.999871	1.4e-05	1.0	0.00445	0.028806	0.822791	0.372689
SCF:0002883	AC:002555	Q99878	Q6PJ21	Q8N884	8ol1-assembly1.cif.gz	11_24	1	1	0	39.331	2.687	same_assembly_bridge	0.2782	20_30	P0C0S5	Q6PJ21	Q8N884	0.99696	7.4e-05	0.996886	1.0	0.004177	0.004199	0.475265	0.289393
SCF:0002884	AC:002556	P10176	P14854	P24311	9i6f-assembly1.cif.gz	11_24	1	3	1	17.116	3.274	PDB_exact_pair_aggregate	0.3571	30_40	P10176	P14854	P24311	0.999585	0.999266	0.000319	1.0	0.853867	0.004303	0.378198	0.570132
SCF:0002885	AC:002557	P80967	P53969	P23644	7e4i-assembly1.cif.gz	3_10	1	1	0	35.17	2.602	same_assembly_bridge	0.3019	30_40	P80967	P53969	P23644	0.999507	0.997478	0.002029	1.0	0.007755	0.004213	0.058104	0.064595
SCF:0002886	AC:002562	O94376	Q9US45	Q9Y821	5n9j-assembly1.cif.gz	11_24	1	2	1	10.3	3.197	PDB_exact_pair_aggregate	0.3233	30_40	O94376	Q9US45	Q9Y821	0.998769	0.998528	0.000241	1.0	0.551448	0.004183	0.764769	0.591814
SCF:0002887	AC:002562	Q9US45	O94376	O14010	5n9j-assembly1.cif.gz	11_24	1	2	1	10.3	2.079	PDB_exact_pair_aggregate	0.2903	20_30	Q9US45	O94376	O14010	0.999882	0.998528	0.001354	1.0	0.0042	0.004183	0.12689	0.591814
SCF:0002888	AC:002562	Q9US45	O94376	Q9Y7N2	5n9j-assembly1.cif.gz	11_24	1	2	1	10.3	2.18	PDB_exact_pair_aggregate	0.2466	20_30	Q9US45	O94376	Q9Y7N2	0.974907	0.998528	-0.023621	0.0	0.004181	0.004183	0.35892	0.591814
SCF:0002889	AC:002567	P84077	Q9H4A6	P20290	9qpq-assembly1.cif.gz	11_24	1	1	0	28.492	2.887	PDB_exact_pair_aggregate	0.3032	30_40	P84077	Q9H4A6	P20290	0.002143	0.00098	0.001163	1.0	0.004203	0.004208	0.121077	0.375819
SCF:0002890	AC:002570	B7IBC2	B7I7S0	B7IBC1	7m4u-assembly1.cif.gz	11_24	1	1	0	29.413	2.787	PDB_exact_pair_aggregate	0.2358	20_30	A0A2V3DLV3	P17291	Q83D76	0.999682	0.999943	-0.000261	0.0	0.030052	0.923413	0.764992	0.819141
SCF:0002891	AC:002571	E9NPX1	I0YQ45	I0YQ46	9kqq-assembly1.cif.gz	11_24	1	2	1	37.13	3.267	same_assembly_bridge	0.5631	ge50	E9NPX1	Q7DM26	Q84Y02	0.999716	0.994414	0.005302	1.0	0.004367	0.004945	0.616995	0.569219
SCF:0002892	AC:002571	E9NPX1	I0YQ45	I0YQ44	9kqq-assembly1.cif.gz	11_24	1	2	1	37.13	3.698	PDB_exact_pair_aggregate	0.4977	40_50	E9NPX1	Q7DM26	Q84Y02	0.284747	0.994414	-0.709667	0.0	0.006112	0.004945	0.581799	0.569219
SCF:0002893	AC:002571	E9NPX1	I0YQ45	I0Z687	9kqq-assembly1.cif.gz	11_24	1	2	1	37.13	2.225	PDB_exact_pair_aggregate	0.336	30_40	E9NPX1	Q7DM26	A8IL32	0.735547	0.994414	-0.258867	0.0	0.004439	0.004945	0.493939	0.569219
SCF:0002894	AC:002572	P25515	P32341	P53262	8eas-assembly1.cif.gz	11_24	1	2	1	18.729	2.183	PDB_exact_pair_aggregate	0.3188	30_40	P25515	P32341	P53262	0.999396	0.999376	2e-05	1.0	0.004177	0.004196	0.008293	0.212098
SCF:0002895	AC:002572	P25515	P32341	P32610	8eas-assembly1.cif.gz	11_24	1	2	1	18.729	3.094	PDB_exact_pair_aggregate	0.2857	20_30	P25515	P32341	P32610	0.999443	0.999376	6.7e-05	1.0	0.008706	0.004196	0.716063	0.212098
SCF:0002896	AC:002572	P32341	P25515	P32842	8eas-assembly1.cif.gz	11_24	1	2	1	18.729	4.046	PDB_exact_pair_aggregate	0.5695	ge50	P32341	P25515	P25515	0.99338	0.999376	-0.005996	0.0	0.004179	0.004196	0.090444	0.212098
SCF:0002897	AC:002575	P36121	P32349	P46678	7z1o-assembly1.cif.gz	11_24	1	24	1	12.029	2.287	PDB_exact_pair_aggregate	0.3208	30_40	P36121	P32349	P46678	0.99518	0.999936	-0.004756	0.0	0.007493	0.004175	0.583814	0.576732
SCF:0002898	AC:002576	Q9NPF5	P0C0S5	Q93077	9c62-assembly1.cif.gz	11_24	1	1	0	68.575	3.948	PDB_exact_pair_aggregate	0.6471	ge50	Q9NPF5	P0C0S5	P0C0S5	0.999559	0.999079	0.00048	1.0	0.004475	0.016346	0.576381	0.721983
SCF:0002899	AC:002576	Q9NPF5	P0C0S5	P68431	9c62-assembly1.cif.gz	11_24	1	1	0	68.575	4.094	PDB_exact_pair_aggregate	0.3556	30_40	Q9NPF5	P0C0S5	P02299	0.999631	0.999079	0.000552	1.0	0.004177	0.016346	0.773349	0.721983
SCF:0002900	AC:002576	Q9NPF5	P0C0S5	P62807	9c62-assembly1.cif.gz	11_24	1	1	0	68.575	2.174	PDB_exact_pair_aggregate	0.3514	30_40	Q9NPF5	P0C0S5	O23629	0.998561	0.999079	-0.000518	0.0	0.004189	0.016346	0.723748	0.721983
SCF:0002901	AC:002577	P56766	P27521	Q9SY97	7wfd-assembly1.cif.gz	11_24	1	1	0	8.03	2.431	PDB_exact_pair_aggregate	0.5373	ge50	A0T0M8	Q84Y02	A0A2K1IB10	0.999759	0.999008	0.000751	1.0	0.090429	0.078394	0.472477	0.521276
SCF:0002902	AC:002578	Q5JS54	Q969U7	P25789	8tm3-assembly1.cif.gz	11_24	1	2	1	32.973	3.112	PDB_exact_pair_aggregate	0.3212	30_40	Q5JS54	Q969U7	P23638	0.999733	0.999703	3e-05	1.0	0.004175	0.004177	0.36298	0.445894
SCF:0002903	AC:002579	O66841	O67337	O66842	7q5y-assembly2.cif.gz	3_10	1	1	0	11.558	2.437	PDB_exact_pair_aggregate	0.3714	30_40	O66841	O67337	O66842	0.000326	0.986401	-0.986075	0.0	0.010488	0.05552	0.231669	0.683675
SCF:0002904	AC:002580	A0A175JJM9	C4M5A0	C4M9F9	9v1j-assembly1.cif.gz	11_24	1	5	1	22.198	2.271	PDB_exact_pair_aggregate	0.298	20_30	W5I035	C4M5A0	C4M9F9	0.999931	0.99995	-1.9e-05	0.0	0.92252	0.825162	0.802235	0.847865
SCF:0002905	AC:002580	C4M5A0	A0A175JJM9	C4M0Z2	9v1j-assembly1.cif.gz	11_24	1	5	1	22.198	2.334	PDB_exact_pair_aggregate	0.2526	20_30	C4M5A0	W5I035	C4M0Z2	0.999915	0.99995	-3.5e-05	0.0	0.921135	0.825162	0.821658	0.847865
SCF:0002906	AC:002581	A0AAN0Y0S4	A0AAN0Y138	A0AAN0Y3T9	9h90-assembly1.cif.gz	11_24	1	1	0	40.182	2.685	same_assembly_bridge	0.2931	20_30	Q83ER2	P80372	P17291	0.999929	0.999941	-1.2e-05	0.0	0.943951	0.862872	0.651231	0.683526
SCF:0002907	AC:002581	A0AAN0Y138	A0AAN0Y0S4	A0AAN0Y3T9	9h90-assembly1.cif.gz	11_24	1	1	0	40.182	3.46	same_assembly_bridge	0.3171	30_40	P80372	Q83ER2	P17291	0.999945	0.999941	4e-06	1.0	0.580411	0.862872	0.413807	0.683526
SCF:0002908	AC:002581	A0AAN0Y138	A0AAN0Y0S4	A0AAN0Y103	9h90-assembly1.cif.gz	11_24	1	1	0	40.182	3.376	PDB_exact_pair_aggregate	0.2836	20_30	P80372	Q83ER2	C3SRY2	0.999945	0.999941	4e-06	1.0	0.613016	0.862872	0.73454	0.683526
SCF:0002909	AC:002582	Q1HGH9	Q1HFW2	W7XJB1	7k58-assembly1.cif.gz	11_24	1	4	1	68.245	2.746	PDB_exact_pair_aggregate	0.3659	30_40	Q1HGH9	Q1HFW2	W7XJB1	0.003544	0.00187	0.001674	1.0	0.004176	0.004181	0.498311	0.280472
SCF:0002910	AC:002582	Q1HGH9	Q1HFW2	Q1HFV9	7k58-assembly1.cif.gz	11_24	1	4	1	68.245	2.926	same_assembly_bridge	0.3625	30_40	Q1HGH9	Q1HFW2	Q24DI9	0.000436	0.00187	-0.001434	0.0	0.004176	0.004181	0.333677	0.280472
SCF:0002911	AC:002582	Q1HGH9	Q1HFW2	Q1HFX0	7k58-assembly1.cif.gz	11_24	1	4	1	68.245	4.261	PDB_exact_pair_aggregate	0.3	30_40	Q1HGH9	Q1HFW2	Q1HFX0	0.001896	0.00187	2.6e-05	1.0	0.00418	0.004181	0.49831	0.280472
SCF:0002912	AC:002584	A0A1S3ZQT7	A0A1S3YXM6	A0A1S3ZSI0	8w9z-assembly1.cif.gz	11_24	1	2	1	53.807	3.299	same_assembly_bridge	0.2851	20_30	A0A1S3ZQT7	A0A9R0JF29	A0A1S3ZSI0	0.00024	0.02091	-0.02067	0.0	0.004179	0.005972	0.589355	0.752879
SCF:0002913	AC:002590	P78371	Q13885	P07437	7nvn-assembly1.cif.gz	11_24	1	1	0	30.923	3.098	PDB_exact_pair_aggregate	0.955	ge50	Q3ZBH0	P07437	P07437	0.999584	0.997303	0.002281	1.0	0.322713	0.326015	0.792856	0.786627
SCF:0002914	AC:002590	P78371	Q13885	P50991	7nvn-assembly1.cif.gz	11_24	1	1	0	30.923	1.935	PDB_exact_pair_aggregate	0.2465	20_30	Q3ZBH0	P07437	P50991	0.999861	0.997303	0.002558	1.0	0.881021	0.326015	0.375466	0.786627
SCF:0002915	AC:002590	Q13885	P78371	P48643	7nvn-assembly1.cif.gz	11_24	1	1	0	30.923	2.699	PDB_exact_pair_aggregate	0.3772	30_40	P07437	Q3ZBH0	P48643	0.987965	0.997303	-0.009338	0.0	0.477131	0.326015	0.770681	0.786627
SCF:0002916	AC:002590	Q13885	P78371	P17987	7nvn-assembly1.cif.gz	11_24	1	1	0	30.923	2.841	same_assembly_bridge	0.3733	30_40	P07437	Q3ZBH0	Q32L40	0.99481	0.997303	-0.002493	0.0	0.318303	0.326015	0.779743	0.786627
SCF:0002917	AC:002590	Q13885	P78371	Q99832	7nvn-assembly1.cif.gz	11_24	1	1	0	30.923	2.694	PDB_exact_pair_aggregate	0.3533	30_40	P07437	Q3ZBH0	Q99832	0.989168	0.997303	-0.008135	0.0	0.774325	0.326015	0.785305	0.786627
SCF:0002918	AC:002591	B6STT2	B6TXS5	O65101	5zji-assembly1.cif.gz	11_24	1	1	0	57.703	2.413	PDB_exact_pair_aggregate	0.287	20_30	A8IL32	B6TXS5	A0A2K1JDR4	0.994923	0.982497	0.012426	1.0	0.975311	0.004243	0.526909	0.51598
SCF:0002919	AC:002593	O32231	P20282	P21470	8cee-assembly1.cif.gz	11_24	1	4	1	11.003	2.73	PDB_exact_pair_aggregate	0.2783	20_30	O32231	B7IA17	A0A1M6R974	0.999679	0.999879	-0.0002	0.0	0.13179	0.025166	0.769846	0.781987
SCF:0002920	AC:002597	P40938	Q99638	P12004	7z6h-assembly1.cif.gz	3_10	1	1	0	29.285	2.389	PDB_exact_pair_aggregate	0.3065	30_40	P40938	Q99638	P12004	0.999722	0.999785	-6.3e-05	0.0	0.731679	0.920457	0.579592	0.741583
SCF:0002921	AC:002597	Q99638	P40938	P35250	7z6h-assembly1.cif.gz	3_10	1	1	0	29.285	3.199	PDB_exact_pair_aggregate	0.3346	30_40	Q99638	P40938	P35250	0.999531	0.999785	-0.000254	0.0	0.928658	0.920457	0.731802	0.741583
SCF:0002922	AC:002598	O85388	Q83ER7	Q83ES0	9t0z-assembly1.cif.gz	11_24	1	3	1	52.69	2.205	PDB_exact_pair_aggregate	0.2909	20_30	P80372	P0AG63	A0QSD5	0.999923	0.999945	-2.2e-05	0.0	0.476548	0.197754	0.817023	9e-05
SCF:0002923	AC:002600	Q86VX2	Q9NX08	Q9P000	8f2r-assembly1.cif.gz	3_10	1	3	1	13.579	2.308	PDB_exact_pair_aggregate	0.291	20_30	Q86VX2	Q9NX08	Q9P000	0.999835	0.999925	-9e-05	0.0	0.004176	0.004176	0.771751	0.717547
SCF:0002924	AC:002600	Q86VX2	Q9NX08	Q9GZQ3	8f2r-assembly1.cif.gz	3_10	1	3	1	13.579	2.537	PDB_exact_pair_aggregate	0.287	20_30	Q86VX2	Q9NX08	Q9GZQ3	0.999886	0.999925	-3.9e-05	0.0	0.004177	0.004176	0.745514	0.717547
SCF:0002925	AC:002600	Q86VX2	Q9NX08	Q9Y6G5	8f2r-assembly1.cif.gz	3_10	1	3	1	13.579	2.804	PDB_exact_pair_aggregate	0.2836	20_30	Q86VX2	Q9NX08	Q9Y6G5	0.999832	0.999925	-9.3e-05	0.0	0.004176	0.004176	0.783963	0.717547
SCF:0002926	AC:002600	Q9NX08	Q86VX2	Q8N668	8f2r-assembly1.cif.gz	3_10	1	3	1	13.579	3.975	same_assembly_bridge	0.2815	20_30	Q9NX08	Q86VX2	Q8N668	0.999917	0.999925	-8e-06	0.0	0.004178	0.004176	0.750309	0.717547
SCF:0002927	AC:002600	Q9NX08	Q86VX2	Q9UBI1	8f2r-assembly1.cif.gz	3_10	1	3	1	13.579	2.702	PDB_exact_pair_aggregate	0.2782	20_30	Q9NX08	Q86VX2	Q9UBI1	0.999939	0.999925	1.4e-05	1.0	0.004178	0.004176	0.722978	0.717547
SCF:0002928	AC:002601	D0FXW7	C1K003	Q56D18	6sl5-assembly1.cif.gz	11_24	1	2	1	38.041	3.041	PDB_exact_pair_aggregate	0.4555	40_50	A0A4V8H005	Q7DM26	Q56D18	0.000398	0.000643	-0.000245	0.0	0.004258	0.005244	0.251116	0.091113
SCF:0002929	AC:002601	D0FXW7	C1K003	A0A6I8WFT8	6sl5-assembly1.cif.gz	11_24	1	2	1	38.041	2.42	PDB_exact_pair_aggregate	0.36	30_40	A0A4V8H005	Q7DM26	A0A0H2UKZ4	0.961434	0.000643	0.960791	1.0	0.004183	0.005244	0.000522	0.091113
SCF:0002930	AC:002606	B8YB55	B8YB60	B8YB58	2waq-assembly1.cif.gz	11_24	1	5	1	17.379	2.966	PDB_exact_pair_aggregate	0.3077	30_40	Q980R1	B8YB60	Q7LXK4	0.999566	0.998862	0.000704	1.0	0.004184	0.126651	0.764598	0.708944
SCF:0002931	AC:002608	Q3T0Q3	F2Z4C9	Q32PE0	9xgk-assembly1.cif.gz	11_24	1	1	0	22.384	3.881	PDB_exact_pair_aggregate	0.9921	ge50	Q3T0Q3	A0A4X1VEK9	A0A4X1VEK9	0.999893	0.999886	7e-06	1.0	0.703081	0.438768	0.746636	0.773512
SCF:0002932	AC:002608	Q3T0Q3	F2Z4C9	F2Z4H3	9xgk-assembly1.cif.gz	11_24	1	1	0	22.384	2.684	PDB_exact_pair_aggregate	0.3117	30_40	Q3T0Q3	A0A4X1VEK9	A0A8D1AQR7	0.999944	0.999886	5.8e-05	1.0	0.036098	0.438768	0.726448	0.773512
SCF:0002933	AC:002609	A0A0G4GX86	A0A0G4I0G6	A0A0G4HNB1	9hyu-assembly1.cif.gz	11_24	1	1	0	28.295	2.763	PDB_exact_pair_aggregate	0.3681	30_40	A0A0G4GX86	A0A0G4I0G6	A0A0G4HNB1	0.999824	0.999696	0.000128	1.0	0.004192	0.004219	0.450149	0.082129
SCF:0002934	AC:002609	A0A0G4GX86	A0A0G4I0G6	A0A0G4HMN0	9hyu-assembly1.cif.gz	11_24	1	1	0	28.295	2.404	PDB_exact_pair_aggregate	0.36	30_40	A0A0G4GX86	A0A0G4I0G6	A0A0G4HMN0	0.999806	0.999696	0.00011	1.0	0.004249	0.004219	0.345722	0.082129
SCF:0002935	AC:002609	A0A0G4GX86	A0A0G4I0G6	A0A0G4H942	9hyu-assembly1.cif.gz	11_24	1	1	0	28.295	2.469	PDB_exact_pair_aggregate	0.2956	20_30	A0A0G4GX86	A0A0G4I0G6	A0A0G4H942	0.015519	0.999696	-0.984177	0.0	0.004216	0.004219	0.042272	0.082129
SCF:0002936	AC:002610	G0S9A0	G0SCD1	G0SC21	8pel-assembly1.cif.gz	3_10	1	2	1	15.52	2.638	PDB_exact_pair_aggregate	0.3131	30_40	G0S9A0	G0SCD1	G0SC21	0.999673	0.999454	0.000219	1.0	0.00532	0.004191	0.382329	0.509195
SCF:0002937	AC:002610	G0S9A0	G0SCD1	P0CT46	8pel-assembly1.cif.gz	3_10	1	2	1	15.52	3.166	PDB_exact_pair_aggregate	0.2674	20_30	G0S9A0	G0SCD1	P0CT46	0.999555	0.999454	0.000101	1.0	0.004175	0.004191	0.409218	0.509195
SCF:0002938	AC:002610	G0SCD1	G0S9A0	G0RZX8	8pel-assembly1.cif.gz	3_10	1	2	1	15.52	2.671	PDB_exact_pair_aggregate	0.346	30_40	G0SCD1	G0S9A0	G0RZX8	0.999646	0.999454	0.000192	1.0	0.004175	0.004191	0.136942	0.509195
SCF:0002939	AC:002613	D0VX28	Q5ZLR5	D0VX26	3h1k-assembly1.cif.gz	11_24	1	12	1	28.263	2.727	same_assembly_bridge	0.3056	30_40	D0VX28	Q5ZLR5	D0VX26	0.994768	0.998816	-0.004048	0.0	0.015012	0.029479	0.598547	0.682071
SCF:0002940	AC:002614	O74483	O74499	Q9Y7M4	6ppp-assembly2.cif.gz	3_10	1	2	1	8.063	2.556	PDB_exact_pair_aggregate	0.3704	30_40	O74483	O74499	Q9Y7M4	0.999917	0.999907	1e-05	1.0	0.522285	0.672158	0.716903	0.744644
SCF:0002941	AC:002614	O74499	O74483	O42978	6ppp-assembly2.cif.gz	3_10	1	2	1	8.063	2.405	PDB_exact_pair_aggregate	0.2941	20_30	O74499	O74483	O42978	0.999185	0.999907	-0.000722	0.0	0.828004	0.672158	0.680688	0.744644
SCF:0002942	AC:002614	O74499	O74483	Q9UUI1	6ppp-assembly2.cif.gz	3_10	1	2	1	8.063	2.579	PDB_exact_pair_aggregate	0.2787	20_30	O74499	O74483	Q9UUI1	0.999	0.999907	-0.000907	0.0	0.665712	0.672158	0.695087	0.744644
SCF:0002943	AC:002614	O74499	O74483	O14352	6ppp-assembly2.cif.gz	3_10	1	2	1	8.063	2.242	same_assembly_bridge	0.2742	20_30	O74499	O74483	O14352	0.999187	0.999907	-0.00072	0.0	0.798265	0.672158	0.65108	0.744644
SCF:0002944	AC:002615	P38907	P36012	Q12493	6qld-assembly1.cif.gz	11_24	1	3	1	42.96	2.498	PDB_exact_pair_aggregate	0.2797	20_30	P38907	P36012	Q12493	0.999873	0.999864	9e-06	1.0	0.004174	0.004177	0.129831	0.088711
SCF:0002945	AC:002617	O95456	P28074	Q99436	8yix-assembly1.cif.gz	11_24	1	6	1	8.58	2.554	PDB_exact_pair_aggregate	0.2932	20_30	O95456	P28074	P25043	0.999593	0.998537	0.001056	1.0	0.004181	0.004178	0.262134	0.590012
SCF:0002946	AC:002617	O95456	P28074	P25787	8yix-assembly1.cif.gz	11_24	1	6	1	8.58	3.111	PDB_exact_pair_aggregate	0.2919	20_30	O95456	P28074	P25787	0.999828	0.998537	0.001291	1.0	0.00418	0.004178	0.686257	0.590012
SCF:0002947	AC:002617	O95456	P28074	P28066	8yix-assembly1.cif.gz	11_24	1	6	1	8.58	2.501	same_assembly_bridge	0.2715	20_30	O95456	P28074	P28066	0.999419	0.998537	0.000882	1.0	0.004177	0.004178	0.637607	0.590012
SCF:0002948	AC:002617	P28074	O95456	P48556	8yix-assembly1.cif.gz	11_24	1	6	1	8.58	2.64	PDB_exact_pair_aggregate	0.3431	30_40	P28074	O95456	P48556	0.999915	0.998537	0.001378	1.0	0.004735	0.004178	0.688456	0.590012
SCF:0002949	AC:002617	P28074	O95456	O14818	8yix-assembly1.cif.gz	11_24	1	6	1	8.58	1.815	PDB_exact_pair_aggregate	0.2919	20_30	P28074	O95456	O14818	0.999873	0.998537	0.001336	1.0	0.851709	0.004178	0.57702	0.590012
SCF:0002950	AC:002618	P06627	P0A6Y1	P0A6X7	9f0z-assembly1.cif.gz	3_10	1	6	1	9.734	2.728	PDB_exact_pair_aggregate	0.3295	30_40	P06627	P0A6Y1	P0A6X7	0.997305	0.975879	0.021426	1.0	0.004213	0.004189	0.570716	0.000423
SCF:0002951	AC:002620	P11521	Q4JAY4	Q4JAJ6	7oq4-assembly1.cif.gz	11_24	1	3	1	28.25	2.723	PDB_exact_pair_aggregate	0.3281	30_40	B8YB60	Q4JAY4	Q4JAJ6	0.148276	0.975384	-0.827108	0.0	0.004184	0.004178	0.778139	0.739955
SCF:0002952	AC:002621	A0A1J7CBX1	A0A1M6R974	A0A1M5L6R0	9oyv-assembly1.cif.gz	11_24	1	8	1	10.733	3.106	PDB_exact_pair_aggregate	0.271	20_30	P80372	A0A1M6R974	A0A1M5L6R0	0.999936	0.999935	1e-06	1.0	0.646237	0.444278	0.826876	0.528288
SCF:0002953	AC:002622	Q4FZW5	Q7ZYJ8	Q05AW3	7vci-assembly1.cif.gz	11_24	1	4	1	19.726	0.719	PDB_exact_pair_aggregate	0.2934	20_30	Q6GNF1	Q7ZYJ8	Q05AW3	0.999616	0.999893	-0.000277	0.0	0.013072	0.349851	0.63527	0.720943
SCF:0002954	AC:002622	Q7ZYJ8	Q4FZW5	Q6GNF1	7vci-assembly1.cif.gz	11_24	1	4	1	19.726	2.878	PDB_exact_pair_aggregate	0.9722	ge50	Q7ZYJ8	Q6GNF1	Q6GNF1	0.999856	0.999893	-3.7e-05	0.0	0.152745	0.349851	0.704461	0.720943
SCF:0002955	AC:002623	A0A2K1KIF2	A0A2K1JC42	A0A2K1JDE1	7ksq-assembly1.cif.gz	11_24	1	2	1	8.971	2.868	PDB_exact_pair_aggregate	0.344	30_40	A8IL32	B6U534	B6SQZ7	0.901352	0.993904	-0.092552	0.0	0.020397	0.938599	0.463931	0.499404
SCF:0002956	AC:002624	P28074	Q969U7	P25789	8yix-assembly1.cif.gz	11_24	1	6	1	13.757	2.165	PDB_exact_pair_aggregate	0.3212	30_40	P28074	Q969U7	P23638	0.999806	0.999906	-0.0001	0.0	0.946654	0.004181	0.587241	0.578311
SCF:0002957	AC:002624	P28074	Q969U7	P25787	8yix-assembly1.cif.gz	11_24	1	6	1	13.757	2.008	PDB_exact_pair_aggregate	0.3028	30_40	P28074	Q969U7	P25787	0.999934	0.999906	2.8e-05	1.0	0.97904	0.004181	0.56819	0.578311
SCF:0002958	AC:002624	P28074	Q969U7	P28072	8yix-assembly1.cif.gz	11_24	1	6	1	13.757	2.329	PDB_exact_pair_aggregate	0.2955	20_30	P28074	Q969U7	P28072	0.999922	0.999906	1.6e-05	1.0	0.333228	0.004181	0.611057	0.578311
SCF:0002959	AC:002624	Q969U7	P28074	Q99436	8yix-assembly1.cif.gz	11_24	1	6	1	13.757	2.256	PDB_exact_pair_aggregate	0.2932	20_30	Q969U7	P28074	P25043	0.999869	0.999906	-3.7e-05	0.0	0.004184	0.004181	0.468786	0.578311
SCF:0002960	AC:002624	Q969U7	P28074	P25787	8yix-assembly1.cif.gz	11_24	1	6	1	13.757	2.627	PDB_exact_pair_aggregate	0.2919	20_30	Q969U7	P28074	P25787	0.999879	0.999906	-2.7e-05	0.0	0.004188	0.004181	0.721133	0.578311
SCF:0002961	AC:002624	Q969U7	P28074	P28066	8yix-assembly1.cif.gz	11_24	1	6	1	13.757	2.801	PDB_exact_pair_aggregate	0.2715	20_30	Q969U7	P28074	P28066	0.999766	0.999906	-0.00014	0.0	0.004178	0.004181	0.637748	0.578311
SCF:0002962	AC:002625	Q9FQ96	A8IKI9	A8J5P7	9f5z-assembly1.cif.gz	11_24	1	2	1	18.234	2.896	PDB_exact_pair_aggregate	0.2667	20_30	Q9FQ96	A8IKI9	A8J5P7	0.999522	0.999736	-0.000214	0.0	0.762846	0.038442	0.497139	0.200837
SCF:0002963	AC:002627	Q9V461	Q9XYU1	Q9XYU0	6raz-assembly1.cif.gz	11_24	1	3	1	11.411	1.031	PDB_exact_pair_aggregate	0.4007	40_50	Q9V461	P25205	P33993	0.999879	0.999812	6.7e-05	1.0	0.269711	0.014698	0.703747	0.701247
SCF:0002964	AC:002627	Q9V461	Q9XYU1	P49735	6raz-assembly1.cif.gz	11_24	1	3	1	11.411	1.978	PDB_exact_pair_aggregate	0.3898	30_40	Q9V461	P25205	P49735	0.867359	0.999812	-0.132453	0.0	0.063258	0.014698	0.713597	0.701247
SCF:0002965	AC:002627	Q9V461	Q9XYU1	Q26454	6raz-assembly1.cif.gz	11_24	1	3	1	11.411	2.195	PDB_exact_pair_aggregate	0.3851	30_40	Q9V461	P25205	Q26454	0.991577	0.999812	-0.008235	0.0	0.147038	0.014698	0.716861	0.701247
SCF:0002966	AC:002627	Q9XYU1	Q9V461	Q9VGW6	6raz-assembly1.cif.gz	11_24	1	3	1	11.411	2.166	PDB_exact_pair_aggregate	0.3754	30_40	P25205	Q9V461	Q9VGW6	0.999903	0.999812	9.1e-05	1.0	0.072688	0.014698	0.724055	0.701247
SCF:0002967	AC:002627	Q9XYU1	Q9V461	Q9XYU0	6raz-assembly1.cif.gz	11_24	1	3	1	11.411	2.093	PDB_exact_pair_aggregate	0.3611	30_40	P25205	Q9V461	P33993	0.999886	0.999812	7.4e-05	1.0	0.07643	0.014698	0.712431	0.701247
SCF:0002968	AC:002628	Q7Z4G1	Q86X83	Q86VX2	8p0w-assembly1.cif.gz	11_24	1	3	1	22.25	4.06	PDB_exact_pair_aggregate	0.2635	20_30	Q7Z4G1	Q86X83	Q86VX2	0.999892	0.999925	-3.3e-05	0.0	0.004176	0.004174	0.596766	0.637446
SCF:0002969	AC:002628	Q7Z4G1	Q86X83	Q9NX08	8p0w-assembly1.cif.gz	11_24	1	3	1	22.25	3.225	same_assembly_bridge	0.2569	20_30	Q7Z4G1	Q86X83	Q9NX08	0.999931	0.999925	6e-06	1.0	0.004185	0.004174	0.387591	0.637446
SCF:0002970	AC:002628	Q7Z4G1	Q86X83	Q9P000	8p0w-assembly1.cif.gz	11_24	1	3	1	22.25	2.92	PDB_exact_pair_aggregate	0.2556	20_30	Q7Z4G1	Q86X83	Q9P000	0.999787	0.999925	-0.000138	0.0	0.004232	0.004174	0.456579	0.637446
SCF:0002971	AC:002631	D0CD06	D0CD14	D0C9P6	6yt9-assembly1.cif.gz	11_24	1	2	1	16.593	2.792	PDB_exact_pair_aggregate	0.3474	30_40	P0AG63	Q839E7	P21472	0.99984	0.999945	-0.000105	0.0	0.35715	0.684016	0.785184	0.460019
SCF:0002972	AC:002633	P36886	Q43485	F2DAN8	7ew6-assembly1.cif.gz	11_24	1	1	0	66.244	2.431	PDB_exact_pair_aggregate	0.4714	40_50	A0A4V8GZZ4	F2D0D5	A0A2K1IB10	0.998198	0.998666	-0.000468	0.0	0.216745	0.00787	0.690881	0.72265
SCF:0002973	AC:002634	D0VX29	F1NC51	D0VX27	4u3f-assembly1.cif.gz	11_24	1	1	0	36.708	2.847	PDB_exact_pair_aggregate	1.0	ge50	D0VX29	Q2EN79	Q2EN79	0.998582	0.781191	0.217391	1.0	0.007256	0.013607	0.643869	0.721788
SCF:0002974	AC:002634	F1NC51	D0VX29	D0VX31	4u3f-assembly1.cif.gz	11_24	1	1	0	36.708	2.353	PDB_exact_pair_aggregate	0.2959	20_30	Q2EN79	D0VX29	A0A8D0PK14	0.986402	0.781191	0.205211	1.0	0.048509	0.013607	0.833822	0.721788
SCF:0002975	AC:002635	B8YB60	B8YB56	B8YB54	2wb1-assembly1.cif.gz	11_24	1	5	1	52.778	2.527	PDB_exact_pair_aggregate	0.3048	30_40	B8YB60	P39471	B8YB54	0.862659	0.983589	-0.12093	0.0	0.520676	0.052592	0.485265	0.314729
SCF:0002976	AC:002639	A4VD15	I7LT80	I7MG46	8th8-assembly1.cif.gz	11_24	1	2	1	17.893	2.563	same_assembly_bridge	0.3217	30_40	A4VD15	I7LT80	I7MG46	0.044929	0.005676	0.039253	1.0	0.004178	0.004181	0.08391	0.305028
SCF:0002977	AC:002639	A4VD15	I7LT80	Q23S05	8th8-assembly1.cif.gz	11_24	1	2	1	17.893	2.076	PDB_exact_pair_aggregate	0.2689	20_30	A4VD15	I7LT80	Q23S05	0.41359	0.005676	0.407914	1.0	0.004179	0.004181	0.2395	0.305028
SCF:0002978	AC:002639	I7LT80	A4VD15	Q24DJ0	8th8-assembly1.cif.gz	11_24	1	2	1	17.893	2.044	PDB_exact_pair_aggregate	0.3121	30_40	I7LT80	A4VD15	Q24DJ0	0.001762	0.005676	-0.003914	0.0	0.004181	0.004181	0.117251	0.305028
SCF:0002979	AC:002639	I7LT80	A4VD15	I7MG46	8th8-assembly1.cif.gz	11_24	1	2	1	17.893	3.044	same_assembly_bridge	0.2997	20_30	I7LT80	A4VD15	I7MG46	0.002878	0.005676	-0.002798	0.0	0.004185	0.004181	0.086524	0.305028
SCF:0002980	AC:002639	I7LT80	A4VD15	Q23YW7	8th8-assembly1.cif.gz	11_24	1	2	1	17.893	2.098	PDB_exact_pair_aggregate	0.2939	20_30	I7LT80	A4VD15	Q23YW7	0.992132	0.005676	0.986456	1.0	0.004184	0.004181	0.189216	0.305028
SCF:0002981	AC:002645	A0A2X1PQW4	C3SR57	B7MCR3	9sx2-assembly1.cif.gz	11_24	1	5	1	19.528	2.492	PDB_exact_pair_aggregate	1.0	ge50	P0AG59	Q50296	Q50296	0.999935	0.999935	0.0	0.5	0.149726	0.149726	0.079886	0.079886
SCF:0002982	AC:002645	A0A2X1PQW4	C3SR57	A7ZSI6	9sx2-assembly1.cif.gz	11_24	1	5	1	19.528	2.798	PDB_exact_pair_aggregate	1.0	ge50	P0AG59	Q50296	Q50296	0.999935	0.999935	0.0	0.5	0.149726	0.149726	0.079886	0.079886
SCF:0002983	AC:002645	A0A2X1PQW4	C3SR57	C3SQT7	9sx2-assembly1.cif.gz	11_24	1	5	1	19.528	2.502	PDB_exact_pair_aggregate	0.3171	30_40	P0AG59	Q50296	P21471	0.999936	0.999935	1e-06	1.0	0.087004	0.149726	0.615264	0.079886
SCF:0002984	AC:002646	P07766	Q861F7	P0DTU4	8es9-assembly1.cif.gz	11_24	1	2	1	12.138	2.292	PDB_exact_pair_aggregate	0.2795	20_30	P07766	Q861F7	K7N5M4	0.998854	0.998697	0.000157	1.0	0.004225	0.009208	0.528966	0.582481
SCF:0002985	AC:002646	Q861F7	P07766	P09693	8es9-assembly1.cif.gz	11_24	1	2	1	12.138	2.726	PDB_exact_pair_aggregate	0.3272	30_40	Q861F7	P07766	P09693	0.998931	0.998697	0.000234	1.0	0.026368	0.009208	0.358977	0.582481
SCF:0002986	AC:002647	A8IJ60	A8J353	A8INX1	7eko-assembly1.cif.gz	11_24	1	2	1	19.184	2.596	PDB_exact_pair_aggregate	0.3	30_40	A8IJ60	A8J353	A8INX1	0.999913	0.000707	0.999206	1.0	0.804441	0.004176	0.808312	0.797024
SCF:0002987	AC:002647	A8IJ60	A8J353	A8IS47	7eko-assembly1.cif.gz	11_24	1	2	1	19.184	2.224	PDB_exact_pair_aggregate	0.2576	20_30	A8IJ60	A8J353	A8IS47	0.999872	0.000707	0.999165	1.0	0.908391	0.004176	0.698392	0.797024
SCF:0002988	AC:002647	A8J353	A8IJ60	A8INX1	7eko-assembly1.cif.gz	11_24	1	2	1	19.184	4.185	PDB_exact_pair_aggregate	0.3667	30_40	A8J353	A8IJ60	A8INX1	0.000557	0.000707	-0.00015	0.0	0.004175	0.004176	0.490563	0.797024
SCF:0002989	AC:002647	A8J353	A8IJ60	A8IH07	7eko-assembly1.cif.gz	11_24	1	2	1	19.184	2.678	same_assembly_bridge	0.316	30_40	A8J353	A8IJ60	A8IH07	0.00015	0.000707	-0.000557	0.0	0.004179	0.004176	0.14551	0.797024
SCF:0002990	AC:002648	Q9P2I0	Q969L4	P62308	9nb1-assembly1.cif.gz	11_24	1	4	1	13.335	2.852	PDB_exact_pair_aggregate	0.2239	20_30	Q9P2I0	Q969L4	P62308	0.999749	0.999625	0.000124	1.0	0.738418	0.359656	0.748231	0.787221
SCF:0002991	AC:002652	P04234	Q861F7	P0DTU4	8es8-assembly1.cif.gz	11_24	1	2	1	21.002	2.665	PDB_exact_pair_aggregate	0.2795	20_30	P04234	Q861F7	K7N5M4	0.996546	0.998098	-0.001552	0.0	0.004182	0.333824	0.654122	0.305705
SCF:0002992	AC:002652	Q861F7	P04234	P09693	8es8-assembly1.cif.gz	11_24	1	2	1	21.002	2.726	same_assembly_bridge	0.4277	40_50	Q861F7	P04234	P09693	0.998931	0.998098	0.000833	1.0	0.026368	0.333824	0.358977	0.305705
SCF:0002993	AC:002653	A0A0G4HFQ7	A0A0G4FL36	A0A0G4I0G6	9hyu-assembly1.cif.gz	11_24	1	1	0	26.091	4.099	PDB_exact_pair_aggregate	0.3655	30_40	A0A0G4HFQ7	A0A0G4FL36	A0A0G4I0G6	0.999158	0.999153	5e-06	1.0	0.005949	0.005302	0.269524	0.437472
SCF:0002994	AC:002653	A0A0G4HFQ7	A0A0G4FL36	A0A0G4GX71	9hyu-assembly1.cif.gz	11_24	1	1	0	26.091	2.617	PDB_exact_pair_aggregate	0.3245	30_40	A0A0G4HFQ7	A0A0G4FL36	A0A0G4GX71	0.994774	0.999153	-0.004379	0.0	0.005883	0.005302	0.417465	0.437472
SCF:0002995	AC:002656	Q8DJ02	Q8DKF5	Q8DMR6	6tjv-assembly1.cif.gz	11_24	1	1	0	18.379	2.324	PDB_exact_pair_aggregate	0.3081	30_40	P56751	Q8DKF5	Q8DMR6	0.876035	0.897753	-0.021718	0.0	0.004323	0.007118	0.556286	0.588095
SCF:0002996	AC:002656	Q8DJ02	Q8DKF5	Q8DKY0	6tjv-assembly1.cif.gz	11_24	1	1	0	18.379	2.34	PDB_exact_pair_aggregate	0.2691	20_30	P56751	Q8DKF5	P26288	0.999546	0.897753	0.101793	1.0	0.005238	0.007118	0.6755	0.588095
SCF:0002997	AC:002656	Q8DKF5	Q8DJ02	Q8DL29	6tjv-assembly1.cif.gz	11_24	1	1	0	18.379	2.768	same_assembly_bridge	0.3375	30_40	Q8DKF5	P56751	Q8DL29	0.968501	0.897753	0.070748	1.0	0.00754	0.007118	0.277034	0.588095
SCF:0002998	AC:002656	Q8DKF5	Q8DJ02	Q8DL30	6tjv-assembly1.cif.gz	11_24	1	1	0	18.379	3.496	PDB_exact_pair_aggregate	0.3077	30_40	Q8DKF5	P56751	Q8DL30	0.990949	0.897753	0.093196	1.0	0.00421	0.007118	0.146445	0.588095
SCF:0002999	AC:002658	Q8DLJ8	Q8DIF8	D0VWR1	7nhp-assembly1.cif.gz	11_24	1	2	1	14.98	2.486	PDB_exact_pair_aggregate	0.3723	30_40	Q8DLJ8	D0VWR7	Q8DIQ1	0.989295	0.000365	0.98893	1.0	0.076117	0.066171	0.125954	0.200379
SCF:0003000	AC:002658	Q8DLJ8	Q8DIF8	Q8DIQ1	7nhp-assembly1.cif.gz	11_24	1	2	1	14.98	2.642	PDB_exact_pair_aggregate	0.3723	30_40	Q8DLJ8	D0VWR7	Q8DIQ1	0.01639	0.000365	0.016025	1.0	0.059239	0.066171	0.200508	0.200379
SCF:0003001	AC:002658	Q8DLJ8	Q8DIF8	P0A444	7nhp-assembly1.cif.gz	11_24	1	2	1	14.98	2.839	same_assembly_bridge	0.3158	30_40	Q8DLJ8	D0VWR7	P0A444	0.003708	0.000365	0.003343	1.0	0.009583	0.066171	0.106468	0.200379
SCF:0003002	AC:002661	A0A1S3V319	A0A1S3TUX2	A0A1S3TQD2	7jro-assembly1.cif.gz	3_10	1	2	1	50.76	2.774	PDB_exact_pair_aggregate	0.2619	20_30	A0A1S3V319	A0A1S3TUX2	A0A1S3TQD2	0.999684	0.999871	-0.000187	0.0	0.004175	0.004174	0.701313	0.508211
SCF:0003003	AC:002670	Q22MV2	I7M9J2	Q22A67	8bx8-assembly1.cif.gz	11_24	1	6	1	34.489	2.631	same_assembly_bridge	0.334	30_40	Q22MV2	I7M9J2	Q22A67	0.000639	0.000285	0.000354	1.0				
SCF:0003004	AC:002672	P03929	P13621	P13619	6ziu-assembly1.cif.gz	11_24	1	12	1	95.605	2.992	same_assembly_bridge	0.3423	30_40	P03929	P13621	P13619	0.998075	0.569755	0.42832	1.0	0.977925	0.976905	0.664492	0.706316
SCF:0003005	AC:002673	Q9NQT5	Q9Y2L1	Q8TF46	6d6q-assembly1.cif.gz	11_24	1	3	1	35.026	2.199	PDB_exact_pair_aggregate	0.4118	40_50	Q9NQT5	Q9Y2L1	Q8TF46	0.999864	0.999515	0.000349	1.0	0.004186	0.037826	0.715248	0.712156
SCF:0003006	AC:002673	Q9NQT5	Q9Y2L1	Q9Y450	6d6q-assembly1.cif.gz	11_24	1	3	1	35.026	2.298	PDB_exact_pair_aggregate	0.2413	20_30	Q9NQT5	Q9Y2L1	Q9Y450	0.999461	0.999515	-5.4e-05	0.0	0.087894	0.037826	0.733346	0.712156
SCF:0003007	AC:002674	O42978	O74483	O74499	6ppp-assembly2.cif.gz	3_10	1	2	1	10.234	2.405	PDB_exact_pair_aggregate	0.32	30_40	O42978	O74483	O74499	0.999185	0.999329	-0.000144	0.0	0.828004	0.657984	0.680688	0.645595
SCF:0003008	AC:002674	O42978	O74483	Q9UUI1	6ppp-assembly2.cif.gz	3_10	1	2	1	10.234	2.539	PDB_exact_pair_aggregate	0.2787	20_30	O42978	O74483	Q9UUI1	0.999532	0.999329	0.000203	1.0	0.75375	0.657984	0.585411	0.645595
SCF:0003009	AC:002674	O42978	O74483	O14352	6ppp-assembly2.cif.gz	3_10	1	2	1	10.234	7.535	same_assembly_bridge	0.2742	20_30	O42978	O74483	O14352	0.999796	0.999329	0.000467	1.0	0.744272	0.657984	0.558848	0.645595
SCF:0003010	AC:002674	O74483	O42978	Q9Y7M4	6ppp-assembly2.cif.gz	3_10	1	2	1	10.234	2.556	PDB_exact_pair_aggregate	0.3188	30_40	O74483	O42978	Q9Y7M4	0.999917	0.999329	0.000588	1.0	0.522285	0.657984	0.716903	0.645595
SCF:0003011	AC:002677	A0T0M9	B8C770	B8C0K4	8xls-assembly1.cif.gz	11_24	1	2	1	17.173	2.5	PDB_exact_pair_aggregate	0.4189	40_50	T1RIQ1	B8C770	B8C0K4	0.999509	0.99739	0.002119	1.0	0.177027	0.066562	0.367306	0.152847
SCF:0003012	AC:002677	A0T0M9	B8C770	B8BU33	8xls-assembly1.cif.gz	11_24	1	2	1	17.173	2.95	PDB_exact_pair_aggregate	0.4049	40_50	T1RIQ1	B8C770	B8BU33	0.999028	0.99739	0.001638	1.0	0.101762	0.066562	0.182345	0.152847
SCF:0003013	AC:002677	A0T0M9	B8C770	B8C8Q0	8xls-assembly1.cif.gz	11_24	1	2	1	17.173	3.22	PDB_exact_pair_aggregate	0.4	40_50	T1RIQ1	B8C770	B8C8Q0	0.998132	0.99739	0.000742	1.0	0.186738	0.066562	0.071725	0.152847
SCF:0003014	AC:002677	B8C770	A0T0M9	A0T0M8	8xls-assembly1.cif.gz	11_24	1	2	1	17.173	2.5	PDB_exact_pair_aggregate	0.4912	40_50	B8C770	T1RIQ1	A0T0M8	0.999447	0.99739	0.002057	1.0	0.015813	0.066562	0.206039	0.152847
SCF:0003015	AC:002678	P31556	A8HPD0	A8HPC6	9v7t-assembly1.cif.gz	11_24	1	3	1	22.847	4.154	PDB_exact_pair_aggregate	0.9656	ge50	A0A4V8H005	A8HPD0	A8HPE4	0.997281	0.999796	-0.002515	0.0	0.004353	0.004679	0.115622	0.400344
SCF:0003016	AC:002679	P75818	P0AE06	P02930	9tg4-assembly1.cif.gz	11_24	1	3	1	47.419	2.574	same_assembly_bridge	0.2786	20_30	P75818	P0AE06	P02930	0.967085	0.841543	0.125542	1.0	0.0105	0.017785	0.048163	0.492236
SCF:0003017	AC:002680	P9WGZ1	P9WGH9	P71814	6jcx-assembly1.cif.gz	3_10	1	8	1	15.275	3.11	PDB_exact_pair_aggregate	0.3061	30_40	P9WGZ1	P9WGH9	P71814	0.011114	0.001268	0.009846	1.0	0.004215	0.004197	0.27451	0.52857
SCF:0003018	AC:002681	A0A063XCH0	A0A063X8U6	A0A063XCP1	9p38-assembly1.cif.gz	11_24	1	2	1	21.606	3.605	same_assembly_bridge	0.2957	20_30	A0A063XCH0	A0A063X8U6	P0A0F8	0.999902	0.999936	-3.4e-05	0.0	0.594459	0.846023	0.884611	0.850487
SCF:0003019	AC:002686	P04439	P09693	P84077	7phr-assembly1.cif.gz	11_24	1	1	0	33.44	2.393	PDB_exact_pair_aggregate	0.2857	20_30	Q861F7	P09693	P84077	0.952324	0.997855	-0.045531	0.0	0.004419	0.02095	0.095117	0.320145
SCF:0003020	AC:002686	P04439	P09693	A0A578	7phr-assembly1.cif.gz	11_24	1	1	0	33.44	2.757	PDB_exact_pair_aggregate	0.2747	20_30	Q861F7	P09693	A0A578	0.998966	0.997855	0.001111	1.0	0.771747	0.02095	0.332802	0.320145
SCF:0003021	AC:002686	P09693	P04439	Q861F7	7phr-assembly1.cif.gz	11_24	1	1	0	33.44	2.726	PDB_exact_pair_aggregate	0.9355	ge50	P09693	Q861F7	Q861F7	0.998931	0.997855	0.001076	1.0	0.026368	0.02095	0.358977	0.320145
SCF:0003022	AC:002686	P09693	P04439	P0DTU4	7phr-assembly1.cif.gz	11_24	1	1	0	33.44	2.503	PDB_exact_pair_aggregate	0.3286	30_40	P09693	Q861F7	K7N5M4	0.992491	0.997855	-0.005364	0.0	0.004189	0.02095	0.617152	0.320145
SCF:0003023	AC:002693	P49368	P61758	O60925	6nr9-assembly1.cif.gz	11_24	1	3	1	15.884	2.362	same_assembly_bridge	0.2308	20_30	Q3T0K2	P61758	O60925	0.999922	0.999732	0.00019	1.0	0.005524	0.022719	0.515353	0.360114
SCF:0003024	AC:002693	P49368	P61758	Q99471	6nr9-assembly1.cif.gz	11_24	1	3	1	15.884	2.34	PDB_exact_pair_aggregate	0.219	20_30	Q3T0K2	P61758	Q99471	0.999866	0.999732	0.000134	1.0	0.004183	0.022719	0.744918	0.360114
SCF:0003025	AC:002694	C3SR12	C3SR52	C3SRY2	9sx2-assembly1.cif.gz	11_24	1	12	1	21.189	2.782	PDB_exact_pair_aggregate	0.2805	20_30	Q83ER2	B7IA17	C3SRY2	0.999945	0.999927	1.8e-05	1.0	0.887472	0.621004	0.657082	0.59363
SCF:0003026	AC:002694	C3SR12	C3SR52	P02359	9sx2-assembly1.cif.gz	11_24	1	12	1	21.189	2.801	PDB_exact_pair_aggregate	0.211	20_30	Q83ER2	B7IA17	P17291	0.999928	0.999927	1e-06	1.0	0.891511	0.621004	0.299054	0.59363
SCF:0003027	AC:002694	C3SR52	C3SR12	P0ADY7	9sx2-assembly1.cif.gz	11_24	1	12	1	21.189	2.271	PDB_exact_pair_aggregate	0.3375	30_40	B7IA17	Q83ER2	P0ADY7	0.999944	0.999927	1.7e-05	1.0	0.753926	0.621004	0.527613	0.59363
SCF:0003028	AC:002694	C3SR52	C3SR12	P02413	9sx2-assembly1.cif.gz	11_24	1	12	1	21.189	2.885	PDB_exact_pair_aggregate	0.2874	20_30	B7IA17	Q83ER2	P02413	0.999927	0.999927	0.0	0.5	0.250045	0.621004	0.588027	0.59363
SCF:0003029	AC:002694	C3SR52	C3SR12	P62399	9sx2-assembly1.cif.gz	11_24	1	12	1	21.189	1.887	PDB_exact_pair_aggregate	0.2816	20_30	B7IA17	Q83ER2	P62399	0.999941	0.999927	1.4e-05	1.0	0.663556	0.621004	0.814389	0.59363
SCF:0003030	AC:002696	P35251	P35249	P40937	6vvo-assembly1.cif.gz	3_10	1	1	0	8.638	3.532	PDB_exact_pair_aggregate	0.451	40_50	P35251	P35249	P40937	0.99319	0.998486	-0.005296	0.0	0.787601	0.196704	0.725463	0.725293
SCF:0003031	AC:002696	P35251	P35249	P35250	6vvo-assembly1.cif.gz	3_10	1	1	0	8.638	2.323	PDB_exact_pair_aggregate	0.3912	30_40	P35251	P35249	P35250	0.401333	0.998486	-0.597153	0.0	0.356044	0.196704	0.699761	0.725293
SCF:0003032	AC:002696	P35251	P35249	P40938	6vvo-assembly1.cif.gz	3_10	1	1	0	8.638	2.274	same_assembly_bridge	0.3311	30_40	P35251	P35249	P40938	0.983568	0.998486	-0.014918	0.0	0.263933	0.196704	0.712892	0.725293
SCF:0003033	AC:002697	Q5JS54	P25788	P28066	8tm3-assembly1.cif.gz	11_24	1	2	1	21.872	2.523	PDB_exact_pair_aggregate	0.3722	30_40	Q5JS54	P25788	P28066	0.999916	0.999839	7.7e-05	1.0	0.004177	0.00418	0.146651	0.399917
SCF:0003034	AC:002697	Q5JS54	P25788	O14818	8tm3-assembly1.cif.gz	11_24	1	2	1	21.872	2.285	PDB_exact_pair_aggregate	0.3463	30_40	Q5JS54	P25788	O14818	0.998649	0.999839	-0.00119	0.0	0.004178	0.00418	0.425445	0.399917
SCF:0003035	AC:002697	Q5JS54	P25788	P25789	8tm3-assembly1.cif.gz	11_24	1	2	1	21.872	3.112	PDB_exact_pair_aggregate	0.325	30_40	Q5JS54	P25788	P23638	0.999733	0.999839	-0.000106	0.0	0.004175	0.00418	0.36298	0.399917
SCF:0003036	AC:002698	P25359	P38801	P53256	6fsz-assembly1.cif.gz	11_24	1	4	1	62.164	1.853	PDB_exact_pair_aggregate	0.2966	20_30	P25359	P38801	P53256	0.999188	0.998975	0.000213	1.0	0.00418	0.004177	0.619774	0.200969
SCF:0003037	AC:002699	Q8DIN9	Q8DMP8	Q8DHJ2	7nhp-assembly1.cif.gz	11_24	1	2	1	32.742	2.498	PDB_exact_pair_aggregate	0.375	30_40	P12239	Q8DMP8	Q8DHJ2	0.735246	0.372747	0.362499	1.0	0.004184	0.004173	0.578652	0.708034
SCF:0003038	AC:002699	Q8DIN9	Q8DMP8	Q9F1R6	7nhp-assembly1.cif.gz	11_24	1	2	1	32.742	3.004	PDB_exact_pair_aggregate	0.3571	30_40	P12239	Q8DMP8	Q9F1R6	0.997917	0.372747	0.62517	1.0	0.005531	0.004173	0.487106	0.708034
SCF:0003039	AC:002701	P29496	P50874	P54790	6wgi-assembly1.cif.gz	11_24	1	4	1	11.706	3.438	PDB_exact_pair_aggregate	0.3506	30_40	P29496	P50874	P54790	0.900653	0.990867	-0.090214	0.0	0.004176	0.004176	0.719297	0.734061
SCF:0003040	AC:002701	P29496	P50874	P38826	6wgi-assembly1.cif.gz	11_24	1	4	1	11.706	2.881	PDB_exact_pair_aggregate	0.2821	20_30	P29496	P50874	P38826	0.302599	0.990867	-0.688268	0.0	0.004176	0.004176	0.582659	0.734061
SCF:0003041	AC:002701	P50874	P29496	P29469	6wgi-assembly1.cif.gz	11_24	1	4	1	11.706	1.448	PDB_exact_pair_aggregate	0.4108	40_50	P50874	P29496	P29469	0.998744	0.990867	0.007877	1.0	0.004571	0.004176	0.751582	0.734061
SCF:0003042	AC:002701	P50874	P29496	P24279	6wgi-assembly1.cif.gz	11_24	1	4	1	11.706	2.736	same_assembly_bridge	0.3883	30_40	P50874	P29496	P24279	0.999509	0.990867	0.008642	1.0	0.004176	0.004176	0.754856	0.734061
SCF:0003043	AC:002702	P46948	P38801	P53256	6fsz-assembly1.cif.gz	11_24	1	4	1	8.525	2.754	PDB_exact_pair_aggregate	0.2966	20_30	P46948	P38801	P53256	0.999855	0.999898	-4.3e-05	0.0	0.004185	0.004181	0.751353	0.174513
SCF:0003044	AC:002703	P53905	P57743	P40089	4m7a-assembly3.cif.gz	11_24	1	10	1	11.304	2.293	same_assembly_bridge	0.3158	30_40	P53905	P57743	P40089	0.999858	0.999839	1.9e-05	1.0	0.842128	0.829592	0.758253	0.763686
SCF:0003045	AC:002703	P57743	P53905	P47093	4m7a-assembly3.cif.gz	11_24	1	10	1	11.304	2.233	PDB_exact_pair_aggregate	0.3188	30_40	P57743	P53905	P47093	0.99993	0.999839	9.1e-05	1.0	0.795255	0.829592	0.709552	0.763686
SCF:0003046	AC:002703	P57743	P53905	P47017	4m7a-assembly3.cif.gz	11_24	1	10	1	11.304	2.088	PDB_exact_pair_aggregate	0.4409	40_50	P57743	P53905	P47017	0.999789	0.999839	-5e-05	0.0	0.735504	0.829592	0.753455	0.763686
SCF:0003047	AC:002703	P57743	P53905	Q06406	4m7a-assembly3.cif.gz	11_24	1	10	1	11.304	2.177	PDB_exact_pair_aggregate	0.3621	30_40	P57743	P53905	Q06406	0.999911	0.999839	7.2e-05	1.0	0.91658	0.829592	0.729184	0.763686
SCF:0003048	AC:002705	P60899	A0A481DF93	I3LCH3	9mlc-assembly1.cif.gz	11_24	1	5	1	42.632	2.165	PDB_exact_pair_aggregate	1.0	ge50	P36954	Q3T0Q3	Q3T0Q3	0.999936	0.999934	2e-06	1.0	0.016103	0.00419	0.730525	0.758899
SCF:0003049	AC:002705	P60899	A0A481DF93	O75586	9mlc-assembly1.cif.gz	11_24	1	5	1	42.632	2.422	PDB_exact_pair_aggregate	0.25	20_30	P36954	Q3T0Q3	O75586	0.999939	0.999934	5e-06	1.0	0.004192	0.00419	0.70615	0.758899
SCF:0003050	AC:002707	Q99471	Q99832	P50991	6nr9-assembly1.cif.gz	11_24	1	3	1	74.714	6.078	same_assembly_bridge	0.367	30_40	Q99471	Q99832	P50991	0.999899	0.999721	0.000178	1.0	0.004182	0.004183	0.561092	0.622148
SCF:0003051	AC:002707	Q99471	Q99832	P49368	6nr9-assembly1.cif.gz	11_24	1	3	1	74.714	2.34	PDB_exact_pair_aggregate	0.3277	30_40	Q99471	Q99832	Q3T0K2	0.999866	0.999721	0.000145	1.0	0.004183	0.004183	0.744918	0.622148
SCF:0003052	AC:002707	Q99471	Q99832	P40227	6nr9-assembly1.cif.gz	11_24	1	3	1	74.714	2.722	PDB_exact_pair_aggregate	0.2972	20_30	Q99471	Q99832	P40227	0.999866	0.999721	0.000145	1.0	0.004181	0.004183	0.356407	0.622148
SCF:0003053	AC:002708	Q8N0S6	Q13352	Q9BS16	7xhn-assembly1.cif.gz	11_24	1	3	1	21.155	2.298	PDB_exact_pair_aggregate	0.3072	30_40	Q8N0S6	Q13352	Q9BS16	0.99992	0.999516	0.000404	1.0	0.004175	0.004175	0.125804	0.320286
SCF:0003054	AC:002708	Q8N0S6	Q13352	P49450	7xhn-assembly1.cif.gz	11_24	1	3	1	21.155	2.311	PDB_exact_pair_aggregate	0.2358	20_30	Q8N0S6	Q13352	P49450	0.999896	0.999516	0.00038	1.0	0.00419	0.004175	0.572646	0.320286
SCF:0003055	AC:002713	Q85FY0	M1UU36	Q85FP8	5zgb-assembly1.cif.gz	11_24	1	1	0	23.727	2.763	PDB_exact_pair_aggregate	0.3478	30_40	E1C9K8	M1UU36	Q85FP8	0.001068	0.000912	0.000156	1.0	0.004349	0.004224	0.200287	0.155445
SCF:0003056	AC:002714	Q1HGH9	Q1HFW0	Q1HFV9	7k5b-assembly1.cif.gz	11_24	1	4	1	135.247	2.926	PDB_exact_pair_aggregate	0.3816	30_40	Q1HGH9	Q24CE5	Q24DI9	0.000436	0.009224	-0.008788	0.0	0.004176	0.004177	0.333677	0.497801
SCF:0003057	AC:002714	Q1HGH9	Q1HFW0	W7XJB1	7k5b-assembly1.cif.gz	11_24	1	4	1	135.247	2.746	PDB_exact_pair_aggregate	0.3625	30_40	Q1HGH9	Q24CE5	W7XJB1	0.003544	0.009224	-0.00568	0.0	0.004176	0.004177	0.498311	0.497801
SCF:0003058	AC:002714	Q1HGH9	Q1HFW0	Q1HFX0	7k5b-assembly1.cif.gz	11_24	1	4	1	135.247	4.261	PDB_exact_pair_aggregate	0.2346	20_30	Q1HGH9	Q24CE5	Q1HFX0	0.001896	0.009224	-0.007328	0.0	0.00418	0.004177	0.49831	0.497801
SCF:0003059	AC:002715	P42285	Q9NQT4	Q13868	6d6q-assembly1.cif.gz	11_24	1	2	1	32.714	2.331	PDB_exact_pair_aggregate	0.2963	20_30	P42285	Q9NQT4	Q13868	0.982705	0.996942	-0.014237	0.0	0.052705	0.405318	0.699154	0.38142
SCF:0003060	AC:002715	Q9NQT4	P42285	Q15477	6d6q-assembly1.cif.gz	11_24	1	2	1	32.714	2.356	PDB_exact_pair_aggregate	0.4011	40_50	Q9NQT4	P42285	Q15477	0.072929	0.996942	-0.924013	0.0	0.014414	0.405318	0.202207	0.38142
SCF:0003061	AC:002715	Q9NQT4	P42285	Q8TF46	6d6q-assembly1.cif.gz	11_24	1	2	1	32.714	2.788	PDB_exact_pair_aggregate	0.2716	20_30	Q9NQT4	P42285	Q8TF46	0.999892	0.996942	0.00295	1.0	0.004179	0.405318	0.201471	0.38142
SCF:0003062	AC:002715	Q9NQT4	P42285	Q9Y450	6d6q-assembly1.cif.gz	11_24	1	2	1	32.714	2.535	PDB_exact_pair_aggregate	0.2486	20_30	Q9NQT4	P42285	Q9Y450	0.999446	0.996942	0.002504	1.0	0.004812	0.405318	0.780418	0.38142
SCF:0003063	AC:002716	A0A8W4F9W9	A0A8D1AQR7	I3LCB2	8uhd-assembly1.cif.gz	11_24	1	8	1	19.668	2.201	PDB_exact_pair_aggregate	1.0	ge50	C4R009	A0A8D1AQR7	A0A8D1AQR7	0.999941	0.999948	-7e-06	0.0	0.932151	0.932152	0.638118	0.638116
SCF:0003064	AC:002716	A0A8W4F9W9	A0A8D1AQR7	A0A4X1VEK9	8uhd-assembly1.cif.gz	11_24	1	8	1	19.668	2.472	PDB_exact_pair_aggregate	0.3117	30_40	C4R009	A0A8D1AQR7	A0A4X1VEK9	0.999936	0.999948	-1.2e-05	0.0	0.883893	0.932152	0.675424	0.638116
SCF:0003065	AC:002717	P02293	P31376	P53946	9b1e-assembly1.cif.gz	11_24	1	1	0	54.211	2.38	PDB_exact_pair_aggregate	0.2885	20_30	O23629	P31376	P53946	0.761559	0.998049	-0.23649	0.0	0.004186	0.00423	0.129836	0.428016
SCF:0003066	AC:002717	P02293	P31376	Q03388	9b1e-assembly1.cif.gz	11_24	1	1	0	54.211	2.97	same_assembly_bridge	0.2808	20_30	O23629	P31376	Q03388	0.99024	0.998049	-0.007809	0.0	0.004189	0.00423	0.468058	0.428016
SCF:0003067	AC:002717	P02293	P31376	P53298	9b1e-assembly1.cif.gz	11_24	1	1	0	54.211	2.541	PDB_exact_pair_aggregate	0.2698	20_30	O23629	P31376	P53298	0.998478	0.998049	0.000429	1.0	0.004183	0.00423	0.298099	0.428016
SCF:0003068	AC:002717	P31376	P02293	P02299	9b1e-assembly1.cif.gz	11_24	1	1	0	54.211	3.334	PDB_exact_pair_aggregate	0.2772	20_30	P31376	O23629	P02299	0.999276	0.998049	0.001227	1.0	0.004188	0.00423	0.266742	0.428016
SCF:0003069	AC:002718	B7GL96	B7GL98	B7GL84	6z16-assembly1.cif.gz	11_24	1	1	0	14.481	2.469	PDB_exact_pair_aggregate	0.2942	20_30	B7GL96	B7GL98	B7GL84	0.998666	0.996857	0.001809	1.0	0.00422	0.005426	0.234102	0.06193
SCF:0003070	AC:002718	B7GL98	B7GL96	B7GL82	6z16-assembly1.cif.gz	11_24	1	1	0	14.481	2.847	PDB_exact_pair_aggregate	0.25	20_30	B7GL98	B7GL96	B7GL82	0.999703	0.996857	0.002846	1.0	0.004711	0.005426	0.244757	0.06193
SCF:0003071	AC:002719	P20459	P32501	P12754	6i7t-assembly1.cif.gz	11_24	1	8	1	27.768	2.739	PDB_exact_pair_aggregate	0.292	20_30	P20459	P32501	P12754	0.058526	0.999724	-0.941198	0.0	0.004178	0.101098	0.703194	0.685407
SCF:0003072	AC:002719	P32501	P20459	P14741	6i7t-assembly1.cif.gz	11_24	1	8	1	27.768	2.833	same_assembly_bridge	0.3128	30_40	P32501	P20459	P14741	0.999646	0.999724	-7.8e-05	0.0	0.548766	0.101098	0.264074	0.685407
SCF:0003073	AC:002719	P32501	P20459	P09064	6i7t-assembly1.cif.gz	11_24	1	8	1	27.768	2.509	PDB_exact_pair_aggregate	0.281	20_30	P32501	P20459	P09064	0.999808	0.999724	8.4e-05	1.0	0.047612	0.101098	0.661518	0.685407
SCF:0003074	AC:002721	P80371	Q5SJH3	Q5SLQ0	5iwa-assembly1.cif.gz	11_24	1	385	1	41.054	2.314	PDB_exact_pair_aggregate	0.3333	30_40	A0QVB8	Q5SJH3	P62659	0.998865	0.999611	-0.000746	0.0	0.919266	0.681314	0.626108	0.838271
SCF:0003075	AC:002721	P80371	Q5SJH3	P80377	5iwa-assembly1.cif.gz	11_24	1	385	1	41.054	2.564	PDB_exact_pair_aggregate	0.2877	20_30	A0QVB8	Q5SJH3	B7IA17	0.99972	0.999611	0.000109	1.0	0.868435	0.681314	0.756147	0.838271
SCF:0003076	AC:002721	P80371	Q5SJH3	Q5SHP6	5iwa-assembly1.cif.gz	11_24	1	385	1	41.054	2.777	PDB_exact_pair_aggregate	0.2857	20_30	A0QVB8	Q5SJH3	Q5SHP6	0.999789	0.999611	0.000178	1.0	0.004746	0.681314	3.9e-05	0.838271
SCF:0003077	AC:002722	P06129	P0A855	P00646	7nsu-assembly1.cif.gz	3_10	1	1	0	20.026	2.451	PDB_exact_pair_aggregate	0.2698	20_30	P06129	P0A855	P00646	0.977455	0.869694	0.107761	1.0	0.007846	0.004237	0.686064	0.30917
SCF:0003078	AC:002723	Q83ES8	Q83ER7	Q83ED6	9t61-assembly1.cif.gz	11_24	1	3	1	28.15	2.907	PDB_exact_pair_aggregate	0.4	40_50	P17291	P0AG63	Q83ED6	0.999687	0.999936	-0.000249	0.0	0.589835	0.352131	0.60062	0.786831
SCF:0003079	AC:002723	Q83ES8	Q83ER7	Q83ER3	9t61-assembly1.cif.gz	11_24	1	3	1	28.15	2.707	PDB_exact_pair_aggregate	0.2985	20_30	P17291	P0AG63	P0AG59	0.999817	0.999936	-0.000119	0.0	0.771191	0.352131	0.633431	0.786831
SCF:0003080	AC:002727	Q7Z4L5	Q96RY7	Q9P2L0	8bbg-assembly1.cif.gz	3_10	1	2	1	86.473	2.724	PDB_exact_pair_aggregate	0.2731	20_30	Q7Z4L5	Q96RY7	Q9P2L0	0.208444	0.57741	-0.368966	0.0	0.004382	0.004435	0.732174	0.727553
SCF:0003081	AC:002727	Q96RY7	Q7Z4L5	Q8NEZ3	8bbg-assembly1.cif.gz	3_10	1	2	1	86.473	2.078	PDB_exact_pair_aggregate	0.2585	20_30	Q96RY7	Q7Z4L5	Q8NEZ3	0.997616	0.57741	0.420206	1.0	0.004194	0.004435	0.761618	0.727553
SCF:0003082	AC:002732	O13964	Q9Y7N2	O94376	5n9j-assembly1.cif.gz	11_24	1	1	0	82.899	3.104	PDB_exact_pair_aggregate	0.2466	20_30	O13964	Q9Y7N2	O94376	0.995405	0.895495	0.09991	1.0	0.932527	0.004182	0.549931	0.019689
SCF:0003083	AC:002732	Q9Y7N2	O13964	O94376	5n9j-assembly1.cif.gz	11_24	1	1	0	82.899	3.851	PDB_exact_pair_aggregate	0.321	30_40	Q9Y7N2	O13964	O94376	0.996936	0.895495	0.101441	1.0	0.00419	0.004182	0.477741	0.019689
SCF:0003084	AC:002732	Q9Y7N2	O13964	P87310	5n9j-assembly1.cif.gz	11_24	1	1	0	82.899	2.278	PDB_exact_pair_aggregate	0.2843	20_30	Q9Y7N2	O13964	P87310	0.99987	0.895495	0.104375	1.0	0.004199	0.004182	0.497571	0.019689
SCF:0003085	AC:002733	Q9P6Q0	Q9Y821	Q9US45	5n9j-assembly1.cif.gz	11_24	1	1	0	23.784	2.491	PDB_exact_pair_aggregate	0.3233	30_40	Q9P6Q0	Q9Y821	Q9US45	0.999756	0.999299	0.000457	1.0	0.004185	0.013023	0.332407	0.135259
SCF:0003086	AC:002733	Q9Y821	Q9P6Q0	P87310	5n9j-assembly1.cif.gz	11_24	1	1	0	23.784	3.03	PDB_exact_pair_aggregate	0.2727	20_30	Q9Y821	Q9P6Q0	P87310	0.999939	0.999299	0.00064	1.0	0.00421	0.013023	0.685654	0.135259
SCF:0003087	AC:002733	Q9Y821	Q9P6Q0	O13964	5n9j-assembly1.cif.gz	11_24	1	1	0	23.784	2.151	PDB_exact_pair_aggregate	0.2381	20_30	Q9Y821	Q9P6Q0	O13964	0.998609	0.999299	-0.00069	0.0	0.925869	0.013023	0.443637	0.135259
SCF:0003088	AC:002739	Q9NVH2	Q9NVM9	Q9NV88	8rc4-assembly1.cif.gz	11_24	1	3	1	53.686	3.968	same_assembly_bridge	0.2943	20_30	Q9NVH2	Q9NVM9	Q9NV88	0.999294	0.017053	0.982241	1.0	0.004174	0.004174	0.700935	0.577169
SCF:0003089	AC:002739	Q9NVH2	Q9NVM9	Q8WX92	8rc4-assembly1.cif.gz	11_24	1	3	1	53.686	2.558	PDB_exact_pair_aggregate	0.2846	20_30	Q9NVH2	Q9NVM9	Q8WX92	0.997351	0.017053	0.980298	1.0	0.004381	0.004174	0.628929	0.577169
SCF:0003090	AC:002739	Q9NVH2	Q9NVM9	Q5TA45	8rc4-assembly1.cif.gz	11_24	1	3	1	53.686	2.801	PDB_exact_pair_aggregate	0.2656	20_30	Q9NVH2	Q9NVM9	Q5TA45	0.999493	0.017053	0.98244	1.0	0.004176	0.004174	0.407986	0.577169
SCF:0003091	AC:002746	P20979	P21087	P20980	8p0j-assembly1.cif.gz	11_24	1	4	1	16.309	2.692	PDB_exact_pair_aggregate	0.234	20_30	P20979	P21087	P20980	0.890651	0.003363	0.887288	1.0	0.004174	0.004174	0.174388	0.014987
SCF:0003092	AC:002746	P21087	P20979	P20504	8p0j-assembly1.cif.gz	11_24	1	4	1	16.309	2.707	same_assembly_bridge	0.2984	20_30	P21087	P20979	P20504	0.996632	0.003363	0.993269	1.0	0.004175	0.004174	0.060094	0.014987
SCF:0003093	AC:002746	P21087	P20979	P68439	8p0j-assembly1.cif.gz	11_24	1	4	1	16.309	2.752	PDB_exact_pair_aggregate	0.2906	20_30	P21087	P20979	P68439	0.972968	0.003363	0.969605	1.0	0.004174	0.004174	0.411511	0.014987
SCF:0003094	AC:002751	Q86V25	Q9BVA1	P68363	7zcw-assembly1.cif.gz	3_10	1	1	0	11.441	2.816	same_assembly_bridge	0.4159	40_50	Q86V25	P07437	P09733	0.998952	0.999601	-0.000649	0.0	0.004177	0.004178	0.665987	0.49973
SCF:0003095	AC:002752	Q8DIP0	Q8DMP8	Q8DHJ2	7nhp-assembly1.cif.gz	11_24	1	2	1	29.856	2.499	PDB_exact_pair_aggregate	0.375	30_40	Q8DIP0	Q8DMP8	Q8DHJ2	0.996698	0.136433	0.860265	1.0	0.0042	0.004178	0.623252	0.711686
SCF:0003096	AC:002752	Q8DIP0	Q8DMP8	Q9F1R6	7nhp-assembly1.cif.gz	11_24	1	2	1	29.856	2.321	PDB_exact_pair_aggregate	0.3571	30_40	Q8DIP0	Q8DMP8	Q9F1R6	0.99368	0.136433	0.857247	1.0	0.004228	0.004178	0.589939	0.711686
SCF:0003097	AC:002753	P29469	Q12488	Q03406	8p63-assembly1.cif.gz	11_24	1	9	1	26.767	2.32	same_assembly_bridge	0.3455	30_40	P29469	Q12488	Q03406	0.999161	0.999418	-0.000257	0.0	0.004182	0.004177	0.457801	0.502854
SCF:0003098	AC:002753	Q12488	P29469	P29496	8p63-assembly1.cif.gz	11_24	1	9	1	26.767	2.547	PDB_exact_pair_aggregate	0.4108	40_50	Q12488	P29469	P29496	0.999773	0.999418	0.000355	1.0	0.004175	0.004177	0.619811	0.502854
SCF:0003099	AC:002753	Q12488	P29469	P24279	8p63-assembly1.cif.gz	11_24	1	9	1	26.767	2.974	PDB_exact_pair_aggregate	0.395	30_40	Q12488	P29469	P24279	0.999679	0.999418	0.000261	1.0	0.004176	0.004177	0.582831	0.502854
SCF:0003100	AC:002753	Q12488	P29469	P53091	8p63-assembly1.cif.gz	11_24	1	9	1	26.767	1.002	PDB_exact_pair_aggregate	0.3571	30_40	Q12488	P29469	P53091	0.986002	0.999418	-0.013416	0.0	0.004176	0.004177	0.583469	0.502854
SCF:0003101	AC:002754	Q93SX0	P0A3Y1	Q8YVQ2	2zt9-assembly1.cif.gz	11_24	1	3	1	10.983	2.373	same_assembly_bridge	0.375	30_40	Q93SX0	P0A3Y1	Q8YVQ2	0.996575	0.964939	0.031636	1.0	0.004253	0.004373	0.373927	0.214083
SCF:0003102	AC:002758	P01730	Q6N030	P0DOX5	2ny3-assembly1.cif.gz	3_10	1	3	1	11.622	1.948	PDB_exact_pair_aggregate	0.8348	ge50	P01730	Q6N030	Q6N030	0.999647	0.997753	0.001894	1.0	0.227803	0.33206	0.105536	0.051025
SCF:0003103	AC:002758	P01730	Q6N030	P03437	2ny3-assembly1.cif.gz	3_10	1	3	1	11.622	2.664	PDB_exact_pair_aggregate	0.2762	20_30	P01730	Q6N030	P03437	0.000454	0.997753	-0.997299	0.0	0.004195	0.33206	0.055824	0.051025
SCF:0003104	AC:002760	Q03776	Q08920	Q00916	6n7p-assembly1.cif.gz	11_24	1	1	0	60.007	3.44	same_assembly_bridge	0.257	20_30	Q03776	Q08920	Q00916	0.001889	0.128891	-0.127002	0.0	0.004546	0.004387	0.573915	0.478184
SCF:0003105	AC:002762	A0A3Q7JYM3	A0A3Q7F5X2	P49215	7qiy-assembly1.cif.gz	11_24	1	1	0	14.796	2.975	PDB_exact_pair_aggregate	0.4038	40_50	A0A3Q7JYM3	Q01855	C4M0Z2	0.999944	0.999563	0.000381	1.0	0.021536	0.878862	0.823547	0.707006
SCF:0003106	AC:002763	A9WEV2	A9WEV7	A9WEV4	8x2j-assembly1.cif.gz	3_10	1	4	1	18.428	2.877	PDB_exact_pair_aggregate	0.2786	20_30	A9WEV2	A9WEV7	A9WEV4	0.89879	0.216789	0.682001	1.0	0.004266	0.007145	0.12777	0.079191
SCF:0003107	AC:002769	M1VFJ4	Q85FS8	Q85FQ6	6fos-assembly1.cif.gz	11_24	1	4	1	28.987	3.272	PDB_exact_pair_aggregate	0.35	30_40	M1VFJ4	Q55329	E9NPX1	0.994005	0.990715	0.00329	1.0	0.00419	0.004221	0.482677	0.574438
SCF:0003108	AC:002769	Q85FS8	M1VFJ4	M1VKK5	6fos-assembly1.cif.gz	11_24	1	4	1	28.987	2.7	PDB_exact_pair_aggregate	0.3083	30_40	Q55329	M1VFJ4	M1VKK5	0.993654	0.990715	0.002939	1.0	0.004724	0.004221	0.598639	0.574438
SCF:0003109	AC:002772	I7MLZ4	Q24CL2	A4VD15	8th8-assembly1.cif.gz	11_24	1	2	1	37.885	4.979	PDB_exact_pair_aggregate	0.3691	30_40	I7MLZ4	Q24CL2	A4VD15	0.001854	0.000567	0.001287	1.0	0.004178	0.004177	0.250302	0.232715
SCF:0003110	AC:002772	I7MLZ4	Q24CL2	Q24DJ0	8th8-assembly1.cif.gz	11_24	1	2	1	37.885	2.007	PDB_exact_pair_aggregate	0.2878	20_30	I7MLZ4	Q24CL2	Q24DJ0	0.000393	0.000567	-0.000174	0.0	0.004176	0.004177	0.146661	0.232715
SCF:0003111	AC:002772	I7MLZ4	Q24CL2	Q23S05	8th8-assembly1.cif.gz	11_24	1	2	1	37.885	5.045	same_assembly_bridge	0.2829	20_30	I7MLZ4	Q24CL2	Q23S05	0.001735	0.000567	0.001168	1.0	0.004178	0.004177	0.307587	0.232715
SCF:0003112	AC:002772	Q24CL2	I7MLZ4	I7M6D6	8th8-assembly1.cif.gz	11_24	1	2	1	37.885	2.013	PDB_exact_pair_aggregate	0.2854	20_30	Q24CL2	I7MLZ4	I7M6D6	0.000215	0.000567	-0.000352	0.0	0.004185	0.004177	0.45702	0.232715
SCF:0003113	AC:002773	P40070	Q06406	P40089	4c8q-assembly1.cif.gz	3_10	1	10	1	13.94	6.417	same_assembly_bridge	0.3667	30_40	P40070	Q06406	P40089	0.99929	0.998981	0.000309	1.0	0.899555	0.932313	0.704139	0.682234
SCF:0003114	AC:002773	P40070	Q06406	P53905	4c8q-assembly1.cif.gz	3_10	1	10	1	13.94	2.024	PDB_exact_pair_aggregate	0.3621	30_40	P40070	Q06406	P53905	0.997957	0.998981	-0.001024	0.0	0.920919	0.932313	0.695647	0.682234
SCF:0003115	AC:002776	A8IY95	Q39584	Q7Y0H2	7kzn-assembly1.cif.gz	11_24	1	2	1	13.911	3.681	PDB_exact_pair_aggregate	0.3267	30_40	A8IY95	Q39584	Q7Y0H2	0.001842	0.010972	-0.00913	0.0	0.004186	0.004199	0.497994	0.497667
SCF:0003116	AC:002777	Q5MNZ6	P49815	Q92574	9ce3-assembly1.cif.gz	3_10	1	1	0	189.482	2.593	same_assembly_bridge	0.2824	20_30	Q5MNZ6	P49815	Q92574	0.000143	0.000114	2.9e-05	1.0	0.004181	0.004175	0.22404	0.168008
SCF:0003117	AC:002780	Q8DHJ2	Q8DG60	Q9F1L5	7nhp-assembly1.cif.gz	11_24	1	1	0	27.195	2.174	PDB_exact_pair_aggregate	0.3663	30_40	Q8DHJ2	Q8DG60	Q9F1L5	0.005764	0.027981	-0.022217	0.0	0.0042	0.004192	0.495214	0.495203
SCF:0003118	AC:002781	Q26454	Q9XYU1	Q9XYU0	6raw-assembly1.cif.gz	11_24	1	2	1	10.41	2.09	same_assembly_bridge	0.4007	40_50	Q26454	P25205	P33993	0.768258	0.977977	-0.209719	0.0	0.204625	0.016767	0.735978	0.721025
SCF:0003119	AC:002781	Q26454	Q9XYU1	Q9V461	6raw-assembly1.cif.gz	11_24	1	2	1	10.41	2.195	PDB_exact_pair_aggregate	0.3597	30_40	Q26454	P25205	Q9V461	0.991577	0.977977	0.0136	1.0	0.147038	0.016767	0.716861	0.721025
SCF:0003120	AC:002781	Q9XYU1	Q26454	Q9VGW6	6raw-assembly1.cif.gz	11_24	1	2	1	10.41	2.166	PDB_exact_pair_aggregate	0.3969	30_40	P25205	Q26454	Q9VGW6	0.999903	0.977977	0.021926	1.0	0.072688	0.016767	0.724055	0.721025
SCF:0003121	AC:002781	Q9XYU1	Q26454	Q9XYU0	6raw-assembly1.cif.gz	11_24	1	2	1	10.41	2.219	same_assembly_bridge	0.3806	30_40	P25205	Q26454	P33993	0.999886	0.977977	0.021909	1.0	0.07643	0.016767	0.712431	0.721025
SCF:0003122	AC:002783	Q9W2V7	P49735	Q9XYU1	6ray-assembly1.cif.gz	11_24	1	1	0	33.269	2.215	PDB_exact_pair_aggregate	0.3898	30_40	Q9W2V7	P49735	P25205	0.999893	0.999846	4.7e-05	1.0	0.004342	0.027344	0.560995	0.717904
SCF:0003123	AC:002783	Q9W2V7	P49735	Q9VGW6	6ray-assembly1.cif.gz	11_24	1	1	0	33.269	2.507	same_assembly_bridge	0.3697	30_40	Q9W2V7	P49735	Q9VGW6	0.999877	0.999846	3.1e-05	1.0	0.004178	0.027344	0.710699	0.717904
SCF:0003124	AC:002789	P53833	Q12530	P40993	7c7a-assembly1.cif.gz	11_24	1	2	1	57.146	2.315	PDB_exact_pair_aggregate	0.381	30_40	P53833	Q12530	P40993	0.998311	0.999888	-0.001577	0.0	0.004175	0.004174	0.200901	0.33273
SCF:0003125	AC:002790	P23662	A8IKI9	A8J5P7	9f5z-assembly1.cif.gz	11_24	1	2	1	16.485	2.298	PDB_exact_pair_aggregate	0.2667	20_30	P23662	A8IKI9	A8J5P7	0.999861	0.999881	-2e-05	0.0	0.29635	0.004266	0.658924	0.021459
SCF:0003126	AC:002792	I0YQ44	I0Z687	I0YQ46	9kqq-assembly1.cif.gz	11_24	1	1	0	39.115	2.654	same_assembly_bridge	0.306	30_40	Q84Y02	A8IL32	Q84Y02	0.999939	0.998138	0.001801	1.0	0.144606	0.006531	0.726297	0.634411
SCF:0003127	AC:002792	I0Z687	I0YQ44	I0YQ46	9kqq-assembly1.cif.gz	11_24	1	1	0	39.115	3.048	same_assembly_bridge	0.5485	ge50	A8IL32	Q84Y02	Q84Y02	0.999535	0.998138	0.001397	1.0	0.935304	0.006531	0.694358	0.634411
SCF:0003128	AC:002792	I0Z687	I0YQ44	I0YP76	9kqq-assembly1.cif.gz	11_24	1	1	0	39.115	2.802	PDB_exact_pair_aggregate	0.4675	40_50	A8IL32	Q84Y02	A0A4V8H004	0.9965	0.998138	-0.001638	0.0	0.004298	0.006531	0.449762	0.634411
SCF:0003129	AC:002795	P0A6E6	P0ABA4	P0ABA0	5t4o-assembly1.cif.gz	11_24	1	3	1	54.612	4.306	PDB_exact_pair_aggregate	0.2627	20_30	P0A6E6	P0ABA4	P0ABA0	0.996069	0.999855	-0.003786	0.0	0.005442	0.004184	0.309966	0.636029
SCF:0003130	AC:002795	P0ABA4	P0A6E6	P0ABA0	5t4o-assembly1.cif.gz	11_24	1	3	1	54.612	2.408	PDB_exact_pair_aggregate	0.2796	20_30	P0ABA4	P0A6E6	P0ABA0	0.997918	0.999855	-0.001937	0.0	0.004245	0.004184	0.202404	0.636029
SCF:0003131	AC:002797	A0AAN0Y0L1	A0AAN0Y3T9	A0AAN0Y138	9h90-assembly1.cif.gz	11_24	1	1	0	24.988	2.784	same_assembly_bridge	0.2931	20_30	P0AG59	P17291	P80372	0.999934	0.999936	-2e-06	0.0	0.826822	0.611705	0.501796	1.8e-05
SCF:0003132	AC:002798	Q5TA45	Q96SY0	P30153	8rc4-assembly1.cif.gz	11_24	1	3	1	12.887	2.423	PDB_exact_pair_aggregate	0.2542	20_30	Q5TA45	Q96SY0	P30153	0.999786	0.99951	0.000276	1.0	0.004178	0.004208	0.678398	0.770653
SCF:0003133	AC:002798	Q96SY0	Q5TA45	Q9NVM9	8rc4-assembly1.cif.gz	11_24	1	3	1	12.887	2.87	same_assembly_bridge	0.2656	20_30	Q96SY0	Q5TA45	Q9NVM9	0.929735	0.99951	-0.069775	0.0	0.004175	0.004208	0.704056	0.770653
SCF:0003134	AC:002799	P24311	P15954	P12074	5z62-assembly1.cif.gz	11_24	1	3	1	16.533	3.385	PDB_exact_pair_aggregate	0.254	20_30	P24311	P15954	P07471	0.999942	0.999934	8e-06	1.0	0.935302	0.943032	0.419073	0.416915
SCF:0003135	AC:002804	P20248	P61024	Q9BS18	8bya-assembly1.cif.gz	3_10	1	1	0	16.542	2.38	PDB_exact_pair_aggregate	0.3261	30_40	P20248	P61024	Q9BS18	0.999723	0.999848	-0.000125	0.0	0.004183	0.853489	0.616323	0.700787
SCF:0003136	AC:002804	P61024	P20248	Q13309	8bya-assembly1.cif.gz	3_10	1	1	0	16.542	2.224	PDB_exact_pair_aggregate	0.3464	30_40	P61024	P20248	Q13309	0.9999	0.999848	5.2e-05	1.0	0.794744	0.853489	0.58871	0.700787
SCF:0003137	AC:002804	P61024	P20248	Q13098	8bya-assembly1.cif.gz	3_10	1	1	0	16.542	2.906	PDB_exact_pair_aggregate	0.257	20_30	P61024	P20248	Q13098	0.012411	0.999848	-0.987437	0.0	0.004177	0.853489	0.756692	0.700787
SCF:0003138	AC:002807	Q6ZED4	Q6ZED3	Q6ZED1	8s9t-assembly1.cif.gz	3_10	1	4	1	14.045	2.346	PDB_exact_pair_aggregate	0.2901	20_30	Q6ZED4	Q6ZED3	Q6ZED1	0.137945	0.973949	-0.836004	0.0	0.004175	0.004175	0.49961	0.336011
SCF:0003139	AC:002811	A0A1S3X2G3	A0A1S3YXM6	A0A1S3ZSI0	8wa0-assembly1.cif.gz	11_24	1	1	0	11.23	3.114	PDB_exact_pair_aggregate	0.2851	20_30	A0A1S3X2G3	A0A9R0JF29	A0A1S3ZSI0	6.3e-05	0.000406	-0.000343	0.0	0.004181	0.009679	0.134374	0.085307
SCF:0003140	AC:002811	A0A1S3YXM6	A0A1S3X2G3	A0A1S3YU01	8wa0-assembly1.cif.gz	11_24	1	1	0	11.23	2.464	PDB_exact_pair_aggregate	0.2155	20_30	A0A9R0JF29	A0A1S3X2G3	A0A1S3YU01	0.000316	0.000406	-9e-05	0.0	0.004176	0.009679	0.022342	0.085307
SCF:0003141	AC:002813	A0R206	A0R1Z9	A0R204	7jga-assembly1.cif.gz	11_24	1	14	1	13.268	2.253	PDB_exact_pair_aggregate	0.2453	20_30	P9WPV7	P9WPV1	A0R204	0.999081	0.996954	0.002127	1.0	0.00424	0.004406	0.433786	0.498703
SCF:0003142	AC:002814	P61830	P32480	P54784	8ghn-assembly1.cif.gz	11_24	1	1	0	29.972	2.972	PDB_exact_pair_aggregate	0.3004	30_40	P02299	P32480	P54784	0.999828	0.962464	0.037364	1.0	0.011531	0.004174	0.724456	0.534047
SCF:0003143	AC:002819	Q9VF82	Q9VLI9	Q9VA95	7b6x-assembly1.cif.gz	3_10	1	4	1	22.957	2.41	PDB_exact_pair_aggregate	0.2727	20_30	Q9VF82	Q9VLI9	Q9VA95	0.999897	0.998712	0.001185	1.0	0.004177	0.004175	0.46359	0.494829
SCF:0003144	AC:002819	Q9VLI9	Q9VF82	Q9VSY8	7b6x-assembly1.cif.gz	3_10	1	4	1	22.957	2.543	same_assembly_bridge	0.3596	30_40	Q9VLI9	Q9VF82	Q9VSY8	0.99989	0.998712	0.001178	1.0	0.004175	0.004175	0.518089	0.494829
SCF:0003145	AC:002819	Q9VLI9	Q9VF82	Q7K2Q8	7b6x-assembly1.cif.gz	3_10	1	4	1	22.957	2.198	PDB_exact_pair_aggregate	0.307	30_40	Q9VLI9	Q9VF82	Q7K2Q8	0.999882	0.998712	0.00117	1.0	0.004175	0.004175	0.177815	0.494829
SCF:0003146	AC:002822	P61201	Q93034	Q13616	9eg1-assembly1.cif.gz	11_24	1	1	0	12.236	2.404	PDB_exact_pair_aggregate	0.3519	30_40	P61201	Q93034	Q13616	0.999633	0.999558	7.5e-05	1.0	0.004176	0.004176	0.672774	0.699432
SCF:0003147	AC:002822	P61201	Q93034	Q13618	9eg1-assembly1.cif.gz	11_24	1	1	0	12.236	2.273	PDB_exact_pair_aggregate	0.3104	30_40	P61201	Q93034	Q13618	0.999493	0.999558	-6.5e-05	0.0	0.004694	0.004176	0.709793	0.699432
SCF:0003148	AC:002822	P61201	Q93034	Q13617	9eg1-assembly1.cif.gz	11_24	1	1	0	12.236	0.7	PDB_exact_pair_aggregate	0.3021	30_40	P61201	Q93034	Q13617	0.999536	0.999558	-2.2e-05	0.0	0.00492	0.004176	0.647764	0.699432
SCF:0003149	AC:002822	Q93034	P61201	Q9BT78	9eg1-assembly1.cif.gz	11_24	1	1	0	12.236	2.771	same_assembly_bridge	0.277	20_30	Q93034	P61201	Q9BT78	0.995268	0.999558	-0.00429	0.0	0.009927	0.004176	0.690061	0.699432
SCF:0003150	AC:002822	Q93034	P61201	Q13098	9eg1-assembly1.cif.gz	11_24	1	1	0	12.236	4.974	PDB_exact_pair_aggregate	0.2536	20_30	Q93034	P61201	Q13098	0.998903	0.999558	-0.000655	0.0	0.004292	0.004176	0.688462	0.699432
SCF:0003151	AC:002823	Q9CQP8	E9Q9F6	P0DP43	7eeb-assembly1.cif.gz	11_24	1	3	1	40.311	2.638	PDB_exact_pair_aggregate	0.2995	20_30	Q9CQP8	E9Q9F6	P0DP43	4.8e-05	0.00038	-0.000332	0.0	0.00418	0.004176	0.154119	0.125034
SCF:0003152	AC:002825	B8YB64	B8YB54	B8YB56	2wb1-assembly2.cif.gz	11_24	1	3	1	43.206	2.75	PDB_exact_pair_aggregate	0.3048	30_40	B8YB64	B8YB54	P39471	0.99849	0.98529	0.0132	1.0	0.004199	0.004419	0.596578	0.563158
SCF:0003153	AC:002826	C3SR52	C3SQR7	P0ADY7	9sx2-assembly1.cif.gz	11_24	1	9	1	16.502	2.271	PDB_exact_pair_aggregate	0.3	30_40	B7IA17	P21472	P0ADY7	0.999944	0.999933	1.1e-05	1.0	0.753926	0.802816	0.527613	0.724015
SCF:0003154	AC:002826	C3SR52	C3SQR7	P62399	9sx2-assembly1.cif.gz	11_24	1	9	1	16.502	1.887	PDB_exact_pair_aggregate	0.2286	20_30	B7IA17	P21472	P62399	0.999941	0.999933	8e-06	1.0	0.663556	0.802816	0.814389	0.724015
SCF:0003155	AC:002827	P29496	P47112	P29469	5xf8-assembly1.cif.gz	3_10	1	2	1	21.219	5.889	same_assembly_bridge	0.2833	20_30	P29496	P47112	P29469	0.985347	0.075648	0.909699	1.0	0.075842	0.004176	0.727709	0.678487
SCF:0003156	AC:002827	P47112	P29496	P29469	5xf8-assembly1.cif.gz	3_10	1	2	1	21.219	1.879	same_assembly_bridge	0.4108	40_50	P47112	P29496	P29469	0.000302	0.075648	-0.075346	0.0	0.005278	0.004176	0.617208	0.678487
SCF:0003157	AC:002827	P47112	P29496	P53091	5xf8-assembly1.cif.gz	3_10	1	2	1	21.219	2.269	PDB_exact_pair_aggregate	0.3754	30_40	P47112	P29496	P53091	0.001142	0.075648	-0.074506	0.0	0.004178	0.004176	0.539077	0.678487
SCF:0003158	AC:002827	P47112	P29496	P38132	5xf8-assembly1.cif.gz	3_10	1	2	1	21.219	1.195	PDB_exact_pair_aggregate	0.3607	30_40	P47112	P29496	P38132	0.00017	0.075648	-0.075478	0.0	0.004177	0.004176	0.59088	0.678487
SCF:0003159	AC:002830	P09144	Q75VY9	Q05093	7r3k-assembly1.cif.gz	11_24	1	6	1	44.546	2.496	PDB_exact_pair_aggregate	0.5	ge50	T1RIQ1	I0YPL4	Q7DM26	0.999525	0.999787	-0.000262	0.0	0.11193	0.004627	0.337955	0.036372
SCF:0003160	AC:002830	P09144	Q75VY9	Q7DM26	7r3k-assembly1.cif.gz	11_24	1	6	1	44.546	2.856	PDB_exact_pair_aggregate	0.5	ge50	T1RIQ1	I0YPL4	Q7DM26	0.999849	0.999787	6.2e-05	1.0	0.130391	0.004627	0.322241	0.036372
SCF:0003161	AC:002830	P09144	Q75VY9	Q93WL4	7r3k-assembly1.cif.gz	11_24	1	6	1	44.546	3.257	PDB_exact_pair_aggregate	0.4722	40_50	T1RIQ1	I0YPL4	A9RT62	0.999477	0.999787	-0.00031	0.0	0.00543	0.004627	0.046894	0.036372
SCF:0003162	AC:002830	Q75VY9	P09144	P12154	7r3k-assembly1.cif.gz	11_24	1	6	1	44.546	2.662	same_assembly_bridge	0.497	40_50	I0YPL4	T1RIQ1	A0T0M8	0.999835	0.999787	4.8e-05	1.0	0.004911	0.004627	0.097914	0.036372
SCF:0003163	AC:002831	O60925	P78371	P17987	6nrd-assembly1.cif.gz	11_24	1	3	1	33.923	2.929	PDB_exact_pair_aggregate	0.3733	30_40	O60925	Q3ZBH0	Q32L40	0.999882	0.999923	-4.1e-05	0.0	0.008985	0.007288	0.796251	0.724783
SCF:0003164	AC:002831	O60925	P78371	P49368	6nrd-assembly1.cif.gz	11_24	1	3	1	33.923	2.352	PDB_exact_pair_aggregate	0.3241	30_40	O60925	Q3ZBH0	Q3T0K2	0.999922	0.999923	-1e-06	0.0	0.005524	0.007288	0.515353	0.724783
SCF:0003165	AC:002831	P78371	O60925	Q9NQP4	6nrd-assembly1.cif.gz	11_24	1	3	1	33.923	5.101	same_assembly_bridge	0.3265	30_40	Q3ZBH0	O60925	Q9NQP4	0.999885	0.999923	-3.8e-05	0.0	0.00445	0.007288	0.822791	0.724783
SCF:0003166	AC:002834	Q13042	Q9UJX3	Q9UJX2	5khr-assembly1.cif.gz	11_24	1	14	1	41.863	2.092	PDB_exact_pair_aggregate	0.3013	30_40	Q13042	Q9UJX3	Q9UJX2	0.999477	0.998878	0.000599	1.0	0.006288	0.004254	0.679404	0.665728
SCF:0003167	AC:002834	Q13042	Q9UJX3	Q9UJX6	5khr-assembly1.cif.gz	11_24	1	14	1	41.863	2.292	PDB_exact_pair_aggregate	0.2729	20_30	Q13042	Q9UJX3	Q9UJX6	0.998582	0.998878	-0.000296	0.0	0.008711	0.004254	0.373391	0.665728
SCF:0003168	AC:002834	Q13042	Q9UJX3	P53197	5khr-assembly1.cif.gz	11_24	1	14	1	41.863	2.994	PDB_exact_pair_aggregate	0.2644	20_30	Q13042	Q9UJX3	P53197	0.999698	0.998878	0.00082	1.0	0.004175	0.004254	0.626743	0.665728
SCF:0003169	AC:002834	Q9UJX3	Q13042	Q9UJX2	5khr-assembly1.cif.gz	11_24	1	14	1	41.863	4.209	PDB_exact_pair_aggregate	0.2809	20_30	Q9UJX3	Q13042	Q9UJX2	0.980592	0.998878	-0.018286	0.0	0.00438	0.004254	0.657898	0.665728
SCF:0003170	AC:002837	Q5JH24	Q5JI52	Q5JE88	9bct-assembly1.cif.gz	11_24	1	2	1	27.192	2.427	PDB_exact_pair_aggregate	0.2969	20_30	Q5JH24	Q5JI52	Q5JE88	0.997501	0.999109	-0.001608	0.0	0.004197	0.004178	0.275862	0.499917
SCF:0003171	AC:002838	Q2FME3	Q2FRM0	Q2FRK1	7bkb-assembly1.cif.gz	11_24	1	2	1	10.077	2.204	PDB_exact_pair_aggregate	0.3083	30_40	Q2FME3	Q2FRM0	Q2FRK1	0.976255	0.844521	0.131734	1.0	0.004187	0.004176	0.197669	0.201683
SCF:0003172	AC:002838	Q2FRM0	Q2FME3	Q2FKZ4	7bkb-assembly1.cif.gz	11_24	1	2	1	10.077	2.456	PDB_exact_pair_aggregate	0.3282	30_40	Q2FRM0	Q2FME3	Q2FKZ4	0.999191	0.844521	0.15467	1.0	0.004176	0.004176	0.090998	0.201683
SCF:0003173	AC:002838	Q2FRM0	Q2FME3	Q2FKZ2	7bkb-assembly1.cif.gz	11_24	1	2	1	10.077	3.12	PDB_exact_pair_aggregate	0.3116	30_40	Q2FRM0	Q2FME3	Q2FKZ2	0.999331	0.844521	0.15481	1.0	0.004198	0.004176	0.143901	0.201683
SCF:0003174	AC:002840	Q2FME3	Q2FRL9	Q2FRK1	7bkb-assembly1.cif.gz	11_24	1	2	1	31.724	2.204	PDB_exact_pair_aggregate	0.2982	20_30	Q2FME3	Q2FRL9	Q2FRK1	0.976255	0.003172	0.973083	1.0	0.004187	0.004179	0.197669	0.01797
SCF:0003175	AC:002840	Q2FRL9	Q2FME3	Q2FKZ4	7bkb-assembly1.cif.gz	11_24	1	2	1	31.724	2.247	PDB_exact_pair_aggregate	0.3282	30_40	Q2FRL9	Q2FME3	Q2FKZ4	0.989972	0.003172	0.9868	1.0	0.004179	0.004179	0.046501	0.01797
SCF:0003176	AC:002841	A0A2M9V7H9	A0A9X9IKM4	A0A2M9V7I0	9lq8-assembly1.cif.gz	3_10	1	4	1	16.195	2.226	PDB_exact_pair_aggregate	0.2823	20_30	A0A2M9V7H9	A0A9X9IKM4	A0A2M9V7I0	0.208967	0.001896	0.207071	1.0	0.004177	0.004177	0.132769	0.393643
SCF:0003177	AC:002841	A0A2M9V7H9	A0A9X9IKM4	A0A5M5QTL0	9lq8-assembly1.cif.gz	3_10	1	4	1	16.195	2.337	PDB_exact_pair_aggregate	0.2709	20_30	A0A2M9V7H9	A0A9X9IKM4	A0A5M5QTL0	0.997521	0.001896	0.995625	1.0	0.004175	0.004177	0.249818	0.393643
SCF:0003178	AC:002842	Q8SDD3	Q8SD63	Q8SD64	9xps-assembly1.cif.gz	11_24	1	1	0	42.832	2.811	same_assembly_bridge	0.3007	30_40	Q8SDD3	Q8SD63	Q8SD64	0.998885	0.999622	-0.000737	0.0	0.004177	0.004178	0.268647	0.242875
SCF:0003179	AC:002847	Q6IV65	Q6IV62	Q6IV66	3rnf-assembly1.cif.gz	3_10	1	11	1	16.357	2.481	same_assembly_bridge	0.2622	20_30	Q6IV65	Q6IV62	Q6IV66	0.000512	0.003503	-0.002991	0.0	0.0042	0.004192	0.332734	0.147146
SCF:0003180	AC:002849	P30980	B6TR16	B6U534	5zji-assembly1.cif.gz	11_24	1	1	0	29.553	2.413	PDB_exact_pair_aggregate	0.3652	30_40	E9NPX1	A0A4V8GZZ4	B6U534	0.999403	0.998309	0.001094	1.0	0.005239	0.004261	0.521408	0.442076
SCF:0003181	AC:002851	Q86X83	Q9P000	Q9UBI1	8f2u-assembly1.cif.gz	11_24	1	3	1	19.239	2.28	PDB_exact_pair_aggregate	0.34	30_40	Q86X83	Q9P000	Q9UBI1	0.999933	0.999915	1.8e-05	1.0	0.004174	0.004175	0.707331	0.693716
SCF:0003182	AC:002851	Q86X83	Q9P000	Q9GZQ3	8f2u-assembly1.cif.gz	11_24	1	3	1	19.239	2.307	same_assembly_bridge	0.3214	30_40	Q86X83	Q9P000	Q9GZQ3	0.999932	0.999915	1.7e-05	1.0	0.004176	0.004175	0.737012	0.693716
SCF:0003183	AC:002851	Q86X83	Q9P000	Q9Y6G5	8f2u-assembly1.cif.gz	11_24	1	3	1	19.239	3.021	PDB_exact_pair_aggregate	0.3034	30_40	Q86X83	Q9P000	Q9Y6G5	0.999807	0.999915	-0.000108	0.0	0.004175	0.004175	0.780614	0.693716
SCF:0003184	AC:002851	Q9P000	Q86X83	Q9Y6G5	8f2u-assembly1.cif.gz	11_24	1	3	1	19.239	2.59	PDB_exact_pair_aggregate	0.292	20_30	Q9P000	Q86X83	Q9Y6G5	0.999633	0.999915	-0.000282	0.0	0.004185	0.004175	0.734473	0.693716
SCF:0003185	AC:002851	Q9P000	Q86X83	Q86VX2	8f2u-assembly1.cif.gz	11_24	1	3	1	19.239	2.308	PDB_exact_pair_aggregate	0.2635	20_30	Q9P000	Q86X83	Q86VX2	0.999835	0.999915	-8e-05	0.0	0.004176	0.004175	0.771751	0.693716
SCF:0003186	AC:002857	P58573	Q8YQ35	A0ACD6B989	7y3f-assembly1.cif.gz	11_24	1	1	0	45.069	2.459	PDB_exact_pair_aggregate	0.586	ge50	E1C9K8	Q55274	A0ACD6B989	0.009263	0.174151	-0.164888	0.0	0.0042	0.00422	0.03383	0.066421
SCF:0003187	AC:002858	P56751	P26288	A0A1B1W4Z0	7wff-assembly1.cif.gz	11_24	1	1	0	43.656	2.329	PDB_exact_pair_aggregate	1.0	ge50	P56751	P26288	P26288	0.99856	0.923681	0.074879	1.0	0.007242	0.006259	0.686529	0.638184
SCF:0003188	AC:002858	P56751	P26288	A0A1B1W4Z4	7wff-assembly1.cif.gz	11_24	1	1	0	43.656	3.187	same_assembly_bridge	0.299	20_30	P56751	P26288	A0A1B1W4Z4	0.911264	0.923681	-0.012417	0.0	0.004422	0.006259	0.448139	0.638184
SCF:0003189	AC:002859	Q0IIM2	Q1JQ97	F1N4X0	6vbv-assembly1.cif.gz	3_10	1	2	1	24.74	2.279	PDB_exact_pair_aggregate	0.2759	20_30	Q0IIM2	Q1JQ97	F1N4X0	0.903346	0.998414	-0.095068	0.0	0.004195	0.004193	0.468128	0.67394
SCF:0003190	AC:002861	P21466	P21471	P21474	8cdv-assembly1.cif.gz	11_24	1	22	1	31.221	4.979	PDB_exact_pair_aggregate	0.2414	20_30	P80373	P21471	P75131	0.999892	0.999937	-4.5e-05	0.0	0.865356	0.489262	8e-06	0.829665
SCF:0003191	AC:002863	Q9CQP8	C6KI89	A2RTF1	7eeb-assembly1.cif.gz	11_24	1	3	1	33.53	2.333	same_assembly_bridge	0.268	20_30	Q9CQP8	C6KI89	A2RTF1	6.9e-05	6.7e-05	2e-06	1.0	0.004175	0.004178	0.285547	0.037304
SCF:0003192	AC:002864	P01750	P18526	P01660	1qfw-assembly1.cif.gz	3_10	1	1	0	53.101	2.696	PDB_exact_pair_aggregate	0.3214	30_40	P01750	P18526	A0A5C2G4I7	0.683028	0.999829	-0.316801	0.0	0.690623	0.756637	3.5e-05	0.497036
SCF:0003193	AC:002864	P01750	P18526	P01665	1qfw-assembly1.cif.gz	3_10	1	1	0	53.101	2.691	PDB_exact_pair_aggregate	0.3182	30_40	P01750	P18526	A0A5C2G4I7	0.815667	0.999829	-0.184162	0.0	0.902548	0.756637	4.9e-05	0.497036
SCF:0003194	AC:002864	P18526	P01750	P01660	1qfw-assembly1.cif.gz	3_10	1	1	0	53.101	2.581	PDB_exact_pair_aggregate	0.3537	30_40	P18526	P01750	A0A5C2G4I7	0.224751	0.999829	-0.775078	0.0	0.740693	0.756637	3.6e-05	0.497036
SCF:0003195	AC:002865	G0RZG4	G0RZX8	G0S9A0	8r1o-assembly1.cif.gz	3_10	1	2	1	21.716	2.67	PDB_exact_pair_aggregate	0.346	30_40	G0RZG4	G0RZX8	G0S9A0	0.997584	0.997194	0.00039	1.0	0.004342	0.004174	0.201533	0.182563
SCF:0003196	AC:002865	G0RZG4	G0RZX8	G0SC21	8r1o-assembly1.cif.gz	3_10	1	2	1	21.716	2.755	PDB_exact_pair_aggregate	0.2829	20_30	G0RZG4	G0RZX8	G0SC21	0.999693	0.997194	0.002499	1.0	0.00418	0.004174	0.499636	0.182563
SCF:0003197	AC:002868	Q9P000	Q9UBI1	Q9GZQ3	8p0w-assembly1.cif.gz	11_24	1	3	1	11.784	2.954	same_assembly_bridge	0.2874	20_30	Q9P000	Q9UBI1	Q9GZQ3	0.999858	0.999859	-1e-06	0.0	0.00418	0.004178	0.73269	0.742923
SCF:0003198	AC:002868	Q9P000	Q9UBI1	Q86VX2	8p0w-assembly1.cif.gz	11_24	1	3	1	11.784	2.308	PDB_exact_pair_aggregate	0.2782	20_30	Q9P000	Q9UBI1	Q86VX2	0.999835	0.999859	-2.4e-05	0.0	0.004176	0.004178	0.771751	0.742923
SCF:0003199	AC:002868	Q9UBI1	Q9P000	Q9GZQ3	8p0w-assembly1.cif.gz	11_24	1	3	1	11.784	2.98	same_assembly_bridge	0.3214	30_40	Q9UBI1	Q9P000	Q9GZQ3	0.999898	0.999859	3.9e-05	1.0	0.004176	0.004178	0.747895	0.742923
SCF:0003200	AC:002868	Q9UBI1	Q9P000	Q9Y6G5	8p0w-assembly1.cif.gz	11_24	1	3	1	11.784	2.227	PDB_exact_pair_aggregate	0.3034	30_40	Q9UBI1	Q9P000	Q9Y6G5	0.999718	0.999859	-0.000141	0.0	0.004178	0.004178	0.782795	0.742923
SCF:0003201	AC:002868	Q9UBI1	Q9P000	Q9H0A8	8p0w-assembly1.cif.gz	11_24	1	3	1	11.784	2.62	PDB_exact_pair_aggregate	0.3007	30_40	Q9UBI1	Q9P000	Q9H0A8	0.999807	0.999859	-5.2e-05	0.0	0.004175	0.004178	0.71248	0.742923
SCF:0003202	AC:002869	Q3E7C1	P32776	P41895	7k04-assembly1.cif.gz	3_10	1	5	1	28.498	0.704	PDB_exact_pair_aggregate	0.2887	20_30	Q3E7C1	P32776	P41895	0.999129	0.999622	-0.000493	0.0	0.023872	0.004291	0.724821	0.680667
SCF:0003203	AC:002869	Q3E7C1	P32776	P06839	7k04-assembly1.cif.gz	3_10	1	5	1	28.498	2.263	PDB_exact_pair_aggregate	0.2441	20_30	Q3E7C1	P32776	P06839	0.998737	0.999622	-0.000885	0.0	0.095661	0.004291	0.731398	0.680667
SCF:0003204	AC:002876	Q9VGW6	Q9XYU0	Q9XYU1	6ray-assembly1.cif.gz	11_24	1	3	1	8.893	2.166	PDB_exact_pair_aggregate	0.4007	40_50	Q9VGW6	P33993	P25205	0.999903	0.999893	1e-05	1.0	0.072688	0.243239	0.724055	0.721351
SCF:0003205	AC:002876	Q9VGW6	Q9XYU0	P49735	6ray-assembly1.cif.gz	11_24	1	3	1	8.893	2.212	PDB_exact_pair_aggregate	0.3746	30_40	Q9VGW6	P33993	P49735	0.950765	0.999893	-0.049128	0.0	0.020922	0.243239	0.730898	0.721351
SCF:0003206	AC:002876	Q9XYU0	Q9VGW6	Q26454	6ray-assembly1.cif.gz	11_24	1	3	1	8.893	2.04	PDB_exact_pair_aggregate	0.3969	30_40	P33993	Q9VGW6	Q26454	0.768258	0.999893	-0.231635	0.0	0.204625	0.243239	0.735978	0.721351
SCF:0003207	AC:002876	Q9XYU0	Q9VGW6	Q9XYU1	6ray-assembly1.cif.gz	11_24	1	3	1	8.893	2.093	PDB_exact_pair_aggregate	0.3783	30_40	P33993	Q9VGW6	P25205	0.999886	0.999893	-7e-06	0.0	0.07643	0.243239	0.712431	0.721351
SCF:0003208	AC:002876	Q9XYU0	Q9VGW6	Q9V461	6ray-assembly1.cif.gz	11_24	1	3	1	8.893	1.031	PDB_exact_pair_aggregate	0.3754	30_40	P33993	Q9VGW6	Q9V461	0.999879	0.999893	-1.4e-05	0.0	0.269711	0.243239	0.703747	0.721351
SCF:0003209	AC:002877	A0A5C2G4I7	A0A5C2GTV1	A0A5C2GVU3	7whz-assembly1.cif.gz	3_10	1	2	1	23.834	4.775	PDB_exact_pair_aggregate	0.5686	ge50	A0A5C2G4I7	A0A5C2G4I7	A0A5C2G4I7	0.999622	0.999793	-0.000171	0.0	0.567084	0.060332	4.3e-05	2.7e-05
SCF:0003210	AC:002880	Q8N766	Q9Y3B6	O43402	6z3w-assembly1.cif.gz	3_10	1	1	0	21.517	2.596	PDB_exact_pair_aggregate	0.4845	40_50	Q8N766	Q9Y3B6	O43402	0.999022	0.001625	0.997397	1.0	0.004176	0.004175	0.02592	0.014872
SCF:0003211	AC:002882	P0C5R9	P32341	P53262	8eas-assembly1.cif.gz	11_24	1	1	0	36.65	2.19	PDB_exact_pair_aggregate	0.3188	30_40	P0C5R9	P32341	P53262	0.955026	0.999691	-0.044665	0.0	0.004178	0.004232	0.00748	0.090637
SCF:0003212	AC:002886	P27521	Q9SY97	Q8LCQ4	7wfd-assembly1.cif.gz	11_24	1	1	0	39.748	2.605	same_assembly_bridge	0.4553	40_50	Q84Y02	A0A2K1IB10	F2D0D5	0.999898	0.999927	-2.9e-05	0.0	0.057802	0.285401	0.694649	0.694923
SCF:0003213	AC:002886	P27521	Q9SY97	Q01667	7wfd-assembly1.cif.gz	11_24	1	1	0	39.748	2.369	PDB_exact_pair_aggregate	0.4475	40_50	Q84Y02	A0A2K1IB10	A0A9R0J8B1	0.999916	0.999927	-1.1e-05	0.0	0.384585	0.285401	0.624524	0.694923
SCF:0003214	AC:002886	P27521	Q9SY97	Q9SHE8	7wfd-assembly1.cif.gz	11_24	1	1	0	39.748	2.695	PDB_exact_pair_aggregate	0.3023	30_40	Q84Y02	A0A2K1IB10	Q9SHE8	0.997526	0.999927	-0.002401	0.0	0.00608	0.285401	0.631538	0.694923
SCF:0003215	AC:002886	Q9SY97	P27521	Q9SYW8	7wfd-assembly1.cif.gz	11_24	1	1	0	39.748	2.489	PDB_exact_pair_aggregate	0.5062	ge50	A0A2K1IB10	Q84Y02	F2D0D5	0.999932	0.999927	5e-06	1.0	0.320355	0.285401	0.669433	0.694923
SCF:0003216	AC:002886	Q9SY97	P27521	Q41038	7wfd-assembly1.cif.gz	11_24	1	1	0	39.748	3.738	PDB_exact_pair_aggregate	0.5062	ge50	A0A2K1IB10	Q84Y02	F2D0D5	0.999935	0.999927	8e-06	1.0	0.20303	0.285401	0.706013	0.694923
SCF:0003217	AC:002886	Q9SY97	P27521	Q8LCQ4	7wfd-assembly1.cif.gz	11_24	1	1	0	39.748	2.376	same_assembly_bridge	0.4395	40_50	A0A2K1IB10	Q84Y02	F2D0D5	0.999914	0.999927	-1.3e-05	0.0	0.119164	0.285401	0.704079	0.694923
SCF:0003218	AC:002890	A8J3C3	A8IH07	A8IL21	7ekq-assembly1.cif.gz	11_24	1	1	0	23.506	3.25	PDB_exact_pair_aggregate	0.3641	30_40	A8J3C3	A8IH07	A8IL21	0.584602	0.03872	0.545882	1.0	0.880486	0.004183	0.120635	0.09581
SCF:0003219	AC:002890	A8J3C3	A8IH07	A8INX1	7ekq-assembly1.cif.gz	11_24	1	1	0	23.506	2.781	same_assembly_bridge	0.3052	30_40	A8J3C3	A8IH07	A8INX1	0.198229	0.03872	0.159509	1.0	0.616379	0.004183	0.246568	0.09581
SCF:0003220	AC:002892	P19658	P32844	P89102	5yfp-assembly1.cif.gz	3_10	1	2	1	9.735	2.578	same_assembly_bridge	0.295	20_30	P19658	P32844	P89102	0.999275	0.999705	-0.00043	0.0	0.004174	0.004175	0.492278	0.245812
SCF:0003221	AC:002892	P19658	P32844	P22224	5yfp-assembly1.cif.gz	3_10	1	2	1	9.735	3.223	PDB_exact_pair_aggregate	0.2834	20_30	P19658	P32844	P22224	0.999716	0.999705	1.1e-05	1.0	0.004174	0.004175	0.447473	0.245812
SCF:0003222	AC:002892	P19658	P32844	Q06245	5yfp-assembly1.cif.gz	3_10	1	2	1	9.735	3.694	PDB_exact_pair_aggregate	0.2799	20_30	P19658	P32844	Q06245	0.999761	0.999705	5.6e-05	1.0	0.004174	0.004175	0.545121	0.245812
SCF:0003223	AC:002892	P32844	P19658	P89102	5yfp-assembly1.cif.gz	3_10	1	2	1	9.735	2.783	same_assembly_bridge	0.2733	20_30	P32844	P19658	P89102	0.997522	0.999705	-0.002183	0.0	0.004174	0.004175	0.315131	0.245812
SCF:0003224	AC:002893	P14224	Q75VY7	Q7DM26	8h2u-assembly1.cif.gz	11_24	1	12	1	33.013	3.247	PDB_exact_pair_aggregate	0.5464	ge50	P14224	Q84Y02	Q7DM26	0.999737	0.999834	-9.7e-05	0.0	0.02395	0.006592	0.627256	0.60582
SCF:0003225	AC:002893	P14224	Q75VY7	Q05093	8h2u-assembly1.cif.gz	11_24	1	12	1	33.013	2.918	same_assembly_bridge	0.5343	ge50	P14224	Q84Y02	Q7DM26	0.999706	0.999834	-0.000128	0.0	0.036641	0.006592	0.570334	0.60582
SCF:0003226	AC:002893	P14224	Q75VY7	A8ITV3	8h2u-assembly1.cif.gz	11_24	1	12	1	33.013	2.389	PDB_exact_pair_aggregate	0.4844	40_50	P14224	Q84Y02	A8ITV3	0.999676	0.999834	-0.000158	0.0	0.004278	0.006592	0.609287	0.60582
SCF:0003227	AC:002893	Q75VY7	P14224	P14225	8h2u-assembly1.cif.gz	11_24	1	12	1	33.013	2.389	PDB_exact_pair_aggregate	0.4242	40_50	Q84Y02	P14224	P14225	0.999443	0.999834	-0.000391	0.0	0.004235	0.006592	0.694814	0.60582
SCF:0003228	AC:002894	P01096	P13619	P05630	6yy0-assembly1.cif.gz	11_24	1	16	1	32.912	2.544	PDB_exact_pair_aggregate	0.2656	20_30	P01096	P13619	P05630	0.988595	0.999005	-0.01041	0.0	0.810686	0.931623	0.307476	0.656559
SCF:0003229	AC:002900	P0DOX5	Q6GMX6	P01857	6oge-assembly1.cif.gz	3_10	1	1	0	21.415	0.552	PDB_exact_pair_aggregate	1.0	ge50	Q6N030	Q6N030	P01867	0.939231	0.999529	-0.060298	0.0	0.146762	0.544036	0.669156	0.649449
SCF:0003230	AC:002900	P0DOX5	Q6GMX6	Q6N089	6oge-assembly1.cif.gz	3_10	1	1	0	21.415	2.269	PDB_exact_pair_aggregate	0.8606	ge50	Q6N030	Q6N030	Q6N030	0.999378	0.999529	-0.000151	0.0	0.417905	0.544036	0.633948	0.649449
SCF:0003231	AC:002901	O13964	P87310	Q9P6Q0	5n9j-assembly1.cif.gz	11_24	1	1	0	76.467	4.367	PDB_exact_pair_aggregate	0.2727	20_30	O13964	P87310	Q9P6Q0	0.999294	0.999909	-0.000615	0.0	0.025331	0.00419	0.529768	0.344952
SCF:0003232	AC:002901	P87310	O13964	O94376	5n9j-assembly1.cif.gz	11_24	1	1	0	76.467	2.668	PDB_exact_pair_aggregate	0.321	30_40	P87310	O13964	O94376	0.999932	0.999909	2.3e-05	1.0	0.061254	0.00419	0.693724	0.344952
SCF:0003233	AC:002905	Q15843	Q9UBF6	P62877	9sdx-assembly1.cif.gz	3_10	1	2	1	18.188	2.488	PDB_exact_pair_aggregate	0.5269	ge50	Q15843	P62877	P62877	0.999682	0.94694	0.052742	1.0	0.947525	0.973169	0.294299	0.330822
SCF:0003234	AC:002907	P16688	P16679	P16678	7z16-assembly1.cif.gz	11_24	1	2	1	24.326	2.599	same_assembly_bridge	0.3526	30_40	P16688	P16679	P16678	0.032207	0.311764	-0.279557	0.0	0.045878	0.018804	0.676712	0.200902
SCF:0003235	AC:002912	Q15024	P42285	Q15477	6d6q-assembly1.cif.gz	11_24	1	2	1	20.555	2.748	PDB_exact_pair_aggregate	0.4011	40_50	Q15024	P42285	Q15477	0.026194	0.999051	-0.972857	0.0	0.021406	0.383789	0.178616	0.285365
SCF:0003236	AC:002912	Q15024	P42285	Q8TF46	6d6q-assembly1.cif.gz	11_24	1	2	1	20.555	2.306	PDB_exact_pair_aggregate	0.2716	20_30	Q15024	P42285	Q8TF46	0.998639	0.999051	-0.000412	0.0	0.004179	0.383789	0.42746	0.285365
SCF:0003237	AC:002912	Q15024	P42285	Q9Y450	6d6q-assembly1.cif.gz	11_24	1	2	1	20.555	2.471	PDB_exact_pair_aggregate	0.2486	20_30	Q15024	P42285	Q9Y450	0.999871	0.999051	0.00082	1.0	0.004206	0.383789	0.73203	0.285365
SCF:0003238	AC:002914	A0A2K3DG79	A8IS47	A8IL21	7ekq-assembly1.cif.gz	11_24	1	1	0	30.783	2.996	PDB_exact_pair_aggregate	0.3636	30_40	A0A2K3DG79	A8IS47	A8IL21	0.380722	0.132632	0.24809	1.0	0.953715	0.981963	0.488862	0.58089
SCF:0003239	AC:002914	A0A2K3DG79	A8IS47	A8IJ60	7ekq-assembly1.cif.gz	11_24	1	1	0	30.783	2.967	same_assembly_bridge	0.3279	30_40	A0A2K3DG79	A8IS47	A8IJ60	0.13096	0.132632	-0.001672	0.0	0.964245	0.981963	0.675007	0.58089
SCF:0003240	AC:002914	A0A2K3DG79	A8IS47	A8INX1	7ekq-assembly1.cif.gz	11_24	1	1	0	30.783	4.667	PDB_exact_pair_aggregate	0.306	30_40	A0A2K3DG79	A8IS47	A8INX1	0.158685	0.132632	0.026053	1.0	0.944416	0.981963	0.55275	0.58089
SCF:0003241	AC:002919	O80634	P56752	P56767	7wff-assembly1.cif.gz	11_24	1	2	1	51.175	3.557	PDB_exact_pair_aggregate	0.3132	30_40	O80634	P56752	T1RIQ1	0.216132	0.002618	0.213514	1.0	0.007984	0.004205	0.063557	0.029077
SCF:0003242	AC:002919	O80634	P56752	A0A1B1W4Z4	7wff-assembly1.cif.gz	11_24	1	2	1	51.175	5.233	same_assembly_bridge	0.2917	20_30	O80634	P56752	A0A1B1W4Z4	0.000623	0.002618	-0.001995	0.0	0.004203	0.004205	0.028537	0.029077
SCF:0003243	AC:002919	P56752	O80634	Q9SGH4	7wff-assembly1.cif.gz	11_24	1	2	1	51.175	2.268	PDB_exact_pair_aggregate	0.2993	20_30	P56752	O80634	Q9SGH4	0.001486	0.002618	-0.001132	0.0	0.004188	0.004205	0.025548	0.029077
SCF:0003244	AC:002923	P20674	O00483	P09669	5z62-assembly1.cif.gz	11_24	1	2	1	8.778	3.086	PDB_exact_pair_aggregate	0.2632	20_30	P20674	O00483	P04038	0.9999	0.999898	2e-06	1.0	0.006956	0.004398	0.768323	0.776631
SCF:0003245	AC:002925	P0AFD4	P0AFF0	P33607	7nyh-assembly1.cif.gz	3_10	1	1	0	12.571	2.217	PDB_exact_pair_aggregate	0.3326	30_40	P0AFD4	P0AFF0	P33607	0.999624	0.998097	0.001527	1.0	0.010181	0.039613	0.660787	0.41218
SCF:0003246	AC:002925	P0AFD4	P0AFF0	P0AFE8	7nyh-assembly1.cif.gz	3_10	1	1	0	12.571	2.2	PDB_exact_pair_aggregate	0.3325	30_40	P0AFD4	P0AFF0	P0AFE8	0.999595	0.998097	0.001498	1.0	0.117183	0.039613	0.552958	0.41218
SCF:0003247	AC:002925	P0AFF0	P0AFD4	P0AFE8	7nyh-assembly1.cif.gz	3_10	1	1	0	12.571	2.625	PDB_exact_pair_aggregate	0.3498	30_40	P0AFF0	P0AFD4	P0AFE8	0.86788	0.998097	-0.130217	0.0	0.543597	0.039613	0.225908	0.41218
SCF:0003248	AC:002926	Q22MV2	A4VEB3	Q1HFV9	7kek-assembly1.cif.gz	11_24	1	6	1	66.907	4.845	PDB_exact_pair_aggregate	0.3115	30_40	Q22MV2	A4VEB3	Q24DI9	0.025082	0.998042	-0.97296	0.0	0.004175	0.004175	0.174022	0.226263
SCF:0003249	AC:002927	A0A2K3D591	Q9AU02	A8IN92	9f60-assembly1.cif.gz	11_24	1	4	1	8.742	2.934	PDB_exact_pair_aggregate	0.2621	20_30	A0A2K3D591	Q9AU02	A8IN92	0.999863	0.559585	0.440278	1.0	0.012349	0.004278	0.633717	0.102862
SCF:0003250	AC:002927	Q9AU02	A0A2K3D591	A8J6N0	9f60-assembly1.cif.gz	11_24	1	4	1	8.742	1.342	PDB_exact_pair_aggregate	0.3896	30_40	Q9AU02	A0A2K3D591	A8J6N0	0.02303	0.559585	-0.536555	0.0	0.004228	0.004278	0.333031	0.102862
SCF:0003251	AC:002928	Q839F0	Q82ZI6	Q839E7	6wub-assembly1.cif.gz	11_24	1	3	1	16.227	3.006	same_assembly_bridge	0.3429	30_40	Q2FW20	P80373	Q839E7	0.999951	0.999936	1.5e-05	1.0	0.864069	0.540124	0.833035	0.838583
SCF:0003252	AC:002928	Q839F0	Q82ZI6	Q839H1	6wub-assembly1.cif.gz	11_24	1	3	1	16.227	3.145	PDB_exact_pair_aggregate	0.2936	20_30	Q2FW20	P80373	P21472	0.999908	0.999936	-2.8e-05	0.0	0.77862	0.540124	0.784896	0.838583
SCF:0003253	AC:002930	A0AAN0Y0L1	A0AAN0Y0S4	A0AAN0Y103	9h90-assembly1.cif.gz	11_24	1	1	0	11.864	3.226	PDB_exact_pair_aggregate	0.2836	20_30	P0AG59	Q83ER2	C3SRY2	0.999911	0.999923	-1.2e-05	0.0	0.366169	0.201701	0.497216	0.33172
SCF:0003254	AC:002932	P56766	Q9C639	Q9SY97	7wfe-assembly1.cif.gz	11_24	1	2	1	9.067	2.431	PDB_exact_pair_aggregate	0.4742	40_50	A0T0M8	Q84Y02	A0A2K1IB10	0.999759	0.992554	0.007205	1.0	0.090429	0.007785	0.472477	0.486772
SCF:0003255	AC:002936	C3SQX2	C3SYP2	C3TRH7	9sx2-assembly1.cif.gz	11_24	1	12	1	40.253	2.737	PDB_exact_pair_aggregate	0.2623	20_30	P80372	C3SYP2	P0A7U7	0.999922	0.999936	-1.4e-05	0.0	0.753316	0.231073	0.779842	0.766561
SCF:0003256	AC:002936	C3SYP2	C3SQX2	P62399	9sx2-assembly1.cif.gz	11_24	1	12	1	40.253	3.121	PDB_exact_pair_aggregate	0.2837	20_30	C3SYP2	P80372	P62399	0.999907	0.999936	-2.9e-05	0.0	0.293953	0.231073	0.82978	0.766561
SCF:0003257	AC:002941	Q2G113	Q2FW31	Q2FW21	8bh7-assembly1.cif.gz	11_24	1	15	1	8.695	3.578	PDB_exact_pair_aggregate	0.24	20_30	P21468	Q50296	A0A063X781	0.999912	0.999943	-3.1e-05	0.0	0.388686	0.356326	0.739396	0.69007
SCF:0003258	AC:002942	Q85G51	Q85FP8	M1UU36	7blz-assembly1.cif.gz	11_24	1	4	1	48.111	3.53	PDB_exact_pair_aggregate	0.3478	30_40	Q85G51	Q85FP8	M1UU36	0.982962	0.995408	-0.012446	0.0	0.980293	0.004213	0.544129	0.46947
SCF:0003259	AC:002946	A0A1D5UKZ4	W5I035	W5BFB7	8r6f-assembly1.cif.gz	11_24	1	1	0	29.685	2.476	same_assembly_bridge	0.3333	30_40	A0A3Q7HJ03	W5I035	W5BFB7	0.999817	0.999932	-0.000115	0.0	0.882295	0.752317	0.737915	0.804406
SCF:0003260	AC:002952	Q99627	Q93034	Q13616	9eg1-assembly1.cif.gz	11_24	1	1	0	40.225	2.506	PDB_exact_pair_aggregate	0.3519	30_40	Q99627	Q93034	Q13616	0.998925	0.994443	0.004482	1.0	0.004176	0.004176	0.698675	0.696485
SCF:0003261	AC:002952	Q99627	Q93034	Q13619	9eg1-assembly1.cif.gz	11_24	1	1	0	40.225	2.743	PDB_exact_pair_aggregate	0.3113	30_40	Q99627	Q93034	Q13619	0.996746	0.994443	0.002303	1.0	0.004177	0.004176	0.598729	0.696485
SCF:0003262	AC:002954	Q5E9B8	F2Z4H3	Q32PE0	8qq2-assembly1.cif.gz	11_24	1	6	1	44.616	2.856	PDB_exact_pair_aggregate	0.3117	30_40	A0A4X1VKG7	A0A8D1AQR7	A0A4X1VEK9	0.999938	0.999947	-9e-06	0.0	0.957313	0.79629	0.693283	0.711794
SCF:0003263	AC:002954	Q5E9B8	F2Z4H3	F2Z4C9	8qq2-assembly1.cif.gz	11_24	1	6	1	44.616	3.188	PDB_exact_pair_aggregate	0.3117	30_40	A0A4X1VKG7	A0A8D1AQR7	A0A4X1VEK9	0.99994	0.999947	-7e-06	0.0	0.877656	0.79629	0.621201	0.711794
SCF:0003264	AC:002956	Q9BVC4	Q8TB45	Q9HB90	7pec-assembly1.cif.gz	3_10	1	4	1	12.55	2.429	PDB_exact_pair_aggregate	0.288	20_30	Q9BVC4	Q8TB45	Q9HB90	0.999745	0.999148	0.000597	1.0	0.004176	0.004176	0.691728	0.828673
SCF:0003265	AC:002957	Q50754	P60239	Q50755	9sw4-assembly1.cif.gz	11_24	1	5	1	37.158	2.293	PDB_exact_pair_aggregate	0.2914	20_30	Q50754	P60239	Q50755	0.999431	0.690152	0.309279	1.0	0.006478	0.004192	0.11206	0.499296
SCF:0003266	AC:002958	P21707	P63025	P63045	5kj8-assembly1.cif.gz	3_10	1	2	1	9.212	4.33	PDB_exact_pair_aggregate	0.8125	ge50	P21707	P63025	P63025	0.99989	0.999882	8e-06	1.0	0.004207	0.004187	0.730282	0.767097
SCF:0003267	AC:002959	P0DOX7	Q6PIL8	S6C4R2	5w1k-assembly1.cif.gz	3_10	1	1	0	10.661	2.679	PDB_exact_pair_aggregate	0.3406	30_40	Q8TCD0	Q8TCD0	S6C4S0	0.999751	0.99972	3.1e-05	1.0	0.876152	0.742629	0.800096	0.579674
SCF:0003268	AC:002959	P0DOX7	Q6PIL8	S6C4S0	5w1k-assembly1.cif.gz	3_10	1	1	0	10.661	2.441	PDB_exact_pair_aggregate	0.3304	30_40	Q8TCD0	Q8TCD0	S6C4S0	0.999867	0.99972	0.000147	1.0	0.764971	0.742629	0.726607	0.579674
SCF:0003269	AC:002959	Q6PIL8	P0DOX7	Q8N355	5w1k-assembly1.cif.gz	3_10	1	1	0	10.661	2.449	PDB_exact_pair_aggregate	0.4466	40_50	Q8TCD0	Q8TCD0	G0YP42	0.999892	0.99972	0.000172	1.0	0.847792	0.742629	0.678526	0.579674
SCF:0003270	AC:002959	Q6PIL8	P0DOX7	S6B2B6	5w1k-assembly1.cif.gz	3_10	1	1	0	10.661	2.518	PDB_exact_pair_aggregate	0.3168	30_40	Q8TCD0	Q8TCD0	S6C4S0	0.99964	0.99972	-8e-05	0.0	0.791305	0.742629	0.703073	0.579674
SCF:0003271	AC:002961	Q86VX2	Q86X83	Q9Y6G5	8p0w-assembly1.cif.gz	11_24	1	3	1	22.108	2.804	PDB_exact_pair_aggregate	0.292	20_30	Q86VX2	Q86X83	Q9Y6G5	0.999832	0.999916	-8.4e-05	0.0	0.004176	0.004174	0.783963	0.747857
SCF:0003272	AC:002961	Q86VX2	Q86X83	Q9P000	8p0w-assembly1.cif.gz	11_24	1	3	1	22.108	2.308	PDB_exact_pair_aggregate	0.2556	20_30	Q86VX2	Q86X83	Q9P000	0.999835	0.999916	-8.1e-05	0.0	0.004176	0.004174	0.771751	0.747857
SCF:0003273	AC:002961	Q86VX2	Q86X83	Q8N668	8p0w-assembly1.cif.gz	11_24	1	3	1	22.108	2.379	PDB_exact_pair_aggregate	0.2391	20_30	Q86VX2	Q86X83	Q8N668	0.999836	0.999916	-8e-05	0.0	0.004176	0.004174	0.766028	0.747857
SCF:0003274	AC:002961	Q86X83	Q86VX2	Q9UBI1	8p0w-assembly1.cif.gz	11_24	1	3	1	22.108	2.28	PDB_exact_pair_aggregate	0.2782	20_30	Q86X83	Q86VX2	Q9UBI1	0.999933	0.999916	1.7e-05	1.0	0.004174	0.004174	0.707331	0.747857
SCF:0003275	AC:002961	Q86X83	Q86VX2	Q9GZQ3	8p0w-assembly1.cif.gz	11_24	1	3	1	22.108	2.307	PDB_exact_pair_aggregate	0.242	20_30	Q86X83	Q86VX2	Q9GZQ3	0.999932	0.999916	1.6e-05	1.0	0.004176	0.004174	0.737012	0.747857
SCF:0003276	AC:002961	Q86X83	Q86VX2	Q9H0A8	8p0w-assembly1.cif.gz	11_24	1	3	1	22.108	2.506	PDB_exact_pair_aggregate	0.2312	20_30	Q86X83	Q86VX2	Q9H0A8	0.999918	0.999916	2e-06	1.0	0.004174	0.004174	0.75195	0.747857
SCF:0003277	AC:002963	P12464	O35011	O31718	7f75-assembly1.cif.gz	3_10	1	1	0	23.388	2.253	PDB_exact_pair_aggregate	0.2821	20_30	P12464	O35011	O31718	0.99863	0.518097	0.480533	1.0	0.004268	0.004175	0.659281	0.674165
SCF:0003278	AC:002964	F5HET4	F5HCH8	P16832	7t4q-assembly1.cif.gz	11_24	1	3	1	11.132	2.851	PDB_exact_pair_aggregate	0.982	ge50	F5HET4	P16832	P16832	0.003823	0.000638	0.003185	1.0	0.004511	0.004626	0.168166	0.167077
SCF:0003279	AC:002969	A0ACD6B989	P58568	P58560	7y3f-assembly1.cif.gz	11_24	1	1	0	51.681	2.751	PDB_exact_pair_aggregate	0.3077	30_40	A0ACD6B989	Q55329	P58560	0.998387	0.997571	0.000816	1.0	0.020173	0.307196	0.08018	0.554704
SCF:0003280	AC:002970	A0A8D1DPV6	A0A4X1VYD0	A0A8W4F9W9	7zx8-assembly1.cif.gz	11_24	1	10	1	12.126	2.53	PDB_exact_pair_aggregate	1.0	ge50	A0A7M4DUC2	C4R009	C4R009	0.999905	0.999934	-2.9e-05	0.0	0.907964	0.907964	0.781203	0.7812
SCF:0003281	AC:002971	W5FWF5	W5FEZ3	Q8L806	8r57-assembly1.cif.gz	11_24	1	1	0	16.684	2.574	same_assembly_bridge	0.2949	20_30	W5FWF5	W5FEZ3	Q8L806	0.999932	0.999925	7e-06	1.0	0.986071	0.805565	0.628796	0.00012
SCF:0003282	AC:002972	P50990	Q9NQP4	O15212	6nr9-assembly1.cif.gz	11_24	1	3	1	10.485	3.035	same_assembly_bridge	0.21	20_30	Q3ZCI9	Q9NQP4	O15212	0.999853	0.999824	2.9e-05	1.0	0.004193	0.004263	0.334621	0.415417
SCF:0003283	AC:002972	Q9NQP4	P50990	P50991	6nr9-assembly1.cif.gz	11_24	1	3	1	10.485	2.238	PDB_exact_pair_aggregate	0.3121	30_40	Q9NQP4	Q3ZCI9	P50991	0.999905	0.999824	8.1e-05	1.0	0.004445	0.004263	0.791117	0.415417
SCF:0003284	AC:002975	Q32P73	F2Z4H3	Q32PE0	8qq2-assembly1.cif.gz	11_24	1	6	1	15.467	3.362	PDB_exact_pair_aggregate	0.3117	30_40	P36954	A0A8D1AQR7	A0A4X1VEK9	0.999943	0.999942	1e-06	1.0	0.672196	0.319554	0.599366	0.631558
SCF:0003285	AC:002977	P51955	Q13042	Q9UJX3	6tm5-assembly1.cif.gz	11_24	1	1	0	33.709	2.095	PDB_exact_pair_aggregate	0.289	20_30	P51955	Q13042	Q9UJX3	0.999599	0.999564	3.5e-05	1.0	0.004181	0.00418	0.289617	0.208793
SCF:0003286	AC:002977	P51955	Q13042	Q9UJX2	6tm5-assembly1.cif.gz	11_24	1	1	0	33.709	1.619	PDB_exact_pair_aggregate	0.2809	20_30	P51955	Q13042	Q9UJX2	0.999868	0.999564	0.000304	1.0	0.00418	0.00418	0.153366	0.208793
SCF:0003287	AC:002977	Q13042	P51955	Q9UJX2	6tm5-assembly1.cif.gz	11_24	1	1	0	33.709	2.092	PDB_exact_pair_aggregate	0.2853	20_30	Q13042	P51955	Q9UJX2	0.999477	0.999564	-8.7e-05	0.0	0.006288	0.00418	0.679404	0.208793
SCF:0003288	AC:002979	P39471	Q4JB12	P39463	7oqy-assembly1.cif.gz	11_24	1	3	1	52.845	2.219	PDB_exact_pair_aggregate	0.3793	30_40	P39471	Q7LXK4	P39463	0.957169	0.999183	-0.042014	0.0	0.004177	0.004184	0.168433	0.403025
SCF:0003289	AC:002981	O15527	P0C0S8	P62807	8vwv-assembly1.cif.gz	3_10	1	2	1	12.453	7.787	same_assembly_bridge	0.3855	30_40	O15527	P0C0S5	O23629	0.000639	0.000354	0.000285	1.0	0.004188	0.004278	0.619902	0.246551
SCF:0003290	AC:002986	O15511	P61158	P61160	6uhc-assembly1.cif.gz	3_10	1	2	1	24.109	2.584	same_assembly_bridge	0.3791	30_40	G3MXC8	P61157	A7MB62	0.998247	0.998976	-0.000729	0.0	0.427923	0.545015	0.462219	0.203491
SCF:0003291	AC:002986	P61158	O15511	Q9BPX5	6uhc-assembly1.cif.gz	3_10	1	2	1	24.109	2.626	PDB_exact_pair_aggregate	0.7	ge50	P61157	G3MXC8	G3MXC8	0.999013	0.998976	3.7e-05	1.0	0.020663	0.545015	0.107928	0.203491
SCF:0003292	AC:002987	A0QSL5	A0QSL6	A0QSG4	8yp6-assembly1.cif.gz	11_24	1	19	1	38.021	3.206	PDB_exact_pair_aggregate	0.3168	30_40	B7IA17	Q50296	A0QSG4	0.999916	0.999943	-2.7e-05	0.0	0.929487	0.881663	0.138078	0.003248
SCF:0003293	AC:002987	A0QSL6	A0QSL5	A0R549	8yp6-assembly1.cif.gz	11_24	1	19	1	38.021	3.075	PDB_exact_pair_aggregate	0.3492	30_40	Q50296	B7IA17	A0R7F7	0.999943	0.999943	0.0	0.5	0.750265	0.881663	0.725439	0.003248
SCF:0003294	AC:002988	Q86VX2	Q9H0A8	Q9P000	8f2r-assembly1.cif.gz	3_10	1	3	1	19.654	2.308	PDB_exact_pair_aggregate	0.3007	30_40	Q86VX2	Q9H0A8	Q9P000	0.999835	0.999702	0.000133	1.0	0.004176	0.004174	0.771751	0.690656
SCF:0003295	AC:002988	Q86VX2	Q9H0A8	Q9GZQ3	8f2r-assembly1.cif.gz	3_10	1	3	1	19.654	2.537	PDB_exact_pair_aggregate	0.2866	20_30	Q86VX2	Q9H0A8	Q9GZQ3	0.999886	0.999702	0.000184	1.0	0.004177	0.004174	0.745514	0.690656
SCF:0003296	AC:002988	Q86VX2	Q9H0A8	Q8N668	8f2r-assembly1.cif.gz	3_10	1	3	1	19.654	2.577	same_assembly_bridge	0.2148	20_30	Q86VX2	Q9H0A8	Q8N668	0.999836	0.999702	0.000134	1.0	0.004176	0.004174	0.766028	0.690656
SCF:0003297	AC:002988	Q9H0A8	Q86VX2	Q8N668	8f2r-assembly1.cif.gz	3_10	1	3	1	19.654	3.393	same_assembly_bridge	0.2815	20_30	Q9H0A8	Q86VX2	Q8N668	0.999881	0.999702	0.000179	1.0	0.004176	0.004174	0.734245	0.690656
SCF:0003298	AC:002988	Q9H0A8	Q86VX2	Q9UBI1	8f2r-assembly1.cif.gz	3_10	1	3	1	19.654	2.62	PDB_exact_pair_aggregate	0.2782	20_30	Q9H0A8	Q86VX2	Q9UBI1	0.999807	0.999702	0.000105	1.0	0.004175	0.004174	0.71248	0.690656
SCF:0003299	AC:002988	Q9H0A8	Q86VX2	Q86X83	8f2r-assembly1.cif.gz	3_10	1	3	1	19.654	2.506	PDB_exact_pair_aggregate	0.2635	20_30	Q9H0A8	Q86VX2	Q86X83	0.999918	0.999702	0.000216	1.0	0.004174	0.004174	0.75195	0.690656
SCF:0003300	AC:002989	E1C9K8	E1C9L0	D5MAL3	3lw5-assembly1.cif.gz	11_24	1	1	0	38.454	2.664	PDB_exact_pair_aggregate	0.9048	ge50	E1C9K8	Q55329	Q55329	0.000535	0.000477	5.8e-05	1.0	0.004924	0.005193	0.001706	0.003225
SCF:0003301	AC:002991	A0A7M4DUC2	A0A8D0JYF1	A0A4X1TRS6	8s54-assembly1.cif.gz	11_24	1	2	1	10.023	2.302	PDB_exact_pair_aggregate	1.0	ge50	A0A7M4DUC2	A0A4X1TRS6	A0A4X1TRS6	0.99994	0.99994	0.0	0.5	0.610556	0.610556	0.435621	0.435621
SCF:0003302	AC:002992	Q9V1V0	Q9V1V5	Q9V1U8	6swd-assembly1.cif.gz	11_24	1	7	1	13.018	3.958	PDB_exact_pair_aggregate	0.3113	30_40	Q9V1V0	Q9V1V5	Q9V1U8	0.999943	0.999946	-3e-06	0.0	0.597945	0.873995	0.80457	0.783405
SCF:0003303	AC:002992	Q9V1V5	Q9V1V0	Q9V195	6swd-assembly1.cif.gz	11_24	1	7	1	13.018	2.788	PDB_exact_pair_aggregate	0.3671	30_40	Q9V1V5	Q9V1V0	Q9V195	0.999937	0.999946	-9e-06	0.0	0.798442	0.873995	0.784261	0.783405
SCF:0003304	AC:002992	Q9V1V5	Q9V1V0	Q9UY20	6swd-assembly1.cif.gz	11_24	1	7	1	13.018	3.181	PDB_exact_pair_aggregate	0.2895	20_30	Q9V1V5	Q9V1V0	Q9UY20	0.999932	0.999946	-1.4e-05	0.0	0.8999	0.873995	0.826884	0.783405
SCF:0003305	AC:002993	P56766	Q01667	Q9SY97	7wfe-assembly1.cif.gz	11_24	1	3	1	18.47	2.431	PDB_exact_pair_aggregate	0.4475	40_50	A0T0M8	A0A9R0J8B1	A0A2K1IB10	0.999759	0.998495	0.001264	1.0	0.090429	0.184437	0.472477	0.488866
SCF:0003306	AC:002993	Q01667	P56766	A0A0F6NGI2	7wfe-assembly1.cif.gz	11_24	1	3	1	18.47	3.481	PDB_exact_pair_aggregate	0.5149	ge50	A0A9R0J8B1	A0T0M8	T1RIQ1	0.999491	0.998495	0.000996	1.0	0.206055	0.184437	0.49607	0.488866
SCF:0003307	AC:002993	Q01667	P56766	P56767	7wfe-assembly1.cif.gz	11_24	1	3	1	18.47	3.297	same_assembly_bridge	0.5142	ge50	A0A9R0J8B1	A0T0M8	T1RIQ1	0.99946	0.998495	0.000965	1.0	0.228762	0.184437	0.459443	0.488866
SCF:0003308	AC:002993	Q01667	P56766	P05311	7wfe-assembly1.cif.gz	11_24	1	3	1	18.47	4.188	PDB_exact_pair_aggregate	0.512	ge50	A0A9R0J8B1	A0T0M8	T1RIQ1	0.999524	0.998495	0.001029	1.0	0.260225	0.184437	0.448262	0.488866
SCF:0003309	AC:002997	B8BRQ8	B8BUW3	B8C770	8zet-assembly1.cif.gz	11_24	1	2	1	36.593	2.726	same_assembly_bridge	0.3566	30_40	B8BRQ8	B8BUW3	B8C770	0.999608	0.016726	0.982882	1.0	0.004322	0.004221	0.441489	0.148626
SCF:0003310	AC:002997	B8BRQ8	B8BUW3	B8BU33	8zet-assembly1.cif.gz	11_24	1	2	1	36.593	3.094	PDB_exact_pair_aggregate	0.3778	30_40	B8BRQ8	B8BUW3	B8BU33	0.999521	0.016726	0.982795	1.0	0.004626	0.004221	0.435752	0.148626
SCF:0003311	AC:002997	B8BRQ8	B8BUW3	B8BYV4	8zet-assembly1.cif.gz	11_24	1	2	1	36.593	2.771	PDB_exact_pair_aggregate	0.3465	30_40	B8BRQ8	B8BUW3	B8BYV4	0.999593	0.016726	0.982867	1.0	0.004302	0.004221	0.612664	0.148626
SCF:0003312	AC:002997	B8BUW3	B8BRQ8	B8CEQ3	8zet-assembly1.cif.gz	11_24	1	2	1	36.593	2.399	PDB_exact_pair_aggregate	0.3393	30_40	B8BUW3	B8BRQ8	B8CEQ3	0.357179	0.016726	0.340453	1.0	0.00494	0.004221	0.403588	0.148626
SCF:0003313	AC:002998	K4P217	A0A6P3ED73	D4P8H6	8bf9-assembly1.cif.gz	11_24	1	1	0	13.063	2.374	PDB_exact_pair_aggregate	0.3297	30_40	A0A3Q7FNQ5	A0A6P3ED73	P62750	0.9999	0.999945	-4.5e-05	0.0	0.890687	0.784127	0.773833	0.743924
SCF:0003314	AC:002999	Q96L50	Q9BVW5	Q9BRX5	7plo-assembly1.cif.gz	11_24	1	1	0	30.045	3.683	PDB_exact_pair_aggregate	0.2682	20_30	Q96L50	Q9BVW5	Q9BRX5	0.999912	0.999843	6.9e-05	1.0	0.004176	0.004176	0.250505	0.055308
SCF:0003315	AC:003001	Q8DLJ8	Q9F1K9	Q8DIN9	7nhp-assembly1.cif.gz	11_24	1	3	1	25.38	3.739	PDB_exact_pair_aggregate	0.4074	40_50	Q8DLJ8	P19054	P12239	0.000679	0.009709	-0.00903	0.0	0.472285	0.147166	0.036845	0.493483
SCF:0003316	AC:003002	P42380	A8IJY7	A8IL21	7ekq-assembly1.cif.gz	11_24	1	1	0	47.072	2.731	PDB_exact_pair_aggregate	0.2965	20_30	P42380	A8IJY7	A8IL21	0.539361	0.00013	0.539231	1.0	0.004179	0.004178	0.457826	0.113603
SCF:0003317	AC:003002	P42380	A8IJY7	A8INX1	7ekq-assembly1.cif.gz	11_24	1	1	0	47.072	3.979	same_assembly_bridge	0.2961	20_30	P42380	A8IJY7	A8INX1	0.002231	0.00013	0.002101	1.0	0.004177	0.004178	0.38163	0.113603
SCF:0003318	AC:003002	P42380	A8IJY7	A8IS47	7ekq-assembly1.cif.gz	11_24	1	1	0	47.072	2.295	PDB_exact_pair_aggregate	0.2475	20_30	P42380	A8IJY7	A8IS47	0.033516	0.00013	0.033386	1.0	0.004177	0.004178	0.114985	0.113603
SCF:0003319	AC:003006	P35729	P52891	P46673	8tie-assembly1.cif.gz	11_24	1	5	1	75.989	2.843	PDB_exact_pair_aggregate	0.2763	20_30	P35729	P52891	P46673	0.999371	0.999591	-0.00022	0.0	0.004174	0.004174	0.676061	0.627677
SCF:0003320	AC:003006	P52891	P35729	P36161	8tie-assembly1.cif.gz	11_24	1	5	1	75.989	2.117	PDB_exact_pair_aggregate	0.3118	30_40	P52891	P35729	P36161	0.999725	0.999591	0.000134	1.0	0.004174	0.004174	0.620666	0.627677
SCF:0003321	AC:003006	P52891	P35729	P49687	8tie-assembly1.cif.gz	11_24	1	5	1	75.989	2.738	same_assembly_bridge	0.302	30_40	P52891	P35729	P49687	0.998277	0.999591	-0.001314	0.0	0.004177	0.004174	0.546138	0.627677
SCF:0003322	AC:003009	Q7Z4H7	Q96CS2	Q9NVX0	7sqk-assembly1.cif.gz	3_10	1	1	0	110.473	2.328	PDB_exact_pair_aggregate	0.2857	20_30	Q7Z4H7	Q96CS2	Q9NVX0	0.999889	0.999931	-4.2e-05	0.0	0.004184	0.004179	0.057883	0.063481
SCF:0003323	AC:003011	O14010	O60104	P87306	5n9j-assembly1.cif.gz	11_24	1	2	1	16.007	2.109	same_assembly_bridge	0.3138	30_40	O14010	O60104	P87306	0.999923	0.999918	5e-06	1.0	0.004184	0.004188	0.115259	0.066166
SCF:0003324	AC:003011	O60104	O14010	O94376	5n9j-assembly1.cif.gz	11_24	1	2	1	16.007	2.231	PDB_exact_pair_aggregate	0.2903	20_30	O60104	O14010	O94376	0.999867	0.999918	-5.1e-05	0.0	0.293482	0.004188	0.189794	0.066166
SCF:0003325	AC:003014	P06269	A0A1S3YU01	A0A1S3XP85	8w9z-assembly1.cif.gz	11_24	1	3	1	13.763	2.404	PDB_exact_pair_aggregate	0.2598	20_30	P06505	A0A1S3YU01	A0A1S3X2G3	0.000148	6.9e-05	7.9e-05	1.0	0.004181	0.004176	0.499291	0.332934
SCF:0003326	AC:003014	P06269	A0A1S3YU01	A0A1S3X2G3	8w9z-assembly1.cif.gz	11_24	1	3	1	13.763	2.859	PDB_exact_pair_aggregate	0.2155	20_30	P06505	A0A1S3YU01	A0A1S3X2G3	0.000169	6.9e-05	0.0001	1.0	0.004177	0.004176	0.499208	0.332934
SCF:0003327	AC:003015	Q8N668	Q9Y6G5	Q9P000	8f2u-assembly1.cif.gz	11_24	1	3	1	13.126	2.379	PDB_exact_pair_aggregate	0.3034	30_40	Q8N668	Q9Y6G5	Q9P000	0.999823	0.999888	-6.5e-05	0.0	0.004177	0.004178	0.763941	0.777945
SCF:0003328	AC:003015	Q8N668	Q9Y6G5	Q9NX08	8f2u-assembly1.cif.gz	11_24	1	3	1	13.126	3.025	PDB_exact_pair_aggregate	0.2836	20_30	Q8N668	Q9Y6G5	Q9NX08	0.999917	0.999888	2.9e-05	1.0	0.004178	0.004178	0.750309	0.777945
SCF:0003329	AC:003015	Q8N668	Q9Y6G5	Q9H0A8	8f2u-assembly1.cif.gz	11_24	1	3	1	13.126	2.631	PDB_exact_pair_aggregate	0.2111	20_30	Q8N668	Q9Y6G5	Q9H0A8	0.999881	0.999888	-7e-06	0.0	0.004176	0.004178	0.734245	0.777945
SCF:0003330	AC:003015	Q9Y6G5	Q8N668	Q9P000	8f2u-assembly1.cif.gz	11_24	1	3	1	13.126	2.59	PDB_exact_pair_aggregate	0.3063	30_40	Q9Y6G5	Q8N668	Q9P000	0.999633	0.999888	-0.000255	0.0	0.004185	0.004178	0.734473	0.777945
SCF:0003331	AC:003015	Q9Y6G5	Q8N668	Q86VX2	8f2u-assembly1.cif.gz	11_24	1	3	1	13.126	2.964	same_assembly_bridge	0.2815	20_30	Q9Y6G5	Q8N668	Q86VX2	0.999832	0.999888	-5.6e-05	0.0	0.004176	0.004178	0.783963	0.777945
SCF:0003332	AC:003015	Q9Y6G5	Q8N668	Q86X83	8f2u-assembly1.cif.gz	11_24	1	3	1	13.126	3.021	PDB_exact_pair_aggregate	0.2391	20_30	Q9Y6G5	Q8N668	Q86X83	0.999807	0.999888	-8.1e-05	0.0	0.004175	0.004178	0.780614	0.777945
SCF:0003333	AC:003016	Q54G86	Q54XI5	Q9Y3A5	5an9-assembly1.cif.gz	3_10	1	4	1	13.152	2.88	PDB_exact_pair_aggregate	0.2969	20_30	Q54G86	A0A3Q7JDZ0	Q9Y3A5	0.9999	0.999927	-2.7e-05	0.0	0.734236	0.883716	0.718318	0.397382
SCF:0003334	AC:003017	P68449	P68439	P20979	9fq6-assembly1.cif.gz	11_24	1	1	0	37.355	2.728	same_assembly_bridge	0.2906	20_30	P68449	P68439	P20979	0.011161	0.987917	-0.976756	0.0	0.004177	0.004175	0.61245	0.489879
SCF:0003335	AC:003020	Q2FKZ0	Q2FKZ4	Q2FME3	7bkb-assembly1.cif.gz	11_24	1	2	1	26.41	2.239	PDB_exact_pair_aggregate	0.3282	30_40	D9PY02	Q2FKZ4	Q2FME3	0.619494	0.649088	-0.029594	0.0	0.004178	0.004181	0.4993	0.250153
SCF:0003336	AC:003022	O82504	Q9LK40	Q9LQ02	8xme-assembly1.cif.gz	11_24	1	4	1	13.19	2.641	same_assembly_bridge	0.2897	20_30	O82504	Q9LK40	Q9LQ02	0.048683	0.010943	0.03774	1.0	0.004177	0.004177	0.138766	0.296515
SCF:0003337	AC:003024	O14010	P87310	Q9P6Q0	5n9j-assembly1.cif.gz	11_24	1	1	0	44.884	2.165	PDB_exact_pair_aggregate	0.2727	20_30	O14010	P87310	Q9P6Q0	0.999712	0.999941	-0.000229	0.0	0.214299	0.080573	0.73751	0.766055
SCF:0003338	AC:003024	P87310	O14010	O94376	5n9j-assembly1.cif.gz	11_24	1	1	0	44.884	2.668	PDB_exact_pair_aggregate	0.2903	20_30	P87310	O14010	O94376	0.999932	0.999941	-9e-06	0.0	0.061254	0.080573	0.693724	0.766055
SCF:0003339	AC:003025	Q9UBD5	Q14566	P33993	8s0f-assembly1.cif.gz	11_24	1	1	0	18.741	2.453	PDB_exact_pair_aggregate	0.3828	30_40	Q9UBD5	Q9V461	P33993	0.999637	0.994405	0.005232	1.0	0.004467	0.004185	0.779176	0.763341
SCF:0003340	AC:003025	Q9UBD5	Q14566	P25205	8s0f-assembly1.cif.gz	11_24	1	1	0	18.741	3.038	PDB_exact_pair_aggregate	0.349	30_40	Q9UBD5	Q9V461	P25205	0.999384	0.994405	0.004979	1.0	0.004205	0.004185	0.766815	0.763341
SCF:0003341	AC:003027	P07839	Q75VY8	P12356	7wzn-assembly1.cif.gz	11_24	1	1	0	41.199	2.994	PDB_exact_pair_aggregate	0.3394	30_40	P07839	Q75VY8	P12356	0.997973	0.999445	-0.001472	0.0	0.004183	0.98464	0.333441	0.757205
SCF:0003342	AC:003028	A0A4X1VKG7	A0A8D1AQR7	I3LCB2	9mlc-assembly1.cif.gz	11_24	1	8	1	50.767	2.236	PDB_exact_pair_aggregate	1.0	ge50	A0A4X1VKG7	A0A8D1AQR7	A0A8D1AQR7	0.999939	0.999939	0.0	0.5	0.796289	0.796289	0.711795	0.711795
SCF:0003343	AC:003028	A0A4X1VKG7	A0A8D1AQR7	A0A8D1KNW4	9mlc-assembly1.cif.gz	11_24	1	8	1	50.767	3.152	PDB_exact_pair_aggregate	0.3117	30_40	A0A4X1VKG7	A0A8D1AQR7	A0A4X1VEK9	0.99994	0.999939	1e-06	1.0	0.862425	0.796289	0.625867	0.711795
SCF:0003344	AC:003028	A0A4X1VKG7	A0A8D1AQR7	A0A4X1VEK9	9mlc-assembly1.cif.gz	11_24	1	8	1	50.767	2.227	PDB_exact_pair_aggregate	0.3117	30_40	A0A4X1VKG7	A0A8D1AQR7	A0A4X1VEK9	0.999937	0.999939	-2e-06	0.0	0.862425	0.796289	0.625866	0.711795
SCF:0003345	AC:003034	Q13618	Q9H9Q2	Q9BT78	8h38-assembly1.cif.gz	11_24	1	4	1	37.413	2.552	same_assembly_bridge	0.3505	30_40	Q13618	Q9H9Q2	Q9BT78	0.995263	0.998395	-0.003132	0.0	0.052306	0.004176	0.708121	0.717643
SCF:0003346	AC:003034	Q9H9Q2	Q13618	Q13616	8h38-assembly1.cif.gz	11_24	1	4	1	37.413	2.66	PDB_exact_pair_aggregate	0.3668	30_40	Q9H9Q2	Q13618	Q13616	0.987573	0.998395	-0.010822	0.0	0.004175	0.004176	0.678721	0.717643
SCF:0003347	AC:003035	B7IA40	B7IA22	A0A7U3Y815	7m4u-assembly1.cif.gz	11_24	1	1	0	21.472	3.324	PDB_exact_pair_aggregate	0.3133	30_40	P21471	Q839E7	C3SRY2	0.999932	0.99994	-8e-06	0.0	0.858177	0.953313	0.73648	0.748164
SCF:0003348	AC:003036	A0A2P6TMX4	A0A2P6TPV8	A0A2P6TC44	6zzx-assembly1.cif.gz	11_24	1	2	1	40.186	2.506	PDB_exact_pair_aggregate	0.3115	30_40	A0A4V8H004	A0A2P6TPV8	A0A2P6TC44	0.005773	0.055841	-0.050068	0.0	0.004198	0.0042	0.50863	0.678519
SCF:0003349	AC:003036	A0A2P6TPV8	A0A2P6TMX4	A0A2P6TZ50	6zzx-assembly1.cif.gz	11_24	1	2	1	40.186	2.406	PDB_exact_pair_aggregate	0.478	40_50	A0A2P6TPV8	A0A4V8H004	Q84Y02	0.002432	0.055841	-0.053409	0.0	0.004194	0.0042	0.682024	0.678519
SCF:0003350	AC:003036	A0A2P6TPV8	A0A2P6TMX4	A0A2P6TT36	6zzx-assembly1.cif.gz	11_24	1	2	1	40.186	3.584	PDB_exact_pair_aggregate	0.4725	40_50	A0A2P6TPV8	A0A4V8H004	Q7DM26	0.001161	0.055841	-0.05468	0.0	0.004243	0.0042	0.606168	0.678519
SCF:0003351	AC:003037	Q99471	P48643	P50991	6nr9-assembly1.cif.gz	11_24	1	3	1	79.251	6.078	same_assembly_bridge	0.4028	40_50	Q99471	P48643	P50991	0.999899	0.999907	-8e-06	0.0	0.004182	0.004185	0.561092	0.48691
SCF:0003352	AC:003037	Q99471	P48643	P49368	6nr9-assembly1.cif.gz	11_24	1	3	1	79.251	2.34	PDB_exact_pair_aggregate	0.3541	30_40	Q99471	P48643	Q3T0K2	0.999866	0.999907	-4.1e-05	0.0	0.004183	0.004185	0.744918	0.48691
SCF:0003353	AC:003037	Q99471	P48643	P40227	6nr9-assembly1.cif.gz	11_24	1	3	1	79.251	2.722	PDB_exact_pair_aggregate	0.3484	30_40	Q99471	P48643	P40227	0.999866	0.999907	-4.1e-05	0.0	0.004181	0.004185	0.356407	0.48691
SCF:0003354	AC:003038	Q9SUI6	Q9SY97	Q9SHE8	7wfe-assembly1.cif.gz	11_24	1	3	1	45.159	2.664	PDB_exact_pair_aggregate	0.3023	30_40	A0A2K1JDR4	A0A2K1IB10	Q9SHE8	0.814257	0.999531	-0.185274	0.0	0.007378	0.841226	0.565168	0.594813
SCF:0003355	AC:003040	O15360	Q9HB96	O15287	7kzt-assembly1.cif.gz	11_24	1	6	1	11.652	2.243	PDB_exact_pair_aggregate	0.2966	20_30	O15360	Q9HB96	O15287	0.941765	0.926095	0.01567	1.0	0.004174	0.004174	0.658698	0.407441
SCF:0003356	AC:003042	Q8DKF3	Q8DMR6	Q8DKF4	6tjv-assembly1.cif.gz	11_24	1	1	0	28.542	2.417	PDB_exact_pair_aggregate	0.3251	30_40	Q8DKF3	Q8DMR6	Q8DKF4	0.001908	0.000282	0.001626	1.0	0.004192	0.004192	0.016071	0.044489
SCF:0003357	AC:003042	Q8DKF3	Q8DMR6	Q8DKF5	6tjv-assembly1.cif.gz	11_24	1	1	0	28.542	1.761	same_assembly_bridge	0.3081	30_40	Q8DKF3	Q8DMR6	Q8DKF5	0.00038	0.000282	9.8e-05	1.0	0.004189	0.004192	0.020988	0.044489
SCF:0003358	AC:003044	Q9XFH4	O23629	P02281	8wh5-assembly1.cif.gz	3_10	1	6	1	11.524	3.306	PDB_exact_pair_aggregate	0.7143	ge50	Q9XFH4	O23629	O23629	0.953317	0.980527	-0.02721	0.0	0.004184	0.004183	0.793243	0.838874
SCF:0003359	AC:003044	Q9XFH4	O23629	P84233	8wh5-assembly1.cif.gz	3_10	1	6	1	11.524	2.742	PDB_exact_pair_aggregate	0.3333	30_40	Q9XFH4	O23629	P02299	0.998334	0.980527	0.017807	1.0	0.018497	0.004183	0.166494	0.838874
SCF:0003360	AC:003047	P38203	P53905	P57743	4m78-assembly2.cif.gz	3_10	1	10	1	13.836	1.912	PDB_exact_pair_aggregate	0.3333	30_40	P38203	P53905	P57743	0.999934	0.999918	1.6e-05	1.0	0.744533	0.833724	0.742602	0.756394
SCF:0003361	AC:003047	P38203	P53905	P47093	4m78-assembly2.cif.gz	3_10	1	10	1	13.836	1.921	PDB_exact_pair_aggregate	0.3188	30_40	P38203	P53905	P47093	0.999925	0.999918	7e-06	1.0	0.857083	0.833724	0.688163	0.756394
SCF:0003362	AC:003047	P38203	P53905	P47017	4m78-assembly2.cif.gz	3_10	1	10	1	13.836	2.29	PDB_exact_pair_aggregate	0.4409	40_50	P38203	P53905	P47017	0.999857	0.999918	-6.1e-05	0.0	0.784656	0.833724	0.760119	0.756394
SCF:0003363	AC:003047	P53905	P38203	P40089	4m78-assembly2.cif.gz	3_10	1	10	1	13.836	2.176	PDB_exact_pair_aggregate	0.3654	30_40	P53905	P38203	P40089	0.999858	0.999918	-6e-05	0.0	0.842128	0.833724	0.758253	0.756394
SCF:0003364	AC:003048	F2R0J6	F2QVA2	F2QT90	8ucj-assembly1.cif.gz	11_24	1	7	1	22.004	2.375	PDB_exact_pair_aggregate	0.2987	20_30	F2R0J6	F2QVA2	F2QT90	0.999859	0.999889	-3e-05	0.0	0.630241	0.967497	0.590905	0.736502
SCF:0003365	AC:003051	A0QWT1	I7G3U5	A0QSL8	9fne-assembly1.cif.gz	3_10	1	2	1	42.677	2.267	PDB_exact_pair_aggregate	0.265	20_30	A0QWT1	I7G3U5	P9WGZ1	0.000826	0.673535	-0.672709	0.0	0.004177	0.004177	0.724442	0.206015
