triplet_id	ac_id	score_ac	score_ad	delta	rank_value
SCF:0000001	AC:000002	0.37659336	0.74690777	0.37031441	1
SCF:0000002	AC:000002	0.37659336	0.79796913	0.42137577	1
SCF:0000003	AC:000004	0.94604203	0.94266024	-0.00338179	0
SCF:0000004	AC:000006	0.73297199	0.89590777	0.16293578	1
SCF:0000005	AC:000006	0.73297199	0.77396963	0.04099764	1
SCF:0000006	AC:000006	0.73297199	0.82460331	0.09163132	1
SCF:0000007	AC:000006	0.73297199	0.64386024	-0.08911175	0
SCF:0000008	AC:000006	0.73297199	0.67028822	-0.06268377	0
SCF:0000009	AC:000011	0.83583841	0.83583867	0.00000026	1
SCF:0000010	AC:000012	0.96019808	0.84629986	-0.11389822	0
SCF:0000011	AC:000012	0.96019808	0.76349738	-0.19670070	0
SCF:0000012	AC:000012	0.96019808	0.86404240	-0.09615568	0
SCF:0000013	AC:000012	0.96019808	0.80689496	-0.15330312	0
SCF:0000014	AC:000013	0.34249460	0.43131328	0.08881868	1
SCF:0000015	AC:000013	0.34249460	0.37124154	0.02874694	1
SCF:0000016	AC:000013	0.34249460	0.32876853	-0.01372607	0
SCF:0000017	AC:000014	0.92762888	0.94159962	0.01397074	1
SCF:0000018	AC:000014	0.92762888	0.94784397	0.02021509	1
SCF:0000019	AC:000014	0.92762888	0.94887124	0.02124236	1
SCF:0000020	AC:000018	0.47732939	0.47732942	0.00000003	1
SCF:0000021	AC:000018	0.47732939	0.66896264	0.19163325	1
SCF:0000022	AC:000018	0.47732939	0.59399451	0.11666512	1
SCF:0000023	AC:000019	0.38403491	0.33335096	-0.05068395	0
SCF:0000024	AC:000019	0.38403491	0.58272239	0.19868748	1
SCF:0000025	AC:000021	0.55476836	0.46962651	-0.08514185	0
SCF:0000026	AC:000022	0.83531827	0.73502939	-0.10028888	0
SCF:0000027	AC:000022	0.83531827	0.89250780	0.05718953	1
SCF:0000028	AC:000024	0.72330344	0.83147308	0.10816964	1
SCF:0000029	AC:000024	0.72330344	0.65916963	-0.06413381	0
SCF:0000030	AC:000024	0.72330344	0.74568075	0.02237731	1
SCF:0000031	AC:000024	0.72330344	0.73889774	0.01559430	1
SCF:0000032	AC:000028	0.71215993	0.92522681	0.21306688	1
SCF:0000033	AC:000029	0.63100521	0.76141193	0.13040672	1
SCF:0000034	AC:000029	0.63100521	0.62668080	-0.00432441	0
SCF:0000035	AC:000029	0.63100521	0.57187843	-0.05912678	0
SCF:0000036	AC:000032	0.50931810	0.48707683	-0.02224127	0
SCF:0000037	AC:000034	0.64012924	0.79903916	0.15890992	1
SCF:0000038	AC:000034	0.64012924	0.79903916	0.15890992	1
SCF:0000039	AC:000034	0.64012924	0.66587442	0.02574518	1
SCF:0000040	AC:000035	0.99484903	0.93091187	-0.06393716	0
SCF:0000041	AC:000036	0.60901415	0.79679167	0.18777752	1
SCF:0000042	AC:000038	0.54691022	0.62443626	0.07752604	1
SCF:0000043	AC:000039	0.67473897	0.69677669	0.02203772	1
SCF:0000044	AC:000041	0.53321593	0.65903562	0.12581969	1
SCF:0000045	AC:000041	0.53321593	0.53425069	0.00103476	1
SCF:0000046	AC:000041	0.53321593	0.57616483	0.04294890	1
SCF:0000047	AC:000042	0.27358924	0.39841063	0.12482139	1
SCF:0000048	AC:000042	0.27358924	0.47850539	0.20491615	1
SCF:0000049	AC:000042	0.27358924	0.41570295	0.14211371	1
SCF:0000050	AC:000044	0.72802505	0.98150941	0.25348436	1
SCF:0000051	AC:000046	0.71768963	0.58900259	-0.12868704	0
SCF:0000052	AC:000046	0.71768963	0.75786132	0.04017169	1
SCF:0000053	AC:000046	0.71768963	0.75942352	0.04173389	1
SCF:0000054	AC:000048	0.91383123	0.47443229	-0.43939894	0
SCF:0000055	AC:000048	0.91383123	0.85620871	-0.05762252	0
SCF:0000056	AC:000049	0.56318575	0.53399275	-0.02919300	0
SCF:0000057	AC:000049	0.56318575	0.64713423	0.08394848	1
SCF:0000058	AC:000050	0.86823726	0.87535628	0.00711902	1
SCF:0000059	AC:000050	0.86823726	0.63914415	-0.22909311	0
SCF:0000060	AC:000050	0.86823726	0.81365874	-0.05457852	0
SCF:0000061	AC:000050	0.86823726	0.69443012	-0.17380714	0
SCF:0000062	AC:000051	0.51610881	0.42940884	-0.08669997	0
SCF:0000063	AC:000052	0.31450351	0.31696304	0.00245953	1
SCF:0000064	AC:000052	0.31450351	0.62562577	0.31112226	1
SCF:0000065	AC:000053	0.69587531	0.64835654	-0.04751877	0
SCF:0000066	AC:000054	0.60590595	0.66374117	0.05783522	1
SCF:0000067	AC:000055	0.96378137	0.96069183	-0.00308954	0
SCF:0000068	AC:000055	0.96378137	0.97836337	0.01458200	1
SCF:0000069	AC:000056	0.92755630	0.95058405	0.02302775	1
SCF:0000070	AC:000057	0.40887394	0.58718161	0.17830767	1
SCF:0000071	AC:000057	0.40887394	0.41932716	0.01045322	1
SCF:0000072	AC:000057	0.40887394	0.37065632	-0.03821762	0
SCF:0000073	AC:000058	0.60149560	0.46187121	-0.13962439	0
SCF:0000074	AC:000058	0.60149560	0.56946540	-0.03203020	0
SCF:0000075	AC:000063	0.72288796	0.93792475	0.21503679	1
SCF:0000076	AC:000064	0.43658953	0.57916953	0.14258000	1
SCF:0000077	AC:000068	0.95802889	0.87928421	-0.07874468	0
SCF:0000078	AC:000068	0.95802889	0.94327372	-0.01475517	0
SCF:0000079	AC:000070	0.65213860	0.76909328	0.11695468	1
SCF:0000080	AC:000070	0.65213860	0.81370041	0.16156181	1
SCF:0000081	AC:000074	0.65199086	0.56437644	-0.08761442	0
SCF:0000082	AC:000074	0.65199086	0.54365656	-0.10833430	0
SCF:0000083	AC:000074	0.65199086	0.74257234	0.09058148	1
SCF:0000084	AC:000077	0.45220825	0.56736216	0.11515391	1
SCF:0000085	AC:000077	0.45220825	0.58163706	0.12942881	1
SCF:0000086	AC:000077	0.45220825	0.46111269	0.00890444	1
SCF:0000087	AC:000078	0.55019092	0.55061721	0.00042629	1
SCF:0000088	AC:000079	0.41588633	0.64998129	0.23409496	1
SCF:0000089	AC:000081	0.78822686	0.75876309	-0.02946377	0
SCF:0000090	AC:000081	0.78822686	0.81883752	0.03061066	1
SCF:0000091	AC:000083	0.94040909	0.92471406	-0.01569503	0
SCF:0000092	AC:000083	0.94040909	0.87397068	-0.06643841	0
SCF:0000093	AC:000085	0.63275037	0.95891893	0.32616856	1
SCF:0000094	AC:000085	0.63275037	0.73743603	0.10468566	1
SCF:0000095	AC:000087	0.33631162	0.23091525	-0.10539637	0
SCF:0000096	AC:000089	0.90774244	0.90774244	0.00000000	0.5
SCF:0000097	AC:000091	0.65156379	0.49360317	-0.15796062	0
SCF:0000098	AC:000091	0.65156379	0.52833381	-0.12322998	0
SCF:0000099	AC:000091	0.65156379	0.43476588	-0.21679791	0
SCF:0000100	AC:000091	0.65156379	0.60817167	-0.04339212	0
SCF:0000101	AC:000091	0.65156379	0.90174192	0.25017813	1
SCF:0000102	AC:000094	0.56863599	0.52359712	-0.04503887	0
SCF:0000103	AC:000094	0.56863599	0.71885030	0.15021431	1
SCF:0000104	AC:000094	0.56863599	0.64606168	0.07742569	1
SCF:0000105	AC:000095	0.79774985	0.70828731	-0.08946254	0
SCF:0000106	AC:000096	0.78727702	0.72923395	-0.05804307	0
SCF:0000107	AC:000097	0.44210226	0.49597124	0.05386898	1
SCF:0000108	AC:000097	0.44210226	0.37374164	-0.06836062	0
SCF:0000109	AC:000099	0.87877319	0.75392446	-0.12484873	0
SCF:0000110	AC:000099	0.87877319	0.86125177	-0.01752142	0
SCF:0000111	AC:000099	0.87877319	0.69220793	-0.18656526	0
SCF:0000112	AC:000100	0.77655322	0.56437644	-0.21217678	0
SCF:0000113	AC:000103	0.60148097	0.77331954	0.17183857	1
SCF:0000114	AC:000107	0.25084795	0.28303308	0.03218513	1
SCF:0000115	AC:000107	0.25084795	0.37124154	0.12039359	1
SCF:0000116	AC:000107	0.25084795	0.27346028	0.02261233	1
SCF:0000117	AC:000110	0.66729516	0.54597352	-0.12132164	0
SCF:0000118	AC:000111	0.95507669	0.95728949	0.00221280	1
SCF:0000119	AC:000113	0.45052469	0.62172511	0.17120042	1
SCF:0000120	AC:000113	0.45052469	0.64074499	0.19022030	1
SCF:0000121	AC:000114	0.53695512	0.67490250	0.13794738	1
SCF:0000122	AC:000114	0.53695512	0.49707068	-0.03988444	0
SCF:0000123	AC:000116	0.72362707	0.82976710	0.10614003	1
SCF:0000124	AC:000118	0.98233977	0.98894503	0.00660526	1
SCF:0000125	AC:000118	0.98233977	0.95639821	-0.02594156	0
SCF:0000126	AC:000119	0.18602884	0.63625520	0.45022636	1
SCF:0000127	AC:000120	0.85488904	0.61021853	-0.24467051	0
SCF:0000128	AC:000120	0.85488904	0.96645036	0.11156132	1
SCF:0000129	AC:000120	0.85488904	0.66059238	-0.19429666	0
SCF:0000130	AC:000121	0.84142760	0.77221653	-0.06921107	0
SCF:0000131	AC:000122	0.42159993	0.36023579	-0.06136414	0
SCF:0000132	AC:000123	0.68711869	0.74066924	0.05355055	1
SCF:0000133	AC:000123	0.68711869	0.59267954	-0.09443915	0
SCF:0000134	AC:000124	0.61569801	0.86231484	0.24661683	1
SCF:0000135	AC:000124	0.61569801	0.62795884	0.01226083	1
SCF:0000136	AC:000124	0.61569801	0.55986799	-0.05583002	0
SCF:0000137	AC:000125	0.47591619	0.57441842	0.09850223	1
SCF:0000138	AC:000125	0.47591619	0.43299779	-0.04291840	0
SCF:0000139	AC:000126	0.97955161	0.98100573	0.00145412	1
SCF:0000140	AC:000126	0.97955161	0.98354506	0.00399345	1
SCF:0000141	AC:000126	0.97955161	0.98772115	0.00816954	1
SCF:0000142	AC:000126	0.97955161	0.98562971	0.00607810	1
SCF:0000143	AC:000127	0.82070970	0.75124228	-0.06946742	0
SCF:0000144	AC:000129	0.84510362	0.85566524	0.01056162	1
SCF:0000145	AC:000129	0.84510362	0.69612924	-0.14897438	0
SCF:0000146	AC:000129	0.84510362	0.67594859	-0.16915503	0
SCF:0000147	AC:000129	0.84510362	0.72659853	-0.11850509	0
SCF:0000148	AC:000132	0.46185974	0.41050908	-0.05135066	0
SCF:0000149	AC:000132	0.46185974	0.59074261	0.12888287	1
SCF:0000150	AC:000132	0.46185974	0.37680137	-0.08505837	0
SCF:0000151	AC:000133	0.96479511	0.96417686	-0.00061825	0
SCF:0000152	AC:000133	0.96479511	0.97064596	0.00585085	1
SCF:0000153	AC:000133	0.96479511	0.96326950	-0.00152561	0
SCF:0000154	AC:000135	0.54416818	0.64074499	0.09657681	1
SCF:0000155	AC:000136	0.51885262	0.83018210	0.31132948	1
SCF:0000156	AC:000138	0.81744740	0.90157053	0.08412313	1
SCF:0000157	AC:000138	0.81744740	0.88735989	0.06991249	1
SCF:0000158	AC:000139	0.93305083	0.93582440	0.00277357	1
SCF:0000159	AC:000140	0.94235065	0.81935087	-0.12299978	0
SCF:0000160	AC:000140	0.94235065	0.78460226	-0.15774839	0
SCF:0000161	AC:000142	0.98721463	0.98500872	-0.00220591	0
SCF:0000162	AC:000142	0.98721463	0.98370406	-0.00351057	0
SCF:0000163	AC:000142	0.98721463	0.97007895	-0.01713568	0
SCF:0000164	AC:000143	0.36798958	0.30539292	-0.06259666	0
SCF:0000165	AC:000144	0.88187063	0.83625879	-0.04561184	0
SCF:0000166	AC:000144	0.88187063	0.58840178	-0.29346885	0
SCF:0000167	AC:000144	0.88187063	0.53168960	-0.35018103	0
SCF:0000168	AC:000145	0.97431532	0.96481795	-0.00949737	0
SCF:0000169	AC:000146	0.70728493	0.63924104	-0.06804389	0
SCF:0000170	AC:000146	0.70728493	0.72220376	0.01491883	1
SCF:0000171	AC:000148	0.30667979	0.31964976	0.01296997	1
SCF:0000172	AC:000148	0.30667979	0.32519548	0.01851569	1
SCF:0000173	AC:000148	0.30667979	0.31858795	0.01190816	1
SCF:0000174	AC:000150	0.89347109	0.94643727	0.05296618	1
SCF:0000175	AC:000150	0.89347109	0.94156689	0.04809580	1
SCF:0000176	AC:000153	0.91104249	0.94982007	0.03877758	1
SCF:0000177	AC:000153	0.91104249	0.94539240	0.03434991	1
SCF:0000178	AC:000153	0.91104249	0.92659804	0.01555555	1
SCF:0000179	AC:000153	0.91104249	0.93033031	0.01928782	1
SCF:0000180	AC:000153	0.91104249	0.88324800	-0.02779449	0
SCF:0000181	AC:000153	0.91104249	0.78340977	-0.12763272	0
SCF:0000182	AC:000156	0.20856695	0.33583504	0.12726809	1
SCF:0000183	AC:000156	0.20856695	0.32876853	0.12020158	1
SCF:0000184	AC:000158	0.65038577	0.75312933	0.10274356	1
SCF:0000185	AC:000158	0.65038577	0.77353885	0.12315308	1
SCF:0000186	AC:000161	0.41433489	0.58708110	0.17274621	1
SCF:0000187	AC:000162	0.70563765	0.63643447	-0.06920318	0
SCF:0000188	AC:000163	0.94470852	0.93662553	-0.00808299	0
SCF:0000189	AC:000163	0.94470852	0.92581040	-0.01889812	0
SCF:0000190	AC:000164	0.88039065	0.72314823	-0.15724242	0
SCF:0000191	AC:000164	0.88039065	0.84090704	-0.03948361	0
SCF:0000192	AC:000165	0.52887080	0.51531277	-0.01355803	0
SCF:0000193	AC:000165	0.52887080	0.24044697	-0.28842383	0
SCF:0000194	AC:000166	0.99709934	0.99854807	0.00144873	1
SCF:0000195	AC:000167	0.76427070	0.85121797	0.08694727	1
SCF:0000196	AC:000167	0.76427070	0.84744527	0.08317457	1
SCF:0000197	AC:000168	0.87654251	0.91373009	0.03718758	1
SCF:0000198	AC:000170	0.76336622	0.75834987	-0.00501635	0
SCF:0000199	AC:000171	0.62786535	0.51342195	-0.11444340	0
SCF:0000200	AC:000171	0.62786535	0.67363215	0.04576680	1
SCF:0000201	AC:000171	0.62786535	0.45491158	-0.17295377	0
SCF:0000202	AC:000171	0.62786535	0.73318022	0.10531487	1
SCF:0000203	AC:000171	0.62786535	0.54922052	-0.07864483	0
SCF:0000204	AC:000174	0.98567766	0.46658746	-0.51909020	0
SCF:0000205	AC:000174	0.98567766	0.93200693	-0.05367073	0
SCF:0000206	AC:000176	0.36790999	0.51342195	0.14551196	1
SCF:0000207	AC:000176	0.36790999	0.67363215	0.30572216	1
SCF:0000208	AC:000176	0.36790999	0.47228890	0.10437891	1
SCF:0000209	AC:000177	0.33330055	0.37124154	0.03794099	1
SCF:0000210	AC:000177	0.33330055	0.28303308	-0.05026747	0
SCF:0000211	AC:000177	0.33330055	0.29503612	-0.03826443	0
SCF:0000212	AC:000178	0.30888546	0.29503612	-0.01384934	0
SCF:0000213	AC:000178	0.30888546	0.40169421	0.09280875	1
SCF:0000214	AC:000178	0.30888546	0.27346028	-0.03542518	0
SCF:0000215	AC:000179	0.64179114	0.83873343	0.19694229	1
SCF:0000216	AC:000180	0.87803897	0.88953857	0.01149960	1
SCF:0000217	AC:000180	0.87803897	0.89298709	0.01494812	1
SCF:0000218	AC:000182	0.99417370	0.99059889	-0.00357481	0
SCF:0000219	AC:000184	0.63115826	0.51280299	-0.11835527	0
SCF:0000220	AC:000184	0.63115826	0.64176620	0.01060794	1
SCF:0000221	AC:000184	0.63115826	0.89590777	0.26474951	1
SCF:0000222	AC:000184	0.63115826	0.82460331	0.19344505	1
SCF:0000223	AC:000185	0.88230177	0.56643566	-0.31586611	0
SCF:0000224	AC:000186	0.39536713	0.39991647	0.00454934	1
SCF:0000225	AC:000187	0.74204828	0.80299981	0.06095153	1
SCF:0000226	AC:000187	0.74204828	0.94526887	0.20322059	1
SCF:0000227	AC:000187	0.74204828	0.73211765	-0.00993063	0
SCF:0000228	AC:000187	0.74204828	0.70234816	-0.03970012	0
SCF:0000229	AC:000187	0.74204828	0.53029795	-0.21175033	0
SCF:0000230	AC:000187	0.74204828	0.51540323	-0.22664505	0
SCF:0000231	AC:000188	0.49326431	0.43005490	-0.06320941	0
SCF:0000232	AC:000190	0.32397275	0.49669676	0.17272401	1
SCF:0000233	AC:000190	0.32397275	0.52452961	0.20055686	1
SCF:0000234	AC:000190	0.32397275	0.50434765	0.18037490	1
SCF:0000235	AC:000192	0.99701220	0.99546194	-0.00155026	0
SCF:0000236	AC:000192	0.99701220	0.99040931	-0.00660289	0
SCF:0000237	AC:000193	0.68838332	0.84841612	0.16003280	1
SCF:0000238	AC:000193	0.68838332	0.73013568	0.04175236	1
SCF:0000239	AC:000193	0.68838332	0.80741221	0.11902889	1
SCF:0000240	AC:000194	0.60160966	0.52543580	-0.07617386	0
SCF:0000241	AC:000194	0.60160966	0.69594624	0.09433658	1
SCF:0000242	AC:000195	0.97319168	0.97216305	-0.00102863	0
SCF:0000243	AC:000195	0.97319168	0.93904356	-0.03414812	0
SCF:0000244	AC:000195	0.97319168	0.96930775	-0.00388393	0
SCF:0000245	AC:000198	0.95812851	0.94969249	-0.00843602	0
SCF:0000246	AC:000199	0.58656597	0.51412341	-0.07244256	0
SCF:0000247	AC:000199	0.58656597	0.72475380	0.13818783	1
SCF:0000248	AC:000200	0.61584735	0.63296347	0.01711612	1
SCF:0000249	AC:000200	0.61584735	0.63381504	0.01796769	1
SCF:0000250	AC:000200	0.61584735	0.82419569	0.20834834	1
SCF:0000251	AC:000200	0.61584735	0.72201030	0.10616295	1
SCF:0000252	AC:000200	0.61584735	0.83421690	0.21836955	1
SCF:0000253	AC:000201	0.75863749	0.98417613	0.22553864	1
SCF:0000254	AC:000202	0.51504814	0.54410808	0.02905994	1
SCF:0000255	AC:000203	0.61326590	0.59475562	-0.01851028	0
SCF:0000256	AC:000203	0.61326590	0.22344715	-0.38981875	0
SCF:0000257	AC:000203	0.61326590	0.52640712	-0.08685878	0
SCF:0000258	AC:000203	0.61326590	0.56094942	-0.05231648	0
SCF:0000259	AC:000204	0.96103117	0.88189388	-0.07913729	0
SCF:0000260	AC:000205	0.35520455	0.27227453	-0.08293002	0
SCF:0000261	AC:000205	0.35520455	0.55199288	0.19678833	1
SCF:0000262	AC:000208	0.78002589	0.98413218	0.20410629	1
SCF:0000263	AC:000208	0.78002589	0.93704760	0.15702171	1
SCF:0000264	AC:000208	0.78002589	0.46598139	-0.31404450	0
SCF:0000265	AC:000208	0.78002589	0.41564334	-0.36438255	0
SCF:0000266	AC:000209	0.51584017	0.42702755	-0.08881262	0
SCF:0000267	AC:000209	0.51584017	0.41468915	-0.10115102	0
SCF:0000268	AC:000210	0.45471010	0.39381412	-0.06089598	0
SCF:0000269	AC:000210	0.45471010	0.41837050	-0.03633960	0
SCF:0000270	AC:000211	0.82455042	0.85204381	0.02749339	1
SCF:0000271	AC:000212	0.65987444	0.80783308	0.14795864	1
SCF:0000272	AC:000212	0.65987444	0.67175490	0.01188046	1
SCF:0000273	AC:000213	0.81133929	0.85204381	0.04070452	1
SCF:0000274	AC:000214	0.39626085	0.50168195	0.10542110	1
SCF:0000275	AC:000214	0.39626085	0.49344403	0.09718318	1
SCF:0000276	AC:000216	0.66491778	0.62220214	-0.04271564	0
SCF:0000277	AC:000216	0.66491778	0.74836660	0.08344882	1
SCF:0000278	AC:000218	0.71787534	0.79411796	0.07624262	1
SCF:0000279	AC:000218	0.71787534	0.74763360	0.02975826	1
SCF:0000280	AC:000220	0.44980164	0.32024012	-0.12956152	0
SCF:0000281	AC:000220	0.44980164	0.64969315	0.19989151	1
SCF:0000282	AC:000221	0.98559747	0.94123092	-0.04436655	0
SCF:0000283	AC:000221	0.98559747	0.96684644	-0.01875103	0
SCF:0000284	AC:000221	0.98559747	0.97326186	-0.01233561	0
SCF:0000285	AC:000221	0.98559747	0.98227555	-0.00332192	0
SCF:0000286	AC:000221	0.98559747	0.97672671	-0.00887076	0
SCF:0000287	AC:000221	0.98559747	0.94385594	-0.04174153	0
SCF:0000288	AC:000222	0.61480679	0.56122030	-0.05358649	0
SCF:0000289	AC:000223	0.92929193	0.87892054	-0.05037139	0
SCF:0000290	AC:000223	0.92929193	0.91099198	-0.01829995	0
SCF:0000291	AC:000224	0.49451787	0.48585691	-0.00866096	0
SCF:0000292	AC:000226	0.72466543	0.84071118	0.11604575	1
SCF:0000293	AC:000226	0.72466543	0.70890173	-0.01576370	0
SCF:0000294	AC:000227	0.53498364	0.59563069	0.06064705	1
SCF:0000295	AC:000227	0.53498364	0.66811263	0.13312899	1
SCF:0000296	AC:000227	0.53498364	0.62446506	0.08948142	1
SCF:0000297	AC:000228	0.55797437	0.69057759	0.13260322	1
SCF:0000298	AC:000228	0.55797437	0.47391868	-0.08405569	0
SCF:0000299	AC:000229	0.29288993	0.49746947	0.20457954	1
SCF:0000300	AC:000229	0.29288993	0.34975940	0.05686947	1
SCF:0000301	AC:000230	0.49735332	0.57125764	0.07390432	1
SCF:0000302	AC:000230	0.49735332	0.70709591	0.20974259	1
SCF:0000303	AC:000230	0.49735332	0.83120298	0.33384966	1
SCF:0000304	AC:000230	0.49735332	0.47388570	-0.02346762	0
SCF:0000305	AC:000231	0.18543740	0.36179049	0.17635309	1
SCF:0000306	AC:000231	0.18543740	0.36188805	0.17645065	1
SCF:0000307	AC:000231	0.18543740	0.38260977	0.19717237	1
SCF:0000308	AC:000233	0.37905175	0.75083339	0.37178164	1
SCF:0000309	AC:000235	0.70467436	0.62068847	-0.08398589	0
SCF:0000310	AC:000235	0.70467436	0.62127528	-0.08339908	0
SCF:0000311	AC:000235	0.70467436	0.65103495	-0.05363941	0
SCF:0000312	AC:000235	0.70467436	0.70960442	0.00493006	1
SCF:0000313	AC:000235	0.70467436	0.71373087	0.00905651	1
SCF:0000314	AC:000235	0.70467436	0.70737550	0.00270114	1
SCF:0000315	AC:000236	0.66725817	0.66197995	-0.00527822	0
SCF:0000316	AC:000236	0.66725817	0.57733461	-0.08992356	0
SCF:0000317	AC:000236	0.66725817	0.53574521	-0.13151296	0
SCF:0000318	AC:000237	0.87287381	0.90157053	0.02869672	1
SCF:0000319	AC:000237	0.87287381	0.88735989	0.01448608	1
SCF:0000320	AC:000237	0.87287381	0.71350588	-0.15936793	0
SCF:0000321	AC:000240	0.26158498	0.18193598	-0.07964900	0
SCF:0000322	AC:000243	0.49192397	0.64713423	0.15521026	1
SCF:0000323	AC:000243	0.49192397	0.41813704	-0.07378693	0
SCF:0000324	AC:000243	0.49192397	0.51997227	0.02804830	1
SCF:0000325	AC:000245	0.67236106	0.64647520	-0.02588586	0
SCF:0000326	AC:000246	0.71774164	0.79053136	0.07278972	1
SCF:0000327	AC:000247	0.55180947	0.62220214	0.07039267	1
SCF:0000328	AC:000247	0.55180947	0.72510743	0.17329796	1
SCF:0000329	AC:000250	0.58819775	0.70233387	0.11413612	1
SCF:0000330	AC:000251	0.50852832	0.51856280	0.01003448	1
SCF:0000331	AC:000251	0.50852832	0.49360317	-0.01492515	0
SCF:0000332	AC:000251	0.50852832	0.49432179	-0.01420653	0
SCF:0000333	AC:000251	0.50852832	0.46687958	-0.04164874	0
SCF:0000334	AC:000251	0.50852832	0.88880735	0.38027903	1
SCF:0000335	AC:000255	0.52436427	0.57710863	0.05274436	1
SCF:0000336	AC:000257	0.52506318	0.45969232	-0.06537086	0
SCF:0000337	AC:000258	0.52462453	0.73222348	0.20759895	1
SCF:0000338	AC:000258	0.52462453	0.63201311	0.10738858	1
SCF:0000339	AC:000258	0.52462453	0.76440579	0.23978126	1
SCF:0000340	AC:000259	0.48138432	0.48064692	-0.00073740	0
SCF:0000341	AC:000259	0.48138432	0.58285380	0.10146948	1
SCF:0000342	AC:000259	0.48138432	0.63474776	0.15336344	1
SCF:0000343	AC:000259	0.48138432	0.53385997	0.05247565	1
SCF:0000344	AC:000260	0.29480791	0.26460669	-0.03020122	0
SCF:0000345	AC:000260	0.29480791	0.38562662	0.09081871	1
SCF:0000346	AC:000260	0.29480791	0.41037295	0.11556504	1
SCF:0000347	AC:000263	0.68296278	0.77076742	0.08780464	1
SCF:0000348	AC:000267	0.52242575	0.67143124	0.14900549	1
SCF:0000349	AC:000268	0.59424141	0.75624841	0.16200700	1
SCF:0000350	AC:000268	0.59424141	0.62687695	0.03263554	1
SCF:0000351	AC:000268	0.59424141	0.62136028	0.02711887	1
SCF:0000352	AC:000272	0.34954417	0.45648524	0.10694107	1
SCF:0000353	AC:000272	0.34954417	0.51076958	0.16122541	1
SCF:0000354	AC:000273	0.50251872	0.48872118	-0.01379754	0
SCF:0000355	AC:000273	0.50251872	0.32337359	-0.17914513	0
SCF:0000356	AC:000273	0.50251872	0.42698074	-0.07553798	0
SCF:0000357	AC:000273	0.50251872	0.46548707	-0.03703165	0
SCF:0000358	AC:000273	0.50251872	0.52909120	0.02657248	1
SCF:0000359	AC:000276	0.65744966	0.56736216	-0.09008750	0
SCF:0000360	AC:000276	0.65744966	0.66017639	0.00272673	1
SCF:0000361	AC:000276	0.65744966	0.68273443	0.02528477	1
SCF:0000362	AC:000276	0.65744966	0.61724714	-0.04020252	0
SCF:0000363	AC:000278	0.38162695	0.39801249	0.01638554	1
SCF:0000364	AC:000281	0.57949528	0.38004643	-0.19944885	0
SCF:0000365	AC:000283	0.62266543	0.60767530	-0.01499013	0
SCF:0000366	AC:000284	0.69364237	0.65757147	-0.03607090	0
SCF:0000367	AC:000284	0.69364237	0.66506354	-0.02857883	0
SCF:0000368	AC:000284	0.69364237	0.66496654	-0.02867583	0
SCF:0000369	AC:000284	0.69364237	0.73287716	0.03923479	1
SCF:0000370	AC:000284	0.69364237	0.62975542	-0.06388695	0
SCF:0000371	AC:000285	0.85572710	0.69470257	-0.16102453	0
SCF:0000372	AC:000286	0.78472963	0.82769812	0.04296849	1
SCF:0000373	AC:000286	0.78472963	0.74763360	-0.03709603	0
SCF:0000374	AC:000287	0.97755921	0.98222360	0.00466439	1
SCF:0000375	AC:000287	0.97755921	0.97632644	-0.00123277	0
SCF:0000376	AC:000287	0.97755921	0.97333446	-0.00422475	0
SCF:0000377	AC:000287	0.97755921	0.95690125	-0.02065796	0
SCF:0000378	AC:000287	0.97755921	0.97526723	-0.00229198	0
SCF:0000379	AC:000287	0.97755921	0.96222648	-0.01533273	0
SCF:0000380	AC:000288	0.71542069	0.73344144	0.01802075	1
SCF:0000381	AC:000288	0.71542069	0.70883066	-0.00659003	0
SCF:0000382	AC:000292	0.26085716	0.43894077	0.17808361	1
SCF:0000383	AC:000292	0.26085716	0.77815360	0.51729644	1
SCF:0000384	AC:000294	0.47852227	0.68072236	0.20220009	1
SCF:0000385	AC:000294	0.47852227	0.47852232	0.00000005	1
SCF:0000386	AC:000295	0.64832836	0.68840087	0.04007251	1
SCF:0000387	AC:000295	0.64832836	0.67245287	0.02412451	1
SCF:0000388	AC:000296	0.99277270	0.93074822	-0.06202448	0
SCF:0000389	AC:000298	0.28061043	0.43131328	0.15070285	1
SCF:0000390	AC:000298	0.28061043	0.28477673	0.00416630	1
SCF:0000391	AC:000298	0.28061043	0.28303308	0.00242265	1
SCF:0000392	AC:000299	0.62366966	0.69895512	0.07528546	1
SCF:0000393	AC:000299	0.62366966	0.71144518	0.08777552	1
SCF:0000394	AC:000299	0.62366966	0.73543975	0.11177009	1
SCF:0000395	AC:000300	0.87217792	0.93363890	0.06146098	1
SCF:0000396	AC:000301	0.53115005	0.47086582	-0.06028423	0
SCF:0000397	AC:000302	0.98730469	0.98266208	-0.00464261	0
SCF:0000398	AC:000303	0.99651280	0.99799976	0.00148696	1
SCF:0000399	AC:000303	0.99651280	0.99799976	0.00148696	1
SCF:0000400	AC:000303	0.99651280	0.99590888	-0.00060392	0
SCF:0000401	AC:000307	0.65524512	0.51900316	-0.13624196	0
SCF:0000402	AC:000307	0.65524512	0.73232286	0.07707774	1
SCF:0000403	AC:000307	0.65524512	0.81603005	0.16078493	1
SCF:0000404	AC:000309	0.74028406	0.59094875	-0.14933531	0
SCF:0000405	AC:000309	0.74028406	0.74764498	0.00736092	1
SCF:0000406	AC:000310	0.57116421	0.61084378	0.03967957	1
SCF:0000407	AC:000311	0.99226993	0.98981118	-0.00245875	0
SCF:0000408	AC:000311	0.99226993	0.99041280	-0.00185713	0
SCF:0000409	AC:000311	0.99226993	0.99052021	-0.00174972	0
SCF:0000410	AC:000313	0.44152954	0.49735495	0.05582541	1
SCF:0000411	AC:000316	0.92622289	0.86653580	-0.05968709	0
SCF:0000412	AC:000316	0.92622289	0.87936736	-0.04685553	0
SCF:0000413	AC:000316	0.92622289	0.78054164	-0.14568125	0
SCF:0000414	AC:000317	0.74963010	0.62072616	-0.12890394	0
SCF:0000415	AC:000317	0.74963010	0.67541479	-0.07421531	0
SCF:0000416	AC:000317	0.74963010	0.51904954	-0.23058056	0
SCF:0000417	AC:000319	0.51744139	0.60543903	0.08799764	1
SCF:0000418	AC:000320	0.32339884	0.54784743	0.22444859	1
SCF:0000419	AC:000323	0.49735593	0.58029579	0.08293986	1
SCF:0000420	AC:000324	0.38774367	0.45656324	0.06881957	1
SCF:0000421	AC:000325	0.92746760	0.31547892	-0.61198868	0
SCF:0000422	AC:000328	0.95116140	0.96481795	0.01365655	1
SCF:0000423	AC:000328	0.95116140	0.92194420	-0.02921720	0
SCF:0000424	AC:000329	0.71511440	0.87425794	0.15914354	1
SCF:0000425	AC:000329	0.71511440	0.82630586	0.11119146	1
SCF:0000426	AC:000329	0.71511440	0.81875844	0.10364404	1
SCF:0000427	AC:000329	0.71511440	0.61207846	-0.10303594	0
SCF:0000428	AC:000329	0.71511440	0.51709855	-0.19801585	0
SCF:0000429	AC:000330	0.40679706	0.49746947	0.09067241	1
SCF:0000430	AC:000330	0.40679706	0.34975940	-0.05703766	0
SCF:0000431	AC:000331	0.53070344	0.56623058	0.03552714	1
SCF:0000432	AC:000331	0.53070344	0.70262766	0.17192422	1
SCF:0000433	AC:000331	0.53070344	0.49415420	-0.03654924	0
SCF:0000434	AC:000333	0.72487483	0.65474696	-0.07012787	0
SCF:0000435	AC:000334	0.67772660	0.69228495	0.01455835	1
SCF:0000436	AC:000334	0.67772660	0.86094569	0.18321909	1
SCF:0000437	AC:000334	0.67772660	0.78093052	0.10320392	1
SCF:0000438	AC:000335	0.89840558	0.95156288	0.05315730	1
SCF:0000439	AC:000335	0.89840558	0.88909068	-0.00931490	0
SCF:0000440	AC:000336	0.15635162	0.36188805	0.20553643	1
SCF:0000441	AC:000336	0.15635162	0.38260977	0.22625815	1
SCF:0000442	AC:000336	0.15635162	0.36179049	0.20543887	1
SCF:0000443	AC:000338	0.30326216	0.43704563	0.13378347	1
SCF:0000444	AC:000338	0.30326216	0.55657734	0.25331518	1
SCF:0000445	AC:000338	0.30326216	0.83266726	0.52940510	1
SCF:0000446	AC:000339	0.56365969	0.49597124	-0.06768845	0
SCF:0000447	AC:000339	0.56365969	0.37374164	-0.18991805	0
SCF:0000448	AC:000340	0.60802885	0.83109733	0.22306848	1
SCF:0000449	AC:000340	0.60802885	0.70758337	0.09955452	1
SCF:0000450	AC:000342	0.92634573	0.93049139	0.00414566	1
SCF:0000451	AC:000342	0.92634573	0.97000265	0.04365692	1
SCF:0000452	AC:000343	0.68893712	0.58009182	-0.10884530	0
SCF:0000453	AC:000343	0.68893712	0.60171519	-0.08722193	0
SCF:0000454	AC:000345	0.60819150	0.56097680	-0.04721470	0
SCF:0000455	AC:000345	0.60819150	0.81697971	0.20878821	1
SCF:0000456	AC:000346	0.92116350	0.93795887	0.01679537	1
SCF:0000457	AC:000346	0.92116350	0.92928890	0.00812540	1
SCF:0000458	AC:000346	0.92116350	0.87252131	-0.04864219	0
SCF:0000459	AC:000348	0.52553931	0.38570765	-0.13983166	0
SCF:0000460	AC:000352	0.45458017	0.50492271	0.05034254	1
SCF:0000461	AC:000355	0.48631855	0.46605650	-0.02026205	0
SCF:0000462	AC:000355	0.48631855	0.50189898	0.01558043	1
SCF:0000463	AC:000356	0.49868263	0.42592734	-0.07275529	0
SCF:0000464	AC:000357	0.90937221	0.86148709	-0.04788512	0
SCF:0000465	AC:000359	0.62628273	0.65263922	0.02635649	1
SCF:0000466	AC:000359	0.62628273	0.71885030	0.09256757	1
SCF:0000467	AC:000359	0.62628273	0.64606168	0.01977895	1
SCF:0000468	AC:000366	0.88271414	0.81493404	-0.06778010	0
SCF:0000469	AC:000371	0.52518546	0.40680537	-0.11838009	0
SCF:0000470	AC:000371	0.52518546	0.47066830	-0.05451716	0
SCF:0000471	AC:000375	0.97739613	0.86174846	-0.11564767	0
SCF:0000472	AC:000376	0.70779873	0.70010040	-0.00769833	0
SCF:0000473	AC:000376	0.70779873	0.71312905	0.00533032	1
SCF:0000474	AC:000376	0.70779873	0.46229583	-0.24550290	0
SCF:0000475	AC:000381	0.94135624	0.92581040	-0.01554584	0
SCF:0000476	AC:000381	0.94135624	0.93564270	-0.00571354	0
SCF:0000477	AC:000384	0.58815071	0.72998824	0.14183753	1
SCF:0000478	AC:000384	0.58815071	0.87751132	0.28936061	1
SCF:0000479	AC:000384	0.58815071	0.64761823	0.05946752	1
SCF:0000480	AC:000384	0.58815071	0.68657735	0.09842664	1
SCF:0000481	AC:000384	0.58815071	0.79814259	0.20999188	1
SCF:0000482	AC:000385	0.51674453	0.61044507	0.09370054	1
SCF:0000483	AC:000387	0.95123677	0.90052149	-0.05071528	0
SCF:0000484	AC:000388	0.98429632	0.99112248	0.00682616	1
SCF:0000485	AC:000388	0.98429632	0.99307420	0.00877788	1
SCF:0000486	AC:000392	0.37991116	0.50434765	0.12443649	1
SCF:0000487	AC:000393	0.65513105	0.52487918	-0.13025187	0
SCF:0000488	AC:000393	0.65513105	0.48924958	-0.16588147	0
SCF:0000489	AC:000393	0.65513105	0.63976901	-0.01536204	0
SCF:0000490	AC:000393	0.65513105	0.66644714	0.01131609	1
SCF:0000491	AC:000393	0.65513105	0.56156396	-0.09356709	0
SCF:0000492	AC:000393	0.65513105	0.67220601	0.01707496	1
SCF:0000493	AC:000394	0.74063086	0.53952420	-0.20110666	0
SCF:0000494	AC:000394	0.74063086	0.89340562	0.15277476	1
SCF:0000495	AC:000394	0.74063086	0.65863929	-0.08199157	0
SCF:0000496	AC:000399	0.51345232	0.61267736	0.09922504	1
SCF:0000497	AC:000399	0.51345232	0.44916045	-0.06429187	0
SCF:0000498	AC:000400	0.34516669	0.51461556	0.16944887	1
SCF:0000499	AC:000400	0.34516669	0.51358554	0.16841885	1
SCF:0000500	AC:000402	0.99313000	0.62545494	-0.36767506	0
SCF:0000501	AC:000402	0.99313000	0.95861369	-0.03451631	0
SCF:0000502	AC:000404	0.70041081	0.74840033	0.04798952	1
SCF:0000503	AC:000404	0.70041081	0.67363194	-0.02677887	0
SCF:0000504	AC:000404	0.70041081	0.51342193	-0.18698888	0
SCF:0000505	AC:000407	0.51220782	0.52016681	0.00795899	1
SCF:0000506	AC:000410	0.88789469	0.95448336	0.06658867	1
SCF:0000507	AC:000412	0.58798872	0.89817384	0.31018512	1
SCF:0000508	AC:000412	0.58798872	0.89817384	0.31018512	1
SCF:0000509	AC:000412	0.58798872	0.77591398	0.18792526	1
SCF:0000510	AC:000414	0.38344001	0.37803982	-0.00540019	0
SCF:0000511	AC:000414	0.38344001	0.33350810	-0.04993191	0
SCF:0000512	AC:000414	0.38344001	0.44374532	0.06030531	1
SCF:0000513	AC:000419	0.53234366	0.47622254	-0.05612112	0
SCF:0000514	AC:000419	0.53234366	0.49981356	-0.03253010	0
SCF:0000515	AC:000419	0.53234366	0.56127548	0.02893182	1
SCF:0000516	AC:000422	0.74122525	0.88735989	0.14613464	1
SCF:0000517	AC:000422	0.74122525	0.90157053	0.16034528	1
SCF:0000518	AC:000424	0.98473230	0.81745580	-0.16727650	0
SCF:0000519	AC:000425	0.99701098	0.99599084	-0.00102014	0
SCF:0000520	AC:000426	0.92100528	0.78195756	-0.13904772	0
SCF:0000521	AC:000427	0.46191717	0.67234015	0.21042298	1
SCF:0000522	AC:000427	0.46191717	0.41380422	-0.04811295	0
SCF:0000523	AC:000427	0.46191717	0.51855743	0.05664026	1
SCF:0000524	AC:000427	0.46191717	0.61299395	0.15107678	1
SCF:0000525	AC:000427	0.46191717	0.65070829	0.18879112	1
SCF:0000526	AC:000428	0.70659022	0.90477389	0.19818367	1
SCF:0000527	AC:000429	0.50462735	0.47284205	-0.03178530	0
SCF:0000528	AC:000429	0.50462735	0.44361147	-0.06101588	0
SCF:0000529	AC:000430	0.94997448	0.89533662	-0.05463786	0
SCF:0000530	AC:000430	0.94997448	0.57402541	-0.37594907	0
SCF:0000531	AC:000430	0.94997448	0.86774689	-0.08222759	0
SCF:0000532	AC:000430	0.94997448	0.71368212	-0.23629236	0
SCF:0000533	AC:000432	0.51390788	0.70262766	0.18871978	1
SCF:0000534	AC:000432	0.51390788	0.56623058	0.05232270	1
SCF:0000535	AC:000432	0.51390788	0.49415420	-0.01975368	0
SCF:0000536	AC:000433	0.98714936	0.98455476	-0.00259460	0
SCF:0000537	AC:000433	0.98714936	0.99112248	0.00397312	1
SCF:0000538	AC:000433	0.98714936	0.99307420	0.00592484	1
SCF:0000539	AC:000437	0.67108756	0.89250780	0.22142024	1
SCF:0000540	AC:000438	0.82506078	0.77831648	-0.04674430	0
SCF:0000541	AC:000438	0.82506078	0.83417604	0.00911526	1
SCF:0000542	AC:000438	0.82506078	0.77378855	-0.05127223	0
SCF:0000543	AC:000439	0.96493798	0.95624769	-0.00869029	0
SCF:0000544	AC:000439	0.96493798	0.61633507	-0.34860291	0
SCF:0000545	AC:000443	0.86730760	0.85639494	-0.01091266	0
SCF:0000546	AC:000444	0.97953260	0.98539907	0.00586647	1
SCF:0000547	AC:000447	0.41472615	0.55081527	0.13608912	1
SCF:0000548	AC:000450	0.60494265	0.33987683	-0.26506582	0
SCF:0000549	AC:000450	0.60494265	0.44813013	-0.15681252	0
SCF:0000550	AC:000450	0.60494265	0.79450274	0.18956009	1
SCF:0000551	AC:000451	0.75384239	0.87690649	0.12306410	1
SCF:0000552	AC:000453	0.48762681	0.35141050	-0.13621631	0
SCF:0000553	AC:000453	0.48762681	0.55323565	0.06560884	1
SCF:0000554	AC:000456	0.63748320	0.42591423	-0.21156897	0
SCF:0000555	AC:000456	0.63748320	0.44364874	-0.19383446	0
SCF:0000556	AC:000458	0.47454023	0.65896482	0.18442459	1
SCF:0000557	AC:000459	0.83627325	0.85204381	0.01577056	1
SCF:0000558	AC:000461	0.72135063	0.64521760	-0.07613303	0
SCF:0000559	AC:000461	0.72135063	0.63613410	-0.08521653	0
SCF:0000560	AC:000462	0.79179880	0.84428174	0.05248294	1
SCF:0000561	AC:000465	0.51229834	0.57483175	0.06253341	1
SCF:0000562	AC:000465	0.51229834	0.56337449	0.05107615	1
SCF:0000563	AC:000465	0.51229834	0.56337449	0.05107615	1
SCF:0000564	AC:000465	0.51229834	0.42752385	-0.08477449	0
SCF:0000565	AC:000467	0.95909029	0.93355844	-0.02553185	0
SCF:0000566	AC:000467	0.95909029	0.94132152	-0.01776877	0
SCF:0000567	AC:000467	0.95909029	0.94539240	-0.01369789	0
SCF:0000568	AC:000467	0.95909029	0.97786388	0.01877359	1
SCF:0000569	AC:000469	0.44335427	0.74461343	0.30125916	1
SCF:0000570	AC:000470	0.95645883	0.89312333	-0.06333550	0
SCF:0000571	AC:000475	0.31246162	0.44328249	0.13082087	1
SCF:0000572	AC:000477	0.47020930	0.69847066	0.22826136	1
SCF:0000573	AC:000477	0.47020930	0.59237599	0.12216669	1
SCF:0000574	AC:000479	0.74859494	0.73601517	-0.01257977	0
SCF:0000575	AC:000480	0.36952950	0.35642864	-0.01310086	0
SCF:0000576	AC:000480	0.36952950	0.44491431	0.07538481	1
SCF:0000577	AC:000480	0.36952950	0.76429057	0.39476107	1
SCF:0000578	AC:000480	0.36952950	0.43304884	0.06351934	1
SCF:0000579	AC:000480	0.36952950	0.96451795	0.59498845	1
SCF:0000580	AC:000481	0.56200181	0.78162741	0.21962560	1
SCF:0000581	AC:000482	0.99319813	0.98910535	-0.00409278	0
SCF:0000582	AC:000482	0.99319813	0.99440014	0.00120201	1
SCF:0000583	AC:000482	0.99319813	0.98304096	-0.01015717	0
SCF:0000584	AC:000485	0.85419431	0.82754067	-0.02665364	0
SCF:0000585	AC:000488	0.50468628	0.71745907	0.21277279	1
SCF:0000586	AC:000488	0.50468628	0.43041401	-0.07427227	0
SCF:0000587	AC:000489	0.41527880	0.55980658	0.14452778	1
SCF:0000588	AC:000491	0.94734791	0.96289417	0.01554626	1
SCF:0000589	AC:000492	0.60823787	0.66557920	0.05734133	1
SCF:0000590	AC:000494	0.53164936	0.65182601	0.12017665	1
SCF:0000591	AC:000496	0.54067652	0.56532163	0.02464511	1
SCF:0000592	AC:000498	0.61603591	0.62687695	0.01084104	1
SCF:0000593	AC:000498	0.61603591	0.62136028	0.00532437	1
SCF:0000594	AC:000499	0.82850461	0.83421690	0.00571229	1
SCF:0000595	AC:000499	0.82850461	0.81049770	-0.01800691	0
SCF:0000596	AC:000499	0.82850461	0.79696968	-0.03153493	0
SCF:0000597	AC:000499	0.82850461	0.63296347	-0.19554114	0
SCF:0000598	AC:000500	0.73457262	0.66766905	-0.06690357	0
SCF:0000599	AC:000502	0.45628816	0.45058423	-0.00570393	0
SCF:0000600	AC:000502	0.45628816	0.59748437	0.14119621	1
SCF:0000601	AC:000503	0.59807828	0.57076168	-0.02731660	0
SCF:0000602	AC:000503	0.59807828	0.41364673	-0.18443155	0
SCF:0000603	AC:000504	0.64629102	0.68295673	0.03666571	1
SCF:0000604	AC:000505	0.41683480	0.51798398	0.10114918	1
SCF:0000605	AC:000505	0.41683480	0.49746947	0.08063467	1
SCF:0000606	AC:000505	0.41683480	0.34975940	-0.06707540	0
SCF:0000607	AC:000505	0.41683480	0.51427954	0.09744474	1
SCF:0000608	AC:000508	0.37440554	0.26518320	-0.10922234	0
SCF:0000609	AC:000508	0.37440554	0.41219075	0.03778521	1
SCF:0000610	AC:000508	0.37440554	0.39095590	0.01655036	1
SCF:0000611	AC:000516	0.95976127	0.96951616	0.00975489	1
SCF:0000612	AC:000519	0.97329500	0.99357295	0.02027795	1
SCF:0000613	AC:000519	0.97329500	0.98045432	0.00715932	1
SCF:0000614	AC:000520	0.97791049	0.90159768	-0.07631281	0
SCF:0000615	AC:000520	0.97791049	0.90526655	-0.07264394	0
SCF:0000616	AC:000520	0.97791049	0.95944432	-0.01846617	0
SCF:0000617	AC:000520	0.97791049	0.95886109	-0.01904940	0
SCF:0000618	AC:000520	0.97791049	0.94565118	-0.03225931	0
SCF:0000619	AC:000521	0.63355759	0.79123994	0.15768235	1
SCF:0000620	AC:000521	0.63355759	0.81826952	0.18471193	1
SCF:0000621	AC:000527	0.93641296	0.91210702	-0.02430594	0
SCF:0000622	AC:000527	0.93641296	0.95147428	0.01506132	1
SCF:0000623	AC:000531	0.90814611	0.87928421	-0.02886190	0
SCF:0000624	AC:000531	0.90814611	0.90063295	-0.00751316	0
SCF:0000625	AC:000531	0.90814611	0.79692509	-0.11122102	0
SCF:0000626	AC:000532	0.91709515	0.83519977	-0.08189538	0
SCF:0000627	AC:000533	0.61097832	0.71286849	0.10189017	1
SCF:0000628	AC:000533	0.61097832	0.64761823	0.03663991	1
SCF:0000629	AC:000533	0.61097832	0.85487514	0.24389682	1
SCF:0000630	AC:000533	0.61097832	0.48025481	-0.13072351	0
SCF:0000631	AC:000533	0.61097832	0.40259926	-0.20837906	0
SCF:0000632	AC:000535	0.44481736	0.46962651	0.02480915	1
SCF:0000633	AC:000536	0.74490464	0.73344144	-0.01146320	0
SCF:0000634	AC:000536	0.74490464	0.73567691	-0.00922773	0
SCF:0000635	AC:000536	0.74490464	0.41259899	-0.33230565	0
SCF:0000636	AC:000538	0.46228953	0.41183534	-0.05045419	0
SCF:0000637	AC:000538	0.46228953	0.49714786	0.03485833	1
SCF:0000638	AC:000538	0.46228953	0.47086582	0.00857629	1
SCF:0000639	AC:000541	0.61596658	0.72386703	0.10790045	1
SCF:0000640	AC:000541	0.61596658	0.52617181	-0.08979477	0
SCF:0000641	AC:000542	0.44457822	0.52381837	0.07924015	1
SCF:0000642	AC:000542	0.44457822	0.47199578	0.02741756	1
SCF:0000643	AC:000542	0.44457822	0.48492794	0.04034972	1
SCF:0000644	AC:000544	0.51719390	0.58382426	0.06663036	1
SCF:0000645	AC:000548	0.72300506	0.72960582	0.00660076	1
SCF:0000646	AC:000549	0.94778947	0.95624769	0.00845822	1
SCF:0000647	AC:000549	0.94778947	0.96750072	0.01971125	1
SCF:0000648	AC:000550	0.91970873	0.71068909	-0.20901964	0
SCF:0000649	AC:000550	0.91970873	0.86140167	-0.05830706	0
SCF:0000650	AC:000550	0.91970873	0.95651066	0.03680193	1
SCF:0000651	AC:000551	0.56716639	0.72566051	0.15849412	1
SCF:0000652	AC:000551	0.56716639	0.50736004	-0.05980635	0
SCF:0000653	AC:000553	0.48942190	0.51027785	0.02085595	1
SCF:0000654	AC:000554	0.97868958	0.98166851	0.00297893	1
SCF:0000655	AC:000554	0.97868958	0.85672671	-0.12196287	0
SCF:0000656	AC:000554	0.97868958	0.97366229	-0.00502729	0
SCF:0000657	AC:000558	0.52908691	0.59506822	0.06598131	1
SCF:0000658	AC:000559	0.84836000	0.70202574	-0.14633426	0
SCF:0000659	AC:000560	0.83541002	0.80136542	-0.03404460	0
SCF:0000660	AC:000560	0.83541002	0.79110111	-0.04430891	0
SCF:0000661	AC:000563	0.92808017	0.96021751	0.03213734	1
SCF:0000662	AC:000563	0.92808017	0.75370896	-0.17437121	0
SCF:0000663	AC:000563	0.92808017	0.78872747	-0.13935270	0
SCF:0000664	AC:000563	0.92808017	0.83609780	-0.09198237	0
SCF:0000665	AC:000564	0.57098578	0.38128042	-0.18970536	0
SCF:0000666	AC:000564	0.57098578	0.46959938	-0.10138640	0
SCF:0000667	AC:000565	0.62073233	0.67898153	0.05824920	1
SCF:0000668	AC:000566	0.49502200	0.64186762	0.14684562	1
SCF:0000669	AC:000568	0.50273283	0.61267736	0.10994453	1
SCF:0000670	AC:000568	0.50273283	0.67093360	0.16820077	1
SCF:0000671	AC:000573	0.37552860	0.47875981	0.10323121	1
SCF:0000672	AC:000575	0.93976674	0.94530738	0.00554064	1
SCF:0000673	AC:000577	0.84754704	0.60723770	-0.24030934	0
SCF:0000674	AC:000577	0.84754704	0.66234511	-0.18520193	0
SCF:0000675	AC:000578	0.46504982	0.31889883	-0.14615099	0
SCF:0000676	AC:000578	0.46504982	0.52572854	0.06067872	1
SCF:0000677	AC:000578	0.46504982	0.62398757	0.15893775	1
SCF:0000678	AC:000578	0.46504982	0.80507845	0.34002863	1
SCF:0000679	AC:000581	0.33047965	0.47014933	0.13966968	1
SCF:0000680	AC:000581	0.33047965	0.35760996	0.02713031	1
SCF:0000681	AC:000581	0.33047965	0.38826483	0.05778518	1
SCF:0000682	AC:000582	0.87726029	0.86410970	-0.01315059	0
SCF:0000683	AC:000585	0.42817096	0.54061349	0.11244253	1
SCF:0000684	AC:000587	0.84438226	0.92328264	0.07890038	1
SCF:0000685	AC:000587	0.84438226	0.89229072	0.04790846	1
SCF:0000686	AC:000588	0.56522130	0.66359842	0.09837712	1
SCF:0000687	AC:000588	0.56522130	0.57419566	0.00897436	1
SCF:0000688	AC:000591	0.45209017	0.38736375	-0.06472642	0
SCF:0000689	AC:000591	0.45209017	0.48478974	0.03269957	1
SCF:0000690	AC:000593	0.97817550	0.96069183	-0.01748367	0
SCF:0000691	AC:000593	0.97817550	0.96642455	-0.01175095	0
SCF:0000692	AC:000594	0.71434278	0.68797974	-0.02636304	0
SCF:0000693	AC:000594	0.71434278	0.71710772	0.00276494	1
SCF:0000694	AC:000594	0.71434278	0.69388474	-0.02045804	0
SCF:0000695	AC:000595	0.78144342	0.71784514	-0.06359828	0
SCF:0000696	AC:000595	0.78144342	0.36680208	-0.41464134	0
SCF:0000697	AC:000596	0.46457953	0.43706110	-0.02751843	0
SCF:0000698	AC:000596	0.46457953	0.61551329	0.15093376	1
SCF:0000699	AC:000597	0.67957225	0.78559682	0.10602457	1
SCF:0000700	AC:000597	0.67957225	0.93778196	0.25820971	1
SCF:0000701	AC:000598	0.66651054	0.62912620	-0.03738434	0
SCF:0000702	AC:000599	0.59648222	0.59264545	-0.00383677	0
SCF:0000703	AC:000599	0.59648222	0.67621690	0.07973468	1
SCF:0000704	AC:000599	0.59648222	0.72491050	0.12842828	1
SCF:0000705	AC:000600	0.37799294	0.83309996	0.45510702	1
SCF:0000706	AC:000601	0.82773355	0.69385943	-0.13387412	0
SCF:0000707	AC:000602	0.72351033	0.74763360	0.02412327	1
SCF:0000708	AC:000604	0.67402658	0.76440579	0.09037921	1
SCF:0000709	AC:000606	0.60488891	0.68389717	0.07900826	1
SCF:0000710	AC:000607	0.99221018	0.99313984	0.00092966	1
SCF:0000711	AC:000607	0.99221018	0.99338945	0.00117927	1
SCF:0000712	AC:000608	0.90386161	0.96637180	0.06251019	1
SCF:0000713	AC:000608	0.90386161	0.90377545	-0.00008616	0
SCF:0000714	AC:000608	0.90386161	0.85002184	-0.05383977	0
SCF:0000715	AC:000610	0.99484167	0.98894503	-0.00589664	0
SCF:0000716	AC:000611	0.56940747	0.51319134	-0.05621613	0
SCF:0000717	AC:000611	0.56940747	0.56752353	-0.00188394	0
SCF:0000718	AC:000611	0.56940747	0.72347256	0.15406509	1
SCF:0000719	AC:000612	0.23351453	0.24736282	0.01384829	1
SCF:0000720	AC:000612	0.23351453	0.60321025	0.36969572	1
SCF:0000721	AC:000613	0.95366215	0.95211758	-0.00154457	0
SCF:0000722	AC:000613	0.95366215	0.94817756	-0.00548459	0
SCF:0000723	AC:000615	0.50657078	0.61244791	0.10587713	1
SCF:0000724	AC:000616	0.75770232	0.75770333	0.00000101	1
SCF:0000725	AC:000616	0.75770232	0.75932604	0.00162372	1
SCF:0000726	AC:000616	0.75770232	0.88611507	0.12841275	1
SCF:0000727	AC:000616	0.75770232	0.81336072	0.05565840	1
SCF:0000728	AC:000617	0.57316796	0.55591844	-0.01724952	0
SCF:0000729	AC:000617	0.57316796	0.77601096	0.20284300	1
SCF:0000730	AC:000618	0.59722671	0.62172511	0.02449840	1
SCF:0000731	AC:000618	0.59722671	0.52359712	-0.07362959	0
SCF:0000732	AC:000618	0.59722671	0.50290413	-0.09432258	0
SCF:0000733	AC:000619	0.12079827	0.27723422	0.15643595	1
SCF:0000734	AC:000620	0.96963369	0.75076234	-0.21887135	0
SCF:0000735	AC:000620	0.96963369	0.96963363	-0.00000006	0
SCF:0000736	AC:000623	0.92685321	0.93691600	0.01006279	1
SCF:0000737	AC:000624	0.97552192	0.97200799	-0.00351393	0
SCF:0000738	AC:000624	0.97552192	0.94968101	-0.02584091	0
SCF:0000739	AC:000625	0.84318507	0.64647520	-0.19670987	0
SCF:0000740	AC:000626	0.72099388	0.68069920	-0.04029468	0
SCF:0000741	AC:000626	0.72099388	0.88587701	0.16488313	1
SCF:0000742	AC:000626	0.72099388	0.74900687	0.02801299	1
SCF:0000743	AC:000627	0.70431325	0.76751277	0.06319952	1
SCF:0000744	AC:000628	0.78555502	0.86119707	0.07564205	1
SCF:0000745	AC:000628	0.78555502	0.89289914	0.10734412	1
SCF:0000746	AC:000628	0.78555502	0.79411796	0.00856294	1
SCF:0000747	AC:000628	0.78555502	0.81918517	0.03363015	1
SCF:0000748	AC:000631	0.98588192	0.86973157	-0.11615035	0
SCF:0000749	AC:000631	0.98588192	0.80325076	-0.18263116	0
SCF:0000750	AC:000632	0.81842559	0.93295517	0.11452958	1
SCF:0000751	AC:000633	0.98687944	0.98005387	-0.00682557	0
SCF:0000752	AC:000633	0.98687944	0.98449990	-0.00237954	0
SCF:0000753	AC:000633	0.98687944	0.98607353	-0.00080591	0
SCF:0000754	AC:000633	0.98687944	0.97579306	-0.01108638	0
SCF:0000755	AC:000634	0.61386226	0.60677784	-0.00708442	0
SCF:0000756	AC:000634	0.61386226	0.76480589	0.15094363	1
SCF:0000757	AC:000634	0.61386226	0.78629571	0.17243345	1
SCF:0000758	AC:000634	0.61386226	0.72710929	0.11324703	1
SCF:0000759	AC:000636	0.60837827	0.57186815	-0.03651012	0
SCF:0000760	AC:000636	0.60837827	0.58824998	-0.02012829	0
SCF:0000761	AC:000636	0.60837827	0.61244791	0.00406964	1
SCF:0000762	AC:000636	0.60837827	0.62807744	0.01969917	1
SCF:0000763	AC:000636	0.60837827	0.65574512	0.04736685	1
SCF:0000764	AC:000636	0.60837827	0.66828414	0.05990587	1
SCF:0000765	AC:000639	0.98873630	0.98043695	-0.00829935	0
SCF:0000766	AC:000639	0.98873630	0.98456794	-0.00416836	0
SCF:0000767	AC:000639	0.98873630	0.84404435	-0.14469195	0
SCF:0000768	AC:000641	0.97851869	0.94679562	-0.03172307	0
SCF:0000769	AC:000641	0.97851869	0.98356778	0.00504909	1
SCF:0000770	AC:000641	0.97851869	0.97849718	-0.00002151	0
SCF:0000771	AC:000641	0.97851869	0.97815067	-0.00036802	0
SCF:0000772	AC:000641	0.97851869	0.98550457	0.00698588	1
SCF:0000773	AC:000642	0.96796427	0.96069183	-0.00727244	0
SCF:0000774	AC:000642	0.96796427	0.96949704	0.00153277	1
SCF:0000775	AC:000643	0.96272293	0.95306396	-0.00965897	0
SCF:0000776	AC:000644	0.88586538	0.83133188	-0.05453350	0
SCF:0000777	AC:000646	0.58637670	0.64074499	0.05436829	1
SCF:0000778	AC:000646	0.58637670	0.65263922	0.06626252	1
SCF:0000779	AC:000646	0.58637670	0.62172511	0.03534841	1
SCF:0000780	AC:000646	0.58637670	0.52643102	-0.05994568	0
SCF:0000781	AC:000647	0.94818159	0.96069183	0.01251024	1
SCF:0000782	AC:000647	0.94818159	0.96856572	0.02038413	1
SCF:0000783	AC:000648	0.78191102	0.84404435	0.06213333	1
SCF:0000784	AC:000648	0.78191102	0.98456794	0.20265692	1
SCF:0000785	AC:000649	0.71214117	0.64552596	-0.06661521	0
SCF:0000786	AC:000651	0.88206731	0.87892054	-0.00314677	0
SCF:0000787	AC:000651	0.88206731	0.91099198	0.02892467	1
SCF:0000788	AC:000651	0.88206731	0.87129068	-0.01077663	0
SCF:0000789	AC:000657	0.40759332	0.62172511	0.21413179	1
SCF:0000790	AC:000657	0.40759332	0.52359712	0.11600380	1
SCF:0000791	AC:000661	0.35023043	0.32161670	-0.02861373	0
SCF:0000792	AC:000661	0.35023043	0.26929139	-0.08093904	0
SCF:0000793	AC:000664	0.93167952	0.89495909	-0.03672043	0
SCF:0000794	AC:000664	0.93167952	0.92810905	-0.00357047	0
SCF:0000795	AC:000665	0.61832403	0.56406514	-0.05425889	0
SCF:0000796	AC:000665	0.61832403	0.74397782	0.12565379	1
SCF:0000797	AC:000665	0.61832403	0.76940160	0.15107757	1
SCF:0000798	AC:000666	0.99052507	0.96892891	-0.02159616	0
SCF:0000799	AC:000666	0.99052507	0.98860810	-0.00191697	0
SCF:0000800	AC:000667	0.74491751	0.72923395	-0.01568356	0
SCF:0000801	AC:000667	0.74491751	0.56080220	-0.18411531	0
SCF:0000802	AC:000669	0.72575345	0.91226567	0.18651222	1
SCF:0000803	AC:000669	0.72575345	0.88979965	0.16404620	1
SCF:0000804	AC:000670	0.54210584	0.54210584	0.00000000	0.5
SCF:0000805	AC:000670	0.54210584	0.32539361	-0.21671223	0
SCF:0000806	AC:000670	0.54210584	0.32539361	-0.21671223	0
SCF:0000807	AC:000671	0.72773550	0.72273397	-0.00500153	0
SCF:0000808	AC:000672	0.95737001	0.95972348	0.00235347	1
SCF:0000809	AC:000672	0.95737001	0.95531309	-0.00205692	0
SCF:0000810	AC:000672	0.95737001	0.92209161	-0.03527840	0
SCF:0000811	AC:000673	0.62363335	0.63103539	0.00740204	1
SCF:0000812	AC:000673	0.62363335	0.86610743	0.24247408	1
SCF:0000813	AC:000675	0.97553036	0.97554719	0.00001683	1
SCF:0000814	AC:000675	0.97553036	0.91333460	-0.06219576	0
SCF:0000815	AC:000675	0.97553036	0.97837839	0.00284803	1
SCF:0000816	AC:000677	0.95170351	0.90052149	-0.05118202	0
SCF:0000817	AC:000678	0.58533605	0.48940558	-0.09593047	0
SCF:0000818	AC:000678	0.58533605	0.34504899	-0.24028706	0
SCF:0000819	AC:000678	0.58533605	0.74257234	0.15723629	1
SCF:0000820	AC:000678	0.58533605	0.57570203	-0.00963402	0
SCF:0000821	AC:000679	0.44945350	0.49995326	0.05049976	1
SCF:0000822	AC:000679	0.44945350	0.41876409	-0.03068941	0
SCF:0000823	AC:000679	0.44945350	0.36096231	-0.08849119	0
SCF:0000824	AC:000679	0.44945350	0.33291432	-0.11653918	0
SCF:0000825	AC:000680	0.42236802	0.54935193	0.12698391	1
SCF:0000826	AC:000680	0.42236802	0.73119837	0.30883035	1
SCF:0000827	AC:000681	0.95587411	0.83603201	-0.11984210	0
SCF:0000828	AC:000683	0.46119952	0.41304211	-0.04815741	0
SCF:0000829	AC:000683	0.46119952	0.43482008	-0.02637944	0
SCF:0000830	AC:000684	0.40770446	0.32626970	-0.08143476	0
SCF:0000831	AC:000684	0.40770446	0.61038268	0.20267822	1
SCF:0000832	AC:000684	0.40770446	0.62504397	0.21733951	1
SCF:0000833	AC:000685	0.87203840	0.92928890	0.05725050	1
SCF:0000834	AC:000685	0.87203840	0.93795887	0.06592047	1
SCF:0000835	AC:000685	0.87203840	0.87252131	0.00048291	1
SCF:0000836	AC:000686	0.89852862	0.91177561	0.01324699	1
SCF:0000837	AC:000686	0.89852862	0.88152772	-0.01700090	0
SCF:0000838	AC:000686	0.89852862	0.92359100	0.02506238	1
SCF:0000839	AC:000688	0.47267448	0.46799521	-0.00467927	0
SCF:0000840	AC:000688	0.47267448	0.50290413	0.03022965	1
SCF:0000841	AC:000688	0.47267448	0.64074499	0.16807051	1
SCF:0000842	AC:000688	0.47267448	0.62172511	0.14905063	1
SCF:0000843	AC:000689	0.96160709	0.97488677	0.01327968	1
SCF:0000844	AC:000689	0.96160709	0.95843306	-0.00317403	0
SCF:0000845	AC:000690	0.83074499	0.82189327	-0.00885172	0
SCF:0000846	AC:000693	0.76240729	0.77622870	0.01382141	1
SCF:0000847	AC:000700	0.98841989	0.98052218	-0.00789771	0
SCF:0000848	AC:000701	0.47447594	0.46111269	-0.01336325	0
SCF:0000849	AC:000701	0.47447594	0.42769010	-0.04678584	0
SCF:0000850	AC:000701	0.47447594	0.57186815	0.09739221	1
SCF:0000851	AC:000701	0.47447594	0.62807744	0.15360150	1
SCF:0000852	AC:000706	0.69863656	0.86253331	0.16389675	1
SCF:0000853	AC:000706	0.69863656	0.73963702	0.04100046	1
SCF:0000854	AC:000707	0.49272786	0.56318398	0.07045612	1
SCF:0000855	AC:000707	0.49272786	0.67492712	0.18219926	1
SCF:0000856	AC:000707	0.49272786	0.33266189	-0.16006597	0
SCF:0000857	AC:000707	0.49272786	0.95428651	0.46155865	1
SCF:0000858	AC:000708	0.66502535	0.62172511	-0.04330024	0
SCF:0000859	AC:000708	0.66502535	0.62053854	-0.04448681	0
SCF:0000860	AC:000709	0.94760307	0.89401579	-0.05358728	0
SCF:0000861	AC:000709	0.94760307	0.94703862	-0.00056445	0
SCF:0000862	AC:000710	0.85612735	0.95966459	0.10353724	1
SCF:0000863	AC:000711	0.38541017	0.42787728	0.04246711	1
SCF:0000864	AC:000711	0.38541017	0.67298278	0.28757261	1
SCF:0000865	AC:000712	0.85839743	0.81113615	-0.04726128	0
SCF:0000866	AC:000712	0.85839743	0.71000349	-0.14839394	0
SCF:0000867	AC:000714	0.56950141	0.48064318	-0.08885823	0
SCF:0000868	AC:000714	0.56950141	0.76305328	0.19355187	1
SCF:0000869	AC:000714	0.56950141	0.66127913	0.09177772	1
SCF:0000870	AC:000714	0.56950141	0.71345720	0.14395579	1
SCF:0000871	AC:000715	0.79237105	0.66026659	-0.13210446	0
SCF:0000872	AC:000716	0.78481620	0.73605994	-0.04875626	0
SCF:0000873	AC:000716	0.78481620	0.84812645	0.06331025	1
SCF:0000874	AC:000718	0.50100856	0.58766156	0.08665300	1
SCF:0000875	AC:000723	0.95567924	0.96604830	0.01036906	1
SCF:0000876	AC:000723	0.95567924	0.96604830	0.01036906	1
SCF:0000877	AC:000724	0.99576637	0.99920171	0.00343534	1
SCF:0000878	AC:000724	0.99576637	0.99571177	-0.00005460	0
SCF:0000879	AC:000724	0.99576637	0.99571177	-0.00005460	0
SCF:0000880	AC:000725	0.89198157	0.85073701	-0.04124456	0
SCF:0000881	AC:000725	0.89198157	0.85416782	-0.03781375	0
SCF:0000882	AC:000726	0.56460104	0.77954095	0.21493991	1
SCF:0000883	AC:000726	0.56460104	0.35722376	-0.20737728	0
SCF:0000884	AC:000727	0.83900195	0.91776770	0.07876575	1
SCF:0000885	AC:000727	0.83900195	0.91737774	0.07837579	1
SCF:0000886	AC:000727	0.83900195	0.75648606	-0.08251589	0
SCF:0000887	AC:000729	0.85862228	0.84081303	-0.01780925	0
SCF:0000888	AC:000730	0.80563915	0.96625629	0.16061714	1
SCF:0000889	AC:000730	0.80563915	0.73366460	-0.07197455	0
SCF:0000890	AC:000735	0.36315078	0.44505474	0.08190396	1
SCF:0000891	AC:000735	0.36315078	0.58198320	0.21883242	1
SCF:0000892	AC:000736	0.60822700	0.86586530	0.25763830	1
SCF:0000893	AC:000736	0.60822700	0.83120298	0.22297598	1
SCF:0000894	AC:000736	0.60822700	0.56645946	-0.04176754	0
SCF:0000895	AC:000737	0.60993465	0.62489332	0.01495867	1
SCF:0000896	AC:000737	0.60993465	0.51819914	-0.09173551	0
SCF:0000897	AC:000738	0.87305257	0.89514688	0.02209431	1
SCF:0000898	AC:000740	0.52577688	0.67687246	0.15109558	1
SCF:0000899	AC:000742	0.72608608	0.56242035	-0.16366573	0
SCF:0000900	AC:000742	0.72608608	0.88800177	0.16191569	1
SCF:0000901	AC:000744	0.34789743	0.39720498	0.04930755	1
SCF:0000902	AC:000745	0.24064437	0.72255706	0.48191269	1
SCF:0000903	AC:000745	0.24064437	0.47064599	0.23000162	1
SCF:0000904	AC:000745	0.24064437	0.33554023	0.09489586	1
SCF:0000905	AC:000749	0.60058081	0.49907434	-0.10150647	0
SCF:0000906	AC:000751	0.90833208	0.87721356	-0.03111852	0
SCF:0000907	AC:000751	0.90833208	0.97162857	0.06329649	1
SCF:0000908	AC:000753	0.39772220	0.35108604	-0.04663616	0
SCF:0000909	AC:000754	0.78201771	0.61267736	-0.16934035	0
SCF:0000910	AC:000757	0.70598900	0.75519731	0.04920831	1
SCF:0000911	AC:000757	0.70598900	0.73440313	0.02841413	1
SCF:0000912	AC:000758	0.95795530	0.66632989	-0.29162541	0
SCF:0000913	AC:000759	0.99002930	0.99167610	0.00164680	1
SCF:0000914	AC:000763	0.52327030	0.46588611	-0.05738419	0
SCF:0000915	AC:000764	0.57761561	0.72249224	0.14487663	1
SCF:0000916	AC:000767	0.99195996	0.61628101	-0.37567895	0
SCF:0000917	AC:000767	0.99195996	0.97584015	-0.01611981	0
SCF:0000918	AC:000768	0.55778411	0.37803982	-0.17974429	0
SCF:0000919	AC:000769	0.64591522	0.73875806	0.09284284	1
SCF:0000920	AC:000775	0.45936558	0.68661930	0.22725372	1
SCF:0000921	AC:000775	0.45936558	0.31904588	-0.14031970	0
SCF:0000922	AC:000776	0.55848377	0.72411130	0.16562753	1
SCF:0000923	AC:000776	0.55848377	0.69613760	0.13765383	1
SCF:0000924	AC:000776	0.55848377	0.77179102	0.21330725	1
SCF:0000925	AC:000777	0.67208567	0.76412686	0.09204119	1
SCF:0000926	AC:000777	0.67208567	0.59195644	-0.08012923	0
SCF:0000927	AC:000777	0.67208567	0.86404240	0.19195673	1
SCF:0000928	AC:000777	0.67208567	0.84356776	0.17148209	1
SCF:0000929	AC:000779	0.81909266	0.45773473	-0.36135793	0
SCF:0000930	AC:000779	0.81909266	0.77591398	-0.04317868	0
SCF:0000931	AC:000782	0.61760890	0.83283886	0.21522996	1
SCF:0000932	AC:000783	0.64831652	0.58703627	-0.06128025	0
SCF:0000933	AC:000783	0.64831652	0.70233387	0.05401735	1
SCF:0000934	AC:000784	0.57924750	0.68493599	0.10568849	1
SCF:0000935	AC:000784	0.57924750	0.62687695	0.04762945	1
SCF:0000936	AC:000785	0.74726245	0.79051384	0.04325139	1
SCF:0000937	AC:000787	0.76820630	0.81591499	0.04770869	1
SCF:0000938	AC:000788	0.62719641	0.57076168	-0.05643473	0
SCF:0000939	AC:000788	0.62719641	0.60429647	-0.02289994	0
SCF:0000940	AC:000789	0.61044986	0.67767258	0.06722272	1
SCF:0000941	AC:000789	0.61044986	0.71549463	0.10504477	1
SCF:0000942	AC:000789	0.61044986	0.42228134	-0.18816852	0
SCF:0000943	AC:000792	0.67259373	0.70707460	0.03448087	1
SCF:0000944	AC:000792	0.67259373	0.69388474	0.02129101	1
SCF:0000945	AC:000792	0.67259373	0.72411130	0.05151757	1
SCF:0000946	AC:000793	0.78440118	0.55591844	-0.22848274	0
SCF:0000947	AC:000793	0.78440118	0.55786344	-0.22653774	0
SCF:0000948	AC:000793	0.78440118	0.76589504	-0.01850614	0
SCF:0000949	AC:000793	0.78440118	0.85844734	0.07404616	1
SCF:0000950	AC:000794	0.79615032	0.59168589	-0.20446443	0
SCF:0000951	AC:000794	0.79615032	0.80016007	0.00400975	1
SCF:0000952	AC:000795	0.81103742	0.69037560	-0.12066182	0
SCF:0000953	AC:000795	0.81103742	0.76783076	-0.04320666	0
SCF:0000954	AC:000796	0.98876548	0.99019819	0.00143271	1
SCF:0000955	AC:000799	0.68005905	0.68005034	-0.00000871	0
SCF:0000956	AC:000799	0.68005905	0.69878343	0.01872438	1
SCF:0000957	AC:000799	0.68005905	0.63432920	-0.04572985	0
SCF:0000958	AC:000799	0.68005905	0.70610836	0.02604931	1
SCF:0000959	AC:000799	0.68005905	0.77447360	0.09441455	1
SCF:0000960	AC:000799	0.68005905	0.75261092	0.07255187	1
SCF:0000961	AC:000800	0.56034188	0.75079578	0.19045390	1
SCF:0000962	AC:000802	0.91073629	0.98193911	0.07120282	1
SCF:0000963	AC:000803	0.87557398	0.84980680	-0.02576718	0
SCF:0000964	AC:000804	0.24814944	0.46111269	0.21296325	1
SCF:0000965	AC:000804	0.24814944	0.41570295	0.16755351	1
SCF:0000966	AC:000805	0.69621208	0.65033308	-0.04587900	0
SCF:0000967	AC:000805	0.69621208	0.40931820	-0.28689388	0
SCF:0000968	AC:000806	0.98273632	0.99001888	0.00728256	1
SCF:0000969	AC:000807	0.55945465	0.46832366	-0.09113099	0
SCF:0000970	AC:000807	0.55945465	0.65822422	0.09876957	1
SCF:0000971	AC:000808	0.95289465	0.95211758	-0.00077707	0
SCF:0000972	AC:000809	0.48571594	0.58856285	0.10284691	1
SCF:0000973	AC:000810	0.82729556	0.78453171	-0.04276385	0
SCF:0000974	AC:000810	0.82729556	0.73532745	-0.09196811	0
SCF:0000975	AC:000810	0.82729556	0.77408548	-0.05321008	0
SCF:0000976	AC:000812	0.51218200	0.51066818	-0.00151382	0
SCF:0000977	AC:000812	0.51218200	0.61102671	0.09884471	1
SCF:0000978	AC:000812	0.51218200	0.58704388	0.07486188	1
SCF:0000979	AC:000813	0.69825980	0.70113409	0.00287429	1
SCF:0000980	AC:000813	0.69825980	0.77447360	0.07621380	1
SCF:0000981	AC:000813	0.69825980	0.75261092	0.05435112	1
SCF:0000982	AC:000813	0.69825980	0.71966007	0.02140027	1
SCF:0000983	AC:000813	0.69825980	0.68005034	-0.01820946	0
SCF:0000984	AC:000814	0.60074893	0.62597257	0.02522364	1
SCF:0000985	AC:000814	0.60074893	0.51915690	-0.08159203	0
SCF:0000986	AC:000814	0.60074893	0.63170034	0.03095141	1
SCF:0000987	AC:000814	0.60074893	0.67394745	0.07319852	1
SCF:0000988	AC:000814	0.60074893	0.70020452	0.09945559	1
SCF:0000989	AC:000814	0.60074893	0.63484067	0.03409174	1
SCF:0000990	AC:000815	0.72972948	0.80357350	0.07384402	1
SCF:0000991	AC:000819	0.86505054	0.91766278	0.05261224	1
SCF:0000992	AC:000819	0.86505054	0.75887752	-0.10617302	0
SCF:0000993	AC:000819	0.86505054	0.71737873	-0.14767181	0
SCF:0000994	AC:000820	0.92716369	0.91538346	-0.01178023	0
SCF:0000995	AC:000821	0.87005007	0.98910850	0.11905843	1
SCF:0000996	AC:000822	0.98397142	0.98945945	0.00548803	1
SCF:0000997	AC:000822	0.98397142	0.98843461	0.00446319	1
SCF:0000998	AC:000824	0.72488675	0.75636172	0.03147497	1
SCF:0000999	AC:000827	0.74397671	0.69441643	-0.04956028	0
SCF:0001000	AC:000828	0.42546636	0.46799521	0.04252885	1
SCF:0001001	AC:000828	0.42546636	0.50290413	0.07743777	1
SCF:0001002	AC:000828	0.42546636	0.52643102	0.10096466	1
SCF:0001003	AC:000828	0.42546636	0.62053854	0.19507218	1
SCF:0001004	AC:000828	0.42546636	0.64606168	0.22059532	1
SCF:0001005	AC:000829	0.70425477	0.79438543	0.09013066	1
SCF:0001006	AC:000829	0.70425477	0.78974495	0.08549018	1
SCF:0001007	AC:000829	0.70425477	0.83016512	0.12591035	1
SCF:0001008	AC:000830	0.63939977	0.55063944	-0.08876033	0
SCF:0001009	AC:000830	0.63939977	0.73944792	0.10004815	1
SCF:0001010	AC:000832	0.97783935	0.75742579	-0.22041356	0
SCF:0001011	AC:000832	0.97783935	0.94655799	-0.03128136	0
SCF:0001012	AC:000832	0.97783935	0.97645644	-0.00138291	0
SCF:0001013	AC:000832	0.97783935	0.97497907	-0.00286028	0
SCF:0001014	AC:000833	0.71872961	0.69009769	-0.02863192	0
SCF:0001015	AC:000836	0.87423468	0.80217534	-0.07205934	0
SCF:0001016	AC:000836	0.87423468	0.86609212	-0.00814256	0
SCF:0001017	AC:000836	0.87423468	0.68383263	-0.19040205	0
SCF:0001018	AC:000837	0.88863465	0.58113429	-0.30750036	0
SCF:0001019	AC:000838	0.86409604	0.76580176	-0.09829428	0
SCF:0001020	AC:000839	0.94491947	0.93795887	-0.00696060	0
SCF:0001021	AC:000839	0.94491947	0.92928890	-0.01563057	0
SCF:0001022	AC:000840	0.91635587	0.95531309	0.03895722	1
SCF:0001023	AC:000841	0.68808257	0.82622366	0.13814109	1
SCF:0001024	AC:000841	0.68808257	0.81940272	0.13132015	1
SCF:0001025	AC:000841	0.68808257	0.83150631	0.14342374	1
SCF:0001026	AC:000842	0.79634568	0.84063565	0.04428997	1
SCF:0001027	AC:000842	0.79634568	0.80136542	0.00501974	1
SCF:0001028	AC:000842	0.79634568	0.79110111	-0.00524457	0
SCF:0001029	AC:000844	0.91176493	0.98223664	0.07047171	1
SCF:0001030	AC:000844	0.91176493	0.81134662	-0.10041831	0
SCF:0001031	AC:000847	0.89618153	0.97151703	0.07533550	1
SCF:0001032	AC:000847	0.89618153	0.97151694	0.07533541	1
SCF:0001033	AC:000847	0.89618153	0.98510626	0.08892473	1
SCF:0001034	AC:000850	0.88246462	0.83370844	-0.04875618	0
SCF:0001035	AC:000850	0.88246462	0.86774689	-0.01471773	0
SCF:0001036	AC:000853	0.46669848	0.58468007	0.11798159	1
SCF:0001037	AC:000857	0.68603292	0.85205063	0.16601771	1
SCF:0001038	AC:000857	0.68603292	0.65521607	-0.03081685	0
SCF:0001039	AC:000857	0.68603292	0.56079588	-0.12523704	0
SCF:0001040	AC:000857	0.68603292	0.82853780	0.14250488	1
SCF:0001041	AC:000858	0.58918825	0.67016691	0.08097866	1
SCF:0001042	AC:000858	0.58918825	0.85291135	0.26372310	1
SCF:0001043	AC:000858	0.58918825	0.65817365	0.06898540	1
SCF:0001044	AC:000858	0.58918825	0.55289431	-0.03629394	0
SCF:0001045	AC:000859	0.55571500	0.67909543	0.12338043	1
SCF:0001046	AC:000860	0.47890309	0.52879151	0.04988842	1
SCF:0001047	AC:000860	0.47890309	0.51744781	0.03854472	1
SCF:0001048	AC:000862	0.92144099	0.99361632	0.07217533	1
SCF:0001049	AC:000862	0.92144099	0.91665434	-0.00478665	0
SCF:0001050	AC:000864	0.82337254	0.87958962	0.05621708	1
SCF:0001051	AC:000864	0.82337254	0.84031342	0.01694088	1
SCF:0001052	AC:000868	0.82967740	0.82074931	-0.00892809	0
SCF:0001053	AC:000869	0.60117292	0.68394704	0.08277412	1
SCF:0001054	AC:000871	0.66115270	0.68394704	0.02279434	1
SCF:0001055	AC:000871	0.66115270	0.73301669	0.07186399	1
SCF:0001056	AC:000873	0.97598591	0.97474626	-0.00123965	0
SCF:0001057	AC:000874	0.36496857	0.42489647	0.05992790	1
SCF:0001058	AC:000875	0.60254550	0.54393792	-0.05860758	0
SCF:0001059	AC:000876	0.62171629	0.86093387	0.23921758	1
SCF:0001060	AC:000876	0.62171629	0.76449484	0.14277855	1
SCF:0001061	AC:000877	0.47639063	0.49746947	0.02107884	1
SCF:0001062	AC:000877	0.47639063	0.34975940	-0.12663123	0
SCF:0001063	AC:000877	0.47639063	0.51427954	0.03788891	1
SCF:0001064	AC:000880	0.66198009	0.66197995	-0.00000014	0
SCF:0001065	AC:000880	0.66198009	0.53574521	-0.12623488	0
SCF:0001066	AC:000880	0.66198009	0.57733461	-0.08464548	0
SCF:0001067	AC:000881	0.65369820	0.80660128	0.15290308	1
SCF:0001068	AC:000883	0.45079282	0.38564703	-0.06514579	0
SCF:0001069	AC:000883	0.45079282	0.51995874	0.06916592	1
SCF:0001070	AC:000883	0.45079282	0.61123114	0.16043832	1
SCF:0001071	AC:000884	0.94879842	0.95912823	0.01032981	1
SCF:0001072	AC:000884	0.94879842	0.98424298	0.03544456	1
SCF:0001073	AC:000885	0.52686354	0.47850539	-0.04835815	0
SCF:0001074	AC:000885	0.52686354	0.60356707	0.07670353	1
SCF:0001075	AC:000885	0.52686354	0.58824998	0.06138644	1
SCF:0001076	AC:000885	0.52686354	0.46111269	-0.06575085	0
SCF:0001077	AC:000886	0.94090331	0.94256779	0.00166448	1
SCF:0001078	AC:000887	0.81665016	0.61041718	-0.20623298	0
SCF:0001079	AC:000889	0.97348473	0.99034661	0.01686188	1
SCF:0001080	AC:000890	0.90943870	0.94098276	0.03154406	1
SCF:0001081	AC:000890	0.90943870	0.93854165	0.02910295	1
SCF:0001082	AC:000890	0.90943870	0.92338520	0.01394650	1
SCF:0001083	AC:000893	0.72199375	0.57614024	-0.14585351	0
SCF:0001084	AC:000894	0.45777150	0.78805229	0.33028079	1
SCF:0001085	AC:000897	0.80965189	0.86873480	0.05908291	1
SCF:0001086	AC:000899	0.96150267	0.94770745	-0.01379522	0
SCF:0001087	AC:000900	0.49594948	0.58831464	0.09236516	1
SCF:0001088	AC:000901	0.95080237	0.93547873	-0.01532364	0
SCF:0001089	AC:000901	0.95080237	0.96354049	0.01273812	1
SCF:0001090	AC:000901	0.95080237	0.95590782	0.00510545	1
SCF:0001091	AC:000901	0.95080237	0.92670959	-0.02409278	0
SCF:0001092	AC:000905	0.89635911	0.98455476	0.08819565	1
SCF:0001093	AC:000905	0.89635911	0.94028264	0.04392353	1
SCF:0001094	AC:000907	0.72291114	0.58665804	-0.13625310	0
SCF:0001095	AC:000908	0.92998034	0.79842749	-0.13155285	0
SCF:0001096	AC:000909	0.68996636	0.80893529	0.11896893	1
SCF:0001097	AC:000909	0.68996636	0.76512838	0.07516202	1
SCF:0001098	AC:000909	0.68996636	0.48775005	-0.20221631	0
SCF:0001099	AC:000910	0.75138533	0.85272625	0.10134092	1
SCF:0001100	AC:000910	0.75138533	0.88530907	0.13392374	1
SCF:0001101	AC:000912	0.40056965	0.75665721	0.35608756	1
SCF:0001102	AC:000912	0.40056965	0.71665504	0.31608539	1
SCF:0001103	AC:000913	0.73890448	0.74640340	0.00749892	1
SCF:0001104	AC:000913	0.73890448	0.81821152	0.07930704	1
SCF:0001105	AC:000913	0.73890448	0.65860904	-0.08029544	0
SCF:0001106	AC:000913	0.73890448	0.79318875	0.05428427	1
SCF:0001107	AC:000913	0.73890448	0.57540661	-0.16349787	0
SCF:0001108	AC:000915	0.98464525	0.98190972	-0.00273553	0
SCF:0001109	AC:000915	0.98464525	0.99079078	0.00614553	1
SCF:0001110	AC:000915	0.98464525	0.92441326	-0.06023199	0
SCF:0001111	AC:000915	0.98464525	0.88324800	-0.10139725	0
SCF:0001112	AC:000916	0.85307181	0.93706172	0.08398991	1
SCF:0001113	AC:000916	0.85307181	0.75761045	-0.09546136	0
SCF:0001114	AC:000916	0.85307181	0.66763653	-0.18543528	0
SCF:0001115	AC:000917	0.56309604	0.47207804	-0.09101800	0
SCF:0001116	AC:000918	0.40138572	0.69722054	0.29583482	1
SCF:0001117	AC:000918	0.40138572	0.69726983	0.29588411	1
SCF:0001118	AC:000921	0.89774138	0.97366229	0.07592091	1
SCF:0001119	AC:000921	0.89774138	0.85672671	-0.04101467	0
SCF:0001120	AC:000921	0.89774138	0.98166851	0.08392713	1
SCF:0001121	AC:000926	0.64212808	0.64212746	-0.00000062	0
SCF:0001122	AC:000926	0.64212808	0.43807438	-0.20405370	0
SCF:0001123	AC:000926	0.64212808	0.54210584	-0.10002224	0
SCF:0001124	AC:000929	0.84479830	0.80146485	-0.04333345	0
SCF:0001125	AC:000929	0.84479830	0.79591516	-0.04888314	0
SCF:0001126	AC:000929	0.84479830	0.77492926	-0.06986904	0
SCF:0001127	AC:000930	0.98995796	0.99682709	0.00686913	1
SCF:0001128	AC:000934	0.88096968	0.90207186	0.02110218	1
SCF:0001129	AC:000935	0.43354585	0.66837549	0.23482964	1
SCF:0001130	AC:000935	0.43354585	0.50846932	0.07492347	1
SCF:0001131	AC:000935	0.43354585	0.34939827	-0.08414758	0
SCF:0001132	AC:000936	0.87478548	0.87129068	-0.00349480	0
SCF:0001133	AC:000936	0.87478548	0.88956484	0.01477936	1
SCF:0001134	AC:000936	0.87478548	0.84990663	-0.02487885	0
SCF:0001135	AC:000936	0.87478548	0.87892054	0.00413506	1
SCF:0001136	AC:000942	0.40836496	0.33259951	-0.07576545	0
SCF:0001137	AC:000943	0.98338726	0.98550457	0.00211731	1
SCF:0001138	AC:000943	0.98338726	0.97849718	-0.00489008	0
SCF:0001139	AC:000943	0.98338726	0.98356778	0.00018052	1
SCF:0001140	AC:000943	0.98338726	0.94679562	-0.03659164	0
SCF:0001141	AC:000946	0.90637423	0.83506618	-0.07130805	0
SCF:0001142	AC:000950	0.99938702	0.99311620	-0.00627082	0
SCF:0001143	AC:000954	0.96660626	0.82650405	-0.14010221	0
SCF:0001144	AC:000954	0.96660626	0.88631744	-0.08028882	0
SCF:0001145	AC:000955	0.68659903	0.58631651	-0.10028252	0
SCF:0001146	AC:000955	0.68659903	0.64388707	-0.04271196	0
SCF:0001147	AC:000957	0.69345733	0.84404435	0.15058702	1
SCF:0001148	AC:000957	0.69345733	0.73756993	0.04411260	1
SCF:0001149	AC:000957	0.69345733	0.98950169	0.29604436	1
SCF:0001150	AC:000958	0.68312082	0.60778350	-0.07533732	0
SCF:0001151	AC:000958	0.68312082	0.77333239	0.09021157	1
SCF:0001152	AC:000958	0.68312082	0.55157733	-0.13154349	0
SCF:0001153	AC:000960	0.89684388	0.78988695	-0.10695693	0
SCF:0001154	AC:000965	0.94253507	0.93949033	-0.00304474	0
SCF:0001155	AC:000965	0.94253507	0.94644179	0.00390672	1
SCF:0001156	AC:000967	0.60662261	0.44584068	-0.16078193	0
SCF:0001157	AC:000968	0.99105665	0.95861369	-0.03244296	0
SCF:0001158	AC:000968	0.99105665	0.99079078	-0.00026587	0
SCF:0001159	AC:000971	0.77768412	0.72933558	-0.04834854	0
SCF:0001160	AC:000972	0.78977185	0.81078316	0.02101131	1
SCF:0001161	AC:000972	0.78977185	0.89590777	0.10613592	1
SCF:0001162	AC:000972	0.78977185	0.77396963	-0.01580222	0
SCF:0001163	AC:000972	0.78977185	0.82460331	0.03483146	1
SCF:0001164	AC:000973	0.75614965	0.77442166	0.01827201	1
SCF:0001165	AC:000973	0.75614965	0.69389192	-0.06225773	0
SCF:0001166	AC:000973	0.75614965	0.59872772	-0.15742193	0
SCF:0001167	AC:000974	0.99892527	0.99969879	0.00077352	1
SCF:0001168	AC:000974	0.99892527	0.99956688	0.00064161	1
SCF:0001169	AC:000975	0.41952210	0.48983482	0.07031272	1
SCF:0001170	AC:000977	0.78320378	0.49679334	-0.28641044	0
SCF:0001171	AC:000977	0.78320378	0.82333277	0.04012899	1
SCF:0001172	AC:000979	0.63621333	0.58572350	-0.05048983	0
SCF:0001173	AC:000982	0.44304075	0.78460226	0.34156151	1
SCF:0001174	AC:000982	0.44304075	0.68657962	0.24353887	1
SCF:0001175	AC:000983	0.59666066	0.50682008	-0.08984058	0
SCF:0001176	AC:000985	0.67670716	0.65839601	-0.01831115	0
SCF:0001177	AC:000985	0.67670716	0.64583144	-0.03087572	0
SCF:0001178	AC:000985	0.67670716	0.60662967	-0.07007749	0
SCF:0001179	AC:000986	0.87039119	0.61531834	-0.25507285	0
SCF:0001180	AC:000988	0.91689056	0.95618984	0.03929928	1
SCF:0001181	AC:000988	0.91689056	0.95509985	0.03820929	1
SCF:0001182	AC:000988	0.91689056	0.88772422	-0.02916634	0
SCF:0001183	AC:000988	0.91689056	0.87502405	-0.04186651	0
SCF:0001184	AC:000988	0.91689056	0.71451393	-0.20237663	0
SCF:0001185	AC:000990	0.62627984	0.35760996	-0.26866988	0
SCF:0001186	AC:000990	0.62627984	0.47014933	-0.15613051	0
SCF:0001187	AC:000990	0.62627984	0.38826483	-0.23801501	0
SCF:0001188	AC:000992	0.97810284	0.87949941	-0.09860343	0
SCF:0001189	AC:000993	0.59331477	0.64867413	0.05535936	1
SCF:0001190	AC:000993	0.59331477	0.59141683	-0.00189794	0
SCF:0001191	AC:000993	0.59331477	0.68467411	0.09135934	1
SCF:0001192	AC:000993	0.59331477	0.66122311	0.06790834	1
SCF:0001193	AC:000993	0.59331477	0.62973058	0.03641581	1
SCF:0001194	AC:000995	0.56700110	0.60655987	0.03955877	1
SCF:0001195	AC:000995	0.56700110	0.48167741	-0.08532369	0
SCF:0001196	AC:000995	0.56700110	0.54189624	-0.02510486	0
SCF:0001197	AC:000997	0.68045691	0.66408461	-0.01637230	0
SCF:0001198	AC:000997	0.68045691	0.95147428	0.27101737	1
SCF:0001199	AC:000999	0.98169657	0.98704714	0.00535057	1
SCF:0001200	AC:001001	0.59605468	0.58073173	-0.01532295	0
SCF:0001201	AC:001001	0.59605468	0.68107599	0.08502131	1
SCF:0001202	AC:001001	0.59605468	0.65153957	0.05548489	1
SCF:0001203	AC:001006	0.82645780	0.70795792	-0.11849988	0
SCF:0001204	AC:001006	0.82645780	0.81050209	-0.01595571	0
SCF:0001205	AC:001008	0.55606009	0.63755387	0.08149378	1
SCF:0001206	AC:001010	0.68812379	0.70610836	0.01798457	1
SCF:0001207	AC:001010	0.68812379	0.71110564	0.02298185	1
SCF:0001208	AC:001010	0.68812379	0.65823082	-0.02989297	0
SCF:0001209	AC:001010	0.68812379	0.68005034	-0.00807345	0
SCF:0001210	AC:001010	0.68812379	0.71966007	0.03153628	1
SCF:0001211	AC:001012	0.83989018	0.86160538	0.02171520	1
SCF:0001212	AC:001012	0.83989018	0.85952300	0.01963282	1
SCF:0001213	AC:001012	0.83989018	0.88572493	0.04583475	1
SCF:0001214	AC:001013	0.98683480	0.99119735	0.00436255	1
SCF:0001215	AC:001013	0.98683480	0.99220538	0.00537058	1
SCF:0001216	AC:001015	0.75255534	0.77016419	0.01760885	1
SCF:0001217	AC:001016	0.78889031	0.84934753	0.06045722	1
SCF:0001218	AC:001016	0.78889031	0.87690649	0.08801618	1
SCF:0001219	AC:001018	0.94830811	0.96481795	0.01650984	1
SCF:0001220	AC:001018	0.94830811	0.92194420	-0.02636391	0
SCF:0001221	AC:001020	0.53247190	0.80796556	0.27549366	1
SCF:0001222	AC:001021	0.72093037	0.74468867	0.02375830	1
SCF:0001223	AC:001023	0.38275765	0.35911824	-0.02363941	0
SCF:0001224	AC:001027	0.68021955	0.66835383	-0.01186572	0
SCF:0001225	AC:001027	0.68021955	0.55124674	-0.12897281	0
SCF:0001226	AC:001030	0.50308930	0.47519966	-0.02788964	0
SCF:0001227	AC:001030	0.50308930	0.31895237	-0.18413693	0
SCF:0001228	AC:001031	0.46594014	0.41183534	-0.05410480	0
SCF:0001229	AC:001032	0.99423471	0.99197733	-0.00225738	0
SCF:0001230	AC:001032	0.99423471	0.98984617	-0.00438854	0
SCF:0001231	AC:001035	0.82701742	0.86575118	0.03873376	1
SCF:0001232	AC:001041	0.80735758	0.79335342	-0.01400416	0
SCF:0001233	AC:001041	0.80735758	0.89830392	0.09094634	1
SCF:0001234	AC:001041	0.80735758	0.81863908	0.01128150	1
SCF:0001235	AC:001042	0.99334312	0.99802184	0.00467872	1
SCF:0001236	AC:001043	0.51488771	0.60961018	0.09472247	1
SCF:0001237	AC:001046	0.75222018	0.62253334	-0.12968684	0
SCF:0001238	AC:001046	0.75222018	0.56655872	-0.18566146	0
SCF:0001239	AC:001046	0.75222018	0.56655872	-0.18566146	0
SCF:0001240	AC:001046	0.75222018	0.58352408	-0.16869610	0
SCF:0001241	AC:001047	0.41705127	0.51255402	0.09550275	1
SCF:0001242	AC:001047	0.41705127	0.38738021	-0.02967106	0
SCF:0001243	AC:001048	0.59609641	0.76610458	0.17000817	1
SCF:0001244	AC:001048	0.59609641	0.67922974	0.08313333	1
SCF:0001245	AC:001051	0.56850468	0.73079971	0.16229503	1
SCF:0001246	AC:001051	0.56850468	0.60518118	0.03667650	1
SCF:0001247	AC:001055	0.92185701	0.91177561	-0.01008140	0
SCF:0001248	AC:001055	0.92185701	0.87998722	-0.04186979	0
SCF:0001249	AC:001055	0.92185701	0.86899938	-0.05285763	0
SCF:0001250	AC:001056	0.41821551	0.47850539	0.06028988	1
SCF:0001251	AC:001056	0.41821551	0.42769010	0.00947459	1
SCF:0001252	AC:001056	0.41821551	0.39841063	-0.01980488	0
SCF:0001253	AC:001056	0.41821551	0.58163706	0.16342155	1
SCF:0001254	AC:001057	0.63387406	0.58550212	-0.04837194	0
SCF:0001255	AC:001058	0.62786535	0.45491116	-0.17295419	0
SCF:0001256	AC:001058	0.62786535	0.51342193	-0.11444342	0
SCF:0001257	AC:001058	0.62786535	0.67363194	0.04576659	1
SCF:0001258	AC:001059	0.54080763	0.58395515	0.04314752	1
SCF:0001259	AC:001059	0.54080763	0.45969232	-0.08111531	0
SCF:0001260	AC:001060	0.55319824	0.44505474	-0.10814350	0
SCF:0001261	AC:001060	0.55319824	0.69765424	0.14445600	1
SCF:0001262	AC:001060	0.55319824	0.64080758	0.08760934	1
SCF:0001263	AC:001062	0.38227334	0.46675482	0.08448148	1
SCF:0001264	AC:001065	0.99896052	0.99962345	0.00066293	1
SCF:0001265	AC:001065	0.99896052	0.99814752	-0.00081300	0
SCF:0001266	AC:001066	0.70558871	0.90142155	0.19583284	1
SCF:0001267	AC:001069	0.97574043	0.81581434	-0.15992609	0
SCF:0001268	AC:001071	0.86084410	0.60420677	-0.25663733	0
SCF:0001269	AC:001074	0.62595592	0.58352408	-0.04243184	0
SCF:0001270	AC:001074	0.62595592	0.76950884	0.14355292	1
SCF:0001271	AC:001074	0.62595592	0.84843224	0.22247632	1
SCF:0001272	AC:001074	0.62595592	0.91110170	0.28514578	1
SCF:0001273	AC:001075	0.81189018	0.85126096	0.03937078	1
SCF:0001274	AC:001075	0.81189018	0.85091239	0.03902221	1
SCF:0001275	AC:001079	0.79268742	0.71239405	-0.08029337	0
SCF:0001276	AC:001079	0.79268742	0.63786247	-0.15482495	0
SCF:0001277	AC:001083	0.87116858	0.88847473	0.01730615	1
SCF:0001278	AC:001083	0.87116858	0.94132152	0.07015294	1
SCF:0001279	AC:001083	0.87116858	0.92441326	0.05324468	1
SCF:0001280	AC:001083	0.87116858	0.93355844	0.06238986	1
SCF:0001281	AC:001084	0.29358849	0.30133020	0.00774171	1
SCF:0001282	AC:001085	0.80159203	0.70507303	-0.09651900	0
SCF:0001283	AC:001087	0.58451638	0.45587626	-0.12864012	0
SCF:0001284	AC:001087	0.58451638	0.53537693	-0.04913945	0
SCF:0001285	AC:001087	0.58451638	0.71520922	0.13069284	1
SCF:0001286	AC:001087	0.58451638	0.53895907	-0.04555731	0
SCF:0001287	AC:001087	0.58451638	0.74467883	0.16016245	1
SCF:0001288	AC:001088	0.98049432	0.98456794	0.00407362	1
SCF:0001289	AC:001088	0.98049432	0.99126097	0.01076665	1
SCF:0001290	AC:001089	0.33131858	0.37651265	0.04519407	1
SCF:0001291	AC:001090	0.85738045	0.95715039	0.09976994	1
SCF:0001292	AC:001090	0.85738045	0.95684237	0.09946192	1
SCF:0001293	AC:001091	0.98785785	0.95611289	-0.03174496	0
SCF:0001294	AC:001091	0.98785785	0.94332185	-0.04453600	0
SCF:0001295	AC:001092	0.86587039	0.89222497	0.02635458	1
SCF:0001296	AC:001092	0.86587039	0.83627218	-0.02959821	0
SCF:0001297	AC:001093	0.62014650	0.69282478	0.07267828	1
SCF:0001298	AC:001093	0.62014650	0.51280299	-0.10734351	0
SCF:0001299	AC:001093	0.62014650	0.50500292	-0.11514358	0
SCF:0001300	AC:001093	0.62014650	0.62760377	0.00745727	1
SCF:0001301	AC:001093	0.62014650	0.89778243	0.27763593	1
SCF:0001302	AC:001093	0.62014650	0.81078316	0.19063666	1
SCF:0001303	AC:001094	0.98210892	0.98550457	0.00339565	1
SCF:0001304	AC:001094	0.98210892	0.98245910	0.00035018	1
SCF:0001305	AC:001094	0.98210892	0.97815067	-0.00395825	0
SCF:0001306	AC:001094	0.98210892	0.95429725	-0.02781167	0
SCF:0001307	AC:001095	0.64494033	0.81829555	0.17335522	1
SCF:0001308	AC:001098	0.47228894	0.45491116	-0.01737778	0
SCF:0001309	AC:001098	0.47228894	0.67363194	0.20134300	1
SCF:0001310	AC:001098	0.47228894	0.63585981	0.16357087	1
SCF:0001311	AC:001099	0.53806734	0.67262408	0.13455674	1
SCF:0001312	AC:001099	0.53806734	0.67479350	0.13672616	1
SCF:0001313	AC:001102	0.64284538	0.64813849	0.00529311	1
SCF:0001314	AC:001104	0.45869641	0.98000303	0.52130662	1
SCF:0001315	AC:001105	0.28187754	0.57248709	0.29060955	1
SCF:0001316	AC:001105	0.28187754	0.34504899	0.06317145	1
SCF:0001317	AC:001105	0.28187754	0.53971501	0.25783747	1
SCF:0001318	AC:001105	0.28187754	0.26932161	-0.01255593	0
SCF:0001319	AC:001108	0.61666305	0.64374848	0.02708543	1
SCF:0001320	AC:001108	0.61666305	0.62760377	0.01094072	1
SCF:0001321	AC:001108	0.61666305	0.85953969	0.24287664	1
SCF:0001322	AC:001108	0.61666305	0.79542695	0.17876390	1
SCF:0001323	AC:001108	0.61666305	0.56063224	-0.05603081	0
SCF:0001324	AC:001111	0.64010212	0.57186815	-0.06823397	0
SCF:0001325	AC:001111	0.64010212	0.58824998	-0.05185214	0
SCF:0001326	AC:001111	0.64010212	0.58163706	-0.05846506	0
SCF:0001327	AC:001111	0.64010212	0.61724714	-0.02285498	0
SCF:0001328	AC:001111	0.64010212	0.68273443	0.04263231	1
SCF:0001329	AC:001111	0.64010212	0.66828414	0.02818202	1
SCF:0001330	AC:001112	0.89555286	0.86795891	-0.02759395	0
SCF:0001331	AC:001112	0.89555286	0.88320571	-0.01234715	0
SCF:0001332	AC:001112	0.89555286	0.92931336	0.03376050	1
SCF:0001333	AC:001114	0.97538775	0.99146378	0.01607603	1
SCF:0001334	AC:001115	0.82813697	0.69632448	-0.13181249	0
SCF:0001335	AC:001115	0.82813697	0.83879041	0.01065344	1
SCF:0001336	AC:001115	0.82813697	0.65431515	-0.17382182	0
SCF:0001337	AC:001119	0.83453528	0.61401558	-0.22051970	0
SCF:0001338	AC:001119	0.83453528	0.77408548	-0.06044980	0
SCF:0001339	AC:001119	0.83453528	0.73070762	-0.10382766	0
SCF:0001340	AC:001122	0.51513213	0.58190222	0.06677009	1
SCF:0001341	AC:001124	0.55844407	0.51660754	-0.04183653	0
SCF:0001342	AC:001125	0.89980013	0.90207186	0.00227173	1
SCF:0001343	AC:001126	0.76058358	0.56532163	-0.19526195	0
SCF:0001344	AC:001127	0.72972607	0.63686011	-0.09286596	0
SCF:0001345	AC:001128	0.98492333	0.98005387	-0.00486946	0
SCF:0001346	AC:001128	0.98492333	0.98449990	-0.00042343	0
SCF:0001347	AC:001128	0.98492333	0.97368321	-0.01124012	0
SCF:0001348	AC:001128	0.98492333	0.97635224	-0.00857109	0
SCF:0001349	AC:001134	0.77277219	0.63006031	-0.14271188	0
SCF:0001350	AC:001135	0.67293552	0.69171300	0.01877748	1
SCF:0001351	AC:001136	0.90856231	0.99822181	0.08965950	1
SCF:0001352	AC:001137	0.54554877	0.52755724	-0.01799153	0
SCF:0001353	AC:001137	0.54554877	0.77331954	0.22777077	1
SCF:0001354	AC:001137	0.54554877	0.76372409	0.21817532	1
SCF:0001355	AC:001138	0.99376860	0.99595579	0.00218719	1
SCF:0001356	AC:001138	0.99376860	0.99703524	0.00326664	1
SCF:0001357	AC:001139	0.78064656	0.86337202	0.08272546	1
SCF:0001358	AC:001139	0.78064656	0.79352221	0.01287565	1
SCF:0001359	AC:001142	0.66931179	0.59195644	-0.07735535	0
SCF:0001360	AC:001142	0.66931179	0.76349738	0.09418559	1
SCF:0001361	AC:001142	0.66931179	0.73980590	0.07049411	1
SCF:0001362	AC:001142	0.66931179	0.86404240	0.19473061	1
SCF:0001363	AC:001143	0.51312073	0.77852154	0.26540081	1
SCF:0001364	AC:001145	0.70741730	0.75311712	0.04569982	1
SCF:0001365	AC:001148	0.69923526	0.78763512	0.08839986	1
SCF:0001366	AC:001156	0.56695300	0.58631651	0.01936351	1
SCF:0001367	AC:001156	0.56695300	0.64388707	0.07693407	1
SCF:0001368	AC:001161	0.48527280	0.52359712	0.03832432	1
SCF:0001369	AC:001161	0.48527280	0.52643102	0.04115822	1
SCF:0001370	AC:001166	0.86680219	0.89590105	0.02909886	1
SCF:0001371	AC:001166	0.86680219	0.81370807	-0.05309412	0
SCF:0001372	AC:001169	0.78333015	0.41644834	-0.36688181	0
SCF:0001373	AC:001169	0.78333015	0.51920108	-0.26412907	0
SCF:0001374	AC:001172	0.65890337	0.83189222	0.17298885	1
SCF:0001375	AC:001173	0.62094687	0.59323708	-0.02770979	0
SCF:0001376	AC:001173	0.62094687	0.56605196	-0.05489491	0
SCF:0001377	AC:001179	0.97138112	0.85232219	-0.11905893	0
SCF:0001378	AC:001179	0.97138112	0.93033031	-0.04105081	0
SCF:0001379	AC:001179	0.97138112	0.98190972	0.01052860	1
SCF:0001380	AC:001182	0.77009446	0.80507845	0.03498399	1
SCF:0001381	AC:001182	0.77009446	0.65839601	-0.11169845	0
SCF:0001382	AC:001182	0.77009446	0.64583144	-0.12426302	0
SCF:0001383	AC:001184	0.96335101	0.96481795	0.00146694	1
SCF:0001384	AC:001185	0.72926991	0.94379246	0.21452255	1
SCF:0001385	AC:001187	0.92644957	0.98131025	0.05486068	1
SCF:0001386	AC:001188	0.89719644	0.80243179	-0.09476465	0
SCF:0001387	AC:001192	0.57249910	0.80649480	0.23399570	1
SCF:0001388	AC:001193	0.57716742	0.63697481	0.05980739	1
SCF:0001389	AC:001193	0.57716742	0.67245287	0.09528545	1
SCF:0001390	AC:001196	0.97968700	0.92865160	-0.05103540	0
SCF:0001391	AC:001197	0.97127491	0.96409514	-0.00717977	0
SCF:0001392	AC:001197	0.97127491	0.96486116	-0.00641375	0
SCF:0001393	AC:001197	0.97127491	0.96087626	-0.01039865	0
SCF:0001394	AC:001197	0.97127491	0.97583893	0.00456402	1
SCF:0001395	AC:001198	0.96614420	0.96908668	0.00294248	1
SCF:0001396	AC:001198	0.96614420	0.97368321	0.00753901	1
SCF:0001397	AC:001198	0.96614420	0.97333446	0.00719026	1
SCF:0001398	AC:001198	0.96614420	0.97999084	0.01384664	1
SCF:0001399	AC:001198	0.96614420	0.97007895	0.00393475	1
SCF:0001400	AC:001200	0.57186978	0.66368774	0.09181796	1
SCF:0001401	AC:001202	0.50735987	0.75330425	0.24594438	1
SCF:0001402	AC:001203	0.70843302	0.61244791	-0.09598511	0
SCF:0001403	AC:001203	0.70843302	0.68273443	-0.02569859	0
SCF:0001404	AC:001203	0.70843302	0.66828414	-0.04014888	0
SCF:0001405	AC:001203	0.70843302	0.53094289	-0.17749013	0
SCF:0001406	AC:001205	0.72732524	0.63484067	-0.09248457	0
SCF:0001407	AC:001205	0.72732524	0.67394745	-0.05337779	0
SCF:0001408	AC:001205	0.72732524	0.59141683	-0.13590841	0
SCF:0001409	AC:001205	0.72732524	0.65540543	-0.07191981	0
SCF:0001410	AC:001205	0.72732524	0.72271201	-0.00461323	0
SCF:0001411	AC:001205	0.72732524	0.64867413	-0.07865111	0
SCF:0001412	AC:001206	0.92676386	0.92524383	-0.00152003	0
SCF:0001413	AC:001209	0.89407855	0.88189388	-0.01218467	0
SCF:0001414	AC:001212	0.55161501	0.61942667	0.06781166	1
SCF:0001415	AC:001214	0.59712072	0.41837050	-0.17875022	0
SCF:0001416	AC:001216	0.65621223	0.86804273	0.21183050	1
SCF:0001417	AC:001218	0.96752098	0.89523927	-0.07228171	0
SCF:0001418	AC:001219	0.98325890	0.98644402	0.00318512	1
SCF:0001419	AC:001221	0.36985949	0.53802559	0.16816610	1
SCF:0001420	AC:001222	0.48366593	0.48110134	-0.00256459	0
SCF:0001421	AC:001223	0.48394129	0.41304211	-0.07089918	0
SCF:0001422	AC:001223	0.48394129	0.43482008	-0.04912121	0
SCF:0001423	AC:001226	0.82012232	0.79733677	-0.02278555	0
SCF:0001424	AC:001227	0.72622585	0.71075977	-0.01546608	0
SCF:0001425	AC:001230	0.60594723	0.63017762	0.02423039	1
SCF:0001426	AC:001240	0.89516844	0.87349466	-0.02167378	0
SCF:0001427	AC:001240	0.89516844	0.80628800	-0.08888044	0
SCF:0001428	AC:001240	0.89516844	0.88535035	-0.00981809	0
SCF:0001429	AC:001241	0.93639019	0.94131264	0.00492245	1
SCF:0001430	AC:001241	0.93639019	0.98998204	0.05359185	1
SCF:0001431	AC:001242	0.69404950	0.63484067	-0.05920883	0
SCF:0001432	AC:001242	0.69404950	0.70020452	0.00615502	1
SCF:0001433	AC:001242	0.69404950	0.59141683	-0.10263267	0
SCF:0001434	AC:001242	0.69404950	0.66122311	-0.03282639	0
SCF:0001435	AC:001242	0.69404950	0.69958946	0.00553996	1
SCF:0001436	AC:001242	0.69404950	0.62597257	-0.06807693	0
SCF:0001437	AC:001244	0.94783379	0.94882905	0.00099526	1
SCF:0001438	AC:001244	0.94783379	0.95211758	0.00428379	1
SCF:0001439	AC:001246	0.19265350	0.44016725	0.24751375	1
SCF:0001440	AC:001247	0.75706527	0.57992718	-0.17713809	0
SCF:0001441	AC:001248	0.95096055	0.96487693	0.01391638	1
SCF:0001442	AC:001248	0.95096055	0.96069183	0.00973128	1
SCF:0001443	AC:001248	0.95096055	0.96856572	0.01760517	1
SCF:0001444	AC:001251	0.31594128	0.45737824	0.14143696	1
SCF:0001445	AC:001251	0.31594128	0.48307085	0.16712957	1
SCF:0001446	AC:001252	0.99363059	0.99247167	-0.00115892	0
SCF:0001447	AC:001253	0.55143160	0.60819376	0.05676216	1
SCF:0001448	AC:001253	0.55143160	0.61902180	0.06759020	1
SCF:0001449	AC:001253	0.55143160	0.59982869	0.04839709	1
SCF:0001450	AC:001253	0.55143160	0.71520922	0.16377762	1
SCF:0001451	AC:001255	0.82984706	0.88420263	0.05435557	1
SCF:0001452	AC:001255	0.82984706	0.73735216	-0.09249490	0
SCF:0001453	AC:001255	0.82984706	0.57247852	-0.25736854	0
SCF:0001454	AC:001257	0.65371490	0.60223664	-0.05147826	0
SCF:0001455	AC:001260	0.88601497	0.86345872	-0.02255625	0
SCF:0001456	AC:001261	0.96975568	0.95429725	-0.01545843	0
SCF:0001457	AC:001261	0.96975568	0.98544302	0.01568734	1
SCF:0001458	AC:001262	0.73581981	0.84404435	0.10822454	1
SCF:0001459	AC:001262	0.73581981	0.73756993	0.00175012	1
SCF:0001460	AC:001262	0.73581981	0.99032343	0.25450362	1
SCF:0001461	AC:001267	0.47564105	0.61244791	0.13680686	1
SCF:0001462	AC:001267	0.47564105	0.47850539	0.00286434	1
SCF:0001463	AC:001268	0.68085649	0.87832711	0.19747062	1
SCF:0001464	AC:001268	0.68085649	0.63782622	-0.04303027	0
SCF:0001465	AC:001270	0.96411422	0.88324800	-0.08086622	0
SCF:0001466	AC:001270	0.96411422	0.97324944	0.00913522	1
SCF:0001467	AC:001270	0.96411422	0.97488677	0.01077255	1
SCF:0001468	AC:001271	0.48850468	0.43699539	-0.05150929	0
SCF:0001469	AC:001273	0.79097396	0.96359891	0.17262495	1
SCF:0001470	AC:001273	0.79097396	0.90187306	0.11089910	1
SCF:0001471	AC:001275	0.52882242	0.55104266	0.02222024	1
SCF:0001472	AC:001275	0.52882242	0.64006871	0.11124629	1
SCF:0001473	AC:001275	0.52882242	0.57716822	0.04834580	1
SCF:0001474	AC:001275	0.52882242	0.64269312	0.11387070	1
SCF:0001475	AC:001276	0.74352497	0.71517497	-0.02835000	0
SCF:0001476	AC:001280	0.54701544	0.53385997	-0.01315547	0
SCF:0001477	AC:001281	0.77555178	0.87349466	0.09794288	1
SCF:0001478	AC:001281	0.77555178	0.88535035	0.10979857	1
SCF:0001479	AC:001281	0.77555178	0.82962829	0.05407651	1
SCF:0001480	AC:001282	0.80151898	0.74676904	-0.05474994	0
SCF:0001481	AC:001282	0.80151898	0.68167293	-0.11984605	0
SCF:0001482	AC:001283	0.72223886	0.84428174	0.12204288	1
SCF:0001483	AC:001285	0.70736453	0.75160601	0.04424148	1
SCF:0001484	AC:001285	0.70736453	0.84664444	0.13927991	1
SCF:0001485	AC:001285	0.70736453	0.82765259	0.12028806	1
SCF:0001486	AC:001285	0.70736453	0.76975560	0.06239107	1
SCF:0001487	AC:001287	0.56069404	0.66122311	0.10052907	1
SCF:0001488	AC:001287	0.56069404	0.72271201	0.16201797	1
SCF:0001489	AC:001287	0.56069404	0.69958946	0.13889542	1
SCF:0001490	AC:001287	0.56069404	0.64867413	0.08798009	1
SCF:0001491	AC:001287	0.56069404	0.68467411	0.12398007	1
SCF:0001492	AC:001287	0.56069404	0.51915690	-0.04153714	0
SCF:0001493	AC:001288	0.54532567	0.54679345	0.00146778	1
SCF:0001494	AC:001288	0.54532567	0.55289431	0.00756864	1
SCF:0001495	AC:001289	0.76198948	0.65600400	-0.10598548	0
SCF:0001496	AC:001289	0.76198948	0.87882798	0.11683850	1
SCF:0001497	AC:001293	0.45390710	0.56238371	0.10847661	1
SCF:0001498	AC:001293	0.45390710	0.56238371	0.10847661	1
SCF:0001499	AC:001293	0.45390710	0.36191788	-0.09198922	0
SCF:0001500	AC:001294	0.76431805	0.88735131	0.12303326	1
SCF:0001501	AC:001295	0.94553182	0.99625554	0.05072372	1
SCF:0001502	AC:001296	0.60743621	0.53016791	-0.07726830	0
SCF:0001503	AC:001296	0.60743621	0.73647470	0.12903849	1
SCF:0001504	AC:001297	0.71664101	0.74380837	0.02716736	1
SCF:0001505	AC:001298	0.58468041	0.41116376	-0.17351665	0
SCF:0001506	AC:001300	0.73371509	0.62973058	-0.10398451	0
SCF:0001507	AC:001300	0.73371509	0.69958946	-0.03412563	0
SCF:0001508	AC:001300	0.73371509	0.63442150	-0.09929359	0
SCF:0001509	AC:001300	0.73371509	0.65540543	-0.07830966	0
SCF:0001510	AC:001300	0.73371509	0.72271201	-0.01100308	0
SCF:0001511	AC:001300	0.73371509	0.64867413	-0.08504096	0
SCF:0001512	AC:001303	0.96779048	0.98000994	0.01221946	1
SCF:0001513	AC:001303	0.96779048	0.97939417	0.01160369	1
SCF:0001514	AC:001304	0.19445812	0.58871964	0.39426152	1
SCF:0001515	AC:001305	0.96159351	0.95624769	-0.00534582	0
SCF:0001516	AC:001307	0.91404125	0.95848575	0.04444450	1
SCF:0001517	AC:001309	0.95973325	0.96827436	0.00854111	1
SCF:0001518	AC:001311	0.47554264	0.34694927	-0.12859337	0
SCF:0001519	AC:001311	0.47554264	0.50885959	0.03331695	1
SCF:0001520	AC:001311	0.47554264	0.41307812	-0.06246452	0
SCF:0001521	AC:001315	0.38383042	0.62548103	0.24165061	1
SCF:0001522	AC:001315	0.38383042	0.54276855	0.15893813	1
SCF:0001523	AC:001315	0.38383042	0.65566360	0.27183318	1
SCF:0001524	AC:001315	0.38383042	0.46109812	0.07726770	1
SCF:0001525	AC:001316	0.78697030	0.81875844	0.03178814	1
SCF:0001526	AC:001316	0.78697030	0.82630586	0.03933556	1
SCF:0001527	AC:001316	0.78697030	0.87425794	0.08728764	1
SCF:0001528	AC:001316	0.78697030	0.73743603	-0.04953427	0
SCF:0001529	AC:001316	0.78697030	0.73364031	-0.05332999	0
SCF:0001530	AC:001317	0.67454905	0.75720656	0.08265751	1
SCF:0001531	AC:001317	0.67454905	0.66278196	-0.01176709	0
SCF:0001532	AC:001317	0.67454905	0.57911576	-0.09543329	0
SCF:0001533	AC:001318	0.64432713	0.55302492	-0.09130221	0
SCF:0001534	AC:001321	0.82482167	0.61838053	-0.20644114	0
SCF:0001535	AC:001321	0.82482167	0.79591516	-0.02890651	0
SCF:0001536	AC:001322	0.57937919	0.63868783	0.05930864	1
SCF:0001537	AC:001322	0.57937919	0.62700206	0.04762287	1
SCF:0001538	AC:001322	0.57937919	0.62946190	0.05008271	1
SCF:0001539	AC:001323	0.98388636	0.44855798	-0.53532838	0
SCF:0001540	AC:001323	0.98388636	0.40015708	-0.58372928	0
SCF:0001541	AC:001323	0.98388636	0.48654178	-0.49734458	0
SCF:0001542	AC:001327	0.99091766	0.98622188	-0.00469578	0
SCF:0001543	AC:001328	0.39129453	0.60708967	0.21579514	1
SCF:0001544	AC:001329	0.50680152	0.56508586	0.05828434	1
SCF:0001545	AC:001330	0.86034894	0.96021751	0.09986857	1
SCF:0001546	AC:001330	0.86034894	0.75370896	-0.10663998	0
SCF:0001547	AC:001333	0.99639192	0.99839833	0.00200641	1
SCF:0001548	AC:001333	0.99639192	0.99597693	-0.00041499	0
SCF:0001549	AC:001333	0.99639192	0.99714905	0.00075713	1
SCF:0001550	AC:001334	0.38468272	0.62172511	0.23704239	1
SCF:0001551	AC:001334	0.38468272	0.52359712	0.13891440	1
SCF:0001552	AC:001337	0.59733836	0.69033005	0.09299169	1
SCF:0001553	AC:001337	0.59733836	0.67992912	0.08259076	1
SCF:0001554	AC:001337	0.59733836	0.75319478	0.15585642	1
SCF:0001555	AC:001339	0.94864079	0.99425548	0.04561469	1
SCF:0001556	AC:001340	0.77807251	0.53634104	-0.24173147	0
SCF:0001557	AC:001341	0.53574499	0.32539361	-0.21035138	0
SCF:0001558	AC:001341	0.53574499	0.53574521	0.00000022	1
SCF:0001559	AC:001341	0.53574499	0.57733461	0.04158962	1
SCF:0001560	AC:001341	0.53574499	0.66197995	0.12623496	1
SCF:0001561	AC:001342	0.57511718	0.64832851	0.07321133	1
SCF:0001562	AC:001343	0.41806663	0.72900003	0.31093340	1
SCF:0001563	AC:001343	0.41806663	0.85106230	0.43299567	1
SCF:0001564	AC:001344	0.61722652	0.44328249	-0.17394403	0
SCF:0001565	AC:001346	0.86623585	0.94322047	0.07698462	1
SCF:0001566	AC:001346	0.86623585	0.83081442	-0.03542143	0
SCF:0001567	AC:001346	0.86623585	0.83081442	-0.03542143	0
SCF:0001568	AC:001350	0.62123726	0.81371385	0.19247659	1
SCF:0001569	AC:001352	0.63236726	0.68694108	0.05457382	1
SCF:0001570	AC:001352	0.63236726	0.70183738	0.06947012	1
SCF:0001571	AC:001352	0.63236726	0.54544304	-0.08692422	0
SCF:0001572	AC:001352	0.63236726	0.55153324	-0.08083402	0
SCF:0001573	AC:001353	0.84332144	0.90207186	0.05875042	1
SCF:0001574	AC:001354	0.66853753	0.76691383	0.09837630	1
SCF:0001575	AC:001355	0.84865550	0.96699852	0.11834302	1
SCF:0001576	AC:001359	0.62512284	0.62512302	0.00000018	1
SCF:0001577	AC:001360	0.69536217	0.94073809	0.24537592	1
SCF:0001578	AC:001360	0.69536217	0.55978894	-0.13557323	0
SCF:0001579	AC:001366	0.46657258	0.42769010	-0.03888248	0
SCF:0001580	AC:001366	0.46657258	0.47850539	0.01193281	1
SCF:0001581	AC:001366	0.46657258	0.39841063	-0.06816195	0
SCF:0001582	AC:001367	0.99190006	0.97849718	-0.01340288	0
SCF:0001583	AC:001367	0.99190006	0.99052021	-0.00137985	0
SCF:0001584	AC:001367	0.99190006	0.99041280	-0.00148726	0
SCF:0001585	AC:001368	0.67896256	0.88698345	0.20802089	1
SCF:0001586	AC:001370	0.84981805	0.84835410	-0.00146395	0
SCF:0001587	AC:001371	0.68141796	0.42712310	-0.25429486	0
SCF:0001588	AC:001372	0.47325325	0.41931871	-0.05393454	0
SCF:0001589	AC:001374	0.39929698	0.54527675	0.14597977	1
SCF:0001590	AC:001375	0.87776137	0.74027097	-0.13749040	0
SCF:0001591	AC:001375	0.87776137	0.90466618	0.02690481	1
SCF:0001592	AC:001376	0.95645562	0.96808103	0.01162541	1
SCF:0001593	AC:001376	0.95645562	0.96087626	0.00442064	1
SCF:0001594	AC:001376	0.95645562	0.96409514	0.00763952	1
SCF:0001595	AC:001376	0.95645562	0.96486116	0.00840554	1
SCF:0001596	AC:001379	0.49967849	0.58352408	0.08384559	1
SCF:0001597	AC:001379	0.49967849	0.53469731	0.03501882	1
SCF:0001598	AC:001379	0.49967849	0.56655872	0.06688023	1
SCF:0001599	AC:001379	0.49967849	0.56655872	0.06688023	1
SCF:0001600	AC:001379	0.49967849	0.62253334	0.12285485	1
SCF:0001601	AC:001380	0.92583182	0.94028264	0.01445082	1
SCF:0001602	AC:001382	0.55427747	0.46636998	-0.08790749	0
SCF:0001603	AC:001384	0.92989301	0.97837839	0.04848538	1
SCF:0001604	AC:001384	0.92989301	0.91333460	-0.01655841	0
SCF:0001605	AC:001384	0.92989301	0.97554719	0.04565418	1
SCF:0001606	AC:001385	0.90803473	0.87958962	-0.02844511	0
SCF:0001607	AC:001385	0.90803473	0.89403145	-0.01400328	0
SCF:0001608	AC:001385	0.90803473	0.90589709	-0.00213764	0
SCF:0001609	AC:001386	0.98830264	0.98500872	-0.00329392	0
SCF:0001610	AC:001386	0.98830264	0.98370406	-0.00459858	0
SCF:0001611	AC:001386	0.98830264	0.98108885	-0.00721379	0
SCF:0001612	AC:001386	0.98830264	0.97579306	-0.01250958	0
SCF:0001613	AC:001389	0.75901007	0.73666510	-0.02234497	0
SCF:0001614	AC:001389	0.75901007	0.73344144	-0.02556863	0
SCF:0001615	AC:001390	0.88139433	0.90328580	0.02189147	1
SCF:0001616	AC:001390	0.88139433	0.83273878	-0.04865555	0
SCF:0001617	AC:001391	0.72362707	0.82976737	0.10614030	1
SCF:0001618	AC:001392	0.91877180	0.92543584	0.00666404	1
SCF:0001619	AC:001393	0.86776644	0.94168589	0.07391945	1
SCF:0001620	AC:001393	0.86776644	0.94850722	0.08074078	1
SCF:0001621	AC:001394	0.71949512	0.85978639	0.14029127	1
SCF:0001622	AC:001395	0.92800247	0.87998722	-0.04801525	0
SCF:0001623	AC:001395	0.92800247	0.85939619	-0.06860628	0
SCF:0001624	AC:001396	0.86883300	0.84206676	-0.02676624	0
SCF:0001625	AC:001398	0.57415702	0.68681477	0.11265775	1
SCF:0001626	AC:001398	0.57415702	0.63082564	0.05666862	1
SCF:0001627	AC:001398	0.57415702	0.60254750	0.02839048	1
SCF:0001628	AC:001398	0.57415702	0.65666792	0.08251090	1
SCF:0001629	AC:001401	0.19093504	0.36188805	0.17095301	1
SCF:0001630	AC:001401	0.19093504	0.36179049	0.17085545	1
SCF:0001631	AC:001401	0.19093504	0.38260977	0.19167473	1
SCF:0001632	AC:001403	0.86927721	0.87690649	0.00762928	1
SCF:0001633	AC:001403	0.86927721	0.77236730	-0.09690991	0
SCF:0001634	AC:001404	0.89829391	0.82889261	-0.06940130	0
SCF:0001635	AC:001406	0.67375115	0.77691166	0.10316051	1
SCF:0001636	AC:001406	0.67375115	0.38924173	-0.28450942	0
SCF:0001637	AC:001406	0.67375115	0.66496654	-0.00878461	0
SCF:0001638	AC:001406	0.67375115	0.65757147	-0.01617968	0
SCF:0001639	AC:001406	0.67375115	0.80734591	0.13359476	1
SCF:0001640	AC:001406	0.67375115	0.69471188	0.02096073	1
SCF:0001641	AC:001407	0.61430946	0.52028806	-0.09402140	0
SCF:0001642	AC:001408	0.89654559	0.64713423	-0.24941136	0
SCF:0001643	AC:001408	0.89654559	0.86710015	-0.02944544	0
SCF:0001644	AC:001408	0.89654559	0.80914217	-0.08740342	0
SCF:0001645	AC:001411	0.81533674	0.77221653	-0.04312021	0
SCF:0001646	AC:001416	0.44643424	0.68394704	0.23751280	1
SCF:0001647	AC:001416	0.44643424	0.41876409	-0.02767015	0
SCF:0001648	AC:001417	0.96457648	0.98207214	0.01749566	1
SCF:0001649	AC:001422	0.62806237	0.54881735	-0.07924502	0
SCF:0001650	AC:001422	0.62806237	0.79679167	0.16872930	1
SCF:0001651	AC:001422	0.62806237	0.56013219	-0.06793018	0
SCF:0001652	AC:001422	0.62806237	0.57716822	-0.05089415	0
SCF:0001653	AC:001426	0.54526546	0.60824233	0.06297687	1
SCF:0001654	AC:001428	0.65142473	0.59489164	-0.05653309	0
SCF:0001655	AC:001431	0.50014325	0.41631730	-0.08382595	0
SCF:0001656	AC:001431	0.50014325	0.37081729	-0.12932596	0
SCF:0001657	AC:001431	0.50014325	0.45738046	-0.04276279	0
SCF:0001658	AC:001431	0.50014325	0.45033699	-0.04980626	0
SCF:0001659	AC:001432	0.60335274	0.51139342	-0.09195932	0
SCF:0001660	AC:001432	0.60335274	0.76372409	0.16037135	1
SCF:0001661	AC:001432	0.60335274	0.77331954	0.16996680	1
SCF:0001662	AC:001432	0.60335274	0.53012086	-0.07323188	0
SCF:0001663	AC:001436	0.98761683	0.99040931	0.00279248	1
SCF:0001664	AC:001437	0.56657419	0.55461026	-0.01196393	0
SCF:0001665	AC:001437	0.56657419	0.66385585	0.09728166	1
SCF:0001666	AC:001437	0.56657419	0.71333720	0.14676301	1
SCF:0001667	AC:001438	0.70188198	0.63170034	-0.07018164	0
SCF:0001668	AC:001438	0.70188198	0.75333724	0.05145526	1
SCF:0001669	AC:001438	0.70188198	0.60932541	-0.09255657	0
SCF:0001670	AC:001438	0.70188198	0.71074006	0.00885808	1
SCF:0001671	AC:001438	0.70188198	0.50228297	-0.19959901	0
SCF:0001672	AC:001439	0.42881464	0.68106254	0.25224790	1
SCF:0001673	AC:001444	0.72538693	0.56097680	-0.16441013	0
SCF:0001674	AC:001444	0.72538693	0.78803518	0.06264825	1
SCF:0001675	AC:001445	0.94489512	0.97108128	0.02618616	1
SCF:0001676	AC:001446	0.83705543	0.87349466	0.03643923	1
SCF:0001677	AC:001446	0.83705543	0.74666663	-0.09038880	0
SCF:0001678	AC:001446	0.83705543	0.79971794	-0.03733749	0
SCF:0001679	AC:001449	0.40481440	0.44795562	0.04314122	1
SCF:0001680	AC:001450	0.52815680	0.55980161	0.03164481	1
SCF:0001681	AC:001450	0.52815680	0.90543332	0.37727652	1
SCF:0001682	AC:001450	0.52815680	0.78799796	0.25984116	1
SCF:0001683	AC:001451	0.85784460	0.87958962	0.02174502	1
SCF:0001684	AC:001452	0.66071693	0.63219020	-0.02852673	0
SCF:0001685	AC:001452	0.66071693	0.55179692	-0.10892001	0
SCF:0001686	AC:001454	0.41946736	0.90537698	0.48590962	1
SCF:0001687	AC:001454	0.41946736	0.51396352	0.09449616	1
SCF:0001688	AC:001456	0.92317168	0.94887124	0.02569956	1
SCF:0001689	AC:001456	0.92317168	0.94784397	0.02467229	1
SCF:0001690	AC:001460	0.99243883	0.99887216	0.00643333	1
SCF:0001691	AC:001461	0.99493596	0.96614804	-0.02878792	0
SCF:0001692	AC:001461	0.99493596	0.95861369	-0.03632227	0
SCF:0001693	AC:001463	0.60372505	0.47086582	-0.13285923	0
SCF:0001694	AC:001463	0.60372505	0.58285380	-0.02087125	0
SCF:0001695	AC:001463	0.60372505	0.63474776	0.03102271	1
SCF:0001696	AC:001464	0.99774155	0.98733607	-0.01040548	0
SCF:0001697	AC:001465	0.52625668	0.80580083	0.27954415	1
SCF:0001698	AC:001465	0.52625668	0.71474110	0.18848442	1
SCF:0001699	AC:001465	0.52625668	0.68038170	0.15412502	1
SCF:0001700	AC:001466	0.92833400	0.94438342	0.01604942	1
SCF:0001701	AC:001466	0.92833400	0.91544417	-0.01288983	0
SCF:0001702	AC:001466	0.92833400	0.80243179	-0.12590221	0
SCF:0001703	AC:001466	0.92833400	0.93003916	0.00170516	1
SCF:0001704	AC:001468	0.32383590	0.39759776	0.07376186	1
SCF:0001705	AC:001468	0.32383590	0.55663394	0.23279804	1
SCF:0001706	AC:001468	0.32383590	0.31895237	-0.00488353	0
SCF:0001707	AC:001469	0.79328534	0.82216224	0.02887690	1
SCF:0001708	AC:001470	0.64070966	0.63420121	-0.00650845	0
SCF:0001709	AC:001472	0.78407914	0.73301669	-0.05106245	0
SCF:0001710	AC:001472	0.78407914	0.68394704	-0.10013210	0
SCF:0001711	AC:001473	0.66144946	0.83692941	0.17547995	1
SCF:0001712	AC:001474	0.66894291	0.81513842	0.14619551	1
SCF:0001713	AC:001475	0.50610564	0.71227864	0.20617300	1
SCF:0001714	AC:001478	0.48120022	0.68106254	0.19986232	1
SCF:0001715	AC:001481	0.64796267	0.72314823	0.07518556	1
SCF:0001716	AC:001481	0.64796267	0.60723770	-0.04072497	0
SCF:0001717	AC:001481	0.64796267	0.68315785	0.03519518	1
SCF:0001718	AC:001482	0.59260254	0.59788018	0.00527764	1
SCF:0001719	AC:001483	0.60168630	0.50290413	-0.09878217	0
SCF:0001720	AC:001486	0.73986000	0.84090704	0.10104704	1
SCF:0001721	AC:001486	0.73986000	0.66234511	-0.07751489	0
SCF:0001722	AC:001488	0.98438746	0.98901195	0.00462449	1
SCF:0001723	AC:001488	0.98438746	0.98455476	0.00016730	1
SCF:0001724	AC:001488	0.98438746	0.98405594	-0.00033152	0
SCF:0001725	AC:001488	0.98438746	0.98331466	-0.00107280	0
SCF:0001726	AC:001488	0.98438746	0.98354506	-0.00084240	0
SCF:0001727	AC:001490	0.68865569	0.85049591	0.16184022	1
SCF:0001728	AC:001490	0.68865569	0.73743603	0.04878034	1
SCF:0001729	AC:001491	0.95749527	0.98412451	0.02662924	1
SCF:0001730	AC:001492	0.43269254	0.82602996	0.39333742	1
SCF:0001731	AC:001493	0.96159134	0.95834437	-0.00324697	0
SCF:0001732	AC:001496	0.75558788	0.68394257	-0.07164531	0
SCF:0001733	AC:001497	0.97677854	0.94679562	-0.02998292	0
SCF:0001734	AC:001497	0.97677854	0.97849718	0.00171864	1
SCF:0001735	AC:001497	0.97677854	0.98356778	0.00678924	1
SCF:0001736	AC:001497	0.97677854	0.98245910	0.00568056	1
SCF:0001737	AC:001497	0.97677854	0.97815067	0.00137213	1
SCF:0001738	AC:001497	0.97677854	0.95429725	-0.02248129	0
SCF:0001739	AC:001498	0.33355131	0.43800274	0.10445143	1
SCF:0001740	AC:001498	0.33355131	0.58243247	0.24888116	1
SCF:0001741	AC:001498	0.33355131	0.53202809	0.19847678	1
SCF:0001742	AC:001498	0.33355131	0.40259926	0.06904795	1
SCF:0001743	AC:001498	0.33355131	0.48025481	0.14670350	1
SCF:0001744	AC:001499	0.85009196	0.74834546	-0.10174650	0
SCF:0001745	AC:001499	0.85009196	0.66337307	-0.18671889	0
SCF:0001746	AC:001501	0.97121397	0.98117656	0.00996259	1
SCF:0001747	AC:001501	0.97121397	0.98304096	0.01182699	1
SCF:0001748	AC:001502	0.97964859	0.97324944	-0.00639915	0
SCF:0001749	AC:001502	0.97964859	0.95843306	-0.02121553	0
SCF:0001750	AC:001505	0.92253008	0.95422903	0.03169895	1
SCF:0001751	AC:001508	0.81464159	0.91690206	0.10226047	1
SCF:0001752	AC:001508	0.81464159	0.73821944	-0.07642215	0
SCF:0001753	AC:001508	0.81464159	0.30981649	-0.50482510	0
SCF:0001754	AC:001508	0.81464159	0.54490792	-0.26973367	0
SCF:0001755	AC:001509	0.85790652	0.92583018	0.06792366	1
SCF:0001756	AC:001509	0.85790652	0.80853409	-0.04937243	0
SCF:0001757	AC:001509	0.85790652	0.94933632	0.09142980	1
SCF:0001758	AC:001509	0.85790652	0.94044459	0.08253807	1
SCF:0001759	AC:001509	0.85790652	0.93777576	0.07986924	1
SCF:0001760	AC:001510	0.39989362	0.38463726	-0.01525636	0
SCF:0001761	AC:001510	0.39989362	0.50867806	0.10878444	1
SCF:0001762	AC:001513	0.74946269	0.77447360	0.02501091	1
SCF:0001763	AC:001514	0.45093698	0.73329142	0.28235444	1
SCF:0001764	AC:001514	0.45093698	0.81934826	0.36841128	1
SCF:0001765	AC:001515	0.62380972	0.79679167	0.17298195	1
SCF:0001766	AC:001515	0.62380972	0.56013219	-0.06367753	0
SCF:0001767	AC:001515	0.62380972	0.57716822	-0.04664150	0
SCF:0001768	AC:001515	0.62380972	0.64269312	0.01888340	1
SCF:0001769	AC:001515	0.62380972	0.75877317	0.13496345	1
SCF:0001770	AC:001516	0.47594176	0.61244791	0.13650615	1
SCF:0001771	AC:001516	0.47594176	0.35402781	-0.12191395	0
SCF:0001772	AC:001518	0.83148586	0.55980161	-0.27168425	0
SCF:0001773	AC:001518	0.83148586	0.85444075	0.02295489	1
SCF:0001774	AC:001518	0.83148586	0.80948224	-0.02200362	0
SCF:0001775	AC:001518	0.83148586	0.75809446	-0.07339140	0
SCF:0001776	AC:001519	0.52983285	0.49106562	-0.03876723	0
SCF:0001777	AC:001519	0.52983285	0.51328375	-0.01654910	0
SCF:0001778	AC:001519	0.52983285	0.48331622	-0.04651663	0
SCF:0001779	AC:001519	0.52983285	0.49697491	-0.03285794	0
SCF:0001780	AC:001519	0.52983285	0.54647465	0.01664180	1
SCF:0001781	AC:001519	0.52983285	0.54372041	0.01388756	1
SCF:0001782	AC:001524	0.97016052	0.98005387	0.00989335	1
SCF:0001783	AC:001524	0.97016052	0.98449990	0.01433938	1
SCF:0001784	AC:001524	0.97016052	0.95690125	-0.01325927	0
SCF:0001785	AC:001525	0.81189901	0.70993251	-0.10196650	0
SCF:0001786	AC:001525	0.81189901	0.87119824	0.05929923	1
SCF:0001787	AC:001526	0.69150897	0.46799521	-0.22351376	0
SCF:0001788	AC:001526	0.69150897	0.71885030	0.02734133	1
SCF:0001789	AC:001526	0.69150897	0.65573890	-0.03577007	0
SCF:0001790	AC:001526	0.69150897	0.64074499	-0.05076398	0
SCF:0001791	AC:001529	0.73855036	0.81630058	0.07775022	1
SCF:0001792	AC:001529	0.73855036	0.80388782	0.06533746	1
SCF:0001793	AC:001529	0.73855036	0.56960763	-0.16894273	0
SCF:0001794	AC:001530	0.97133818	0.89816498	-0.07317320	0
SCF:0001795	AC:001532	0.36509221	0.35911824	-0.00597397	0
SCF:0001796	AC:001533	0.99514475	0.99599084	0.00084609	1
SCF:0001797	AC:001534	0.44458961	0.67183414	0.22724453	1
SCF:0001798	AC:001535	0.98315281	0.98131025	-0.00184256	0
SCF:0001799	AC:001536	0.99754462	0.99758673	0.00004211	1
SCF:0001800	AC:001536	0.99754462	0.99701383	-0.00053079	0
SCF:0001801	AC:001536	0.99754462	0.97702607	-0.02051855	0
SCF:0001802	AC:001536	0.99754462	0.98641154	-0.01113308	0
SCF:0001803	AC:001536	0.99754462	0.95509985	-0.04244477	0
SCF:0001804	AC:001536	0.99754462	0.98168132	-0.01586330	0
SCF:0001805	AC:001538	0.72834632	0.81526107	0.08691475	1
SCF:0001806	AC:001540	0.94641614	0.97952032	0.03310418	1
SCF:0001807	AC:001541	0.46440576	0.38550890	-0.07889686	0
SCF:0001808	AC:001542	0.91741583	0.94168589	0.02427006	1
SCF:0001809	AC:001542	0.91741583	0.94850722	0.03109139	1
SCF:0001810	AC:001544	0.73403653	0.81131819	0.07728166	1
SCF:0001811	AC:001545	0.78347838	0.68078867	-0.10268971	0
SCF:0001812	AC:001548	0.47561164	0.55622068	0.08060904	1
SCF:0001813	AC:001548	0.47561164	0.65842679	0.18281515	1
SCF:0001814	AC:001549	0.67131425	0.61630648	-0.05500777	0
SCF:0001815	AC:001550	0.69132254	0.61244791	-0.07887463	0
SCF:0001816	AC:001550	0.69132254	0.64322013	-0.04810241	0
SCF:0001817	AC:001550	0.69132254	0.65574512	-0.03557742	0
SCF:0001818	AC:001550	0.69132254	0.54033597	-0.15098657	0
SCF:0001819	AC:001552	0.95921055	0.95531309	-0.00389746	0
SCF:0001820	AC:001552	0.95921055	0.95972348	0.00051293	1
SCF:0001821	AC:001555	0.67201573	0.55476922	-0.11724651	0
SCF:0001822	AC:001558	0.58660499	0.67500390	0.08839891	1
SCF:0001823	AC:001558	0.58660499	0.60179198	0.01518699	1
SCF:0001824	AC:001559	0.80531892	0.90016851	0.09484959	1
SCF:0001825	AC:001559	0.80531892	0.72790922	-0.07740970	0
SCF:0001826	AC:001560	0.76122010	0.74327078	-0.01794932	0
SCF:0001827	AC:001561	0.55655288	0.82380342	0.26725054	1
SCF:0001828	AC:001561	0.55655288	0.94167921	0.38512633	1
SCF:0001829	AC:001561	0.55655288	0.76089960	0.20434672	1
SCF:0001830	AC:001561	0.55655288	0.63628785	0.07973497	1
SCF:0001831	AC:001561	0.55655288	0.55577590	-0.00077698	0
SCF:0001832	AC:001562	0.53350765	0.47952644	-0.05398121	0
SCF:0001833	AC:001564	0.39081463	0.47091195	0.08009732	1
SCF:0001834	AC:001564	0.39081463	0.49094352	0.10012889	1
SCF:0001835	AC:001565	0.80430815	0.62136028	-0.18294787	0
SCF:0001836	AC:001565	0.80430815	0.77957642	-0.02473173	0
SCF:0001837	AC:001565	0.80430815	0.80610436	0.00179621	1
SCF:0001838	AC:001565	0.80430815	0.71747875	-0.08682940	0
SCF:0001839	AC:001566	0.84064692	0.96021751	0.11957059	1
SCF:0001840	AC:001566	0.84064692	0.83609780	-0.00454912	0
SCF:0001841	AC:001568	0.65315266	0.61511126	-0.03804140	0
SCF:0001842	AC:001569	0.64238117	0.59389019	-0.04849098	0
SCF:0001843	AC:001569	0.64238117	0.77803919	0.13565802	1
SCF:0001844	AC:001575	0.77234240	0.79826476	0.02592236	1
SCF:0001845	AC:001575	0.77234240	0.83301855	0.06067615	1
SCF:0001846	AC:001575	0.77234240	0.83912760	0.06678520	1
SCF:0001847	AC:001575	0.77234240	0.72646899	-0.04587341	0
SCF:0001848	AC:001576	0.54525633	0.55189163	0.00663530	1
SCF:0001849	AC:001578	0.81752604	0.82754067	0.01001463	1
SCF:0001850	AC:001581	0.53068512	0.46675482	-0.06393030	0
SCF:0001851	AC:001584	0.97365356	0.94779206	-0.02586150	0
SCF:0001852	AC:001584	0.97365356	0.97849718	0.00484362	1
SCF:0001853	AC:001584	0.97365356	0.95429725	-0.01935631	0
SCF:0001854	AC:001584	0.97365356	0.98245910	0.00880554	1
SCF:0001855	AC:001584	0.97365356	0.97815067	0.00449711	1
SCF:0001856	AC:001590	0.51418807	0.68753445	0.17334638	1
SCF:0001857	AC:001590	0.51418807	0.62609982	0.11191175	1
SCF:0001858	AC:001592	0.78895960	0.87892785	0.08996825	1
SCF:0001859	AC:001594	0.78843886	0.84822792	0.05978906	1
SCF:0001860	AC:001594	0.78843886	0.79776529	0.00932643	1
SCF:0001861	AC:001594	0.78843886	0.64958656	-0.13885230	0
SCF:0001862	AC:001596	0.66102129	0.71239405	0.05137276	1
SCF:0001863	AC:001598	0.96140648	0.95211758	-0.00928890	0
SCF:0001864	AC:001598	0.96140648	0.94422967	-0.01717681	0
SCF:0001865	AC:001601	0.46213792	0.43781964	-0.02431828	0
SCF:0001866	AC:001602	0.73039254	0.75618363	0.02579109	1
SCF:0001867	AC:001603	0.84480602	0.79441160	-0.05039442	0
SCF:0001868	AC:001604	0.26927838	0.50917132	0.23989294	1
SCF:0001869	AC:001607	0.78473067	0.56013219	-0.22459848	0
SCF:0001870	AC:001607	0.78473067	0.79596427	0.01123360	1
SCF:0001871	AC:001607	0.78473067	0.67281673	-0.11191394	0
SCF:0001872	AC:001607	0.78473067	0.75877317	-0.02595750	0
SCF:0001873	AC:001611	0.73271802	0.85889974	0.12618172	1
SCF:0001874	AC:001611	0.73271802	0.81857733	0.08585931	1
SCF:0001875	AC:001612	0.79015491	0.63603440	-0.15412051	0
SCF:0001876	AC:001614	0.70046621	0.84063565	0.14016944	1
SCF:0001877	AC:001614	0.70046621	0.80136542	0.10089921	1
SCF:0001878	AC:001614	0.70046621	0.79110111	0.09063490	1
SCF:0001879	AC:001615	0.72190119	0.81457906	0.09267787	1
SCF:0001880	AC:001616	0.55622722	0.47195040	-0.08427682	0
SCF:0001881	AC:001620	0.95707278	0.84935071	-0.10772207	0
SCF:0001882	AC:001621	0.93823182	0.94315910	0.00492728	1
SCF:0001883	AC:001621	0.93823182	0.92792261	-0.01030921	0
SCF:0001884	AC:001621	0.93823182	0.96018603	0.02195421	1
SCF:0001885	AC:001623	0.74574250	0.85523317	0.10949067	1
SCF:0001886	AC:001623	0.74574250	0.81365874	0.06791624	1
SCF:0001887	AC:001623	0.74574250	0.81615522	0.07041272	1
SCF:0001888	AC:001623	0.74574250	0.66566574	-0.08007676	0
SCF:0001889	AC:001624	0.79557304	0.67974796	-0.11582508	0
SCF:0001890	AC:001624	0.79557304	0.84162225	0.04604921	1
SCF:0001891	AC:001625	0.26239811	0.57248709	0.31008898	1
SCF:0001892	AC:001625	0.26239811	0.53971501	0.27731690	1
SCF:0001893	AC:001627	0.87195194	0.96313107	0.09117913	1
SCF:0001894	AC:001629	0.53405386	0.31368185	-0.22037201	0
SCF:0001895	AC:001630	0.27676394	0.50290413	0.22614019	1
SCF:0001896	AC:001630	0.27676394	0.46799521	0.19123127	1
SCF:0001897	AC:001631	0.24529826	0.45885610	0.21355784	1
SCF:0001898	AC:001631	0.24529826	0.31408413	0.06878587	1
SCF:0001899	AC:001631	0.24529826	0.40006128	0.15476302	1
SCF:0001900	AC:001633	0.89876272	0.81513842	-0.08362430	0
SCF:0001901	AC:001634	0.94069859	0.97828293	0.03758434	1
SCF:0001902	AC:001635	0.93803978	0.96854612	0.03050634	1
SCF:0001903	AC:001635	0.93803978	0.97064596	0.03260618	1
SCF:0001904	AC:001635	0.93803978	0.96417686	0.02613708	1
SCF:0001905	AC:001636	0.54047962	0.55203650	0.01155688	1
SCF:0001906	AC:001640	0.79237183	0.68757889	-0.10479294	0
SCF:0001907	AC:001642	0.48514628	0.44584068	-0.03930560	0
SCF:0001908	AC:001644	0.71683797	0.83715841	0.12032044	1
SCF:0001909	AC:001645	0.41553354	0.41697548	0.00144194	1
SCF:0001910	AC:001645	0.41553354	0.49801347	0.08247993	1
SCF:0001911	AC:001645	0.41553354	0.42516266	0.00962912	1
SCF:0001912	AC:001645	0.41553354	0.66629916	0.25076562	1
SCF:0001913	AC:001645	0.41553354	0.48940558	0.07387204	1
SCF:0001914	AC:001646	0.61721130	0.67885763	0.06164633	1
SCF:0001915	AC:001650	0.73620312	0.69632448	-0.03987864	0
SCF:0001916	AC:001650	0.73620312	0.83879041	0.10258729	1
SCF:0001917	AC:001650	0.73620312	0.65431515	-0.08188797	0
SCF:0001918	AC:001651	0.35941413	0.49669676	0.13728263	1
SCF:0001919	AC:001651	0.35941413	0.54685808	0.18744395	1
SCF:0001920	AC:001651	0.35941413	0.49707068	0.13765655	1
SCF:0001921	AC:001652	0.53934574	0.43496406	-0.10438168	0
SCF:0001922	AC:001653	0.94971955	0.98720807	0.03748852	1
SCF:0001923	AC:001655	0.44735262	0.53239989	0.08504727	1
SCF:0001924	AC:001656	0.59831786	0.76126263	0.16294477	1
SCF:0001925	AC:001656	0.59831786	0.59177327	-0.00654459	0
SCF:0001926	AC:001656	0.59831786	0.62021456	0.02189670	1
SCF:0001927	AC:001661	0.97771740	0.95690125	-0.02081615	0
SCF:0001928	AC:001661	0.97771740	0.96222648	-0.01549092	0
SCF:0001929	AC:001661	0.97771740	0.97526723	-0.00245017	0
SCF:0001930	AC:001661	0.97771740	0.98238036	0.00466296	1
SCF:0001931	AC:001661	0.97771740	0.97635224	-0.00136516	0
SCF:0001932	AC:001661	0.97771740	0.97368321	-0.00403419	0
SCF:0001933	AC:001662	0.94537472	0.84711245	-0.09826227	0
SCF:0001934	AC:001663	0.55773363	0.66691197	0.10917834	1
SCF:0001935	AC:001667	0.55368999	0.69640579	0.14271580	1
SCF:0001936	AC:001669	0.48492473	0.52643102	0.04150629	1
SCF:0001937	AC:001669	0.48492473	0.62053854	0.13561381	1
SCF:0001938	AC:001669	0.48492473	0.64606168	0.16113695	1
SCF:0001939	AC:001671	0.94577560	0.96438583	0.01861023	1
SCF:0001940	AC:001671	0.94577560	0.97550121	0.02972561	1
SCF:0001941	AC:001671	0.94577560	0.95026436	0.00448876	1
SCF:0001942	AC:001671	0.94577560	0.92160362	-0.02417198	0
SCF:0001943	AC:001672	0.57853271	0.46923551	-0.10929720	0
SCF:0001944	AC:001673	0.25788633	0.38473995	0.12685362	1
SCF:0001945	AC:001675	0.96249741	0.96520991	0.00271250	1
SCF:0001946	AC:001678	0.83964738	0.80952485	-0.03012253	0
SCF:0001947	AC:001678	0.83964738	0.82289061	-0.01675677	0
SCF:0001948	AC:001681	0.57878109	0.47960945	-0.09917164	0
SCF:0001949	AC:001681	0.57878109	0.59267954	0.01389845	1
SCF:0001950	AC:001682	0.62941658	0.96417686	0.33476028	1
SCF:0001951	AC:001682	0.62941658	0.96854612	0.33912954	1
SCF:0001952	AC:001683	0.91354114	0.94850722	0.03496608	1
SCF:0001953	AC:001683	0.91354114	0.94168589	0.02814475	1
SCF:0001954	AC:001684	0.88374746	0.99682709	0.11307963	1
SCF:0001955	AC:001685	0.66235600	0.80033434	0.13797834	1
SCF:0001956	AC:001687	0.96390683	0.95624769	-0.00765914	0
SCF:0001957	AC:001690	0.97457438	0.92924089	-0.04533349	0
SCF:0001958	AC:001690	0.97457438	0.78636008	-0.18821430	0
SCF:0001959	AC:001690	0.97457438	0.97981584	0.00524146	1
SCF:0001960	AC:001691	0.92824497	0.87586122	-0.05238375	0
SCF:0001961	AC:001693	0.67496735	0.70907982	0.03411247	1
SCF:0001962	AC:001693	0.67496735	0.62248847	-0.05247888	0
SCF:0001963	AC:001695	0.86446890	0.53268834	-0.33178056	0
SCF:0001964	AC:001699	0.45619659	0.70568845	0.24949186	1
SCF:0001965	AC:001700	0.97598851	0.97497907	-0.00100944	0
SCF:0001966	AC:001700	0.97598851	0.97645644	0.00046793	1
SCF:0001967	AC:001700	0.97598851	0.95613843	-0.01985008	0
SCF:0001968	AC:001700	0.97598851	0.80071547	-0.17527304	0
SCF:0001969	AC:001700	0.97598851	0.95640660	-0.01958191	0
SCF:0001970	AC:001703	0.94255269	0.87045675	-0.07209594	0
SCF:0001971	AC:001705	0.98792765	0.97439367	-0.01353398	0
SCF:0001972	AC:001707	0.68765181	0.86414212	0.17649031	1
SCF:0001973	AC:001707	0.68765181	0.88612765	0.19847584	1
SCF:0001974	AC:001708	0.75499821	0.73246491	-0.02253330	0
SCF:0001975	AC:001708	0.75499821	0.57979026	-0.17520795	0
SCF:0001976	AC:001708	0.75499821	0.74467883	-0.01031938	0
SCF:0001977	AC:001708	0.75499821	0.53895907	-0.21603914	0
SCF:0001978	AC:001709	0.62633710	0.52327415	-0.10306295	0
SCF:0001979	AC:001709	0.62633710	0.59684069	-0.02949641	0
SCF:0001980	AC:001709	0.62633710	0.45738046	-0.16895664	0
SCF:0001981	AC:001709	0.62633710	0.45033699	-0.17600011	0
SCF:0001982	AC:001711	0.69187574	0.70952423	0.01764849	1
SCF:0001983	AC:001711	0.69187574	0.61353189	-0.07834385	0
SCF:0001984	AC:001712	0.71151871	0.64835654	-0.06316217	0
SCF:0001985	AC:001714	0.58045843	0.49707068	-0.08338775	0
SCF:0001986	AC:001717	0.93016649	0.95211758	0.02195109	1
SCF:0001987	AC:001717	0.93016649	0.94240155	0.01223506	1
SCF:0001988	AC:001717	0.93016649	0.94422967	0.01406318	1
SCF:0001989	AC:001717	0.93016649	0.94817756	0.01801107	1
SCF:0001990	AC:001718	0.97508985	0.97672671	0.00163686	1
SCF:0001991	AC:001718	0.97508985	0.98227555	0.00718570	1
SCF:0001992	AC:001718	0.97508985	0.94385594	-0.03123391	0
SCF:0001993	AC:001718	0.97508985	0.92028544	-0.05480441	0
SCF:0001994	AC:001718	0.97508985	0.96684644	-0.00824341	0
SCF:0001995	AC:001719	0.52004206	0.60604475	0.08600269	1
SCF:0001996	AC:001720	0.98766041	0.99802184	0.01036143	1
SCF:0001997	AC:001722	0.93097021	0.94784397	0.01687376	1
SCF:0001998	AC:001722	0.93097021	0.94887124	0.01790103	1
SCF:0001999	AC:001728	0.39103168	0.34650584	-0.04452584	0
SCF:0002000	AC:001728	0.39103168	0.45837662	0.06734494	1
SCF:0002001	AC:001731	0.70887100	0.70074249	-0.00812851	0
SCF:0002002	AC:001731	0.70887100	0.74763360	0.03876260	1
SCF:0002003	AC:001732	0.83750996	0.95982906	0.12231910	1
SCF:0002004	AC:001732	0.83750996	0.75040701	-0.08710295	0
SCF:0002005	AC:001732	0.83750996	0.79196230	-0.04554766	0
SCF:0002006	AC:001733	0.86286726	0.97986788	0.11700062	1
SCF:0002007	AC:001735	0.94359872	0.95639821	0.01279949	1
SCF:0002008	AC:001735	0.94359872	0.96359891	0.02000019	1
SCF:0002009	AC:001735	0.94359872	0.88938910	-0.05420962	0
SCF:0002010	AC:001735	0.94359872	0.97266086	0.02906214	1
SCF:0002011	AC:001735	0.94359872	0.97065127	0.02705255	1
SCF:0002012	AC:001738	0.80106786	0.75870863	-0.04235923	0
SCF:0002013	AC:001740	0.56204813	0.56392044	0.00187231	1
SCF:0002014	AC:001740	0.56204813	0.53302308	-0.02902505	0
SCF:0002015	AC:001740	0.56204813	0.56338645	0.00133832	1
SCF:0002016	AC:001740	0.56204813	0.59571758	0.03366945	1
SCF:0002017	AC:001742	0.73843155	0.93019146	0.19175991	1
SCF:0002018	AC:001743	0.54963284	0.69765424	0.14802140	1
SCF:0002019	AC:001744	0.77312057	0.78803518	0.01491461	1
SCF:0002020	AC:001746	0.98259741	0.97429203	-0.00830538	0
SCF:0002021	AC:001746	0.98259741	0.98091111	-0.00168630	0
SCF:0002022	AC:001747	0.97751933	0.98190972	0.00439039	1
SCF:0002023	AC:001747	0.97751933	0.89682576	-0.08069357	0
SCF:0002024	AC:001747	0.97751933	0.94552890	-0.03199043	0
SCF:0002025	AC:001749	0.38376253	0.49597124	0.11220871	1
SCF:0002026	AC:001749	0.38376253	0.37374164	-0.01002089	0
SCF:0002027	AC:001749	0.38376253	0.51335414	0.12959161	1
SCF:0002028	AC:001752	0.91126421	0.94832679	0.03706258	1
SCF:0002029	AC:001752	0.91126421	0.94649932	0.03523511	1
SCF:0002030	AC:001752	0.91126421	0.94159962	0.03033541	1
SCF:0002031	AC:001754	0.92739561	0.96258113	0.03518552	1
SCF:0002032	AC:001754	0.92739561	0.98203090	0.05463529	1
SCF:0002033	AC:001755	0.80437848	0.79283565	-0.01154283	0
SCF:0002034	AC:001758	0.89750406	0.97038236	0.07287830	1
SCF:0002035	AC:001758	0.89750406	0.97478935	0.07728529	1
SCF:0002036	AC:001759	0.71820122	0.60778350	-0.11041772	0
SCF:0002037	AC:001759	0.71820122	0.64162046	-0.07658076	0
SCF:0002038	AC:001759	0.71820122	0.55157733	-0.16662389	0
SCF:0002039	AC:001760	0.85733602	0.84872890	-0.00860712	0
SCF:0002040	AC:001761	0.95655857	0.96949704	0.01293847	1
SCF:0002041	AC:001761	0.95655857	0.96642455	0.00986598	1
SCF:0002042	AC:001763	0.97800851	0.94295993	-0.03504858	0
SCF:0002043	AC:001764	0.97001774	0.98043695	0.01041921	1
SCF:0002044	AC:001764	0.97001774	0.98945945	0.01944171	1
SCF:0002045	AC:001764	0.97001774	0.98456794	0.01455020	1
SCF:0002046	AC:001765	0.66430990	0.47629027	-0.18801963	0
SCF:0002047	AC:001765	0.66430990	0.59880696	-0.06550294	0
SCF:0002048	AC:001765	0.66430990	0.51221581	-0.15209409	0
SCF:0002049	AC:001767	0.92624116	0.98168132	0.05544016	1
SCF:0002050	AC:001767	0.92624116	0.94751396	0.02127280	1
SCF:0002051	AC:001767	0.92624116	0.87502405	-0.05121711	0
SCF:0002052	AC:001767	0.92624116	0.69281128	-0.23342988	0
SCF:0002053	AC:001768	0.98314941	0.93837685	-0.04477256	0
SCF:0002054	AC:001768	0.98314941	0.93350068	-0.04964873	0
SCF:0002055	AC:001769	0.61671730	0.74421794	0.12750064	1
SCF:0002056	AC:001769	0.61671730	0.43416228	-0.18255502	0
SCF:0002057	AC:001770	0.80045414	0.75489909	-0.04555505	0
SCF:0002058	AC:001770	0.80045414	0.77085823	-0.02959591	0
SCF:0002059	AC:001772	0.36791004	0.45491116	0.08700112	1
SCF:0002060	AC:001772	0.36791004	0.51342193	0.14551189	1
SCF:0002061	AC:001772	0.36791004	0.67363194	0.30572190	1
SCF:0002062	AC:001773	0.56820397	0.37365034	-0.19455363	0
SCF:0002063	AC:001773	0.56820397	0.49273198	-0.07547199	0
SCF:0002064	AC:001774	0.65878217	0.64074499	-0.01803718	0
SCF:0002065	AC:001775	0.62146110	0.55861863	-0.06284247	0
SCF:0002066	AC:001780	0.99225268	0.98787835	-0.00437433	0
SCF:0002067	AC:001781	0.56181398	0.55061721	-0.01119677	0
SCF:0002068	AC:001781	0.56181398	0.73272872	0.17091474	1
SCF:0002069	AC:001783	0.54938752	0.64388707	0.09449955	1
SCF:0002070	AC:001785	0.42374921	0.53096177	0.10721256	1
SCF:0002071	AC:001785	0.42374921	0.48415896	0.06040975	1
SCF:0002072	AC:001785	0.42374921	0.47220556	0.04845635	1
SCF:0002073	AC:001786	0.41986598	0.50885959	0.08899361	1
SCF:0002074	AC:001786	0.41986598	0.53059633	0.11073035	1
SCF:0002075	AC:001786	0.41986598	0.52500294	0.10513696	1
SCF:0002076	AC:001788	0.88188979	0.95861369	0.07672390	1
SCF:0002077	AC:001791	0.32041928	0.38260977	0.06219049	1
SCF:0002078	AC:001791	0.32041928	0.36179049	0.04137121	1
SCF:0002079	AC:001791	0.32041928	0.36188805	0.04146877	1
SCF:0002080	AC:001792	0.63021073	0.81457906	0.18436833	1
SCF:0002081	AC:001795	0.95675337	0.97295042	0.01619705	1
SCF:0002082	AC:001795	0.95675337	0.95737825	0.00062488	1
SCF:0002083	AC:001796	0.91441043	0.91177561	-0.00263482	0
SCF:0002084	AC:001796	0.91441043	0.88152772	-0.03288271	0
SCF:0002085	AC:001796	0.91441043	0.95317178	0.03876135	1
SCF:0002086	AC:001797	0.91329927	0.92928890	0.01598963	1
SCF:0002087	AC:001797	0.91329927	0.93795887	0.02465960	1
SCF:0002088	AC:001797	0.91329927	0.87252131	-0.04077796	0
SCF:0002089	AC:001799	0.66235697	0.36633134	-0.29602563	0
SCF:0002090	AC:001799	0.66235697	0.47184317	-0.19051380	0
SCF:0002091	AC:001799	0.66235697	0.46867999	-0.19367698	0
SCF:0002092	AC:001800	0.64941774	0.81282169	0.16340395	1
SCF:0002093	AC:001801	0.87267205	0.83949831	-0.03317374	0
SCF:0002094	AC:001802	0.73785276	0.69647568	-0.04137708	0
SCF:0002095	AC:001802	0.73785276	0.77378855	0.03593579	1
SCF:0002096	AC:001802	0.73785276	0.79017230	0.05231954	1
SCF:0002097	AC:001804	0.75279525	0.80151173	0.04871648	1
SCF:0002098	AC:001805	0.98027116	0.95968980	-0.02058136	0
SCF:0002099	AC:001805	0.98027116	0.99200283	0.01173167	1
SCF:0002100	AC:001806	0.47714024	0.50066436	0.02352412	1
SCF:0002101	AC:001806	0.47714024	0.49106562	0.01392538	1
SCF:0002102	AC:001806	0.47714024	0.46599528	-0.01114496	0
SCF:0002103	AC:001806	0.47714024	0.53162672	0.05448648	1
SCF:0002104	AC:001806	0.47714024	0.56478212	0.08764188	1
SCF:0002105	AC:001806	0.47714024	0.48331622	0.00617598	1
SCF:0002106	AC:001807	0.59536142	0.60734589	0.01198447	1
SCF:0002107	AC:001811	0.53029678	0.56437644	0.03407966	1
SCF:0002108	AC:001811	0.53029678	0.46909491	-0.06120187	0
SCF:0002109	AC:001811	0.53029678	0.67937960	0.14908282	1
SCF:0002110	AC:001814	0.34662647	0.57186815	0.22524168	1
SCF:0002111	AC:001814	0.34662647	0.62807744	0.28145097	1
SCF:0002112	AC:001814	0.34662647	0.60356707	0.25694060	1
SCF:0002113	AC:001814	0.34662647	0.41570295	0.06907648	1
SCF:0002114	AC:001814	0.34662647	0.35402781	0.00740134	1
SCF:0002115	AC:001815	0.69278964	0.60164651	-0.09114313	0
SCF:0002116	AC:001816	0.88962568	0.76342869	-0.12619699	0
SCF:0002117	AC:001816	0.88962568	0.80146485	-0.08816083	0
SCF:0002118	AC:001816	0.88962568	0.77492926	-0.11469642	0
SCF:0002119	AC:001817	0.51239094	0.57483175	0.06244081	1
SCF:0002120	AC:001817	0.51239094	0.59521541	0.08282447	1
SCF:0002121	AC:001818	0.27640820	0.53576829	0.25936009	1
SCF:0002122	AC:001819	0.48906396	0.61123114	0.12216718	1
SCF:0002123	AC:001820	0.90459378	0.87349466	-0.03109912	0
SCF:0002124	AC:001820	0.90459378	0.89087545	-0.01371833	0
SCF:0002125	AC:001820	0.90459378	0.92247901	0.01788523	1
SCF:0002126	AC:001820	0.90459378	0.90971837	0.00512459	1
SCF:0002127	AC:001821	0.60955344	0.38564703	-0.22390641	0
SCF:0002128	AC:001821	0.60955344	0.51995874	-0.08959470	0
SCF:0002129	AC:001825	0.96299017	0.98117656	0.01818639	1
SCF:0002130	AC:001825	0.96299017	0.95758626	-0.00540391	0
SCF:0002131	AC:001827	0.64938539	0.51915690	-0.13022849	0
SCF:0002132	AC:001827	0.64938539	0.68467411	0.03528872	1
SCF:0002133	AC:001827	0.64938539	0.64867413	-0.00071126	0
SCF:0002134	AC:001827	0.64938539	0.60932541	-0.04005998	0
SCF:0002135	AC:001827	0.64938539	0.71074006	0.06135467	1
SCF:0002136	AC:001827	0.64938539	0.70532287	0.05593748	1
SCF:0002137	AC:001828	0.70543462	0.64848453	-0.05695009	0
SCF:0002138	AC:001828	0.70543462	0.67183414	-0.03360048	0
SCF:0002139	AC:001830	0.62578768	0.76228747	0.13649979	1
SCF:0002140	AC:001832	0.80499866	0.74454533	-0.06045333	0
SCF:0002141	AC:001832	0.80499866	0.57612212	-0.22887654	0
SCF:0002142	AC:001832	0.80499866	0.85188059	0.04688193	1
SCF:0002143	AC:001832	0.80499866	0.80645034	0.00145168	1
SCF:0002144	AC:001833	0.98235059	0.98287487	0.00052428	1
SCF:0002145	AC:001833	0.98235059	0.98016974	-0.00218085	0
SCF:0002146	AC:001833	0.98235059	0.95420381	-0.02814678	0
SCF:0002147	AC:001836	0.96582279	0.96823835	0.00241556	1
SCF:0002148	AC:001838	0.98841968	0.85287377	-0.13554591	0
SCF:0002149	AC:001839	0.91548093	0.94540692	0.02992599	1
SCF:0002150	AC:001841	0.77534809	0.83808743	0.06273934	1
SCF:0002151	AC:001841	0.77534809	0.85096975	0.07562166	1
SCF:0002152	AC:001841	0.77534809	0.47741769	-0.29793040	0
SCF:0002153	AC:001844	0.62963111	0.91788509	0.28825398	1
SCF:0002154	AC:001844	0.62963111	0.92473242	0.29510131	1
SCF:0002155	AC:001848	0.86028841	0.81078316	-0.04950525	0
SCF:0002156	AC:001848	0.86028841	0.64386024	-0.21642817	0
SCF:0002157	AC:001848	0.86028841	0.89590777	0.03561936	1
SCF:0002158	AC:001848	0.86028841	0.89778243	0.03749402	1
SCF:0002159	AC:001848	0.86028841	0.64374848	-0.21653993	0
SCF:0002160	AC:001851	0.58764505	0.77550657	0.18786152	1
SCF:0002161	AC:001856	0.96550885	0.43286250	-0.53264635	0
SCF:0002162	AC:001857	0.63261133	0.54210584	-0.09050549	0
SCF:0002163	AC:001857	0.63261133	0.43807438	-0.19453695	0
SCF:0002164	AC:001860	0.53730159	0.47544381	-0.06185778	0
SCF:0002165	AC:001860	0.53730159	0.54659030	0.00928871	1
SCF:0002166	AC:001860	0.53730159	0.44914755	-0.08815404	0
SCF:0002167	AC:001861	0.82639381	0.83915758	0.01276377	1
SCF:0002168	AC:001861	0.82639381	0.58420944	-0.24218437	0
SCF:0002169	AC:001861	0.82639381	0.60873209	-0.21766172	0
SCF:0002170	AC:001861	0.82639381	0.59932980	-0.22706401	0
SCF:0002171	AC:001861	0.82639381	0.63981580	-0.18657801	0
SCF:0002172	AC:001867	0.91204021	0.92634468	0.01430447	1
SCF:0002173	AC:001869	0.53345956	0.44526702	-0.08819254	0
SCF:0002174	AC:001872	0.43211036	0.53776586	0.10565550	1
SCF:0002175	AC:001876	0.80437848	0.79283554	-0.01154294	0
SCF:0002176	AC:001876	0.80437848	0.79283619	-0.01154229	0
SCF:0002177	AC:001877	0.69212905	0.56406514	-0.12806391	0
SCF:0002178	AC:001877	0.69212905	0.74397782	0.05184877	1
SCF:0002179	AC:001877	0.69212905	0.76940160	0.07727255	1
SCF:0002180	AC:001879	0.52424276	0.57911294	0.05487018	1
SCF:0002181	AC:001882	0.29866521	0.34939827	0.05073306	1
SCF:0002182	AC:001883	0.99428421	0.98207214	-0.01221207	0
SCF:0002183	AC:001888	0.89959192	0.90426418	0.00467226	1
SCF:0002184	AC:001888	0.89959192	0.93331070	0.03371878	1
SCF:0002185	AC:001888	0.89959192	0.97104467	0.07145275	1
SCF:0002186	AC:001892	0.93934518	0.90268139	-0.03666379	0
SCF:0002187	AC:001892	0.93934518	0.94500547	0.00566029	1
SCF:0002188	AC:001894	0.56282036	0.91829958	0.35547922	1
SCF:0002189	AC:001895	0.51754674	0.45260519	-0.06494155	0
SCF:0002190	AC:001895	0.51754674	0.47741769	-0.04012905	0
SCF:0002191	AC:001895	0.51754674	0.56879350	0.05124676	1
SCF:0002192	AC:001896	0.99797413	0.99749062	-0.00048351	0
SCF:0002193	AC:001899	0.70508640	0.64229956	-0.06278684	0
SCF:0002194	AC:001899	0.70508640	0.80974963	0.10466323	1
SCF:0002195	AC:001900	0.24471729	0.30815847	0.06344118	1
SCF:0002196	AC:001900	0.24471729	0.23564154	-0.00907575	0
SCF:0002197	AC:001901	0.44548770	0.56675902	0.12127132	1
SCF:0002198	AC:001902	0.43981766	0.98510626	0.54528860	1
SCF:0002199	AC:001903	0.59655134	0.82736324	0.23081190	1
SCF:0002200	AC:001903	0.59655134	0.68979475	0.09324341	1
SCF:0002201	AC:001905	0.54463187	0.46923551	-0.07539636	0
SCF:0002202	AC:001908	0.95917193	0.95840144	-0.00077049	0
SCF:0002203	AC:001909	0.47752292	0.81457906	0.33705614	1
SCF:0002204	AC:001910	0.69460658	0.73295212	0.03834554	1
SCF:0002205	AC:001911	0.98273268	0.99796823	0.01523555	1
SCF:0002206	AC:001911	0.98273268	0.99572739	0.01299471	1
SCF:0002207	AC:001911	0.98273268	0.98622397	0.00349129	1
SCF:0002208	AC:001911	0.98273268	0.98412000	0.00138732	1
SCF:0002209	AC:001911	0.98273268	0.98142073	-0.00131195	0
SCF:0002210	AC:001912	0.61903316	0.63955121	0.02051805	1
SCF:0002211	AC:001913	0.52963694	0.56331028	0.03367334	1
SCF:0002212	AC:001914	0.81664956	0.61041791	-0.20623165	0
SCF:0002213	AC:001915	0.41507180	0.38693731	-0.02813449	0
SCF:0002214	AC:001917	0.64485836	0.36005901	-0.28479935	0
SCF:0002215	AC:001918	0.96612987	0.98983815	0.02370828	1
SCF:0002216	AC:001919	0.83004114	0.67838907	-0.15165207	0
SCF:0002217	AC:001925	0.39351292	0.34650584	-0.04700708	0
SCF:0002218	AC:001926	0.91039172	0.93083620	0.02044448	1
SCF:0002219	AC:001926	0.91039172	0.78207350	-0.12831822	0
SCF:0002220	AC:001930	0.56146785	0.68352899	0.12206114	1
SCF:0002221	AC:001932	0.62245975	0.87684297	0.25438322	1
SCF:0002222	AC:001932	0.62245975	0.80365348	0.18119373	1
SCF:0002223	AC:001932	0.62245975	0.71082225	0.08836250	1
SCF:0002224	AC:001934	0.77697396	0.63786247	-0.13911149	0
SCF:0002225	AC:001935	0.55280374	0.76483284	0.21202910	1
SCF:0002226	AC:001935	0.55280374	0.85427553	0.30147179	1
SCF:0002227	AC:001935	0.55280374	0.80993181	0.25712807	1
SCF:0002228	AC:001935	0.55280374	0.59396636	0.04116262	1
SCF:0002229	AC:001935	0.55280374	0.70234816	0.14954442	1
SCF:0002230	AC:001935	0.55280374	0.51540323	-0.03740051	0
SCF:0002231	AC:001936	0.58561293	0.54446254	-0.04115039	0
SCF:0002232	AC:001937	0.94493693	0.99188447	0.04694754	1
SCF:0002233	AC:001938	0.68543962	0.62080013	-0.06463949	0
SCF:0002234	AC:001939	0.46745362	0.49106562	0.02361200	1
SCF:0002235	AC:001939	0.46745362	0.50066436	0.03321074	1
SCF:0002236	AC:001939	0.46745362	0.46599528	-0.00145834	0
SCF:0002237	AC:001939	0.46745362	0.48352910	0.01607548	1
SCF:0002238	AC:001939	0.46745362	0.41775960	-0.04969402	0
SCF:0002239	AC:001939	0.46745362	0.40279231	-0.06466131	0
SCF:0002240	AC:001941	0.33913317	0.25408071	-0.08505246	0
SCF:0002241	AC:001941	0.33913317	0.15712294	-0.18201023	0
SCF:0002242	AC:001941	0.33913317	0.16298240	-0.17615077	0
SCF:0002243	AC:001942	0.39852493	0.43699539	0.03847046	1
SCF:0002244	AC:001945	0.46733611	0.60636861	0.13903250	1
SCF:0002245	AC:001945	0.46733611	0.55189163	0.08455552	1
SCF:0002246	AC:001947	0.80217657	0.87694767	0.07477110	1
SCF:0002247	AC:001947	0.80217657	0.53905881	-0.26311776	0
SCF:0002248	AC:001951	0.72374067	0.72870213	0.00496146	1
SCF:0002249	AC:001952	0.72904589	0.89224248	0.16319659	1
SCF:0002250	AC:001953	0.92947435	0.95912823	0.02965388	1
SCF:0002251	AC:001953	0.92947435	0.98424298	0.05476863	1
SCF:0002252	AC:001957	0.70065704	0.60778350	-0.09287354	0
SCF:0002253	AC:001957	0.70065704	0.77333239	0.07267535	1
SCF:0002254	AC:001957	0.70065704	0.55157733	-0.14907971	0
SCF:0002255	AC:001959	0.81646635	0.89778243	0.08131608	1
SCF:0002256	AC:001959	0.81646635	0.64374848	-0.17271787	0
SCF:0002257	AC:001959	0.81646635	0.69282478	-0.12364157	0
SCF:0002258	AC:001959	0.81646635	0.85953969	0.04307334	1
SCF:0002259	AC:001959	0.81646635	0.79542695	-0.02103940	0
SCF:0002260	AC:001959	0.81646635	0.63620783	-0.18025852	0
SCF:0002261	AC:001960	0.33062358	0.41458781	0.08396423	1
SCF:0002262	AC:001961	0.84320834	0.42321801	-0.41999033	0
SCF:0002263	AC:001962	0.68601725	0.50290413	-0.18311312	0
SCF:0002264	AC:001962	0.68601725	0.64074499	-0.04527226	0
SCF:0002265	AC:001963	0.49269910	0.37651265	-0.11618645	0
SCF:0002266	AC:001964	0.98479691	0.99958432	0.01478741	1
SCF:0002267	AC:001964	0.98479691	0.90945473	-0.07534218	0
SCF:0002268	AC:001964	0.98479691	0.98935127	0.00455436	1
SCF:0002269	AC:001964	0.98479691	0.97351199	-0.01128492	0
SCF:0002270	AC:001965	0.71236623	0.61734405	-0.09502218	0
SCF:0002271	AC:001968	0.36418525	0.50290413	0.13871888	1
SCF:0002272	AC:001968	0.36418525	0.46799521	0.10380996	1
SCF:0002273	AC:001968	0.36418525	0.52359712	0.15941187	1
SCF:0002274	AC:001969	0.38573930	0.30268256	-0.08305674	0
SCF:0002275	AC:001969	0.38573930	0.41677300	0.03103370	1
SCF:0002276	AC:001971	0.91963443	0.84002178	-0.07961265	0
SCF:0002277	AC:001972	0.57389730	0.83032774	0.25643044	1
SCF:0002278	AC:001973	0.87061820	0.84031342	-0.03030478	0
SCF:0002279	AC:001973	0.87061820	0.89403145	0.02341325	1
SCF:0002280	AC:001973	0.87061820	0.92247901	0.05186081	1
SCF:0002281	AC:001974	0.53423079	0.75330425	0.21907346	1
SCF:0002282	AC:001976	0.70511007	0.93533495	0.23022488	1
SCF:0002283	AC:001976	0.70511007	0.92850700	0.22339693	1
SCF:0002284	AC:001976	0.70511007	0.92850700	0.22339693	1
SCF:0002285	AC:001977	0.51320195	0.60171951	0.08851756	1
SCF:0002286	AC:001978	0.45469081	0.57187385	0.11718304	1
SCF:0002287	AC:001978	0.45469081	0.48867658	0.03398577	1
SCF:0002288	AC:001978	0.45469081	0.38039914	-0.07429167	0
SCF:0002289	AC:001979	0.82646424	0.97102418	0.14455994	1
SCF:0002290	AC:001980	0.87350529	0.81940272	-0.05410257	0
SCF:0002291	AC:001980	0.87350529	0.83150631	-0.04199898	0
SCF:0002292	AC:001982	0.60707307	0.54185638	-0.06521669	0
SCF:0002293	AC:001983	0.79133186	0.84171394	0.05038208	1
SCF:0002294	AC:001983	0.79133186	0.93864891	0.14731705	1
SCF:0002295	AC:001983	0.79133186	0.82768705	0.03635519	1
SCF:0002296	AC:001983	0.79133186	0.88286996	0.09153810	1
SCF:0002297	AC:001984	0.40682346	0.45077303	0.04394957	1
SCF:0002298	AC:001984	0.40682346	0.49349896	0.08667550	1
SCF:0002299	AC:001984	0.40682346	0.34942807	-0.05739539	0
SCF:0002300	AC:001986	0.93587738	0.74078822	-0.19508916	0
SCF:0002301	AC:001986	0.93587738	0.74380837	-0.19206901	0
SCF:0002302	AC:001986	0.93587738	0.87420202	-0.06167536	0
SCF:0002303	AC:001989	0.62462398	0.52533838	-0.09928560	0
SCF:0002304	AC:001995	0.57887880	0.53640586	-0.04247294	0
SCF:0002305	AC:001997	0.64701439	0.64606168	-0.00095271	0
SCF:0002306	AC:001997	0.64701439	0.52643102	-0.12058337	0
SCF:0002307	AC:001997	0.64701439	0.62053854	-0.02647585	0
SCF:0002308	AC:001997	0.64701439	0.64074499	-0.00626940	0
SCF:0002309	AC:001998	0.95669104	0.95715039	0.00045935	1
SCF:0002310	AC:001999	0.67741169	0.56242035	-0.11499134	0
SCF:0002311	AC:001999	0.67741169	0.88800177	0.21059008	1
SCF:0002312	AC:002000	0.56384755	0.56906001	0.00521246	1
SCF:0002313	AC:002002	0.79315898	0.71962911	-0.07352987	0
SCF:0002314	AC:002003	0.98813042	0.98456794	-0.00356248	0
SCF:0002315	AC:002005	0.61518592	0.50290413	-0.11228179	0
SCF:0002316	AC:002005	0.61518592	0.52643102	-0.08875490	0
SCF:0002317	AC:002007	0.53839010	0.37803982	-0.16035028	0
SCF:0002318	AC:002007	0.53839010	0.44374532	-0.09464478	0
SCF:0002319	AC:002007	0.53839010	0.33350810	-0.20488200	0
SCF:0002320	AC:002008	0.70028579	0.72634301	0.02605722	1
SCF:0002321	AC:002008	0.70028579	0.88910887	0.18882308	1
SCF:0002322	AC:002008	0.70028579	0.89656046	0.19627467	1
SCF:0002323	AC:002009	0.79362645	0.87349466	0.07986821	1
SCF:0002324	AC:002009	0.79362645	0.74666663	-0.04695982	0
SCF:0002325	AC:002009	0.79362645	0.86469361	0.07106716	1
SCF:0002326	AC:002010	0.40881718	0.67437857	0.26556139	1
SCF:0002327	AC:002010	0.40881718	0.34216004	-0.06665714	0
SCF:0002328	AC:002011	0.97622540	0.85373238	-0.12249302	0
SCF:0002329	AC:002011	0.97622540	0.93728161	-0.03894379	0
SCF:0002330	AC:002013	0.94717973	0.95876075	0.01158102	1
SCF:0002331	AC:002014	0.48462576	0.70658067	0.22195491	1
SCF:0002332	AC:002015	0.97899738	0.89810524	-0.08089214	0
SCF:0002333	AC:002016	0.37766836	0.47707676	0.09940840	1
SCF:0002334	AC:002020	0.85336938	0.88507961	0.03171023	1
SCF:0002335	AC:002024	0.76622778	0.48812164	-0.27810614	0
SCF:0002336	AC:002024	0.76622778	0.68032396	-0.08590382	0
SCF:0002337	AC:002025	0.95794937	0.95690125	-0.00104812	0
SCF:0002338	AC:002025	0.95794937	0.96908668	0.01113731	1
SCF:0002339	AC:002025	0.95794937	0.97333446	0.01538509	1
SCF:0002340	AC:002025	0.95794937	0.97632644	0.01837707	1
SCF:0002341	AC:002025	0.95794937	0.97635224	0.01840287	1
SCF:0002342	AC:002025	0.95794937	0.97579306	0.01784369	1
SCF:0002343	AC:002027	0.59990714	0.36851214	-0.23139500	0
SCF:0002344	AC:002028	0.90610495	0.96635881	0.06025386	1
SCF:0002345	AC:002031	0.99359953	0.99150428	-0.00209525	0
SCF:0002346	AC:002035	0.99507451	0.99032343	-0.00475108	0
SCF:0002347	AC:002035	0.99507451	0.98950169	-0.00557282	0
SCF:0002348	AC:002035	0.99507451	0.99477130	-0.00030321	0
SCF:0002349	AC:002036	0.66416697	0.81962795	0.15546098	1
SCF:0002350	AC:002036	0.66416697	0.62168110	-0.04248587	0
SCF:0002351	AC:002036	0.66416697	0.71737873	0.05321176	1
SCF:0002352	AC:002036	0.66416697	0.73196746	0.06780049	1
SCF:0002353	AC:002038	0.80374587	0.81664142	0.01289555	1
SCF:0002354	AC:002039	0.75369969	0.67599615	-0.07770354	0
SCF:0002355	AC:002039	0.75369969	0.85140207	0.09770238	1
SCF:0002356	AC:002039	0.75369969	0.72368181	-0.03001788	0
SCF:0002357	AC:002039	0.75369969	0.64126137	-0.11243832	0
SCF:0002358	AC:002039	0.75369969	0.81306857	0.05936888	1
SCF:0002359	AC:002039	0.75369969	0.65860904	-0.09509065	0
SCF:0002360	AC:002042	0.91262082	0.91977769	0.00715687	1
SCF:0002361	AC:002043	0.62620649	0.68495074	0.05874425	1
SCF:0002362	AC:002044	0.95162493	0.85679069	-0.09483424	0
SCF:0002363	AC:002047	0.74411998	0.66408461	-0.08003537	0
SCF:0002364	AC:002048	0.87332417	0.87971628	0.00639211	1
SCF:0002365	AC:002048	0.87332417	0.81805112	-0.05527305	0
SCF:0002366	AC:002050	0.72219333	0.77717531	0.05498198	1
SCF:0002367	AC:002053	0.98982331	0.99841651	0.00859320	1
SCF:0002368	AC:002056	0.96454945	0.98820969	0.02366024	1
SCF:0002369	AC:002059	0.73236817	0.69168719	-0.04068098	0
SCF:0002370	AC:002059	0.73236817	0.57254672	-0.15982145	0
SCF:0002371	AC:002059	0.73236817	0.49591762	-0.23645055	0
SCF:0002372	AC:002060	0.63013089	0.74467883	0.11454794	1
SCF:0002373	AC:002060	0.63013089	0.70758337	0.07745248	1
SCF:0002374	AC:002061	0.66307968	0.63592261	-0.02715707	0
SCF:0002375	AC:002061	0.66307968	0.58687189	-0.07620779	0
SCF:0002376	AC:002064	0.53899294	0.72427632	0.18528338	1
SCF:0002377	AC:002067	0.29460792	0.36005901	0.06545109	1
SCF:0002378	AC:002068	0.46331240	0.48967304	0.02636064	1
SCF:0002379	AC:002069	0.92369824	0.88086620	-0.04283204	0
SCF:0002380	AC:002071	0.92098916	0.89780137	-0.02318779	0
SCF:0002381	AC:002071	0.92098916	0.84219015	-0.07879901	0
SCF:0002382	AC:002071	0.92098916	0.81455860	-0.10643056	0
SCF:0002383	AC:002071	0.92098916	0.87722746	-0.04376170	0
SCF:0002384	AC:002075	0.73112124	0.77377340	0.04265216	1
SCF:0002385	AC:002076	0.64952342	0.57312486	-0.07639856	0
SCF:0002386	AC:002076	0.64952342	0.68803858	0.03851516	1
SCF:0002387	AC:002078	0.94159630	0.91241226	-0.02918404	0
SCF:0002388	AC:002080	0.59556986	0.40935822	-0.18621164	0
SCF:0002389	AC:002080	0.59556986	0.35448677	-0.24108309	0
SCF:0002390	AC:002080	0.59556986	0.38159685	-0.21397301	0
SCF:0002391	AC:002082	0.50360993	0.84635470	0.34274477	1
SCF:0002392	AC:002082	0.50360993	0.91001770	0.40640777	1
SCF:0002393	AC:002085	0.65282639	0.74410358	0.09127719	1
SCF:0002394	AC:002085	0.65282639	0.66567736	0.01285097	1
SCF:0002395	AC:002087	0.66136905	0.44170713	-0.21966192	0
SCF:0002396	AC:002087	0.66136905	0.69388474	0.03251569	1
SCF:0002397	AC:002087	0.66136905	0.71710772	0.05573867	1
SCF:0002398	AC:002087	0.66136905	0.68797974	0.02661069	1
SCF:0002399	AC:002088	0.65218925	0.91456934	0.26238009	1
SCF:0002400	AC:002090	0.49660749	0.49660749	0.00000000	0.5
SCF:0002401	AC:002091	0.67536303	0.73171854	0.05635551	1
SCF:0002402	AC:002093	0.61281683	0.62489332	0.01207649	1
SCF:0002403	AC:002094	0.58107618	0.60655987	0.02548369	1
SCF:0002404	AC:002094	0.58107618	0.56452023	-0.01655595	0
SCF:0002405	AC:002094	0.58107618	0.65154344	0.07046726	1
SCF:0002406	AC:002096	0.62783150	0.46799521	-0.15983629	0
SCF:0002407	AC:002096	0.62783150	0.71885030	0.09101880	1
SCF:0002408	AC:002096	0.62783150	0.52643102	-0.10140048	0
SCF:0002409	AC:002098	0.68434465	0.42148357	-0.26286108	0
SCF:0002410	AC:002098	0.68434465	0.85168245	0.16733780	1
SCF:0002411	AC:002101	0.83519280	0.88793328	0.05274048	1
SCF:0002412	AC:002104	0.80379150	0.67599615	-0.12779535	0
SCF:0002413	AC:002104	0.80379150	0.72368181	-0.08010969	0
SCF:0002414	AC:002104	0.80379150	0.85140207	0.04761057	1
SCF:0002415	AC:002104	0.80379150	0.65860904	-0.14518246	0
SCF:0002416	AC:002104	0.80379150	0.57540661	-0.22838489	0
SCF:0002417	AC:002104	0.80379150	0.79318875	-0.01060275	0
SCF:0002418	AC:002107	0.61691042	0.54969334	-0.06721708	0
SCF:0002419	AC:002108	0.97886300	0.96908668	-0.00977632	0
SCF:0002420	AC:002108	0.97886300	0.96222648	-0.01663652	0
SCF:0002421	AC:002108	0.97886300	0.97333446	-0.00552854	0
SCF:0002422	AC:002108	0.97886300	0.98222360	0.00336060	1
SCF:0002423	AC:002108	0.97886300	0.97632644	-0.00253656	0
SCF:0002424	AC:002110	0.71102658	0.75715813	0.04613155	1
SCF:0002425	AC:002113	0.87027433	0.81493404	-0.05534029	0
SCF:0002426	AC:002115	0.96671531	0.96328881	-0.00342650	0
SCF:0002427	AC:002118	0.60957175	0.66816050	0.05858875	1
SCF:0002428	AC:002118	0.60957175	0.83387709	0.22430534	1
SCF:0002429	AC:002119	0.83612192	0.82947445	-0.00664747	0
SCF:0002430	AC:002120	0.64588392	0.75147921	0.10559529	1
SCF:0002431	AC:002120	0.64588392	0.56306346	-0.08282046	0
SCF:0002432	AC:002120	0.64588392	0.84530622	0.19942230	1
SCF:0002433	AC:002121	0.55827184	0.85111201	0.29284017	1
SCF:0002434	AC:002121	0.55827184	0.55016953	-0.00810231	0
SCF:0002435	AC:002123	0.95477223	0.93771291	-0.01705932	0
SCF:0002436	AC:002124	0.52447925	0.42787728	-0.09660197	0
SCF:0002437	AC:002124	0.52447925	0.67298278	0.14850353	1
SCF:0002438	AC:002125	0.66433248	0.69450277	0.03017029	1
SCF:0002439	AC:002125	0.66433248	0.60511490	-0.05921758	0
SCF:0002440	AC:002125	0.66433248	0.68651571	0.02218323	1
SCF:0002441	AC:002125	0.66433248	0.69913173	0.03479925	1
SCF:0002442	AC:002125	0.66433248	0.69130057	0.02696809	1
SCF:0002443	AC:002126	0.51249941	0.57740393	0.06490452	1
SCF:0002444	AC:002127	0.93878127	0.93049591	-0.00828536	0
SCF:0002445	AC:002127	0.93878127	0.91015840	-0.02862287	0
SCF:0002446	AC:002132	0.42327900	0.67909543	0.25581643	1
SCF:0002447	AC:002132	0.42327900	0.59323708	0.16995808	1
SCF:0002448	AC:002134	0.67946032	0.65103495	-0.02842537	0
SCF:0002449	AC:002134	0.67946032	0.62127528	-0.05818504	0
SCF:0002450	AC:002134	0.67946032	0.67424053	-0.00521979	0
SCF:0002451	AC:002134	0.67946032	0.68237677	0.00291645	1
SCF:0002452	AC:002134	0.67946032	0.69968867	0.02022835	1
SCF:0002453	AC:002134	0.67946032	0.70238995	0.02292963	1
SCF:0002454	AC:002136	0.82627811	0.89999129	0.07371318	1
SCF:0002455	AC:002137	0.95186057	0.96706360	0.01520303	1
SCF:0002456	AC:002137	0.95186057	0.96360570	0.01174513	1
SCF:0002457	AC:002137	0.95186057	0.95026436	-0.00159621	0
SCF:0002458	AC:002138	0.65704631	0.75165326	0.09460695	1
SCF:0002459	AC:002138	0.65704631	0.65154344	-0.00550287	0
SCF:0002460	AC:002138	0.65704631	0.72703583	0.06998952	1
SCF:0002461	AC:002138	0.65704631	0.63684911	-0.02019720	0
SCF:0002462	AC:002139	0.73975227	0.62136028	-0.11839199	0
SCF:0002463	AC:002139	0.73975227	0.62687695	-0.11287532	0
SCF:0002464	AC:002140	0.66934326	0.74024454	0.07090128	1
SCF:0002465	AC:002144	0.67017940	0.67281673	0.00263733	1
SCF:0002466	AC:002144	0.67017940	0.75877317	0.08859377	1
SCF:0002467	AC:002144	0.67017940	0.57716822	-0.09301118	0
SCF:0002468	AC:002146	0.89605075	0.91414010	0.01808935	1
SCF:0002469	AC:002146	0.89605075	0.92473242	0.02868167	1
SCF:0002470	AC:002147	0.40539007	0.83266726	0.42727719	1
SCF:0002471	AC:002150	0.72352409	0.74257234	0.01904825	1
SCF:0002472	AC:002150	0.72352409	0.53971501	-0.18380908	0
SCF:0002473	AC:002150	0.72352409	0.67937960	-0.04414449	0
SCF:0002474	AC:002150	0.72352409	0.57248709	-0.15103700	0
SCF:0002475	AC:002150	0.72352409	0.56437644	-0.15914765	0
SCF:0002476	AC:002150	0.72352409	0.41697548	-0.30654861	0
SCF:0002477	AC:002152	0.83870482	0.69647568	-0.14222914	0
SCF:0002478	AC:002154	0.60849860	0.78162741	0.17312881	1
SCF:0002479	AC:002156	0.37558727	0.32539361	-0.05019366	0
SCF:0002480	AC:002156	0.37558727	0.32539361	-0.05019366	0
SCF:0002481	AC:002156	0.37558727	0.54210584	0.16651857	1
SCF:0002482	AC:002157	0.57410743	0.89382312	0.31971569	1
SCF:0002483	AC:002157	0.57410743	0.33496689	-0.23914054	0
SCF:0002484	AC:002157	0.57410743	0.67830299	0.10419556	1
SCF:0002485	AC:002157	0.57410743	0.80748999	0.23338256	1
SCF:0002486	AC:002158	0.43392387	0.49060508	0.05668121	1
SCF:0002487	AC:002162	0.96753159	0.97818420	0.01065261	1
SCF:0002488	AC:002164	0.59487888	0.50448744	-0.09039144	0
SCF:0002489	AC:002165	0.77352100	0.79044542	0.01692442	1
SCF:0002490	AC:002169	0.72043031	0.85927081	0.13884050	1
SCF:0002491	AC:002172	0.58566388	0.46663732	-0.11902656	0
SCF:0002492	AC:002172	0.58566388	0.44862368	-0.13704020	0
SCF:0002493	AC:002172	0.58566388	0.46768015	-0.11798373	0
SCF:0002494	AC:002173	0.82785321	0.84573865	0.01788544	1
SCF:0002495	AC:002176	0.73800999	0.77882491	0.04081492	1
SCF:0002496	AC:002176	0.73800999	0.74799815	0.00998816	1
SCF:0002497	AC:002176	0.73800999	0.76553354	0.02752355	1
SCF:0002498	AC:002176	0.73800999	0.58161237	-0.15639762	0
SCF:0002499	AC:002177	0.72020796	0.77717531	0.05696735	1
SCF:0002500	AC:002177	0.72020796	0.63686011	-0.08334785	0
SCF:0002501	AC:002180	0.49655056	0.79861474	0.30206418	1
SCF:0002502	AC:002180	0.49655056	0.63637993	0.13982937	1
SCF:0002503	AC:002180	0.49655056	0.63637993	0.13982937	1
SCF:0002504	AC:002181	0.86052858	0.69762836	-0.16290022	0
SCF:0002505	AC:002181	0.86052858	0.82478644	-0.03574214	0
SCF:0002506	AC:002181	0.86052858	0.83856654	-0.02196204	0
SCF:0002507	AC:002181	0.86052858	0.92506447	0.06453589	1
SCF:0002508	AC:002183	0.49156473	0.47929405	-0.01227068	0
SCF:0002509	AC:002183	0.49156473	0.77691166	0.28534693	1
SCF:0002510	AC:002183	0.49156473	0.66496654	0.17340181	1
SCF:0002511	AC:002183	0.49156473	0.64761823	0.15605350	1
SCF:0002512	AC:002184	0.48729124	0.49795243	0.01066119	1
SCF:0002513	AC:002184	0.48729124	0.42752385	-0.05976739	0
SCF:0002514	AC:002184	0.48729124	0.56337449	0.07608325	1
SCF:0002515	AC:002184	0.48729124	0.56337449	0.07608325	1
SCF:0002516	AC:002185	0.83577198	0.70074249	-0.13502949	0
SCF:0002517	AC:002185	0.83577198	0.80783308	-0.02793890	0
SCF:0002518	AC:002187	0.75433296	0.66531591	-0.08901705	0
SCF:0002519	AC:002188	0.80878809	0.82868183	0.01989374	1
SCF:0002520	AC:002190	0.71844252	0.63016277	-0.08827975	0
SCF:0002521	AC:002191	0.88854731	0.83370844	-0.05483887	0
SCF:0002522	AC:002193	0.45741065	0.39284739	-0.06456326	0
SCF:0002523	AC:002193	0.45741065	0.37081729	-0.08659336	0
SCF:0002524	AC:002195	0.95620288	0.95684237	0.00063949	1
SCF:0002525	AC:002200	0.95836592	0.98013898	0.02177306	1
SCF:0002526	AC:002203	0.73788998	0.67143124	-0.06645874	0
SCF:0002527	AC:002206	0.57633172	0.70369026	0.12735854	1
SCF:0002528	AC:002206	0.57633172	0.63537079	0.05903907	1
SCF:0002529	AC:002207	0.84259433	0.98520366	0.14260933	1
SCF:0002530	AC:002208	0.94744116	0.82855856	-0.11888260	0
SCF:0002531	AC:002209	0.81634298	0.96645036	0.15010738	1
SCF:0002532	AC:002209	0.81634298	0.84889063	0.03254765	1
SCF:0002533	AC:002209	0.81634298	0.61021853	-0.20612445	0
SCF:0002534	AC:002210	0.95856416	0.96258113	0.00401697	1
SCF:0002535	AC:002210	0.95856416	0.82813454	-0.13042962	0
SCF:0002536	AC:002211	0.86122155	0.89647535	0.03525380	1
SCF:0002537	AC:002212	0.49398212	0.55120082	0.05721870	1
SCF:0002538	AC:002215	0.80967483	0.79051384	-0.01916099	0
SCF:0002539	AC:002216	0.97020754	0.95639821	-0.01380933	0
SCF:0002540	AC:002216	0.97020754	0.96359891	-0.00660863	0
SCF:0002541	AC:002216	0.97020754	0.98287487	0.01266733	1
SCF:0002542	AC:002216	0.97020754	0.98016974	0.00996220	1
SCF:0002543	AC:002219	0.85080619	0.88320571	0.03239952	1
SCF:0002544	AC:002219	0.85080619	0.86795891	0.01715272	1
SCF:0002545	AC:002219	0.85080619	0.92931336	0.07850717	1
SCF:0002546	AC:002219	0.85080619	0.84031342	-0.01049277	0
SCF:0002547	AC:002220	0.71601885	0.62804172	-0.08797713	0
SCF:0002548	AC:002220	0.71601885	0.68921742	-0.02680143	0
SCF:0002549	AC:002221	0.96080974	0.97488677	0.01407703	1
SCF:0002550	AC:002221	0.96080974	0.97324944	0.01243970	1
SCF:0002551	AC:002222	0.54387681	0.64821134	0.10433453	1
SCF:0002552	AC:002224	0.97998327	0.99041280	0.01042953	1
SCF:0002553	AC:002224	0.97998327	0.99052021	0.01053694	1
SCF:0002554	AC:002224	0.97998327	0.94779206	-0.03219121	0
SCF:0002555	AC:002224	0.97998327	0.94679562	-0.03318765	0
SCF:0002556	AC:002225	0.50348027	0.42787728	-0.07560299	0
SCF:0002557	AC:002225	0.50348027	0.67298278	0.16950251	1
SCF:0002558	AC:002227	0.68555477	0.81704539	0.13149062	1
SCF:0002559	AC:002227	0.68555477	0.89904264	0.21348787	1
SCF:0002560	AC:002228	0.74380487	0.59521541	-0.14858946	0
SCF:0002561	AC:002228	0.74380487	0.64433231	-0.09947256	0
SCF:0002562	AC:002228	0.74380487	0.64433224	-0.09947263	0
SCF:0002563	AC:002230	0.78494322	0.89654154	0.11159832	1
SCF:0002564	AC:002233	0.96151173	0.98245910	0.02094737	1
SCF:0002565	AC:002233	0.96151173	0.98356778	0.02205605	1
SCF:0002566	AC:002233	0.96151173	0.94679562	-0.01471611	0
SCF:0002567	AC:002233	0.96151173	0.94779206	-0.01371967	0
SCF:0002568	AC:002233	0.96151173	0.95429725	-0.00721448	0
SCF:0002569	AC:002236	0.80826524	0.69441643	-0.11384881	0
SCF:0002570	AC:002236	0.80826524	0.69599221	-0.11227303	0
SCF:0002571	AC:002237	0.97796419	0.96222648	-0.01573771	0
SCF:0002572	AC:002237	0.97796419	0.96908668	-0.00887751	0
SCF:0002573	AC:002237	0.97796419	0.97487989	-0.00308430	0
SCF:0002574	AC:002237	0.97796419	0.97579306	-0.00217113	0
SCF:0002575	AC:002237	0.97796419	0.98238036	0.00441617	1
SCF:0002576	AC:002237	0.97796419	0.98222360	0.00425941	1
SCF:0002577	AC:002238	0.69792938	0.89648310	0.19855372	1
SCF:0002578	AC:002239	0.96382970	0.99887216	0.03504246	1
SCF:0002579	AC:002241	0.83451856	0.76674903	-0.06776953	0
SCF:0002580	AC:002241	0.83451856	0.78023255	-0.05428601	0
SCF:0002581	AC:002242	0.61545796	0.66763653	0.05217857	1
SCF:0002582	AC:002245	0.51804660	0.81242225	0.29437565	1
SCF:0002583	AC:002247	0.64293530	0.85752234	0.21458704	1
SCF:0002584	AC:002250	0.72694108	0.85515946	0.12821838	1
SCF:0002585	AC:002250	0.72694108	0.85964599	0.13270491	1
SCF:0002586	AC:002250	0.72694108	0.81525174	0.08831066	1
SCF:0002587	AC:002265	0.87872478	0.89101278	0.01228800	1
SCF:0002588	AC:002265	0.87872478	0.44643508	-0.43228970	0
SCF:0002589	AC:002270	0.59019089	0.62489332	0.03470243	1
SCF:0002590	AC:002270	0.59019089	0.51819914	-0.07199175	0
SCF:0002591	AC:002271	0.49354562	0.74875867	0.25521305	1
SCF:0002592	AC:002271	0.49354562	0.69252685	0.19898123	1
SCF:0002593	AC:002271	0.49354562	0.59982869	0.10628307	1
SCF:0002594	AC:002271	0.49354562	0.49652481	0.00297919	1
SCF:0002595	AC:002272	0.75693828	0.79596427	0.03902599	1
SCF:0002596	AC:002272	0.75693828	0.65866380	-0.09827448	0
SCF:0002597	AC:002272	0.75693828	0.64269312	-0.11424516	0
SCF:0002598	AC:002274	0.70458987	0.64237035	-0.06221952	0
SCF:0002599	AC:002274	0.70458987	0.83511952	0.13052965	1
SCF:0002600	AC:002274	0.70458987	0.74038563	0.03579576	1
SCF:0002601	AC:002277	0.36988023	0.45491116	0.08503093	1
SCF:0002602	AC:002277	0.36988023	0.51342193	0.14354170	1
SCF:0002603	AC:002277	0.36988023	0.51342195	0.14354172	1
SCF:0002604	AC:002278	0.90718475	0.92624521	0.01906046	1
SCF:0002605	AC:002282	0.66194285	0.64774268	-0.01420017	0
SCF:0002606	AC:002282	0.66194285	0.71046933	0.04852648	1
SCF:0002607	AC:002282	0.66194285	0.71416659	0.05222374	1
SCF:0002608	AC:002285	0.70965349	0.66751830	-0.04213519	0
SCF:0002609	AC:002285	0.70965349	0.69434858	-0.01530491	0
SCF:0002610	AC:002287	0.98863420	0.99166718	0.00303298	1
SCF:0002611	AC:002290	0.72080269	0.65289807	-0.06790462	0
SCF:0002612	AC:002291	0.84985033	0.83493769	-0.01491264	0
SCF:0002613	AC:002292	0.93285951	0.93771291	0.00485340	1
SCF:0002614	AC:002295	0.72801345	0.67378585	-0.05422760	0
SCF:0002615	AC:002297	0.40128056	0.39775142	-0.00352914	0
SCF:0002616	AC:002297	0.40128056	0.41978982	0.01850926	1
SCF:0002617	AC:002299	0.45142776	0.68757889	0.23615113	1
SCF:0002618	AC:002300	0.83974150	0.78895512	-0.05078638	0
SCF:0002619	AC:002301	0.56901893	0.49273198	-0.07628695	0
SCF:0002620	AC:002301	0.56901893	0.52130041	-0.04771852	0
SCF:0002621	AC:002301	0.56901893	0.37365034	-0.19536859	0
SCF:0002622	AC:002304	0.80622050	0.53782855	-0.26839195	0
SCF:0002623	AC:002309	0.63071886	0.61260899	-0.01810987	0
SCF:0002624	AC:002310	0.93257755	0.94530738	0.01272983	1
SCF:0002625	AC:002310	0.93257755	0.93332651	0.00074896	1
SCF:0002626	AC:002310	0.93257755	0.72714565	-0.20543190	0
SCF:0002627	AC:002312	0.97654441	0.93523878	-0.04130563	0
SCF:0002628	AC:002314	0.60858535	0.47681436	-0.13177099	0
SCF:0002629	AC:002314	0.60858535	0.76552117	0.15693582	1
SCF:0002630	AC:002314	0.60858535	0.60502002	-0.00356533	0
SCF:0002631	AC:002314	0.60858535	0.69489563	0.08631028	1
SCF:0002632	AC:002314	0.60858535	0.55229577	-0.05628958	0
SCF:0002633	AC:002315	0.70987702	0.80610436	0.09622734	1
SCF:0002634	AC:002315	0.70987702	0.71747875	0.00760173	1
SCF:0002635	AC:002315	0.70987702	0.77957642	0.06969940	1
SCF:0002636	AC:002319	0.28867176	0.38980276	0.10113100	1
SCF:0002637	AC:002319	0.28867176	0.24072541	-0.04794635	0
SCF:0002638	AC:002320	0.78401435	0.58352408	-0.20049027	0
SCF:0002639	AC:002320	0.78401435	0.65165644	-0.13235791	0
SCF:0002640	AC:002320	0.78401435	0.56655872	-0.21745563	0
SCF:0002641	AC:002320	0.78401435	0.76950884	-0.01450551	0
SCF:0002642	AC:002322	0.99659237	0.99566695	-0.00092542	0
SCF:0002643	AC:002324	0.95664426	0.97439367	0.01774941	1
SCF:0002644	AC:002326	0.24591536	0.35749790	0.11158254	1
SCF:0002645	AC:002326	0.24591536	0.37196533	0.12604997	1
SCF:0002646	AC:002327	0.51545060	0.50827515	-0.00717545	0
SCF:0002647	AC:002327	0.51545060	0.68295595	0.16750535	1
SCF:0002648	AC:002328	0.77170810	0.86079394	0.08908584	1
SCF:0002649	AC:002330	0.26829691	0.30003866	0.03174175	1
SCF:0002650	AC:002336	0.56140134	0.54210584	-0.01929550	0
SCF:0002651	AC:002337	0.57526510	0.43897602	-0.13628908	0
SCF:0002652	AC:002338	0.89285684	0.84513721	-0.04771963	0
SCF:0002653	AC:002339	0.65017262	0.90475732	0.25458470	1
SCF:0002654	AC:002339	0.65017262	0.87535628	0.22518366	1
SCF:0002655	AC:002339	0.65017262	0.77442166	0.12424904	1
SCF:0002656	AC:002339	0.65017262	0.41453727	-0.23563535	0
SCF:0002657	AC:002339	0.65017262	0.66864595	0.01847333	1
SCF:0002658	AC:002339	0.65017262	0.66566574	0.01549312	1
SCF:0002659	AC:002340	0.82317171	0.79729017	-0.02588154	0
SCF:0002660	AC:002341	0.45943524	0.49106562	0.03163038	1
SCF:0002661	AC:002341	0.45943524	0.50066436	0.04122912	1
SCF:0002662	AC:002341	0.45943524	0.46599528	0.00656004	1
SCF:0002663	AC:002341	0.45943524	0.54647465	0.08703941	1
SCF:0002664	AC:002341	0.45943524	0.41756496	-0.04187028	0
SCF:0002665	AC:002342	0.51063236	0.47086582	-0.03976654	0
SCF:0002666	AC:002343	0.85260457	0.79325875	-0.05934582	0
SCF:0002667	AC:002343	0.85260457	0.70081591	-0.15178866	0
SCF:0002668	AC:002343	0.85260457	0.51830847	-0.33429610	0
SCF:0002669	AC:002343	0.85260457	0.81982530	-0.03277927	0
SCF:0002670	AC:002345	0.97285897	0.97106099	-0.00179798	0
SCF:0002671	AC:002345	0.97285897	0.97579375	0.00293478	1
SCF:0002672	AC:002347	0.66861391	0.92670959	0.25809568	1
SCF:0002673	AC:002347	0.66861391	0.93368788	0.26507397	1
SCF:0002674	AC:002347	0.66861391	0.92238931	0.25377540	1
SCF:0002675	AC:002347	0.66861391	0.75596101	0.08734710	1
SCF:0002676	AC:002348	0.81867878	0.79208140	-0.02659738	0
SCF:0002677	AC:002349	0.43297374	0.41644834	-0.01652540	0
SCF:0002678	AC:002349	0.43297374	0.51920108	0.08622734	1
SCF:0002679	AC:002350	0.65436962	0.47753219	-0.17683743	0
SCF:0002680	AC:002350	0.65436962	0.60927098	-0.04509864	0
SCF:0002681	AC:002351	0.59957634	0.52617181	-0.07340453	0
SCF:0002682	AC:002353	0.66454539	0.65195841	-0.01258698	0
SCF:0002683	AC:002353	0.66454539	0.64212746	-0.02241793	0
SCF:0002684	AC:002353	0.66454539	0.53639192	-0.12815347	0
SCF:0002685	AC:002353	0.66454539	0.63433483	-0.03021056	0
SCF:0002686	AC:002353	0.66454539	0.49795243	-0.16659296	0
SCF:0002687	AC:002355	0.60306991	0.79073007	0.18766016	1
SCF:0002688	AC:002355	0.60306991	0.79127260	0.18820269	1
SCF:0002689	AC:002355	0.60306991	0.69965524	0.09658533	1
SCF:0002690	AC:002356	0.99450901	0.87169245	-0.12281656	0
SCF:0002691	AC:002357	0.57614992	0.24575662	-0.33039330	0
SCF:0002692	AC:002360	0.43999359	0.38680180	-0.05319179	0
SCF:0002693	AC:002360	0.43999359	0.54376902	0.10377543	1
SCF:0002694	AC:002361	0.88271838	0.90589709	0.02317871	1
SCF:0002695	AC:002367	0.66188865	0.68979475	0.02790610	1
SCF:0002696	AC:002371	0.83062332	0.85952300	0.02889968	1
SCF:0002697	AC:002371	0.83062332	0.86160538	0.03098206	1
SCF:0002698	AC:002371	0.83062332	0.88572493	0.05510161	1
SCF:0002699	AC:002372	0.38226762	0.32246486	-0.05980276	0
SCF:0002700	AC:002372	0.38226762	0.41978982	0.03752220	1
SCF:0002701	AC:002372	0.38226762	0.46071315	0.07844553	1
SCF:0002702	AC:002373	0.84350101	0.95509657	0.11159556	1
SCF:0002703	AC:002374	0.86144561	0.88164619	0.02020058	1
SCF:0002704	AC:002377	0.64024677	0.58285380	-0.05739297	0
SCF:0002705	AC:002381	0.76034514	0.96602866	0.20568352	1
SCF:0002706	AC:002381	0.76034514	0.96200013	0.20165499	1
SCF:0002707	AC:002381	0.76034514	0.73743603	-0.02290911	0
SCF:0002708	AC:002383	0.50308661	0.68977293	0.18668632	1
SCF:0002709	AC:002384	0.96077064	0.37510117	-0.58566947	0
SCF:0002710	AC:002385	0.67241787	0.76610458	0.09368671	1
SCF:0002711	AC:002387	0.88670421	0.72711569	-0.15958852	0
SCF:0002712	AC:002387	0.88670421	0.95641953	0.06971532	1
SCF:0002713	AC:002393	0.66288906	0.95718288	0.29429382	1
SCF:0002714	AC:002393	0.66288906	0.67906523	0.01617617	1
SCF:0002715	AC:002396	0.89191673	0.92238931	0.03047258	1
SCF:0002716	AC:002396	0.89191673	0.94672072	0.05480399	1
SCF:0002717	AC:002399	0.60035098	0.41461335	-0.18573763	0
SCF:0002718	AC:002400	0.80371651	0.72923395	-0.07448256	0
SCF:0002719	AC:002401	0.62055039	0.57710863	-0.04344176	0
SCF:0002720	AC:002401	0.62055039	0.94073809	0.32018770	1
SCF:0002721	AC:002401	0.62055039	0.55978894	-0.06076145	0
SCF:0002722	AC:002401	0.62055039	0.95053237	0.32998198	1
SCF:0002723	AC:002402	0.90841136	0.98922116	0.08080980	1
SCF:0002724	AC:002403	0.98885665	0.99536157	0.00650492	1
SCF:0002725	AC:002404	0.89304882	0.91032895	0.01728013	1
SCF:0002726	AC:002404	0.89304882	0.84356201	-0.04948681	0
SCF:0002727	AC:002407	0.68117973	0.63592261	-0.04525712	0
SCF:0002728	AC:002407	0.68117973	0.64263058	-0.03854915	0
SCF:0002729	AC:002409	0.67041569	0.87782132	0.20740563	1
SCF:0002730	AC:002410	0.53251675	0.54432214	0.01180539	1
SCF:0002731	AC:002410	0.53251675	0.69168719	0.15917044	1
SCF:0002732	AC:002410	0.53251675	0.57254672	0.04002997	1
SCF:0002733	AC:002410	0.53251675	0.29496266	-0.23755409	0
SCF:0002734	AC:002412	0.98681325	0.98356778	-0.00324547	0
SCF:0002735	AC:002412	0.98681325	0.98245910	-0.00435415	0
SCF:0002736	AC:002412	0.98681325	0.97849718	-0.00831607	0
SCF:0002737	AC:002412	0.98681325	0.94779206	-0.03902119	0
SCF:0002738	AC:002413	0.75380667	0.81076612	0.05695945	1
SCF:0002739	AC:002413	0.75380667	0.55153324	-0.20227343	0
SCF:0002740	AC:002413	0.75380667	0.54544304	-0.20836363	0
SCF:0002741	AC:002415	0.88122186	0.77590221	-0.10531965	0
SCF:0002742	AC:002419	0.36373745	0.32142991	-0.04230754	0
SCF:0002743	AC:002420	0.40832859	0.41183534	0.00350675	1
SCF:0002744	AC:002421	0.66907463	0.64231526	-0.02675937	0
SCF:0002745	AC:002421	0.66907463	0.60397999	-0.06509464	0
SCF:0002746	AC:002422	0.50762947	0.73287716	0.22524769	1
SCF:0002747	AC:002422	0.50762947	0.76180678	0.25417731	1
SCF:0002748	AC:002422	0.50762947	0.81805112	0.31042165	1
SCF:0002749	AC:002422	0.50762947	0.41103540	-0.09659407	0
SCF:0002750	AC:002422	0.50762947	0.47067130	-0.03695817	0
SCF:0002751	AC:002422	0.50762947	0.32398961	-0.18363986	0
SCF:0002752	AC:002423	0.97440460	0.96980813	-0.00459647	0
SCF:0002753	AC:002425	0.45365124	0.65574512	0.20209388	1
SCF:0002754	AC:002425	0.45365124	0.41570295	-0.03794829	0
SCF:0002755	AC:002426	0.73394510	0.80894234	0.07499724	1
SCF:0002756	AC:002428	0.52726811	0.33791170	-0.18935641	0
SCF:0002757	AC:002428	0.52726811	0.56505616	0.03778805	1
SCF:0002758	AC:002430	0.49377790	0.72796565	0.23418775	1
SCF:0002759	AC:002430	0.49377790	0.47391868	-0.01985922	0
SCF:0002760	AC:002436	0.65195826	0.65195841	0.00000015	1
SCF:0002761	AC:002436	0.65195826	0.57733461	-0.07462365	0
SCF:0002762	AC:002436	0.65195826	0.66197995	0.01002169	1
SCF:0002763	AC:002437	0.57505083	0.67207572	0.09702489	1
SCF:0002764	AC:002437	0.57505083	0.80952322	0.23447239	1
SCF:0002765	AC:002438	0.48966642	0.48867658	-0.00098984	0
SCF:0002766	AC:002438	0.48966642	0.38039914	-0.10926728	0
SCF:0002767	AC:002439	0.73850236	0.66122311	-0.07727925	0
SCF:0002768	AC:002439	0.73850236	0.71074006	-0.02776230	0
SCF:0002769	AC:002439	0.73850236	0.62597257	-0.11252979	0
SCF:0002770	AC:002439	0.73850236	0.75333724	0.01483488	1
SCF:0002771	AC:002439	0.73850236	0.68467411	-0.05382825	0
SCF:0002772	AC:002441	0.75043410	0.90466618	0.15423208	1
SCF:0002773	AC:002441	0.75043410	0.74027097	-0.01016313	0
SCF:0002774	AC:002441	0.75043410	0.93444229	0.18400819	1
SCF:0002775	AC:002442	0.71984002	0.45491116	-0.26492886	0
SCF:0002776	AC:002442	0.71984002	0.71984055	0.00000053	1
SCF:0002777	AC:002442	0.71984002	0.59548500	-0.12435502	0
SCF:0002778	AC:002442	0.71984002	0.74840033	0.02856031	1
SCF:0002779	AC:002443	0.93890434	0.78420312	-0.15470122	0
SCF:0002780	AC:002444	0.71652320	0.81974715	0.10322395	1
SCF:0002781	AC:002447	0.80240297	0.86905384	0.06665087	1
SCF:0002782	AC:002448	0.63921150	0.50290413	-0.13630737	0
SCF:0002783	AC:002448	0.63921150	0.71885030	0.07963880	1
SCF:0002784	AC:002448	0.63921150	0.64606168	0.00685018	1
SCF:0002785	AC:002449	0.78160342	0.90780908	0.12620566	1
SCF:0002786	AC:002453	0.48972160	0.31597071	-0.17375089	0
SCF:0002787	AC:002453	0.48972160	0.46133307	-0.02838853	0
SCF:0002788	AC:002457	0.38916926	0.54415975	0.15499049	1
SCF:0002789	AC:002457	0.38916926	0.56288169	0.17371243	1
SCF:0002790	AC:002457	0.38916926	0.35179569	-0.03737357	0
SCF:0002791	AC:002457	0.38916926	0.36878011	-0.02038915	0
SCF:0002792	AC:002458	0.58113983	0.73191832	0.15077849	1
SCF:0002793	AC:002458	0.58113983	0.62395500	0.04281517	1
SCF:0002794	AC:002458	0.58113983	0.62769623	0.04655640	1
SCF:0002795	AC:002461	0.94786176	0.98872841	0.04086665	1
SCF:0002796	AC:002465	0.61748612	0.94746513	0.32997901	1
SCF:0002797	AC:002465	0.61748612	0.57710863	-0.04037749	0
SCF:0002798	AC:002467	0.70574846	0.73613969	0.03039123	1
SCF:0002799	AC:002469	0.83332523	0.67161805	-0.16170718	0
SCF:0002800	AC:002469	0.83332523	0.83284059	-0.00048464	0
SCF:0002801	AC:002471	0.51232057	0.54969334	0.03737277	1
SCF:0002802	AC:002474	0.49385572	0.71384835	0.21999263	1
SCF:0002803	AC:002474	0.49385572	0.54858146	0.05472574	1
SCF:0002804	AC:002475	0.77054578	0.81674677	0.04620099	1
SCF:0002805	AC:002477	0.99501166	0.99112248	-0.00388918	0
SCF:0002806	AC:002478	0.39824256	0.52327415	0.12503159	1
SCF:0002807	AC:002478	0.39824256	0.43217782	0.03393526	1
SCF:0002808	AC:002480	0.49336396	0.55121142	0.05784746	1
SCF:0002809	AC:002480	0.49336396	0.72790922	0.23454526	1
SCF:0002810	AC:002482	0.97311615	0.99653164	0.02341549	1
SCF:0002811	AC:002484	0.58737251	0.58847582	0.00110331	1
SCF:0002812	AC:002484	0.58737251	0.71984055	0.13246804	1
SCF:0002813	AC:002484	0.58737251	0.42752385	-0.15984866	0
SCF:0002814	AC:002484	0.58737251	0.56337449	-0.02399802	0
SCF:0002815	AC:002484	0.58737251	0.56337449	-0.02399802	0
SCF:0002816	AC:002485	0.51397305	0.52799327	0.01402022	1
SCF:0002817	AC:002485	0.51397305	0.53385997	0.01988692	1
SCF:0002818	AC:002485	0.51397305	0.58285380	0.06888075	1
SCF:0002819	AC:002486	0.73912534	0.49390045	-0.24522489	0
SCF:0002820	AC:002486	0.73912534	0.92924089	0.19011555	1
SCF:0002821	AC:002486	0.73912534	0.86698866	0.12786332	1
SCF:0002822	AC:002487	0.95200378	0.98331959	0.03131581	1
SCF:0002823	AC:002489	0.42902760	0.61138583	0.18235823	1
SCF:0002824	AC:002492	0.44020792	0.42280320	-0.01740472	0
SCF:0002825	AC:002493	0.79811195	0.76173034	-0.03638161	0
SCF:0002826	AC:002494	0.86120584	0.89575285	0.03454701	1
SCF:0002827	AC:002496	0.99129504	0.99040931	-0.00088573	0
SCF:0002828	AC:002498	0.34153508	0.51053793	0.16900285	1
SCF:0002829	AC:002499	0.69124654	0.61592561	-0.07532093	0
SCF:0002830	AC:002500	0.99563110	0.99819965	0.00256855	1
SCF:0002831	AC:002500	0.99563110	0.99393610	-0.00169500	0
SCF:0002832	AC:002500	0.99563110	0.99141845	-0.00421265	0
SCF:0002833	AC:002500	0.99563110	0.99486931	-0.00076179	0
SCF:0002834	AC:002501	0.80940318	0.64835654	-0.16104664	0
SCF:0002835	AC:002501	0.80940318	0.90207186	0.09266868	1
SCF:0002836	AC:002501	0.80940318	0.99511582	0.18571264	1
SCF:0002837	AC:002503	0.63876661	0.58538150	-0.05338511	0
SCF:0002838	AC:002503	0.63876661	0.88405168	0.24528507	1
SCF:0002839	AC:002505	0.61248607	0.55127841	-0.06120766	0
SCF:0002840	AC:002505	0.61248607	0.48443356	-0.12805251	0
SCF:0002841	AC:002505	0.61248607	0.45738046	-0.15510561	0
SCF:0002842	AC:002511	0.33130165	0.29884590	-0.03245575	0
SCF:0002843	AC:002512	0.64139718	0.77279242	0.13139524	1
SCF:0002844	AC:002512	0.64139718	0.74435387	0.10295669	1
SCF:0002845	AC:002512	0.64139718	0.63684911	-0.00454807	0
SCF:0002846	AC:002513	0.65521315	0.76141193	0.10619878	1
SCF:0002847	AC:002513	0.65521315	0.57187843	-0.08333472	0
SCF:0002848	AC:002513	0.65521315	0.62668080	-0.02853235	0
SCF:0002849	AC:002515	0.36776307	0.73155466	0.36379159	1
SCF:0002850	AC:002515	0.36776307	0.54851342	0.18075035	1
SCF:0002851	AC:002516	0.93366441	0.94832679	0.01466238	1
SCF:0002852	AC:002516	0.93366441	0.94649932	0.01283491	1
SCF:0002853	AC:002516	0.93366441	0.94159962	0.00793521	1
SCF:0002854	AC:002516	0.93366441	0.94784397	0.01417956	1
SCF:0002855	AC:002517	0.72043013	0.85927081	0.13884068	1
SCF:0002856	AC:002518	0.66957740	0.65393344	-0.01564396	0
SCF:0002857	AC:002518	0.66957740	0.62178992	-0.04778748	0
SCF:0002858	AC:002520	0.73311782	0.59642876	-0.13668906	0
SCF:0002859	AC:002524	0.93956875	0.97497907	0.03541032	1
SCF:0002860	AC:002524	0.93956875	0.93511486	-0.00445389	0
SCF:0002861	AC:002524	0.93956875	0.95640660	0.01683785	1
SCF:0002862	AC:002524	0.93956875	0.94655799	0.00698924	1
SCF:0002863	AC:002526	0.99872631	0.99178960	-0.00693671	0
SCF:0002864	AC:002526	0.99872631	0.99778748	-0.00093883	0
SCF:0002865	AC:002526	0.99872631	0.99673661	-0.00198970	0
SCF:0002866	AC:002533	0.95742685	0.94887124	-0.00855561	0
SCF:0002867	AC:002533	0.95742685	0.94784397	-0.00958288	0
SCF:0002868	AC:002533	0.95742685	0.91774718	-0.03967967	0
SCF:0002869	AC:002536	0.96203616	0.96360570	0.00156954	1
SCF:0002870	AC:002536	0.96203616	0.96706360	0.00502744	1
SCF:0002871	AC:002536	0.96203616	0.93478155	-0.02725461	0
SCF:0002872	AC:002538	0.88451889	0.81557083	-0.06894806	0
SCF:0002873	AC:002538	0.88451889	0.82947090	-0.05504799	0
SCF:0002874	AC:002540	0.88354288	0.91002975	0.02648687	1
SCF:0002875	AC:002540	0.88354288	0.81708453	-0.06645835	0
SCF:0002876	AC:002542	0.44852224	0.52359712	0.07507488	1
SCF:0002877	AC:002544	0.57575467	0.54638959	-0.02936508	0
SCF:0002878	AC:002546	0.57084003	0.85871235	0.28787232	1
SCF:0002879	AC:002547	0.51803824	0.44193546	-0.07610278	0
SCF:0002880	AC:002548	0.63427302	0.61927846	-0.01499456	0
SCF:0002881	AC:002552	0.53045679	0.69388474	0.16342795	1
SCF:0002882	AC:002554	0.50197841	0.56785188	0.06587347	1
SCF:0002883	AC:002555	0.48018290	0.68797974	0.20779684	1
SCF:0002884	AC:002556	0.45470447	0.99504709	0.54034262	1
SCF:0002885	AC:002557	0.81503222	0.92660636	0.11157414	1
SCF:0002886	AC:002562	0.89342213	0.95147428	0.05805215	1
SCF:0002887	AC:002562	0.89342213	0.91210702	0.01868489	1
SCF:0002888	AC:002562	0.89342213	0.66408461	-0.22933752	0
SCF:0002889	AC:002567	0.54972837	0.43916332	-0.11056505	0
SCF:0002890	AC:002570	0.74171263	0.88614577	0.14443314	1
SCF:0002891	AC:002571	0.94090670	0.93795887	-0.00294783	0
SCF:0002892	AC:002571	0.94090670	0.92928890	-0.01161780	0
SCF:0002893	AC:002571	0.94090670	0.97400343	0.03309673	1
SCF:0002894	AC:002572	0.21181008	0.55124640	0.33943632	1
SCF:0002895	AC:002572	0.21181008	0.58654888	0.37473880	1
SCF:0002896	AC:002572	0.21181008	0.32847888	0.11666880	1
SCF:0002897	AC:002575	0.63423762	0.75771071	0.12347309	1
SCF:0002898	AC:002576	0.40868193	0.52064599	0.11196406	1
SCF:0002899	AC:002576	0.40868193	0.50535602	0.09667409	1
SCF:0002900	AC:002576	0.40868193	0.53943127	0.13074934	1
SCF:0002901	AC:002577	0.81138643	0.90971837	0.09833194	1
SCF:0002902	AC:002578	0.56715611	0.33350810	-0.23364801	0
SCF:0002903	AC:002579	0.94548860	0.94594172	0.00045312	1
SCF:0002904	AC:002580	0.40410960	0.21566473	-0.18844487	0
SCF:0002905	AC:002580	0.40410960	0.47066830	0.06655870	1
SCF:0002906	AC:002581	0.65111273	0.73079971	0.07968698	1
SCF:0002907	AC:002581	0.65111273	0.78533262	0.13421989	1
SCF:0002908	AC:002581	0.65111273	0.77553451	0.12442178	1
SCF:0002909	AC:002582	0.38129365	0.44695193	0.06565828	1
SCF:0002910	AC:002582	0.38129365	0.50609255	0.12479890	1
SCF:0002911	AC:002582	0.38129365	0.58847582	0.20718217	1
SCF:0002912	AC:002584	0.80863095	0.66026659	-0.14836436	0
SCF:0002913	AC:002590	0.75055774	0.67115691	-0.07940083	0
SCF:0002914	AC:002590	0.75055774	0.45858926	-0.29196848	0
SCF:0002915	AC:002590	0.75055774	0.85188059	0.10132285	1
SCF:0002916	AC:002590	0.75055774	0.80645034	0.05589260	1
SCF:0002917	AC:002590	0.75055774	0.83022927	0.07967153	1
SCF:0002918	AC:002591	0.94611660	0.98192781	0.03581121	1
SCF:0002919	AC:002593	0.63306343	0.63219020	-0.00087323	0
SCF:0002920	AC:002597	0.61659399	0.72325903	0.10666504	1
SCF:0002921	AC:002597	0.61659399	0.47391868	-0.14267531	0
SCF:0002922	AC:002598	0.79287434	0.85515946	0.06228512	1
SCF:0002923	AC:002600	0.70507109	0.62973058	-0.07534051	0
SCF:0002924	AC:002600	0.70507109	0.69958946	-0.00548163	0
SCF:0002925	AC:002600	0.70507109	0.63442150	-0.07064959	0
SCF:0002926	AC:002600	0.70507109	0.70020452	-0.00486657	0
SCF:0002927	AC:002600	0.70507109	0.75333724	0.04826615	1
SCF:0002928	AC:002601	0.37623594	0.41458781	0.03835187	1
SCF:0002929	AC:002601	0.37623594	0.45606132	0.07982538	1
SCF:0002930	AC:002606	0.88507208	0.78320705	-0.10186503	0
SCF:0002931	AC:002608	0.60253640	0.63743034	0.03489394	1
SCF:0002932	AC:002608	0.60253640	0.74591133	0.14337493	1
SCF:0002933	AC:002609	0.97215065	0.95758626	-0.01456439	0
SCF:0002934	AC:002609	0.97215065	0.98117656	0.00902591	1
SCF:0002935	AC:002609	0.97215065	0.86865368	-0.10349697	0
SCF:0002936	AC:002610	0.52490675	0.51567135	-0.00923540	0
SCF:0002937	AC:002610	0.52490675	0.42516266	-0.09974409	0
SCF:0002938	AC:002610	0.52490675	0.49801347	-0.02689328	0
SCF:0002939	AC:002613	0.62030795	0.69357458	0.07326663	1
SCF:0002940	AC:002614	0.62907722	0.64269312	0.01361590	1
SCF:0002941	AC:002614	0.62907722	0.55104266	-0.07803456	0
SCF:0002942	AC:002614	0.62907722	0.60135861	-0.02771861	0
SCF:0002943	AC:002614	0.62907722	0.79679167	0.16771445	1
SCF:0002944	AC:002615	0.89787155	0.61312291	-0.28474864	0
SCF:0002945	AC:002617	0.66344878	0.56318398	-0.10026480	0
SCF:0002946	AC:002617	0.66344878	0.55877401	-0.10467477	0
SCF:0002947	AC:002617	0.66344878	0.51856280	-0.14488598	0
SCF:0002948	AC:002617	0.66344878	0.54885058	-0.11459820	0
SCF:0002949	AC:002617	0.66344878	0.80506453	0.14161575	1
SCF:0002950	AC:002618	0.33441149	0.48329002	0.14887853	1
SCF:0002951	AC:002620	0.65831072	0.53429858	-0.12401214	0
SCF:0002952	AC:002621	0.69736826	0.89514688	0.19777862	1
SCF:0002953	AC:002622	0.86833015	0.89490539	0.02657524	1
SCF:0002954	AC:002622	0.86833015	0.87645522	0.00812507	1
SCF:0002955	AC:002623	0.99667033	0.99824870	0.00157837	1
SCF:0002956	AC:002624	0.72730255	0.79641971	0.06911716	1
SCF:0002957	AC:002624	0.72730255	0.70493326	-0.02236929	0
SCF:0002958	AC:002624	0.72730255	0.91222670	0.18492415	1
SCF:0002959	AC:002624	0.72730255	0.67538396	-0.05191859	0
SCF:0002960	AC:002624	0.72730255	0.67990648	-0.04739607	0
SCF:0002961	AC:002624	0.72730255	0.74460089	0.01729834	1
SCF:0002962	AC:002625	0.97494725	0.95574314	-0.01920411	0
SCF:0002963	AC:002627	0.79954975	0.72201030	-0.07753945	0
SCF:0002964	AC:002627	0.79954975	0.63381504	-0.16573471	0
SCF:0002965	AC:002627	0.79954975	0.81049770	0.01094795	1
SCF:0002966	AC:002627	0.79954975	0.79696968	-0.00258007	0
SCF:0002967	AC:002627	0.79954975	0.82419569	0.02464594	1
SCF:0002968	AC:002628	0.54550925	0.64162046	0.09611121	1
SCF:0002969	AC:002628	0.54550925	0.77333239	0.22782314	1
SCF:0002970	AC:002628	0.54550925	0.60778350	0.06227425	1
SCF:0002971	AC:002631	0.72421342	0.81898767	0.09477425	1
SCF:0002972	AC:002633	0.97986748	0.98144874	0.00158126	1
SCF:0002973	AC:002634	0.96285688	0.96334443	0.00048755	1
SCF:0002974	AC:002634	0.96285688	0.93388727	-0.02896961	0
SCF:0002975	AC:002635	0.92700726	0.74676904	-0.18023822	0
SCF:0002976	AC:002639	0.88727855	0.81875844	-0.06852011	0
SCF:0002977	AC:002639	0.88727855	0.85049591	-0.03678264	0
SCF:0002978	AC:002639	0.88727855	0.96602866	0.07875011	1
SCF:0002979	AC:002639	0.88727855	0.90025711	0.01297856	1
SCF:0002980	AC:002639	0.88727855	0.96200013	0.07472158	1
SCF:0002981	AC:002645	0.49076497	0.49076436	-0.00000061	0
SCF:0002982	AC:002645	0.49076497	0.49076436	-0.00000061	0
SCF:0002983	AC:002645	0.49076497	0.64957104	0.15880607	1
SCF:0002984	AC:002646	0.47464308	0.59571758	0.12107450	1
SCF:0002985	AC:002646	0.47464308	0.54722231	0.07257923	1
SCF:0002986	AC:002647	0.32717429	0.58824998	0.26107569	1
SCF:0002987	AC:002647	0.32717429	0.65574512	0.32857083	1
SCF:0002988	AC:002647	0.32717429	0.41570295	0.08852866	1
SCF:0002989	AC:002647	0.32717429	0.35402781	0.02685352	1
SCF:0002990	AC:002648	0.80048160	0.89595512	0.09547352	1
SCF:0002991	AC:002652	0.61790185	0.74300966	0.12510781	1
SCF:0002992	AC:002652	0.61790185	0.54722231	-0.07067954	0
SCF:0002993	AC:002653	0.91807978	0.95848575	0.04040597	1
SCF:0002994	AC:002653	0.91807978	0.82813454	-0.08994524	0
SCF:0002995	AC:002656	0.99097132	0.98860810	-0.00236322	0
SCF:0002996	AC:002656	0.99097132	0.96892891	-0.02204241	0
SCF:0002997	AC:002656	0.99097132	0.97689407	-0.01407725	0
SCF:0002998	AC:002656	0.99097132	0.99778748	0.00681616	1
SCF:0002999	AC:002658	0.85183534	0.72819123	-0.12364411	0
SCF:0003000	AC:002658	0.85183534	0.72777161	-0.12406373	0
SCF:0003001	AC:002658	0.85183534	0.74262947	-0.10920587	0
SCF:0003002	AC:002661	0.99638892	0.99697775	0.00058883	1
SCF:0003003	AC:002670	0.62316691	0.60604475	-0.01712216	0
SCF:0003004	AC:002672	0.74109602	0.97887200	0.23777598	1
SCF:0003005	AC:002673	0.56932510	0.60574051	0.03641541	1
SCF:0003006	AC:002673	0.56932510	0.38171523	-0.18760987	0
SCF:0003007	AC:002674	0.56399608	0.55104266	-0.01295342	0
SCF:0003008	AC:002674	0.56399608	0.64006871	0.07607263	1
SCF:0003009	AC:002674	0.56399608	0.54881735	-0.01517873	0
SCF:0003010	AC:002674	0.56399608	0.64269312	0.07869704	1
SCF:0003011	AC:002677	0.95851408	0.96967112	0.01115704	1
SCF:0003012	AC:002677	0.95851408	0.93547873	-0.02303535	0
SCF:0003013	AC:002677	0.95851408	0.95590782	-0.00260626	0
SCF:0003014	AC:002677	0.95851408	0.93368788	-0.02482620	0
SCF:0003015	AC:002678	0.70552452	0.67460275	-0.03092177	0
SCF:0003016	AC:002679	0.75074920	0.65243679	-0.09831241	0
SCF:0003017	AC:002680	0.62759915	0.54969334	-0.07790581	0
SCF:0003018	AC:002681	0.67937768	0.72220376	0.04282608	1
SCF:0003019	AC:002686	0.60204606	0.43704563	-0.16500043	0
SCF:0003020	AC:002686	0.60204606	0.62237507	0.02032901	1
SCF:0003021	AC:002686	0.60204606	0.54722231	-0.05482375	0
SCF:0003022	AC:002686	0.60204606	0.69247601	0.09042995	1
SCF:0003023	AC:002693	0.58475669	0.46799521	-0.11676148	0
SCF:0003024	AC:002693	0.58475669	0.71885030	0.13409361	1
SCF:0003025	AC:002694	0.69758990	0.76440543	0.06681553	1
SCF:0003026	AC:002694	0.69758990	0.69496778	-0.00262212	0
SCF:0003027	AC:002694	0.69758990	0.91844216	0.22085226	1
SCF:0003028	AC:002694	0.69758990	0.78918231	0.09159241	1
SCF:0003029	AC:002694	0.69758990	0.47259623	-0.22499367	0
SCF:0003030	AC:002696	0.51359287	0.67718144	0.16358857	1
SCF:0003031	AC:002696	0.51359287	0.64085234	0.12725947	1
SCF:0003032	AC:002696	0.51359287	0.58891567	0.07532280	1
SCF:0003033	AC:002697	0.46266907	0.44374532	-0.01892375	0
SCF:0003034	AC:002697	0.46266907	0.37803982	-0.08462925	0
SCF:0003035	AC:002697	0.46266907	0.33350810	-0.12916097	0
SCF:0003036	AC:002698	0.65829326	0.52937706	-0.12891620	0
SCF:0003037	AC:002699	0.99759612	0.98639181	-0.01120431	0
SCF:0003038	AC:002699	0.99759612	0.99349067	-0.00410545	0
SCF:0003039	AC:002701	0.74334314	0.65757147	-0.08577167	0
SCF:0003040	AC:002701	0.74334314	0.46867999	-0.27466315	0
SCF:0003041	AC:002701	0.74334314	0.77691166	0.03356852	1
SCF:0003042	AC:002701	0.74334314	0.81805112	0.07470798	1
SCF:0003043	AC:002702	0.30496998	0.44138004	0.13641006	1
SCF:0003044	AC:002703	0.79440931	0.58352408	-0.21088523	0
SCF:0003045	AC:002703	0.79440931	0.62253334	-0.17187597	0
SCF:0003046	AC:002703	0.79440931	0.84843224	0.05402293	1
SCF:0003047	AC:002703	0.79440931	0.65165644	-0.14275287	0
SCF:0003048	AC:002705	0.70823046	0.78990862	0.08167816	1
SCF:0003049	AC:002705	0.70823046	0.83167764	0.12344718	1
SCF:0003050	AC:002707	0.61484805	0.65263922	0.03779117	1
SCF:0003051	AC:002707	0.61484805	0.71885030	0.10400225	1
SCF:0003052	AC:002707	0.61484805	0.64606168	0.03121363	1
SCF:0003053	AC:002708	0.56165155	0.52182814	-0.03982341	0
SCF:0003054	AC:002708	0.56165155	0.54697194	-0.01467961	0
SCF:0003055	AC:002713	0.65671530	0.78153232	0.12481702	1
SCF:0003056	AC:002714	0.41930491	0.50609255	0.08678764	1
SCF:0003057	AC:002714	0.41930491	0.44695193	0.02764702	1
SCF:0003058	AC:002714	0.41930491	0.58847582	0.16917091	1
SCF:0003059	AC:002715	0.50315586	0.63201577	0.12885991	1
SCF:0003060	AC:002715	0.50315586	0.56229837	0.05914251	1
SCF:0003061	AC:002715	0.50315586	0.52327415	0.02011829	1
SCF:0003062	AC:002715	0.50315586	0.59684069	0.09368483	1
SCF:0003063	AC:002716	0.75330425	0.75330428	0.00000003	1
SCF:0003064	AC:002716	0.75330425	0.52777770	-0.22552655	0
SCF:0003065	AC:002717	0.71993148	0.79813154	0.07820006	1
SCF:0003066	AC:002717	0.71993148	0.86435776	0.14442628	1
SCF:0003067	AC:002717	0.71993148	0.70074249	-0.01918899	0
SCF:0003068	AC:002717	0.71993148	0.81918517	0.09925369	1
SCF:0003069	AC:002718	0.95151812	0.99019819	0.03868007	1
SCF:0003070	AC:002718	0.95151812	0.98930719	0.03778907	1
SCF:0003071	AC:002719	0.48896593	0.50813701	0.01917108	1
SCF:0003072	AC:002719	0.48896593	0.49233705	0.00337112	1
SCF:0003073	AC:002719	0.48896593	0.45511796	-0.03384797	0
SCF:0003074	AC:002721	0.93257835	0.91704926	-0.01552909	0
SCF:0003075	AC:002721	0.93257835	0.91878629	-0.01379206	0
SCF:0003076	AC:002721	0.93257835	0.95197207	0.01939372	1
SCF:0003077	AC:002722	0.73009166	0.67613182	-0.05395984	0
SCF:0003078	AC:002723	0.74068274	0.85126096	0.11057822	1
SCF:0003079	AC:002723	0.74068274	0.85387179	0.11318905	1
SCF:0003080	AC:002727	0.54681835	0.63697481	0.09015646	1
SCF:0003081	AC:002727	0.54681835	0.68840087	0.14158252	1
SCF:0003082	AC:002732	0.48044348	0.91544417	0.43500069	1
SCF:0003083	AC:002732	0.48044348	0.67906523	0.19862175	1
SCF:0003084	AC:002732	0.48044348	0.58708110	0.10663762	1
SCF:0003085	AC:002733	0.86017787	0.81429609	-0.04588178	0
SCF:0003086	AC:002733	0.86017787	0.88315952	0.02298165	1
SCF:0003087	AC:002733	0.86017787	0.88405168	0.02387381	1
SCF:0003088	AC:002739	0.59829611	0.72703583	0.12873972	1
SCF:0003089	AC:002739	0.59829611	0.57236990	-0.02592621	0
SCF:0003090	AC:002739	0.59829611	0.51151207	-0.08678404	0
SCF:0003091	AC:002746	0.87033944	0.82478644	-0.04555300	0
SCF:0003092	AC:002746	0.87033944	0.77431928	-0.09602016	0
SCF:0003093	AC:002746	0.87033944	0.92506447	0.05472503	1
SCF:0003094	AC:002751	0.34346690	0.28184516	-0.06162174	0
SCF:0003095	AC:002752	0.95268887	0.77593910	-0.17674977	0
SCF:0003096	AC:002752	0.95268887	0.81554704	-0.13714183	0
SCF:0003097	AC:002753	0.64914701	0.66070058	0.01155357	1
SCF:0003098	AC:002753	0.64914701	0.74207593	0.09292892	1
SCF:0003099	AC:002753	0.64914701	0.81071473	0.16156772	1
SCF:0003100	AC:002753	0.64914701	0.62863849	-0.02050852	0
SCF:0003101	AC:002754	0.96323786	0.95704368	-0.00619418	0
SCF:0003102	AC:002758	0.59230801	0.63592261	0.04361460	1
SCF:0003103	AC:002758	0.59230801	0.58687189	-0.00543612	0
SCF:0003104	AC:002760	0.73144766	0.59389019	-0.13755747	0
SCF:0003105	AC:002762	0.40107346	0.25166000	-0.14941346	0
SCF:0003106	AC:002763	0.93719733	0.97622600	0.03902867	1
SCF:0003107	AC:002769	0.96497100	0.94733592	-0.01763508	0
SCF:0003108	AC:002769	0.96497100	0.95873904	-0.00623196	0
SCF:0003109	AC:002772	0.80914586	0.81047751	0.00133165	1
SCF:0003110	AC:002772	0.80914586	0.66176745	-0.14737841	0
SCF:0003111	AC:002772	0.80914586	0.80574981	-0.00339605	0
SCF:0003112	AC:002772	0.80914586	0.73364031	-0.07550555	0
SCF:0003113	AC:002773	0.92873085	0.57441184	-0.35431901	0
SCF:0003114	AC:002773	0.92873085	0.88735131	-0.04137954	0
SCF:0003115	AC:002776	0.44615759	0.44088593	-0.00527166	0
SCF:0003116	AC:002777	0.52159619	0.56908761	0.04749142	1
SCF:0003117	AC:002780	0.99102396	0.99361270	0.00258874	1
SCF:0003118	AC:002781	0.88167735	0.83421690	-0.04746045	0
SCF:0003119	AC:002781	0.88167735	0.81049770	-0.07117965	0
SCF:0003120	AC:002781	0.88167735	0.79696968	-0.08470767	0
SCF:0003121	AC:002781	0.88167735	0.82419569	-0.05748166	0
SCF:0003122	AC:002783	0.63205790	0.84090704	0.20884914	1
SCF:0003123	AC:002783	0.63205790	0.66234511	0.03028721	1
SCF:0003124	AC:002789	0.37396474	0.59642876	0.22246402	1
SCF:0003125	AC:002790	0.68235433	0.71869269	0.03633836	1
SCF:0003126	AC:002792	0.99272216	0.98356778	-0.00915438	0
SCF:0003127	AC:002792	0.99272216	0.99052021	-0.00220195	0
SCF:0003128	AC:002792	0.99272216	0.99041280	-0.00230936	0
SCF:0003129	AC:002795	0.53553427	0.55205594	0.01652167	1
SCF:0003130	AC:002795	0.53553427	0.84068065	0.30514638	1
SCF:0003131	AC:002797	0.63514662	0.67166215	0.03651553	1
SCF:0003132	AC:002798	0.51863483	0.51640711	-0.00222772	0
SCF:0003133	AC:002798	0.51863483	0.74066924	0.22203441	1
SCF:0003134	AC:002799	0.99768472	0.95371077	-0.04397395	0
SCF:0003135	AC:002804	0.77176848	0.54099584	-0.23077264	0
SCF:0003136	AC:002804	0.77176848	0.53016791	-0.24160057	0
SCF:0003137	AC:002804	0.77176848	0.62900132	-0.14276716	0
SCF:0003138	AC:002807	0.71641344	0.70129008	-0.01512336	0
SCF:0003139	AC:002811	0.81416511	0.60254637	-0.21161874	0
SCF:0003140	AC:002811	0.81416511	0.51904954	-0.29511557	0
SCF:0003141	AC:002813	0.85219211	0.98404991	0.13185780	1
SCF:0003142	AC:002814	0.56097760	0.83190030	0.27092270	1
SCF:0003143	AC:002819	0.68166238	0.69913173	0.01746935	1
SCF:0003144	AC:002819	0.68166238	0.75811699	0.07645461	1
SCF:0003145	AC:002819	0.68166238	0.69450277	0.01284039	1
SCF:0003146	AC:002822	0.55932788	0.53696141	-0.02236647	0
SCF:0003147	AC:002822	0.55932788	0.56613109	0.00680321	1
SCF:0003148	AC:002822	0.55932788	0.70827278	0.14894490	1
SCF:0003149	AC:002822	0.55932788	0.49599114	-0.06333674	0
SCF:0003150	AC:002822	0.55932788	0.66155177	0.10222389	1
SCF:0003151	AC:002823	0.28665487	0.38888435	0.10222948	1
SCF:0003152	AC:002825	0.87912500	0.90371662	0.02459162	1
SCF:0003153	AC:002826	0.74498877	0.91844216	0.17345339	1
SCF:0003154	AC:002826	0.74498877	0.47259623	-0.27239254	0
SCF:0003155	AC:002827	0.52174944	0.80993181	0.28818237	1
SCF:0003156	AC:002827	0.52174944	0.41103540	-0.11071404	0
SCF:0003157	AC:002827	0.52174944	0.47067130	-0.05107814	0
SCF:0003158	AC:002827	0.52174944	0.32398961	-0.19775983	0
SCF:0003159	AC:002830	0.91442087	0.94649932	0.03207845	1
SCF:0003160	AC:002830	0.91442087	0.94832679	0.03390592	1
SCF:0003161	AC:002830	0.91442087	0.89867659	-0.01574428	0
SCF:0003162	AC:002830	0.91442087	0.91774718	0.00332631	1
SCF:0003163	AC:002831	0.36849410	0.50290413	0.13441003	1
SCF:0003164	AC:002831	0.36849410	0.46799521	0.09950111	1
SCF:0003165	AC:002831	0.36849410	0.56785188	0.19935778	1
SCF:0003166	AC:002834	0.67946381	0.70334210	0.02387829	1
SCF:0003167	AC:002834	0.67946381	0.47741769	-0.20204612	0
SCF:0003168	AC:002834	0.67946381	0.80509758	0.12563377	1
SCF:0003169	AC:002834	0.67946381	0.66063072	-0.01883309	0
SCF:0003170	AC:002837	0.94980798	0.97515780	0.02534982	1
SCF:0003171	AC:002838	0.61970196	0.55620515	-0.06349681	0
SCF:0003172	AC:002838	0.61970196	0.74310312	0.12340116	1
SCF:0003173	AC:002838	0.61970196	0.58327967	-0.03642229	0
SCF:0003174	AC:002840	0.63627405	0.55620515	-0.08006890	0
SCF:0003175	AC:002840	0.63627405	0.77369520	0.13742115	1
SCF:0003176	AC:002841	0.68229452	0.75054714	0.06825262	1
SCF:0003177	AC:002841	0.68229452	0.77580183	0.09350731	1
SCF:0003178	AC:002842	0.90947353	0.95843040	0.04895687	1
SCF:0003179	AC:002847	0.52908691	0.59690520	0.06781829	1
SCF:0003180	AC:002849	0.93386182	0.90375573	-0.03010609	0
SCF:0003181	AC:002851	0.56515810	0.65540543	0.09024733	1
SCF:0003182	AC:002851	0.56515810	0.62597257	0.06081447	1
SCF:0003183	AC:002851	0.56515810	0.50228297	-0.06287513	0
SCF:0003184	AC:002851	0.56515810	0.60932541	0.04416731	1
SCF:0003185	AC:002851	0.56515810	0.62973058	0.06457248	1
SCF:0003186	AC:002857	0.77725068	0.82244632	0.04519564	1
SCF:0003187	AC:002858	0.85906863	0.84635141	-0.01271722	0
SCF:0003188	AC:002858	0.85906863	0.59839371	-0.26067492	0
SCF:0003189	AC:002859	0.53312016	0.46792936	-0.06519080	0
SCF:0003190	AC:002861	0.87662840	0.80773350	-0.06889490	0
SCF:0003191	AC:002863	0.39467855	0.38385068	-0.01082787	0
SCF:0003192	AC:002864	0.71189574	0.55076884	-0.16112690	0
SCF:0003193	AC:002864	0.71189574	0.59308052	-0.11881522	0
SCF:0003194	AC:002864	0.71189574	0.60691231	-0.10498343	0
SCF:0003195	AC:002865	0.56130865	0.59880696	0.03749831	1
SCF:0003196	AC:002865	0.56130865	0.56437644	0.00306779	1
SCF:0003197	AC:002868	0.71769726	0.66122311	-0.05647415	0
SCF:0003198	AC:002868	0.71769726	0.62973058	-0.08796668	0
SCF:0003199	AC:002868	0.71769726	0.72271201	0.00501475	1
SCF:0003200	AC:002868	0.71769726	0.70532287	-0.01237439	0
SCF:0003201	AC:002868	0.71769726	0.64867413	-0.06902313	0
SCF:0003202	AC:002869	0.64161586	0.73619931	0.09458345	1
SCF:0003203	AC:002869	0.64161586	0.72173479	0.08011893	1
SCF:0003204	AC:002876	0.74860000	0.79696968	0.04836968	1
SCF:0003205	AC:002876	0.74860000	0.63296347	-0.11563653	0
SCF:0003206	AC:002876	0.74860000	0.83421690	0.08561690	1
SCF:0003207	AC:002876	0.74860000	0.82419569	0.07559569	1
SCF:0003208	AC:002876	0.74860000	0.72201030	-0.02658970	0
SCF:0003209	AC:002877	0.45478072	0.61927846	0.16449774	1
SCF:0003210	AC:002880	0.54709516	0.43781964	-0.10927552	0
SCF:0003211	AC:002882	0.81793267	0.93959663	0.12166396	1
SCF:0003212	AC:002886	0.92484895	0.93033031	0.00548136	1
SCF:0003213	AC:002886	0.92484895	0.92659804	0.00174909	1
SCF:0003214	AC:002886	0.92484895	0.97488677	0.05003782	1
SCF:0003215	AC:002886	0.92484895	0.91094506	-0.01390389	0
SCF:0003216	AC:002886	0.92484895	0.92441326	-0.00043569	0
SCF:0003217	AC:002886	0.92484895	0.88324800	-0.04160095	0
SCF:0003218	AC:002890	0.65541038	0.64848453	-0.00692585	0
SCF:0003219	AC:002890	0.65541038	0.67183414	0.01642376	1
SCF:0003220	AC:002892	0.42984110	0.69282478	0.26298368	1
SCF:0003221	AC:002892	0.42984110	0.51280299	0.08296189	1
SCF:0003222	AC:002892	0.42984110	0.56063224	0.13079114	1
SCF:0003223	AC:002892	0.42984110	0.64374848	0.21390738	1
SCF:0003224	AC:002893	0.99045777	0.99477130	0.00431353	1
SCF:0003225	AC:002893	0.99045777	0.99511582	0.00465805	1
SCF:0003226	AC:002893	0.99045777	0.99040985	-0.00004792	0
SCF:0003227	AC:002893	0.99045777	0.99032343	-0.00013434	0
SCF:0003228	AC:002894	0.99411085	0.82152826	-0.17258259	0
SCF:0003229	AC:002900	0.68780309	0.73344144	0.04563835	1
SCF:0003230	AC:002900	0.68780309	0.70883066	0.02102757	1
SCF:0003231	AC:002901	0.84481111	0.80243179	-0.04237932	0
SCF:0003232	AC:002901	0.84481111	0.94438342	0.09957231	1
SCF:0003233	AC:002905	0.47861416	0.45159324	-0.02702092	0
SCF:0003234	AC:002907	0.56412112	0.53160955	-0.03251157	0
SCF:0003235	AC:002912	0.35079727	0.36913471	0.01833744	1
SCF:0003236	AC:002912	0.35079727	0.43217782	0.08138055	1
SCF:0003237	AC:002912	0.35079727	0.35951724	0.00871997	1
SCF:0003238	AC:002914	0.40758407	0.42769010	0.02010603	1
SCF:0003239	AC:002914	0.40758407	0.47850539	0.07092132	1
SCF:0003240	AC:002914	0.40758407	0.39841063	-0.00917344	0
SCF:0003241	AC:002919	0.82934343	0.65877356	-0.17056987	0
SCF:0003242	AC:002919	0.82934343	0.67161805	-0.15772538	0
SCF:0003243	AC:002919	0.82934343	0.86063479	0.03129136	1
SCF:0003244	AC:002923	0.89571500	0.86956510	-0.02614990	0
SCF:0003245	AC:002925	0.98710909	0.96710520	-0.02000389	0
SCF:0003246	AC:002925	0.98710909	0.97677660	-0.01033249	0
SCF:0003247	AC:002925	0.98710909	0.96636814	-0.02074095	0
SCF:0003248	AC:002926	0.66532355	0.66197995	-0.00334360	0
SCF:0003249	AC:002927	0.90197196	0.78170934	-0.12026262	0
SCF:0003250	AC:002927	0.90197196	0.80051660	-0.10145536	0
SCF:0003251	AC:002928	0.86627904	0.83618865	-0.03009039	0
SCF:0003252	AC:002928	0.86627904	0.89792078	0.03164174	1
SCF:0003253	AC:002930	0.54003709	0.76691383	0.22687674	1
SCF:0003254	AC:002932	0.87212312	0.90971837	0.03759525	1
SCF:0003255	AC:002936	0.88644877	0.78859347	-0.09785530	0
SCF:0003256	AC:002936	0.88644877	0.60511819	-0.28133058	0
SCF:0003257	AC:002941	0.46205486	0.40801888	-0.05403598	0
SCF:0003258	AC:002942	0.99680099	0.96469045	-0.03211054	0
SCF:0003259	AC:002946	0.78219969	0.83773836	0.05553867	1
SCF:0003260	AC:002952	0.72919244	0.73301669	0.00382425	1
SCF:0003261	AC:002952	0.72919244	0.68394704	-0.04524540	0
SCF:0003262	AC:002954	0.65609863	0.58313242	-0.07296621	0
SCF:0003263	AC:002954	0.65609863	0.53930126	-0.11679737	0
SCF:0003264	AC:002956	0.39649862	0.49060508	0.09410646	1
SCF:0003265	AC:002957	0.95907500	0.93302691	-0.02604809	0
SCF:0003266	AC:002958	0.69851774	0.69210541	-0.00641233	0
SCF:0003267	AC:002959	0.63288083	0.68005034	0.04716951	1
SCF:0003268	AC:002959	0.63288083	0.69878343	0.06590260	1
SCF:0003269	AC:002959	0.63288083	0.71110564	0.07822481	1
SCF:0003270	AC:002959	0.63288083	0.70610836	0.07322753	1
SCF:0003271	AC:002961	0.58411154	0.63442150	0.05030996	1
SCF:0003272	AC:002961	0.58411154	0.62973058	0.04561904	1
SCF:0003273	AC:002961	0.58411154	0.67394745	0.08983591	1
SCF:0003274	AC:002961	0.58411154	0.65540543	0.07129389	1
SCF:0003275	AC:002961	0.58411154	0.62597257	0.04186103	1
SCF:0003276	AC:002961	0.58411154	0.51915690	-0.06495464	0
SCF:0003277	AC:002963	0.61367719	0.68137142	0.06769423	1
SCF:0003278	AC:002964	0.95770243	0.96004727	0.00234484	1
SCF:0003279	AC:002969	0.98656970	0.98589835	-0.00067135	0
SCF:0003280	AC:002970	0.79821200	0.75648205	-0.04172995	0
SCF:0003281	AC:002971	0.55524139	0.54935193	-0.00588946	0
SCF:0003282	AC:002972	0.48754077	0.52359712	0.03605635	1
SCF:0003283	AC:002972	0.48754077	0.64074499	0.15320422	1
SCF:0003284	AC:002975	0.66468117	0.50492271	-0.15975846	0
SCF:0003285	AC:002977	0.62852807	0.60041951	-0.02810856	0
SCF:0003286	AC:002977	0.62852807	0.53223860	-0.09628947	0
SCF:0003287	AC:002977	0.62852807	0.70334210	0.07481403	1
SCF:0003288	AC:002979	0.87763513	0.97476471	0.09712958	1
SCF:0003289	AC:002981	0.47724670	0.38736375	-0.08988295	0
SCF:0003290	AC:002986	0.23220248	0.28121363	0.04901115	1
SCF:0003291	AC:002986	0.23220248	0.27527600	0.04307352	1
SCF:0003292	AC:002987	0.75317845	0.63188742	-0.12129103	0
SCF:0003293	AC:002987	0.75317845	0.92081996	0.16764151	1
SCF:0003294	AC:002988	0.62473378	0.62973058	0.00499680	1
SCF:0003295	AC:002988	0.62473378	0.69958946	0.07485568	1
SCF:0003296	AC:002988	0.62473378	0.67394745	0.04921367	1
SCF:0003297	AC:002988	0.62473378	0.59141683	-0.03331695	0
SCF:0003298	AC:002988	0.62473378	0.64867413	0.02394035	1
SCF:0003299	AC:002988	0.62473378	0.51915690	-0.10557688	0
SCF:0003300	AC:002989	0.64675207	0.66969210	0.02294003	1
SCF:0003301	AC:002991	0.84543642	0.84820595	0.00276953	1
SCF:0003302	AC:002992	0.98460459	0.97627306	-0.00833153	0
SCF:0003303	AC:002992	0.98460459	0.94604621	-0.03855838	0
SCF:0003304	AC:002992	0.98460459	0.97911477	-0.00548982	0
SCF:0003305	AC:002993	0.85795797	0.90971837	0.05176040	1
SCF:0003306	AC:002993	0.85795797	0.87958962	0.02163165	1
SCF:0003307	AC:002993	0.85795797	0.87349466	0.01553669	1
SCF:0003308	AC:002993	0.85795797	0.88320571	0.02524774	1
SCF:0003309	AC:002997	0.79488915	0.96486116	0.16997201	1
SCF:0003310	AC:002997	0.79488915	0.96087626	0.16598711	1
SCF:0003311	AC:002997	0.79488915	0.96409514	0.16920599	1
SCF:0003312	AC:002997	0.79488915	0.82869935	0.03381020	1
SCF:0003313	AC:002998	0.79060775	0.89426542	0.10365767	1
SCF:0003314	AC:002999	0.37877593	0.49050689	0.11173096	1
SCF:0003315	AC:003001	0.81115273	0.92310968	0.11195695	1
SCF:0003316	AC:003002	0.43735386	0.46941958	0.03206572	1
SCF:0003317	AC:003002	0.43735386	0.56317240	0.12581854	1
SCF:0003318	AC:003002	0.43735386	0.54033597	0.10298211	1
SCF:0003319	AC:003006	0.64129995	0.64230747	0.00100752	1
SCF:0003320	AC:003006	0.64129995	0.56261569	-0.07868426	0
SCF:0003321	AC:003006	0.64129995	0.54856581	-0.09273414	0
SCF:0003322	AC:003009	0.64453774	0.73335289	0.08881515	1
SCF:0003323	AC:003011	0.85432753	0.89839139	0.04406386	1
SCF:0003324	AC:003011	0.85432753	0.90959114	0.05526361	1
SCF:0003325	AC:003014	0.45598684	0.72642082	0.27043398	1
SCF:0003326	AC:003014	0.45598684	0.66261125	0.20662441	1
SCF:0003327	AC:003015	0.63019338	0.63484067	0.00464729	1
SCF:0003328	AC:003015	0.63019338	0.70020452	0.07001114	1
SCF:0003329	AC:003015	0.63019338	0.59141683	-0.03877655	0
SCF:0003330	AC:003015	0.63019338	0.60932541	-0.02086797	0
SCF:0003331	AC:003015	0.63019338	0.63442150	0.00422812	1
SCF:0003332	AC:003015	0.63019338	0.50228297	-0.12791041	0
SCF:0003333	AC:003016	0.20700211	0.30003866	0.09303655	1
SCF:0003334	AC:003017	0.90991709	0.82289061	-0.08702648	0
SCF:0003335	AC:003020	0.78191408	0.71258932	-0.06932476	0
SCF:0003336	AC:003022	0.54199370	0.71892516	0.17693146	1
SCF:0003337	AC:003024	0.92118698	0.93003916	0.00885218	1
SCF:0003338	AC:003024	0.92118698	0.94438342	0.02319644	1
SCF:0003339	AC:003025	0.68145995	0.76305328	0.08159333	1
SCF:0003340	AC:003025	0.68145995	0.66127913	-0.02018082	0
SCF:0003341	AC:003027	0.66892582	0.64835654	-0.02056928	0
SCF:0003342	AC:003028	0.65609863	0.65609863	0.00000000	0.5
SCF:0003343	AC:003028	0.65609863	0.55841385	-0.09768478	0
SCF:0003344	AC:003028	0.65609863	0.55841383	-0.09768480	0
SCF:0003345	AC:003034	0.53790402	0.49995326	-0.03795076	0
SCF:0003346	AC:003034	0.53790402	0.53613982	-0.00176420	0
SCF:0003347	AC:003035	0.61808576	0.66770240	0.04961664	1
SCF:0003348	AC:003036	0.91509174	0.90142155	-0.01367019	0
SCF:0003349	AC:003036	0.91509174	0.88735989	-0.02773185	0
SCF:0003350	AC:003036	0.91509174	0.90157053	-0.01352121	0
SCF:0003351	AC:003037	0.72998118	0.65263922	-0.07734196	0
SCF:0003352	AC:003037	0.72998118	0.71885030	-0.01113088	0
SCF:0003353	AC:003037	0.72998118	0.64606168	-0.08391950	0
SCF:0003354	AC:003038	0.98417258	0.95585779	-0.02831479	0
SCF:0003355	AC:003040	0.78213815	0.78590177	0.00376362	1
SCF:0003356	AC:003042	0.66234504	0.90272284	0.24037780	1
SCF:0003357	AC:003042	0.66234504	0.75122876	0.08888372	1
SCF:0003358	AC:003044	0.79757955	0.80136542	0.00378587	1
SCF:0003359	AC:003044	0.79757955	0.79110111	-0.00647844	0
SCF:0003360	AC:003047	0.90623847	0.72778858	-0.17844989	0
SCF:0003361	AC:003047	0.90623847	0.79818070	-0.10805777	0
SCF:0003362	AC:003047	0.90623847	0.91110170	0.00486323	1
SCF:0003363	AC:003047	0.90623847	0.58352408	-0.32271439	0
SCF:0003364	AC:003048	0.90847018	0.96998834	0.06151816	1
SCF:0003365	AC:003051	0.39489767	0.45208447	0.05718680	1
