P46217	Q4JAY4	0.0336088
P62805	Q96GM5	4.27748
P22685	Q551M2	66.6417
Q97Z84	Q980U8	0.456897
Q72GR8	Q72GR9	0.1452
P33332	P38261	0.431903
Q8RGE0	Q8RGE3	0.390985
A0QU24	A0QU35	6.59206
A0A9R0JVI6	P11705	0.398402
A0T0U5	A0T0V1	0.0250494
P62487	P63272	169.271
P20282	P21467	0.0428657
P41586	P59768	597.93
A8ITV3	P12154	0.0384089
P04310	P21603	0.29701
Q86VP6	Q96GG9	1.00516
P53803	Q92966	0.296585
A0A8D1KNW4	P60899	139.486
Q00403	Q92966	0.196572
D5AQG8	D5AQH2	0.159249
A4VD75	I7M6H4	0.285015
P20979	P21082	0.27458
C4R0E6	C4R1V1	0.0796265
P26784	P36160	4.38737
P05805	Q7M3E1	0.0677984
P13165	P69416	0
V5V9F4	V5V9K5	0.234721
Q24I09	W7XBF5	0.296252
P49735	Q9W0I7	14.8421
P00428	P04038	109.712
P06899	P52435	1.69088
C4QY79	C4R273	1.84468
P9WGY7	P9WJG3	0.385854
C3SQX2	C3SR57	0.186313
A0A4V8GZZ5	A0A4V8GZZ8	0.129422
O74499	P87173	97.8248
Q76B86	Q9TM21	0.398549
B6A879	B6A880	0.16004
A0A9R0I5M6	A0A9R0JF29	0.318532
P0C6E0	Q9KPS1	0.260133
P39744	P43586	0.306255
A0A2K3DG79	A8J353	0.178374
A0A2P6U4K1	W8SY74	0.00714106
Q9TM20	Q9TM22	0
O43036	O94616	0.550196
A0QVB8	A0R550	2.07027
D0CD11	D0CD21	0.289452
Q2G111	Q2G2Q1	0.639888
P04637	P61218	13.1809
P21471	P21476	0.0310102
P39748	P49005	194.553
Q13426	Q9NP87	19.1982
P07839	Q75VY9	0.0348374
O43402	Q9NPA0	182.179
E9NPS7	I0YQ46	0.00341505
P09192	P29256	0.114446
C4R3Z5	C4R5R1	0.804999
O14810	P60880	112.402
A0A444WZ62	A0A445CVZ9	4.90569
D7P897	K0J903	0.111197
Q8DIP0	Q8DLJ8	0.180624
O49653	Q6NMZ4	0.155214
O19882	O19928	0.0452383
P31376	Q12464	2.84069
P42919	P56849	0.0604877
Q2FW20	Q2FXK6	0.0394697
P13192	P69416	0
O94376	O94646	1.1287
A0A6I8WFT8	C1K003	0.026827
Q969L4	Q9UKF6	2.81004
A0A069Q263	A0A069QC99	0.176107
P38751	P40465	0.298811
P00044	P07256	0.244956
G0RZG4	G0SCD1	0.406348
Q27RN4	Q27RN5	0.0975474
P0A9T8	P0ADA1	0.43478
A8IH07	A8IJY7	0.417991
P07703	P36121	5.05121
P28000	P47076	10.8303
P01589	P31785	195.762
I7MDA9	I7MLZ4	0.459745
P9WGY5	P9WHJ5	0.249222
O19928	Q9TM46	0.109934
Q940U6	Q9LU39	0.201783
Q23YW7	Q24CL2	0.853859
Q06339	Q12415	0.190083
P20339	Q9P2Y5	2.12338
Q05AW3	Q66IZ6	122.314
P53803	P63272	129.834
P20435	Q12004	12.7925
O95456	P28070	1.05945
Q9CPW4	Q9CVB6	140.736
Q57TX9	Q586H1	7.73277
P50990	Q99471	0.681475
C4QZ45	C4R7H2	0.327964
A0A1S3X2G3	A0A1S3ZQT7	0.207899
A0A4V8GZZ7	A0A4V8H005	0
P0A800	P0AGB6	0.31218
P02309	P47128	0.132743
G0RZG4	G0S1P1	0.662977
C1K003	Q56D18	0.0261779
Q95695	Q9FG89	0.132049
Q2FZ25	Q2G113	0.166907
Q83D88	Q83EQ9	0.477327
P40208	Q12027	0.176507
F2Z4H3	Q32PE0	0.164042
P08913	P59768	479.739
C4R2U9	C4R997	0.361816
P73069	Q55330	0.0414474
Q8DKZ4	Q8DLL4	0.410005
D7NIZ2	D8V7I7	0.104678
Q9BQ15	Q9UL03	0.207371
P50991	P61758	4.00581
P61201	Q9UBF6	103.285
Q00578	Q12004	15.8057
A0A125YS93	A0A125YU99	0.582305
E1C9K8	P17227	0
A0A2K1IAD0	A0A2K1IB10	0.0397501
P25515	P38784	0.230387
P02602	P68135	182.011
Q9VLI9	Q9VUZ1	222.918
P01116	Q13617	5.10013
Q96SY0	Q9NV88	178.421
Q9NVM9	Q9NVR2	205.633
A0A1S3XP85	A0A1S4BFK7	0.276161
A0A4V8GZZ6	A0A4V8GZZ7	0.0186843
O15446	Q3B726	0.449635
O60921	P35250	109.728
P07305	P62805	24.4916
P03903	Q9CR21	0.075484
A0A6C0M5W0	A0ABF7PQ09	0.573423
P20436	P32910	4.90286
A0T0V1	B8CEQ3	0
Q83EQ3	Q83ES5	0.108694
Q99832	Q9NQP4	2.56293
P39933	Q12308	0.145196
A0AAB0B1U3	A0AAB0B1V7	0.12401
A0A2P6TPV8	A0A2P6TQ14	0.200587
D5MAL3	Q32904	0
P56768	Q949Q5	0
O19925	Q76FB0	0.0360135
P12356	Q75VY9	0.0914716
E1C9K6	E1C9K9	0.185009
Q08920	Q12330	64.2369
E9NPW6	I0YPL4	0
A0A063X781	A0A063XCP1	0.158606
E9NPV2	I0YWK6	0
O15514	Q00403	168.637
Q09177	Q09191	56.8665
P0A431	P59087	0.0661765
A0A4X1VEK9	A0A8D1B522	0.0752301
P09190	P73069	0.185221
Q01667	Q8LCQ4	0.0415399
P52435	P63272	155.98
E3UIU6	M2XWX3	0
P59768	Q9GZQ6	287.403
A1B4F4	A1BA41	5.3303
P0A7W7	P69222	0.117842
O74825	P36595	0.160355
O52760	P45684	0.413992
Q9P6Q0	Q9Y7N2	0.542767
F2QT90	F2R0J7	29.7463
A0A125YN38	S7W9J5	8.84085
Q9VBI1	Q9XYU1	24.2736
P49427	Q15370	6.79952
A0A2K1IAD0	A0A2K1JC42	0.0400634
A0A1S3ZSI0	P38550	0.322984
C3SYP2	W8T6F0	1.11944
Q8SD23	Q8SDD6	0.140672
P24964	Q2EN79	117.95
Q1HFW0	Q1HFX0	0.649843
B0C4H4	B0C7S7	0
A0A1S4CKK0	A0A1S4D7C7	0.513354
P07470	P07471	255.097
Q9P4W1	Q9UTF6	0.89145
Q1HFW0	Q1HFW2	2.48513
P59768	Q96RJ0	269.973
P35346	P59768	182.174
O31742	P19947	0.0110538
Q8DJD9	Q8DKF5	3.88327
A0A4V8H007	A0A4V8H010	0.0442613
A8IKI9	A8J4K5	0.166451
A0T0S9	A0T0V0	0
P19658	P33332	0.425717
P39543	P40540	0.173031
P16370	Q02792	1.89588
P30665	P54784	5.17103
A0A140G1Q3	A0A1S4BFK7	0.260888
M1VKK5	Q85G47	0
P62877	Q96L50	10.1873
P39933	Q06339	0.127158
A0A2K1JDR4	A0A2K1JLW2	0.054204
P0A7G2	P0AG63	0.137845
P06839	P14736	0.898862
F2CW18	F2DAN8	0.0315045
A3DF17	A3DH98	0.0992703
P58066	Q9A999	0.246236
P58568	Q8YQ35	0.0398671
D7P6B9	K0J903	0.0981804
P49735	Q9XYU0	27.2079
P0AB98	P0ABA4	1.51254
P40337	P62877	171.736
P61769	Q6PJ56	0.103821
P23968	P41806	0.164929
A0A0M3KL13	E1C9K6	0
A8J7H8	Q9FV97	0.0833333
P32447	P53853	0.172559
P36578	Q9BXJ9	3.69656
P43627	P61769	135.305
P63104	Q15369	1.11534
A0A4V8GZZ7	A0A4V8H007	0.0637878
Q06675	Q2V2P8	0.408769
A0A4V8H002	A0A4V8H007	0.0398475
P47047	Q12277	0.37847
F4JYR0	Q9SN86	0.202498
P01887	Q5R1F1	0.132816
T1RJ05	T1RJ07	0.0442042
P04911	Q12509	12.8697
P0A7Z6	P0A802	0.3115
Q5U4U4	Q7ZT47	0.885279
A0A2P6TPR7	A0A2P6TZ50	0.0324981
O15514	P60002	0.622094
E3UIU1	M2VTV2	0.0196617
A6QRA1	O81097	10.8543
P60002	P62487	0.225343
A0A0F6NGI2	P09911	0.0200519
P20436	P47076	3.45652
P40937	Q99638	17.8484
P63096	Q07325	19.7974
P0A8T7	P0ACJ8	0.445663
P60900	Q9BT73	0.0315207
C4R0E6	C4R3P8	38.0513
P22139	P53063	1.42547
Q49QE8	Q49QI2	0.0766241
P0DOX5	Q8N5F4	1.21587
Q22MV2	Q22R86	18.5949
A0A2P6TPR7	A0A2P6TPV8	0.148
A0A1P7WFW1	A0A1P7WFW4	0.346037
C1DMA5	Q9F5Y0	0.0956284
P38291	Q12530	0.31123
A0A9R0J252	P06505	0.144181
Q9FHW7	Q9SLH3	2.67633
O15446	P0DPB6	197.41
B7IA16	B7IBC1	0.229085
A0A3B6IU74	W5I035	109.281
A0QS97	A0QSD5	0.057072
P01887	P04214	0.0800173
A0A2P6TKF8	A0A2P6TZ50	0.193576
Q8DL30	Q8DL61	0.438818
A0A9R0K533	P06505	0.172909
O95456	P20618	1.17517
P78346	Q9BUL9	0.188948
P20339	Q14457	7.94955
P62875	Q9HAW0	6.53503
A0A2K3E6S5	P92276	0.117684
P13051	Q16531	0.258094
A0A2K3CYB6	A8HUP3	0.326439
P0A7G2	P0A7W7	0.0883169
Q22A67	Q240X9	0.594573
A0A2K1JC42	Q6YXQ2	0
A2A825	Q8C456	0.123848
P0A7W1	P39286	0.0655261
A0A2V3F2U6	E2RXT8	1.80966
A0A2P6TMX4	W8SKM2	0
P06224	P12464	0.421591
Q15382	Q7L523	7.03756
P38632	Q05541	0.372566
Q24DJ0	W7WX86	0.713738
A0A063X781	A0A063X8U6	0.716352
D7P6B9	D8V7I7	0.032065
B8YB59	B8YB61	0.034552
P31376	Q03940	4.13366
P30989	P50148	595.628
P0AB98	P0ABA6	2.19465
P10606	Q9BW72	6.1489
A8IH07	A8IXD6	0.201449
B8YB57	B8YB64	3.42986
P47047	P53256	0.439587
G0S8E0	G0SEC7	0.785187
P00746	P01024	0.363311
Q9BQ15	Q9NV88	0.143016
B4DIJ7	Q9C005	0.282922
Q14181	Q9H668	3.65777
P29496	P54791	12.6668
A0A2K9VK88	A0A2K9VK98	0.119625
P02309	Q12509	1.81041
Q75VY4	Q75VZ0	0.0204011
P0DOX5	S6B291	0.287104
P31173	P48116	0
Q8NAC3	Q96F46	0.154381
B6SQZ7	B6U534	0.0515341
P41227	P84098	5.44661
P60292	Q8U0M4	1.27523
P62090	Q9SHE8	0
Q96RY7	Q9P2L0	0.22846
Q8U0Z8	Q8U104	0.232098
B8H4F8	B8H618	0.283303
P59768	Q03431	515.868
Q2FW08	Q2FW16	0.0263916
A0A0M3KL10	E1C9L2	0.00941176
I7M9J2	W7XJB1	0.563278
A8IKI9	A8J7I9	0.334388
Q8DMP8	Q9F1K9	0
P09669	P14406	158.478
Q9P6Q0	Q9USH1	0.257387
A0A125YPC9	A0A125YW21	0.00747951
O43143	Q7RTV0	214.235
A0A2D0TC97	A0A2D0TCA6	0.174028
P62877	Q16531	3.63676
Q6P4I2	Q9NV88	0.218515
I0YPL4	I0Z687	0.075842
Q8LE42	Q8LFJ6	18.7672
M1UU36	Q85G47	0
P06336	P20490	0.150119
P16033	P19569	0.0528566
A8HPD3	P19431	0.0148748
A0A1S3XP85	A0A1S3YXM6	0.358096
P14949	P50621	0.472089
P20435	Q02792	1.93967
C4QXY9	C4R7L2	1.23379
C4R009	C4R2R6	40.3308
A5F5X0	A5F5Y4	0.137497
O15160	Q92966	0.590988
P27999	P40352	1.28899
P13183	Q01321	0.0219512
D0MDD9	D0MKF0	0.346615
O15318	Q9Y2Y1	68.1217
E9NPW6	I0Z2Y0	0
I7MG46	Q24C31	0.599019
O14625	P63096	0.148546
P29469	P40359	5.72329
P10176	P10606	1.8562
Q6ZED1	Q6ZED5	0.178231
O43143	Q9BWJ5	197.668
A0A3B6IU74	A0A3B6KRQ3	71.8172
O14818	Q9BT73	0.132635
Q2T9T3	Q32P78	2.0435
P84077	Q9HAD4	1.14394
A0A4V8H004	A0A4V8H005	0
P68431	Q96GM5	5.36037
Q8SDC8	Q8SDD3	0.215355
A0A3Q7G7F0	A0A3Q7I881	81.9513
P60002	Q7KZ85	0.214445
P20226	Q92966	0.532969
A0A2K3DQ46	A0A2K3DZD9	0.201678
E9NPX1	I0Z7A6	0
Q5MNZ6	Q9P0N9	0.237975
Q1HFX1	Q1HGH9	1.07416
A0A2K9VK88	A0A2K9VKE4	0.150515
P04052	P36958	2.09759
A0A024L3Y3	A0A5B9AW69	0.379881
F2Z4C9	Q32P73	175.13
Q6CK37	Q6CPM4	0.380047
A8J4K5	A8J8N9	0.130189
P20436	Q04307	9.92765
P07992	Q92759	2.94534
Q83D75	Q83E83	2.48775
O94762	P52435	1.09045
P78371	Q99471	0.446159
A0A2K3D1M1	A8HRZ4	0.0140887
P78345	P78346	178.374
B8YB54	B8YB56	0.698931
O74471	Q9P4W1	0.222611
P14406	Q9BW72	0.108888
A0A1S3X147	A0A1S4CE74	0.209199
P9WPU7	P9WPV7	7.07344
P12873	P42920	0.239307
P38632	Q07913	0.287788
P00420	P00424	3.96185
P19844	Q52529	0.308459
C4LXM0	C4M5A0	75.3154
A0A333U4T6	V5V9F4	0.234721
P20143	P36213	0.0480982
C4B7Q7	C4B7Q8	0.0967527
A0ACD6B9L6	A0ACD6B9N1	0.129532
Q9H1A4	Q9UJX3	0.365237
Q8DL32	Q8DL61	0.354863
C4R0E6	C4R2R6	18.2275
P36121	P47076	1.28631
Q9KPS1	Q9X4Q6	0.205392
A0A125YTU2	S8GED8	8.62335
D0CD01	D0CD03	0.0457582
P45684	Q9HTM1	0.312942
P24482	P29469	3.03374
Q8IRE3	Q9VSY8	0.674625
F2Z4C9	F2Z4H3	0.173491
A0A125YZ21	S8GED8	0.0704096
A0A4V8H004	A0A4V8H008	0.0284677
O75818	Q32NC0	0.0832832
P87310	Q9USH1	2.56795
P22138	P32786	0.273807
Q7L5N1	Q9UBF6	94.3346
P04051	P13393	2.51242
P36121	P40422	2.05669
E9NPV2	I0Z284	0
Q97ZJ9	Q980L5	0.305183
A0A125YZN9	S7W9J5	0.266456
Q8VZ65	Q9FYF8	0.11516
A0A2K3DGW6	A0A2K3DLI2	0.168075
Q15370	Q8N884	0.172803
Q8U0M2	Q8U4N1	6.09178
Q9SUI5	Q9SUI7	0.152361
P62653	P62662	0.331771
Q22R86	Q24CE5	0.886611
F2QVW8	F2QZ97	2.62508
Q1JQ91	Q32P79	143.214
Q15843	Q16531	3.63582
P52434	P63272	120.722
P62012	Q9V0G0	18.0664
P02607	P68139	216.612
A8J8N9	P23662	11.882
P62877	P68036	476.19
O34399	P50735	0.835125
P60900	Q5JS54	5.74473
P60292	Q8U4N1	6.35951
Q54J50	Q54VN6	111.68
Q13619	Q8WV22	2.61202
T1RJ07	T1RJT6	0
B8BUW3	B8LEQ8	0.0606214
M2XR49	M2XW22	0.0254259
A2A825	Q059U7	0.203386
A0A2P6TPV8	A0A2P6U4K1	0.105136
C4LXN2	C4M0Q2	50.2094
A0A1S3TUX2	A0A1S3UMA0	0.010597
A0A4V8GZZ4	A0A4V8H001	0.0497044
I0YVS7	I0YWK6	0.0438674
P42766	Q9BXJ9	1.50864
P0A384	Q8YVQ2	0.0856714
I7M6H4	Q23FU1	0.407179
Q2FW20	Q2G111	0.00662879
Q72I32	Q72L95	0.358197
P40359	P53091	4.77368
A0A4V8GZZ7	A0A4V8H008	0.0619372
O74471	O74988	0.895658
Q9KXS1	Q9L0Q9	0.279167
P9WGH5	P9WGZ1	0.272082
P20637	P21082	0.344504
P20248	Q9UJX5	2.16715
A0A4V8GZZ3	A0A4V8GZZ8	0.027081
A0A125YZN9	S7UR33	0.0281915
P32447	P32480	0.196186
O95619	O96019	251.067
A0A2K1JKF2	A0A2K1JLZ3	0.045876
Q5JE34	Q5JI52	0.319382
A5FJF4	A5FJF5	0.138058
I0YPL4	I0YQ13	0.115252
P20226	Q9Y2Y1	65.2212
C4R2R6	C4R370	0.543284
A0A1B2U0I9	A0A1M5L8M4	0.0391854
P20226	Q9H1D9	216.712
A0QS96	A0QSP9	0.0393011
P0A3C9	Q8DJ01	0.0904397
P52891	P53011	0.867366
O94581	Q9P4W1	1.88249
Q6DBA5	Q9FJ98	0.420495
P40337	Q9H9Q2	2.32578
O95619	Q9Y265	197.314
C4QXY9	C4R1V1	0.23893
A0A4V8H004	A0A4V8H007	0.0226957
D5ANZ2	D5ARP7	1.09905
Q13098	Q9UBW8	297.036
P00175	P33448	0.222407
A0ABF7PQ06	P46818	0.23224
A0A0M3KL10	P09911	0.00521999
Q1HFW0	Q1HGH8	24.2858
Q56218	Q56226	3.69386
Q32904	Q9SQL2	0.0224242
B7UL97	B7UL98	0.222212
P0A800	P0A9E2	0.710999
Q96CS2	Q99871	185.391
P60002	P61218	0.0752301
A0ACD6B989	Q8YQ35	0.0601854
A0QU29	A0QU35	1.17162
P52435	P62487	196.37
Q980B8	Q980L5	1.16244
A0ABF7PQ07	P46818	0.195481
P22139	P32349	2.95491
S8F0U0	S8G8E7	0.35927
A0A5S8WF79	A0A5S8WF81	0.160494
P41227	Q02878	1.02781
O81097	Q38859	73.4188
A0A0G4FDJ8	A0A0G4HMN0	0.124196
P0AEK7	P24183	0.110068
A0QNR5	A0QWR2	0.125626
P32830	P33421	1.24803
A0A9R0I5M6	A0A9R0IWV5	0.289244
P01097	Q12165	0.217941
P0A8V2	P24251	0.284409
P20435	P53063	0.480837
F5LA71	F5LA74	2.04497
A1B4F3	A1BA41	0.235853
P0AFF6	P0AFW0	0.367951
O80800	Q42577	34.6265
A0QSG6	A0R102	0.263747
Q8DHA7	Q8DLJ8	0.121169
O00399	P61163	237.793
M1VKK5	Q85FZ1	0.0334062
Q24C31	W7WX86	0.45362
Q26454	Q9VGW6	35.9922
F2QVA2	F2QZ97	18.9172
O94616	P36595	56.4517
A0A9R0K533	P11703	0.309924
P62987	Q71DI3	2.06675
Q99627	Q9UBF6	3.12546
P10145	P63096	148.421
P35997	P38747	1.45332
P62090	Q9SUI4	0
P05738	P33309	0.635692
A0A3V0PQJ3	A0A3Z3F2I6	0.0751358
C4R2R6	C4R7L2	24.8531
A0A1L8GNJ6	Q6PHW7	129.529
Q42599	Q9FIJ2	51.2787
E3UIU3	M2X090	0.126494
P12074	Q9BW72	3.08292
B8YB57	B8YB63	8.95976
Q8CM25	Q8DG60	0.186906
P9WGY5	P9WJG3	0.213019
W5DS33	W5FEZ3	85.0596
I0YPL4	I0Z284	0.182316
Q8DIF8	Q8DMP8	0.067555
A0A9R0K533	P11704	0.236172
Q8DLL4	Q8DMU4	0.0432485
A0A2K1JC42	A0A2K1JLW2	0.102487
A0A2P6TT36	W8SKM2	0
A0AAN0XZY8	A0AAN0Y0R4	0.185079
Q8DKF3	Q8DL29	0.118767
O14010	Q9Y821	0.239724
A0A063X8U6	F5HRS7	0.70461
Q8DLL4	Q8DLN5	0.133407
I0YQ13	I0Z284	0.0237213
O94646	P87310	1.17177
B8YB57	B8YB60	5.30099
P32833	P47112	0.452513
O15318	P0DPB6	69.4207
A4VD75	Q22A67	0.227415
P01857	S6B291	0.244269
A0A2P6TKF8	W8SUD1	0.0274945
A4VE64	Q22A67	1.7422
A0A9R0JF29	A0A9R0JVI6	0.458712
P20143	P69416	0
Q57ZX7	Q585T1	0.367168
P0DPB6	P20226	231.573
C9ZIA9	D0A2N9	0.150507
O94707	Q9UTB6	0.202279
A0A2P6TKF8	A0A2P6TT36	0.0900027
Q9TLR0	Q9ZQS5	0.0492556
Q5D869	Q8LFJ6	1.26697
A0AAN0XZY8	A0AAN0Y0S4	0.0889096
A0A4V8GZZ3	A0A4V8GZZ6	0
P09192	Q55329	0.015767
O15514	P62875	132.799
A0A6P3TG10	K4P217	122.087
Q8LE42	Q9M1A8	8.86967
A0A2P6TPU7	A0A2P6TT36	0.0973075
F2QS38	F2QT90	1.94981
F2R611	F2RBH1	0.231368
Q8A1E1	Q8A1P7	0.243682
O87799	O87802	0.172058
Q12824	Q96GM5	379.707
Q9FFC0	Q9XFH4	2.79319
P01730	Q6P5S8	0.185386
P38353	P49626	23.5682
A0QSD7	A0R7F7	0.0856277
P0A7Z4	P0AGB6	0.17252
A0A2K3CYB6	A0A2K3DZD9	0.322115
O31743	Q06797	0.346356
C4QWA8	C4R273	6.14776
A0A2K3DGW6	A0A2K3DQ46	0.15944
A0A1S4CE74	A0A1S4CIZ9	0.357855
F2RBH1	F2RCK7	0.13172
A0AAB0B1V2	A0AAB0B1V7	0.0671303
Q39255	Q9SLH3	2.80254
E1C9K9	P10793	0
G3MZY8	Q32P78	1.38848
A0A0H2UKZ4	E1C9L3	0.0450345
P33767	Q99380	0.0795866
Q9VBI1	Q9VGW6	66.3218
P38121	P53840	0.526074
Q85FS9	Q85G51	0.128108
P35718	P36121	2.96223
P25342	P32468	208.667
P07611	P68623	0.12994
E9NPV2	I0YQ44	0
O35011	P39075	0.190647
P12975	P16033	0.0440691
F5LA71	F5LA72	2.3058
A0A125YG13	S8GCU6	0.290104
A8HY43	P59763	0
F2QRE4	F2QT92	0.606017
P01222	P63092	0.0730891
O15527	Q71DI3	1.43431
I0YTK4	I0Z7V3	0.0651878
E9NPS7	I0YP72	0.00765935
Q8N884	Q96KK5	4.25816
D9PY02	Q50755	0.175789
A0A2K9VK93	A0A2K9VKE4	0.118346
A0A3Q7H1U4	A0A3Q7I881	8.01558
F2Z2U4	Q9Y6J9	0.88373
P0A707	P0A7S3	0.0425179
P47133	Q12025	0.426428
A0A3Q7H1U4	A0A3Q7HSH1	5.9711
P04912	Q12509	12.7099
Q37695	Q6C326	8.15438
P0A7W7	P0A8A8	0.143744
Q02795	Q92316	0.0524476
P41205	Q50296	0.119396
P12239	Q7DGD4	0
M2X090	M2X4U9	0.110219
Q6SW67	V9LLX6	0.0918097
A0A2K1IAD0	A0A2K1J0L9	0.0328107
P39682	P40018	4.3129
Q23FU1	Q240X9	0.54886
A0A4V8GZZ2	A0A4V8H004	0.00196744
Q83D76	Q83E83	1.74487
A0A2K3CXW8	A8IJY7	0.306212
A0A4X1VM56	A0A8D0JYF1	124.273
A0QS96	A0QS97	0.222343
O15212	P17987	0.327422
A0A6P3ED73	A0A836CVU8	113.846
P13165	P23993	0
Q38859	Q8LE42	14.1583
C4R009	C4R1V1	50.7576
B6YWB9	B6YWC1	0.169643
Q9TM20	Q9TM46	0.110274
A0A3B6IU74	W5FPA7	94.6177
Q248F8	Q24I09	0.29395
A0A1D5SLI4	A0A3B6RHV8	89.0782
P04911	P31376	2.57159
P9WJG3	Q6MX01	0.0732689
P23968	P38784	0.177833
P0DOY7	Q5SHR1	0.0981481
Q91VD9	Q9DC70	144.593
A8IL32	Q75VY6	0.0441515
P06899	P61218	3.28753
Q5SKZ7	Q60019	0.465329
A8INX1	A8IS47	0.132409
Q9TLR0	Q9TM21	0
B1INP6	B1INP9	0.263484
A8IFG7	Q05093	0.0695134
C4QY79	C4R3Z5	21.6856
I0YQ46	I0Z2Y0	0.0224417
E9NPS7	I0YP76	0.00669715
A0A3Q7G7F0	A0A3Q7HSH1	73.5441
A1B3D7	A1B4F2	0.668183
D0C5Z0	D0CD20	0.229085
P50991	Q9UHV9	0.936173
E9NPS7	I0Z2Y0	0.00824205
P12352	Q84Y02	0.0728922
A0A1B1W4Z4	Q9XI73	0.287921
P32422	P74564	0
E3UIU1	M2Y652	0.0198886
P21082	P68449	0.184819
E1C9K8	P16002	0.130003
P32349	Q04307	1.24336
P62653	P62659	0.118723
P62532	Q47450	0.0281902
O15212	P78371	0.544143
P11513	P11521	1.18727
P28000	P36121	4.66936
Q980K0	Q980L5	0.520916
Q15019	Q16181	492.505
A0A9R0IP63	A0A9R0J865	0.29265
P56768	P62090	0
P13192	Q43485	0.0207593
F4JYR0	O22993	0.166851
Q8DJ02	Q8DKF4	0.53431
A0A1S3X147	A0A1S3YU01	0.182072
Q9UJX5	Q9UKT4	0.409487
A0A125YG13	A0A125YMK3	0.344607
I7MHB1	Q24DI9	0.322985
P36056	Q03799	0.22669
C1K003	D0FXV2	0.00741117
P13194	P36886	0.00379083
A0A9R0JF29	A0A9R0K533	0.354782
A0A2P6TT36	W8SUD1	0
A0A1M6YWR9	A0A1M7BX03	0.363711
A0A125YN38	S7UVH4	0.072394
G0SC21	G0SCD1	3.21176
Q13618	Q7L5N1	76.8145
Q8L806	W5DS33	76.2374
B8YB56	B8YB57	1.29218
A7XX65	A7XXA7	0.0609095
A0QU29	A0QU34	0.207901
O75822	P62280	6.79403
E9NPX1	I0Z7A7	0
A0A2K1K0C7	Q8MFA2	0.00873831
C4QYV4	Q9P4D1	5.1788
O60925	P50991	2.43215
P27521	Q9S7N7	0.0478337
A8IKI9	A8JC51	0.0391409
P0A800	P0ABS1	1.10087
Q27RN3	Q27RN4	0.242497
A0A1S3X147	A0A1S3YEW3	0.177959
A0A2K1JLW2	A0A2K1KIF2	0.0300933
I0YP76	I0YVS7	0.102448
Q84AQ1	Q84AQ3	0.213483
P56768	Q9SHR7	0
M9NT03	M9NTL4	0.119802
A0QUM5	A0QUM7	0.162528
C1K003	D0FXW0	0.0333761
A8IJY7	A8IL21	0.294167
B8YB57	B8YB59	0.140585
Q8RGE2	Q8RGE3	0.239517
P18183	Q9KXS1	0.4798
P41806	Q3E7B6	0.133428
P13393	P47076	1.331
O95456	P28072	1.30171
O15212	P48643	0.498975
Q95695	Q9SGH4	0.197727
B8YB54	B8YB63	0.904646
A4VE64	Q22YU3	2.0701
P08266	Q9VEA5	1.58185
F2QS38	F2QVA2	1.14761
P49736	Q9UBD5	30.1869
A0A1S3ZQT7	A0AA96C3P8	0.184896
O14746	P04908	1.27883
D0C9P6	D0CC74	0.00690323
A0A2K3DLI2	A0A2K3DQ46	0.136224
P13192	P23993	0.139204
A0AAN0Y4F0	A0AAN1CUP2	0.325363
P40540	Q12025	0.28777
Q16531	Q96MG7	0.277525
F1RPD2	F1SDI2	125.552
Q8DHA7	Q8DMP8	0
C4LXN2	C4M979	56.4766
Q2FW39	Q2G2Q4	0.275078
P0A7U3	P69222	0
Q6C387	Q6CC60	0.498426
Q7LXK4	Q980R1	0.290689
A0A3Q7HSH1	P49215	80.9584
P0A7T3	P39286	0.257875
P28496	P38703	0.121474
D0MDD7	D0MDD8	0.160695
Q9HVW3	Q9HVW5	0.163045
A0A2K3DHV6	A0A2K3DLI2	0.273224
P0A8T7	P0AF28	0.307076
A0T0T5	B8C770	0.0467626
A0A1J7CBX1	A0A1M5L8S8	0.0552536
O19925	O19927	0
B8CEQ3	B8LEV1	0
W5EP45	W5I1R7	103.381
P13192	P36213	0.0499222
P42487	Q65181	0.227073
P62090	Q9S7N7	0
P62807	Q9BS16	12.1486
Q97ZJ9	Q980R2	0.585682
A0QSG2	A0QSL7	0.02406
A0QU31	A0QU35	36.2637
Q2FKZ2	Q2FRL9	0.225979
P12004	P49005	3.60631
P0A444	Q8DG60	0.0954395
A0AA82WNZ8	A0AA82WP01	0.287841
P12975	P74564	0.0115616
A0A2K3DGW6	A8HUP3	0.268577
O13877	O74825	37.8582
P43034	P63172	198.456
A2P1G9	U5LP42	0.396294
B6TXS5	O65101	0.185867
A0A2K1JC42	A0A2K1KN29	0.0309353
P14406	P24311	147.725
O31743	P42920	0.551037
O19925	Q9TLR0	0.297051
O13877	Q09177	88.5672
P38632	Q03718	0.422379
A0A125YZN9	S7VSS5	0.0397641
A0QU29	A0QU33	21.6677
O00483	P24311	0.201852
O95456	Q5JS54	0.147329
O81098	Q6NLH0	103.218
G2LDR3	G2LHG2	0.261905
P73297	P74565	0.556013
O19882	Q9TM21	0.141983
O74635	Q92399	3.87958
A0A8F0WFC9	A0T0S9	0
P33339	Q12308	0.311186
P06899	Q96GM5	9.54252
P04969	P21467	0.0780833
I0YP72	I0YQ13	0.0269443
P62877	Q13216	10.6699
P26290	P72798	0.051453
Q9CR21	Q9CR61	113.694
O19895	O19925	0.126244
A0A9R0JBX6	P06505	0.299393
Q24CL2	W7WX86	0.399608
D7NIZ2	D7P897	0.117921
P43307	Q9UNL2	176.186
A0A2K9VK97	A0A2K9VK99	0.458907
P04908	P36954	141.947
P0A707	P0A7T7	0.146741
C4M5A0	O15612	3.13692
A0A1S4BFK7	A0A1S4CE74	0.288269
Q8N884	Q93079	5.36453
A0QS96	A0QSD7	0.117185
Q49QC8	Q49QE8	0.216889
P21464	P21469	0.949812
B7GIG3	B7GL84	0.353596
Q6NLH0	Q8LE42	22.1683
P0A0H0	Q2G2Q1	0.262364
P0DOX7	S6B2B6	0.203432
P16678	P16685	0.261931
Q2T9T3	Q32P73	197.529
Q8LCQ4	Q9SUI6	0.110447
P57766	Q980T8	0.257188
A8IJY7	A8J353	0.254288
P0A800	P0AG30	0.450785
A0AAN0NP81	A9WEV7	0.0667456
P40422	Q04307	27.7619
A0A4V8GZZ2	A0A4V8H001	0.00540189
P37382	Q09191	40.6434
P32591	P53330	0.272225
A0ACD6B989	P58575	0.0905762
P06899	Q9Y265	276.079
S6B2B6	S6C4R2	0.28041
Q86X83	Q8N668	9.49405
A0A1S3YEW3	P38550	0.309505
I4BTY9	I4BTZ2	0.1895
P11521	P39471	16.1393
O74635	Q09191	40.5756
P28066	Q96P70	1.91165
A0A0D9R493	A0A0D9RB67	0.105084
A0A2P6TMX4	A0A2P6U4S6	0.0689754
A8IFG7	Q75VY6	0.0732325
B7I2K7	B7IA22	0.143235
Q39212	Q9FJ98	46.0263
P32368	P53224	0.137745
P40336	Q9QZ88	151.82
P75131	P75560	0.129213
O60925	P40227	1.75104
P92558	Q9C6B3	0.140066
A0A069PXX1	E2RXU4	0.0877758
A0A075W2R1	M2VTV2	0.0427019
A0A0F6NGI2	E1C9L3	0.0127157
P19569	P74564	0.15721
Q71CG2	Q71CG3	2.3058
I0YQ44	I0YVS7	0.0482827
P16002	Q32904	0.0618831
A0A063X745	A0A063XCG5	1.05626
D7P6B9	D7P897	0.186295
E9NPX1	I0YP72	0.0181159
D0FXV2	Q56D18	0.0122389
P9WPV1	P9WPV3	0.333321
Q9FJE8	Q9XFH4	3.20706
P18074	P27694	6.64775
P47822	Q12321	0.636888
A0A678ZHF8	Q03518	2.46052
B8YB57	B8YB62	2.50682
A0A4V8H008	A0A4V8H010	0.0348399
A6VF33	A6VF35	0.445588
P68134	Q9CPW4	145.154
Q2FW23	Q2G111	0.11634
Q6XQC2	Q6XQC3	0.0257396
B7I2K7	B7IA25	0.0712827
A0A063X781	F5HRS7	0.278191
P87310	Q10317	0.881944
C4R2R6	C4R3Z5	11.7794
E9NPV2	E9NPW6	0
P25043	P36040	0.161494
P13393	P35718	61.3466
A0A2K3E6S5	P32974	0
A0A0H2UKZ4	P10793	0
P06899	P19387	176.799
P14224	Q39615	0.104673
C4QXY9	C4QY79	1.29526
A0A0F6NGI2	Q41038	0.0168249
P16033	P29254	0.0316652
Q2VPB7	Q9NUS5	0.240934
E9NPV2	I0Z7V3	0
P00289	P08980	0.0559783
Q8IY47	Q99627	0.322279
A0A125YZP0	S8GED8	0.496794
Q13618	Q99627	364.525
A0A072ZPV8	E2RXU4	0.52647
Q8WW43	Q9NZ42	173.705
P27999	Q02792	1.82091
Q32NC0	Q969H6	0.170915
P02557	P53378	87.3043
P63096	Q99731	21.4413
F2QPE6	F2QX94	58.6623
A0ACD6B948	Q9L422	0.826489
Q22MV2	Q24DI9	31.3933
P06899	P52434	209.027
A0A1S3X147	A0A1S4BFK7	0.204529
Q1HFW0	Q1HFX4	0.138793
A0A2K1K0C7	A9SL09	0.0283621
A8IJ60	A8IJY7	0.411619
E3UIU9	M2XW22	0.0641212
A0A7U3Y815	B7IA35	0.0400069
P00825	P00833	5.00477
B6STT2	P12329	0.0118303
P13352	Q75VY4	0.00919247
P30153	P56211	130.638
P28007	P40486	0.251282
P72798	P74810	0
Q92905	Q9UBF6	114.896
E3UIU9	M2Y652	0.0136579
Q32P73	Q32P79	159.315
Q0IHJ3	Q4V7I1	26.7251
Q83ED6	Q83EQ3	0.0481661
P0A431	Q8DHJ2	0.0659393
Q85FS8	Q85G47	0
A0T0M9	B5YM25	0.0254254
A0A5H1ZR73	D7NIZ2	0.131531
A3DF17	A3DJK1	0.106634
T1RJW8	T1RJZ1	0
A0A4V8GZZ7	A0A4V8H006	0.0275016
P09669	P12074	201.463
Q96F46	Q9H293	0.817024
Q9SUI6	Q9SYW8	0.0279351
Q9UJX3	Q9UM11	254.369
Q2FW30	Q2FW31	0.159459
P40992	Q01080	0.330528
P52657	Q16533	0.721704
Q9NQP4	Q9UHV9	160.136
F1S3W0	F1SDI2	80.0628
Q9SUI4	Q9SY97	0.0459799
P38042	P53197	2.09721
P36040	P38293	0.258326
P07305	P61077	6.10593
A5FJE2	A5FJF5	0.0956015
P39466	P39471	0.822384
A0A2P6TPU7	A0A2P6U4K1	0.152057
P62837	P63208	515.402
O81098	Q39211	61.8947
Q8THG7	Q8THG8	0.281187
C4QY79	C4QZ45	0.458246
I7MCM8	I7MHB1	0.15974
I0YQ13	I0YQ46	0.0246341
A9WEV5	A9WEV8	0.16241
O22993	Q9SAJ3	0.861728
A0A2P6THB2	A0A2P6TPU7	0.248206
P75818	P75830	0.154285
O14521	P31040	181.174
A0A063X745	A0A3A5I502	0.687454
Q39615	Q75VY4	0.0491151
P10793	P16002	0
E3UIU0	M2XR49	0.0112944
C4QWA8	C4R9A1	30.2643
B8YB53	B8YB63	0.935882
A0A8D1B522	I3LSI7	0.0966724
Q6PCF2	Q6PHL7	252.444
C4R3P8	C4R9A1	52.3947
Q99JY9	Q9WV32	87.4289
I0YPL4	I0YQ46	0.10314
C4QXY9	C4R2U9	0.381735
A0A0D9RB67	A0A0D9S9I7	0.040293
A1E9J1	Q9LKC7	0.000415205
A0T0U5	B8LEV1	0
F2R7X6	F2RCK7	0.501646
A0A075W2R1	M2X090	0.0458447
P0DM37	P12241	0.117647
C4LZQ8	C4M2R7	53.4196
A0A7S0UM40	A0A7S0VKR5	19.3832
P02745	P0DOX5	0.167583
Q02260	Q08920	35.5232
O22993	Q9SN86	1.1342
A0A1S3X147	A0A1S4D4H1	0.16623
P12352	Q75VY9	0.0951002
Q7Z4G1	Q9GZQ3	17.2519
A0A9R0JBX6	A0A9R0JNY3	0.256317
Q8N4V1	Q9NPA0	0.242193
I4BYB2	I4BYB5	0.244285
Q14657	Q96S44	164.743
E9NPV2	E9NPX1	0
F2RBH1	F2RJV9	0.157827
E3UIU1	E3UIU9	0.0151216
Q8NFG4	Q9UHA4	1.14437
Q96HW7	Q96N11	0.393509
Q9S7N7	Q9SUI4	0.0422089
P21603	P24757	0.194063
C4QWA8	C4QXY9	0.383598
P60430	Q2FW38	5.67972
P22224	P33332	0.413341
P21467	P21473	0.488223
P58246	Q8YVQ2	0.258936
A0A8F0WFC9	B8CEQ3	0.0453853
A0A7U3Y808	B7IA30	0.277035
A0A4X1VTX4	I3LGP4	1.53051
Q9L0Q9	Q9RKY0	0.239466
A0A2R8VHF7	C6KI89	0.095125
P63081	Q6P503	0.934884
A0A2P6TPU7	W8SKM2	0
P56768	Q9SA56	0.0192104
O15446	Q9P1U0	3.96807
A0A2K3DLI2	Q6UKY5	0.234395
P29496	P53840	0.919145
A0A125YXT1	S8F943	0.300067
P07825	P63081	0.328885
P80374	Q5SJH3	1.13832
P10189	P10192	0.110358
P32457	Q07657	56.2504
A0A024FSR7	A0A5H1ZR73	0.123376
A0A1S3TZB2	A0A1S3UMA0	9.40277
Q9H0A8	Q9P000	5.70291
O32215	P20429	0.502773
Q6P9B9	Q9NVR2	0.23563
P09669	P10606	135.093
Q9Y7N2	Q9Y821	0.665029
P09669	P10176	1.7886
Q8U0E4	Q8U216	3.14278
A0A4V8GZZ5	A0A4V8H002	0.0229641
Q15369	Q8N884	0.910492
P01375	P02768	0.293678
Q9HVW2	Q9HVW5	0.156752
Q39212	Q9M1J2	27.6053
Q13619	Q8N140	3.01037
P36100	Q12004	2.04497
A0A4X1TRS6	A0A8D1B522	0.890735
P63104	Q02750	275.48
P00044	P00163	77.6096
Q6PIL8	S6C4R2	0.337781
A0A125YU99	S8GED8	0.0625861
P56769	Q01667	0
P23993	Q43485	0.0155549
C4M0Z2	C4M2R7	2.32457
A0A5S8WF82	A0A5S8WF90	0.18505
A0QSD5	A0QSP9	0.0372043
Q96Q11	Q99714	1.6648
E9NPW6	I0Z7A6	0
C4R273	C4R2R6	5.97962
P15170	Q16531	4.04469
A0A4X1VYD0	A0A7M4DUC2	1.37869
P38742	Q02205	0.373843
A8ITV3	Q00914	0
Q5JE31	Q5JJF4	27.3342
I4BTY8	I4BTZ2	0.211799
A8HX89	A8JC51	0.620732
Q13216	Q6PD62	1.1284
P58246	Q93SX0	0.384116
P03925	Q9CQZ6	86.0771
P47170	Q04491	0.776158
I7M6H4	Q24CE5	0.984485
E1C9L0	P17227	0.0422619
P60312	Q9L0I8	0.346953
Q9ASS6	Q9SGH4	0.756809
Q9BV81	Q9NPA0	0.0903832
A8IE32	A8J1J3	0.0763918
A0A097ATH7	A0A097ATK5	0.32533
A0A2K9VK89	A0A2K9VK99	0.372924
Q8DL32	Q8DLL4	0.297209
P16099	P53571	0.221871
P25569	P40208	0.631772
O19927	Q9TM21	0
A0A287ADR4	A0A481DF93	125.625
A0A716TY65	A0A718C6E5	0.0960742
O95619	Q9Y230	110.311
P47093	P53905	24.9939
P61157	Q1JP79	98.2874
P28791	Q12745	0.336218
Q2FW12	Q2G111	0.120737
Q09177	Q92399	38.8575
A0AAN0Y3T9	A0AAN0Y4G9	0.308933
A0A2D2D0T0	A0A2D2D0T8	0.158177
B7GL84	B7GL97	0.286067
P23993	P69416	0
A0A2K1JLZ3	Q8MFA3	0.00817959
A0A2K3DG79	A8IH07	0.240228
O14010	Q9P7Y4	0.246713
I7MCM8	Q24CE5	0.649843
A0A2K3CYB6	A0A2K3DLI2	0.183153
A0A2K3DHV6	A0A2K3DM81	0.290189
P61029	Q9V0G8	16.2044
P9WGY5	P9WIU9	0.162949
P0AFH6	P76027	0.387663
P0A4U6	P22704	0.304316
Q23RH8	Q23S01	0.0597087
A0A2P6TC44	A0A2P6TS63	0.102391
P62815	Q5FVI6	142.888
P48237	Q02608	0.747743
A0A2P6THB2	W8SU98	0
Q32P78	Q5E9B8	145.983
P39543	Q12431	0.278925
F2QS38	F2R0J7	2.93085
P00045	P22289	0
P40089	P47017	88.7002
Q83ER2	Q83ES8	0.17801
Q39211	Q8LE42	1.6869
A0A2K9VK88	A0A2K9VK97	0.0992678
O19927	Q9TLR0	0
P56752	Q9SCY3	0.282249
C4QY79	C4R2R6	25.7266
O43402	Q5UCC4	266.194
O94616	Q09191	52.7997
E1C9L2	Q41038	0.0462935
O15145	Q9NZQ3	0.318567
A0QSG6	A0QSP9	0.0812773
P53041	Q16543	224.672
P62807	Q9Y230	124.277
A8IFG7	Q75VY9	0.211716
A0A1S3X147	P06271	0.172911
A0A2P6TS63	W8SUA3	0.0545059
Q9B6D4	Q9B6E8	9.70177
P36012	Q12493	1.67882
P19658	P32855	0.48913
I0YPL4	I0Z7A6	0.0416218
P48237	P53732	0.225263
Q83D88	Q83ES8	1.15995
Q9BZE9	Q9H867	0.209639
A4VE64	Q24DI9	1.72955
P09884	Q9BVW5	1.80682
C4M5V7	O15587	54.9095
Q09191	Q9P7X8	0.469405
C4R009	C4R4Y0	1.25124
P16033	P29256	0.0901347
A0A2P6U4S6	W8SUD1	0
G0SC21	G0SE33	18.2061
A0A341UET3	A0A3B6IU74	195.923
A0A063X8U6	A0A3A5I502	2.58127
P32844	Q06245	0.649538
A0A1Z3HI16	A0A1Z3HSF0	0
P61803	Q8N6L1	153.487
A8INX1	A8IXD6	0.160841
P05311	Q9SQL2	0.0281076
O19927	Q9TM20	0
P61994	Q9UXZ3	1.78012
O22993	Q9LTI0	0.176802
A0A8D1B522	F1RKE4	0.0888683
P40070	P49960	2.25759
C3SM87	C3SR67	0.3115
P43554	P53330	0.248275
P60002	Q8N7H5	0.122388
O14459	O74635	60.0226
P0A8T7	P0ACI0	0.183524
P74902	Q56403	0.223687
P12754	P32481	29.4461
Q39615	Q7DM26	0.0435723
O00399	P60709	258.435
A0A5C6J4N7	A0A5M5QTL0	0.292075
A8IL32	Q84Y02	0.0229698
A0A1S3X147	A0A1S4CIZ9	0.205647
D0VX27	D0VX30	78.5665
A0A2K3CYB6	A0A2K3DM81	0.257144
P00045	P00163	73.5902
O82504	Q8LE42	0.494395
A0A1S4CKK0	P06269	0.27785
P40337	P49427	234.917
D8V7I2	D8V7I7	0.0693081
P0A0H0	Q2FZ25	0.124374
I0YQ46	I0YTK4	0.080108
P19263	Q12321	0.301078
P36595	P87123	69.1642
P9WGZ1	Q6MX01	0.0743328
P04969	P21470	0.02202
P32341	Q3E7B6	0.143421
Q5D869	Q6DBA5	0.224763
P07611	P18384	0.178033
P42935	Q04868	0.386554
A6QRA1	Q8LFJ6	22.6086
A0A1B2U0I9	A0A1B2U0Q7	0.00922258
A0A1G4KPQ9	F2QRE4	0.04719
C6Y4A8	O74824	2.41314
D5AQG8	D5AQH1	0.376169
G8HBC1	P10189	0.110782
O80634	Q9FG89	0.09759
B7IA35	B7IA40	0
P24032	P68139	171.479
A8MPR5	Q9SN86	0.622905
D0MDD4	D0MDD9	0.154943
A0A075W2R1	E3UIU7	0
F2Z4H3	Q3ZBC0	101.351
A0A125YYJ3	S7VSS5	0.0206953
P50990	Q9UHV9	0.760617
P39748	Q5TBB1	1.13679
Q9NRP0	Q9UNL2	1.10053
P28631	P28905	0.10424
D5ANJ8	D5ANJ9	0.205198
A0ACD6B9M6	A0ACD6B9M9	0.319952
P0AG99	P60624	0.0195804
P37277	P73069	0.0431519
P60709	Q9BTE1	347.027
Q37695	Q6CFT7	90.3333
A0A1L8GNJ6	A4QNS4	3.8813
W5EP45	W5FEZ3	7.03395
A0A2K3E6S5	O19930	0.229612
O74825	P37382	27.4028
P62942	Q8N122	0.780656
A9WEV4	A9WEV8	0.0938235
A0A410N6T9	A0A410N6W3	0.348882
B8YB62	B8YB64	8.19158
Q8LCQ4	Q9SUI4	0.0445121
B6YWC1	B6YWC2	0.123042
O95619	P60709	244.363
P24279	P53840	0.594801
P53803	Q9BUI4	146.594
E9NPW6	I0YP72	0
P33448	P53969	0.199668
Q8LE42	Q9FLM8	13.1462
B6TXS5	B6U534	0.230773
P87310	Q9P6Q0	0.66245
P13619	Q3ZBI7	0.398101
Q46897	Q46901	0.151625
A0A085R4L6	A0A7Z7YE94	0.178209
A0A2K3DHV6	A8ISA4	0.234855
Q7Z4L5	Q8NEZ3	0.377363
A0A2K1JLZ3	Q6YXR3	0.0166667
Q18BX5	Q18CI5	0.535572
P02721	Q28852	242.549
B8BRQ8	B8CEQ3	0.0600132
Q75VY7	Q75VY9	0.0793298
O81098	Q8LFJ6	0.459292
G0S770	G0S7B2	6.445
Q182S6	Q18BX5	0.203263
F2Z4C9	Q32P78	132.361
A0A2K3CXW8	A8IXD6	0.152879
A0A1Z3HPE3	A0A1Z3HS05	0
Q8N668	Q9UBI1	178.815
A0A0R4J8D5	I3L9H6	114.424
A3M140	A3M143	0.719568
Q5P5I0	Q5P5I2	0.211185
P32842	P41806	0.0353183
P01833	P24071	0.149192
P46964	Q92316	0.00635063
G0S7B2	G0S842	0.431677
P21146	P63212	5.71486
B4DNT1	Q15369	0.862287
A0AA82WNX9	A0AAB0B1V2	0.117187
P0AC41	P0AC44	3.38793
O43237	P43034	3.22025
A8HRZ4	A8IU42	0.112702
Q8DG60	Q8DIN9	0.841459
P0C5R9	P41806	0.0889228
A0A8F0WFC9	B8C2K6	0
P28000	P29056	27.7256
A0QU24	A0QU34	1.79559
P17181	P48551	209.783
D7P897	D8V7I2	0.0843848
Q8LFJ6	Q9LQ02	0.776121
P48729	Q16531	1.91426
A0A075W2R1	E3UIU9	0.0204255
A0A5H1ZR95	D7NIZ2	0.0711797
P05807	P68611	0.18371
C4QXY9	C4R3P8	0.979174
A0A0H3C9J4	B8H4F8	0.100164
A0A3Q7FJL7	A0A3Q7IVL4	81.5378
A0A4V8H002	A0A4V8H010	0.0820821
Q389F5	Q38EL9	0.201666
P31749	Q6R327	3.32399
G2TRP5	O74988	0.0549481
O74471	O94705	0.190318
P13194	Q9LKC7	0.0371166
P56767	Q9C639	0.0225434
P9WH23	P9WP67	0.0879006
Q8N668	Q9GZQ3	9.85825
A5F9W9	A5FJ36	0.102856
A0A4V8GZZ2	A0A4V8H000	0.0111661
P32914	P40422	26.3213
Q54VN6	Q54XI5	30.7977
A0A1S3XP85	A0A1S4CKK0	0.265387
E9NPS7	I0Z7A6	0.0028932
P47076	Q04307	5.80435
Q01667	Q9SUI6	0.0896552
A0ACD6B9K7	A0ACD6B9L8	0.0693279
Q8DG60	Q8DJZ6	0.0292616
O96019	P62807	11.9846
P30291	Q13617	4.82987
O77448	Q6JXI5	0.459314
A0A923IZ11	A0A923J084	0.0799246
Q9HYR9	Q9I2U0	17.4339
P60292	Q8U0M5	1.33466
A0A1S3X147	A0AA96C3P8	0.182315
A0A1B2U6N1	A0A1M6QTP8	0.196429
I0Z7A7	I0Z7V3	0.0280903
P12352	Q75VY7	0.247168
A0A241XG65	E2RXT8	0.494632
P9WHJ5	Q6MX01	0.188602
A0A5H1ZR95	K0J903	0.0106191
P34113	Q54XI5	0.979151
A0A2K3CXW8	A0A2K3DG79	0.123795
Q16531	Q8WV22	0.41757
P01591	P24071	0.195253
Q8LCQ4	Q9SHE8	0.0914027
P9WGG7	P9WGY5	0.214326
O14010	Q9USH1	3.89246
A0A2K1IB10	A0A2K1JKF2	0.125765
A9WEV5	A9WEV6	0.207276
O42978	Q9Y7M4	146.044
P43308	P61619	1.82299
Q9TM20	Q9ZQS5	0.126778
A0A063XCG5	F5HRS7	1.7305
A0A2P6TZ50	W8SY74	0.0165859
I7M6H4	Q240X9	0.599902
P56767	Q8LCQ4	0.0344081
B8YB54	B8YB58	0.456565
P00175	P53507	0.369769
Q9NPF4	Q9Y3C4	0.322269
P16522	Q12440	0.635333
Q38CM0	Q57ZP0	0.166219
Q9GZQ3	Q9H0A8	2.92052
P28000	P35718	33.8735
I7LWE3	I7MLZ4	0.545048
P13498	Q9BQA9	0.0784314
B7GIG3	B7GL98	0.185697
F1S3W0	P24964	101.93
P68036	Q15843	131.994
P40070	P57743	74.3269
P12074	P14406	257.632
P14635	P61024	90.9949
P68449	P68694	0.333327
P0CI78	P70974	0.581855
E9NPX1	I0YQ13	0
Q86VX2	Q9UBI1	0.605923
O97183	Q24320	101.852
B3H6Z4	Q95695	0.0952499
A0A4V8H002	A0A4V8H009	0.021371
P14225	Q00914	0
A0A4V8GZZ3	A0A4V8H004	0.00696864
E1C9K9	Q32904	0
A0A0G4HFQ7	A0A0G4HNB1	0.102963
A0A1G4KPQ9	F2QZ97	0.200794
P62656	P62662	0.215612
Q76B86	Q9TM20	0.105832
P07703	P46678	0.843183
A0A2K1IKE2	A0A2K1KN29	0.066681
M9NUF0	M9NUF1	0.435818
A0QU28	A0QU31	14.45
Q03124	Q12406	0.460505
I7MG46	Q24CL2	0.801583
P02359	P0A707	0.505587
P16679	P16687	0.25205
B7IA15	B7IA25	0.289452
O70458	Q00560	0.173059
F4J3N2	Q9SAJ3	0.555601
A0A8D1GCS3	I3LGP4	0.981166
P07470	Q01321	49.5343
T1RJ05	T1RJZ1	0.123727
P0DP92	P37652	0.2202
C4LTS8	C4M5V7	1.02864
Q9S7N7	Q9SUI5	0.0171154
P32563	P38784	0.374355
P48011	Q09177	67.9978
A0QSG2	A0QVB8	0.273421
E3UIU2	E3UIU5	0
B7GL82	B7GL97	0.184753
Q8DIN8	Q8DJZ6	0
O15212	Q99832	0.457593
C4QZ45	C4R0E6	0.0457735
P0A988	P0ABS8	0.17019
A0A341UET3	W5BFB7	2.02837
P56849	Q06797	0.127815
A0A0M3KL13	P16002	0.19109
P39543	P53073	0.25027
A4VE64	Q22MV2	32.243
Q13098	Q9UBF6	94.0284
A0QVB8	A0QZ86	0.12238
Q980L5	Q980Q9	0.105249
P0A3C9	Q8DJ02	0.156926
A0QSE0	A0QSP9	0.29449
P06996	P0ADV7	0.122603
P67775	Q8N201	7.01036
C4R009	C4R273	13.9586
A0A3Q7I5D6	K4CYU9	100.606
D0CC74	D0CD21	0.150731
Q4FZW5	Q7ZX96	0.670213
A8ITV3	Q39615	0.180272
A0AAN0Y004	A0AAN0Y103	0.0131187
P9WPV1	P9WPV7	0.163041
D0CD03	D0CG36	0.0768438
P61992	Q9UXZ3	9.17564
Q76B86	Q9TLR0	0.074849
F2QMI1	F2QX94	1.41018
P11471	P18263	0.00621118
Q8TZK1	Q8U4N1	0.210873
Q8DKF3	Q8DL30	0.197849
P39656	Q9NRP0	1.02939
P58575	Q8YQ35	0.0208472
A0A125YU99	A0A125YYJ5	0.0206953
A0A2K3DG79	A8IXD6	0.130301
I0YQ45	I0Z687	0.0407985
A0A175JJM9	O15612	68.7942
P72986	P73069	0.0348048
Q9H6D7	Q9NVX0	2.14388
A0A1S3YPU3	A0AA96C3P8	0.37157
B2GUV5	Q6P503	66.3381
B0C5D5	B0C7S4	0.026511
P07703	P47076	12.3275
A0A287AEW0	Q06AT5	0.0379685
B5YM25	B8BRQ8	0.106303
P0A800	P24251	0.235396
P00044	P00128	0.251896
P40089	P47093	29.5928
A0A4V8GZZ8	A0A4V8H006	0.0708149
Q6DBA5	Q9LK40	0.141672
P0A7R5	P39286	0.159556
F4JYR0	Q9LTI0	0.0866516
A0A2P6U4K1	W8SUD1	0
A0A0F6NGI2	Q32904	0.0227842
P12356	Q75VY6	0.154219
A0A0D3DS91	A0A0D3DUD8	76.1256
A0A2P6TZ50	A0A2P6U4S6	0.07028
P01857	P29460	0.47804
A0A0M3KL12	Q32904	0.0549705
S7VSS5	S7W617	0.582305
M1UU36	Q85FQ6	0
E3UIU5	M2XW22	0.288686
P12464	P37870	0.309508
A0A2K1KN29	Q8MFA3	0.0115827
A0A063X8U6	A0A063XCG5	3.69151
A0A6P3TG10	A0A836CVU8	81.3796
Q00959	Q9R1M7	0.259495
A0A9R1JSD6	W5I1R7	2.96621
Q00457	Q00458	0.123193
P25789	Q9BT73	0.10081
O75865	Q9Y296	192.866
A0QS96	A0QSL5	0.0138528
Q2FW10	Q2FW12	0
Q2FW15	Q2FZ25	0.27762
P29469	P54790	1.0068
A0A1S4CE74	A0A1S4CKK0	0.307018
O15446	P52434	5.04316
Q13216	Q13619	267.526
A0QNR3	A0QWR2	0.190268
A1Z8I0	Q9VLI9	101.092
Q13889	Q6ZYL4	152.956
C4R2R6	C4R2U9	1.81477
A0QU30	A0QU34	3.55633
D0CCZ6	D0CD01	0
Q13619	Q96MF7	8.76271
Q8TZK1	Q8U216	0.453673
Q6A5N1	Q6A6P3	0.0987342
C4R1V1	C4R3Z5	37.1774
P39656	P61619	199.409
P59999	Q9JM76	113.461
O14352	Q9UUI1	108.374
D0CCR5	D0CD14	0.0316904
O75818	Q9H633	178.528
O14241	Q9Y7J4	44.4589
A0A481DF93	I3LSI7	182.548
A0ACD6B9L6	A0ACD6B9M4	0
P62877	Q8WV22	1.4364
A0A9R0J252	A0A9R0JF29	0.260113
F2QRE4	F2QVA2	1.3308
Q5RKV6	Q9Y2L1	0.576396
Q2FW31	Q2FZ25	0.495334
P55769	Q8NAV1	174.64
A0A2D0TCA6	A0A2D0TCB9	0.257104
P09542	Q3TF37	0.512473
A0A2K1JC42	A9SL09	0.19576
A0A1S3YU01	A0AA96C3P8	0.267287
Q9NX08	Q9Y6G5	20.2948
F2Z4C9	Q32P79	328.33
A0ACD6BA40	A0ACD6BA45	0.251305
A0A024L3Y3	A0A369F490	0.380328
A0T0T5	A0T0V1	0
A0A9R0IP63	A0A9R0JVI6	0.50703
A0A2K3DZD9	A8HUP3	0.335305
Q5JI52	Q5JJF4	0.288467
P56767	Q9SYW8	0.0320137
O43036	Q92399	2.57632
A0A8J1L9M8	Q0IHJ3	32.5604
Q9GZZ1	Q9NX55	3.32569
P87306	Q9Y7N2	0.412578
A0A0F6NGI2	Q9SQL2	0.0249557
O32231	P21467	0.224222
Q9BQ15	Q9NVH2	0.259314
P61161	Q9CVB6	220.852
Q9TLR0	Q9TM22	0
P12154	Q75VY8	0.0213619
P39656	P61165	158.015
A0QU31	A0QU33	1.74794
F5HCP3	Q6SW67	0.12414
P10176	P14406	2.70211
Q949Q5	Q9S7N7	0.122009
A3M140	A3M145	0.406244
I7MCM8	Q22A67	1.38011
Q9TM22	Q9TM23	0
P20637	P68315	0.0753151
O94376	Q9P6Q0	0.756858
P13165	P13194	0.0400605
P36161	Q04491	1.2352
A0QS96	A0QSG6	0.0606346
B6A878	B6A882	0.22645
O31742	O31743	0.572834
Q13617	Q99627	347.078
O14198	Q9USH1	0.10562
O82504	Q9FLM8	0.851652
P51955	Q9BS18	0.7744
O31718	P39075	0.182515
I7LX66	Q24I09	0.26036
Q32P79	Q32PE0	259.028
S7UR33	S7VSS5	0.0508427
P46737	Q3UI43	155.034
Q9VQY9	Q9XYU0	22.5284
P46678	P47076	0.302936
P17987	P61758	7.82317
Q8DJ01	Q8DLL4	0.148157
A0QU23	A0QU35	4.01256
Q9W2V7	Q9XYU0	9.2938
A0A1S3ZQT7	A0A1S4CE74	0.200484
A0A4V8GZZ8	A0A4V8H000	0.0516881
A0A1G4KPQ9	F2QT92	0.194633
A4VD15	Q24CL2	0.791558
A0A1D8NEL0	A0A1D8NGI5	0.187243
O82504	Q38859	1.81716
E3UIU5	M2XWX3	0.0585206
P12875	P50743	0.108043
O97302	Q8IFM5	0.184468
A0QSG3	A0R102	0.0698555
I0YQ46	I0Z7A6	0.0309689
P09119	P47112	0.395828
A0A4V8GZZ5	A0A4V8H007	0.192254
A0QNR6	A0QWR2	0.228648
A0A0G4HMN0	A0A0G4HNB1	0.112073
Q9C639	Q9S7N7	0.0432129
P38931	P39073	0.49418
Q6DBA5	Q9LQ02	0.16347
P62010	Q9V1U8	8.56964
Q8WV22	Q96MF7	182.548
A8HUP3	A8ISA4	0.261605
P80372	P80376	0.0810872
A0A287BJQ2	F1SJP6	0.740726
P30153	Q5VSL9	0.259639
Q9SA56	Q9SUI5	0.0541855
M1UU36	Q85FP8	0.0891248
Q6GMX4	Q8TCD0	4.60524
P0A8T7	P0A9G4	0.308179
O14352	Q9Y7M4	137.1
A0A2K3CXW8	A8J353	0.224163
H6LC29	H6LC32	0.154754
P87306	P87310	0.473369
Q32L40	Q3MHL7	705.792
P38874	P42935	0.404818
P02612	P68139	154.304
Q9FJ98	Q9M1A8	0.166143
P48114	P48116	0
A8IL32	Q75VZ0	0.0197897
Q2FW06	Q2FW07	1.58865
P49368	Q9NQP4	5.84791
P39463	Q4JB12	0.384191
B8YB62	B8YB63	21.7432
Q12834	Q9UJX3	246.502
A0A0M3KL10	A0A0M3KL11	0.0751938
A0AA82WNX9	A0AAB0B1V7	0.137279
Q00914	Q84Y02	0
A0A4V8GZZ4	A0A4V8GZZ7	0.0438897
A8J353	A8J3C3	0.348649
B6TR16	O65101	0.169277
P0DOY9	Q5SLQ0	0.0360672
Q4JQT4	Q4JQU1	0.166016
C3SR52	W8T6F0	0.118968
P10606	P14854	253.908
E1C9L1	E1C9L2	0.0157837
Q2G113	Q2G2Q4	0.499032
E3UIU5	M2XR49	0.0414656
P9WGU5	P9WQJ5	0.175542
Q9RXJ1	Q9RXK0	0.305446
A0AAN0Y0R4	A0AAN0Y3T9	0.747884
E1C9L2	P10793	0
A0ACD6B939	A0ACD6B943	0.278002
P0A7Z4	P0A9G4	0.370933
Q8A0S2	Q8A1D9	0.231645
A0A2K3CXW8	A8IS47	0.184587
A0QSE0	A0QSL7	0.147782
C1K004	D0FXZ0	0.0267732
P14794	Q54G86	2.05733
I4BYB3	I4BYB8	4.45567
P53290	Q3E830	0.163988
Q57ZP0	Q586H1	0.0909516
P38801	Q08162	0.389866
P20248	Q13309	214.496
O81097	Q9LK40	0.275212
A0A5S8WF89	A0A5S8WF91	0.162657
Q2FW11	Q2FW21	0.270431
O94742	Q12049	0.472077
P30394	P31556	0
P38801	P48240	0.623826
I7LT80	I7MDA9	0.927064
A0QSG2	A0QZ86	0.00457491
C4QY79	C4R3P8	56.5104
O81097	Q9M1J2	0.301864
P39682	Q00916	1.31984
A0A0D9RB67	A0A0D9RML3	109.108
P00044	P07257	0.104283
A6QRA1	Q6NLH0	26.7272
Q99871	Q9H6D7	191.526
P33448	P50110	0.161328
I7LWE3	Q24C31	0.592646
A0A2K3DLI2	A8HUP3	0.20888
P46977	P51571	0.619752
P87108	Q08749	0.094366
Q4JQU1	Q4JQV5	0.205884
A0A2K1IB10	A0A2K1IKE2	0.0994871
O53830	P9WGY5	0.138503
A0A379PL53	A0A379PL92	0.140719
A0A2L1C9H0	A0A2L1CAX0	0.564587
I0YQ45	I0Z7A6	0.036861
A0A2K3DHV6	Q6UKY5	0.360743
F2RBH1	F2RGQ4	0.144767
Q5SJG6	Q8RQE7	0.308599
Q8DJ43	Q8DLJ8	0.179728
A0A6S8PC30	A0A7S3R9S7	0.0825688
P61163	Q9UJW0	95.3279
A0A1K1NXL9	A0A1K1NY43	0.210522
A0A2K3DWM2	P59763	0
P43034	P63167	178.466
G0S8E0	G0SH09	0.890266
A1B494	A1B495	44.8595
P26288	Q94AQ8	0.319316
A7NJ87	A7NJ92	0.212293
A0A4V8GZZ2	A0A4V8GZZ9	0.0091652
Q8DJ02	Q8DLL4	0.314861
A0A7U3Y808	B7IA15	0.150731
O43402	Q5JPE7	1.24741
Q39212	Q6NLH0	75.7846
Q8N140	Q96MF7	97.9632
O60826	Q9UBQ0	0.616778
P0A3C9	Q8DJU2	0.415578
P41208	Q13888	3.21001
O14352	O94408	172.396
P00045	P08525	0.193561
Q8LFJ6	Q9FJ98	54.5486
A0A2K1IKE2	A9SL09	0.242377
P93313	Q8LGE7	2.71719
P33767	Q92316	0.113548
O64725	Q9FGK0	0.112889
Q9LD28	Q9XFH4	3.52549
Q9C567	Q9SAJ3	0.2437
P37871	P39075	0.411557
P32481	P32502	35.4327
Q969U7	Q9BT73	0.20883
Q6A6L4	Q6A6M5	0.236868
A0A2P6TPR7	W8SY74	0.00765269
E1C9L0	Q32904	0.00623377
A0A1S3TUX2	A0A1S3TZB2	0.122715
P21471	P21477	0.237411
P30260	Q9UKT4	2.47036
G0S755	G0SE33	29.8199
E3UIU2	E3UIU6	0
A0A2K1J0L9	Q6YXR3	0
Q9V0V6	Q9V109	11.5488
O95376	Q15843	37.5191
O60925	Q99832	1.31154
E1C9K6	P16002	0.0689174
Q6D0W5	Q6D0W8	0.261385
Q9FLM8	Q9LQ02	0.307815
A0ACD6B9M2	A0ACD6B9M4	0.0391667
A0T0V1	B5YM25	0
A0A1B2U0C6	A0A1B2U0I9	0
E1C9K7	E1C9L0	0.0201681
F2RCK7	F2RJV9	0.17415
Q9VFB5	Q9VNZ3	102.051
Q9LK40	Q9M1J2	0.682824
P42285	Q9Y2L1	0.264646
Q96N11	Q9NV88	1.21297
P12824	P16750	0.176616
A0A1C8XRM6	D0FXX2	0.0850308
G0RZX8	P0CT46	1.83254
P32876	Q00361	0.178645
Q32PE0	Q3ZBC0	0
P20429	P39075	0.455998
C4M5B7	O15612	58.0347
A8MPR5	Q9LTI0	0.135888
Q9BT78	Q9UBF6	97.9041
P14854	P15954	214.777
Q9UY20	Q9UZL4	3.8383
A0A3Q7HBR5	A0A3Q7IVL4	3.1934
O75140	Q9Y2Q5	0.549075
P32613	Q03630	0.516096
O19882	Q9TLR0	0
A0A3Q7I881	P49215	89.0274
P43307	P46977	1.06076
O74825	Q92399	12.539
Q75VZ0	Q84Y02	0.0204011
A0A069QC99	A0A140S919	0.318322
Q12308	Q12415	0.161971
P51149	Q96DM3	0.718329
A5F9W9	A5FJM7	0.275243
P36873	P55072	8.54725
Q9Y265	Q9Y4R8	3.35978
P56751	Q9FG89	0.147445
P40227	P61758	2.94201
B8YB58	B8YB59	0.358306
Q9UZL4	Q9V1V0	19.4887
P29056	P35718	16.9456
P0A800	P0AFW0	0.204043
P27694	Q13888	2.53407
A0A2K1JLZ3	Q6YXM2	0.0282728
P28778	P48237	0.345031
A6QRA1	Q39212	1.50928
P20504	P68449	0.362647
Q83E83	Q83EQ9	0.850148
P30153	Q9Y570	188.553
Q96HW7	Q96SY0	0.382099
A0T0V1	B8BUW3	0
E3UIU5	M2Y652	0.090155
A0A2P6THB2	A0A2P6U4S6	0.139704
A0A1B2U0I9	A0A1M6QGN9	0.0554052
A0A0H2UKZ4	E1C9K9	0.0141114
A0A4V8GZZ3	A0A4V8H002	0
P43308	P60059	0.730392
P24361	P68623	0.127801
E1C9L3	P17227	0
D5MAL3	E1C9K9	0
E3UIU2	E3UIU9	0
Q96HW7	Q9NVM9	0.47476
A0A7U3Y808	B7IBC2	0.154347
C3SQS2	C3TRH7	0.145078
T1RJW8	T1RJY1	0
A6QRA1	Q9M1J2	8.01437
Q85FP8	Q85FS9	0.0907722
O35011	P20429	0.443246
E1C9L3	P05311	0.0164947
P14854	P20674	111.492
Q9VFB5	Q9VJE4	155.844
P56768	Q9SUI5	0.158004
A0A3Q7FTS1	A0A3Q7JYM3	8.79487
A0A2K1JDE1	Q6YXK4	0.126302
Q9C567	Q9LTI0	0.0526831
A0A2K9VK93	A0A2K9VK99	0.51138
Q93077	Q9Y230	131.473
Q9NQT4	Q9Y2L1	0.622018
C6Y4A8	O74544	1.43957
O57204	Q76ZS0	0.3565
P07839	Q75VY7	0.0653211
A0A1Z3HRW4	A0A1Z3HSF0	0.00778451
Q96MG8	Q9UBF6	9.75362
P52657	Q15545	0.340264
Q2T9T3	Q5E9B8	184.677
A0A4V8GZZ8	A0A4V8H003	0.0229329
A0A2P6TZ50	A0A2P6U4K1	0.0831969
I7MHB1	Q22A67	0.362178
O19882	Q9TM22	0
P32366	P41806	0.235724
P12154	Q75VY7	0.00433989
P00166	P00289	0.114546
P03928	P05496	0.29109
P20986	P68608	0.290034
Q86WV5	Q9NUX5	178.868
G2TRP5	O74471	0.149935
A0A2K1JLZ3	Q6YXQ2	0
B6SZT9	O65101	0.054117
P62877	Q8N140	3.31773
P02293	Q12509	1.11647
A0QS96	A0R550	0.35404
A0A2K3DWM2	P37256	0.0172371
P12074	P15954	127.035
A0A2K1IB10	A0A2K1KN29	0.0273181
D0VX28	D0VX31	114.999
A0A0H2UKZ4	E1C9K8	0.0349924
Q8CJT1	Q9L0Q9	0.338905
Q6NLH0	Q9FLM8	76.3142
P04439	P07766	190.03
Q8GWD7	Q94K14	7.62528
P00165	P00289	0.0438538
A0A2K3DLI2	A0A2K3DM81	0.127942
A0A2K3CRM9	A8HUP3	0.280562
A0A2K3CYB6	A8ISA4	0.321102
A0A7S3R4R1	A0A7S3VHS4	0.0351049
Q9SUI4	Q9SYW8	0.0653661
P18183	P60312	0.438086
A0A4V8GZZ8	A0A4V8H005	0
A0A125YW19	S7UR33	0.00747951
P20433	P36053	0.801248
P09144	Q75VY7	0.0266398
A0A069QC99	A0A2V3F2U6	0.177952
A0A0G4GX71	A0A0G4HNB1	0.0655999
D0CD10	D0CD19	0.274123
A0A1S3YXM6	P06269	0.301126
B6A879	B6A882	0.181702
P9WPS1	P9WPV3	0.410176
Q7Z4G1	Q9UBI1	4.58594
P21087	P68449	0.141034
E9NPS8	I0YQ44	0.0147391
A0A6C0M5W1	A0ABF7PQ06	0.233404
P83794	P83796	0.0956105
A8IFG7	Q75VZ0	0.0632862
G0S1P1	G0S9A0	6.25472
O19882	Q9TM23	0
P80377	Q5SJH3	0.279401
P12357	Q41385	0.0458805
P02309	P32480	3.44899
Q13352	Q9H3R5	0.56655
P73297	P74352	0.325972
A4VE64	Q24CE5	2.48513
Q381A0	Q389F5	0.237478
P48643	Q9NQP4	3.57104
G2TRJ4	O74824	1.85839
A0ACD6B8Q3	A0ACD6B8Q4	0.080303
A0A9R0IP63	P06505	0.272194
C4M2R7	P48151	60.7396
O43257	O95619	177.228
Q8U0M5	Q8U4N1	0.334297
P36121	P41910	0.412425
A0A7U3Y808	B7IA33	0.608448
F4J3N2	Q9SN86	0.742872
Q3ZBC0	Q5E9B8	143.261
P38801	Q12277	0.54477
P07703	P41910	1.84566
A0A3Q7IVL4	P49215	86.6705
Q9S7N7	Q9SA56	0.0850184
Q76ZQ8	Q76ZS0	0.144637
P15927	Q13888	9.17876
P25787	Q9BT73	0.0104035
A8MPR5	Q9C567	0.304124
P49642	Q9BVW5	0.646472
P51571	P60059	0.0626488
P58565	Q8YQ35	0.0456721
A0A2K1KN29	Q8MFA2	0.0115461
E9NPX1	I0Z2Y0	0.00729927
C4QWA8	C4QY79	31.3615
P30665	P38826	0.722231
P34160	Q00916	1.17891
B8YB58	B8YB60	0.238306
P20248	Q9UJX4	3.18491
Q9C1J0	Q9C1J1	0.022327
G0S3J8	G0S8E0	1.23175
P26288	Q95695	0.126545
Q3T084	Q3T0K2	845.963
Q6NLH0	Q9M1A8	10.4925
P51667	Q3TF37	0.412827
A0A6C0M5W1	A0ABF7PQ07	0.19924
Q97ZJ9	Q980A3	2.34959
G0RZG4	G0S755	1.67585
P11514	P39471	1.11927
Q53H12	Q9Y584	0.824034
A8IL21	A8J353	0.233334
Q2FKZ2	Q2FKZ4	0.161692
A8MPR5	Q9SAJ3	0.723214
A4VE64	A4VEB3	21.4256
P28000	P32349	2.14193
Q1HFX4	Q1HGH8	0.245975
P56767	Q9SY97	0.0287601
Q1HFV9	Q1HFX4	0.292406
Q5SKM0	Q5SLM9	0.108674
A0A8F0WFC9	A0T0U5	0.0214804
P0ABA4	P0ABA6	0.444064
A0A0G4FL36	A0A0G4GX86	0.166123
Q9Y584	Q9Y5J6	205.565
Q9H0A8	Q9Y6G5	4.29454
A8IJ60	A8J3C3	0.334352
Q1HFX1	Q1HGH8	44.3427
Q9Y230	Q9Y4R8	2.44029
A0ACD6B989	P58564	0.0553264
P49368	Q13885	516.159
A0A2K1J0L9	A0A2K1K0C7	0.0172578
P0DP23	Q9P2D8	0.645256
Q9C567	Q9SN86	0.193548
A0A0H2UKZ4	E1C9L1	0.029544
A0A8F0WFC9	B8BUW3	0.0627183
B6SQZ7	O65101	0.0607741
Q8DMA1	Q8DMR6	0.246367
A0A2P6TKF8	A0A2P6TS63	0.128998
O60566	Q13042	1.55608
F5HBE8	Q9C1J1	0
B6SQZ7	P30980	0
A0T0V0	B8BUW3	0.175331
A0A6C0M5W0	A0ABF7PQ06	0.202169
C4M5V7	O15631	32.6383
Q6IAA8	Q8N122	0.412594
P22224	P89102	0.453739
P09218	P09222	2.26422
Q8SDC8	Q8SDD2	0.209298
A0A2K3CY83	A0A2K3DHV6	0.356131
B6SZT9	P30980	0
A3DBH0	A3DJK1	0.422941
P07839	Q75VY6	0.0112717
P17412	P17413	0.16118
P04038	Q01321	93.0122
I7MHB1	Q22R86	0.169139
A0A063X754	A0A063X781	0.0511036
P04052	Q9VJE4	1.91253
P42285	Q06265	1.01509
P14867	P34903	1209.71
P13806	P19518	0.136365
Q35914	Q95339	0.113806
Q8U0E8	Q8U216	2.93289
P58066	Q9A8S9	0.283303
P78346	Q9H633	327.307
Q7LXK4	Q980R2	0.31255
Q8U0E4	Q8U439	1.14241
O00762	Q9UJX4	390.286
A6VF33	A6VF36	0.425722
P38786	P40571	0.529982
Q03630	Q03660	0.344537
P14854	Q9BW72	9.8575
P0AFD1	P33607	0.245622
T1RJ07	T1RJW8	0
B7IA17	B7IA26	0.274123
A8MPR5	F4JYR0	0.160865
C1DI23	C1DI24	0.203335
P56288	Q9USP0	20.3699
A0A3Q7EMX2	A0A3Q7F5X2	70.971
A8ISA4	Q6UKY5	0.191091
P36886	P69416	0
Q8U439	Q8U4N1	0.492565
B4EKB3	B4EKB5	0.190008
G2LDR4	G2LK98	0.161474
Q27RN3	Q27RN6	0.240826
P9WGY5	Q6MX01	0.0212451
P26288	P26289	0.494337
A0A2I5HFM4	A0A3V0PQJ3	0.0644285
A0A4V8GZZ3	A0A4V8H007	0
B1H1T5	Q4V7I1	38.0873
A8HPD0	P30394	0
Q8SD18	Q8SD64	0.105776
P0A7Z4	P0AGB3	0.457383
Q9UJX3	Q9UJX6	0.938378
P14575	Q9P4W1	1.0062
Q83EQ4	Q83EQ9	0.340883
Q38EL9	Q57WL2	0.206082
A0AAN0XZY2	A0AAN0Y3T9	0.033196
G3MXC8	P61157	106.436
Q15382	Q9HB90	143.087
A0A4V8H006	A0A4V8H010	0
A0A1S4D4H1	P38550	0.243103
D0C9P7	D0CCZ6	1.0295
P35718	P46678	0.34075
B6SQZ7	B6TXS5	0.0875373
A0QV37	A0QVQ3	0.812662
O66842	O67335	21.2049
O22993	Q9C567	0.279572
C3SR57	W8T6F0	0.234274
A8HPD0	A8HPH1	0.0109911
P0A7W1	P0A8A8	0.058523
P35718	Q04307	37.9678
D0CD01	D0CG36	0.0400069
P38786	Q12530	0.444382
E1C9K9	Q41038	0.0704165
P28005	P40993	0.214486
E1C9L3	Q41038	0.0334572
A0A1D5SLI4	A0A1D5UKZ4	94.0876
P0C6T2	P61803	0
A0A0H3C9J4	B8H618	0.195706
B8YB61	B8YB63	17.3203
A3DBH0	A3DF17	0.0658554
P87123	Q92399	33.7549
A0A2K1KN29	Q6YXQ2	0
Q83AX9	Q83E83	1.12277
I6X486	O53943	0.308889
Q39255	Q9MAA7	2.40522
O94581	Q9UTF6	20.0209
O15160	O15318	261.091
M1VKK5	Q85FS9	0.165471
Q83D76	Q83ED6	0.130446
B7IA25	B7IA33	0.128641
P26288	Q9SCY3	0.117502
P29496	P54784	8.96707
G0S7B2	G0SH10	4.47259
P46217	Q4JB12	0.890546
P14741	P32481	58.2281
Q3T084	Q3ZCI9	589.68
Q94AQ8	Q9SGH4	0.12517
Q969U7	Q9Y244	168.572
P9WGH9	P9WGY5	0.360269
Q96CS2	Q9NVX0	184.373
B0C4H4	B0C8F1	0
A0A2K3DHV6	A0A2K3DQ46	0.250837
A0A1Z3HHI7	A0A1Z3HSF0	0
P09192	P12975	0.100084
Q8SD35	Q8SDD6	0.248901
Q89ZL0	Q8A1P7	0.0830768
A0A2P6THB2	W8SKM2	0
Q96MF7	Q96MG7	99.1828
A4GDF1	A4GDH1	0.23167
A0A2K1IB10	A9SL09	0.0345422
Q389F5	Q585T1	0.329961
A0A9R0J865	P11704	0.262433
P60292	Q8U216	4.14474
Q7Z4G1	Q9Y6G5	153.779
Q22HD6	W7XF00	0
P89102	Q06245	0.43585
C1K004	D0FXW7	0
P0ABA0	P0ABA6	0.511681
P17987	Q9NQP4	4.01948
A0A1S4BFK7	P06271	0.256669
P50370	Q08363	0.103306
P01865	U5LP42	0.146119
O74029	O74030	0.50922
P33421	P87108	5.47801
O60925	P50990	2.11691
A0A9R0IP63	A0A9R0JBX6	0.361034
O74471	Q9UTF6	9.36187
S8F5W4	S8F943	0.239833
I7M8B9	Q22XT1	0.347437
P05310	Q9SQL2	0.00727164
Q32P78	Q32PE0	104.397
B1INP8	B1INQ0	0.148801
P80376	Q5SHP2	0.042844
Q8IRE3	Q9VA95	0.191928
P42285	Q9Y3B2	0.221098
Q8DJ02	Q8DJU2	0.177374
P9WPU9	P9WPV5	1.21321
A0A125YPC9	A0A125YU99	0.0508427
A0A071L394	A0A241XG65	0.0363405
P0DM37	P51765	0.0537582
P07703	P32349	2.39662
M1UU36	Q85FZ1	0.0568334
P68439	P68608	0.225055
Q6P5S7	Q99437	0.966317
O28413	O28418	0.323495
P0A3C9	Q8DKZ4	0.0921381
A0A1Z3HI16	A0A1Z3HS05	0.0215501
Q9NYW5	Q9P2W3	8.16508
A0A6P3ED73	D4P8H6	7.07524
Q38859	Q9M1J2	31.9749
E1C9L1	P09911	0.0417691
O81098	Q9M1A8	0.647377
P16267	P16268	0.276154
P40227	Q9NQP4	2.61495
A0A2P6TMX4	W8SY74	0.00360721
P13194	P23993	0.0503206
S8EQL3	S8GED8	1.81459
B1MLW2	B1MLW3	1.16376
A1Z8I0	Q9VA95	78.7307
A8IFG7	Q7DM26	0.0707547
P27449	Q6P5S7	0.182058
P17987	Q9UHV9	2.93366
A0AA82WNX9	A0AAB0B1U3	0.213985
P25786	Q5JS54	2.89292
A0A063X754	A0A063XFC1	0.0217661
P27521	P56767	0.0244852
A0A3Q7EMX2	A0A3Q7GDB0	87.575
Q05900	Q08920	6.3059
P40486	Q6Q547	0.0454329
P09192	P29254	0.0169584
P0DP23	P49662	3.27616
A0A1S3TNX9	A0A1S3TUX2	0.0708955
A0A9R0I5M6	P11703	0.277405
A6VF32	A6VF38	0.425356
P0AAX1	P0AE07	0.349252
Q9F5Y0	Q9F5Y1	0.108364
B3H6Z4	O80634	0.238843
M9NT01	M9NTK8	0.234602
A0QU24	A0QU33	5.37605
Q6A6L2	Q6A6P0	0.0042156
P16679	P16686	0.207828
Q75VY7	Q75VY8	0.0557557
B8C2K6	B8LEV1	0
A0A4X1VTX4	A0A8D1AQR7	1.14502
E1C9K9	E1C9L2	0.0119352
I7M8B9	I7MIF9	0.657009
A0A0D3BZZ8	A0A0D3DS91	95.8038
F2QT90	F2QVW8	1.03676
A0A2K3CXW8	A8J3C3	0.388553
B8YB59	B8YB60	0.195111
E1C9K7	P05310	0.040804
P14225	Q7DM26	0.0548357
O14818	Q96P70	0.762213
Q82ZJ1	Q839H1	0.154351
A0A063X745	A0A063X8U6	1.6221
O15212	O60925	148.485
Q5JIY4	Q5JJF4	1.2117
O81098	Q8LE42	16.9986
Q8SD64	Q8SDC8	0.161129
P40337	Q15843	164.597
A0A8J1L9M8	B1H1T5	45.5485
A0QU23	A0QU33	3.31585
C3SIV2	C3SQT7	0.0299584
O94646	Q9Y7N2	0.768732
P30665	P50874	3.40727
P03960	P03961	0.293394
A0A2M9V7I0	A0A9X9IKM4	0.191268
A8J5P7	A8J8N9	10.0564
A0QUE0	A0QWT1	0.205633
Q8DJ02	Q8DKZ3	0.0589115
Q82ZJ1	Q839F0	0.408836
A5GZW8	Q0QF01	167.091
A0A2K3DWM2	Q08363	0.386364
P39463	Q4JAY4	0.62262
P16856	P16857	0.203335
P40337	P61201	2.59563
P0C0S5	Q9Y230	130.657
P01730	Q6N095	0.468798
A0A063X745	A0A063XCR0	0.227596
A9J4K2	A9J4K6	0
Q9BQ15	Q9NVR2	0.200614
Q9FLM8	Q9M1A8	30.3687
A9WDT7	A9WDT8	0.216382
P53218	Q12530	0.37389
Q8NFG4	Q9Y2Q5	0.999793
P60238	Q50754	0.326088
O05544	Q47945	0.0296662
S0BBR6	S0BBU7	0.117955
Q7JZF5	Q9VFB5	155.323
A0A0F7LMQ4	A0A0F7LUV5	0.366331
A0R0B3	A0R613	0.357267
Q9VA95	Q9VUZ1	109.532
Q8WVM7	Q9UQE7	0.55631
C4LVC0	C4M5V7	22.31
P00289	P80883	0.106647
A0AAN0XZY8	A0AAN0Y0L1	0.153225
F2Z4H3	Q2T9T3	1.15911
A0A3Q7G7F0	P49215	66.7038
O14021	O94355	0.675097
Q8U216	Q8U4N1	1.07123
P23847	P37313	0.215071
Q8DKZ4	Q8DL29	2.05799
A0A1Z3HHI7	A0A1Z3HI16	0
Q71DI3	Q8N884	4.44784
Q2FW15	Q2G113	0.0745954
P29056	P36121	0.616212
A0A4X1VTX4	A0A8D0TE17	201.789
C4QWA8	C4R0E6	21.8724
Q38859	Q9FLM8	54.6459
A0T0T5	B8C2K6	0.0381876
Q6PJG6	Q96HW7	0.365117
A0A3Q7GDB0	A0A3Q7JYM3	61.8319
P49368	Q9UHV9	1.29836
F2QT92	F2QVW8	0.481516
P21466	P21477	0.0646591
P60312	Q9KXS1	0.174314
A0A2K3D1M1	Q9AU02	0
P08980	P69461	0
B7I2K7	B7IBC1	0.186204
P13765	Q6ICR9	265.818
O15212	Q9UHV9	155.111
A0A4X1VKG7	A0A8D1B522	0.225343
A0AAN0Y138	A0AAN1CUP2	0.256617
P9WGZ1	P9WIU9	0.311118
Q05093	Q75VY4	0.00644245
P11521	P46217	26.5726
A0A072ZPV8	E2RXT0	0.273187
Q8CJT1	Q9L2H5	0.301289
C4LT02	C4M2R7	66.3524
P9WPU9	P9WPV7	1.97869
O00483	P12074	28.1369
O00483	P13073	0.0318504
Q6NLH0	Q8LFJ6	107.492
Q8TZK1	Q8U0E4	0.749572
A0A1B2U0I9	A0A1J7CKJ9	0.00659321
Q00597	Q9NW38	0.928349
O96019	Q9GZN1	221.736
Q2FW20	Q2G2D3	0.085435
A0A5H1ZR73	K0J903	0.097161
A0A7S3VHS4	K7NU68	0.0196324
Q22R86	Q22YU3	1.12238
Q7K2Q8	Q9VA95	95.1141
P29056	P32349	1.24865
M1VKK5	Q85FY7	0.0114823
A0A072ZDF7	E2RXT8	0.295444
W0DKT4	W0DSL1	0.607169
P61161	Q9CPW4	87.0462
P0A3C9	Q8DL29	0.0976965
A0A2K3E6S5	P50370	0.149428
A0AAN0Y004	A0AAN0Y4F0	0.827474
P0DOX5	Q6P5S8	0.454022
A0ABF7PQ07	Q9XQN8	0.097903
T1RJ07	T1RJP7	0.0377927
P61994	Q9UY20	8.07538
Q9NVH2	Q9NVR2	0.738422
I7MG46	W7WX86	0.577655
P28630	P28632	0.320232
A0ABF7PQ09	P46818	0.163932
O48448	Q38584	0.100015
C4LTS8	C4LW10	26.4337
O94408	Q9UUI1	179.986
Q31L30	Q31N15	0.278595
A0T0V0	B5YM25	0.0460132
O00189	P84077	368.173
B8YB58	B8YB64	0.0263643
A0A072ZDF7	E2RXT0	0.205957
G0S1P1	G0SC21	5.81321
Q2T9T3	Q32P79	202.573
P20248	Q12834	189.5
A0A1H3KVX9	A0A1H3PUR7	0.0358201
Q38859	Q9M1A8	71.5462
P04843	P51571	180.982
I7MHB1	Q24CE5	0.355717
P02293	P43618	5.71699
P31749	Q9BVC4	4.05299
A0AAT8XUH5	A0AAT8XUH6	0.167647
C1K004	D0FXW0	0.0308716
A6VF31	A6VF38	0.237871
P62655	P62656	0.199323
A8HX89	A8J8N9	6.58702
Q8DL30	Q8DLN5	0.173108
Q47PJ2	Q47PJ4	0.195608
P51863	Q62277	0.335547
P42701	Q9NPF7	189.994
A0A125YN38	S7VSS5	0.0596124
A0A287BAW0	I3LRR4	95.2602
F2R7X6	F2RJV9	0.447852
P10606	P24311	0.0280039
Q08162	Q12149	0.366723
P60238	Q50755	0.364943
A0QNR2	A0QWR2	0.0697526
T1RIT2	T1RJW8	0.0912841
Q9UJX3	Q9UJX4	6.36308
A0A5M5QTL0	A0A9X9IKM4	0.170986
P09669	P15954	113.851
Q96HW7	Q9BQ15	0.313101
P0A7G2	P0A7V8	0.120045
P20980	P68439	0.28894
A0A9R0JBX6	A0A9R0JF29	0.340064
P09119	P29469	4.83147
Q1HFW2	Q1HGH8	32.4613
P53298	Q2V2P8	0.473598
O74825	P87123	21.437
A0A063XCH0	A0A3A5I502	2.31841
Q980K0	Q980Q9	10.2692
P49642	Q2NKJ3	0.480258
Q8TAF3	Q9BXW9	0.684104
P48940	Q2FW10	0.0817308
P00833	P06450	4.79141
P42285	Q5RKV6	0.169961
A0A063XCR0	A0A063XFC1	0.0744947
A0A2P6TT36	W8SY74	0.00524301
P0A705	P0A707	0.420443
Q969V3	Q9BV81	0.17628
Q8U0E4	Q8U0M2	28.9707
P26289	Q9S9N6	0.194047
B8YB58	B8YB61	0.142524
A0A444WZ62	A0A444YS04	5.20365
P40124	Q91YR1	0.214491
P40026	Q07913	0.300659
Q9C4Z3	Q9V2Z4	0.20678
A0A2K9VK93	A0A2K9VKD2	0.372581
P38123	P43132	0.573553
A0A5H1ZR95	D8V7I2	0.0655327
P20998	P68610	0.265675
P24732	P68135	203.236
A0A0G4FL36	A0A0G4GX71	0.0813874
A0A7S3VQN8	A0A7S3VSS7	0.0300477
Q15382	Q8N122	0.772028
Q6ZED4	Q6ZED5	0.147971
A0A1S3U1E4	A0A1S3V319	0.30375
D8V7I2	K0J903	0.166737
A0A2K1IB10	A0A2K1J0L9	0.0404239
A8J4K5	Q9FQ96	0.0779445
P51571	P61803	1.20144
P05311	Q41038	0.02114
P04050	Q12004	0.357867
Q9SHE8	Q9SY97	0.109277
A0A7U3Y808	B7I7R9	0.00690323
O75817	O75818	0.0796537
I0Z687	I0Z7A7	0.0468254
Q22YU3	W7XJB1	0.591704
P10176	P20674	1.86647
O14198	Q9Y821	0.126675
A4VEB3	I7MCM8	16.8064
A0A7R9N9K9	A0ACD6B9G0	0.129752
C3SQT7	W8T6F0	0.0667013
P0ADC1	P31063	0.363753
A8IKI9	A8J8N9	0.492066
I0YQ44	I0Z7A7	0.0253163
P01834	P12319	0.0238554
A0QSL6	A0R7F9	0.250322
P41205	Q50297	0.159222
Q05093	Q75VY6	0.0228002
P00289	P69461	0.0122265
P10176	P12074	3.15623
C4M2R7	C4M7H3	38.4248
P07358	P13987	61.8275
P53197	Q04601	1.13978
P02916	P69783	0.334665
P06611	P37028	0.330012
O14021	Q9UTB6	1.03565
Q32P78	Q32P79	162.438
Q2FW30	Q2G2Q4	0.526646
A0A1Z3HPE3	A0A1Z3HSF0	0
Q1JQ91	Q32P78	126.132
O85388	Q83ED6	0.143074
Q9BUH6	Q9NP87	0.218286
P47170	P53011	0.579907
Q1JQ91	Q32PE0	0.219253
P05807	P24757	0.141695
A0QU28	A0QU29	0.335852
F2Z4C9	Q3ZBC0	0
Q83EQ3	Q83ER2	0.0926064
D0C9P7	D0CD10	2.73781
T1RJT6	T1RJZ1	0
P39933	Q12415	0.171926
P00533	P09693	2.88945
Q12025	Q12431	0.0934959
F2QRE4	F2QT90	1.49252
Q39584	Q9SWQ6	0.206649
O60566	P30260	0.468945
A0A1J7CP29	A0A1M5L8S8	0.00796384
P9WP45	P9WP67	0.290676
P40993	P53218	0.480885
A0A1S3TNX9	A0A1S3UMA0	0.0473387
A0T0T5	B8CEQ3	0.0556453
O43257	O96019	195.632
P87173	Q9Y7M4	137.907
A0A072ZPV8	A0A2V3DLV3	0.148107
P0A0F8	Q2FW17	1.43933
P32447	P47171	0.203905
P01589	P14784	197.351
A4VE64	W7XJB1	1.72571
P32876	Q28851	0.00584893
A0A063XFC1	A0A063XHU6	0.549361
A0A218N8A7	Q6UKY5	0.29361
A9WEV3	A9WEV8	0.181201
A0A0F6NFW5	P17227	0.00244063
B8YB53	B8YB64	0.496875
A0A341UET3	A0A3B6KRQ3	143.774
P0A6Y1	Q46896	0.303767
A0A0D9RB67	A0A0D9RJ49	99.1323
Q56218	Q56229	5.92876
A8IE32	A8J5D4	0.18605
P60312	Q9L0Q9	0.678051
Q7JZF5	Q9VEA5	132.089
A0A7U3Y815	B7IA33	0.0768438
A0A7S3VSS7	K7NU68	0.0188119
P62012	Q9V1A0	14.2586
Q31N15	Q31S42	0.294413
P26288	Q9LU21	0.172039
Q9HAW0	Q9Y535	189.063
P53859	Q08162	0.200269
A6QRA1	Q9FLM8	15.8608
O81098	O82504	1.49045
P09192	P19569	0.0552869
Q389F5	Q57XL7	0.188052
A0A7R9N9K9	A0ACD6B9F9	0.304599
P49735	Q9VBI1	19.3647
C3SQX2	C3SQY7	0.22619
O80634	Q9ASS6	1.4075
A0A9R0IP63	A0A9R0JF29	0.355687
P60292	Q8U439	2.92601
Q03736	Q8KRK5	0.0600552
Q2FKZ1	Q2FRL9	0.171498
A0A0M3KL11	A0A0M3KL12	0.0438941
A0AA82WNZ4	A0AA82WNZ6	0.182797
P12239	P19052	0.130598
A0A125YU99	A0A125YZP0	0.0397641
P04912	Q12464	101.256
I7MDA9	Q24C31	0.492268
T1RJ07	T1RJY1	0
Q8DL29	Q8DL61	0.424752
O15091	Q99714	187.881
G3MXC8	Q3MHR7	125
P53905	Q06406	73.7748
A6VF31	A6VF35	0.375568
A0A1G4KPQ9	F2QT90	0.0400105
Q8DIN8	Q8DLJ8	0.0850419
A0A2K1JLW2	Q6YXK4	0.0166985
A0A125YS93	A0A125YZP0	0.848528
P27766	Q39584	0.35909
P49960	Q06406	2.2622
G0RYR4	G0S7B2	11.6021
A0R1Z9	A0R204	0.1263
P22685	Q54G86	55.6388
P0A415	P0A427	0
C9ZW42	D0A2P0	0.121819
A0A1H3KVX9	A0A1H3PUN8	0.370316
P61029	Q9V195	19.3641
I0YQ13	I0YQ44	0.0618848
A4VEB3	I7MHB1	0.613521
W5FWF5	W5I1R7	102.899
P43308	Q9NRP0	0.115378
P21473	P21477	1.07482
A0R201	A0R204	0.545085
Q3T084	Q3ZBH0	658.979
I7M6H4	W7XJB1	0.451451
C3SR62	C3SRY2	0.190777
A0A8D1B522	I3LCH3	0.250033
M1VKK5	Q85FP8	0.0781709
I7M9J2	Q22R86	0.908512
A0T0M8	B8BUW3	0.0153704
P04052	Q9VEA5	1.44337
P61163	Q9BTE1	428.313
P20042	P49770	221.908
Q57VS6	Q585T1	0.26286
F2QVW8	F2R0J6	1.78133
Q1HFX0	Q1HFX1	38.6989
A0A6S8PC30	A0A7S3R4R1	0.061948
P0A8V2	P0AF28	0.379895
A0A8D0MI69	Q4VT52	133.289
P38786	P40993	0.399731
A0A1S3U1E4	A0A1S3UMA0	2.0916
Q9BQ15	Q9H0H0	0.238794
P38801	P53859	1.20587
A0A0F6NFW5	Q9SQL2	0.00922436
F2QS38	F2QZ97	6.15183
E2RXT8	E2RXU3	0.1512
Q182S6	Q18CI5	0.157107
A0A2K3DQY7	A8J5D4	0.299409
A0A9R0IWV5	A0A9R0JVI6	0.338783
A0A1S4BFK7	P38550	0.264631
B8YB58	B8YB63	1.17029
O80634	Q9S9N6	0.158032
O14802	Q92966	0.176319
P56769	Q9SY97	0.00641026
P53256	Q08162	0.239155
B8YB54	B8YB62	0.493234
O57233	Q76ZQ8	0.172491
A0A1S3U9J1	A0A1S3VHC0	5.05215
P49842	Q9BW61	0.174965
I7M6H4	Q24DI9	1.08929
B0C4H4	B0C5D5	0
F2Z4C9	Q1JQ91	0.233781
A0A1M5L8S8	A0A1M6R974	0.0396569
I7LT80	Q24CL2	0.757725
A0A0D9RJ49	A0A0D9S9I7	160.399
D7NIZ2	K0J903	0.0840398
P07471	Q01321	19.4408
P28791	P53847	0.323999
Q56218	Q56225	0.902718
P12879	P21465	0.036593
P13165	P36213	0.104878
A0A125YTU2	A0A125YZP0	0.266456
H6LC30	H6LC32	0.137305
B6STT2	B6U534	0.180618
A7NJ91	A7NJ92	0.150872
O14010	Q9Y7N2	0.348785
A0A063XCG5	A0A063XCR0	0.0648649
P59753	Q83EQ9	0.118948
A0T0M8	B8BRQ8	0.0692063
Q839F5	Q839Z0	0.0421591
Q5I7K3	W5EP45	71.1237
P00579	P0ABS1	0.791429
A0A1S3XP85	A0A1S3ZQT7	0.212602
P12853	P18263	0.032646
A0A5H1ZR73	D8V7I2	0.0776994
P69461	Q9M3L0	0.0645161
Q5SKU2	Q5SLP8	0.740258
P12873	P46898	0.538514
E1C9L0	E1C9L3	0
P01730	P01857	0.819193
O15342	Q99437	0.0632942
C3TRH7	W8T6F0	0.0726507
P40337	Q9BT78	0.605322
B8YB59	B8YB62	0.236724
I0YQ44	I0YQ45	0.0150225
Q05AW3	Q7ZX96	0.779054
O66748	O67334	12.991
P68449	P68610	0.140669
P68449	P68608	0.362623
A0A0H3CAV3	B8H618	0.396943
P09927	P11695	0.0135291
P0DP25	P46020	0.0723658
I7M9J2	Q24CE5	1.36395
P14867	Q7Z7J7	0.324908
P24279	P47112	0.37304
M1VFJ4	Q85G51	0.0236559
P24311	Q9BW72	4.78007
A8IS47	A8J353	0.166231
A0A069QC99	A0A241XG65	0.290599
Q9JM76	Q9WV32	144.403
P02293	Q06675	7.06082
O66842	O67337	7.02419
P35249	Q99638	5.56258
P9WPU5	P9WPV7	0.643029
Q6A6R0	Q6A7J7	0.147513
P00045	P00128	0.268274
Q7Z4H7	Q9H6D7	0.599991
P0ABS8	P10443	0.168081
I7MCM8	Q22MV2	25.6613
A8HY43	P22666	0.208488
Q9Y2L1	Q9Y3B2	0.697859
Q9GZQ3	Q9NX08	8.89808
P0ADZ0	P0AG99	0.186727
A0A8D2A9I1	Q06AT4	0.0668478
I7MCM8	Q22R86	0.757903
P03929	Q28852	0.0429538
Q31L30	Q31QK2	0.18775
C4M7H3	O15631	1.86994
P13073	P14406	41.4022
A0A2V3F2U6	E2RXT0	0.444984
P17987	Q99471	0.825341
P36053	P40352	0.20471
P13194	P20143	0.125731
D0CC74	D0CD06	0.277035
Q32P79	Q5E9B8	196.37
P07703	P29056	1.40326
Q5TA45	Q96N11	0.907487
B6TR16	B6U534	0.161245
A0A3Q7F5X2	A0A3Q7FJL7	66.0163
P04899	P41143	337.527
C4R5R1	C4R7L2	2.15788
A0A6C0M5W0	A0ABF7PQ07	0.142216
Q82ZJ1	Q839Y8	1.09188
P13192	P36886	0.0935845
Q8U0E8	Q8U4N1	5.83915
Q9USH1	Q9Y7N2	0.20514
Q96N11	Q96SY0	0.231269
P11471	P92276	0.0287689
P13498	P19878	4.72131
A4VEB3	I7M9J2	0.520056
Q8U0E4	Q8U0M5	1.2517
O80634	P26288	0.217025
P61024	Q86VP6	1.19158
P9WGG7	P9WGZ1	0.238969
I7M9J2	I7MHB1	0.36175
P38786	P53833	0.193017
Q15819	Q96FW1	21.8338
Q04601	Q12379	0.242692
P0AAG0	P23847	0.205493
A0A4V8GZZ5	A0A4V8GZZ9	0.0604641
Q8TF46	Q96B26	1.12807
P14406	P14854	290.096
O82504	Q9FJ98	1.12498
I4BTY8	I4BTZ1	0.0653491
Q56220	Q56227	16.3444
P21082	P21087	0.203532
Q1HFX0	Q1HGH8	13.7504
I7M9J2	Q24DI9	1.53882
P16002	P17227	0.0107143
A9WEV6	A9WEV7	0.118284
P04844	P43308	0.129589
Q15382	Q9BVC4	182.414
P60239	Q50755	0.146899
F2QT92	F2QZ97	17.4744
P63000	Q9NYB9	196.005
A0A2K3CY83	A0A2K3DVJ8	0.268057
A0A3G1AUL2	A0A482JYH1	0.0113499
A6VF31	A6VF36	0.380978
A0A2K1JDE1	A0A2K1JDR4	0.134842
P67775	Q9Y3A3	193.17
P41812	P53833	0.237562
M1VKK5	Q85FY0	0.151046
Q8DKF5	Q8DL32	1.85754
P07839	Q05093	0.0347396
D0VX28	D0VX30	176.365
Q10317	Q9Y821	0.319791
B8YB58	B8YB62	0.422085
Q13868	Q9Y2L1	0.202712
P0A410	Q8YQ35	0
M1VFJ4	Q85FS9	0.0745946
A0A923IZ11	A0A923IZB8	0.175737
A0A3G1ATU7	A0A482JYH1	0
P13498	P63000	4.23408
P0DP25	Q93100	0.070872
Q9H0H0	Q9NVR2	0.987935
Q9W0I7	Q9XYU0	77.6454
P37557	Q06796	0.239073
W5DS33	W5E8X2	81.0038
P09144	Q75VY4	0.0142716
A0A287BAW0	A0A4X1TFI3	95.2602
A0A063XCP1	A0A063XF22	0.570606
Q39255	Q9SQR3	0.404588
P40993	Q12530	0.283632
A0A6C0M829	A0ABF7PQ06	0.258149
Q9V138	Q9V1V0	17.4014
Q32P73	Q5E9B8	195.677
A0A0F6NFW5	A0A0M3KL13	0.0296086
O48446	O48449	0.171045
Q8DKF4	Q8DL30	0.225309
C4LZQ8	C4M9F4	31.6668
P00579	P41065	0.19406
P52324	P58066	0.396943
A0AA82WNZ8	A0AA82WP00	0.165395
E7FI44	Q8U2E4	0.239486
Q96MD2	Q9Y664	195.687
P12154	Q75VY6	0.00834167
A0A2D0TC99	A0A2D0TCB4	0.226046
B7GL97	B7GL98	0.191294
P61994	P62010	24.0477
P19573	P19845	0.099314
P20986	P68610	0.183985
A0A072ZDF7	E2RXT9	0.149925
S8ETI9	S8F0U0	0.299864
P0C6T2	Q9NRP0	0.337203
P50990	P61758	3.50494
Q38B96	Q57XX1	26.3232
P61964	Q9C005	164.217
D0C9P6	D0CD14	0
Q8DJ02	Q8DMU4	0.149459
C4QWA8	C4R4Y0	0.560229
A0A5C2GTV1	A0A5C2GVU3	0.303528
Q9FHW7	Q9MAA7	2.33988
O81097	Q39212	24.2457
O00483	P10176	141.317
Q6PJ21	Q99877	3.70199
Q68CZ6	Q99871	194.091
P61758	P78371	3.54499
Q6PJ21	Q99878	4.53191
P10176	P14854	0
P53969	P80967	0.128471
Q3T0Q3	Q5E9B8	8.34746
P62820	Q6ZNE5	4.00987
Q85FS9	Q85G47	0
A0A2P6TKF8	A0A2P6TMX4	0.104285
O94376	Q9US45	1.83937
A0T0V0	B8LEV1	0
O14972	Q9UBQ0	181.694
A0A3Q7H1U4	A0A3Q7I5D6	2.24398
O66841	O67334	37.737
P84077	Q9H4A6	1.56634
O81097	Q9FJ98	0.219749
A0QNR1	A0QWR2	0.230819
B7I7S0	B7IBC2	0.314872
E9NPX1	I0YQ45	0
P25515	P32341	0.497587
Q99JY9	Q9CPW4	101.54
P31479	P31556	0
P32349	P36121	0.506306
P0C0S5	Q9NPF5	1.57255
P27521	P56766	0.00814343
Q5JS54	Q969U7	0.179878
O66841	O67337	7.87429
A0A175JJM9	C4M5A0	84.7539
A0AAN0Y0S4	A0AAN0Y138	0.0660809
Q1HFW2	Q1HGH9	0.564626
P63000	Q8WUW1	97.495
A0A1S3YXM6	A0A1S3ZQT7	0.223113
Q7Z3J2	Q8TCE6	0.347487
A6VF34	A6VF38	3.93427
P41208	Q13889	1.9043
O43036	Q09177	5.24726
Q8DL61	Q8DMU4	0.0853247
P78371	Q13885	565.979
B6STT2	B6TXS5	0.141526
B8YB59	B8YB63	0.14365
O32231	P20282	0.242969
Q45871	Q8KHU9	0.169722
Q9KXS1	Q9RKY0	0.189337
Q980A3	Q980L5	0.37883
P40938	Q99638	9.62466
O85388	Q83ER7	0.116864
Q8A0S2	Q8A1P7	0.0459661
Q86VX2	Q9NX08	2.21724
C1K003	D0FXW7	0
Q31N15	Q31QK2	0.302247
Q8DL30	Q8DMA1	0.288893
A0A125YPC9	A0A125YZP0	0.0281915
P43307	P51571	174.149
B8YB55	B8YB60	0.843856
A0AAN0NP81	A9WEV6	0.0193804
F2Z4C9	Q3T0Q3	194.525
A0A0G4GX86	A0A0G4I0G6	0.202111
G0S9A0	G0SCD1	3.70963
A0A7U3Y815	B7IA16	0.0735474
A0A241XG65	E2RXT0	0.03439
D0VX28	Q5ZLR5	111.529
O74483	O74499	128.34
P36012	P38907	0.596623
A0A125YN38	A0A125YZN9	0.498507
O95456	P28074	0.727912
P06627	P0A6Y1	0.339207
F4KF14	Q9C567	0.278377
P11521	Q4JAY4	0.353011
A0A1J7CBX1	A0A1M6R974	0.0637091
Q4FZW5	Q7ZYJ8	173.187
A0A2K1JC42	A0A2K1KIF2	0.0299068
P28074	Q969U7	0.114097
A8IKI9	Q9FQ96	3.229
A5F5X1	A5F5Y7	0.260133
Q9V461	Q9XYU1	11.8707
Q7Z4G1	Q86X83	3.56754
A0A0D3BZZ8	A0A0D3DUD8	0.460093
Q949Q5	Q9SUI6	0.0394089
D0CD06	D0CD14	0.0457754
A0A0D9S9I7	Q1AL63	104.303
P36886	Q43485	0.0230205
D0VX29	F1NC51	0.101492
B8YB56	B8YB60	11.7669
B0C475	B0C4H4	0.0062237
A0A1G4KPQ9	F2R0J6	0.247359
D3UXR2	D3V6L5	0.563466
A4VD15	I7LT80	1.06765
P36039	Q12025	0.39169
Q5D869	Q9FLM8	0.513644
P39543	P47133	0.266172
P00426	Q01321	149.848
P0A423	P0A427	0
A0A2X1PQW4	C3SR57	1.06929
P07766	Q861F7	163.253
A8IJ60	A8J353	0.200748
Q969L4	Q9P2I0	8.33523
Q389F5	Q586X1	0.155101
Q8DJU2	Q8DL29	0.0522112
Q92966	Q9Y2Y1	0.17525
P04234	Q861F7	10.4844
A0A0G4FL36	A0A0G4HFQ7	0.0883276
S8G3J1	S8GML4	0.456775
P40571	P41812	0.156524
Q8DJ02	Q8DKF5	0.838801
F5HBE8	Q9C1J0	0.169057
Q8DIF8	Q8DLJ8	0.292954
A0A3B6IU74	Q5I7K2	89.9477
T1RJT6	T1RJW8	0
A0A1S3TUX2	A0A1S3V319	0.225513
B7I2K7	B7I7S0	0.30074
F2QRE4	F2QZ97	7.06233
P52324	Q9A8S9	0.310755
D0VX28	P18946	118.512
Q8DKF4	Q8DMA1	0.182963
Q9LTI0	Q9SN86	0.139603
A0A6S8PC30	A0A7S3VSS7	0.0284873
A0A5H1ZR95	D7P6B9	0.068299
I7M9J2	Q22MV2	0.706687
O00483	P15954	118.029
P03929	P13621	0.115735
Q9NQT5	Q9Y2L1	0.704187
O42978	O74483	183.671
A0A1S3TNX9	A0A1S3U1E4	0.0469892
O70394	Q00560	0.150022
A0T0M9	B8C770	0.0266311
A8HPD0	P31556	0
P0AE06	P75818	0.213826
P9WGH9	P9WGZ1	0.425392
A0A063X8U6	A0A063XCH0	1.72167
O95456	Q9BT73	0.161914
Q9HAW0	Q9Y2Y1	176.108
Q38B96	Q57ZP0	0.0733333
A0A5H1ZR73	D7P6B9	0.118516
P04439	P09693	8.48701
P00166	Q9M3L0	0.0163306
A9J4K0	A9J4K2	0.130464
W5E8X2	W5EP45	76.6107
P25574	Q12431	0.0911915
A0A125YZN9	S7W617	0.848528
Q9LU21	Q9SGH4	0.14775
P49368	P61758	4.79528
C3SR12	C3SR52	0.0723598
Q9KPS2	Q9X4Q8	0.137497
P35249	P35251	13.4636
P25788	Q5JS54	3.67875
P25359	P38801	0.373883
Q8DIN9	Q8DMP8	1.30992
Q6C326	Q6C877	33.8209
P29496	P50874	6.29293
P38801	P46948	2.08366
P53905	P57743	115.27
T1RIT2	T1RJ07	0.0240196
A0A481DF93	P60899	181.952
P05807	P21603	0.359857
Q99471	Q99832	0.418849
Q13352	Q8N0S6	1.36382
Q56220	Q56229	4.49727
A1E9J0	Q9LKC7	0.0261007
A0R201	A0R206	1.88482
F2RGQ4	F2RIS5	0.364706
M1UU36	Q85FY0	0.0908678
Q1HFW0	Q1HGH9	0.825765
P42285	Q9NQT4	0.312251
A0A8D1AQR7	A0A8W4F9W9	103.609
P02293	P31376	3.6082
B7GL96	B7GL98	0.388495
P20459	P32501	26.1689
B6STT2	B6TR16	0.0735305
P80371	Q5SJH3	0.263228
P06129	P0A855	0.119131
Q83ER7	Q83ES8	0.276016
P32842	P38784	0.0668037
A0A0A7HF79	A0A811IGE5	0.256804
P06710	P28905	0.344886
Q7Z4L5	Q96RY7	0.332749
A0ACD6B9F7	A0ACD6B9F9	0.0859298
B7IA15	B7IA33	0.138212
A4VD75	Q22MV2	0.264203
A8J4K5	A8J7I9	0
O13964	Q9Y7N2	0.703977
Q9P6Q0	Q9Y821	0.290235
Q8IVV7	Q9NWU2	207.762
P62820	Q14457	1.75997
P07678	P09218	0.129297
Q2FW15	Q2G2D3	0.0972191
D2CVN7	Q23AJ0	0.395956
Q9NVH2	Q9NVM9	0.320445
Q9CVB6	Q9JM76	177.473
Q8DKZ3	Q8DLL4	0.0262257
O00483	P09669	125.383
A0A411AKL6	A0A411AKN6	0.245747
Q56219	Q60019	0.264695
C4M0Z2	C4M5V7	53.3609
P20979	P21087	0.196387
A0A8D1B522	I3LCB2	0.124418
P00044	P08067	70.952
O00483	P14406	71.9628
Q97ZJ9	Q980R1	0.667475
Q86V25	Q9BVA1	2.60318
Q8DIP0	Q8DMP8	0.442602
P29469	Q12488	3.55235
P0A3Y1	Q93SX0	0
Q8DKZ3	Q8DLN5	0.245733
F2QRE4	F2R0J7	3.14805
P00045	P08067	67.402
P01730	Q6N030	0.398893
P04310	P68611	0.144637
Q03776	Q08920	3.12435
Q8DJD9	Q8DLL4	0.323517
A0A3Q7F5X2	A0A3Q7JYM3	43.4524
A9WEV2	A9WEV7	0.147674
P25644	P47017	4.7184
A0A0D3D418	A0A0D3DS91	61.9152
B8YB60	B8YB62	12.4656
A0A1G4KPQ9	F2QS38	0.0710414
P19056	P26240	0.0447708
M1VFJ4	Q85FS8	0
P36958	Q9VFB5	188.395
P42935	Q02884	0.519283
I7MLZ4	Q24CL2	0.521675
P40070	Q06406	32.5081
O15144	Q9BPX5	169.386
A0A8D0JYF1	A0A8D1DPV6	0.819132
A8IY95	Q39584	0.316918
P49815	Q5MNZ6	0.289496
P14794	Q54VN6	39.1958
P69416	Q43485	0
Q8DG60	Q8DHJ2	0.0527203
Q26454	Q9XYU1	13.5515
Q10317	Q9Y7N2	0.34317
P49735	Q9W2V7	3.15152
P20998	P68608	0.446116
Q00597	Q8NB91	0.405971
P02930	P75831	0.288746
B7IA33	B7IA35	0.0457582
Q6IGW6	Q7K036	0.276353
P53833	Q12530	0.385917
A8IKI9	P23662	1.87798
P58564	Q8YQ35	0.0496845
I0YQ44	I0Z687	0.0531899
O94705	P79010	0.16926
P38263	P40208	1.26185
P0A6E6	P0ABA4	0.917246
P13165	P36886	0.0150551
A0AAN0Y0L1	A0AAN0Y3T9	2.86849
Q5TA45	Q96SY0	178.693
P15954	P24311	0
A3DH98	A3DJK1	0.442813
I4BTY9	I4BTZ1	0.156702
O95619	Q9GZN1	220.305
A0A3Q7HBR5	A0A3Q7JYM3	67.0015
P20248	P61024	162.616
Q5ZIS0	Q9YHT1	101.602
P00423	Q01321	0.0265551
Q6ZED3	Q6ZED4	0.173496
A0A8D1B522	A0A8W4F9W9	0.25499
A0A2K9VK89	A0A2K9VKD2	0.220312
P0AAH0	P0AG82	0.247194
A0A1S3X2G3	A0A1S3YXM6	0.365501
P50110	P80967	0.0494801
A0R1Z9	A0R206	0.170045
P32480	P61830	3.82238
P32422	P73069	0
A0A0G2K9J2	P62815	189.762
P72798	Q57038	0.179903
A0A379PIR4	A0A379PL92	0.274286
Q9VF82	Q9VLI9	87.6813
Q2FKZ1	Q2FRF6	0.199212
P39656	P51571	0.174374
P61201	Q93034	297.82
E9Q9F6	Q9CQP8	0.265403
B3H6Z4	P26289	0.151897
B8YB54	B8YB64	0.243038
C3SQR7	C3SR52	0.020503
P29496	P47112	0.431339
B3H6Z4	Q9ASS6	3.2042
P10964	P32786	0.267014
P09144	Q75VY9	0.0311957
O60925	P78371	1.99239
P14854	P24311	218.947
Q9UKT4	Q9UM13	0.368438
Q13042	Q9UJX3	6.9584
B2RH82	B2RK12	0.149061
A0ACD6BA40	A0ACD6BA44	0.289453
Q5JH24	Q5JI52	0.374651
Q2FME3	Q2FRM0	0.200472
A0QU28	A0QU34	5.02542
Q2FME3	Q2FRL9	0.180927
A0A2M9V7H9	A0A9X9IKM4	0.492026
Q8SD63	Q8SDD3	0.216898
P82350	Q62147	0.0398842
O75818	P78345	0.838176
Q8DL29	Q8DMA1	0.218619
A0ACD6B8J3	A0ACD6B8J5	0.139857
Q6IV62	Q6IV65	0.172058
P08679	P52286	1.64372
B6TR16	P30980	0
A0A2D0TC97	A0A2D0TC99	0.239458
Q86X83	Q9P000	3.48586
P08306	P77921	0.0739597
A0A063XFC1	F5HRS9	0.130742
Q00457	Q00460	0.0638561
P74352	P74565	0.397028
A0A6S8PC30	A0A7S3VHS4	0.0949223
P58573	Q8YQ35	0.0486239
P26288	P56751	0.327033
Q0IIM2	Q1JQ97	137.53
A6VF33	A6VF38	1.3607
P21466	P21471	0.175392
Q8DKZ3	Q8DL29	0.263418
C6KI89	Q9CQP8	0.222622
P01750	P18526	0.0787494
G0RZG4	G0RZX8	0.994268
A0AAN0Y0L1	A0AAN0Y4G9	0.295832
P60292	Q8U0M2	2.17017
Q9P000	Q9UBI1	9.63398
P32776	Q3E7C1	1.3527
A0QNR7	A0QWR2	0.108755
O08915	Q9R0Q7	0.324413
A3M140	A3M144	1.55211
A0ABF7PQ09	Q9XQN8	0.14708
A0A7R9MZV2	A0ACD6B9G0	0.0343641
W5FEZ3	W5I1R7	107.142
Q9VGW6	Q9XYU0	130.842
A0A5C2G4I7	A0A5C2GTV1	0.14141
A6MVS8	A6MVV1	0
A0A7U3Y808	B7IA16	1.26881
Q8N766	Q9Y3B6	0.299597
P46964	Q99380	0
P0C5R9	P32341	0.229384
P54709	Q9UGV2	0.224411
A0A7S0UQ60	A0A7S0UWZ2	1.07406
P41733	P49018	17.6869
P27521	Q9SY97	0.0233206
P00289	Q9M3L0	0.0844854
A0A445CQN5	A0A445CVZ9	1.14578
F2QS38	F2QVW8	0.235639
A8IH07	A8J3C3	0.471668
M9NUS9	M9NVD3	0.227599
P19658	P32844	0.641127
P14224	Q75VY7	0.0291332
P01096	P13619	0.290854
Q389W4	Q57WL2	0.386804
C4LTS8	C4LVC0	0.745407
Q9L0L0	Q9L2H5	0.258788
P62330	P62820	86.4561
P36213	Q43485	0.0204878
P0DOX5	Q6GMX6	0.326494
O13964	P87310	0.395833
W5E8X2	W5FWF5	78.2244
P09669	Q9BW72	5.71824
P60312	Q9RKY0	0.229554
Q15843	Q9UBF6	230.052
P00165	Q9M3L0	0
P16679	P16688	0.162142
P39110	P39937	0.560937
B7I7S0	B7IA40	0.999689
Q2T9T3	Q3T0Q3	211.075
Q8SD18	Q8SDD2	0.151943
P42285	Q15024	0.34547
A0A6C0M5W1	A0ABF7PQ09	0.167779
A0A2K3DG79	A8IS47	0.158557
A0A2L1CAX0	A0A2L1CBG2	0.398966
Q95695	Q9LU21	0.0624443
Q12262	Q2V2P8	0.550003
Q9FG89	Q9SCY3	0.0686897
O80634	P56752	0.258595
A0A1D5UKZ4	A0A3B6RHV8	64.0087
Q5SHR6	Q5SJG6	0.288116
A0A1S3UMA0	A0A1S3V319	0.080625
O00483	P20674	164.206
P36595	Q09177	80.3433
P0AFD4	P0AFF0	0.320285
A4VEB3	Q22MV2	10.1495
A0A2K3D591	Q9AU02	6.6765
Q82ZI6	Q839F0	0.121847
D0C5Y9	D0CAU9	0.191011
A0AAN0Y0L1	A0AAN0Y0S4	0.153237
Q53W63	Q8RQE7	0.239731
P56766	Q9C639	0.00970833
Q6C877	Q6CFT7	34.0986
P0AFK9	P69874	0.295992
F2QPE6	F2QTN1	75.1632
C3SQX2	C3SYP2	1.28541
Q8NBT2	Q9H081	179.4
Q2FZG8	Q2G1T9	0.239776
P56751	Q9S9N6	0.295354
P21087	P68608	0.256677
Q2FW31	Q2G113	0.111454
Q85FP8	Q85G51	0.0535714
B0C4H4	B0C7S4	0.0156019
P14736	Q12004	0.411333
A0QU33	A0QU34	9.48639
A0A1D5UKZ4	W5I035	11.5606
P04844	P0C6T2	0.120058
P38957	P40465	0.355734
A0A0G4GX71	A0A0G4GX86	0.171004
A1E5T9	A5F9W9	0.371297
Q12004	Q3E7C1	3.14846
Q93034	Q99627	294.617
B8YB59	B8YB64	0.215808
F2Z4H3	Q5E9B8	133.544
Q9ASS6	Q9FG89	1.54815
Q8TB45	Q9BVC4	214.044
P60239	Q50754	0.263584
P21707	P63025	375.983
P0DOX7	Q6PIL8	1.09575
O60921	P40937	263.706
Q86VX2	Q86X83	0.673869
C9ZW42	D0A2N9	0.0884711
O35011	P12464	0.151324
F5HCH8	F5HET4	0.104707
C4M5V7	C4M7H3	28.6662
O94581	P79010	24.6162
P73069	Q55329	0.0372076
Q8DJ02	Q8DL61	0.17865
A0ACD6B989	P58568	0.00956097
A0A4X1VYD0	A0A8D1DPV6	1.38848
W5FEZ3	W5FWF5	77.8036
P50990	Q9NQP4	2.06327
P24361	P68633	0.135726
P03205	P03212	0.274426
F2Z4H3	Q32P73	14.4397
M9NUF1	M9NUS9	0.337194
P51955	Q13042	4.32581
A0A1D5UKZ4	A0A3B6IU74	82.2211
P39471	Q4JB12	0.47601
A0AAN0Y138	A0AAN0Y440	0.206667
O15527	P0C0S8	3.99748
F2R611	F2RCK7	0.638697
C3SIV2	C3SR62	0.0617892
Q6CL08	Q6CUS2	0.442784
F2Z4H3	Q1JQ91	114.473
O15511	P61158	102.929
A0QSL5	A0QSL6	0.0587892
Q86VX2	Q9H0A8	0.451608
E1C9K8	E1C9L0	0.0519324
C1DMA8	Q9F5Y0	0.0173807
A0A7M4DUC2	A0A8D0JYF1	0.813352
Q9V1V0	Q9V1V5	1.09883
P56766	Q01667	0.0356238
B1INP5	B1INP9	0.169657
B3H6Z4	Q94AQ8	0.128293
O68394	O68396	0
B8BRQ8	B8BUW3	0.127277
A0A6P3ED73	K4P217	171.561
Q96L50	Q9BVW5	1.33195
A4QNS4	Q6PHL7	87.4613
Q8DLJ8	Q9F1K9	0.177849
A8IJY7	P42380	0.375738
P9WGZ1	P9WJG3	0.421781
Q1HFX4	Q1HGH9	0.425062
C1DMA6	Q9F5Y0	0.165956
P35729	P52891	0.380216
Q9V195	Q9V1A0	12.1855
O74471	P21534	18.3591
Q7Z4H7	Q96CS2	0.942371
P21603	P68611	0.206517
O14010	O60104	0.657638
Q6DCZ1	Q800A4	0.765018
Q9S9N6	Q9SGH4	0.141047
A0A1S3YU01	P06269	0.218132
Q8N668	Q9Y6G5	2.15662
Q54G86	Q54XI5	68.5416
P68439	P68449	0.274194
P11514	P46217	1.34179
A0A2D0TCA6	A0A2D0TCB4	0.300364
Q2FKZ0	Q2FKZ4	0.177835
A0A069PXX1	A0A140S919	0.119804
O82504	Q9LK40	0.216492
P0A420	P0A425	0.0434255
O14010	P87310	1.42096
Q14566	Q9UBD5	33.8285
P9WHJ5	P9WJG3	0.348849
P07839	Q75VY8	0.0157495
A0A4X1VKG7	A0A8D1AQR7	133.544
D0MDD8	D0MDD9	0.146294
P38153	P47064	10.2126
Q9SA56	Q9SYW8	0.0424964
D0C5Q3	D0C5Z0	0.186204
Q2FKZ4	Q2FME3	0.124035
Q13618	Q9H9Q2	311.083
B7IA22	B7IA40	0
A0A2P6TMX4	A0A2P6TPV8	0.160448
P48643	Q99471	0.489318
Q9SUI6	Q9SY97	0.056385
M1UU36	Q85FS9	0.159971
O15360	Q9HB96	0.477883
D0VX30	F1NC51	78.9164
Q8DKF3	Q8DMR6	0.239848
B8YB61	B8YB64	0.979605
O23629	Q9XFH4	2.78015
A7NJ90	A7NJ91	0.161674
A0A063XF22	A0A063XFC1	0.0129626
P38203	P53905	125.747
F2QVA2	F2R0J6	18.5821
P25293	P32835	0.495604
F2QT90	F2QVA2	12.0951
A0QWT1	I7G3U5	0.191518
A0A2B7I5M8	A0A2B7JN02	0.169829
A0A6P3E3I5	O78755	136.427
P96077	Q5SHN9	10.216
F2Z660	Q6C674	1.17568
Q9VMU0	Q9W402	16.4114
A0A3Q7HQH0	Q53U38	96.289
B8BYV4	B8C2K6	0.0670726
A2RNQ1	A2RP61	0.0295151
A0A8D2CGH8	F1RWL7	0.0875046
P0A0H0	Q2FW31	0.00831777
P58064	Q9CXW2	135.605
Q9BQC6	Q9H4K7	0.986888
O00541	P83881	7.66927
Q6CM18	Q6CNL2	92.3383
P26565	Q8HTL2	0.428411
Q4E078	Q4E581	23.7572
G1U2Z9	G1U7M4	105.617
A2RIX0	A2RNN6	0.0756435
P14126	P34232	0.803912
P00420	P08525	3.07569
Q8WUD4	Q9HCS7	0.599556
G0SI44	P0CT45	0.0453791
P32569	Q06213	0.831567
Q6C674	Q6CI60	0.43471
Q383R4	Q389L3	0.206123
P17076	P36160	6.06314
A0ACD6BAN1	A0ACD6BAN3	0.604969
O43920	O96000	169.613
Q4DET1	Q4DS13	0.130536
A0A0M3KL53	A0A287AQT5	136.153
Q06411	Q12417	0.927694
Q229S1	Q24CL2	0.615521
P0CX29	Q99216	76.2714
Q236T0	Q24F59	4.82735
A8B2Q4	A8BN26	51.3388
P0AG20	P0AG63	0.123016
G0S8F1	G0SGT6	1.69721
F1RGE3	Q7IIB7	2.02813
P0DOY8	Q5SHN3	0.126305
P26565	Q84U21	0.0646429
A0A287A0K2	F1SGC7	4.21549
P32569	P33308	0.641238
P62899	Q9NVX2	1.05625
Q7MWL2	Q7MXK8	0.136227
A0A0G9LZG6	A0A0H0YAF4	0.238442
P18931	Q9W380	0.0703512
Q4FQ63	Q4FUE9	0.0490736
A0A0U5AR65	A0A660JH71	0.0564932
P21372	Q06217	37.5659
P25398	Q9BRS2	185.641
P05749	P25808	9.21501
Q22DC6	Q22W26	14.9019
P60129	Q9SHR7	0
O97725	P03910	136.924
P61941	Q72I11	0.150333
A0A8D1KNW4	I3LCB2	0.173491
Q4CT44	Q4DY17	0.284211
G0S101	G0S683	3.19777
P05767	Q09127	73.2011
A0A2B7IGT1	A0A2B7IYF8	0.17276
A2RLA4	A2RMR2	0.0423951
G0S215	G0SC29	1.01212
P62888	Q99848	3.35146
P10972	P32411	1.92065
Q02369	Q02827	148.974
O97418	P91929	11.2643
Q72HB8	Q72HR3	8.48584
E1UWB7	E1UWB9	0.0942371
A2DEJ9	A2EHK3	45.6493
Q4DX19	Q4DYR0	0.0887202
A0T0V1	A0T0W4	0
A0A3Q8IJC5	A0A504XVT8	1.49175
A0A3B6N0N5	A0A3B6PK86	56.4072
G0RYG4	G0SAJ9	8.03043
P0A387	P0DM37	0.0400577
A0A1B4XKT1	A0A1B4XR98	0.864412
P60494	Q5SKU1	0.0675039
P02406	P0CG63	6.60177
P03896	Q7PL91	16.5766
P17568	Q9NX14	156.813
A4HSQ5	Q9GNZ8	14.9323
O60524	P42766	1.80756
A0A4X1SNY5	A0A8D1TTB3	1.5116
P75540	Q50300	0.90804
P82915	P82922	170.177
O42932	O74988	0.466159
P02721	P03929	0.0607464
Q8R2L5	Q9CPX7	139.548
E9BCX6	E9BP34	36.5585
A0A2K3CQY8	A0A2K3DPT3	0.240152
Q2FEP6	Q2FG82	0.328679
A0A8D1EYI7	F1SV23	119.615
G0S620	G0S7S7	0.435284
A0A125YJX3	B9PZF2	0.28713
G0S435	G0SBN1	3.97169
A0QS45	A0R7F6	3.95056
A0A077UG91	A0A077VMP6	0.131425
P61254	Q9NVX2	1.0253
G1SHG0	G1SYU7	113.64
P19946	P19947	0.188762
Q4DWR5	Q4E2D1	0.179916
P62750	Q9NXF1	1.35702
Q4D1H8	Q4E661	39.6295
A0A3B6C2W3	W5ECL2	1.37228
P35178	P40007	0.792301
A8JFR3	Q2XQY7	0.395265
P56751	Q2V2S7	0.246505
P18934	Q6IDF5	0
A0A6J4B037	A0A6J4B150	0.0581122
A0A1B4XKT9	A0A1B4XMC1	1.13313
G0SAE9	G1DJA2	2.22903
A0ACD6B9M1	A0ACD6B9N5	0.14176
A0A218P4I2	A0A218P4N5	9.15685
O60306	Q9Y314	0.361654
P62277	Q9UI30	7.83698
A0A222AI58	A0A222AI69	0
A0A1B1W4Z4	Q9SGH4	0.124814
P96077	Q5SHN8	1.68506
O74895	Q10192	98.7414
A0A291AXD7	A0A291AXG1	0.0236749
Q9HVY2	Q9HWE5	0.905853
A0A1D8N3H5	S5U3X7	0.121596
A0A1D8N7X0	S5U4R9	0.844654
E1UWB7	E1UWD4	0
P39990	Q06512	12.1953
A8I1D3	A8INR7	0.0399729
Q9HWC5	Q9HWE2	1.79052
G0SBX1	G0SEI0	0.566956
O51247	O51456	0.058918
P15690	Q02376	139.489
P21468	P46899	0.22193
P0DJ14	P0DJ20	10.5069
Q50304	Q50308	0.00860079
P46775	P75581	0.173306
Q9CR59	Q9D0Q7	112.203
P60430	Q2FXQ0	0.424735
P25043	Q12250	80.9545
O14180	O94658	3.97825
G0S0R3	G1DJ98	0.614749
F2Z522	F2Z546	70.3293
Q8R035	Q9CQL5	148.418
P18422	P40112	163.248
Q7S1R6	Q7SA60	0.266624
C4LSU3	C4M3F3	21.6182
A0T0W4	B8BU33	0
A0A077UZF4	A0A077VHU6	0.556731
Q4D0Q8	Q4DX83	0.215816
Q1K7L7	V5IMN1	0.236249
E1UWA8	E1UWE1	0.316854
O95478	Q9BRT6	7.01327
G0S5S8	G0SHK0	3.20864
Q2FER4	Q2FJP8	0.111454
A0A8I3PCE5	A0A8I3RXV3	210.708
Q9VPE2	Q9W380	0.0725212
V5BCU3	V5BW71	38.2561
C3SR17	C3SRY2	0.114472
P51398	P82675	199.607
Q05468	Q12522	2.16946
C4R2U9	C4R6B2	0.401552
A0A480KM09	A0A8D2CGH8	0.0748349
Q4DBB7	Q4DZA7	0.33174
A0A1D8NKB4	A0A1H6PPE5	0.160389
P62314	Q9BWJ5	165.365
P0A7Q6	P25519	0.462071
A0A1S3WY31	A0A1S3XU79	53.7009
Q4G3B5	Q4G3B9	0.0751124
F1SL07	F1SV23	135.557
Q72HB8	Q72IA7	0.682546
Q9VJZ4	Q9W402	8.15544
A0A8I6Y1Z8	F2D3G1	0.346282
Q8TJT2	Q8TRT2	4.79048
B5FVF3	Q6C674	0.0508936
Q8VDF2	Q9CWF2	1.6632
Q8K013	Q9D7N6	0.136612
A0A8D1TL60	F1RGE3	0.0491651
I6UZV3	I6UZW2	0.966704
A0A371CB65	Q9UUT7	1.04266
A0A0U4VSH7	A0A0U5AD18	0.414038
B5FVG1	F2Z673	0.290779
Q4CVW1	Q4DTE7	0.336371
P20436	P38782	0.483515
A0A4X1VEK9	A0A8D1GCS3	0.195866
O60164	Q9USZ6	2.83338
P12877	P21469	1.12663
P42921	Q06796	0.671874
G0S8F1	G0SHJ6	3.23299
A0A6J4B0A4	A0A6J4B112	0.0657378
Q38C84	Q582T1	0.0472077
O94288	Q9USG6	1.09288
P0CT68	P17937	57.3872
A0A1D8NKB4	Q9UUT8	0.0615488
Q9URY0	Q9USR7	0.723004
Q9CPR5	Q9CWT6	3.06457
C3SQY7	C3SR27	0.0203165
G0SFL0	G0SH61	86.953
A0A286ZTW8	A0A480QIM3	163.619
P82918	P82923	141.034
B5FVF8	Q9B6C8	2.28904
E1UWB1	E1UWB6	3.52637
A0A8D1EYI7	A0A8D1FN21	127.974
A0QS45	A0QSD6	0.476664
A0QS97	A0R549	1.4917
A0A1D8N3C8	S5TMP9	0.322216
E1UWC3	E1UWD3	1.19499
C4LW09	C4LYF9	3.61813
A0AA36INE2	A0AA36N6D6	0.146898
I6UZW2	I6V297	0.378699
G1SWM1	G1TZ76	223.881
A0A077UDU1	A0A077UGW7	0.6054
Q10013	Q9N4G9	88.7827
Q5SKU1	Q5SM01	0.239845
P61055	P66611	0.210857
A0A2K3D8F3	A0A2K3D9N2	0.234335
E9BJV7	Q9BIJ5	30.018
Q8VCS6	Q99K74	1.04232
Q7Z6M4	Q9BZE1	0.625714
Q9VJZ4	Q9VQM2	8.86937
A0A3Q8IVH0	A0A504XH29	7.37765
A0A4X1T0A8	O79875	141.072
A0A8N7XJ18	A0A8N7XJG2	162.393
Q4CT44	Q4DV41	0.283848
C6KSY6	O96184	74.9862
B5RSK3	Q6C7X4	0.0961739
Q4DGZ5	Q4DW38	31.8304
P60866	Q2NL82	2.74927
Q6RFH5	Q99848	190.448
A2RHH0	A2RP62	0.145092
Q99N95	Q9D1N9	142.394
Q7S300	V5IMN1	0.41942
P96077	Q5SJE1	0.178642
Q9DC71	Q9DCA2	75.1291
P28076	P49722	120.007
A0A836CQA7	A0A8N7XJ18	139.988
P34162	P38782	0.235319
P38202	P38779	1.20694
R4ZGW6	R4ZGZ0	0.0258285
G0S832	G0SG89	1.4056
O51646	P94270	1.53712
A0A7S3TFW5	Q4G3F5	0.0281997
A0A8I5ZWI2	Q5M7T6	1.91296
Q7RYW8	Q7S5W0	0.436442
A0A2K3DR41	A0A2K3E5Q8	0.247943
P66054	Q927L4	1.41854
P60426	P66461	2.93072
O51646	P94268	1.44107
I6U853	I6UQN5	0.11052
A0A6P3EI17	A0A835ZPN7	157.303
P29388	Q9ZPY5	0.176291
Q5RL20	Q9D0Y8	119.687
A0QSD6	A0QYU7	0.014808
A0A037Y8L6	C3TE02	0.0713938
E1UWB7	E1UWD9	0.417349
O74399	P36585	48.1767
A2D8G1	A2F8Y8	68.1837
G5E814	Q99LC3	99.3003
P36954	Q9UL03	1.87153
G0S8F1	G0SFN0	2.88164
Q8WUA2	Q9Y3C6	22.947
A0A6P3E9B7	O78755	124.923
A0A3Q8I959	A0A3Q8IJC5	7.10229
P62304	Q9NXE8	188.166
G0S0S8	G1DJ96	0.312897
D4A133	Q5FVI6	148.9
P30050	P56537	171.93
Q4DXW6	Q4E4R0	66.5344
A0A2D0TCJ0	P13555	0.0373984
A0A6G4QK55	D7URR3	0.370796
A0A071L3R7	A0A2V3DLV3	0.138823
G1TK17	G1U2Z9	1.04442
P36578	Q9UM00	0.431374
F2Z6D7	Q6C9Z1	2.40005
Q72I09	Q72L76	0.971951
B7NZS8	G1TGI6	6.35496
O80800	Q9FLX7	8.47445
P05737	P23301	1.65824
Q8NC60	Q9BYN8	0.326172
A0A9R0JIF6	Q9M3I8	0.0176768
P0A705	P60438	4.42504
A0A6P3EKX5	O78754	138.437
G0RZE2	G0SF87	15.5458
P75171	P75577	0.410614
P75447	P78023	0.0980916
P75238	P78026	0.0636842
A0A3Q7H1I0	A0A3Q7HQH0	96.3301
E1UWB4	E1UWC8	0.114554
Q9M3I8	Q9M3M1	0.289089
F1RWL7	P56632	133.058
P0A7S3	P0AG48	0.200752
A0A3B6C6X2	A0A3B6QBU0	49.78
Q4CPX3	Q4D583	0.112959
A0A2K3DYR4	A8JCA8	0.56971
P20436	P32585	0.349784
P80374	Q5SJE1	0
A0A371C2D0	S5TF58	3.1137
P46779	Q15050	1.91447
Q9CQA5	Q9CXU0	154.01
P18124	Q6RFH5	4.2641
P47813	P62851	152.092
P62314	Q96BP3	65.3018
P0CX29	P32497	1.46931
A4HVX3	A4IDD6	7.40309
P42677	Q9UBQ5	154.537
L0R8F8	Q9H4K7	0.123047
A0A0U1RS44	F1SGC6	144.971
Q9H2W6	Q9P015	186.717
C7DZL4	Q9VPE2	14.2575
Q9VTB4	Q9VTU2	0.181538
F2Z6C0	F2Z6D7	52.253
P39964	Q9UTK6	0.544119
G0S9B5	G0SGY1	134.026
O54408	Q03223	0.105565
O74904	Q9P784	63.1297
A0A6P3E975	A0A9J4RF63	162.837
A2RI10	A2RNQ6	0.106974
P50914	Q8TDD1	29.0444
Q04217	Q05498	2.05598
A0A3Q7GUG2	Q53U38	57.6547
P36056	Q02608	0.476891
P61941	P62442	0.332148
P25046	P32585	0.413444
Q9W380	Q9W3X7	0.0317625
A0A125YGX6	S8GKJ3	0.221871
G0S0Z3	G0S1R0	44.8637
A0ACD6BAN0	A0ACD6BAN3	0.121888
L0R8F8	Q9HD33	0.186343
P0DJ58	Q236T0	40.5141
Q9CXZ1	Q9ERS2	104.937
D0CAL1	D0CCR8	0.117808
P18930	P18932	1.96279
P56537	Q96EY4	2.22192
P25808	Q12522	22.7614
A0QSD5	A0QVB8	0.0364116
P05733	P05734	78.7083
P04456	P38861	1.29295
P0A8T7	P0AG59	0.197823
R1BTM8	R1DMQ2	0.128724
O51142	P49394	0.213627
P34162	Q06213	0.459569
P25451	P43583	0.766357
Q8WWY3	Q9Y333	195.763
A0A286ZU56	F1RHJ1	4.63236
O14818	P0CG47	3.50426
F2Z673	Q6C7X4	0.468509
O16376	Q17348	7.43354
I7MDA9	Q22KK0	0.825855
P62244	Q7L2H7	156.281
P03901	P56556	144.556
P18934	Q9VMI3	39.571
P53941	Q08096	28.6936
A0A6P7DQB1	A0A836CQA7	123.169
A0A1C8XRM6	D0FXX5	0.0673548
P62829	Q9BZE4	2.57639
Q4CXR4	Q4DGZ5	0.931556
A0A1D8NGI5	S5U3X7	0.224589
P25046	P29055	1.05999
P23724	P33298	67.0981
O51354	O51646	0.127622
P08525	P32799	1.18283
Q4DRG2	Q4DYR0	0.112598
Q84W12	Q94C12	0.0986116
P03910	Q7JAS9	0.574462
A0T0T1	A0T0U9	0.00860431
A0A7I4AUU1	A9RT62	0.0318905
Q4DC23	Q4DG45	82.8369
P75178	P75454	0.56439
A0A3B6SDD9	W5D739	91.5913
A0A286ZJR2	A0A5G2QZK0	10.6685
Q4DK40	Q4E088	22.0817
P08242	P09595	0.332063
A0A8D1EYI7	O79880	92.5667
A0A2K3CNM3	A0A2K3D9S4	0.575215
P75581	P78023	0.0326626
P02359	P0A8T7	0.359944
A0A2R6X3Q4	P31590	0.100349
G0S5L0	G0SEI0	0.875027
O51443	O51721	0.0545381
A8BN26	A8BNT5	0.00822312
Q4D583	Q4DIY1	0.225687
Q4CVW1	Q4CW80	0.253794
Q6C8J9	Q6CD73	4.02164
A2EBA2	A2FBZ2	13.6593
A0A1S4CWI7	A0A1S4DBQ8	81.0006
G1SHG0	G1TTN1	111.137
Q02377	Q02380	122.578
O00488	Q15050	189.81
P25582	Q12024	1.40146
P0CX29	Q06287	3.28205
O94658	P79015	1.82645
P05745	P40991	0.881343
P18933	Q6IDF5	0.293968
O00217	Q9NX14	160.18
I7JWJ2	P12191	0.00685871
O97725	P03898	107.695
P07280	Q03195	1.39703
G0S4Z9	G0S5L0	1.58148
P0A0H0	P60430	0.0976047
P62829	Q9UNZ5	0.0621934
F1RRN2	I3LNJ0	141.08
P12736	P29198	2.12548
A1B4F3	A1BA37	45.9368
A0A1D8N596	A0A1D8NGI5	0.380875
A8JDM3	Q27YU7	0.198943
P32902	P36056	0.424011
G0SH61	G0SI44	1.84317
Q5RL20	Q9CQ06	151.418
G3XD65	G3XD92	0.253984
O94288	P0CT60	1.49594
Q8TIN5	Q8TJ19	0.0234192
A0T0P5	A0T0T9	0.0672006
Q9BV90	Q9NX01	0.1928
P03896	Q9VMU0	24.1561
Q83AX9	Q83FC0	0.15961
Q4DTE7	Q4DX19	0.0603635
Q9VMU0	Q9W125	32.0129
P0AAT6	P60438	0.381089
P53145	Q02753	1.63376
P62304	Q15393	2.12252
P0A446	Q8DHJ2	0.0702061
A8BH61	A8BMD9	48.5572
Q16560	Q9NX01	0.516833
P26785	Q03862	2.12369
B3DML8	Q9VPE2	25.6631
Q2FW20	Q2G0N1	0.197134
G0S1R0	G0SHJ6	6.56338
P0AG20	P68919	0.192133
O75533	Q9BZL1	0.39767
P00425	Q01519	0.0521025
A0A2K3DAY3	A0A2K3DXG4	0.222322
A0A504XXD2	E9B8R9	28.2496
C5KJE7	C5LUI5	0.0532301
P04650	Q05468	1.63963
P60228	P62857	3.73656
A0A481DF93	A0A4X1VEK9	133.352
O43513	Q9H204	176.843
Q2FEQ8	Q2FHV3	0.192622
C7DZL4	Q9VZU4	28.0908
P55884	P62851	4.79437
P39744	P40693	0.720195
Q9RXJ2	Q9RXJ5	0.140097
A0A3B6AV88	Q5I7K2	76.5458
A2DSF3	A2G4E1	22.905
Q4CW80	Q4DLH4	0.151087
Q7SCZ3	Q7SGH0	0.463116
A8BE02	A8BKS8	70.51
O97313	Q8IDB0	95.4092
O14730	P62857	51.4554
P29084	Q92759	200.715
A0A6V2SE28	R1BKA6	0.157522
Q4CPD8	Q4E078	7.26772
Q02368	Q02380	133.967
A0A4V8H005	A0A4V8H009	0
P39990	P57743	94.3219
Q72I11	Q72IN1	0.0347011
O43920	P03905	178.115
P28320	Q06091	0.478027
Q6A7S4	Q6A9B3	0.237941
C7DZL4	Q9VF27	23.7698
P62875	Q9UL03	0.780865
A0A3Q7FVJ9	A0A3Q7JDZ0	16.2758
A0A0U4VSH7	A0A0U5AWM7	2.45121
A0A3Q8I8K3	E9BLG3	37.9013
A0A9J4RF13	A0A9J4RF16	0
P0A7W1	P0AG48	0.0495901
P92558	Q9M9B4	0.131416
P03902	P23709	133.528
A8BN26	A8BU75	3.24101
P10664	P53742	4.95507
A0A3B5Z4Q0	W5I1R7	67.0517
Q9CQ54	Q9CR21	0.0119658
Q4D014	Q4DRC8	0.110201
A0A1C8XRP3	D0FXX5	0
A0A6P3E9B7	O78756	118.496
A2DD57	A2FJV7	11.9111
A0A8D1TL60	F1S031	133.572
A0A287A0K2	F1RI89	156.719
P0CT77	Q9URX6	89.6234
O94268	O94288	0.717563
Q5SHN6	Q5SHP2	0.0568356
A0A3B6QBU0	A0A3B6SDD9	90.4729
A0A3S5H7H2	A0A3S7WPD8	29.0925
Q4DRR8	Q4DX04	0.231157
A0A1D8N596	A0A1D8NFX6	0.0476963
P61927	Q9NVP1	11.8256
Q4CTU7	Q4DYR0	0.146685
G0S6V4	G0SBN1	3.8356
P18934	Q9VQD7	1.84852
Q80X85	Q8R2L5	136.309
P52505	Q02368	116.439
A0A0M4TBP4	A0A0M4U611	1.92555
A0A287BG40	A0A4X1VPG4	2.40672
O77381	Q8IDR9	41.5781
A0A8I6Y1Z8	F2D138	0.326301
P39019	P62753	167.722
G0S497	G0SFN0	45.8456
Q4D6H7	Q4DA48	22.6861
P18934	Q9VQR2	12.1553
Q9VX36	Q9VZU4	101.667
P12878	P21469	3.66309
Q8VCB2	Q9CZB6	134.449
Q9UUU3	S5TMS4	16.0035
P61254	P61313	171.99
P50035	P50040	0.48473
Q1K6U7	Q1K730	0.474034
G1TA47	G1TPV3	2.5561
P28072	Q9UL46	266.474
C7DZL4	Q9W3N7	10.5458
G0S081	G0S1T5	2.117
A0A4X1VRV3	O79882	113.452
C3SQV2	C3SSG2	0.267864
A0A2K3DCN8	Q6UBQ3	0.115123
A0A1D8NC63	A0A1D8NJR0	0.768641
O14069	P57728	0.960367
Q4CTU7	Q4CW80	0.134192
G1SYU7	G1TPE6	96.942
Q99N84	Q9CQE3	149.52
Q4U2R6	Q9H2W6	175.255
P92533	Q94C12	0.493579
A0A3Q7GDM4	A0A3Q7GQ29	3.87668
A2DNY3	A2ER97	7.60014
Q9C639	Q9LU21	0.0749272
P51970	Q9Y6M9	183.572
Q2FXS8	Q2G0S0	0.423692
P13619	P14790	113.339
Q06217	Q12309	2.94555
G1SFR8	G1SYS4	149.217
P38779	P53742	4.71807
B6J258	B6J263	0.424163
O52759	O82850	0.21377
P91929	Q9W3N7	11.8016
A0QS39	A0QSD8	0.0794466
Q839F1	Q839H0	2.76597
A0A1D8N596	A0A1H6PPE5	0.0836868
P78794	Q9HE06	0.874958
G1SGX4	G1SLW8	179.15
P0CX49	Q08004	0.918157
A0A6P9FRJ5	A0A835ZPN7	136.955
P28320	Q02260	1.1516
G0S101	G0S6V4	96.9651
A0QSD8	A0R3I9	0.129545
A0T0V0	B8C8Q0	0.05938
A0A1H6PKH9	A0A371C0F2	2.70118
Q1K6U7	Q7S711	0.467249
Q9CR59	Q9CY73	111.642
Q07350	Q07930	0.297435
G0RZE9	G0S497	63.1985
P60150	P62103	0
G0S683	G0SDS8	1.85046
A0A6P3E9B7	A0A7M4DUF5	129.721
P03924	Q8HXG5	0.330983
B0C6I0	B0CFM0	0.0243553
A0A1S3TCK0	A0A1S3VVN6	0.544175
Q4D0Q8	Q4E2R4	0.183135
G0RZZ2	G0S812	0.0394395
Q72I07	Q72I28	11.2717
W7JKG5	W7K040	15.0009
A2F8Y8	A2G4E1	38.9534
P13393	P34162	1.56258
Q4D5W3	Q4E3G1	0.313523
A0A6P3E3I5	A0A835ZPN7	172.657
O95478	Q02878	190.574
A6MVW0	A6MW31	0.0476166
Q9MDK5	Q9VF27	40.1914
Q02367	Q02378	0.0498904
A0A8D1KH26	I3LGM4	0.0781051
Q9V195	Q9V1U8	0.57095
A0A0M4TBP4	A0A0M4TV08	3.09317
O80800	Q9FNN5	40.5241
F2Z6F1	Q6C1R9	0.762343
A2RI10	A2RNN9	0.0902373
P03905	P56556	2.21989
P38304	Q08278	0.849574
P06509	P82192	0.287078
P0DJ58	Q23TC8	20.8552
P82663	Q8NC60	0.175837
G0S081	G0SB32	1.63405
A0A3Q8IJL7	P62885	23.5467
Q4CT44	Q4DEM5	0.251074
Q6C674	Q6CG53	0.32605
Q4DJY1	Q4DQZ2	0.145153
D1J7A9	D1J7C4	0.117266
O51206	P94272	0.0476812
Q96EY7	Q9Y676	215.654
P23396	P60228	194.23
A0A4X1SZP7	A0A4X1T6M0	154.69
P33334	Q04693	0.264511
Q6A7V2	Q6A9I3	0.20271
E1UWA7	E1UWB5	99.0795
Q99N91	Q9CQL5	118.565
Q99N95	Q9CPR5	2.40321
P0DOY7	P80372	0.0651524
Q6ZY24	Q9UUT8	0.662769
Q7S300	Q7S518	0.572376
O82850	Q9HXQ2	0.249825
P20278	P42924	0.165576
Q4DET1	Q4DLH4	0.0569647
Q6CD73	Q6CI10	2.71296
P34943	Q02380	157.471
P0AG63	P40711	0.143197
Q08965	Q3E792	1.63987
A0A1S3WZ09	A0A1S3Z2D7	100.526
P20435	P38782	1.21494
A0A4X1VPG4	A0A8D1TL60	65.0017
A0A2D0TCJ1	P06006	0.0242535
A0A0M4SWQ6	A0A0M5TIS3	0.118285
P09191	P09193	0.0732708
Q96DI7	Q9UNP9	324.531
A0A2K3DMA3	A8JCA8	1.40911
A0A1L8H1I9	Q6GNX0	1.56744
A0QSG8	A0QVB8	0.549203
D4A133	P25286	0.715221
A0A1C8XRM6	A0A9J4RF16	0.0576772
R1BTM8	R1DY94	0.0502345
Q8TRT1	Q8TRU7	0.45468
Q9D1B9	Q9D1H8	137.351
F1PJP5	P38377	0.360346
W7JVP8	W7K6A8	32.8974
Q7S2H6	Q7S7R6	0.251633
A0A341UET3	W5FV77	2.89061
A1B482	A1B4F3	0.157786
A0A8C0RJF2	A0A8C0RUW0	0.199192
Q4DEM5	Q4DLH4	0.152925
W7JKG5	W7K1J4	29.2555
Q4FUF1	Q4FUF6	0.149299
P04650	Q12387	1.82868
G0SD68	G0SDS8	62.6602
D5MAJ8	P16059	0.136781
P0CX45	P26785	1.52126
Q03776	Q07350	0.55391
P75454	Q50303	0.256512
Q8BU88	Q9CQL4	5.33694
A0A1S3TU57	A0A1S3V8W7	0.0285936
O82238	Q42599	5.9398
Q7RZF0	Q7SA88	0.139327
O05635	P39470	22.2407
P05738	P0CX54	2.96297
P38633	P41896	0.181319
P62314	Q9P013	182.172
Q6CJK0	Q6CW78	74.3675
G1TFE0	G1TYL6	6.3325
P36954	Q75QN2	4.18837
Q4DEM5	Q4DRR8	0.375012
Q6C2Q1	Q9B6E9	0.66514
Q7Z2W9	Q9H3J6	16.8981
P13618	Q9MYT8	69.4826
G1SY53	G1TYL6	131.048
A0A0F7UXI8	B6KC70	68.5761
F2Z602	Q875N2	93.8081
Q12690	Q99257	1.03088
P12354	P17228	0
P03923	P51970	183.813
P79015	Q9UTI8	0.679542
B7I7A4	B7IA13	0.248525
A1WWW3	A1WWW6	0.352676
P0CG47	P48556	1.69632
P0CX47	P38249	1.15671
O75643	Q9H875	0.528075
A0A5F9CZR4	G1SVB0	146.733
A0A6P3DZ89	A0A6P3E3I5	171.058
Q9BYG3	Q9NVP1	241.443
Q4FUF3	Q4FVL1	0.670702
P82913	Q2NL27	5.97566
P35679	Q9UTI8	3.32304
O95139	Q86Y39	123.654
A0A1B4XKV5	A0A1B4XMV6	0.0637068
Q9VQM2	Q9W402	3.23153
F2Z546	Q29223	6.97822
P38624	Q12377	54.3767
Q4D7Y5	Q4DZS3	0.310422
Q72I16	Q72I23	0.334799
Q01657	Q39580	0.297134
P19736	P32639	0.575244
G0S4E3	G0S872	0.532931
A4I357	A4I384	48.692
P03899	P03921	3.06561
A0A3B5XX39	A0A9R1HBE9	73.5416
Q385R2	Q584U8	0.232837
A2DEJ9	A2ELV7	15.509
A2RIX0	A2RNP6	0.0490258
Q7K1C0	Q9VJZ4	2.5755
P61993	P61995	13.8126
A0A3B6HY18	A0A3B6SS17	59.8512
P39473	Q4JB50	0.118145
P05747	P33201	29.3735
A0A0R4J8D6	A0A480J9Z6	114.214
A0A0R4J8D6	F1RWJ0	129.075
Q6C4W9	Q6C926	6.25707
O94659	P0CT68	2.29856
A0A4X1ULW2	A0A8D0K6B5	116.759
P23193	Q7KZ85	2.67913
P9WH61	P9WH95	0.0699413
Q8VDT9	Q99N85	138.592
G0S4S2	G0SFC3	3.66714
P61221	Q14152	1.44993
P62851	Q8N9N8	8.87859
P62917	Q6DKI1	77.7131
P12878	P21467	0.28017
P05745	Q12024	0.669826
P04650	Q07915	61.9442
P25808	Q12024	4.47175
Q96JB5	Q9Y3U8	6.22942
Q7S2H6	Q7SHF3	0.314326
Q94AQ8	Q9S9N6	0.180561
P25382	P33201	0.498083
A0A6P3EKX5	A0A8N7XJ49	150.213
P53803	Q5TA45	0.774138
P50914	Q96A33	1.13188
O74772	O94620	4.34633
C4LTA0	C4M751	118.037
Q80YQ2	Q8VCS6	0.602728
A0A7S0VJV3	Q8LYW0	0.200362
G0S992	G0SAJ9	73.3241
O05641	Q4JAX5	6.70145
P62318	Q8WUD4	8.79188
P33308	Q06213	0.822981
P11471	P92277	0.0608643
O94476	Q9USZ6	0.458472
P69231	Q53539	1.89415
O51719	P94268	0.303805
A0A9J4RF13	G4WUW1	0.0707902
F2Z660	Q9B6D3	30.2593
P09597	P82231	0.107975
A0A4X1T0A8	A0A8D2CGH8	125.851
E9PRG8	Q02878	7.42483
P60228	P63220	159.087
O54408	P12879	0.121212
A0A218P2W6	A0A218P4I2	14.5979
Q96EL3	Q9H9J2	0.322639
A0A4X1T6M0	O79882	93.9555
A0A3B6AV88	A0A3B6MKF1	67.3524
P0CX25	P33201	0.471398
Q2FER4	Q2FES2	0.0907916
Q4JAV1	Q4JB17	4.74559
P07012	P0A7V3	0.383503
Q6A9I2	Q6AAC8	0.17276
A8B4T7	E2RU47	41.1732
A0A1B4XKR6	A0A1B4XKU3	0.787229
Q836R0	Q836X6	0.401296
P82669	P82923	126.751
P30902	P38077	3.50577
P0A7K2	P0ADY3	0.246657
Q5EB76	Q5FVI6	0.120516
P12878	P21466	0.0933607
P35268	P61927	111.869
P0CX29	P41819	1.89673
A0A8D1P1C8	I3LGM5	158.945
P23724	Q06103	30.8062
P0CX49	Q08962	0.115012
Q388L7	Q586A1	0.163935
G0SEG2	G0SFL0	5.20097
Q8Y445	Q8Y450	0.131653
P04456	P34232	0.554539
Q9C6B3	Q9ZPY5	0.091699
P03929	P05630	58.4113
F2CTD7	F2D3G1	2.89293
Q5JIY8	Q5JJG3	10.8469
Q6A6N9	Q6A8B4	0
P19387	P52657	169.335
P0C029	Q7NG86	0
O43172	P62312	180.961
Q9V3L7	Q9W2E8	0.631879
Q9Y4Y9	Q9Y4Z0	287.558
A2CHR7	R4ZGS7	0
A0A1D8NC63	Q9UUU1	0.344532
Q03862	Q12522	8.4735
P25694	Q12522	0.925411
P10662	P47150	0.331164
O82850	Q9HWD1	1.01668
G0S6V4	G0SFL0	95.5793
Q99N95	Q9D773	141.866
C0H4L5	O97231	75.1634
P66125	Q8Y443	1.17456
P27069	Q6CWU3	57.5284
P25382	P26784	1.82271
S5TMP9	S5U3X7	0.110071
Q6A6J5	Q6A9I2	0
A0A7S3WIW7	Q4G3B8	0.00845238
Q2KIB5	Q2TA24	1.61247
A0A8D2CGH8	O79882	79.6639
C3SR27	C3STZ7	0.0814709
A0A1D8NJR0	Q6ZY23	0.0373288
P60438	P60785	3.56029
Q9RSW6	Q9RXJ0	0.172896
Q2FEQ3	Q2FEQ5	0.0908454
Q22AX5	Q23TC8	32.2044
Q6C8J9	Q9B6E9	0.213752
G0S0B1	G0SE90	17.2139
Q5JE20	Q5JJG8	8.95499
Q8VCD5	Q8VCS6	96.7704
P03898	P52505	90.9388
A0A0U5AM58	A0A660JH71	0.119918
Q2FEQ3	Q2FER6	0.0496771
P56751	Q01667	0.23731
Q2FW21	Q2FW38	0.108098
O00488	Q9UNZ5	0.235037
A0A3Q7F2B5	Q3SC85	102.147
Q921D4	Q9CQI9	3.25452
E1UWB7	E1UWD5	2.6371
Q9CZ82	Q9CZB6	182.085
Q5I7K7	W5ECL2	87.9812
O14467	P0CX55	3.60083
P0CX23	Q12532	2.97298
P15819	Q54697	0
Q6CGB4	Q9B6D3	3.1137
O51721	O51727	0.240266
P18932	P18933	1.33478
W5FPA7	W5I1R7	111.458
F1SQP4	O79882	0.200512
A0A1B4XKU1	A0A1B4XKU3	0.75909
A4HV47	A4HZI9	28.7916
G0S4M2	G0S832	0.568034
A0A287BDC0	F1SIS9	135.686
P0DJ16	P0DJ23	0.620285
P33442	P38333	42.5804
A0T0P6	A0T0U9	0
P00427	P07256	0.311121
O51405	O51638	0.0786382
C4LVH6	Q9BI06	42.2179
C6KI89	D3Z338	0.0975531
P62652	Q72HR2	0.112871
G0RY17	G0SBR7	98.3245
P48940	Q2FXY6	0.123108
A0A640KQX8	A0A640KZP5	39.3808
P62128	P82129	0.149541
P30657	Q04062	13.8658
Q22NU3	Q234G8	0.393202
A0A480KM09	F1SIS9	93.818
O43660	Q8NAV1	6.7749
A0A6J4B0S3	A0A6J4B125	0.199592
A0A371BY45	A0A371CB65	0.544135
O75822	P42677	3.50521
G0S4E3	G0SBR7	4.75666
Q2FW20	Q2FXS8	0.0386958
O51206	O51456	0.511842
G0RYQ7	G0S0D6	0.312801
P0A7J7	P36675	0.643388
A0A0U5ALU0	A0A0U5AP82	0.0708234
O95169	P56181	155.989
A0A2I0BP34	W7JKG5	4.34095
A0A3Q8IGI9	A0A504XJE6	0.924717
Q9CQC7	Q9CR21	0.0981912
P0C5R9	P41807	0.141004
A2DAI6	A2F2J0	2.87762
B6VNN4	B6VNP3	0.178962
A0A640KJI7	A0A640KUX2	47.1092
A0A2K1IKE2	A0A2K1KU02	0.10917
P47019	P49166	3.20461
Q9V3W2	Q9W380	0.0912202
O51314	O51441	0.0244217
G0S1Z0	G0SCS8	3.56849
D0CCZ7	D0CD02	0.198768
Q9UUU3	S5U3V2	40.207
A0A3Q7GK12	A0A3Q7GV73	8.55295
O95169	P19404	188.337
Q5JEV0	Q5JGM4	0.129324
P12878	P21468	0
E1UWD7	E1UWE6	0.0243577
P0CX23	P0CX44	85.365
Q9D2R8	Q9D7N3	7.58936
O60164	Q9USR7	1.96937
A0T0P5	B8BVI1	0.185057
P39942	Q29466	0.366305
Q4DPQ8	Q4E078	34.0913
P05767	P0CT72	72.6998
P35679	Q10330	74.9563
P41567	P62241	4.80195
A1B495	A1B4F3	1.35477
A1B3D7	A1B497	0.852279
P80373	Q5SLQ0	0.0639952
P05657	Q03223	0.011283
A0A6P7E5N1	A0A6P9FRJ5	0.915503
P54999	Q12309	3.03033
P00127	P00427	0.690522
A0A480JRW3	Q71K68	118.299
Q7S711	Q7S910	0.431649
A2ECR7	A2G4E1	36.7563
G0S3Y7	G1DJA2	3.55425
Q9VF27	Q9W3X7	19.3029
A0ACD6BA62	A0ACD6BA64	0
Q9CQL4	Q9D8P4	109.064
P12238	P12241	0.0958816
A0A7D4X9U5	A0A7D4XG42	0
Q07473	Q9XFT3	0.0927032
P80380	Q5SHN5	0.930768
P18077	P62913	169.655
A0A1B2U1E7	A0A1J7BX85	0.391706
Q4G369	R1DWS2	0.116212
P0A7L0	P60438	0.412158
A8BM86	A8BQU8	148.204
G0SD68	G0SFC3	74.0727
Q99848	Q9H9Y2	219.998
P03892	Q02378	5.40573
Q8WWY3	Q9BZL1	2.17715
A0A1B4XKV5	A0A1B4XSI4	0.329656
Q924T2	Q9CQV5	120.409
O74433	O94705	0
A0A125YXW4	B9PQU8	63.1176
P0CX27	P33201	2.67141
Q6C4A6	Q6CD73	0.152282
A0A1S4AU23	Q285L8	104.692
P0CX23	P38803	0.125714
A0A8N7XJ18	A0A8N7XJ49	147.028
P62090	Q9SYW8	0
Q7RTV0	Q8WWY3	175.149
Q9CQE3	Q9D7N3	129.168
A0A0M4TE68	A0A0M4TFB0	0.220835
P00428	P00430	110.941
A8K7J6	Q9P015	147.141
Q72I14	Q72IN1	0
G0S1R0	G0SFC3	37.1316
P15825	P20279	4.01179
R1CGG7	R1DY94	0.112218
O60306	P62306	2.79183
B6ZHE9	B7XBY7	0.13829
G1STW0	G1SYU7	91.8664
G0SBN1	G0SG89	39.1117
P0C029	Q7NFT6	0.0296661
P79015	Q9USZ6	0.785801
A0A3Q7I5W4	A0A3Q7INK3	75.3891
Q8ILE8	Q8ILK3	11.6048
A0A3Q7E9D6	A0A3Q7J415	84.9632
Q6IDF5	Q9VWI0	0.124813
P00125	P00426	0.719332
P62128	Q9ST69	0.0437124
A0A3V9J0D3	A0A444A1G7	0.275994
A0A071LFT4	A0A2V3GYK0	1.82657
P82194	P82245	0.0867117
P03924	Q02373	101.051
O43677	O75380	137.584
O05634	P11524	8.66209
P82670	P82926	13.4877
A0A4X1TXR4	A0A8D0VJF4	141.784
F1RLM4	K7GKS8	168.435
O75934	Q9NXE8	3.53966
I6TXQ5	I6UQN0	0.0570175
A0A6L0XSJ0	A4IDD6	30.8095
Q9USR7	Q9UUC1	79.7555
G1SLW8	G1TK17	187.787
A0A287AAR5	O79880	88.3637
P05737	P26785	69.7218
P11019	P39942	0.352442
Q97ZY7	Q980A8	0.12886
O14069	Q92366	0.387448
P60491	Q5SHN8	1.01415
Q02368	Q02369	141.969
P92533	Q9SD78	0.336712
G0RYN9	G0SD68	7.01854
O97231	Q8I3T9	89.3082
P30656	Q12250	52.734
P03896	Q9VTB4	3.05934
A0A8D1TL60	F1SLR1	107.417
A0A4X1SZP7	A0A4X1UIV8	153.163
Q980F7	Q980W3	3.3669
A0A1S3V319	A0A1S3VF71	0.231133
A0ACD6BA63	A0ACD6BA64	0
P46776	Q9Y3C1	18.2787
P61313	Q8TDD1	10.6439
O14180	Q9USZ6	11.853
A0A0M4U611	A0A0M5MJR6	0.691853
G0S569	G0S5C8	0.0415771
P49167	Q12024	0.255574
A1WXF5	A1WXF9	0.126437
P33201	P53742	37.1729
P95988	Q980A6	7.29184
Q4FUE0	Q4FUE9	0.13403
O95478	Q8TDN6	211.751
P43609	Q12406	0.503943
O35680	Q9DC71	55.4863
O51314	O51642	2.12329
K7GR43	K7GSE5	106.76
P0A7Q6	P0A805	2.6377
A0A2K1J0L9	A0A2K1KU02	0.00902316
P70974	Q06796	5.85591
Q4G3B9	Q4G3C1	0
A1AZB0	A1B481	4.85011
A0A286ZTW8	A0A287AF82	1.15571
P04650	P53261	0.985967
B5FVG1	Q6C1R9	0.0806627
G1TPE6	G1TVS8	1.13655
P43321	Q02775	2.61441
E1UWA6	E1UWC5	8.97305
Q1K6U7	Q1K8T6	0.744421
Q839F4	Q839F7	0.0705829
A0A3Q8II03	A0A3S7WY02	2.31292
P0CG47	P25786	2.07216
P02413	P0ACG8	0.140351
P31404	Q29466	0.401483
Q387J1	Q585K5	0.2428
D0CA76	D0CD16	0.314723
Q6ZY24	Q9UUU0	0.688976
Q8R035	Q9D338	147.341
O43709	P62851	3.64216
P0ADY7	P0CE48	2.2199
A0A1B4XKR3	A0A1B4XKV5	0.143308
A0A3Q7FV98	A0A3Q7I7E8	76.5693
G0S9B5	G0SCH6	1.20985
O95478	P63173	0.486484
P82669	P82929	151.929
P0A7L0	P0A7Q1	0.14359
A0QS45	A0QSD3	0.153662
O75616	P51398	0.863338
P0A422	P23318	0.0365637
A0A8D0UWW0	O79874	128.764
Q13356	Q9Y3B4	15.3544
Q9H7B2	Q9UKD2	196.598
Q9UUU2	S5U4R9	6.34125
C4R4Y0	C4R997	0.305025
A0A0D3CIR5	A0A0D3DCJ8	0.271739
P26784	Q12532	2.61915
Q4DG45	Q4DXW6	72.3178
Q02878	Q9NVU7	2.79037
F2Z660	Q6C926	29.5912
B7I6V9	B7IA23	0.031386
Q9CPV3	Q9CQF8	118.434
G0S507	G0S616	0.246201
P10663	P36056	0.274176
P61254	P61960	0.0406491
Q7MTJ5	Q7MTM0	0.0243056
C3SQT7	C3SR27	0.0252892
A0A1D8N596	A0A1D8NG21	0.264657
P53742	Q12690	2.77569
O05633	P39474	6.53902
A8BNT5	A8BQU8	91.3389
P25443	P38747	1.99054
A0A218NZU7	A0A218NZV3	7.94729
P62269	Q15477	0.848267
A8IKC8	P12352	0.0590059
O14561	O75251	177.752
P82912	Q92552	166.319
O14010	O74635	0.733797
G0S8F1	G0SCH6	23.6454
P18931	P18933	2.07027
F1SIS9	I3LDC3	119.237
A0A7G2E9B1	Q9LMQ2	0.28609
P12874	P46899	0.0289272
O14339	O14388	71.3608
Q6CIM1	Q6CNL2	4.51741
E1UWD4	E1UWE1	0.119591
P62653	P62667	0.0444444
G0RXW1	G0S1T5	1.59603
Q9RSL0	Q9RXK1	1.55991
P20084	P31334	0.0627215
O14467	P02407	1.63479
F1RGE3	O79880	3.1206
O74905	P0CT72	70.9238
F2Z619	Q9B6D3	17.7607
B5FVG1	B5RSK9	0.236233
F2Z6C0	Q6C7X4	24.445
P62829	Q9NXF1	1.11597
P62917	Q9UNZ5	5.34151
A0A140UHW4	A0A287BQA1	134.981
P03892	P23935	6.78592
Q99N95	Q9D0Y8	118.537
P0A7L0	P60422	0.330719
A2FVZ6	A2G4E1	66.7256
P59087	Q8DHA7	0.104167
P53742	Q12019	1.13094
P62263	Q5RKT7	9.00323
Q4CTG9	Q4E2Y1	33.1301
P93313	Q9C9Z5	0.111267
Q7SB95	Q7SHF3	0.0602007
P95987	Q9UXA0	5.85481
Q6CJK0	Q6CNI7	64.9509
A4HZI9	A4ICV5	3.87271
E1UWA7	E1UWD6	24.5764
O05641	Q4JB49	6.02459
Q9VMI3	Q9W125	75.7334
Q4CPV7	Q4DJY1	1.69868
Q38BW5	Q57XL2	0.184056
P10664	P34232	0.1586
A0A3S5H7L0	A0A504XZK6	65.8507
P09144	Q9ZSJ4	0.0258605
A0A1Y2NM78	A0A1Y2NMD2	0.474362
P09594	Q9LWB5	0.414928
A0A0U5AD18	A0A0U5ADD0	0.206539
D0FXX5	D0FY19	0
A4HSQ5	A4HUT6	26.6744
Q9FIJ2	Q9SMN1	2.60454
P60493	P80377	0.00653595
P42029	Q02369	169.353
A8BRG5	A8BVU0	4.20893
P46776	Q9NVX2	6.33374
A0A072ZMU2	E2RXT6	0.0412584
A1B350	A1B4F2	0.296968
Q5SHP0	Q5SHR2	0.102477
P12878	P28368	0.590684
G1SK22	U3KMN4	159.233
P03887	Q02372	145.998
P82673	Q9Y3D5	202.328
A0A8D1K2Z9	P56632	52.4137
P66330	Q8Y6T6	0.275735
Q4CXR4	Q4DK39	44.9304
A2RMR1	A2RMR2	0
P41091	P62249	12.229
A2F3H9	A2F568	42.3465
Q6A6N5	Q6A7J7	0.275461
O95168	O95299	175.802
A0A480VKQ8	A0A4X1T6M0	1.08951
P0CI78	P21468	0.207971
P84098	Q14137	159.566
A0A218NZS6	A0A218NZU0	17.7736
A0A1S4AVP7	A0A1S4D668	156.395
G0S5C8	G1DJA2	0.0346067
O94268	Q9USZ6	1.74348
E1UWB5	E1UWE1	0.0934244
E1UWB7	E1UWC5	2.16734
E1UWB7	E1UWE6	0.0739841
Q4CPV7	Q4DSJ1	0.330013
A0AA36INE2	A0AA36NGX7	0.217079
B3DML8	Q9W3X7	0.0312571
Q99N92	Q9CR59	102.885
Q7SB95	Q7SHB2	0.372163
A0A0U5AP82	A0A0U5AR65	0.00978096
A0A287BMW6	F1S031	131.059
Q5JDC7	Q5JFZ5	9.32558
P0DOY6	P80373	0.03012
A7UWX2	Q7SHB2	0.283034
Q5RL20	Q99N95	3.72629
A0A5F9CHB7	B7NZN9	176.908
Q8R2L5	Q9DC71	100.185
A8HNV0	Q27YU5	0.165845
A0A1D5UQZ5	A0A3B6RFY8	46.846
Q6IDF5	Q9W2E8	0.0467418
Q9VQD7	Q9W380	0.0573441
Q08096	Q99216	30.5935
Q8TKI9	Q8TU90	5.84715
G1SCJ6	G1TDL2	4.06715
A0A024L8R9	C3SR12	0.32456
A0A7S3TFW5	A0A7S3TXG5	0.0440739
Q9FG89	Q9LVM2	0.11903
G0SCP3	G0SF80	0.989292
A0A2I0BP34	A0A2I0BQ13	7.61217
A0A2D0TCJ3	P27490	0.0345771
Q2FEN8	Q2FEQ6	0.0409875
P92533	Q9SMN1	1.24449
Q22RH5	W7WWA2	0.838203
P62314	Q2TAY7	201.987
P29055	P38304	0.909157
A0QS39	A0QSF9	0.1462
D0VWR7	P12238	0.107803
Q6CWD0	Q6CWJ2	109.636
P0CX51	Q99216	65.2116
P62668	Q72I01	0.23481
P60405	P60490	2.49519
A8B4T7	A8B8Z6	45.187
A0T0T9	A0T0U9	0
O00217	P03891	189.346
A0A3B6LVN2	A0A3B6S9M7	55.0277
A0A9R0JIF6	P12355	0.0996334
P36578	Q6RFH5	2.7121
O95182	P51970	160.941
P36049	Q12024	2.25758
A0A1M5GFZ4	A0A1M7D8T4	0.214872
G1TJW1	G1TS40	152.498
A0A2D0TCJ0	D5MAJ9	0.0160343
P05738	P53188	0.908682
O79874	O79881	123.832
P82933	Q9H2K0	1.34179
Q8N0V3	Q9Y291	2.02445
P32773	Q99278	0.679507
A0A0J9X218	A0A0J9X230	1.44624
Q2VIY5	Q7Y0H2	0.278242
P75171	Q50300	0.0736628
P60494	Q5SHN3	0.127319
Q96DI7	Q9P021	0.0865851
P10664	P53188	3.06982
Q14197	Q8N5N7	182.893
Q9BYD3	Q9H4K7	0.572276
P28076	Q9R1P0	106.355
P0A7Q6	P40711	5.60338
P61055	P66484	0.0230519
A0A0R4J8D6	I3L9H6	103.351
G0RZE9	G0SG89	39.5783
O95298	Q9Y6M9	173.108
P18934	Q9VXZ0	3.46109
A3MTA8	A3MXZ7	5.75529
A2RNN6	A2RNQ6	0.122841
P22450	P32411	3.35993
A2DTN3	A2F3H9	19.8754
O95298	P03897	0.0316405
G0SBN9	G0SE30	10.5078
P03887	Q02376	112.312
P82664	Q9BYN8	175.03
Q7PL91	Q9W380	0.0511191
Q8WUD4	Q96BP3	2.35293
A0A0M4SX87	A0A0M4T6V9	0.0886539
P03896	Q9V3W2	2.76801
P04911	Q08032	1.84516
P30657	P43583	0.586117
O82238	Q84W12	0.0408539
G0S2U4	G0SF32	28.3903
G0S495	G0SFC3	3.65402
G1TJW1	Q5IH81	1.08751
Q5M7T6	Q8R2H0	113.329
P24928	Q9NPJ6	1.58124
P91929	Q6IDF5	0.38201
P83881	Q96JB5	6.75485
P42766	Q8WTT2	4.41126
G0S086	G0S681	0.260625
O60306	Q12874	1.51717
O14388	O94659	59.3679
G0S5C8	G0S681	0.0103226
A8JEP1	P05726	0.0708204
C3SQR7	C3SR62	0.02298
Q06411	Q12046	0.413658
G0S0Z3	G0SH61	92.359
P40372	Q10232	0.932881
P40089	Q12330	57.9981
P38624	Q12250	60.6147
G0S4M2	G0S992	1.46344
P60147	Q04918	0.0888779
P0C2H8	P25382	1.45671
Q72I33	Q72L76	1.25998
A3HTB5	A3HTC0	0.184667
A0A3B6LWE1	W5EP45	59.2472
Q2FXK6	Q2FZ25	0.127784
P33308	P36145	0.481482
A0A2X0SLI3	A0A3B6AYT7	74.8935
P12874	P28367	0.383833
R1B3D6	R1DCN2	0.108543
O05641	P11524	15.1382
P05198	P08708	172.375
Q5JGJ4	Q5JJG0	12.1089
P46776	Q9UM00	5.00958
P05388	P84098	153.828
K9YZN5	K9Z9J3	0.0227411
G0S0S8	G0S5C8	0.118953
A2RNZ2	A2RP73	1.67224
G0S0E5	G0SB32	0.257903
O74895	Q92366	67.6234
A0A7S3TXN3	Q4G3F5	0.0286424
A0T0N4	A0T0T2	0.167183
A0A2K3DN83	A2T2X4	0.319519
P06839	P34087	50.653
A0A480JRW3	A0A4X1V0C8	2.53972
P82670	P82929	152.049
A0A218NZS1	A0A218NZV3	9.85556
C3SME7	C3SR72	3.95132
A0A286ZUN9	B8Y651	124.996
G0RYN9	G0S0Z3	83.202
O16376	Q9U1Q7	0.409458
A0A7D4X9U5	A0A7D4XMU0	0.0107186
A0A8D2CGH8	O79875	3.31189
P19052	Q7DGD4	0
Q04048	Q06411	0.331337
P34313	Q9XTU6	152.765
G0S616	G0SB32	17.2556
A0A1S3XAW1	A0A1S3Z2D7	204.624
P32379	P32496	11.2898
P0A7L8	P0A7R9	1.73671
A0A2R6X3Q4	I7JD56	0.0522949
P58059	Q99N87	126.24
P80650	P80653	0.125633
A0A371CB65	Q9UUU2	1.17568
P82193	P82195	0.282722
A0A287B9C4	A0A8D0VJF4	135.255
F2Z6F1	Q9B6D4	14.3678
A0A8D0R7A9	F1SV23	72.9578
A0A0U5AD18	A0A0U5AM58	0
P02358	P0A7K2	0.494154
A0A480JRW3	A0A4X1VD84	2.67523
P22141	Q12377	43.9918
P0AG44	P42641	0.344963
I7MLZ4	Q22RH5	0.612525
P17293	P27152	0.0169753
A0A8I5ZWI2	B0K022	163.421
O74905	P78946	47.1221
P46776	Q6DKI1	86.1071
A0A1B4XKR6	A0A1B4XKR8	0.0916102
P63220	Q7L2H7	153.484
G1SV32	G1TDL2	2.28612
F1SCH1	Q7IIB7	110.769
D0CA76	D0CD23	0.868034
P61941	Q72I19	0.126305
P80340	Q5SHP3	0.342966
A0A0M3KL59	F1S001	114.891
O74175	Q9UTP0	75.2054
O00541	Q9H6Y2	3.40871
A8I2U9	Q27YU7	0.74139
Q839E7	Q839F5	0.0151972
A0A218NZW1	A0A218P4W7	19.7763
Q234G8	Q24C31	0.430375
O75394	Q9H2W6	140.018
G0S7T8	G0S8C4	83.1884
Q8TH71	Q8TRC2	1.06822
O97725	P48305	140.695
Q15050	Q9BRT6	4.87935
Q5SHR2	Q5SLP6	11.9618
P56537	Q9NZM5	3.02306
Q9CPR5	Q9CQL5	154.246
G0RZE9	G0SHX6	38.1485
Q7MTL7	Q7MVQ8	0.00683928
A0QSD4	A0R7F7	2.88044
A3HTB8	A3HTC1	0.113634
Q9VTB4	Q9VX36	72.5852
Q8TRU6	Q8TU90	20.3829
Q80ZS3	Q9CY16	109.136
A0A8D1BPA5	F1RMQ4	125.016
A0A0F7UYM7	A0A125YSG6	108.654
P31800	P68530	153.354
R1BKA6	R1DWS2	0.191187
P0CX31	P40160	40.0962
A0AAN0Y071	A0AAN1CVB0	0.844865
P15690	P48305	154.847
A2DHU7	A2G4E1	1.84463
A2RNV0	A2RP61	0.195988
A0A480JRW3	O79874	131.368
A0A0M4TFJ4	A0A0M4U401	0.0415458
A4ZFB7	A4ZFB9	0.558009
A0A3B5Z5M6	Q7X744	82.8265
P03896	Q9VPE2	1.59918
O43678	O95298	149.657
P14126	Q06504	0.542543
A0A1B4XKT7	A0A1B4XMC1	0.30376
Q8BU88	Q9CQL5	152.386
Q8LCQ4	Q95695	0.0604588
P80339	Q8VVE3	0.838343
Q9M3I4	Q9M3K7	0.381958
Q921S7	Q9D1I6	1.90022
P80375	P80381	0
A0A836ABR5	O78754	116.124
A6NJ78	Q9Y676	0.22253
P62316	Q16560	165.921
F2QMI1	F2QNN8	1.17626
Q8K3C0	Q91V37	1.29751
P32570	P47822	0.765939
A8K9D2	Q8IXM3	1.47188
F2Z293	P60128	0.0235307
P00128	P00427	5.62173
Q9MDK5	Q9VPE2	24.0059
P0CX55	P40160	42.2636
Q9CQ40	Q9CY73	163.162
P60866	Q9NPD3	1.47073
P18930	Q9MDK5	0.753248
O14180	O74904	3.08323
Q14C51	Q6P3B9	3.11396
A0A1S3Y4M0	A0A1S3Z3Y7	8.37
F2Z6F1	Q9B6C8	4.48841
Q9VTU2	Q9W3X7	10.8585
O15371	P60842	201.55
O75012	P36056	0.117315
Q14C51	Q9CXW2	137.454
P06839	P08518	0.58448
P0CX82	P36160	1.48165
P23193	P61218	200.271
Q04614	Q84W12	0.206415
P60490	Q5SHP3	1.35798
Q9CY73	Q9D0Q7	165.318
A6MVV3	A6MVZ2	0
P62095	Q9XFT3	0.402244
A0A1M5L6R0	A0A1M7D8T3	0.817832
D3ZIM6	Q5M7T6	0.267196
Q72HR3	Q72I28	5.22703
F2Z6F1	Q9B6E9	0.588402
O43513	Q71SY5	195.572
B5FVF3	Q6C8J9	0.0360106
A0A640KW57	A0A640L0A1	26.2255
E1UWD7	E1UWE3	0.0407407
O35680	Q9D2R8	67.2371
Q4DAV9	Q4E661	39.3115
A0A8N7XJ18	O78755	139.883
P32523	P33334	0.430677
A0A1D8ND94	S5U4U1	0.417012
O94874	P61927	3.07651
G0SFC3	G0SHK0	2.48621
A0A0J9X292	A0A0J9X293	0.480047
A0A8N7XJG2	A0A8N7XJK5	161.311
Q5JDH1	Q5JDH9	13.4596
P18931	Q7K1C0	2.40148
R4ZGT7	R4ZGZ0	0.0543178
E1UWB0	E1UWE2	3.44452
O35972	Q9D0Y8	1.7305
Q4FQ64	Q4FUD7	0.0645461
P18934	Q94519	0.168311
Q94AL6	Q9ZPY5	0.110161
A0A1B2U029	A0A1B2U0I0	0.0411126
P16033	Q55332	0.287892
Q80YQ2	Q9DB91	0.881048
G1SQV5	G1T1F0	2.89202
A0A0U5AD05	A0A0U5AR65	0.260178
A1B350	A1BA37	0.166747
A2D8G5	A2DD57	4.8758
P02381	P36056	0.600819
G0S215	G0SFN0	1.51555
Q9D0G0	Q9D338	6.43348
A3MWZ8	A3MXZ6	6.83158
A0A371C0F2	Q9UUU1	1.62825
Q4JB42	Q4JB45	0.982411
P10662	P38175	0.171164
O15514	Q5TA45	1.24339
P0CG47	P25788	0.586283
A0A4X1TXJ8	K7GP63	106.573
A0A9R0IPK6	Q9M3J4	0.0631751
G0S616	G0SD68	49.5456
P10549	P14835	0.0126597
O14036	Q9USX8	4.11425
Q8IAX5	Q8IKL9	56.5226
O05000	P53665	1.24983
P0A7R5	P60438	0.0684722
P62829	Q9NVU7	0.979694
A0ACD6B8W8	A0ACD6B8X1	0.186466
P03891	Q9Y6M9	191.657
P18934	Q9VQM2	6.28385
A0A3Q7H274	Q53U38	81.7187
G0S2U4	G0SHI0	3.90377
P02358	P0A7L8	0.390501
Q839D8	Q839F6	0.308611
P0CG63	P36105	1.74506
P32570	P34087	0.583442
A2DIM3	A2E1L5	6.62857
A0A0M4SX87	A0A0M4T6M9	0.0747648
O44729	Q9BLB6	48.0108
Q8BU88	Q9D0G0	144.42
P30657	P40016	1.50686
O95167	O95168	144.804
Q94511	Q9W125	58.2961
P60866	Q53EL6	1.78651
A0QSD7	A0QSG3	0.0376033
P0A7W7	P40711	0.32456
G1TG89	G1TS40	143.198
A0A1S3UIW7	A0A1S3UYW0	12.9721
P0A7K6	P0A7P5	0.139887
A0A1D5ZKM9	A0A9R1JSD6	83.4399
Q5JE20	Q5JFE2	0.0322581
Q8BK72	Q9CPX7	144.145
P06509	Q9M3K7	3.29477
A0A371BY45	S5TMP9	3.73123
Q9HWE5	Q9HWF4	0.176856
A4ZFB5	A4ZFB8	0.369864
P10549	Q54697	0
P82922	Q2KI62	171.752
G0RYF6	G0SG51	5.29764
Q4DED2	Q4DXW6	45.3151
P18930	Q9W3N7	12.024
Q96EY4	Q9NVU7	0.411929
Q4G381	Q4G3C5	0.0680138
E9BHM6	E9BR60	10.0181
Q5SHN3	Q8VVE3	0.212953
Q66IZ6	Q707N0	0.52738
P62851	Q9NRX1	163.95
A8B5N7	A8BU75	37.9131
C4R1V1	C4R370	1.15885
A0A480KM09	F1SV23	0.340275
A8BE76	A8BM86	46.4746
A6MVR2	A6MVV4	0.118559
E1UWC9	E1UWE5	0.0825329
P56537	P62888	0.602307
P61619	P62424	7.84207
G0RXZ3	G0S5S8	19.4101
A0A6P3E749	A0A8N7XJH2	140.452
Q02827	Q7JAS9	3.4563
A0A1D8N3C8	A0A1H6PJS3	5.69735
A0A1D8ND94	S5U4R9	0.268886
O75586	Q9NX70	145.792
O09111	Q99LY9	98.4751
Q4FS20	Q4FVL1	0.0228768
Q09385	Q9BLB6	3.5328
P39573	Q9UX87	17.0708
A0A077UDU1	A0A0H2K0A0	0.141792
O53083	P0A491	0.498139
Q80ZS3	Q9DCA2	80.9446
Q22AV0	Q230V2	60.0671
P62888	Q8TDN6	2.43355
Q5JGF3	Q5JJF2	6.09846
Q2FW30	Q2FW33	0.288782
Q99N92	Q9D0G0	136.758
C7DZL9	P03896	3.05177
O15371	P20042	7.32512
A0A1D8N3H5	A0A1D8NKB4	0.15817
Q9V3L7	Q9V4E0	3.74477
Q5JJF5	Q5JJF9	1.94181
Q8LGE7	Q9C6B3	0.00736392
P62306	Q16560	144.461
G0S1P3	G0SB83	13.3125
A0A072ZIQ9	A0A241XHA2	0.737015
G0S4M2	G0SGY1	23.8868
A0A4X1VQ42	A0A4X1VVS8	107.014
Q02371	Q8HXG5	121.726
Q16540	Q9BYC8	175.884
P00426	P07470	262.166
O59680	O74988	3.30332
O49937	P82193	0.325675
A0A1S3XXQ5	A0A1S4BSU3	79.9461
A8IKC8	P59777	0.0216141
P62888	Q14137	0.452407
G0SFB5	G0SFN0	2.88977
Q8JU54	Q8JU61	0.174308
P60489	P80340	0
O75643	Q9Y421	0.680536
P60129	Q42029	0.036622
P0AG44	P0AG67	0.463606
P82917	Q3SZ86	125.564
B0C1V7	B0CFM2	0.0898645
A0A286ZNB3	A0A8D1XNL0	148.414
R4ZGX1	R4ZGZ0	0.101284
A0A640KGL4	A0A640KW57	15.938
Q8TRR0	Q8TT42	13.8246
P0CH08	P38701	1.23153
D0VWR5	P19052	0
Q5SHP9	Q5SHQ0	0.333267
P53261	Q08962	50.9614
P35189	P38902	25.3936
Q4DGZ5	Q4E0Q3	63.2408
Q6A6P1	Q6A6T3	0.220673
Q5JE35	Q5JJG3	13.5554
O60244	Q96HR3	0.75148
Q5JDI0	Q5JH43	0.452759
A0A0U5A6U3	A0A0U5AP82	0.00471932
Q4DM75	Q4DSJ1	0.294539
O43677	O95168	140.18
B0K022	Q6P503	0.130477
Q99437	Q9Y5K8	0.1701
G0RZZ2	G0S775	0.25119
Q70DX8	Q8HTL2	0.459029
P0A6N4	P62399	0.175978
A0A4X1UIV8	A0A4X1VD84	123.924
P25788	P28062	20.809
Q9HWE1	Q9HWE9	0.0225371
A1B1M0	A1B3D7	2.82794
Q80ZS3	Q99N87	5.74039
A0T0N2	B8BUU4	0.21627
Q7RTV0	Q9Y4Y9	90.0541
P61927	Q9BXY0	2.44663
A0A0U4VSU8	A0A0U5AGN0	0.338266
A0A7S0YK00	Q8LYW1	0.15517
P18420	P28073	133.285
A2DNY3	A2F0H5	44.7603
A0QSD2	A0R3I9	0.265851
A0A8D1NRT6	A0A8W4F811	160.112
F1ST79	Q767K8	106.876
Q8LCQ4	Q9SGH4	0.0467677
C3SQY7	C3TPN2	0.598647
A0A9D4VSA9	Q8VYY1	0.0478157
P0A7J3	P0AA10	0.387495
A0A077V0P8	W8U8T8	0
Q9V3L7	Q9W125	0.0255619
A7NBX3	A7NDG1	1.8244
A0T0M9	B8LE61	0.026269
G1SLW8	G1SUC8	193.101
Q80ZK0	Q99N87	149.226
P0CJ48	P83755	0.0251456
A0A1S4CCH0	A0A1S4DPM5	83.3197
A0A218NZU7	A0A218P0A5	0.154236
G0RXW1	G0SBX1	82.7427
Q9Y221	Q9Y3U8	6.29698
A0A836A4Q3	O78755	2.69268
A0A125YKH1	B6KGK3	27.2907
P23326	P82231	0.50391
P11524	P39478	20.3159
P39744	Q02753	2.34526
P55769	P62304	93.8963
A0A0J9X292	D0G6S1	1.58882
A1B483	A1B4F2	0.398634
P18933	Q9MDK5	2.1024
P15938	P33411	0.472478
A0A0M4T1M3	A0A0M5TIS3	1.22321
P39573	Q97ZY6	2.22251
P19735	Q06835	1.50252
Q72I05	Q72L77	0.14334
A0A2K3D9S4	A0A2K3DKB4	0.443543
P19447	P51946	232.245
A0A8D2CGH8	K7GR43	93.2429
P10664	P47019	4.97913
P22141	P38886	44.2888
P40429	Q9BZE4	4.7098
P56752	Q9ASS6	1.08204
P95992	Q9UX87	1.32427
Q71SY5	Q9BUE0	190.793
O14459	Q9USH1	0.317676
A0A7D4XMT1	Q2IA66	0.0288205
A0A287BDC0	F1SV23	121.395
G0SB32	G0SHK0	0.488889
P59775	Q08365	0.134672
O74175	Q9USR7	5.25565
A2DTR8	A2DYA8	22.6357
Q3TBW2	Q9CQ40	140.675
Q5JDH1	Q5JDH4	0.420394
P56182	Q9H9Y2	215.174
B7IA13	B7IA37	0.490943
A8B7H8	A8BMP6	29.6415
A0A1B4XKR5	A0A1B4XRV7	0.0209118
A1B350	A1B4F4	0.196321
F2Z6F1	Q9B6E8	40.207
Q9C6B3	Q9LHI0	0.259317
Q5SHQ0	Q5SJ76	0.845536
Q09385	Q23463	0.692382
C7DZL4	Q9VXK7	26.4134
P05388	P62899	11.7538
E1UWD0	E1UWE1	0.23152
A0A0M4U4I0	A0A0M5TIS3	0.903211
P62304	Q96BP3	121.037
P03924	Q02376	87.5107
R4ZGS4	R4ZGX8	0
A0A640K9U9	A0A640KJI7	20.2294
Q37165	Q9SCY3	0.428341
B8C8Q0	B8LE60	0.010702
P05733	P36585	92.2778
Q99N85	Q9D7N6	154.241
O94874	P62917	3.17738
B5RSL7	Q9B6D6	1.03017
Q7RYW7	Q7S4E0	0.617218
B0K022	D3ZIM6	1.33843
Q38AG1	Q38C84	0.501628
G1SQV5	G1TDB3	2.50717
A2DLW4	A2F0H5	55.8596
P52864	P75161	0.957256
P22798	P28805	0.012356
P62193	Q4FZT9	1.38211
A0A480KM09	A0A4X1SNY5	0.0987555
P07012	P0A7M9	0.0610176
A4VD15	I7M6D6	0.753923
P62891	P62906	119.273
Q6CM04	Q6CRK7	92.2432
O51454	O51560	0.0785503
A0A6P3E749	A0A8N7XJG2	167.808
P87262	Q07915	43.3162
A0A0M3V8J0	A0A0M3V8P8	0.144867
A0T0U5	B8C2Y4	0.018274
Q9VWI0	Q9W402	8.66518
A0T0V1	B8C2Y4	0
A6NJ78	Q9Y2Q9	0.485475
A0A1B1W4Z0	Q9SCY3	0.116756
P07257	P32799	0.82101
Q7RZ62	Q7RZF0	0.176188
G0S6F0	G0S8A6	1.13851
A0A9J4RF63	O78748	7.76761
F1S1A8	I3LDC3	130.485
P46779	Q8TDN6	2.02196
P84098	Q9NVX2	6.36692
A0A640KBV2	A0A640KSC5	13.9082
A0A4X1SN08	A0A4X1V977	10.4973
G2TRP5	O94581	0.152937
P07280	P38249	0.697427
O31418	O31742	0.0311341
A0A644EZB9	E2RU47	26.5641
A0A069QC99	E2RXT9	0.0247021
P40078	Q12019	1.40108
G0SBN1	G0SFB5	0.401267
Q9HVL6	Q9HWD6	1.1018
Q72HR2	Q72I07	0.0556751
D0CA76	D0CG06	2.44009
E1UWA8	E1UWE4	0.164972
P46199	P82933	8.0082
Q99KD6	Q9CQB4	145.801
P82912	Q9Y676	192.629
P20278	P42920	0.227596
P49166	Q12522	2.17366
Q7MTL5	Q7MX95	0.138046
G0S1V3	G0S8J0	335.309
A0A218LNN1	P23993	0.00749601
A0A0J9X219	A0A0J9X231	1.14983
A0A835ZPN7	A0A836ABR5	150.592
Q839H0	Q839Y8	1.10719
P80650	Q8PUD4	0.123464
P60228	P62847	8.08865
A0A3B5ZQE8	A0A3B6DD91	88.1986
Q4CQW2	Q4CV79	3.29387
Q6PGF3	Q9R0X0	0.384873
A0A6P3E7B5	A0A836ABR5	105.614
P0CI78	P21469	2.32039
A8BBP3	A8BMZ1	14.739
O51206	P94270	0.983896
P09597	P13788	0.111643
P12354	P12357	0.049006
P32570	P32773	0.833555
A0A1S3XU79	A0A1S4BSU3	47.3243
G1SGX4	G1TRL5	6.62643
A0A4X1T6M0	A0A4X1TFI3	96.5987
P60228	P61247	191.519
A0A8D1L782	A0A8D1YQG6	80.5593
O96000	P51970	181.028
P62663	Q72I09	0.21761
G0SD68	G0SI44	0.771223
A0A6P3DZ89	A0A6P7DQB1	1.22625
Q72GS2	Q72I07	3.41812
P62487	Q9UL03	1.44011
Q9HUN2	Q9HXQ2	3.02149
P43588	P43593	40.699
A0A6J4B037	A0A6J4B7P8	0.138701
Q4DA48	Q4DY32	1.32408
O75643	Q9NX01	0.997131
E1UWB4	E1UWD2	0.141892
P23709	P25708	176.327
O31418	P12875	0.06758
P00416	Q9CQB4	123.645
P35268	Q9NVU7	1.07023
F2Z554	P49666	62.7426
Q99459	Q9UBB9	0.683488
P61937	Q50756	0.26648
E1UWE3	E1UWE5	0.625671
P18077	Q15050	1.57148
R4ZGS4	R4ZGT7	0
P04908	Q08945	151.838
A0A3B6HUM3	A0A3B6QGW3	96.4
A0MZA7	A0MZE1	0.309573
A0A4X1VD84	A0A8D0QM68	1.16232
Q95748	Q9C9Z5	0.011498
P0A7K8	P0AA12	3.95034
A0A125YVX8	B9PX63	34.6707
P79015	Q9Y7Z1	0.919602
A0A0G9LZH2	A0A1W6TTE6	0.51595
E9BAR6	E9BLG3	6.28105
Q9MDK5	Q9VXZ0	31.3991
G0SB32	G0SFC3	0.0751434
A0A2K3DMA3	A0A2K3DR41	1.20666
A1B3D7	A1B486	0.610781
P0DOY8	Q8VVE3	0.192903
P0A7Z4	P0ADZ0	0.323647
Q5SHP0	Q5SHP9	0.425663
P33298	P43593	33.2108
A0A1S3XE16	A0A1S4DF55	86.0792
P9WH37	P9WH45	0.0085943
A0A9R0JIF6	Q9M3I7	0.00980392
O80800	Q9C9Z5	0.118926
A0A8D1KNW4	F1RKE4	260.317
A8B8Z2	A8BBP3	0.336755
A0A6P3CWF8	G1TNM3	191.589
G5E814	Q91YT0	111.383
P82249	P82278	0.0710799
A0A1D5SLI4	A0A3B6LVN2	3.91454
A0A1S3Z2D7	A0A1S4DN49	92.1368
A2RNN6	A2RP61	0.0333791
P07825	Q5FVI6	0.340672
P08708	Q99613	3.8822
P60489	Q5SHQ4	0.0688323
P03910	Q02375	132.011
A0A2K1JDE1	A0A2K1JKF2	0.106823
P26908	P55874	0.110517
O42699	P05767	59.5123
A0A1S3TU57	A0A1S3UPL8	0.294777
A0A2K3DKX8	A8IS96	0.137367
P24928	Q13888	1.23654
Q9HWD1	Q9HWE8	1.80966
Q62277	Q9WTT4	0.279148
Q4DDK1	Q4DSU0	1.87537
P0A7W7	P25519	0.384254
P46199	Q9Y3D9	1.00547
Q8N1G4	Q8N9N8	5.45151
P52657	Q9H944	3.00264
P12686	Q02608	0.684195
P12301	P69560	0.080761
A0AAN1CVI2	A0AAN1CWW0	0.780101
O14339	P05734	75.8502
A0A3S5H5Z2	Q9TXA6	2.63128
G0RZ99	G0SGM0	44.6953
P43023	P48772	0.119882
P56537	Q9UKD2	5.26373
P06103	P38701	1.61311
P11019	P61420	267.327
P0A7T3	P36675	0.694614
Q9RSS4	Q9RXJ4	2.30149
P47964	Q5M9P1	151.58
A0A069QEE3	A0A087L9L7	1.45512
A0A1Q2TSK9	A2T3R1	0.398292
Q8TL48	Q8TU90	15.2202
B5FVD3	Q6C674	0.193719
F1PJP5	P60058	0.372778
A0A8D1TTB3	F1SCH1	138.096
A0QSD6	A0QSD7	0.243066
A0A6J4B150	A0A6J4B3M5	0.0711019
A0A1C8XRM8	A0A9J4RF17	0
P07012	P0AG63	0.10424
G0S0D6	G0SEW3	1.75572
A0A1S4AVP7	A0A1S4BSU3	134.207
Q5JGR4	Q5JJE2	13.6568
P12629	P22798	0.757387
C4LXC8	C4M7U2	44.8788
F2Z660	Q6C9Z1	9.66348
A0A3Q8I959	E9BU64	1.19563
A0A376TVY0	C3SQV2	0.389604
P0A7V0	P36675	0.26654
Q8TZM6	Q8U008	0.138643
P19387	Q8N201	2.76746
O96774	P0DJ20	9.90215
P0CX82	P53742	17.6627
A2DIM3	A2DTR8	34.2793
P52907	Q13561	245.056
G0SCK6	G0SEI0	1.40891
Q99N92	Q9JKF7	152.104
P80374	Q5SM01	0.81405
A0A140UHW4	I3LGM5	143.128
Q72GJ6	Q72HR3	3.80529
O75438	O95299	141.301
P10898	Q93WE0	0.0650237
A2DHU8	A2DTR8	30.712
Q8Y6M6	Q927L6	0.665928
P0A7N4	P0A7Z4	0.0977977
P61941	Q72I14	0.0424739
P09595	P62128	0.0340121
P60059	P62891	96.942
A0A071L356	A0A2V3F3S9	0.367192
C7DZL9	Q7JYH3	0.423959
P48270	Q5QEB1	0.140147
P20434	Q04673	22.6277
A0A1B4XKU1	A0A1B4XM73	0.152252
O60104	Q10317	0.46442
P47822	Q99278	1.54168
A2RNN4	A2RNR2	0
G0S387	G0SE30	0.614695
P0A7T3	P0A8T7	0.58417
Q4J8U1	Q4JB44	0.728432
P0DJ57	P0DJ58	1.73974
A0A2K3CQY8	A0A2K3E3V0	0.158776
Q5JTH9	Q9ULX3	0.735272
A0A069QC44	A0A069QEB6	0.175068
P9WH25	P9WH37	0.106758
A0A8I6Y1Z8	F2CTD7	5.37042
Q5SJE1	Q5SLP7	0.0354265
P61353	Q9Y221	0.0953023
Q4CSL1	Q4CXR4	37.7275
P18933	Q94511	4.21677
Q9HUM9	Q9HWF8	0.26022
F1SR64	F1SVC5	103.683
P0C2H6	Q12024	6.43005
P03910	Q02376	106.304
B5FVF3	Q6C2Q1	0.142509
Q9VQR2	Q9W380	0.0173977
Q383R4	Q388L7	0.142
P09191	P14835	0
G0RY17	G0S273	2.28631
Q836E3	Q839F3	0.0637068
O94288	Q10353	8.43078
Q13405	Q9H2W6	185.324
A0A3S7X3Z7	E9BR60	1.84928
B5FVF3	Q9B6D3	0.0759248
A0A6J4B024	A0A6J4B0N3	0.0695364
A8DYC4	Q7JYH3	0.0757054
A0A7S3WZA0	R1ED82	0.0968129
P61313	P61353	162.812
Q1K7L7	Q7S2H6	0.248402
A2RNP2	A2RNV0	0.596078
P42766	Q15050	2.08609
A0A125YVX8	B9Q056	45.4673
D0VWR1	D0VWR5	0.0580645
O51454	P94266	0.106796
A0QSG0	A0QSG1	0.647517
P49166	Q08687	2.17856
P36100	P38902	1.4978
P36585	Q9UT32	3.53105
O75380	Q9NX14	148.381
P19388	Q8IXH7	4.841
P28066	P54578	219.59
D5MAJ8	D5MAL6	0.120886
K9TX25	K9U6S7	0.200015
A2RNQ2	A2RNZ2	2.17552
P0C0W9	P47019	3.62841
P36528	P38064	0.231823
A0QS62	A0QSL9	0.0328787
P32496	P43593	6.2845
A4ICV5	Q9GNZ8	11.6898
A0A0M3V8U3	A0A0M4TUJ2	0.0936595
Q9CQI9	Q9D7W5	139.727
E1UWB4	E1UWD3	0.0874486
P0A7Q1	P43672	0.377323
P17291	Q5SLQ0	0.632066
G0S0Z3	G0S616	2.48537
A0A1S3X0I4	A0A1S4BHF2	21.0819
P35269	Q9Y3C7	0.746777
O14561	Q9BYD2	2.80685
O95299	P03886	193.965
E1UWC9	E1UWD5	0.0390235
A0A8D1FAG1	O79875	4.60596
Q6CD73	Q6CG53	7.67408
Q9HVY3	Q9I5V8	0.174323
P0ADY7	P0AFG0	0.207589
F1SV23	O79881	117.17
Q02376	Q02377	97.4946
H9CTG6	Q68RJ5	0.515061
C4LS99	C4LT96	0.033049
P0DJ23	Q23F79	31.125
P82650	Q8NC60	0.352563
O43709	P62266	2.13872
O82850	Q9HUN0	0.148107
E9BIP6	E9BP34	26.8939
P82918	P82926	147.909
O51206	P94267	0.256775
Q1K7L7	Q1K8Y7	0.530843
A0A0D3BFU2	A0A0D3CN01	0.315644
P42029	Q02367	146.133
Q7MTM9	Q7MX95	0.132331
Q8Y444	Q927L7	0.0632713
P40016	P43593	11.1451
Q9BYD2	Q9H9J2	1.00956
O75643	Q9NW82	0.663308
A0A1B2U200	A0A1M6R2K9	0.285271
G0RZ99	G0SF32	14.9453
P33308	P34087	0.166098
Q7S5W0	Q7S910	1.52213
G0S832	G0S9B5	0.362057
P16370	Q06213	2.19238
A0QSD6	A0QTK6	0.258852
A0A286ZTW8	I3LGM5	169.047
A0A037Y8L6	C3SR72	2.31939
P48305	Q02371	117.414
A0A0U4VSH7	A0A0U5AM58	0.247291
O43513	Q96HR3	182.198
P23321	Q9S7W1	0.0652283
Q4FQ64	Q4FUD0	0.516237
A0A8N7XJG2	A0A9J4RF63	179.532
Q8U0F0	Q8U1Y5	8.86037
A0AA36N3P6	A0AA36NGX7	0.122147
Q8LCQ4	Q9CAC5	0.0366298
P18933	Q9VWI0	2.70313
P0CJ48	P56778	0.0581277
A0A287AAR5	O79881	1.36474
A0QSP8	A0QVB8	1.28483
C7DZL4	Q9W380	0.034437
A2E1I9	A2E7Z2	29.1918
Q02892	Q08746	23.9936
A2E6R2	A2EXW7	9.66226
A0ACD6B9M4	A0ACD6B9N5	0.163341
A0A125YRD5	S8G6C8	0.228231
A4HZI9	A4I384	54.1316
P62654	P62664	0.0518898
C4LTA2	C4LYF9	26.8354
D0CCR8	D0CD08	0.829742
Q4FUD9	Q4FUE7	0.0186363
P03901	Q16718	140.01
Q7SA60	U9W8F2	0.144856
Q3TBW2	Q9CPR5	2.62462
O53083	P60426	6.75477
Q7PL91	Q9W125	21.8862
P61885	Q8U002	11.0543
O15371	P62753	3.52589
Q9CQH3	Q9DC69	144.585
Q8VDT9	Q99N91	1.33409
G1SIZ2	G1T2G4	141.358
O51441	O51646	0.0193989
B8BUU4	B8BX92	0.0716219
A3MSJ5	A3MUV1	0.934326
Q10013	Q9XTU6	105.034
R4ZGT7	R4ZGV2	0
A0A2I0BXS0	W7K5W7	29.8591
Q8TCC3	Q9H4K7	0.945492
P47813	P62280	143.935
P32774	P32776	3.94583
Q96G25	Q9H944	168.962
O00488	P42766	4.29135
A0A4X1VD84	A0A8D1TTB3	1.18409
P24928	Q15528	1.45057
G0S5C8	G0S812	0.0102128
A0A480VKQ8	B8Y651	153.159
P08580	Q7S9I4	0.230959
Q8IXM3	Q9BYD1	172.907
B5RSK3	Q6C7X2	0.264657
A0A2D2Q0K8	A0A2D2Q1I4	0.0114056
A0A6P7EX23	A0A8N7XJG2	146.793
O16376	Q19211	2.01096
A2DLW4	A2ELV7	18.31
A0A0M3V8Q0	A0A0M5MK69	0.329524
C7DZL9	P91929	20.6259
P01096	P13621	0.126717
P75133	P75550	3.20873
A0A1S3WY31	A0A1S4CCH0	3.95721
O35972	Q9CQ40	141.435
A0A4X1T0A8	A0A8D1NRT6	156.081
P40991	Q02892	1.72222
B5FVE5	Q9B6E9	0.263874
O60783	P82930	178.62
P60497	Q94AL6	0.116591
Q8TRR1	Q8TT39	1.58813
P09595	P82231	0.371492
O51142	O51454	0.295628
O42832	P05733	0.842756
P18934	Q7JZK1	23.2319
P51946	Q9BUE0	22.6363
C3SQR7	C3SSQ7	0.164734
P32585	P38902	0.869354
A0A1B4XKS2	A0A1B4XPL8	0.793539
Q22CK0	Q23KG1	100.289
P56751	Q9SCY3	0.150077
P28004	Q04048	0.808444
P05198	P62244	154.597
A0A8N7XJH2	O78757	94.0738
P06367	Q08444	12.7522
P38249	P38701	1.20873
F1S1A8	F1SCH1	137.212
Q83D75	Q83ER2	0.0688093
P36520	P36528	0.730068
Q50303	Q50308	0.0368407
P46779	P62987	9.41235
P9WHC1	P9WHC5	0.364498
A2DLW4	A2EHK3	1.61997
O97725	P25708	174.216
P60493	Q5SHN3	0.133066
A8BFT3	A8BH61	17.1776
A8BMD9	A8BNT5	3.62051
E9BAV6	E9BK95	58.0454
P0DOY9	Q8RR57	0.226701
Q2FW12	Q2FZ42	0.498649
P80374	Q5SHP2	0.031334
A0A3B6AV88	A0A3B6QHW3	2.41893
P32639	Q12417	1.11945
P00410	P04039	1.48968
Q9NXF1	Q9UKD2	1.74838
P0CG63	Q12522	0.392651
Q8VDT9	Q9D338	128.083
A1XQS6	F1RGE3	118.463
P12734	P14124	0.181791
Q8WUD4	Q9Y314	0.329004
P40007	P53261	1.65012
A0A8D1EYI7	K7GR43	108.52
C3SFP7	C3SSQ7	0.878802
Q9V4E0	Q9VJZ4	55.2465
G0S507	G0SD68	74.5521
Q70DX8	Q84U22	0.544522
P62308	Q9Y3B4	195.469
A8BMF7	A8BS37	23.0336
A0A3B5Y651	Q5I7L1	13.5523
P78794	Q9USV3	1.72459
C0H4A6	O97250	52.5812
A2T2X4	A8JFR3	0.282516
E1UWB1	E1UWD4	0.0356095
Q9BQC6	Q9P0P8	0.664624
G0SB32	G0SH61	0.0674962
A0A9J4RF63	O78757	124.453
A6MVU5	A6MVZ2	0
Q9HWF1	Q9I0A1	0.118265
A0QSG4	A0R3I9	0.194257
A0A6P3E975	A0A836CQA7	126.763
A0A5G2QZK0	F1RHJ1	0.425532
P05737	P53877	2.00775
G1TK17	G1TPV3	2.96859
P13555	Q7Y1T5	0.232372
A0A5G2R1I0	A0A8D1UDM1	135.315
A1B489	A1BA41	0.610718
P03896	Q9W2E8	8.58632
P32773	P38782	0.700664
P0A7T7	P0ADY7	0.169314
B3DML8	Q9VQD7	24.3633
G0S0S8	G0SBG8	0.231576
A0AA36J0D5	A0AA36N262	0.112979
P0A7X3	P68919	0.0648936
F1S1A8	K7GSE5	145.664
A0A1B4XKR5	A0A1B4XQD8	0.0628428
G0S6V4	G0S9B5	78.2227
E1UWD7	E1UWE5	0.130204
A0A077UGA7	A0A077ULC5	0.827528
Q9GZL7	Q9H6Y2	7.01803
Q9NP92	Q9Y6G3	192.161
P0A485	Q8Y8I3	0.0697071
A0A6P3E3I5	A0A836A4Q3	93.1384
A0A6P7EX23	A0A836ABR5	125.129
P51863	P62814	164.365
J7F9D2	J7FAD9	0.187979
C4LS99	C4LZH1	52.5007
O95391	Q8WUD4	2.04793
G0S394	G0SG70	1.79364
Q14JB4	Q14JB6	0.0330494
A8BE76	A8BMD9	38.196
P80377	Q5SHN6	2.39387
Q9DCL4	Q9ER88	0.23462
O20029	Q7YKX3	0.0675393
B0K022	Q5FVI6	168.089
P06004	P69529	0.0521701
O97725	Q8HXG5	141.325
Q7JYH3	Q9W3X7	0.852269
Q580I0	Q585C2	0.0698577
Q8K2M0	Q9CQ06	164.341
P40302	Q08723	39.2381
Q4DJY1	Q4DZ41	11.8377
Q15029	Q92620	1.02703
P40160	Q99216	38.9703
P0A3C9	P0A407	0.0385166
P53136	P53927	0.758679
A0A087X2I1	Q13200	1.67754
Q9UZL4	Q9V1U1	2.74949
Q9CQN7	Q9D7N6	0.115
A0A1S3XAX8	A0A1S4DFI4	64.699
Q13573	Q9Y314	4.68065
P03886	P03891	5.27551
A0A6P3E749	A0A836A4Q3	95.7184
Q4CUC7	Q4DTQ1	30.0013
P00397	P99028	4.42874
P0DJ13	Q00454	74.8188
A0A5K1UJS7	G1SS70	188.69
C4M8C9	Q9BI06	3.73582
P9WH57	P9WHD3	1.39508
A0A2V2VW62	A0A2V2W7U6	12.3281
Q9NX70	Q9P086	126.492
P0A7N4	P0AFG0	0.163807
A0A7M4DUG1	A0A836D7R1	34.2425
I7JD56	I7JWJ2	0.0260939
P14119	P32410	17.5974
E1UWB7	E1UWC1	0.275832
G0S1R0	G0S616	1.23088
P0C2H6	P35178	12.6075
A8K7J6	P09001	150.245
A0A3B6QHW3	W5FPA7	3.62322
Q9CWV0	Q9D1I6	0.0551422
A0A1C8XRM8	A0A1C8XRP3	0
A0A2K1KU97	Q6YXM2	0
O97250	Q8ILV2	116.182
P03920	Q02375	127.404
A0A6P3EDV0	A0A6P9FRJ5	97.5017
Q8WUA2	Q9HCS7	3.78642
Q6DKI1	Q9GZL7	1.37885
A0A6P3EKX5	A0A836D7R1	49.3077
P08708	P60842	121.242
A2DEJ9	A2FDE0	2.69907
Q96CB9	Q9H2W6	0.526807
O43677	P03897	138.847
P05743	Q08687	1.71587
Q4CPV7	Q4DSU0	10.4311
F1RGC0	I3L7Y1	10.4398
Q15029	Q7RTV0	1.68779
P43321	Q06411	2.34487
P61029	Q9V1U8	9.4161
A0A3Q7FVJ9	A0A3Q7INK3	17.2716
O60841	P46781	5.99038
Q7JZK1	Q9VMI3	97.0247
Q8Y440	Q8Y444	0.192866
Q00403	Q13503	5.887
G0RYU9	G0SFC3	5.70344
A0A6P3EDV0	A0A8N7XJ91	82.0922
P06508	P47910	0.271201
Q8VCD5	Q9CXU0	173.464
P33672	Q3ZBG0	38.9741
G1TM55	G1TPG3	169.761
Q2FEN9	Q2FEQ0	1.15654
G1SLW8	G1TFE8	2.1406
A0A3Q8IGI9	E9BU64	0.937438
Q4CTG9	Q4DVC6	110.3
C4LV64	C4LW40	30.2919
P38202	Q99257	1.0672
A8IKR9	Q27YU4	0.172032
P40565	Q06835	32.8328
A2DAI6	A2EP03	22.6077
P09001	Q9H2W6	191.328
Q9NX01	Q9UDW3	1.41982
A8DYC4	Q9VTU2	0.87547
P12629	P82194	3.0079
A0A381MU64	Q9GNZ8	26.2977
Q8I3R0	Q8IDR9	66.2759
P40991	P87262	1.07401
A0A0F7UYM7	A0A125YMR9	29.9717
P03891	P56181	158.841
O51445	P94273	0.113791
A0A125YGX6	S8G0I7	0.129322
A0ACD6B9L6	A0ACD6B9N5	0.032349
P00415	P13183	128.992
P91175	Q10013	1.77173
Q2FXZ7	Q2G113	0.0638635
Q6CKV4	Q6CWU3	57.9992
A0A7D4XG42	Q2IA65	0.0294461
Q9HVC4	Q9HWF3	0.170554
A2RNV0	A2RP74	0.060999
Q9VF27	Q9W125	0.0653851
O79881	P56632	110.32
P10970	P10972	3.08892
A8IKC8	A8JCL6	0.0920119
G0S4M2	G0SCE2	1.68234
A0A241XHA2	A0A2V3DLV3	0.445537
Q831U9	Q839F5	0.0652647
Q8R035	Q9CQF8	131.913
A8B2Q4	A8BLL7	47.8449
A0A222AI52	A0A222AI78	0
Q6CNL2	Q6CWJ2	109.308
Q22MB0	Q24D42	22.4574
A0A1S3TU57	A0A1S3UVC7	0.0831012
A0A3Q7FNQ5	A0A3Q7GK12	153.085
Q2G0N1	Q2G111	0.242208
Q17784	Q22412	0.644753
Q8R2L5	Q9JIK9	18.6243
A0A4X1SNY5	O79882	63.5967
C4R6B2	C4R9A1	0.57865
C4R6B2	C4R7H2	0.50313
Q86TS9	Q9NVS2	173.401
Q7S9I4	Q7SHB2	0.203032
A0A6P3EKX5	O78748	142.979
Q8R2L5	Q99N87	126.001
P62658	P62662	0.395833
A0A069QB25	A0A071L356	0.0779343
R1CMT6	R1CV07	0.137235
O15514	P67775	3.49011
Q5JDJ0	Q5JJG4	1.24813
E1UWB3	E1UWE3	0.692793
E7ESL0	P49406	174.772
Q9VZU4	Q9W125	57.6664
Q99LY9	Q9Z1P6	119.761
A0A2K3CRX4	A8JGX6	0.213942
P19447	P62487	189.12
Q4DCN0	Q4DK39	1.44367
G0SBX1	G0SCP3	0.677753
Q2FEN8	Q2FG18	0.288186
O94658	Q9URY0	0.221786
A8BI95	A8BNT5	53.8212
O96000	P03901	158.977
E1UWB0	E1UWE3	8.04908
A0A9R1FDI5	Q7X744	4.21571
Q00914	Q93WL4	0
Q9HVY3	Q9HWF8	0.0877758
P18931	Q9VF27	39.1407
A0A3Q7FV98	A0A3Q7H274	89.2141
A0A0M3V8N5	A0A0M4SY21	0.125594
I6TXQ1	I6UZW2	0.218601
P18930	Q6IDF5	0.1217
P54578	Q9UNM6	176.328
Q9CR59	Q9D338	103.708
P53313	Q02892	27.3641
P36105	P38344	1.45363
G1TUN8	G1TYL6	136.455
A0QV42	A0R151	0.198385
A2DDT1	A2DP51	23.6354
P0A7L0	P0ADY3	0.107532
Q04693	Q12417	0.662642
P43321	Q00723	0.312209
P25808	Q08962	13.774
C3SR12	C3STZ7	0.133694
P04911	Q12493	1.16613
Q388L7	Q38C96	0.143046
B9PHL8	B9PMB3	82.6002
P28778	Q03246	0.429252
P36516	P51998	0.143357
P68373	Q9WTX5	1.35465
Q4FRE5	Q4FUC6	0.123122
O74772	O94316	1.0555
A8K9D2	Q9BZE1	194.95
A8JCJ2	B8LIX8	1.33941
Q2FEQ2	Q2FEQ6	0.204523
E1UWB8	E1UWE2	2.23913
P82403	P82412	0.269507
A0A3S7X558	E9BTG4	32.6862
Q08962	Q12522	114.734
Q7Z7H8	Q9P0P8	0.82856
P0CG47	Q13200	3.69772
A0A1J7CP29	A0A1M5L9G3	0.162614
A0T0W4	B8C8Q0	0
G0S812	G1DJA2	0.313172
R4ZGW6	R4ZGX8	0.0300184
A0A077UDU1	A0A077VHU6	0.664379
A0A1B2U0F3	A0A1J7BX85	0.229091
Q13888	Q15542	2.96783
O60306	P09661	2.4474
P39573	P95987	16.3515
Q12343	Q99278	0.915769
P05745	P40007	1.15506
P00829	P00847	6.48811
Q72I11	Q72I19	0.335894
P62269	Q8N9N8	7.40786
O00541	Q9Y3C1	4.7647
G1SUC8	G1TN72	184.105
A0A6P3E975	D6QZ20	131.562
O95299	Q86Y39	132.5
Q99N95	Q9JKF7	158.56
A0A0M4T1M3	A0A0M5MJR6	0.475376
A0A1S3UI49	A0A1S3VI15	0.165571
P62424	Q9H9Y2	7.90842
Q6CJK0	Q6CN12	89.0779
P0A7I0	P0A7M9	0.207262
P36954	P52657	170.865
A0A1S4BFD5	A0A1S4D668	88.9024
Q924T2	Q9CR88	118.193
P0A3C9	P0A429	0
P34942	P34943	158.424
Q5JGJ4	Q5JJG6	37.6742
P82129	P82403	0.283076
G1T168	G1TN72	167.35
P26565	Q70DX8	0.119696
P75543	P75577	1.88659
P47756	Q13561	183.364
P61254	P62987	2.17171
Q7MTM9	Q7MTN2	0.261321
P0A5X7	P45811	0.264027
O79880	Q71K68	4.51019
Q9D8B4	Q9Z1P6	95.4114
Q9CQ06	Q9CQ40	156.289
Q03654	Q99181	1.3744
Q8TH71	Q8TRT4	0.261026
A0A3B6RED0	Q5I7K7	69.7878
Q9VTB4	Q9W3X7	16.0243
F1SLR1	I3LDC3	88.0511
G0SFB5	G0SG89	0.443864
P0A7L8	P0ACG8	0.17939
P82911	P82913	98.8999
O49937	P28804	0.303934
P12875	P12879	0
A0A1B2U0I0	A0A1B2U1H3	0.525383
P0CX53	P53742	6.08759
B8BUU4	B8CC14	0.0694545
P52657	Q9BUE0	1.45153
C4LV69	C4M7U2	45.5897
A0A7D4X9R7	Q2IA65	0
P14119	P14123	6.80734
W5D739	W5ECL2	94.6131
P28076	Q9Z2U1	143.452
A0A480VKQ8	F1SGC6	148.647
A7N9V0	A7NDB3	0.945178
A2RLS5	A2RP62	5.24336
A0A7D4X9Y3	A0A7D4XMW6	0
S8F063	S8G0I7	0.307431
P00410	P07256	10.3731
Q5SHN8	Q5SHP2	0.120628
A0A504XZK6	E9BMB4	71.7513
P20435	Q12343	0.949409
A1B1H8	A1B491	18.644
A0A3B5ZQE8	A0A9R1HBE9	70.2916
Q7RZF0	Q7S300	0.187752
G1TN62	G1U971	3.68551
P12629	Q9LWB5	0.503576
Q2FW11	Q2FXQ0	0.0949236
A8B1T3	A8BM86	35.0268
A0A072ZBM5	E2RXU2	0.461816
A8B8Z6	A8BRZ3	69.6657
Q72I23	Q72IN1	0.712952
Q22DV8	Q24I07	0.0965557
O14011	O94316	0.726718
A0A6V2SE28	Q4G3C1	0
C4LZH1	C4M0X0	0.14036
O95169	P03891	197.398
A0A5F9D391	G1TUN8	0.754662
A0A0U5A6U3	A0A0U5A742	0.48143
B8BYV4	B8LE61	0.0463422
G1SLC2	G1TFE8	141.396
A0A6P3CWF8	G1SJB4	1.26554
P9WH33	P9WH63	0.0353739
P10121	P62399	1.66963
I6UZV7	I6V2A4	0.21009
P62917	Q9BRT6	0.343709
Q22X38	Q23F79	54.917
P32610	P32842	1.45589
P0A705	P0A7W7	0.160614
O75787	P21283	187.201
A0A0M4T6V1	A0A0M5MJR6	0.0674483
A0A3S7X558	E9BJI2	46.1465
G0S4P8	G0S5M5	2.01434
A0A1D5RRD3	W5ECL2	0.332248
Q6A6N5	Q6A9B3	0.027399
O94906	Q2TAY7	0.628192
A8J503	Q8HTL2	0.167692
P14123	P60619	7.04999
A0A6J4B112	A0A6J4B150	0.0641765
Q50297	Q50301	0.0971793
P22452	P60619	0
Q6CD73	Q6CEK9	7.78047
Q7S6M9	Q7SF85	0.932984
P34067	P40112	165.01
Q9NUL7	Q9P015	5.6744
P62654	Q72IA7	0.269399
P91929	Q9VMU0	17.2133
P0CG47	P25787	5.27869
B4DVU3	P63244	2.04949
A0A1C8XRP3	A0A9J4RF14	0.112299
F2Z619	Q6C7X2	1.05898
A0A1B4XKS3	A0A1B4XKX1	0.0874195
P32570	P38633	0.163727
P25787	P28062	17.6356
O95298	P17568	165.472
P82922	P82926	147.186
P0A5W3	P66106	0.30599
E1UWA7	E1UWC3	3.94482
A6NJ78	Q96EY7	1.04132
G0S081	G0SFL0	95.8269
Q99K74	Q9DB91	1.42037
A0A640KGL4	A0A640KSC5	26.0305
Q2FW33	Q2FZ42	4.79967
P30657	P53549	60.8623
G0SB83	G1DJA3	7.40533
P40033	Q03799	0.216316
Q01667	Q9SYW8	0.0697321
A0A9R0J8B1	P22179	0.0340935
P18931	Q9W402	7.85468
P60497	Q9SLC8	0.259264
Q8TZD9	Q8U002	18.7163
Q9BZE4	Q9NQ55	207.86
F2Z293	P12359	0.0772721
A0A6P3EKX5	A0A835ZPN7	178.803
P03887	P03910	119.428
O43181	O43920	163.86
P0A485	Q927L4	0.0376372
A0A480VKQ8	A0A4X1THU2	132.71
P03899	Q9CQ54	1.60522
O96774	P0DJ14	80.9143
Q382E8	Q38BW5	0.210238
P14126	P47047	4.7174
A0A175JXH6	C4M727	34.0858
P18621	Q8TDN6	15.6923
Q8LGE7	Q9M9M9	2.72404
A0A2K3DKB4	A8IW03	1.14981
Q14C51	Q9D7N3	128.912
A0T0T1	B8BYH2	0.402796
P62750	Q96A33	2.07111
A0QSG4	A0QSL7	0.256511
V6TF11	V6TG99	50.8157
Q8VDT9	Q9CPV3	118.84
P03905	P17568	185.402
Q8LDK3	Q94C12	0.102817
A2ELV7	A2FBZ2	11.6882
G6FMD3	G6FV28	0.082443
O75570	Q96EL2	5.56236
A0QS97	A0R550	3.04703
Q6C8J9	Q9B6C7	2.16378
Q4FUD0	Q4FUE6	0.349015
Q06287	Q12460	73.2668
P63173	Q6DKI1	0.942969
P18931	Q9W2E8	9.17544
A0A1B4XKT6	A0A1B4XKT7	0.155444
D5MAJ8	P07371	0.0266927
A0A3Q8IHK2	P62885	22.3792
P28804	P82411	0.0549002
F2Z293	Q9M3L2	0.241255
Q4DZ41	Q4E3G1	0.915334
P16784	P16799	0.212513
Q4DTQ1	Q4E093	66.4001
Q9BZE4	Q9NZM5	6.37688
P35871	Q76G20	0.0467995
P0CX47	P40160	5.40775
O95299	P03901	1.53616
P0A7N9	P0A7W7	0.403217
P29055	P34162	0.272077
G0S9U7	G0SI53	55.5959
P12301	P62112	0
P30050	Q96EY4	11.8179
P25337	P49955	0.603298
P61995	Q8U011	9.68346
P40372	Q9UU79	120.981
P54578	Q15008	192.105
A0A8D1FAG1	F1SLR1	103.265
Q4DQZ2	Q4DY32	0.327683
C7DZL9	Q94511	64.3336
A0A5F9D391	G1SQH0	120.734
G1TK17	G1U971	6.8095
Q8K3J1	Q9D8B4	90.1231
Q4FRE4	Q4FUD9	0.0329404
P62241	P62857	7.85354
G3V6W6	P17220	126.683
P56537	P61513	2.04587
A1AZ52	A1B486	0.109407
Q4CXX2	Q4E3G1	1.15377
Q8IBN5	Q8IK02	83.99
A8DYC4	Q7JZK1	1.47876
Q8BU88	Q9CQ40	154.486
Q4G371	Q4G3B9	0.669022
Q9D1H8	Q9D338	124.101
C4LXZ0	C4M8R8	17.826
P0A7R1	P0AFX0	0.26669
A0A6P3EKX5	O78755	143.491
A0A9J4RF13	D0FXZ3	0.016466
P58064	Q9CQE3	137.404
P0A7M6	P0A7N9	0.639538
P0CT77	Q92366	62.8742
P67984	Q9D1R9	112.54
P32773	P38633	0.120203
P52505	Q8HXG5	119.597
A6MVS8	A6MVV8	0
Q9FLX7	Q9M9M6	2.42684
O51441	O51456	0.0637079
O46563	P23956	31.5384
A0T0U9	B8BX93	0
P40089	P49955	1.05146
P0CX54	P23301	0.740012
Q10330	Q9Y7Z1	2.0244
A8B5N7	A8BM86	65.3448
O74399	O94268	0.826091
B5RSK9	Q6CG53	0.238741
A0A2K3D424	A0A2K3D8F3	0.242053
O14388	Q9URY0	8.59372
E1UWD8	E1UWE2	4.04678
Q32KL2	Q3MHN0	265.889
A0A6P3DZ89	A0A8N7XJ49	157.452
A8BE76	E2RTN4	42.8844
P07255	P08067	0.222152
A8DYC4	Q9VMU0	0.932056
A0A1D5RRD3	A0A3B6QBU0	63.4385
A0A1D6BC85	A0A3B6RED0	7.1555
A0A0M4TFB0	A0A0M4U5B4	0.56726
Q02775	Q12309	0.446703
A8J264	P13352	0.00427014
D0CAL1	D0CD16	2.75813
Q06091	Q12046	0.388571
A0A480VKQ8	K7GR43	116.911
P12240	P12241	0
A0A287ADR4	A0A8D1KNW4	0.195866
A0A3S5H7L0	A0A3S7WY02	68.5226
P26744	P26749	0.275994
A2FDE0	A2FFS8	15.8047
A8HVP7	P11094	0.0936519
P82669	P82917	148.984
Q8TIN5	Q8TQU3	0.122697
A8I8A6	Q9GGE2	0.890333
P0CE48	P60438	16.4833
P0A6M8	P60438	13.6847
Q4FZT9	Q6PCT9	1.35422
B5RSK3	F2Z6C0	0.0955448
Q9CQA5	Q9DB40	164.649
Q8I261	Q8I374	34.5794
P61927	Q9UHA3	40.432
Q9D7N3	Q9DCL4	1.00537
P0AA10	P0AFG0	0.50926
O51450	P29220	2.88222
P0DJ60	Q23G98	70.6305
P27449	Q9UI12	32.5411
P20278	P55873	0.0744947
O35680	Q9CPX7	78.3006
Q5SLQ0	Q76G20	0.0703434
A0ACD6BAC6	A0ACD6BAC9	0.170522
A0A2K3D424	A0A2K3DTE5	0.218994
P06839	P20434	50.4246
Q6PGF3	Q9CQ39	0.557711
D2Z097	W8TUC3	0.400323
Q2FDE6	Q2FEQ0	2.98667
P82669	Q2NL27	1.45543
O75438	P03923	137.212
A0A6P3E3I5	A0A6P3E7B5	123.246
G1SV74	G1TPE6	0.184331
P13621	Q28852	139.342
O00488	Q9BRT6	0.215203
Q9GZL7	Q9NVP1	64.7693
G1ST95	G1SWM1	6.82409
A0A0M4T6V9	A0A0M4TUJ8	0.104008
O75380	O75438	125.66
Q6A6P5	Q6A7V3	0.114768
A0A8I3P0V3	A0A8I3PII7	17.847
P28073	P34064	108.581
Q6CJK0	Q875N2	100.7
O42846	Q9UUC1	2.14163
A0JLT2	Q9NWA0	104.526
Q91XE7	Q9Z1G3	0.125202
P34942	Q02372	163.55
A0A4X1SZP7	Q7IIB7	2.46533
P82190	P82413	1.03774
A2RNM9	A2RNP2	0
A0A3Q7F2B5	A0A3Q7FNQ5	103.467
Q5JDH5	Q5JJF2	8.89899
Q8U014	Q8U0M8	27.6801
P34162	P38633	0.570304
P12743	P20276	29.7478
A0A6P7E5N1	A0A835ZPN7	160.12
P20226	P24928	3.72314
A0A640KBR2	A0A640L0A1	20.4563
P07273	P32773	5.28937
G0RYN9	G0SHJ6	18.6129
C3SQR7	C3SR27	0.00705042
Q5M9P1	Q9D8E6	5.52727
P24482	P53091	2.60373
Q53GS9	Q9BV90	1.22161
P80339	P96077	6.86831
A0A4X1V0C8	O79880	88.0222
G0SEI1	G0SFC3	152.185
O14388	P05767	56.0489
G0RYN9	G0S497	22.035
Q4DC23	Q4E078	31.3345
A0A3Q8IDW6	A0A3Q8IHK2	9.51309
Q5JE04	Q5JGM4	5.35765
P13352	P14225	0.105922
Q8TRU7	Q8TT39	8.1215
P9WH45	P9WQK3	0.117143
P08865	P46783	170.078
P48011	Q10317	0.207418
Q9CXZ1	Q9D8B4	101.425
Q9CQY9	Q9D8B4	79.0957
Q13352	Q5EE01	0.107858
P40372	Q9USZ6	69.2587
P75454	Q50302	0.391212
A0A8N7XJ18	A0A8N7XJK5	160.341
Q9RSL0	Q9RSW7	0.114176
A0QSD1	A0QSG0	1.48721
G0SCE2	G0SFD6	1.13266
Q5SHQ0	Q5SLP6	2.19646
G0S6F0	G0SF87	16.8382
A8B8Z6	A8BM86	173.731
A0A1S4BW10	A0A1S4BXT5	72.1524
G0SBN9	G0SBR7	10.2337
Q2FEP5	Q2FES2	0.166911
Q642R6	Q6GNX0	1.5218
C3SSG2	C3TE02	0.0366207
P40968	Q06217	25.4851
B6J244	B6J2B1	3.50413
P62906	Q9BZE4	195.767
C4QY01	C4R1E6	0.939973
P14790	Q28852	196.434
A0AA36N262	A0AA36N6D6	0.0518123
O43677	O43678	131.715
A8I2U9	Q27YU4	0.41989
Q9NW82	Q9Y3C6	6.9436
A0A3B6AV88	W5I035	90.9257
Q9VMI3	Q9VQD7	59.8914
A8DYC4	Q9V4E0	2.07023
A0A2K1JDE1	A0A2K1KKR9	0.039724
K9Z9J3	K9ZAD9	0
P04911	Q04636	33.7958
Q5JJF7	Q5JJF9	6.88255
P48115	P48116	0
A0A0J9X218	A0A0J9X226	47.6023
P07273	P34162	0.387826
C6S3J6	Q8ILV2	55.0903
G0SE30	G0SG51	22.4607
E9Q9F6	Q8C0X7	0.164953
P0CX23	P35178	0.444266
P07255	P08525	0.0254237
P05749	Q12532	1.16334
P21282	P39942	135.994
Q8TZD9	Q8U017	8.77121
P50580	P62918	175.374
P62861	Q8N1G4	2.13821
A0A1J7CBV3	A0A1M6R974	0.0536417
P00416	P12787	150.55
Q8VE22	Q9CXW2	1.3039
O51313	O51405	0.0602638
Q2FER3	Q2FG80	0.15905
R4ZGV2	R4ZGZ0	0.0172471
P12355	P17228	0
A0A640K9U9	A0A640KGL4	11.3259
P0A0F8	Q2FW10	0
A0A8I6Y1Z8	F2DWH9	0.140171
A0A287A0K2	F1RRH6	145.133
O31742	P37807	0.0737728
G0RXZ3	G0SHX6	35.3199
A0A644EZB9	A8BM86	30.8282
A0A072ZJG4	E2RXT2	0
Q4CUC7	Q4DA48	11.3351
Q6CEK9	Q9B6E9	0.0906832
P66219	P66611	0.190215
Q9HVY2	Q9HWF0	0.367192
G0SGY1	G0SHC8	95.6932
Q5SHP0	Q8VVE3	0.103444
Q0VCV6	Q2KIB5	0.136535
Q97ZY7	Q9UX87	0.56243
A0A125YJX3	A0A125YKH1	15.4432
P24320	P27152	0.0298523
Q8U011	Q8U0F0	9.93228
Q94519	Q9W3N7	22.5933
Q8TPX0	Q8TRU2	12.7059
G0RZ88	G0SHQ2	125.751
Q4FUF0	Q4FUF2	0.0229316
P00128	P00420	16.139
A0A6P3E3I5	A0A6P9FRJ5	124.653
Q22X38	Q236T0	6.76188
Q9CQE3	Q9CQV5	275.596
Q4DGZ5	Q4DMK9	2.28034
A0A3B5Z5M6	A0A3B6DD91	72.3895
Q4DEK4	Q4E088	22.3688
P0AFW2	P0AG48	0.226302
P9WHB5	P9WHC1	0.37613
O74175	P40372	163.225
P46199	P82663	0.808795
G0S0E5	G0SDS8	37.0671
O74905	P79071	29.8112
A2DP51	A2DZ26	0.73575
E9BJV7	E9BJZ5	39.2222
A8I2U9	Q01656	0.942173
Q9HUM9	Q9I5V8	0.176107
F1RLM4	F1RUU2	173.532
B9PMU7	B9PTA0	42.0076
Q80ZS3	Q8VE22	1.8709
Q6A6N3	Q6A6T3	0.0563304
P23258	Q13509	260.102
A0A2K1J0L9	A9SL09	0.0901568
G1SQV5	G1TPG3	179.4
Q08278	Q99278	4.46189
A0A3S5H6N5	E9BJV7	31.9099
Q9D0Q7	Q9D1I6	147.26
G0S081	G0SDS8	71.0758
Q6PGF3	Q8VCD5	0.480267
A8I8A6	A8IWQ1	0.1607
O15239	Q16718	131.567
Q9HWD7	Q9HWF3	0.1907
V6TB90	V6TG99	1.38541
P03902	Q02375	126.102
A2DPS3	A2EG54	37.3149
G1DJA3	G1DJA6	13.5931
A0A218NZT2	A0A218P4K4	12.6801
Q8R035	Q9CPY1	141.616
A1B491	A1BA41	1.18174
G0S9B5	G0SCP3	1.70739
G0S101	G0SGH8	103.016
G0S681	G1DJ98	0.832439
Q5JFZ5	Q5JGN5	9.95007
Q9VQD7	Q9W125	27.8407
P10174	P22289	0.0972222
P02358	P0A7L0	0.216208
Q15050	Q9UKD2	212.112
P25443	Q07381	1.96615
P80376	Q5SLP8	0.719856
Q9S9N6	Q9SHE8	0.134559
A0A2K3DCN8	Q27YU7	0.185504
A0A7T7JN26	Q9LKC7	0.0324202
B5RSK9	F2Z660	1.13053
P95987	Q9UX94	5.17065
P61221	Q9UBQ5	0.203512
P0CX82	Q08962	1.52817
A0A3Q8IHK2	E9B8R9	14.7212
Q75VZ0	Q93WL4	0.049832
A0A1S4D1U6	A0A1S4D5P7	21.8622
P0C2H6	Q08962	2.22522
L0R8F8	Q6P1L8	0.0300493
A0A3Q8IIY4	A0A504Y5E1	7.40309
O00303	O15371	201.027
Q5JE35	Q5JE50	8.95837
P18929	Q9V3W2	4.52864
Q7RXU7	Q7SEK9	0.634412
O43920	O75251	168.79
A0A2R6W6G7	A0A2R6X3Q4	0.0914632
P38061	P38344	32.0902
Q96DI7	Q9BWG6	5.35558
A0A2I0BP34	W7JVP8	8.47354
A0A0U5AWX6	A0A660JIB9	0.324276
Q4DXW6	Q4DZP2	50.8042
Q6C926	Q6CG53	5.66274
Q6KIC7	Q6KIC8	0.41301
P0A6M8	P0AG59	9.01108
A0A1B4XKT6	A0A1B4XKU1	0.5718
P00427	P08067	16.251
Q13573	Q15393	2.25373
A0QSD5	A0QSG4	0.0135159
A0A0J9X222	A0A0J9X224	57.3797
Q13356	Q9HCS7	2.2284
D0CA77	D0CCZ8	0.0834375
Q8LDK3	Q9SIQ8	0.0142886
A2DHU7	A2E7L8	77.8007
Q9CQL5	Q9JKF7	8.15985
B0C3E5	B0C6Z7	0.0428662
O16376	Q23463	0.348604
A0A8N7XJ91	A0A9J4RF63	1.3623
A0ABQ7YPD6	Q6YSL2	0.557682
Q6CMG3	Q6CS01	77.7148
P21464	P21471	0.177905
P82933	Q9BYN8	188.305
P18933	Q9VMU0	2.17237
O60164	O74904	48.5386
A0ACD6BAB4	A0ACD6BAB6	0.0790642
Q12874	Q9Y333	205.398
A0A2D0TCJ2	P06006	0
A0A8N7XJH2	O78747	120.713
A8BE02	A8BZD3	95.2977
A0A6P9FRJ5	A0A8V6WEB9	1.13458
A3MX77	A3MX99	1.69255
A0A0J9X224	A0A0J9X227	88.643
P62238	P62663	0.0483549
Q9CQL5	Q9CR59	109.659
P12687	P51998	0.300077
A8I2U9	Q01657	1.95761
Q9CQN7	Q9D0Q7	0.189954
A0A8D1UDM1	F1RUU2	167.56
G1BIZ0	H8Z3S4	0.0832616
Q9NP92	Q9NYK5	201.056
A0A8D0Q6N1	A0A8W4F7N8	61.0834
P12629	P82180	0.271469
O94822	P18621	2.13056
Q8WTT2	Q9GZL7	213.878
Q4DMK9	Q4DSJ1	2.92011
E1UWC9	E1UWE3	0.260284
O14187	Q9UUC6	1.9862
A0T0T1	B8BX93	0.0912951
P42029	P48305	142.256
P55010	P62854	3.17692
P39744	Q04660	12.3871
D0VWR2	P19052	0.0754098
A0A286ZNK1	F1S9B7	85.3518
A0A6P3E3I5	A0A836D7R1	47.383
K7GR43	Q7IIB7	0.905093
P18621	Q8TDD1	14.412
A0A480JYS1	A0A4X1VD84	1.19176
A0A8D1UDM1	F1ST79	192.603
B7NZS8	G1SUC8	6.02779
P14120	P53261	1.27169
P05756	P0C0X0	5.08481
P50370	P59763	0
A2RLA2	A2RNP3	0.163948
P05738	P34232	0.207432
A0A836A4Q3	A0A836ABR5	81.2835
P23638	Q04062	3.93666
I7MG46	W7WWA2	0.934622
Q99848	Q9GZL7	196.765
Q02543	Q9BRT6	0.208025
P61960	P62899	0.0358588
O00488	Q9NZM5	0.743864
K9YZN5	K9Z7M2	0.0190747
Q4FRE5	Q4FUE1	0.134042
P20433	P35189	6.57249
A0A2I0BQ13	A0A2I0BU46	12.1986
C5KSX3	C5LUB2	0.213393
A2DP51	A2EP03	36.2343
G1SLC2	G1TPV3	147.767
Q9FNN5	Q9FYF8	0.293252
Q9BZE4	Q9H7B2	211.082
Q53GS9	Q96DI7	207.53
A0A286ZJL5	A0A4X1VUN6	0.195481
B5RSK9	F2Z619	0.662769
Q4FUD2	Q4FUF0	0.149284
Q387L0	Q57WW0	0.195077
Q1K8Y7	V5IMN1	0.474075
R1BTM8	R1CGG7	0.116878
A1B1H8	A1B3D7	0.302246
A0A1B2U0F5	A0A1J7BZ40	0.010503
P82129	Q9M3K7	0.628298
A4HV47	Q9GNZ8	30.6816
P18929	Q9VQM2	12.1027
P05745	P25808	7.36526
A0A0M3V8U3	A0A0M4U3Z5	0.338468
A0A9D5GXR9	D5MAJ9	0
G0SCH6	G0SFL0	32.7459
Q96EY7	Q9Y3D9	1.61813
A0T0T5	B8BYV4	0.0481073
A0A077UL47	A0A077VMP6	0.0373652
Q9BYC8	Q9H9J2	182.921
P18420	Q63570	165.206
C0H4A6	Q8IE82	40.7565
P0A7I4	P0A7V0	0.772671
G0S445	G0S7X0	0.579465
A0A3S5H5A8	A0A504XJE6	22.9628
P23351	Q1K7A4	0.134792
G0S1Z0	G0SDW0	2.02195
A8HNV0	Q27YU7	0.16766
Q6CJK0	Q6CWJ2	133.118
Q4CQW2	Q4DPQ8	4.29533
P91929	Q9VF27	26.6137
A0A3B6LVN2	A0A3B6PK86	57.2462
O75533	P62308	5.10956
A0A9R0IBB5	P22179	0.0963141
A0A480JYS1	I3LDC3	132.173
Q1K4P1	Q1K730	0.371105
Q8TRR1	Q8TRU1	5.29222
P56780	Q9S7M0	0.0298785
P60405	P60494	0.0946466
A0T0T9	B8C4I5	0.0432955
A0A3Q7FV98	A0A3Q7H1I0	86.5553
Q7MTM7	Q7MTN9	0.0993506
P32570	Q12343	0.469241
B5FVE5	F2Z6C0	21.9891
A0A6P3EDV0	A0A836A4Q3	1.01827
F1RMQ4	F1RY70	140.489
O97725	Q7JAS9	107.695
C6KT23	O77364	3.79027
P0DOY6	Q5SM01	1.75223
P12163	P60128	0.343764
Q2FEQ2	Q2FG18	0.0180328
A2DDT1	A2DM33	9.87371
E7ESL0	Q13405	168.103
Q9D0G0	Q9D773	141.505
A4IBS2	A4IDD0	45.8489
A0A287BMW6	A0A8D1TL60	139.553
Q9CPY1	Q9D773	148.624
Q5JDI0	Q5JE51	0.482562
P62316	Q96BP3	84.2842
Q03532	Q07915	74.6537
Q4D7F2	Q4DSU0	1.66342
R1B3D6	R1CV07	0.195828
P60422	P68679	3.77181
A0ACD6B9N0	A0ACD6B9N5	0.0135692
P0DOY8	Q8RR57	0.0676698
Q07020	Q14137	4.25605
Q15393	Q9Y4Z0	1.12809
Q8TPX0	Q8TRT0	5.28006
A0A7M4DUG1	A0A836A4Q3	1.53391
B5FVF3	F2Z6D7	0.0266448
B5RSL7	Q6CEK9	1.82895
P36048	Q02775	0.466293
P56182	Q9Y3C1	10.3817
P0A7V1	P0A7V4	0.299414
A0A5F9D2E6	G1TM82	130.331
C5K5E4	C5KBY9	1.27943
P38919	Q9NXE8	19.4816
P61247	Q9BRS2	8.95433
P80339	Q5SLP6	0.0928571
R1DCN2	R1DMQ2	0.173798
P29388	Q9FWR5	0.0987797
G0SC29	G0SI44	0.506352
A0A480J9Z6	A0A5G2QZK0	120.997
Q06091	Q12417	1.99686
G1SV32	G1T168	178.923
A8BE76	A8BNT5	53.698
Q2FEP4	Q2FJ95	0.0975108
G0SDS8	G0SGH8	75.5036
P33201	P38789	2.64858
A0A7S3TFW5	A0A7S3WZA0	0.0470167
Q9D1B9	Q9DCI9	146.425
G0S0D6	G0SGT6	33.9974
A0A3Q8IIY4	A0A504X6A3	52.1434
O13672	Q9URY0	1.87232
P66430	P66626	0.0493701
Q9HV58	Q9HWD0	0.0770987
Q83EQ3	Q83EQ4	0.0849317
A0A287A0K2	F1S9B7	99.8905
P38633	P47822	7.25956
P42029	Q7JAS9	109.019
P0CX25	P53261	0.846676
Q4FZT9	Q9ESH1	1.61514
Q7Z6M4	Q9NWU5	0.863874
Q03862	Q08687	0.274021
P10664	P40693	18.2546
O43396	P62195	1.96844
A0A1Q4GY48	W8TRC7	0.0949461
A0A4X1SN37	F1RWL7	160.747
G0S0E5	G0SHQ2	61.0878
A0A2K1IAD0	A0A2K1KU02	0.0470779
E1UWD9	E1UWE5	0.496926
B7I7S0	B7IA26	2.73781
A0A5G2QZK0	A0A8D1BPA5	121.784
O51357	O51721	0
C6S3J6	Q8IDS6	44.9166
Q6A6M7	Q6A7V2	0.130838
A0A1Y2NMA9	A0A1Y2NN24	1.46065
P25043	Q04062	19.1648
E1UWC4	E1UWE0	4.65046
Q8N5N7	Q9P0P8	0.730934
O00217	P03901	157.336
C0H4H3	Q8IKM5	37.7185
A0A4X1VVS8	A0A8D0K6B5	88.8326
G1TTY7	G1TUN8	163.141
Q9CQL6	Q9D338	135.969
P60490	Q5SLP7	0.749058
P0C2H6	P47047	2.13195
Q8K2M0	Q9CQF8	143.57
G0S7T8	G0SBN9	9.58612
A0A4X1W9K3	A0A8D1H0W9	163.035
A0A3B5Z4Q0	A0A3B6MKF1	1.2232
Q02543	Q8TDD1	1.61388
Q8TRR1	Q8TRT8	1.32081
P22141	Q06103	5.15758
Q7S518	Q7SC44	0.332382
P53665	Q42577	29.9563
G0S992	G0SFD6	1.34381
P08067	P32799	17.7852
P0CX84	P38202	3.26344
Q79VE9	Q8NTD4	0.125911
P70974	Q03223	0.06186
P0DOY8	Q5SHP8	0.0547359
P75579	P78026	0.376651
A0A0J9X226	A0A0J9X230	1.10422
A0A1Q2TSM6	A2T3R1	0.50674
P0DJ22	Q22AX5	40.0199
Q7SA60	V5IMN1	1.02814
A0A4X1ULW2	A0A4X1VX77	138.277
E1UWB3	E1UWE2	0.58304
Q5JDH2	Q5JJG6	2.94248
G0RXZ3	G0SEG2	4.10117
G0SCE2	G0SHQ2	98.4489
P0DM37	P19054	0.0612083
A0A8C0S144	P38377	1.24059
Q5I7K2	W5BFB7	2.20276
Q980A6	Q9UXA3	5.91005
Q7SA88	Q7SGE5	0.152441
A0QSP8	A0R551	2.85185
A0A3S7X558	E9BLG3	36.2127
A0A0M3V8J0	A0A0M4T275	0.00998752
P34659	Q10013	95.256
A0A3B6C6G0	W5C8N6	74.203
P25043	Q12377	75.0732
A2D8G5	A2DTN3	3.77557
O43181	P03901	152.559
A0A7S3TXG5	R1FP66	0.0863183
G1SV32	G1T3D8	152.879
Q99848	Q9BXY0	183.827
Q9CPW3	Q9D1H8	0.166981
F5HIJ5	Q7S910	0.154779
P30657	P38886	31.149
O74905	P05733	63.2269
Q13823	Q9BRT6	7.14393
Q7MTM9	Q7MTP1	0.209759
P9WH95	P9WHC5	0.30599
Q6C7X4	Q6CD73	0.598437
P18930	Q9VMU0	19.8493
B8BVI1	B8C4I5	0.236885
O94620	Q9UUC6	35.5835
P30657	P36040	0.347413
B5FVE5	Q9B6C8	1.76144
P61929	Q8TRS7	6.45351
Q9HVL6	Q9HWF0	0.359717
Q921S7	Q9CQL6	6.82608
K4CG62	K4CND1	98.5097
O00303	P41567	162.351
P62910	Q9BZE4	5.35408
A0ACD6B9K5	A0ACD6B9K6	0.140698
A0A9J4RF14	A0A9J4RF16	0
P0CX43	Q02326	59.8421
P58059	Q80ZS3	107.63
P12239	P19054	0
Q72I20	Q72L77	0.123352
A0A3Q8ID11	E9BFB6	1.48146
A1B1H8	A1B4F3	0.464608
A0A6P7EX23	A0A7M4DUF5	130.588
O74399	Q10353	28.7895
G0S1P3	G0S775	4.88019
A0A3Q8IVH0	A0A504XQ80	45.8489
A0A835ZPN7	A0A8N7XJ91	116.561
P56537	Q9UQ80	190.097
Q80X85	Q80ZK0	160.587
G1SV32	G1U001	2.90041
O51313	O51560	0.0785139
B5FVG1	F2Z626	9.17237
P66330	P66611	0.871229
P91175	Q9XTU6	3.48593
P0CJ48	Q07473	0.0156787
Q95748	Q9FMV1	4.70854
A0A504X6A3	A0A504Y5E1	18.5863
Q9CY73	Q9D1B9	168.725
I7KJM4	P12185	0
P48114	P48117	0
G0S2U4	G0S445	2.19289
A0A1S4CCH0	A0A1S4DN49	87.2365
Q9RSK0	Q9RXJ7	0.195845
A0A2K3CRX4	A0A2K3DKB4	0.301617
Q8IDI5	Q8IHU0	1.71056
O74904	Q09127	1.58226
O74966	Q10163	113.682
A0QS39	A0QSL9	0.231887
P13393	P32585	1.62976
O52761	Q9HWE6	0.790549
P50580	Q9D8E6	8.37688
Q9CQN7	Q9D338	124.079
P46217	P39463	20.2459
P46217	P11513	0.935938
P46217	P39471	18.1989
Q4JAY4	P11514	0.304734
Q4JAY4	P39471	0.172521
Q4JAY4	P11513	0.186229
P62805	Q969G3	3.97451
P62805	Q12432	7.14047
P62805	C4R7L8	2.6473
Q96GM5	O14497	2.41747
Q96GM5	Q92785	201.444
Q96GM5	Q86U86	13.3372
P22685	Q54XI5	52.2529
P22685	Q54J50	68.4376
P22685	Q54VN6	48.4375
Q551M2	Q54G86	6.55457
Q551M2	Q54VN6	110.972
Q551M2	P34113	104.345
Q97Z84	Q980T8	0.358919
Q97Z84	P57766	0.303778
Q980U8	P57766	0.802131
P33332	P89102	0.40383
P33332	P32855	0.379391
P33332	Q06245	0.462938
P38261	P22224	0.490342
P38261	P32855	0.432688
P38261	P32844	0.521012
Q8RGE0	Q8RGE2	18.8491
A0QU24	A0QU23	0.358022
A0QU24	A0QU37	0.155024
A0QU24	A0QU25	1.86764
A0QU35	A0QU26	9.01477
A0QU35	A0QU30	12.942
A0QU35	A0QU32	20.9744
A0A9R0JVI6	A0A9R0I5M6	0.244118
A0A9R0JVI6	P11704	0.292802
A0A9R0JVI6	A0A9R0JNY3	0.231199
P11705	P11703	0.255727
P11705	A0A9R0K533	0.283371
P11705	P11704	0.201623
A0T0U5	A0T0S9	0
A0T0U5	B5YM25	0.0860226
A0T0U5	B8BUW3	0.0789965
A0T0V1	A0T0V0	0
A0T0V1	B8C2K6	0
A0T0V1	A0T0M9	0.00472499
P62487	O60244	1.07593
P62487	P19388	186.221
P62487	P61218	135.226
P63272	A0A4X1VKG7	169.271
P63272	A0A4X1VM56	151.996
P63272	A0A8D1GCS3	117.308
P20282	P21470	0.0324857
P20282	P12877	0.106007
P20282	P04969	0.0676298
P21467	P42924	0.285162
P21467	P21470	0.0164504
P21467	P42060	0.153001
P41586	P62873	381.231
P41586	P63092	3.35056
P41586	P01282	666.014
P59768	Q16602	323.006
P59768	P28223	193.158
P59768	Q9UPC5	35.8077
A8ITV3	P09144	0.0380441
A8ITV3	A8IFG7	0.040039
A8ITV3	A8IKC8	0.0326921
P12154	Q75VY4	0.0058898
P12154	Q84Y02	0.0058898
P12154	Q05093	0.0307602
P04310	P68609	0.368306
P04310	P24757	0.181468
P04310	P05807	0.195145
P21603	P68317	0.18827
P21603	P68609	0.279954
P21603	Q76ZP7	0.289486
Q86VP6	P62877	6.19363
Q86VP6	P62878	5.80796
Q86VP6	Q13309	1.52649
Q96GG9	Q15843	118.248
Q96GG9	P62877	78.3928
Q96GG9	P61081	354.347
P53803	Q9P1U0	153.424
P53803	P0DPB6	160.434
P53803	Q9GZS1	144.527
Q92966	O75971	0.212076
Q92966	Q9NVU0	0.169959
Q92966	P52655	3.28497
A0A8D1KNW4	I3LSI7	133.825
A0A8D1KNW4	A0A4X1VKG7	135.196
A0A8D1KNW4	P23193	200.219
P60899	A0A4X1VEK9	139.486
P60899	I3LCB2	14.4444
P60899	A0A4X1VM56	156.891
Q00403	Q92759	191.07
Q00403	P85421	0
Q00403	P53803	156.903
Q92966	Q9HAW0	0.505519
Q92966	Q16533	0.22512
D5AQH2	D5AQH1	0.804213
A4VD75	I7M9J2	0.289761
A4VD75	Q1HFV9	0.0993302
A4VD75	Q1HGH8	2.24497
I7M6H4	Q22A67	0.36519
I7M6H4	I7M9J2	0.356998
I7M6H4	Q22YU3	0.36837
P20979	P68608	0.293986
P20979	P20986	0.210884
P20979	P20980	0.27186
P21082	P20504	0.391997
P21082	P68439	0.285374
P21082	P68610	0.224291
C4R0E6	C4R7L2	25.0105
C4R0E6	C4R009	1.52351
C4R0E6	F2QMI1	22.7578
C4R1V1	F2QPE6	49.1553
C4R1V1	C4R1E6	8.48316
C4R1V1	C4R4Y0	0.719527
P26784	P38805	1.10999
P26784	P26321	69.1859
P26784	P40007	1.23059
P36160	P0C0W9	0.732692
P36160	P38779	0.648727
P36160	Q02326	2.64954
P13165	A1E9J0	0.0140024
P13165	Q9LKC7	0
P13165	F2CW18	0
P69416	P36213	0
P69416	P13194	0
P69416	A1E9J1	0
V5V9F4	A0A086HZU3	0.267727
V5V9K5	A0A086HZU3	0.226354
Q24I09	Q23S01	0.0684134
Q24I09	Q22HD6	0.111066
Q24I09	Q950Y4	0.111336
W7XBF5	Q23RH8	0.0398876
W7XBF5	Q24CW6	0.306633
W7XBF5	I7LT77	0.279583
P49735	Q26454	10.6286
P49735	Q9VGW6	29.1948
P49735	Q9V461	9.31629
Q9W0I7	Q9XYU1	19.0589
Q9W0I7	Q9V461	16.2399
Q9W0I7	Q9VGW6	19.2112
P00428	P07470	172.032
P00428	P00426	134.655
P00428	P00396	157.086
P04038	P07470	139.179
P04038	P00430	90.0313
P04038	P07471	162.384
P06899	P04637	79.5907
P06899	P49450	96.1465
P06899	P63272	0.049654
P52435	P67775	11.9323
P52435	P29083	1.54121
P52435	P30876	1.33319
C4QY79	C4QZQ7	0.746947
C4QY79	C4R4Y0	1.36503
C4R273	F2QPE6	1.81259
C4R273	C4R1V1	0.417575
C4R273	C4R4Y0	0.318713
P9WGY7	P9WHJ5	0.428606
P9WGY7	P9WGY5	0.212483
P9WGY7	Q6MX01	0.133152
P9WJG3	P9WGG7	0.233247
C3SQX2	P0A7R5	0.071878
C3SQX2	C3SQT7	0.071878
C3SQX2	P0AG59	0.410615
C3SR57	C3SYP2	6.18945
C3SR57	C3STZ7	1.7015
C3SR57	P68679	1.7015
A0A4V8GZZ5	A0A4V8H004	0.0620048
A0A4V8GZZ5	A0A4V8H006	0.119553
A0A4V8GZZ5	A0A4V8H008	0.130961
A0A4V8GZZ8	A0A4V8GZZ4	0.0631022
A0A4V8GZZ8	A0A4V8GZZ2	0.0130028
A0A4V8GZZ8	A0A4V8GZZ7	0.0308747
O74499	O14352	79.5641
O74499	Q9UUI1	127.55
O74499	O42978	120.115
P87173	O14352	131.922
P87173	O94408	169.283
Q76B86	Q76FB0	0.239568
Q76B86	Q9TM46	0.302154
Q9TM21	O19895	0.0242248
Q9TM21	Q76FB0	0.0867217
Q9TM21	Q9TM20	0.185493
B6A879	B6A878	0.258578
B6A880	B6A882	0.159438
B6A880	B6A878	0.207095
A0A9R0I5M6	A0A9R0JNY3	0.312981
A0A9R0I5M6	A0A9R0ISF0	0.348567
A0A9R0JF29	A0A9R0J865	0.370492
A0A9R0JF29	P11703	0.296583
A0A9R0JF29	P11705	0.291136
P0C6E0	Q9KPS2	0.146257
P0C6E0	Q9X4Q8	0.223659
P0C6E0	Q9X4Q6	0.176153
Q9KPS1	Q9X4Q8	0.225963
Q9KPS1	Q9KPS2	0.20423
P39744	Q02326	1.64237
P39744	Q04031	0.511579
P39744	P26784	2.58975
P43586	Q07896	0.564849
P43586	Q08962	0.179991
P43586	P36049	1.01039
A0A2K3DG79	A8INX1	0.321162
A0A2K3DG79	A8IJ60	0.297893
A0A2K3DG79	A8J3C3	0.379666
A8J353	A8INX1	0.293026
A8J353	A8IH07	0.191714
A0A2P6U4K1	A0A2P6TS63	0.0282389
A0A2P6U4K1	A0A2P6TPR7	0.0429081
A0A2P6U4K1	A0A2P6TMT4	0.0688529
W8SY74	A0A2P6TS63	0.0133933
W8SY74	W8SU98	0
W8SY74	A0A2P6TKF8	0.00951862
Q9TM20	Q76FB0	0.0898618
Q9TM20	O19895	0.0646495
Q9TM22	Q9TM47	0.354701
Q9TM22	O19895	0.0736111
Q9TM22	O19928	0.0111674
O43036	P48011	0.229012
O43036	P15398	0.254859
O43036	Q9P7P1	0.412135
O94616	Q09177	84.7296
O94616	Q92399	5.51959
O94616	P48011	62.459
A0QVB8	A0QSL6	0.7841
A0QVB8	A0QSP9	0.24077
A0QVB8	A0QSD4	1.7208
A0R550	A0QSD7	0.530729
A0R550	A0QV37	3.43971
A0R550	A0R554	0.0434678
D0CD11	D0CC74	0.138656
D0CD11	D0CD14	0.0207263
D0CD11	D0CD06	0.0261338
D0CD21	D0CCR5	0.252085
D0CD21	D0CD14	0.0729895
Q2G111	Q2G2Q4	0.123384
Q2G111	Q2G113	0.167857
Q2G111	Q2FW16	0.0755123
Q2G2Q1	Q2FW10	0.0883
Q2G2Q1	Q2FW16	0.207313
Q2G2Q1	Q2FXY6	0.155544
P04637	P04908	4.28444
P04637	P10415	330.122
P04637	P31947	9.0656
P61218	O15446	2.22438
P61218	P52435	260.378
P61218	P62875	104.893
P21471	P21473	0.510134
P21471	P21468	0.162332
P21471	P21472	0.0789997
P21476	P21477	0.0569417
P21476	P12874	0.0361069
P21476	P21473	0.267098
P39748	P12004	0.330016
P39748	P28340	2.42123
P49005	Q15054	0.516994
P49005	Q9HCU8	172.879
P49005	P28340	0.985231
Q13426	Q9UGP5	190.228
Q13426	Q8IW19	199.695
Q13426	Q9BUH6	0.310735
Q9NP87	P13010	0.555408
Q9NP87	P12956	161.416
Q9NP87	P49917	0.344658
P07839	P12356	0.0539123
P07839	P12154	0.0115402
P07839	Q00914	0
Q75VY9	Q84Y02	0.0342984
Q75VY9	P14225	0.139405
Q75VY9	P12154	0.0217338
O43402	Q9P0I2	184.856
O43402	Q9BV81	161.672
O43402	Q8N4V1	243.68
Q9NPA0	Q9P0I2	185.683
Q9NPA0	Q5J8M3	179.236
Q9NPA0	P04439	1.46164
E9NPS7	I0YQ44	0.00493036
E9NPS7	I0YPL4	0.0436708
E9NPS7	I0Z687	0.00746306
I0YQ46	E9NPX1	0
I0YQ46	E9NPW6	0
I0YQ46	I0YQ45	0.00623341
P09192	P72575	0.0599505
P09192	P72986	0.0827529
P09192	P72701	0.194886
P29256	Q55274	0.0751905
P29256	Q55330	0.0218182
P29256	P72986	0.102444
C4R3Z5	C4QZQ7	0.364358
C4R3Z5	C4R370	0.617207
C4R3Z5	F2QUC3	0.617207
C4R5R1	C4QWA8	0.514222
C4R5R1	C4R9A1	0.567616
C4R5R1	C4R1V1	1.3444
O14810	P32851	265.438
P60880	P63041	93.0668
P60880	P63045	319.782
P60880	P32851	268.63
A0A444WZ62	A0A445EV57	7.92309
A0A444WZ62	A0A445CQN5	0
A0A444WZ62	A0A445EVJ9	0.26788
A0A445CVZ9	A0A0A6ZDN8	0.243277
A0A445CVZ9	A0A8F2YUY6	18.8108
A0A445CVZ9	A0A444YS04	10.7954
D7P897	A0A5H1ZR95	0.0113875
D7P897	Q85JD5	0.169442
D7P897	A0A5H1ZR73	0.098655
K0J903	A0A024FSR7	0.170632
K0J903	D8V7I7	0.0125151
K0J903	H8PGG3	0.137605
Q8DIP0	Q8DHJ2	0.0136329
Q8DIP0	P59087	0.175595
Q8DIP0	Q8DIQ1	0.121265
Q8DLJ8	D0VWR8	0.261746
Q8DLJ8	Q8CM25	0.25431
Q8DLJ8	P51765	0.192074
O49653	Q8GWD7	0.679946
O49653	Q94K14	55.5262
Q6NMZ4	Q94K14	0.307136
O19882	Q9TM46	0.0169336
O19882	O19895	0.0774854
O19882	Q9TM47	0.017169
O19928	Q9TM47	0.120834
O19928	Q76FB0	0.154319
P31376	Q12509	0.567638
P31376	Q03433	0.519257
P31376	P02299	2.72831
Q12464	P53946	18.4057
Q12464	Q03388	3.74629
Q12464	P04911	101.267
P42919	P12878	4.97142
P42919	P12877	0.865297
P42919	P19946	2.22692
P56849	P55874	0
P56849	P50743	0.149223
P56849	P42920	0.0440387
Q2FW20	Q2FW23	0.019989
Q2FW20	Q2FW30	0.0513398
Q2FW20	Q2FW15	0.00618251
Q2FXK6	Q2FW23	0.0796687
Q2FXK6	Q2FW12	0.16371
P13192	P13165	0
P13192	S4Z1D9	0
P13192	A1E9J0	0.0319729
P69416	A1E9J0	0
O94376	Q9Y821	0.347826
O94376	Q9P7Y4	0.487601
O94376	O60104	2.9407
O94646	O13964	0.774669
O94646	O14010	0.543419
O94646	P87123	0.604431
A0A6I8WFT8	D0FXW0	0.0541673
A0A6I8WFT8	D0FXW7	0
A0A6I8WFT8	D0FXV2	0.0144347
C1K003	D0FXZ0	0.030475
C1K003	A0A6I8WFU2	0.051398
Q969L4	P83369	179.228
Q969L4	P62308	291.975
Q969L4	P14678	210.757
Q9UKF6	P62318	1.84144
Q9UKF6	P62308	1.26608
Q9UKF6	P62306	8.52184
A0A069Q263	A0A241XHA2	0.67726
A0A069Q263	A0A2V3DLV3	0.13139
A0A069Q263	A0A071L3R7	0.271684
A0A069QC99	A0A2V3DLV3	0.152706
A0A069QC99	E2RXU4	0.797795
A0A069QC99	A0A072ZPV8	0.829612
P38751	P38957	0.178655
P00044	P07143	0.0828657
P00044	P00127	0.118829
P07256	P00424	1.15669
P07256	P00128	3.77109
P07256	P22289	0.118825
G0RZG4	G0SC21	0.930933
G0RZG4	P0CT46	0.346349
G0RZG4	G0S9A0	1.75695
G0SCD1	G0S1P1	1.82923
G0SCD1	G0RZX8	1.36231
G0SCD1	G0S755	7.5458
Q27RN4	Q27RN6	0.0876788
Q27RN5	Q27RN6	0.144964
A8IH07	A8IL21	0.443571
A8IH07	A8INX1	0.309004
A8IH07	A8IS47	0.168213
A8IJY7	A8INX1	0.330819
A8IJY7	A0A2K3DG79	0.404353
A8IJY7	A8J3C3	0.80065
P07703	P32529	17.6912
P07703	P20435	49.4649
P07703	P22139	70.9084
P36121	P32910	0.624986
P36121	Q04307	0.581689
P36121	P46678	0.3515
P28000	P20435	65.4826
P28000	P20436	21.0918
P28000	P22139	70.5154
P47076	P20435	10.7426
P47076	P22276	0.472228
P47076	P04051	0.361393
P01589	P01834	0.251168
P01589	P60568	175.424
P31785	P05112	184.28
P31785	P14784	205.033
P31785	P60568	183.547
I7MDA9	I7M6D6	0.696536
I7MDA9	Q229S1	0.908062
I7MDA9	Q23YW7	0.840368
I7MLZ4	Q229S1	0.519753
I7MLZ4	Q234G8	0.444539
I7MLZ4	W7WWA2	0.531457
P9WGY5	P9WGZ1	0.15389
P9WGY5	P9WGH5	0.120853
O19928	O19895	0.108666
Q9TM46	Q9TLR0	0.198197
Q9TM46	Q9TM22	0.0422197
Q23YW7	Q24DJ0	1.03613
Q23YW7	Q24C31	0.721749
Q24CL2	Q23S05	0.474435
Q24CL2	Q22RH5	0.747098
Q24CL2	I7M6D6	0.563903
Q06339	Q12308	0.223343
Q06339	P33339	0.33492
Q06339	P34111	0.338327
Q12415	P33339	0.294401
Q12415	P34111	0.272931
Q12415	P32367	0.231164
P20339	Q15276	37.6568
P20339	Q99570	0.94633
P20339	Q8NEB9	5.29551
Q9P2Y5	Q8NEB9	0.399253
Q9P2Y5	Q14457	0.712192
Q9P2Y5	Q99570	0.573128
Q05AW3	Q642R6	0.82407
Q05AW3	Q6GNF1	161.397
Q05AW3	Q4FZW5	162.736
Q66IZ6	A2RV69	0.645103
Q66IZ6	A0A8J0UTW4	0.589776
Q66IZ6	Q7ZWL0	0.455353
P53803	P52434	101.351
P53803	Q9NVU0	148.597
P53803	P62875	111.489
P63272	A0A4X1TRS6	129.834
P63272	Q8N1G2	0.474057
P20435	P34087	35.5101
P20435	P38633	0.179731
P20435	P08518	1.02428
Q12004	P36145	1.03414
Q12004	P34087	12.3921
Q12004	Q02939	10.2966
O95456	P60900	0.58459
O95456	P25788	0.605025
O95456	O14818	1.19678
P28070	P48556	1.64545
P28070	O14818	124.566
P28070	P55036	185.62
Q9CPW4	P59999	99.2784
Q9CPW4	Q9WV32	153.964
Q9CVB6	P59999	1.04264
Q9CVB6	Q99JY9	171.141
Q9CVB6	Q9WV32	333.425
Q57TX9	Q38CM0	6.14373
Q57TX9	Q57XX1	8.37405
Q57TX9	Q57ZP0	0.227148
Q586H1	Q9GPE9	14.335
Q586H1	Q57XX1	14.335
Q586H1	C9ZLR9	0.0664543
P50990	O15212	0.690135
P50990	Q99832	640.629
P50990	P07437	393.218
Q99471	P49368	1.69786
Q99471	P50991	0.669048
Q99471	P40227	1.16186
C4QZ45	C4QZQ7	0.268378
C4QZ45	C4QYQ8	0.368901
C4QZ45	F2QMI1	2.49495
C4R7H2	P62805	3.35512
C4R7H2	C4QZQ7	0.327169
C4R7H2	C4R1E6	0.448877
A0A1S3X2G3	A0A1S3YU01	0.173945
A0A1S3X2G3	A0A1S3ZSI0	0.227222
A0A1S3X2G3	A0A1S4D4H1	0.288088
A0A1S3ZQT7	A0A1S3YU01	0.178628
A0A1S3ZQT7	A0A140G1Q3	0.15915
A0A1S3ZQT7	P06269	0.155298
A0A4V8GZZ7	A0A4V8GZZ3	0
A0A4V8GZZ7	A0A4V8GZZ9	0.0221302
A0A4V8GZZ7	A0A4V8H000	0.0619733
A0A4V8H005	A0A4V8GZZ9	0
A0A4V8H005	A0A4V8H001	0
A0A4V8H005	A0A4V8H007	0
P0A800	P0ACJ8	1.61005
P0A800	P0A7U7	0.189971
P0A800	P0A7Z4	0.3115
P0AGB6	P0A8V2	0.25759
P0AGB6	P0A8T7	0.264028
P02309	P02293	192.212
P02309	P32558	4.08736
P02309	P39984	53.2901
P47128	P61830	1.15174
P47128	Q12692	4.303
P47128	P02293	3.64872
G0S1P1	G0RZX8	4.13149
G0S1P1	G0S755	9.39818
G0S1P1	G0SE33	6.25316
Q56D18	D0FXW7	0
Q95695	P56752	0.25326
Q95695	P26289	0.190875
Q95695	P56751	0.750521
Q9FG89	Q9LU21	0.104467
Q9FG89	P26288	0.122925
Q9FG89	A0A1B1W4Z0	0.121467
Q2FZ25	Q2FW20	0.0670232
Q2FZ25	Q2FW06	0.383779
Q2FZ25	Q2FW12	0.232511
Q2G113	Q2G2Q1	0.184935
Q2G113	P0A0F8	0.412846
Q2G113	Q2FW06	0.250649
Q83D88	Q83EQ3	0.31657
Q83D88	Q83ES9	0.0870787
Q83D88	O85388	0.300104
Q83EQ9	Q83ER7	0.0682852
Q83EQ9	Q83EQ3	0.0388638
Q83EQ9	Q83ER2	0.0416667
P40208	P53076	0.636872
P40208	P40547	0.220835
P40208	P40492	0.754472
Q12027	P40547	0.195883
Q12027	P38263	0.186726
F2Z4H3	Q32P79	256.855
F2Z4H3	Q3T0Q3	130.045
F2Z4H3	Q32P78	103.609
Q32PE0	Q32P73	138.376
Q32PE0	Q2T9T3	132.955
Q32PE0	G3MZY8	1.23556
P08913	P63097	284.842
P08913	P62873	463.297
P08913	P62874	444.33
P59768	P21728	321.447
P59768	P41143	321.255
C4R2U9	C4R0E6	6.92699
C4R2U9	F2QMI1	4.99776
C4R2U9	C4R1V1	0.917239
C4R997	C4R009	0.458793
C4R997	C4R6B2	0.39077
C4R997	C4R370	0.321698
P73069	P09192	0.0700425
P73069	P16033	0.11393
Q55330	P09191	0.173295
Q55330	P72986	0
Q55330	P19569	0
Q8DKZ4	Q8DL31	4.752
Q8DKZ4	Q8DMR6	5.68212
Q8DKZ4	Q8DKZ3	1.83911
Q8DLL4	Q8DL31	0.0766704
Q8DLL4	Q8DJU2	0.111644
Q8DLL4	Q8DL61	0.340037
D7NIZ2	D8V7I1	0.244839
D7NIZ2	D8V7I2	0.141765
D7NIZ2	A0A024FSR7	0.111775
D8V7I7	H8PGG3	0.0550115
D8V7I7	A0A5H1ZR73	0
Q9BQ15	Q9NRY2	0.0964728
Q9BQ15	Q68E01	0.264535
Q9BQ15	Q5TA45	0.798152
Q9UL03	Q6P9B9	0.275946
Q9UL03	Q68E01	0.343355
Q9UL03	P24928	0.205437
P50991	O15212	0.691893
P50991	Q9NQP4	5.03622
P61758	Q9NQP4	163.53
P61758	Q9UHV9	163.721
P61758	O15212	161.307
P61201	P62877	196.285
P61201	Q13618	348.168
P61201	Q13309	3.37686
Q9UBF6	Q9UNS2	96.6138
Q9UBF6	O95376	2.95333
Q9UBF6	Q9H9Q2	76.4446
Q00578	P34087	45.5798
Q00578	P20435	1.79085
Q00578	P08518	0.53165
Q12004	P62799	0.51778
Q12004	P08518	0.38609
A0A125YS93	A0A125YPC9	0.144548
A0A125YS93	A0A125YYV1	0.151854
A0A125YS93	A0A125YZ21	0.1316
A0A125YU99	A0A125YTU2	0.0765626
A0A125YU99	S8EQL3	0.552149
A0A125YU99	A0A125YW21	0.00709155
E1C9K8	P09911	0.108842
E1C9K8	D5MAL3	0
E1C9K8	E1C9K9	0.0545054
P17227	E1C9K9	0
P17227	E1C9K6	0
P17227	P20121	0
A0A2K1IAD0	A9RT62	0.00367251
A0A2K1IAD0	Q6YXR3	0.0710565
A0A2K1IAD0	A9SL09	0.0994579
A0A2K1IB10	A0A2K1K0C7	0.0158768
A0A2K1IB10	A0A2K1KU02	0.0121024
A0A2K1IB10	A0A2K1KKR9	0.030681
P25515	P22203	39.933
P25515	P32842	26.4364
P25515	P41806	0.198295
P38784	P32366	3.51442
P38784	P32341	0.425697
P38784	P39111	0.379717
P02602	P24732	8.63226
P68135	P14649	162.131
P68135	P0DP26	14.3769
P68135	P68246	187.861
Q9VLI9	Q9VA95	91.0624
Q9VLI9	Q7K2Q8	117.174
Q9VLI9	Q9VSY8	176.238
Q9VUZ1	Q9VSY8	105.78
Q9VUZ1	Q9VW22	1.43221
Q9VUZ1	Q7K2Q8	109.708
P01116	P07900	3.373
P01116	P04439	1.85229
P01116	Q15370	8.71388
Q13617	Q15843	267.377
Q13617	Q712K3	694.991
Q13617	Q9C0D3	232.227
Q96SY0	Q9NVM9	172.275
Q96SY0	Q9NVR2	175.032
Q9NV88	Q6NXT2	1.19399
Q9NV88	A0A4X1TRS6	0.836993
Q9NV88	A0A481DF93	5.39322
Q9NVM9	Q9NV88	208.616
Q9NVM9	Q5TA45	207.413
Q9NVR2	Q9NV88	210.719
Q9NVR2	Q5TA45	212.769
A0A1S3XP85	A0A1S4CE74	0.349844
A0A1S3XP85	A0A1S4D4H1	0.259655
A0A1S3XP85	A0A1S3YEW3	0.320898
A0A1S4BFK7	A0A1S3YEW3	0.312197
A0A1S4BFK7	P06269	0.267758
A0A4V8GZZ6	A0A4V8GZZ9	0.0276192
A0A4V8GZZ6	A0A0D6E2L8	0.0305586
A0A4V8GZZ7	A0A4V8H001	0.0185695
O15446	O15160	213.967
O15446	P62875	2.3458
Q3B726	Q9GZS1	195.351
Q3B726	Q9P1U0	174.266
Q3B726	P62875	2.59269
O60921	P35249	248.814
O60921	P40938	50.2796
O60921	Q99638	373.029
P35250	Q99638	8.60511
P35250	P12004	253.644
P35250	P40938	329.353
P07305	Q71DI3	22.7064
P07305	P04908	118.031
P07305	O60814	1.20737
P62805	P10412	167.072
P62805	A0A1B8Y854	130.857
P62805	P33778	234.337
P03903	Q4JFN6	116.731
P03903	P03888	116.731
P03903	Q9CQ91	98.8067
Q9CR21	Q9CQJ8	139.648
Q9CR21	Q9ERS2	215.403
Q9CR21	Q9CPU2	0.136874
A0A6C0M5W0	Q9XQN8	0.210825
A0A6C0M5W0	A0A6C0M5W1	0.197529
A0A6C0M5W0	P46818	0.196579
A0ABF7PQ09	A0ABF7PQ07	0.104318
A0ABF7PQ09	F4JF21	0.613858
A0ABF7PQ09	A0A6C0M829	0.253327
P20436	P29055	6.65843
P20436	P46669	1.07778
P20436	P07703	2.47694
P32910	P22276	0.521144
P32910	P32349	0.558133
P32910	P04051	0.42429
A0T0V1	B8LE61	0
A0T0V1	B8C770	0
B8CEQ3	A0T0S1	0
B8CEQ3	A0T0S9	0.0211168
B8CEQ3	A0T0V0	0.0773304
Q83EQ3	Q83ES8	0.196081
Q83EQ3	P59753	0.0882353
Q83ES5	Q83AX9	0.678221
Q83ES5	Q83ES8	1.09381
Q83ES5	Q83FC0	0.134128
Q99832	P07437	605.065
Q99832	Q13885	590.091
Q99832	P17987	708.453
Q9NQP4	P78371	4.69255
Q9NQP4	Q99471	8.56687
P39933	P32367	0.181696
P39933	P34111	0.233928
P39933	P33339	0.253224
Q12308	P34111	0.323617
A0AAB0B1U3	A0AAB0B1V2	0.256977
A0A2P6TPV8	A0A2P6TT36	0.122805
A0A2P6TPV8	A0A2P6TZ50	0.102224
A0A2P6TPV8	A0A2P6TS63	0.225293
A0A2P6TQ14	A0A2P6TZ50	0.178114
A0A2P6TQ14	A0A2P6TPR7	0.0902592
A0A2P6TQ14	A0A2P6TT36	0.0288908
D5MAL3	Q9SQL2	0.0137944
D5MAL3	Q41038	0
D5MAL3	P09911	0
Q32904	A0A0F6NFW5	0.0133173
Q32904	E1C9K7	0.0190374
Q32904	Q41038	0.0122068
P56768	Q9SUI6	0.0132339
P56768	Q9SUI7	0.0132339
P56768	P56766	0
Q949Q5	Q9SUI4	0.067319
Q949Q5	P0CJ48	0.0173622
Q949Q5	Q9SHR7	0.0221563
O19925	Q9TM22	0
O19925	Q9TM20	0.232054
O19925	O19928	0.0504061
Q76FB0	Q9TM23	0.476592
Q76FB0	Q9TM47	0.180921
P12356	Q05093	0.0229345
P12356	Q7DM26	0.0233441
P12356	Q75VY4	0.0118815
Q75VY9	Q75VY8	0.0712193
Q75VY9	P59777	0.0263086
E1C9K6	A0A0M3KL10	0.128993
E1C9K6	E1C9K8	0.0743886
E1C9K6	A5Z2K3	0.0488839
E1C9K9	P05310	0.0252763
E1C9K9	E1C9L1	0.301827
Q08920	Q00916	20.1473
Q08920	P34160	4.83528
Q12330	Q07930	0.931216
Q12330	P40018	72.0529
Q12330	P53277	13.0105
E9NPW6	E9NPS8	0.00232604
E9NPW6	I0Z7V3	0
I0YPL4	I0Z2Y0	0.0334995
I0YPL4	I0YWK6	0.0294859
A0A063X781	A0A063XFC1	0.0397164
A0A063X781	A0A063X745	0.116356
A0A063X781	A0A063XCR0	0.342896
A0A063XCP1	A0A063X754	0.00392993
A0A063XCP1	A0A063XCH0	2.17246
A0A063XCP1	A0A063X8U6	2.01072
E9NPV2	I0YQ13	0
E9NPV2	I0YVS7	0
E9NPV2	E9NPS8	0
I0YWK6	I0YST3	0.0312332
I0YWK6	E9NPW6	0
O15514	P62487	168.283
O15514	O00267	1.82002
O15514	P51948	3.52906
Q00403	P61218	141.714
Q00403	A0A4X1VEK9	141.682
Q00403	Q15543	0.267788
Q09177	P15398	0.937932
Q09177	Q9P7X8	0.659019
Q09191	P36595	37.4766
Q09191	P15398	0.91214
Q09191	P36594	0.892362
P0A431	Q8DIN9	0.201144
P0A431	Q8DJZ6	0.0373452
P0A431	P0A386	0.0688154
P59087	Q9F1K9	0.0402174
P59087	Q8CM25	0.137358
P59087	Q8DJ43	0
A0A4X1VEK9	P20226	149.765
A0A4X1VEK9	P29084	139.506
A0A4X1VEK9	Q6P9B9	1.14405
A0A8D1B522	P60899	0.247807
A0A8D1B522	A0A8D1DPV6	0.141569
A0A8D1B522	Q13216	1.72554
P09190	Q55330	0.0938272
P09190	P72575	0.343147
P09190	P14835	0.20216
Q01667	Q9C639	0.0273275
Q01667	Q9SQL2	0.0526246
Q01667	P27521	0.0711511
Q8LCQ4	P27521	0.0205106
Q8LCQ4	Q9SY97	0.0437932
Q8LCQ4	Q94AQ8	0.0493614
P52435	O60244	1.84629
P52435	P52434	256.855
P52435	P62875	162.438
P63272	O00267	0.670732
P63272	Q6PD62	2.96062
E3UIU6	E3UIU8	0
E3UIU6	E3UIU0	0.0054669
E3UIU6	E3UIU7	0
M2XWX3	E3UIU1	0.0249712
M2XWX3	M2XR49	0.0443485
M2XWX3	E3UIU8	0.270924
P59768	P41145	164.895
P59768	P35414	283.721
Q9GZQ6	P63096	303.917
Q9GZQ6	P62873	265.379
A1B4F4	A1B311	0.0700758
A1B4F4	A1B4F2	7.99276
A1B4F4	A1B5L6	0.192944
A1BA41	A1BA37	29.0348
A1BA41	A1AZB0	0.557444
A1BA41	A1B4F2	20.8992
P0A7W7	P0A7T7	0
P0A7W7	P0A7R5	0.0530993
P0A7W7	P0A7J7	0.0625135
P69222	P0AG59	0.124175
P69222	P0A707	0.143981
P69222	P02358	0.037037
O74825	O14459	34.8317
O74825	P36594	0.465132
P36595	P36594	0.654905
P36595	P15398	0.611488
O52760	Q9HTM1	0.423662
P45684	Q9HTR9	0.40499
Q9P6Q0	O14010	0.450302
Q9P6Q0	Q9US45	0.3063
Q9P6Q0	O60104	0.782105
Q9Y7N2	P87310	0.7109
Q9Y7N2	O60104	0.450663
Q9Y7N2	Q9P7Y4	0.417685
F2QT90	F2QT92	3.49055
F2QT90	F2R0J6	31.9203
F2QT90	F2QZ97	34.683
F2R0J7	F2QVA2	17.5418
F2R0J7	F2QZ97	52.3758
F2R0J7	A0A1G4KPQ9	0.365462
A0A125YN38	S7W617	21.0205
A0A125YN38	S7UTB5	0.116594
A0A125YN38	S7UR33	0.0244893
S7W9J5	S7W617	25.5313
S7W9J5	A0A125YKF7	0.409398
S7W9J5	S7VSS5	0.0765626
Q9VBI1	Q9VQY9	34.7042
Q9VBI1	Q9W2V7	1.68793
Q9VBI1	Q9W0I7	32.8941
Q9XYU1	Q9VQY9	18.8811
Q9XYU1	Q9W2V7	3.90468
Q9XYU1	Q9VGW6	37.3703
P49427	Q13617	703.758
P49427	P62877	542.001
P49427	P0CG47	60.5575
Q15370	Q712K3	6.26567
Q15370	Q13084	4.81495
Q15370	P40337	152.921
A0A2K1IAD0	A0A2K1JDE1	0.0568576
A0A2K1IAD0	Q8MFA3	0.00954762
A0A2K1JC42	A0A2K1JDR4	0.19508
A0A2K1JC42	A0A2K1JDE1	0.0782706
A0A2K1JC42	Q6YXM2	0
A0A1S3ZSI0	A0A1S3XP85	0.225164
A0A1S3ZSI0	A0A1S3YU01	0.320703
P38550	A0A1S3YXM6	0.312142
P38550	A0AA96C3P8	0.290373
P38550	A0A1S3YU01	0.238772
C3SYP2	C3SRY2	2.2121
C3SYP2	A0A0E2KXL3	4.00927
C3SYP2	P0A7M9	0.0494774
W8T6F0	A0A090BZW5	0.0952142
W8T6F0	C3SQX2	0.214625
W8T6F0	C3SR62	0.419625
Q8SD23	Q8SD35	0.126383
Q8SD23	Q8SD32	0.142071
Q8SDD6	Q8SD32	0.145373
P24964	F1SDI2	116.444
P24964	A0A286ZPR8	117.771
P24964	A0A287AZF9	157.88
Q2EN79	A0A286SF60	118.027
Q2EN79	Q1HBG9	118.027
Q2EN79	F1SDI2	0.0195312
Q1HFW0	W7XJB1	1.39049
Q1HFW0	Q1HFV9	0.85453
Q1HFW0	Q23FU1	7.47895
Q1HFX0	Q1HFW2	1.03893
Q1HFX0	Q1HFV9	0.617693
Q1HFX0	W7XJB1	1.40139
B0C4H4	B0C7S6	0
B0C4H4	B0CB42	0
B0C7S7	B0C7S6	0.0702125
B0C7S7	B0C474	0.0145844
B0C7S7	B0CB42	0
A0A1S4CKK0	A0A1S3YU01	0.18358
A0A1S4CKK0	A0A1S4D4H1	0.206362
A0A1S4CKK0	A0A1S4CIZ9	0.183206
A0A1S4D7C7	A0A1S3ZQT7	0.163088
A0A1S4D7C7	A0A140G1Q3	0.242308
A0A1S4D7C7	A0A1S3X147	0.180053
P07470	P13183	146.955
P07470	P07919	0.0745879
P07471	P00429	198.497
P07471	P13183	104.957
Q9P4W1	P07657	0.261018
Q9P4W1	P79010	0.285477
Q9P4W1	Q9P7E0	0.0859225
Q9UTF6	P79010	5.6642
Q9UTF6	P07657	27.4295
Q9UTF6	P21534	19.6843
Q1HFW0	I7M9J2	1.36395
Q1HFW2	Q1HFV9	1.72955
Q1HFW2	W7XJB1	1.72571
Q1HFW2	Q22R86	1.5896
P59768	P30872	174.689
Q96RJ0	P63096	94.4583
Q96RJ0	P62873	228.045
Q96RJ0	P04899	94.5863
P35346	P62873	177.16
P35346	O00230	60.0442
P59768	P30874	146.247
O31742	P71020	0.259212
O31742	P42919	4.11832
O31742	P04969	0.593694
P19947	P42924	0.0786797
P19947	P70974	0.231911
P19947	P12873	0.530303
Q8DJD9	Q8DMR6	4.3311
Q8DJD9	Q8DKY0	5.14445
Q8DJD9	Q8DL31	3.78669
Q8DKF5	Q8DMA1	0.140193
Q8DKF5	Q8DKF4	0.665824
Q8DKF5	Q8DL29	0.366013
A0A4V8H007	A0A4V8GZZ9	0.0502481
A0A4V8H007	A0A4V8H009	0.247129
A0A4V8H010	A0A4V8GZZ4	0.108627
A0A4V8H010	A0A4V8H009	0.0605681
A0A4V8H010	A0A4V8GZZ2	0
A8IKI9	A8HX89	0.656592
A8IKI9	Q6QIV8	0.0828116
A8IKI9	Q6UKY8	0.116257
A8J4K5	A8J5P7	0.144564
A8J4K5	A8JC51	0
A8J4K5	A8HX89	0.134766
A0T0S9	A0T0V1	0
A0T0S9	A0T0M9	0
A0T0V0	B8BYV4	0.0714827
A0T0V0	A0T0T5	0.0431655
A0T0V0	A0T0M9	0.0332067
P19658	P22224	0.479112
P19658	P38261	0.520424
P19658	Q06245	0.625681
P33332	P32844	0.469129
P39543	Q12025	0.273212
P39543	P25574	0.130915
P39543	P36039	0.340968
P40540	P47133	0.361654
P40540	Q12431	0.105135
P40540	P53073	0.337215
P16370	P19263	1.15738
P16370	P22139	51.6884
P16370	P40422	28.6215
Q02792	P34087	1.5689
Q02792	P22139	2.19661
Q02792	P20433	1.04758
P30665	P53091	10.8367
P30665	Q08032	1.9561
P30665	P29469	11.1554
P54784	P24279	4.73965
P54784	P38132	8.77917
P54784	P53091	4.78049
A0A140G1Q3	A0A1S4D4H1	0.222899
A0A140G1Q3	A0A1S3YPU3	0.378372
A0A140G1Q3	P38550	0.253749
M1VKK5	Q85FY6	0.0219154
M1VKK5	M1UU36	0.109624
M1VKK5	Q85FQ6	0.0441005
Q85G47	Q85FQ6	0
Q85G47	Q85FP8	0
Q85G47	Q85FZ1	0
P62877	Q9BT78	183.487
P62877	Q9UNS2	179.793
P62877	Q7L5N1	177.122
Q96L50	Q9Y248	1.23856
Q96L50	Q13617	208.395
Q96L50	Q14691	1.42858
A0A2K1JDR4	A0A2K1KU02	0.0625681
A0A2K1JDR4	Q6YXM2	0.0387787
A0A2K1JLW2	Q8MFA2	0.0122304
A0A2K1JLW2	Q8MFA3	0.00826463
A0A2K1JLW2	Q6YXQ2	0
P0A7G2	P0A7S3	0.0540868
P0A7G2	P0A7R9	0.337355
P0A7G2	P02359	0.121183
P0AG63	P02358	0.194533
P0AG63	P0A7R9	1.05353
P0AG63	P0A7X3	0.13315
P06839	P36100	8.86014
P06839	P36145	3.78084
P06839	Q3E7C1	12.8584
P14736	Q00578	0.93403
P14736	P32776	0.478367
P14736	Q3E7C1	0.366748
F2CW18	Q43485	0.00909438
F2CW18	P23993	0.0093832
F2DAN8	F2D0D5	0.0526091
F2DAN8	Q43485	0.0158321
F2DAN8	S4Z1K7	0.0138389
Q9A999	P52324	0.355485
Q9A999	Q9A8S9	0.331379
P58568	P58566	0
P58568	Q8YNB0	0
P58568	P58583	0
Q8YQ35	P58560	0.102123
Q8YQ35	P58576	0.0162551
D7P6B9	D7NIZ2	0.0974494
D7P6B9	D8V7I1	0.258782
D7P6B9	Q85JD5	0.146738
K0J903	Q85JD5	0.168773
Q9XYU0	Q9XYU1	35.2332
Q9XYU0	Q9V461	30.6148
Q9XYU0	Q26454	35.7777
P0AB98	P0ABA0	0.2667
P0AB98	P68699	0.831473
P0AB98	P0ABB0	6.22585
P0ABA4	P0ABA0	0.860495
P0ABA4	P0ABB0	1.66329
P0ABA4	P0ABB4	19.9513
P40337	B4DNT1	0.529207
P40337	Q99627	0.238201
P40337	Q712K3	204.734
P62877	P63208	165.44
P62877	Q15369	167.686
P61769	P0DTU4	1.44783
P61769	P60709	0.0727619
P61769	K7N5M4	1.73268
Q6PJ56	P01887	0.153333
Q6PJ56	P04234	0.308697
Q6PJ56	P07766	0.153496
P23968	P39111	40.7444
P23968	P32366	46.3745
P23968	P53262	0.282292
P41806	P32563	0.19009
A0A0M3KL13	A0A0F6NGI2	0.0308717
A0A0M3KL13	P05310	0.0286565
A0A0M3KL13	P05311	0.0222759
E1C9K6	Q9S7N7	0.0283203
E1C9K6	E1C9L3	0
E1C9K6	P09911	0.0232802
A8J7H8	Q8LK22	0.0885913
A8J7H8	Q6UKY4	0.204915
A8J7H8	A8J7I9	0.0104167
Q9FV97	A0A2K3D1M1	0.0159776
Q9FV97	P08681	22.7828
Q9FV97	A8IU42	0.0424809
P32447	P62799	145.037
P32447	P61830	140.881
P32447	P84233	146.067
P53853	Q07794	0.422679
P53853	P61830	3.2659
P53853	P84233	3.50457
P36578	Q9NVU7	3.56713
P36578	Q9BZE4	7.87184
P36578	Q9Y262	208.958
Q9BXJ9	P50579	0.364459
Q9BXJ9	G1SKF7	4.22608
Q9BXJ9	P08515	0.959229
P43627	P68431	0.962115
P43627	P52292	0.673837
P61769	P43629	95.8145
P61769	Q8N423	109.061
P61769	P78358	0.0139122
P63104	P68431	129.343
P63104	Q15370	13.0887
P63104	P40337	2.12492
Q15369	Q13084	9.29555
Q15369	Q9BQ90	37.8227
Q15369	P01116	2.54667
A0A4V8GZZ7	A0A4V8GZZ2	0.008936
A0A4V8H007	A0A4V8H008	0.166698
A0A4V8H007	A0A4V8H003	0.0923137
Q06675	P38265	0.285093
Q06675	P38313	0.696768
Q06675	Q12262	0.819736
Q2V2P8	P38313	0.433139
Q2V2P8	Q02732	0.519777
Q2V2P8	Q12493	0.531395
A0A4V8H002	A0A4V8H003	0.0238358
A0A4V8H002	A0A4V8H004	0.0269167
A0A4V8H002	A0A0D6E2L8	0
A0A4V8H007	A0A4V8H006	0.197025
P47047	P38792	0.594221
P47047	P46948	0.490014
P47047	P05738	1.80475
Q12277	Q12149	0.469999
Q12277	P53256	0.461968
Q12277	Q05636	0.786873
F4JYR0	Q9SAJ3	0.21245
F4JYR0	P56786	0.181186
F4JYR0	F4KF14	0.162876
Q9SN86	Q9SAJ3	0.881442
Q9SN86	Q9LIR6	0.510821
Q9SN86	P56786	0.440528
P01887	P01738	0.107951
P01887	Q31093	164.856
Q5R1F1	P04214	0.0180708
Q5R1F1	Q8CDD8	0.140164
Q5R1F1	P11212	0.100329
T1RJ05	T1RIT2	0.109618
T1RJ05	T1RJY1	0
T1RJ05	T1RJP7	0.0653075
T1RJ07	A0A8F5PPL2	0
T1RJ07	T1RJZ1	0.00930233
T1RJ07	T1RIQ1	0.0781547
P04911	P53298	1.76496
P04911	P62799	204.881
P04911	P62798	204.881
Q12509	Q12692	17.1822
Q12509	P61830	4.61335
P0A7Z6	P00579	0.468531
Q5U4U4	Q7ZT48	1.1937
Q5U4U4	Q7ZXB1	0.766967
Q5U4U4	Q7ZT46	0.262008
Q7ZT47	P55862	38.1673
Q7ZT47	Q7ZT01	138.78
Q7ZT47	Q7ZT48	144.962
A0A2P6TPR7	A0A2P6TS63	0.0980719
A0A2P6TZ50	A0A2P6TT36	0.0182321
A0A2P6TZ50	A0A2P6TS63	0.0951387
O15514	P50613	178.142
O15514	P19387	202.184
P60002	A0A287ADR4	0.480094
P60002	A0A8D1KNW4	0.0752301
P60002	Q13216	1.72554
E3UIU1	M2X090	0.0229244
E3UIU1	M2XR49	0.0211382
E3UIU1	M2XW22	0.0703968
M2VTV2	E3UIU7	0
M2VTV2	E3UIU5	0.0357318
M2VTV2	M2X090	0.0252248
A6QRA1	Q9FJ98	13.8856
A6QRA1	Q6DBA5	0.766046
A6QRA1	Q9LK40	0.21146
O81097	Q5D869	0.560361
P60002	Q2YD98	0.183714
P62487	P20226	205.81
P62487	Q9H944	0.919181
A0A0F6NGI2	P16002	0.0163974
A0A0F6NGI2	P17227	0
P09911	A0A0F6NFW5	0.0128827
P09911	P10793	0
P20436	P13393	28.9551
P20436	P20433	5.02777
P20436	P20435	1.34021
P47076	P35718	9.60392
P40937	P12004	149.682
P40937	P35250	425.223
P40937	P40938	338.781
Q99638	Q9BSD3	5.5253
Q99638	P27694	194.608
P63096	P09341	43.2052
P63096	P48061	18.1518
P63096	P62874	299.054
Q07325	P49682	89.2562
P0A8T7	P0A7W1	0.0925228
P0A8T7	P0A7V3	0.209864
P0ACJ8	P0A8V2	0.593081
P0ACJ8	P0A7Z4	0.609828
P0ACJ8	P00579	0.747005
P60900	P62191	142.89
P60900	P51665	208.649
P60900	Q06323	270.895
Q9BT73	P25788	0.083478
Q9BT73	P28066	0.0832937
Q9BT73	P25786	0.129246
C4R0E6	P62805	0.528445
C4R0E6	C4R4Y0	0.422079
C4R3P8	C4R1V1	40.7162
C4R3P8	C4R009	1.25643
C4R3P8	C4R6B2	0.578737
P22139	P41896	2.93779
P22139	P40422	40.271
P22139	P50106	0.391762
P53063	P20433	0.726496
P53063	Q02792	0.225595
P53063	P04050	0.132616
Q49QE8	Q49PL6	0.277192
Q49QE8	Q49QC6	0.306534
Q49QE8	Q1PIU7	0.317834
Q49QI2	A4GDF1	0.0895753
Q49QI2	Q49PL6	0.077689
Q49QI2	Q49PG1	0.0224824
P0DOX5	B9A064	1.72754
P0DOX5	P0DOX7	0.434132
P0DOX5	Q6PIL8	0.421841
Q8N5F4	P01857	0.399056
Q8N5F4	S6B291	1.08632
Q8N5F4	Q6N089	0.977895
Q22MV2	Q1HFV9	31.3933
Q22MV2	W7XJB1	6.27435
Q22MV2	Q1HFW2	32.243
Q22R86	Q1HFV9	0.594788
Q22R86	Q24DI9	0.594788
Q22R86	Q1HFX0	0.757903
C1DMA5	C1DMA8	0.0658039
C1DMA5	Q9F5Y1	0.0856867
C1DMA5	C1DMA6	0.137306
P38291	P28005	0.19071
P38291	P53218	0.18906
P38291	P38208	0.141837
Q12530	P41812	0.253856
A0A9R0J252	A0A9R0J865	0.0392149
P06505	A0A9R0K7U8	0.339163
P06505	A0A9R0JF29	0.250068
P06505	A0A9R0IWV5	0.241669
Q9SLH3	Q9MAA7	0.200207
O15446	P19388	4.55095
P0DPB6	P05423	216.348
P0DPB6	Q9GZS1	211.552
P0DPB6	Q9P1U0	172.853
B7IA16	B7I7S0	1.57457
B7IA16	B7IBC2	0.158021
B7IA16	B7I2K7	0.929688
B7IBC1	A0A372MP10	0.187717
B7IBC1	A0A150HZL5	0.187717
B7IBC1	B7IBC2	0.187717
A0A3B6IU74	W5BFB7	64.9289
A0A3B6IU74	A0A3B6RED0	103.986
A0A3B6IU74	A0A1D5SLI4	112.486
W5I035	A0A341UET3	107.318
W5I035	W5BFB7	1.48311
W5I035	Q5I7K2	98.0102
A0QS97	A0QSL5	0.0532465
A0QS97	A0QSL6	1.14521
A0QS97	A0QV37	1.81488
A0QSD5	A0QSG2	0
A0QSD5	A0QSG3	0.00578364
A0QSD5	A0QSG6	0.0106522
P01887	Q31167	167.895
P01887	P01899	166.095
P04214	P01837	0.254261
P04214	Q8CDD8	0.134354
P04214	P01865	0.0691694
A0A2P6TKF8	W8SU98	0
A0A2P6TKF8	A0A2P6U0J1	0.10663
A0A2P6TKF8	A0A2P6TPV8	0.249271
A0A2P6TZ50	W8SU98	0.121419
A0A2P6TZ50	W8SUD1	0
A0A2P6TZ50	A0A2P6THB2	0.0633185
Q8DL30	Q8DKZ3	0.220526
Q8DL30	Q8DMU4	0.137643
Q8DL30	Q8DL29	0.15396
Q8DL61	Q8DJU2	0.449636
Q8DL61	Q8DJ01	0.202976
Q8DL61	P0A3C9	0.693135
A0A9R0K533	A0A9R0IP63	0.357356
P06505	A0A9R0J865	0.198846
P06505	P11705	0.185167
O95456	P28066	1.20433
O95456	P25789	0.218018
P20618	P48556	200.053
P20618	O14818	122.479
P20618	P55036	194.477
P78346	Q32NC0	0.246116
P78346	Q969H6	173.912
P78346	Q99575	0.162357
Q9BUL9	O95059	0.047455
Q9BUL9	Q99575	0.21319
Q9BUL9	Q969H6	168.016
Q14457	P10415	99.0455
Q14457	Q07817	197.827
Q14457	P89884	14.989
P62875	P36954	156.288
P62875	Q9GZS1	147.435
Q9HAW0	P53803	153.782
Q9HAW0	O15160	2.41365
Q9HAW0	O75575	174.289
A0A2K3E6S5	P92277	0.0259775
A0A2K3E6S5	P37256	0.00676067
A0A2K3E6S5	P59763	0
P92276	P12853	0.0318147
P92276	P18263	0
P92276	P59763	0
P13051	P15927	181.17
P13051	Q9Y4B6	0.307873
Q16531	P62805	2.75912
Q16531	Q03468	0.345653
Q16531	P00720	0.207098
A0A2K3CYB6	A0A2K3DHV6	0.336697
A0A2K3CYB6	A0A2K3CRM9	0.266674
A0A2K3CYB6	A0A2K3DQ46	0.202919
A8HUP3	A0A2K3DM81	0.277806
A8HUP3	A0A218N8A7	0.284816
A8HUP3	A0A2K3DQ46	0.238892
P0A7G2	P02358	0.172542
P0A7W7	P02358	0.213276
P0A7W7	P0A7R9	0.0926655
P0A7W7	P0A7X3	0.102012
Q22A67	Q1HGH8	0.384111
Q22A67	Q24DI9	1.62074
Q22A67	Q1HFV9	1.62074
Q240X9	I7M9J2	0.522022
A0A2K1JC42	Q8MFA2	0.0714863
Q6YXQ2	A0A7I4AUU1	0
Q6YXQ2	A0A7I4A0Q6	0
Q8C456	Q059U7	0.248512
P0A7W1	P0CE47	0.127162
P0A7W1	P68679	0.0814709
P0A7W1	A0A0E2L2J1	0.0814709
P39286	P0A7S9	0.188596
P39286	P0A7X3	0.170352
P39286	P0A7R9	0.120731
A0A2V3F2U6	E2RXU4	0.983552
A0A2V3F2U6	A0A069PXX1	0.115779
E2RXT8	A0A069PXX1	0.103275
E2RXT8	A0A140S919	0.462741
E2RXT8	E2RXT2	0.00794255
A0A2P6TMX4	W8SUD1	0
A0A2P6TMX4	W8SUA3	0.0450429
A0A2P6TMX4	A0A2P6TMI2	0.0864208
W8SKM2	A0A2P6U4S6	0
W8SKM2	W8SUA3	0
W8SKM2	A0A2P6TKF8	0
P06224	P37871	0.529565
P06224	O35011	0.362031
P06224	P20429	0.508301
P12464	P20429	0.268418
P12464	O32215	0.35219
P12464	P37871	0.255078
Q15382	Q13541	0.340457
Q15382	Q9Y2Q5	0.727957
Q15382	P42345	1.20091
Q7L523	P08515	0.283905
Q7L523	O43504	155.641
Q7L523	Q8N122	0.689802
Q05541	Q07913	0.200397
Q05541	Q03718	0.365185
Q05541	P43124	0.419265
Q24DJ0	I7MDA9	0.896323
Q24DJ0	I7MLZ4	0.587806
Q24DJ0	Q24C31	0.610492
W7WX86	Q23YW7	0.865131
W7WX86	I7LT80	0.759459
W7WX86	I7LWE3	0.664407
A0A063X8U6	A0A063XFC1	0.788373
A0A063X8U6	A0A063XF22	1.7214
A0A063X8U6	A0A063XHU6	3.48469
D7P6B9	D8V7I2	0.139439
D7P6B9	A0A024FSR7	0.14286
D8V7I7	A0A024FSR7	0.0270394
D8V7I7	A0A5H1ZR95	0.0391888
B8YB59	B8YB56	0.394729
B8YB59	B8YB55	0.197932
B8YB59	B8YB54	0.357883
B8YB61	B8YB60	12.0155
B8YB61	B8YB54	0.444764
B8YB61	B8YB53	0.496591
P31376	Q03388	0.662086
Q03940	P53946	28.6936
Q03940	Q03388	4.42799
Q03940	P04911	194.324
P30989	P29992	632.806
P30989	P63096	372.91
P30989	P59768	557.663
P50148	P32239	220.745
P50148	P49683	120.81
P50148	Q969F8	453.733
P0AB98	P0A6E6	0.237145
P0AB98	P0ABB4	0.537687
P0ABA6	P0ABB0	25.7345
P0ABA6	P68699	2.97023
P0ABA6	P0ABB4	32.1225
P10606	P15954	127.183
P10606	P20674	156.132
P10606	P13073	85.5149
Q9BW72	P15954	5.24259
Q9BW72	P20674	0.264465
Q9BW72	P10176	0.437517
A8IH07	A8IJ60	0.415855
A8IXD6	A8IJ60	0.282882
A8IXD6	A8IL21	0.236993
A8IXD6	A8IS47	0.111304
B8YB57	B8YB55	0.385362
B8YB57	B8YB53	0.406585
B8YB57	B8YB58	0.329056
B8YB64	B8YB63	17.6907
B8YB64	B8YB56	7.62123
B8YB64	B8YB55	0.300513
P47047	P38801	0.624017
P47047	Q04500	0.697903
P53256	Q05636	8.32291
P53256	Q08285	2.08242
P53256	P48240	0.648933
G0S8E0	G0S292	0.799005
G0S8E0	G0SEM4	2.03071
G0S8E0	G0S7Z4	0.804375
G0SEC7	G0S7Z4	0.380965
G0SEC7	G0S292	0.515151
G0SEC7	G0SCL5	0.372008
P00746	P00751	200.919
P00746	P01857	0.255679
P01024	P15529	0.137826
P01024	P62873	3.51949
P01024	P00751	0.179151
Q9NV88	Q6P9B9	0.329326
Q9NV88	Q9H3P2	0.255737
B4DIJ7	P61964	3.36836
B4DIJ7	P84233	61.6792
B4DIJ7	Q15291	32.1212
Q9C005	P62799	5.98539
Q9C005	P43132	5.03286
Q9C005	P84233	5.0055
Q14181	P49643	198.488
Q14181	P09884	0.255697
Q14181	Q2NKJ3	0.417156
Q9H668	Q86WV5	173.941
Q9H668	P0AEX9	1.29076
Q9H668	P49642	3.42614
P29496	P54790	1.86806
P29496	P32833	12.3778
P29496	P38826	1.20686
P54791	P29469	6.50521
P54791	P24279	6.31597
P54791	P53091	6.26183
A0A2K9VK88	A0A2K9VK93	0.126608
A0A2K9VK88	A0A2K9VK89	0.194429
A0A2K9VK88	A0A2K9VKD2	0.21057
A0A2K9VK98	A0A2K9VK99	0.106546
A0A2K9VK98	A0A2K9VKE4	0.138816
A0A2K9VK98	A0A2K9VK89	0.112006
P02309	P53298	2.10871
P02309	P61830	269.333
P02309	P53686	31.4641
Q12509	Q03940	6.97776
Q75VY4	Q75VY6	0.00345512
Q75VY4	Q75VY8	0.016985
Q75VY4	Q75VY7	0.0164097
Q75VZ0	Q75VY7	0.144875
Q75VZ0	Q75VY6	0.0141788
Q75VZ0	Q05093	0.0308679
P0DOX5	P01857	0.231542
P0DOX5	Q6N089	0.258899
P0DOX5	P14735	0.233221
S6B291	P16837	0.0441608
S6B291	P0DOY2	1.33679
S6B291	Q8TCD0	0.36627
P31173	P48114	0
P31173	P48115	0
P31173	Q9T4W8	0
P48116	P48113	0.0153518
P48116	P48112	0
P48116	P48117	0
Q8NAC3	Q16552	101.622
Q96F46	Q16552	4.53048
B6SQZ7	A0A1D6HY75	0.0477652
B6SQZ7	B6STT2	0.0745979
B6SQZ7	P12329	0.0195348
B6U534	P30980	0.01341
B6U534	O65101	0.160126
B6U534	B6SRI3	0.133487
P41227	G1TJR3	5.28207
P41227	G1SGX4	7.74614
P41227	P61254	7.90497
P84098	Q9UKD2	3.9017
P84098	Q13765	2.25748
P84098	P62701	155.329
P60292	Q8U0E8	24.0818
P60292	Q8U0E4	29.2053
Q8U0M4	Q8U216	0.427453
Q8U0M4	Q8U0M2	1.05591
Q8U0M4	Q8TZI3	0.411426
P62090	Q9S831	0
P62090	Q9SUI5	0
P62090	Q949Q5	0
Q9SHE8	A4QJG7	0
Q9SHE8	A0A8F5NZW2	0.0433978
Q9SHE8	Q9C639	0.0565964
Q96RY7	Q8NEZ3	0.26023
Q9P2L0	Q8NEZ3	0.262055
Q9P2L0	Q96FT9	0.192963
Q9P2L0	Q7Z4L5	0.355576
Q8U0Z8	I6UZU1	0.164901
Q8U0Z8	I6U847	0.207654
Q8U0Z8	I6TXN5	0.0658683
Q8U104	Q8U0Z7	0.56238
Q8U104	Q8U0Z6	0.231533
Q8U104	I6UQM0	0.132886
B8H4F8	A0A0H3CAV3	0.310755
P59768	Q9UP38	4.67368
Q03431	P17870	199.09
Q03431	P49407	201.119
Q03431	P63096	7.67947
Q2FW08	Q2FZF1	0.162372
Q2FW08	P0A0F8	0.2465
Q2FW08	Q2FUQ0	0.244689
Q2FW16	Q2FXS8	0.0770653
Q2FW16	Q2FW11	0.0410537
Q2FW16	Q931G5	0.00570556
A0A0M3KL10	E1C9L1	0.159075
A0A0M3KL10	P10793	0
A0A0M3KL10	P16002	0.0195767
E1C9L2	A0A0M3KL12	0.00817418
E1C9L2	E1C9K6	0.0734375
E1C9L2	Q9SQL2	0.0746032
I7M9J2	I7M008	0.672892
W7XJB1	Q22A67	0.595987
W7XJB1	A4VD75	0.181066
A8IKI9	A8J815	0.050012
A8J7I9	A8J5P7	3.82347
A8J7I9	A8J8N9	1.03097
Q8DMP8	P51765	0.332837
Q8DMP8	P0A444	0.332837
Q8DMP8	D0VWR1	0.158487
Q9F1K9	Q8DHJ2	0
Q9F1K9	D0VWR5	0
Q9F1K9	Q9F1R6	0.038176
P09669	P20674	141.626
P09669	P14854	229.621
P09669	P13073	221.875
P14406	P10606	173.772
P14406	P00403	195.423
P14406	P20674	322.237
Q9P6Q0	O14198	0.219591
Q9P6Q0	O13964	0.600723
Q9P6Q0	O94646	0.642946
Q9USH1	O60104	9.37523
Q9USH1	Q9P7Y4	0.325214
Q9USH1	O94646	1.55309
A0A125YPC9	A0A125YYJ5	0.0557692
A0A125YPC9	A0A125YYV1	0.00837156
A0A125YW21	A0A125YZC1	0.0806881
A0A125YW21	A0A125YTU2	0.0555441
O43143	O75533	7.29136
O43143	Q2TBE0	6.55059
O43143	P52756	62.0886
Q7RTV0	O60231	69.2917
Q7RTV0	O43290	179.709
Q7RTV0	Q13435	0.683972
A0A2D0TC97	A0A2D0TCB9	0.216726
A0A2D0TC97	A0A2D0TCB4	0.218269
A0A2D0TCA6	A0A2D0TC99	0.364252
P62877	Q93034	290.373
P62877	Q99627	4.33887
Q16531	Q9UN86	0.531679
Q16531	Q9BW61	0.545666
Q6P4I2	Q5TA45	0.679877
Q6P4I2	Q6PJG6	0.244208
I0YPL4	I0YST3	0.0348787
I0Z687	I0YP76	0.0908984
I0Z687	I0YQ46	0.0444818
I0Z687	I0YP72	0.0685921
Q8LE42	Q6DBA5	0.599411
Q8LE42	Q9LQ02	0.294982
Q8LE42	Q9FJ98	10.5565
Q8LFJ6	Q39211	67.6217
Q8LFJ6	Q9LK40	1.01327
Q8LFJ6	Q39212	73.3144
M1UU36	Q85G73	0
M1UU36	Q85FY6	0.0385283
Q85G47	Q85FY7	0
P20490	P20491	0.0210787
P16033	P09191	0.111742
P16033	P72986	0.0128136
P16033	P73676	0.215313
P19569	Q55329	0.0262411
P19569	P32422	0
P19569	P72712	0.0291935
A8HPD3	P31479	0.0266931
A8HPD3	A8HPD0	0.0261199
A8HPD3	A8HPC6	0.0200289
P19431	A8HPD0	0.0092512
P19431	A8HPD7	0.0119824
P19431	A8HPH1	0.0212166
A0A1S3XP85	A0A1S3YU01	0.198442
A0A1S3YXM6	A0A1S3YEW3	0.441423
A0A1S3YXM6	A0A1S3YU01	0.25303
P14949	P50620	1.08758
P50621	P50620	0.892718
P20435	P22138	0.946344
P20435	P22139	48.6096
P20435	P40422	5.80599
Q02792	P04050	0.295416
C4QXY9	C4QZQ7	0.22532
C4QXY9	C4R4Y0	0.224103
C4QXY9	C4QXL6	1.43385
C4R7L2	F2QQ42	2.04455
C4R7L2	C4R9A1	2.36819
C4R7L2	F2QMI1	22.267
C4R009	C4R2U9	12.2215
C4R009	C4QZ45	2.23472
C4R2R6	C4R4Y0	0.661437
C4R2R6	C4QZQ7	0.547569
A5F5X0	A5F5X1	0.20423
A5F5X0	A5F5Y7	0.146257
A5F5Y4	A5F5X1	0.225963
A5F5Y4	A5F5Y7	0.223659
O15160	P53803	164.881
O15160	Q9P1U0	53.3341
O15160	P0DPB6	241.662
P27999	P27692	1.21213
P27999	P47822	6.14256
P27999	P38633	0.00948754
P40352	P34087	0.515046
P40352	P08518	0.223261
P40352	P04050	0.298612
P13183	P62894	0.919048
P13183	P00429	198.89
Q01321	P00396	0.056871
Q01321	P00428	0.0704292
Q01321	P00429	0
D0MDD9	D0MDD7	0.154604
D0MKF0	D0MDD4	0.3398
D0MKF0	D0MDD8	0.326069
D0MKF0	D0MDD7	0.214539
O15318	Q9Y535	72.4174
O15318	O14802	0.27743
O15318	Q9BUI4	0.607984
Q9Y2Y1	O14802	0.748068
Q9Y2Y1	P61218	171.055
Q9Y2Y1	O15160	79.2674
E9NPW6	E9NPZ7	0
I0Z2Y0	I0YQ44	0.0480794
I0Z2Y0	I0YWK6	0.0355968
I7MG46	Q23YW7	1.09153
I7MG46	Q23S05	0.715881
I7MG46	A4VD15	1.17377
Q24C31	I7LT80	0.681215
O14625	P49682	161.841
O14625	P0ABE7	0.0900931
P63096	Q9ULZ1	0.0949813
P29469	P54784	4.80907
P29469	P38826	0.827011
P29469	P53091	10.3525
P40359	P29496	14.819
P40359	P24279	4.90279
P40359	P38132	6.47076
P10176	P15954	1.69381
P10176	P00396	1.96704
P10176	P00430	1.6968
Q6ZED1	Q6ZED4	0.164262
Q6ZED1	Q6ZED3	0.252407
Q6ZED5	Q6ZED3	0.200769
O43143	O15042	23.1238
O43143	Q99459	12.5739
Q9BWJ5	O60231	63.5427
Q9BWJ5	O15042	8.1033
Q9BWJ5	Q9HCG8	2.68045
A0A3B6IU74	W5C8N6	94.5897
A0A3B6KRQ3	A0A1D5UKZ4	59.76
A0A3B6KRQ3	W5BFB7	47.4698
A0A3B6KRQ3	Q5I7K2	67.6151
O14818	P62191	23.9702
O14818	P51665	23.451
O14818	Q06323	85.6724
Q2T9T3	P23193	156.193
Q2T9T3	Q3ZBC0	1.01215
Q2T9T3	Q1JQ91	159.66
Q32P78	Q32P73	155.784
Q32P78	Q3ZBC0	111.489
P84077	P04439	2.84344
P84077	P36578	6.44108
P84077	P35585	363.882
A0A4V8H004	A0A0D6E2L8	0
A0A4V8H004	A0A4V8H009	0.0615621
A0A4V8H004	A0A4V8H003	0.0178279
A0A4V8H005	A0A4V8H006	0
P68431	Q12432	8.4021
P68431	Q9Y230	89.1956
P68431	Q9UKL0	3.58539
Q96GM5	O96019	350.855
Q96GM5	Q969G3	145.984
Q96GM5	Q8TAQ2	4.11204
Q8SDC8	Q8SD63	0.173308
Q8SDC8	Q8SD18	0.112109
Q8SDD3	Q8SD74	0.332168
Q8SDD3	Q8SDD2	0.300818
Q8SDD3	Q8SD75	0.255019
A0A3Q7G7F0	K4ATQ2	76.2542
A0A3Q7G7F0	A0A3Q7FTS1	77.8981
A0A3Q7G7F0	A0A3Q7G7P4	50.5307
A0A3Q7I881	A0A3Q7HSH1	102.372
A0A3Q7I881	A0A3Q7I5D6	86.4242
A0A3Q7I881	A0A3Q7F2G2	2.43761
P60002	I3LGP4	0.196311
P60002	P30876	0.208309
P60002	P24928	0.141569
Q7KZ85	Q6P1J9	1.50479
Q7KZ85	A0A4X1VM56	1.48068
Q7KZ85	O15514	1.53621
P20226	A0A4X1TRS6	159.959
P20226	P49848	15.7805
P20226	P21675	4.48318
A0A2K3DQ46	A0A2K3DLF7	0.180536
A0A2K3DQ46	A0A2K3CY83	0.166184
A0A2K3DZD9	A0A2K3DHV6	0.300888
A0A2K3DZD9	A0A2K3DLF7	0.478493
A0A2K3DZD9	A0A2K3CZ99	0.339455
E9NPX1	I0YQ44	0.0153368
E9NPX1	I0Z7V3	0
I0Z7A6	I0YWK6	0.0471727
I0Z7A6	I0Z7A7	0.0130171
I0Z7A6	I0YQ44	0.046985
Q5MNZ6	Q676U5	23.5054
Q5MNZ6	Q92574	0.364074
Q9P0N9	P63104	1.28544
Q9P0N9	P49815	0.256579
Q9P0N9	Q92574	0.430676
Q1HFX1	I7MHB1	0.339879
Q1HFX1	Q1HFW2	48.9053
Q1HFX1	Q23FU1	29.2692
Q1HGH9	Q1HGH8	1.13243
Q1HGH9	Q1HFV9	0.434313
Q1HGH9	W7XJB1	0.390599
A0A2K9VKE4	A0A2K9VK99	0.416817
A0A2K9VKE4	A0A2K9VK89	0.166104
P04052	Q9VC49	1.14393
P04052	O97183	2.16007
P04052	Q9VNZ3	1.15076
P36958	Q6IGE3	137.961
P36958	P84051	132.005
P36958	P02283	3.51371
A0A5B9AW69	A0A369F490	0.295092
F2Z4C9	Q2T9T3	168.4
F2Z4C9	Q5E9B8	170.576
F2Z4C9	G3MZY8	1.49916
Q32P73	Q3T0Q3	210.203
A8J4K5	P23662	0.055385
A8J4K5	Q8HEB4	0.168845
A8J8N9	Q6QAY4	0.327708
A8J8N9	A0A2K3DYZ8	0
A8J8N9	Q8LK22	0.100759
P20436	P27999	1.65591
P20436	P32529	3.49868
Q04307	P20434	40.1972
Q04307	P22276	0.72448
Q04307	P04051	0.503941
P07992	Q01831	0.275482
P07992	P27694	186.872
P07992	P23025	183.73
Q92759	P23025	1.0871
Q92759	Q6ZYL4	151.107
Q92759	Q13889	199.273
Q83D75	Q83AX9	0.37686
Q83D75	Q83ES9	0.0426425
Q83D75	Q83EQ3	0.100811
Q83E83	Q83ER3	4.1566
Q83E83	Q83ER2	0.205839
Q83E83	O85388	0.430753
O94762	P42212	0.115637
O94762	Q1JQ91	1.96055
O94762	P36954	2.61562
P52435	P53803	152.364
P52435	Q9BUE0	0.233851
P78371	Q99832	701.055
P78371	P07437	584.244
A0A2K3D1M1	A8IU42	0.180437
A0A2K3D1M1	A8JCW1	0.209558
A0A2K3D1M1	A0A2K3D591	0
A8HRZ4	A8J7H8	0.0833929
A8HRZ4	P08681	5.01316
A8HRZ4	A0A2K3D591	0.675154
P78345	Q32NC0	4.44221
P78345	Q9H633	0.224405
P78346	O75817	164.143
P78346	O95059	0.127407
B8YB54	B8YB57	0.439272
B8YB54	B8YB53	0.365602
B8YB56	B8YB62	10.0399
O74471	P79010	2.66909
O74471	O94581	21.2311
O74471	P07657	13.1278
Q9P4W1	G2TRP5	0.179507
P14406	P15954	147.786
A0A1S3X147	P38550	0.194202
A0A1S3X147	A0A1S3YPU3	0.264769
A0A1S3X147	A0A1S3XP85	0.204859
A0A1S4CE74	A0A1S3ZSI0	0.268169
A0A1S4CE74	A0A1S3YPU3	0.445669
A0A1S4CE74	A0A1S3YU01	0.273648
P9WPU7	P9WPV1	0.357344
P9WPU7	P9WPU5	9.77546
P9WPU7	P9WPV5	1.0228
P9WPV7	P9WPV3	0.200215
P9WPV7	P9WPS1	0.22158
P9WPV7	P9WPV5	0.505427
P12873	P21465	0.587573
P12873	O34687	1.13277
P12873	P0CI78	0.262136
P42920	O31742	0.957437
P42920	P37807	0.0505479
P42920	Q06796	1.77169
Q07913	Q03718	0.197296
Q07913	P43124	0.861696
P00420	Q01519	39.5625
P00420	P37299	0.785352
P00420	P07255	0.1969
P00424	P08525	0.107982
P00424	Q2V2P9	0.387106
P00424	P04039	0.180493
P19844	P19845	0.15095
Q52529	P19845	0.0628337
C4LXM0	C4M9F9	22.1941
C4LXM0	C4LWW3	0.0608229
C4LXM0	A0A175JJM9	106.443
C4M5A0	C4M0Z2	0.825089
C4M5A0	C4M7U0	53.042
C4M5A0	C4LWW3	20.495
A0A333U4T6	A0A086HZU3	0.226354
P20143	S4Z1D9	0
P20143	P36886	0.130305
P20143	P92432	0.0845536
P36213	A1E9J1	0.0112911
P36213	S4Z1K7	0.0112911
P36213	A1E9J0	0.0222303
A0ACD6B9L6	A0ACD6B9M1	0
A0ACD6B9L6	A0ACD6B9L2	0.106857
A0ACD6B9L6	A0ACD6B9M2	0.204545
A0ACD6B9N1	A0ACD6B9M4	0.0551408
A0ACD6B9N1	A0ACD6B9M3	0.190024
A0ACD6B9N1	A0A2W4Z125	0.0159354
Q9H1A4	Q9UJX2	1.90588
Q9H1A4	Q13042	1.24518
Q9H1A4	Q9UJX6	0.338702
Q9UJX3	Q96DE5	163.434
Q9UJX3	O00762	227.78
Q9UJX3	Q9BS18	147.952
Q8DL32	Q8DKZ3	0.945777
Q8DL32	Q8DLN5	0.154316
Q8DL32	Q8DMU4	0.141436
Q8DL61	Q8DLN5	0.418182
Q8DL61	Q8DKZ3	0.217225
C4R0E6	F2QNN8	15.8818
C4R0E6	P04908	0.0437922
P36121	P22276	0.331537
Q9X4Q6	Q9KPS2	0.140436
Q9X4Q6	Q9X4Q8	0.133718
A0A125YTU2	A0A125YS93	25.5313
A0A125YTU2	A0A125YPC9	0.0348618
S8GED8	A0A125YS93	20.7202
S8GED8	A0A125YPC9	0.0260879
S8GED8	A0A125YW21	0.182657
D0CD01	D0CD10	0.249374
D0CD01	D0CD19	0
D0CD03	D0CCZ6	0.176407
D0CD03	D0CD10	1.05905
P24482	P24279	2.69442
P24482	Q08032	0.913464
P24482	Q03406	1.30912
P29469	P32833	6.52875
P29469	P38132	19.8948
P29469	Q08032	1.92812
Q8IRE3	Q9VF82	0.792758
Q8IRE3	A1Z8I0	0.374369
Q9VSY8	A1Z8I0	62.3182
Q9VSY8	Q9VA95	72.5396
F2Z4C9	A5PJW8	1.70717
F2Z4H3	G3MZY8	1.47498
A0A125YZ21	A0A125YU99	0.0321278
A0A125YZ21	A0A125YPC9	0.0289063
A0A4V8H004	A0A4V8H010	0
A0A4V8H008	A0A4V8GZZ9	0.0569129
A0A4V8H008	A0A4V8H001	0.0528537
A0A4V8H008	A0A4V8H006	0.0995335
O75818	P78346	0.133629
O75818	Q99575	0.104495
O75818	Q969H6	0.0462573
Q32NC0	O95059	0.08761
Q32NC0	O75817	0.10039
P87310	O94376	3.07448
P87310	Q9US45	3.41088
Q9USH1	P87306	0.329589
Q9USH1	Q9US45	10.2513
P22138	P50106	0.300453
P22138	P22139	1.35985
P32786	P20435	1.43639
P32786	P28000	1.03542
P32786	P32529	0.456215
Q7L5N1	Q13309	1.01899
Q7L5N1	Q99627	197.001
Q9UBF6	Q93034	155.308
P04051	P41910	0.261718
P04051	P20435	0.689196
P13393	P04050	3.00356
P13393	Q99315	2.71105
P13393	P08518	1.67708
P36121	P25441	0.64039
P36121	P04051	0.382753
P40422	P20433	12.6163
P40422	P38304	1.55304
E9NPV2	E9NPS7	0
I0Z284	I0YP76	0.00529649
I0Z284	E9NPS8	0.0560427
I0Z284	E9NPX1	0
Q97ZJ9	Q980K0	14.0216
Q97ZJ9	Q980Z8	14.719
Q97ZJ9	Q980B8	1.20182
Q980L5	Q97ZX7	0.0902778
Q980L5	Q980R1	0.302248
Q980L5	Q7LXK4	0.434366
A0A125YZN9	S7UVH4	0.0246565
A0A125YZN9	A0A125YW19	0.107836
A0A125YZN9	O20672	0.836552
S7W9J5	A0A125YV76	0.150551
S7W9J5	A0A125YYJ3	0.278884
S7W9J5	A0A125YUZ2	0.169038
Q8VZ65	P29388	0.129926
Q8VZ65	B5TM94	0.122524
Q8VZ65	Q0WWE3	0.0835059
Q9FYF8	Q84W12	0.527821
Q9FYF8	P92533	0.211113
Q9FYF8	O22769	0.523329
A0A2K3DGW6	A0A2K3DHV6	0.338687
A0A2K3DGW6	A0A2K3DVJ8	0.281652
A0A2K3DGW6	A0A2K3CRM9	0.18635
A0A2K3DLI2	A0A2K3DLF7	0.242012
A0A2K3DLI2	A0A2K3CRM9	0.156814
Q15370	Q13098	3.05496
Q15370	Q6PJ21	4.24591
Q15370	P30291	1.30951
Q8N884	O60814	5.56627
Q8N884	Q99877	5.41577
Q8N884	Q6PJ21	0.176429
Q8U0M2	Q8U216	0.960264
Q8U0M2	Q8U0E8	23.9671
Q8U4N1	Q8U0M4	0.29534
Q8U4N1	Q8U440	0.0754098
Q8U4N1	Q8U0E4	3.66965
Q9SUI5	Q9S714	0.0876923
Q9SUI5	P56766	0.00517949
Q9SUI7	Q9S7N7	0.0221121
Q9SUI7	Q9SHE8	0.121548
P62653	P62658	0.12127
P62653	P62663	0.14198
P62653	P62669	0
P62662	Q72I23	0.265365
P62662	Q72I33	0.151946
P62662	Q72GS2	0.700437
Q22R86	A4VE64	1.5896
Q24CE5	Q24DI9	0.85453
Q24CE5	W7XJB1	1.39049
Q24CE5	Q23FU1	7.47895
F2QVW8	A0A1G4KPQ9	0.2217
F2QVW8	F2QVA2	0.30487
F2QVW8	F2QRE4	0.245555
F2QZ97	Q05940	0.126313
F2QZ97	F2R0J6	48.907
Q1JQ91	O00267	1.73936
Q32P79	Q3ZBC0	152.364
Q32P79	O00267	1.7006
Q15843	Q93034	247.217
Q15843	Q99627	4.04974
Q15843	Q15370	126.131
Q16531	Q2YD98	0.336903
P52434	Q9NVU0	139.577
P52434	P62875	103.609
P52434	Q9BUE0	0.125545
P62012	Q9V138	13.417
P62012	Q9V0V6	13.7143
P62012	Q9V0G8	17.2443
Q9V0G0	Q9UZL4	10.8336
Q9V0G0	Q9V1V5	7.56647
Q9V0G0	Q9V195	0.594914
P02607	P02612	7.13037
P02607	B4XT43	11.0722
P02607	P10587	0.65674
P68139	Q92352	283.626
P68139	Q9Y7J4	95.222
P68139	P06396	229.649
A8J8N9	Q8HEB4	10.2755
A8J8N9	Q9FQ96	12.0372
P23662	A8J7I9	4.2839
P23662	A8JC51	2.05472
P62877	P62837	765.27
P62877	A0A6P5C4T4	765.27
P62877	Q712K3	550.158
P68036	P0CG63	89.7419
P68036	P0CG47	158.666
P68036	P0CG48	133.456
P60900	P28065	163.7
P60900	Q9UL46	294.743
Q5JS54	O14818	0.587988
Q5JS54	P25789	3.44772
Q5JS54	P28066	5.67301
Q54J50	Q54XI5	3.92518
Q54J50	Q551M2	113.537
Q54VN6	Q54G86	30.5072
Q54VN6	P34113	36.5381
Q13619	Q99627	342.982
Q13619	Q92905	345.03
Q13619	Q15843	241.815
Q8WV22	Q8N140	103.332
Q8WV22	Q96MG7	188.415
Q8WV22	Q8IY18	0.725263
T1RJT6	T1RIT2	0.0507024
T1RJT6	T1RJ05	0.0186365
T1RJT6	T1RJY1	0
B8BUW3	A0T0S9	0
B8BUW3	B5YM25	0.115777
B8LEQ8	B5YM25	0.0112927
B8LEQ8	B8C770	0.0229913
B8LEQ8	B8C0K4	0.0525452
M2XR49	E3UIV0	0.0341789
M2XW22	E3UIU0	0.0350845
M2XW22	E3UIU6	0
C4LXN2	C4LVB0	62.9239
C4LXN2	C4LYF4	65.2421
C4M0Q2	C4LYF4	56.2579
C4M0Q2	C4M979	47.5619
A0A1S3TUX2	A0A1S3U1E4	0.0498507
A0A1S3TUX2	A0A1S3V7C2	0.0778918
A0A1S3UMA0	A0A1S3VV60	5.86674
A0A4V8GZZ4	A0A4V8GZZ3	0.0140789
A0A4V8GZZ4	A0A4V8GZZ2	0.0152967
I0YVS7	I0Z284	0.115014
I0YVS7	I0YQ13	0.0670481
P42766	Q9BZE4	177.861
P42766	P13639	3.48987
P42766	P62891	111.101
Q9BXJ9	P35268	2.47692
Q9BXJ9	G1TSG1	2.18205
Q9BXJ9	P62750	3.83142
P0A384	P0A3Y1	0.0218878
P0A384	P61048	0.0238974
P0A384	Q93SX0	4.16354
Q8YVQ2	P0A3Y1	0
Q8YVQ2	Q93SX0	0.0255902
Q8YVQ2	P61048	0
Q23FU1	I7M9J2	0.447693
Q23FU1	Q22A67	0.534884
Q2FW20	Q2FW10	0
Q2G111	Q2FW31	0.457267
Q72I32	Q8RQE7	0.27712
Q72I32	Q8RQE9	0.293085
Q72L95	Q8RQE9	0.440692
P53091	P38826	0.648283
P53091	Q12488	3.90675
O74471	Q9P7E0	0.185005
O74988	P07657	3.7053
O74988	Q9P7X1	2.76496
O74988	Q9P7E0	0.213557
Q9KXS1	Q9L0L0	0.295196
Q9KXS1	Q8CJT1	0.37274
Q9L0Q9	Q9L0L0	0.351163
Q9L0Q9	P18183	0.702385
P9WGH5	P9WGY7	0.2179
P9WGZ1	P71814	0.473661
P9WGZ1	O53830	0.324778
P9WGZ1	Q12306	0.478557
P20637	P68608	0.228997
P20637	P21087	0.130555
P20637	P20504	0.262598
P21082	P68608	0.27985
P20248	Q13415	3.76392
P20248	P06400	2.87193
P20248	P30260	12.8812
Q9UJX5	Q9NYG5	1.14121
Q9UJX5	Q96DE5	0.606424
Q9UJX5	Q9BS18	0.472906
A0A4V8GZZ3	A0A4V8GZZ9	0
A0A4V8GZZ3	A0A4V8H006	0
A0A4V8GZZ8	A0A4V8H001	0.0723067
S7UR33	A0A125YYJ3	0.0557692
S7UR33	S7UTB5	0.00837156
S7UR33	S7UVH4	0.0289063
P32447	P02309	139.184
P32447	Q92133	145.755
P32480	Q01448	0.3059
P32480	P47171	0.281909
O95619	P68431	10.9032
O95619	Q9NPF5	212.616
O95619	Q6ZRS2	2.258
O96019	Q6AZJ8	194.127
O96019	Q15906	184.916
O96019	P0C0S5	326.597
A0A2K1JKF2	A0A2K1J0L9	0.103481
A0A2K1JKF2	A9SL09	0.177749
A0A2K1JKF2	A0A2K1IKE2	0.0905496
A0A2K1JLZ3	A0A2K1JC42	0.0272021
A0A2K1JLZ3	A0A2K1KN29	0.0432682
A0A2K1JLZ3	Q8MFA2	0.0209531
Q5JE34	Q5JE88	0.306878
Q5JE34	Q5JJD0	0.830215
Q5JE34	Q5JJF4	0.984763
Q5JI52	Q5JJC9	0.105819
Q5JI52	Q5JIY4	0.512403
Q5JI52	Q5JE31	0.735101
A5FJF4	A5FJF1	0.222973
A5FJF4	A5FJE2	0.174879
A5FJF5	A5FJF1	0.0462769
I0YQ13	E9NPS8	0.0235829
P20226	P60899	9.53791
P20226	Q5VWG9	7.13082
P20226	P13984	205.114
Q9Y2Y1	Q9Y535	213.995
Q9Y2Y1	P62875	176.738
Q9Y2Y1	P0DPB6	172.677
C4R370	C4R2U9	0.400194
C4R370	C4R0E6	0.31263
C4R370	F2QPE6	0.588297
A0A1B2U0I9	A0A1M6TFV7	0.0821963
A0A1B2U0I9	A0A1M5L889	0.0466843
A0A1B2U0I9	A0A1M7D8T3	0.0866667
A0A1M5L8M4	A0A1M6QTP8	0.290566
A0A1M5L8M4	A5FJG9	1.35163
A0A1M5L8M4	A0A1B2U0C6	0
P20226	Q00403	268.415
P20226	Q9HAW0	179.944
P20226	P29084	16.6995
Q9H1D9	Q9NVU0	0.980146
Q9H1D9	O14802	0.468109
Q9H1D9	O15160	30.4578
A0QS96	A0QSG2	0.041248
A0QS96	A0QSG3	0.00452102
A0QS96	A0QSG1	0.0986286
A0QSP9	A0QSL5	0.162903
A0QSP9	A0QSD3	0.541267
A0QSP9	A0R550	1.21749
P0A3C9	P0A405	0.0349507
P0A3C9	P0A415	0
P0A3C9	Q8DLL4	0.062203
Q8DJ01	Q8DJD9	8.53079
Q8DJ01	Q8DL29	0.732202
Q8DJ01	Q8DJU2	0.700159
P52891	Q04491	1.24911
P52891	P49687	0.3735
P52891	P52593	0.361032
P53011	P40368	1.21064
P53011	P46673	1.15725
P53011	P14907	4.54628
O94581	P07657	107.449
O94581	P21534	49.2695
O94581	Q9P7E0	0.179865
Q9FJ98	Q9M1J2	21.7364
P40337	P01116	4.92819
P40337	P10415	8.15114
P40337	Q13546	2.39344
Q9H9Q2	P63208	6.84161
Q9H9Q2	P61024	0.228999
Q9H9Q2	Q99627	156.341
O95619	Q15906	159.633
O95619	P62805	22.4135
Q9Y265	P62805	186.754
Q9Y265	Q15906	4.04679
Q9Y265	Q6PI98	251.06
C4QXY9	C4R5R1	0.274743
C4R1V1	C4R9A1	48.4123
D5ANZ2	D5ANZ4	16.3277
D5ANZ2	D5ARP5	0.163472
D5ARP7	D5ARP5	0.170006
Q13098	Q9H9Q2	294.058
Q13098	P61024	1.87865
Q13098	Q15843	10.4753
Q9UBW8	Q9BT78	123.812
Q9UBW8	P61201	141.866
Q9UBW8	Q7L5N1	127.846
P00175	P80967	0.325584
P00175	P23644	0.263741
P33448	P53507	0.0407104
P33448	P80967	0.0491803
P33448	P23644	0.155928
A0ABF7PQ06	Q9XQN8	0.232876
P46818	A0A6C0M829	0.256886
P46818	Q9XQN8	0.302744
A0A0M3KL10	P17227	0
P09911	A0A0M3KL12	0.0257561
Q1HFW0	A4VEB3	16.4329
Q1HFW0	Q22A67	1.45941
Q1HGH8	Q24DI9	29.5222
Q1HGH8	Q1HFV9	29.5222
Q1HGH8	W7XJB1	5.65977
Q56218	Q56217	4.62032
Q56218	Q56221	25.8853
Q56218	Q56219	17.7951
Q56226	Q56217	0.465988
Q56226	Q56224	1.6188
Q56226	Q56227	1.32465
Q32904	P09911	0.0052227
Q32904	E1C9L3	0
Q9SQL2	Q41038	0.011418
Q9SQL2	P12355	0.0197726
P0A800	P0A9F6	0.35363
P0A800	A0A377VEN9	0.527376
P0A9E2	P00579	0.556982
P0A9E2	P0A8V2	0.287923
P0A9E2	P0A7Z4	0.202369
Q96CS2	Q9H6D7	186.539
Q96CS2	Q68CZ6	2.17553
Q99871	Q9NVX0	186.723
Q99871	Q7Z4H7	1.4578
Q99871	Q9BT25	185.611
P60002	P60899	0.247807
P60002	P36954	0.247807
P61218	P20226	149.799
P61218	P32780	140.432
P61218	Q9Y535	1.62541
A0ACD6B989	Q8YNB0	0.0446429
A0ACD6B989	P58565	0.0602099
A0ACD6B989	P58573	0.0745118
A0QU29	A0QU32	12.9348
A0QU29	A0QU31	23.6117
A0QU29	A0QU30	8.40844
A0QU35	A0QU28	17.3539
P52435	Q96G25	0.851799
P52435	P19388	204.409
P62487	O00267	2.46161
P62487	P36954	196.32
Q980B8	Q97ZX7	0.666466
Q980B8	Q980A3	1.04973
Q980B8	Q980Z8	3.70833
A0ABF7PQ07	A0A6C0M829	0.118682
A0ABF7PQ07	F4JF21	0.112511
P22139	P41895	3.89394
P22139	P36070	7.53249
P32349	P35718	1.41023
P32349	P22276	0.317942
P32349	P20434	2.5763
S8F0U0	S8F5W4	0.267816
S8F0U0	S8G3J1	0.323644
S8F0U0	A0A125YG13	0.275164
S8G8E7	A0A125YMK3	0.225564
S8G8E7	A0A125YXL8	0.141187
S8G8E7	S8F943	0.347095
A0A5S8WF79	A0A5S8WF90	0.206196
A0A5S8WF81	A0A5S8WF90	0.178771
P41227	G1SS70	6.58159
P41227	G1TNM3	5.26402
P41227	P08515	1.9787
Q02878	P83731	54.2082
Q02878	Q13765	2.37758
Q02878	P62701	193.956
Q38859	Q9FJ98	94.8442
Q38859	Q39212	69.454
Q38859	Q39211	63.0113
A0A0G4FDJ8	A0A0G4FL36	0.0961482
A0A0G4FDJ8	A0A0G4I0G6	0.220985
A0A0G4FDJ8	A0A0G4HNB1	0.105611
A0A0G4HMN0	A0A0G4GX86	0.134008
A0QNR5	A0QNR2	0.16499
A0QNR5	A0QNR7	0.262471
A0QNR5	A0QNR6	0.369334
A0QWR2	A0QS64	0.312885
P32830	Q08749	0.127485
P32830	P87108	3.73316
P33421	Q08749	0.111795
A0A9R0IWV5	A0A9R0IP63	0.312085
A0A9R0IWV5	P11705	0.230362
A0A9R0IWV5	P11704	0.229549
P01097	P07251	0.294895
P01097	P00830	7.39977
P01097	P21306	0.113472
Q12165	P81450	0.278284
Q12165	P38077	9.94114
Q12165	P21306	9.05151
P0A8V2	P0A780	0.260799
P0A8V2	P60422	0.812382
P0A8V2	P68679	0.332308
P24251	P0A8T7	0.207037
P24251	P13445	0.230394
P20435	Q04636	0.537342
P20435	P50106	0.244125
P53063	P34087	0.93188
F5LA74	F5LA72	17.6634
A1B4F3	A1B311	12.5848
A1B4F3	A1B4F2	32.9547
A1B4F3	A1B483	0.252707
A1BA41	A1B3D7	27.5122
A1BA41	A1B496	0.643795
P0AFF6	P0AFG0	0.538066
P0AFF6	P0A7R5	0.0570952
P0AFF6	P60438	0.626707
P0AFW0	A1AGK6	0.950034
P0AFW0	A0A037Y8L6	0.850009
P0AFW0	B7MAS6	0.370684
O80800	Q95748	30.0905
O80800	Q945M1	7.6417
O80800	Q42599	0.274024
Q42577	Q9FIJ2	2.151
Q42577	Q04614	4.555
Q42577	Q9ZPY5	5.67043
A0QSG6	A0QSG3	0.0555438
A0QSG6	A0QSE0	0.0980355
A0R102	A0QSL6	0.769127
A0R102	A0QVB8	0.817312
A0R102	A0QSD5	0.0541385
Q8DHA7	Q8DIQ1	0.0904139
Q8DHA7	Q8DIN9	0
Q8DHA7	Q8DIN8	0
Q8DLJ8	Q8DMP8	0.409945
O00399	Q9NZ32	201.658
O00399	Q9UJW0	183.479
O00399	Q9BTE1	177.799
P61163	P60709	512.05
P61163	O75935	152.98
P61163	Q14203	9.92514
M1VKK5	Q85FS8	0
M1VKK5	Q85G51	0.0167445
Q85FZ1	Q85FQ6	0
Q85FZ1	Q85FY6	0.0105075
Q24C31	Q229S1	0.532822
Q26454	Q9V461	11.7202
Q9VGW6	Q9V461	31.8661
F2QVA2	A0A1G4KPQ9	0.279321
O94616	O13877	84.0532
O94616	Q9P7X8	0.713593
P36595	O43036	0.235081
P11703	A0A9R0JBX6	0.293535
P11703	A0A9R0K7U8	0.313541
P11703	A0A9R0ISF0	0.214758
P62987	P04908	2.91863
P62987	P62805	3.54066
P62987	P0CG47	0.0934771
Q71DI3	P0CG47	0.960763
Q71DI3	P06899	229.81
Q71DI3	P02281	232.516
Q99627	Q13309	1.16112
Q99627	P61024	1.84865
P10145	P09471	124.019
P10145	P59768	4.10485
P10145	Q16570	76.1221
P63096	P22362	18.2698
P35997	P0CX49	80.6858
P35997	Q3E792	75.5107
P35997	P39516	66.2086
P38747	P0CH08	4.11289
P38747	P02407	2.09403
P38747	P26786	2.40813
P62090	P56766	0
Q9SUI4	Q9SHR7	0.0344447
Q9SUI4	P56767	0.0332326
P05738	P38779	1.24508
P05738	P53295	4.06747
P05738	P05747	39.4311
P33309	Q01855	0.900879
P33309	P0CX53	1.21795
P33309	P0CX33	1.80146
A0A3Z3F2I6	A0A2I5HFM4	0.0656595
C4R7L2	C4R2U9	8.28912
C4R7L2	F2QPE6	45.9696
A0A1L8GNJ6	Q6PCF2	274.802
Q6PHW7	Q6PCF2	270.657
Q6PHW7	Q6PHL7	119.004
Q6PHW7	A4QNS4	110.228
Q42599	Q9M9M9	13.4954
Q42599	Q9M9M6	7.46609
Q9FIJ2	Q9M9M6	7.21987
Q9FIJ2	Q9ZPY5	4.07692
Q9FIJ2	O64725	0.356243
E3UIU3	E3UIU5	0.0831176
E3UIU3	E3UIU1	0.0439542
E3UIU3	A0A075W2R1	0.147518
M2X090	E3UIV0	0
M2X090	E3UIU5	0.0299824
P12074	P14854	219.283
P12074	P24311	59.0712
P12074	P20674	232.949
Q9BW72	P00403	6.85076
B8YB57	B8YB61	2.39246
B8YB63	B8YB56	20.378
B8YB63	B8YB55	0.96333
Q8CM25	Q9F1L5	0.197231
Q8CM25	Q8DHA7	0.0874369
Q8CM25	Q8DHJ2	0.0540231
Q8DG60	Q8DIF8	0.139881
W5DS33	W5EP45	11.4809
W5DS33	Q5I7K3	72.6943
W5DS33	W5AUH7	59.3379
W5FEZ3	A0A9R1JSD6	6.06715
W5FEZ3	W5AUH7	12.8473
W5FEZ3	Q5I7K3	70.5162
I0Z284	I0Z687	0.0402793
Q8DIF8	Q8DHJ2	0.0490169
Q8DIF8	Q9F1R6	0.198667
Q8DIF8	Q8DIQ0	0.0195228
Q8DMP8	Q8DIQ1	0.156933
P11704	A0A9R0JBX6	0.283834
P11704	A0A9R0K7U8	0.276704
P11704	A0A9R0ISF0	0.240084
Q8DMU4	Q8DL31	0.0739796
Q8DMU4	Q8DMR6	0.251401
Q8DMU4	Q8DJU2	0.0413333
A0A2K1JC42	Q6YXK4	0.0590726
A0A2P6TT36	W8SUA3	0.00715259
A0AAN0XZY8	A0AAN0Y3T9	0.13141
A0AAN0XZY8	A0AAN0Y138	0.138329
A0AAN0Y0R4	A0AAN0Y0L1	0.575123
A0AAN0Y0R4	A0AAN0Y103	0
A0AAN0Y0R4	A0AAN0Y138	0.13722
Q8DKF3	Q8DMA1	0.131571
Q8DKF3	Q8DKF4	0.163723
Q8DKF3	Q8DKF5	0.152902
Q8DL29	Q8DLN5	0.0189992
Q8DL29	Q8DL32	1.24332
O14010	Q9US45	1.23247
O14010	O14459	3.63218
O14010	O14198	0.362567
Q9Y821	Q9US45	0.428657
Q9Y821	P87310	0.449384
F5HRS7	A0A063XCH0	0.581855
F5HRS7	F5HRS9	0.274029
F5HRS7	A0A063XFC1	0.0846047
Q8DLN5	Q8DL31	0.129941
Q8DLN5	Q8DJU2	0.131892
I0YQ13	E9NPS7	0.00393841
I0YQ13	I0Z7V3	0.00419661
O94646	P87306	0.52755
P87310	Q9P7Y4	0.410947
B8YB60	B8YB53	0.605966
B8YB60	B8YB65	0.666781
P32833	P54791	2.30384
P32833	P50874	1.15961
P47112	P54790	0.32786
P47112	P54791	0.305769
P47112	P54784	0.367153
O15318	P62875	61.0681
O15318	P19388	186.859
P0DPB6	O14802	0.87588
P0DPB6	P61218	177.007
A4VD75	I7MHB1	0.254283
Q22A67	I7M2C6	0.464378
P01857	P01863	0.149214
P01857	P19909	0.109587
S6B291	F5HCP3	0.0928563
A0A2P6TKF8	W8SUA3	0.0432541
W8SUD1	A0A2P6U0J1	0.0637899
W8SUD1	A0A2P6TMT4	0.0165474
A4VE64	I7MCM8	1.03893
A4VE64	I7MHB1	0.409529
Q22A67	Q24CE5	1.45941
A0A9R0JF29	P11704	0.263567
A0A9R0JVI6	A0A9R0ISF0	0.215485
P20143	A1E9J0	0.0320021
Q57ZX7	Q381A0	0.265887
Q57ZX7	Q389F5	0.350738
Q57ZX7	Q38EL9	0.255946
Q585T1	Q389W4	0.428884
Q585T1	Q38EL9	0.26796
Q585T1	Q384B4	0.215484
P20226	F1RKE4	230.341
C9ZIA9	C9ZW42	0.156104
C9ZIA9	Q86MV9	0.217651
C9ZIA9	Q95W15	0.266279
D0A2N9	A0A3L6L2P3	0.167766
D0A2N9	D0A2P0	0.0389844
D0A2N9	Q86MV9	0.117952
O94707	O94355	0.0993708
O94707	O14021	0.627442
O94707	O74755	0.2151
Q9UTB6	O74755	0.372731
Q9UTB6	Q9P7M1	0.349505
Q9UTB6	Q09750	0.374177
A0A2P6TKF8	A0A2P6TC44	0.178821
A0A2P6TKF8	A0A2P6TPU7	0.134967
A0A2P6TT36	W8SU98	0.0417627
A0A2P6TT36	A0A2P6THB2	0.0445767
Q9TLR0	Q9TM23	0.0450281
Q9TLR0	Q9TM47	0.0626781
Q9ZQS5	O19928	0.102429
Q9ZQS5	Q9TM46	0.106606
Q9ZQS5	O19895	0.0819084
Q5D869	Q39212	1.49609
Q5D869	Q38859	0.861406
Q5D869	A6QRA1	0.28037
A0AAN0Y0S4	A0AAN0XZY2	0.107418
A0AAN0Y0S4	A0AAN0Y3T9	0.22717
A0AAN0Y0S4	A0AAN0Y4G9	0.0138337
P09192	Q55354	0
P09192	Q54697	0.153484
P09192	P32422	0
Q55329	P16033	0.02125
Q55329	Q55274	0.0157895
Q55329	Q55330	0
P62875	O75575	132.453
A0A6P3TG10	A0A6P3YN15	241.907
A0A6P3TG10	D4P8H6	112.965
A0A6P3TG10	A0A6P3ED73	115.512
K4P217	A0A6P3YN15	193.595
K4P217	A0A836CVU8	122.734
K4P217	D4P8H6	10.1537
Q8LE42	Q9LK40	0.282046
Q9M1A8	Q39211	20.9304
Q9M1A8	Q9LK40	0.23906
Q9M1A8	O82504	0.506269
A0A2P6TPU7	A0A2P6TMX4	0.0928215
A0A2P6TPU7	A0A2P6TS63	0.148865
A0A2P6TPU7	A0A2P6TZ50	0.0675938
F2QS38	F2QRE4	0.278345
F2QS38	F2QT92	0.548563
F2QS38	F2R0J6	3.00648
F2R611	F2RJV9	0.41545
F2R611	F2RGQ4	0.298956
F2R611	F2R7X6	0.588275
F2RBH1	F2RIS5	0.151528
F2RBH1	F2R7X6	0.171958
Q8A1E1	Q89ZL0	0.195378
Q8A1P7	Q8A1D9	0.10676
O87799	O87798	0.132063
O87802	O87798	0.170001
Q12824	Q969G3	222.602
Q12824	Q92922	0.622425
Q12824	Q8TAQ2	2.21087
Q96GM5	P60709	372.598
Q9FFC0	Q9FJE8	84.6989
Q9FFC0	Q9LD28	93.5399
Q9XFH4	P02281	3.68908
Q9XFH4	P84233	2.74671
Q9XFH4	P06897	3.95962
P01730	P62743	0.531705
P01730	P62744	0.531705
P01730	Q05397	12.0984
Q6P5S8	Q6N030	0.282565
Q6P5S8	Q6N089	0.384363
Q6P5S8	Q6N095	0.346842
P38353	P04456	25.0187
P38353	P04650	37.6832
P38353	P35179	2.1776
P49626	P49166	86.0561
P49626	P05740	72.6509
P49626	P05743	64.8389
A0QSD7	A0QSG2	0.00923994
A0QSD7	A0QYU6	0.186047
A0QSD7	A0QZ86	0.250627
A0R7F7	A0QVB8	1.07001
A0R7F7	A0QSG1	0.357016
A0R7F7	A0QZ86	0.0580011
P0A7Z4	P0ADY3	0.0815479
P0A7Z4	P0A7P5	0.320404
A0A2K3CYB6	A0A2K3DLF7	0.342671
A0A2K3DZD9	A0A2K3DGW6	0.253792
A0A2K3DZD9	A0A2K3CRM9	0.292873
A0A2K3DZD9	A0A2K3DVJ8	0.299924
O31743	P42921	1.07928
O31743	P12875	0.1728
O31743	P50743	0.844248
Q06797	P42924	0.207123
Q06797	P50743	0.220707
C4QWA8	C4R7L2	21.4068
C4QWA8	C4R009	33.0124
C4QWA8	C4R370	0.881842
C4R273	C4R3Z5	9.47347
C4R273	C4R9A1	12.4413
A0A2K3DGW6	A0A2K3DLF7	0.254077
A0A2K3DQ46	A0A2K3DM81	0.180328
A0A2K3DQ46	A0A2K3DVJ8	0.196051
A0A1S4CE74	P06269	0.218504
A0A1S4CE74	A0A1S3X2G3	0.366773
A0A1S4CIZ9	A0A1S3YEW3	0.200412
A0A1S4CIZ9	P38550	0.304735
F2RCK7	F2RGQ4	0.424431
F2RCK7	F2RIS5	0.299293
Q39255	Q570C0	28.742
E1C9K9	P05311	0.0409904
P10793	E1C9K8	0
P10793	A5Z2K3	0
G3MZY8	Q3ZBC0	0.819132
G3MZY8	Q1JQ91	1.38744
G3MZY8	P63272	0.588516
Q32P78	Q3T0Q3	167.511
A0A0H2UKZ4	Q9SQL2	0.0260286
A0A0H2UKZ4	E1C9K6	0.015111
A0A0H2UKZ4	D5MAL3	0
E1C9L3	A0A0M3KL12	0.0444496
E1C9L3	E1C9K7	0
E1C9L3	P10793	0
P33767	P41543	1.02725
P33767	P39007	0.202954
P33767	Q02795	0.230289
Q99380	P41543	0.0350724
Q99380	Q92316	0
Q99380	P48439	0.293175
Q9VGW6	Q9VQY9	84.5295
Q9VGW6	Q9W2V7	11.6224
P38121	P13382	0.402015
P38121	Q03406	0.519033
P38121	Q12146	0.328522
P53840	Q04636	0.709997
P53840	P24482	0.413713
P53840	P30665	0.641071
Q85FS9	Q85FY0	0.438654
Q85FS9	Q85G73	0
Q85FS9	Q85FS8	0
Q85G51	Q85FQ6	0
Q85G51	M1UU36	0.154805
Q85G51	Q85FZ1	0.0400709
P35718	P20435	4.85463
P35718	P22276	0.565204
P25342	P32457	189.882
P32468	P32457	139.756
P32468	Q07657	61.5247
P07611	P24361	0.255799
P07611	P16710	0.115463
P07611	P68633	0.160939
P68623	P16710	0.177698
P68623	P68633	0.123662
I0YQ44	E9NPZ7	0.0285216
I0YQ44	I0YQ46	0.051586
O35011	P37870	0.221353
O35011	P37871	0.242254
P39075	P06224	0.603124
P39075	P37870	0.419368
P12975	Q55329	0
P12975	P32422	0
P12975	P72712	0.0234129
P16033	P14835	0.0933594
P16033	P09190	0.267387
A0A125YG13	S8ETI9	0.283487
A0A125YG13	A0A125YQQ1	0.0323008
S8GCU6	S8ERU3	0.220759
S8GCU6	S8G684	0.19853
S8GCU6	S8G8E7	0.321233
A8HY43	A0A2K3DWM2	0.108506
A8HY43	P07753	0.114825
A8HY43	P10898	0.140256
P59763	A8I5A0	0.056939
P59763	P12853	0
P59763	P18263	0
F2QRE4	F2R0J6	3.64915
F2QT92	F2QVA2	3.17824
F2QT92	Q05940	0.0779947
P01222	P16473	252.382
P01222	P01215	227.773
P63092	P01275	2.25922
P63092	P63212	218.502
P63092	P59768	218.502
O15527	P62807	3.27479
Q71DI3	P48431	2.63205
Q71DI3	Q9Y5B9	1.72827
I0YTK4	I0YP72	0.103308
I0YTK4	E9NPS8	0.043113
I0YTK4	E9NPZ7	0
I0Z7V3	E9NPZ7	0
E9NPS7	I0Z7V3	0.00641322
I0YP72	E9NPS8	0.0168404
Q8N884	Q99878	4.27652
Q8N884	P04908	4.07423
Q96KK5	Q93079	119.965
Q96KK5	Q5QNW6	122.465
Q96KK5	Q99878	222.839
D9PY02	D9PY03	0.139474
D9PY02	D9PY04	0.129558
D9PY02	Q50754	0.181836
Q50755	D9PY04	0.400565
Q50755	Q50754	0.341471
Q50755	D9PY03	0.167166
A0A2K9VK93	A0A2K9VK98	0.174066
A0A2K9VK93	A0A2K9VK89	0.102772
A0A2K9VKE4	A0A2K9VK97	0.109394
A0A3Q7H1U4	A0A3Q7HJ03	71.474
A0A3Q7H1U4	A0A3Q7G7P4	55.6533
A0A3Q7H1U4	A0A3Q7GZI4	3.4374
A0A3Q7I881	A0A3Q7H274	94.3425
A0A3Q7I881	A0A3Q7GRY8	81.7073
A0A3Q7I881	Q38JI8	5.04974
F2Z2U4	Q12962	1.01926
F2Z2U4	O75529	0.70131
F2Z2U4	Q15393	0.266642
Q9Y6J9	Q9Y4A5	1.06172
Q9Y6J9	Q12962	1.56956
Q9Y6J9	O15265	1.03884
P0A707	P68679	0.213693
P0A707	P0A7R9	0.424677
P0A7S3	P0A7V3	0.0486294
P0A7S3	P0A7V8	0.02298
P0A7S3	P40711	0.347753
P47133	P36039	1.07812
P47133	Q12431	0.0728691
P47133	P53073	0.635382
Q12025	P53073	0.191707
Q12025	P25574	0.179685
A0A3Q7H1U4	A0A3Q7G7F0	63.8539
A0A3Q7H1U4	A0A3Q7GRY8	64.7326
A0A3Q7H1U4	K4D3L7	81.2353
A0A3Q7HSH1	A0A3Q7H274	86.5008
A0A3Q7HSH1	Q38JI8	71.4161
A0A3Q7HSH1	A0A3Q7IJQ0	66.2809
P04912	P61830	189.742
P04912	P25293	4.2407
P04912	P32835	0.462363
Q37695	Q6C877	2.53834
Q6C326	Q6CFT7	16.785
P0A7W7	P0A7P5	0.228094
P0A7W7	P0A7Q1	0.271479
P0A8A8	P0ADZ4	0.220974
P0A8A8	P0A7S3	0.0312903
Q02795	P39007	0.730097
Q02795	P41543	0.476142
Q92316	P39007	0.200557
Q92316	P41543	0.139022
P41205	Q50300	0.448366
P41205	Q50304	0.150209
P41205	Q50305	0.101663
Q50296	Q50301	0.173252
Q50296	Q50305	0.202954
Q50296	P75545	0.458598
P12239	P12240	0.0918129
P12239	P0A387	0.242672
P12239	P51765	0.10463
Q7DGD4	P19054	0.0540541
Q7DGD4	P56152	0.189183
Q7DGD4	D0VWR5	0
M2X4U9	M2VTV2	0.0989484
M2X4U9	M2Y652	0.0708688
M2X4U9	E3UIU7	0.0193202
Q6SW67	F5HCH8	0.273197
Q6SW67	Q68674	0.273197
Q6SW67	Q03167	0.205674
V9LLX6	F5HCP3	0.0491064
V9LLX6	P07204	0.0282532
V9LLX6	F5HET4	0.0211705
A0A2K1IAD0	Q8MFA2	0.0214882
A0A2K1J0L9	Q6YXQ2	0
A0A2K1J0L9	A0A2K1IKE2	0.123256
A0A2K1J0L9	Q6YXM2	0
P39682	Q02260	1.99125
P39682	P40567	0.676091
P39682	P0C074	0.28701
P40018	Q03776	1.62096
P40018	Q04048	0.602961
P40018	P53207	1.05817
Q23FU1	Q1HGH8	17.2579
Q23FU1	Q1HFV9	12.6235
Q23FU1	Q24DI9	12.6235
A0A4V8GZZ2	A0A4V8H006	0.0043511
Q83D76	Q83ER7	0.154561
Q83D76	Q83ES5	0.304653
Q83D76	Q83ER2	0.116354
Q83E83	Q83EQ4	2.00546
A0A2K3CXW8	A8IL21	0.335025
A0A2K3CXW8	A8INX1	0.2487
A0A2K3CXW8	P42380	0.241127
A0A4X1VM56	A0A4X1TRS6	124.273
A0A4X1VM56	A0A8W4F9W9	126.233
A0A4X1VM56	A0A4X1VYD0	126.233
A0A8D0JYF1	A0A287ADR4	95.9066
A0A8D0JYF1	Q6NXT2	3.01469
A0A8D0JYF1	A0A4X1VEK9	0
A0QS96	A0QV37	0.173852
A0QS97	A0QSP9	0.680641
O15212	P49368	1.40586
P17987	O60925	1.15969
P17987	P78371	732.547
P17987	P03527	2.34852
A0A6P3ED73	A0A6P3YN15	183.851
A0A836CVU8	D4P8H6	114.942
A0A836CVU8	A0A6P3YN15	8.05348
P23993	S4Z1D9	0
P23993	P36213	0.0512545
P23993	Q9LKC7	0.0291698
Q38859	Q9LK40	0.787153
C4R009	C4R3Z5	31.6038
C4R009	C4R7L2	49.6665
C4R1V1	C4R7H2	1.50473
B6YWB9	B6YWC2	0.224412
Q9TM20	Q9TM47	0.0429046
Q9TM20	Q9TM23	0.160256
Q9TM46	Q9TM47	0.09603
A0A3B6IU74	A0A3B6LWE1	66.2087
W5FPA7	A0A341UET3	91.6685
W5FPA7	W5BFB7	3.5036
W5FPA7	Q5I7K2	4.15363
Q248F8	W7X4J9	0.368667
Q248F8	I7MIE0	0.238494
Q248F8	I7MEX7	0.296086
Q24I09	I7M403	0.809872
Q24I09	Q22W32	0.142857
Q24I09	Q951A7	0.088542
A0A1D5SLI4	A0A3B6PK86	88.636
A0A1D5SLI4	W5ECL2	121.951
A0A1D5SLI4	A0A341UET3	112.788
A0A3B6RHV8	A0A3B6KRQ3	57.34
A0A3B6RHV8	W5I035	86.987
A0A3B6RHV8	W5BFB7	51.7048
P04911	P53946	15.4649
P04911	Q03388	4.61681
P23968	P25515	57.8901
P23968	P32842	45.7104
P23968	P0C5R9	0.0333057
P0DOY7	Q5SIH3	0
P0DOY7	P60405	3.34048
P0DOY7	Q5SHQ5	0.0347443
Q5SHR1	Q5SHN3	0.114268
Q5SHR1	P0A7S3	0.0327061
Q5SHR1	Q5SIH3	0.0360082
Q91VD9	Q9D6J6	182.538
Q91VD9	P52503	152.08
Q91VD9	Q9CR21	152.44
Q9DC70	Q7TMF3	133.186
Q9DC70	P03903	103.144
Q9DC70	Q8K3J1	114.84
A8IL32	Q05093	0.0422932
A8IL32	Q75VY7	0.187012
A8IL32	A8ITV3	0.0301571
Q75VY6	Q93WL4	0.0508713
Q75VY6	Q75VY8	0.0447244
Q75VY6	P59777	0.014805
P06899	P0C0S5	170.96
P06899	P0C0S8	118.947
P06899	P04908	114.264
P61218	O75575	121.657
P61218	P52655	137.272
Q5SKZ7	Q56221	0.305238
Q5SKZ7	Q56219	0.27495
Q5SKZ7	Q56225	0.0781801
Q60019	Q56228	3.69681
Q60019	Q56225	0.125716
Q60019	Q56217	0.184367
A8INX1	A8IL21	0.371784
A8INX1	A8IJ60	0.401567
A8IS47	A8IL21	0.294562
A8IS47	A8IJ60	0.308644
Q9TLR0	Q9TLX0	0.0487805
B1INP6	B1INP5	0.352261
B1INP6	B1INQ0	0.228443
B1INP9	B1INQ0	0.115804
B1INP9	B1INP8	0.21552
A8IFG7	Q75VY7	0.0900303
A8IFG7	Q93WE0	0.068311
A8IFG7	Q84Y02	0.058013
Q05093	P12352	0.0362633
Q05093	P59777	0.00791613
C4R3Z5	P68431	5.6298
C4R3Z5	C4R4Y0	0.674879
C4R3Z5	C4R2U9	4.03394
I0YQ46	I0Z7A7	0.0223976
I0Z2Y0	I0Z7A6	0.0582734
E9NPS7	E9NPW6	0.0122114
I0YP76	E9NPS8	0.0143488
A0A3Q7G7F0	A0A3Q7FNQ5	76.0321
A0A3Q7G7F0	A0A3Q7GRY8	1.99109
A0A3Q7G7F0	K4D3L7	77.9725
A0A3Q7HSH1	A0A3Q7HBR5	101.038
A0A3Q7HSH1	A0A3Q7I5D6	5.40768
A0A3Q7HSH1	A0A3Q7F2G2	17.5795
A1B3D7	A1B481	0.269827
A1B3D7	A1BA37	55.0989
A1B4F2	A1B311	12.0672
D0C5Z0	D0C5Y9	0.187717
D0C5Z0	D0CAU9	0.802353
D0CD20	D0C5Y9	0.158021
D0CD20	D0C5Q3	0.929688
Q9UHV9	P40227	0.721929
Q9UHV9	O60925	0.887535
P12352	P07839	0.368843
P12352	Q39615	0.0539659
Q84Y02	Q75VY6	0.00345512
A0A1B1W4Z4	Q2V2S7	0.272474
A0A1B1W4Z4	Q95695	0.302457
A0A1B1W4Z4	Q9SCY3	0.140796
Q9XI73	P56751	0.180658
Q9XI73	Q37165	0.315906
Q9XI73	O80634	0.172114
P32422	P72986	0
P32422	P37277	0
P74564	P72986	0.134767
P74564	Q55330	0.0988889
P74564	P29254	0.0118361
M2Y652	E3UIU0	0.0192964
M2Y652	E3UIU6	0.0184377
P68449	P20980	0.422791
P68449	P21034	0.155568
P68449	P20979	0.32346
E1C9K8	Q41038	0.104332
P16002	P20121	0
P16002	D5MAL3	0.185516
P32349	P17890	0.205594
P32349	P04051	0.264459
Q04307	P25441	4.23992
P62653	P62656	0
P62653	P80374	0
P62659	P62661	0.493353
P62659	P62656	0.227086
P62659	Q72I22	0.0880682
P78371	P49368	743.207
P11513	P39466	0.53204
P11513	P39472	1.6339
P11521	Q4JAJ6	2.5771
P11521	P39463	12.3792
P11521	P11514	2.49037
P28000	P32529	27.3869
Q980K0	Q97ZX7	7.48619
Q980K0	Q980A3	2.3875
Q980K0	Q980R2	0.6604
Q980L5	Q980R2	0.318621
Q15019	Q14141	446.197
Q16181	Q14141	370.114
A0A9R0IP63	P11705	0.269434
A0A9R0J865	A0A9R0JBX6	0.293333
P56768	A0A8F5NZW2	0
P56768	P56767	0.00265115
P56768	P56769	0
P62090	Q9S714	0
P13192	Q9LKC7	0.0367488
P13192	F2CW18	0.0601374
P13192	S4Z1E9	0.0496454
Q43485	A1E9J1	0.00542745
F4JYR0	F4J3N2	0.216179
O22993	A8MPR5	1.32885
O22993	F4J3N2	0.725597
O22993	P56786	0.414112
Q8DJ02	Q8DKY0	0.352538
Q8DJ02	Q8DMR6	1.71977
Q8DJ02	Q8DKX9	0.433135
Q8DKF4	Q8DMR6	0.656939
Q9UKT4	Q9NYG5	11.1151
Q9UKT4	Q9BS18	0.113671
Q9UKT4	Q96DE5	0.22227
A0A125YG13	S8GU15	0.316847
A0A125YG13	S8F4G4	0.276178
A0A125YG13	A0A125YWE1	0.181201
A0A125YMK3	S8F4G4	0.173358
A0A125YMK3	A0A125YXT1	0.173651
A0A125YMK3	A0A125YWE1	0.0672008
I7MHB1	Q1HFV9	0.322985
I7MHB1	Q1HFW2	0.409529
Q24DI9	W7XJB1	1.14376
Q24DI9	Q22YU3	1.84261
P36056	P53732	0.177189
P36056	P27929	0.361989
P36056	P33759	0.389422
Q03799	P48237	0.216077
Q03799	O75012	0.126316
Q03799	P53733	0.0460121
D0FXV2	C1K004	0.0198337
D0FXV2	D0FXW0	0.0117242
P13194	S4YZ47	0
P13194	P36213	0.0535258
P36886	Q9S831	0.110874
P36886	P36213	0.0499721
P36886	P05310	0.0336361
W8SUD1	A0A2P6TS63	0.00640912
A0A1M6YWR9	A0A3A1NXR2	0.370122
A0A1M6YWR9	A0A3A1NXQ1	0.31449
A0A1M7BX03	A0A3A1NXR2	0.405992
A0A1M7BX03	A0A3A1NXQ1	0.340827
A0A1M7BX03	A0ABU6IR94	0.143024
A0A125YN38	A0A125YW19	0.182745
S7UVH4	S7W617	0.1316
S7UVH4	S7VSS5	0.0321278
G0SC21	P0CT46	0.429466
G0SC21	G0S9A0	8.49611
G0SC21	G0S755	11.6144
G0SCD1	G0SE33	5.07877
Q13618	Q9BT78	337.133
Q13618	A7E2V4	7.10234
Q13618	P59768	4.41034
Q7L5N1	Q13619	209.743
Q7L5N1	Q13617	37.9066
Q7L5N1	Q93034	26.1351
Q8L806	W5FWF5	69.9453
Q8L806	Q5I7L2	2.93308
Q8L806	W5ASA4	67.5476
W5DS33	A0A9R1JSD6	5.2953
W5DS33	W5I1R7	109.226
B8YB56	B8YB61	8.3486
B8YB56	B8YB53	0.492277
A7XX65	Q5SHR6	0.202882
A7XX65	Q5SKW1	0.371326
A7XX65	Q8RQE9	0.397867
A7XXA7	Q5SKW1	0.272192
A7XXA7	Q8RQE9	0.325588
A0QU34	A0QU23	1.225
A0QU34	A0QU25	4.34424
A0QU34	A0QU26	2.60835
O75822	P62266	160.042
O75822	P62701	5.6185
O75822	P62244	3.83959
P62280	P23396	152.837
P62280	P46782	151.784
P62280	P46781	9.14384
I0Z7A7	I0YQ45	0.0169525
A0A2K1K0C7	Q8MFA3	0.00871306
A0A2K1K0C7	Q6YXM2	0
A0A2K1K0C7	A0A2K1K0E4	0.00392077
Q8MFA2	A0A2K1IB10	0.0177744
Q8MFA2	A0A2K1J0L9	0.043126
C4QYV4	C4R0G7	0.5144
C4QYV4	C4R5C7	0.443
C4QYV4	C4QZA3	0.377675
Q9P4D1	C4QXM9	70.9223
Q9P4D1	C4R0G7	27.7774
O60925	P49368	2.40687
O60925	P61758	1.34826
P27521	Q9SHE8	0.0513782
P27521	P56769	0.0207352
Q9S7N7	Q01667	0.0398081
Q9S7N7	Q9S831	0.0670455
A8IKI9	Q8HEB4	1.26153
A8IKI9	A8JA22	0.207863
A8JC51	A8J5P7	0.207441
A8JC51	A8J8N9	0
P0A800	P0A8T7	0.428056
P0A800	A0A369F490	0.404828
P0ABS1	P0A8V2	0.635974
P0ABS1	P0A8T7	0.467356
A0A1S3YEW3	A0A1S4CE74	0.173533
A0A1S3YEW3	A0A1S3ZSI0	0.239208
A0A1S3YEW3	A0A1S4D4H1	0.239413
A0A2K1KIF2	Q6YXK4	0.106389
A0A2K1KIF2	A0A2K1JDE1	0.0314815
A0A2K1KIF2	A0A2K1JDR4	0.0398721
I0YP76	I0YP72	0.0174556
I0YVS7	I0Z7V3	0.17264
P56768	Q9S7N7	0.0125
Q9SHR7	P0CJ48	0.029906
M9NT03	M9NUS9	0.188617
M9NT03	M9NVD3	0.212186
M9NTL4	M9NVD0	0.220926
M9NTL4	M9NVD3	0.140138
D0FXW0	D0FXW7	0
A8IL21	A0A2K3DG79	0.189634
B8YB59	B8YB53	0.279251
P18183	Q9L2H5	0.307424
P18183	Q9RKY0	0.274683
Q3E7B6	P32366	0.16482
Q3E7B6	P53262	0.13771
Q3E7B6	P32563	0.222456
P13393	P20433	34.6756
P13393	P20435	66.5639
P13393	C4QXP2	87.1614
P47076	P17890	0.235406
O95456	Q99436	0.873007
O95456	Q969U7	0.178504
O95456	P49720	0.602151
P28072	Q99933	0.892208
P28072	O14818	127.976
P28072	P49721	17.909
O15212	P40227	0.646783
P48643	P78371	773.423
P48643	P17987	782.545
P48643	P03527	3.39145
Q95695	O80634	0.271295
Q95695	Q9XI73	0.141776
Q9SGH4	P26288	0.160109
Q9SGH4	A0A1B1W4Z0	0.164265
Q9SGH4	P56752	0.0977151
B8YB54	B8YB55	0.339216
Q22YU3	Q24CE5	1.5809
Q22YU3	I7M9J2	0.383063
P08266	Q7JZF5	1.81599
P08266	P36958	2.3891
P08266	Q9VC49	1.9816
Q9VEA5	Q24320	2.26641
P49736	Q9Y5B9	0.686168
P49736	P62805	30.2471
P49736	P84040	30.2427
Q9UBD5	P33993	39.431
Q9UBD5	P25205	31.0312
Q9UBD5	Q13415	17.3489
A0A1S3ZQT7	A0A1S3ZSI0	0.209843
A0A1S3ZQT7	A0A1S3YPU3	0.266914
A0AA96C3P8	A0A1S3ZSI0	0.33454
A0AA96C3P8	A0A1S3X2G3	0.316723
A0AA96C3P8	A0A1S3XP85	0.284042
O14746	P0C0S8	1.33384
O14746	B2R5B3	1.30201
O14746	Q9BTM1	1.3245
P04908	P30876	2.94942
P04908	P61077	57.0989
P04908	P0C0S5	242.392
D0C9P6	D0CD11	0.0355824
D0C9P6	D0CD06	0
D0CC74	D0CD14	0.0715152
P23993	F2CTW7	0.08402
A0AAN0Y4F0	A0AAN0Y440	0.242687
A0AAN1CUP2	A0AAN0Y440	0.686761
A0AAN1CUP2	A0AAN0Y004	0.293919
P40540	P36039	0.214504
Q16531	Q9UJQ4	0.253141
Q16531	Q2F514	0.223115
Q96MG7	Q8IY18	1.45203
Q96MG7	Q8N140	492.344
F1RPD2	P56632	2.06082
F1RPD2	Q7IIB7	1.35211
F1RPD2	O79882	0.764705
F1SDI2	A0A8D0PK14	128.007
F1SDI2	F1SKM0	128.007
F1SDI2	A0A287AEB7	103.707
Q8DHA7	Q9F1R6	0.432927
Q8DHA7	Q8DIQ0	0
Q8DHA7	Q9F1K9	0.171498
Q8DMP8	P12312	0
Q8DMP8	Q8DIN8	0
Q8DMP8	P12241	0
C4M979	C4M8Y8	47.5236
C4M979	C4LWJ4	52.5942
Q2FW39	Q2FW18	0.17712
Q2FW39	Q931G5	0.0213161
Q2FW39	P66335	0.0105466
Q2G2Q4	Q2FW31	0.185111
Q2G2Q4	P48940	0.333831
P0A7U3	P0A7T7	0.0108696
P0A7U3	P0A7R5	0.0151963
P0A7U3	P0A7M6	0.0122498
P69222	P0A7W1	0.0243679
P69222	P0A7S3	0
Q7LXK4	Q97ZX7	0.195796
Q7LXK4	Q980K0	0.437476
Q7LXK4	Q980Z8	0.661571
Q980R1	Q980Q9	0.893238
Q980R1	Q980R2	0.296845
Q980R1	Q980A3	0.430076
A0A3Q7HSH1	A0A3Q7IN69	29.9411
A0A3Q7HSH1	A0A3Q7HGG4	45.0033
P49215	A0A3Q7HQH0	6.09692
P49215	A0A3Q7JYM3	50.144
P49215	P29766	90.7897
P0A7T3	P0A7M9	0.0494774
P0A7T3	P68679	7.75335
P0A7T3	P0A7S3	0.792388
D0MDD7	D0MDD4	0.0989801
D0MDD8	D0MDD4	0.218576
Q9HVW3	Q9HVW2	0.136089
A0A2K3DHV6	A0A2K3DVJ8	0.324171
A0A2K3DHV6	A0A2K3CRM9	0.29915
P0A8T7	P0A7V8	0.186705
P0A8T7	P0AFW0	0.27708
P0AF28	P0A7Z4	0.273444
P0AF28	P00579	0.533427
A0T0T5	B8C0K4	0.0230712
A0T0T5	B8BUW3	0.0946349
A0T0T5	A0T0U5	0.0396656
B8C770	A0T0S9	0
B8C770	B8C2K6	0.0570134
B8C770	B8CEQ3	0.0408689
A0A1J7CBX1	A0A1M5L6R0	0.235953
A0A1J7CBX1	A0A1M7D8T3	0.133519
A0A1J7CBX1	A0A1B2U0I9	0.0453711
A0A1M5L8S8	P0A7T1	0.0397015
A0A1M5L8S8	A0A1B2U0Q7	0
O19925	Q9TM47	0.101926
O19927	Q9TM47	0
O19927	O19895	0
O19927	Q9TM22	0
B8CEQ3	A0T0U5	0.0423676
B8LEV1	B8BUW3	0.0095876
B8LEV1	A0T0T5	0
B8LEV1	A0A8F0WFC9	0
W5EP45	W5FWF5	75.7078
W5EP45	Q8L806	3.68135
W5EP45	A0A3B6HX49	11.5136
W5I1R7	Q5I7K3	90.3706
W5I1R7	A0A1D5ZKM9	91.1152
W5I1R7	A0A3B6N0N5	83.8371
P13192	P13194	0.148936
P42487	Q65157	0.342405
P42487	P42484	0.421358
Q65181	Q65157	0.0786992
Q65181	P42484	0.649577
P62090	Q9SA56	0
Q9S7N7	A0A0M3KL10	0.0203472
Q9S7N7	P56767	0.0315225
P62807	P0CG47	138.401
P62807	Q13352	3.60564
P62807	Q96BT3	8.04357
Q9BS16	Q93077	9.97772
Q9BS16	Q6IPU0	1.76819
Q9BS16	Q96H22	0.51141
Q980R2	Q980Z8	1.40928
Q980R2	Q980A3	0.465139
A0QSG2	A0QVQ3	0
A0QSG2	A0QSP9	0.171038
A0QSL7	A0QS45	0.469413
A0QSL7	A0QS97	0.278033
A0QSL7	A0QV37	0.571757
A0QU31	A0QU30	10.658
Q2FKZ2	Q2FRK1	0.265887
Q2FKZ2	Q2FRM0	0.23879
Q2FKZ2	Q2FKZ0	0.268967
Q2FRL9	Q2FRL8	0.178654
Q2FRL9	Q2FRM0	0.171328
Q2FRL9	Q2FKZ4	0.0823659
P12004	Q9HCU8	0.137179
P12004	P38936	3.88835
P12004	P35249	247.722
P0A444	Q9F1L5	0.100041
P0A444	Q8DHA7	0.124537
P0A444	Q8DHJ2	0.0599462
A0AA82WP01	A0AA82WP00	0.138988
P12975	P72986	0
P12975	P37277	0.0814254
A0A2K3DGW6	A8ISA4	0.231965
A8HUP3	A0A2K3DLF7	0.319955
A8HUP3	A0A2K3CY83	0.312844
O13877	P87123	53.3037
O13877	P37382	63.0782
O13877	Q9P7P1	0.660726
P43034	Q13409	1.07915
P43034	Q14203	3.42
P43034	A0A287B8J2	3.19498
P63172	Q14204	0.804272
P63172	A0A287B8J2	1.16646
P63172	Q9NP97	149.825
A2P1G9	P01865	0.428937
A2P1G9	P01867	0.439769
A2P1G9	P06213	0.379247
U5LP42	P01837	0.296704
U5LP42	Q6DQ33	0.128921
U5LP42	P06213	0.340349
B6TXS5	A0A1D6HY75	0.185294
B6TXS5	P62596	0
B6TXS5	B6SRI3	0.0843525
O65101	P30980	0.0287559
O65101	A0A1D6HY75	0.235087
O65101	B6SRI3	0.130955
A0A2K1KN29	A0A2K1K0C7	0.013308
A0A2K1KN29	Q6YXM2	0.00719424
P24311	P20674	126.615
P24311	P10176	1.36268
P24311	P13073	130.375
P42920	P20277	1.05626
P42920	P46899	0.166427
O13877	O14198	0.00503504
O13877	Q9P7X8	1.7957
Q03718	P40026	0.349948
S7VSS5	A0A125YW19	0.00709155
A0QU33	A0QU30	10.4966
A0QU33	A0QU28	13.9054
A0QU33	A0QU26	0.633256
O00483	P14854	0
O00483	P00403	1.0105
O00483	P10606	0.0489042
P24311	P09669	1.38817
P24311	P00403	136.819
O95456	P25786	0.562421
Q5JS54	Q9BT73	0.176263
O81098	Q9LK40	1.26637
O81098	Q9FJ98	51.3679
O81098	Q9LQ02	0.782297
Q6NLH0	Q9M1J2	40.6437
Q6NLH0	Q38859	78.743
Q6NLH0	Q39211	69.24
G2LDR3	G2LK98	0.36901
G2LDR3	A8DJF8	0.168987
G2LDR3	G2LDR4	0.192272
G2LHG2	A8DJF8	0.125459
G2LHG2	G2LK98	0
G2LHG2	G2LEN5	0
Q9TM21	Q9TM23	0.0423375
Q9TM21	Q9TM47	0.0238521
O74635	P40848	1.07158
O74635	P36594	1.03925
O74635	P87306	1.95793
Q92399	P36594	0.572014
Q92399	P37382	16.235
A0A8F0WFC9	A0T0T5	0.0469237
A0A8F0WFC9	A0T0M9	0.0101403
A0T0S9	A0T0S1	0
A0T0S9	B5YM25	0
P33339	P32367	0.326082
P33339	P34111	0.415167
P06899	Q8N884	5.54367
P06899	Q12824	2.71777
P06899	Q9H9F9	3.31828
P04969	P21472	0.00824206
P04969	P21469	0.868321
P04969	P28368	0.110909
P21467	P21472	0.0281125
P21467	P46898	0.119943
P62877	Q13309	293.673
Q13216	Q9BW61	172.854
Q13216	Q03468	1.51871
Q13216	P49842	0.354778
P26290	P74810	0
P26290	P72717	0.0136015
P26290	Q57038	4.91401
P72798	P74149	0.0578947
P72798	P27589	0.0651923
Q9CR21	Q9CQ91	111.055
Q9CR21	Q9DC70	116.182
Q9CR61	Q9DCJ5	131.74
Q9CR61	P43023	0.0535029
Q9CR61	Q9CR68	1.29754
O19895	Q9TM23	0.101994
A0A9R0JBX6	A0A9R0ISF0	0.261835
Q24CL2	I7MDA9	0.459923
D7P897	H8PGG3	0.17737
D7P897	D8V7I7	0.0872833
P43307	Q9NRP0	0.926855
P43307	P61619	192.026
P43307	P43308	0.179029
Q9UNL2	P60059	1.33307
Q9UNL2	Q8N6L1	0.249603
Q9UNL2	P43308	0.247556
A0A2K9VK97	A0A2K9VK98	0.0428963
A0A2K9VK97	A0A2K9VK93	0.0698565
A0A2K9VK97	A0A2K9VK89	0.282311
P04908	P49459	60.2102
P04908	Q6PI98	1.73458
P36954	P68431	1.89165
P0A707	P02358	0.496872
P0A7T7	P0A7V3	0.218941
P0A7T7	P0A7V8	0.304078
P0A7T7	P62399	0.0663687
C4M5A0	P38654	59.3777
O15612	C4LXM0	3.90362
O15612	C4LYF4	53.9171
O15612	C4M7U0	40.5169
A0A1S4CE74	P38550	0.28462
Q93079	Q99878	119.965
Q93079	Q99877	3.04082
A0QS96	A0QZ86	0.0355089
A0QS96	A0QSE0	0
A0QSD7	A0QV42	0.342204
A0QSD7	A0QSG5	0.161288
A0QSD7	A0QSP9	0.120194
Q49QC8	Q1PIU7	0.187928
Q49QC8	A4GDH1	0.169147
Q49QC8	A4GDF1	0.202604
Q49QE8	A4GDF1	0.334931
P21464	P12879	0.100764
P21464	P21467	0.131232
P21464	P42924	0.166923
P21469	P20282	0.163435
P21469	P28368	0.856532
B7GIG3	B7GL97	0.108499
B7GIG3	B7GL96	0.248776
B7GIG3	B7GL82	0.089534
B7GL84	B7GL96	0.963687
B7GL84	B7GL98	0.464272
B7GL84	B7GL82	0.143616
Q6NLH0	Q9LK40	1.2449
P0A0H0	Q2FXS8	0.13976
P0A0H0	Q2FW16	0.039787
P0A0H0	Q2FZ42	0.0570098
Q2G2Q1	Q2FW19	2.3345
P0DOX7	S6C4R2	0.391623
P0DOX7	S6C4S0	0.392302
P0DOX7	Q6GMX6	0.306271
S6B2B6	Q6PIL8	0.239769
S6B2B6	Q6GMX4	0.238228
S6B2B6	Q8N355	0.345641
P16678	P16679	2.31444
P16678	P16688	0.295585
P16678	P16686	0.307437
P16685	P16686	0.262921
P16685	P16687	0.24838
P16685	P16688	0.235658
Q2T9T3	A0A4X1VEK9	133.496
Q32P73	A5PJW8	2.83873
Q8LCQ4	P56754	0.0305907
Q8LCQ4	Q37165	0.0334671
Q8LCQ4	P56769	0
Q9SUI6	Q9SUI4	0.107731
Q9SUI6	Q9S7N7	0.0280603
Q9SUI6	P56767	0.0212346
P0AG30	P0AFF6	0.584451
P0AG30	P0A8V2	0.479628
P0AG30	P0A8T7	0.451831
A0AAN0NP81	A9WEV4	0.136637
A0AAN0NP81	A9WEV5	0.068096
A0AAN0NP81	A9WEV8	0.240347
A9WEV7	A9WEV4	0.130666
A9WEV7	A9WEV3	0.161196
A9WEV7	A9WEV5	0.148065
P40422	P27999	25.1676
P40422	P32529	20.1973
P40422	P02281	75.396
A0A4V8GZZ2	A0A4V8GZZ3	0
A0A4V8H001	A0A4V8H000	0.0206844
P37382	Q10317	0.265261
P37382	O14459	4.19593
P32591	P18888	0.418653
P32591	P43554	0.382869
P32591	P22082	0.479977
P53330	P43609	0.302839
P53330	P53628	0.284812
P53330	Q02206	0.403037
A0ACD6B989	P58560	0.183869
A0ACD6B989	P0A410	0
P58575	P0A410	0
P58575	P58566	0.176623
P58575	P58564	0.0188153
P06899	P61077	268.584
P06899	A0A4X1VYD0	0.0433547
Q9Y265	Q16778	276.033
Q9Y265	P04908	299.348
Q9Y265	P68431	42.1305
S6B2B6	S6C4S0	0.184542
S6C4R2	Q7Z3Y4	0.354777
S6C4R2	P0DOY2	1.85736
Q86X83	Q9GZQ3	4.53874
Q86X83	Q9H0A8	0.373299
Q86X83	Q9NX08	1.37238
Q8N668	Q86VX2	179.514
Q8N668	Q9NX08	8.27699
Q8N668	Q9P000	17.1971
A0A1S3YEW3	A0A1S3X2G3	0.374954
P38550	A0A1S3XP85	0.289395
P38550	A0A1S4D7C7	0.290564
I4BTY9	I4BTY8	11.1051
I4BTZ2	I4BTZ1	0.0691382
P39471	P39463	6.73319
P39471	P11513	0.90534
O74635	O14198	0.0770809
O74635	P37382	41.3051
P28066	Q13200	1.49502
P28066	Q99460	0.885145
P28066	O00487	208.283
Q96P70	P25789	1.90384
Q96P70	P25788	1.85513
Q96P70	P25787	1.56594
A0A0D9R493	A0A0D9RJ49	3.60024
A0A0D9R493	A0A0D9RSN1	190.944
A0A0D9R493	A0A0D9RML3	144.855
A0A0D9RB67	A0A0D9RSN1	0.109045
A0A0D9RB67	Q1AL63	128.364
A0A0D9RB67	A0A2K5HV75	0.0660431
A0A2P6TMX4	A0A2P6U0J1	0.0489351
A0A2P6TMX4	W8SU98	0
A0A2P6U4S6	W8SUA3	0.0310218
A0A2P6U4S6	A0A2P6TPV8	0.253921
A8IFG7	A8IKC8	0.064197
B7I2K7	A0A7U3Y808	0.931549
B7I2K7	B7IBC2	0.206761
B7IA22	B7IA25	0.0207263
B7IA22	B7IA15	0.0729895
B7IA22	V5VBC2	0.0715152
Q39212	F4JW79	0.771359
Q39212	Q9LK40	0.943304
Q9FJ98	Q39211	42.2224
Q9FJ98	Q6NLH0	71.2359
Q9QZ88	Q641Q2	0.446423
Q9QZ88	G0SH11	55.0422
P75131	Q50297	0.472966
P75131	P75237	0.331243
P75131	Q50306	0.133333
P75560	Q50297	0.327792
P75560	P75578	0.336936
P75560	P41205	0.184633
P92558	Q9SMN1	3.76273
P92558	Q9SK66	1.77581
P92558	Q42599	0.765669
Q9C6B3	O05000	0.137282
Q9C6B3	Q9SRR8	0.172752
Q9C6B3	Q9FWR5	0.107966
A0A069PXX1	E2RXT0	0.0829724
E2RXU4	A0A2V3DLV3	0.103223
A0A075W2R1	E3UIU2	0
A0A075W2R1	E3UIU1	0.0349682
A0A0F6NGI2	A0A0M3KL10	0.0153497
A0A0F6NGI2	A0A0M3KL12	0.0355727
E1C9L3	P05310	0.0115278
E1C9L3	A0A0F6NFW5	0.00219877
P19569	P72986	0.455273
P19569	P37277	0.0467995
P74564	P37277	0.0534324
I0YVS7	E9NPS7	0.019585
I0YVS7	I0Z687	0.147222
P16002	Q41038	0.0475969
P16002	Q01667	0.0195614
A0A063X745	A0A063X754	0.00568672
A0A063X745	A0A063XCH0	0.403861
A0A063X745	A0A063XFC1	0.253548
A0A063XCG5	A0A3A5I502	1.67938
A0A063XCG5	A0A063X754	0.0144809
A0A063XCG5	A0A063XCP1	1.16747
D7P897	A0A024FSR7	0.181339
D0FXV2	D0FXW7	0
P9WPV1	P9WPU9	0.17396
P9WPV1	P9WPS1	0.242934
P9WPV3	P9WPV5	0.368578
P9WPV3	P9WPU7	0.505779
Q9FJE8	P62799	190.131
Q9FJE8	O23629	73.7231
P18074	P61218	142.158
P18074	P35244	5.01828
P18074	O60244	1.05711
P27694	P35244	177.632
P27694	Q92889	3.0154
P47822	P32569	0.845342
P47822	P22139	9.47378
P47822	Q12343	1.05775
Q12321	P33308	0.537221
Q12321	P16370	1.12119
Q12321	Q12343	0.436564
A0A678ZHF8	Q03519	1.29357
A0A678ZHF8	O15533	148.351
A0A678ZHF8	P61769	219.222
Q03518	Q6NXT2	1.32816
Q03518	P14334	0.138007
Q03518	P04585	0.308142
B8YB62	B8YB61	17.5931
B8YB62	B8YB53	0.584499
A0A4V8H008	A0A1L2EDU0	0.0095339
A0A4V8H008	A0A0D6E2L8	0.0095339
A0A4V8H010	A0A4V8GZZ5	0
A0A4V8H010	A0A1L2EDU0	0.12934
A0A4V8H010	A0A0D6E2L8	0.12934
A6VF33	A6VF31	0.792938
A6VF33	A6VF32	31.9266
A6VF33	A6VF34	27.2404
A6VF35	A6VF36	0.561222
A6VF35	A6VF32	11.3924
A6VF35	A6VF34	1.43155
P68134	P59999	341.566
P68134	Q9JM76	166.398
P68134	Q9CVB6	414.675
Q2FW23	Q2FW12	0.1003
Q2FW23	P0A0F8	0.224129
Q2FW23	Q2FY22	0.0361446
Q2G111	P48940	0.556731
Q2G111	Q2FXZ7	0.719181
B7IA25	B7IA30	0.0261338
B7IA25	B7I7R9	0.0355824
A0A063X781	A0A063XCG5	0.136685
P87310	O60104	3.0263
Q10317	P87306	0.318059
Q10317	P87123	0.301403
C4R3Z5	C4R3P8	20.9456
P25043	P28062	16.1368
P25043	P38293	0.715388
P25043	P30656	16.2537
P36040	P21242	0.215109
P36040	P23638	0.207952
P36040	P30656	0.361299
P13393	P20434	70.7053
P13393	P32773	61.4105
P13393	P22139	92.9524
P32974	P18263	0
P32974	P59763	0
P32974	P37256	0
A0A0H2UKZ4	P05311	0.0357361
P10793	A0A0M3KL12	0
P10793	B7FRW2	0
P06899	P62805	232.372
P06899	P62799	232.372
P19387	P67775	7.1123
P19387	P36954	213.792
P19387	P30876	3.31585
P14224	Q93WL4	0.0206905
P14224	P59777	0
P14224	P14225	0.0462144
Q39615	P14225	0.120101
Q39615	P07839	0.0350259
Q39615	Q00914	0
A0A0F6NGI2	Q01667	0.0342069
Q41038	P05310	0.000686604
Q41038	A0A0F6NFW5	0.00139773
Q41038	E1C9K7	0.182287
P16033	P74787	0.0603943
P16033	Q54697	0.0508772
P16033	P15819	0.130432
P29254	Q55329	0.00978695
P29254	P32422	0
P29254	P72712	0.00915059
I0Z7V3	E9NPS8	0.0313796
P00289	P16013	0.118452
P08980	P00166	2.5369
P08980	Q9M3L0	0.0302945
P08980	P00165	4.95836
Q8IY47	Q92905	2.64167
Q8IY47	P62877	86.927
Q8IY47	P61201	0.474946
Q99627	Q8WXC6	113.656
Q99627	Q9UNS2	188.472
A0A125YZP0	A0A125YZ21	0.0246565
A0A125YZP0	A0A125YZC1	0.534056
A0A125YZP0	A0A125YYJ5	0.142662
S8GED8	A0A125YYJ5	0.200202
Q13618	Q92905	360.237
Q13618	P62877	380.182
Q13618	O43791	467.735
Q99627	Q13616	382.456
Q99627	Q03071	0.436857
A0A072ZPV8	A0A241XG65	0.363111
A0A072ZPV8	A0A140S919	0.31652
A0A072ZPV8	E2RXT7	0.931285
Q8WW43	Q92542	123.773
Q9NZ42	Q96BI3	109.399
Q9NZ42	P46531	0.0397551
Q9NZ42	Q92542	179.95
P27999	P19263	1.09261
P27999	P22139	53.611
Q02792	P08518	0.278964
Q969H6	O75817	0.174759
P02557	P09733	165.583
P02557	P53540	4.39293
P02557	P46675	3.3714
P53378	P09733	113.51
P53378	P38863	1.39202
P53378	P32380	1.42043
F2QPE6	P62805	0.177881
F2QPE6	C4R4Y0	1.46299
F2QX94	C4R1V1	40.7162
F2QX94	C4R6B2	0.578737
F2QX94	C4QZQ7	1.1357
Q24DI9	I7MCM8	0.617693
Q24DI9	I7M008	56.537
P06899	Q9C086	7.69407
P06899	P53803	202.362
P52434	O75575	120.767
P52434	P36954	14.4444
P52434	P0DPB6	173.132
A0A1S3X147	A0A140G1Q3	0.16002
Q1HFX4	Q1HFW2	0.35034
Q1HFX4	W7XJB1	0.125169
Q1HFX4	Q22R86	0.242736
A0A2K1K0C7	A0A2K1KU97	0.00541944
A0A2K1K0C7	A0A2K1KKR9	0.0330024
A9SL09	A9RT62	0.16221
A9SL09	Q8MFA2	0.0453095
A8IJ60	A8IL21	0.601268
E3UIU9	E3UIU7	0.0400203
E3UIU9	E3UIU0	0.0106572
M2XW22	M2XWX3	0.0748981
M2XW22	E3UIU7	0
M2XW22	E3UIU8	0.170763
A0A7U3Y815	B7IA40	0.142521
A0A7U3Y815	B7I7S0	0.169321
A0A7U3Y815	B7IA26	0.0409189
B7IA35	B7IA17	0
B7IA35	B7IA26	0.249374
P00825	P11402	2.37764
P00825	P05435	24.8552
P00825	P06450	15.003
P00833	P05435	1.2647
P00833	P06453	0.372445
B6STT2	B6SZT9	0.0148378
B6STT2	A0A1D6HY75	0.0619947
B6STT2	P30980	0
P12329	B6SZT9	0.00742807
P13352	A8IKC8	0.080394
P13352	Q93VE0	0.0320312
P13352	Q93WL4	0.0107154
Q75VY4	P59777	0.00718551
P30153	A0A8W4F9W9	1.22682
P30153	Q6P9B9	0.812858
P30153	P67775	487.466
P56211	P67775	252.972
P28007	P42846	0.585935
P28007	P32495	49.1518
P28007	Q6Q547	37.3615
P40486	P33322	13.8302
P74810	P72717	0
P74810	Q57038	0.186311
Q92905	P62877	219.52
Q92905	Q13309	3.48931
Q32P73	G3MZY8	1.72601
Q32P79	G3MZY8	1.63637
Q32P79	A5PJW8	1.3337
Q0IHJ3	B1H1T5	19.1977
Q0IHJ3	A0JPI0	0.61202
Q0IHJ3	Q6INL9	24.0987
Q4V7I1	A0A8J1L9M8	63.3522
Q83ED6	Q83ES5	0.453434
Q83ED6	Q83ES8	0.609599
Q83ED6	Q83FC0	0.305464
Q83EQ3	Q83ER3	0.314259
P0A431	Q8DHA7	0.15625
P0A431	Q9F1L5	0.228133
Q8DHJ2	P59087	0
Q85FS8	Q85G73	0
Q85FS8	Q85FY6	0
Q85FS8	Q85FP8	0
A0T0M9	B8BU33	0.0299649
A0T0M9	B8BYV4	0.0233135
A0T0M9	B8C8Q0	0.0482305
B5YM25	A0T0M8	0.0144226
B5YM25	B8LE61	0.0300223
A0A5H1ZR73	H8PGG3	0.14991
A0A5H1ZR73	A0A5H1ZR95	0.0490319
D7NIZ2	Q85JD5	0.174933
T1RJW8	T1RJ05	0.0577455
T1RJW8	T1RJP7	0
T1RJW8	T1RIQ1	0
T1RJZ1	T1RJY1	0
T1RJZ1	T1RIT2	0.0843451
T1RJZ1	T1RJP7	0.00809271
A0A4V8H006	A0A4V8H001	0.105506
P09669	P00403	152.863
P12074	P10606	150.497
P12074	P00403	250.988
Q9SUI6	Q9SA56	0.0327248
Q9SYW8	P56769	0.00654404
Q9SYW8	Q9C639	0.0262494
Q9SYW8	P56766	0.00792737
Q9UJX3	P51955	192.028
Q9UM11	Q9UJX2	216.173
Q9UM11	Q13042	270.198
Q9UM11	Q9UJX6	3.26524
Q2FW30	Q2FW22	0.123272
Q2FW30	Q2FW39	0.0813298
Q2FW31	Q2FXZ7	2.42048
Q2FW31	Q2FW11	0.209369
P40992	P46669	0.298346
P40992	P50106	0.233335
P40992	P32529	0.528576
Q01080	P40422	1.96062
Q01080	P22139	4.58809
Q01080	P20435	2.90696
P52657	P29084	168.19
P52657	P29083	165.083
P52657	P62487	6.13996
Q16533	Q9HAW0	0.384572
Q16533	Q5SXM2	0.490094
Q16533	O75971	157.686
Q9NQP4	O60925	0.363898
Q9UHV9	Q99471	159.34
F1S3W0	A0A4X1UYT9	85.8618
F1S3W0	Q2EN79	0.201751
F1S3W0	A0A4X1UNI7	105.882
F1SDI2	Q35916	0.0310619
F1SDI2	A0A8D0INK7	0.0684524
Q9SUI4	Q9SHE8	0.103639
Q9SUI4	Q9S714	0.0701622
Q9SY97	Q41038	0.0507646
Q9SY97	P56766	0.0181392
P38042	P14724	0.220359
P38042	Q04601	0.291923
P38042	Q12440	0.328154
P53197	P30260	6.10384
P53197	P16522	14.592
P53197	Q08683	2.9215
P36040	P32379	0.279127
P36040	P21243	0.294974
P38293	Q05778	0.577654
P38293	P30656	0.83513
P38293	P21243	0.851941
P61077	O60814	279.449
P61077	P62979	361.02
P39466	P39463	3.12267
P39466	Q4JB12	0.491036
P62837	Q13191	83.2791
P62837	Q6ZSG1	274.035
P62837	Q00987	294.536
P63208	Q8NEZ5	205.106
P63208	P61024	0.222334
P63208	Q86VP6	3.32438
Q39211	Q9FLM8	46.9186
C4QZ45	P84243	0.0881684
C4QZ45	P04908	3.65021
C4QZ45	C4R4Y0	0.235237
I7MCM8	Q23FU1	21.3404
I7MCM8	I7M008	42.9242
I7MHB1	Q1HFX0	0.15974
I7MHB1	W7XJB1	0.239653
I0YQ46	I0Z7V3	0.105146
I0YQ46	I0YWK6	0.0388291
A9WEV5	A9WEV2	0.141501
A9WEV5	A9WEV3	0.172826
A9WEV5	A9WEV4	0.19237
A9WEV8	A9WEV6	0.122866
A9WEV8	A9WEV2	0.0473744
O22993	F4KF14	1.47634
Q9SAJ3	F4KF14	0.818137
Q9SAJ3	Q9LTI0	0.185295
A0A2P6THB2	A0A2P6U0J1	0.132067
A0A2P6THB2	W8SY74	0.0198254
A0A2P6THB2	W8SUD1	0.0280036
A0A2P6TPU7	W8SU98	0
A0A2P6TPU7	A0A2P6U0J1	0.0634348
P75818	P02930	0.200681
P75830	P75831	0.309803
P75830	P02930	0.442699
A0A063X745	A0A063XCP1	0.0775382
A0A3A5I502	A0A063X754	0
A0A3A5I502	A0A063XFC1	0.331577
Q39615	Q05093	0.0428079
P10793	Q9S831	0
P10793	P36886	0
E3UIU0	E3UIU5	0.0201086
E3UIU0	M2X4U9	0.0256779
C4QWA8	C4R3Z5	12.6449
C4R9A1	C4R4Y0	0.467648
C4R9A1	C4R370	0.849319
C4R9A1	C4R7H2	1.23633
A0A8D1B522	I3LGP4	0.196311
I3LSI7	I3LCB2	1.14502
I3LSI7	Q6P1J9	188.583
I3LSI7	A0A4X1VM56	158.6
Q6PCF2	A4QNS4	130.443
C4R3P8	C4R7L2	38.2176
C4R3P8	P04908	5.05111
Q99JY9	Q9JM76	42.563
Q99JY9	P61161	167.538
Q99JY9	P68134	274.954
Q9WV32	P68134	367.251
Q9WV32	P61161	193.976
C4R2U9	C4R9A1	9.39266
C4R2U9	C4R273	2.0353
A0A0D9S9I7	A0A0D9R8S7	105.591
A0A0D9S9I7	A0A0D9RSN1	111.996
A0A0D9S9I7	A0A0D9RML3	86.7552
A1E9J1	F2DAN8	0.0138389
A1E9J1	P13165	0.0104444
Q9LKC7	S4Z1E9	0
Q9LKC7	Q7GT16	0.022647
A0T0U5	B8C0K4	0.0650047
A0T0U5	A0T0M8	0.00648721
B8LEV1	A0T0M9	0
F2R7X6	F2RGQ4	0.433129
F2R7X6	F2RIS5	0.484859
A0A075W2R1	E3UIU5	0.0402822
P0DM37	D0VWR1	0.0699476
P0DM37	P12239	0.389542
P0DM37	P12240	0
P12241	P19054	0.115413
P12241	P12312	0
C4LZQ8	C4M7G9	5.52818
C4LZQ8	B1N2I3	40.5505
C4LZQ8	O15587	59.7225
C4M2R7	O15631	44.7947
C4M2R7	C4M9F4	3.51936
C4M2R7	O15587	3.43345
A0A7S0UM40	A0A7S0VFV2	14.3088
A0A7S0UM40	A0A7S0UWZ2	3.953
A0A7S0UM40	A0A7S0V8A9	23.5977
A0A7S0VKR5	A0A7S0V3A3	0.804553
A0A7S0VKR5	A0A7S0UQ60	56.3025
P0DOX5	P48546	0.119225
P0DOX5	Q2N0S6	0.219325
P0DOX5	P04626	0.884824
Q02260	P40018	25.6722
Q02260	Q00916	14.717
Q02260	Q12330	43.8433
Q9SN86	F4KF14	0.434911
A0A1S4D4H1	A0A1S3ZSI0	0.243673
A0A1S4D4H1	A0A1S3YXM6	0.263865
P12352	P12356	0.104819
P12352	P12154	0.0354442
Q7Z4G1	Q9P000	148.123
Q7Z4G1	Q9NX08	7.09727
Q7Z4G1	Q9H0A8	2.25569
Q9GZQ3	Q567U6	0.516223
Q9GZQ3	Q86VX2	6.64283
Q9GZQ3	O60826	210.213
A0A9R0JBX6	A0A9R0K7U8	0.354034
A0A9R0JNY3	A0A9R0ISF0	0.145424
Q8N4V1	Q9P0I2	168.224
Q8N4V1	Q9BV81	0.0160305
Q8N4V1	Q5JPE7	0.272851
Q9NPA0	P04213	0.140327
Q9NPA0	P01849	0.211473
I4BYB2	I4BYB3	0.169491
I4BYB5	I4BYB3	3.03346
I4BYB5	I4BYB8	11.8724
Q14657	Q9BXV9	144.57
Q14657	Q9NPF4	9.72132
Q96S44	Q9NPF4	193.027
Q96S44	Q9Y3C4	0.32192
E9NPX1	E9NPS8	0.0027248
E9NPX1	I0YST3	0
F2RJV9	F2RGQ4	0.340745
F2RJV9	F2RIS5	0.362017
E3UIU1	E3UIV0	0.0642206
Q8NFG4	Q9P278	0.407837
Q8NFG4	P08515	0.679826
Q8NFG4	Q9HB90	0.36859
Q9UHA4	O43504	0.485555
Q9UHA4	Q9Y2Q5	145.316
Q9UHA4	Q9P278	0.192629
Q96HW7	Q8WX92	0.679119
Q96HW7	O00267	0.424168
Q96HW7	P67775	8.67657
Q96N11	Q9NVR2	0.302695
Q96N11	Q6P9B9	0.262039
Q9SUI4	Q9SUI7	0.137301
P24757	P68609	0.267116
P24757	Q76ZP7	0.153132
P60430	Q2FW33	0.559064
P60430	Q2FYU6	0.125396
P60430	Q2FXT0	2.523
Q2FW38	Q2FW06	0.0894044
Q2FW38	P66211	1.81863
Q2FW38	Q2FWD8	0.0238095
P22224	P32855	0.438941
P22224	P32844	0.504995
P21467	P12873	0.20701
P21467	P21471	0.0444129
P21473	P21470	0.0372515
P21473	P21472	0.499674
P21473	P04969	0.435029
P58246	P0A3Y1	0
P58246	P61048	0
P58246	Q93SX1	0.486655
A0A8F0WFC9	A0T0M8	0.00722452
B8CEQ3	B8LEQ8	0.0482669
A0A7U3Y808	B7IA22	0.0715152
A0A7U3Y808	B7IA25	0.138656
B7IA30	B7I7R9	0
A0A4X1VTX4	Q6PD62	2.26894
A0A4X1VTX4	A0A4X1VEK9	133.825
A0A4X1VTX4	Q96ST2	7.75508
I3LGP4	I3LSI7	1.53051
I3LGP4	P23193	2.23212
I3LGP4	P85421	0
Q9RKY0	P25941	0.28052
Q9RKY0	Q9L0L0	0.191728
Q9RKY0	Q8CJT1	0.206238
A0A2R8VHF7	A2RTF1	0.117761
A0A2R8VHF7	Q9CQP8	0.398475
A0A2R8VHF7	D3Z338	0.110506
C6KI89	Q8BVN3	0.221723
C6KI89	P0DP43	0.154074
C6KI89	Q91ZR5	0.205499
P63081	Q5EB76	2.83616
P63081	D3ZIM6	0.195458
P63081	O54715	1.6228
Q6P503	P07825	0.25485
Q6P503	Q5M7T6	135.408
Q6P503	A0A0G2K9J2	167.446
A0A2P6TPU7	W8SUA3	0.039286
W8SKM2	W8SY74	0
Q9SA56	A0A8F5NZW2	0
Q9SA56	Q9SUI4	0.0610171
Q9SA56	P56766	0.0154314
Q9P1U0	Q9GZS1	176.027
Q9P1U0	P61218	27.2837
Q6UKY5	A0A2K3DM81	0.221356
Q6UKY5	A0A2K3DLF7	0.504039
Q6UKY5	A0A2K3CY83	0.177342
P29496	Q03406	10.1008
P29496	Q12146	14.2892
P29496	P53091	21.0877
P53840	P29469	0.610461
P53840	P53091	0.628665
P53840	P38132	0.660065
A0A125YXT1	S8F4G4	0.172092
A0A125YXT1	A0A125YYG6	0.130143
S8F943	S8ERU3	0.333851
S8F943	A0A125YQQ1	0.126384
P07825	D3ZIM6	1.17952
P07825	Q5EB76	0.0352274
P63081	Q6AXS4	134.376
P63081	B0K022	126.64
P80374	P80382	0.357688
P80374	Q5SLQ0	0.173473
P80374	P80377	0.114335
Q5SJH3	Q5SHN3	0.412707
Q5SJH3	P80376	1.8195
Q5SJH3	Q5SLQ0	0.93905
P10189	Q12306	0.850217
A0A024FSR7	D8V7I2	0.464613
A0A1S3TZB2	A0A1S3U1E4	8.75643
A0A1S3TZB2	A0A1S3TNX9	0.183926
A0A1S3TZB2	A0A1S3VV60	14.5602
Q9H0A8	Q9UBI1	0.351218
Q9H0A8	Q8N668	174.944
Q9H0A8	Q9NX08	0.405168
Q9P000	Q9GZQ3	171.246
Q9P000	Q9NX08	17.0502
Q9P000	Q86VX2	9.57232
O32215	O31718	0.207804
O32215	P37871	0.409975
P20429	O31718	0.18716
P20429	P37871	0.417115
Q6P9B9	Q96HW7	0.291342
Q6P9B9	Q75QN2	0.244376
P10606	P00403	168.507
Q9Y7N2	Q9US45	0.48705
Q9Y7N2	O94376	0.576244
Q9Y821	Q9USH1	0.351374
P10176	P00403	0.11658
P10176	P13073	0.968528
Q8U0E4	Q8U440	0.170655
Q8U216	Q8U0M5	0.326931
Q15369	Q13098	3.23753
Q15369	Q6PJ21	170.165
Q15369	P30291	1.01017
P01375	P19438	309.812
P02768	P55899	0.207077
P02768	P61769	0.698541
Q39212	Q9FLM8	51.4911
Q9M1J2	Q5D869	0.832415
Q13619	P62837	763.222
Q13619	A0A6P5C4T4	763.233
Q8N140	Q2F514	0.284583
P36100	Q03290	2.75985
P36100	P34087	5.42675
P36100	P20435	1.2025
Q12004	P32776	2.0089
Q12004	Q04673	7.99085
A0A4X1TRS6	P29084	148.546
A0A4X1TRS6	I3LCB2	101.351
P63104	P61587	2.3828
Q02750	V9P4T4	268.841
Q02750	P31947	246.924
Q02750	P10398	195.307
P00163	P00424	5.04405
P00163	P04037	7.28146
P00163	P00128	20.6428
Q6PIL8	Q8N355	4.4864
Q6PIL8	S6B291	0.387048
Q01667	P12357	0.0823664
Q43485	P13165	0.00784314
C4M0Z2	C4LT02	72.5033
C4M0Z2	C4LTS8	27.9509
C4M2R7	C4LW10	73.6529
C4M2R7	C4M5V7	49.8968
C4M2R7	C4LTS8	25.7361
A0A5S8WF82	A0A5S8WF91	0.129931
A0A5S8WF82	A0A5S8WF84	0.199591
A0A5S8WF82	A0A5S8WF83	0.159774
A0A5S8WF90	A0A5S8WF89	0.209809
A0A5S8WF90	A0A5S8WF83	0.204244
A0QSD5	A0R550	0.00787821
A0QSD5	A0R150	0
A0QSP9	A0QSD0	0.160726
A0QSP9	A0A7I7K4Z0	0.160726
P15170	G1SWI6	53.6819
P15170	P11940	166.321
P15170	G1TS40	49.2229
Q16531	Q2YDS1	0.741723
Q16531	Q9NZJ0	0.909534
Q16531	P11207	0.201426
A0A4X1VYD0	I3LJR4	1.39044
A0A4X1VYD0	A0A4X1VEK9	104.87
A0A4X1VYD0	Q9H3P2	2.06318
A0A7M4DUC2	A0A8W4F9W9	1.37869
A0A7M4DUC2	Q2YD98	0.205364
A0A7M4DUC2	P23193	1.96404
P38742	P47170	0.200528
P38742	Q00582	0.537733
P38742	P53011	1.79196
Q02205	Q3E830	0.106159
Q02205	Q00582	2.52688
Q02205	P53290	1.633
A8ITV3	P14224	0.0360683
Q00914	Q05093	0
Q00914	P12356	0
Q00914	P12352	0
Q5JE31	Q5JJC9	1.22758
Q5JE31	Q5JE34	1.56013
Q5JJF4	Q5JJC9	24.9157
Q5JJF4	Q5JH24	0.958846
Q5JJF4	Q5JE88	2.01335
A8HX89	A8J7I9	1.34536
A8HX89	Q8HEB4	11.1514
A8HX89	A8J7H8	0.130505
A8JC51	Q8HEB4	0.196438
Q13216	I3LGP4	1.19293
Q6PD62	Q9GZS3	3.10881
Q6PD62	A0A287ADR4	1.28409
Q6PD62	Q71DI3	5.85527
P58246	P0A384	0.750597
Q93SX0	Q93SW9	0.161088
P03925	Q8K3J1	2.16375
P03925	P03899	61.6223
P03925	Q9CQZ5	92.762
Q9CQZ6	Q9CPU2	121.033
Q9CQZ6	Q9CR61	110.199
Q9CQZ6	Q9CPP6	0.0781664
P47170	Q3E830	0.122096
P47170	Q00582	0.283433
Q04491	P49687	1.23748
Q04491	P52593	0.899468
Q04491	P38164	2.05398
E1C9L0	P05310	0.00232441
E1C9L0	P12355	0
E1C9L0	P05311	0.033768
P17227	D5MAL3	0
P17227	P17230	0
P17227	Q9S831	0
P60312	Q8CJT1	0.366277
P60312	Q9L0L0	0.357848
P60312	P25941	0.339097
Q9L0I8	Q9L0L0	0.397743
Q9L0I8	Q8CJT1	0.444839
Q9ASS6	Q9SCY3	3.12836
Q9ASS6	P26288	0.52929
Q9ASS6	A0A1B1W4Z0	0.52357
Q9SGH4	B3H6Z4	0.161914
Q9BV81	Q9P0I2	0.220829
Q9BV81	Q5JPE7	0.28039
Q9NPA0	P54286	0.347073
Q9NPA0	P61769	1.85499
Q9NPA0	Q969V3	1.36712
A8IE32	A8HYJ1	0.176783
A8IE32	A0A2K3CR90	0.147143
A8IE32	A0A2K3DQY7	0.232999
A8J1J3	A8J5D4	0.013589
A8J1J3	A0A2K3DWN5	0.0161549
A8J1J3	A0A2K3DQY7	0.0622336
Q8DL32	Q8DL31	0.219319
Q8DL32	Q8DMR6	1.47653
P25569	P53076	0.72486
A0A287ADR4	I3LCH3	146.123
A0A287ADR4	A0A4X1TRS6	95.9066
A0A481DF93	I3LCB2	112.238
A0A481DF93	A0A8D1AQR7	112.238
A0A481DF93	A0A4X1TRS6	141.144
Q9Y230	P33778	124.096
Q9Y230	P62805	98.791
Q9Y230	Q15906	3.34398
P47093	P57743	28.6006
P47093	Q06406	14.5576
P47093	A6ZYX7	14.5576
P53905	P40089	116.051
P53905	P47017	75.2371
P53905	P40070	47.337
P61157	Q58CQ2	83.1058
P61157	Q3MHR7	171.131
P61157	A4D0Y1	300.889
Q1JP79	A7MB62	209.42
Q1JP79	G3MXC8	132.715
Q1JP79	Q3SYX9	126.466
P28791	P33891	0.433677
P28791	P53146	0.290414
Q12745	P53146	0.424985
Q12745	P53847	0.357454
Q12745	P33891	0.475593
Q2FW12	Q931G5	0.0332972
Q2FW12	P66335	0.0265203
Q2G111	Q2FZ25	0.221029
Q92399	O14198	0.163671
Q92399	Q9P7X8	0.288927
Q92399	P15398	0.441795
A0AAN0Y3T9	A0AAN0Y138	0.567391
A0AAN0Y4G9	A0AAN0XZY2	0
A0A2D2D0T0	A0A2D2D5X7	0.107228
A0A2D2D0T0	P27353	0.179135
A0A2D2D0T8	A0A2D2D5X7	0.213337
A0A2D2D0T8	P27353	0.0970546
B7GL97	B7GL96	0.316803
P23993	S4Z289	0.0187476
P23993	A1E9J0	0.0187476
Q8MFA3	A9RT62	0.018395
Q8MFA3	A0A2K1IB10	0.00644376
A8IH07	A0A2K3CXW8	0.326831
Q9P7Y4	Q9US45	0.294695
A0A2K3DHV6	A0A2K3DLF7	0.391657
P61029	G8ZFK7	0.10038
P61029	Q9V1U5	15.883
P61029	Q9UZL4	4.53344
Q9V0G8	Q9V1A0	9.22135
Q9V0G8	Q8U474	13.668
Q9V0G8	Q8U0U1	13.2221
P9WIU9	P9WGY7	0.249713
P0A4U6	Q9L3R4	0.354274
P22704	Q9L3R4	0.360785
P22704	Q8YNB9	0.264779
Q23RH8	Q22E95	0.1681
Q23RH8	Q22W32	0.00956284
Q23S01	I7MJ25	0.178846
Q23S01	Q248F8	0.269483
A0A2P6TC44	A0A2P6TMX4	0.0856042
A0A2P6TC44	W8SU98	0.0104678
A0A2P6TC44	A0A2P6U0J1	0.127262
P62815	B2GUV5	74.1623
P62815	Q8R2H0	79.697
P62815	Q6P503	160.355
Q5FVI6	B2GUV5	0.44121
Q5FVI6	Q6PCU2	135.829
Q5FVI6	P25286	0.660445
P48237	P27929	0.38556
P48237	P53292	0.297279
Q02608	P38120	2.69968
Q02608	P38175	0.848298
Q02608	P32611	0.363237
A0A2P6THB2	A0A2P6TPV8	0.236668
W8SU98	A0A2P6U0J1	0.0628619
Q5E9B8	Q1JQ91	159.836
Q5E9B8	Q32PE0	134.629
Q12431	P53073	0.406774
F2R0J7	F2R0J6	45.2807
P00045	P00127	0.171212
P00045	P07143	0.0987485
P22289	Q01519	0.109529
P22289	P08525	1.45551
P22289	P00424	2.3061
P40089	P38203	144.558
P40089	P57743	126.013
P47017	Q06406	55.4996
P47017	P57743	77.0843
P47017	P38203	128.046
Q83ER2	Q83AX9	0.166685
Q83ER2	Q83ES0	0.130607
Q83ES8	Q83AX9	0.311537
Q83ES8	Q83ER3	2.05844
Q39211	Q9LK40	0.887693
O19927	Q9TM46	0.0095788
P56752	Q94AQ8	0.156998
P56752	Q37165	5.01031
P56752	P26289	0.786027
Q9SCY3	Q95695	0.127095
O43402	Q5J8M3	266.184
Q5UCC4	Q9P0I2	184.257
Q5UCC4	Q5J8M3	1.23497
Q5UCC4	Q15006	184.062
E1C9L2	P20120	0.0223228
E1C9L2	P05311	0.0287226
O15145	O15511	1.12222
O15145	Q9BPX5	0.255306
O15145	Q6QAQ1	162.635
Q9NZQ3	Q3T035	0.318567
Q9NZQ3	Q3SYX9	0.707609
Q9NZQ3	O15143	195.936
A0QSG6	A0QSD7	0.079898
A0QSG6	A0QSL7	0.0826243
A0QSP9	A0QTK6	0.296232
A0QSP9	A0QZ86	0.192455
P53041	P04049	46.1587
P53041	P07900	194.73
P53041	P15056	20.2393
Q16543	Q9BXM7	2.07009
Q16543	P04049	102.163
Q16543	P07900	224.703
P62807	G0RYC2	108.828
P62807	Q99986	2.29355
P62807	Q71F23	0.765189
Q9Y230	Q16778	124.771
Q9Y230	P04908	131.48
A8IFG7	Q93WL4	0.0613391
P06271	A0A1S4CE74	0.29241
P06271	A0A1S3YPU3	0.359398
P06271	A0A1S3YXM6	0.281192
Q9B6D4	Q9B6C8	1.30502
Q9B6D4	A0A1D8NGI5	0.258123
Q9B6D4	A0A1D8NEL0	0.0733343
Q9B6E8	Q9B6C7	0.1494
Q9B6E8	Q9UUT7	0.333096
Q9B6E8	Q6C2Q1	0.27919
P36012	Q06675	3.65077
P36012	P02293	62.8392
P36012	P35201	2.2448
Q12493	Q06162	0.935464
Q12493	P53298	0.720702
Q12493	P47167	1.24326
P19658	P89102	0.46322
P32855	P32844	0.467304
P32855	P89102	0.389179
P48237	P33759	0.327124
P53732	P53733	0.0865474
P53732	P38120	0.389453
Q83ES8	Q83E83	3.97149
Q83ES8	Q83ES9	0.138321
Q9BZE9	P55072	24.827
Q9H867	P55072	0.468901
P09884	Q9BRX5	1.13047
P09884	P35244	1.12982
P09884	Q86WV5	0.400643
Q9BVW5	Q9HAW4	1.33845
Q9BVW5	Q9BRX5	180.612
Q9BVW5	O75717	2.71827
C4M5V7	C4LW10	55.1109
C4M5V7	C4LT02	50.6537
O15587	B1N316	3.45974
O15587	O15631	48.1196
Q9P7X8	O94703	0.33461
C4R009	C4QZQ7	1.17169
C4R009	F2QMI1	34.1838
C4R4Y0	C4QYQ8	0.266431
P16033	P72701	0.0574603
P29256	Q55329	0.0786364
P29256	P32422	0
P29256	P72712	0.0672304
G0SC21	G0RZX8	10.9116
G0SE33	P0CT46	2.75482
A0A341UET3	Q5I7K2	179.118
A0A341UET3	A0A3B6SS17	73.113
A0A3B6IU74	A0A3B6SS17	1.84181
P32844	P89102	0.507961
Q06245	P32855	0.482801
Q06245	P22224	0.541096
A0A1Z3HI16	A0A1Z3HPE3	0
A0A1Z3HI16	A0A1Z3HRW4	0.00277179
A0A1Z3HI16	A0A1Z3HIN6	0.00558974
A0A1Z3HSF0	A0A1Z3HS05	0.0249917
P61803	P04843	0.32653
P61803	Q9NRP0	1.70428
P61803	P39023	3.56956
Q8N6L1	Q9Y6X1	0.119764
Q8N6L1	P42766	0.226387
Q8N6L1	P04843	2.33579
P05311	Q01667	0.0435459
P05311	Q41385	0.0155351
Q9SQL2	E1C9K6	0
Q9SQL2	E1C9K7	0.0236228
P61994	Q8U008	16.515
P61994	P61885	15.2033
P61994	Q9UZL4	12.7012
Q9UXZ3	P62010	15.7914
Q9UXZ3	Q9V1V0	24.4718
Q9UXZ3	Q9V1U8	7.32333
Q9LTI0	F4KF14	0.146792
Q9LTI0	F4J3N2	0.188133
F1RKE4	P60002	0.0888683
F1RKE4	P29084	6.3094
P40070	P38203	86.1487
P40070	P40204	64.5818
P40070	P40089	54.3107
P49960	P53905	3.11635
P49960	P38203	5.3652
P49960	P47093	0.906542
P43554	P18888	0.315066
P43554	Q05123	0.391805
P43554	P22082	0.374074
P53330	Q05123	0.386121
P53330	Q06488	0.31898
P60002	P63272	0.143857
P60002	O00267	0.173784
Q8N7H5	O60814	132.181
Q8N7H5	I3LCB2	1.66374
Q8N7H5	Q6P1J9	195.81
O14459	P36594	1.4351
O14459	P36595	55.7069
O74635	P87123	32.2883
P0A8T7	B0FIJ8	0.296418
P0A8T7	A0ACD6B8M4	0.220954
P0A8T7	P0A7V0	0.285201
P0ACI0	P0A8V2	0.220628
P0ACI0	P0A7Z4	0.162514
P0ACI0	P00579	0.405917
P74902	P74903	0.145422
P74902	Q5SIT7	0.143228
P74902	O87880	0.192089
Q56403	Q5SIT5	0.374986
Q56403	P74903	0.666173
Q56403	O87880	17.1202
P12754	P20459	21.7933
P12754	P32501	8.65811
P12754	P32502	7.32136
P32481	P32501	35.2387
P32481	P41057	95.6493
P32481	Q08745	11.6469
Q39615	P12356	0.0992763
Q7DM26	P09144	0.0163144
Q7DM26	P14224	0.0516227
P60709	P07737	245.119
P60709	Q6AZJ8	68.3263
A0A5C6J4N7	A0A9X9IKM4	0.335154
A0A5C6J4N7	A0A2M9V7H9	0.514632
A0A5C6J4N7	A0A2M9V7I0	0.346008
A0A5M5QTL0	A0A2M9V7H9	0.422379
A0A5M5QTL0	A0A2M9V7I0	0.319082
Q84Y02	Q75VY7	0.0164097
Q84Y02	Q75VY8	0.016985
Q84Y02	P59777	0.00718551
A0A1S3X147	P06269	0.152348
A0A1S4CIZ9	A0A1S3YU01	0.35062
A0A1S4CIZ9	A0A1S3YXM6	0.418198
D0VX27	P18946	106.995
D0VX27	D0VX29	0.103156
D0VX27	D0VX26	0.0687708
D0VX30	D0VX26	113.035
D0VX30	D0VX32	87.6426
D0VX30	D0VX29	6.88538
A0A2K3CYB6	A0A2K3DGW6	0.288705
A0A2K3DM81	A8ISA4	0.269533
A0A2K3DM81	A0A2K3CZ99	0.299426
P00163	Q01519	0.58235
P00163	P08525	3.97356
P00163	P07255	0.235087
O82504	Q39211	1.19377
O82504	Q6NLH0	1.91338
P06269	A0A1S4CIZ9	0.36476
P40337	Q7L5N1	0.687399
P40337	Q9UNS2	1.27651
P49427	P0CG48	97.2221
D8V7I2	D8V7I1	0.369915
D8V7I2	H8PGG3	0.15783
P0A0H0	Q8GNY5	0.0960899
Q2FZ25	Q2FW23	0.153815
I0YQ46	E9NPZ7	0
I0YTK4	I0Z687	0.117012
P19263	P32569	0.394399
P19263	Q12124	0.254
P19263	P38633	0.602013
Q12321	P20436	0.412133
P87123	O14198	0.378736
P9WGZ1	P9WGY7	0.361036
P04969	P21477	0.257547
P21470	P21472	0.0445373
P21470	P12878	0
P32341	P32563	0.518671
P32341	P32366	0.349336
P32341	P39111	1.43926
Q3E7B6	P37296	0.185409
Q5D869	Q9FJ98	0.749786
P18384	P16710	0.330386
Q04868	Q02884	0.302262
Q04868	P38874	0.317757
A0A1B2U0I9	A0A1M5L6R0	0.0763857
A0A1B2U0I9	A0A1B2U0J7	0.0289593
A0A1B2U0Q7	A0A1J7CBX1	0.116372
A0A1B2U0Q7	A0A1J7CP29	0.217377
C6Y4A8	G2TRJ4	0.0149836
C6Y4A8	P08515	0.170914
C6Y4A8	Q9Y7J2	0.203549
O74824	O74544	122.469
O74824	Q8WTW4	10.0809
O74824	Q12980	0.30669
O80634	P56767	0.0531392
O80634	P26289	0.139404
O80634	P56751	0.242962
Q9FG89	Q8LCQ4	0.020318
Q9FG89	Q9S9N6	0.168911
Q9FG89	A0A1B1W4Z4	0.115271
B7IA40	B7IA26	1.03951
B7IA40	B7IA33	0.187922
P68139	A7MB62	429.622
P68139	P78774	160.013
P68139	P61157	278.958
A8MPR5	P56786	0.36026
A8MPR5	F4KF14	1.26744
A0A075W2R1	E3UIU0	0.0268085
Q3ZBC0	O00267	2.10584
A0A125YYJ3	S7UTB5	0.0399906
A0A125YYJ3	S7UVH4	0.0916132
S7VSS5	O20672	0.552149
P50990	P48643	530.894
P50990	P78371	632.558
Q5TBB1	P12004	2.29944
Q9NRP0	P61619	0.907041
Q9NRP0	P60468	1.68687
Q9UNL2	Q9Y6X1	0.0535627
P28631	P28630	0.265716
P28631	P0A990	0.157971
P28631	P0A988	0.157971
P28905	P0AGE0	0.253535
P28905	P28632	0.51795
A0ACD6B9M6	A0ACD6B9K7	0.456146
A0ACD6B9M6	A0ACD6B9L8	0.321557
A0ACD6B9M9	A0ACD6B9K7	0.270849
A0ACD6B9M9	A0ACD6B9L8	0.193123
P0AG99	P0AGA2	0.300062
P0AG99	P0AG96	0.224481
P60624	P68919	0.0449059
P60624	P0AG51	0.14309
P60624	P0A7V8	0.108056
P37277	Q55330	0.0243631
P37277	P09191	0.378981
P37277	P72986	0.0938977
P60709	P02281	5.38463
P60709	P62807	5.43941
P60709	Q9BQE9	17.6184
Q9BTE1	F2Z5G5	352.631
Q9BTE1	Q9NZ32	210.81
W5EP45	W5BZZ2	79.7863
W5FEZ3	Q8L806	75.4647
A0A2K3E6S5	P10898	0.196501
O19930	P12853	0
O19930	P18263	0
O19930	P59763	0
P37382	P87123	39.0004
P37382	P87306	1.22496
P62942	O60885	1.5963
P62942	P0AEX9	0.563038
P62942	P36897	418.716
Q8N122	Q13541	0.420974
Q8N122	P19484	0.546247
Q8N122	Q8TB45	0.753095
A9WEV4	A9WEV6	0.157021
A9WEV4	A9WEV2	0.0770994
A9WEV4	A9WEV3	0.128222
A0A410N6T9	A0A410N6S3	0.355971
A0A410N6T9	A0A410N6V5	0.1574
A0A410N6T9	A0A410N6Q7	0.38288
A0A410N6W3	A0A410N6V5	0.164396
B8YB62	B8YB55	0.609997
Q8LCQ4	Q9LVM2	0.106876
P60709	Q08AG7	9.4866
P60709	P62805	7.8045
P24279	Q03406	4.80964
P24279	Q12146	7.08847
P24279	P53091	10.0334
P53803	Q9Y535	141.641
P53803	P62487	143.261
Q9BUI4	P62875	152.112
Q9BUI4	P61218	0.660075
Q9BUI4	O14802	0.639892
P53969	P14693	0.142769
P53969	P23644	0.436479
P53969	P50110	0.159521
Q9FLM8	Q9LK40	0.647527
B6U534	A0A1D6HY75	0.230325
Q9P6Q0	P87306	0.513598
P13619	P02721	139.948
P13619	P13620	148.613
P13619	Q00361	78.9352
Q3ZBI7	P07926	0.04449
Q3ZBI7	P32876	0.0467799
Q3ZBI7	P00847	0.0642356
A0A2K3DHV6	A0A2K3CZ99	0.357066
A0A2K3DHV6	A0A2K3E633	0.336732
A8ISA4	A0A2K3CRM9	0.212203
A8ISA4	A0A2K3CZ99	0.191877
A8ISA4	A0A218N8A7	0.233763
Q7Z4L5	Q96FT9	0.317355
Q6YXR3	Q6YXK4	0
Q6YXR3	A9SL09	0.028373
Q6YXR3	Q8MFA2	0.0140403
P02721	P07926	86.7861
P02721	P32876	95.5899
Q28852	P00847	0.100954
Q28852	P19483	290.918
Q28852	Q00361	136.96
B8BRQ8	B8BYV4	0.172225
B8BRQ8	B8C770	0.15742
B8BRQ8	B8BU33	0.0854745
B8CEQ3	B8C0K4	0.0128179
Q75VY7	Q05093	0.0218035
G0S770	G0SED0	0.732311
G0S770	G0SH10	5.38532
G0S770	G0RYR4	1.00635
G0S7B2	G0SCB2	0.822998
G0S7B2	G0SED0	0.723219
A0A2K3CXW8	A8IJ60	0.48336
A8IXD6	P42380	0.209453
A0A1Z3HPE3	A0A1Z3HIQ7	0
A0A1Z3HPE3	A0A1Z3HHI7	0
A0A1Z3HS05	A0A1Z3HHI7	0.0395961
A0A1Z3HS05	A0A1Z3HRW4	0.0145872
Q9UBI1	Q86X83	0.689396
Q9UBI1	Q9GZQ3	5.43402
A0A0R4J8D5	F1SVC5	3.24854
A0A0R4J8D5	F1RY70	147.232
A0A0R4J8D5	F1RHJ1	162.568
I3L9H6	F1S8U4	3.76533
I3L9H6	A0A480JJI1	2.37135
I3L9H6	A0A8D0HMG9	118.959
A3M143	A3M145	2.01392
A3M143	A3M144	29.8298
P32842	P39111	45.2606
P32842	P32366	50.2535
P32842	P48836	36.3334
P01833	P60568	0.180089
P01833	P01591	0.222505
P01833	O33753	0.222753
P46964	P39007	0.133726
P46964	P33767	3.66787
P46964	Q02795	0.415949
G0S842	G0SED0	0.256882
G0S842	G0S770	0.536168
G0S842	G0SH10	0.485645
P21146	P30989	1.32308
P21146	P10824	121.148
P21146	P50148	187.429
P63212	P24530	213.798
P63212	P41143	321.255
P63212	P01215	19.5021
Q15369	Q9UK73	223.552
P0AC41	P69054	3.5381
P0AC44	P69054	0.206741
O43237	Q14204	0.928438
O43237	A0A4X1TB62	1.13771
O43237	A0A287B8J2	2.19063
P43034	Q14204	2.69941
A8HRZ4	Q8LK22	0.109007
A8IU42	A8JEU7	0.108683
A8IU42	A8JCW1	0.375307
Q8DIN9	Q9F1L5	0.369983
Q8DIN9	Q8DHJ2	0.0261649
P0C5R9	P32366	0.315533
P0C5R9	P53262	0.218735
P0C5R9	P32563	0.173613
A0A8F0WFC9	A0T0V0	0.0459056
B8C2K6	A0T0S1	0
B8C2K6	A0T0U5	0.0666121
B8C2K6	B8C0K3	0.0812062
P28000	P40992	0.722489
P28000	P40422	34.8896
P28000	Q04712	0.495625
P29056	P32910	10.9425
P29056	Q99315	0.613448
P29056	P22276	0.474158
A0QU24	A0QU26	1.29978
A0QU34	A0QU35	12.1189
D7P897	D7P7X5	0.215675
Q9LQ02	Q38859	0.841114
Q9LQ02	O82504	0.190581
Q9LQ02	Q39211	0.696005
P48729	P08708	4.83282
P48729	Q5JTH9	1.45768
P48729	P62263	9.53574
Q16531	P24941	3.77285
Q16531	P04908	1.83476
A0A5H1ZR95	H8PGG3	0.0542254
D7NIZ2	H8PGG3	0.153207
P05807	P68609	0.231199
P05807	P20636	0.235939
P68611	P68609	0.202604
P68611	P24757	0.17391
C4R3P8	F2QMI1	1.41018
C4R3P8	C4R2U9	8.46978
A0A0H3C9J4	A0A0H3CAV3	0.101067
A0A3Q7FJL7	A0A3Q7EMX2	69.2691
A0A3Q7FJL7	A0A3Q7JYM3	48.5007
A0A3Q7FJL7	A0A3Q7HBR5	87.0494
A0A3Q7IVL4	Q6SKP4	98.4486
A0A3Q7IVL4	A0A3Q7FTS1	102.523
A0A3Q7IVL4	A0A3Q7GDB0	4.56995
Q389F5	Q389W4	0.344972
Q389F5	Q57VS6	0.263364
Q38EL9	Q384B4	0.0902424
P31749	P42345	3.44287
P31749	P49841	64.3583
Q6R327	Q8TB45	0.380632
Q6R327	Q9BVC4	0.534594
Q6R327	P42345	0.325359
G2TRP5	Q9P7E0	0.15383
G2TRP5	P79010	0.0459901
O74988	O94705	0.0479236
O74988	P21534	2.64486
O74471	P14575	18.714
O94705	P07657	0.0469402
O94705	Q9P7E0	0.141641
O94705	Q9UTF6	0.0901478
Q9LKC7	F2D0D5	0.0568064
P56767	Q01667	0.0486223
P56767	Q9XI73	0.0915029
Q9C639	Q9S9N6	0.0648048
P9WH23	A0R049	0.119972
P9WH23	A0R1B6	0.15361
P9WH23	P9WLA7	0.176863
P9WP67	P9WP69	1.97236
P9WP67	P9WP71	13.5635
P9WP67	P9WP35	0.652762
A0A4V8GZZ2	A0A4V8H005	0
A0A4V8H000	A0A4V8GZZ9	0.0929836
P32914	P06897	0.0269231
P32914	P84233	8.95891
P32914	P27692	0.457501
P40422	P29055	17.721
P40422	P62799	0.35534
Q54VN6	Q9Y3A5	2.13559
Q54XI5	Q551M2	3.82301
Q54XI5	Q9Y3A5	4.67772
A0A1S3XP85	A0A140G1Q3	0.222218
A0A1S3XP85	A0A1S4D7C7	0.253316
A0A1S4CKK0	P38550	0.20728
A0A1S4CKK0	A0A1S3YXM6	0.368978
Q9SUI6	P56766	0.0223356
Q8DJZ6	Q9F1L5	0.0459544
Q8DJZ6	Q8DHA7	0.0562866
Q8DJZ6	Q8DHJ2	0
O96019	P02281	10.8439
O96019	P84233	20.301
P62807	Q9GZN1	2.65478
P30291	Q9Y297	5.9617
Q13617	Q15370	298.971
O77448	A0A0U8TRG9	0.544492
O77448	A0PGB2	0.447071
O77448	W7X6T2	0.624779
Q6JXI5	Q23AJ0	0.42743
Q6JXI5	D2CVN7	0.391797
Q6JXI5	A0PGB2	0.469617
A0A923J084	A0A923IZB8	0.180287
Q9HYR9	Q9I2U1	0.657347
Q9I2U0	Q9I2U1	59.496
Q8U0M5	Q8U0M2	1.79489
Q8U0M5	Q8U0M4	0.311809
A0AA96C3P8	A0A1S4D4H1	0.281339
A0AA96C3P8	A0A1S3YXM6	0.320258
A0A1B2U6N1	A0A1J7BSW7	0.0527361
A0A1B2U6N1	A0A1J7CKJ9	0.0114796
A0A1B2U6N1	A0A1J7CBV3	1.02483
A0A1M6QTP8	A0A1J7BSW7	0.138576
Q75VY7	P14225	0.0157325
A0A241XG65	A0A072ZDF7	0.0594806
A0A241XG65	A0A140S919	0.0747199
E2RXT8	E2RXT0	0.371431
A0A5H1ZR95	Q85JD5	0.0529837
P34113	Q54G86	76.1842
Q16531	Q13216	0.798219
Q16531	Q8N140	0.99818
Q16531	Q9NXF7	0.283739
P01591	P60568	0.396268
Q9SHE8	Q01667	0.0217983
P9WGG7	P9WGY7	0.283012
A0A2K1IB10	A9RT62	0.0272212
A0A2K1JKF2	A0A2K1IAD0	0.0379979
A0A2K1JKF2	Q6YXQ2	0
A9WEV6	A9WEV3	0.174903
A9WEV6	A9WEV2	0.0983851
O42978	O14352	129.713
O42978	Q9UUI1	136.522
Q9Y7M4	Q9UUI1	207.568
Q9Y7M4	O74483	185.464
Q9Y7M4	O94408	131.706
P43308	P51571	165.957
P61619	Q8N6L1	0.821877
P61619	P42766	347.601
P61619	P62891	243.033
Q9ZQS5	Q9TM47	0.124857
Q9ZQS5	Q76FB0	0.144659
A0A063XCG5	A0A063XFC1	0.495168
W8SY74	A0A2P6U0J1	0.0232283
P56767	P56769	0.0100012
Q8LCQ4	P56766	0.0138272
Q8LCQ4	P56752	0.0351653
B8YB54	B8YB60	0.859572
B8YB54	B8YB65	0.772199
B8YB58	B8YB55	0.413834
B8YB58	B8YB53	0.467528
P53507	P80967	0.223667
P53507	P23644	0.143885
Q9NPF4	Q9BXV9	160.31
P16522	Q08683	1.1889
P16522	P09798	7.21539
P16522	P40577	0.980002
Q12440	Q08683	0.432221
Q12440	P09798	0.329543
Q38CM0	Q57XX1	11.4682
Q38CM0	Q586H1	1.63866
Q57ZP0	Q57XX1	0.127496
P28000	P20434	49.5815
P28000	P50106	0.288527
I7LWE3	I7MM07	0.575455
I7LWE3	I7M6D6	0.663503
I7LWE3	Q229S1	0.600502
I7MLZ4	I7LT80	0.710738
I7MLZ4	I7MG46	0.666267
P13498	P04839	259.102
P13498	P14598	212.049
Q9BQA9	P04839	0.154592
B7GL98	B7GL82	0.132987
F1S3W0	A0A8D1LEN7	87.9266
F1S3W0	A0A4X1TWD8	106.499
P68036	P62987	106.211
Q15843	P62837	239.082
Q15843	A0A6P5C4T4	239.082
Q15843	P61081	249.447
P57743	P38203	151.877
P57743	Q06406	100.654
P57743	A6ZYX7	100.654
P14635	O00762	275.335
P14635	P24941	198.822
P14635	P50613	461.714
P61024	Q13309	163.751
P61024	P61201	0.419836
P61024	P62877	2.36556
P68694	P68608	0.182061
P68694	P20980	0.296275
P68694	P20504	0.270401
P0CI78	P12875	0
P0CI78	P26908	0.369884
P0CI78	O31742	1.68991
P70974	P42060	0.419896
P70974	P20278	0.789935
P70974	O31742	3.62303
E9NPX1	I0Z687	0
Q86VX2	Q9Y6G5	12.25
O97183	Q9VFB5	3.80444
O97183	Q9VC49	148.396
O97183	Q9VNZ3	93.8055
Q24320	P02283	11.0761
Q24320	P36958	111.374
Q24320	Q9VC49	77.5748
B3H6Z4	P26288	0.167888
B3H6Z4	A0A1B1W4Z0	0.166769
Q95695	Q37165	0.860764
A0A4V8H009	A0A4V8GZZ9	0.0458707
A0A4V8H009	A0A4V8H006	0.0901496
P14225	P09144	0.0167359
P14225	P12356	0.173755
Q32904	E1C9L1	0.0128741
A0A0G4HFQ7	A0A0G4I0G6	0.221602
A0A0G4HFQ7	A0A0G4FDJ8	0.257731
A0A0G4HFQ7	D9IXG0	0
A0A0G4HNB1	A0A0G4H6U3	0.23525
A0A0G4HNB1	A0A0G4GX86	0.0680926
P62656	P62664	0.03012
P62656	P62613	0
P62656	P62665	0.0298523
P62662	Q72L77	0.144411
P62662	Q72HR3	0.743566
P07703	P32786	1.53916
P07703	Q01080	3.15883
P07703	P47006	2.12926
P46678	P32910	0.321666
P46678	P22276	0.273902
A0A2K1IKE2	Q8MFA2	0.0187279
A0A2K1IKE2	Q6YXQ2	0
M9NUF0	M9NTK8	0.172747
M9NUF1	M9NTK8	0.159484
M9NUF1	M9NT01	0.28213
A0QU28	A0QU32	8.41322
A0QU28	A0QU30	0.192317
Q03124	Q07979	0.292071
Q03124	P25632	0.214316
Q03124	Q02206	0.391882
Q12406	Q05123	0.760059
Q12406	P84233	4.06766
Q12406	P62799	1.54247
Q24CL2	I7LWE3	0.553573
P02359	P0A7V3	0.519241
P02359	P0A7V8	0.158784
P02359	P40711	5.29665
P16687	P16678	0.369328
P16687	P16688	0.132095
B7IA15	A0A1V3DIZ9	0.235196
B7IA25	V5VBC2	0.138656
Q00560	Q15369	0.656946
Q00560	P08887	1.01986
Q00560	P05231	3.37505
F4J3N2	F4KF14	0.704405
F4J3N2	A8MPR5	0.636984
A0A8D1GCS3	Q7KZ85	1.24978
A0A8D1GCS3	Q6P1J9	129.116
I3LGP4	A0A287ADR4	0.981166
I3LGP4	A0A4X1VM56	1.14181
I3LGP4	O15514	1.18404
P07470	P00004	1.03357
P07470	P62894	1.04214
P07470	P00429	294.234
T1RJZ1	T1RIQ1	0.0166214
P0DP92	P0ADJ3	0.116452
P0DP92	P37659	0.18415
P0DP92	P0ADJ5	0.083873
P37652	P0ADJ5	0.276647
P37652	P37659	0.248941
C4LTS8	B1N316	25.9357
C4M5V7	B1N316	50.2146
Q9S7N7	Q9SHE8	0.101131
Q9SUI5	Q9SHE8	0.0611904
P32563	P22203	0.496439
P32563	P25515	0.356481
P32563	P32842	0.252882
P48011	P87123	39.8309
P48011	O13877	63.9852
A0QSG2	A0QV37	0.375683
A0QSG2	A0QSD0	0.132933
A0QVB8	A0QYY6	0.47419
A0QVB8	A0QS97	1.21422
E3UIU2	E3UIU3	0
E3UIU2	E3UIU1	0
E3UIU5	E3UIU1	0.0206234
B7GL82	B7GL96	0.13047
Q8DIN8	Q8DIQ0	0
Q8DIN8	P59087	0
Q8DIN8	Q9F1R6	0
Q8DJZ6	Q8DIQ1	0.0153767
Q8DJZ6	Q8DIN9	0.0918129
Q99832	P49368	609.187
C4QZ45	P62805	0.354369
C4R0E6	C4QZQ7	0.175825
C4R0E6	C4R3K1	8.32785
P0A988	P06710	0.318861
P0A988	P28630	0.341777
P0ABS8	P03007	0.0829543
A0A341UET3	Q5XUU9	107.278
W5BFB7	A0A3B6AYT7	51.0174
W5BFB7	A0A1D5UKZ4	51.0305
A0A0M3KL13	A0A0M3KL11	0.0883881
A0A0M3KL13	P10793	0
P16002	P09911	0.057047
A4VE64	I7M008	58.1001
Q13098	P62877	177.06
Q13098	Q13618	183.874
Q13098	Q13309	3.0377
A0QVB8	A0QSD7	0.272622
A0QVB8	A0QSD2	1.09144
A0QZ86	A0QSL5	0.0649537
Q980Q9	Q97ZX7	0.657986
Q980Q9	Q980A3	4.8744
Q980Q9	Q980R2	0.63125
P0A3C9	P0A423	0.0510204
P0A3C9	P0A420	0.124358
Q8DJ02	Q8DJD9	9.14638
Q8DJ02	Q8DL29	1.17852
Q8DJ02	Q8DL30	0.342159
A0QSE0	A0QSG3	0.0166203
P06996	P0C0V0	0.186396
P0ADV7	P64604	0.146272
P67775	Q6P9B9	3.45064
P67775	Q8WX92	15.8893
Q8N201	I3LCH3	2.71955
Q8N201	Q5TA45	1.91692
Q8N201	Q75QN2	0.345198
C4R009	F2QQ42	2.18736
C4R273	C4R1E6	2.21086
A0A3Q7I5D6	A0A3Q7J0J5	49.6277
A0A3Q7I5D6	A0A3Q7G7F0	65.0846
A0A3Q7I5D6	K4D3L7	82.5106
K4CYU9	A0A3Q7JDZ0	96.4731
K4CYU9	A0A3Q7G7F0	90.7559
K4CYU9	A0A1U7YEG5	114.721
Q4FZW5	A2RV69	0.524797
Q4FZW5	A0A1L8H1I9	0.823596
Q7ZX96	Q7ZYJ8	1.33097
Q7ZX96	Q6GNX0	1.34202
Q7ZX96	Q642R6	0.372337
A8ITV3	P59777	0
A0AAN0Y004	A0AAN0Y440	0.720827
A0AAN0Y004	A0AAN0Y138	0.199345
A0AAN0Y103	A0AAN0Y0L1	0
A0AAN0Y103	A0AAN0Y138	0.0416777
P9WPV1	P9WPU5	0.265534
P9WPV1	P9WPV5	0.383162
D0CG36	D0C9P7	0.169321
D0CG36	D0CD10	0.0409189
D0CG36	D0CCZ6	0.158058
P61992	Q8U0F0	2.86796
P61992	Q9UZL4	4.97756
P61992	Q8U011	4.6612
Q9UXZ3	Q9V1V5	14.8642
F2QMI1	F2QQ42	1.08036
F2QX94	C4R4Y0	0.970965
P11471	P06007	0.133488
P11471	P37255	0.173992
P11471	A8I846	0.0790059
P18263	Q93VE0	0
P18263	A8HY43	0.112689
P18263	P22666	0.0909091
Q8TZK1	Q8U440	0.477567
Q8TZK1	Q8U0M2	0.254573
Q8TZK1	Q8U0M4	0.39655
Q8DL30	Q8DL32	0.338293
P39656	P60059	0.92618
P39656	P04843	196.74
P39656	Q8TCJ2	0.220456
Q9NRP0	P84098	0.765751
Q9NRP0	Q9Y6X1	0.0522676
P58575	Q8YNB0	0.0633929
P58575	P58583	0.146844
A0A125YYJ5	A0A125YYV1	0.0433231
A0A125YYJ5	A0A125YZ21	0.0916132
A0A175JJM9	C4M979	5.61526
A0A175JJM9	P38654	81.2733
O15612	C4M549	39.5429
Q9H6D7	Q68CZ6	1.15074
Q9NVX0	Q68CZ6	190.039
Q9NVX0	Q9BT25	182.542
A0A1S3YPU3	A0A1S3ZSI0	0.401544
A0A1S3YPU3	A0A1S3X2G3	0.441775
A0A1S3YPU3	A0A1S3XP85	0.435581
A0AA96C3P8	A0A140G1Q3	0.25586
A0AA96C3P8	A0A1S4D7C7	0.297154
B2GUV5	Q6PCU2	60.5769
B2GUV5	A0A0G2K9J2	228.274
Q6P503	P50408	3.10311
Q6P503	Q5EB76	0.0434284
B0C5D5	B0C8F1	0.0704874
B0C5D5	B0C475	0.0308073
B0C5D5	B0C7S7	0
B0C7S4	B0C7S6	0.00909906
B0C7S4	B0C8F1	0.0581182
B0C7S4	B0C474	0.0244773
A0A287AEW0	Q06AT4	0.0275169
Q06AT5	A0A8D2A9I1	0.140014
Q06AT5	Q06AT4	0.0328494
B5YM25	B8CEQ3	0.0410955
B5YM25	B8C770	0.0771657
P0A800	P0A7K2	0.480247
P0A800	P0A7V0	0.383475
P0A800	P0AFF6	0.57094
P00128	P00424	1.70341
P00128	P04037	2.38725
P00128	P22289	7.93856
P40089	A6ZYX7	69.0878
A0A4V8H006	A0A4V8H003	0.0262502
Q9LK40	Q9FJ98	0.808737
P0A7R5	P0A7M9	0.0299584
P0A7R5	P68679	0.478053
P0A7R5	P0A780	0.0150171
F4JYR0	Q9C567	0.125229
Q9LTI0	P56786	0.182378
A0A0F6NGI2	P20121	0.0027248
A0A0F6NGI2	D5MAL3	0
Q32904	P05310	0.013634
P12356	Q75VY7	0.0924566
A0A0D3DUD8	A0A0D3AAT3	46.4732
A0A0D3DUD8	A0A0D3DTU3	0.617421
A0A0D3DUD8	A0A3P6GD79	10.3921
A0A2P6U4S6	A0A2P6TKF8	0.0684545
P01857	G0YP42	0.235771
P01857	P0CG48	4.01672
P29460	Q9NPF7	3.0852
P29460	P29459	198.243
P29460	Q99665	6.19152
A0A0M3KL12	Q9SQL2	0.0256906
A0A0M3KL12	Q41038	0.0234877
S7W617	S7UR33	0.144548
S7W617	S7UTB5	0.15171
M1UU36	Q85FS8	0
M1UU36	M1VFJ4	0.0659401
Q85FQ6	Q85FP8	0.101339
Q85FQ6	Q85FS9	0.0236486
P12464	O31718	0.0674374
P37870	P37871	0.32624
P37870	P20429	0.384451
A0A2K1KN29	A0A2K1J0L9	0.0216266
Q8MFA3	A0A2K1KGQ2	0.00865409
Q00959	Q05586	0.239193
Q00959	P35439	0.24812
Q00959	A0A1L8F5J9	0.258219
Q9R1M7	P35439	0.277579
A0A9R1JSD6	W5FWF5	93.1198
A0A9R1JSD6	A0A3B6SS17	2.69957
A0A9R1JSD6	A0A3B6LWE1	70.908
W5I1R7	W5AUH7	74.2635
Q00457	Q00456	0.115881
Q00457	Q00459	0.35252
Q00458	Q00456	0.0315357
Q00458	Q00460	0.0519605
P25789	P48556	202.7
P25789	P60896	0.417351
P25789	P62191	50.4664
A0QS96	A0R7F7	0.0719086
A0QSL5	A0QSG1	0.249828
A0QSL5	A0R150	0.0470125
Q2FW10	Q2FW06	0.0611166
Q2FW10	Q2FW19	0
Q2FW12	Q2FW06	0.163113
Q2FW15	Q2G2Q1	0.177967
Q2FW15	Q2FW10	0.0273613
Q2FW15	P0A0H0	0.0240792
Q2FZ25	Q2FW21	0.395506
P29469	P50874	3.27799
P29469	P06243	3.18121
P54790	P24279	0.932062
P54790	P38132	1.24956
P52434	P05423	135.48
P52434	Q9GZS1	134.047
P52434	Q15528	0.2451
Q13216	Q15843	4.70956
Q13216	P62837	36.6501
Q13619	Q9GZS3	19.1852
A0QNR3	A0QNR2	0.240257
A0QNR3	A0QNR7	0.375187
A0QNR3	A0QNR6	0.467063
A1Z8I0	Q9VF82	125.017
Q13889	Q01831	2.31864
Q13889	Q13888	200.78
Q6ZYL4	P29083	148.117
Q6ZYL4	P23025	36.9269
Q6ZYL4	P19447	153.039
C4R2U9	F2QPE6	8.87429
C4R2U9	C4QZ45	0.244966
A0QU30	A0QU32	5.99328
A0QU34	A0QU32	5.69748
D0CCZ6	D0CD10	0.991382
Q13619	P62878	316.857
Q96MF7	Q8IY18	0.71404
Q8U216	Q8U439	0.575485
Q6A5N1	A0A3E2DDM1	0.159916
Q6A5N1	Q6A7J7	0.741781
Q6A5N1	Q6A9B3	0.0775316
Q6A6P3	Q6A6N0	0.0552138
Q6A6P3	Q6A6N9	0.0121235
Q6A6P3	Q6A7J7	0.119517
C4R3Z5	C4R7L2	16.9546
P39656	P61803	170.496
P39656	P04844	0.252374
P61619	P84098	162.816
P61619	P62750	157.799
P59999	Q9WV32	94.7876
P59999	Q99JY9	152.467
Q9JM76	P61161	82.7017
O14352	O74483	155.995
Q9UUI1	O74483	150.927
O75818	O95059	173.184
O14241	Q92352	0.750019
O14241	P78774	60.1256
O14241	Q10316	14.8614
Q9Y7J4	Q10316	0.484006
Q9Y7J4	P78774	35.2775
Q9Y7J4	Q92352	49.1789
A0A481DF93	P63272	147.738
A0A481DF93	A0A7K6NXI9	144.168
A0A481DF93	A0A8W4F9W9	144.168
I3LSI7	I3LCH3	211.454
I3LSI7	P23193	155.678
I3LSI7	B7Z4W0	146.49
A0ACD6B9L6	A0ACD6B9N0	0
A0ACD6B9M4	A0ACD6B9M1	0
A0ACD6B9M4	A0ACD6B9M3	0.0306132
A0ACD6B9M4	A0A2W4Z125	0
Q5RKV6	Q8TF46	0.544261
Q5RKV6	Q01780	0.380317
Q5RKV6	Q9Y450	210.854
Q9Y2L1	Q9NPD3	0.329381
Q9Y2L1	Q15024	0.72839
Q9Y2L1	Q96B26	0.753979
Q2FW31	Q2FW18	0.343554
Q2FW31	Q2FXS8	0.425065
P55769	Q13523	9.15347
P55769	Q9BUQ8	36.1346
P55769	O43290	176.064
Q8NAV1	Q9NW64	7.66708
Q8NAV1	O43172	204.015
Q8NAV1	Q12874	6.24688
A0A2D0TCB9	A0A2D0TC99	0.299817
A0A2D0TCB9	A0A2D0TCB4	0.209265
P09542	P51667	12.7242
A9SL09	Q8MFA3	0.0178762
A0A1S3YU01	A0A1S3YPU3	0.383773
Q9NX08	Q9UBI1	2.41113
Q9Y6G5	Q9P000	183.138
Q9Y6G5	Q9GZQ3	182.978
Q9Y6G5	Q86X83	6.79919
Q32P79	Q3T0Q3	236.072
A0ACD6BA40	A0ACD6BA42	0.255367
A0ACD6BA45	A0ACD6BA44	0.248987
A0ACD6BA45	A0ACD6BA42	0.133711
A0ACD6BA45	A0ACD6BA46	0.153238
A0T0T5	A0T0S9	0
A0T0T5	A0T0W4	0
A0T0V1	A0T0S1	0
A0A9R0IP63	P11703	0.295495
A0A9R0IP63	P11704	0.256661
Q5JI52	Q5JE88	0.214894
Q5JJF4	Q5JJD0	17.4836
P56767	Q9SA56	0.0247703
Q9SYW8	P56752	0.174065
O43036	Q9P7X8	0.205517
Q92399	P87306	0.832749
Q9GZZ1	G1SKF7	0.94638
Q9GZZ1	Q9BXJ9	0.203349
Q9GZZ1	G1SGR6	0.0504287
Q9NX55	P41227	0.391173
Q9NX55	Q9BXJ9	0.294524
Q9NX55	Q13765	0.407034
P87306	O94376	0.517764
A0A0F6NGI2	P10793	0
A0A0F6NGI2	E1C9K8	0.0373376
O32231	P21470	0.122712
O32231	P21469	0.638623
O32231	P12878	0.609062
P21467	P12879	0.0505659
Q9NVH2	Q6P9B9	0.266644
Q9NVH2	Q68E01	0.374435
Q9NVH2	A0A481DF93	3.45019
P61161	P68134	429.623
P61161	P59999	185.532
Q75VY8	P59777	0.049255
P61165	P0C6T2	0
P61165	P04843	158.954
P61165	Q14165	0.562468
A0QU33	A0QU32	16.4065
F5HCP3	P16837	0.0551457
F5HCP3	P07204	0.0695896
P10176	P00423	0.982677
A3M145	A3M144	7.56011
Q9TM23	Q9TM46	0.0439242
P20637	P68610	0.160141
P68315	P68439	0.137127
P68315	P20979	0.0902731
P68315	P20635	0.0408898
O94376	O13964	0.703018
P36161	P52891	0.349197
Q04491	P35729	0.891535
A0QS96	A0QTK6	0.0517882
O31742	P20277	2.245
O31742	P46899	0.113043
O31742	P12875	0
O31743	P05647	0.204223
Q13617	Q92905	344.66
Q13617	Q15388	3.22687
Q13617	P62877	358.277
O14198	P37382	0.20298
Q9FLM8	F4JW79	0.597731
P51955	Q9UJX6	1.2837
P51955	P30260	14.2862
Q9BS18	Q9UJX2	3.18466
Q9BS18	Q9UM11	48.4052
Q9BS18	Q8NHZ8	122.044
O31718	P06224	0.290832
I7LX66	Q231A8	0.134822
I7LX66	Q22N23	0.260146
I7LX66	Q23DS4	0.229276
S7UR33	O20672	0.0490829
Q3UI43	Q5U5Q9	136.912
Q9VQY9	Q9V461	16.2436
P46678	P13393	3.40944
P46678	P40422	0.699447
P17987	P50991	642.544
Q8DJ01	Q8DL31	1.56122
Q8DJ01	Q8DMR6	1.89498
Q8DJ01	Q8DKZ3	0.452773
A0QU23	A0QU37	0.22941
F2QT92	F2R0J6	8.15669
A4VD15	Q23S05	0.718535
A4VD15	I7MDA9	0.698556
A0A1D8NEL0	B5FVD3	0.0837236
A0A1D8NEL0	Q9B6E8	5.87115
A0A1D8NGI5	Q6ZY23	0.255943
A0A1D8NGI5	F2Z673	0.255943
A0A1D8NGI5	F2Z619	0.867697
E3UIU5	E3UIU7	0
P12875	P20278	0.0161719
P12875	P05657	0.0124695
P12875	P55873	0.0217661
P09119	P54791	0.468573
P09119	P50874	1.0428
P09119	P32833	1.6564
P47112	P50874	0.199045
A0A4V8GZZ5	A0A4V8GZZ4	0.0708194
A0A4V8GZZ5	A0A4V8H009	0.303553
A0A4V8GZZ5	A0A4V8H005	0
A0QNR6	A0QNR2	0.226224
A0QNR6	A0QNR7	0.259425
Q9S7N7	P17227	0.0115625
Q9LQ02	Q9FJ98	0.482206
Q9LQ02	Q9M1A8	0.141681
P62010	Q8U0E7	17.1556
P62010	Q8U0E2	1.26578
Q9V1U8	Q9UZL4	5.28269
Q9V1U8	Q9V1V0	12.5155
Q9V1U8	Q9UY20	2.87904
A8ISA4	A0A2K3CY83	0.188579
P80372	P80374	0.0521051
P80372	Q5SLP6	0.585205
P80372	P0A7J7	0.578526
P80376	Q5SLP7	0.267628
P80376	P80374	0.114583
P80376	Q5SHQ5	0.0442626
A0A287BJQ2	A0A8D1NRT6	215.922
A0A287BJQ2	A0A287AAR5	0.247535
A0A287BJQ2	A0A8D1AAL8	5.15508
F1SJP6	A0A8D1TL60	129.871
F1SJP6	A0A4X1VTL7	102.199
F1SJP6	A0A8D1J578	104.028
P30153	Q9NVH2	2.69864
P30153	Q9H0H0	2.41862
P30153	F1RKE4	2.02181
Q5VSL9	Q9Y3A3	0.273968
Q5VSL9	P67775	4.89137
Q9SA56	P56769	0
Q9SUI5	Q9S831	0.0688004
Q9SUI5	Q9SY97	0.0543815
Q85FP8	Q85FY7	0.0146963
Q6GMX4	A7UPX0	0.180463
Q6GMX4	Q6GMX6	0.58789
Q8TCD0	Q2N0S6	0.130106
Q8TCD0	F5HET4	0.116733
Q8TCD0	P01857	0.278563
P0A8T7	P0A7R5	0.0771455
P0A9G4	P0A8V2	0.338494
P0A9G4	P00579	0.342082
H6LC29	H6LC30	0.286971
P87306	O13964	0.404246
Q32L40	Q3T084	690.081
Q32L40	Q2T9X2	625.826
Q32L40	Q3T0K2	758.568
Q3MHL7	Q2NKZ1	550.478
Q3MHL7	Q3ZBH0	687.541
Q3MHL7	Q2T9X2	719.378
P38874	Q02884	0.422153
P02612	P10587	0.685203
P48114	P48115	0.0165899
P48114	Q9T4W8	0.13013
P48116	P48185	0
P48116	Q9T4W8	0
A8IL32	A8IKC8	0.0106189
Q75VZ0	A8JCL6	0.122144
Q2FW06	Q2FW18	0.429736
Q2FW06	Q2FW17	1.15654
Q2FW06	Q2FW16	0.0565574
Q2FW07	P60430	6.07693
Q2FW07	Q2FW29	0.911738
Q2FW07	A0A0D1H2J5	1.8032
P39463	P11514	0.618149
P39463	P11513	0.858543
Q4JB12	P11513	0.335398
Q12834	Q9UJX2	69.4863
Q12834	Q13042	260.712
Q12834	Q9UJX6	4.41026
Q9UJX3	Q9UM13	180.698
A0A0M3KL11	P17227	0.055814
A0A0M3KL11	P05310	0.0301487
A0A4V8GZZ4	A0A1L2EDU0	0.0607215
A0A4V8GZZ4	A0A4V8H008	0.108585
A8J3C3	A8INX1	0.470296
A8J3C3	A8IL21	0.478119
B6TR16	B6SRI3	0.0317745
P0DOY9	P80382	0.0360672
P0DOY9	P80380	0.24248
P0DOY9	Q5SHN7	0
Q5SLQ0	Q5SHN3	0.0903926
Q5SLQ0	P80377	0.329906
Q4JQT4	Q4JQV5	0.114599
Q4JQT4	Q4JQT2	0.133885
Q4JQU1	Q4JQT2	0.208194
Q4JQU1	Q4JQX9	0.26837
C3SR52	P02413	0.0251295
C3SR52	P0AG55	0.250072
C3SR52	C3SIV2	0.0512107
W8T6F0	C3SRY2	0.0931298
W8T6F0	P60422	1.26032
E1C9L1	P20121	0.317115
Q2G113	Q2G0N1	0.40594
P9WGU5	P9WFZ7	0.143933
P9WGU5	P9WFZ9	0.261349
P9WQJ5	P9WFZ9	0.403786
P9WQJ5	P9WFZ7	0.25083
Q9RXJ1	Q9RXJ2	0.198767
Q9RXJ1	P49228	0.348551
Q9RXJ1	Q9RSK9	0.194426
Q9RXK0	Q9RSJ5	0.183212
Q9RXK0	P49228	0.230877
Q9RXK0	Q9RSL2	0.0393352
P0A7Z4	P0AG44	0.317402
P0A7Z4	P0A7R5	0.114764
P0A7Z4	P0A7X3	0.128688
A8IS47	P42380	0.153464
A0QSE0	A0R554	0.065331
A0QSE0	A0QVQ3	0
A0QSL7	A0QSD7	0.263121
A0QSL7	A0QVQ3	0.145676
D0FXZ0	D0FXW7	0
D0FXZ0	D0FXW0	0.00494442
P14794	P22685	7.70282
P14794	Q54J69	56.1949
P14794	Q54XI5	2.0482
Q54G86	Q9Y3A5	6.21
P53290	Q00582	55.4028
P53290	P38247	0.329568
Q3E830	Q00582	0.183785
Q3E830	P38247	0.0714403
Q586H1	Q582T1	0.176353
Q586H1	P24499	0.0762033
Q586H1	Q38C84	0.061138
P38801	P38792	2.87361
P38801	P53261	0.352973
Q08162	Q05636	0.304211
Q08162	P25359	0.199798
Q08162	Q08285	0.231585
P20248	Q9UJX2	151.86
P20248	Q9BS18	1.31453
P20248	P60006	0.307354
Q13309	Q13616	321.996
A0A5S8WF91	A0A5S8WF83	0.120652
A0A5S8WF91	A0A5S8WF90	0.177953
Q2FW11	P0A0F8	0.14126
Q2FW11	Q2FW13	0.168863
Q2FW11	Q2FW18	0.171513
Q2FW21	Q2FW08	0.240091
Q2FW21	Q2FW13	0.762914
Q2FW21	Q2FW22	0.205457
O94742	Q12250	0.626714
O94742	P21242	0.177434
O94742	P38886	0.714447
P30394	P19430	0
P30394	A8HPH1	0
P30394	P19431	0
P31556	P19430	0
P31556	A8HPC6	0
P31556	P19431	0
P38801	Q12149	0.609608
P48240	P53725	0.265935
P48240	Q05636	2.67753
I7LT80	Q229S1	0.841122
I7LT80	Q23BW0	1.24171
I7MDA9	Q23S05	0.468461
A0QZ86	A0QYY6	0.347381
A0QZ86	A0QS97	0.122317
C4R3P8	C4QZ45	4.49002
P39682	P40204	7.16367
P39682	P54999	5.73762
P39682	Q12330	7.82718
Q00916	Q03776	0.715214
Q00916	P53207	0.780446
A0A0D9RML3	A0A0D9RJ49	107.115
A0A0D9RML3	A0A2K5HV75	107.262
P07257	P00424	0.35882
P07257	P00128	0.156646
P07257	P22289	0.167531
Q6NLH0	Q9LQ02	1.59354
P50110	P14693	0.1324
P50110	P23644	0.178152
I7LWE3	Q23YW7	0.926024
I7LWE3	Q24DJ0	0.708021
I7LWE3	I7LT80	0.885269
P46977	P61803	0.428381
P46977	P60059	0.371527
P46977	Q9NRP0	2.10369
P51571	Q9UNL2	167.56
P51571	P04844	178.364
P87108	P47045	0.391146
Q4JQV5	Q4JQT2	0.189015
O53830	P9WGY7	0.319355
A0A379PL53	A0A379PIR4	0.127233
A0A2L1C9H0	G0H3B1	0.286317
A0A2L1C9H0	A0A2L1CBB0	0.281967
A0A2L1C9H0	A0A7J9PIK9	0.293105
A0A2L1CAX0	A0A2L1CBB0	0.404149
A0A2L1CAX0	A0A7J9PIK9	0.405576
A0A2L1CAX0	G0H3B1	0.337569
A0A2K3DHV6	A0A218N8A7	0.325719
A0A2K3DHV6	Q32065	0.329757
Q5SJG6	Q8RQE9	0.420711
Q8RQE7	Q5SKW1	0.387229
Q8RQE7	Q9Z9H6	0.27712
Q8RQE7	Q5SHR6	0.27712
Q8DJ43	Q8DHJ2	0
Q8DJ43	Q8DIQ1	0.166162
Q8DLJ8	Q8DIN9	0.356513
A0A6S8PC30	K7NVH8	0.0872497
A0A6S8PC30	A0A7S3VQN8	0.0653776
A0A6S8PC30	A0A7S3VNZ8	0.201614
A0A7S3R9S7	A0A7S3VNZ8	0.0457346
A0A7S3R9S7	A0A7S3VQN8	0.0276655
A0A7S3R9S7	K7NRF9	0
P61163	Q13561	314.719
P61163	P47756	333.306
Q9UJW0	P60709	183.954
Q9UJW0	Q9NZ32	209.114
A0A2K3DWM2	P07753	0.0824948
A0A2K3DWM2	P48268	0.0672128
A0A2K3DWM2	P22666	0.0666204
P59763	A8I846	0
P59763	P92277	0
P59763	Q93VE0	0
P63167	P16455	3.3697
P63167	O43237	163.271
P63167	Q14204	2.17845
G0SH09	G0S3J8	0.568027
G0SH09	G0SEM4	1.32652
G0SH09	G0S292	0.382541
A1B494	A1B487	23.3405
A1B494	A1B1M0	19.2822
A1B494	A1B489	30.5994
A1B495	A1B482	1.77655
A1B495	A1B1M0	0.397893
A1B495	A1B498	27.3734
P26288	P56752	1.77315
P26288	A0A1B1W4Z4	0.383148
Q94AQ8	Q9LU21	0.0930809
A7NJ87	A7NJ90	0.0862141
A7NJ87	A7NJ91	0.206887
A7NJ92	A7NJ90	0.127466
A0A4V8GZZ9	A0A4V8H003	0.021683
Q8DJ02	Q8DL31	1.75746
O43402	Q8N766	0.296125
O43402	Q9BVK8	0.057483
Q5JPE7	Q9P0I2	1.38508
Q5JPE7	Q5J8M3	1.1757
O60826	Q8N668	183.871
O60826	Q7Z4G1	28.1611
O60826	Q9UBI1	214.583
Q9UBQ0	Q96QK1	193.642
Q9UBQ0	Q5ZT54	1.00796
Q9UBQ0	Q7Z3J2	2.22222
P0A3C9	Q8DMU4	0.121429
P0A3C9	Q8DL31	0.0538317
Q8DJU2	Q8DJD9	0.157716
Q8DJU2	Q8DL30	0.126333
P41208	Q6ZYL4	1.3689
P41208	P19447	3.89071
P41208	Q01831	1.63272
Q13888	P19447	201.772
Q13888	P23025	2.17772
Q13888	Q00403	191.785
O94408	O74483	196.956
P08525	P00128	1.25289
P93313	P29388	4.46436
P93313	Q9SIQ8	0.191663
P93313	P92558	10.7796
Q8LGE7	B5TM92	10.4732
Q8LGE7	P29388	4.1093
Q8LGE7	O05000	0.691421
O64725	Q945M1	0.0937797
O64725	P29388	0.0850149
O64725	B5TM94	0.0787037
Q9FGK0	Q945M1	0.147556
Q9FGK0	B5TM94	0.762942
Q9FGK0	P29388	0.761734
Q9LD28	O23629	81.2534
Q9C567	F4J3N2	0.264479
Q9C567	P56786	0.222559
Q9SAJ3	Q9M0I6	0.167964
Q9SAJ3	P56786	0.372829
P32481	P32911	81.6326
P32481	P26783	104.059
P32502	P20459	24.9531
P32502	P32501	11.2187
P32502	P14741	2.12471
Q969U7	P28066	0.108748
Q969U7	P25787	0.634259
Q6A6L4	Q6A6P3	0.127937
Q6A6L4	Q6A6N9	0.425494
Q6A6L4	Q6A6P0	0.0344729
Q6A6M5	Q6A6N9	0.0859462
Q6A6M5	Q6A6P3	0.0559043
W8SY74	A0A2P6U4S6	0.0136884
W8SY74	A0A2P6TC44	0.018198
E1C9L0	Q9SQL2	0
E1C9L0	Q41038	0.0130112
A0A1S3TZB2	A0A1S3V319	0.240658
P21471	P21470	0.00527903
P21471	P21474	0.807081
P21477	P12874	0.120167
P21477	P21474	0.0564394
P30260	P14635	17.9608
P30260	Q9BS18	0.844791
Q9UKT4	Q9UJX4	0.207719
Q9UKT4	Q8NHZ8	154.352
G0S755	P0CT46	1.02263
G0S755	G0RZX8	20.3279
G0SE33	G0RZG4	1.48346
E3UIU2	E3UIU0	0
E3UIU6	E3UIU1	0.0112019
A0A2K1J0L9	A0A2K1K0E4	0.0187293
A0A2K1J0L9	Q8MFA3	0.0344986
Q6YXR3	Q6YXM2	0
Q9V0V6	Q9V0G8	9.71288
Q9V0V6	Q9V0G0	10.1172
Q9V0V6	P62010	10.9867
Q9V109	Q9V1A0	11.7731
Q9V109	Q9V0G8	14.4852
Q9V109	Q9V195	1.65819
O95376	Q93034	11.3609
Q15843	Q9Y4X5	31.8614
O60925	Q99471	156.313
Q99832	P48643	626.711
E1C9K6	P12355	0.00994318
P16002	A0A0F6NFW5	0.0186581
Q6D0W8	Q6D0W7	0.170378
A0ACD6B9M2	A0ACD6B9N0	0.139744
A0ACD6B9M2	A0ACD6B9L2	0.117116
A0ACD6B9M4	A0ACD6B9K6	0
A0T0V1	B8C0K4	0.00913132
A0A1B2U0C6	A5FJG9	0.00669601
A0A1B2U0I9	A5FJG9	0.0983342
E1C9K7	P20120	0
Q9VFB5	Q9VC49	132.986
Q9VFB5	P04052	1.89409
Q9VFB5	P08266	1.51865
Q9VNZ3	Q9VC49	86.3553
Q9VNZ3	Q24320	0.120805
Q9VNZ3	P84051	2.79157
P42285	Q9NPD3	0.354044
P42285	Q13868	0.426965
P42285	Q99547	0.400228
Q9NV88	O00267	1.57573
Q9NV88	P24928	0.541442
P12824	P16832	0.201453
P12824	P16234	0.260879
P16750	P16832	0.14769
A0A1C8XRM6	A0A9J4RF13	0.141898
A0A1C8XRM6	A0A7S3QTM3	0.16794
A0A1C8XRM6	A0A9J4RF14	0.176818
D0FXX2	D0FXY3	0.0561633
D0FXX2	A0A9J4RF15	0.0380435
D0FXX2	D0FY13	0
G0RZX8	G0SE33	10.3868
P0CT46	G0S9A0	2.26146
P0CT46	G0S1P1	1.07212
P32876	P01096	3.07906
P32876	P00847	214.739
Q00361	P07926	0.0950458
Q32PE0	Q3T0Q3	153.518
Q32PE0	A5PJW8	1.42913
Q3ZBC0	Q3T0Q3	163.975
C4M5B7	C4LXM0	91.6438
C4M5B7	C4M979	68.6749
Q9BT78	Q13309	2.4867
P14854	P13073	58.6162
P15954	P00403	141.255
P15954	P20674	131.88
Q9UY20	P62012	7.16739
Q9UY20	Q9V1V5	3.00702
Q9UY20	Q9V1V0	9.39479
Q9UZL4	Q9V1U5	6.61292
Q9UZL4	G8ZFK7	0.154231
A0A3Q7HBR5	A0A3Q7EMX2	92.7942
A0A3Q7IVL4	A0A3Q7EMX2	88.6168
A0A3Q7IVL4	A0A3Q7JYM3	54.4254
A0A3Q7IVL4	A0A3Q7HQH0	109.521
O75140	Q0VGL1	0.580591
O75140	Q9UHA4	0.598535
O75140	Q7L523	0.353586
Q9Y2Q5	O43504	0.161407
Q9Y2Q5	Q0VGL1	138.858
Q9Y2Q5	Q13541	0.234305
P32613	P38334	1.25011
P32613	Q03660	0.37817
P32613	Q99394	1.06785
Q03630	P36149	19.7321
Q03630	P38334	14.7626
Q03630	Q03784	9.32997
A0A3Q7I881	P29766	106.175
P49215	A0A3Q7FTS1	86.6385
P43307	P60059	0.246401
P46977	Q8N6L1	181.93
P46977	P62750	0.609738
A0A140S919	E2RXT0	0.0911259
A5FJM7	A5FLT3	0.251353
A5FJM7	A5FLS4	0.245212
A5FJM7	A0A1M5NVC3	0.168337
P36873	Q15435	269.53
P36873	Q14CS0	8.47023
P55072	P62987	3.7279
P55072	Q9BQE4	1.09201
Q9Y265	Q9H9F9	212.901
Q9Y265	O43257	180.134
Q9Y265	Q9C086	196.779
P56751	P56767	0.048297
P56751	P26289	1.04835
P56751	P56755	2.73164
Q9FG89	B3H6Z4	0.125073
P61758	Q99471	169.344
Q9UZL4	Q9UYS3	8.2909
Q9V1V0	P61994	33.9744
Q9V1V0	P62010	28.514
P29056	P40422	17.44
P29056	P04051	0.425493
P35718	P40422	22.254
P35718	P17890	1.41222
P0A800	P0AFG0	0.344424
P0AFW0	B7MGC4	1.62104
P0AFW0	P0A7Q1	0.374264
P27694	P04637	198.664
P27694	P23025	201.073
Q13888	P29083	195.389
Q13888	O00268	1.27507
Q13888	Q92759	199.161
Q6YXM2	A0A2K1K0E4	0
P28778	P38120	0.517162
P28778	P38175	0.43257
P28778	P32611	0.770662
P20504	P68608	0.35843
P20504	P20980	0.349957
P20504	P68439	0.333822
Q83E83	Q83ER7	0.600837
Q83EQ9	B6J260	1.41418
P30153	A0A4X1TRS6	0.544699
Q9Y570	P67775	3.80622
Q96HW7	P30153	1.265
B8BUW3	A0T0W4	0.0095876
A0A2P6THB2	A0A2P6TZI8	0.241154
A0A1M6QGN9	A0A1B2U0J7	0.27477
P60059	P42766	134.325
P60059	P60468	0.157016
P24361	P16710	0.255818
P17227	A0A0M3KL13	0
D5MAL3	A0A0M3KL10	0
Q96HW7	Q9NV88	0.558668
Q96HW7	Q5TA45	1.06918
C3SQS2	C3SQY7	0.720162
C3TRH7	P0A7W1	0.00977356
C3TRH7	C3SSQ7	0.484954
C3TRH7	A0A6I7DAD8	0.299984
T1RJY1	T1RIT2	0
T1RJY1	T1RJP7	0
Q85FP8	M1VFJ4	0.00658986
P05311	A0A0M3KL11	0.0395729
P05311	A0A0M3KL10	0.0366788
P14854	P00403	164.359
P20674	P00403	174.798
Q9VJE4	Q9VC49	150.482
Q9VJE4	Q24320	170.379
Q9VJE4	P84051	2.34491
A0A3Q7FTS1	K4B4Z0	87.4486
A0A3Q7JYM3	K4B4Z0	52.5811
A0A2K1JDE1	A0A2K1K0E4	0.0215535
A0A2K1JDE1	A9RT62	0.0172432
A0A2K1JDE1	Q8MFA3	0.032213
Q6YXK4	Q6YXM2	0
Q93077	Q71F23	6.70212
Q93077	P54274	19.5563
Q93077	O43257	94.1038
Q9NQT4	Q8TF46	0.616032
Q9NQT4	Q9Y450	225.68
Q9NQT4	P63220	2.42769
O74544	Q9Y7J2	6.44994
O74544	G2TRJ4	0.204693
O57204	Q76ZQ8	0.287116
O57204	P68314	0.146659
O57204	P04318	0.331021
Q76ZS0	Q76ZP7	0.192472
Q76ZS0	O57233	0.181509
P07839	P59777	0.0141309
A0A1Z3HRW4	A0A1Z3HPE3	0
A0A1Z3HRW4	A0A1Z3HHI7	0.00754922
Q96MG8	Q15370	8.43415
Q96MG8	Q15369	7.06768
Q96MG8	Q93034	20.2085
P52657	P85421	0
P52657	P02281	3.51544
P52657	P52655	41.2632
Q15545	Q16594	239.763
Q15545	Q15542	336.816
Q15545	P21675	1.04011
Q5E9B8	O00267	2.46161
I7MHB1	Q1HGH8	0.331397
Q22A67	Q22MV2	0.835281
Q22A67	Q1HGH9	0.50008
Q22A67	Q22R86	0.973258
P32366	P39111	34.0838
P32366	B3LJG1	0.264269
P32366	P48836	11.8184
Q75VY7	P59777	0
P00166	P69461	0.0119932
P00166	P00165	0.107442
P00166	Q8GT36	0.350667
P03928	P56134	0.0685232
P03928	P56385	0.385124
P03928	P56378	112.662
P05496	P30049	0.118566
P05496	P18859	92.864
P05496	P56378	79.8679
P20986	P21087	0.158345
P20986	P20504	0.285778
P20986	P68694	0.215057
P68608	P20980	0.286204
P68608	P21034	0.368306
Q86WV5	P0AEX9	0.15402
Q86WV5	Q2NKJ3	0.629503
Q86WV5	P49642	0.140496
Q9NUX5	B6F2F5	0.669259
Q9NUX5	O14746	0.485129
Q9NUX5	Q96AP0	186.904
G2TRP5	P07657	0.13089
G2TRP5	P14575	0.181904
O74471	Q9P3B2	0.785283
Q6YXQ2	A9RT62	0
B6SZT9	B6SQZ7	0.0783767
Q8N140	Q8IY18	0.53103
P02293	P53298	4.21838
P02293	P62799	207.013
P02293	P62798	207.013
Q12509	P38326	0.438371
A0R550	A0QSG5	0.367662
A0R550	A0R150	0.912691
P37256	A8I846	0
P37256	P59763	0
P37256	P92277	0.301708
P12074	P13073	40.9902
D0VX28	D0VX29	6.37701
D0VX28	D0VX32	86.4725
D0VX28	F1NC51	0.0749895
D0VX31	D0VX29	145.466
D0VX31	D0VX32	112.609
D0VX31	P18946	145.249
E1C9K8	A0A0M3KL10	0.0351852
Q8CJT1	P25941	0.285116
P04439	P01732	289.466
P04439	P68979	1.32648
P04439	P09713	0.231087
P07766	P0DTU4	1.01695
P07766	P20963	190.383
P07766	P04234	255.509
P00165	P69461	0.046763
P00165	Q8GT36	0.11646
A0A7S3R4R1	A0A7S3VSS7	0.00555813
A0A7S3R4R1	K7NU68	0.0313512
A0A7S3VHS4	A0A7S3VSS7	0.0118801
A0A7S3VHS4	K7NRF9	0
A0A7S3VHS4	A0A7S3VQN8	0.0327925
Q9SUI4	P56768	0
Q9SYW8	Q9SY97	0.0506834
P18183	Q9L0L0	0.463614
A0A125YW19	S7W9J5	0.0555441
P20433	P32914	14.7046
P20433	Q3E7C1	0.598165
P20433	P20435	3.47459
P36053	P08518	0.106874
P36053	P04050	0.120994
P36053	P27692	0.143017
P09144	Q05093	0.0164757
A0A0G4GX71	A0A0G4I0G6	0.0709119
A0A0G4GX71	A0A0G4FDJ8	0.149498
A0A0G4GX71	D9IXG0	0
A0A1S3YXM6	A0A140G1Q3	0.242223
P06269	A0A1S3ZSI0	0.278042
P06269	A0A1S3XP85	0.390394
P06269	A0A1S3X2G3	0.425963
P9WPS1	P9WPU7	3.25361
P9WPS1	P9WPU9	1.21708
P9WPV3	P9WPU5	2.15623
Q7Z4G1	Q86VX2	5.38876
Q9UBI1	Q567U6	0.507644
P21087	P20504	0.266193
P21087	P68439	0.149034
A0A6C0M5W1	F4JF21	0.217208
A0A6C0M5W1	A0A6C0M829	0.260691
P83794	P83795	0.0256634
P83794	P83792	2.52982
P83794	P83791	4.31781
P83796	P83798	0.382266
P83796	P83792	0.0255357
P83796	P83791	0.009701
Q75VZ0	Q9ZSJ4	0.0504579
G0S9A0	G0S755	30.4431
G0S9A0	G0RZX8	11.019
Q9TM23	Q9TLX0	0.441026
P80377	Q5SHP6	0.550044
P80377	Q8RR57	0.106151
Q5SJH3	P17291	3.18349
Q5SJH3	Q5SIH3	0
P12357	A0A9R0J8B1	0.18935
P12357	P17227	0
Q41385	P17227	0
Q41385	P17228	0
Q41385	P22179	0.127283
P02309	P54784	2.05565
P02309	Q12748	2.14771
P02309	Q12488	1.5871
Q13352	Q6IPU0	165.493
Q13352	A8MT69	0.294274
Q13352	Q96BT3	167.567
Q9H3R5	Q9BS16	1.90261
Q9H3R5	Q7L2Z9	176.941
Q9H3R5	Q9BU64	182.456
Q381A0	Q57XL7	0.140074
Q381A0	Q586X1	0.158997
P48643	P07437	643.176
P48643	Q13885	622.921
G2TRJ4	P08515	0.0397161
A0ACD6B8Q3	Q8DJU2	0.0998485
A0ACD6B8Q3	Q8DLN5	0.0153563
A0ACD6B8Q3	Q8DKX9	0.0284091
A0ACD6B8Q4	Q8DKY0	0.737492
A0ACD6B8Q4	Q8DKX9	0.160129
P48151	C4M7H3	32.6123
P48151	C4M0C6	32.1637
P48151	C4M9F4	0.735625
O43257	P06897	94.0588
O43257	P62805	2.71233
O43257	P62799	2.71233
Q8U0M5	Q8U0E8	0.977286
P41910	P32349	0.405327
P41910	P22276	0.288903
B7IA33	B7IA22	0.106085
B7IA33	B7IA26	1.06836
F4J3N2	P56786	0.381574
Q12277	P53725	0.254453
P07703	Q04712	0.732574
P07703	P28000	68.4082
P41910	P32910	1.75402
P49215	A0A3Q7H1U4	4.27766
P49215	A0A1U7YEG5	83.9063
Q76ZQ8	P68314	0.00687185
Q76ZQ8	P68609	0.202604
P15927	P35244	81.1674
P15927	P23025	90.9878
P15927	P07992	173.081
Q13888	P32780	201.106
Q13888	Q6P1X5	1.88948
P25787	P62191	72.7721
P25787	P51665	58.5349
P25787	Q06323	252.459
P49642	P09884	0.285332
P49642	Q9HAW4	0.264323
Q9BVW5	Q14691	180.839
Q9BVW5	Q9BRT9	181.692
P60059	Q9NRP0	0.134524
P60059	P62750	118.406
P58565	P58566	0.0210404
P58565	Q8YNB0	0.00590418
Q8MFA2	A0A2K1KIF2	0.0111232
I0Z2Y0	E9NPZ7	0.12915
P30665	P54791	6.79717
P30665	P32833	6.80507
P30665	P29496	21.9966
Q00916	P40018	12.107
Q00916	P40204	12.4246
P20248	Q13042	138.583
P20248	P28749	1.29871
Q9UJX4	Q9NYG5	187.427
Q9UJX4	Q96DE5	168.86
Q9C1J0	Q07335	0.840113
Q9C1J1	Q07335	0.520238
G0S3J8	G0SGT8	0.450096
G0S3J8	G0SEM4	0.730425
G0S3J8	G0S292	0.962357
G0S8E0	G0SGT8	0.757538
Q95695	Q2V2S7	0.341721
Q3T084	Q2T9X2	694.067
Q3T084	Q3MHL7	772.982
Q3T0K2	Q3MHL7	872.916
Q3T0K2	Q2T9X2	636.268
A0A6C0M5W1	Q9XQN8	0.303214
Q980A3	Q980Z8	9.10185
Q980A3	Q97ZX7	3.42986
P11514	P39472	2.56161
Q53H12	Q9Y5J6	181.76
Q2FKZ2	Q2FME3	0.17499
Q2FKZ4	Q2FRL8	0.179124
Q2FKZ4	Q2FRM0	0.141828
Q2FKZ4	Q2FKZ5	0.0466918
A4VE64	Q23FU1	9.79236
A4VEB3	Q24CE5	16.4329
A4VEB3	W7XJB1	4.09879
P28000	P36070	5.0002
Q1HFX4	Q22A67	0.435304
Q1HFX4	Q1HFX0	0.952386
Q1HGH8	Q22R86	15.1853
Q1HGH8	A4VEB3	15.9363
P56767	Q9SHE8	0.051543
Q9SY97	P05310	0.0215044
Q1HFV9	A4VEB3	21.8019
P0ABA6	P0A6E6	2.54611
A0A0G4FL36	A0A0G4I0G6	0.0878155
A0A0G4FL36	A0A0G4HRT4	0.109167
A0A0G4GX86	D9IXG0	0
Q9Y6G5	Q9UBI1	12.4989
Q1HFX1	Q1HFV9	47.7321
Q1HFX1	W7XJB1	9.17834
Q9Y230	Q9H9F9	100.852
Q9Y230	O43257	84.7328
Q9Y230	Q9C086	92.3236
P58564	P0A410	0
P58564	P58566	0.125416
P49368	P07437	533.707
P49368	P50991	646.96
P49368	O14775	254.174
Q13885	P50991	511.616
Q13885	P17987	508.35
P0DP23	P68106	0.873167
P0DP23	P01500	0
P0DP23	Q92913	0.0694973
Q9P2D8	B1AL88	0.152477
A0A0H2UKZ4	P05310	0.010285
E1C9L1	A0A0M3KL12	0.0291603
O65101	B6STT2	0.0960216
Q8DMR6	Q8DL31	0.878542
O60566	Q9UJX2	2.58479
O60566	Q12834	4.4176
O60566	Q9UJX6	0.330132
Q13042	Q9UJX6	1.49003
Q13042	Q9NYG5	140.106
P30980	P62596	0
A0T0V0	B8C770	0.172555
A0T0V0	B8C0K4	0.0567701
B8BUW3	B8C2K6	0.120541
A0A6C0M5W0	A0A6C0M829	0.21118
O15631	B1N316	45.08
O15631	C4M9F4	26.5674
Q6IAA8	Q13541	0.442468
Q6IAA8	Q15382	0.648157
Q6IAA8	Q0VGL1	142.625
Q8N122	Q9UHA4	0.619754
Q8N122	Q0VGL1	0.161593
Q8N122	P42345	0.350605
P09218	P00845	0.0302288
P09218	P09221	0.154715
P09222	P07678	1.97862
P09222	P00845	3.74665
P09222	P09221	0.26168
Q8SDD2	Q8SD64	0.179584
Q8SDD2	Q8SD63	0.193921
P30980	A0A1D6HY75	0
P30980	B6SRI3	0.0292593
P04038	P62894	0.102574
P04038	P00429	186.802
P04038	A0A8D0K655	0.173611
Q22R86	W7XJB1	0.702378
Q22R86	Q23FU1	9.03497
P04052	Q7JZF5	1.95828
Q9VJE4	P36958	140.055
Q9VJE4	Q6IGE3	113.882
P42285	Q9NQT5	0.243263
Q06265	Q15477	1.68823
Q06265	Q8TF46	0.920902
Q06265	Q9Y450	205.582
P14867	P47869	1351.1
P14867	P18507	1605.73
P14867	P18505	1427.33
P34903	P18507	1449.81
P34903	P47870	1299.12
P13806	Q13936	0.266294
Q35914	Q35915	0.624554
Q35914	P13618	0.636096
Q35914	A0A4X1TQQ5	0
Q95339	A0A8D1XYK3	146.211
Q95339	P80021	148.338
Q95339	F1SAK7	0.33451
Q8U0E8	Q8U0E4	19.8003
Q980R2	Q97ZX7	0.571307
Q8U0E4	Q8U0M4	0.720247
Q8U439	Q8U0E8	0.946626
Q8U439	Q8TZI3	0.67876
O00762	Q13042	440.398
O00762	P30260	36.1793
O00762	Q9NYG5	397.645
Q9UJX4	Q9BS18	154.507
Q9UJX4	Q9UM13	188.56
A6VF36	A6VF38	0.383129
A6VF36	A6VF32	1.08244
A6VF36	A6VF34	2.496
P38786	P28005	0.219002
P38786	P53218	0.31773
P38786	P41812	0.238748
P40571	P53833	0.143198
Q03630	Q99394	7.2665
Q03660	P38334	0.506808
Q03660	Q03784	0.423174
P0AFD1	P0AFC3	5.02164
P0AFD1	P31979	17.1257
P0AFD1	P0AFC7	20.0413
P33607	P0AFC7	11.2809
P33607	P0AFC3	0.209186
P33607	P0AFE8	3.55072
B7IA26	V5VBA5	0.0409189
P56288	P56287	0.648391
Q9USP0	P56287	26.9029
Q9USP0	P20459	45.8143
A0A3Q7EMX2	A0A3Q7ITW7	55.6442
A0A3Q7EMX2	A0A3Q7F3F2	86.4417
A0A3Q7EMX2	A0A3Q7FTS1	87.204
A0A3Q7F5X2	K4B4Z0	71.8196
A0A3Q7F5X2	A0A3Q7HBR5	0.436615
A8ISA4	A0A2K3DLF7	0.238061
A8ISA4	Q32065	0.236444
P36886	A1E9J0	0.0180336
P36886	S4Z289	0.0180336
Q8U439	Q8U0M2	2.91915
G2LK98	G2LEN5	0
P26289	A0A1B1W4Z0	0.488475
P26289	A0A1B1W4Z4	0.494527
A0A4V8GZZ3	A0A4V8H009	0
B1H1T5	A0JPI0	0.589977
B1H1T5	Q6INL9	35.6578
A8HPD0	A8HPD7	0.0405836
A8HPD0	P19430	0.0155943
P30394	A8HPE4	0
Q8SD18	Q8SDD3	0.144139
Q8SD64	Q8SD63	0.14473
Q8SD64	Q8SDD3	0.14938
P0A7Z4	A0A377D9Q8	0.373056
P0A7Z4	P0AA10	0.508177
P0A7Z4	P0A7U3	0.0985199
P0AGB3	P0A8V2	0.45957
P0AGB3	P0A8T7	0.410238
Q9UJX3	Q8NHZ8	154.503
Q9UJX6	Q9UJX2	1.24372
Q9UJX6	P0CG48	6.20341
P14575	P79010	11.2071
P14575	O94581	40.1964
Q83EQ4	Q83ES8	0.842932
Q83EQ4	Q83FC0	0.152028
Q83EQ9	O85388	0.0900199
Q38EL9	Q389W4	0.225523
Q38EL9	Q57VS6	0.193174
Q57WL2	Q585T1	0.32768
Q57WL2	Q389P7	0.372116
A0AAN0XZY2	A0AAN0Y0L1	0.0519802
G3MXC8	A7MB62	91.2869
G3MXC8	Q58CQ2	155.692
P61157	Q3SYX9	100.917
P61157	Q7Z6K5	1.70121
Q9HB90	Q7L523	165.684
Q9HB90	P08515	0.674726
Q9HB90	O43504	128.422
P38550	P06271	0.293573
P46678	P29056	0.572981
A0QVQ3	A0QSD5	0.0340703
O66842	O66841	19.2567
O66842	O66748	6.81952
O67335	O67337	8.61675
O67335	O66841	3.88919
O67335	O67334	7.09614
C3SR57	C3SRY2	0.36452
C3SR57	C3SFP7	0.780568
C3SR57	A0A0E2KXL3	0.780568
A8HPD0	A8HPC6	0.0281965
A8HPH1	A8HPD7	0.0111604
A8HPH1	A8HPC6	0.0196229
P0A7W1	P0A7X3	0.0666974
P0A7W1	P0A7P5	0.202291
P0A7W1	P0A7Q1	0.116536
P38786	P38208	0.170443
Q41038	P17230	0.0181649
P28005	P53218	0.210434
P40993	P53833	0.265941
P40993	P41812	0.252156
Q41038	A4GGC6	0.0124197
A0A1D5SLI4	A0A3B6AYT7	94.0526
A0A1D5SLI4	A0A3B6C6G0	93.8141
A0A1D5UKZ4	A0A3B6SS17	59.8848
A0A1D5UKZ4	A0A3B6KQB8	59.8808
P0C6T2	P04843	0.242308
P0C6T2	Q8N6L1	0.0880366
P61803	P04844	0.0993787
B8YB61	B8YB55	0.573003
P87123	P40848	0.456285
P87123	P36594	0.314544
Q6YXQ2	Q8MFA2	0
Q83AX9	Q83BB9	0.300506
Q9UTF6	Q9P7E0	0.139241
O15160	O14802	1.62866
O15160	P61218	154.295
O15318	Q9H1D9	259.444
O15318	O75575	0.283572
Q85FS9	Q85FZ1	0.101208
Q85FS9	Q85FY6	0.0418771
Q83ED6	Q83ER3	0.45982
P26288	Q9S9N6	0.147861
Q9SCY3	Q9XI73	0.268179
P29496	Q08032	4.42344
P29496	P29469	20.1821
G0SH10	G0SED0	0.5137
G0SH10	G0RYR4	5.33708
P14741	P20459	45.4321
P14741	P32501	20.1708
P32481	P20459	74.3789
P32481	P40217	49.0839
Q3ZCI9	Q3MHL7	615.253
Q3ZCI9	Q2T9X2	490.778
Q3ZCI9	Q3T0K2	614.945
Q969U7	P49721	0.156905
Q969U7	P25788	0.124851
Q969U7	P25789	0.212528
Q9Y244	P25789	3.09926
Q9Y244	P25787	6.6059
Q9Y244	P28072	2.46856
P9WGH9	P9WGY7	0.379749
Q9NVX0	Q7Z4H7	1.59324
B0C8F1	B0C474	0.00851271
B0C8F1	B0CB42	0
A0A2K3DQ46	A0A218N8A7	0.193759
A0A1Z3HHI7	A0A1Z3HIQ7	0.0522394
P09192	P14835	0.00630327
P09192	P09190	0.113952
P09192	P73676	0.0594406
P12975	Q55274	0.00640114
P12975	Q55330	0.0503378
Q8SD35	Q8SD32	0.0918517
A0A2P6THB2	W8SUA3	0.0438591
A4GDF1	Q1PIU7	0.225055
A4GDF1	Q49QC6	0.361949
A4GDH1	Q49PH2	0.176277
A4GDH1	Q49PL6	0.197006
Q585T1	Q389P7	0.382128
A0A9R0J865	A0A9R0K7U8	0.316517
P11704	A0A9R0I5M6	0.257553
Q9Y6G5	Q567U6	0.66317
Q22HD6	I7M403	0.242915
Q22HD6	W7XBF5	0.420313
Q22HD6	I7LX66	0.160526
W7XF00	W7XBF5	0.0387822
W7XF00	Q24C39	0.0460095
W7XF00	Q22YL0	0.291737
Q06245	P38261	0.502003
P0ABA0	P0A6E6	0.332319
P0ABA0	P0ABB4	1.48502
P0ABA0	P0ABB0	4.83881
P17987	P07437	526.601
Q9NQP4	O15212	154.806
P06271	A0A1S3YEW3	0.168839
P06271	A0A140G1Q3	0.26368
P50370	P37256	0
P50370	Q93VE0	0.0538589
P50370	Q9FEK6	0.0380623
Q08363	P18263	0
Q08363	P37256	0
Q08363	P92277	0
P01865	P03472	0.0947236
P01865	P01837	0.164162
P01865	P03300	0.106476
O74029	Q1MVD4	0.223546
O74029	O74032	0.310486
O74029	O74031	0.299259
O74030	O74028	0.137496
O74030	O74032	0.249291
O74030	O74031	0.261245
P50990	P49368	621.862
S8F5W4	S8EW95	0.299113
S8F5W4	S8F4G4	0.213171
S8F5W4	S8G3J1	0.265527
S8F943	S8G3J1	0.333567
S8F943	S8F4G4	0.234346
S8F943	S8F5G8	0.310669
I7M8B9	Q22VV9	0.293992
Q9SQL2	P17230	0.0195707
B1INQ0	B1INP5	0.235327
P80376	P80382	0.730268
P80376	Q5SLQ0	0.327696
P80376	P62659	0.327696
Q5SHP2	Q5SIH3	0
Q5SHP2	P0DOY6	0.0631059
Q5SHP2	P0DOY7	0
Q9VA95	Q9VF82	137.688
Q9Y3B2	Q15477	0.906116
Q9Y3B2	Q8TF46	1.00602
Q9Y3B2	Q9Y450	38.5433
Q8DJ02	Q8DKZ4	12.0362
P9WPU9	P9WPV3	0.39467
P9WPV5	P9WPU5	1.58564
P9WPV5	P9WPS1	0.631796
A0A125YPC9	S8EQL3	0.0490829
A0A071L394	E2RXT9	0.0138211
A0A071L394	E2RXT5	0.295732
A0A241XG65	E2RXT9	0.0201112
P0DM37	D0VWR8	0.0315617
P0DM37	D0VWR7	0.0636494
P0DM37	D0VWR3	0
P51765	P19054	0.158108
P51765	Q9F1K9	0.0583333
P51765	P12312	0.0630401
P07703	P36070	6.46329
P07703	P50106	0.33873
P07703	P40422	39.5138
Q85FZ1	Q85G73	0
P68439	P20637	0.199691
P68439	P68610	0.187928
Q6P5S7	P21283	0.341518
Q6P5S7	O75348	0.281888
Q6P5S7	P36543	0.326594
Q99437	P27449	155.235
Q99437	Q15904	0.787649
Q99437	A0A1B0GVW0	24.4738
O28413	O28417	0.221114
O28413	O28412	0.269123
O28418	O28412	0.394759
O28418	O28417	0.472529
Q8DKZ4	Q8DJD9	1.15931
Q8DKZ4	Q8DJU2	0.255302
Q8DKZ4	Q8DMU4	0.177095
Q9NYW5	P16520	17.2333
Q9NYW5	A8MTJ3	18.1054
Q9P2W3	A8MTJ3	255.64
Q9P2W3	P16520	151.556
D4P8H6	A0A6P3YN15	181.86
E1C9L1	P17227	0
E1C9L1	E1C9K6	0
W8SY74	A0A2P6TMT4	0.0222829
P13194	S4Z289	0.0410851
P13194	A1E9J0	0.0410851
P23993	P20143	0.011945
S8EQL3	A0A125YS93	26.491
S8GED8	A0A125YZC1	3.65919
B1MLW2	B1MLW1	19.2543
B1MLW3	B1MLW1	0.332886
P27449	P21281	181.368
P27449	Q5ZWW6	0.525294
Q6P5S7	O15342	0.143823
Q6P5S7	P61421	0.23079
P25786	P48556	150.951
P25786	P28065	117.034
P25786	Q9UL46	153.941
A0A063XFC1	A0A063XCH0	0.710461
A0A3Q7EMX2	Q38JI8	63.2952
A0A3Q7EMX2	A0A3Q7JYM3	52.7673
A0A3Q7GDB0	P49215	5.96306
A0A3Q7GDB0	A0A3Q7ITW7	65.4112
Q05900	P40018	2.47193
Q05900	Q00916	1.84082
Q05900	Q12330	9.87976
Q6Q547	P32495	63.7099
Q6Q547	P33322	76.3686
P09192	P74787	0.0137463
P09192	P15819	0.104987
P29254	Q55274	0.0288465
P29254	Q55330	0.0176099
P29254	P72986	0.0254285
P0DP23	P12277	0.0332224
A0A1S3TNX9	A0A1S3TQD2	0.0647401
A0A1S3TNX9	A0A1S3U9J1	0.102922
A0A1S3TNX9	A0A1S3V319	0.155998
P11703	A0A9R0J865	0.255811
A6VF32	A6VF34	14.8644
P0AAX1	P31224	0.312543
P0AE07	P31224	0.272069
P0AE07	P02930	0.260575
Q9F5Y1	C1DMA8	0.096705
Q9F5Y1	C1DMA6	0.182468
B3H6Z4	Q9S9N6	0.245133
B3H6Z4	A0A1B1W4Z4	0.162049
O80634	Q37165	0.182598
M9NT01	M9NUS9	0.127792
A0QU33	A0QU35	1.94286
Q6A6L2	Q6A6P3	0.0223861
Q6A6L2	Q6A6N5	0.129268
Q6A6L2	Q6A7J7	0.0891149
Q6A6P0	Q6A6N5	0.0300412
P16686	P16688	0.18254
A0A4X1VTX4	P19447	191.866
A0A8D1AQR7	Q6P1J9	138.791
A0A8D1AQR7	A0A0B8RVL1	0.669415
A0A8D1AQR7	I3LGP4	0.627703
I7MIF9	Q22VV9	0.403944
A0A0D3BZZ8	A0A0D3AAT3	56.6412
A0A0D3BZZ8	A0A0D3DTU3	18.2098
A0A0D3BZZ8	A0A3P6GD79	69.6918
F2QT90	Q05940	0.0809724
E1C9K7	P05311	0.114473
P05310	A4GGC6	0.00221876
P05310	A0A0M3KL10	0.0137203
P14225	Q05093	0.0538736
O14818	Q13200	0.374467
O14818	Q99460	0.603874
O14818	O00487	40.4907
Q96P70	P60900	1.80484
Q82ZJ1	Q839Z0	0.253483
Q82ZJ1	Q839F5	0.0667773
Q839H1	Q837C7	0.00429369
Q839H1	Q839F5	0.00605508
Q839H1	Q839F0	0.0327361
O15212	Q99471	159.604
Q5JIY4	Q5JJC9	4.10713
Q5JIY4	Q5JE31	4.63697
P40337	Q03071	1.10552
P40337	P61964	1.66376
A0QU23	A0QU25	0.918806
C3SIV2	C3SQR7	0.0169355
C3SQT7	C3SR52	0.0485437
C3SQT7	A0A7U9IV78	0.0485437
C3SQT7	C3SR07	0.354032
O94646	Q9US45	0.754421
P30665	P54790	1.02786
P30665	P24279	10.8733
P50874	P24279	3.18008
P50874	P38132	6.01427
P50874	P53091	3.17407
A0A2M9V7I0	A0A2M9V7H9	0.332615
A8J5P7	P23662	36.5974
A8J8N9	Q9AU05	0.262656
A0QUE0	P60281	0.318966
A0QUE0	A0QS66	0.34111
A0QUE0	A0QSL8	0.394872
A0QWT1	A0QZ11	0.149779
A0QWT1	A0QSL8	0.220214
A0QWT1	P60281	0.190178
Q8DJ02	Q8DLN5	0.195536
Q839F0	Q839F5	0.0130854
Q839F0	Q839E7	0.026789
Q08363	A8I846	0.176868
Q08363	P59763	0
P40337	Q13098	1.27503
P61201	P63208	5.21967
P61201	Q15370	0.684815
P0C0S5	O60885	55.66
P0C0S5	P02281	170.242
P01730	P0DOX5	3.95729
P01730	P03437	0.67289
Q6N095	Q6PIL8	0.332409
Q6N095	Q2N0S6	0.212656
A9J4K6	A9J4K0	0.395892
P53218	P41812	0.391219
Q8NFG4	Q7L523	0.191357
Q9Y2Q5	Q12980	0.271241
P60238	Q50756	0.217835
P60238	P60227	0.349952
P60238	P60239	0.23874
Q50754	D9PY04	0.509056
S0BBR6	S0BAP9	0.0998884
S0BBR6	S0BCU7	0.158471
S0BBU7	S0BCU7	0.125922
S0BBU7	S0BAP9	0.0640332
Q7JZF5	Q9VC49	2.17143
Q7JZF5	Q24320	89.6822
Q7JZF5	P84051	7.54136
A0A0F7LMQ4	A0A0F7LPV6	0.516828
A0A0F7LMQ4	P0A6A8	0.512966
A0A0F7LUV5	P0A6A8	0.505349
A0A0F7LUV5	A0A0F7LPV6	0.625662
Q8WVM7	Q14683	0.519049
Q8WVM7	Q6KC79	0.464133
Q8WVM7	P49711	0.613464
Q9UQE7	Q14683	0.675229
Q9UQE7	Q6KC79	0.566481
C4LVC0	C4LW10	33.0399
C4LVC0	C4LSC4	0.17097
C4LVC0	C4LT02	30.0081
P80883	P00166	0.0635417
P80883	P69461	0
P80883	Q9M3L0	0
F2Z4H3	A5PJW8	0.669415
A0A3Q7G7F0	A0A1U7YEG5	2.14929
O14021	Q09750	1.03479
O14021	O74755	1.73457
O94355	O74736	0.189699
O94355	Q9P7M1	0.231806
O94355	Q9UTB6	0.256461
P37313	P0AAG0	1.20736
Q8DKZ4	A0ACD6B8Q3	0
Q8DL29	Q8DL31	0.407102
Q8DL29	Q8DMR6	0.510276
A0A1Z3HHI7	A0A1Z3HIN6	0.004096
Q71DI3	Q9NRC8	11.7927
Q71DI3	P61077	87.0928
Q71DI3	A0A8J1LZU9	229.03
Q2G113	Q2FW21	0.365799
A0A4X1VTX4	P18074	193.255
A0A4X1VTX4	Q15545	3.299
A0A8D0TE17	I3LSI7	201.789
A0A8D0TE17	A0A4X1VKG7	196.37
A0A8D0TE17	A0A8W4F9W9	162.438
Q6PJG6	Q9NV88	1.0622
Q6PJG6	P38398	0.24872
Q96HW7	Q9UL03	0.375994
Q96HW7	Q9NVH2	0.390715
A0A3Q7JYM3	A0A3Q7ITW7	39.9633
F2QT92	F2R0J7	7.62686
F2QVW8	F2R0J7	1.77885
P21466	P12873	0.275909
P21466	P42924	0.197684
P21466	P42919	0.218682
P21477	P12877	0.352082
A0A2K3D1M1	P08681	0.0872994
Q9AU02	A8J7H8	0.0749592
Q9AU02	P08681	58.0384
Q9AU02	Q9FV97	16.4126
P08980	P80883	0.0519324
P69461	Q8GT36	0.0587772
P69461	P61045	0
A0A4X1VKG7	O75586	4.66849
A0A4X1VKG7	Q8N1G2	2.1319
A0A4X1VKG7	P02281	0.156331
Q05093	Q93WL4	0.00372039
A0A072ZPV8	A0A241XHA2	2.46064
Q8CJT1	P18183	0.486671
C4LT02	C4LW10	73.5865
P9WPU9	P9WPU5	21.8584
P13073	P00403	96.232
P13073	P20674	0.198343
A0A1J7CKJ9	A0A1J7CBV3	0.0180856
A0A1J7CKJ9	A0A1M7D8T3	0.0602083
A0A1J7CKJ9	A5FJG9	0.210445
Q00597	O15287	0.794051
Q00597	Q9HB96	198.72
Q9NW38	Q8NB91	0.164197
Q9NW38	Q0VG06	0.616327
Q9NW38	O15360	0.32281
O96019	P60709	384.598
O96019	Q8WUB8	385.435
O96019	Q4VC05	4.08922
Q9GZN1	P60709	151.555
Q9GZN1	P68431	9.98459
Q2G2D3	P0A0H0	0.0269838
A0A5H1ZR73	Q85JD5	0.139642
K7NU68	K7NVH8	0.00494442
K7NU68	K7NRF9	0
Q22YU3	A4VEB3	0.466795
Q7K2Q8	Q9VSY8	167.497
P29056	P13393	53.7201
Q85FY7	M1UU36	0.0230224
Q85FY7	M1VFJ4	0.00815939
Q85FY7	Q85FQ6	0.0154161
A0A072ZDF7	A0A140S919	0.179612
Q8DL29	Q8DJD9	0.105242
P50370	P18263	0
P50370	P06007	0.176136
P0DOX5	Q6GMX0	0.35899
Q6P5S8	Q6GMX6	0.329615
Q9XQN8	A0A6C0M829	0.24051
T1RJP7	T1RIT2	0.00869522
P61994	Q8U1Y5	12.6854
Q9UY20	Q9V0V6	4.46712
Q9NVH2	Q9NV88	0.889478
Q9NVR2	Q96HW7	0.592395
I7MG46	Q229S1	0.82059
I7MG46	I7LT80	1.21971
P28630	P0A990	0.341777
P28630	P06710	0.422777
P28632	P28631	0.194545
P28632	P06710	0.426048
O48448	O48446	0.256265
O48448	O48449	0.140802
Q38584	O48446	0.0449721
Q38584	P54309	0.126769
C4LW10	C4M7H3	4.67063
C4LW10	C4M0C6	4.63281
Q31L30	Q31S42	0.256898
Q31N15	Q31MH9	0.328698
Q31N15	P38023	0.474833
O00189	P05067	1.56938
O00189	Q9UPM8	16.9822
P84077	P62891	6.96967
P84077	Q10567	41.4216
Q12834	Q9NYG5	177.522
Q12834	Q96DE5	217.165
Q12834	Q9BS18	152.801
A0A1H3PUR7	A0A1H3JYQ0	0.160697
A0A1H3PUR7	A0A1H3PUN8	0.125799
P04843	P60059	152.144
P04843	Q9NRP0	184.069
P02293	P40154	1.9734
P02293	P0AEX9	0.375299
P02293	P17106	6.24132
P43618	Q2V2P8	0.412182
P43618	Q04477	0.595061
P43618	P53298	0.669569
Q9BVC4	Q9HB90	158.944
Q9BVC4	Q8N122	0.479881
Q9BVC4	P62942	1.5787
A0AAT8XUH5	A0AAT8XUH4	0.15645
A0AAT8XUH6	A0AAT8XUH4	0.21185
A6VF31	A6VF34	1.49547
A6VF31	A6VF32	1.65535
P62655	P62661	0.368524
P62655	Q72I04	0.793766
P62655	P62664	0.273942
P62656	P62238	2.01025
P62656	P62669	0.382812
A8HX89	P23662	12.6995
Q8DLN5	Q8DMU4	0.13166
Q47PJ2	Q47PJ5	0.27164
Q47PJ2	Q47PJ0	0.309934
Q47PJ2	Q47PJ1	0.265445
Q47PJ4	Q47PJ1	0.183426
Q47PJ4	Q47PJ0	0.252386
P51863	Q9CYN9	149.994
P51863	P63082	140.909
P51863	Q9WTT4	113.341
Q62277	Q91XE7	0.0344421
Q62277	Q9Z1G4	0.440379
Q62277	Q8K3C0	1.0247
P42701	Q5VWK5	203.78
P42701	P29460	196.915
Q9NPF7	Q5VWK5	189.92
Q9NPF7	P01857	0.231505
A0A287BAW0	A0A4X1SZP7	152.184
A0A287BAW0	A0A287BJQ2	116.408
A0A287BAW0	Q9TDR1	115.037
I3LRR4	A0A4X1SN37	3.41766
I3LRR4	A0A287BDC0	97.4097
I3LRR4	I3LGM4	0.0332044
Q08162	Q99207	0.397749
Q08162	Q08491	0.291283
Q12149	Q04500	1.02673
Q12149	P48240	0.27934
Q12149	P25359	0.293114
Q50755	Q50756	0.274513
A0QNR2	A0QNR7	0.227502
Q9UJX3	P30260	12.6429
Q9UJX3	Q9UJX2	194.18
Q9UJX4	Q9UJX2	205.031
Q9UJX4	Q13042	202.135
Q9UJX4	Q9UJX6	0.851274
Q96HW7	Q68E01	0.401304
Q96HW7	A0A481DF93	3.22044
P0A7G2	P0A7T7	0.180952
P0A7V8	P02358	0.417907
P0A7V8	B7MCR3	0.0870776
P0A7V8	P0A7R9	0.0870776
P20980	P20635	0.32521
P09119	P54784	0.956324
P09119	P54790	0.733855
P53298	P38265	0.412808
P53298	P38313	0.607614
Q2V2P8	P38907	0.279083
P87123	P87306	1.25157
Q980Q9	Q980Z8	0.608045
Q2NKJ3	P49643	0.44483
Q2NKJ3	Q9H668	1.20031
Q8TAF3	P62987	190.212
Q8TAF3	P0CG47	6.37872
Q8TAF3	P0CG48	11.9819
Q9BXW9	P0CG48	3.96073
Q9BXW9	P62987	3.46326
P48940	Q2FW31	1.34481
P48940	Q2FW30	0.163435
P06450	P11402	1.07675
P06450	P05435	23.0246
Q5RKV6	Q15477	0.801364
W8SY74	W8SUD1	0
P0A705	P0A7S3	0.44633
P0A705	P0A7K6	0.75445
P0A705	Q5SHR1	0.576607
P0A707	P0A7T3	0.112873
Q969V3	Q9UM00	1.07638
Q969V3	Q9BVK8	2.60277
P26289	Q9SCY3	0.0865994
P26289	Q9XI73	0.199792
Q9S9N6	Q9LU21	0.167198
A0A444WZ62	A0A8F2YUY6	9.13193
A0A444YS04	A0A8F2YUY6	37.7861
A0A444YS04	A0A445EVJ9	0.762778
P40124	P68135	143.994
Q91YR1	P13127	0.184216
Q91YR1	P68135	27.9396
P38123	P39706	0.878158
P38123	Q03012	1.05038
P38123	P38827	0.715262
P43132	P39706	0.70165
P43132	Q03323	0.574597
D8V7I2	Q85JD5	0.277951
P20998	P21034	0.332493
P20998	P20979	0.3513
P20998	P68694	0.32947
P68610	P68315	0.00687185
P68610	P21087	0.172611
P68610	P20980	0.114111
P68135	Q9Y281	462.848
A0A0G4GX71	A0A0G4HFQ7	0.132855
A0A7S3VQN8	K7NRF9	0
A0A7S3VQN8	K7NVH8	0
A0A7S3VSS7	K7NRF9	0
Q8N122	Q9HCC9	0.37231
Q8N122	Q96B36	0.260958
A0A1S3U1E4	A0A1S3TQD2	0.510926
A0A1S3V319	A0A1S3TQD2	0.0303819
Q9FQ96	A8HX89	13.7767
Q9FQ96	A8J7I9	4.48006
Q41038	P12355	0.0397496
P04050	P32585	0.266945
P04050	P35189	0.312003
P04050	P85421	0.00767706
B7I7R9	V5V8V8	0.00507508
O75817	O95059	0.047235
W7XJB1	Q1HFV9	1.14376
O14198	Q9US45	0.804057
O14198	P48011	0.0788283
Q9Y821	Q9P7Y4	0.268111
Q9Y821	P87306	0.265594
A4VEB3	Q24DI9	21.8019
A0A7R9N9K9	A0A7R9MZV2	0.0917909
A0A7R9N9K9	A0ACD6B9F7	0.0688862
A0ACD6B9G0	A0ACD6B9F7	0.0647782
A0ACD6B9G0	A0ACD6B9F9	0.174255
C3SQT7	C3SRY2	0.198581
C3SQT7	A0A0E2KXL3	0.234304
W8T6F0	P0A7R1	0.258569
P0ADC1	P0A937	0.0788207
P0ADC1	P0AC02	0.302929
P0ADC1	P77774	0.393465
A8J8N9	A8J7H8	0.0335145
P01834	P05067	2.11467
P01834	Q0ED31	0.0824546
P01834	S6C4S0	0.536041
P12319	P01854	0.691994
A0QSL6	A0R549	0.417818
A0QSL6	A0QSD4	1.81894
A0QSL6	A0R7F7	1.16753
A0R7F9	A0QSP8	1.23348
A0R7F9	A0R7F7	0.402645
A0R7F9	A0R549	0.699869
P41205	P46775	0.151505
P41205	P75541	0.537088
P41205	P75458	0.0692096
Q50297	Q50306	0.115771
Q50297	Q50305	0.337916
Q05093	Q9ZSJ4	0.0416339
P10176	P13183	1.47156
P07358	P13671	37.7993
P07358	P07357	248.091
P07358	P01031	0.14494
P13987	P07357	200.265
P13987	P13671	35.1801
P13987	P07360	0.320738
P53197	Q9UJX2	63.5549
P53197	P14724	1.79572
Q04601	Q08683	0.342345
Q04601	Q12440	0.371473
P02916	P0AEX9	0.140029
Q2FW30	Q2FW18	0.114871
Q2FW30	P0A0F8	0.488566
Q2FW30	Q2FWD8	0.242523
Q1JQ91	A5PJW8	1.23409
O85388	Q83ES0	0.0401577
O85388	Q83ES5	0.161834
O85388	Q83ER2	0.0849204
Q83ED6	Q83ER7	0.495755
Q9BUH6	P13010	0.196045
Q9BUH6	P49917	0.23609
Q9BUH6	Q9H9Q4	0.181045
P47170	Q02205	0.262355
P53011	P49687	1.18751
P53011	P52593	0.643271
P53011	P38164	1.5073
P05807	P68317	0.0680955
A0QU28	A0QU27	0.329519
T1RJT6	T1RJP7	0.00420715
P00533	P04626	0.459202
P00533	P01857	0.368556
P00533	Q13191	1.2226
P09693	A0A0K0K1A5	0.161992
P09693	P04234	214.002
P09693	P78358	0.139072
Q12431	P36039	0.178415
Q39584	A8IPZ5	0.455853
Q39584	Q39580	0.0612344
Q39584	O04355	1.20556
Q9SWQ6	A8JF70	1.59367
Q9SWQ6	A8J5C4	91.3365
Q9SWQ6	A8J1M5	0.494629
O60566	Q9UJX5	0.254221
O60566	Q8NHZ8	0.950241
O60566	Q9UM13	1.49038
P30260	Q9UJX6	0.520483
P30260	Q9UM11	19.2575
P30260	Q9NYG5	11.5096
A0A1J7CP29	A0A1M6R974	0.0593286
A0A1J7CP29	A0A1J7CBX1	0.022788
P9WP45	P9WH23	0.183881
P9WP45	P9WP69	0.355312
P9WP45	P9WP35	0.17184
P9WP67	P9WLA7	0.0962508
A0A1S3TNX9	A0A1S3TB49	0.150726
B8CEQ3	B8C8Q0	0.0159314
O43257	P60709	71.339
O43257	Q9GZN1	188.952
O43257	P68431	4.12638
O96019	Q9BQE9	7.35106
O96019	Q9Y265	243.827
A0A072ZPV8	A0A072ZKF0	0.164689
P0A0F8	Q2FZ42	2.59672
P0A0F8	Q2FW38	1.71842
Q2FW17	Q2FW16	0.0515222
Q2FW17	Q2FUQ0	2.98667
Q2FW17	Q2FW08	0.220513
P32447	Q6PI79	148.427
P47171	Q01448	0.270631
P47171	P61830	2.58961
P47171	P02309	2.55807
P14784	P60568	181.001
P32876	P05632	242.099
P32876	P00829	113.341
Q28851	P07926	0.00556262
Q28851	P13620	0.17349
Q28851	P13619	133.255
A0A063XHU6	A0A063XCP1	1.19119
A0A063XHU6	F5HRT3	0.137053
A0A218N8A7	A0A2K3E633	0.336423
A9WEV3	A9WEV2	0.163043
A0A0F6NFW5	D5MAL3	0.00493152
A0A0F6NFW5	E1C9K8	0.0129249
P17227	P05310	0
P17227	P05311	0.0253406
B8YB53	B8YB55	0.284233
A0A341UET3	A0A3B6AV88	84.8272
A0A341UET3	A0A077RZD1	54.977
A0A3B6KRQ3	W5FPA7	69.1489
P0A6Y1	P0A6X7	0.303997
Q46896	P0A6X7	0.260275
Q46896	P45956	0.177956
A0A0D9RJ49	Q1AL63	125.363
A0A0D9RJ49	A0A0D9RSN1	132.175
Q56218	Q56220	3.08818
Q56218	Q56222	35.6807
Q56229	Q56217	0.659575
Q56229	Q56224	2.5719
Q56229	Q56227	1.945
A8IE32	A8J6H7	0.155906
A8IE32	A0A2K3DWN5	0.201545
A8J5D4	A0A2K3DWN5	0.582165
A8J5D4	A8J6R5	0.184492
Q7JZF5	P36958	195.146
Q9V1A0	Q9UZL4	5.89876
Q9V1A0	Q9V138	7.79227
Q9V1A0	Q9UZK7	1.52284
Q31S42	P38023	0.372971
Q9LU21	P56752	0.099912
Q9HAW0	Q9BUI4	204.922
Q9Y535	P62875	146.53
P53859	Q99207	0.37193
P53859	P48240	2.40248
P53859	P25359	0.270565
Q08162	P46948	0.241535
Q08162	P38792	0.236529
P09192	P09191	0.088843
P09192	Q55330	0.413707
P19569	Q55274	0.0229149
Q57XL7	Q57ZX7	0.289346
Q57XL7	Q586X1	0.181101
A0ACD6B9F9	A0A7R9MZV2	0.0952173
C3SQX2	C4ZUF1	0.129985
C3SQY7	P62399	0.121708
C3SQY7	C3TRH7	0.151478
C3SQY7	P0A7M9	0
O80634	A0A1B1W4Z4	0.198053
Q9ASS6	A0A1B1W4Z4	0.106366
Q2FKZ1	Q2FRK1	0.140146
Q2FKZ1	Q2FKZ4	0.12259
Q2FKZ1	Q2FKZ0	0.168597
Q2FRL9	Q2FKZ5	0.0812921
A0A0M3KL11	P10793	0
A0A0M3KL12	Q9S7N7	0.117776
A0A0M3KL12	P16002	0.0858844
A0AA82WNZ6	A0AA82WNZ1	0.17622
P12239	P12238	0
P12239	D0VWR4	0
P19052	P19054	0.0923077
P19052	P12241	0
P19052	Q8DMP8	0.0994506
A0A125YZP0	S8EQL3	0.836552
A0A125YZP0	A0A125YW21	0.107836
P04912	Q03940	194.297
Q12464	Q12692	88.7295
Q12464	P02293	91.803
Q8DL61	Q8DKZ4	0.260261
G3MXC8	Q148J6	103.528
Q3MHR7	Q3SYX9	140.195
Q3MHR7	Q7Z6K5	1.36068
Q3MHR7	A4D0Y1	238.894
Q8DIN8	Q8DHJ2	0
Q8DIN8	Q8DIQ1	0.0303657
Q8DLJ8	D0VWR1	0.343018
Q8DLJ8	Q8DIQ1	0.339655
Q6YXK4	A0A2K1KU02	0.0833333
A0A125YS93	A0A125YYJ5	0.348563
P27766	Q7Y0H2	0.239188
P27766	O04355	49.9351
P27766	A8JF70	7.58565
Q39584	Q39578	0.636463
P49960	P40089	3.06139
P49960	P57743	3.56666
Q06406	P38203	101.201
Q06406	P40089	69.0878
Q06406	Q12330	77.246
G0RYR4	G0SED0	0.670346
A0R1Z9	A0R201	0.283388
A0R204	A0R206	0.274673
P22685	Q9Y3A5	3.14863
P0A415	P0A401	0
P0A415	Q8DK20	0
P0A427	P0A425	0
P0A427	P0A407	0.0151999
P0A427	Q8DGB4	0
C9ZW42	Q86MV9	0.185872
C9ZW42	A0A3L6L0V2	0.214461
D0A2P0	A0A3L6L0V2	0.100989
D0A2P0	C9ZIA9	0.131798
A0A1H3PUN8	A0A1H3JYQ0	0.0444493
Q9V195	Q9V0G8	15.2066
A4VEB3	Q1HGH9	0.698401
A4VEB3	Q22R86	11.8203
W5FWF5	A0A3B6HX49	80.5568
W5I1R7	A0A3B6MKF1	92.4436
W5I1R7	A0A3B5XY60	96.5873
Q9NRP0	Q8N6L1	0.160284
Q9NRP0	P35268	0.679897
P21473	P55873	0.185252
P21477	P21468	0.0700957
Q3ZBH0	Q2T9X2	722.937
Q3ZBH0	Q3T0K2	738.742
C3SR62	C3SR52	0.102765
C3SR62	A0A024L8R9	0.237344
C3SRY2	P60422	1.15247
C3SRY2	P02358	0.111282
C3SRY2	A0A0E2L2J1	0.4987
I3LCH3	P60002	0.250033
I3LCH3	Q8N1G2	2.32198
I3LCH3	Q9H944	8.14902
A0T0M8	B8C770	0.00701223
A0T0M8	B8CEQ3	0.0140035
B8BUW3	A0T0M9	0.0351296
P04052	Q24320	0.975611
P61163	Q9NZ32	129.108
P20042	Q14232	228.666
P20042	P05198	203.966
P20042	P62854	4.57775
P49770	Q9NR50	210.751
P49770	P12792	0.876757
P49770	P05198	205.524
Q57VS6	Q389W4	0.335026
F2R0J6	Q05940	0.153335
Q1HFX0	Q22MV2	25.6613
A0A6S8PC30	K7NRF9	0
A0A6S8PC30	K7NU68	0.0476301
P0A8V2	P0A7V8	0.259032
P0A8V2	P0A7V3	0.316273
P0A8V2	P0AFW0	0.318872
A0A8D0MI69	A0A287B4I0	142.383
A0A8D0MI69	K7GLT8	156.06
A0A8D0MI69	Q35915	136.465
Q4VT52	A0A286ZYL7	0.16032
Q4VT52	Q35914	0.195237
Q4VT52	K7GLT8	99.7758
P38786	P38291	0.25646
A0A1S3U1E4	A0A1S3V7C2	0.0886111
Q9H0H0	Q6P9B9	0.262061
Q9H0H0	Q68E01	0.334989
Q9H0H0	I3LCB2	1.76793
P53859	P53256	4.07233
P53859	P53725	0.231238
P53859	Q05636	12.3416
A0A0F6NFW5	P10793	0
E2RXU3	A0A072ZJG4	0
E2RXU3	A0A072ZMU2	0.0672758
E2RXU3	E2RXT2	0.0207674
A0A2K3DQY7	A8J6H7	0.23208
A0A2K3DQY7	A0A2K3CR90	0.201069
A8J5D4	A8HYJ1	0.192858
O80634	Q9SCY3	0.133699
Q9S9N6	A0A1B1W4Z4	0.209654
Q9S9N6	P56752	0.194338
O14802	P53803	2.05928
O14802	P62875	2.62404
P53256	Q99207	0.558418
P53256	P25359	0.327388
Q08162	Q12277	0.245532
O57233	Q76ZP7	0.153853
O57233	O57204	0.268809
Q76ZQ8	Q76ZP7	0.170564
A0A1S3U9J1	A0A1S3TWG4	12.9914
A0A1S3U9J1	A0A1S3TB49	12.9857
A0A1S3U9J1	A0A1S3U9S5	0.153461
A0A1S3VHC0	A0A1S3UND4	0.0517938
A0A1S3VHC0	A0A1S3TQD2	0
A0A1S3VHC0	A0A1S3W199	7.90153
P49842	A0A8D1DPV6	0.175425
P49842	A0A7M4DUC2	0.174187
P49842	I3LCH3	1.81089
Q9BW61	Q2YD98	1.28225
Q9BW61	Q9NZJ0	2.49542
B0C5D5	B0C474	0.00437202
B0C5D5	B0CB42	0
A0A1M6R974	A0A1M5L9G3	0.230469
A0A1M6R974	A0A1B2U0Q7	1.84577
I7LT80	Q24DJ0	0.901156
I7LT80	Q23YW7	1.1791
P07471	P62894	1.56485
P07471	P00428	76.5331
Q01321	P00415	0.1127
Q01321	P68553	0.0521113
P53847	P33891	0.445192
Q56218	Q5SKZ7	0.655874
Q56225	Q56217	0.177998
Q56225	Q56224	0.0365572
P12879	P21476	0.0800395
P12879	P21472	0
P12879	P12874	0.104667
P21465	P42924	0.0782231
P21465	P21469	0.246207
P21465	P20282	0.105429
P36213	S4YZ47	0
A0A125YTU2	A0A125YYJ5	0.278884
A0A125YTU2	A0A125YZ21	0.0497801
O14010	O94376	1.41757
P59753	Q83ES8	0.741168
P59753	Q83D39	0.0229763
A0T0M8	A0T0S1	0.00629433
B8BRQ8	A0T0M9	0.0662891
B8BRQ8	B8LE60	0.0442089
Q839Z0	Q839Y8	0.197595
Q839Z0	Q839F4	0.0293443
Q5I7K3	W5AUH7	49.3229
Q5I7K3	A0A3B6HX49	72.9459
W5EP45	A0A9R1JSD6	94.4047
P00579	P0A8T7	0.470713
P00579	P03704	0.808651
P12853	P22666	0.0783349
P12853	P06007	0.156113
P18263	Q93WL4	0.00625952
P69461	P16013	0.144341
Q9M3L0	P61045	0
Q5SKU2	P80376	0.417381
Q5SKU2	P17291	0.578835
Q5SKU2	P80371	0.53856
Q5SLP8	P80373	0.135582
Q5SLP8	P17291	1.16203
Q5SLP8	Q5SHQ5	0.247464
P12873	P12875	0.077993
P12873	P55873	0.0277566
P46898	O31742	0.175516
P46898	P20282	0.218523
P46898	P20277	0.136685
P01730	Q1AII4	0.188748
P01730	Q75760	0.242247
P01857	P55899	0.214399
P01857	P04626	0.366865
P01857	P11912	0.068512
O15342	P27449	0.206452
O15342	P21283	0.0909767
O15342	O75348	0.0695752
Q99437	Q9HBG4	0.202532
C3TRH7	C3SRY2	0.0647215
Q9BT78	P63208	4.44352
Q9BT78	Q15369	2.05531
Q9BT78	P61024	1.97428
Q05AW3	A2RV69	0.388052
Q05AW3	A0A1B8XZT4	5.16732
Q7ZX96	Q5EAX5	0.448223
O66748	O66841	6.83495
O66748	O67335	7.48543
O67334	O67337	15.4408
P68610	P68608	0.202604
P68610	P20504	0.283105
P09927	P07503	0
P11695	P07503	0.0165285
P0DP25	P42212	0.113699
P46020	P0DP23	0.168592
P46020	Q93100	0.285833
P14867	Q8NFZ4	1.16697
P14867	B5Z8H1	0.691504
Q7Z7J7	P18507	0.636497
Q7Z7J7	P28472	0.217519
Q7Z7J7	Q8NFZ4	0.108381
P24279	P29469	10.3385
P47112	P29469	0.403924
P47112	P53091	0.367192
P47112	P38132	0.395098
M1VFJ4	Q85FY0	0.0517521
M1VFJ4	Q85G73	0
Q85G51	Q85FY7	0.0117201
P02293	Q02732	4.48282
Q06675	P04911	5.52816
Q06675	P53298	0.783164
Q06675	Q12493	0.580974
O67337	O66748	0.227092
P35249	P35250	387.711
Q6A6R0	A0A9Y2YAG1	0.245854
Q6A6R0	Q6A5N1	0.0648026
Q6A7J7	Q6A6Q8	0.100204
P00128	Q01519	15.9444
Q7Z4H7	Q68CZ6	0.79701
P10443	P06710	0.397998
P10443	P03007	0.201281
P10443	P0A988	0.226069
A8HY43	P92277	0.0108043
P22666	A8I5A0	0.128511
P22666	Q93WL4	0.0156969
Q9Y3B2	Q5RKV6	195.662
P0ADZ0	P68919	0.214787
P0ADZ0	P0AG51	0.300678
P0ADZ0	P02526	0.1752
P03929	P07926	0.16815
P03929	P13619	62.2045
P03929	P00847	0.188589
Q28852	Q28851	0.172551
Q31QK2	Q31MH9	0.1638
P13073	P15954	208.07
P13194	A1E9J1	0.0230385
P13194	S4Z1K7	0.0230385
P07703	P40992	1.72966
Q5TA45	O00267	1.45124
Q5TA45	P67775	42.473
P04899	P25090	301.839
P04899	Q8TDU9	587.29
P04899	P25929	434.088
P41143	P63096	334.599
C4R5R1	C4QZQ7	0.277899
C4R7L2	C4QZQ7	0.836127
C4R7L2	C4R370	0.9831
C4R7L2	F2QUC3	0.9831
Q839Y8	Q839E0	0.510549
P36886	P12355	0.139321
P36886	P92432	1.71288
Q8U0E8	Q8U0M4	0.767326
P11471	P48268	0.0753111
P11471	O19930	0
P92276	Q93VE0	0.00453629
P92276	P22666	0.0810117
P19878	P63000	179.146
P19878	P14598	214.242
P19878	P04839	24.1795
A4VEB3	Q22A67	0.427785
A4VEB3	A4VD75	6.88048
I7M9J2	Q1HFX5	0.522022
Q8U0M5	Q8TZK1	0.512147
P61024	Q9Y4X5	2.13495
P61024	P46527	173.544
Q15819	P61088	538.495
Q15819	P0CG47	16.4792
Q15819	P0CG48	27.7946
Q96FW1	P62837	327.459
Q96FW1	P61088	195.306
Q96FW1	P0CG48	2.39045
Q04601	P09798	0.415818
Q04601	P16522	0.481279
Q12379	Q08683	0.223555
Q12379	P53197	0.578986
Q12379	P38042	0.184076
A0A4V8GZZ5	A0A1L2EDU0	0.0111826
Q8TF46	Q15024	1.14362
Q96B26	Q9NPD3	253.039
Q96B26	Q15024	206.216
Q56220	Q56217	3.71474
Q56220	Q56225	0.460144
Q56220	Q56224	21.9913
Q56227	Q56225	0.237614
Q56227	Q56224	8.50016
P21082	P68694	0.295453
P21087	P68694	0.146654
Q1HFX0	Q1HGH9	1.37543
P17227	C6T221	0.069964
P04844	P46977	1.18904
P04844	Q8TCJ2	0.358889
Q9BVC4	Q7L523	192.638
Q9BVC4	Q96B36	0.287768
P60239	P60227	0.205811
P60239	Q50756	0.261612
Q50755	P60227	0.227095
P63000	P84095	283.426
P63000	P14598	334.208
Q9NYB9	Q8WUW1	147.786
A0A2K3CY83	A0A2K3DM81	0.290959
A0A2K3CY83	A0A2K3DLF7	0.23555
A0A2K3CY83	A0A2K3CZ99	0.308833
A0A2K3DVJ8	A0A218N8A7	0.220575
A0A2K3DVJ8	Q32065	0.218562
A0A3G1AUL2	A0A3G1AZM6	0.00537037
A0A3G1AUL2	A0A3G1AZP2	0.00698413
A0A3G1AUL2	A0A3G1AZK6	0.00540781
A0A482JYH1	A0A3G1AZK6	0.0344315
A0A482JYH1	A0A3G1AZP2	0
A0A482JYH1	A0A3G1AZM6	0.0336318
A0A2K1JDE1	Q8MFA2	0.0241258
A0A2K1JDR4	A0A7I4AUU1	0.079842
A0A2K1JDR4	Q6YXR3	0
P67775	Q9H3P2	9.81829
P67775	E0W4V5	11.7378
Q85FY0	Q85FQ6	0.152428
Q85FY0	Q85FP8	0.0380781
Q8DKF5	Q8DMR6	0.71743
Q8DL32	Q8DKX9	7.15286
Q05093	A8JCL6	0.080653
Q05093	P14224	0.0582707
D0VX28	D0VX27	0.0762189
D0VX30	P18946	113.983
Q10317	Q10477	0.689802
Q10317	O14459	0.163664
Q10317	O14198	0.241145
Q9Y821	O13964	0.551886
Q9Y821	O60104	0.43133
Q13868	Q8TF46	0.756831
Q13868	Q9Y450	192.182
Q13868	Q5RKV6	186.515
P0A410	P58566	0
P0A410	Q8YNB0	0
M1VFJ4	Q85FQ6	0.0147177
A0A3G1ATU7	A0A3G1AZK6	0
A0A3G1ATU7	A0A3G1AUL2	0
P63000	P15498	42.2309
Q93100	P0DP23	1.04912
Q9H0H0	Q96HW7	0.377937
Q9H0H0	Q75QN2	0.325917
P37557	O34693	0.376255
Q06796	P26908	0.774997
Q06796	P20278	0.0143761
Q06796	P19946	1.94496
W5DS33	W5FWF5	80.2102
W5E8X2	A0A3B6SS17	64.5715
W5E8X2	A0A3B6KQB8	1.71666
W5E8X2	A0A9R1JSD6	93.2992
A0A4X1TFI3	A0A4X1SN37	3.41766
A0A4X1TFI3	A0A287BJQ2	93.7152
A0A4X1TFI3	A0A287BDC0	97.4097
A0A6C0M829	F4JF21	0.223402
Q9V138	P61994	14.0512
Q9V138	Q8U0E2	6.18255
Q9V1V0	G8ZFK7	0.00854701
Q9V1V0	Q9UYS3	16.9769
Q5E9B8	G3MZY8	0.758157
O48446	P54309	0.207197
Q8DL30	Q8DKY0	0.303478
Q8DL30	Q8DKF5	0.260499
Q8DL30	Q8DMR6	0.385524
C4M9F4	C4LZG9	1.72271
P00579	P22915	0.362872
P41065	P0A8V2	0.186963
P41065	P0A8T7	0.16932
P41065	P0A7Z4	0.203106
Q96MD2	Q12980	0.316337
Q9Y664	Q12980	0.26021
P62010	Q8U1Y5	13.5109
P62010	Q9V1U1	15.6373
P20986	P21034	0.250345
P68610	P21034	0.141948
E2RXT9	E2RXT5	0.0127622
S8ETI9	A0A125YMK3	0.197675
S8ETI9	S8G684	0.205485
S8ETI9	S8GU15	0.202878
S8F0U0	S8GCU6	0.280134
S8F0U0	S8G684	0.166201
P0C6T2	Q8TCJ2	0.212159
Q9NRP0	P61254	0.947466
Q9NRP0	P04844	0.942809
P50990	P50991	504.172
P50990	P03527	1.49157
Q38B96	Q57TX9	7.80171
Q38B96	Q586H1	4.40615
Q38B96	Q38CM0	1.7318
P61964	G2XKQ0	1.06937
P61964	P62799	12.0019
P61964	Q6NXT2	4.0817
Q9C005	P02281	6.56742
Q9C005	P06897	201.365
Q9C005	Q9UBL3	162.548
Q8DMU4	Q8DJ01	0.194643
C4QWA8	C4QZQ7	0.368345
C4R4Y0	P04908	2.67176
C4R4Y0	C4R370	0.290675
A0A5C2GTV1	P0DTC2	0.209763
A0A5C2GVU3	A0A5C2G4I7	0.394376
A0A5C2GVU3	P0DTC2	0.181376
Q99877	Q71DI3	229.132
Q68CZ6	P61769	0.19828
P78371	P50991	741.869
P78371	P60709	341.077
Q99878	Q71DI3	236.883
Q99878	Q99877	120.541
P80967	P23644	0.160982
P62820	Q99570	1.70867
P62820	Q8NEB9	1.4502
P62820	Q7BU69	5.5024
Q6ZNE5	Q8NEB9	0.467285
Q6ZNE5	Q14457	1.01579
Q6ZNE5	Q99570	0.478721
Q85FS9	Q85FY7	0.0220624
A0T0V0	A0T0M8	0.040368
B8LEV1	A0T0M8	0
O14972	Q15036	0.180916
O14972	Q7Z3J2	0.265039
Q9UBQ0	Q641Q2	0.446464
A0A3Q7H1U4	K4CYU9	95.6961
A0A3Q7I5D6	K4CUW3	78.007
A0A3Q7I5D6	Q38JI8	62.6076
P84077	P20290	1.17942
P84077	P30419	0.517934
Q9H4A6	Q5XJY5	1.13475
Q9H4A6	O55029	0.633553
Q9H4A6	Q8CIE6	0.510733
A0QNR1	A0QNR2	0.232697
A0QNR1	A0QNR7	0.252969
A0QNR1	A0QNR6	0.373002
B7I7S0	V5V8V8	0.0770336
B7I7S0	V5VBA5	0.169321
P25515	P53262	0.200991
P25515	P32610	2.02681
P25515	P37296	1.51897
P32341	P32842	0.200482
P31479	Q39725	0.0022015
P31479	P19430	0.00309265
P0C0S5	O60814	170.597
P0C0S5	P62805	318.939
Q9NPF5	Q93077	2.23187
Q9NPF5	P68431	2.59482
Q9NPF5	P62807	6.0276
Q969U7	P49720	0.0893755
Q969U7	P25786	0.174775
A0A175JJM9	C4M9F9	24.7091
A0AAN0Y138	A0AAN0Y0L1	0.370988
P63000	P04839	173.812
A0A1S3YXM6	A0A1S3ZSI0	0.261498
Q7Z3J2	Q15036	0.788275
Q7Z3J2	Q567U6	0.610827
Q8TCE6	Q567U6	0.534841
Q8TCE6	O60826	3.07333
Q13889	P19447	199.612
Q13889	P23025	0.269421
P78371	O14775	230.95
O32231	P21475	0.367414
O32231	P21473	0.810388
P20282	P21475	0.116016
P20282	Q03223	0.0448284
Q8KHU9	Q45914	0.244987
Q8KHU9	P0DPI0	0.202485
P40938	P12004	233.364
Q83ER7	Q83ER3	0.351719
Q8DL30	Q8DKZ4	0.442511
Q8DL30	Q8DL31	0.282985
A0AAN0NP81	A9WEV2	0.0176478
A0A0G4GX86	A0A0G4H942	0.184448
A0A0G4I0G6	D9IXG0	0
D0VX28	D0VX26	115.448
Q5ZLR5	D0VX29	128.137
Q5ZLR5	D0VX32	103.064
Q5ZLR5	P18946	137.172
P36012	P04911	58.2069
P36012	Q12262	1.53246
P38907	Q12493	0.868152
P38907	Q06162	0.472329
P38907	P53298	0.508572
A0A125YN38	A0A125YYJ3	0.198008
A0A125YZN9	A0A125YYJ3	0.142662
O95456	P25787	1.05587
P28074	P48556	193.736
P28074	O14818	19.6058
P28074	P55036	308.614
P06627	P0A6X7	0.0975403
F4KF14	Q9M0I6	0.171053
Q4FZW5	Q642R6	1.1258
Q4FZW5	Q91349	109.567
Q7ZYJ8	Q6GNF1	172.212
Q7ZYJ8	Q642R6	1.52529
Q7ZYJ8	Q5U249	1.84148
A0A2K1JC42	Q8MFA3	0.0204473
A0A2K1KIF2	Q8MFA3	0.0150815
P28074	P25789	10.3687
P28074	P25787	18.7834
P28074	P28072	308.542
Q969U7	Q99436	0.127926
Q9FQ96	A8J5P7	43.3465
Q9FQ96	A8JC51	0.0945329
Q86X83	Q567U6	0.587788
A0A0D3BZZ8	A0A0D3D418	40.6488
A0A0D3DUD8	A0A0D3D418	21.1842
Q949Q5	Q9S831	0.135265
Q9SUI6	Q9SHE8	0.129786
Q1AL63	A0A2K5HV75	126.524
Q1AL63	A0A0D9RML3	136.987
P36886	F2DAN8	0.0225035
D0VX29	D0VX26	146.373
F1NC51	D0VX31	0.0838276
F1NC51	Q5ZLR5	0.0214658
B0C475	B0C7S6	0.00993713
B0C475	B0C474	0.00633517
B0C475	B0C7S4	0.0388694
P36039	P53073	5.7529
Q5D869	Q6NLH0	2.00068
P00426	P00415	151.918
P00426	P00396	156.781
P0A423	P0A401	0
P0A423	P0A415	0
P0A427	P0A405	0.00536772
P0A427	P0A420	0.183453
A0A2X1PQW4	B7MCR3	1.06929
A0A2X1PQW4	A7ZSI6	1.06929
A0A2X1PQW4	C3SQT7	0.316436
P07766	P01848	0.0229469
Q861F7	P09693	7.3503
Q861F7	P0DTC9	0.880787
Q861F7	P61769	228.145
Q969L4	P62306	304.258
Q969L4	Q92797	2.5392
Q9P2I0	P62308	7.94495
Q9P2I0	Q9C0J8	3.99635
Q9P2I0	P62306	169.585
Q586X1	Q57ZX7	0.231152
Q8DL29	Q8DKY0	0.456962
Q92966	Q5SXM2	0.264196
Q9Y2Y1	P52434	136.36
P04234	P0DTU4	0.298301
P04234	P01848	0.339641
P04234	P20963	183.065
Q861F7	P78358	0.0737374
S8G3J1	S8F4G4	0.289104
S8GML4	S8F5W4	0.255336
S8GML4	S8ETI9	0.462075
S8GML4	A0A125YWE1	0.388812
P41812	P28005	0.126824
Q8DIF8	P59087	0.0121475
Q8DIF8	Q8DIQ1	0.110872
Q8DLJ8	P0A444	0.197366
A0A3B6IU74	A0A3B6ATQ1	99.653
Q5I7K2	W5HZ68	185.648
Q5I7K2	Q7XY20	73.97
A0A1S3V319	A0A1S3U9J1	0.305072
P18946	P00125	159.315
P18946	D0VX29	8.21752
P18946	P00130	122.478
A0A6S8PC30	K7NU01	0.0451488
A0A5H1ZR95	A0A024FSR7	0.469859
D7P6B9	H8PGG3	0.0779298
Q22MV2	Q1HFX4	0.467885
P03929	Q28851	0
P13621	P07251	7.1981
P13621	P05632	210.874
P13621	P02721	137.111
Q9NQT5	Q8TF46	1.12695
Q9NQT5	Q9Y450	1.98485
Q9NQT5	Q5RKV6	197.117
Q9Y2L1	Q06265	1.63884
Q00560	O35718	2.55374
A0T0M9	B8C0K4	0.0483807
P0AE06	P31224	0.272069
P0AE06	P02930	0.260575
P0AE06	P0AAW9	0.349252
A0A063XCH0	F5HRS9	0.139598
O95456	Q9Y244	171.575
Q9HAW0	Q5SXM2	0.45813
Q9HAW0	O14802	0.491688
P04439	A0A578	0.256765
P04439	E0YFW1	2.10725
P09693	P0DTU4	0.231275
P09693	P20963	71.3514
Q9M3L0	P16013	0
P25574	P53073	0.226904
P25574	P40540	0.183007
S7W617	A0A125YYJ3	0.348563
C3SR12	C3SRY2	0.102012
C3SR12	A0A2X1PQW4	0.219265
C3SR12	P02359	0.237043
C3SR52	P0ADY7	0.0314058
C3SR52	P62399	0.203342
P35249	P40937	401.77
P35249	P40938	182.628
P35251	P40937	14.6315
P35251	P35250	13.5066
P35251	P40938	9.97655
P25788	P48556	18.3744
P25788	P28065	148.292
P25788	Q9UL46	241.728
P25359	Q05636	0.70352
Q8DIN9	Q9F1R6	0
Q8DIN9	Q8DIQ0	0
P29496	Q12488	4.04989
P46948	P53256	3.77117
P46948	Q05636	9.08214
P46948	Q12149	0.387771
A0A481DF93	F1RKE4	203.47
P60899	I3LCH3	210.812
P60899	O75586	7.59402
P60899	Q8IXH7	4.41763
Q13352	Q96H22	156.821
Q13352	Q9BU64	163.64
Q13352	Q03188	0.386356
Q8N0S6	Q9BS16	0.62821
Q8N0S6	P49450	2.39716
Q8N0S6	Q7L2Z9	1.84904
Q56220	Q56221	22.6171
Q56220	Q56222	0.391823
Q56229	Q56225	0.202856
Q9NQT4	Q15477	0.805731
A0A8D1AQR7	I3LCH3	129.566
A0A8W4F9W9	I3LCB2	103.609
A0A8W4F9W9	A0A4X1VEK9	104.87
P02293	P53946	3.59507
P02293	Q03388	2.96604
P20459	Q6CWU3	59.8693
P20459	Q6CXT6	2.3215
P32501	P09064	13.8045
B6STT2	B6SRI3	0.0401053
P80371	Q5SLQ0	0.304776
P80371	P80377	0.289187
P80371	Q5SHP6	0.512261
Q5SJH3	P27150	2.97355
P06129	P00646	0.192035
Q83ER7	Q83ES5	0.235649
Q83ER7	Q83FC0	0.326641
P32842	P0C5R9	0.0302726
A0A0A7HF79	Q03LI0	0.944307
A0A811IGE5	A0A3G8FB66	0.145182
A0A811IGE5	Q03LI0	1.23863
P06710	P0A990	0.318861
A0ACD6B9F7	A0A7R9MZV2	0.0199813
A8J7I9	Q6QAY4	0.149747
O13964	O60104	0.627769
O13964	Q9P7Y4	0.449412
Q9P6Q0	Q9P7Y4	0.271443
Q8IVV7	O60885	1.18662
Q14457	Q8NEB9	1.63798
P07678	P00845	0.514836
P07678	P09221	0.396496
D2CVN7	A0PGB2	0.395724
Q23AJ0	A0PGB2	0.465154
Q9NVH2	Q8WX92	0.514399
Q9NVH2	Q5TA45	1.09496
Q8DKZ3	Q8DL31	0.394938
Q8DKZ3	Q8DJU2	0.012807
Q56219	Q56221	8.60184
Q56219	Q56225	0.339509
Q60019	Q56226	2.28283
I3LCB2	P20226	177.078
I3LCB2	P32780	137.935
I3LCB2	P29084	137.529
P08067	P00424	4.89287
P08067	P00128	19.532
P08067	P00410	45.5713
Q980R1	Q980K0	0.602603
Q86V25	P68363	2.31973
Q86V25	Q8N300	87.8531
Q9BVA1	P68363	275.183
Q9BVA1	Q71U36	274.123
Q8DIP0	Q9F1R6	0.0206156
Q8DIP0	Q8DIQ0	0
Q8DMP8	Q8DJ43	0.0979437
Q8DMP8	D0VWR8	0.395833
P29469	Q03406	5.03611
Q12488	P24279	3.72452
P0A3Y1	Q93SX1	0
Q93SX0	Q93SX1	2.78837
Q8DKZ3	A0ACD6B8Q3	0.020933
Q8DLN5	Q8DKZ4	0.123275
F2R0J7	Q05940	0.160205
P08067	Q01519	105.507
P08067	P08525	3.88431
P01730	P63010	0.345283
P04310	P20636	0.268708
P04310	P68317	0.077689
Q03776	Q12330	2.56903
Q8DJD9	Q8DKZ3	1.04485
P25644	P38203	12.3977
P25644	P57743	6.69817
P25644	Q06406	2.85803
P47017	P40070	49.4699
A0A0D3D418	A0A0D3AAT3	67.134
Q85FS8	Q85FQ6	0
P36958	Q9VC49	166.109
I7MLZ4	A4VD15	0.701589
I7MLZ4	Q23S05	0.406838
O15144	O15511	140.441
O15144	P61158	171.422
O15144	P59998	1.03958
Q9BPX5	P61158	80.2518
Q9BPX5	Q6QAQ1	113.954
Q9BPX5	P61160	69.1102
A0A8D0JYF1	P60899	152.909
A0A8D1DPV6	Q6P1X5	0.198032
A0A8D1DPV6	Q8N7H5	0.781022
A0A8D1DPV6	A0A8W4F9W9	1.38848
A8IY95	Q7Y0H2	0.370109
A8IY95	A8JF70	2.05444
A8IY95	A8J5C4	78.2361
Q39584	A8J5C4	0.434329
Q39584	Q39575	0.520432
P49815	Q92574	0.335417
P14794	Q9Y3A5	7.04456
Q8DHJ2	Q9F1L5	0.0944872
Q8DHJ2	Q8DJI1	0
Q8DHJ2	Q8DIQ0	0.0362903
Q10317	Q9P7Y4	0.37568
Q9W2V7	Q9W0I7	6.14144
P20998	P21087	0.239636
P20998	P20980	0.344264
P20998	P20504	0.417175
P68608	P68315	0.0895753
Q8NB91	Q0VG06	0.1985
Q8NB91	O15360	0.237633
Q8NB91	O15287	0.215043
P02930	P0AAW9	0.235791
P02930	P31224	0.325737
Q6IGW6	Q9VZL1	0.118893
Q7K036	Q9VZL1	17.5367
A8IKI9	A8J5P7	3.80894
P58564	Q8YNB0	0.054497
P58564	P58565	0.0380666
P79010	Q9P7E0	0.0991047
P38263	P40547	0.150476
P38263	P53076	2.07893
P0A6E6	P68699	0.620891
P0A6E6	P0ABB0	4.57032
Q5TA45	P30153	4.33895
Q5TA45	Q6P9B9	0.466896
Q9GZN1	Q93077	109.949
A0A3Q7HBR5	K4B4Z0	94.8073
A0A3Q7HBR5	K4CYU9	125.934
P20248	Q01094	140.679
Q5ZIS0	D0VWW3	83.2951
Q5ZIS0	Q9YHT2	91.9876
Q9YHT1	Q9YHT2	161.972
Q9YHT1	D0VWW3	147.137
P00423	P00428	81.5338
P00423	P00415	92.714
P00423	P12787	1.0368
A0A8W4F9W9	A0A287ADR4	97.419
P61830	P54784	3.48962
P61830	P32617	2.70123
P32422	Q55330	0
A0A0G2K9J2	D4A133	196.099
A0A0G2K9J2	P50408	166.431
P62815	P50408	154.042
P62815	D4A133	391.905
Q57038	P72717	0.0439578
Q9VF82	Q9VSY8	51.507
Q2FKZ1	Q2FKZ3	0.0974087
Q2FRF6	Q2FKZ5	0.121688
Q2FRF6	Q2FRM0	0.260994
Q2FRF6	Q2FKZ3	0.369932
P61201	Q13616	392.561
P61201	Q13617	370.171
Q93034	Q9BT78	273.924
Q93034	Q13098	284.996
Q93034	Q9UNS2	288.439
E9Q9F6	C6KI89	0.155805
E9Q9F6	Q9DAM2	0.213688
E9Q9F6	Q80W99	0.76461
Q9CQP8	P0DP43	0.385792
Q9CQP8	A2RTF1	0.273173
Q9CQP8	Q8BVN3	0.347833
P26289	Q37165	1.3865
C3SQR7	C3SQY7	0.114055
C3SQR7	C3SR12	0.0181762
P10964	P20435	1.00234
P10964	P50106	0.21167
P10964	P22139	2.34739
P32786	P22139	1.76625
P09144	Q93WL4	0.0104238
Q9UM13	P20248	100.953
Q9UM13	Q9BS18	0.118627
Q9UM13	Q96DE5	158.811
Q13042	Q9UJX2	206.05
Q13042	P53197	114.911
B2RH82	A0AAE9XF26	0.109353
B2RK12	B2RKY8	0.131541
A0ACD6BA44	A0ACD6BA42	0.215062
A0ACD6BA44	A0ACD6BA43	0.412991
A0ACD6BA44	A0ACD6BA46	0.305057
Q5JH24	Q5JE88	0.889693
Q5JH24	Q5JJD0	0.799356
Q2FME3	Q2FRK1	0.112734
Q2FME3	Q2FKZ1	0.13897
Q2FRM0	Q2FRL8	0.219853
A0QU34	A0QU27	0.275927
Q2FME3	Q2FKZ0	0.179624
P82350	P82349	163.832
P82350	P82347	2.25272
P82350	Q62165	0.212228
Q62147	P82348	154.296
Q62147	P82349	0.440148
Q62147	Q62165	0.0963616
A0ACD6B8J3	A0ACD6B8J6	0.195897
A0ACD6B8J3	A0ACD6B8J8	0.163237
A0ACD6B8J5	A0ACD6B8J6	0.117161
A0ACD6B8J5	A0ACD6B8J8	0.14181
Q6IV62	Q6IV66	0.168608
Q6IV65	Q6IV66	0.132297
P52286	Q12146	1.04525
P52286	P21951	1.861
P52286	Q12488	1.50483
P08306	P01636	0.195625
P08306	P18525	0.112115
P08306	P98002	27.5122
P77921	P98002	0.0532616
P77921	P06030	0.12854
A0A063XFC1	A0A063XCP1	0.0253252
Q00460	Q00456	0.172709
Q00460	Q00459	0.328494
P58573	P58566	0.17446
P58573	Q8YNB0	0.0159622
P56751	A0A1B1W4Z0	0.325576
P56751	A0A1B1W4Z4	1.51294
Q0IIM2	F1N4X0	136.808
Q0IIM2	A6QLF9	145.683
Q0IIM2	E1BHJ5	1.39099
Q1JQ97	A6QLF9	193.326
Q1JQ97	G3N2W1	0.941331
Q1JQ97	E1BHJ5	1.1513
P21466	P21474	0.239667
P21471	P12874	0.11359
P21471	P12878	0.493732
C6KI89	A2RTF1	0.131529
Q9CQP8	Q9DAM2	0.45158
P01750	P01660	0.216678
P01750	P01665	0.338415
P01750	P01215	0.689287
P18526	P01660	0.132671
P18526	P0DN86	0.0968661
P32776	P12978	0.321128
P32776	P06839	7.40235
P32776	Q04673	3.59843
Q3E7C1	P41895	0.569974
Q3E7C1	P06897	0.232692
O08915	P30561	36.7697
A0A5C2G4I7	P0DTC2	0.353231
A6MVS8	A6MVZ1	0
A6MVS8	A6MVU7	0
A6MVS8	A6MVZ7	0
A6MVV1	A6MVZ6	0.0114668
A6MVV1	A6MVU6	0
A6MVV1	A6MVZ1	0
Q8N766	Q5UCC4	0.309752
Q8N766	Q9P0I2	0.404406
Q9Y3B6	Q9BV81	78.567
Q9Y3B6	Q9P0I2	90.542
Q9Y3B6	Q15006	90.2772
P46964	P41543	0.178184
Q99380	P39007	0.110105
P0C5R9	P37296	0.145962
P0C5R9	Q3E7B6	0.0233683
P54709	P05023	0.177582
P54709	Q9Y320	0.156495
Q9UGV2	P05023	0.171715
A0A7S0UQ60	A0A7S0V8A9	68.4833
A0A7S0UQ60	A0A7S0UM40	2.0881
A0A445CQN5	A0A444YS04	0.107671
A0A445CQN5	A0A445EV57	0.110071
A0A445CVZ9	A0A445DY18	4.26984
A0A445CVZ9	A0A445EVJ9	0.856947
M9NVD3	M9NVD0	0.360758
P01096	P05630	0.113751
P01096	E7E832	3.02897
P01096	C0HK59	3.06084
P13619	P00847	138.273
P13619	Q28852	142.098
Q389W4	Q384B4	0.275356
C4LTS8	C4LT02	26.3584
P62330	O60551	0.428583
P62330	P30419	0.394666
P36213	S4Z289	0.0222303
Q6GMX6	P19235	0.487304
Q6GMX6	P04626	1.83224
Q6GMX6	Q8TCD0	0.293112
Q15843	P62877	223.719
Q15843	Q13618	160.337
P39110	P46670	1.13388
P39110	P40987	0.711056
P39110	P02550	1.78503
P39937	P46670	0.366565
P39937	P40987	0.261733
P39937	P02554	3.71014
Q15024	Q15477	1.51882
Q15024	Q9Y450	263.331
A0A2L1CBG2	G0H3B1	0.275311
A0A2L1CBG2	A0A2L1CBB0	0.356044
A0A2L1CBG2	A0A2L1C9H0	0.346154
Q12262	P02293	3.32268
Q12262	P38265	0.395107
Q12262	P38313	0.790652
Q2V2P8	P47167	0.616238
Q5SHR6	Q53W63	0.261913
Q5SHR6	Q5SKW1	0.356561
P36595	Q9P7X8	0.61949
P0AFD4	P33607	8.13707
P0AFD4	P0AFE8	6.08605
P0AFD4	P0AFD1	14.5118
P0AFF0	P0AFE8	0.157398
P0AFF0	P0AFC3	0.651687
P0AFF0	P33607	1.01937
A0A2K3D591	A8IN92	3.76714
A0A2K3D591	A8JCW1	0.120161
Q9AU02	A8J6N0	0.0304659
Q9AU02	Q8LK22	0.130034
Q82ZI6	Q839E7	0.0479257
D0C5Y9	D0C5Q3	0.206761
Q53W63	Q8RQE9	0.295374
Q53W63	Q5SKW1	0.316385
F2QPE6	C4QYQ8	1.01914
F2QPE6	P84243	0.138363
F2QTN1	C4QZQ7	1.17169
F2QTN1	F2QMI1	34.1838
F2QTN1	C4R7L2	49.6665
C3SQX2	C3TRH7	0.0362094
C3SQX2	A0A024L8R9	0.600061
C3SYP2	P62399	0.567312
C3SYP2	C3TRH7	0.0306981
Q8NBT2	Q9H410	180.854
Q9H081	Q9HBM1	181.389
Q9H081	Q9H410	3.42787
Q9H081	Q03188	0.683429
Q2FZG8	P47768	0.521767
Q2FZG8	Q2FW32	0.459439
Q2G1T9	P47768	0.318329
Q2G1T9	Q2FW32	0.410872
Q85G51	Q85FY0	0
P14736	P32628	0.773583
P14736	Q04673	0.760776
W5I035	A0A3B6SS17	82.3304
W5I035	A0A3B6QHW3	1.50117
P04844	P39023	1.36149
A0A0G4GX86	A0A0G4FDJ8	0.257001
A0A0G4GX86	A0A0G4H6U3	0.332903
A1E5T9	A5FJM7	0.258106
A1E5T9	A0A1M5G3C1	0.456713
Q3E7C1	P20435	9.01317
Q93034	Q92905	112.876
Q93034	Q13951	4.47561
Q8TB45	P42345	0.641372
Q50754	Q50756	0.41077
P21707	P63045	371.365
P21707	P60881	224.971
P21707	P63041	556.956
P63025	P32851	588.28
P63025	P60881	356.29
P0DOX7	P14735	0.169206
Q6PIL8	A7UPX0	0.210552
D0A2N9	A0A3L6L0V2	0.191604
D0A2N9	Q95W15	0.158212
F5HCH8	Q03167	0.179776
F5HCH8	F5HCP3	0.111343
F5HCH8	P07204	0.133469
F5HET4	P16832	0.127768
F5HET4	P16837	0.0213065
P79010	P21534	11.177
Q55329	P09191	0
Q55329	P72986	0
P58568	P58575	0
P58568	P0A410	0
A0A8D1DPV6	Q9NPJ6	1.58124
A0A8D1DPV6	Q2YD98	0.206823
P68633	P16710	0.125668
P03205	P01911	0.808136
P03205	P03231	0.125916
P03205	P01903	0.631369
P03212	P03231	0.143184
P51955	Q9UJX2	206.776
Q13042	Q8NHZ8	159.909
P0C0S8	P0CG47	1.89667
P0C0S8	P0CG48	3.4807
P0C0S8	G0RYC2	119.183
F2R611	F2RIS5	0.352331
C3SR62	C3SR27	0.0924074
C3SR62	A0A090BZW5	0.0710424
Q6CUS2	Q12745	0.350755
O15511	P61160	89.0356
O15511	O15143	162.991
P61158	P59998	152.595
P61158	O15145	43.3712
A0QSL5	A0QSG4	0.251577
A0QSL5	A0QSD5	0.0379813
A0QSL5	A0R7F7	0.224654
A0QSL6	A0R3D2	0.211898
C1DMA8	C1DMA6	0.124512
A0A7M4DUC2	A0A4X1TRS6	0.813352
A0A7M4DUC2	Q5TA45	1.1933
Q9V1V0	P61238	2.89351
Q9V1V5	Q9V195	1.12822
Q9V1V5	P61994	11.3496
B3H6Z4	P56752	0.155538
O68394	O68395	0.183333
O68396	O68395	0.037923
B8BUW3	B8CEQ3	0.0810356
Q96L50	Q9BRX5	2.74487
Q96L50	Q15370	158.272
Q9BVW5	Q9UNS1	1.03929
P42380	A8IL21	0.339642
P42380	A8INX1	0.236601
P35729	P46673	0.293804
P35729	P49687	0.277013
Q9V195	P62012	21.1288
Q9V195	Q9V0V6	12.4142
P21534	P07657	53.1344
P21534	P14575	39.901
P21534	Q9P7E0	0.263781
O14010	P87306	0.267903
O60104	Q9US45	2.70779
A0A1S3YU01	A0A140G1Q3	0.236878
A0A1S3YU01	A0A1S4D7C7	0.224245
P68439	P20979	0.267518
Q2FKZ0	Q2FRK1	0.2394
Q2FKZ0	Q2FKZ3	0.227711
P0A420	P0A415	0
P0A420	P0A403	0.0171734
P0A420	Q8DK20	0.0704152
P0A425	P0A429	0
P0A425	P0A407	0.0283401
P0A425	P0A405	0.0168834
Q14566	Q9H211	33.0327
Q14566	P25205	12.258
Q14566	O43913	70.7389
Q9UBD5	Q13416	200.456
Q75VY8	Q93WL4	0.0162758
A0A4X1VKG7	I3LCB2	133.544
A0A4X1VKG7	A0A4X1VEK9	135.196
A0A8D1AQR7	Q6PD62	1.03321
Q2FME3	Q2FKZ5	0.0843094
Q9H9Q2	Q13616	277.497
Q9H9Q2	Q7L5N1	162.196
Q9SUI6	Q9S831	0.0568604
Q9SY97	Q84U30	0.0899806
O15360	O15287	0.719227
O15360	Q0VG06	0.243254
Q9HB96	O15287	194.734
Q9HB96	Q0VG06	0.603048
F1NC51	P18946	107.451
F1NC51	D0VX26	0.0676616
F1NC51	D0VX32	78.3258
O23629	P62799	165.791
P38203	P47093	41.2184
P25293	P06897	4.94136
P25293	P02281	3.59608
P32835	P41920	0.0863491
P32835	O14980	0.317998
I7G3U5	P60281	0.336751
I7G3U5	A0QS66	0.342915
I7G3U5	A0QZ11	0.487889
A0A2B7I5M8	A0A2B7JN22	0.808283
A0A2B7I5M8	A0A2B7IYF8	0.235199
A0A2B7I5M8	A0A2B7IGT1	0.302077
A0A2B7JN02	A0A2B7IGT1	0.00663541
A0A6P3E3I5	O78747	0.146789
A0A6P3E3I5	A0A6P3EKX5	162.888
A0A6P3E3I5	A0A6P7EX23	146.564
O78755	O78747	121.797
O78755	D6QZ20	123.702
O78755	O78756	112
P96077	P60489	0.771407
P96077	P35581	0.723321
P96077	Q5SHN3	0.503831
Q5SHN9	P37362	0
Q5SHN9	P60491	1.92349
Q5SHN9	Q72L76	1.92349
F2Z660	Q6C8J9	0.218871
F2Z660	Q6C7X4	33.5146
F2Z660	Q6CGB4	12.547
Q6C674	B5RSK9	0.130607
Q6C674	Q6ZY24	0.130607
Q6C674	Q9B6C8	0.207566
Q9VMU0	Q9VQD7	0.0164319
Q9VMU0	Q9VWI0	32.8262
Q9VMU0	Q9VXK7	49.6435
Q9W402	Q9VF27	25.502
Q9W402	Q7JYH3	0.623682
Q9W402	P18933	0.81292
A0A3Q7HQH0	A0A3Q7FVJ9	23.9452
A0A3Q7HQH0	A0A3Q7INK3	82.7576
Q53U38	A0A3Q7I7E8	69.1286
Q53U38	A0A3Q7FV98	90.2261
Q53U38	A0A3Q7JDZ0	6.23158
B8BYV4	B8C0K4	0.194443
B8BYV4	B8LE60	0.0655276
B8C2K6	B8C0K4	0.0885456
B8C2K6	B8LE61	0.125183
A2RNQ1	A2RNP2	0.138275
A2RNQ1	A2RNM9	0.0522817
A2RNQ1	A2RJP7	0.0293881
A2RP61	A2RNQ6	0.0277526
A2RP61	A2RNP2	0.310467
A2RP61	A2RNP9	0.104431
A0A8D2CGH8	A0A287BMW6	0.0715938
A0A8D2CGH8	A0A8D1FAG1	0.0715125
A0A8D2CGH8	I3LDC3	0.0866358
F1RWL7	A0A4X1SZP7	177.335
F1RWL7	A0A8D1NRT6	150.896
F1RWL7	A0A286ZNN4	170.878
P0A0H0	Q2FW11	0.0975108
P0A0H0	Q2FW20	0.00807344
P0A0H0	Q2FW21	0.16735
Q2FW31	Q2FW22	0.0723731
P58064	Q6P3B9	3.66071
P58064	Q9DC71	109.052
P58064	Q8R2L5	129.006
Q9CXW2	Q80ZS3	113.532
Q9CXW2	Q99N87	131.656
Q9CXW2	Q9CPX7	146.099
Q9BQC6	Q9BYD3	175.52
Q9BQC6	P09001	179.669
Q9BQC6	Q8N983	127.254
Q9H4K7	Q9NP92	0.300302
Q9H4K7	Q9HD33	1.01992
Q9H4K7	Q96EH3	0.424287
O00541	Q9Y3U8	17.0318
O00541	P62888	3.43654
O00541	P36578	6.421
P83881	P46776	175.673
P83881	P63173	129.302
P83881	P40429	167.999
Q6CM18	Q6CKL3	60.0247
Q6CM18	Q6CWJ2	115.341
Q6CM18	Q6CRK7	90.7025
Q6CNL2	Q6CW78	64.8631
Q6CNL2	Q6CKL3	114.305
Q6CNL2	P27069	68.9778
P26565	A8JE35	0.138755
P26565	A8ICE4	0.585836
P26565	Q84U22	0.260913
Q8HTL2	Q84U21	0.410257
Q8HTL2	A8JE35	1.60555
Q8HTL2	A8HXM1	0.553662
Q4E078	Q4DZP2	20.198
Q4E078	Q4D1H8	13.9103
Q4E078	Q4CV79	64.4548
Q4E581	Q4DIV9	18.9381
Q4E581	Q4DQ35	4.5779
Q4E581	Q4D1H8	43.3918
G1U2Z9	G1TGI6	133.488
G1U2Z9	B7NZS8	139.521
G1U2Z9	G1TNM3	130.986
G1U7M4	Q5CZY9	102.899
G1U7M4	G1SGX4	134.785
G1U7M4	Q3T0X6	121.224
A2RIX0	A2RP61	0.130852
A2RIX0	A2RNQ6	0.222152
A2RIX0	A2RNV0	0.229338
A2RNN6	A2RI10	0.0339843
A2RNN6	A2RNP9	0.0539006
A2RNN6	A2RNN9	0.0694444
P14126	P0CX45	107.221
P14126	P0CX41	89.4128
P14126	P04650	148.503
P34232	Q02892	0.60778
P34232	Q99257	0.327657
P34232	P0CX84	0.368569
P00420	P32799	24.7312
P00420	Q2V2P9	0.0423567
P08525	Q2V2P9	0.276596
P08525	P37299	0.145758
P08525	P07143	3.61795
Q8WUD4	Q9NW64	3.15007
Q8WUD4	O43660	7.3985
Q8WUD4	Q9ULR0	3.80892
Q9HCS7	Q9P013	1.84373
Q9HCS7	Q9H5V9	0.310031
Q9HCS7	Q9GZU8	0.412907
G0SI44	G0RXZ3	4.09478
G0SI44	G0S1P9	15.3484
G0SI44	G0SBX1	2.92205
P0CT45	G0S081	2.46018
P0CT45	G0S5R0	0.15457
P0CT45	G0S215	0.300194
P32569	P38304	0.411329
P32569	Q99278	0.890273
Q06213	P27999	2.24021
Q06213	P25046	1.16291
Q06213	P19263	0.669814
Q6C674	F2Z619	0.826144
Q6C674	A0A1H6Q311	0.0333333
Q6CI60	Q6C8J9	1.90162
Q6CI60	Q9B6D4	2.6583
Q6CI60	Q6C1R9	0.206602
Q383R4	Q57VQ9	0.324482
Q383R4	Q383D1	0.1943
Q383R4	Q57W62	0.23045
Q389L3	C9ZJE4	0.265184
Q389L3	Q4GYS4	0.234114
Q389L3	C9ZIL7	0.223492
P17076	P38805	4.38231
P17076	P26321	78.5834
P17076	P40007	0.735119
P36160	P05738	0.829797
P36160	P40078	43.5338
P36160	P26321	0.879727
A0ACD6BAN1	A0ACD6BAN0	0.0647535
A0ACD6BAN1	A0ACD6BAN4	0.270792
A0ACD6BAN1	A0ACD6BAN6	0.132868
A0ACD6BAN3	A0ACD6BAN2	0.240017
O43920	P03886	174.305
O43920	H9PGF0	166.312
O43920	O95298	1.25606
O96000	Q9UDW1	0.0675526
O96000	O95168	170.408
O96000	P03905	191.115
Q4DET1	Q4DUA8	0.165533
Q4DET1	Q4CT44	0.154611
Q4DET1	Q4E4E0	0.201309
Q4DS13	Q4DRC8	0.239876
Q4DS13	Q4DMI0	0.245715
Q4DS13	Q4DZA7	0.385446
A0A0M3KL53	F1SG95	135.32
A0A0M3KL53	F1S001	124.196
A0A0M3KL53	A0A0M3KL52	78.6159
A0A287AQT5	F1RHJ1	141.865
A0A287AQT5	F1S8A5	115.839
A0A287AQT5	A0A0M3KL55	139.386
Q06411	P28320	0.280286
Q06411	P36118	0.340703
Q06411	P33334	0.268857
Q12417	Q03654	1.59182
Q12417	Q02554	0.698972
Q12417	P36048	0.648574
Q229S1	Q24DJ0	0.74409
Q229S1	Q23YW7	0.950469
P0CX29	P0CX37	103.812
P0CX29	Q05775	6.3745
P0CX29	P35997	1.17494
Q99216	Q3E792	49.0755
Q99216	P40055	2.58876
Q99216	Q05022	1.50194
Q236T0	P0DJ24	76.3935
Q236T0	P0DJ20	11.2586
Q236T0	P0DJ56	45.0159
Q24F59	P0DJ58	20.6372
Q24F59	P0DJ59	48.5046
Q24F59	P0DJ24	2.61753
A8B2Q4	A8BRY6	5.4471
A8B2Q4	V6TD19	18.1415
A8B2Q4	A8BYY2	37.9033
A8BN26	A8BMF7	22.8677
A8BN26	A8BE02	77.4286
A8BN26	E2RU47	61.3771
P0AG20	P0A7U3	0.0469115
P0AG20	P0A7S3	0.123678
P0AG20	P0ADY7	0.185612
P0AG63	P0AG67	0.11037
P0AG63	P0A7L8	0.627871
P0AG63	P0ADY3	0.152923
G0S8F1	G0S5S8	20.0772
G0S8F1	G0S0I6	11.7298
G0S8F1	G0SDS8	2.0324
G0SGT6	G0S992	1.89794
G0SGT6	G0S9B5	56.3698
G0SGT6	G0SBZ6	71.8634
F1RGE3	F1SIS9	143.981
F1RGE3	F1SLR1	105.593
F1RGE3	K7GR43	0.0109668
Q7IIB7	A0A8D2CGH8	0.529048
Q7IIB7	K7GSE5	1.27162
Q7IIB7	I3LGM4	91.0858
P0DOY8	Q5SLQ1	0.393468
P0DOY8	Q5SHP9	0.257273
P0DOY8	Q5SHR2	0.485435
Q5SHN3	P80377	0.0411857
Q5SHN3	P80373	0.0258446
Q5SHN3	P80376	0.0461593
P26565	A8HWZ6	0.15373
P26565	A8IP00	0.0657921
P26565	A8I3M4	0.378613
Q84U21	A8INR7	0.152298
Q84U21	A8HXM1	0.373134
A0A287A0K2	A0A286ZXA6	111.497
A0A287A0K2	A0A287B9C4	142.338
A0A287A0K2	A0A286ZJR2	10.6348
F1SGC7	A0A8D1VKN8	148.553
F1SGC7	A0A8D1P1C8	148.553
F1SGC7	W5IDB9	119.279
P32569	P38633	0.857488
P32569	P34162	0.332689
P33308	P27999	0.548245
P33308	P20436	0.322837
P62899	Q9BZE4	3.80521
P62899	P46776	167.529
P62899	P62910	164.352
Q9NVX2	P35268	0.894185
Q9NVX2	P62910	0.781703
Q9NVX2	P62750	1.60936
Q7MWL2	Q7MTM3	0.0720845
Q7MWL2	Q7MVQ8	0.0951691
Q7MWL2	Q7MTM0	0.351157
Q7MXK8	Q7MVQ8	0.0464674
Q7MXK8	Q7MTP1	0.329883
Q7MXK8	Q7MX94	0.0220588
A0A0G9LZG6	A0A0H0YA78	0.196255
A0A0G9LZG6	A0A0G9M4M9	0.203133
A0A0G9LZG6	A0A0H0Y943	0.149576
A0A0H0YAF4	A0A0H0YB55	0.332566
A0A0H0YAF4	A0A0H0YFV7	0.366595
A0A0H0YAF4	A0A1W6TTE6	0.528945
P18931	Q9VQM2	8.77258
P18931	Q9W125	27.3259
P18931	Q9W3X7	0.478475
Q9W380	Q9W402	0.0945353
Q9W380	Q9VF27	0.087797
Q9W380	P18933	0.0379907
Q4FQ63	Q4FUD7	0.336565
Q4FQ63	A0A0M4SWV1	0.290196
Q4FQ63	Q4FRD8	0
Q4FUE9	Q4FVB4	0.356263
Q4FUE9	Q4FUD5	2.17537
Q4FUE9	Q4FRD8	0.362903
A0A0U5AR65	A0A660JML6	0.55349
A0A0U5AR65	A0A0U5AWX6	0.186799
A0A0U5AR65	A0A0U5A6U3	0.0714922
A0A660JH71	A0A0U5AD05	0.0979032
A0A660JH71	A0A0U5AWX6	0.232055
A0A660JH71	A0A660JKZ6	0.423415
P21372	Q08963	5.63335
Q06217	P36048	1.6594
Q06217	Q12330	48.9381
Q06217	P39990	89.8693
P25398	Q9BSC4	4.99392
P25398	P13639	5.82763
P25398	Q9Y2X3	234.31
Q9BRS2	P62266	175.071
Q9BRS2	P62979	111.498
Q9BRS2	P62244	6.5323
P05749	Q03532	4.6903
P05749	Q04311	1.78729
P05749	P53742	2.99366
P25808	P14120	1.7719
P25808	Q04660	19.7972
P25808	Q04031	1.38806
Q22DC6	Q24F70	12.2676
Q22DC6	Q22MB0	36.5121
Q22DC6	Q22AV9	33.7187
Q22W26	Q24F70	1.52621
P60129	Q9S7J7	0
P60129	P04778	0.0315395
P60129	Q07473	0.0130672
Q9SHR7	P56778	0.105756
Q9SHR7	Q07473	0.03365
O97725	P03887	143.816
O97725	Q6EMT1	143.589
O97725	Q02370	147.028
P03910	Q02369	1.00572
P03910	P03920	108.712
P03910	Q8HXG5	118.519
P61941	Q72I05	0.171249
P61941	Q72I22	0.0949495
P61941	P0A7I0	0.550231
Q72I11	Q72JR0	0.0359604
Q72I11	Q72I28	3.61817
Q72I11	Q72IA7	0.419955
A0A8D1KNW4	Q4R941	0.0391009
A0A8D1KNW4	O00267	0.986606
I3LCB2	A0A4X1VEK9	0.173491
I3LCB2	A0A4X1VM56	114.578
Q4CT44	Q4DZA7	0.366942
Q4CT44	Q4DRC8	0.181825
Q4CT44	Q4E4E0	0.388078
Q4DY17	A0A2V2XQ88	0.187384
Q4DY17	Q4DS13	0.328197
Q4DY17	Q4DUA8	0.351266
G0S101	G0RXZ3	4.07022
G0S101	G0S4P8	2.28848
G0S101	Q2H9R2	75.6334
G0S683	G0SI44	2.0973
G0S683	G0SGD8	3.62755
G0S683	G0RXZ3	9.18958
P05767	P25457	57.9524
P05767	Q9URT8	46.7147
P05767	Q10330	58.3019
Q09127	Q92366	59.5488
Q09127	Q9P7K6	0.1258
Q09127	O74895	228.994
A0A2B7IGT1	Q6A7V2	0
A2RLA4	A2RMR1	0.129767
A2RLA4	A2RP62	0.114345
A2RLA4	A2RNN4	0.208268
A2RMR2	A2RNR2	0.282931
A2RMR2	A2RNN4	0.0743146
G0S215	G0SHQ2	2.79443
G0S215	G0SCP3	0.641746
G0S215	G0S4Z9	1.6416
G0SC29	G0SBX1	5.91452
G0SC29	G0S081	40.2916
G0SC29	G0SCP3	0.832523
P62888	Q07020	158.231
P62888	P26373	159.131
P62888	P50914	186.653
Q99848	O95478	185.751
Q99848	P46776	174.039
Q99848	Q9Y221	175.399
P10972	P18138	0.868478
P10972	P60619	5.21694
P10972	P12735	3.99414
P32411	P12743	2.8096
P32411	P14123	2.01895
P32411	P12737	0.377009
Q02369	Q02367	150.903
Q02369	P42028	146.59
Q02369	Q02365	147.471
Q02827	P03892	123.346
Q02827	Q8HXG6	93.7816
Q02827	Q02374	1.06181
O97418	Q9VF27	30.4536
O97418	Q94519	21.764
O97418	Q9VZU4	36.2813
P91929	Q9VTB4	0.147341
P91929	P18934	1.37444
P91929	P03896	12.3268
Q72HB8	Q72I11	0.788396
Q72HB8	P61941	0.503831
Q72HR3	P0A7I0	8.53892
Q72HR3	Q72L77	0.0126697
Q72HR3	Q72I20	0.122794
E1UWB7	E1UWB2	12.5817
E1UWB7	E1UWB1	9.84501
E1UWB7	E1UWA6	13.4643
E1UWB9	E1UWB6	0.0755844
E1UWB9	E1UWD4	0.0472706
E1UWB9	E1UWC6	0.107752
A2DEJ9	A2ER97	3.57661
A2DEJ9	A2DPS3	68.744
A2DEJ9	A2DVD8	26.4281
A2EHK3	A2DST7	1.08817
A2EHK3	A2DVD8	18.7282
Q4DX19	Q4DW24	0.0596697
Q4DX19	Q4D583	0.00573394
Q4DX19	Q4DLH4	0.0631801
Q4DYR0	Q4D7F8	0.190745
Q4DYR0	Q4DRR8	0.271852
Q4DYR0	Q4DJ95	0.208002
A0T0W4	B8C0K4	0
A0A3Q8IJC5	A0A3S5H5C4	73.944
A0A3Q8IJC5	A0A3Q8ICH0	36.9677
A0A3Q8IJC5	A0A504XJE6	3.87534
A0A504XVT8	A0A3S5H7L0	51.0587
A0A504XVT8	A0A3S7XBN1	40.0901
A0A504XVT8	A0A3Q8ICH0	1.78192
A0A3B6N0N5	E2F3W4	1.71701
A0A3B6N0N5	W5EL62	40.041
A0A3B6PK86	W5FPA7	74.8571
A0A3B6PK86	W5ECL2	85.1481
G0RYG4	G0S9T3	1.62803
G0RYG4	G0SEI0	1.27538
G0RYG4	G0RZE9	13.5061
G0SAJ9	G0RYU9	12.748
G0SAJ9	G0SFL0	92.4734
G0SAJ9	G0S1H0	6.51799
P0A387	P19054	0.0240424
P0A387	P12312	0
P0A387	P51765	0.147239
P0DM37	P19052	0
P0DM37	Q7DGD4	0.0551471
A0A1B4XKT1	A0A1B4XPL8	3.66152
A0A1B4XKT1	A0A1B4XMC1	0.189833
A0A1B4XKT1	A0A1B4XKR5	0.0531829
A0A1B4XR98	A0A1B4XM73	0
A0A1B4XR98	A0A1B4XKR6	0.541334
P60494	Q5SLQ1	0.0395753
P60494	Q5SHN5	0.255796
P60494	Q5SHQ7	0.301973
Q5SKU1	Q5SHP8	0.0179067
Q5SKU1	P35871	0.133333
Q5SKU1	Q5SHP0	0.212019
P02406	P05759	58.9505
P02406	P0CH08	55.0983
P02406	P32905	74.019
P0CG63	P0CX41	0.0462862
P0CG63	P53044	8.85897
P0CG63	P40343	3.68436
P03896	Q9VTU2	20.2655
P03896	Q7K1C0	0.165007
Q7PL91	P18932	10.8583
Q7PL91	C7DZL4	10.7642
Q7PL91	Q9VXZ0	23.8103
P17568	O95169	181.568
P17568	O95139	170.607
P17568	P00415	1.12367
Q9NX14	O95168	151.264
Q9NX14	O96000	161.862
Q9NX14	O95178	151.084
A4HSQ5	A4IDD0	28.4968
A4HSQ5	A4HZI9	34.6265
A4HSQ5	A0A381MU64	4.54774
Q9GNZ8	A4IBS2	59.3805
Q9GNZ8	A4I384	46.4039
Q9GNZ8	A4IDD0	28.8132
O60524	P62987	3.73134
O60524	P30050	1.39722
O60524	Q96L21	1.31109
P42766	O94874	3.45619
P42766	P63173	133.566
A0A4X1SNY5	A0A480TFA5	53.2938
A0A4X1SNY5	A0A8D0INK7	72.549
A0A4X1SNY5	O79881	0.472048
A0A8D1TTB3	B8Y651	174.771
A0A8D1TTB3	A0A8D0K655	159.435
A0A8D1TTB3	A0A286ZUN9	133.834
P75540	Q50301	0.219944
P75540	P75171	0.347135
P75540	P75577	1.1025
Q50300	P46775	0.0917784
Q50300	P75447	0.0903581
Q50300	P75579	1.68146
P82915	Q58DQ5	149.429
P82915	P82926	147.708
P82915	P82916	146.534
P82922	Q2YDF6	169.088
P82922	Q3T040	166.614
P82922	P82931	152.57
O42932	Q9P7E0	0.296167
O42932	P05501	4.73227
O42932	P78761	0.499144
O74988	O74433	0.96381
P02721	P07251	120.539
P02721	P19483	154.994
P02721	P05631	144.866
P03929	P14790	45.2141
P03929	P19483	2.25111
Q8R2L5	Q8VE22	25.2436
Q8R2L5	Q9DCA2	90.749
Q8R2L5	Q9CY16	122.299
Q9CPX7	Q9D125	157.76
Q9CPX7	Q99N84	160.213
E9BCX6	A0A3Q8IHK2	17.0989
E9BCX6	D1M863	28.384
E9BCX6	E9B8R9	29.0112
E9BP34	A0A3Q8IET6	1.38648
E9BP34	A0A3Q8IJC5	43.242
E9BP34	E9B949	38.4231
A0A2K3CQY8	A0A2K3CNM3	0.309256
A0A2K3CQY8	A8JGX6	0.207732
A0A2K3CQY8	A0A2K3DGK2	0.760449
A0A2K3DPT3	A0A2K3DGK2	0.372912
A0A2K3DPT3	A0A2K3DZV7	0.200141
Q2FEP6	Q2FEQ4	0.762914
Q2FEP6	Q2FJ95	0.018603
Q2FEP6	Q2FEQ0	0.866534
Q2FG82	Q2FEP4	0.196945
Q2FG82	Q2FHJ7	2.58309
Q2FG82	Q2FHV3	0.0410601
A0A8D1EYI7	O79881	118.646
A0A8D1EYI7	Q9TDR1	3.5682
A0A8D1EYI7	Q71K68	3.05374
F1SV23	A0A4X1VD84	120.882
F1SV23	F1SLR1	99.2384
F1SV23	A0A4X1VQ42	3.98035
G0S620	G0S9U7	0.737472
G0S620	G0S4I7	0.240699
G0S620	G0SDM8	0.37895
G0S7S7	G0S4I7	0.393223
G0S7S7	G0SF87	6.53534
G0S7S7	G0S066	3.46753
A0A125YJX3	B9PX63	33.7112
A0A125YJX3	B9PHL8	56.9648
A0A125YJX3	A0A125YVX8	28.8579
B9PZF2	B9PP49	0.1328
B9PZF2	B9PSN8	62.3534
G0S435	G0SGD8	10.0594
G0S435	G0RXZ3	8.13766
G0S435	G0SD05	17.0042
G0SBN1	G0S992	54.6591
G0SBN1	G0SCK6	2.3851
G0SBN1	P08978	71.3224
A0QS45	A0QSP8	3.48759
A0QS45	A0QSG0	2.05714
A0R7F6	A0QSG8	1.21453
A0R7F6	A0QSL4	0.40809
A0R7F6	A0QSP8	0.633239
A0A077UG91	W8TPC6	0.235781
A0A077UG91	A0A077URJ8	0.312004
A0A077UG91	A0A077UKF9	0.424268
A0A077VMP6	A0A077V4G0	0.289254
A0A077VMP6	W8TUE6	0.153361
A0A077VMP6	A0A077URJ8	0.0107983
P61254	Q9BZE4	6.69912
P61254	P46776	19.2117
P61254	Q9Y6X1	0.0738767
Q9NVX2	P40429	1.32749
Q9NVX2	P32969	0.700064
G1SHG0	Q9BXJ9	3.29107
G1SHG0	G1SVB0	11.4669
G1SHG0	Q13765	0.754009
G1SYU7	G1TXF6	105.707
G1SYU7	G1SCJ6	121.926
G1SYU7	G1T0C1	242.169
P19946	O31418	0.310901
P19946	P21476	0.0107951
P19947	P42921	0.285843
P19947	O34693	0.180196
Q4DWR5	Q4DX83	0.166563
Q4DWR5	Q4CVW1	0.255623
Q4DWR5	Q4DTE7	0.289655
Q4E2D1	Q4DBB7	0.372785
Q4E2D1	Q4D6Y0	0.163029
Q4E2D1	Q4E1X5	0.278143
P62750	P62861	134.828
P62750	P18077	137.804
Q9NXF1	P62888	0.894398
Q9NXF1	Q8IZL8	0.248394
Q9NXF1	Q13823	1.71328
Q4D1H8	Q4DG45	78.3655
Q4E661	V5BDJ2	15.6352
Q4E661	Q4CV79	33.4865
Q4E661	Q4E2E0	26.431
A0A3B6C2W3	A0A1D5UQZ5	64.0713
A0A3B6C2W3	A0A3B6RFY8	1.95851
W5ECL2	A0A3B6RED0	110.1
W5ECL2	W5FEX7	109.778
P35178	P33201	0.479408
P35178	P05738	0.218106
P35178	P05743	0.432646
P40007	P38779	0.392512
P40007	P05740	2.577
P40007	P10962	1.76041
A8JFR3	Q6RCE1	0.433015
A8JFR3	B8LIX8	0.268155
A8JFR3	A9XPA7	0.266569
Q2XQY7	H9CTG6	0.874077
Q2XQY7	A8HN58	12.6446
Q2XQY7	B8LIX8	10.6231
P56751	Q37165	0.345579
Q2V2S7	A0A178WB24	0.216794
Q2V2S7	P56767	0.0682706
P18934	Q9W125	2.33786
P18934	Q7K1C0	0.219369
P18934	P18930	11.0629
Q6IDF5	Q9V3L7	0.214395
Q6IDF5	Q9MDK5	0.121552
Q6IDF5	P18931	0.121552
A0A6J4B037	A0A6J4B0A4	0.0469833
A0A6J4B037	A0A6J4B125	0.112562
A0A6J4B037	A0A6J4B0S3	0.135624
A0A6J4B150	A0A6J4B0A4	0.0801465
A0A6J4B150	A0A6J4B0S3	0.0799207
A0A6J4B150	B7FRW2	0.134551
A0A1B4XKT9	A0A1B4XKU3	0.620047
A0A1B4XKT9	A0A1B4XKU1	2.12281
A0A1B4XKT9	A0A1B4XSB2	5.24329
A0A1B4XMC1	A0A1B4XMB1	0.273271
A0A1B4XMC1	A0A1B4XPL8	1.47587
A0A1B4XMC1	A0A1B4XKQ7	0.00508086
G0SAE9	G0S0R3	3.78195
G0SAE9	G0S0S8	0.917387
G0SAE9	G1DJA3	7.23501
G1DJA2	G1DJ98	0.514119
G1DJA2	G0S681	2.37876
G1DJA2	G0SAY0	2.21768
A0ACD6B9M1	A0ACD6B9M3	0.00436777
A0ACD6B9N5	A0ACD6B9M2	0.134124
A0ACD6B9N5	A0ACD6B9M0	0.177532
A0ACD6B9N5	A0ACD6B9L2	0.122781
A0A218P4I2	Q980K5	1.89763
A0A218P4I2	A0A218NZT7	28.156
A0A218P4I2	A0A218NZX3	12.2054
A0A218P4N5	A0A218NZT7	1.66762
A0A218P4N5	A0A218P055	0.043076
A0A218P4N5	A0A218NZU7	5.48213
O60306	Q9Y3C6	4.2222
O60306	O60231	1.81095
O60306	Q13356	1.61123
Q9Y314	O43660	4.42513
Q9Y314	Q99459	0.535505
Q9Y314	P41223	1.38737
P62277	P42677	143.548
P62277	G1TZ76	143.548
P62277	P62273	132.635
Q9UI30	O43709	176.163
A0A222AI58	A0A222AID2	0
A0A222AI58	A0A222AI35	0.070875
A0A222AI58	A0A222AIE4	0
A0A222AI69	A0A222AI51	0.212885
A0A222AI69	A0A222AID2	0.133272
A0A222AI69	A0A222AIA0	0.245098
A0A1B1W4Z4	Q9CAC5	0.111553
P96077	P29395	18.3457
Q5SHN8	P07012	1.42056
Q5SHN8	P37362	0
Q5SHN8	P80339	1.77079
O74895	P05734	4.5625
O74895	O94238	78.1239
O74895	Q10330	93.2462
Q10192	P0CT68	66.7952
Q10192	P79071	39.4108
Q10192	O94238	56.5044
A0A291AXD7	A0A291AXC9	0.155664
A0A291AXD7	A0A291AXF7	0.114185
A0A291AXG1	A0A291AXC6	0.214382
A0A291AXG1	A0A291AXC5	0.205151
A0A291AXG1	A0A291AXC9	0.254278
Q9HVY2	Q9I0A2	1.34686
Q9HVY2	Q9HVL6	1.98188
Q9HVY2	Q9HWF1	0.463575
Q9HWE5	Q9HUD0	0
Q9HWE5	Q9HWD5	0.370057
Q9HWE5	Q9HVC4	0.0495821
A0A1D8N3H5	A0A371C5F3	0.0932158
A0A1D8N3H5	A0A1H6PPE5	2.50661
A0A1D8N3H5	Q9UUT7	7.24451
S5U3X7	S5TMS4	0.183509
S5U3X7	A0A1H6PPE5	0.389758
S5U3X7	A0A371C2D0	0.0954879
A0A1D8N7X0	Q9UUU2	0.974213
A0A1D8N7X0	Q9UUT7	21.0501
A0A1D8N7X0	A0A1D8N3C8	0.165348
S5U4R9	A0A371CFV9	0.119173
S5U4R9	Q6ZY24	0.156544
S5U4R9	A0A371BY45	0.627883
E1UWB7	E1UWC7	0.287546
E1UWB7	E1UWB3	10.4986
E1UWB7	E1UWE3	4.44914
E1UWD4	E1UWB6	0
E1UWD4	E1UWB8	0.041896
E1UWD4	E1UWB3	0.0212681
P39990	P47083	28.0957
P39990	Q03338	4.94546
P39990	Q02554	5.34289
Q06512	Q3E792	0.386188
Q06512	P0CX55	1.34599
Q06512	P40079	2.2117
A8I1D3	A8JEP1	0
A8INR7	A8JEP1	0.0118775
A8INR7	Q8HTL3	1.088
Q9HWC5	Q9HWC7	0.321173
Q9HWC5	Q9HWF4	1.92109
Q9HWC5	Q9HVC4	0.414164
Q9HWE2	Q9HTN8	0.290661
Q9HWE2	Q9HVL7	0.295835
Q9HWE2	Q9HUM9	0.138424
G0SBX1	G0SGH8	0.993137
G0SBX1	G0S081	59.1369
G0SBX1	G0SF80	2.18786
G0SEI0	G0S6B0	0.789151
G0SEI0	G0RZM9	112.8
O51247	O51140	0.0390946
O51247	O51348	0
O51247	P94268	0.288676
O51456	P94267	1.23605
O51456	P94268	3.49263
O51456	P94272	0.689024
P15690	P23709	179.827
P15690	Q02366	166.317
P15690	Q95KV7	162.481
Q02376	Q02374	0.0469055
Q02376	O78748	105.254
Q02376	P52505	107.396
P21468	P04969	0.0234632
P21468	P21470	0.248502
P46899	P42924	0.25193
P46899	P55873	0.130742
P46899	O31418	0.0427739
P0DJ14	Q24F59	50.0839
P0DJ14	P0DJ19	54.5594
P0DJ14	P0DJ57	37.6278
P0DJ20	P0DJ17	8.34967
P0DJ20	P0DJ56	5.12351
P0DJ20	P0DJ55	0.969931
Q50304	Q50296	0.146316
Q50304	Q50309	0.37995
Q50304	P75546	0.0370858
Q50308	P57079	0.18306
Q50308	Q50301	0.0632532
Q50308	Q50309	0.00684667
P46775	P41204	0.0680119
P46775	P75576	0.0712083
P46775	Q50296	0.0861117
P75581	P75541	0.822471
P75581	P75543	0.339061
P75581	Q50305	0
Q9CR59	Q9D7N6	108.177
Q9CR59	Q9CZ83	83.9452
Q9CR59	Q99N95	5.87654
Q9D0Q7	Q9DCI9	144.024
Q9D0Q7	Q8K2Y7	142.235
Q9D0Q7	Q9D1N9	153.491
P60430	Q2FUQ0	0.0778179
P60430	Q2FW16	0.130526
Q2FXQ0	Q2FZF1	0.114943
Q2FXQ0	Q2FW13	0.0556608
Q2FXQ0	Q2FY22	0.226036
P25043	P33297	72.5768
P25043	P28074	22.5217
P25043	P40302	35.1721
Q12250	P21242	26.9398
Q12250	P23638	13.4367
Q12250	P23639	31.5376
O14180	P78946	3.00469
O14180	P79071	2.19087
O14180	Q9P784	4.55258
O94658	Q10192	66.5515
O94658	P57728	77.7998
O94658	P35679	69.6616
G0S0R3	G1DJA6	7.09996
G0S0R3	G1DJA3	4.3507
G1DJ98	G0SB83	0.961934
G1DJ98	G0SBG9	0.72441
G1DJ98	G1DJ99	0.717283
F2Z522	I3L7Y1	4.56138
F2Z522	Q29361	86.9658
F2Z522	P67985	74.6626
F2Z546	P62831	84.622
F2Z546	I3LP78	116.313
F2Z546	A1XQU3	98.8029
Q8R035	Q9D1P0	18.3552
Q8R035	Q8BU88	154.351
Q8R035	Q9D7N6	148.038
Q9CQL5	Q9DCI9	139.272
Q9CQL5	Q99N85	156.774
Q9CQL5	Q9D7N6	5.44608
P18422	P48004	26.7615
P18422	Q9JHW0	149.503
P18422	P28073	135.83
P40112	P34064	157.77
P40112	P60901	170.187
P40112	P17220	151.208
Q7S1R6	Q1K6U7	0.195705
Q7S1R6	Q1K4P1	0.424934
Q7S1R6	Q7S300	0.186777
Q7SA60	Q7SB98	1.65193
Q7SA60	Q1K6U7	0.383333
Q7SA60	Q7S5N0	1.14023
C4LSU3	O15595	15.4435
C4LSU3	C4LXC8	40.4416
C4LSU3	C4LYF9	15.1975
C4M3F3	C4LVZ9	36.9056
C4M3F3	B1N4V3	4.90899
C4M3F3	O15595	20.2037
B8BU33	B8LE60	0.0547377
B8BU33	B8C8Q0	0.0500311
A0A077UZF4	A0A077UKD6	0.457267
A0A077UZF4	W8TPC6	0.167857
A0A077UZF4	W8TUC3	0.207961
A0A077VHU6	A0A1Q4GY48	0.128254
A0A077VHU6	W8TUC9	0.447135
A0A077VHU6	D2Z097	0.281781
Q4D0Q8	Q4D583	0.120843
Q4D0Q8	Q4DW24	0.109387
Q4D0Q8	Q4CTU7	0.0698925
Q4DX83	Q4CTU7	0.0605488
Q4DX83	Q4DTE7	0.129529
Q4DX83	Q4DNX8	0.242329
Q1K7L7	Q7RYM5	0.343513
Q1K7L7	Q7SHF3	0.158569
Q1K7L7	Q7SF85	0.444256
V5IMN1	Q7SC44	0.424166
V5IMN1	Q96U95	0.395253
V5IMN1	Q1K7P9	0.395253
E1UWA8	E1UWB5	0.691197
E1UWA8	E1UWB1	56.9703
E1UWA8	E1UWD3	37.4687
E1UWE1	E1UWC9	0.254639
E1UWE1	E1UWE6	0.147631
E1UWE1	E1UWB6	0.226197
O95478	P49207	169.226
O95478	P61254	179.603
O95478	Q9UNZ5	7.01465
Q9BRT6	Q9UKD2	4.40634
Q9BRT6	Q07020	0.152647
Q9BRT6	P39023	1.25681
G0S5S8	G0SHQ0	2.05153
G0S5S8	G0SI44	9.52163
G0S5S8	G0S5L0	3.79201
G0SHK0	G0S8F1	0.646306
G0SHK0	G0RXZ3	0.7327
G0SHK0	G0RXW1	3.26067
Q2FER4	Q2FJ94	1.34481
Q2FER4	Q2FJP6	0.457267
Q2FJP8	Q2FEQ4	0.365799
Q2FJP8	Q2FHG5	0.184935
Q2FJP8	Q2FJP6	0.167857
A0A8I3PCE5	Q5W412	158.438
A0A8I3PCE5	A0A8I3P0V3	170.584
A0A8I3PCE5	A0A8I3NW81	104.679
A0A8I3RXV3	A0A8I3NW81	38.9755
A0A8I3RXV3	A0A8I3NP66	152.634
A0A8I3RXV3	A0A8I3N0P1	170.13
Q9VPE2	Q9VTB4	34.3233
Q9VPE2	Q9VWI0	30.6784
Q9VPE2	Q9VQD7	23.7407
Q9W380	P18930	0.015984
Q9W380	Q7JYH3	0.0165011
Q9W380	P18929	0.0276807
V5BCU3	A0A7J6YDC7	40.7958
V5BCU3	A0A2V2VJR6	37.0187
V5BCU3	A0A2V2W7U6	61.9355
V5BW71	V5BU39	11.3548
V5BW71	V5B1X4	8.65317
V5BW71	A0A7J6YFR6	6.65264
C3SR17	P02358	0.448671
C3SR17	P0A7V8	0.205529
C3SR17	C3SFP2	0.0997232
P51398	Q92552	180.741
P51398	P82650	196.821
P51398	Q96A35	190.764
P82675	Q8WVM0	4.27979
P82675	O75616	1.85654
P82675	O15235	1.90526
Q05468	P0C2H6	0.896255
Q05468	P49167	0.704082
Q05468	Q04781	0.390446
Q12522	Q03532	39.554
Q12522	Q04311	4.62676
Q12522	P36105	65.6655
C4R2U9	C4QZQ7	0.422225
C4R2U9	C4R5R1	0.430708
C4R2U9	C4R7H2	0.558767
C4R6B2	C4R009	0.793649
C4R6B2	C4R4Y0	0.338786
A0A480KM09	A0A4X1SZP7	104.313
A0A480KM09	A0A480TFA5	0.139716
A0A480KM09	A0A8D1NRT6	88.8392
A0A8D2CGH8	A1XQS6	96.6416
A0A8D2CGH8	F1SGC6	117.471
A0A8D2CGH8	F1SLR1	85.4454
Q4DBB7	Q4E2I9	0.31622
Q4DBB7	Q4D4G1	0.225982
Q4DBB7	A0A2V2XQ88	0.274719
Q4DZA7	Q4DD80	0.249386
Q4DZA7	Q4E4E0	0.363832
A0A1D8NKB4	A0A1D8NJR0	0.0691094
A0A1D8NKB4	S5U3X7	0.0905904
A0A1D8NKB4	S5TMS4	0.0437777
A0A1H6PPE5	A0A1D8NNZ0	2.60053
A0A1H6PPE5	A0A1D8NC63	0.243529
A0A1H6PPE5	A0A1D8NJR0	0.0937044
P62314	Q66K91	145.74
P62314	P14678	148.567
P62314	Q9VV74	32.9915
Q9BWJ5	Q9Y333	40.8775
Q9BWJ5	Q15428	165.725
Q9BWJ5	Q7RTV0	147.39
P0A7Q6	P0A9W3	0.117828
P0A7Q6	P0AA10	5.36064
P0A7Q6	P0A7M9	0
P25519	C3SR17	0.35316
P25519	P0A7J7	1.266
P25519	P0A7K6	0.505654
A0A1S3WY31	Q07761	67.8218
A0A1S3WY31	P41098	50.45
A0A1S3WY31	A0A1S4DN51	87.1186
A0A1S3XU79	A0A1S4A807	35.3352
A0A1S3XU79	A0A1S4D668	60.9699
A0A1S3XU79	A0A1S4DN49	1.14828
Q4G3B5	A0A7S3TFW5	0.10523
Q4G3B5	Q4G373	0.014751
Q4G3B5	Q4G3F5	0.0160293
Q4G3B9	R1EZZ6	0.178891
Q4G3B9	Q4G3F5	0.0267741
Q4G3B9	Q4G369	0.111069
F1SL07	A0A8W4F7N8	0.113902
F1SL07	O79880	1.10023
F1SL07	Q9TDR1	129.495
F1SV23	O79874	125.959
F1SV23	A0A4X1V766	0.0544474
F1SV23	K7GR43	107.113
Q72IA7	P0A7I0	0.504369
Q72IA7	P80340	0.280266
Q72IA7	Q72I23	0.30822
Q9VJZ4	Q9V3L7	1.57644
Q9VJZ4	Q7PL91	18.0008
Q9VJZ4	Q6IDF5	0.0639749
Q9W402	Q7JZK1	23.7386
A0A8I6Y1Z8	A1E9J6	0.164811
A0A8I6Y1Z8	O98693	0.0826221
A0A8I6Y1Z8	F2CTW7	0.149321
F2D3G1	S4Z272	0.308778
F2D3G1	Q7GT16	0.130413
F2D3G1	F2CPQ4	0.261062
Q8TJT2	Q8TRT5	1.36339
Q8TJT2	Q8TRR1	2.10868
Q8TRT2	Q8TRT8	21.1385
Q8TRT2	Q8TS56	38.1212
Q8TRT2	Q8TRC1	43.6108
B5FVF3	Q6C1R9	0.162793
B5FVF3	Q9B6C7	0.0502804
B5FVF3	B5FVD3	0.768641
Q6C674	Q6C1R9	0.135092
Q6C674	Q6C926	0.348948
Q8VDF2	P68372	1.78309
Q8VDF2	P68373	1.32525
Q8VDF2	P68369	1.39841
Q9CWF2	P61079	12.6543
Q9CWF2	Q9WTX5	2.79709
Q9CWF2	Q9D0L1	2.03655
Q8K013	Q9D1B9	0.416257
Q8K013	Q8K2Y7	0.887631
Q8K013	Q8R2R6	0.538821
Q9D7N6	Q9JKF7	158.75
Q9D7N6	Q9D0Y8	123.35
A0A8D1TL60	A0A8W4F7N8	136.203
A0A8D1TL60	A0A4X1VLA2	136.203
A0A8D1TL60	F1SQP4	151.049
F1RGE3	A0A287BMW6	135.911
F1RGE3	A0A8D1EYI7	127.974
I6UZV3	I6V297	0.947117
I6UZV3	I6TXQ1	1.86159
I6UZV3	I6V2A4	0.508311
I6UZW2	I6U853	0.171417
I6UZW2	I6UQN0	0.068609
I6UZW2	I6TXQ5	0.0358103
A0A371CB65	S5U4U1	0.066905
A0A371CB65	S5U3X7	0.10263
A0A371CB65	S5U4R9	0.207566
Q9UUT7	Q6C8J9	10.3631
Q9UUT7	A0A1H6Q8Z5	10.3631
Q9UUT7	Q9B6C7	19.4156
A0A0U4VSH7	A0A0U5A6S7	3.22103
A0A0U4VSH7	A0A660JKZ6	4.32861
A0A0U4VSH7	A0A0U5AP82	0.0256197
A0A0U5AD18	A0A0U5A6S7	0.138531
A0A0U5AD18	A0A660JH71	0.0557753
A0A0U5AD18	A0A0U5AGN0	0.293171
B5FVG1	Q6CI10	0.698912
B5FVG1	Q6C4A6	0.114697
B5FVG1	B5FVF8	2.96896
F2Z673	B5RSL7	0.287036
F2Z673	B5FVF8	0.675123
F2Z673	Q9B6D6	0.246971
Q4CVW1	Q4D0Q8	0.141556
Q4CVW1	Q4DW24	0.182145
Q4CVW1	Q4DRU1	0.290366
Q4DTE7	Q4DNX8	0.287402
Q4DTE7	Q4DD80	0.244969
P20436	P16370	8.76338
P20436	P22139	16.0134
P38782	P27999	1.26138
P38782	P38633	7.45373
P38782	P19263	0.393712
A0A4X1VEK9	A0A287ADR4	0.195866
A0A4X1VEK9	A0A4X1VM56	0.233781
A0A8D1GCS3	A0A4X1VKG7	123.627
O60164	O94238	44.696
O60164	O74399	32.7211
O60164	P17937	31.5392
Q9USZ6	O94238	3.57806
Q9USZ6	Q9USG6	1.06201
Q9USZ6	P25457	2.50926
P12877	P55873	0.158349
P12877	P0CI78	0.61382
P12877	P19946	0.334583
P21469	P21467	0.411647
P21469	P12879	0.619707
P21469	P21470	0.0323471
P42921	P20277	3.69151
P42921	P19946	2.01072
P42921	Q03223	0.0371834
G0S8F1	G0SGY1	4.05726
G0S8F1	G0SB32	2.31991
G0SHJ6	G0S5M5	0.452815
G0SHJ6	G0SCL3	10.7107
G0SHJ6	G0S9B5	12.1821
A0A6J4B0A4	A0A6J4B3M5	0.0643868
A0A6J4B0A4	A0A6J4B0S3	0.0765257
A0A6J4B112	A0A6J4B3M5	0.0793919
A0A6J4B112	A0A6J4B7P2	0.089129
A0A6J4B112	A0A6J4B2D8	0.060372
Q38C84	Q57VT0	0.313286
Q38C84	P0DPG3	19.0172
Q38C84	Q57ZE2	0.174752
Q582T1	Q583U4	0.147305
Q582T1	Q38CI8	0.288963
O94288	Q9UT32	0.906877
O94288	Q9UUC1	2.13587
O94288	O14339	1.85657
Q9USG6	O74175	46.7716
Q9USG6	Q09668	44.7746
P0CT68	O60143	62.98
P0CT68	P25457	65.0312
P17937	O94238	48.5712
P17937	O14339	64.2441
P17937	O74175	6.02796
A0A1D8NKB4	A0A1D8NNZ0	0.0632272
Q9UUT8	B5FVD3	0.119912
Q9UUT8	A0A1D8NC63	0.119912
Q9UUT8	Q6C4W9	14.8933
Q9URY0	O74399	6.73498
Q9USR7	O74399	0.887893
Q9CPR5	Q9DCI9	0.957872
Q9CPR5	Q8K2M0	163.227
Q9CPR5	Q8K2Y7	139.714
Q9CWT6	Q8K2Y7	5.23485
Q9CWT6	Q9D7N6	4.81041
Q9CWT6	Q5ND52	0.759995
C3SQY7	P0A7W1	0.0203165
C3SQY7	A0A2X1PQW4	0.389486
C3SR27	C3SR12	0.0467527
C3SR27	C3SQX2	0.105137
G0SFL0	G0S0Z3	3.26498
G0SFL0	G0SCE2	85.0579
G0SFL0	G0SHJ6	15.7097
G0SH61	G0RXZ3	4.27766
G0SH61	G0SCL3	1.21294
G0SH61	G0S1R0	4.46472
A0A286ZTW8	A0A287BIV6	6.59812
A0A286ZTW8	A0A5G2QZK0	149.797
A0A286ZTW8	A0A8D1VKN8	152.323
A0A480QIM3	I3LTC4	146.436
A0A480QIM3	F1RMQ4	158.063
A0A480QIM3	A0A8D1F1K9	136.732
P82918	P82920	152.796
P82918	Q3SZ86	138.792
P82918	Q2KID9	157.487
P82923	Q2NL27	123.779
P82923	P82915	5.78152
P82923	P82926	118.813
B5FVF8	Q9B6E8	16.332
B5FVF8	Q9B6D3	8.70393
B5FVF8	Q9B6D6	4.00365
Q9B6C8	B5FVF3	0.116751
Q9B6C8	Q9B6E9	0.235106
E1UWB1	E1UWB3	40.0369
E1UWB1	E1UWE0	14.9539
E1UWB6	E1UWB4	0.238595
E1UWB6	E1UWE4	0.103257
E1UWB6	E1UWD5	1.01679
A0A8D1EYI7	K7GSE5	119.449
A0A8D1EYI7	A0A4X1VD84	122.608
A0A8D1FN21	A0A8D1WW27	94.3729
A0A8D1FN21	A0A8D0Z0K9	125.576
A0A8D1FN21	A0A8D0INK7	0.137604
A0QS45	A0QS97	3.12337
A0QS45	A0QS62	0.158753
A0QSD6	A0QSG8	0.176871
A0QSD6	A0QS62	0.223529
A0QSD6	A0QSP8	0.396736
A0R549	A0A2U9Q0X2	0.730392
A0A1D8N3C8	Q9UUU3	12.3635
A0A1D8N3C8	Q9UUT7	15.081
S5TMP9	A0A1H6Q311	0.072085
S5TMP9	A0A1D8NGI5	0.107719
S5TMP9	S5U4R9	0.527254
E1UWC3	E1UWE3	0.713443
E1UWC3	E1UWD2	0.32696
E1UWC3	E1UWE0	0.861677
E1UWD3	E1UWC2	18.4797
E1UWD3	E1UWC5	1.04668
E1UWD3	A0A1G4KQ11	12.9601
C4LW09	C4LSA0	14.7606
C4LW09	C4LU13	50.858
C4LW09	C4M3F3	49.8528
C4LYF9	C4LT96	31.8044
C4LYF9	C4LXZ0	18.9283
C4LYF9	C4M3F3	19.8865
A0AA36INE2	A0AA36HTH0	0.131695
A0AA36INE2	A0AA36N262	0.328449
A0AA36INE2	A0AA36NBE3	0.123495
A0AA36N6D6	A0AA36NBE3	0.140112
A0AA36N6D6	A0AA36NGX7	0.125647
A0AA36N6D6	A0AA36MQP1	0.124949
I6UZW2	I6V2A4	0.304205
I6V297	I6U860	0.571453
I6V297	I6TXQ1	1.11486
G1SWM1	G1TG89	0.498419
G1SWM1	G1U0Q2	108.877
G1SWM1	G1TPV3	124.671
G1TZ76	A0A5F9D5B2	9.37446
G1TZ76	P16967	2.90967
G1TZ76	G1TIB4	9.79072
A0A077UDU1	W8U8T8	0.0670232
A0A077UDU1	A0A077UU26	0.232511
A0A077UDU1	D2Z097	0.435831
A0A077UGW7	A0A077V0P8	0
A0A077UGW7	A0A077UU26	0.259273
A0A077UGW7	A0A1Q4GY48	0.105927
Q10013	P91918	109.681
Q10013	Q18786	149.727
Q10013	Q95XJ1	5.21551
Q9N4G9	Q17348	81.7013
Q9N4G9	P91918	156.427
Q9N4G9	Q9XTU6	194.607
Q5SKU1	P80371	0.144411
Q5SKU1	Q5SHP6	0.645085
Q5SM01	P29395	8.17798
Q5SM01	P80377	0.399555
Q5SM01	P60489	0.52653
P61055	P0A485	0.0560625
P61055	Q927L4	1.60853
P61055	Q8Y450	2.53673
P66611	Q8Y459	0.0758383
P66611	P66352	1.48306
P66611	Q8Y8I3	0.411151
A0A2K3D8F3	A0A2K3DKX8	0.216755
A0A2K3D8F3	A0A2K3DTE5	0.167108
A0A2K3D8F3	A0A2K3DXQ3	0.259941
A0A2K3D9N2	A8IWI1	0.314178
E9BJV7	E9BQ25	39.1852
E9BJV7	E9BTG4	29.3934
E9BJV7	E9BI96	34.1445
Q9BIJ5	E9BI96	25.0145
Q9BIJ5	E9BJZ5	29.5061
Q8VCS6	Q9CQA5	6.90782
Q8VCS6	Q921D4	96.1393
Q8VCS6	Q9CQ39	88.04
Q99K74	Q925J9	0.299427
Q99K74	Q80YQ2	0.232411
Q99K74	Q924H2	1.11967
Q7Z6M4	Q9P0M9	1.4593
Q7Z6M4	Q9NX20	1.31604
Q7Z6M4	Q96CB9	0.381158
Q9BZE1	Q9P015	203.733
Q9BZE1	Q9P0M9	184.863
Q9BZE1	H2QWN0	197.132
Q9VJZ4	Q9V3W2	3.28522
Q9VJZ4	Q9W3X7	0.0790079
Q9VQM2	Q7JZK1	14.1979
Q9VQM2	Q9VQR2	6.87069
Q9VQM2	Q6IDF5	0.360314
A0A3Q8IVH0	Q9UAB4	61.54
A0A3Q8IVH0	A0A3Q8IB07	59.3805
A0A3Q8IVH0	A0A3Q8IIY4	15.5825
A0A504XH29	A0A3Q8IIY4	7.07758
A0A504XH29	A0A504Y5E1	3.47299
A0A504XH29	A0A3S7X127	7.75548
A0A4X1T0A8	Q7IIB7	1.54575
A0A4X1T0A8	I3LGM4	113.937
A0A4X1T0A8	A0A4X1VD84	148.465
O79875	A0A8D1K2Z9	54.6815
O79875	A0A8D0J7S2	54.4745
O79875	A0A8D1WW27	84.233
A0A8N7XJ18	A0A6P7EX23	0.130812
A0A8N7XJ18	A0A6P3E9B7	144.758
A0A8N7XJ18	O78757	0.0441773
A0A8N7XJG2	O78748	135.324
A0A8N7XJG2	A0A836A4Q3	96.5098
A0A8N7XJG2	A0A7M4DUG1	115.909
Q4CT44	Q4DEW9	0.239903
Q4CT44	Q4CPX3	0.215117
Q4DV41	A0A2V2XQ88	0.210292
Q4DV41	Q4DY17	0.312805
Q4DV41	Q4DS13	0.296247
C6KSY6	Q8I502	67.7558
C6KSY6	Q8IL02	64.7189
C6KSY6	Q8IB51	1.36643
O96184	Q8IAX6	39.5716
O96184	Q8ILK3	46.1797
O96184	Q8IDB0	98.525
B5RSK3	B5FVG1	0.0555556
B5RSK3	Q6CGB4	0.111982
B5RSK3	Q6C674	0.424023
Q6C7X4	Q6C926	8.41267
Q6C7X4	Q9B6D4	0.0875805
Q6C7X4	Q6C7L6	1.02232
Q4DGZ5	A0A2V2WGW5	13.8353
Q4DGZ5	Q4DU83	49.3629
Q4DGZ5	Q4DQZ2	0.51741
Q4DW38	Q4E088	21.1931
Q4DW38	Q4DU83	38.7064
P60866	P62273	112.657
P60866	P62753	4.33381
P60866	P62249	125.178
Q2NL82	P62861	2.80043
Q2NL82	P62266	2.09644
Q2NL82	P62244	1.93341
Q6RFH5	Q9H9Y2	228.247
Q6RFH5	P62910	3.17926
Q6RFH5	P61254	5.8024
Q99848	P36578	7.53282
Q99848	Q8TDN6	23.7481
Q99848	P18077	9.30202
A2RHH0	A2RMR1	0.0884564
A2RHH0	A2RNM6	0.102061
A2RHH0	A2RNQ0	0.234325
A2RP62	A2RNN0	3.29321
A2RP62	A2RMR1	0.624006
Q99N95	Q8VDT9	128.43
Q99N95	Q99N91	113.27
Q9D1N9	Q99N91	117.388
Q9D1N9	Q8K2Y7	134.374
Q7S300	Q7SA60	0.704742
Q7S300	Q7SB98	0.293292
Q7S300	F5HIJ5	0.141726
V5IMN1	Q7S711	0.342879
V5IMN1	Q1K730	0.45153
V5IMN1	A7UWX2	0.377813
P96077	P80377	0.62454
Q5SJE1	Q5SHP3	0.10607
Q5SJE1	P80377	0.385535
Q5SJE1	Q5SHN9	0.0592891
Q9DC71	Q9CQE3	209.351
Q9DC71	Q9DCJ7	83.8095
Q9DCA2	Q80X85	104.1
Q9DCA2	P58064	99.5246
P28076	Q9QUM9	131.555
P28076	O70435	113.426
P28076	O35955	120.022
P49722	Q60692	143.401
P49722	Q9R1P3	143.692
P49722	O35955	106.727
A0A836CQA7	A0A6P3E749	144.802
A0A836CQA7	A0A7M4DUG1	0.316552
A0A836CQA7	A0A8N7XJ91	92.1453
P34162	P16370	0.486164
P34162	P19263	0.249916
P34162	P38902	0.450278
P38782	Q08278	4.42327
P38782	P04050	0.271701
P38202	P14126	4.47201
P38202	P10664	6.74291
P38202	P26784	4.11141
P38779	P05743	1.14929
P38779	P05749	0.980482
P38779	P0CX41	1.02297
R4ZGW6	R4ZGX1	0.0433545
R4ZGW6	R4ZGS7	0.0353414
R4ZGW6	A9NKX0	0.0416248
R4ZGZ0	R4ZGU2	0.0411356
R4ZGZ0	R4ZGS4	0
R4ZGZ0	A9NLC2	0.0573286
G0S832	G0SBN1	1.7616
G0S832	G0S7X0	0.681181
G0S832	G0SFC3	1.86341
G0SG89	G0SCK6	1.44118
G0SG89	G0S9T3	3.23121
G0SG89	G0SEA9	0.659766
O51646	P94272	0.121389
O51646	O51719	0.130583
O51646	O51206	0.224058
P94270	O51354	5.83356
P94270	O51314	3.89083
P94270	O51447	0.469951
A0A7S3TFW5	Q4G3F6	0.0086977
A0A7S3TFW5	R1ED82	0.0910541
A0A7S3TFW5	R1D5F1	0.0600384
Q4G3F5	A0A6V2SE28	0.0399598
Q4G3F5	R1DWS2	0.0429184
Q4G3F5	A0A7S3WIW7	0.0385364
A0A8I5ZWI2	P25286	0.684121
A0A8I5ZWI2	Q8R2H0	161.048
A0A8I5ZWI2	Q6PCU2	171.887
Q5M7T6	Q5ZWW6	0.615071
Q5M7T6	P50408	134.467
Q5M7T6	Q6AXS4	148.871
Q7RYW8	Q7SCZ3	0.575919
Q7RYW8	U9W8F2	0.315328
Q7RYW8	Q1K8T6	0.761779
Q7S5W0	Q7SC44	0.116257
Q7S5W0	Q1K7L7	0.0790442
Q7S5W0	Q1K7P9	0.30319
A0A2K3DR41	A0A2K3DML4	0.194716
A0A2K3DR41	A0A2K3E831	0.717345
A0A2K3DR41	A0A2K3DYR4	0.365529
A0A2K3E5Q8	A8JGI0	4.99367
A0A2K3E5Q8	A0A2K3DMA3	1.21081
A0A2K3E5Q8	A0A2K3E831	1.07742
P66054	Q8Y443	2.72912
P66054	Q8Y6Y9	0.389793
P66054	P66125	2.07284
Q927L4	Q8Y8Y0	0.23656
P60426	Q8YAR9	1.21731
P60426	Q8Y444	1.21395
P60426	Q927L7	0.0662248
P66461	P66352	0.695025
P66461	Q8YAR9	0.337205
O51646	O51456	0.990515
O51646	O51438	0.0342995
O51646	O51642	0.774518
P94268	O51450	5.22485
P94268	O51206	0.931309
I6U853	I6TXP7	0.808383
I6U853	I6TXQ5	0.1433
I6U853	I6V2A4	0.240282
I6UQN5	I6U860	0.0286474
I6UQN5	I6TXQ5	0.0294259
I6UQN5	I6UQN0	0.0823935
A0A6P3EI17	O78748	6.01181
A0A6P3EI17	A0A8N7XJ68	140.494
A0A6P3EI17	A0A7M4DUG1	0.305251
A0A835ZPN7	O78753	116.413
A0A835ZPN7	A0A6P3E7B5	136.117
A0A835ZPN7	A0A9J4RF63	191.461
P29388	Q8LDK3	6.23665
P29388	Q9M9R9	0.0679812
P29388	Q9SLC8	0.21286
Q9ZPY5	O05000	0.368737
Q9ZPY5	Q9M9M6	0.620979
Q9ZPY5	Q8LGE7	0.867925
Q5RL20	Q8VDT9	0.294332
Q5RL20	Q9D8P4	136.431
Q5RL20	Q9D1P0	158.185
Q9D0Y8	Q9CQF8	110.538
Q9D0Y8	Q9CQL5	124.567
A0QSD6	A0R215	0.0663181
A0QSD6	A0QV03	0.00765931
A0QYU7	A0QSP8	0.0149872
A0QYU7	A0QSG4	0.0256634
A0QYU7	A0QSD8	0
A0A037Y8L6	A0A0E2KZD0	0.1737
A0A037Y8L6	P0A7Q1	0.244979
A0A037Y8L6	P0A7Q2	0.244979
C3TE02	B7MAS6	0
C3TE02	P0AG44	0.0399226
C3TE02	C3SR72	0.0399226
E1UWB7	E1UWA8	15.0877
E1UWD9	A0A1G4KQ11	7.63998
E1UWD9	E1UWB6	0.206476
E1UWD9	E1UWC8	1.54163
O74399	O42846	33.3025
O74399	O42991	2.87892
O74399	O94658	1.59487
P36585	O94658	76.2745
P36585	P05734	83.2468
P36585	P79015	94.8327
A2D8G1	A2D9N4	30.3424
A2D8G1	A2D9N8	11.5884
A2F8Y8	A2E6R2	16.5547
A2F8Y8	A2DKF2	39.6045
A2F8Y8	A2D9N4	30.0058
G5E814	Q9D0M3	1.40385
G5E814	Q9CQ69	0.056541
G5E814	P03921	79.6624
Q99LC3	Q9DCT2	162.211
Q99LC3	Q9CQZ5	141.607
Q99LC3	Q9CQH3	0.0989642
Q9UL03	Q8WX92	0.39757
Q9UL03	Q5TA45	0.947392
G0S8F1	G0RYN9	4.1591
G0S8F1	G0SD68	3.06198
G0S8F1	G0S616	33.976
G0SFN0	G0SGD8	0.989219
G0SFN0	G0S5L0	0.852318
G0SFN0	G0SEI0	64.2153
Q8WUA2	Q7RTV0	217.708
Q8WUA2	P41223	246.868
Q8WUA2	Q13356	7.2475
Q9Y3C6	Q9NW64	215.92
Q9Y3C6	Q13573	346.806
Q9Y3C6	Q9BZJ0	4.03573
A0A6P3E9B7	O78747	127.992
A0A6P3E9B7	A0A6P3DZ89	1.39429
O78755	A0A8N7XJ91	91.8592
O78755	A0A8N7XJG2	140.722
O78755	A0A6P3TFB2	118.797
A0A3Q8I959	A0A3S5H7L0	4.44325
A0A3Q8I959	E9BI29	6.69901
A0A3Q8I959	A0A3S7XBN1	5.95035
A0A3Q8IJC5	E9B8R9	32.9095
A0A3Q8IJC5	E9BU64	5.85021
P62304	Q9NW64	205.973
P62304	O43447	710.586
P62304	Q969L4	127.802
Q9NXE8	Q9NW82	2.05225
Q9NXE8	Q9NW64	198.965
Q9NXE8	Q6P2Q9	1.25038
G0S0S8	G0S569	0.0206046
G0S0S8	G0SAY0	0.671955
G0S0S8	G0RXU4	0.264254
G1DJ96	G0S2B3	0.0861226
G1DJ96	G1DJ98	0.265645
G1DJ96	G1DJ99	0.13558
D4A133	B2GUV5	4.43346
D4A133	Q8R2H0	6.86821
Q5FVI6	Q5ZWW6	0.471684
Q5FVI6	Q8R2H0	0.329555
Q5FVI6	Q5M7T6	118.11
P30050	Q9UKD2	3.77637
P30050	P05388	173.154
P30050	P61513	148.567
P56537	P42766	1.60909
P56537	P62829	1.60026
P56537	P39023	199.255
Q4DXW6	Q4DVC6	61.4587
Q4DXW6	Q4E2E0	50.5384
Q4DXW6	Q4CQW2	62.0102
Q4E4R0	Q4CQW2	62.4385
Q4E4R0	Q4DVC6	55.9186
A0A2D0TCJ0	P62096	0.0954763
A0A2D0TCJ0	A0A2D0TCJ2	0
A0A2D0TCJ0	Q32902	0.0338972
P13555	P27490	0.0608209
P13555	A0A2D0TCJ1	0.0629098
P13555	P13554	0.425904
A0A6G4QK55	W8U3W0	0.403123
A0A6G4QK55	A0A077UGA7	0.338792
A0A6G4QK55	A0A077UG91	0.619287
D7URR3	W8TUE6	1.01359
D7URR3	A0A077VMP6	0.0448654
D7URR3	A0A077UGA7	0.487846
G1TK17	G1SGX4	2.80965
G1TK17	G1TM82	152.235
G1TK17	G1TIB4	154.081
G1U2Z9	G1TM82	112.533
G1U2Z9	G1TG89	0.635674
P36578	Q6DKI1	84.7161
P36578	P62266	167.175
P36578	P62917	5.53246
Q9UM00	Q9BVK8	0.209168
Q9UM00	Q96A33	0.41666
Q9UM00	P62910	0.175701
F2Z6D7	Q6CGB4	7.67777
F2Z6D7	F2Z619	40.6598
F2Z6D7	Q6CI10	5.10406
Q6C9Z1	F2Z6C0	7.16038
Q6C9Z1	B5FVE5	1.68104
Q6C9Z1	Q9B6D4	1.61293
Q72I09	Q72I33	1.75581
Q72I09	Q72G84	0.0714286
Q72I09	Q72GW3	0.105539
Q72L76	Q72GV5	1.58755
Q72L76	Q72I14	0.0202834
Q72L76	Q72I05	1.9704
B7NZS8	G1TLT8	6.46853
B7NZS8	G1SFR8	175.134
B7NZS8	G1SGX4	181.815
G1TGI6	G1TZ76	155.429
G1TGI6	G1TU13	3.50183
O80800	Q9SRR8	0.56464
O80800	A0A384LA38	0.56464
O80800	P29388	0.583149
Q9FLX7	P53665	6.69692
Q9FLX7	Q42577	21.7717
Q9FLX7	Q9SK66	9.40031
P05737	Q3E757	126.178
P05737	P47019	3.07789
P05737	P51401	46.57
P23301	P0CX43	0.678623
P23301	P62826	0.0807089
P23301	P36105	0.390704
Q8NC60	P82930	0.411543
Q8NC60	P82914	0.299176
Q8NC60	Q92552	0.21562
Q9BYN8	P82912	170.37
Q9BYN8	Q9Y399	182.282
Q9BYN8	Q8N0V3	0.63965
A0A9R0JIF6	A0A6B9Q8A1	0.01341
A0A9R0JIF6	P06511	0.00386718
A0A9R0JIF6	Q9M3J4	0.0272795
Q9M3I8	A0A9R0K504	0.158306
Q9M3I8	A0A9R0JNY9	0.255789
Q9M3I8	Q9M3J4	0.223651
P0A705	P0AG55	0.22908
P60438	P0AG67	0.496585
P60438	P43329	1.07197
P60438	P0A7Q6	3.0073
A0A6P3EKX5	O78753	109.853
A0A6P3EKX5	A0A6P3TFB2	140.344
O78754	A0A6P3DZ89	5.41927
O78754	A0A8N7XJ18	0.0434201
O78754	A0A8N7XJG2	3.81467
G0RZE2	G0S0H7	1.96336
G0RZE2	G0SFN9	0.787009
G0RZE2	G0RYD8	6.11579
G0SF87	G0S754	14.6695
G0SF87	G0S5W9	0.837276
G0SF87	G0S4Q2	36.9203
P75171	P46775	0.0929081
P75577	Q50305	1.36385
P75577	P75131	0.448012
P75577	P75179	1.17583
P75447	P75458	0.0234681
P75447	P78015	0
P78023	P75543	0.34609
P78023	P75238	0.0719713
P78023	P75178	0.262269
P75238	Q59547	0.0737125
P75238	P75575	0.145757
P78026	Q50300	0.176358
P78026	P78023	0.15
P78026	P75178	0.237603
A0A3Q7H1I0	K4CG62	182.57
A0A3Q7H1I0	A0A3Q7INK3	132.336
A0A3Q7HQH0	A0A3Q7GK12	87.2398
A0A3Q7HQH0	A0A3Q7HW81	4.38869
E1UWB4	E1UWD8	0.170194
E1UWB4	E1UWE1	0.0978421
E1UWB4	E1UWE5	0.0426895
E1UWC8	E1UWC9	0.144997
E1UWC8	E1UWD3	1.92179
E1UWC8	E1UWB0	1.77583
Q9M3I8	A0A9R0JHB5	0.124032
Q9M3M1	A0A9R0J7P2	0.284921
Q9M3M1	Q9M3I7	2.08418
Q9M3M1	A0A9R0K504	0.373459
F1RWL7	A0A8D0R7A9	86.3721
F1RWL7	A0A8D1FAG1	146.641
P56632	I3LGM4	86.2459
P56632	O79882	0.0560933
P56632	A0A0U1RS44	119.185
P0A7S3	P0A7S9	0.020503
P0A7S3	P0A7W7	0.0181762
P0A7S3	C3SR12	0.0181762
P0AG48	P0A7M2	0.104929
P0AG48	P0ADY7	0.0581097
P0AG48	P0C018	0.121816
A0A3B6C6X2	A0A3B6NJZ9	49.8848
A0A3B6C6X2	W5ECL2	63.9018
A0A3B6C6X2	W5FEX7	62.2107
A0A3B6QBU0	A0A1D5S805	63.9551
A0A3B6QBU0	Q8L805	52.7445
A0A3B6QBU0	W5ECL2	3.15779
Q4CPX3	Q4DYR0	0.105463
Q4CPX3	Q4DRR8	0.223377
Q4CPX3	Q4DJ95	0.0930108
Q4D583	Q4DRG2	0.122653
Q4D583	Q4DEW9	0.13312
Q4D583	Q4DLH4	0.147377
A0A2K3DYR4	A0A2K3DML4	0.361407
A0A2K3DYR4	A0A2K3DMA3	2.04573
A8JCA8	A0A2K3DFH0	0.23758
A8JCA8	A0A2K3CNP4	0.641612
A8JCA8	A0A2K3E831	0.766831
P32585	P27999	0.687937
P32585	P41896	0.40465
P32585	P22139	2.31559
P80374	Q5SJ76	0.0131671
P80374	Q5SHN3	0.0392401
P80374	Q5SHN7	0
Q5SJE1	P80372	0.0551005
Q5SJE1	P60489	0.0573369
A0A371C2D0	A0A371CFV9	0.268027
A0A371C2D0	A0A1D8NC63	0.176691
A0A371C2D0	A0A1D8NJR0	0.0762522
S5TF58	A0A1D8NDL1	1.25776
S5TF58	A0A371C0F2	7.69272
S5TF58	S5U4R9	1.81635
P46779	P36578	2.02745
P46779	P23396	137.818
P46779	P61513	122.615
Q15050	P46776	6.90224
Q15050	P18621	203.657
Q15050	P61513	1.56015
Q9CQA5	Q9CQ39	148.197
Q9CQA5	Q921D4	160.483
Q9CXU0	Q9D7W5	157.259
Q9CXU0	A2ABV5	0.538375
Q9CXU0	Q9R0X0	170.072
P18124	P08865	2.68693
P18124	P36578	201.029
P18124	P61247	3.20708
Q6RFH5	Q9BXY0	193.599
P47813	P62854	157.156
P47813	G1TFE8	140.381
P47813	G1TN62	0.0747605
P62851	P62249	5.10318
P62851	P62277	156.147
P62851	P62263	104.945
P62314	Q9NW82	7.2653
P62314	Q9Y3C6	250.328
P62314	O43447	366.069
Q96BP3	O60508	94.4357
Q96BP3	Q6P2Q9	1.20999
Q96BP3	P14678	47.7361
P0CX29	P32769	92.8779
P0CX29	Q12136	3.13488
P0CX29	Q08965	2.60606
P32497	Q01855	0.94975
P32497	Q6CWU3	1.67592
P32497	Q6CVZ5	2.08696
A4HVX3	A4IBS2	33.0879
A4HVX3	A4HN55	33.3436
A4HVX3	Q9GNZ8	9.50865
A4IDD6	A4HZI9	41.7209
A4IDD6	A4HUT6	23.5568
A4IDD6	A4ICV5	16.7024
P42677	P61927	138.096
P42677	P62847	128.016
P42677	P62857	9.79072
Q9UBQ5	P62244	3.13994
Q9UBQ5	Q9Y262	201.328
Q9UBQ5	P47813	0.167654
L0R8F8	Q9BYD3	0.271383
L0R8F8	Q9BYD2	0.0579989
L0R8F8	Q96EH3	0.0984738
Q9H4K7	Q9BYD1	0.911994
Q9H4K7	Q96A35	0.964867
A0A0U1RS44	O79882	97.8251
A0A0U1RS44	A0A8W4F7N8	133.091
A0A0U1RS44	A0A480VKQ8	136.761
F1SGC6	O79875	131.481
F1SGC6	A0A480JRW3	137.19
F1SGC6	F1SV23	134.877
Q9H2W6	Q13084	188.295
Q9H2W6	Q9BYD3	2.79214
Q9H2W6	Q8TAE8	186.723
Q9P015	Q9BYD2	187.656
Q9P015	P49406	195.666
Q9P015	Q9BYD3	191.583
C7DZL4	P18934	9.76289
C7DZL4	Q6IDF5	0.122943
C7DZL4	P03896	11.7465
Q9VPE2	P18933	2.27303
Q9VPE2	Q9VXK7	1.01186
Q9VPE2	Q9VMU0	27.9971
Q9VTB4	Q9VF27	55.9316
Q9VTB4	O97418	25.5359
Q9VTB4	P18929	43.9627
Q9VTU2	Q9W380	0.00495741
Q9VTU2	Q9VJZ4	22.1658
Q9VTU2	P18933	0.256118
F2Z6C0	F2Z660	85.8227
F2Z6C0	Q9B6D4	14.9873
F2Z6C0	Q6C8J9	8.70156
F2Z6D7	Q6C4A6	0.0742909
F2Z6D7	Q6CI60	10.4142
F2Z6D7	Q6CG53	14.4351
P39964	O14011	1.21491
P39964	Q9HE06	1.3298
P39964	O43071	1.14511
Q9UTK6	O42661	3.7344
Q9UTK6	O13758	0.602116
Q9UTK6	P87126	0.483524
G0S9B5	Q2H9W4	47.7184
G0SGY1	G0SHJ6	25.0371
G0SGY1	G0SCL3	117.703
G0SGY1	Q2H9R2	80.9415
O54408	P20282	0.172574
O54408	P21472	0.0532322
O54408	P21476	0.05457
Q03223	P26908	0.0640226
O74904	P35679	64.1696
O74904	P05733	68.4636
O74904	Q9UUC1	77.0224
Q9P784	Q10232	61.2511
Q9P784	P0CT68	70.95
Q9P784	P0CT60	77.5934
A0A6P3E975	A0A6P9FRJ5	113.92
A0A6P3E975	O78757	102.919
A0A6P3E975	O78753	97.6069
A0A9J4RF63	A0A6P7EX23	164.236
A0A9J4RF63	A0A8N7XJ18	178.136
A0A9J4RF63	O78753	115.893
A2RI10	A2RNP9	0.213185
A2RNQ6	A2RNP9	0.209226
P50914	Q02543	213.486
P50914	P46776	23.6945
Q8TDD1	P36578	11.1664
Q8TDD1	P32969	10.0584
Q8TDD1	P56537	26.9049
Q04217	P0CX51	3.94989
Q04217	Q06078	0.963566
Q04217	Q08965	1.21016
Q05498	Q04500	20.7596
Q05498	Q08965	1.36952
Q05498	P53254	1.66762
A0A3Q7GUG2	A0A3Q7H274	58.1873
A0A3Q7GUG2	A0A3Q7INK3	50.4175
A0A3Q7GUG2	K4CG62	69.0091
P36056	P53305	0.421497
P36056	P53733	0.223665
Q02608	P38783	0.0856325
Q02608	P53305	0.354846
Q02608	P36525	0.201038
P61941	P62664	0.0258446
P61941	P62663	0.0537277
P62442	Q72IA7	0.920349
P62442	Q72GS2	3.69818
P62442	Q72I11	3.83398
P25046	P27999	2.61591
P25046	Q08278	0.956122
P25046	P47822	0.94224
P32585	P38304	0.40499
P32585	P40422	0.830945
P32585	Q99278	0.490809
Q9W3X7	Q7PL91	0.0674772
Q9W3X7	Q9VXZ0	15.1943
Q9W3X7	P18932	6.53083
A0A125YGX6	A0A0F7UNZ9	0.130847
A0A125YGX6	A0A0F7VBJ0	0.172162
A0A125YGX6	S8GJU2	0.130125
S8GKJ3	S8GBT4	0.270001
S8GKJ3	S8EVV8	0.297156
S8GKJ3	S8G5S9	0.408723
G0S0Z3	G0S9B5	75.3604
G0S0Z3	G0SEG2	79.8381
G0S0Z3	G0SEW3	3.21313
G0S1R0	G0SCL3	31.5669
G0S1R0	G0SCE2	43.68
A0ACD6BAN0	A0ACD6BAN4	0.102953
A0ACD6BAN0	A0ACD6BAN6	0.0994764
L0R8F8	P49411	0.193564
Q9HD33	Q6P1L8	176.773
Q9HD33	P82921	162.235
P0DJ58	P0DJ24	29.9885
P0DJ58	P0DJ17	30.2069
P0DJ58	P0DJ52	4.08491
Q236T0	Q00454	95.6583
Q9CXZ1	Q7TMF3	155.843
Q9CXZ1	P03899	93.8313
Q9CXZ1	Q9CQ75	136.857
Q9ERS2	Q9CPP6	125.086
Q9ERS2	P03888	138.239
Q9ERS2	Q4JFN6	138.239
D0CAL1	D0CAL0	0.699095
D0CAL1	D0CA77	0.044424
D0CCR8	D0CA77	0.0375256
D0CCR8	D0CCZ7	1.04562
D0CCR8	D0CD23	1.67462
P18930	P03896	13.3197
P18930	Q7K1C0	0.381654
P18932	P18934	9.84823
P18932	Q9W125	17.1813
P56537	Q07020	2.23908
P56537	Q9UHA3	219.71
P56537	P62424	6.11745
Q96EY4	Q9UKD2	6.34128
Q96EY4	P61513	3.81281
Q96EY4	P36578	6.27609
P25808	P0C2H6	17.9373
P25808	P25582	3.04314
Q12522	P38789	9.26911
Q12522	P38861	84.6374
A0QSD5	A0QSD7	0.00852395
A0QSD5	P9WK19	0.0450481
A0QVB8	A0QSL5	0.116164
P05733	O14339	83.2634
P05733	Q9Y7Z1	1.32226
P05733	P05767	66.0978
P05734	O94658	63.8317
P05734	O94476	95.1297
P05734	P25457	67.8605
P04456	Q02892	3.3108
P04456	Q06709	2.86132
P04456	Q12080	4.0122
P38861	P26784	1.95262
P38861	P36105	37.8649
P38861	P87262	1.03628
P0A8T7	P0A7U7	0.187266
P0AG59	P0ADY3	0.0841987
P0AG59	P0A7P5	2.73999
P0AG59	P0A7T3	5.42272
R1BTM8	R1DCN2	0.163244
R1BTM8	A0A7S3X591	0.0654844
R1BTM8	R1FP66	0.108625
R1DMQ2	R1CV07	0.253405
R1DMQ2	R1EIA6	0.148165
R1DMQ2	A0A7S3WZA0	0.1092
O51142	P94266	0.202067
O51142	O51405	0.137061
O51142	O51445	0.178821
P49394	O51440	0.386275
P49394	P94266	0.136265
P34162	P27999	0.343091
Q06213	Q08278	5.62856
Q06213	P04050	0.531412
P25451	P28074	17.4588
P25451	P40302	49.5868
P25451	P40306	26.0588
P43583	P40302	0.752073
P43583	P40303	0.858749
P43583	P23639	0.730721
Q8WWY3	P62312	182.928
Q8WWY3	P62306	166.63
Q8WWY3	P62314	225.881
Q9Y333	O95777	276.858
Q9Y333	Q53GS9	191.38
Q9Y333	P62310	152.721
A0A286ZU56	A0A4X1TXR4	3.91269
A0A286ZU56	F1RY70	110.912
A0A286ZU56	A0A480JJI1	99.537
F1RHJ1	A0A480JTD7	162.844
F1RHJ1	A0A287AY01	1.59349
O14818	P25787	73.6264
O14818	P28066	19.1505
P0CG47	P61964	1.44029
P0CG47	O00487	4.93999
P0CG47	P61088	80.5633
F2Z673	Q9B6C7	0.295024
F2Z673	Q6CEK9	0.538527
Q6C7X4	Q6CG53	6.60945
Q6C7X4	F2Z6F1	23.7812
O16376	Q09385	1.42667
O16376	O44729	1.72634
O16376	Q18445	5.96829
Q17348	P91175	2.56103
Q17348	Q23463	1.16832
Q22KK0	Q234G8	0.87221
Q22KK0	W7WWA2	1.00685
Q22KK0	Q23BW0	1.32181
P62244	Q02878	163.924
P62244	P46782	144.633
P62244	P18621	159.786
Q7L2H7	P62263	121.056
Q7L2H7	P46782	179.698
Q7L2H7	Q99613	1.73545
P03901	P03886	163.191
P03901	O95167	134.602
P03901	O43920	2.44388
P56556	Q16718	152.932
P56556	O95182	148.901
P56556	P56181	140.181
P18934	Q9W402	5.48546
P18934	Q9V4E0	4.91449
Q9VMI3	O97418	47.2229
Q9VMI3	Q9VMU0	0.36312
Q9VMI3	Q94511	121.953
P53941	P40546	1.5435
P53941	Q12499	52.6299
P53941	Q12136	7.3146
Q08096	P40546	1.07334
Q08096	P15646	38.062
Q08096	P40079	0.940581
A0A6P7DQB1	O78757	99.5314
A0A6P7DQB1	O78754	119.208
A0A6P7DQB1	A0A8N7XJ68	138.391
A0A1C8XRM6	D0FY04	0.0805182
A0A1C8XRM6	A8BDJ0	0.0888844
D0FXX5	D0FXY3	0
D0FXX5	A0A9J4RF15	0.174447
D0FXX5	D0FY13	0
P62829	Q9Y3T9	0.910996
P62829	Q13823	1.9485
P62829	P08865	133.549
Q9BZE4	P35268	2.72396
Q9BZE4	P30050	2.6012
Q4CXR4	Q4E088	25.0047
Q4CXR4	Q4DN73	54.8831
Q4CXR4	Q4DEK4	32.1555
Q4DGZ5	Q4D6H7	38.3484
Q4DGZ5	Q4DY32	2.57577
Q4DGZ5	O62594	46.3683
A0A1D8NGI5	Q6C1R9	0.0903169
A0A1D8NGI5	A0A371CFV9	0.0903169
A0A1D8NGI5	S5U4R9	0.242667
S5U3X7	S5U4U1	0.149976
S5U3X7	A0A371CFV9	0.166523
S5U3X7	A0A1D8NC63	0.23507
P25046	P19263	0.385746
P25046	P08518	0.363324
P29055	P32774	16.0324
P29055	P47822	1.7765
P23724	P40327	68.166
P23724	P33299	55.3554
P23724	Q01939	87.1989
P33298	P22141	74.2836
P33298	P21242	45.6184
P33298	P40303	13.4808
O51354	O51452	0.517294
O51354	O51727	0.25682
P08525	P00127	0.155377
P08525	P07257	0.325162
P32799	P37299	0.56116
P32799	P00163	30.7596
Q4DRG2	Q4DA51	0.19983
Q4DRG2	Q4DX19	0.0617608
Q4DYR0	Q4DRC8	0.0947916
Q84W12	Q9FWR5	0.168679
Q84W12	Q9ZUX4	0.245951
Q84W12	Q94AL6	0.00826928
Q94C12	Q8VZT9	0.0628216
Q94C12	Q9FYF8	0.306219
Q94C12	A0A178W1I8	0.306219
P03910	P03898	0.574462
P03910	P03902	108.696
P03910	P03924	94.1217
Q7JAS9	P03892	88.5555
Q7JAS9	P03887	0.816133
Q7JAS9	Q95KV7	97.7599
A0T0T1	A0T0N2	0.167754
A0T0T1	A0T0T2	0.108717
A0T0T1	A0T0P6	0.00968684
A0T0U9	A0T0W2	0.0211988
A0T0U9	A0T0N4	0
A0T0U9	A0T0T2	0
A0A7I4AUU1	Q6YXR3	0.0392157
A0A7I4AUU1	A0A2K1KU02	0.0778867
A9RT62	A0A2K1KU02	0.0358205
Q4DC23	Q4DZP2	111.265
Q4DC23	Q4CU61	73.0212
Q4DC23	Q4CPD8	37.0165
Q4DG45	Q4DZP2	101.645
Q4DG45	Q4CQW2	66.7253
P75178	P46775	0.0984965
P75178	P52864	0.461681
P75454	Q50307	0.264589
P75454	P75237	0.548359
P75454	P75578	0.540379
A0A3B6SDD9	A0A3B6ATQ1	105.437
A0A3B6SDD9	A0A3B5Y651	15.1193
A0A3B6SDD9	W5ECL2	110.292
W5D739	A0A1D6BC85	89.5609
W5D739	Q5I7K7	73.0385
A0A286ZJR2	A0A4X1V1G7	10.6348
A0A286ZJR2	A0A0R4J8D6	9.13266
A0A5G2QZK0	I3LR45	147.972
A0A5G2QZK0	A0A4X1TLP9	0.1527
A0A5G2QZK0	A0A8D0HMG9	0.144659
Q4DK40	Q4CYE4	1.64964
Q4DK40	Q4DMK9	47.5704
Q4DK40	Q4DTN2	30.4243
Q4E088	Q4DU83	32.3566
P08242	P12629	0.878814
P08242	P29344	0.348819
P08242	P09597	0.0440804
P09595	P82162	0.104916
P09595	P13788	0.123032
P09595	P19954	0.236193
A0A8D1EYI7	A0A4X1T6M0	123.392
A0A8D1EYI7	F1SIS9	136.235
A0A8D1EYI7	A0A8D1WW27	89.3009
O79880	A0A8D1WW27	67.5876
O79880	F1SJP6	87.8112
O79880	A0A8D0Z0K9	87.8112
A0A2K3CNM3	A8IW03	0.500869
A0A2K3CNM3	A0A2K3DKB4	0.332248
A0A2K3CNM3	A8IB56	0.197187
A0A2K3D9S4	A0A2K3CRX4	0.347301
A0A2K3D9S4	A0A2K3DGK2	0.777826
A0A2K3D9S4	A0A2K3DM91	0.291871
P78023	P75179	0.411417
P78023	Q50296	0.0872649
P78023	P75579	0.385084
P02359	P0ADY3	0.0132625
P02359	P0A7N4	0.0142115
P02359	P0A7P5	4.08186
P0A8T7	P0AFG0	0.331943
A0A2R6X3Q4	P12191	0
A0A2R6X3Q4	A0A3Q9R1I6	0
A0A2R6X3Q4	A0A2R6WSQ6	0.0652644
P31590	A0A3Q9R2J6	0.006125
P31590	P12191	0.0550595
P31590	P12185	0
G0S5L0	G0SCK6	0.817635
G0S5L0	G0S435	0.756027
G0S5L0	G0SHQ0	0.61032
G0SEI0	G0S4P8	97.7337
O51443	O51452	0
O51443	O51184	0
O51443	O51348	0.0158189
O51721	O51446	0.0604252
O51721	O51447	0.00778089
O51721	O51207	0
A8BN26	A8BS79	1.09995
A8BNT5	A8BU59	1.77681
A8BNT5	A8BRY6	43.2382
A8BNT5	A8BYY2	33.6602
Q4DIY1	Q4DRG2	0.207121
Q4DIY1	Q4DTE7	0.322327
Q4DIY1	Q4DA51	0.349664
Q4CVW1	Q4DEW9	0.227165
Q4CVW1	Q4CPX3	0.187031
Q4CVW1	Q4DIY1	0.289524
Q4CW80	Q4DNX8	0.277499
Q4CW80	Q4DX83	0.127327
Q4CW80	Q4DTE7	0.277399
Q6C8J9	Q6C9Z1	0.955073
Q6C8J9	Q9B6D4	1.9601
Q6C8J9	B5FVD3	0.247634
Q6CD73	F2Z6F1	27.5405
Q6CD73	Q9UUU3	27.5405
A2EBA2	A2ER97	1.10244
A2EBA2	A2FHY5	13.478
A2EBA2	A2DIM3	16.247
A2FBZ2	A2DLW4	59.9345
A2FBZ2	A2D895	0.0295543
A2FBZ2	Q76KS8	33.1586
A0A1S4CWI7	A0A1S3Z3Y7	75.797
A0A1S4CWI7	A0A1S4AS05	0.725379
A0A1S4CWI7	A0A1S4DQ51	0.694584
A0A1S4DBQ8	A0A1S3Z906	90.6748
A0A1S4DBQ8	A0A1S3Y4M0	90.7905
A0A1S4DBQ8	A0A1S4C879	96.8719
G1SHG0	G1SIZ2	130.793
G1TTN1	G1TSG1	151.609
G1TTN1	G1TXF6	103.458
G1TTN1	G1SCJ6	119.397
Q02377	O78757	0
Q02377	P03924	0.024
Q02377	Q05752	112.556
Q02380	Q8WAB4	105.968
Q02380	Q02374	0.768078
Q02380	P48305	137.753
O00488	P36578	5.75931
O00488	P62829	0.372228
O00488	Q07020	4.09205
Q15050	Q14137	2.69191
Q15050	Q8TDN6	227.732
P25582	P10664	1.09535
P25582	Q12080	0.677921
P25582	P26784	2.2203
Q12024	Q04660	4.47855
Q12024	P0CX82	6.68998
P0CX29	P33442	98.089
P0CX29	P32905	86.842
P0CX29	P05750	101.803
Q06287	Q06512	22.685
Q06287	P0CX31	2.48236
Q06287	P26783	2.92711
O94658	P78946	52.6741
O94658	O94238	3.95357
O94658	O42832	0.456838
P79015	P78946	66.7846
P79015	Q9USX4	56.6108
P79015	P79071	41.3384
P05745	Q03532	3.26319
P05745	Q04660	0.737348
P05745	P53136	0.342333
P40991	Q08962	9.96603
P40991	P0CX43	1.4541
P40991	P26784	1.95582
P18933	Q9W125	2.43498
P18933	B3DML8	2.13718
P18933	Q7K1C0	0.283715
Q6IDF5	Q7JYH3	0.126601
O00217	O14561	6.42585
O00217	P00426	1.17372
O00217	P00423	1.74866
Q9NX14	O95298	151.702
Q9NX14	P03915	1.94474
I7JWJ2	A0A3Q9R2J6	0.00817558
I7JWJ2	A0A2R6X3Q4	0.0362702
I7JWJ2	A0A2R6WM91	0.0740908
P12191	I7JD56	0
P12191	I7IIM0	0.0341365
P12191	A0A2R6W6G7	0.0239203
O97725	P03924	0.17131
O97725	P04394	0.659742
O97725	Q02379	137.427
P03898	P23709	108.885
P03898	P42026	101.969
P03898	Q02371	89.7734
P07280	P0C0W9	70.1773
P07280	P20081	1.02571
P07280	Q3E792	44.2885
Q03195	P0CX31	3.12602
Q03195	P0CX53	132.119
Q03195	P05738	1.34726
G0S4Z9	G0SHQ0	2.5541
G0S4Z9	G0SBN1	83.7291
G0S5L0	G0SAJ9	2.22819
G0S5L0	G0SD05	0.564215
P60430	Q2FW13	1.42133
P62829	Q9Y3U8	5.52599
P62829	P83881	120.768
P62829	P47914	129.076
Q9UNZ5	P62891	3.65696
Q9UNZ5	P62913	5.67291
Q9UNZ5	P46778	6.76023
F1RRN2	F1RMQ4	0.850788
F1RRN2	A0A287BIV6	154.012
F1RRN2	F1RI89	138.662
I3LNJ0	A0A287ANU4	156.286
I3LNJ0	A0A287AVS9	1.56736
I3LNJ0	F1RQV7	1.03394
P12736	P10970	1.53447
P12736	P60617	3.02396
P12736	P12733	0.364859
P29198	P20279	6.97013
P29198	P14135	8.94603
P29198	Q9RSK0	0.987139
A1B4F3	A1B4F4	8.31504
A1BA37	A1B311	16.0189
A1BA37	A1B5L6	0.12873
A0A1D8N596	A0A371CFV9	0.130904
A0A1D8N596	Q6ZY24	0.145044
A0A1D8N596	A0A1H6PKH9	0.0555556
A0A1D8NGI5	Q9B6C8	0.242667
A8JDM3	A0A2K3DCN8	0.0317391
A8JDM3	A8I2U9	0.213891
A8JDM3	P12759	0.204097
Q27YU7	Q01657	0.168484
Q27YU7	Q27YU5	0.14678
Q27YU7	P12759	0.260778
P32902	O75012	0.0785466
P32902	P53733	0.173258
P32902	P53305	0.334864
P36056	P53292	0.280675
G0SH61	G0S0D6	39.4415
G0SH61	G0RXW1	90.5954
G0SI44	G0SB32	0.195597
G0SI44	G0SGD8	0.495816
Q5RL20	Q9CQF8	131.378
Q5RL20	Q9CQL5	2.43222
Q9CQ06	Q9CQF8	136.454
Q9CQ06	Q9CQL5	154.826
Q9CQ06	Q9D0Y8	2.37194
G3XD65	G3XD39	0.238842
G3XD92	G3XD39	0.197301
O94288	P05734	1.48511
P0CT60	O14460	2.71527
P0CT60	Q9HGL8	64.9342
P0CT60	P05767	59.9852
Q8TIN5	Q8TRS6	0.0395371
Q8TIN5	Q8TU90	0.0426419
Q8TIN5	A0A832VZC7	0.0633494
Q8TJ19	Q8TRT1	0.39019
A0T0P5	A0T0T2	0.064024
A0T0P5	A0T0N2	0.162052
A0T0P5	A0T0U2	0.108125
A0T0T9	A0A8F5GHI6	0.153084
A0T0T9	A0A679BVT8	0
A0T0T9	A0T0N2	0.402706
Q9BV90	Q16560	1.11924
Q9BV90	Q6IEG0	0.29094
Q9BV90	P62304	4.45175
Q9NX01	O43290	249.903
Q9NX01	Q6P2Q9	1.01084
Q9NX01	O94906	0.392478
P03896	Q9VQM2	8.35893
P03896	Q7JYH3	1.34418
P03896	P18933	1.89178
Q9VMU0	O97418	20.1794
Q9VMU0	Q9VF27	44.7302
Q83AX9	O85388	0.110196
Q83FC0	Q83ER2	0.298235
Q83FC0	Q83D76	0.434835
Q4DTE7	Q4E2R4	0.28054
Q4DX19	Q4D0Q8	0.0951465
Q9W125	Q9VQM2	0.100739
Q9W125	P03896	25.1995
Q9W125	Q6IDF5	0.101542
P0AAT6	P60422	0.524856
P0AAT6	P0A7M6	1.40726
P0AAT6	P42641	0.311502
P60438	P0A7W7	0.172212
P60438	P0AG63	0.736386
P60438	P0A7T7	0.995024
P53145	P0CX23	0.907967
P53145	P0CX27	3.06166
P53145	P05744	1.00039
Q02753	P53742	5.70116
Q02753	P53261	1.25985
Q02753	P40010	3.59726
P62304	Q8IYB3	10.7619
P62304	P62316	107.435
Q15393	Q12962	0.759387
Q15393	Q7RTV0	0.792694
Q15393	Q13123	0.843009
P0A446	Q8DHA7	0.141204
P0A446	Q9F1L5	0.0885987
P0A446	Q8DIN9	0.117593
A8BH61	A8B4F8	20.9732
A8BH61	A8BT38	21.7662
A8BH61	A8BZ78	50.3645
A8BMD9	A8BZ78	83.1214
A8BMD9	A8B7H8	53.6571
A8BMD9	V6TF11	63.9246
Q16560	P14678	237.306
Q16560	Q6IEG0	135.894
P26785	P10664	79.3187
P26785	P0CH08	57.341
P26785	P02406	2.57711
Q03862	P05738	0.95484
Q03862	P0CX82	7.19484
Q03862	P05740	7.09927
B3DML8	P03896	22.0936
B3DML8	Q9VQM2	0.296078
B3DML8	Q7JYH3	1.37885
Q9VPE2	P18930	3.41679
Q9VPE2	P18929	1.28079
Q9VPE2	C7DZL9	1.26784
Q2G0N1	Q2FW11	1.7329
Q2G0N1	P0A0H0	0.116188
G0S1R0	G0RXZ3	32.4991
G0SHJ6	G0S0D6	5.93908
P0AG20	P0A7J7	0.636926
P0AG20	P0ADY3	0.0943592
P0AG20	P0A7S9	0.145719
P68919	P0A7L8	0.174593
P68919	P0A7P5	0.119334
P68919	P0ADY3	0.0188549
O75533	Q8WVK2	0.999292
O75533	Q15428	6.12049
O75533	Q92917	0.531846
Q9BZL1	Q8NAV1	0.297462
Q9BZL1	Q6P2Q9	0.259441
Q9BZL1	O43290	2.18116
P00425	P08067	0.181857
P00425	P07255	0.184645
P00425	P00127	0.185656
Q01519	P04037	12.7771
Q01519	P00410	46.6684
Q01519	P37299	0.12721
A0A2K3DAY3	A0A2K3E2Q3	0.339717
A0A2K3DAY3	A0A2K3CXL0	0.236617
A0A2K3DAY3	A0A2K3CN25	0.228281
A0A2K3DXG4	A8J3J1	0.106618
A0A2K3DXG4	A0A2K3E2Q3	0.37738
A0A2K3DXG4	A0A2K3CXT8	0.190498
A0A504XXD2	A0A504WZU0	4.128
A0A504XXD2	A0A3Q8IJA8	1.21549
E9B8R9	E9B949	27.1863
C5KJE7	C5L533	0.016145
C5KJE7	C5K5E4	0.0450324
C5KJE7	C5L7H1	0
C5LUI5	C5LYX8	0.363403
C5LUI5	C5L3V7	0.286082
C5LUI5	C5LDS7	0.465278
P04650	P35997	77.5175
P04650	P05744	55.3861
P04650	P0CX84	53.0582
Q05468	P0CG48	2.96029
P60228	Q13347	3.44772
P60228	P62861	3.35387
P60228	Q9UBQ5	193.722
P62857	Q9ULX3	149.494
P62857	P62266	8.92855
A0A4X1VEK9	I3LCH3	154.131
A0A4X1VEK9	P23193	200.219
A0A4X1VEK9	P67775	5.14708
O43513	Q9NWA0	174.759
O43513	Q13503	169.424
O43513	Q9NX70	146.269
Q9H204	Q15528	166.72
Q9H204	Q71SY5	183.658
Q9H204	O60244	0.420506
Q2FEQ8	Q2FEN9	0.263823
Q2FEQ8	Q2FEQ4	0.33754
Q2FEQ8	Q2FEQ0	1.43933
Q2FHV3	Q2FEQ0	1.54536
Q2FHV3	Q2FEP1	0.213997
Q2FHV3	Q2FHJ7	2.70629
C7DZL4	Q9V4E0	32.9748
Q9VZU4	Q9VXK7	85.4033
Q9VZU4	Q9V4E0	107.625
P55884	P61221	0.815633
P55884	P40217	1.04627
P55884	O15371	0.811703
P62851	P62273	126.684
P62851	P62857	131.932
P62851	P62847	1.08722
P39744	P17076	3.70969
P39744	P10962	13.5422
P40693	P0C2H6	18.2369
P40693	P36049	5.04712
P40693	P04456	17.1466
Q9RXJ2	Q9RY64	0.145597
Q9RXJ2	Q9RXJ0	0.125083
Q9RXJ2	Q9RXK2	0.128528
Q9RXJ5	Q9RSL3	0.251256
Q9RXJ5	Q9RXJ7	0.134593
Q9RXJ5	Q9RY64	0.420142
A0A3B6AV88	W5EL62	45.0749
A0A3B6AV88	E2F3W4	82.3175
Q5I7K2	A0A3B5XY60	75.3722
Q5I7K2	A0A1D5SLI4	102.473
A2DSF3	A2F2J0	22.6063
A2DSF3	A2D7Q5	0.305134
A2DSF3	A2DNV5	14.5959
A2G4E1	A2DP51	36.9107
A2G4E1	A2ET60	40.5305
A2G4E1	A2DM33	16.2872
Q4CW80	Q4DWR5	0.269758
Q4CW80	Q4DD80	0.194593
Q4DLH4	Q4DEW9	0.104155
Q4DLH4	Q4DX04	0.0989442
Q7SCZ3	Q7S4E7	0.350843
Q7SCZ3	Q7RZ62	0.232702
Q7SGH0	Q7RZ62	0.194142
Q7SGH0	Q7SBJ8	0.392351
Q7SGH0	Q7RZF0	0.0893958
A8BE02	V6TVJ7	1.82302
A8BE02	A8BT38	39.1739
A8BE02	A8B5N7	68.9013
A8BKS8	A8BRG5	38.9585
A8BKS8	A8B252	52.2288
A8BKS8	E2RU77	1.10773
O97313	Q8ILK3	46.506
O97313	Q8I3B0	86.6958
O97313	Q8IHU0	0.812556
Q8IDB0	Q8IET7	40.972
Q8IDB0	C6KSY6	89.0456
Q8IDB0	Q8IJZ7	80.809
O14730	P63220	49.9827
O14730	P15880	64.728
O14730	P08708	3.599
P62857	Q9BRS2	155.151
P62857	Q53EL6	3.01727
P62857	Q12788	1.64986
P29084	Q9NWA0	0.365344
P29084	O75586	1.78446
P29084	P85421	0
Q92759	P29083	193.998
A0A6V2SE28	A0A0D3IGB8	0.157522
A0A6V2SE28	Q4G371	0
A0A6V2SE28	R1FED1	0.0818867
R1BKA6	R1DMQ2	0.250801
R1BKA6	R1ED82	0.174584
R1BKA6	R1DCN2	0.131017
Q4CPD8	Q4CU61	1.39541
Q4CPD8	Q4DNZ7	15.7325
Q4E078	V5BDJ2	17.7246
Q4E078	Q4E661	14.5115
Q02368	Q02375	0.169552
Q02368	Q02367	122.348
Q02368	Q02374	121.351
Q02380	P42028	137.112
Q02380	P42026	151.053
Q02380	Q02371	137.684
A0A4V8H009	A0A4V8H003	0.0612772
P39990	P40204	98.842
P39990	Q02260	66.8855
P57743	P20053	25.4436
Q72IN1	Q72HR2	0.0207214
Q72IN1	Q72I28	4.96139
Q72IN1	P62662	0.742885
O43920	P03891	6.01713
P03905	Q9UDW1	0.771899
P03905	O95168	179.231
P03905	P49821	1.62079
P28320	P33411	0.30223
P28320	Q03375	0.278071
P28320	Q12417	12.4684
Q06091	P53333	0.412874
Q06091	Q03772	0.317094
Q06091	Q03375	0.490413
Q6A7S4	Q6A6N5	0.511262
Q6A7S4	Q6A6N9	0.483997
Q6A7S4	Q6A7P5	0.20502
Q6A9B3	Q6A8B4	0.0350791
Q6A9B3	Q6A6N9	0
C7DZL4	Q9VTU2	13.3425
C7DZL4	Q9W3X7	6.47422
Q9UL03	Q75QN2	0.337966
Q9UL03	P67775	6.31912
A0A3Q7FVJ9	A0A3Q7F2B5	23.2859
A0A3Q7FVJ9	Q6SKP4	22.5775
A0A3Q7JDZ0	A0A3Q7GUG2	54.8095
A0A3Q7JDZ0	K4CG62	88.614
A0A0U4VSH7	A0A0U5ADD0	1.40464
A0A0U4VSH7	A0A0U5ANW2	1.22816
A0A0U5AWM7	A0A0U5AWX6	0.731926
A0A0U5AWM7	A0A660JJV9	0.0259259
A0A0U5AWM7	A0A0U5AGN0	2.18978
A0A3Q8I8K3	A0A3S5H5Z2	63.3306
A0A3Q8I8K3	O44012	42.528
A0A3Q8I8K3	A0A3Q8IKW0	32.3978
E9BLG3	A0A3S5H5Z2	42.4611
E9BLG3	E9BFB6	43.0014
E9BLG3	E9BQ25	0.396952
A0A9J4RF13	D0FY01	0.571224
A0A9J4RF13	A0A1C8XRK9	0.189398
A0A9J4RF13	D0FY08	0.0935796
A0A9J4RF16	D0FY18	0.324242
A0A9J4RF16	D0FY04	0
A0A9J4RF16	A1XKU7	0.107378
P0A7W1	P61175	0.0795318
P0A7W1	P0ADZ0	0.0494012
P0A7W1	P0A7S9	0.0220237
P0AG48	P0A7Q1	0.332636
P0AG48	P0A7M9	0.0871013
P0AG48	P0A7V3	0.122505
P92558	Q9ZPY5	3.7725
Q9M9B4	Q9SKC9	0.153797
Q9M9B4	P29388	0.572259
Q9M9B4	Q8L3S7	0.322102
P03902	P17694	4.07273
P03902	P23934	115.404
P03902	Q8HXG5	2.4124
P23709	Q7JAS9	108.885
P23709	Q8WAB4	109.342
A8BN26	A8B5N7	1.26586
A8BU75	A8BLV7	0.679918
A8BU75	A0A644FBK5	16.1551
A8BU75	A8BZ78	3.48462
P10664	P40010	3.54187
P10664	P38779	5.66533
P10664	P36049	2.56914
P53742	P04456	94.5696
P53742	P05743	8.4711
P53742	P17076	5.08608
A0A3B5Z4Q0	A0A3B5XY60	48.5743
A0A3B5Z4Q0	A0A3B6HX49	53.767
Q9CQ54	Q9DCJ5	1.06618
Q9CQ54	P0DN34	101.39
Q9CQ54	Q99LY9	1.76368
Q9CR21	Q3UIU2	115.552
Q9CR21	Q9CPP6	116.017
Q9CR21	Q02366	132.052
Q4D014	Q4D4C7	0.157313
Q4D014	Q4DD80	0.184736
Q4D014	Q4DZA7	0.434454
Q4DRC8	Q4DLH4	0.0674959
Q4DRC8	Q4DRU1	0.159921
A0A1C8XRP3	D0FY04	0
A0A1C8XRP3	A0A6S8N9J6	0.0190025
A0A1C8XRP3	D0FY19	0.0466075
D0FXX5	A0A1C8XRK9	0.0697942
D0FXX5	D0FXW8	0.0697942
A0A6P3E9B7	A0A6P3TFB2	120.869
A0A6P3E9B7	O78753	1.95275
O78756	A0A8N7XJ91	87.1928
O78756	A0A8N7XJG2	134.496
O78756	O78757	92.0242
A2DD57	A2FCM7	39.9179
A2DD57	A2DTN3	13.0939
A2DD57	A2F2T6	10.8095
A2FJV7	A2F2T6	26.9129
A2FJV7	A2DTN3	18.6467
A2FJV7	A2FCM7	11.2024
A0A8D1TL60	I3LRR4	106.161
A0A8D1TL60	A0A4X1TFI3	106.161
A0A8D1TL60	G8IFA6	147.353
F1S031	A0A287BDC0	125.13
F1S031	A0A287BG40	150.483
F1S031	G8IFA6	138.531
A0A287A0K2	A0A5G2QZK0	155.092
F1RI89	F1RU54	146.138
F1RI89	I3LN63	107.013
P0CT77	Q10330	84.8227
P0CT77	P79015	100.628
P0CT77	O74905	72.2412
Q9URX6	P0CT60	2.15776
Q9URX6	O14339	77.1437
Q9URX6	Q10192	4.95604
O94268	O74895	2.19811
O94268	Q1MTQ9	12.4285
O94268	O42832	0.561247
O94288	O74399	1.87586
O94288	P79015	0.864065
Q5SHN6	P80380	4.94477
Q5SHN6	P80372	0.933549
Q5SHN6	P0DOY8	1.14398
Q5SHP2	Q5SJE1	0
A0A3B6QBU0	A0A3B5ZQE8	84.2864
A0A3B6SDD9	Q8L805	2.9336
A0A3B6SDD9	Q5I7K4	0.698872
A0A3S5H7H2	A0A504X6A3	27.2042
A0A3S5H7H2	A0A504XQ80	27.3715
A0A3S5H7H2	A0A3Q8IC41	30.0952
A0A3S7WPD8	A0A3Q8IC41	34.5933
A0A3S7WPD8	A0A504XQ80	28.4504
A0A3S7WPD8	A0A3S7X127	33.6411
Q4DRR8	Q4D7Y5	0.358416
Q4DRR8	Q4CSF0	0.24564
Q4DX04	Q4DX19	0.0471098
Q4DX04	Q4DEW9	0.084249
Q4DX04	Q4DRC8	0.0925382
A0A1D8N596	A0A1H6Q311	0.0614734
A0A1D8NFX6	Q6C926	0.443653
A0A1D8NFX6	B5FVE5	1.41119
A0A1D8NFX6	A0A371C0F2	1.41119
P61927	Q9NVU7	1.33917
P61927	Q13823	4.50582
Q9NVP1	Q14137	259.489
Q9NVP1	Q9Y3U8	16.6753
Q9NVP1	O76021	224.005
Q4CTU7	Q4DA51	0.179938
Q4CTU7	Q4DW24	0.0792444
Q4CTU7	Q4D583	0.0679587
Q4DYR0	Q4D7Y5	0.188053
Q4DYR0	Q4E4S6	0.196437
G0S6V4	G0SFC3	79.9534
G0S6V4	G0RXZ3	5.5981
G0S6V4	G0S7X0	7.7625
G0SBN1	G0SGD8	0.949782
P18934	P18933	0.213063
Q9VQD7	O97418	17.4863
Q9VQD7	Q9W402	6.64839
Q80X85	Q9ER88	161.159
Q80X85	Q9D7N3	2.22155
Q80X85	Q6P3B9	3.49087
Q8R2L5	Q80ZS3	107.248
Q8R2L5	Q9CQA6	117.309
Q8R2L5	P58059	108.948
P52505	P42028	0.0891389
P52505	P42026	131.257
P52505	Q02371	114.83
Q02368	P03902	0.0994339
Q02368	P23709	0.569233
Q02368	Q02372	138.783
A0A0M4TBP4	A0A0M5TIS3	1.84781
A0A0M4TBP4	A0A0M4T1M3	0.103209
A0A0M4TBP4	A0A0M4U3Z5	6.71942
A0A0M4U611	A0A0M4T1M3	1.17175
A0A0M4U611	A0A0M4TV08	2.97951
A0A0M4U611	A0A0M4SWQ6	0.126331
A0A287BG40	A0A287AAR5	142.807
A0A287BG40	A0A4X1V0C8	142.345
A0A287BG40	A0A4X1V1H9	187.135
A0A4X1VPG4	A0A8D1J578	52.0279
A0A4X1VPG4	G8IFA6	65.3557
A0A4X1VPG4	P56632	56.1372
O77381	C0H4A6	55.4999
O77381	Q8IIU8	5.08408
O77381	C6KSY6	51.2376
Q8IDR9	Q8IEM3	8.61236
Q8IDR9	Q8I3R6	7.1162
Q8IDR9	C0H4K8	49.945
A0A8I6Y1Z8	P0CC72	0.0840226
A0A8I6Y1Z8	P92432	0.0975416
F2D138	A1E9J6	0.319405
F2D138	O98691	0.328686
F2D138	Q7GT16	0.148581
P39019	P23396	165.447
P39019	P62241	170.924
P39019	Q8N9N8	0.797074
P62753	P62263	113.577
P62753	P62851	2.14914
P62753	P62847	10.0362
G0S497	G0SD68	8.95663
G0S497	G0RXZ3	42.6549
G0S497	G0SDS8	46.2935
G0SFN0	G0SAJ9	66.8517
G0SFN0	Q2H9R2	61.9446
G0SFN0	G0S4P8	68.1332
Q4D6H7	Q4DMK9	55.2953
Q4D6H7	Q4CXR4	37.1135
Q4DA48	A0A061J677	19.6737
Q4DA48	Q4DCN0	3.22235
Q4DA48	A0A2V2WGW5	8.81105
Q9VQR2	Q9V3L7	1.24071
Q9VQR2	Q6IDF5	0.391273
Q9VQR2	Q9MDK5	17.6009
Q9VX36	Q9VZ01	7.53131
Q9VX36	Q9VMU0	57.8488
Q9VX36	Q9VWI0	64.1364
Q9VZU4	Q94511	94.0551
Q9VZU4	Q9VTB4	0.195161
P12878	P21472	0.0085531
P12878	P21474	7.14098
Q8VCB2	Q920D3	101.051
Q8VCB2	Q80YQ2	0.349848
Q8VCB2	A2ABV5	0.556794
Q9CZB6	Q8VCS6	93.7489
Q9CZB6	Q8C1S0	109.317
Q9CZB6	A2ABV5	0.751773
Q9UUU3	Q9B6E9	0.588402
Q9UUU3	Q9UUT8	1.00792
Q9UUU3	A0A1D8N3H5	0.217999
S5TMS4	A0A1D8NC63	0.0396911
S5TMS4	A0A1D8NNZ0	0.165906
P61254	Q96L21	185.452
P61254	Q07020	326.938
P61254	P26373	173.572
P61313	P47914	182.959
P61313	P40429	186.147
P61313	P84098	6.20063
Q1K6U7	Q7SB98	0.531182
Q1K6U7	Q7S300	0.388986
Q1K6U7	Q7SBJ8	0.211841
Q1K730	Q7RYM5	0.263783
Q1K730	Q7SA60	0.6566
Q1K730	F5HIJ5	0.356864
G1TA47	G1TRM4	1.76462
G1TA47	G1TIB4	154.499
G1TA47	G1TM82	153.321
G1TPV3	G1SKF7	165.505
G1TPV3	B7NZS8	175.901
G1TPV3	G1TUB8	165.524
P28072	P25789	206.147
P28072	A0A4D6FVK6	2.78026
P28072	P49720	27.8439
Q9UL46	Q3SZC2	181.71
Q9UL46	Q3T108	113.643
Q9UL46	P28074	129.199
C7DZL4	Q94519	0.331353
C7DZL4	Q9VXZ0	18.4797
C7DZL4	Q9V3L7	0.188342
Q9W3N7	Q9MDK5	0.477298
Q9W3N7	P18931	0.486427
Q9W3N7	Q9VQR2	0.0445867
G0S081	G0SGC2	18.4262
G0S081	G0SGH8	116.35
G0S081	G0SF80	51.9468
G0S1T5	G0S215	0.541027
G0S1T5	P0CT45	0.308451
G0S1T5	G0SF80	0.821281
A0A4X1VRV3	A0A4X1THU2	150.483
A0A4X1VRV3	A0A480TFA5	97.6392
A0A4X1VRV3	F1SDI2	0.0509897
O79882	G8IFA6	104.164
O79882	F1SV23	90.2348
C3SQV2	A1AGK6	0.447562
C3SQV2	A0A828UBL8	0.0122807
C3SQV2	P0ADY7	0.184853
C3SSG2	P61175	0.867608
C3SSG2	A0A037Y8L6	0.465547
C3SSG2	P02413	0.465547
A0A2K3DCN8	P12759	0.238507
A0A2K3DCN8	A8HNV0	0.165453
A0A2K3DCN8	A8IKR9	1.40773
Q6UBQ3	Q69B19	0.308263
Q6UBQ3	Q27YU7	0.164054
Q6UBQ3	Q27YU4	0.198961
A0A1D8NC63	A0A1D8N5V2	0.142512
A0A1D8NJR0	A0A371CFV9	0.162793
A0A1D8NJR0	A0A1D8NNZ0	0.342409
O14069	P79071	4.10494
O14069	P35679	0.740122
O14069	O74905	6.17863
P57728	P79015	95.5014
P57728	Q9UTI8	94.7802
P57728	O74905	68.975
Q4CTU7	Q4DX19	0.182696
Q4CTU7	Q4DEW9	0.131036
Q4CTU7	Q4DIY1	0.240618
Q4CW80	Q4E2R4	0.241657
Q4CW80	Q4DA51	0.324686
G1SYU7	G1T8A2	82.2309
G1SYU7	U3KPD5	104.922
G1SYU7	G1TTY7	10.0743
G1TPE6	A0A5F9CHB7	0.858464
G1TPE6	G1STW0	113.452
G1TPE6	G1TT27	1.25612
Q99N84	Q80ZS3	122.49
Q99N84	Q9JIK9	141.676
Q9CQE3	Q9D125	149.68
Q9CQE3	Q80ZS3	116.198
Q4U2R6	Q9BYD2	177.22
Q4U2R6	P49406	4.38161
Q4U2R6	Q9BYD3	180.867
Q9H2W6	Q96EL2	0.102054
Q9H2W6	Q16540	0.934547
Q9H2W6	Q7Z7H8	175.813
P92533	Q84W12	0.12716
P92533	P92558	0.4883
P92533	B5TM92	0.490239
Q94C12	Q9SLC8	0.261006
Q94C12	Q9FGK0	0.126717
A0A3Q7GDM4	A0A3Q7H274	2.7629
A0A3Q7GDM4	A0A6N2B4A3	52.205
A0A3Q7GDM4	K4CND1	52.4202
A0A3Q7GQ29	A0A6N2B4A3	75.8309
A0A3Q7GQ29	A0A3Q7HGG4	38.2631
A2DNY3	A2FA40	17.7054
A2DNY3	A2E4S6	9.79471
A2ER97	A2EG54	4.1735
P51970	O75380	166.232
P51970	O95178	168.93
P51970	O14561	174.836
Q9Y6M9	P07470	8.96634
Q9Y6M9	Q9UDW1	0.103751
Q9Y6M9	Q86Y39	129.636
Q2FXS8	Q2FW07	1.17093
Q2FXS8	Q2FZF1	0.1381
Q2FXS8	P66211	0.163915
Q2G0S0	Q2FW08	0.450803
Q2G0S0	Q2FZ42	0.372438
Q2G0S0	Q2FXQ1	0.345622
P13619	P19483	173.67
P14790	P13621	0.469171
P14790	P32876	77.3984
P14790	P07926	70.105
Q06217	P39682	7.1212
Q06217	Q03776	2.8299
Q06217	P19736	6.10575
Q12309	P38302	0.51465
Q12309	Q06835	0.797494
Q12309	Q03772	0.364192
G1SFR8	G1TPV3	6.17103
G1SFR8	G1T168	6.17103
G1SFR8	G1SGX4	164.921
G1SYS4	G1SZ47	142.858
G1SYS4	G1SK22	2.77052
G1SYS4	G1TG89	150.955
P38779	P40010	2.00188
P38779	P36049	0.761722
P38779	P53136	0.547459
P53742	P36160	3.57366
P53742	P05740	71.2873
P53742	P26784	11.4697
B6J258	B6J8E7	0.175951
B6J258	B6J237	1.99358
B6J263	Q83E85	3.67974
B6J263	B6J237	1.64706
B6J263	B6J5E2	0.297273
O52759	Q9HWF2	0.0594806
O82850	Q9HWE9	0.0869293
O82850	Q9HWE1	0.31652
O82850	Q9HWD6	0.976138
P91929	Q94519	0.346082
P91929	Q9VWI0	19.4414
Q9W3N7	Q9V3L7	0.0615476
A0QS39	A0QR10	1.57631
A0QS39	A0QYU7	0
A0QSD8	A0QS62	0.0671636
A0QSD8	A0QSF9	0.031599
Q839F1	Q839G0	0
Q839F1	Q839G5	0
Q839F1	Q82Z47	0.151702
Q839H0	Q82Z47	0.319083
Q839H0	Q839E0	1.15986
A0A1D8N596	A0A1D8ND94	0.112124
A0A1D8N596	S5TF58	0.131995
A0A1H6PPE5	A0A371CFV9	0.458852
P78794	O14011	6.98386
P78794	O43071	12.7193
P78794	P87051	68.7256
Q9HE06	O14011	17.7324
Q9HE06	O13758	2.40745
Q9HE06	Q9HE07	4.25562
G1SGX4	P62495	179.135
G1SGX4	G1TXF6	149.471
G1SGX4	U3KMN4	6.71908
G1SLW8	A0A1U7U441	185.47
G1SLW8	G1ST95	179.835
G1SLW8	A0A5F9CZR4	164.068
P0CX49	O13516	3.06151
P0CX49	Q12690	57.0913
P0CX49	Q08235	2.01633
Q08004	P26784	2.33335
Q08004	P38202	0.264606
Q08004	Q02326	0.39759
A0A6P9FRJ5	O78748	103.472
A0A6P9FRJ5	O78757	0.0116735
A0A6P9FRJ5	A0A836A4Q3	72.9895
P28320	P53277	1.94762
P28320	P28004	3.69723
P28320	P21374	1.39435
Q02260	Q07350	7.90468
Q02260	Q08963	7.10136
Q02260	P32605	8.07293
G0S101	G0S0D7	9.50409
G0S6V4	G0SCL3	68.5365
G0S6V4	G0S5M5	0.544222
G0S6V4	G0SGT6	76.4096
A0QSD8	A0QSD6	0.155584
A0QSD8	A0R3D2	0.246545
A0QSD8	A0QSL5	0.0126227
A0R3I9	A0R150	0.166069
A0R3I9	A0QSD6	0.0671941
A0R3I9	A0QSG8	0.159446
A0T0V0	B8LE61	0.276459
B8C8Q0	A0T0S1	0.0357843
A0A1H6PKH9	A0A1D8NFX6	0.471883
A0A1H6PKH9	B5FVF8	2.96896
A0A371C0F2	A0A1D8NG21	8.53194
Q1K6U7	Q7SA88	0.158755
Q1K6U7	Q7S5N0	0.462662
Q7S711	Q7SA60	0.5229
Q7S711	Q9HFL0	0.499116
Q7S711	Q1K4P1	0.499116
Q9CR59	Q9CPY1	4.43725
Q9CR59	O35972	6.11129
Q9CY73	Q9D8P4	145.93
Q9CY73	Q9D1N9	156.531
Q9CY73	Q9D338	1.27467
Q07350	Q04693	0.378437
Q07350	Q02554	0.526807
Q07930	P46947	1.47164
Q07930	Q12417	0.464317
G0RZE9	G0SAJ9	83.5156
G0RZE9	G0S4P8	83.562
G0RZE9	G0SCK6	39.5137
G0S497	G0S683	81.819
G0S497	G0S4P8	29.2591
G0S497	G0SB32	2.33937
P60150	P62112	0
P60150	P04160	0.0321177
P60150	P69383	0
P62103	P06003	0.00422833
P62103	P69560	0
P62103	A0A9R0HRF2	0
G0S683	G0SB32	38.4815
G0S683	G0RXW1	119.054
G0SDS8	G0RYD6	1.06538
G0SDS8	G0S9T3	0.894864
A0A6P3E9B7	A0A6P9FRJ5	113.181
A0A7M4DUF5	O78756	0.889033
A0A7M4DUF5	O78753	94.0725
A0A7M4DUF5	O78755	124.03
P03924	P52505	0.089304
P03924	P23934	100.268
P03924	P23709	2.12208
Q8HXG5	Q02380	139.131
Q8HXG5	Q02378	0.388471
Q8HXG5	P34942	140.631
B0C6I0	B0C3E5	0.174321
B0C6I0	B0CFM2	0.0656364
B0C6I0	B0C605	0.0355052
B0CFM0	A5A8K9	0.0419118
B0CFM0	B0C6T1	0
B0CFM0	B0CDZ2	0
A0A1S3TCK0	Q9XPB4	0.817998
A0A1S3TCK0	A0A1S3VGS8	2.23202
A0A1S3TCK0	E9KZL0	1.84513
A0A1S3VVN6	A0A1S3TU57	0
A0A1S3VVN6	A0A1S3UYW0	0.0480934
A0A1S3VVN6	A0A1S3TQ33	0.353785
Q4D0Q8	Q4DIY1	0.227031
Q4D0Q8	Q4DEM5	0.182802
Q4E2R4	Q4DVD2	0.27343
Q4E2R4	Q4DNX8	0.272866
G0RZZ2	G0SB83	0.288047
G0RZZ2	G1DJA2	0.182242
G0RZZ2	G0S8H4	0.214513
G0S812	G0S0S8	0.31887
G0S812	G0SAY0	0.234795
G0S812	G0S086	0.143002
Q72I07	P62442	11.757
Q72I07	Q72I23	0.372536
Q72I07	Q72L76	2.92474
Q72I28	Q72I19	0.485435
Q72I28	P0DOY8	0.485435
W7JKG5	W7KN95	19.411
W7JKG5	W7K6A8	26.8993
W7JKG5	A0A2I0BS43	8.11778
W7K040	A0A2I0BQ13	19.3103
W7K040	W7KN95	15.1343
W7K040	W7K6I2	5.38949
A2G4E1	A2DNV5	13.6777
P13393	P40422	44.1989
P13393	P84233	6.50049
P34162	P04050	0.160171
P34162	P32585	0.205879
Q4D5W3	Q4D6H7	7.18924
Q4D5W3	Q4DMK9	10.7527
Q4D5W3	Q4DJY1	1.72091
Q4E3G1	Q4CPV7	0.518505
Q4E3G1	G0U1J3	0.0814164
Q4E3G1	Q4DSU0	2.01685
A0A6P3E3I5	O78757	109.811
A0A6P3E3I5	O78753	0.0350572
O95478	Q9H7B2	203.713
O95478	Q6DKI1	84.5997
O95478	P39023	198.017
Q02878	P62917	188.034
Q02878	Q07020	183.834
A6MVW0	A6MVR2	0.0314493
A6MVW0	A6MVU9	0
A6MVW0	A6MVR3	0.048508
A6MW31	A6MW32	0.0464145
A6MW31	A6MVR2	0.115873
A6MW31	A6MVV3	0.0153552
Q9MDK5	Q9VTU2	22.2457
Q9MDK5	Q9W3X7	0.487726
Q9MDK5	P91929	15.413
Q9VF27	Q94511	0.435184
Q9VF27	Q94519	5.63325
Q02367	P03902	0.57669
Q02367	P23934	128.919
Q02367	P48305	124.956
Q02378	Q02827	103.734
Q02378	Q02371	2.29845
Q02378	P15690	128.99
A0A8D1KH26	B8Y651	136.504
A0A8D1KH26	A0A4X1UIV8	117.77
A0A8D1KH26	A0A480VKQ8	129.532
I3LGM4	A0A4X1V0C8	0.0781051
I3LGM4	A0A287AAR5	0.0781051
I3LGM4	A0A287BMW6	99.354
Q9V195	P62008	31.7486
Q9V1U8	Q9UYS3	5.38377
A0A0M4TBP4	A0A0M5MJR6	1.25722
A0A0M4TV08	A0A0M5MJS2	0.145082
A0A0M4TV08	A0A0M4T1M3	2.13476
Q9FNN5	Q9FIJ2	77.0391
Q9FNN5	Q04614	5.12677
Q9FNN5	Q42599	77.9966
F2Z6F1	Q6C4W9	0.530744
F2Z6F1	B5FVD3	0.305482
F2Z6F1	Q6CEK9	0.318255
Q6C1R9	B5RSK3	0.130904
Q6C1R9	F2Z673	0.193956
Q6C1R9	B5RSL7	0.184949
A2RNN9	A2RP74	0.0364963
A2RNN9	A2RNV0	0.18467
P03905	Q86Y39	133.828
P56556	P03886	172.166
P56556	H9PGF0	164.23
P56556	P07919	1.37251
P38304	P32570	0.292962
P38304	P38633	0.121888
P38304	P38782	0.428928
Q08278	P33308	1.59094
P06509	P82403	0.873536
P06509	O49937	3.19081
P06509	P12629	2.60534
P82192	P82248	0.378184
P82192	P09596	0.0211096
P82192	P24613	0.337058
P0DJ58	P0DJ51	24.8309
P0DJ58	P0DJ61	48.0006
Q23TC8	P0DJ56	2.55281
Q23TC8	Q235M8	46.569
Q23TC8	P0DJ18	24.5045
P82663	P82912	171.775
P82663	Q8N0V3	1.45087
P82663	Q92665	189.596
G0S081	G0SCP3	2.36635
G0S081	G0SGD8	13.7832
G0S081	G0S0E5	56.3687
G0SB32	G0SBX1	1.13837
A0A3Q8IJL7	A0A3S7WY02	24.3478
P62885	A0A3S7WY02	72.0601
P62885	E9BCX6	52.6511
P62885	E9BIP6	37.4437
Q4DEM5	Q4CTU7	0.184338
Q4DEM5	Q4D7Y5	0.274158
Q4DEM5	Q4DA51	0.233768
Q6C674	Q9B6D4	0.066905
Q6CG53	Q6C8J9	0.0633525
Q6CG53	B5FVD3	0.142512
Q4DJY1	Q4DZB0	0.225286
Q4DJY1	Q4E0Q3	16.9592
Q4DJY1	Q4E088	1.56124
Q4DQZ2	Q4D7F2	0.260079
Q4DQZ2	A0A2V2WGW5	0.564859
D1J7A9	A0A836C871	0.0132275
D1J7A9	D1J7A8	0.0387316
D1J7A9	B7T217	0.0925926
D1J7C4	B7T217	0
D1J7C4	A0A222AI28	0.01678
D1J7C4	Q0P3P1	0
O51206	O51441	0
O51206	O51719	0.012157
O51206	O51642	0.376356
P94272	P29220	0.144444
P94272	O51325	0.0934783
Q96EY7	P82673	199.04
Q96EY7	Q13084	199.059
Q96EY7	Q9Y2R9	196.212
Q9Y676	O15235	14.3877
Q9Y676	Q9Y3D5	8.33928
Q9Y676	Q96EL2	194.744
P23396	P63220	147.839
P23396	P42677	148.892
P23396	Q8NC51	3.32359
P60228	P62753	8.20841
P60228	P62701	200.288
P60228	O75822	191.717
A0A4X1SZP7	A0A8D0INK7	131.483
A0A4X1SZP7	A0A8D0PK14	0.142196
A0A4X1SZP7	O79880	115.417
A0A4X1T6M0	A0A480JRW3	125.759
A0A4X1T6M0	Q8SPJ9	10.8874
A0A4X1T6M0	B8Y651	143.755
P33334	P54999	1.58466
P33334	Q03375	0.310648
P33334	P40565	0.640744
Q04693	P32639	0.28955
Q04693	P0C074	0.335713
Q04693	P54999	1.19521
Q6A7V2	Q6A9I2	0
Q6A7V2	A0A2B7IUA0	0.057917
Q6A9I3	A0A2B7IUA0	0.140411
Q6A9I3	Q6A6P5	0.140411
Q6A9I3	Q6A7V3	0.372469
E1UWA7	E1UWC1	0.156088
E1UWA7	E1UWC0	0.148457
E1UWA7	E1UWB7	0.150456
E1UWB5	E1UWC0	29.4215
E1UWB5	E1UWC2	0.347373
E1UWB5	E1UWC6	21.9903
Q99N91	Q9CQL4	89.5802
Q99N91	Q99N92	113.532
Q9CQL5	Q9CPV3	134.311
Q9CQL5	Q9D8P4	139.34
Q99N95	Q9D1P0	6.32194
P0DOY7	Q5SJ76	1.69952
P80372	P24321	0.0592947
P80372	Q5SHN3	0.0537277
P80372	P60491	0.134246
Q6ZY24	A0A1D8NDL1	0.161586
Q6ZY24	Q6C9Z1	0.161586
Q6ZY24	A0A1H6Q311	0
Q9UUT8	Q6CG53	14.2962
Q9UUT8	A0A1D8N5V2	14.2962
Q9UUT8	S5U3V2	0.622495
Q7S300	Q7SBJ8	0.416805
Q7S300	Q1K7L7	0.276355
Q7S518	Q1K8C8	1.09135
Q7S518	Q96U12	0.481732
Q7S518	F5HIJ5	0.190264
O82850	Q9I5V8	0.829612
Q9HXQ2	Q9HWE5	0.0204918
Q9HXQ2	Q9HWD7	0.806862
Q9HXQ2	Q9HVC4	0.927189
P20278	P21473	0.467962
P20278	P20277	0.0648649
P20278	P21475	0.0492645
P42924	P19946	0.182696
P42924	P12875	0.0126833
Q4DET1	Q4DEW9	0.150876
Q4DET1	Q4DRC8	0.0901072
Q4DET1	Q4DZA7	0.109003
Q6CI10	Q6C9Z1	0.636707
Q6CI10	B5FVD3	0.0279146
P34943	P03924	108.825
P34943	Q05752	0.190382
P34943	Q02375	156.043
Q02380	Q02375	155.272
Q02380	Q95KV7	144.339
P0AG63	Q3YWV3	0.0881868
P0AG63	P0A7W7	0.0881868
P40711	P0A7V8	0.237344
P40711	P60489	2.9268
Q08965	P0CX51	2.59188
Q08965	P0CY39	2.60606
Q3E792	P35207	2.23207
Q3E792	P0C2H8	62.7779
Q3E792	Q01855	51.8561
A0A1S3WZ09	A0A1S4BFD5	98.28
A0A1S3WZ09	A0A1S3ZRI7	119.903
A0A1S3WZ09	A0A1S4B0G2	59.5297
A0A1S3Z2D7	A0A1S4AEL0	79.1459
A0A1S3Z2D7	A0A1S4DF55	1.2169
A0A1S3Z2D7	A0A1S3YR12	71.764
P20435	P16370	36.2834
P20435	P29055	21.5839
P38782	Q99278	0.581282
A0A4X1VPG4	A0A8D1WW27	42.925
A0A4X1VPG4	A0A287BDC0	59.111
A0A8D1TL60	A0A4X1V1H9	165.902
A0A8D1TL60	A1XQS6	121.734
A0A2D0TCJ1	P06004	0.070296
A0A2D0TCJ1	Q9XQR3	0.0119582
A0A2D0TCJ1	Q8HS25	0
P06006	P27490	0.044311
P06006	P07371	0.0424613
P06006	A0A2D0TCJ0	0.0736544
A0A0M4SWQ6	A0A0M4SWS6	0.133639
A0A0M4SWQ6	A0A0M5MJR6	0.0305085
A0A0M5TIS3	A0A0M4T6V1	0.920535
A0A0M5TIS3	A0A0M5MJR6	0.665295
P09191	P73070	0.63345
P09191	P73528	0.208944
P09193	Q55354	0.0657748
P09193	P15819	0.0780676
P09193	P73070	0.146377
Q96DI7	P62318	63.0345
Q96DI7	Q9Y3C6	324.834
Q96DI7	P62308	270.918
Q9UNP9	O43660	365.752
Q9UNP9	O60508	372.938
Q9UNP9	Q13573	196.285
A0A2K3DMA3	A0A2K3DML4	0.755578
A0A2K3DMA3	A0A2K3E831	26.2122
A8JCA8	A8JGI0	5.61525
A8JCA8	A0A2K3E5Q8	0.302605
A0A1L8H1I9	Q7ZYJ8	1.56478
A0A1L8H1I9	Q6GNF1	0.803911
Q6GNX0	A2RV69	1.32013
A0QSG8	A0QS62	0.118717
A0QSG8	A0QSL9	0.688237
A0QSG8	A0QSL4	0.123736
A0QVB8	A0QSE0	0.216901
A0QVB8	A0QSG3	0.0393283
D4A133	P50408	10.6514
P25286	Q5EB76	0.154233
P25286	Q8R2H0	0.393239
P25286	Q5M7T6	0.630755
A0A1C8XRM6	D0FY01	0.0677213
A0A1C8XRM6	A0A1C8XRK9	0.139009
A0A1C8XRM6	D0FY13	0.08733
A0A9J4RF16	A0A9J4RF15	0
A0A9J4RF16	D0FY01	0.0569106
R1DY94	R1DCN2	0.205243
R1DY94	R1B3D6	0.122326
R1DY94	R1EB65	0.191389
Q8TRT1	Q8TIN5	0.0636177
Q8TRT1	Q8TT43	5.89773
Q8TRT1	Q8TRC3	1.21424
Q8TRU7	Q8TRC1	22.4915
Q8TRU7	Q8TRT2	14.0953
Q8TRU7	Q8TRT7	12.2782
Q9D1B9	Q9CQL4	120.416
Q9D1B9	Q9D1N9	3.11846
Q9D1H8	Q99N85	134.064
Q9D1H8	Q3TBW2	2.49612
Q9D1H8	Q99N94	0.0988168
F1PJP5	P86218	2.10287
F1PJP5	E2RQ08	1.80738
P38377	G1SE28	184.729
P38377	G1TYL6	161.325
P38377	G1SYU7	242.301
W7JVP8	W7JUG8	15.0499
W7JVP8	W7KN95	23.8753
W7JVP8	W7K6I2	25.1982
W7K6A8	O77396	7.579
W7K6A8	Q8IK90	26.7507
W7K6A8	Q8IDG2	5.62878
Q7S2H6	A7UWX2	0.245422
Q7S2H6	V5ILE0	0.562052
Q7S2H6	Q873E4	0.419315
Q7S7R6	Q7RYL4	0.376724
Q7S7R6	Q1K548	0.319936
Q7S7R6	P23351	0.163261
W5FV77	A0A3B6S9M7	78.6337
W5FV77	A0A3B6QHW3	70.2397
W5FV77	A0A077RZD1	57.9529
A1B482	A1B479	0.482271
A1B482	A1B480	1.32357
A1B482	A1B486	7.03511
A1B4F3	A1B481	0.244129
A1B4F3	A1AZB0	0.706019
A0A8C0RJF2	G1TYL6	1.3624
A0A8C0RJF2	G1SHG0	1.42024
A0A8C0RJF2	G1SE76	1.85092
A0A8C0RUW0	P38377	0.165
A0A8C0RUW0	G1SE76	1.59653
A0A8C0RUW0	G1SE28	0.419216
Q4DEM5	Q4DIY1	0.349789
Q4DEM5	Q4DEW9	0.273726
Q4DEM5	Q4DRC8	0.218701
W7JKG5	A0A2I0BXS0	28.5723
W7K1J4	Q8IKC9	29.2555
W7K1J4	A0A2I0BU46	55.0945
W7K1J4	C6KST3	46.8468
Q4FUF1	Q4FUD0	1.58577
Q4FUF1	A0A0M4U627	1.71734
Q4FUF1	Q4FUC6	0.100765
Q4FUF6	Q4FUD0	0.854289
Q4FUF6	Q4FQ45	1.7746
Q4FUF6	Q4FUE6	0.323384
P04650	Q02892	2.26481
P04650	P0CX82	64.7377
P04650	P02406	72.2846
Q12387	P14126	2.49571
Q12387	P05743	0.962707
Q12387	Q06504	0.625358
G0SD68	G0SGY1	81.2963
G0SD68	G0S5M5	1.85679
G0SD68	G0S2I7	0.887544
D5MAJ8	P14226	0.18561
D5MAJ8	P27490	0.0218987
D5MAJ8	P69529	0.0337512
P16059	Q8VYY1	0.0821137
P16059	P13555	0.261969
P16059	Q9XQR6	0.13515
P0CX45	P26784	1.99962
P0CX45	P05738	63.7484
P0CX45	P0CX82	3.70668
P26785	P14126	96.765
P26785	P05744	1.60502
Q03776	P54999	2.44902
Q07350	P40567	6.79672
Q07350	Q08963	1.36136
Q07350	Q00539	1.96903
P75454	P52864	0.208912
P75454	P75458	0.347648
Q50303	P46775	0.129083
Q50303	P52864	0.107667
Q50303	Q50301	0.0729105
Q8BU88	Q8K2M0	161.422
Q8BU88	Q9CQN7	1.13247
Q8BU88	O35972	138.166
Q9CQL4	Q9CQ06	5.67708
Q9CQL4	Q8K2Y7	103.936
Q9CQL4	Q9D7N6	3.43184
A0A1S3TU57	Q9XPB4	0.214993
A0A1S3TU57	A0A1S3TQ33	0.831116
A0A1S3V8W7	A0A1S3TQ85	29.2777
A0A1S3V8W7	A0A1S3UND4	0.179997
A0A1S3V8W7	A0A1S3VNK7	6.13882
O82238	Q9C9Z5	0.0680574
O82238	Q9LHI0	0.155983
O82238	O05000	0.188665
Q42599	Q9ZPY5	4.58281
Q42599	Q8RWA7	47.9573
Q7RZF0	Q7SB98	0.247046
Q7RZF0	Q7SBJ8	0.120641
Q7RZF0	Q1K8T6	0.236101
Q7SA88	Q7S1R6	0.154906
Q7SA88	Q7S5N0	0.178866
Q7SA88	Q7SBJ8	0.0987671
O05635	P39468	14.7195
O05635	Q4JAG0	1.7037
O05635	Q4JB44	9.2541
P39470	Q4J8U1	2.74515
P39470	P41202	2.22105
P39470	Q4JB44	13.0229
P05738	P38061	2.27455
P05738	Q02326	36.6873
P05738	P05739	37.3326
P0CX54	P05317	96.6946
P0CX54	Q12532	3.95846
P38633	Q12343	0.661085
P38633	P20436	0.311833
P41896	P16370	6.04454
P41896	P41895	0.472102
P41896	P38902	7.68738
P62314	Q5RL73	5.24926
P62314	P62308	140.978
P62314	P62318	195.076
Q9P013	Q9Y3C6	324.175
Q9P013	Q9Y421	1.53182
Q9P013	Q9BRD0	2.78084
Q6CJK0	Q6CM18	114.684
Q6CJK0	Q6CX80	2.54835
Q6CJK0	P27069	85.4715
Q6CW78	Q6CLU4	3.62362
Q6CW78	Q6CXM0	40.7199
Q6CW78	Q6CL71	47.4174
G1TFE0	G1TVS8	170.459
G1TFE0	G1SP51	161.488
G1TFE0	G1SHQ2	167.645
G1TYL6	G1T0C1	5.57821
G1TYL6	G1SP51	142.822
G1TYL6	G1SGR6	77.4051
P36954	P19447	183.366
Q75QN2	Q8WX92	1.92344
Q75QN2	Q5TA45	2.67866
Q4DEM5	Q4DX19	0.114556
Q4DEM5	Q4DRG2	0.236177
Q4DEM5	Q4D583	0.205478
Q4DRR8	Q4DRC8	0.296028
Q4DRR8	Q4CT44	0.366284
Q4DRR8	Q4DRU1	0.3972
Q6C2Q1	Q9B6C7	15.1511
Q6C2Q1	Q6CI10	5.68572
Q6C2Q1	Q6C4W9	16.9535
Q9B6E9	Q9B6D4	0.149165
Q9B6E9	Q9UUU2	1.73116
Q7Z2W9	Q9BYD1	181.994
Q7Z2W9	H2QWN0	181.368
Q7Z2W9	Q86TS9	165.156
Q9H3J6	Q9P0P8	0.368348
Q9H3J6	Q9HD33	3.41896
Q9H3J6	Q9Y3B7	16.6578
P13618	A0A287B4I0	0.398483
P13618	Q2EN81	128.857
P13618	K7GLT8	130.837
Q9MYT8	A0A8D1WGE8	0.263994
Q9MYT8	Q95339	70.9667
Q9MYT8	A0A8D1FFA1	77.631
G1SY53	G1SZ12	133.623
G1SY53	G1SP51	151.602
G1SY53	B7NZQ2	158.166
G1TYL6	G1TDL2	133.652
G1TYL6	G1SQH0	144.077
G1TYL6	G1TT27	5.71097
A0A0F7UXI8	B9PHL8	114.151
A0A0F7UXI8	A0A0F7UYM7	104.668
A0A0F7UXI8	B9PTA0	0.569131
B6KC70	A0A0F7UYM7	62.6912
B6KC70	A0A125YMR9	19.491
F2Z602	Q6CLU4	7.50535
F2Z602	Q6CVZ5	1.37456
F2Z602	Q6CW78	4.12586
Q875N2	Q6CX80	67.1053
Q875N2	Q6CW78	6.2252
Q875N2	Q6CVZ5	65.1128
Q12690	Q02892	2.48265
Q12690	Q12080	1.2859
Q12690	P0CX25	64.7584
Q99257	P0CX43	2.34266
Q99257	Q07915	3.75504
Q99257	P49166	1.83975
P12354	P12353	0.0666038
P12354	P06512	0.0338093
P12354	P12355	0.0635151
P17228	P22179	0.0149411
P17228	P06512	0.0154818
P03923	O95182	163.632
P03923	P03891	192.363
P03923	O95178	172.372
P51970	O43674	180.372
P51970	Q86Y39	127.004
P51970	Q9UDW1	0.0409745
P79015	Q9USG6	56.3185
P79015	O14069	8.68939
Q9UTI8	P56289	2.71169
Q9UTI8	P0CT68	71.5792
Q9UTI8	P79071	79.8574
B7I7A4	V5VGC9	0.00991872
B7I7A4	B7I694	0.00991872
B7I7A4	B7I6V9	0.101385
B7IA13	B7IBC3	0.0315135
B7IA13	B7IA28	0.466667
B7IA13	B7I7B6	0.456327
A1WWW3	A1WWW2	0.034137
A1WWW3	A1WWW5	0.129401
A1WWW3	A1WXF8	0.428211
A1WWW6	A1WXF8	0.0292537
A1WWW6	A1WWW5	0.0308333
A1WWW6	A1WXF6	0.296718
P0CG47	O00231	205.603
P0CG47	P43686	9.19839
P0CG47	P51665	27.4357
P48556	P51665	228.41
P48556	O75832	180.626
P48556	P49720	200.242
P0CX47	P05744	50.1666
P0CX47	P32905	0.533552
P0CX47	P48589	43.3084
P38249	Q6CWU3	0.900773
P38249	P26783	1.74377
P38249	Q6CIM1	1.3571
O75643	P55769	6.21898
O75643	P62308	3.50656
O75643	Q9Y5U2	0.301665
Q9H875	Q6P2Q9	0.475466
Q9H875	P62306	8.32792
Q9H875	P62304	9.2705
A0A5F9CZR4	G1T3L2	12.4514
A0A5F9CZR4	G1SUC8	162.329
A0A5F9CZR4	G1SLC2	6.81571
G1SVB0	P41227	8.4453
G1SVB0	P53582	2.18356
G1SVB0	G1T1F0	174.46
A0A6P3DZ89	O78747	152.909
A0A6P3DZ89	O78756	141.498
A0A6P3E3I5	A0A452EI29	2.10103
Q9BYG3	Q9Y3U8	14.2575
Q9BYG3	Q9Y3T9	9.77099
Q9BYG3	P18621	12.5721
Q9NVP1	Q9Y3C1	10.2867
Q9NVP1	P18621	29.4771
Q4FUF3	Q4FS21	1.38314
Q4FVL1	Q4FUE7	0.244505
Q4FVL1	Q4FS21	0.432335
P82913	P82915	142.476
P82913	P82931	127.498
P82913	P82928	6.91109
Q2NL27	P82917	26.8024
Q2NL27	P82931	139.826
P35679	O42706	92.7055
Q9UTI8	P36585	95.1988
O95139	O14561	170.007
O95139	O95178	164.108
O95139	O96000	175.932
Q86Y39	O95298	119.815
Q86Y39	O95168	119.255
Q86Y39	Q9NX14	113.125
A0A1B4XKV5	A0A1B4XMB1	0.140623
A0A1B4XKV5	A0A1B4XKS7	0.0489551
A0A1B4XKV5	A0A1B4XKS1	0.0170301
A0A1B4XMV6	A0A1B4XRZ8	0.0132294
A0A1B4XMV6	A0A1B4XKT7	0.06853
A0A1B4XMV6	A0A1B4XM76	0.00689264
Q9VQM2	Q9V3L7	0.901954
Q9VQM2	Q7K1C0	0.111898
Q9W402	A8DYC4	0.341833
Q9W402	P18930	5.98052
F2Z546	K7GP63	79.0049
Q29223	F2Z554	57.4597
Q29223	Q4GWZ2	166.362
Q29223	P49666	7.80828
P38624	P40327	127.479
P38624	O94742	0.407839
P38624	P32379	39.1308
Q12377	P40302	31.0879
Q12377	P23638	32.4694
Q12377	P40303	8.92429
Q4D7Y5	Q4DRU1	0.314235
Q4D7Y5	Q4DJ95	0.148699
Q4D7Y5	Q4DY17	0.257256
Q4DZS3	Q4E0X6	0.322653
Q4DZS3	A0A2V2XQ88	0.249295
Q4DZS3	Q4E1X5	0.199402
Q72I16	P62660	0.0125842
Q72I16	Q72L77	0.0929839
Q72I16	P62663	0.255023
Q72I23	Q72L76	0.0939548
Q72I23	Q72I15	0.202667
Q72I23	Q72I04	0.112654
Q01657	Q27YU4	0.187283
Q01657	Q01656	0.229433
Q01657	P12759	0.196551
Q39580	P12759	3.63317
Q39580	Q7Y0H2	0.706044
Q39580	P09204	147.84
P19736	P0C074	1.68377
P19736	Q02260	9.0218
P19736	Q06835	2.42243
P32639	Q12309	0.422462
P32639	Q12420	0.446879
P32639	A6ZYX7	1.4668
G0S4E3	G0S7X0	0.933025
G0S4E3	G0SE30	0.590303
G0S4E3	G0SGY2	8.3493
G0S872	G0SDL4	1.76889
G0S872	G0S9M9	1.58988
G0S872	G0S9I7	0.761211
A4I357	A4HV47	27.1055
A4I357	A0A381MU64	5.03464
A4I357	A4HVX3	17.6158
A4I384	A4HVX3	33.1797
A4I384	A4ICV5	18.3408
P03899	P03893	59.8825
P03899	Q9DCT2	98.9135
P03899	Q99LC3	95.232
P03921	Q99LY9	97.5696
P03921	Q9CPU2	116.457
P03921	Q9D6J6	7.84698
A0A3B5XX39	Q5XUU9	111.15
A0A3B5XX39	A0A077RZD1	51.573
A0A3B5XX39	A0A341UET3	100.65
A0A9R1HBE9	A0A3B6PK86	54.5154
A0A9R1HBE9	A0A1D5RRD3	53.8392
A0A9R1HBE9	A0A3B6S9M7	51.804
Q385R2	Q38AX6	0.225767
Q385R2	Q387P8	0.247576
Q385R2	Q584T8	0.152699
Q584U8	Q586P5	0.220569
Q584U8	C9ZJE4	0.234451
Q584U8	Q387C7	0.209477
A2DEJ9	A2DQN8	66.3396
A2ELV7	A2DPS3	17.9432
A2ELV7	A2DTR8	8.71759
A2RIX0	A2RP73	0.688718
A2RNP6	A2RP74	0.0118825
A2RNP6	A2RNN9	0.0192037
A2RNP6	A2RMV9	0.0496472
Q7K1C0	Q7JZK1	0.14053
Q7K1C0	Q7JYH3	0.15067
P61993	Q8U442	4.1229
P61993	Q8U014	2.18333
P61993	Q8TZJ9	4.28629
P61995	Q8U014	34.8832
P61995	Q8U008	16.515
A0A3B6HY18	A0A3B6HX49	11.7754
A0A3B6HY18	A0A9R1JSD6	82.7112
A0A3B6HY18	A0A3B6TWW5	4.05156
A0A3B6SS17	A0A3B6RED0	69.1421
P39473	O05637	1.00136
P39473	Q4JAJ9	0.158925
P39473	Q4JB40	1.34625
Q4JB50	Q4JAV2	22.9902
Q4JB50	Q4JB40	10.5645
Q4JB50	P23112	1.18616
P05747	P33442	59.7864
P05747	P05748	72.8272
P05747	Q02326	39.5004
P33201	P05745	0.524661
P33201	P49166	1.28106
P33201	P05737	1.46622
A0A0R4J8D6	A0A287B9C4	122.515
A0A0R4J8D6	A0A286ZXA6	96.5609
A0A0R4J8D6	A0A287BP93	113.452
A0A480J9Z6	F1SRT0	126.455
A0A480J9Z6	A0A286ZP98	104.521
A0A480J9Z6	A0A5G2R2V2	108.148
A0A0R4J8D6	F1RW03	147.021
A0A0R4J8D6	A0A8D1P1C8	131.966
F1RWJ0	A0A8D0VGD9	129.286
F1RWJ0	A0A4X1U6S6	129.286
F1RWJ0	I3LN63	1.38636
Q6C4W9	Q6C7X2	7.55829
Q6C4W9	B5FVF3	0.076745
Q6C4W9	Q6CGB4	2.71495
Q6C926	Q6C1R9	0.163092
Q6C926	Q9B6D3	0.4036
Q6C926	F2Z619	1.75053
O94659	O94238	51.1886
O94659	O74895	2.72846
O94659	O13672	2.12762
P0CT68	P05733	2.56737
P0CT68	Q9USG6	46.8281
P0CT68	O94238	52.2646
A0A4X1ULW2	A0A4X1THU2	142.376
A0A4X1ULW2	A0A286ZNN4	167.626
A0A4X1ULW2	A0A286ZUN9	123.755
A0A8D0K6B5	A0A0U1RS44	107.252
A0A8D0K6B5	O79882	75.5194
A0A8D0K6B5	A0A8D0TJQ4	40.5119
P23193	P30876	1.86401
P23193	P24928	1.978
Q7KZ85	I3LCH3	2.67134
P9WH61	P9WHD7	0.249282
P9WH61	P9WHD3	0.307617
P9WH61	P9WH45	0.0305238
P9WH95	P9WQK3	0.160964
Q8VDT9	Q9D1P0	147.046
Q8VDT9	Q9CY73	142.2
Q99N85	Q99N90	0.0072529
Q99N85	Q9CQF8	138.285
G0S4S2	G0S7X0	1.62699
G0S4S2	G0SFD6	13.3071
G0S4S2	G0SGY1	7.58064
G0SFC3	G0S2I7	5.51917
G0SFC3	G0RXZ3	3.9345
G0SFC3	G0RXW1	153.678
P61221	P62854	1.29458
P61221	P62266	0.826004
P61221	P62987	3.80312
Q14152	P62851	3.64786
Q14152	P62266	2.55697
Q14152	P41567	1.18686
P62851	P62913	3.41375
P62851	P62280	139.757
Q8N9N8	P62847	0.876965
Q8N9N8	P62861	10.5258
P62917	P18124	183.201
P62917	O95478	6.11085
Q6DKI1	Q9Y3U8	77.7731
Q6DKI1	Q9BYG3	87.0198
P12878	P21473	2.40486
P21467	P70974	0.478313
P05745	P10664	62.6251
P05745	P05744	51.0513
P04650	P04449	30.6721
P04650	P26784	71.8275
Q07915	P0CX41	62.0993
Q07915	Q08004	0.631501
Q07915	Q02892	3.58714
P25808	P0CX82	20.0226
Q96JB5	P62750	7.23927
Q96JB5	P42766	5.29378
Q96JB5	O94874	0.547518
Q9Y3U8	Q9BZE4	11.7807
Q7SHF3	Q7SHB2	0.1221
Q7SHF3	Q7S4E0	0.347224
Q7SHF3	Q1K548	0.445161
P25382	P40078	38.8052
P25382	Q02326	1.16317
P25382	P38779	0.723063
P33201	P14126	46.8251
P33201	P0C2H6	32.1157
P33201	Q02326	2.14419
A0A6P3EKX5	A0A6P7E5N1	150.797
A0A6P3EKX5	A0A9J4RF63	181.889
A0A8N7XJ49	A0A9J4RF63	162.268
P50914	P39023	194.445
P50914	Q9Y3U8	21.6359
P50914	P62851	185.81
Q96A33	P18621	1.35488
Q96A33	P61619	1.07107
Q96A33	P62910	0.498213
O74772	P78794	21.7722
O74772	Q10163	119.089
O74772	O59733	30.8886
O94620	Q10163	34.3737
O94620	O14187	1.0211
O94620	O94508	0.655784
C4LTA0	C4LXZ0	40.5082
C4LTA0	C4LU56	77.0965
C4LTA0	C4LUN3	18.9345
C4M751	C4LUN3	17.4692
C4M751	C4LXC8	37.1607
C4M751	C4LV69	5.26477
Q80YQ2	Q920D3	0.807822
Q8VCS6	Q9R0X0	95.3114
A0A7S0VJV3	Q8LYV9	0.1218
A0A7S0VJV3	A0A7S0UW27	0.266352
A0A7S0VJV3	A0A7S0YCV2	0.0846825
Q8LYW0	A0A7S0YK00	0.216869
Q8LYW0	A0A7S0YCV2	0.1999
Q8LYW0	Q8LYV9	0.469006
G0S992	G0S4Z9	1.32213
G0S992	G0S7X0	1.84011
G0S992	G0S9B5	54.158
G0SAJ9	G0S507	74.9734
G0SAJ9	G0RZ88	121.461
G0SAJ9	G0S4P8	105.122
O05641	P39478	8.66226
O05641	O05636	0.351978
O05641	Q4JB46	4.98604
Q4JAX5	Q4JB46	4.55084
Q4JAX5	P39478	0.612358
Q4JAX5	P17198	15.2754
P62318	Q9UDW3	172.11
P62318	P62306	218.849
P62318	Q969L4	231.965
P33308	P47822	1.0559
Q06213	P47822	3.73599
P11471	P07753	0.186967
P11471	P12853	0.163125
P92277	Q93VE0	0.00815717
P92277	P48268	0
O94476	Q10232	1.35953
O94476	O94659	87.6811
Q9USZ6	Q9P784	4.2097
Q9USZ6	P05767	0.659914
Q9USZ6	O74895	2.13854
P69231	P66592	0.111483
P69231	P45812	1.13566
Q53539	P66640	0.30073
Q53539	P45812	1.18553
O51719	O51450	0.280281
O51719	O51438	0.175602
O51719	O51314	0.0612448
A0A9J4RF13	A0A9J4RF17	0.0502498
A0A9J4RF13	A1XKU7	0.0843325
G4WUW1	A0A9J4RF17	0.00335848
G4WUW1	D0FXX2	0.0228914
G4WUW1	D0FXZ2	0.0301493
F2Z660	B5FVF8	67.6019
Q9B6D3	Q9UUU2	30.2593
Q9B6D3	B5RSK9	0.0991874
Q9B6D3	Q6ZY24	0.0991874
P09597	P82137	0.125418
P09597	P29344	0.0924574
P82231	Q9LWB5	1.28266
P82231	P62128	0.0806708
P82231	P17353	0.491814
A0A4X1T0A8	F1RWL7	0.818736
A0A4X1T0A8	A0A4X1T6M0	150.719
A0A4X1T0A8	A0A4X1V766	145.554
A0A8D2CGH8	A0A5G2QW32	0.0113011
A0A8D2CGH8	A0A4X1V766	0.137274
E9PRG8	P62910	18.2962
E9PRG8	P40429	19.0836
E9PRG8	P18621	17.869
Q02878	P62910	187.124
Q02878	P47914	185.435
Q02878	P62750	5.36222
P60228	P36578	199.562
P60228	P0DTD1	0.922065
P60228	O00303	237.312
P63220	P42677	129.436
P63220	A0A7J8BG50	129.436
O54408	P12875	0.0872605
A0A218P2W6	Q980K5	1.13643
Q96EL3	P52815	155.814
Q96EL3	Q9BYD1	163.806
Q96EL3	H2QWN0	163.243
Q9H9J2	P09001	194.423
Q9H9J2	Q86TS9	171.772
Q9H9J2	Q9BYC9	0.938566
A0A4X1T6M0	F1S031	125.423
A0A4X1T6M0	A0A4X1TWD8	0.520794
A0A4X1T6M0	A0A8D1LEN7	0.116516
O79882	O79880	70.3626
O79882	A0A4X1VX77	90.2348
A0A3B6AV88	A0A3B5XY60	3.66514
A0A3B6MKF1	A0A3B6HX49	75.3746
A0A3B6MKF1	A0A1D5ZKM9	66.0475
P0CX25	P33442	1.32856
P0CX25	B3RHV0	1.32856
P0CX25	Q02326	5.35876
P33201	P05744	0.0957944
P33201	P0C2H8	36.835
Q2FES2	Q2FJ94	0.136509
Q2FES2	Q2FEN8	0.0105466
Q2FES2	Q2FEQ2	0.11314
Q4JAV1	P17198	25.8674
Q4JAV1	P39469	15.2506
Q4JB17	P39469	0.921358
P07012	P60438	1.84184
P07012	P0A7W1	0.134821
P0A7V3	P0A7W1	0.105137
P0A7V3	P0A7N4	0.0816957
P0A7V3	P0A7M9	0.157388
Q6A9I2	Q6A6N3	0.302077
Q6A9I2	Q6A6P2	0.00663541
Q6AAC8	Q6A6N3	0.235199
A8B4T7	A8B7H8	30.3541
A8B4T7	A8BYY2	27.9641
A8B4T7	A8BU75	29.3133
E2RU47	A8BYY2	0.828934
E2RU47	A8BU75	43.9676
E2RU47	A8BMP6	40.3046
A0A1B4XKR6	A0A1B4XPL8	8.43589
A0A1B4XKR6	A0A1B4XKR3	0.674052
A0A1B4XKR6	A0A1B4XKB6	0.917754
A0A1B4XKU3	A0A1B4XSB2	0.247535
A0A1B4XKU3	A0A1B4XKR3	0.13131
Q836R0	Q839F9	1.48091
Q836R0	Q839E8	0.876903
Q836R0	Q839G2	0.143008
Q836X6	Q833P5	1.47587
Q836X6	Q839F4	0
Q836X6	Q839F7	0.243396
P82669	Q29RU1	73.6431
P82669	Q3SZ86	127.596
P82669	Q2KID9	1.73713
P82923	P82917	125.2
P82923	P82931	119.075
P30902	P81450	0.401617
P30902	P00856	0.070522
P30902	P00854	2.30642
P38077	P05626	3.3851
P38077	P13621	0.273886
P38077	P00856	0.0585477
P0A7K2	P0A7R1	4.46647
P0A7K2	P0A7W7	0.293643
P0A7K2	P02359	3.26248
P0ADY3	P0A7J7	0.23978
P0ADY3	P0C018	0.088597
P0ADY3	P0ADY7	0.0991153
P12878	P20278	0
P12878	P12874	0
P21466	P21467	0.0365361
P35268	P49207	113.134
P35268	P20290	0.934997
P35268	O94822	1.24302
P61927	P42766	148.902
P61927	P61353	3.59392
P61927	P46779	130.29
P0CX29	P25627	1.84572
P0CX29	P26783	99.2862
P41819	P47083	1.21387
P41819	Q08096	0.648133
P41819	Q05946	0.711731
A0A8D1P1C8	F1SVC5	95.3315
I3LGM5	A0A4X1TXR4	152.623
I3LGM5	F1SHP6	170.578
I3LGM5	F1SGC7	162.678
P23724	P40016	25.7237
P23724	O94742	0.220756
Q06103	P40302	22.4182
Q06103	P21242	16.5776
Q06103	P40303	7.4548
P0CX49	P05738	50.4912
P0CX49	P51401	50.6125
P0CX49	P05737	63.4931
Q08962	P26784	4.26989
Q08962	Q08235	8.89957
Q388L7	Q38A63	0.174342
Q388L7	Q384N9	0.101859
Q388L7	Q387Q6	0.189471
Q586A1	Q389T7	0.147228
Q586A1	Q38AX6	0.108142
Q586A1	Q57XL2	0.0947725
G0SEG2	G0SEI1	82.4366
G0SEG2	G0SC29	1.16495
G0SEG2	G0SHQ2	88.4258
G0SFL0	G0RXZ3	9.81958
G0SFL0	G0SFC3	71.526
G0SFL0	G0S7X0	9.85313
Q8Y445	Q8Y440	0.107354
Q8Y445	Q8Y458	0.423993
Q8Y445	O53083	0.146101
Q8Y450	Q8Y443	1.32729
Q8Y450	Q8Y6Y9	0.158533
Q8Y450	Q8Y458	2.29599
P04456	P0CX86	0
P04456	P40010	45.428
P04456	P0CX45	0.085921
P34232	P05749	0.119835
P34232	P0C0W9	0.651049
Q9C6B3	Q04614	0.154964
Q9C6B3	P92533	0.0659875
Q9ZPY5	P92533	1.97841
Q9ZPY5	Q9SD78	0.330593
P03929	P13620	0.0950499
P05630	P05632	203.297
P05630	P19483	164.111
P05630	P05631	153.257
F2CTD7	A0A7T7JN26	1.86084
F2CTD7	S4Z272	4.13007
F2CTD7	P0CC72	0.360526
F2D3G1	F2DWH9	0.177414
F2D3G1	P0CC72	0.133689
Q5JIY8	Q5JJG5	4.34945
Q5JIY8	Q5JDI0	4.99856
Q5JIY8	Q5JJF2	6.16706
Q5JJG3	Q5JFE2	0.00880893
Q5JJG3	Q5JE20	32.3238
Q5JJG3	Q5JJG8	1.57885
Q6A6N9	Q6A6Q8	0
Q6A8B4	Q6A5N1	0
Q6A8B4	Q6A6N8	0.0415459
Q6A8B4	A0A3E2DDM1	0.0805383
P19387	P62487	8.46953
P19387	Q9UL03	1.01066
P52657	Q7Z7C8	161.185
P52657	P13984	159.977
P52657	P61218	119.162
P0C029	Q7NHY3	0
P0C029	Q7NIE7	0.496793
Q7NG86	Q7NF26	0
Q7NG86	Q7NFT6	0
Q7NG86	Q7NFW6	0
O43172	P62306	126.427
O43172	P62308	298.521
O43172	P41223	2.36653
P62312	Q9Y333	196.715
P62312	Q9Y4Y9	241.674
P62312	P62310	345.183
Q9V3L7	Q9V3W2	0.112016
Q9V3L7	P18932	0.189988
Q9W2E8	Q9VXZ0	12.3208
Q9W2E8	P18932	5.60815
Q9W2E8	C7DZL4	5.55956
Q9Y4Y9	O43290	247.724
Q9Y4Y9	Q9UK45	297.513
Q9Y4Z0	Q9UK45	116.701
Q9Y4Z0	O95777	300.355
Q9Y4Z0	Q8TAD8	4.74913
A2CHR7	R4ZGY5	0
A2CHR7	R4ZGU2	0
A2CHR7	Q40771	0
R4ZGS7	Q40771	0.0181333
R4ZGS7	A9NRV4	0.125552
R4ZGS7	A9NKX0	0.0470833
A0A1D8NC63	A0A1D8NNZ0	0.0285419
Q9UUU1	Q6CG53	21.1368
Q9UUU1	A0A1D8N5V2	21.1368
Q9UUU1	S5TMP9	12.0372
Q03862	P0C2H6	6.3144
Q12522	P10664	1.32226
Q12522	P05740	99.5813
Q12522	P0CX84	2.45588
P25694	P34223	0.764944
P25694	Q04781	0.802576
P25694	P53044	10.9064
Q12522	P25582	4.28366
P10662	P47141	0.29013
P10662	Q02950	0.276588
P10662	P40496	0.283843
P47150	P32902	0.433188
P47150	Q01163	0.307242
P47150	P17558	0.599356
O82850	Q9HWF2	0.363111
Q9HWD1	Q9HWF8	0.983552
Q9HWD1	Q9I5V8	0.177952
Q9HWD1	Q9HVY3	0.115779
G0SFL0	G0S507	72.1725
G0SFL0	G0SCK6	4.41208
Q99N95	Q9CQF8	127.545
Q99N95	Q9CQ40	150.368
Q9D773	Q9DCI9	134.92
Q9D773	Q99N91	1.26524
Q9D773	Q9CWV0	1.65867
C0H4L5	Q8IIB4	48.1172
C0H4L5	Q8ILL3	67.3974
C0H4L5	C0H4H3	59.3131
O97231	C0H4A6	77.3647
O97231	C6KT23	84.533
P66125	P66207	0.0413012
P66125	P66103	0.0796569
P66125	Q8Y6Y9	0.092933
Q8Y443	Q927L7	0.0223619
P27069	Q875N2	64.845
P27069	Q6CX80	57.5053
P27069	P0CX86	0
Q6CWU3	Q6CW78	52.594
Q6CWU3	Q6CTD6	65.3221
Q6CWU3	P0CX86	0
P25382	P0C0W9	1.56955
P25382	P36160	1.06973
P26784	P14126	96.5299
P26784	P05739	53.8868
S5TMP9	A0A371CFV9	0.226559
S5TMP9	A0A1D8ND94	0.317729
S5U3X7	S5TF58	0.311359
S5U3X7	S5U4R9	0.232977
S5U3X7	A0A1D8NNZ0	0.147594
Q6A6J5	Q6A7V2	0
A0A7S3WIW7	R1FED1	0.132765
A0A7S3WIW7	R1FP66	0.207748
A0A7S3WIW7	R1D5F1	0.240194
Q4G3B8	A0A0D3JRC1	0
Q4G3B8	R1FED1	0.00920398
Q4G3B8	Q4G3B9	0.00951087
Q2KIB5	P23956	2.84142
Q2KIB5	Q3ZC23	0.0283447
Q2KIB5	Q29466	0.120496
Q2TA24	P81134	23.7902
Q2TA24	P61420	155.336
Q2TA24	P40682	0.689775
O79882	A0A4X1SZP7	116.417
O79882	A0A480TFA5	0.154709
O79882	A0A8D1NRT6	98.7339
C3SR27	C3TPN2	0.104902
C3STZ7	P02359	0.151231
C3STZ7	C3TPN2	0.948922
A0A1D8NJR0	A0A371C5F3	0.076745
Q6ZY23	A0A371CFV9	0.193956
Q6ZY23	S5TMP9	0.246971
Q6ZY23	S5TF58	0.370483
P60438	P0AG51	0.548455
P60785	P0AG55	0.307716
P60785	P0A7S3	0.245705
P60785	P0ADY3	0.111636
Q9RSW6	P49228	0.364394
Q9RSW6	P12737	0.226722
Q9RSW6	Q9RXJ5	0.260907
Q9RXJ0	Q9RSL2	0.10424
Q9RXJ0	P49228	0.24537
Q9RXJ0	Q9RXJ5	0.575138
Q2FEQ3	Q2FJ95	0.00807344
Q2FEQ3	Q2FEQ6	0.019989
Q2FEQ3	Q2FEP8	0.00618251
Q2FEQ5	Q2FJ95	0.0231859
Q2FEQ5	Q2FEP9	0.0503513
Q2FEQ5	Q2FEQ0	1.15966
Q22AX5	Q00454	62.4699
Q22AX5	P0DJ51	5.30015
Q22AX5	P0DJ23	30.0707
Q23TC8	P0DJ21	30.767
Q23TC8	P24119	52.3154
Q6C8J9	Q6CI10	0.887201
Q6C8J9	Q6C4W9	2.61897
Q6C8J9	B5FVF8	6.63714
Q9B6E9	B5RSL7	0.160036
Q9B6E9	Q6C674	0.102075
G0S0B1	G0RY17	1.12196
G0S0B1	G0S445	0.562929
G0S0B1	G0S5F1	0.972978
G0SE90	G0S445	1.03604
G0SE90	G0S9I7	0.966283
G0SE90	G0SGY2	45.138
Q5JE20	Q5JIV0	1.63776
Q5JE20	Q5JDH9	15.2605
Q5JJG8	Q5JFE2	0.0596431
Q5JJG8	Q5JDH5	4.98302
Q8VCD5	Q920D3	139.939
Q8VCD5	Q8VCB2	2.30997
Q8VCD5	Q925J9	0.961136
Q8VCS6	Q9D7W5	84.509
P03898	P03924	74.1435
P03898	Q95KV7	97.7599
P03898	P03902	85.5489
P52505	P03902	0.282313
P52505	Q02379	0.437591
A0A0U5AM58	A0A0U4VSU8	0.348911
A0A0U5AM58	A0A0U5AGN0	0.442311
A0A0U5AM58	A0A0U5ALU0	1.1078
Q2FEQ3	Q2FHI2	0.0670232
Q2FER6	Q2FEP4	0.424268
Q2FER6	Q2FJ95	0.0565993
Q2FER6	Q2FG58	0.131425
Q2FW21	Q2FW33	0.296187
Q2FW21	Q2FW30	0.384065
Q2FW21	Q5HID0	0.102887
Q2FW38	Q2FW18	1.0895
Q2FW38	Q2FXQ1	0.153361
O00488	Q9UHA3	5.39506
Q9UNZ5	P42766	0.447072
Q9UNZ5	Q07020	5.31899
Q9UNZ5	P61313	5.87923
A0A3Q7F2B5	A0A3Q7FPS6	67.6147
A0A3Q7F2B5	Q6SKP4	105.454
Q3SC85	A0A3Q7FPS6	61.7971
Q3SC85	Q6SKP4	194.135
Q3SC85	A0A3Q7G7F0	74.8179
Q921D4	Q62276	159.419
Q921D4	Q9DB91	142.219
Q9CQI9	Q920D3	117.557
Q9CQI9	Q62276	2.98854
Q9CQI9	Q9CZB6	154.426
E1UWD5	A0A1G4KQ11	6.25841
E1UWD5	E1UWC6	4.69519
Q9CZ82	Q9D7W5	165.933
Q9CZ82	Q62276	159.713
Q9CZ82	Q9R0X0	178.381
Q9CZB6	Q7TN02	168.685
Q9CZB6	Q9CQA5	162.446
Q9CZB6	Q9CQ39	166.903
Q5I7K7	A0A3B6NJZ9	137.159
Q5I7K7	A0A1D5UQZ5	68.8547
Q5I7K7	Q8L805	51.3363
W5ECL2	A0A3B5ZQE8	101.998
W5ECL2	A0A1D5S805	78.6879
O14467	P48589	2.73084
O14467	P05750	2.41313
O14467	Q3E7X9	2.30918
P0CX55	Q01855	52.2153
P0CX55	P05740	61.4155
P0CX55	P0CX51	63.9693
P0CX23	P53313	2.58371
P0CX23	Q04311	1.57893
Q12532	P23301	0.275456
Q12532	P0CH08	3.17455
Q12532	P0CX45	3.11635
P15819	Q55354	0
P15819	P74787	0.217921
P15819	P72701	0.0463492
Q54697	P09191	0
Q54697	P09190	0.224172
Q54697	P74787	0
Q6CGB4	Q9B6D6	1.54029
Q6CGB4	Q9B6C8	0.709674
Q9B6D3	Q6C9Z1	1.25776
Q9B6D3	B5FVE5	7.69272
O51721	O51438	0.426373
O51727	O51207	0.164086
O51727	O51450	0.632247
P18932	Q9VJZ4	0.437415
W5FPA7	W5EL62	3.18299
W5FPA7	A0A3B6S9M7	72.1709
W5FPA7	A0A077RZD1	3.96848
F1SQP4	F1S031	0.195571
F1SQP4	A0A4X1THU2	0.195571
F1SQP4	A1XQS6	0.0921053
O79882	A1XQS6	85.8705
O79882	O79875	88.1214
O79882	O79874	97.7145
A0A1B4XKU1	A0A1B4XKR3	0.379286
A0A1B4XKU1	A0A1B4XMC1	0.243396
A0A1B4XKU1	A0A1B4XM76	0.302113
A0A1B4XKU3	A0A1B4XKS7	0.161969
A4HV47	A4HN55	34.0569
A4HV47	A4IBS2	36.7143
A4HZI9	A4IDD0	33.1475
G0S4M2	G0SFD6	20.2575
G0S4M2	G0S9B5	0.11494
G0S4M2	G0SFC3	3.15103
G0S832	G0RXZ3	2.49275
G0S832	G0S101	2.22487
A0A287BDC0	A0A287AZF9	1.07294
A0A287BDC0	A0A8D1JI21	0.11808
A0A287BDC0	A0A4X1VQ42	118.823
F1SIS9	A0A286ZUN9	120.413
F1SIS9	A0A4X1VVS8	0.241928
F1SIS9	F1RRC9	1.29201
P0DJ16	P0DJ24	57.4948
P0DJ16	P0DJ61	45.4376
P0DJ16	O96774	66.7493
P0DJ23	P0DJ14	45.6441
P0DJ23	P0DJ60	0.902483
P0DJ23	P0DJ52	44.3913
P33442	Q12499	59.6991
P33442	P47083	0.876275
P33442	Q12460	41.3945
P38333	P41057	2.18035
P38333	P0CX33	30.3894
P38333	Q99207	1.51375
A0T0P6	A0T0N2	0.0694018
A0T0P6	A0T0T9	0.230769
A0T0P6	A0T0T2	0.0680147
A0T0U9	B8BSY9	0.0089798
A0T0U9	A0T0N2	0
P00427	P00163	16.8159
P00427	P00425	0.25613
P00427	P37299	0.535714
P07256	P32799	9.87166
P07256	P00163	11.8687
O51405	P94266	0.105295
O51405	O51445	0.144799
O51638	O51347	13.1266
O51638	O51444	4.22188
O51638	O51454	4.28068
C4LVH6	C4M7U2	48.1627
C4LVH6	C4LV64	33.3243
C4LVH6	C4LZH1	29.2968
Q9BI06	C4M8R8	2.0958
Q9BI06	C4M7U2	0.0333934
Q9BI06	B1N384	52.6696
D3Z338	A2RTF1	0.120775
D3Z338	Q9CQP8	0.140553
P62652	P80340	3.00782
P62652	Q72I33	1.65353
P62652	Q72I04	1.80299
Q72HR2	Q72I11	0.0522435
Q72HR2	Q72L76	0
G0RY17	Q2H4C5	75.8524
G0RY17	G0S445	2.83153
G0RY17	G0SDW0	1.72389
G0SBR7	G0S1Z0	6.28338
G0SBR7	G0SE90	51.8157
G0SBR7	G0S379	74.7937
P48940	Q2FW13	0.306891
P48940	Q2FW39	0.136509
Q2FXY6	Q2FW19	0
Q2FXY6	Q2FW39	0.215133
A0A640KQX8	A0A640KBV2	34.9972
A0A640KQX8	A0A640KGL4	48.1428
A0A640KQX8	A0A640KUX2	25.2483
A0A640KZP5	A0A640KBR2	29.9786
A0A640KZP5	A0A640KSC5	16.8846
A0A640KZP5	A0A640KUX2	61.5159
P62128	P09597	0.0361607
P62128	P82137	0.130574
P82129	P06506	0.517578
P82129	P47910	0.275886
P82129	P82278	0.205459
P30657	Q08723	52.246
P30657	P30656	38.8069
P30657	P38293	0.670418
Q04062	P21242	8.63988
Q04062	P23639	9.819
Q04062	P32496	6.59242
Q22NU3	P41352	0.549922
Q22NU3	Q229S1	0.351586
Q22NU3	P41351	0.218343
Q234G8	W7WWA2	0.591607
Q234G8	Q23BW0	0.736728
A0A480KM09	A0A8D1EYI7	0.197154
A0A480KM09	A0A8D0R7A9	50.5873
A0A480KM09	A0A8D0INK7	72.5354
F1SIS9	A0A4X1UIV8	137.722
F1SIS9	O79874	144.076
F1SIS9	A0A4X1VQ42	132.571
O43660	O95926	204.887
O43660	Q9UQ35	1.48776
O43660	P62306	187.199
Q8NAV1	Q96DI7	200.08
Q8NAV1	Q2TAY7	0.792985
A0A6J4B125	A0A6J4B0A4	0.0776897
A0A6J4B125	A0A6J4B499	0.138203
A0A6J4B125	A0A6J4B7P8	0.102667
A0A371BY45	A0A1H6Q8Z5	3.38524
A0A371BY45	S5U4U1	0.0875805
A0A371BY45	S5TMS4	0.61775
A0A371CB65	A0A1H6Q311	0.0333333
A0A371CB65	Q6ZY23	0.174983
A0A371CB65	A0A371CFV9	0.135092
O75822	P47813	169.542
O75822	B4DVU3	0.75234
P42677	P46782	146.275
P42677	P46781	136.565
G0S4E3	G0S445	0.478625
G0S4E3	G0S5L1	0.425053
G0SBR7	G0SFK8	69.6076
G0SBR7	G0SDL4	72.3482
G0SBR7	G0S9U0	74.596
Q2FXS8	Q2FW11	0.223563
Q2FXS8	Q2FXT0	0.506154
O51206	O51314	0.599762
G0RYQ7	G0SGC8	0.131399
G0RYQ7	G0RYN9	0.152364
G0RYQ7	G0S5M5	0.121356
G0S0D6	G0S4P8	46.9568
P0A7J7	P0A7M2	0.0648248
P0A7J7	P0AG55	0.297565
P0A7J7	P0A7V8	0.138589
P36675	P0A7W1	0.0429973
P36675	P0A7S3	0.0334901
P36675	P0A7V8	0.210423
A0A0U5ALU0	A0A660JMC7	0.195751
A0A0U5ALU0	A0A0U5A6S7	0.524165
A0A0U5ALU0	A0A0U5AP31	0.952966
A0A0U5AP82	A0A0U5AGN0	0.120972
A0A0U5AP82	A0A0U5ADD0	0.0200408
O95169	O95168	174.501
O95169	O14561	177.67
O95169	O95178	1.3958
P56181	O75380	138.915
P56181	O00217	149.819
P56181	O43678	132.469
A0A2I0BP34	A0A2I0BU46	19.7963
A0A2I0BP34	W7KN95	13.2713
A0A2I0BP34	A0A2I0BS43	5.35203
A0A3Q8IGI9	A0A3S7X954	58.7048
A0A3Q8IGI9	A0A504XZK6	58.1957
A0A3Q8IGI9	A0A3S7X961	25.1951
A0A504XJE6	A0A3S5H5C4	23.9794
A0A504XJE6	A0A3Q8ICH0	11.0421
A0A504XJE6	A0A3S7XBN1	13.4448
Q9CQC7	Q9CQ54	122.949
Q9CQC7	Q9D855	0.105943
Q9CQC7	P00158	0.988464
Q9CR21	P03921	3.22696
Q9CR21	O35683	107.299
P41807	P39111	8.06765
P41807	P48836	7.79217
P41807	P37296	0.464666
A2DAI6	A2DHU7	49.0599
A2DAI6	A2DM53	52.7103
A2F2J0	A2DHU7	42.4302
B6VNN4	B6VNP1	0.209685
B6VNN4	B6VNN8	0.207466
B6VNN4	B6VNN3	0.197734
B6VNP3	B6VNN3	0.183386
B6VNP3	B6VNP0	0.132969
B6VNP3	B6VNP4	0.192495
A0A640KJI7	A0A640KBR2	28.9869
A0A640KJI7	A0A640KZP5	6.03993
A0A640KJI7	A0A640KBV2	17.5658
A0A640KUX2	A0A640KBV2	34.991
A0A640KUX2	A0A640KGL4	62.1411
A0A2K1IKE2	Q8MFA3	0.0226368
A0A2K1KU02	Q6YXR3	0
P47019	P05744	2.83252
P47019	Q03862	0.370658
P49166	P38061	98.6498
P49166	Q08004	0.600082
P49166	P36105	54.7377
Q9V3W2	Q9W3X7	1.62484
Q9V3W2	Q9W3N7	0
Q9V3W2	Q9VXZ0	4.29561
Q9W380	Q9W125	0.0792579
Q9W380	B3DML8	0.0738961
O51314	O51447	0.0415563
O51314	O51452	0.366716
O51441	P94267	0.0681601
O51441	O51207	0.00894188
G0S1Z0	G0SF93	7.67731
G0S1Z0	G0SGY2	87.9355
G0SCS8	G0SCT7	0.537343
G0SCS8	G0RYF6	2.8819
G0SCS8	G0SEI5	1.00271
D0CCZ7	D0CG35	0.10774
D0CCZ7	D0CD23	0.629981
D0CD02	D0C9K5	0.305961
D0CD02	D0CDQ7	2.18299
D0CD02	D0CD23	1.91542
Q9UUU3	A0A371C5F3	0.530744
Q9UUU3	Q9UUT9	61.1136
S5U3V2	A0A1D8NC63	0.115617
S5U3V2	S5TMS4	0.1494
S5U3V2	A0A1D8NKB4	0.0963404
A0A3Q7GK12	P29766	0.133718
A0A3Q7GK12	A0A3Q7I5W4	78.2031
A0A3Q7GV73	P29766	78.9371
A0A3Q7GV73	A0A3Q7F3F2	60.041
O95169	P03905	2.52881
P19404	Q9NX14	162.163
P19404	O75380	168.264
P19404	B9EE38	135.622
Q5JEV0	Q5JJF3	0
Q5JGM4	Q5JJF3	1.85257
P12878	P21476	0
P21468	P70974	0.637459
P21468	P21476	0.0679634
E1UWD7	E1UWD9	0.765006
E1UWD7	E1UWD6	0.231937
E1UWD7	E1UWB8	0.45102
E1UWE6	E1UWC6	0.163299
E1UWE6	E1UWD9	0.0458217
E1UWE6	E1UWB6	0.351516
P0CX23	P05740	0.184656
P0CX23	P38779	1.54337
P0CX23	P41805	83.8572
P0CX44	P05743	70.682
P0CX44	P05737	113.48
P0CX44	P05738	2.95121
Q9D2R8	Q8BJZ4	2.48585
Q9D2R8	Q61733	118.315
Q9D2R8	Q9CQV5	130.045
Q9D7N3	Q99N87	1.42329
Q9D7N3	Q9CQV5	128.348
Q9D7N3	Q9CY16	121.411
O60164	O13672	2.27696
A0T0P5	B8BX93	0.0702408
A0T0P5	B8BUU4	0.11376
A0T0P5	B8BVI4	0.123082
B8BVI1	A0T0T1	0.0867997
B8BVI1	A0A8F5GHI6	0.0981628
B8BVI1	B6ZHE9	0.166385
P39942	P31408	171.374
P39942	P61420	144.51
P39942	Q28029	3.37403
Q29466	P23956	0.478998
Q29466	Q3ZC23	0.330634
Q4DPQ8	Q4DAV9	86.4967
Q4DPQ8	Q9BMP0	71.4641
Q4DPQ8	Q4DB26	29.6117
Q4E078	Q4CQW2	12.1607
P05767	P78946	49.4395
P0CT72	O14388	82.4644
P0CT72	P79071	46.141
P0CT72	O13672	105.482
P35679	P78946	63.2868
P35679	P79071	41.0434
Q10330	O94476	94.7977
Q10330	O13802	5.3857
Q10330	O94238	7.13459
P41567	P62945	0
P41567	P42677	3.3858
P41567	P62979	6.05735
P62241	P25398	6.13855
P62241	O60869	9.15966
P62241	P60866	140.99
A1B495	A1B479	4.57963
A1B495	A1B480	15.2574
A1B495	A1AZB0	19.4232
A1B4F3	A1AZ52	0.159194
A1B3D7	A1AZ52	0.117329
A1B497	A1B480	19.1462
A1B497	A1B1H8	18.1362
A1B497	A1B491	112.632
P80373	Q5SKU1	0.00522635
P80373	Q5SHN7	0.0631579
P80373	Q5SJH3	0.132829
Q5SLQ0	Q5SKU2	0.285885
Q5SLQ0	P0DOY6	0.227086
P05657	P46899	0.152748
P05657	P14577	0.264406
P05657	P21475	0.684756
Q03223	P12877	0.100813
Q03223	P21476	0
A0A6P7E5N1	O78757	102.874
A0A6P7E5N1	O78753	98.0798
A0A6P7E5N1	A0A6P3DZ89	3.73916
A0A6P9FRJ5	A0A6P3TFB2	1.82962
A0A6P9FRJ5	A0A8N7XJ18	126.571
A0A6P9FRJ5	O78747	112.03
P54999	P33203	5.16724
Q12309	P25337	1.48171
P00127	P00420	0.245631
P00127	P00128	0.827736
P00127	P00163	1.08034
P00427	Q01519	13.5624
P00427	Q2V2P9	1.26914
A0A480JRW3	O79881	122.034
A0A480JRW3	Q7IIB7	121.873
A0A480JRW3	F1SV23	2.88656
Q71K68	A0A8D1NRT6	123.551
Q71K68	A0A8D1FAG1	1.63558
Q71K68	A0A4X1VD84	117.064
Q7S711	Q7SC44	0.346139
Q7S711	Q96U12	0.31377
Q7S910	Q7S1Z3	1.27775
Q7S910	Q1K6P0	0.364306
Q7S910	Q7RXV8	1.07661
A2ECR7	A2DM53	43.1265
A2ECR7	A2DHU7	1.64699
A2ECR7	A2EP03	1.22184
G0S3Y7	G0S775	5.32554
G0S3Y7	G0S5C8	0.401206
G0S3Y7	G0S8H4	0.434373
G1DJA2	G0S9I6	10.8207
G1DJA2	G0S6J1	2.71191
Q9VF27	Q9VWI0	49.0772
A0ACD6BA62	V5JYA2	0
A0ACD6BA62	A0ACD6BA69	0.390596
A0ACD6BA62	A0ACD6BA63	0
A0ACD6BA64	A0ACD6BA66	0.00520523
A0ACD6BA64	A0ACD6BA70	0
A0ACD6BA64	A0ACD6BA69	0.0758808
Q9CQL4	Q9D1N9	116.548
Q9D8P4	Q9H0U6	151.573
P12238	D0VWR1	0.122466
P12238	P12240	0
P12241	D0VWR7	0.055732
P12241	D0VWR4	0
A0A7D4X9U5	A0A7D4XMW6	0
A0A7D4X9U5	R1D5F1	0.0112994
A0A7D4X9U5	A0A7D4X9X4	0.00825008
A0A7D4XG42	A0A7D4XMU0	0.0827465
A0A7D4XG42	A0A7D4X9X4	0.0146794
A0A7D4XG42	A0A7S3HV91	0.0746276
Q07473	P62109	0
Q07473	P56780	0.0273973
Q07473	P23321	0.0445264
Q9XFT3	P23321	0.158953
Q9XFT3	P56790	0.0424107
Q9XFT3	Q42029	0.232279
P80380	Q5SIH3	0
P80380	P80382	0.809605
P80380	Q5SJE1	0.00930109
Q5SHN5	P0A7K2	12.5654
Q5SHN5	P80377	0.774872
P18077	P61254	157.836
P18077	P61313	164.904
P18077	P18621	324.055
P62913	P46779	146.474
P62913	P62269	3.36912
A0A1B2U1E7	A5FMZ2	1.06978
A0A1B2U1E7	A0A1B2U1R1	0
A0A1B2U1E7	A0A1B2U1H3	2.22973
A0A1J7BX85	A0A1B2U029	0.147624
A0A1J7BX85	A5FJG9	0.494546
A0A1J7BX85	A0A1M6R2K9	0.152616
Q4G369	R1EZZ6	0.139286
Q4G369	Q4G3F5	0.019678
R1DWS2	R1DCN2	0.129787
R1DWS2	R1FED1	0.215929
R1DWS2	A0A0D3IGB8	0.191187
P0A7L0	P0A7S3	0.0429074
P0A7L0	P0A7L8	0.158622
P0A7L0	P0AG63	0.312068
P60438	P60723	1.96822
P60438	P0A7J3	0.0932289
P60438	P0A7V3	0.486252
A8BM86	A8BMP6	49.1022
A8BM86	A8BU75	53.8153
A8BM86	A8BRY6	137.856
A8BQU8	A8B8Z6	67.6911
A8BQU8	A8BZ78	74.76
A8BQU8	A8B4F8	54.2019
G0SFC3	G0S0D6	35.1167
G0SFC3	G0S4P8	5.36191
G0SFC3	G0SEW3	3.22976
Q99848	P30050	6.77497
Q9H9Y2	Q9Y3C1	5.44485
Q9H9Y2	P62910	3.05593
P03892	Q6EMS3	108.725
P03892	P03902	108.725
P03892	P42029	138.008
Q02378	P03887	0.678087
Q02378	P03910	0.329052
Q02378	P42029	118.93
Q8WWY3	Q8WVK2	16.0638
Q8WWY3	Q15427	208.957
Q8WWY3	P62316	206.123
Q9BZL1	Q8IYB3	0.256228
Q9BZL1	Q96NC0	0.279893
A0A1B4XSI4	A0A1B4XKV0	0.115103
A0A1B4XSI4	A0A1B4XMB1	1.23182
A0A1B4XSI4	A0A1B4XKR7	0.085464
Q924T2	Q9CQA6	123.381
Q924T2	P58064	120.02
Q924T2	Q6P3B9	2.88274
Q9CQV5	Q9CR88	135.32
Q9CQV5	Q99N87	135.051
Q9CQV5	Q8BJZ4	139.979
O74433	Q09154	1.06644
O74433	Q9P7X1	1.32617
O74433	Q9P7E0	0.311921
O94705	P21534	0.0405311
A0A125YXW4	B9PHL8	67.5285
A0A125YXW4	A0A125YVX8	35.2947
A0A125YXW4	B6KGK3	54.3477
B9PQU8	B9Q056	80.7341
B9PQU8	B9PPE8	4.51748
P0CX27	P05317	80.8131
P0CX27	P05748	103.333
P0CX27	Q02326	112.372
P33201	Q02753	1.39801
P33201	P0CX84	1.80205
P33201	P53188	1.02122
Q6C4A6	Q6C9Z1	0.158515
Q6C4A6	Q9B6D4	0.0289874
Q6C4A6	B5FVD3	0.0997075
A0A1S4AU23	A0A1S4DPT4	66.5083
A0A1S4AU23	A0A1S3Y949	97.3182
A0A1S4AU23	A0A1S3XAN1	74.6756
Q285L8	A0A1S3XAN1	4.42243
Q285L8	A0A1S3Y4M0	10.3047
Q285L8	A0A1S3XXQ5	103.666
P0CX23	Q06511	1.91051
P0CX23	P40693	18.1816
P0CX23	P33442	81.3923
P38803	P04456	0.996837
P38803	P53877	0.278206
P38803	P05743	0.3809
A0A8N7XJ18	A0A6P7E5N1	147.979
Q7RTV0	Q9P021	0
Q7RTV0	Q15428	179.454
Q7RTV0	Q8IYB3	7.03619
Q8WWY3	O43447	519.723
Q8WWY3	P62304	226.841
Q9CQE3	Q99N87	134.439
Q9D7N3	Q9CR88	123.791
Q9D7N3	Q924T2	109.829
A0A0M4TE68	A0A0M4T6M9	0.0906402
A0A0M4TE68	A0A0M3V8P8	1.2308
A0A0M4TE68	A0A0M4T6V9	0.18922
A0A0M4TFB0	A0A0M4T6V9	0.171738
A0A0M4TFB0	A0A0M4T6Y7	0.158628
A0A0M4TFB0	A0A0M3V8N5	0.289354
P00428	P13272	146.813
P00428	P00130	113.776
P00430	P07470	141.569
P00430	P00415	125.172
A8K7J6	P49406	151.354
A8K7J6	Q7Z2W9	141.829
A8K7J6	A8K9D2	140.69
Q9P015	Q86TS9	171.283
Q9P015	Q7Z7F7	168.106
Q9P015	Q6P161	174.986
Q72I14	Q72JU9	0.00409836
Q72I14	P60490	0.00409836
Q72IN1	Q72L76	1.596
Q72IN1	Q72I19	0.247976
G0S1R0	G0S4P8	44.4583
G0SFC3	G0SHJ6	2.71783
G0SFC3	G0RYN9	64.1562
G0SFC3	G0S9B5	58.9664
P15825	P12736	0.985692
P15825	P12734	0.292954
P15825	P32410	6.49657
P20279	P32410	17.1765
P20279	P14121	0.150638
P20279	P60618	16.4971
R1CGG7	R1DNR0	0.0783046
R1CGG7	R1FP66	0.0837957
R1CGG7	R1DCN2	0.0965018
R1DY94	R1CV07	0.0707468
R1DY94	R1EIA6	0.065815
O60306	P62308	3.1244
O60306	P62318	3.12332
O60306	P62314	4.22711
P62306	Q92797	4.87517
P62306	P09234	173.207
B6ZHE9	A0A679C209	0.0506093
B6ZHE9	A0A679C6E3	0.0794421
B6ZHE9	A0A679C215	0.0641753
B7XBY7	A0A679C6E6	0.0683678
B7XBY7	A0A679BVT2	0
B7XBY7	A0ACD6B9Z3	0
G1STW0	A0A061I3X8	168.458
G1STW0	G1TPV0	0.14914
G1STW0	G1TXG5	140.648
G1SYU7	G1SE28	39.6016
G0SBN1	G0S495	2.62499
G0SBN1	G0S4P8	84.1105
G0SG89	G0SFN0	33.085
Q7NFT6	Q7NHY3	0
Q7NFT6	Q7NH05	0.01915
Q7NFT6	Q7NF26	0.0216315
P79015	Q10232	0.514007
Q9USZ6	Q9UT32	9.96822
A0A3Q7I5W4	P49215	5.27184
A0A3Q7I5W4	M1BRF8	93.3784
A0A3Q7INK3	A0A0V0GRY5	65.7443
Q8ILE8	Q8IDB0	23.6549
Q8ILE8	O97248	23.771
Q8ILE8	Q8IDI5	16.2227
Q8ILK3	C0H5G3	43.602
Q8ILK3	Q8IIA2	34.9917
Q8ILK3	Q8IDB0	8.40706
A0A3Q7E9D6	A0A3Q7GDM4	62.8487
A0A3Q7E9D6	K4CND1	1.60879
A0A3Q7E9D6	A0A3Q7IN69	88.6608
A0A3Q7J415	A0A3Q7FV98	77.1063
A0A3Q7J415	A0A3Q7GDM4	50.3389
A0A3Q7J415	A0A3Q7J0J5	48.5831
Q6IDF5	Q9V3W2	0.0783212
Q9VWI0	Q9VZU4	0.18969
Q9VWI0	Q94519	34.7393
Q9VWI0	Q9VTB4	0.125859
P00125	P62894	0.0405861
P00125	P00129	126.547
P00426	P04038	109.495
P00426	P00423	0.173466
P62128	P19954	0.120471
Q9ST69	P09597	0.0850456
Q9ST69	P08242	0.262547
Q9ST69	P13788	0.25588
A0A444A1G7	A0A3V9J050	0.124701
A0A071LFT4	A0A069QEB6	0.295835
A0A071LFT4	E2RXU0	0.031643
A0A071LFT4	A0A069QC44	0.539154
A0A2V3GYK0	E2RXU2	4.00055
A0A2V3GYK0	A0A072ZBM5	0.414164
A0A2V3GYK0	A0A071L356	6.60283
P82194	P24613	2.10321
P82194	P82190	2.1879
P82194	O49937	3.44634
P82245	P82195	0.0630495
P82245	P28803	0.15588
P82245	P12629	0.0796487
P03924	Q02371	94.9405
P03924	Q02379	94.0161
Q02373	Q02380	142.946
Q02373	Q02378	0.225977
Q02373	Q02368	123.495
O43677	P03891	158.353
O43677	O95298	140.687
O43677	P51970	149.319
O75380	P03915	178.532
O75380	O15239	135.641
O75380	O95298	156.913
O05634	Q4JAF9	0.462698
O05634	P39467	4.54972
O05634	Q4JB49	0.369284
P11524	O05636	26.3919
P11524	Q4JB49	14.0134
P11524	P23112	3.56088
P82670	Q2M2T7	162.125
P82670	Q29RU1	78.9665
P82670	Q2KID9	153.162
P82926	Q2KID9	135.02
P82926	Q2M2T7	134.618
A0A4X1TXR4	A0A480JJI1	124.796
A0A4X1TXR4	I3LTC4	129.552
A0A4X1TXR4	A0A287BQA1	1.49748
A0A8D0VJF4	F1RWJ0	2.02277
A0A8D0VJF4	A0A286ZU56	2.1933
A0A8D0VJF4	F1RI89	148.087
F1RLM4	F1SG95	147.221
K7GKS8	F1RME2	141.91
K7GKS8	F1SG95	142.204
K7GKS8	A0A0M3KL53	153.971
O75934	Q9NW64	199.423
O75934	Q9Y3C6	414.49
O75934	Q9Y3B4	181.608
Q9NXE8	Q9P013	182.812
Q9NXE8	Q9BW85	1.46
I6TXQ5	I6V2A4	0.0124399
I6TXQ5	I6U860	0.089396
I6UQN0	I6U853	0.303222
I6UQN0	I6U860	0.142516
A0A6L0XSJ0	A4HV47	26.8138
A0A6L0XSJ0	A4IBS2	61.54
A0A6L0XSJ0	A4HN55	60.3057
A4IDD6	A4IBS2	15.5825
Q9UUC1	P79071	7.34244
Q9UUC1	Q9USZ6	1.70752
G1SLW8	G1T3L2	187.303
G1SLW8	A0A5F9C991	1.17944
G1SLW8	G1SMZ5	1.1692
G1TK17	U3KMN4	163.654
G1TK17	G1TFM5	178.424
G1TK17	G1SE28	55.6712
A0A287AAR5	A0A8D0PK14	0.362393
A0A287AAR5	F1SIS9	0.257775
A0A287AAR5	A0A8D0SHY6	0.102486
O79880	A0A8D0Q6N1	44.015
O79880	A0A4X1VPG4	44.015
P05737	P26784	69.6836
P05737	P05738	46.4655
P05737	P0CX82	64.5962
P26785	P26321	69.6726
P26785	P36105	1.37341
P11019	P31408	352.374
P11019	P31404	350.077
P11019	O46563	177.087
P39942	P31404	187.873
Q97ZY7	Q97ZK4	0.287778
Q97ZY7	Q9UX98	0.00830409
Q97ZY7	P95988	0.0657576
Q980A8	Q980F7	16.052
Q980A8	P95988	27.9975
Q980A8	Q9UX87	18.8414
Q92366	P0CT60	50.6346
Q92366	O42706	61.2972
Q92366	O74905	39.9615
P60491	Q5SHZ1	0.202855
P60491	Q5SHQ7	0.0939548
P60491	P80373	0.00592004
Q5SHN8	Q8RR57	0.174016
Q5SHN8	Q9Z9H5	1.84816
Q02369	P17694	179.807
Q02369	Q02374	148.405
P92533	Q9LHI0	8.63644
P92533	A0A178W1I8	0.211113
Q9SD78	Q9FLX7	0.198789
Q9SD78	Q9LHI0	0.18952
Q9SD78	P93306	0.16046
G0RYN9	G0RZX9	1.6638
Q8I3T9	Q8IKM5	58.4352
Q8I3T9	Q8IBY4	38.4527
Q8I3T9	Q8ILN8	34.6204
P30656	P40302	36.2938
P30656	P23639	9.35289
P30656	P38886	85.2845
P03896	P18934	12.873
A0A8D1TL60	A0A286ZNN4	156.875
A0A8D1TL60	A0A287BDC0	133.024
A0A8D1TL60	O79880	100.717
F1SLR1	A0A4X1VVS8	88.4759
F1SLR1	A0A8D1WW27	74.3453
F1SLR1	A0A286ZUN9	3.46796
A0A4X1SZP7	A0A8D0SHY6	0.0622372
A0A4X1UIV8	F1SJ34	0.176963
A0A4X1UIV8	A0A4X1T6M0	124.029
A0A4X1UIV8	F1SGC6	138.161
Q980F7	Q9UX94	3.67406
Q980F7	Q980V0	0.0854917
Q980F7	Q97ZQ5	14.7805
Q980W3	Q980A8	2.56713
Q980W3	Q980A6	2.74787
Q980W3	Q97Z80	0.572796
A0A1S3VF71	A0A1S3U9J1	4.31684
A0A1S3VF71	A0A1S3VHC0	2.27748
A0A1S3VF71	A0A1S3U9S5	0.255737
A0ACD6BA63	V5JYA2	0
A0ACD6BA63	A0ACD6BA69	0.0184332
A0ACD6BA63	A0ACD6BA70	0.0407066
P46776	P26373	5.01704
P46776	P62750	147.894
P46776	P40429	10.3449
Q9Y3C1	Q8TDN6	1.14538
Q9Y3C1	P30050	18.3705
Q9Y3C1	P42766	20.6723
P61313	Q9Y3T9	2.79237
P61313	Q02543	4.207
P61313	P62888	163.2
Q8TDD1	Q9Y3T9	26.4514
Q8TDD1	Q9BZE4	42.3832
O14180	P79015	0.922135
O14180	Q9UT32	4.53619
Q9USZ6	P36585	1.27891
A0A0M4U611	A0A0M4SWS6	1.97695
A0A0M5MJR6	A0A0M4U627	0.862076
G0S569	G0S3Y7	0.0860727
G0S569	G0SEZ1	0.155351
G0S5C8	G1DJA3	0.08002
G0S5C8	G0SEZ1	0.056381
G0S5C8	G0SAN0	0.0507648
P49167	P10664	40.5058
P49167	P0CG63	2.23703
P49167	Q12080	2.03035
A1WXF5	A1WWW6	0.219227
A1WXF5	A1WWW5	0.0933615
A1WXF5	A1WXF8	0.145089
A1WXF9	A1WWW6	0.183063
A1WXF9	A1WWW2	0
A1WXF9	A1WWW5	0.0460304
P33201	P40010	7.0425
P33201	P38779	3.01932
P33201	P36049	9.74151
P53742	P40078	75.9719
P53742	P05748	4.90685
P95988	Q980F7	0.220272
P95988	Q97ZY6	0.942361
Q980A6	Q97ZY7	0.0855452
Q980A6	P35027	1.57949
Q980A6	Q9UXA0	2.90913
Q4FUE0	Q4FRD8	0.107606
O95478	Q9UKD2	10.5688
O95478	O76021	10.7589
Q8TDN6	Q07020	3.55196
Q8TDN6	P61927	3.61835
Q8TDN6	Q9Y3U8	11.3552
P43609	Q07979	0.314859
P43609	Q03124	0.314455
P43609	P25632	0.347651
Q12406	P32591	0.574337
Q12406	P53628	1.31604
Q12406	Q9URQ5	0.264178
O35680	Q9CQE3	143.175
O35680	Q9D125	74.6484
O35680	Q99N87	0.981481
Q9DC71	Q9D125	111.478
Q9DC71	Q80ZS3	86.6327
O51314	O51184	0
O51642	O51441	0.131689
K7GR43	I3LRR4	84.8913
K7GR43	A0A4X1VPG4	51.9748
K7GSE5	A0A8D0TJQ4	48.6967
K7GSE5	A0A8D1G9F4	117.908
K7GSE5	A0A5G2QW32	84.5141
P0A7Q6	P0A7V3	0.41597
P0A7Q6	P0A7J7	6.89585
P0A7Q6	P0A7W1	0.11976
P0A805	P0ADY7	0.395191
P0A805	Q9RXJ5	1.08024
P0A805	P0A7S3	0.262903
A0A2K1KU02	Q6YXM2	0
P70974	P20277	3.66695
P70974	P19946	2.17246
Q06796	P55873	0.806723
Q4G3B9	Q4G3F6	0.0310982
Q4G3C1	Q4G3F5	0
Q4G3C1	Q4G3F6	0
Q4G3C1	R1EZZ6	0
A1AZB0	A1B480	3.50939
A1AZB0	A1B479	0.412018
A1AZB0	A1B497	0.175913
A1B481	A1B357	1.48467
A1B481	A1B498	0.685292
A0A286ZTW8	A0A8D0HMG9	159.897
A0A286ZTW8	F1SVC5	100.74
A0A286ZTW8	A0A8D1F1K9	132.47
A0A287AF82	I3LR45	158.863
P04650	P49166	71.3975
P04650	P25443	45.2443
P04650	P26321	56.3236
P53261	P0CX41	2.34518
P53261	Q12080	2.86212
P53261	P36105	28.5845
B5FVG1	Q9B6D3	2.6366
B5FVG1	A0A1H6Q311	0.0506173
B5FVG1	Q6CA88	0.199309
Q6C1R9	B5FVF8	0.458852
G1TPE6	G1SE76	117.519
G1TVS8	G1TTQ5	172.575
G1TVS8	U3KPD5	1.29455
G1TVS8	G1TTY7	177.336
P43321	Q12046	7.96408
P43321	Q12417	40.1818
P43321	Q03338	2.76915
Q02775	P53333	0.401104
Q02775	Q12046	0.568503
Q02775	P53913	0.504691
E1UWA6	E1UWC3	1.10198
E1UWA6	E1UWC2	36.6643
E1UWA6	E1UWE0	18.9109
E1UWC5	E1UWA8	12.4992
E1UWC5	E1UWC8	0.501319
E1UWC5	E1UWE3	0.700909
Q1K8T6	Q7SB98	0.596304
Q1K8T6	F5HIJ5	0.287546
Q839F4	Q839E5	0.016225
Q839F4	Q839G3	0.0432407
Q839F7	Q839D8	1.19434
Q839F7	Q839E1	2.12281
Q839F7	Q836R0	0.141125
A0A3Q8II03	A0A3Q8II82	22.7405
A0A3Q8II03	A0A3Q8ICH0	21.7417
A0A3Q8II03	A0A3S7WWL2	25.8191
A0A3S7WY02	E9B8Q2	52.8526
A0A3S7WY02	E9BSK4	24.1808
P0CG47	P38886	80.9744
P0CG47	Q8N488	14.0321
P0CG47	Q9NYG5	76.128
P25786	P25787	103.313
P25786	P51665	151.545
P25786	P28066	146.88
P02413	P0ADY7	0.445976
P02413	P0A7K6	2.08068
P02413	P02358	0.380041
P0ACG8	P0A7Q1	0.511278
P31404	Q0VCV6	7.78024
P31404	P31408	412.514
Q29466	P61420	0.517978
Q29466	O46563	0.416075
Q387J1	Q57ZE2	0.129733
Q387J1	A0A161CM65	0.236994
Q387J1	Q582T1	0.160135
Q585K5	P24499	0.0521719
Q585K5	P0DPG4	0.0694756
Q585K5	Q38C84	0.476732
D0CA76	D0CCZ8	0.953781
D0CA76	D0CDQ7	0.113099
D0CA76	D0C9K5	0.00991872
D0CD16	D0CDQ6	0.290265
D0CD16	D0CA77	0.732128
D0CD16	D0CCZ8	1.57668
Q6ZY24	Q6C7X2	0.472955
Q6ZY24	A0A371CB65	0.130607
Q9UUU0	Q9UUU2	70.4988
Q9UUU0	A0A1D8N5V2	14.4351
Q9UUU0	Q6CG53	14.4351
Q8R035	Q9CR59	6.65029
Q8R035	Q99N93	143.612
Q8R035	Q8K2Y7	133.952
Q9D338	Q9DCI9	132.163
Q9D338	Q99N85	143.219
Q9D338	Q9D7N6	145.542
O43709	P62277	3.18227
O43709	P62841	2.81058
O43709	Q5JTH9	0.232406
P62851	P15880	166.573
P62851	P46777	169.112
P0ADY7	P60785	0.665447
P0ADY7	P0A9U3	0.186681
P0ADY7	P0A6P5	0.266101
P0CE48	P0A7S3	0.252088
P0CE48	P0AG55	1.60451
P0CE48	P0DSI1	1.15372
A0A1B4XKR3	A0A1B4XKT6	0.317162
A0A1B4XKV5	A0A1B4XKX1	0.413883
A0A3Q7FV98	K4CUW3	90.7359
A0A3Q7FV98	A0A3Q7J0J5	59.0329
A0A3Q7FV98	A0A3Q7GDM4	52.8858
A0A3Q7I7E8	A0A3Q7J415	123.623
A0A3Q7I7E8	K4ATQ2	73.2547
G0S9B5	G0SFD6	1.26994
G0S9B5	G0RXZ3	0.806472
G0S9B5	P08978	67.6665
G0SCH6	G0S081	35.3482
G0SCH6	G0SC29	3.23646
G0SCH6	G0RXZ3	23.8119
O95478	P32969	175.719
O95478	P61353	164.871
P63173	P62917	140.586
P63173	Q07020	137.449
P63173	P39023	276.691
P82669	P82918	165.598
P82669	Q2M2T7	0.0764252
P82929	P82918	151.483
P82929	Q0VCJ1	141.08
P82929	P82916	145.201
P0A7L0	P0A7N9	0.272416
P0A7L0	P0A7S9	0.125887
P0A7Q1	P60723	0.3801
P0A7Q1	P0A7J3	0.153287
P0A7Q1	P0A7V3	0.18039
A0QS45	A0QSF9	0.0756176
A0QSD3	A0A2U9Q0X2	0.907292
A0QSD3	A0QSG8	0.470136
A0QSD3	A0QS62	0.128114
O75616	Q9Y3D3	5.83527
O75616	Q92552	0.271946
O75616	P82932	172.094
P51398	Q9Y291	171.727
P51398	Q7Z7F7	171.194
P51398	Q9Y3D3	184.052
P0A422	P0A417	0
P0A422	P0A409	0.0362916
P0A422	P25936	0.0188766
P23318	P25936	0.0113907
A0A8D0UWW0	O79875	6.30806
A0A8D0UWW0	O79881	118.19
A0A8D0UWW0	F1SL07	138.718
O79874	A0A287BAW0	129.874
O79874	A0A287BDC0	4.58728
O79874	A0A286ZUN9	4.07681
Q13356	O43660	140.108
Q13356	P41223	124.298
Q9Y3B4	Q9BWJ5	166.858
Q9Y3B4	Q15393	0.681939
Q9Y3B4	Q15428	213.534
Q9H7B2	P62424	11.8524
Q9H7B2	P61513	2.22762
Q9UKD2	P62424	12.3209
Q9UKD2	P62891	2.72024
Q9UUU2	Q9B6D6	2.47598
Q9UUU2	Q6C8J9	0.218871
S5U4R9	A0A1D8NJR0	0.116751
C4R4Y0	C4R1E6	0.396487
C4R997	C4QZQ7	0.221451
C4R997	F2QPE6	0.745193
C4R997	C4R3K1	0.282413
A0A0D3CIR5	A0A3P6EIC7	0.451278
A0A0D3CIR5	A0A0D3AS28	0.51442
A0A0D3CIR5	Q1G3Z3	0.510352
A0A0D3DCJ8	A0A0D3ALM2	0.33643
A0A0D3DCJ8	A0A0D3D1Z7	0.379556
A0A0D3DCJ8	A0A0D3AAV3	0.393962
P26784	P53313	3.65059
P26784	Q12176	1.64785
Q12532	P0C0W9	2.81288
Q4DXW6	V5DCT1	2.03684
Q02878	Q9BXJ9	4.67404
Q02878	O60524	1.62201
Q02878	P49207	173.503
Q9NVU7	P26373	1.8003
Q9NVU7	P61513	1.80637
Q9NVU7	P62424	4.67984
F2Z660	F2Z626	1.15945
Q6C926	Q9B6C7	5.57483
Q6C926	B5FVF8	16.2623
B7I6V9	B7I6V8	0.0410051
B7I6V9	B7IA37	0.382671
B7IA23	B7IA37	0.0290338
B7IA23	B7IBC3	0.144863
Q9CPV3	Q5RL20	130.573
Q9CPV3	Q99N92	125.968
Q9CPV3	Q9CQ06	135.69
Q9CQF8	Q99N92	126.743
Q9CQF8	Q8VDT9	119.309
Q9CQF8	Q9D1P0	142.478
G0S507	G0S495	2.71945
G0S507	G0S1H0	6.50979
G0S616	G0SCP3	0.668112
G0S616	G0S081	3.56564
G0S616	G0SGH8	1.25026
P10663	Q12089	0.231525
P10663	O75012	0.119542
P10663	P36520	0.375506
P36056	P47150	0.379813
P61254	Q12306	5.4295
P61254	P83881	159.997
P61254	P46777	179.883
P61960	P62906	0.0401735
P61960	P26373	0.0873153
P61960	P62913	0.0666226
Q7MTJ5	Q7MVQ7	0.125558
Q7MTM0	Q7MVQ7	0.0720086
Q7MTM0	Q7MTL8	0.326803
C3SQT7	P02359	0.54613
C3SR27	A0A024L8R9	0.167964
A0A1D8NG21	A0A1D8NDL1	3.03023
A0A1D8NG21	A0A1H6Q311	0.066835
P53742	Q08004	0.300945
Q12690	P53145	1.09417
Q12690	P38779	1.38262
Q12690	P53136	0.644084
O05633	Q4JB41	8.05476
P39474	O05643	1.13153
P39474	Q4JB41	2.75325
A8BNT5	A8BXE1	2.55522
A8BNT5	A8BH61	32.0173
A8BNT5	A8BU75	32.1433
P25443	P33309	0.942179
P25443	Q99216	44.7775
P25443	P0CX25	58.757
P38747	P0CX55	2.08317
P38747	P38011	1.30052
A0A218NZU7	A0A218P2C1	8.16968
A0A218NZU7	A0A218NZW1	13.4939
A0A218NZV3	A0A218NZX1	5.38009
A0A218NZV3	A0A218P0B9	7.15992
A0A218NZV3	A0A218P4N5	4.20437
P62269	Q5JTH9	2.10555
P62269	Q9BVI4	3.48297
Q15477	P25398	1.51507
A8IKC8	P14225	0.0652565
P12352	P59777	0
P12352	P14224	0.0541646
O14561	P19404	177.295
O14561	O95178	0.330891
O75251	O43676	1.91909
O75251	Q9Y6M9	183.997
O75251	P56181	150.074
P82912	P82933	1.0888
P82912	P82675	181.596
P82912	O15235	163.875
Q92552	Q9BYN8	0.212148
Q92552	Q96EL2	1.3077
Q92552	P82921	153.609
G0S8F1	G0RXZ3	48.1296
G0SCH6	G0SEG2	3.89746
G0SCH6	G0SHQ2	1.18031
G0SCH6	G0SBX1	23.5854
P18931	Q9V3L7	1.48779
P18931	Q9VJZ4	0.382225
P18933	P91929	1.52443
F1SIS9	K7GSE5	134.206
F1SIS9	A0A8D1KH26	0.263126
I3LDC3	A0A8D1EYI7	105.946
I3LDC3	A0A4X1VD84	107.221
A0A7G2E9B1	A0A178WK60	0.307185
A0A7G2E9B1	Q9S7W1	0.142254
A0A7G2E9B1	Q07473	0.0924818
Q9LMQ2	Q9S7M0	0.0735849
Q9LMQ2	P04778	0.0790872
Q9LMQ2	Q07473	0.054023
P12874	P21470	0.288771
P12874	P21474	0.0279693
P46899	P20277	0.340764
O14339	O94238	61.4347
O14339	P79071	74.976
O14339	Q9UT32	16.7976
O14388	O74175	59.6938
O14388	Q10353	61.1145
O14388	P79071	31.699
Q6CIM1	Q6CPG3	57.7006
Q6CIM1	Q6CNI7	1.40184
Q6CIM1	Q6CKL3	48.8806
Q6CNL2	Q6CVZ5	70.4271
Q6CNL2	P32497	4.84248
E1UWD4	E1UWB5	0.174051
E1UWE1	E1UWE4	0.189664
E1UWE1	E1UWC7	0.185166
P62653	P62666	0.208298
P62653	P0AD49	0.175811
P62667	P62661	0.377721
P62667	P80374	0.061248
P62667	P62669	0.0734175
G0RXW1	G0S1A6	115.708
G0RXW1	G0S4P8	100.388
G0S1T5	G0S5R0	0.270773
Q9RSL0	Q9RXJ1	0.0237154
Q9RSL0	Q9RXK2	0.346661
Q9RSL0	Q9RXJ5	0.471696
Q9RXK1	P49228	0.977561
Q9RXK1	Q9RSK9	1.41579
Q9RXK1	Q9RSH2	2.76098
P20084	P14063	0.139091
P20084	Q06090	0.0663621
P20084	O75012	0.0352509
P31334	P36533	4.30101
P31334	P36534	0.401011
P31334	P35996	0.273342
O14467	Q08745	2.90451
O14467	P38011	1.01767
O14467	P41057	4.28063
P02407	P05743	6.2489
P02407	Q01855	60.9235
P02407	P05740	70.4504
F1RGE3	A0A8D0PK14	0.35705
O79880	A0A8D1FN21	3.1206
O79880	A0A4X1VD84	3.9039
O79880	A0A8W4F7N8	3.8885
O74905	O74306	52.7586
O74905	O94238	2.78228
P0CT72	O74175	7.48438
P0CT72	P52808	106.07
P0CT72	P0CT77	110.838
F2Z619	Q9B6D6	8.26786
F2Z619	Q6C4W9	14.8933
F2Z619	Q6C7L6	1.65421
Q9B6D3	Q6CI60	4.29371
Q9B6D3	A0A1H6Q311	0.0741476
B5RSK9	B5FVF8	0.386922
B5RSK9	F2Z673	0.0900376
B5RSK9	Q9B6D6	0.136422
F2Z6C0	Q6CGB4	9.08869
F2Z6C0	Q6CEK9	17.8577
F2Z6C0	F2Z673	1.6646
Q6C7X4	F2Z6D7	19.9106
Q6C7X4	Q9UUU0	19.9106
Q6C7X4	Q9B6D3	8.28014
P62829	P18077	124.656
P62829	P62701	136.351
Q9NXF1	Q9BV38	0.609626
Q9NXF1	P61513	0.777858
Q9NXF1	P62917	1.51983
P62917	Q9Y3U8	159.444
P62917	P62910	167.077
P62917	P47914	14.7972
A0A140UHW4	I3LTC4	119.733
A0A140UHW4	I3LNJ0	132.64
A0A140UHW4	F1RQV7	93.7266
A0A287BQA1	A0A286ZU56	115.638
A0A287BQA1	K7GP19	9.89204
A0A287BQA1	I3LTC4	137.945
P23935	P03887	124.597
P23935	P42029	142.865
P23935	P23934	125.718
Q99N95	Q9CPY1	147.212
Q9D0Y8	Q8K2M0	2.73369
P0A7L0	P0AA10	0.911611
P0A7L0	P0A7M9	0.0491453
P60422	P60723	4.16247
P60422	P0A7J3	0.326607
P60422	P0A7V3	0.891698
A2FVZ6	A2DM33	26.987
A2FVZ6	A2DP51	60.1781
A2FVZ6	A2DNV5	28.9626
P59087	Q9F1R6	0
P53742	P0C0W9	14.9393
Q12019	P25382	0.6887
Q12019	P0CX23	0.982328
Q12019	P53877	0.287399
P62263	P62979	10.1479
P62263	P62841	119.209
P62263	P25398	112.903
Q5RKT7	P39019	89.3919
Q5RKT7	P62249	88.2197
Q5RKT7	P25398	90.5745
Q4CTG9	Q4DED2	42.6904
Q4CTG9	Q4DB26	23.6899
Q4E2Y1	Q4DB26	13.6262
Q4E2Y1	Q9BMP0	28.5451
Q4E2Y1	Q4DIC9	44.4737
P93313	Q9SLC8	0.143736
P93313	Q8L3S7	0.134574
P93313	Q8VZT9	0.0869835
Q9C9Z5	O05000	0.0677046
Q9C9Z5	Q9FJW4	0.0293706
Q9C9Z5	Q9SD78	0.0644745
Q7SB95	A7UWX2	0.267758
Q7SB95	Q7SHR9	0.267716
Q7SB95	Q1K7L7	0.213753
Q7SHF3	Q7SHR9	0.186139
Q7SHF3	Q873E4	0.258618
Q7SHF3	Q1K7A4	0.173143
P95987	Q980V0	0.19524
P95987	Q980A6	5.16639
P95987	Q97ZQ5	3.59832
Q9UXA0	Q97ZY6	0.294505
Q9UXA0	Q9UXA3	1.45368
Q9UXA0	Q97ZK4	0.132824
Q6CJK0	Q6CNL2	104.355
Q6CJK0	Q6CRK7	108.005
Q6CJK0	Q6CL71	4.60662
Q6CNI7	Q6CXM0	31.4084
Q6CNI7	Q875N2	47.2471
Q6CNI7	Q6CWT9	35.1255
A4HZI9	A4HVX3	19.5421
A4ICV5	A4HVX3	8.07965
A4ICV5	A4HUT6	4.75638
E1UWA7	E1UWB2	86.2894
E1UWA7	E1UWA8	0.683761
E1UWD6	E1UWC0	0.175224
E1UWD6	E1UWC2	10.3132
E1UWD6	E1UWC6	5.3257
Q4JB49	Q4JAI3	2.3264
Q4JB49	Q4JAP5	5.96957
Q9VMI3	Q9V4E0	1.33324
Q9W125	Q9MDK5	28.0867
Q9W125	A8DYC4	0.988897
Q4CPV7	Q4D7F2	10.8342
Q4CPV7	A0A2V2WGW5	17.2275
Q4CPV7	Q4DCN0	0.473335
Q4DJY1	Q4E093	11.9214
Q38BW5	Q389T7	0.35579
Q38BW5	Q581T4	0.107692
Q38BW5	Q387Q6	0.204436
Q57XL2	Q587C4	0.107396
Q57XL2	Q388R7	0.339798
Q57XL2	Q586P5	0.230434
P10664	P0CX45	1.41525
P10664	P0CX41	76.3178
A0A3S5H7L0	A0A3S7X954	66.3444
A0A3S5H7L0	E9BMB4	1.65659
A0A3S5H7L0	A0A3S7XBN1	47.4496
A0A504XZK6	A0A3Q8I959	8.06608
A0A504XZK6	A0A3Q8II82	44.4736
P09144	Q93WE0	0.00804852
Q9ZSJ4	P12356	0.0551154
Q9ZSJ4	A8JCL6	0.142058
A0A1Y2NM78	A0A1Y2NNE1	0.166611
A0A1Y2NM78	A0A1Y2NM92	0.261452
A0A1Y2NMD2	A0A1Y2NNE1	0.496792
A0A1Y2NMD2	A0A1Y2P0X7	2.34989
P09594	P12629	0.262372
P09594	P82245	0.0414912
P09594	P09596	0.0874621
Q9LWB5	P23326	1.9142
Q9LWB5	P82195	0.531368
Q9LWB5	P17353	0.892331
A0A0U5ADD0	A0A6B0JQF2	1.25187
A0A0U5ADD0	A0A0U5A742	2.21488
D0FXX5	D0FXZ2	0
D0FY19	D0FY04	0
D0FY19	D0FXZ2	0
D0FY19	A0A1C8XRK9	0.108777
A4HSQ5	A4HN55	57.4613
A4HUT6	A4HZI9	17.0061
A4HUT6	Q9GNZ8	29.4771
Q9FIJ2	Q8LDK3	15.8726
Q9FIJ2	P60497	1.36404
Q9SMN1	P93313	0.604364
Q9SMN1	B5TM93	0.619626
P60493	Q72I19	0.258889
P60493	Q5SKU1	0.0126697
P60493	Q72L77	0.0126697
P80377	Q5SHZ1	0.305594
P80377	Q5SIH3	0.0437978
P80377	P62612	0.0437978
P42029	O97725	163.201
Q02369	Q02380	164.128
Q02369	P52505	142.87
Q02369	Q8HXG5	146.886
A8BRG5	A8B8Z2	22.1111
A8BRG5	A8BE86	3.87847
A8BRG5	A8B484	27.2073
A8BVU0	A8BE02	1.29891
A8BVU0	A8B252	56.5468
A8BVU0	E2RU77	60.017
P46776	Q9BZE4	7.76559
P46776	P18124	197.542
Q9NVX2	Q9BVP2	8.02599
Q9NVX2	P62913	0.564474
Q9NVX2	P46779	0.347265
A0A072ZMU2	A0A072ZIQ9	0.465979
A0A072ZMU2	A0A072ZJG4	0.0522464
A0A072ZMU2	A0A072ZDZ0	0.471714
E2RXT6	A0A072ZBZ2	0.370057
E2RXT6	A0A2V3F3S9	0.03325
E2RXT6	A0A072ZDZ0	0.213751
A1B350	A1B348	0.152695
A1B350	A1B351	0.203112
Q5SHP0	P80340	0.0303997
Q5SHP0	P80371	0.213216
Q5SHP0	Q5SHQ7	0.0909028
Q5SHR2	P60405	11.2717
Q5SHR2	Q5SLQ1	4.67166
P12878	P21475	1.34177
P28368	P21472	0.111379
G1SK22	G1TFM5	173.517
G1SK22	B7NZS8	183.352
G1SK22	G1TPG3	205.726
U3KMN4	G1T8A2	115.946
U3KMN4	G1SFR8	6.14864
U3KMN4	G1SP51	153.607
P03887	P23934	128.352
P03887	P42028	3.86733
Q02372	P03910	1.29549
Q02372	Q02374	0.628037
P82673	Q9NWU5	187.392
P82673	Q9HD33	193.359
P82673	Q8TCC3	1.45769
Q9Y3D5	P51398	211.785
Q9Y3D5	P82650	31.6739
Q9Y3D5	A0A2J8VEN6	170.533
A0A8D1K2Z9	A0A480JRW3	58.1138
A0A8D1K2Z9	F1SLR1	46.9367
P56632	A1XQS6	104.474
P56632	A0A8D1NRT6	118.766
P66330	Q8Y459	0.0107089
P66330	P66401	0.14963
P66330	P66548	0.0201025
Q8Y6T6	P66548	0.100229
Q8Y6T6	Q8Y446	0.0595509
Q4CXR4	Q4DMK9	55.9521
Q4DK39	Q4D0U7	2.48133
Q4DK39	Q4DM75	2.08302
Q4DK39	Q4DSJ1	2.02656
A2RMR1	A2RNQ4	0.464569
P41091	P62263	123.491
P41091	P62861	182.215
P41091	Q14232	214.779
P62249	Q5VTE0	206.783
P62249	P39023	142.108
P62249	P46781	142.538
A2F3H9	A2FT79	48.8303
A2F3H9	A2FJV7	39.7368
A2F3H9	A2F716	43.7155
A2F568	A2FT79	22.1403
A2F568	A2D8G5	1.48854
A2F568	A2FCM7	10.7991
Q6A6N5	Q6A6N9	0.182514
Q6A6N5	Q6A6P3	0.162119
O95168	P47985	0.647824
O95168	Q9UDW1	0.133998
O95299	O95298	0.108676
O95299	P03897	174.043
O95299	B9EE38	139.773
A0A480VKQ8	O79880	96.2076
A0A480VKQ8	A0A4X1SN37	0.218437
A0A480VKQ8	G8IFA6	0.23933
A0A4X1T6M0	A0A8D0INK7	107.488
A0A4X1T6M0	A0A4X1VD84	125.02
A0A4X1T6M0	A0A8D0TJQ4	50.1023
P0CI78	P42924	0.0841083
P0CI78	P46899	0.274029
P0CI78	P42921	0.70461
P21468	P21469	0.462686
P84098	Q99613	3.90848
P84098	P61927	133.514
P84098	P49207	8.88832
Q14137	P18621	211.633
Q14137	P61353	168.166
Q14137	O00541	211.107
A0A218NZS6	A0A218P4W7	15.8763
A0A218NZS6	A0A218P3Q8	10.8144
A0A218NZS6	A0A218NZW1	19.9488
A0A218NZU0	A0A218P2S9	0
A0A218NZU0	A0A218P147	16.0577
A0A218NZU0	A0A218P0R0	2.69705
A0A1S4AVP7	A0A1S4D5P7	94.1768
A0A1S4AVP7	A0A1S4BFD5	86.686
A0A1S4AVP7	A0A1S3XXQ5	95.7636
A0A1S4D668	A0A1S4BSU3	1.91931
A0A1S4D668	A0A1S4AEL0	77.2998
G0S5C8	G0S2B3	0.07866
G1DJA2	G0S8H4	2.07577
G1DJA2	G0S0R3	1.29232
O94268	Q9UU79	5.64841
O94268	O42991	4.64991
Q9USZ6	O94288	9.07846
E1UWB5	E1UWD0	0.0763399
E1UWE1	E1UWD6	0.187701
E1UWB7	E1UWC3	0.645006
E1UWB7	E1UWC6	3.97289
E1UWB7	E1UWC2	7.58365
E1UWC5	A0A1G4KQ11	4.2482
E1UWC5	E1UWB6	0.770404
E1UWC5	E1UWD9	3.27371
E1UWB7	E1UWD6	3.82698
E1UWB7	E1UWB8	3.23123
E1UWB7	E1UWC0	5.0195
E1UWE6	E1UWC8	0.0830735
Q4CPV7	Q4DM75	32.1682
Q4CPV7	Q4DQZ2	3.86931
Q4DSJ1	Q4D5W3	0.301391
Q4DSJ1	Q4DL69	0.368087
A0AA36INE2	A0AA36MQP1	0.22315
A0AA36NGX7	A0AA36N2P9	0.0789792
A0AA36NGX7	A0AA36MQP1	0.16551
B3DML8	Q7K1C0	2.6998
B3DML8	Q9VTU2	23.5526
Q9W3X7	Q6IDF5	0.102149
Q99N92	Q9D8P4	131.518
Q99N92	Q9D1N9	139.784
Q99N92	Q9CQN7	122.632
Q9CR59	Q9D1P0	117.955
Q9CR59	Q8BU88	109.734
Q7SB95	Q7SCX7	3.46366
Q7SB95	Q1K8E0	0.402611
Q7SHB2	Q7SHR9	0.294813
Q7SHB2	Q9C251	0.203955
Q7SHB2	Q1K7A4	0.203955
A0A0U5AP82	A0A0U5AD05	0.0223619
A0A0U5AP82	A0A660JH71	0.0152225
A0A0U5AP82	A0A0U5AWX6	0.0261929
A0A0U5AR65	A0A0U5A6S7	0.151894
A0A0U5AR65	A0A0U5AWM7	0.0220977
A0A0U5AR65	A0A0U5AGN0	0.478122
A0A287BMW6	O79881	126.525
A0A287BMW6	A0A8W4F811	160.058
F1S031	A0A480JRW3	126.233
F1S031	O79882	93.9973
F1S031	A0A5G2QW32	88.9836
Q5JDC7	Q5JJG4	12.9701
Q5JDC7	Q5JDH5	8.15168
Q5JDC7	Q5JJF6	11.6791
Q5JFZ5	Q5JJG2	14.3573
Q5JFZ5	Q5JJE2	9.26369
Q5JFZ5	Q5JDH5	7.08781
P0DOY6	Q5SIH3	0
P0DOY6	Q5SHQ5	0.0298523
P0DOY6	P80374	0.235656
P80373	Q5SJ76	0.300575
A7UWX2	Q7SHR9	0.279094
A7UWX2	Q7SC44	0.397236
A7UWX2	V5ILE0	0.314695
Q7SHB2	V5ILE0	0.441146
Q7SHB2	Q8X048	0.478072
Q7SHB2	Q1K548	0.478072
Q99N95	Q9CQL5	146.487
A0A5F9CHB7	G1T040	162.001
A0A5F9CHB7	G1SYU7	239.131
B7NZN9	G1T0C1	0.105208
B7NZN9	G1SE28	0.0658297
B7NZN9	G1STW0	0.687136
A8HNV0	A0A2K3D359	0.23177
A8HNV0	Q39580	4.62092
Q27YU5	Q69B19	0.193645
Q27YU5	Q27YU4	0.111782
A0A1D5UQZ5	Q8L805	48.2732
A0A1D5UQZ5	A0A3B6HUM3	77.5426
A0A1D5UQZ5	W5ECL2	2.27243
A0A3B6RFY8	W5ECL2	65.2058
A0A3B6RFY8	A0A341XZK6	40.9966
A0A3B6RFY8	A0A9R1H1R6	46.1458
Q9W2E8	Q9VJZ4	9.44135
Q9W2E8	Q7PL91	7.17766
Q9W2E8	Q94519	11.1373
Q9VQD7	Q9VWI0	28.4178
Q9VQD7	A8DYC4	0.887667
Q9W380	C7DZL9	0.027417
Q08096	P0CX29	1.12705
Q08096	P0CY39	1.12705
Q99216	P02407	53.4836
Q99216	P0CX39	65.3215
Q8TKI9	Q8TIN5	0.217879
Q8TKI9	Q8TRR0	2.39143
Q8TKI9	Q8TS56	11.8448
Q8TU90	A0A832SJD6	1.33914
Q8TU90	A0A832S9K2	0.868094
G1SCJ6	G1T040	310.416
G1SCJ6	Q9I9N0	6.03814
G1SCJ6	G1TTY7	11.7707
G1TDL2	G1SFR8	151.037
G1TDL2	G1TZ76	135.895
A0A024L8R9	P61175	4.05448
A0A024L8R9	P0ADZ0	1.32071
C3SR12	P02358	0.213276
C3SR12	A0A0H3PWX2	0.0926655
A0A7S3TFW5	R1FED1	0.0673427
A0A7S3TFW5	R1DCN2	0.0594896
A0A7S3TXG5	R1B3D6	0.087134
A0A7S3TXG5	A0A0D3JRC1	0.162023
A0A7S3TXG5	R1BTM8	0.0811635
Q9FG89	P56752	0.125417
Q9LVM2	P56754	0.528496
Q9LVM2	P56767	0.0345749
Q9LVM2	Q9CAC5	0.0603472
G0SCP3	G0S0Z3	2.4563
G0SCP3	G0S0E5	1.06664
G0SCP3	G0SCE2	2.14316
G0SF80	G0SC29	0.957165
G0SF80	G0SCH6	16.7752
G0SF80	G0SEG2	3.04877
A0A2I0BP34	W7K5W7	14.5112
A0A2I0BQ13	W7KN95	10.7937
A0A2I0BQ13	W7K5W7	24.9396
A0A2I0BQ13	A0A2I0BS43	25.0641
A0A2D0TCJ3	Q04918	0.0814735
A0A2D0TCJ3	A0A2D0TCJ0	0.0573364
P27490	A0A2D0TCJ0	0.0076447
P27490	A0A2D0TCJ1	0.00671336
P27490	Q04918	0.020628
Q2FEN8	A6QJ59	0.0107089
Q2FEN8	Q2FEP5	0.0265203
Q2FEQ6	Q2FG18	0.0796687
Q2FEQ6	Q2FEP5	0.1003
P92533	O22769	19.4475
P92533	Q9SRR8	0.420855
Q9SMN1	Q9C6B3	0.156643
Q9SMN1	Q945M1	0.805389
Q9SMN1	Q9SRR8	0.30513
Q22RH5	Q234G8	0.70379
Q22RH5	Q23YW7	1.32318
Q22RH5	Q229S1	0.855149
W7WWA2	Q24DJ0	0.733762
P62314	O43172	217.395
P62314	Q12874	177.086
Q2TAY7	Q15428	4.03301
Q2TAY7	Q6P2Q9	0.621518
P29055	P32773	9.067
P29055	P41895	1.27023
P38304	Q99278	0.960967
A0QSF9	A0QYU7	0
A0QSF9	A0R7F6	0.0763218
A0QSF9	A0R3I9	0.272936
D0VWR7	P19052	0.00498039
D0VWR7	P12240	0
D0VWR7	D0VWR4	0.2
P12238	P51765	0.114418
P12238	P0A387	0.0547035
Q6CWD0	Q6CS01	76.6895
Q6CWD0	Q6CNL2	174.378
Q6CWD0	Q6CPC5	2.85443
Q6CWJ2	Q6CRA3	106.675
Q6CWJ2	Q6CTD6	97.1608
Q6CWJ2	Q6CM04	119.629
P0CX51	G0SE90	49.8902
P0CX51	P0CX43	86.2797
P0CX51	P0CX37	5.92563
Q99216	P07280	48.1116
Q99216	P05756	81.3008
P62668	P62655	0.458132
P62668	P61941	0.100516
P62668	H7GHW0	0.0982823
Q72I01	P61941	0.464632
Q72I01	Q72GS2	6.40086
Q72I01	Q72I19	0.356657
P60405	P0DOY8	0.523994
P60405	P80372	0.506276
P60405	P80374	0.355044
P60490	P80372	0.252364
P60490	P80339	1.53276
P60490	Q5SHP9	0.847323
A8B4T7	A8BMP6	25.9445
A8B8Z6	A8BLL7	76.7171
A8B8Z6	A0A644FBK5	27.1818
A8B8Z6	V6TF11	70.1056
A0T0T9	A0T0V3	0
A0T0U9	A0T0U2	0
O00217	P03886	3.92402
O00217	H9PGF0	3.79567
O00217	Q16718	160.353
P03891	P03897	175.129
P03891	B9EE38	140.653
P03891	O95298	180.429
A0A3B6LVN2	W5EL62	40.652
A0A3B6LVN2	Q8L804	83.8422
A0A3B6LVN2	W5FPA7	69.4081
A0A3B6S9M7	I3NM28	85.8672
A0A9R0JIF6	A0A9R0IPK6	0.0542971
P12355	A0A9R0J335	0.0164605
P36578	P08865	188.259
P36578	A0A2J8WY29	190.203
P36578	Q9BV38	1.81502
O95182	Q16718	142.611
O95182	O43181	153.528
O95182	Q8HAX7	158.867
P51970	Q9UI09	175.584
P51970	O95167	154.807
P51970	O43920	168.717
P36049	P53261	12.5393
P36049	P05744	1.42538
A0A1M5GFZ4	A5FMZ9	0.900107
A0A1M5GFZ4	A0A1M5L7Z6	0.0246032
A0A1M5GFZ4	A0A1M5HDD0	0.253745
A0A1M7D8T4	A0A1M5HDD0	0.11759
A0A1M7D8T4	A0A1M5M9Q7	0.566958
A0A1M7D8T4	A0A1M5L6R0	0.205416
G1TJW1	A0A5F9D2E6	152.196
G1TJW1	G1TPV3	167.904
G1TJW1	G1T8A2	125.16
G1TS40	G1TM55	10.0107
G1TS40	P62495	2.20555
G1TS40	G1SFR8	143.437
A0A2D0TCJ0	Q9XQR6	0.0355751
A0A2D0TCJ0	D5MAL6	0.0354731
D5MAJ9	P27490	0
D5MAJ9	A0A2D0TCJ1	0.0322177
D5MAJ9	P13554	0.0977242
P05738	P04456	1.21075
P05738	P0C2H8	53.5899
P05738	P0CX84	1.62404
P53188	Q02326	1.18873
P53188	P26321	1.00011
P53188	Q02753	2.80766
O79874	F1SQP4	148.373
O79874	A0A4X1VX77	125.959
O79881	O79875	6.10916
O79881	A0A4X1SZP7	2.47421
P82933	Q9Y2Q9	186.486
P82933	Q9HD33	197.375
P82933	Q5T653	3.05952
Q9H2K0	P82911	118.325
Q9H2K0	P46199	190.062
Q9H2K0	P82912	173.1
Q8N0V3	Q9Y3D3	1.33509
Q8N0V3	P82921	1.86793
Q8N0V3	A6NJ78	0.236445
Q9Y291	P82650	170.928
Q9Y291	P82914	169.379
Q9Y291	P82663	167.686
P32773	P20435	15.4085
P32773	P22139	22.8116
P32773	P20434	15.6227
A0A0J9X218	A0A0J9X220	48.9337
A0A0J9X218	A0A0J9X223	49.6476
A0A0J9X218	A0A0J9X225	2.74442
A0A0J9X230	A0A0J9X216	1.19548
A0A0J9X230	A0A0J9X225	2.38682
Q2VIY5	Q39580	110.267
Q2VIY5	A8J5C4	81.9178
Q2VIY5	Q39579	24.6299
Q7Y0H2	A8J5C4	0.427554
Q7Y0H2	P09204	5.46939
Q7Y0H2	Q39575	0.244683
P60494	P0DOY9	0.136646
Q5SHN3	P80380	0.100772
Q96DI7	Q15029	2.36406
Q96DI7	O95926	13.2883
Q96DI7	Q13573	211.547
Q9P021	Q8TAD8	0.156991
Q9P021	O60231	0.821906
P10664	P04456	70.5831
P10664	P0C2H8	73.9572
P10664	P0CX84	60.2087
P53188	P0C0W9	3.45005
P53188	P40010	1.29671
Q14197	A0A0M3KL52	92.5908
Q14197	Q16540	179.438
Q14197	Q9BYC9	178.388
Q8N5N7	Q9NWU5	178.763
Q8N5N7	Q7Z7H8	7.27877
Q8N5N7	Q7Z2W9	174.845
Q9BYD3	A4D1E9	0.881702
Q9BYD3	P82675	6.19931
Q9H4K7	Q13084	0.925974
Q9H4K7	Q9P015	1.07366
Q9H4K7	P49406	0.558759
Q9R1P0	Q60692	128.849
Q9R1P0	O55234	7.9006
Q9R1P0	P99026	137.961
P0A7Q6	P02358	0.414035
P0A7Q6	P0A7W7	0.14332
P0A7Q6	P0A7V8	0.118804
P40711	P0A7V3	0.600061
P40711	Q5SHQ5	0.123016
P61055	P66103	0.668981
P66484	P0A485	0.0190553
P66484	P66401	0
P66484	P66383	0
A0A0R4J8D6	A0A287ANU4	139.551
A0A0R4J8D6	F1SVC5	87.0433
I3L9H6	F1SR64	122.249
G0RZE9	G0S495	2.02237
G0RZE9	G0SFN0	52.9035
G0SG89	G0S495	1.8509
O95298	P51970	0.871409
O95298	O95178	0.0637855
Q9Y6M9	O95168	173.122
Q9Y6M9	O95139	178.578
P18934	Q7JYH3	1.00319
A3MTA8	A3MX34	13.1977
A3MTA8	A3MWI4	12.763
A3MTA8	A3MUD0	6.25112
A3MXZ7	A3MWV5	4.73598
A3MXZ7	A3MWI4	4.71614
A3MXZ7	A3MS76	0.674757
A2RNN6	A2RNV0	0.0915733
A2RNQ6	A2RNP2	0.0495018
P22450	P14135	16.1213
P22450	P60619	11.8977
P22450	P12735	6.37651
P32411	P12733	0.376968
P32411	P60618	4.07919
A2DTN3	A2FT79	9.6689
A2DTN3	A2FCM7	6.28868
A2F3H9	A2DD57	13.7636
O95298	O95168	158.767
O95298	O75306	2.57141
O95298	P49821	178.378
P03897	O15239	136.734
P03897	O95182	1.15244
P03897	O00217	166.98
G0SBN9	G0RZ99	3.78912
G0SBN9	G0RY94	5.32631
G0SBN9	G0SCS8	0.757211
G0SE30	G0RZ99	50.4957
G0SE30	G0S4H3	6.8662
G0SE30	G0RYF6	12.0484
P03887	P23709	2.45005
P03887	Q02366	135.539
P03887	Q95KV7	130.623
Q02376	P03892	108.12
P82664	Q9Y2R9	197.554
P82664	Q9Y3D9	187.667
P82664	P82912	183.397
Q9BYN8	Q96A35	179.738
Q9BYN8	Q9Y2Q9	171.498
Q9BYN8	O15235	168.492
Q8WUD4	Q13573	5.85315
Q8WUD4	O60508	177.21
Q96BP3	P09661	226.047
Q96BP3	Q9ULR0	2.80804
Q96BP3	O75643	1.15837
A0A0M4SX87	A0A0M4TUJ8	0.144393
A0A0M4SX87	A0A0M4T1L5	0.194938
A0A0M4SX87	A0A0M5MJL8	0.0130308
A0A0M4T6V9	A0A0M3V8J0	0.0448909
A0A0M4T6V9	A0A0M4U5B4	1.56166
Q9V3W2	P18931	3.1445
Q9V3W2	Q9MDK5	3.22999
Q9V3W2	P18932	0.302783
P04911	Q12692	161.877
P04911	P02309	189.951
P04911	P35201	4.24707
Q08032	P40359	1.7474
P30657	O94742	0.843288
P30657	P40302	24.7554
P30657	P32496	1.10552
P43583	P21242	0.622304
P43583	P38624	1.0761
O82238	P60497	0.448532
O82238	Q8LGE7	1.17965
O82238	Q94AL6	0.0684244
Q84W12	Q9LZI6	0.0580814
Q84W12	Q9C6B3	0.222207
G0S2U4	G0S7Z2	11.4687
G0S2U4	G0SGY2	92.0395
G0S2U4	G0SGM0	117.185
G0SF32	G0RYF6	26.6742
G0SF32	G0SGM0	25.6511
G0SF32	G0RY17	2.20731
G0S495	G0S7X0	0.933463
G0SFC3	G0S7X0	14.5829
G1TJW1	G1TIB4	7.74422
G1TJW1	G1SZ47	160.581
G1TJW1	G1SIZ2	139.548
Q5IH81	U3KMN4	148.999
Q5IH81	G1TRM4	163.638
Q5IH81	G1T8A2	115.651
Q5M7T6	B0K022	155.124
Q5M7T6	O54715	159.424
P24928	P04637	4.14691
P24928	O60244	0.216601
P24928	H6QM91	0.210499
Q9NPJ6	Q15648	0.876911
Q9NPJ6	Q9NX70	144.157
P83881	P61927	145.991
P83881	P39023	155.81
P83881	P49207	298.392
Q96JB5	P61960	0.212276
Q96JB5	P26373	6.68329
P42766	Q14137	175.684
P42766	P08865	175.289
Q8WTT2	P30050	3.25966
Q8WTT2	Q9Y3T9	4.36477
Q8WTT2	Q9Y221	2.36552
G0S086	G0SEZ1	0.110463
G0S086	G1DJ98	0.222572
G0S086	G1DJ99	0.250582
G0S681	G0SAY0	3.25209
G0S681	G1DJA3	5.61012
O60306	Q6IQ49	0.328576
O60306	Q8TAD8	0.45044
O60306	P14678	3.00151
Q12874	Q9Y3B4	28.7796
Q12874	P09234	192.542
Q12874	Q7RTV0	2.84899
O14388	Q9URT8	51.8533
O14388	O42846	53.5124
O14388	O94476	91.3171
O94659	P79071	3.76628
G0S5C8	G0S0R3	0.0260215
G0S681	G0S3Y7	5.30993
P05726	P11094	0.0128375
P05726	A8INR7	0.197159
P05726	P59774	0.737281
C3SQR7	A0A024L8R9	0.347753
C3SR62	C3SQT7	0.121076
C3SR62	C3SQX2	0.129985
Q06411	P36048	0.338629
Q12046	Q03654	0.447538
Q12046	P36048	0.33456
Q12046	Q12309	0.462496
G0S0Z3	G0SCE2	91.077
G0S0Z3	G0S4P8	101.711
G0S0Z3	G0SFC3	77.2946
G0SH61	G0SCE2	87.3528
P40372	O14339	91.8483
P40372	Q96WW3	16.8442
P40372	O94238	69.6445
Q10232	Q9Y7Z1	1.58046
Q10232	P05733	63.5356
Q10232	P0CT77	71.9645
Q12330	P40204	104.027
Q12330	P54999	85.0408
P38624	P43588	110.518
P38624	P40302	43.0582
P38624	P23639	42.0254
G0S4M2	G0RXZ3	4.72587
G0S4M2	G0SFL0	45.8296
G0S992	G0RZ88	85.7734
P60147	P27490	0
P60147	A0A2D0TCJ0	0
P60147	P16059	0.0301768
Q04918	A0A2D0TCJ0	0.0462954
P0C2H8	P38011	1.0944
P0C2H8	P14126	89.3799
P0C2H8	P41057	74.2571
P25382	Q08746	3.90239
P25382	P0C2H6	7.83682
Q72I33	P80339	1.66624
A3HTB5	A3HTB4	0.202642
A3HTB5	A3HTB3	0.203644
A3HTB5	A3HTB8	0.121558
A3HTC0	A3HTC2	0.180724
A3HTC0	A3HTC1	0.183242
A3HTC0	A3HTB8	0.168934
A0A3B6LWE1	A0A3B6SS17	1.37502
P33308	Q12343	0.506806
P33308	P19263	0.431329
P36145	P08518	0.307578
P36145	P13393	2.73219
P36145	P20433	1.33428
A0A2X0SLI3	A0A1D5SLI4	107.935
A0A2X0SLI3	A0A3B6PK86	3.33877
P12874	P20282	0.0436972
P28367	P0AG48	0.791978
P28367	P26908	1.10436
P28367	P12877	0.852322
R1B3D6	R1BTM8	0.20713
R1B3D6	R1FP66	0.100792
R1DCN2	R1EB65	0.19585
O05641	P39467	8.68742
P05198	P62249	158.506
P05198	P62857	143.392
P05198	G1TIB4	143.392
P08708	P62753	170.074
P08708	P61247	167.99
P08708	P62273	134.269
Q5JGJ4	Q5JDH9	2.14262
Q5JGJ4	Q5JE50	22.952
Q5JGJ4	Q5JE35	10.99
Q5JJG0	Q5JGF3	6.89098
Q5JJG0	Q5JDH9	1.32669
Q5JJG0	Q5JJF2	7.26388
P46776	P62917	8.74685
P46776	Q02878	197.559
P46776	P62829	139.552
Q9UM00	P61254	4.41218
P05388	P05387	155.179
P05388	P13639	4.24642
P05388	P68104	243.689
P84098	Q9H6Y2	5.38072
P84098	P62424	171.992
P84098	Q9NZM5	6.64808
K9YZN5	K9ZAD9	0.111359
K9YZN5	K9Z0X2	0.0296825
K9YZN5	K9Z6P4	0.0973502
K9Z9J3	K9Z6P4	0
K9Z9J3	K9Z7M2	0
K9Z9J3	K9Z1F7	0
G0S0S8	G0S3Y7	1.26522
G0S0S8	G0S8H4	0.848147
G0S0S8	G1DJA2	0.724396
A2RNZ2	A2RNZ4	0.289805
A2RNZ2	A2RHW9	0.576841
A2RNZ2	A2RNM8	0.899096
A2RP73	A2RNM8	1.91699
A2RP73	A2RP61	0.167593
A2RP73	A2RHW9	0.0657397
G0S0E5	G0S5T7	1.7068
G0S0E5	G0SCE2	49.7226
G0SB32	G0RXW1	1.75868
O74895	O14339	103.093
O74895	Q1MTQ9	1.81388
Q92366	O74306	1.13806
Q92366	O60143	46.0279
Q92366	Q9HGL8	44.7135
A0A7S3TXN3	A0A7S3HZY8	0.0841432
A0A7S3TXN3	R1DWS2	0.154836
A0A7S3TXN3	A0A7S3X675	0.0747218
A0T0N4	A0T0T9	0
A0T0N4	A0T0P6	0.121711
A0T0N4	A0T0U2	0.156955
A0T0T2	B8BSY9	0.0200725
A0A2K3DN83	A8JFR3	0.240467
A0A2K3DN83	A9XPA7	0.30737
A0A2K3DN83	Q5DM57	0.318838
A2T2X4	Q5DM57	0.869832
A2T2X4	Q8LLV9	5.2556
A2T2X4	Q2XQY7	21.9615
P06839	P04050	0.938897
P06839	P41896	8.81019
P34087	P32569	1.24033
A0A480JRW3	A0A287AAR5	2.57603
A0A480JRW3	A0A8D1WW27	2.04713
A0A480JRW3	A0A8D1EYI7	124.08
A0A4X1V0C8	A0A8D1NRT6	215.309
P82670	P82911	115.236
P82670	Q2KI62	167.72
P82929	P82915	160.824
P82929	P82920	140.593
A0A218NZS1	A0A218P0Q1	23.3212
A0A218NZS1	A0A218NZT7	21.9396
A0A218NZV3	A0A218NZT7	1.51812
C3SME7	C3SFP2	2.06711
C3SME7	P0A7Q1	0.33035
C3SME7	C3SR17	0.476014
C3SR72	P0A7Q1	0.115566
C3SR72	A1AGK6	2.92776
C3SR72	P60438	2.68165
A0A286ZUN9	I3LGM4	84.2119
A0A286ZUN9	P56632	99.6126
A0A286ZUN9	A0A8D1JI21	0.115178
B8Y651	A0A8D1G9F4	0.693856
B8Y651	K7GSE5	0.664818
G0RYN9	Q2H9R2	77.03
G0RYN9	G0S5M5	1.87746
G0S0Z3	G0RXZ3	6.37138
G0S0Z3	G0SCH6	1.83973
O16376	Q22412	1.38247
O16376	G5EEL2	1.62533
Q9U1Q7	P91175	0.346746
Q9U1Q7	Q9U2S6	2.67377
Q9U1Q7	Q22836	1.55238
A0A7D4X9U5	A0A7D5B6G5	0.0153257
A0A7D4XMU0	A0A7D4X9X4	0.0213097
A0A7D4XMU0	A0A7S3HV91	0.0288943
A0A7D4XMU0	Q2IA66	0.0265042
A0A8D2CGH8	O79881	0.530201
A0A8D2CGH8	F1SIS9	117.103
O79875	A0A4X1SZP7	148.239
O79875	A0A480TFA5	73.9099
O79875	A0A286ZNN4	140.855
P19052	P0A387	0.0563473
P19052	P51765	0.0410684
Q7DGD4	P0A387	0
Q7DGD4	P12238	0.175595
Q7DGD4	D0VWR4	0
Q04048	P53131	1.14548
Q04048	Q03654	0.50321
Q04048	Q12309	0.419971
Q06411	P28004	0.595959
Q06411	P52868	0.258694
P34313	Q20875	133.326
P34313	Q18445	318.192
P34313	P91175	1.20533
Q9XTU6	Q17348	132.75
Q9XTU6	Q18786	89.1662
Q9XTU6	Q20716	65.1284
G0S616	G0S0E5	1.55285
G0S616	G0S4P8	52.1157
G0SB32	G0S9T3	0.236733
A0A1S3XAW1	A0A1S4DFI4	84.1659
A0A1S3XAW1	A0A1S3XE16	94.0167
A0A1S3XAW1	A0A1S3YM01	3.76937
A0A1S3Z2D7	A0A1S4C4G8	95.2685
P32379	P23638	18.4048
P32379	P30657	28.2082
P32379	P21242	16.489
P32496	P23639	11.3148
P32496	P21242	2.22419
P32496	P40302	10.7225
P0A7L8	P02413	1.70008
P0A7L8	P0AG59	1.37472
P0A7L8	P0C018	0.723479
P0A7R9	P0A7N4	0
P0A7R9	P0ADZ4	1.36216
A0A2R6X3Q4	A0A2R6WM91	0.0928647
I7JD56	A0A3Q9R2J6	0.00690137
I7JD56	I7IIM0	0.00882932
P58059	Q9CQA6	132.909
P58059	Q924T2	110.994
P58059	P58064	128.201
Q99N87	Q8VE22	3.83531
Q99N87	Q9CR88	135.075
Q99N87	Q9D125	5.75374
P80650	O59640	0.230419
P80650	P80656	0.335663
P80650	P80654	0.0899701
P80653	P80655	0.214259
P80653	P80654	0.247611
P80653	O59638	0.341064
Q9UUU2	A0A1H6Q8Z5	0.218871
Q9UUU2	Q9B6D4	19.4427
P82193	P27683	0.280942
P82193	P82194	0.611688
P82193	P12230	0.498526
P82195	P82191	0.375726
P82195	P82413	0.816175
P82195	P12629	0.165108
A0A287B9C4	F1SGC7	138.379
A0A287B9C4	A0A286ZU56	105.99
A0A8D0VJF4	A0A480J9Z6	117.323
A0A8D0VJF4	F1RW03	160.364
A0A8D0VJF4	F1S9B7	92.9537
F2Z6F1	Q6C8J9	8.44795
F2Z6F1	B5FVF8	25.0855
Q9B6D4	B5FVD3	0.736924
Q9B6D4	F2Z673	0.207166
Q9B6D4	B5RSL7	0.11135
A0A8D0R7A9	O79881	71.6341
A0A8D0R7A9	Q9TDR1	1.23066
A0A8D0R7A9	Q71K68	1.01894
F1SV23	P56632	3.20196
P02358	P0A7J7	0.805947
P02358	P0C018	0.248813
P02358	P0ADY7	0.181318
P0A7K2	P0A7X3	0.863064
P0A7K2	P0A7J7	7.31964
P0A7K2	P29395	7.83647
A0A480JRW3	A0A8D0INK7	2.32089
A0A480JRW3	A1XQS6	115.721
A0A4X1VD84	A0A8D1NRT6	130.343
A0A4X1VD84	A0A4X1VQ42	2.71101
A0A4X1VD84	A0A287BMW6	130.42
P22141	P40327	79.0801
P22141	P53549	37.0881
P22141	P38624	12.8449
Q12377	P21242	24.9999
P0AG44	P35581	0.118821
P0AG44	P0A7Q6	4.3334
P0AG44	P0ADY7	0.538038
P42641	P0ADY7	0.164725
P42641	P0AG51	0.162321
P42641	P33643	0.240389
I7MLZ4	Q23YW7	0.712986
P17293	P24319	0.100516
P17293	P0DOY7	0.157937
P17293	P69348	0.0690837
P27152	P24319	0.060968
P27152	P80372	0.0620383
P27152	P80371	0.18574
B0K022	Q5ZWW6	0.156438
B0K022	Q6AXS4	23.5434
O74905	P0CH06	1.62008
O74905	P0CT68	52.8864
P78946	Q10232	47.3942
P78946	O14339	62.387
P78946	O74175	54.7723
P46776	O95478	14.0759
P46776	P23396	177.373
Q6DKI1	O00541	190.531
A0A1B4XKR6	A0A1B4XKU1	2.28306
A0A1B4XKR8	A0A1B4XKT0	0
A0A1B4XKR8	A0A1B4XKT1	0.0673935
A0A1B4XKR8	A0A1B4XKW0	0.0408975
P63220	P60842	3.7888
P63220	P46782	144.66
P63220	P08865	152.228
Q7L2H7	P62857	1.19286
Q7L2H7	P36578	193.698
Q7L2H7	P23396	186.209
G1SV32	G1TTY7	182.486
G1SV32	G1TU13	175.638
G1SV32	G1TTN1	120.302
G1TDL2	G1SE76	130.206
G1TDL2	G1SQH0	154.542
G1TDL2	G1TXF6	3.53133
F1SCH1	Q71K68	108.004
F1SCH1	Q9TDR1	108.474
F1SCH1	A0A8D0R7A9	68.2893
Q7IIB7	A0A8D1FAG1	121.418
Q7IIB7	Q71K68	110.061
D0CA76	D0CDQ6	0.0295341
D0CA76	D0CD15	0.0105766
D0CD23	D0CD08	0.477867
D0CD23	D0C9K5	0.248525
P61941	Q72GJ6	0.334656
Q72I19	P62663	0.141795
P80340	Q72I14	0.0369689
P80340	Q72I05	4.37203
P80340	Q5SHN9	4.26793
Q5SHP3	P80339	1.04926
Q5SHP3	P19661	0.182347
Q5SHP3	P0DOY8	0.281121
A0A0M3KL59	A0A8D1UDM1	137.026
A0A0M3KL59	F1SU66	2.02576
A0A0M3KL59	A0A4X1SZV4	130.67
F1S001	I3LU08	122.175
F1S001	A0A480JTD7	6.41097
F1S001	A0A287BP93	106.063
O74175	Q10330	7.26071
O74175	Q10232	51.1011
O74175	P0CT68	61.092
Q9UTP0	O14339	7.73015
Q9UTP0	O42846	66.2344
Q9UTP0	P25457	10.1821
O00541	Q9GZL7	212.758
O00541	P62424	15.4323
O00541	P63173	2.76681
Q9H6Y2	Q14137	1.40642
A8I2U9	A0A2K3DCN8	0.885155
A8I2U9	Q6UBQ3	1.10255
Q839E7	Q839F8	0.0408975
Q839E7	Q831U9	0.111342
A0A218NZW1	A0A218P0A5	11.0777
A0A218P4W7	A0A218P4K4	16.7509
A0A218P4W7	A0A218NZT2	12.0011
Q234G8	Q24DJ0	0.647292
O75394	Q9NZE8	3.9302
O75394	Q8TAE8	138.272
O75394	Q9P015	143.201
Q9H2W6	P51398	189.754
Q9H2W6	Q9NX20	1.22372
G0S7T8	G0SFK8	69.7401
G0S7T8	G0S2X4	87.2271
G0S7T8	G0S871	82.938
G0S8C4	G0SHI0	84.5142
G0S8C4	G0RY94	40.1722
G0S8C4	G0RZM9	97.8926
Q8TH71	Q8TRU3	0.279251
Q8TH71	A0A832SGR1	0.552407
Q8TH71	A0A832SMB7	0.275708
Q8TRC2	A0A832SGR1	2.94122
Q8TRC2	A0A832W9Q0	22.7291
Q8TRC2	Q8TT42	1.39015
O97725	Q02365	142.134
O97725	Q02378	117.575
P48305	Q02369	146.045
P48305	P23709	142.456
P48305	P03920	113.548
Q15050	P49207	181.333
Q15050	P62891	1.71104
Q9BRT6	P36578	2.36018
Q9BRT6	P49207	0.131253
Q9BRT6	P62424	2.64187
Q5SHR2	P60489	3.61817
Q5SHR2	P60488	4.96139
Q5SHR2	P80373	0.0779775
Q5SLP6	P60492	0.0711255
Q5SLP6	Q8VVE3	1.59832
Q5SLP6	Q5SLP7	0.179693
P56537	Q9BVP2	197.843
P56537	Q9BZE4	196.099
P56537	P26373	3.64304
Q9NZM5	P61513	3.30101
Q9NZM5	P62891	3.77775
Q9NZM5	P42766	6.82748
Q9CPR5	Q9CQL4	5.77049
Q9CPR5	Q8BU88	1.99679
Q9CQL5	Q9D1P0	12.5761
G0SHX6	G0S507	37.1736
G0SHX6	G0S495	0.799875
G0SHX6	G0SFN0	30.7651
Q7MTL7	Q7MTN7	0
Q7MTL7	Q7MTM6	0.0176745
Q7MVQ8	Q7MX42	0.020856
Q7MVQ8	Q7MXW3	0.256126
A0QSD4	A0QSD9	0.873026
A0QSD4	A0QYU6	1.34354
A0QSD4	A0R7K0	0.0342875
A0R7F7	A0R215	0.082381
A3HTB8	A3HTC2	0.225123
A3HTC1	A3HTC2	0.16938
Q9VTB4	Q9VXK7	62.2281
Q9VX36	Q94511	103.418
Q9VX36	Q9VMI3	131.87
Q8TRU6	Q8TT44	1.32577
Q8TRU6	Q8TL48	14.3953
Q8TRU6	Q8TRT6	11.998
Q80ZS3	Q9CPX7	125.033
Q9CY16	P58064	131.209
Q9CY16	Q8VE22	112.89
Q9CY16	Q9CQA6	129.765
A0A8D1BPA5	A0A286ZTW8	132.47
A0A8D1BPA5	A0A287BIV6	141.091
A0A8D1BPA5	F1RHJ1	132.318
F1RMQ4	F1SVC5	94.6607
F1RMQ4	A0A0R4J8D5	154.406
F1RMQ4	W5IDB8	133.271
A0A0F7UYM7	A0A125YS47	0
A0A0F7UYM7	B9PMU7	1.11663
A0A125YSG6	B9PQ37	5.20526
A0A125YSG6	B9PMU7	1.21735
P31800	P00415	175.096
P31800	P00129	123.578
P31800	P00130	0.0545573
P68530	P00430	108.137
P68530	P00415	150.477
P68530	P00426	132.91
R1DWS2	R1BTM8	0.17859
P0CX31	Q12460	1.62259
P0CX31	P39939	57.0385
P40160	P05759	37.9439
P40160	P0C0W1	46.7176
P40160	Q07381	0.749779
A0AAN0Y071	A0AAN0Y0L0	3.2829
A0AAN0Y071	A0AAN1CUL8	1.66743
A0AAN1CVB0	A0AAN0Y4S6	0.00687477
A0AAN1CVB0	A0AAN0Y2T2	0
A0AAN1CVB0	A0AAN1CUL8	0.64397
P15690	Q02365	0.739901
P15690	Q02379	151.798
A2DHU7	A2DM53	45.4134
A0A480JRW3	O79875	119.614
O79874	A0A8D1NRT6	136.887
O79874	A0A8D0K655	136.887
O79874	A0A4X1VQ42	127.057
A0A0M4TFJ4	A0A0M4U618	0.237439
A0A0M4TFJ4	A0A0M4U5B4	8.34487
A0A0M4U401	A0A0M4U4C3	0.0125842
A0A0M4U401	A0A0M4TF29	0.22465
A0A0M4U401	A0A0M4U5B4	1.11921
A4ZFB7	A4ZFB5	1.23953
A4ZFB7	A4ZFB8	0.430332
A4ZFB7	A4ZFB6	0.306261
A4ZFB9	A4ZFB8	0.235527
A4ZFB9	A4ZFC7	0.135139
A4ZFB9	A4ZFC4	0.211613
A0A3B5Z5M6	A0A9R1HBE9	56.6268
A0A3B5Z5M6	A0A9R1FDI5	68.0976
A0A3B5Z5M6	Q5I7L1	82.3623
Q7X744	W5FSM8	94.0403
Q7X744	Q5I7L1	99.6013
Q7X744	D8L9P6	91.4671
O43678	O95182	141.894
O43678	O00217	160.312
O43678	Q9UI09	155.618
O95298	Q9UDW1	0
P14126	Q3E757	112.158
P14126	P0C0W9	112.188
P14126	P05744	69.6989
A0A1B4XKT7	A0A1B4XKS7	0.181468
A0A1B4XKT7	A0A1B4XKX1	0.206677
A0A1B4XMC1	A0A1B4XKT6	0.394203
A0A1B4XMC1	A0A1B4XM76	0.14434
Q8BU88	Q9D1P0	161.207
Q8BU88	Q9D1B9	160.194
P80339	Q5SLP7	0.827074
P80339	Q5SHQ7	0.166778
P80339	Q5SHP8	0.23347
Q8VVE3	Q9Z9H5	0.643137
Q8VVE3	P60489	0.442299
Q8VVE3	P60405	1.50101
Q9M3I4	P82403	0.101369
Q9M3I4	P06509	0.790972
Q9M3K7	P82024	0.481903
Q9M3K7	P82412	0.0444162
Q9M3K7	P08242	0.853918
Q921S7	Q9D1N9	162.131
Q921S7	O35972	6.81165
Q921S7	Q9CQ06	6.82737
Q9D1I6	Q9D0G0	0.763817
Q9D1I6	Q9D7N6	140.543
Q9D1I6	Q9D338	0.482192
P80375	P24320	0
P80375	P80374	0
P80375	P80372	0.14198
P80381	Q5SJE1	0
P80381	P24320	0.0631059
P80381	P80377	0
A0A836ABR5	O78753	90.0554
A0A836ABR5	A0A6P3TFB2	116.094
A0A836ABR5	A0A6P3DZ89	147.117
O78754	A0A6P7EX23	118.45
O78754	A0A6P3TFB2	109.978
O78754	O78748	109.048
A6NJ78	Q9Y3D3	0.942269
A6NJ78	Q9Y2R9	2.89061
A6NJ78	O15235	0.731243
Q9Y676	P82933	214.315
Q9Y676	P82650	197.707
Q9Y676	Q92665	208.385
P62316	Q9VV74	29.6674
P62316	P08621	219.75
P62316	Q6IEG0	5.33883
Q16560	Q53GS9	2.2202
Q16560	Q9BUQ8	9.45829
F2QMI1	C4R3Z5	13.2012
F2QNN8	P04908	33.2604
F2QNN8	C4R370	0.346623
F2QNN8	C4QYQ8	0.381458
Q8K3C0	P50518	0.350099
Q8K3C0	Q91XE7	0.0190224
Q91V37	Q8BVE3	169.943
Q91V37	Q9WTT4	89.9611
Q91V37	P50518	175.194
P32570	P40422	2.44545
P32570	P04050	0.231591
P32570	Q99278	0.444844
P47822	P38902	1.59881
P47822	Q08278	5.27912
A8K9D2	Q9BQC6	167.289
A8K9D2	Q9NRX2	174.003
A8K9D2	Q9BYC9	169.105
Q8IXM3	Q9H0U6	1.50604
Q8IXM3	Q9NRX2	165.942
Q8IXM3	Q9BYC9	161.334
F2Z293	P60150	0.0337882
F2Z293	P06005	0.0484384
F2Z293	P05146	0.0210835
P60128	P12333	0.0409104
P60128	A0A9R0JQ89	0.346483
P60128	Q9M3M6	0.193135
P00128	P32799	10.0349
P00128	P10174	0.392913
P00427	P32799	8.24319
Q9MDK5	P03896	3.2164
Q9MDK5	Q9VQM2	9.02565
Q9VPE2	Q94511	49.8969
Q9VPE2	P18934	2.2517
Q9VPE2	Q9VZU4	49.224
P0CX55	P20459	55.2431
P0CX55	Q12460	1.23089
P0CX55	P40079	1.45161
P40160	P06367	39.7028
P40160	O13516	55.9826
P40160	P25443	34.0838
Q9CQ40	Q9CR59	113.603
Q9CQ40	Q9CQL6	148.549
Q9CQ40	Q9CPY1	148.33
Q9CY73	Q9CQL5	160.1
P60866	P63244	0.535005
P60866	P15880	145.241
P60866	P62945	0
Q9NPD3	Q9GZS3	179.757
Q9NPD3	Q8TF46	0.361391
Q9NPD3	Q9Y3B2	218.349
Q9MDK5	B3DML8	24.5825
O14180	Q9USG6	1.13859
O14180	O14339	4.80995
O74904	Q10192	0.94385
O74904	P0CT60	0.109034
Q14C51	Q9D2R8	137.592
Q14C51	Q61733	121.018
Q14C51	Q80ZK0	154.775
Q6P3B9	Q9DCA2	2.23447
A0A1S3Y4M0	A0A1S4DPT4	61.036
A0A1S3Y4M0	A0A076L2E2	11.348
A0A1S3Z3Y7	A0A1S3ZXI6	5.69164
A0A1S3Z3Y7	A0A1S3ZLI9	7.43518
F2Z6F1	F2Z660	81.5466
F2Z6F1	Q6CI60	12.3635
Q9B6C8	B5RSL7	0.462471
Q9B6C8	Q9B6C7	0.835138
Q9VTU2	P18930	16.8065
Q9VTU2	Q7K1C0	2.03455
O15371	Q7L2H7	196.777
O15371	P41091	0.519373
O15371	P63244	1.9779
P60842	Q04637	13.34
P60842	P15880	142.798
P60842	Q53EL6	198.612
O75012	P22136	0.0688748
O75012	Q12089	0.236495
O75012	P53733	0.135223
Q14C51	Q99N87	137.019
Q14C51	Q9CQV5	141.199
Q9CXW2	Q99N84	133.72
Q9CXW2	Q9D125	144.07
P06839	Q03290	23.4322
P06839	Q00578	65.0045
P08518	P32569	0.339826
P0CX82	P26321	61.6311
P0CX82	P40007	2.10225
P0CX82	P33442	78.5319
P23193	I3LCB2	145.813
P61218	P19388	135.526
Q04614	Q8VZ65	0.0577778
Q04614	P60497	0.472098
Q04614	Q8LGE7	0.0956604
P60490	Q5SHP8	0.00409836
P60490	P60558	0.00409836
Q5SHP3	P80372	0.21761
Q5SHP3	P60488	1.21485
Q9CY73	Q3TBW2	148.843
Q9D0Q7	Q99N92	148.44
Q9D0Q7	Q9JKF7	165.956
A6MVV3	A6MVT2	0.108553
A6MVV3	A6MVU5	0.443995
A6MVV3	A6MW35	0
A6MVZ2	A6MVU9	0
A6MVZ2	A6MW32	0
A6MVZ2	A6MVZ3	0
P62095	Q42029	0.225992
P62095	P62100	0.204416
P62095	P62109	0
Q9XFT3	P56777	0.118989
A0A1M5L6R0	A0A1M7D775	0.921273
A0A1M5L6R0	A0A1B2U0F5	0.930628
A0A1M7D8T3	A0A1M7D8T4	0.415977
A0A1M7D8T3	A0A1M7D775	1.54571
D3ZIM6	P25286	0.328698
D3ZIM6	Q5EB76	0.0190224
Q72HR3	Q72I04	1.70011
F2Z6F1	Q6CI10	0.217999
Q9B6E9	B5FVD3	0.233799
Q9B6E9	F2Z673	0.183914
O43513	A0JLT2	112.611
O43513	Q15528	0.50882
O43513	O60244	0.686627
Q71SY5	Q9H944	190.202
Q71SY5	Q9BTT4	185.592
Q71SY5	O95402	198.615
B5FVF3	B5RSL7	0.342409
Q6C8J9	Q6C1R9	0.277666
A0A640KW57	A0A640KG82	29.6159
A0A640KW57	A0A640K9U9	24.577
A0A640KW57	A0A640KXA2	20.3138
A0A640L0A1	A0A640KGL4	19.5353
A0A640L0A1	A0A640KJI7	18.2459
A0A640L0A1	A0A640KG82	15.7082
E1UWD7	E1UWC5	0.378517
E1UWD7	E1UWC8	0.112852
E1UWE3	E1UWC1	0.585249
E1UWE3	E1UWA8	25.6628
E1UWE3	E1UWA6	20.7399
Q9D2R8	Q9CR88	132.489
Q9D2R8	Q99N87	140.008
Q4DAV9	Q4DIC9	5.35175
Q4DAV9	Q4DB26	26.6086
Q4E661	Q9BMP0	31.3674
A0A8N7XJ18	O78747	143.643
A0A8N7XJ18	A0A6P3DZ89	172.932
O78755	O78748	6.64843
O78755	A0A7M4DUG1	1.09357
O78755	A0A6P3EDV0	107.481
P32523	Q03772	0.967589
P32523	Q03375	0.358221
P32523	P25337	1.09541
P33334	Q03654	0.520081
P33334	Q03338	0.326871
P33334	Q12046	0.298631
A0A1D8ND94	A0A1H6Q311	0.0054437
A0A1D8ND94	A0A1D8NDL1	0.138969
S5U4U1	A0A371C2D0	0.137249
O94874	P60468	0.705421
O94874	P83881	2.29642
P61927	Q9BZE4	2.9626
P61927	P13639	2.8318
G0SFC3	P08978	68.122
G0SFC3	G0RZ88	4.05338
G0SHK0	G0SH61	1.65319
A0A0J9X292	A0PFK5	125.814
A0A0J9X292	F2Z5G5	140.616
A0A0J9X293	D2JYW4	125.496
A0A0J9X293	F2Z5G5	197.943
A0A0J9X293	A0PFK5	175.629
A0A8N7XJG2	A0A6P3E975	2.72973
A0A8N7XJG2	O78747	144.649
A0A8N7XJK5	A0A836CQA7	137.847
A0A8N7XJK5	O78757	109.901
A0A8N7XJK5	O78755	136.863
Q5JDH1	Q5JJG6	31.9487
Q5JDH1	Q5JGT6	28.0055
Q5JDH1	Q5JDH6	5.84531
Q5JDH9	Q5JJG6	21.7565
Q5JDH9	Q5JJG3	20.0566
Q7K1C0	Q9W402	0.930243
R4ZGT7	R4ZGW6	0
R4ZGT7	P50155	0.0493208
R4ZGT7	A9NTS2	0.0288213
R4ZGZ0	R4ZGY5	0.0231277
R4ZGZ0	Q40771	0.029114
E1UWB0	E1UWB9	0.0304338
E1UWB0	E1UWE5	0.97579
E1UWB0	E1UWD3	11.6054
E1UWE2	E1UWD6	3.01859
E1UWE2	E1UWD5	1.93811
E1UWE2	A0A1G4KQ11	0.44903
O35972	Q9CQN7	119.078
O35972	Q9CPY1	136.85
O35972	Q9CQL6	2.61866
Q9D0Y8	Q9H0U6	134.919
Q9D0Y8	Q9D1B9	4.7248
Q4FQ64	A0A0M4U627	0.840042
Q4FQ64	Q4FUC6	0.0933616
Q4FQ64	Q4FRE5	1.15451
Q4FUD7	A0A0M4U627	2.06651
Q4FUD7	Q4FRD7	0.991688
Q94519	Q9VTB4	38.9865
Q94AL6	Q9LZI6	0.119887
Q94AL6	O22769	0.0242072
Q9ZPY5	Q04614	0.284308
Q9ZPY5	Q9LHI0	1.44245
A0A1B2U029	A5FMZ0	0.00998975
A0A1B2U029	A0A1M5HDD0	0.227448
A0A1B2U029	A0A1M5PX52	0.0288254
A0A1B2U0I0	A0A1B2U1R1	0.299782
A0A1B2U0I0	A0A1B2U0Q0	2.2312
A0A1B2U0I0	A5FMZ0	0.0522614
P16033	P37277	0.0129335
P16033	P09193	0.098122
Q55332	P09193	0.125539
Q55332	P10549	0.296651
Q55332	P73070	0.17479
Q80YQ2	Q9CQA5	1.00119
Q80YQ2	Q62276	1.04072
Q9DB91	Q9CQI9	120.875
Q9DB91	Q9D7W5	130.317
Q9DB91	Q920D3	109.606
G1SQV5	G1TN62	2.53877
G1SQV5	G1SGX4	4.32484
G1SQV5	G1SFR8	174.993
G1T1F0	U3KMN4	3.27167
G1T1F0	G1TFM5	3.52587
G1T1F0	G1U7M4	133.096
A0A0U5AD05	A0A0U5AP31	0.932265
A0A0U5AD05	A0A0U5ADS9	0.0575056
A1BA37	A1AZ52	0.202887
A1BA37	A1B481	0.155636
A2D8G5	A2E7Z2	11.8716
A2D8G5	A2FCM7	13.0683
A2D8G5	A2E1I9	12.5585
A2DD57	A2F8W4	30.9368
P02381	P53733	0.337622
P02381	P53305	0.692371
P02381	P28778	0.466723
G0SFN0	G0SD05	0.746406
G0SFN0	G0S6B0	56.8632
Q9D0G0	Q9D1B9	147.665
Q9D0G0	Q8K2Y7	131.339
Q9D0G0	Q921S7	149.066
Q9D338	Q9JKF7	8.79779
Q9D338	Q9CPV3	127.317
Q9D338	Q9CQF0	146.511
A3MWZ8	A3MUU4	2.41621
A3MWZ8	A3MWI5	11.2251
A3MXZ6	A3MUZ1	0.937264
A3MXZ6	A3MWI5	2.45229
A0A371C0F2	A0A1D8NDL1	1.68104
Q9UUU1	B5FVF8	31.2986
Q9UUU1	A0A1H6PPE5	31.2986
Q9UUU1	Q9UUU0	62.958
Q4JB42	Q4JB47	8.7842
Q4JB42	O05639	15.8027
Q4JB42	P13005	25.5132
Q4JB45	Q4J953	0.140684
Q4JB45	Q4JB41	7.7989
Q4JB45	P13005	13.1212
P38175	P32902	0.318119
P38175	P53881	0.26497
P38175	P17558	0.42849
O15514	P24928	1.4493
Q5TA45	Q9H0H0	1.96609
P0CG47	Q9Y5K5	8.94047
P25788	P25787	156.847
P25788	P51665	206.77
P25788	P28066	194.957
A0A4X1TXJ8	Q29223	146.609
A0A4X1TXJ8	A1XQU5	3.59808
A0A4X1TXJ8	A0A4X1TFR5	109.579
K7GP63	F2Z522	72.1164
K7GP63	Q29223	107.934
K7GP63	A1XQU5	114.137
A0A9R0IPK6	P06511	0.0326472
A0A9R0IPK6	A0A9R0IBB5	0.0247894
Q9M3J4	A0A9R0J7P2	0.325773
Q9M3J4	A0A9R0JHB5	0.167908
P10549	P09191	0.218066
P10549	P09190	0.165991
P10549	P72701	0.0300313
P14835	P73528	0
O14036	O59734	197.797
O14036	P87126	5.55036
O14036	O42661	147.706
Q9USX8	Q7LL14	6.32995
Q9USX8	Q10163	43.2044
Q9USX8	O42661	52.197
Q8IAX5	Q8IK02	68.8068
Q8IAX5	Q8IBA0	46.383
Q8IAX5	C0H4K8	61.2698
Q8IKL9	A0A5K1K925	44.1443
Q8IKL9	O96258	0.0500767
Q8IKL9	Q8IBN5	69.6249
O05000	P92533	1.60556
O05000	Q9ZUX4	0.25802
P53665	B5TM94	0.254846
P53665	P29388	0.501948
P53665	Q8LDK3	0.256355
P0A7R5	P60422	0.924499
P0A7R5	P0A7V3	0.071878
P60438	P0ADZ4	1.48901
P60438	P0A7R9	0.131338
P60438	P0C018	0.401055
P62829	Q8TDD1	7.25237
Q9NVU7	P62913	3.10322
Q9NVU7	Q9BV38	0.512831
A0ACD6B8W8	A0ACD6B8X0	0.296145
A0ACD6B8W8	A0ACD6B8W3	0.354661
A0ACD6B8W8	A0ACD6B8W6	0.415335
A0ACD6B8X1	A0ACD6B8W9	0.350005
A0ACD6B8X1	A0ACD6B8X0	0.149097
A0ACD6B8X1	A0ACD6B8W6	0.249147
P03891	P51970	191.269
P03891	V9JN72	161.709
P03891	P03901	165.243
Q9Y6M9	P03915	2.7381
Q9Y6M9	P03905	1.76858
Q9Y6M9	O95169	1.54625
A0A3Q7H274	P29766	0.392372
Q53U38	K4CG62	94.8188
G0S2U4	G0S8Y4	3.04321
G0S2U4	G0RY94	47.1172
G0SHI0	G0RY94	2.93717
G0SHI0	G0SE30	2.02329
G0SHI0	G0S1S4	95.8857
P02358	S1NW45	0.116953
P0A7L8	P0A7X3	0.828507
P0A7L8	P0A7K6	2.19816
Q839D8	Q839F3	0.413883
Q839D8	Q836E3	0.0322923
Q839F6	Q839G2	0.178091
Q839F6	Q836X4	0
Q839F6	Q839E5	0.114229
P0CG63	P05739	0.92639
P0CG63	P0CH08	0.194964
P36105	P38779	0.640437
P36105	P53927	10.0991
P36105	Q03532	15.8675
P32570	P20433	1.14057
P34087	P38902	38.2471
P34087	P27999	39.7706
P34087	P27692	1.08053
A2DIM3	A2D895	44.637
A2DIM3	A2FC75	2.11425
A2DIM3	A2DLW4	71.1215
A2E1L5	A2FBZ2	3.04964
A2E1L5	Q76KS8	44.4524
A2E1L5	A2D895	52.9816
A0A0M4T6M9	A0A0M4SY21	0.162412
A0A0M4T6M9	A0A0M3V8P6	0.0265262
A0A0M4T6M9	A0A0M3V8J0	0.0262701
O44729	Q20716	89.6261
O44729	Q09385	58.1337
O44729	Q9XTU6	98.2375
Q9BLB6	Q17348	67.3244
Q9BLB6	Q9N4G9	70.3651
Q9BLB6	P91918	57.9179
Q8BU88	Q921S7	165.674
Q9D0G0	Q9D7N6	6.4169
Q9D0G0	Q9DCI9	132.414
P30657	P40327	66.166
P30657	O13563	1.33148
P30657	P28065	53.9402
P40016	P23639	4.35654
P40016	P23638	2.96296
P40016	P32496	9.08043
O95167	O43676	1.44363
O95167	P56556	143.862
O95167	Q9UDW1	0
O95168	P31930	0.227439
Q94511	Q9VMU0	54.7512
Q94511	O97418	0.452844
Q9W125	Q9W3N7	23.2702
P60866	Q5VTE0	92.8392
P60866	P47813	134.348
P60866	P62861	130.687
Q53EL6	P62861	3.5451
Q53EL6	P62266	2.57454
A0QSD7	A0QSL5	0.125367
A0QSG3	A0QSD0	0.0163516
P0A7W7	P0A7V8	0.257207
P0A7W7	P0AA10	0.378711
P40711	Q5SHN8	2.62888
G1TG89	G1U0Y5	162.394
G1TG89	G1TPV3	158.349
G1TG89	G1T168	158.349
G1TS40	G1SZ47	135.332
G1TS40	G1T8A2	104.573
A0A1S3UIW7	A0A1S3VNK7	8.41113
A0A1S3UIW7	A0A1S3U8J5	47.0497
A0A1S3UIW7	E9KZM7	0.246107
A0A1S3UYW0	Q9XPB4	13.0098
A0A1S3UYW0	A0A1S3TQ33	1.9449
A0A1S3UYW0	A0A1S3VGS8	50.3559
P0A7K6	P0A7Q1	0.360134
P0A7K6	P61175	2.47257
P0A7K6	P0AG55	0.186637
P0A7P5	P61175	3.70119
P0A7P5	P0A7X3	1.66555
P0A7P5	P0A7T3	14.9252
A0A1D5ZKM9	A0A3B6HX49	73.6152
A0A1D5ZKM9	W5AUH7	49.8343
A0A9R1JSD6	Q7X9K4	76.5348
A0A9R1JSD6	A0A3B5XY60	87.7563
Q5JFE2	Q5JJD2	0.108891
Q8BK72	Q99N84	3.97333
Q8BK72	Q9JIK9	142.806
Q9M3K7	P82403	0.141711
A0A371BY45	S5TF58	8.28014
A0A371BY45	A0A1D8N5V2	6.60945
S5TMP9	A0A371CB65	0.215447
Q9HWF4	Q9I0A2	0.0435499
Q9HWF4	Q9HVL6	0.247168
Q9HWF4	Q9HWD6	0.671562
A4ZFB5	A4ZFC2	0.65809
A4ZFB5	A4ZFB6	0.119455
A4ZFB8	A4ZFB6	0.0977953
P10549	P73048	0.196247
P10549	P05429	0.128169
Q54697	P73070	0.145749
Q2KI62	P82926	141.033
Q2KI62	P82925	139.492
Q2KI62	Q2YDF6	161.39
G0RYF6	G0SBN9	9.06931
G0RYF6	G0SCT7	6.43717
G0SG51	G0S2U4	5.03904
G0SG51	G0S1A6	30.0008
G0SG51	G0S0Z4	26.7483
Q4DED2	Q4E2E0	34.0232
Q4DED2	Q9BMP0	32.0044
P18930	Q9VXK7	33.6449
Q9W3N7	B3DML8	20.3614
Q96EY4	Q9BZE4	4.70316
Q96EY4	Q9BRT6	0.332913
Q96EY4	P63173	8.47347
Q9NVU7	P62906	3.19865
Q9NVU7	Q9UKD2	1.15951
Q4G381	Q4G395	0.0444309
Q4G381	A0A3S6R2W1	0
Q4G381	A0A7S4BZA9	0.146561
Q4G3C5	D9MYJ9	0.0314342
Q4G3C5	A0A7S4C3N2	0.219579
Q4G3C5	Q4G395	0.0908267
E9BHM6	E9BTF9	1.86551
E9BHM6	A0A381MCG8	54.4738
E9BR60	Q868B1	16.8398
E9BR60	A0A381MCG8	16.9831
E9BR60	E9BI96	9.76293
Q5SHN3	Q5SLP7	0.100073
Q5SHN3	P0CE47	0.206853
Q5SHN3	Q5SHN7	0.157792
Q8VVE3	Q5SLQ1	0.513279
Q8VVE3	P60488	0.849174
Q8VVE3	Q8VVE2	0.741457
Q707N0	Q642R6	0.311707
Q707N0	Q7ZX96	0.337845
Q707N0	Q6GNF1	131.419
P62851	P62906	160.335
P62851	O75822	3.88549
P62851	P05198	164.339
Q9NRX1	P25398	178.76
Q9NRX1	P62277	179.727
Q9NRX1	P62841	177.115
A8B5N7	A8BS79	25.836
A8BU75	A8BQU8	42.652
A8BU75	A8BLL7	46.2898
A0A480KM09	Q9TDR1	2.6136
A0A480KM09	Q71K68	2.25945
A0A480KM09	A0A4X1T6M0	84.4781
F1SV23	A1XQS6	110.984
A8BE76	A8B8Z6	40.5398
A8BE76	A8BLV7	34.8961
A8BE76	A0A644EZB9	14.3886
A8BM86	A0A644FBU1	61.223
A8BM86	A8B2Q4	67.4291
A8BM86	A8BYY2	56.4933
A6MVR2	A6MVV3	0.0566303
A6MVR2	A6MW35	0.146802
A6MVV4	A6MVT2	0.120767
A6MVV4	A6MVU5	0
A6MVV4	A6MVR3	0.0289649
E1UWC9	E1UWB8	0.0676985
E1UWC9	E1UWD8	0.258651
E1UWE5	E1UWC4	0.56886
E1UWE5	E1UWC7	0.163874
E1UWE5	E1UWC3	0.26533
P56537	P83881	2.19022
P56537	P62899	1.63696
P62888	Q9UKD2	2.61452
P62888	P61513	0.0889414
P62888	A0A6I9ZMF9	0.0889414
P61619	P60468	2.00103
P61619	P04844	197.262
P62424	P62847	19.1086
P62424	P62910	176.974
P62424	P83881	336.998
G0RXZ3	G0RYU9	79.0775
G0RXZ3	G0RYG4	20.9989
G0S5S8	G0S081	21.0526
G0S5S8	G0S683	20.5667
A0A6P3E749	A0A6P7DQB1	147.126
A0A6P3E749	A0A8N7XJ68	161.133
A0A6P3E749	A0A8N7XJ91	111.215
A0A8N7XJH2	A0A8N7XJ91	90.2691
A0A8N7XJH2	A0A8N7XJB4	121.327
A0A8N7XJH2	A0A6P3EI17	122.446
Q02827	Q02379	2.18797
Q02827	P17694	3.44505
Q02827	P48305	123.115
Q7JAS9	Q02371	89.7734
Q7JAS9	Q02379	1.53076
Q7JAS9	Q02366	97.7009
A0A1D8N3C8	Q9UUU0	10.4142
A0A1D8N3C8	A0A1H6PXT9	5.2022
A0A1H6PJS3	Q9UUU3	27.5405
A0A1D8ND94	S5TF58	0.614017
S5U4R9	A0A1D8NKB4	0.112464
O75586	Q9Y3C7	185.74
O75586	P19388	7.05561
O75586	A0A8D1DPV6	1.46595
Q9NX70	Q9H204	138.158
O09111	Q9DCJ5	0.107115
O09111	Q9CQC7	108.863
O09111	Q9CQH3	112.69
Q99LY9	G5E814	80.3432
Q99LY9	Q9CQZ5	2.69264
Q99LY9	P03925	80.8962
Q4FS20	Q4FS21	0.212221
Q4FS20	Q4FV74	0.398073
Q4FS20	Q4FUD3	0.30814
Q09385	Q20716	49.0164
Q09385	G5EEL2	58.6562
Q09385	O45766	58.8536
Q9BLB6	Q21323	10.3875
Q9BLB6	P91175	2.41934
P39573	P95986	11.5001
P39573	Q980K7	9.64101
P39573	Q97ZY7	0.685896
Q9UX87	Q97ZY6	0.457983
Q9UX87	P35027	4.25376
Q9UX87	Q9UX98	8.88109
A0A0H2K0A0	A0A077UU26	0.0265203
A0A0H2K0A0	A0A1Q4GY48	0.0107089
A0A0H2K0A0	A0A0K7UQP6	0.0105466
O53083	Q927L7	0.0429249
O53083	Q8Y440	1.04587
O53083	Q8Y444	0.302139
P0A491	Q8Y458	0.948694
P0A491	P66219	0.0686456
Q9DCA2	Q9CQA6	101.126
Q22AV0	P0C233	72.9003
Q22AV0	Q22B78	63.0982
Q230V2	Q23KG1	42.5063
Q230V2	Q22MB0	0.039725
Q230V2	Q238Q8	4.65265
P62888	Q02878	168.1
P62888	Q9NZM5	4.43991
Q8TDN6	P56182	12.0229
Q8TDN6	P46776	9.52619
Q5JGF3	Q5JDK8	8.37618
Q5JGF3	Q5JDH9	7.20175
Q5JJF2	Q5JJG3	1.46175
Q5JJF2	Q5JJG8	5.13461
Q2FW30	Q2FW10	0.0591987
Q2FW33	Q2FW17	3.40609
Q2FW33	Q2FW38	3.01662
Q2FW33	Q2FXQ1	0.131425
Q99N92	Q921S7	156.922
Q9D0G0	Q9CQN7	124.15
C7DZL9	A8DYC4	1.3348
C7DZL9	O97418	23.9224
C7DZL9	Q7JZK1	48.8726
O15371	P60228	203.732
O15371	P62851	2.20781
O15371	P62854	1.49002
P20042	Q13144	208.665
P20042	P62701	11.1264
P20042	P08708	2.00874
A0A1D8N3H5	A0A1D8NC63	0.0279146
A0A1D8NKB4	A0A1D8NGI5	0.0171917
Q9V4E0	Q9W402	19.0441
Q9V4E0	Q7JYH3	3.82689
Q9V4E0	O97418	0.586175
Q5JJF5	Q5JJH0	0.536129
Q5JJF5	Q5JDI0	1.7859
Q5JJF5	Q5JIY8	0.526396
Q5JJF9	Q5JGT6	31.3316
Q5JJF9	Q5JDI0	16.4889
Q8LGE7	Q42599	0.0311916
Q8LGE7	P92533	5.33304
Q8LGE7	Q9SD78	0.0571079
Q9C6B3	Q9ZUX4	0.176832
P62306	P08621	71.5862
P62306	Q6IEG0	168.648
P62306	P62308	376.435
G0S1P3	G0SBG8	4.75749
G0SB83	G1DJA2	3.39149
G0SB83	G1DJA6	12.0724
A0A072ZIQ9	A0A072ZKF0	0.830042
A0A241XHA2	A0A071L356	6.33395
A0A241XHA2	A0A072ZCA1	0.689071
G0SGY1	G0S7X0	14.5261
G0SGY1	G0SFD6	1.29413
G0SGY1	G0S0D6	76.3527
A0A4X1VQ42	A0A286ZUN9	105.4
A0A4X1VVS8	A0A8D0Q6N1	53.2546
A0A4X1VVS8	A0A287ARY3	135.917
A0A4X1VVS8	A0A8D0K655	197.955
Q02371	P42026	132.54
Q02371	P23934	121.97
Q8HXG5	Q02827	124.938
Q8HXG5	Q02367	0.973164
Q8HXG5	Q95KV7	127.667
Q16540	Q7Z2W9	170.552
Q16540	Q8TAE8	7.3109
Q16540	Q9H3J6	3.43472
Q9BYC8	Q8TCC3	177.293
Q9BYC8	Q9Y399	182.96
Q9BYC8	Q9P0M9	2.88064
P00426	P13183	114.262
P07470	O14561	11.5249
P07470	Q02372	8.37641
O59680	Q9P7E0	0.24096
O59680	P05501	57.3424
O59680	P78761	3.93815
O49937	P22798	0.818395
O49937	P23326	0.295941
P82193	P24613	0.286346
P82193	P82190	0.261434
A0A1S3XXQ5	A0A1S3Z2X4	114.042
A0A1S3XXQ5	A0A1S3WZ09	109.495
A0A1S4BSU3	A0A1S3Z2X4	82.4975
A0A1S4BSU3	A0A1S4D1U6	15.8322
P62888	Q13823	2.72767
P62888	Q99613	2.39835
P62888	P61927	143.864
G0SFB5	G0SCK6	1.84104
G0SFB5	G0SHX6	2.32412
G0SFN0	P0CX86	0.0248739
Q8JU54	Q8JU62	0.215177
Q8JU61	Q8JU58	0.207315
P60489	P80339	0.0269504
P60489	P19661	0.300821
O75643	P62314	2.97188
O75643	P08579	2.62508
O75643	Q9BTD8	0.441799
Q9Y421	Q6P2Q9	0.701277
Q9Y421	P62304	13.6573
Q9Y421	Q9H875	1.11481
P60129	P23321	0.0229074
P60129	P56782	0
P60129	P61839	0
Q42029	P56778	0.149985
Q42029	P56790	0.0490617
P0AG44	P43672	0.246252
P0AG44	P0A705	1.03628
P0AG44	P0A6M8	20.1951
P0AG67	P0ADZ4	0.624231
P0AG67	P0A7V8	0.257543
P82917	P82913	134.713
P82917	P82931	138.79
P82917	P82928	135.007
Q3SZ86	P82915	128.553
Q3SZ86	Q29RU1	62.1416
B0C1V7	B0C576	0.0783937
B0C1V7	B0C6Z7	0.0168254
B0C1V7	B0C5R5	0.236194
B0CFM2	B0C3E6	0.133839
B0CFM2	B0CDZ2	0.0969771
A0A286ZNB3	I3LU08	136.037
A0A286ZNB3	A0A0M3KL56	0.924431
A0A286ZNB3	A0A0M3KL54	143.9
A0A8D1XNL0	A0A4X1ULI6	110.713
A0A8D1XNL0	F1SG95	144.895
A0A8D1XNL0	A0A286ZJ25	162.97
R4ZGX1	R4ZGV2	0.0481765
R4ZGX1	R4ZGT1	0.157004
R4ZGX1	R4ZGX8	0.0777726
R4ZGZ0	R4ZGX8	0.0908733
A0A640KGL4	A0A640KJI7	25.923
A0A640KGL4	A0A640KG82	11.5953
A0A640KW57	A0A640KTY7	20.4473
Q8TRR0	Q8TRC2	1.34967
Q8TRR0	Q8TQL8	11.7012
Q8TT42	A0A832W9Q0	10.6253
Q8TT42	Q8TRT3	16.7542
P0CH08	P05738	4.13518
P0CH08	P51401	4.18901
P0CH08	P05740	12.0772
P38701	P05759	3.6051
P38701	O14467	1.80472
P38701	P04456	55.9635
D0VWR5	P0A387	0
D0VWR5	D0VWR4	0.0580645
P19052	Q8DKM3	0.325704
Q5SHP9	P80339	1.04818
Q5SHQ0	P0DOY9	0.254977
Q5SHQ0	P60490	0.833848
Q5SHQ0	P80380	0.421522
P53261	P05738	0.53899
P53261	Q02326	4.55242
P53261	P0CX82	45.5165
Q08962	P25582	12.1632
P35189	P08518	0.329938
P35189	P68431	1.97912
P35189	P41895	0.654054
P38902	P20436	24.5543
Q4DGZ5	Q4CXX2	50.5503
Q4DGZ5	Q4D5W3	0.639261
Q4E0Q3	Q4DTQ1	98.668
Q4E0Q3	Q4D0U7	61.8989
Q6A6P1	Q6A6Q7	0.134985
Q6A6T3	Q6A6Q7	1.39254
Q6A6T3	Q6A6M6	0.171624
Q6A6T3	Q6A7V3	0.584536
Q5JE35	Q5JDM6	0.279754
Q5JE35	Q5JJF7	2.18072
Q5JJG3	Q5JE50	27.8353
O60244	F1RKE4	1.84629
Q96HR3	Q15648	0.886688
Q96HR3	Q9H204	172.29
Q96HR3	A0A4X1TVZ5	0.687966
Q5JDI0	Q5JJH0	4.40392
Q5JDI0	Q5JIE1	12.379
Q5JH43	Q5JDH2	32.3597
Q5JH43	Q5JE51	8.48059
Q5JH43	Q5JIE1	27.3396
A0A0U5A6U3	A0A0U4VSH7	0.195835
A0A0U5A6U3	A0A0U5AGN0	0.65627
A0A0U5AP82	A0A660JJV9	0
Q4DM75	A0A2V2WGW5	17.7275
Q4DM75	Q4DSU0	2.10983
Q4DM75	Q4DZ41	1.19892
Q4DSJ1	Q4E3G1	0.417192
Q4DSJ1	Q4D7F2	0.347835
O43677	O95299	154.773
O95168	P03915	181.916
O95168	O15239	138.187
B0K022	O54715	0.680999
Q6P503	Q6PCU2	0.435155
Q6P503	Q5ZWW6	0.510834
Q9Y5K8	P21283	140.545
Q9Y5K8	O75348	68.8499
Q9Y5K8	P36543	0.426731
G0S775	G0S6J1	0.3867
G0S775	G0S0R3	2.82245
Q70DX8	A8HXM1	0.422994
Q70DX8	A8INR7	0.161548
Q70DX8	A0A218N8X3	0.431462
Q8HTL2	A8HWS8	0.080059
P0A6N4	P02359	0.30857
P0A6N4	P0A7R9	0.162749
P0A6N4	P0AG51	0.204742
P62399	P0A7V0	0.311829
P62399	P0A7M6	0.547486
P62399	P0A7P5	0.288438
A0A4X1UIV8	A0A8D0INK7	106.536
A0A4X1UIV8	A1XQS6	113.623
A0A4X1VD84	F1RWL7	143.643
A0A4X1VD84	F1SLR1	100.706
P25788	P28074	25.3875
P25788	P28072	204.706
P28062	P32379	43.6082
P28062	P28066	128.877
P28062	P40303	11.9559
Q9HWE1	Q9HWF2	0.0747199
Q9HWE1	Q9HWD4	0.0911259
Q9HWE9	Q9HWE4	0.0127622
Q9HWE9	Q9HWF2	0.0201112
Q9HWE9	Q9HWD0	0.0138211
A1B1M0	A1B480	7.129
A1B1M0	A1B1H8	6.83777
A1B1M0	A1B491	13.0345
A1B3D7	A1B5L6	0.169549
A1B3D7	A1AZB0	0.357706
Q80ZS3	P58064	3.974
Q99N87	Q99N84	142.617
A0T0N2	B8CC14	0.274191
A0T0N2	A0T0N4	0.309009
B8BUU4	A0A679BVT8	0.00768421
B8BUU4	A0ACD6B9Z3	0
Q7RTV0	Q8TAD8	3.34793
Q7RTV0	O94906	0.215544
Q9Y4Y9	O14776	5.52885
Q9Y4Y9	O75533	5.45465
P61927	Q9UKD2	3.09662
P61927	P62917	1.04649
P61927	P08865	3.22747
Q9BXY0	Q9H9Y2	204.503
Q9BXY0	P62910	4.0118
Q9BXY0	P36578	7.85989
A0A0U4VSU8	A0A660JMC7	0.681279
A0A0U4VSU8	A0A0U4MTC5	0.31841
A0A0U4VSU8	A0A0U5AD05	1.02029
A0A0U5AGN0	A0A0U4VSH7	0.857771
A0A0U5AGN0	A0A660JH71	0.569052
A0A0U5AGN0	A0A0U5AD05	0.2154
A0A7S0YK00	A0A8M0FGN7	0.35235
A0A7S0YK00	Q8LYV7	0.101958
Q8LYW1	A0A8M0FGN7	0.13423
Q8LYW1	E5Q323	4.29826
Q8LYW1	A0A7S0UW27	1.98175
P18420	P34067	133.709
P18420	Q9JHW0	140.828
P18420	P28075	136.467
P28073	P21670	127.667
P28073	P60901	154.439
A2F0H5	A2FHY5	34.244
A2F0H5	A2D895	34.3233
A2F0H5	A2FA40	12.0847
A0QSD2	A0R7F6	2.68113
A0QSD2	A0QSG5	0.223622
A0QSD2	A0R151	0.0949198
A0R3I9	A0R3D2	0.256467
A0R3I9	A0QSG0	0.132832
A0A8D1NRT6	A0A480JYS1	160.468
A0A8D1NRT6	F1S1A8	158.415
A0A8D1NRT6	A0A286ZNN4	267.198
A0A8W4F811	A0A480JRW3	2.51639
A0A8W4F811	A1XQS6	138.945
A0A8W4F811	K7GR43	133.159
F1ST79	F1SR64	106.487
F1ST79	A0A4X1V2H3	61.3726
F1ST79	K7GKS8	104.083
Q767K8	A0A287ANU4	165.996
Q767K8	F1S8A5	138.123
Q767K8	A0A287AVS9	64.4245
C3SQY7	P0A7S3	0.114055
C3SQY7	A0A0F1AUC4	0.114055
C3TPN2	C3SR12	0.214299
C3TPN2	A0A0E2L2J1	0.948922
A0A9D4VSA9	D5MAJ9	0
A0A9D4VSA9	A0A2D0TCJ2	0
A0A9D4VSA9	P13554	0.11823
Q8VYY1	P13555	0.106686
Q8VYY1	D5MAL6	0.108451
Q8VYY1	Q9XQR3	0.0931825
P0A7J3	P60624	0.0722028
P0A7J3	P0A7K6	0.136074
P0A7J3	P0A7Q6	0.233014
P0AA10	P60723	0.634118
P0AA10	P0A7R1	0.425655
P0AA10	P62399	0.593005
A0A077V0P8	A0A1Q4GY48	0.0554348
A0A077V0P8	A0A077UU26	0
W8U8T8	A0A077VLD5	0.00618251
W8U8T8	W8TUC9	0.019989
W8U8T8	A0A2X2M020	0.0736677
Q9W125	Q9W402	0.00831169
Q9W125	Q7JYH3	1.57583
Q9W125	Q7K1C0	3.08119
A7NBX3	A7N9T3	0.258896
A7NBX3	A0A0B3VDL9	0.258896
A7NDG1	Q14I18	0.0261905
A7NDG1	A0A0B3VDL9	0.823427
A7NDG1	A7N9T3	0.823427
A0T0M9	B8C2K6	0.00845426
G1SLW8	G1SLC2	186.468
G1SUC8	G1SED9	5.44389
G1SUC8	A0A5F9C991	2.46462
G1SUC8	G1SMZ5	2.55198
Q80ZK0	Q61733	123.561
Q80ZK0	Q8BJZ4	150.745
Q80ZK0	Q9D7N3	140.069
Q99N87	Q6P3B9	3.27022
P0CJ48	Q39195	0.0403622
P0CJ48	Q9XF89	0.0384698
P83755	P04778	0.028944
P83755	Q9XF89	0.0518818
P83755	Q07473	0.0171339
A0A1S4CCH0	P41098	1.08443
A0A1S4CCH0	A0A1S4DN51	90.6883
A0A1S4CCH0	A0A1S3Y3V5	83.2847
A0A1S4DPM5	P41098	46.4219
A0A1S4DPM5	A0A1S3YR32	74.1606
A0A1S4DPM5	A0A1S3X0M5	71.3414
A0A218NZU7	A0A218P3Q8	7.45539
A0A218P0A5	A0A218P167	6.35071
G0RXW1	G0S5R0	1.56203
G0RXW1	G0SHQ0	3.31167
G0RXW1	G0S732	2.0152
Q9Y221	P30050	0.231414
Q9Y221	Q8TDD1	12.4398
Q9Y221	O95478	8.15073
Q9Y3U8	P46778	167.652
Q9Y3U8	Q9UKD2	15.6481
Q9Y3U8	Q02543	170.139
A0A836A4Q3	O78756	2.80426
A0A836A4Q3	O78748	77.0288
A0A836A4Q3	O78747	85.4104
A0A125YKH1	B9Q056	26.2636
A0A125YKH1	B9PTA0	18.5052
A0A125YKH1	B9PHL8	33.4131
B6KGK3	B9PHL8	93.4018
B6KGK3	A0A125YVX8	1.61069
P23326	P12629	0.843145
P82231	P09596	0.0633406
P82231	P82190	1.18737
P39478	O05636	16.16
P39478	Q4J9B1	6.39764
P39744	P87262	1.41266
Q02753	Q04311	1.29895
Q02753	Q03532	6.60843
P55769	Q9UK45	128.456
P55769	P62308	234.604
P55769	P62314	189.584
P62304	P62308	306.285
P62304	O43660	208.715
D0G6S1	A0A5G2QD80	3.27407
D0G6S1	F1SEC0	165.161
D0G6S1	A0A4X1TB62	179.957
A1B483	A1B479	0.407851
A1B483	A1B481	0.476386
A1B483	A1B487	0.744374
Q9MDK5	Q9V3L7	1.54236
Q9MDK5	Q9VJZ4	0.374268
Q9MDK5	Q7JYH3	1.62196
P15938	P21374	3.45977
P15938	P38241	6.01364
P15938	Q12309	1.90575
P33411	P24384	0.522093
P33411	P38241	0.229554
A0A0M4T1M3	A0A0M5MJS2	0.345306
P39573	Q97ZH4	20.6694
P39573	Q9UX98	19.3087
P39573	Q980A8	42.0152
Q97ZY6	D0KTI0	0.31412
Q97ZY6	P35027	0.381046
P19735	P43321	3.89535
P19735	P40204	3.05062
P19735	Q06819	1.83815
Q06835	P49955	0.554626
Q06835	P20095	31.6702
Q72I05	Q72I22	0.237073
Q72L77	Q72I23	0.0766154
A0A2K3DKB4	A0A2K3CQY8	0.385348
A0A2K3DKB4	A0A2K3DGK2	0.683945
P19447	Q92759	201.054
P19447	P32780	4.6969
P19447	P24928	1.61842
P51946	P50613	287.906
P51946	P51948	39.8885
P51946	P24941	120.241
K7GR43	A0A8D1NRT6	115.546
K7GR43	A0A286ZNN4	0.55368
P10664	P0CX39	80.7037
P10664	P38061	84.3383
P10664	P02407	70.3704
P47019	P05743	2.12351
P47019	P17076	3.44491
P22141	P28063	66.3654
P22141	P28062	66.3123
P22141	P21243	47.3329
P38886	P23638	28.5504
P38886	P23724	38.9405
P40429	O76021	8.52688
P40429	Q9BVP2	12.9061
Q9BZE4	P26373	3.5855
Q9BZE4	P84098	5.34754
P56752	A0A1B1W4Z4	1.2072
P95992	Q97ZQ5	10.6755
P95992	P39573	9.66175
P95992	Q980K7	0.691028
Q9UX87	Q9UX92	0.777563
Q9UX87	P95987	7.80111
Q9UX87	Q9UX94	1.83473
Q71SY5	Q9P086	0.464204
Q71SY5	Q96RN5	204.173
Q9BUE0	Q9Y2X0	0.369359
Q9BUE0	A0JLT2	110.746
Q9BUE0	Q15528	174.288
A0A7D4XMT1	A0A7S3IA89	0.00695352
A0A7D4XMT1	Q2IA67	0.0159517
A0A7D4XMT1	A0A7S3X675	0.0443322
Q2IA66	A0A7S3TVW9	0.0706918
Q2IA66	A0A7S3X675	0.115068
A0A287BDC0	A0A8W4F7N8	125.17
A0A287BDC0	A0A4X1VLA2	125.17
A0A287BDC0	Q2EN79	0.0490124
F1SV23	O79880	0.998769
G0SHK0	G0S0E5	1.31175
P59775	A0A218N8X3	0.17432
P59775	A8I8A3	0.227474
P59775	A8JGS2	0.048362
Q08365	Q9GGE2	0.519143
Q08365	A8I8A3	0.425764
Q08365	A8I8A6	0.368996
O74175	Q92366	45.4589
O74175	P79071	35.9374
O74175	O74978	2.5597
A2DTR8	A2FC75	41.615
A2DTR8	A2DLW4	44.1454
A2DYA8	A2DHU8	0.59717
A2DYA8	A2FC75	47.9692
A2DYA8	A2FFS8	0.0149813
Q3TBW2	Q9CQ06	143.758
Q3TBW2	Q9CQL5	139.735
Q9CQ40	Q8K2Y7	4.01936
Q9CQ40	Q9CQF8	137.025
Q5JDH4	Q5JGT6	19.2251
P56182	Q02878	12.6031
P56182	P36578	9.40674
Q9H9Y2	P18621	9.43005
Q9H9Y2	P61254	3.15534
B7IA37	B7IBC3	0.0550739
A8B7H8	V6TF11	88.3818
A8B7H8	V6TJ98	10.8798
A8B7H8	A8B8Z6	0.838856
A8BMP6	A0A644EZB9	15.9089
A0A1B4XKR5	A0A1B4XKT0	0
A0A1B4XKR5	A0A1B4XSA2	0
A0A1B4XRV7	A0A1B4XKR8	0.0130836
A0A1B4XRV7	A0A1B4XKW0	0.0479257
A1B4F4	A1B480	0.154018
A1B4F4	A1B481	0.156046
F2Z6F1	Q6C7L6	2.12587
F2Z6F1	F2Z673	1.66299
Q9B6E8	B5FVD3	0.115617
Q9B6E8	F2Z673	1.06529
Q9B6E8	B5RSL7	4.25797
Q9LHI0	Q9SK66	0.728706
Q9LHI0	Q42599	0.384373
Q5SHQ0	Q72JR0	0.15431
Q5SHQ0	Q5SJE1	0.15431
Q5SHQ0	P0DOY6	0.111421
Q5SJ76	Q5SIH3	0.0599251
Q5SJ76	P24321	1.69952
Q5SJ76	P80372	0.264115
Q09385	G5EC45	1.16368
Q09385	Q19211	9.93967
Q23463	Q20716	0.411362
Q23463	O45766	0.564057
Q9VXK7	O97418	33.9645
Q9VXK7	Q9V4E0	1.13829
P05388	P32969	171.078
P05388	P05386	6.68889
P62899	P62424	182.416
P62899	Q9UKD2	166.015
E1UWD0	E1UWE5	0.030155
E1UWD0	E1UWB3	0.0672673
E1UWE1	E1UWC3	0.198757
E1UWE1	E1UWC6	0.105619
E1UWE1	E1UWD8	0.239746
A0A0M4U4I0	A0A0M4TUE5	0.0961086
A0A0M4U4I0	A0A0M4T6V1	0.447418
A0A0M4U4I0	A0A0M4SWV1	0.290196
P62304	P62318	248.259
Q96BP3	Q9NW82	2.00165
Q96BP3	O95391	1.94817
P03924	Q02366	105.597
P03924	Q95KV7	102.382
Q02376	P42029	128.221
Q02376	P34942	125.857
R4ZGS4	R4ZGU2	0
R4ZGS4	P50155	0.0111741
R4ZGX8	R4ZGY5	0.334874
R4ZGX8	A2CHR7	0
A0A640K9U9	A0A640KG82	17.6827
A0A640K9U9	A0A640KSC5	2.37481
Q37165	P56753	13.121
P05733	P79071	39.9918
P36585	P25457	80.2582
P36585	O74175	7.71024
Q99N85	Q9H0U6	171.317
Q9D7N6	Q8JZS9	144.672
Q9D7N6	Q9D1B9	158.102
O94874	O94822	0.428446
O94874	Q9Y3U8	2.54933
P62917	Q13823	193.678
P62917	Q9BZE4	187.249
P62917	P13639	7.43399
B5RSL7	Q6C4A6	0.0632272
B5RSL7	B5FVD3	0.0285419
Q9B6D6	Q6C926	0.632027
Q9B6D6	Q6C4A6	0.0939562
Q9B6D6	Q9B6D4	2.33123
Q7RYW7	Q1K6Q3	0.200672
Q7RYW7	Q9HE52	0.207135
Q7RYW7	Q7S5N0	0.350344
Q7S4E0	V5IRA3	0.955215
Q7S4E0	Q7S9I4	0.234134
D3ZIM6	Q5ZWW6	0.341436
Q38AG1	Q583U4	0.256983
Q38AG1	Q38CI8	0.529293
Q38AG1	Q57VT0	0.53599
Q38C84	A0A161CM65	9.92717
Q38C84	P24499	0.0132855
G1SQV5	G1TFE8	1.34612
G1TDB3	U3KMN4	140.716
G1TDB3	G1TFM5	153.366
G1TDB3	G1SGX4	4.24044
A2DLW4	A2D895	59.0112
P52864	P41204	0.572623
P75161	P41204	0.801415
P75161	P75458	1.13848
P22798	P24613	0.259903
P22798	P23326	0.137669
P22798	P82245	0.0435574
P28805	P82191	0.11386
P28805	P23326	0.0209644
P62193	P48004	18.9818
P62193	Q63347	87.0395
P62193	P60901	117.501
Q4FZT9	Q63570	1.80281
Q4FZT9	Q63569	0.888757
Q4FZT9	G3V6W6	1.36955
A0A480KM09	F1SGC6	94.1392
A0A480KM09	F1RWL7	98.3626
A0A4X1SNY5	F1SQP4	96.5891
A0A4X1SNY5	F1SGC6	94.1603
A0A4X1SNY5	A0A8D0K6B5	69.0021
P07012	P0A7U3	0.0458011
P07012	P61175	4.22608
P07012	P0A7S9	0.260669
P0A7M9	P0A7U3	0.0218944
P0A7M9	C3SQW2	0.0218944
P0A7M9	A7ZSK5	0.0218944
I7M6D6	Q23YW7	0.914753
I7M6D6	Q22KK0	0.946545
P62891	P61254	115.512
P62891	P23396	117.522
P62891	P18621	123.035
P62906	O00541	12.8614
P62906	Q02878	193.251
P62906	P46087	2.88049
Q6CM04	P20459	78.6285
Q6CM04	Q6CNI7	52.578
Q6CM04	Q6CW78	3.82874
Q6CRK7	Q6CRA3	1.93926
Q6CRK7	Q6CWD0	86.6299
O51454	O51347	3.00985
O51454	O51405	0.0513085
O51560	O51347	0.463743
O51560	P94273	0.403403
A0A6P3E749	A0A6P3EI17	150.076
A0A8N7XJG2	O78753	108.202
P87262	P04449	52.4558
P87262	P05756	65.932
P87262	P26784	51.9233
Q07915	P0C2H6	73.965
Q07915	P36105	49.958
Q07915	Q02326	42.3763
A0A0M3V8J0	A0A0M4U618	0.0316764
A0A0M3V8J0	A0A0M4TE52	0.0629547
A0A0M3V8P8	A0A0M4T6M9	0.297107
A0A0M3V8P8	A0A0M4SX87	0.18205
B8C2Y4	B8C0K4	0.0360502
B8C2Y4	B8LE61	0.0798119
B8C2Y4	B8CEQ3	0.0450371
Q9VWI0	Q9VXK7	54.4512
Q9VWI0	Q9VZ01	0.863438
B8C2Y4	B8C0K3	0.170667
A6NJ78	P46199	0.768244
Q9Y2Q9	P82650	180.896
Q9Y2Q9	Q92665	178.478
A0A1B1W4Z0	Q37165	2.96939
A0A1B1W4Z0	P56753	4.1605
P07257	P00127	0.225969
P32799	P10174	0.599871
G0S6F0	G0SBL9	6.52226
G0S6F0	G0SHQ3	18.4273
G0S6F0	G0S0H7	2.10109
G0S8A6	G0SDM8	0.631888
G0S8A6	G0S754	0.577234
G0S8A6	G0S9U7	1.42427
O78748	A0A8V6WEB9	7.68328
O78748	Q02377	102.004
F1S1A8	A0A287AAR5	143.507
F1S1A8	P56632	5.33584
F1S1A8	K7GR43	131.874
I3LDC3	F1SCH1	98.8316
I3LDC3	A0A480KM09	73.0913
I3LDC3	Q2EN80	107.236
P46779	Q02878	152.897
P46779	Q07020	137.154
P84098	P46776	153.288
P84098	Q9Y6X1	0.0117502
Q9NVX2	P18621	7.84496
A0A640KBV2	A0A640KGL4	10.1175
A0A640KSC5	A0A640KJI7	4.0834
A0A640KSC5	A0A640L0A1	13.4503
A0A4X1SN08	Q6QAT0	98.8964
A0A4X1SN08	A0A286ZL65	9.07032
A0A4X1SN08	A0A287B386	97.2777
A0A4X1V977	K7GP63	115.512
P07280	Q08972	1.34452
P07280	P32497	2.32886
P07280	P05744	43.8951
P38249	P05750	2.99062
P38249	Q6CS01	1.01584
O31418	P70974	0.521582
O31418	P42920	0.257035
O31742	P42921	3.48469
A0A644EZB9	A8BMF7	9.13399
A0A644EZB9	A8BFT3	9.79927
E2RU47	A8B5N7	54.7559
E2RU47	A8B2Q4	54.5904
E2RXT9	A0A072ZPV8	0.0869293
P40078	P0C0W9	101.28
P40078	P04456	2.04158
P40078	P26784	2.64645
Q12019	P26784	1.17914
G0SBN1	G0RXZ3	5.6475
G0SBN1	G0SGT6	58.9805
Q9HVL6	Q9HWE6	0.647125
Q9HWD6	Q9I0A2	0.674407
Q9HWD6	Q9HUN2	1.54145
Q72HR2	Q72I23	0.0953135
Q72I07	Q72I20	0.21875
Q72I07	P62655	0.151886
Q72I07	P62665	0.0848542
D0CA76	D0CG35	0.639839
D0CG06	D0CD07	0.0580381
D0CG06	D0CCZ8	3.35298
E1UWA8	E1UWB9	0.122158
E1UWA8	E1UWB4	0.544068
E1UWE4	E1UWC9	0.315874
E1UWE4	C4R4T8	0.160256
E1UWE4	E1UWE6	0.0547223
P46199	F1RI89	175.772
P82933	Q96EY7	204.731
P82933	Q9Y2R5	177.499
P82933	P82664	203.04
Q99KD6	Q9D855	144.053
Q99KD6	P17665	147.949
Q99KD6	P00397	154.856
Q9CQB4	Q9DB77	3.88201
Q9CQB4	Q9CR68	120.726
Q9CQB4	Q9CQ69	96.477
P82912	Q9Y3D9	170.532
P82912	Q9Y3D3	169.69
Q9Y676	Q9BYN8	198.379
Q9Y676	P82921	177.289
P20278	P42921	0.317274
P42920	P19946	0.0775382
P42920	P12875	0.00568672
P49166	P32905	3.14268
P49166	P0C2H8	86.4608
P49166	P62892	88.1426
Q12522	P05747	0.0996195
Q12522	P0C2H8	1.76637
Q12522	Q07915	100.067
Q7MTL5	Q7MXW3	0.0953395
Q7MTL5	Q7MTM9	0.0535359
Q7MTL5	Q7MTM1	0.105831
Q7MX95	Q7MTM4	0.588769
Q7MX95	Q7MX94	0.71126
Q7MX95	Q7MTL8	0.651812
G0S1V3	G0RYD8	60.8955
G0S1V3	G0S4I7	3.60941
G0S1V3	G0S754	78.0157
G0S8J0	G0SI53	171.949
G0S8J0	G0SDJ6	0.586757
G0S8J0	G0RZD9	4.30198
A0A218LNN1	Q7GT16	1.35154
A0A218LNN1	F2CTW7	0.183025
A0A218LNN1	A0A7T7JN26	1.41748
A0A0J9X219	A0A0J9X216	43.6946
A0A0J9X219	Q875Q2	52.4911
A0A0J9X219	A0A0J9X218	38.5735
A0A0J9X231	A0A0J9X227	5.26538
A0A0J9X231	A0A0J9X229	0.467009
A0A836ABR5	O78748	5.71388
A0A836ABR5	A0A6P3EKX5	4.02462
A0A836ABR5	O78755	119.445
Q8PUD4	O59640	0.0498162
Q8PUD4	P80653	0.156588
Q8PUD4	O59638	0.107403
P60228	P62854	3.79052
P62847	P63220	130.645
P62847	P63173	122.702
A0A3B5ZQE8	A0A1D5RRD3	74.1261
A0A3B6DD91	A0A1D5RRD3	0.858523
A0A3B6DD91	A0A3B6HUM3	90.7292
A0A3B6DD91	A0A9R1HBE9	62.4574
Q4CQW2	Q4DNZ7	53.8933
Q6PGF3	Q920D3	0.346225
Q6PGF3	Q924H2	0.420467
Q6PGF3	Q80YQ2	0.226332
Q9R0X0	Q8VCB2	129.868
Q9R0X0	Q921D4	177.741
A0A6P3E7B5	O78753	80.9829
A0A6P3E7B5	A0A9J4RF63	141.187
A0A6P3E7B5	A0A8V6WEB9	141.012
P0CI78	P19946	0.887951
P0CI78	P14577	0.432376
P0CI78	O34687	1.30476
P21469	P42924	0.547908
P21469	P21466	0.264167
A8BBP3	A8B8H7	4.31489
A8BBP3	A8BZ58	14.6831
A8BBP3	A8BKS8	19.5607
A8BMZ1	E2RU83	2.46022
A8BMZ1	A8BE86	42.3437
A8BMZ1	V6TVJ7	26.9155
O51206	O51450	0.190645
P12354	P10098	0
P12357	Q9S831	0.189356
P12357	P05311	0.0345902
P32570	P38782	0.351674
P32773	P27999	15.726
P32773	P32774	9.93253
P32773	P40422	2.54316
A0A1S3XU79	A0A1S3Z2X4	65.4448
A0A1S3XU79	A0A1S4BFD5	58.3178
G1SGX4	G1U971	6.39793
G1SGX4	G1TIB4	142.234
G1SGX4	G1TFE8	142.985
G1TRL5	G1TLT8	4.39915
G1TRL5	G1T3D8	1.55559
A0A4X1T6M0	K7GSE5	122.099
A0A4X1TFI3	G8IFA6	3.38971
P60228	P05198	5.53176
P61247	Q9ULX3	4.48757
P61247	P63220	149.42
P61247	P62945	0
A0A8D1L782	A0A8D1WGE8	43.9815
A0A8D1L782	Q29307	0.114992
A0A8D1L782	A0A8D0YCC0	42.3514
A0A8D1YQG6	Q29307	0.119398
A0A8D1YQG6	P13618	130.198
A0A8D1YQG6	A0A8D1WGE8	42.6775
O96000	O75438	0.11648
O96000	Q86Y39	127.803
P51970	P03886	186.189
P51970	H9PGF0	177.643
P62663	P62655	0.193166
P62663	Q72GV5	0.386323
P62663	Q72I14	0.0766856
Q72I09	Q72I07	3.77504
Q72I09	P62652	1.05796
Q72I09	P80339	1.04926
A0A6P3DZ89	A0A8N7XJ91	113.921
A0A6P3DZ89	A0A452EI29	163.511
A0A6P3DZ89	A0A836CQA7	150.028
A0A6P7DQB1	O78756	117.301
A0A6P7DQB1	A0A8N7XJB4	127.09
Q72GS2	P62663	0.437322
Q72I07	Q72I11	3.50326
Q9UL03	A0A4X1VKG7	1.44011
Q9UL03	Q9NV88	0.404206
Q9HUN2	Q9I0A2	0.826729
Q9HUN2	Q9HWE6	1.3279
Q9HUN2	O52761	0.573224
Q9HXQ2	Q9HVL7	1.39767
Q9HXQ2	O52761	1.84383
P43588	Q08723	88.4572
P43588	P33299	35.6151
P43588	Q01939	38.2576
P43593	P0CG47	14.1792
P43593	P40327	35.8293
P43593	P38764	0.590886
A0A6J4B7P8	A0A6J4B499	0.0952469
A0A6J4B7P8	A0A6J4B2D5	0.0870135
Q4DA48	Q4DTQ1	35.9449
Q4DY32	Q4DJY1	0.886181
Q4DY32	Q4DSU0	4.49047
O75643	P83876	1.70858
O75643	Q92620	1.50394
O75643	P55081	1.46901
E1UWB4	E1UWC9	0.0595813
E1UWB4	C4R4T8	0.144528
E1UWB4	E1UWA6	0.124586
E1UWD2	E1UWD5	0.810959
E1UWD2	E1UWC8	0.216447
E1UWD2	E1UWD3	1.77337
P23709	Q02380	2.13136
P23709	P00430	0.288579
P25708	P17694	2.16404
P25708	P23934	0.345992
P25708	P03887	155.718
P12875	P19946	0.00392993
P00416	Q9D855	122.322
P00416	P17665	126.217
P00416	P00397	175.334
Q9CQB4	P99028	162.208
Q9NVU7	Q9UNZ5	0.43277
Q9NVU7	Q9NVX2	1.22791
F2Z554	A1XQU5	1.45598
F2Z554	Q4GWZ2	0.232307
P49666	F1RGC0	8.25064
P49666	A1XQU5	164.05
Q99459	O60508	3.64693
Q99459	Q2TBE0	0.584992
Q99459	O75533	0.786101
Q9UBB9	Q9Y5B6	0.561127
Q9UBB9	Q15029	0.342927
Q9UBB9	Q6P2Q9	0.371547
P61937	P60232	0.142008
P61937	D9PU54	0.258388
P61937	D9PU52	0.0444512
Q50756	P60232	0.171479
Q50756	D9PY03	0.185185
Q50756	P60227	0.194902
E1UWE3	E1UWB8	5.28633
E1UWE3	E1UWC8	1.64734
E1UWE3	E1UWD8	10.1471
E1UWE5	E1UWC5	0.185644
E1UWE5	E1UWA6	1.68822
P18077	Q8NC51	1.78668
P18077	P36578	174.847
Q15050	Q9H7B2	222.83
R4ZGS4	A9NLC2	0
R4ZGS4	R4ZGT1	0
R4ZGT7	R4ZGX6	0.0419118
R4ZGT7	A9NJW3	0.231733
P04908	P13010	2.14751
P04908	C4QYQ8	3.18969
Q08945	Q93077	152.238
Q08945	P62807	4.63136
Q08945	P68431	75.6485
A0A3B6HUM3	A0A3B5Z5M6	79.5939
A0A3B6HUM3	A0A1D5RRD3	72.5175
A0A3B6QGW3	A0A3B6DGT8	1.37851
A0A3B6QGW3	Q5I7L1	47.7234
A0A3B6QGW3	A0A0C4BK99	32.3818
A0MZE1	A0MZE6	0.29311
A0MZE1	A0MZE8	0.314956
A0MZE1	A0MZE9	0.249944
A0A4X1VD84	A0A287BJ57	0.0184949
A0A4X1VD84	K7GR43	109.802
A0A8D0QM68	A0A8D1EYI7	145.163
A0A8D0QM68	A0A4X1SN37	1.36774
A0A8D0QM68	O79880	110.766
Q95748	Q8RWA7	53.7309
Q95748	O22769	48.0203
Q95748	Q9M9M6	8.22455
Q9C9Z5	Q42577	0.288779
Q9C9Z5	Q9ZPY5	0.052071
Q9C9Z5	Q9M9M6	0.241538
P0A7K8	P60438	2.28454
P0A7K8	C3SQU2	2.28454
P0A7K8	P0A7W1	0.101015
P0AA12	C3SSG2	1.8234
P0AA12	P0AG48	1.8234
P0AA12	A0A0E2L017	5.36064
A0A125YVX8	B9PHL8	1.42259
B9PX63	S7V273	4.07699
B9PX63	B9PTA0	36.1799
P79015	O13672	84.8714
Q9Y7Z1	P78946	0.95728
Q9Y7Z1	O94238	1.99375
Q9Y7Z1	O13802	0.665029
A0A0G9LZH2	A0A0H0Y9C1	0.423003
A0A0G9LZH2	A0A2L2K9J6	0.407767
A0A0G9LZH2	A0A0G9M4M9	0.420397
A0A1W6TTE6	A0A0H0YB44	0.379408
A0A1W6TTE6	A0A0H0YFV7	0.33234
E9BAR6	E9BAV6	0.127456
E9BAR6	A0A3Q8ID11	11.2027
E9BAR6	A0A3S5H5Z2	0.592835
Q9MDK5	C7DZL4	12.9608
Q9VXZ0	P18932	18.6412
G0SFC3	G0SGD8	1.37333
A0A2K3DMA3	A8JGI0	144.273
A0A2K3DMA3	A0A2K3CNP4	10.1491
A1B486	A1B480	15.1636
A1B486	A1B497	85.7527
A1B486	A1B1H8	14.4044
P0DOY8	Q5SLP7	0.215623
P0DOY8	Q5SLP6	0.530574
P0DOY8	Q5SLP8	0.275193
P0A7Z4	P07879	0.178554
P0ADZ0	P0A910	0.187486
P0ADZ0	P0A7Q1	0.265538
P0ADZ0	P0A7N9	0.555636
Q5SHP0	Q5SHQ4	0.077474
Q5SHP0	Q5SHP6	0.388744
Q5SHP0	P80373	0.0404207
Q5SHP9	Q5SHP6	0.785101
P33298	Q08723	44.6845
P33298	P33299	72.9571
P33298	Q01939	120.475
P43593	P33299	46.139
A0A1S3XE16	A0A1S3Z2D7	91.0201
A0A1S3XE16	A0A1S3YR12	0.386744
A0A1S4DF55	A0A1S4C068	80.1673
A0A1S4DF55	A0A1S4DN49	91.9048
P9WH37	P9WH57	0.036616
P9WH37	P9WH67	0.045241
P9WH37	P9WH33	0.122445
P9WH45	P9WH57	0.0246783
P9WH45	P9WHD3	0.061589
A0A9R0JIF6	A0A9R0J335	0.0154317
Q9M3I7	Q9M3I8	0.0854612
Q9M3I7	A0A9R0K504	0.110294
Q9M3I7	A0A9R0JNY9	0.118061
O80800	O48528	0.25891
Q9C9Z5	Q04614	0.0572308
Q9C9Z5	P92533	0.0371041
A0A8D1KNW4	Q6PD62	1.0629
F1RKE4	A0A4X1VEK9	260.317
F1RKE4	I3LCB2	256.855
F1RKE4	A0A4X1VM56	143.332
A8B8Z2	A8BKC6	18.1804
A8B8Z2	A8BMZ1	20.8838
A8B8Z2	A8BRX3	9.78279
A8BBP3	A0A644FA19	0.302502
A0A6P3CWF8	G1U0Q2	8.62721
A0A6P3CWF8	G1SZ47	15.8442
A0A6P3CWF8	G1T1F0	175.348
G1TNM3	B7NZS8	180.732
G1TNM3	A0A5F9D8I1	90.3764
G1TNM3	G1TPG3	169.487
G5E814	Q9CPP6	85.8296
G5E814	P03899	60.4918
G5E814	Q9CQH3	92.7561
Q91YT0	Q9DCT2	178.253
Q91YT0	Q9CQZ5	156.981
Q91YT0	Q8BK30	88.9266
P82249	P82163	0.214132
P82249	P17353	0.15037
P82249	P06507	0.0623077
P82278	P82162	0.137968
P82278	P19954	0.125573
A0A1D5SLI4	A0A3B6KRQ3	3.90031
A0A1D5SLI4	W5C8N6	106.916
A0A1D5SLI4	A0A3B6QHW3	4.24589
A0A3B6LVN2	W5E2W7	58.312
A0A3B6LVN2	A0A077RZD1	2.03392
A0A1S3Z2D7	A0A1S4CP52	83.8161
A0A1S3Z2D7	A0A1S3X0M5	160.784
A0A1S4DN49	A0A1S4C068	79.5218
A0A1S4DN49	A0A1S4B0G2	53.4835
P07825	P25286	0.444384
Q5FVI6	P63081	269.565
P08708	P42677	291.205
P08708	P63244	172.77
Q99613	P62244	3.79424
Q99613	P41091	2.27343
P60489	P60491	0.97115
P60489	Q8RR57	0.121799
P60489	P60492	0.0522435
Q5SHQ4	Q5SLP6	0.234694
Q5SHQ4	Q9Z9H5	0.250832
Q5SHQ4	Q5SHQ7	0.199286
P03910	Q02380	134.052
P03910	Q02827	119.875
P03910	P42029	138.536
Q02375	P03892	7.50972
Q02375	P03887	138.988
Q02375	Q02370	143.32
A0A2K1JDE1	A0A2K1KU02	0.0755997
A0A2K1JKF2	Q8MFA3	0.00625499
P26908	P70974	0.760649
P26908	O31742	0.432651
P55874	P70974	0.0708464
P55874	P12874	0.0893417
P55874	P12875	0.0719076
O42699	P0CT74	61.4945
O42699	P0CT73	61.4945
O42699	Q9URT8	1.99739
P05767	O42991	63.2065
A0A1S3TU57	E9KZL0	0.0887574
A0A1S3TU57	A0A1S3U2B9	0.101268
A0A1S3TU57	A0A1S3U8J5	0.032286
A0A1S3UPL8	E9KZL8	0.127248
A0A1S3UPL8	A0A1S3TQD2	0.0120027
A0A1S3UPL8	A0A1S3TLY8	0.242361
A0A2K3DKX8	A0A2K3DXQ3	0.34637
A0A2K3DKX8	A0A2K3D424	0.201788
A0A2K3DKX8	A0A2K3DVD3	0.244164
A8IS96	A0A2K3DVD3	0.226555
A8IS96	A0A2K3CXJ4	0.263258
A8IS96	A0A2K3DSP9	0.13254
P24928	P61218	1.21974
P24928	A0A4X1VEK9	1.21939
P24928	P67775	5.23558
Q13888	Q7Z7C8	188.434
Q9HWE8	Q9HVY3	0.103275
Q9HWE8	Q9HWE1	0.462741
Q9HWE8	Q9HWD9	0.00794255
Q62277	P50518	0.447678
Q9WTT4	Q9CYN9	79.368
Q9WTT4	P63082	134.202
Q9WTT4	P50518	62.6494
Q4DDK1	Q4DGZ5	0.876361
Q4DDK1	Q4E3G1	0.287345
Q4DDK1	Q4CXX2	1.49363
Q4DSU0	Q4CUC7	19.7847
Q4DSU0	Q4E088	25.6795
Q4DSU0	G0U1J3	0.07
P0A7W7	P68679	0.133694
P0A7W7	P0A7R1	0.239133
P25519	P02413	0.358454
P25519	P62399	0.496158
P46199	P82912	187.588
P46199	A0A4X1V2H3	0.804974
P46199	O15235	181.942
Q9Y3D9	Q9Y2R5	326.672
Q9Y3D9	Q9Y2Q9	172.222
Q8N1G4	P62280	1.70623
Q8N1G4	P62263	1.87705
Q8N1G4	P62266	1.47633
Q8N9N8	Q9BRS2	1.43428
Q8N9N8	P08708	1.17517
Q8N9N8	P62249	11.2127
P52657	Q16594	1.40621
P52657	O75971	1.6158
Q9H944	Q9NWA0	170.992
Q9H944	Q9NPJ6	179.926
P12686	P38783	0.217472
P12686	P25626	0.225603
Q02608	Q02950	0.157866
Q02608	P53292	0.597245
P12301	Q9M3M6	0.00973304
P12301	P04160	0.130897
P12301	A0A9R0IJF3	0.0741818
P69560	P12302	0.0934314
P69560	P61840	0.0504764
A0AAN1CVI2	A0AAN1CUK2	0
A0AAN1CWW0	A0AAN1CUK2	0
A0AAN1CWW0	P19660	0.472465
A0AAN1CWW0	A0AAN0XZZ8	1.33347
O14339	Q9Y7Z1	2.92974
O14339	O74175	7.48337
O14339	O74978	1.98679
P05734	O74175	65.5284
P05734	Q10353	44.1847
P05734	Q9UUC1	87.5184
A0A3S5H5Z2	E9BAV6	2.35814
A0A3S5H5Z2	A0A3Q8IKW0	38.8681
Q9TXA6	A0A3Q8I8K3	1.39909
Q9TXA6	E9BFB6	61.022
Q9TXA6	A0A3Q8ID68	52.7556
G0RZ99	G0S3V7	44.9388
G0RZ99	G0SF93	3.28348
G0SGM0	G0RYF6	104.911
G0SGM0	G0SBN9	13.2984
P43023	Q9D0M3	226.397
P43023	P56391	199.579
P48772	P99028	0
P48772	Q9CPX8	0
P48772	Q8R1I1	0
P56537	P18124	187.934
P56537	P46778	2.85054
Q9UKD2	P61513	2.48167
Q9UKD2	P42766	8.66065
P06103	Q6CIM1	1.73061
P06103	Q6CW21	0.949239
P06103	P0CX47	1.44125
P38701	P35997	0.787946
P38701	P87262	35.5677
P38701	P0C2H8	58.9007
P11019	P21282	135.357
P11019	Q0VCV6	69.5149
P61420	P40682	158.085
P0A7T3	P0A7T7	4.00927
P0A7T3	P0A7J7	0.0121951
P0A7T3	P0A7V8	0.273621
P36675	P0A7M6	0.50948
P36675	P07012	0.470053
Q9RSS4	Q9RSW6	0
Q9RSS4	P49228	0
Q9RSS4	P80371	1.45071
Q9RXJ4	Q9RSL2	0.153836
Q9RXJ4	Q9RSW6	0.370647
Q9RXJ4	Q9RXK0	0.294266
P47964	P12970	190.326
P47964	Q9CZM2	10.4736
P47964	P14115	168.589
Q5M9P1	P14115	170.537
Q5M9P1	Q9CZM2	165.505
Q5M9P1	Q9CXW4	316.207
A0A069QEE3	A0A2V3D5Z8	0.0435499
A0A069QEE3	A0A069QB25	0
A0A069QEE3	A0A071L356	1.34686
A0A087L9L7	E2RXT1	0.603076
A0A087L9L7	E2RXU1	0
A0A087L9L7	A0A241XH26	2.47045
A0A1Q2TSK9	A0A1Q2TSM6	0.363948
Q8TL48	Q8TPX0	19.7536
Q8TL48	Q8TRU2	12.209
Q8TU90	Q8TQU3	7.05
B5FVD3	Q9B6C7	0.0396911
Q6C674	Q9B6D6	0.215447
P60058	G1SE28	3.03962
P60058	G1TZ76	122.667
P60058	P60467	0.157016
A0A8D1TTB3	I3LGM4	114.656
A0A8D1TTB3	Q9TDR1	142.823
F1SCH1	A0A287BJ57	0.148266
F1SCH1	A0A8D0TJQ4	45.8117
F1SCH1	A0A4X1UIV8	113.973
A0QSD6	A0QSD4	0.478746
A0QSD6	A0QSG1	0.480899
A0QSD7	A0QSG4	0.215317
A0A6J4B3M5	A0A6J4B125	0.0902213
A0A1C8XRM8	A1XKU7	0.045831
A0A1C8XRM8	A0A9J4RF13	0.0968387
A0A1C8XRM8	D0FY13	0.277778
A0A9J4RF17	A0A9J4RF15	0
A0A9J4RF17	A8BDJ0	0.00365883
P07012	P0A7Q1	0.380948
P0AG63	P0A7I0	0.176521
P0AG63	P0A850	0.25474
P0AG63	P0A7W3	0.0203165
G0S0D6	G0RXW1	5.04744
G0S0D6	G0S1R0	2.01232
G0S0D6	G0S5M5	1.02636
G0SEW3	G0SCE2	2.27495
G0SEW3	G0SCP3	0.541393
A0A1S4AVP7	A0A1S3Z2X4	0.128249
Q5JGR4	Q5JJF3	19.6535
Q5JGR4	Q5JE04	16.8678
Q5JJE2	Q5JGN5	11.5983
Q5JJE2	Q5JE04	1.35297
P12629	P82191	0.224748
P12629	P82403	0.529043
P12629	P82413	1.27294
P22798	P09594	0.180719
P22798	Q9LWB5	2.13601
C4LXC8	Q9BI06	45.5908
C4LXC8	C4LV69	26.9413
C4LXC8	B1N384	29.0968
C4M7U2	C4M0X0	73.9301
C4M7U2	C4M8R8	30.4302
F2Z660	Q6CI10	8.40316
F2Z660	Q6CEK9	0.974213
Q6C9Z1	B5RSK9	0.161586
Q6C9Z1	B5FVF3	0.0348153
A0A3Q8I959	E9B8R9	4.40521
A0A3Q8I959	A0A3S7X954	8.09243
E9BU64	A0A3S7XBN1	12.9503
E9BU64	A0A3Q8ICH0	10.5959
A0A376TVY0	C3SQR7	0.525493
A0A376TVY0	C3T7Q7	0.312462
A0A376TVY0	P0ADY7	0.826706
C3SQV2	C3SQY2	0.483333
C3SQV2	P0A7M6	0.483333
P0A7V0	P0AG55	0.237546
P0A7V0	P0A7T7	0.430761
P0A7V0	P0A7J7	1.91339
P36675	P0A7P5	0.394626
Q8TZM6	Q8U014	0
Q8TZM6	Q8U0F0	0.0250825
Q8TZM6	Q8U017	0.0785311
Q8U008	Q8U0F0	1.08109
Q8U008	Q8U016	19.8467
Q8U008	Q8TZD9	1.33499
P19387	P19388	217.567
P19387	P52435	239.826
Q8N201	A0A8W4F9W9	0.840844
Q8N201	Q6P9B9	0.266419
O96774	Q24F59	44.7018
O96774	P0DJ53	72.8622
O96774	P0DJ57	40.6456
P0DJ20	P0DJ13	8.72291
P0CX82	P40010	20.207
P0CX82	Q04311	2.46938
P52907	P68135	661.204
P52907	P47756	72.0204
P52907	P61163	671.876
Q13561	O75935	176.885
Q13561	Q14203	5.95773
G0SCK6	G0S0D7	5.00743
G0SEI0	G0RZE9	2.63505
Q9JKF7	Q9CPV3	142.145
Q9JKF7	Q9DCI9	146.311
P80374	P80371	0.175049
Q5SM01	Q5SHN3	0.334656
Q5SM01	Q5SLP6	8.01676
Q5SM01	P80372	0.336034
A0A140UHW4	A0A4X1TXR4	0.949517
I3LGM5	A0A287B9C4	147.148
I3LGM5	A0A287B2W3	161.662
Q72GJ6	P62442	8.01676
Q72GJ6	Q72I11	0.532196
Q72HR3	Q72I11	1.5723
O75438	Q9UDW1	0
O75438	O14561	130.289
O75438	P51970	136.119
O95299	O43678	165.719
O95299	O95167	160.686
O95299	Q9UI09	184.295
P10898	Q93VE0	0.0356308
P10898	Q93WL4	0.0312044
P10898	Q9FEK6	0.0617358
Q93WE0	P37255	0.0397733
Q93WE0	P07753	0.0346842
Q93WE0	O19930	0
A2DHU8	A2FC75	1.29776
A2DHU8	A2D9L2	1.6135
Q8Y6M6	P66623	0.256785
Q8Y6M6	Q8Y446	0.177043
Q8Y6M6	P66548	0.222818
Q927L6	P66623	0.195054
Q927L6	P66372	0
P0A7N4	P68679	0
P0A7N4	P0A7J7	0.0534964
P0A7N4	P0A7T7	0
P0A7Z4	P0A7V0	0.201037
P0A7Z4	P0A7K6	0.501758
P61941	P62659	0.0903926
P61941	P62658	0.157937
Q72I14	Q72I04	0.0231577
P09595	P06507	0.407064
P62891	P08865	239.497
P62891	Q9Y6X1	0.0213904
P62891	Q9Y3U8	115.636
A0A071L356	A0A072ZCA1	1.49077
A0A071L356	A0A072ZBZ2	0.453007
A0A2V3F3S9	A0A2V3GYK0	0.358974
A0A2V3F3S9	E2RXU2	0.0429676
C7DZL9	Q7K1C0	3.41392
C7DZL9	Q9VTU2	29.4401
C7DZL9	P18930	4.16519
Q7JYH3	P18929	0.432937
P48270	A8J8M5	0.207868
P48270	A8I8A6	0.175324
P48270	Q08365	0.262373
Q5QEB1	A8IWQ1	0.125919
Q5QEB1	A8J8M5	0.338211
Q5QEB1	Q08365	0.248932
P20434	P40992	1.53735
P20434	P36106	3.46085
Q04673	Q04231	1.02018
Q04673	P36145	1.93826
Q04673	Q00578	31.3907
A0A1B4XKU1	A0A1B4XRZ8	0.0078405
A0A1B4XM73	A0A1B4XKT1	0.360212
A0A1B4XM73	A0A1B4XMB1	0.0956938
P47822	P20435	4.43949
A2RNN4	A2RNQ4	1.42537
G0S387	G0RZ99	2.31875
G0S387	G0SBN9	0.83759
G0S387	G0S2U4	4.57649
G0SE30	P58032	118.579
G0SE30	P0C0W1	1.8783
P0A7T3	P0ADY3	1.21237
P0A7T3	P0A7N4	0
P0A8T7	P03775	0.436365
P0A8T7	Q9X2V7	0.104563
Q4J8U1	P39468	1.4753
Q4J8U1	P17198	4.16384
Q4JB44	P41202	26.4687
P0DJ57	P0DJ60	35.5557
P0DJ57	P0DJ51	28.132
P0DJ58	P0DJ55	25.6665
A0A2K3E3V0	A0A2K3CNM3	0.0720002
A0A2K3E3V0	A0A2K3DKB4	0.0740057
Q5JTH9	P46782	3.24025
Q5JTH9	P62263	1.87798
Q5JTH9	P39019	1.30389
Q9ULX3	P62263	122.436
Q9ULX3	P62280	161.425
Q9ULX3	P08865	190.238
A0A069QC44	A0A2V3D5Z8	0.262912
A0A069QC44	A0A140SG33	0.996936
A0A069QEB6	A0A072ZBM5	0.266173
A0A069QEB6	A0A072ZJG4	0.0227203
A0A069QEB6	A0A072ZMU2	0.314276
P9WH25	P9WH57	0.176311
P9WH25	P9WH29	0.30073
P9WH25	P9WH67	0.0596682
P9WH37	P9WH35	0.264027
A0A8I6Y1Z8	P69378	0.130313
F2CTD7	O03060	0.926099
Q5SLP7	Q5SJ76	1.17511
Q5SLP7	Q5SKU1	0.264696
P61353	P46778	151.713
P61353	Q9UKD2	158.244
P61353	Q02543	160.266
Q9Y221	P46087	12.0853
Q9Y221	Q15050	200.058
Q4CSL1	Q4E088	0.885952
Q4CSL1	Q4DCN0	5.09259
Q4CXR4	Q4DC38	63.0881
P18933	Q7JYH3	0.106863
Q94511	Q9VTB4	0.552083
Q94511	Q9VZ01	6.95596
Q94511	Q9VQD7	46.1401
Q9HUM9	Q9HVL6	0.313823
Q9HUM9	Q9HWF0	0.106288
Q9HWF8	Q9HWF0	0.215302
Q9HWF8	Q9HUN0	0.103223
Q9HWF8	Q9HXQ2	1.89582
F1SR64	W5IDB9	0.690001
F1SR64	A0A8D1P1C8	156.462
F1SVC5	A0A8D0HMG9	0.170377
F1SVC5	I3LR45	99.2962
F1SVC5	A0A4X1U0F6	93.5462
P0C2H6	P10664	69.7169
P0C2H6	P53261	39.3273
P03910	Q02373	121.658
P03910	P42028	119.456
B5FVF3	F2Z619	0.0320233
B5FVF3	Q9UUT8	0.0320233
Q6C2Q1	B5FVF8	46.3905
Q6C2Q1	Q6C1R9	0.205336
Q6C2Q1	Q6C926	18.726
Q9VQR2	Q9VXZ0	23.0119
Q383R4	Q389T7	0.251217
Q383R4	Q586A1	0.130047
Q383R4	Q38C96	0.119586
Q388L7	Q389L3	0.164321
Q388L7	Q38DK6	0.153884
P09191	P73676	0
P14835	Q55354	0
P14835	P15819	0
P14835	P72701	0
G0RY17	G0S5T7	8.47157
G0S273	G0SAJ6	0.354727
G0S273	A4VD76	1.78462
G0S273	G0S445	0.333899
Q836E3	P59754	0.06853
Q836E3	Q839G0	0
Q839F3	Q836X4	0.140623
O94288	Q9Y7Z1	0.562396
O94288	O74175	1.58539
Q10353	Q9UUC1	77.3809
Q10353	P79071	25.5989
Q13405	Q9BYD2	186.254
Q13405	Q9BYD3	190.532
Q13405	Q9Y399	5.8968
Q9H2W6	Q9Y3B7	174.238
Q9H2W6	Q7Z7F7	164.119
A0A3S7X3Z7	E9BIH3	31.9355
A0A3S7X3Z7	E9BK95	2.52065
A0A3S7X3Z7	E9BRS2	2.46641
E9BR60	E9BTF9	11.4317
Q9B6D3	Q6C1R9	0.205646
A0A6J4B024	Q85G73	0
A0A6J4B024	B8C0K4	0.0518734
A0A6J4B024	A0A1E7F4Y9	0.121371
A0A6J4B0N3	B7FRW2	0.0323099
A0A6J4B0N3	A0A6J4B150	0.0273731
A0A6J4B0N3	A5Z2K3	0.0814254
A8DYC4	Q7K1C0	0.139258
A8DYC4	P18930	0.596414
A8DYC4	P18933	0.245164
Q7JYH3	Q9VQM2	0.848935
Q7JYH3	Q7JZK1	2.375
A0A7S3WZA0	A0A7S3WIW7	0.208284
A0A7S3WZA0	R1DWS2	0.443324
A0A7S3WZA0	A0A7S3TXN3	0.0890411
R1ED82	R1DCN2	0.227489
R1ED82	R1DMQ2	0.222605
P61313	P42766	170.262
P61353	P26373	155.607
P61353	P62917	152.701
P61353	Q6DKI1	74.565
Q1K7L7	Q1K730	0.382111
Q1K7L7	Q7SHB2	0.421272
Q1K7L7	U9W8F2	0.251225
A2RNV0	A2RNP9	0.249011
P42766	P36578	175.161
P42766	P61513	145.886
Q15050	P30050	2.97748
B9Q056	A0A125YXW4	50.8389
D0VWR1	Q8DKM3	0.230621
D0VWR5	D0VWR7	0.0501037
D0VWR5	D0VWR8	0.0556027
D0VWR5	P12241	0
P94266	O51440	0.0676144
A0QSG0	A0QSG8	0.810366
A0QSG0	A0R554	0.0415796
A0QSG0	A0QSP8	0.60758
A0QSG1	A0R151	0.472613
A0QSG1	A0QSF9	0.187999
A0QSG1	A0QV42	0.788652
P49166	P0CX82	83.1487
Q08687	P10664	3.68684
Q08687	Q02892	2.43177
Q08687	P0CX23	2.73328
P36100	P20436	2.10774
P36100	P22139	8.96017
P36100	P32773	0.804566
P38902	P40422	30.8438
P38902	P20435	78.8059
P36585	P0CT60	86.0087
P36585	P79071	46.5472
Q9UT32	P78946	3.62113
Q9UT32	P0CT60	3.4348
Q9UT32	Q10330	14.1592
O75380	O14561	161.037
O75380	Q16718	148.465
Q9NX14	O75438	0.101645
Q9NX14	Q9Y6M9	164.314
Q9NX14	Q9P0J0	155.627
P19388	Q8WX92	2.35238
P19388	P19447	194.326
Q8IXH7	P63272	0.584311
Q8IXH7	A0A4X1VKG7	2.79204
Q8IXH7	A0A4X1VEK9	1.62653
P28066	P43686	230.38
P28066	P17980	70.8627
P28066	Q53H80	0.827545
P54578	P0CG47	10.1381
P54578	P17980	140.271
P54578	P43686	301.839
D5MAJ8	P06004	0.163865
D5MAJ8	D5MAJ9	0
D5MAL6	Q7Y1T5	0.19468
D5MAL6	P06006	0.0724443
K9TX25	K9TYS7	0
K9TX25	K9TX29	0.167439
K9TX25	K9TVB5	0
K9U6S7	K9TUG4	0.0205634
K9U6S7	K9TYF8	0.135847
K9U6S7	K9TX29	0.0344801
A2RNQ2	A2RNZ4	1.23054
P0C0W9	P23301	0.715389
P0C0W9	P38061	108.603
P0C0W9	P36105	63.3401
P47019	P26784	3.91851
P47019	P05740	2.42764
P36528	P36531	0.367734
P36528	P36527	0.504927
P36528	P53937	0.136401
P38064	P12687	0.221896
P38064	Q06678	0.176936
P38064	O14464	0.485169
A0QS62	A0QSG4	0.282267
A0QS62	A0R150	0.0382468
A0QSL9	A0QSD6	0.106283
A0QSL9	A0R3D2	0.335982
A0QSL9	A0QSD3	0.27392
P32496	Q08723	24.1249
P32496	P33299	24.452
P32496	Q01939	36.9032
Q9GNZ8	A4I357	25.8999
Q9GNZ8	A0A6L0XSJ0	23.6349
A0A0M3V8U3	A0A0M4U4C3	0.0408908
A0A0M3V8U3	A0A0M4TUE5	0.108911
A0A0M3V8U3	A0A0M4TE68	0.186308
A0A0M4TUJ2	A0A0M4TUE5	0.0460446
Q9CQI9	Q9CQA5	137.518
Q9D7W5	Q62276	1.35246
Q9D7W5	Q9D8C6	143.183
E1UWB4	E1UWE0	0.147454
E1UWB4	E1UWE2	0.199275
E1UWD3	E1UWB1	24.4446
E1UWD3	E1UWB2	31.3109
E1UWD3	E1UWC0	12.1877
P0A7Q1	P0A9U3	0.513382
P0A7Q1	P68679	0.226652
P43672	P0A7N9	0.274503
P43672	P61175	0.349077
P43672	P62399	0.372463
P17291	P80380	0.403967
P17291	Q5SHN7	0.0444444
Q5SLQ0	P23370	0.285554
A0A1S3X0I4	A0A1S4AEL0	60.4626
A0A1S3X0I4	Q07761	59.1174
A0A1S3X0I4	P41098	3.61277
A0A1S4BHF2	A0A1S4A5Z2	96.8847
A0A1S4BHF2	A0A1S3WZ09	81.2396
A0A1S4BHF2	A0A1S4B0G2	18.2153
P35269	P85421	0
P35269	Q16594	5.20082
P35269	Q15528	7.08624
Q9Y3C7	O75448	1.08686
Q9Y3C7	Q9BTT4	4.08205
O14561	O43674	173.863
O14561	O95299	0.215529
O14561	Q9Y6M9	178.993
Q9BYD2	P52815	351.036
Q9BYD2	Q8N5N7	4.95868
Q9BYD2	Q9BYD1	9.29243
O95299	P03891	196.478
O95299	P03905	198.683
P03886	O95167	160.528
P03886	P03923	188.46
P03886	P03897	0.0726278
E1UWC9	E1UWD9	0.121064
E1UWD5	E1UWC7	0.115263
A0A8D1FAG1	A0A480KM09	85.8739
O79875	P56632	107.015
O79875	A1XQS6	108.538
Q6CG53	Q6C9Z1	1.92614
Q6CG53	B5FVF8	6.78332
Q9HVY3	Q9HWD4	0.0829724
Q9I5V8	Q9HUN0	0.152706
P0ADY7	P0A7V8	0.0717804
P0ADY7	P62399	0.290462
P0ADY7	P0A7V0	0.186264
P0AFG0	P0A7K2	0.533994
P0AFG0	P0A7L8	0.20676
P0AFG0	P0A7N9	0.188046
F1SV23	O79875	5.30507
F1SV23	A0A8D1NRT6	127.148
O79881	Q9TDR1	110.165
O79881	Q71K68	110.196
O79881	A0A4X1T6M0	121.254
Q02377	Q02366	116.93
Q02377	Q95KV7	113.669
Q02377	O97725	125.281
H9CTG6	A8JCJ2	0.387617
H9CTG6	A8ITN7	1.70491
H9CTG6	A0A2K3CQB1	0.502949
Q68RJ5	Q5DM57	0.507105
Q68RJ5	A8JFR3	0.344833
Q68RJ5	A0A2K3CQB1	0.710416
C4LS99	C4M7U2	79.0137
C4LS99	Q9BI06	85.9448
C4LT96	Q9BI06	80.4299
C4LT96	B1N4V3	62.0117
C4LT96	C4LSU3	35.4928
P0DJ23	P0DJ19	27.5713
P0DJ23	P0DJ61	28.6126
Q23F79	P0DJ24	50.4593
Q23F79	P0DJ58	27.2606
Q23F79	P0DJ61	40.4878
P82650	P82664	187.745
P82650	Q9Y399	191.144
P82650	Q92665	192.942
O43709	P46781	2.55406
O43709	P62081	3.61793
P62266	P15880	167.788
P62266	P08865	161.744
P62266	P62854	149.145
O82850	Q9HUN2	0.164689
Q9HUN0	Q9HUM9	0.13139
E9BIP6	D1M863	20.2427
E9BIP6	E9B8R9	20.4162
E9BP34	A0A3Q8IHK2	17.1813
E9BP34	E9B8R9	26.9606
P82918	P82916	162.175
P82926	P82917	122.962
P94267	O51314	0.208505
Q1K7L7	Q7S2C2	0.241127
Q1K8Y7	Q7SC44	0.515959
Q1K8Y7	Q7SEK9	0.611744
Q1K8Y7	Q7RYM5	0.448715
A0A0D3BFU2	A0A0D3D6U7	0.447794
A0A0D3BFU2	A0A0D3ALM2	0.45523
A0A0D3BFU2	A0A0D3CAV8	0.426047
A0A0D3CN01	A0A0D3DRJ4	0.546037
A0A0D3CN01	A0A0D3AS28	0.597437
A0A0D3CN01	A0A0D3CJ03	0.511425
P42029	Q02827	1.22888
P42029	Q02371	140.207
P42029	P15690	180.414
Q02367	Q02380	142.642
Q02367	P52505	122.507
Q7MTM9	Q7MTL8	0.204569
Q7MTM9	Q7MXW3	0.269392
Q7MTM9	Q7MX43	0.290984
Q7MX95	Q7MVQ8	0.204306
Q7MX95	Q7MTM3	0.243211
Q8Y444	P66290	1.14015
Q927L7	Q8Y450	0.00437158
Q927L7	P66290	0.0325654
P40016	Q08723	36.6735
P40016	P33299	61.4657
P40016	Q01939	60.6871
Q9BYD2	P82673	190.812
Q9H9J2	Q9NX20	188.656
Q9H9J2	Q9P015	190.601
Q9H9J2	Q7Z2W9	183.809
O75643	Q2TAY7	1.0885
O75643	O43395	1.41684
Q9NW82	Q6P2Q9	0.390857
Q9NW82	Q13573	4.35951
Q9NW82	P14678	4.84993
A0A1B2U200	A0A1J7BZ40	0.154359
A0A1M6R2K9	A0A1M5HDD0	0.201684
A0A1M6R2K9	A0A1B2U029	0
G0SF32	G0SBN9	2.79225
G0SF32	G0S7X0	1.23523
P34087	P20434	40.6144
P34087	P08518	0.351393
Q7S5W0	Q96U95	0.30319
Q7S910	Q1K730	0.453416
G0S832	G0SAJ9	5.22221
P16370	P47822	5.03055
P16370	P33308	0.931852
P16370	P38304	1.96563
A0QSD6	A0QSG4	0.280754
A0QSD6	A0QSD9	0.801205
A0QTK6	A0QS97	0.234783
A0QTK6	A0QSG1	0.717205
A0A037Y8L6	P61175	0.262563
A0A037Y8L6	C3SFP2	1.31949
C3SR72	C3SQU2	2.68165
Q02371	Q02365	2.58163
Q02371	Q02379	5.72203
A0A0U4VSH7	Q92B01	1.69703
A0A0U4VSH7	A0A660JH71	0.668981
Q96HR3	Q9NWA0	170.339
Q96HR3	Q15528	3.24699
Q96HR3	Q9H944	178.362
P23321	Q9XF89	0.0516566
P23321	P04778	0.060241
Q9S7W1	P56790	0.00853202
Q9S7W1	P56780	0.0248164
Q9S7W1	P60129	0.0974447
Q4FQ64	Q4FRD7	0.74675
Q4FUD0	Q4FQ45	2.38177
A0A8N7XJG2	A0A6P9FRJ5	127.398
A0A8N7XJG2	O78757	112.838
Q8U0F0	I6U991	0.0250825
Q8U0F0	Q8U002	21.5176
Q8U1Y5	Q8U0U1	11.9631
Q8U1Y5	Q8U011	5.22955
A0AA36N3P6	A0AA36I308	0.130464
A0AA36N3P6	A0AA36JI10	0.173155
A0AA36N3P6	A0AA36MQP1	0.120606
A0AA36NGX7	A0AA36MZ23	0.186231
Q9CAC5	Q37165	0.132024
Q9CAC5	P56756	0.0894008
Q9VWI0	Q94511	0.41323
P56778	P04778	0.0724992
P56778	Q39142	0.0630275
A0A287AAR5	Q71K68	2.17639
A0A287AAR5	Q9TDR1	2.34695
A0A287AAR5	F1SQP4	135.247
O79881	A0A8D1WW27	1.06358
A0QSP8	A0QS62	0.057415
A0QSP8	A0QSL9	1.71083
A0QSP8	A0QSL4	0.645707
A0QVB8	A0R7F6	0.255098
A2E1I9	A2DTN3	7.49574
A2E1I9	A2F716	29.9254
A2E7Z2	A2F568	30.0996
A2E7Z2	A2F2T6	25.4777
Q02892	P05743	2.91455
Q02892	P0CX82	4.60023
Q08746	Q02753	1.38165
Q08746	P33201	16.018
Q08746	P26784	1.423
A2E6R2	A2ECR7	14.9657
A2E6R2	A2DM53	0.101593
A2EXW7	A2DM53	2.80629
A2EXW7	A2E7L8	42.5645
A0ACD6B9M4	A0A2W4UG77	0
A0ACD6B9N5	A0ACD6B9M3	0.146296
A0A125YRD5	A0A125YGX6	0.152489
A0A125YRD5	S8G6E6	0.190787
A0A125YRD5	A0A125YYG6	0.25809
S8G6C8	S8F8D3	0.267348
S8G6C8	A0A125YR83	0.233396
S8G6C8	S8G0I7	0.209429
A4I384	A4HN55	24.9881
P62654	P62238	1.8195
P62654	P0A7I0	0.410594
P62654	P62659	0.327696
P62664	P62442	0.140937
P62664	Q72I09	0.152221
C4LTA2	C4M0X0	61.5987
C4LTA2	C4LYA7	23.7318
C4LTA2	C4LSU3	28.2715
C4LYF9	B1N4V3	26.3163
D0CCR8	D0C9L7	0.401719
D0CD08	D0CD07	0.216315
D0CD08	D0C9K5	0.179391
Q4FUD9	Q4FUE2	0.041423
Q4FUD9	Q4FUD2	0.0634215
Q4FUD9	Q4FUT9	0.116582
Q4FUE7	Q4FRE4	0.120192
Q4FUE7	Q4FUE2	0.0121545
P03901	P03897	145.871
Q16718	Q9P0J0	162.062
Q7SA60	Q7S5W0	1.68906
Q7SA60	Q7RYW8	0.829015
Q7SA60	Q7RXU7	0.454202
U9W8F2	Q1K4P1	0.171318
U9W8F2	Q1K8C8	0.215685
Q3TBW2	Q99N94	135.924
Q3TBW2	Q3UK02	116.313
Q9CPR5	Q9Z2Q5	1.42286
Q9CPR5	Q8R035	156.223
O53083	Q8Y6Y9	0.183093
P60426	Q8Y450	0.33681
P61885	Q8U1Y5	8.40922
P61885	Q8U0E7	10.9399
P61885	Q8U004	8.96391
Q8U002	Q8U159	18.5227
Q8U002	Q8U443	14.6555
Q8U002	Q8U442	6.47689
O15371	P23396	0.940938
O15371	P62241	3.27956
O15371	P46782	2.0681
P62753	Q9Y2X3	248.443
P62753	Q9ULX3	186.472
P62753	Q9BRS2	194.222
Q9CQH3	P03911	118.279
Q9CQH3	Q3UIU2	124.334
Q9CQH3	Q9D8B4	94.946
Q9DC69	Q9CQ75	1.48488
Q9DC69	Q91WD5	165.926
Q9DC69	Q9CXZ1	151.425
Q99N91	Q9CPY1	117.973
G1SIZ2	B7NZQ2	6.18837
G1SIZ2	G1SV32	144.675
G1SIZ2	G1TM55	4.33381
G1T2G4	G1TIB4	142.196
G1T2G4	G1SZ47	161.828
G1T2G4	G1SP51	178.132
O51441	O51184	0.0110283
B8BUU4	B8CEV5	0.10508
B8BUU4	B8BVI1	0.131061
B8BUU4	B8C4I5	0.137456
B8BX92	B8BVI1	0.125622
B8BX92	B8CEV5	0.128383
A3MSJ5	A3MUZ1	1.07307
A3MUV1	A3MWR6	10.7895
A3MUV1	A3MUZ1	2.52734
Q9XTU6	P34659	205.296
R4ZGV2	A2CHR7	0
R4ZGV2	Q40771	0
R4ZGV2	R4ZGX6	0.195766
A0A2I0BXS0	W7KN95	31.4029
A0A2I0BXS0	A0A2I0BQ13	38.8047
A0A2I0BXS0	W7K6A8	8.51237
W7K5W7	A0A2I0BU46	23.1711
W7K5W7	W7K6I2	20.44
W7K5W7	W7KN95	7.4291
Q8TCC3	P82675	1.70923
Q8TCC3	Q9BYD3	182.09
Q8TCC3	O60783	172.868
Q9H4K7	Q16540	0.235326
P47813	G1TRM4	166.191
P47813	A0A4W2DI10	161.371
P47813	P62266	151.157
P62280	P62249	132.746
P62280	P62277	3.96785
P32774	P41895	1.56416
P32774	P36100	5.00561
P32774	P27999	27.572
P32776	Q04231	0.229834
P32776	P36100	0.655602
P32776	P04637	11.5994
Q96G25	O75586	172.159
Q96G25	Q9Y3C7	172.121
Q96G25	P29084	0.926348
Q9H944	Q15528	172.537
O00488	P18621	0.838822
O00488	P56537	172.87
P42766	P62910	6.84926
P42766	P61960	0.0723099
A0A8D1TTB3	A0A8D1EYI7	150.158
A0A8D1TTB3	A0A4X1SN37	1.39861
A0A8D1TTB3	O79880	114.628
P24928	Q6P9B9	0.179708
P24928	Q12962	1.47774
P24928	P52434	1.47499
Q15528	Q9NWA0	164.777
G0S5C8	G0SEF0	0.020388
A0A480VKQ8	A0A286ZNN4	156.031
A0A480VKQ8	O79882	100.097
A0A480VKQ8	F1RGE3	137.104
B8Y651	A0A4X1UIV8	143.43
P08580	Q7SHR9	0.417958
P08580	Q1K6Q3	0.101853
P08580	Q1K7L7	0.13353
Q7S9I4	Q7SHF3	0.15917
Q7S9I4	Q7SA90	0.200908
Q8IXM3	Q96A35	171.572
Q8IXM3	Q8TCC3	0.164302
Q8IXM3	Q9P0M9	158.605
Q9BYD1	Q8N5N7	181.841
Q9BYD1	Q9BQC6	174.444
Q9BYD1	Q9NRX2	181.155
B5RSK3	Q6C926	0.137914
B5RSK3	F2Z619	0.107034
B5RSK3	Q6CA88	0.112124
Q6C7X2	Q6C9Z1	3.03023
Q6C7X2	Q9B6D4	0.363041
Q6C7X2	B5FVE5	8.53194
A0A2D2Q0K8	A0A2D2Q201	0.0133727
A0A2D2Q1I4	A0A2D2Q1F9	0
A0A2D2Q1I4	A0A2D2Q2Y6	0.0339568
A0A2D2Q1I4	A0A2D2Q201	0.00538631
A0A6P7EX23	O78757	101.726
A0A6P7EX23	O78753	96.5336
A0A8N7XJG2	A0A8N7XJ91	108.29
Q19211	G5EFC4	1.87318
Q19211	Q9N4G9	104.672
Q19211	P91918	61.5057
A0A0M3V8Q0	A0A0M4U628	2.09467
A0A0M5MK69	A0A0M4SY21	0.410489
A0A0M5MK69	A0A0M4U628	0.167321
A0A0M5MK69	A0A0M3V8P6	0.157793
C7DZL9	Q9VF27	0.760032
P91929	Q9VQM2	0.276688
P13621	Q28851	0.563647
P13621	P00847	133.815
P75133	Q50301	0.677833
P75133	Q50308	0.0764568
P75133	P75580	0.88493
P75550	P75239	1.26343
P75550	Q50301	0.30147
P75550	P75240	0.426577
A0A1S3WY31	A0A1S4D5P7	93.8755
A0A1S3WY31	A0A1S4CSN1	79.3629
A0A1S4CCH0	A0A1S3YR32	78.4605
O35972	Q9CQ06	5.02106
O35972	Q8K2Y7	126.708
O35972	Q9D1N9	134.137
Q9CQ40	Q9D1P0	161.046
A0A4X1T0A8	A0A4X1V0C8	142.093
A0A8D1NRT6	F1SQP4	111.274
A0A8D1NRT6	A0A287AAR5	216.041
P40991	P39744	0.686754
Q02892	Q07896	11.1987
Q02892	Q03532	91.9001
Q02892	Q04660	32.0819
B5FVE5	Q6CI10	0.243132
B5FVE5	Q6CEK9	5.49234
B5FVE5	Q6C926	7.41239
Q9B6E9	B5FVF8	0.390815
Q9B6E9	B5FVF3	0.108524
Q9B6E9	Q6CGB4	0.0949717
O60783	Q16540	8.03799
O60783	Q9Y2R9	183.127
O60783	P82933	181.95
P82930	Q9Y2R5	163.757
P82930	P82663	182.228
P82930	Q9Y3D3	176.275
P60497	Q9ZPY5	0.293133
P60497	Q9LHI0	0.972199
Q94AL6	Q9SU56	0.0626189
Q8TRR1	A0A832SMB7	2.72606
Q8TRR1	Q8TRT2	1.03589
Q8TT39	Q8TRT5	4.51949
Q8TT39	Q8TRC1	22.5655
Q8TT39	A0A832S8D7	1.96587
P82231	P19954	0.634369
O42832	O94476	5.12752
O42832	P25457	2.2795
Q7JZK1	P18930	23.8011
Q7JZK1	Q9VTB4	52.0371
Q7JZK1	Q9VPE2	0.981564
P51946	P19388	6.39717
Q9BUE0	Q96HR3	180.29
Q9BUE0	P35269	4.42642
C3SSQ7	C3SQY7	1.01913
C3SSQ7	A0A0E2L2J1	1.93132
C3SSQ7	B7MCR3	1.36216
P32585	P32570	0.287533
P32585	P32773	0.332487
P38902	P62799	4.82184
P38902	P06897	1.42353
P38902	P16370	45.1834
A0A1B4XKS2	A0A1B4XKS7	0.272275
A0A1B4XKS2	A0A1B4XMV6	0.227293
A0A1B4XKS2	A0A1B4XSA2	0.226515
A0A1B4XPL8	A0A1B4XKR3	0.55856
Q22CK0	Q238Q8	81.2536
Q23KG1	Q238Q8	3.58766
Q23KG1	Q22AV9	38.8025
P56751	P56753	9.45199
P28004	Q03654	0.823469
P28004	P36048	0.511698
P28004	Q12309	1.03023
Q04048	Q02260	0.7453
Q04048	Q03772	0.27404
P05198	Q13144	204.069
P05198	G1U0Q2	141.971
P62244	Q9NRX1	152.296
P62244	P62753	152.426
P62244	P61927	140.287
A0A8N7XJH2	A0A8N7XJ68	131.752
A0A8N7XJH2	O78756	112.212
O78757	P42026	106.744
O78757	A0A836A4Q3	65.8149
P06367	Q12136	7.76143
P06367	Q12514	2.44656
P06367	P41057	60.5652
Q08444	Q3E792	11.035
Q08444	P38747	0.575461
Q08444	P32905	12.4304
P38249	Q6CKL3	1.21707
P38701	P41058	57.7996
P38701	P32905	56.1335
P38701	P48589	45.2527
F1S1A8	A0A286ZPR8	1.66901
F1S1A8	A0A8D1TL60	2.61441
F1S1A8	A0A8D1J578	2.10074
Q83D75	Q83ER3	0.749965
Q83ER2	P59753	0.218552
P36520	P38064	0.267616
P36520	Q02204	0.469262
P36520	P51998	0.342842
P36528	P12687	0.891147
P36528	Q06678	0.399042
P46779	P42766	2.60174
P46779	P62910	137.449
P62987	P62910	44.2856
P62987	P83731	162.175
P9WHC1	P9WH99	0.105976
P9WHC1	P0DV54	0.219305
P9WHC1	P9WHA7	0.836047
P9WHC5	P0DV54	0.0787306
P9WHC5	P9WHD7	0.344059
P9WHC5	P9WHA7	0.204671
O97725	P23709	163.354
O97725	Q02380	160.166
P25708	P15690	191.186
P25708	P25712	135.495
P25708	Q95KV7	273.677
P60493	Q5SHZ1	0.201199
P60493	Q5SKA7	3.07701
Q5SHN3	Q5SIH3	0
Q5SHN3	P0DOY9	0.100516
A8BFT3	A8B7H8	19.1616
A8BFT3	A8BRY6	2.22304
A8BH61	A8BE02	58.332
A8BH61	A8BRY6	39.4584
A8BMD9	A8BRY6	64.7875
A8BNT5	A8B4F8	0.321518
E9BAV6	A0A3S7X558	1.17902
E9BK95	A0A3S7X790	63.7751
E9BK95	E9BRS2	38.6174
P0DOY9	P60491	0.108634
P0DOY9	P80374	0.0536685
Q8RR57	Q5SHN3	0.0966961
Q8RR57	Q5SHQ5	0.0316358
Q2FW12	Q2FW16	0.0555639
Q2FZ42	Q2FW38	5.92592
Q2FZ42	P60430	8.2514
Q2FZ42	Q2FW06	2.06477
P80374	Q9Z9H5	0.519465
Q5SHP2	Q5SHN3	0.0247638
Q5SHP2	P0DOY9	0.157784
Q5SHP2	Q8RR57	0.0553315
A0A3B6AV88	A0A3B6N0N5	60.185
A0A3B6QHW3	E2F3W4	66.3701
A0A3B6QHW3	Q5I7K2	2.28332
P32639	P20053	0.893263
P32639	Q06835	0.776401
Q12417	P33334	0.818399
Q12417	Q03772	3.23027
Q12417	P40204	32.009
P00410	P32799	23.4608
P00410	P00420	38.3229
P00410	P00163	0.443235
P04039	P07143	1.7345
P04039	P07255	0.223164
P04039	P00425	0.0936492
Q9UKD2	P46776	7.33077
P0CG63	P25694	1.83331
Q12522	P05749	1.93058
Q9D338	Q5RL20	138.88
A1XQS6	K7GSE5	110.422
A1XQS6	I3LGM4	86.581
F1RGE3	A0A286ZNN4	152.924
F1RGE3	A0A4X1V1H9	162.378
P12734	P14121	0.0687906
P12734	P14119	0.458963
P12734	P60617	0.16137
P14124	P14116	9.13888
P14124	P12733	0.59361
P14124	P10971	5.75412
Q8WUD4	Q99459	1.12894
Q9Y314	Q14562	1.39598
P40007	P49166	1.41814
P40007	P0CX84	2.19481
P53261	P05740	44.3468
A0A8D1EYI7	A0A5G2QW32	87.5108
A0A8D1EYI7	B8Y651	141.898
A0A8D1EYI7	F1RWL7	142.949
K7GR43	A0A287AAR5	104.835
K7GR43	F1SJP6	106.861
C3SFP7	C3STZ7	1.50028
C3SFP7	P02358	0.278123
C3SSQ7	A0A0E2KXL3	0.878802
C3SSQ7	A7ZHB2	0.484954
Q9V4E0	Q7JZK1	87.1313
Q9V4E0	Q6IDF5	0.0861319
Q9V4E0	Q9VTB4	77.22
G0S507	G0S4P8	3.47519
G0S507	G0SFD9	61.7785
Q70DX8	A8IP00	0.22832
Q84U22	A8IUC3	0.177627
Q84U22	A8HQG3	0.189865
P62308	Q9BV90	4.29904
P62308	P09234	235.386
P62308	O43660	200.71
Q9Y3B4	Q7RTV0	177.127
A8BMF7	A8BLV7	22.8995
A8BMF7	A8B5N7	18.5452
A8BMF7	E2RTN4	28.2106
A8BS37	A8BU59	2.73198
A8BS37	A8BH61	41.8663
A8BS37	A8B6L8	40.6702
A0A3B5Y651	A0A3B6DM38	12.5596
A0A3B5Y651	A0A1D5RRD3	1.02843
A0A3B5Y651	A0A3B6DD91	12.5291
Q5I7L1	Q5I7L4	50.5529
P78794	P87126	0.597024
P78794	O14187	0.302647
P78794	Q10163	6.01386
Q9USV3	O59733	0.971511
Q9USV3	O94620	2.54583
Q9USV3	Q9UUC6	8.25514
C0H4A6	O97313	1.02231
C0H4A6	Q8IM10	75.4505
C0H4A6	Q8IAX6	40.9608
O97250	Q8IDS6	48.0968
O97250	Q8IHT9	35.3375
O97250	Q8ILK3	4.18186
A2T2X4	H9CTG6	0.956297
A2T2X4	A8HN58	20.4363
A2T2X4	B8LIX8	16.6151
A8JFR3	Q5DM57	0.295425
E1UWB1	E1UWC7	0.883578
E1UWD4	E1UWB4	0.0214487
E1UWD4	E1UWE4	0.0148143
Q9BQC6	Q7Z2W9	169.572
Q9BQC6	Q9H3J6	1.15291
Q9BQC6	Q5T653	166.073
Q9P0P8	Q8N983	0.730581
Q9P0P8	P09001	0.660752
G0SH61	G0S8G4	11.5614
A0A9J4RF63	A0A6P3TFB2	4.74156
O78757	A0A8V6WEB9	124.287
A6MVU5	A6MVT2	0.0202279
A6MVU5	A6MW35	0.0271718
A6MVZ2	A6MVR2	0.0648142
A6MVZ2	A6MVW0	0
Q9HWF1	Q9HWE6	0.381963
Q9HWF1	Q9HWE2	0.141958
Q9I0A1	Q9HTN9	0.996936
Q9I0A1	Q9HVL7	0.539154
Q9I0A1	Q9HWF4	0.262912
A0QSG4	A0R3D2	0.510666
A0R3I9	A0QSL9	0.26016
A0A6P3E975	A0A6P3E9B7	226.648
A0A836CQA7	A0A8N7XJ68	134.673
A0A5G2QZK0	A0A4X1U0F6	139.349
F1RHJ1	A0A4X1TXR4	145.467
F1RHJ1	I3LGM5	1.90108
F1RHJ1	F1SR64	165.916
P05737	P53136	0.700368
P05737	P53313	3.7075
P05737	Q04660	2.21513
P53877	P38883	0.28183
G1TK17	G1T168	2.96859
G1TK17	G1TS40	157.07
G1TK17	G1TRM4	2.23331
P13555	P14226	0.149772
P13555	Q9XQR3	0
P13555	D5MAJ8	0
Q7Y1T5	P62096	0.314486
Q7Y1T5	Q32902	0.0401847
Q7Y1T5	P06004	0.160631
A0A5G2R1I0	Q767K8	4.14778
A0A5G2R1I0	A0A287AVS9	60.1837
A0A5G2R1I0	A0A287AKS1	110.276
A0A8D1UDM1	A0A287AVS9	62.2829
A0A8D1UDM1	A0A0M3KL52	153.997
A1B489	A1B1M0	0.663738
A1B489	A1B497	67.4201
A1B489	A1B1H8	10.9167
A1BA41	A1B495	1.08587
A1BA41	A1B487	0.204737
P32773	P16370	12.3892
P38782	Q12343	0.555658
P0A7T7	P0A7S3	0.128387
P0ADY7	P0A7U7	0
P0ADY7	C3SSG2	0.0581097
B3DML8	Q9W402	0.0171104
B3DML8	C7DZL9	33.2657
Q9VQD7	P18929	30.727
Q9VQD7	C7DZL9	30.1261
G0SBG8	G0S2B3	0.547056
G0SBG8	G0S3Y7	4.90325
G0SBG8	G0S9I6	13.8553
A0AA36J0D5	A0AA36I3A4	0.0739364
A0AA36J0D5	A0AA36NBE3	0.0828558
A0AA36J0D5	A0AA36HTH0	0.0988464
A0AA36N262	A0AA36NBE3	0.136171
A0AA36N262	A0AA36JI10	0.166885
A0AA36N262	A0AA36HTH0	0.147337
P0A7X3	P0ADZ4	0.378565
P0A7X3	P0A7J7	1.13592
P68919	P0A7L3	0.0555355
P68919	P0A7K6	0.264755
P68919	P0A7S9	0.125947
F1S1A8	A0A8D0PQH6	164.509
F1S1A8	O79875	142.588
F1S1A8	I3LRR4	4.90079
K7GSE5	A0A4X1UIV8	120.46
K7GSE5	A0A480KM09	82.0632
A0A1B4XQD8	A0A1B4XKS6	0.162951
A0A1B4XQD8	A0A1B4XKR8	0.111691
A0A1B4XQD8	A0A1B4XKW0	0.111342
G0S6V4	G0SHJ6	16.7584
G0S9B5	G0RXW1	0.917146
E1UWD7	E1UWD8	0.510288
E1UWE5	E1UWD1	0.0787626
E1UWE5	E1UWD6	0.714735
A0A077UGA7	A0A077UL47	0.600768
A0A077UGA7	W8TRC7	1.60214
A0A077ULC5	W8TUB4	0.0773907
A0A077ULC5	A0A077UVB6	2.58309
A0A077ULC5	A0A077V4G0	0.328679
Q9GZL7	Q14137	214.212
Q9NP92	Q9P0M9	185.241
Q9NP92	Q9BYC8	195.846
Q9NP92	Q9NRX2	193.565
Q9Y6G3	P49411	0.592215
Q9Y6G3	Q86TS9	0.397286
Q9Y6G3	Q9Y3B7	170.21
P0A485	Q8Y447	0.162777
P0A485	P66383	0.0297929
Q8Y8I3	P66383	0.263862
Q8Y8I3	P61055	0.482454
A0A6P3E3I5	A0A8N7XJ18	159.615
A0A6P7EX23	A0A6P3TFB2	123.654
P51863	Q9D1K2	134.467
P51863	Q9Z1G3	118.14
P51863	Q91V37	154.93
P62814	Q8BVE3	189.892
P62814	Q9D1K2	154.042
P62814	Q9WTT4	79.3406
J7F9D2	J7FAQ1	0.285703
J7F9D2	J7FA56	0.183463
J7F9D2	J7F8X4	0.126274
J7FAD9	J7FAD8	0.1753
J7FAD9	J7FA56	0.162627
J7FAD9	J7FA80	0.0931544
C4LZH1	C4M7U2	0.023546
C4LZH1	Q9BI06	47.2306
O95391	Q9GZU8	0.432305
O95391	Q9Y3C6	6.07455
O95391	P41223	1.27774
G0S394	G0SDJ6	0.307345
G0S394	G0SI54	0.484219
G0S394	G0RY84	10.8522
G0SG70	G0SI53	134.817
G0SG70	G0SHQ3	90.8395
G0SG70	G0SBL9	76.4327
Q14JB4	A0A4E0P7K7	0.228856
Q14JB4	Q2A5F3	0.19307
Q14JB4	Q14JA7	0.21189
Q14JB6	Q14J98	0
Q14JB6	Q14JA7	0.0153896
A8BE76	A8BMP3	8.63673
A8BMD9	A8BKK5	42.6195
Q5SHN6	Q5SHN3	0.226414
Q5SHN6	Q8RR57	0.272664
Q9DCL4	Q80X85	1.93878
Q9DCL4	Q6P3B9	0.183378
Q9DCL4	Q9DCA2	1.21131
Q9ER88	Q8BJZ4	153.504
Q9ER88	Q9D7N3	141.402
O20029	P48267	0.14962
O20029	Q9GGE2	0.465654
O20029	A8IWQ1	0.153629
Q7YKX3	P48267	0.217995
Q7YKX3	A8HPN4	0.384365
Q7YKX3	O20032	0.447221
B0K022	P25286	0.617015
P06004	A0A2D0TCJ2	0.0384856
P06004	P14226	0.0822982
P06004	Q9XQR6	0.101259
P69529	Q9XQR6	0.0124724
P69529	D5MAL6	0.0253011
P69529	P06006	0.00608232
O97725	P52505	137.421
O97725	P42026	153.546
O97725	P23934	0.118354
Q8HXG5	Q02374	125.105
Q8HXG5	P23709	143.022
Q7JYH3	P18930	0.884414
Q9W3X7	Q94519	13.7158
Q580I0	Q38BS2	0.129587
Q580I0	D0A232	0.13979
Q580I0	Q57UZ6	0.158404
Q585C2	D0A8P6	0.0988199
Q585C2	Q383N9	0.137948
Q585C2	Q57YD4	0.0644172
Q8K2M0	Q9CQL6	154.13
Q9CQ06	Q99N92	145.648
P40302	P23639	20.5381
P40302	P33297	36.9863
Q08723	P21242	28.3492
Q08723	P23639	21.0749
Q08723	P21243	54.7372
Q4DJY1	Q4DSU0	10.5646
Q4DJY1	Q4D0U7	10.3146
Q4DZ41	Q4D7C8	27.4944
Q4DZ41	A0A061J677	33.2578
Q4DZ41	Q4DMK9	57.1396
Q15029	Q14562	1.0396
Q15029	O60231	1.32972
Q15029	Q9BUQ8	1.06052
Q92620	Q9NXE8	56.7574
Q92620	Q99459	3.09859
Q92620	Q13573	60.6571
P40160	P05756	11.1234
P40160	P02407	42.9146
Q99216	Q12460	35.3609
Q99216	Q04217	14.55
P0A407	P0A429	0.00990751
P0A407	P0A401	0.0186877
P53136	P40007	0.555814
P53136	P35178	1.33501
P53927	Q12080	0.691329
P53927	P38779	1.1109
P53927	P36049	1.24682
A0A087X2I1	Q99460	3.0661
A0A087X2I1	P51665	75.7112
A0A087X2I1	O14818	32.5037
Q13200	P62333	1.45606
Q13200	P62195	2.53082
Q13200	P35998	1.42721
Q9UZL4	Q9V1V5	3.66349
Q9V1U1	Q9V1T9	0.695563
Q9V1U1	P62008	33.3998
Q9CQN7	Q9D1B9	137.37
Q9D7N6	Q9CQF8	132.759
A0A1S3XAX8	A0A076L2E2	79.4577
A0A1S3XAX8	A0A1S3Y4M0	71.9901
A0A1S3XAX8	A0A1S4A3T4	41.9484
A0A1S4DFI4	A0A1S4AU23	82.0388
A0A1S4DFI4	A0A1S3ZRI7	94.7061
A0A1S4DFI4	A0A1S4BW10	56.4671
Q13573	Q13356	292.042
Q13573	Q9HCS7	5.24466
P03886	Q16718	170.936
P03886	O75380	171.625
P03891	P03905	4.56647
P03891	O75380	176.293
A0A836A4Q3	O78754	78.758
Q4CUC7	Q4D5P4	22.3584
Q4CUC7	Q4D6I5	18.808
Q4DTQ1	Q4DSU0	59.6924
Q4DTQ1	Q4D6I5	58.4674
P00397	P19536	145.859
P00397	P43023	95.2114
P00397	P17665	1.9106
P99028	P56391	4.13927
P99028	Q9CQC7	1.36399
P99028	Q99KD6	3.39634
P0DJ13	Q23TC8	1.86712
P0DJ13	P0DJ18	37.3494
Q00454	Q22A30	6.21072
Q00454	Q24F59	49.5227
Q00454	P0DJ17	73.5684
A0A5K1UJS7	G1TJW1	183.169
A0A5K1UJS7	P05198	184.374
A0A5K1UJS7	G1TN62	171.187
G1SS70	G1TM55	183.139
G1SS70	G1TNM3	177.95
G1SS70	E2RH47	177.95
C4M8C9	C4M3F3	3.63892
C4M8C9	O15595	1.53221
C4M8C9	C4LYF9	1.4902
P9WHD3	P9WQK3	0.529291
P9WHD3	P9WHB5	0.804548
A0A2V2VW62	V5B1X4	29.9511
A0A2V2VW62	A0A7J6YFR6	16.8976
A0A2V2VW62	V5BCU3	56.7443
A0A2V2W7U6	V5BHX1	30.3837
A0A2V2W7U6	A0A2V2VV98	20.2449
Q9NX70	Q96RN5	152.484
Q9NX70	Q96HR3	142.507
Q9P086	A0A287ADR4	0.921683
Q9P086	Q9H204	153.059
Q9P086	Q96HR3	157.719
P0A7N4	P0A7V8	0.054931
P0A7N4	P62399	0.106439
P0A7N4	P0A7V0	0.0534323
P0AFG0	P0A7Q1	0.223374
P0AFG0	P60723	0.320552
A0A7M4DUG1	O78747	0.413793
A0A7M4DUG1	O78748	4.48425
A0A7M4DUG1	O78757	80.0517
A0A836D7R1	O78757	32.9946
A0A836D7R1	O78754	1.13682
A0A836D7R1	A0A6P9FRJ5	37.4778
I7JD56	I7KJM4	0.00773227
I7JD56	A0A2R6WM91	0.0411224
I7JWJ2	I7IIM0	0.00720578
P14119	P15825	3.65257
P14119	P14135	12.5897
P14119	P12743	21.3413
P32410	P12743	3.61857
P32410	P10970	7.97272
P32410	P14124	13.3901
E1UWC1	E1UWE0	0.112166
E1UWC1	E1UWB8	0.663939
E1UWC1	E1UWB3	1.02213
P0C2H6	P39715	1.91513
P0C2H6	P38779	1.567
P0C2H6	Q04031	1.63166
P35178	Q02326	0.891739
A8K7J6	Q9BYD1	147.115
A8K7J6	Q9NRX2	140.059
A8K7J6	Q9BQC6	135.93
P09001	Q6P161	178.149
P09001	Q4U2R6	183.209
P09001	Q9BQ48	171.108
A0A3B6QHW3	A0A3B6C6G0	53.8737
Q9CWV0	Q9D8P4	1.03853
Q9CWV0	A0A2I3BQS8	0.570175
Q9CWV0	Q8R2R6	0.171725
Q9D1I6	Q3TBW2	130.677
Q9D1I6	Q9CQF8	125.895
Q9D1I6	Q9CPW3	101.19
A0A1C8XRM8	A0A1C8XRK9	0.142857
A0A1C8XRM8	D0FXX2	0
A0A1C8XRM8	D0FY18	0.252706
A0A1C8XRP3	D0FY13	0.0522088
A0A2K1KU97	A0A2K1K0E4	0.0185489
A0A2K1KU97	A0A2K1KGQ2	0.0318203
O97250	C0H5G3	45.7002
O97250	C6S3J6	30.5153
O97250	Q8I431	36.1648
Q8ILV2	O97313	91.4412
Q8ILV2	Q8IIU8	211.958
Q8ILV2	Q8IAX6	86.3479
P03920	P42026	124.374
P03920	Q02380	129.774
P03920	Q02827	116.11
Q02375	O97725	157.304
Q02375	Q02365	138.293
A0A6P3EDV0	O78748	103.707
A0A6P3EDV0	A0A8N7XJK5	122.88
Q8WUA2	Q9BZJ0	2.85677
Q8WUA2	Q9UMS4	104.637
Q8WUA2	Q9NW64	56.1776
Q9HCS7	Q9NW64	2.89009
Q9HCS7	Q9BZJ0	0.325183
Q6DKI1	P62424	88.7599
Q6DKI1	P18621	84.1186
Q6DKI1	P62750	65.4183
A0A836D7R1	A0A8N7XJG2	48.4613
A0A836D7R1	A0A836A4Q3	1.13285
A0A836D7R1	O78747	42.2027
P60842	P08865	6.48261
P60842	P63244	11.1753
P60842	Q9Y262	212.086
A2FDE0	A2EG54	22.3774
A2FDE0	A2DPS3	44.2059
Q96CB9	Q96A35	0.585612
Q96CB9	Q9NQ50	0.69846
Q96CB9	Q4U2R6	0.388204
Q9H2W6	Q9NRX2	177.969
O43677	O75306	160.173
P03897	O14561	160.226
P03897	Q9P0J0	162.984
P05743	P0CX82	62.1877
P05743	Q08004	0.828716
P05743	P38061	72.8214
Q08687	Q02753	3.3664
Q4CPV7	Q4DZB0	18.7058
F1RGC0	Q6QAT0	98.5065
F1RGC0	Q95342	96.34
I3L7Y1	K7GP63	115.512
I3L7Y1	A1XQU5	165.226
Q15029	Q9Y3C6	2.88888
Q15029	Q9BZJ0	0.266404
Q15029	O43447	3.54571
P43321	Q03776	3.27624
P43321	P36048	2.10115
P61029	Q9V109	19.1939
A0A3Q7FVJ9	A0A3Q7HW81	2.36371
A0A3Q7INK3	K4CG62	80.8164
A0A3Q7INK3	K4CYU9	88.6013
O60841	P62266	4.61683
O60841	P62847	1.8237
O60841	P47813	1.35802
P46781	Q7Z478	3.18846
P46781	Q99613	5.93113
P46781	P62857	125.256
Q7JZK1	P18931	2.1478
Q7JZK1	Q9W380	0.113532
Q9VMI3	Q9VZ01	9.12589
Q8Y440	Q8Y458	0.350503
Q8Y440	P66219	0.0855385
Q8Y444	Q8Y445	0.123265
Q00403	Q16514	178.183
Q13503	A0JLT2	101.382
Q13503	Q9Y2X0	0.407054
Q13503	Q6P1X5	0.33781
G0RYU9	G0SBN1	12.4575
G0RYU9	G0S7X0	13.7179
G0RYU9	G0SCK6	55.26
A0A6P3EDV0	A0A8N7XJG2	126.002
A0A8N7XJ91	O78753	70.4153
P06508	P82163	0.0894211
P06508	P82249	0.216388
P06508	P06507	0.671304
P47910	P82163	0.288107
Q8VCD5	Q9CQ39	166.132
Q8VCD5	Q62276	160.66
Q8VCD5	Q921D4	0.999637
Q9CXU0	Q8C1S0	103.381
Q9CXU0	Q9CQ39	154.891
P33672	Q5E987	161.743
P33672	Q3T0Y5	151.91
P33672	Q3ZCK9	153.279
Q3ZBG0	Q3SZC2	87.0114
Q3ZBG0	Q2TBX6	111.875
Q3ZBG0	Q3MHN0	110.756
G1TM55	G1T8A2	126.771
G1TM55	P47813	168.151
G1TM55	G1SF08	172.649
G1TPG3	G1TVS8	169.743
G1TPG3	G1TJW1	170.634
Q2FEN9	Q2FHJ7	2.06477
Q2FEN9	Q2FEQ5	0.575401
Q2FEQ0	Q2FHJ7	4.85722
G1TFE8	G1TFM5	144.708
G1TFE8	G1TLT8	149.586
G1TFE8	G1TIB4	11.2038
A0A3Q8IGI9	A0A3Q8IDW6	24.5622
A0A3Q8IGI9	A0A3S5H7L0	54.2445
E9BU64	E9BI29	14.3333
Q4DVC6	Q4DB26	26.8329
C4LV64	C4LWJ4	48.6437
C4LV64	O15574	2.145
C4LW40	C4LWJ4	1.10997
P38202	Q02892	3.35101
P38202	P0CX49	0.944563
P38202	P05748	4.99038
Q99257	P0CX84	2.55778
Q99257	P05749	0.850039
Q99257	P0C2H8	2.49472
A8IKR9	Q01656	0.510305
A8IKR9	A8JDM3	0.533154
A8IKR9	Q69B19	0.570499
P40565	P40204	40.0519
P40565	Q12417	19.3612
P40565	Q12368	0.687761
Q06835	Q99181	20.2965
Q06835	Q04693	0.23942
A2EP03	A2DDT1	12.3445
A2EP03	A2DHU7	39.5031
P09001	Q9BYD2	1.77471
P09001	P49406	198.744
P09001	Q9BYD3	194.162
Q9H2W6	Q9NQ50	0.47806
Q9UDW3	P14678	108.502
Q9UDW3	Q6IEG0	181.394
Q9UDW3	Q53GS9	4.63574
A8DYC4	Q9VF27	0.211719
A8DYC4	O97418	0.847423
Q9VTU2	Q9VQM2	8.48466
Q9VTU2	Q7JZK1	35.082
Q9VTU2	P18929	30.0253
P12629	P28803	0.676
P82194	P09594	0.478823
P82194	P27683	0.491898
P82194	P09596	0.117933
A0A381MU64	A4IDD0	20.9443
Q8I3R0	Q8IBQ5	61.0298
Q8I3R0	O96269	51.9543
Q8I3R0	Q8IIU8	97.5943
Q8IDR9	O77395	64.5333
Q8IDR9	O97249	45.895
P40991	P14126	2.15531
P87262	Q07896	0.464318
P87262	Q04660	25.7099
A0A0F7UYM7	B9PXH2	86.3244
A0A125YMR9	B6KQG9	14.4075
A0A125YMR9	S7V273	14.7202
P03891	O15239	152.2
P03891	Q8HAX7	186.688
P56181	P03887	126.535
P56181	Q16718	133.47
P56181	O95178	0.436332
O51445	O51313	0.0249554
P94273	O51313	0.187387
P94273	O51453	0.236942
S8G0I7	S8G5S9	0.398579
S8G0I7	S8G6E6	0.256163
A0ACD6B9N5	A0ACD6B9N1	0.141647
P00415	P07470	64.0325
P00415	P23004	176.613
P00415	P07471	227.184
P13183	P68530	112.23
P13183	P68553	112.23
P91175	P91918	2.68472
P91175	G5EC45	0.376779
Q2G113	P60430	0.507736
Q6CKV4	P0CX86	0
Q6CKV4	Q6CS01	62.5921
Q6CKV4	P33285	69.2042
Q6CWU3	Q6CJK0	1.57041
Q6CWU3	Q6CLU4	56.144
Q6CWU3	Q6CWM6	5.18221
A0A7D4XG42	A0A7D4X9R7	0
Q2IA65	A0A7S3HZY8	0.118295
Q2IA65	A0A7S3I921	0.142371
Q2IA65	A0A7D4X9X4	0.136452
Q9HVC4	Q9HZN4	0.0888889
Q9HWF3	Q8SDE8	0.378052
A2RP74	A2RIX0	0.0374038
Q9VF27	P18929	0.766306
Q9W125	Q9VTU2	26.9148
O79881	F1S031	121.469
O79881	I3LDC3	103.406
P56632	Q71K68	106.729
P56632	Q9TDR1	107.162
P10970	P12743	3.36258
P10970	P12737	0.74346
P10970	P12733	0.974694
P10972	P29198	3.83891
P10972	P12733	0.334698
A8JCL6	Q93VE0	0.0413876
G0SCE2	G0S0D6	42.4012
A0A241XHA2	A0A072ZKF0	3.93822
Q831U9	Q839F8	0.111691
Q831U9	Q839F0	0.162951
A8B2Q4	E2RTN4	61.8056
A8B2Q4	A8B4T7	32.7327
A8BLL7	A8BXE1	24.8078
A8BLL7	A8BI95	78.4424
A8BLL7	A8BM86	136.096
A0A222AI52	A0A222AIF3	0.025444
A0A222AI52	A0A222AI55	0.0932865
A0A222AI52	A0A222AI34	0.148797
A0A222AI78	A0A222AI28	0
A0A222AI78	A0A222AI34	0
A0A222AI78	A0A222AI68	0
Q6CNL2	Q6CU44	70.5137
Q6CNL2	Q6CN12	76.5066
Q6CWJ2	Q6CPG3	87.1315
Q6CWJ2	Q6CNI7	65.4419
Q6CWJ2	Q6CKL3	2.21517
Q22MB0	Q24F70	18.5293
Q22MB0	P0C233	66.5577
Q22MB0	A4VD76	47.616
Q24D42	Q22AV9	21.1088
A0A1S3TU57	E9KZM5	0.0784991
A0A1S3UVC7	A0A1S3U023	0.16419
A0A1S3UVC7	A0A1S3TQ85	0.243134
A0A1S3UVC7	E9KZN6	0.212499
A0A3Q7FNQ5	A0A3Q7GMA5	124.612
A0A3Q7FNQ5	Q6SKP4	94.952
A0A3Q7FNQ5	M1BRF8	93.7551
Q2G0N1	P0A7T7	0.180683
Q2G0N1	Q2FXQ1	0.430993
Q2G0N1	P0ADY3	0.104706
Q17784	Q19211	0.858141
Q17784	Q20716	0.724435
Q17784	Q9U1Q7	0.308478
Q22412	Q18445	123.181
Q22412	Q20716	51.2683
Q22412	Q22836	64.0327
Q9JIK9	Q9CPX7	162.987
Q9JIK9	Q9CXW2	142.693
Q9JIK9	Q9CQE3	145.052
O79882	F1SGC6	1.93197
O79882	A0A8D0K655	98.7339
C4R6B2	C4R7L2	0.844046
C4R6B2	C4QYQ8	0.355392
C4R9A1	C4QZQ7	0.814429
C4R6B2	C4R273	0.28692
C4R7H2	C4QYQ8	0.380381
C4R7H2	P06899	3.97332
Q86TS9	Q7Z7H8	162.15
Q86TS9	Q9BYD2	169.105
Q9NVS2	Q9BQC6	178.129
Q9NVS2	Q8TCC3	180.064
Q9NVS2	Q96EL3	167.089
Q7SHB2	P08580	0.587254
O78748	A0A6P3DZ89	145.621
Q8R2L5	Q924T2	111.232
Q99N87	Q924T2	116.541
P62658	P62657	1.69952
P62658	P62668	0.175086
P62658	P62665	0.0340388
P62662	Q72L76	0.174623
P62662	P62665	0.18574
P62662	Q72GW3	0.0689381
A0A069QB25	A0A072ZCA1	0.140439
A0A071L356	A0A072ZDZ0	1.98188
R1CMT6	R1FP66	0.0741917
R1CMT6	R1EB65	0.142446
R1CMT6	R1CGG7	0.058042
R1CV07	R1FP66	0.0930199
R1CV07	R1EIA6	0.194782
R1CV07	R1BTM8	0.102802
Q5JDJ0	Q5JJF6	11.1895
Q5JDJ0	Q5JGR5	23.6461
Q5JDJ0	Q5JJF8	14.6469
Q5JJG4	Q5JJD3	0.547208
Q5JJG4	Q5JGT3	0.90408
Q5JJG4	Q5JJE4	1.30559
E1UWB3	E1UWD3	26.8859
E1UWB3	E1UWB0	20.2403
E1UWB3	E1UWC5	9.24789
E1UWE3	E1UWB2	21.5266
E1UWE3	E1UWB6	0.262946
E1UWE3	E1UWC6	0.512533
E7ESL0	Q9BYD3	172.259
E7ESL0	Q9P015	1.02937
E7ESL0	Q9BYD2	0.560013
P49406	Q9NWU5	191.474
P49406	Q14197	201.646
P49406	Q9HD33	198.22
Q9VZU4	P18930	35.9926
Q9W125	Q9V4E0	67.6667
Q99LY9	P03903	1.05025
Q99LY9	Q9CQ91	2.23416
Q9Z1P6	P03925	94.1868
Q9Z1P6	Q8K3J1	124.89
Q9Z1P6	Q9CR21	126.248
A0A2K3CRX4	A0A2K3DGK2	0.522991
A0A2K3CRX4	A0A2K3DM91	0.250688
A0A2K3CRX4	A0A2K3D7R0	0.173656
A8JGX6	A0A2K3DDW6	0.195639
A8JGX6	A0A2K3DGK2	0.331127
P19447	P61218	2.14857
P62487	P30876	1.69979
P62487	P29083	181.876
Q4DCN0	Q4DN73	7.67534
Q4DCN0	Q4CXR4	1.78944
Q4DK39	Q4DMK9	66.1021
G0SBX1	P0CT45	0.571874
G0SCP3	G0SHQ2	2.54429
Q2FEN8	Q2FEQ2	0.113468
Q2FG18	Q2FEP5	0.16371
O94658	P0CT68	61.0157
O94658	Q9UUC1	79.4134
A8BI95	A8BE76	43.5014
A8BI95	E2RU47	73.7947
A8BNT5	A8B2Q4	39.0129
A8BNT5	A0A644FBU1	35.412
O96000	Q9P0J0	176.138
O96000	P17568	176.379
P03901	O75380	145.567
E1UWB0	E1UWC5	3.77428
E1UWB0	E1UWA6	1.43054
E1UWE3	E1UWD5	5.014
E1UWE3	A0A1G4KQ11	0.281486
A0A9R1FDI5	Q5I7L1	79.7556
A0A9R1FDI5	A0A1D5XNC2	1.37115
Q7X744	Q5I7K4	90.2183
Q7X744	Q5I7K8	6.35553
Q93WL4	Q9FEK6	0.0207074
Q93WL4	P48268	0.0141406
Q93WL4	Q93WE0	0.0301595
P18931	Q9VTU2	21.6605
P18931	P91929	15.0077
Q9VF27	Q9VZU4	77.4589
A0A3Q7H274	A0A3Q7IN69	73.5454
A0A3Q7H274	K4CG62	94.8301
A0A0M3V8N5	A0A0M4T6M9	0.23119
A0A0M3V8N5	A0A0M3V8P6	1.06819
A0A0M4SY21	A0A0M3V8P6	0.786767
I6TXQ1	I6U860	0.182414
I6TXQ1	I6UQN0	0.217467
I6UZW2	I6UQN5	0.0898526
P18930	Q9VTB4	24.9671
P54578	O00232	202.24
P54578	P62191	186.125
Q9UNM6	P43686	254.086
Q9UNM6	P17980	254.583
Q9UNM6	P25786	131.808
Q9CR59	Q9D1B9	115.225
Q9CR59	Q8K2Y7	99.1721
Q9D338	Q9D8P4	132.135
Q9D338	Q8K2Y7	131.659
P53313	P53877	0.434699
Q02892	P38861	46.5651
P36105	Q08235	42.1271
P36105	P36049	11.4489
P38344	P04456	1.31651
P38344	P05743	25.5088
P38344	P04650	48.2357
G1TUN8	G1TM55	163.921
G1TUN8	G1SQH0	159.219
G1TUN8	G1SZ12	138.554
G1TYL6	G1SE28	46.5908
G1TYL6	G1SKF7	144.555
A0QV42	A0QSG0	0.74252
A0QV42	A0R150	0.404364
A0QV42	A0QSD6	0.164266
A0R151	A0QSF9	0.0171892
A0R151	A0QSD3	0.140971
A0R151	A0QSG8	0.107721
A2DDT1	A2DSF3	14.8417
A2DDT1	A2DZ26	17.1098
A2DDT1	A2D7Q5	17.8884
A2DP51	A2DM33	29.2547
A2DP51	A2ET60	58.4655
P0A7L0	P0A7R1	0.382005
P0A7L0	P60723	0.334354
P0ADY3	P60723	0.328803
P0ADY3	P0A7J3	0.0476472
P0ADY3	P0A7V3	0.103423
Q04693	Q07508	0.353405
Q12417	P54999	25.7875
Q12417	Q03375	0.605387
P43321	Q05900	9.042
P43321	Q07508	24.5849
P43321	Q06835	86.1627
Q00723	Q99181	0.353665
Q00723	P32639	0.284432
Q00723	Q12368	0.335967
Q08962	Q03532	20.4048
Q08962	Q07896	1.16664
C3SR12	A0A0E2L2J1	0.133694
C3SR12	A0A6I7DAD8	0.133694
C3SR12	C3SQT7	0.0530993
P04911	P40154	4.21084
P04911	Q02732	1.26657
Q12493	P38265	0.37467
Q12493	P38313	0.835655
Q388L7	Q388R7	0.136667
Q38C96	Q389T7	0.244486
Q38C96	Q585C2	0.151424
Q38C96	Q38AX6	0.17853
B9PHL8	B9Q056	1.22033
B9PHL8	B9PX63	4.02636
B9PMB3	A0A0F7UXI8	80.4837
P28778	Q03976	0.190959
Q03246	Q02950	0.535129
Q03246	Q12487	2.22156
Q03246	P53732	0.511817
P36516	P36523	0.0702442
P36516	P53881	0.146726
P36516	P38783	0.186154
P51998	Q02204	0.309494
P51998	Q04598	0.574992
P51998	P25642	0.333413
P68373	Q6B966	1.78892
P68373	Q9R1M5	3.18987
Q9WTX5	P68372	3.10774
Q9WTX5	Q7TMM9	2.77797
Q4FRE5	Q4FUD5	6.58506
Q4FRE5	Q4FUF6	0.0848724
Q4FUC6	Q4FUD0	0.102941
O74772	O42661	92.6437
O74772	Q09882	43.7937
O94316	Q10163	1.22096
O94316	Q9UUC6	1.38906
O94316	O74966	0.774588
A8K9D2	Q4U2R6	172.251
A8K9D2	Q9P0M9	166.278
Q9BZE1	Q9NRX2	193.39
Q9BZE1	Q9BYC9	5.70768
Q9BZE1	Q9NWU5	198.209
A8JCJ2	Q2XQY7	1.31948
A8JCJ2	A8JBY2	0.478519
A8JCJ2	A0A2K3CQB1	0.729149
B8LIX8	Q6RCE1	0.716085
B8LIX8	Q68RJ5	5.3205
B8LIX8	A8HN58	9.54848
Q2FEQ2	Q2FEP3	0
Q2FEQ2	A6QJ59	0.105927
E1UWB8	E1UWB9	0.0784647
E1UWE2	E1UWB1	6.97069
E1UWE2	E1UWC8	0.775734
P82403	P06506	0.476818
P82412	P82024	0.291186
P82412	P29344	0.34051
A0A3S7X558	A0A3S5H5Z2	64.1042
A0A3S7X558	A4IDS4	57.4609
A0A3S7X558	E9BAR6	9.84845
E9BTG4	E9BQ25	26.9896
E9BTG4	A0A3S5H6N5	1.52431
Q08962	P05748	0.062263
Q08962	Q02326	1.76843
Q12522	P05738	1.38305
Q12522	P05737	90.9201
Q12522	Q02326	5.5836
Q7Z7H8	Q7Z2W9	174.127
Q7Z7H8	Q9H3J6	2.8181
Q7Z7H8	Q5T653	179.641
Q9P0P8	Q9NVS2	1.24165
Q9P0P8	A8K9D2	0.366853
Q9P0P8	Q9NX20	0.813098
P0CG47	Q96RU2	6.4594
P0CG47	Q99728	8.78641
P0CG47	Q99460	2.79924
Q13200	P25787	0.372106
Q13200	P51665	1.30086
A0A1M5L9G3	A0A1J7CBV3	1.6221
G1DJA2	G1DJA3	1.95705
R4ZGW6	R4ZGX6	0.0381242
R4ZGX8	R4ZGU2	0
R4ZGX8	R4ZGT1	0.117824
A0A077UDU1	W8TUC9	0.153815
A0A077VHU6	W8TUC3	0.808731
A0A077VHU6	A0A077UKD6	1.34481
A0A077VHU6	Q2YYM1	1.34481
A0A1B2U0F3	A0A1B2U1R1	0.293655
A0A1B2U0F3	A0A1M5L9Q4	0.407798
A0A1B2U0F3	A0A1B2U029	0.0247491
A0A1J7BX85	A0A1B2U0F5	0.0717147
A0A1J7BX85	A0A1M7D8T4	0.118265
A0A1J7BX85	A0A1M7D8T3	0.573611
Q13888	P18074	197.259
Q13888	P35269	199.475
Q15542	Q16514	184.819
Q15542	P49848	214.115
Q15542	Q16594	361.167
O60306	P08579	2.27567
O60306	Q9Y388	0.96964
O60306	Q9P013	1.55419
P09661	P62318	214.33
P09661	Q9P013	176.55
P09661	Q13573	191.035
P39573	Q980W3	9.03125
P95987	Q97ZR1	4.12044
Q12343	P04050	0.290435
P05745	P26321	51.8357
P05745	P05740	7.08946
P40007	P0C2H6	1.66651
P40007	P36105	2.11406
P00829	P01096	101.118
P00829	P02721	149.538
P00829	P05630	158.4
P00847	P19483	146.621
P00847	Q28851	0.10353
Q72I11	P62664	0.029828
Q72I19	P62662	0.473698
P62269	P62753	129.984
P62269	P47813	124.777
Q8N9N8	P60866	7.83468
O00541	P26373	7.33466
O00541	P62750	161.904
O00541	P30050	5.10068
Q9Y3C1	P61254	16.9379
Q9Y3C1	P62424	20.6259
G1SUC8	G1T3L2	186.936
G1SUC8	G1ST95	177.922
G1TN72	G1SZ47	160.722
G1TN72	G1SVB0	183.429
G1TN72	A0A6P3CWF8	197.234
A0A6P3E975	A0A836A4Q3	88.1715
A0A6P3E975	O78754	118.637
D6QZ20	O78754	0.466518
D6QZ20	O78757	98.7836
D6QZ20	A0A8N7XJ68	139.659
O95299	Q8HAX7	187.101
O95299	P03923	192.706
Q86Y39	O95167	1.10571
Q86Y39	O95169	130.759
Q86Y39	O43181	122.453
Q99N95	Q9D0Q7	150.195
Q99N95	Q9D338	138.278
Q9JKF7	Q8K2Y7	146.061
A0A1S3UI49	A0A1S3VT00	0.152025
A0A1S3UI49	A0A1S3ULL3	0.417474
A0A1S3UI49	A0A1S3UPL8	0.0507812
A0A1S3VI15	A0A1S3VT00	0.0978731
A0A1S3VI15	A0A1S3U544	0.0898705
A0A1S3VI15	E9KZM5	0.179474
P62424	Q02878	211.556
P62424	P30050	189.569
P62424	P35268	2.29312
Q9H9Y2	Q02878	5.51057
Q6CJK0	P38664	104.704
Q6CJK0	Q6CPG3	83.6754
Q6CJK0	P69061	41.4935
Q6CN12	Q6CWU3	0.0974988
Q6CN12	Q6CWD0	1.97863
Q6CN12	Q6CKL3	49.0234
P0A7I0	P0A7U3	0.017663
P0A7I0	P0A7S9	0.135476
P0A7I0	Q5SHP2	0.186679
P0A7M9	P0A7P5	0
P0A7M9	P0AA10	0.28159
P52657	P60899	170.865
P52657	Q15543	2.30268
A0A1S4BFD5	A0A1S4D5P7	3.20035
A0A1S4BFD5	A0A1S3X0M5	79.9575
A0A1S4BFD5	A0A1S4D2I2	79.8135
A0A1S4D668	P41098	55.5279
A0A1S4D668	A0A1S4CSN1	88.6526
A0A1S4D668	A0A1S4D5P7	107.427
Q924T2	Q8VE22	102.226
Q9CR88	Q8BJZ4	138.665
P0A429	P0A427	0
P0A429	P0A401	0.0104105
P34942	Q02375	156.631
P34942	Q95KV7	145.944
P34942	Q02374	142.951
P34943	P42026	2.89134
P34943	P03887	0.550199
Q5JGJ4	Q5JJG3	34.4527
Q5JGJ4	Q5JDM6	17.9356
Q5JJG6	Q5JJF7	0.598667
P82129	P19954	0.399872
P82403	P82024	0.409531
G1T168	G1TN62	0.873438
G1T168	G1SK22	165.047
G1T168	P79781	91.9401
G1TN72	G1TIB4	144.75
G1TN72	G1T1F0	3.56133
G1TN72	A0A5F9C991	5.31005
P26565	A8IUC3	0.0486516
Q70DX8	P59775	0.327982
Q70DX8	A8I8A3	0.616618
P75543	Q50305	0.379108
P75543	Q50297	0.153263
P75543	P75179	0.801832
P75577	P75173	0.475205
P47756	P68135	412.391
P47756	P61157	110.237
P61254	P62979	5.7954
P61254	P42766	165.839
P61254	P62888	155.146
P62987	P40429	178.08
P62987	P32969	5.50684
Q7MTM9	Q7MX94	0.108153
Q7MTN2	Q7MTM6	3.43479
Q7MTN2	Q7MX95	0.419755
Q7MTN2	Q7MTL8	0.595805
P0A5X7	P0A5X3	0.036616
P0A5X7	P66575	0.122445
P0A5X7	P0A5X1	0.045241
P45811	P66575	0.248191
O79880	A0A4X1VX77	0.998769
O79880	K7GR43	82.3412
Q71K68	A0A4X1T6M0	117.453
Q71K68	A0A480JYS1	143.13
Q9D8B4	Q8R1I1	0.0316933
Q9D8B4	Q91WD5	108.549
Q9D8B4	P99028	0.185672
Q9Z1P6	G5E814	93.2672
Q9Z1P6	Q9DCT2	149.14
Q9Z1P6	O35683	113.789
Q9CQ06	Q99N91	121.972
Q9CQ06	Q8K2Y7	139.402
Q9CQ06	Q9D1N9	151.899
Q9CQ40	Q8R035	7.92262
Q03654	P21374	0.77855
Q03654	P53277	0.551092
Q03654	Q06091	0.559341
Q99181	P53207	0.964145
Q99181	P33203	2.46887
Q99181	Q02554	1.02434
Q8TH71	Q8TRU1	0.407061
Q8TRT4	A0A832SGR1	1.33027
Q8TRT4	Q8TRR2	0.348335
Q8TRT4	Q8TRS8	7.08391
A0A3B6RED0	A0A9R1JSD6	112.907
A0A3B6RED0	Q7X9K4	72.3039
A0A3B6RED0	A0A1D5S805	79.5365
Q5I7K7	W5FSM8	79.7752
F1SLR1	A0A8D0TJQ4	40.3492
F1SLR1	K7GR43	90.0643
F1SLR1	A0A8D0W261	0.93457
P0A7L8	A0A3S4NPI3	0.348235
P0A7L8	P0ADY7	0.320069
P0A7L8	A7ZSK2	0.320069
P82911	Q2YDF6	3.14138
P82911	P82926	96.0241
P82911	Q29RU1	53.1091
P82913	Q6B860	136.906
P82913	P82669	139.461
O49937	P82190	1.01237
O49937	P28803	0.790236
P28804	P28803	0.195724
P28804	P24613	0.316132
P28804	P82190	0.351058
P12875	P12877	0.0362213
P12879	P21473	0.311117
P12879	P21474	0.691583
A0A1B2U0I0	A0A1B2U0F5	0.792962
A0A1B2U0I0	A0A1M5M9Q7	1.76032
A0A1B2U0I0	A0A1J7BX85	0.314421
A0A1B2U1H3	A0A1M5M9Q7	1.51911
A0A1B2U1H3	A0A1M5HDD0	0.116585
A0A1B2U1H3	A0A1B2U029	0.220943
P0CX53	P53145	2.35438
P0CX53	Q04311	2.20435
P0CX53	P38061	105.528
P53742	P0CX41	2.34796
B8BUU4	B8BSY9	0.0982938
B8BUU4	B6ZHE9	0.123716
B8CC14	B8BYH2	0.224457
B8CC14	A0T0N4	0.166717
B8CC14	A0T0U2	0.131358
P52657	Q5VWG9	3.00693
P52657	P20226	1.85064
Q9BUE0	Q9NWA0	171.497
Q9BUE0	A0A287ADR4	2.36403
Q9BUE0	Q9NPJ6	180.086
C4LV69	B1N384	29.9061
C4LV69	C4LUN3	12.0943
A0A7D4X9R7	A0A7S3HV91	0
A0A7D4X9R7	A0A7D4X9X4	0
A0A7D4X9R7	A0A7D4XMT1	0
Q2IA65	A0A7S3I4E9	0.0829267
P14119	P60617	1.71941
P14119	P14121	0.0937854
P14119	P12736	2.88401
P14123	P12743	14.7632
P14123	P60618	10.6163
P14123	P14124	5.85549
Q9Z2U1	Q60692	113.223
Q9Z2U1	O55234	130.566
Q9Z2U1	P99026	149.124
A0A480VKQ8	A0A4X1VLA2	135.507
F1SGC6	A0A8D1NRT6	145.336
F1SGC6	A0A8D0K655	145.336
F1SGC6	A0A4X1VD84	138.257
A7N9V0	Q14JC0	0.803007
A7N9V0	Q14JB5	3.1836
A7N9V0	A7NCH9	0.0485057
A7NDB3	A7N9U4	0.321086
A7NDB3	Q2A332	2.56463
A7NDB3	A7NCH9	0.0303672
A2RLS5	A2RNP5	0.173569
A2RLS5	A2RNQ5	1.05594
A0A7D4X9Y3	Q2IA66	0
A0A7D4X9Y3	A0A7D4XMU0	0.00951087
A0A7D4X9Y3	A0A7D4X9X4	0.0155995
A0A7D4XMW6	A0A7D4X9X4	0.0071753
A0A7D4XMW6	A0A7S3I4E9	0
S8F063	A0A0F7VBJ0	0.270688
S8F063	A0A125YN27	0.18657
S8F063	S8ERU3	0.195634
S8G0I7	A0A125YR83	0.199117
S8G0I7	S8F879	0.316817
P00410	P00425	0.0724519
P00410	P37299	0.0751281
P07256	P07143	12.7886
P07256	P00425	0.224847
Q5SHN8	Q5SHQ7	0.112654
Q5SHP2	Q5SHZ1	0.091711
Q5SHP2	P17291	0.13048
E9BMB4	A0A3Q8IDW6	0.177078
E9BMB4	A0A3S7X961	0.176471
E9BMB4	E9BBL5	65.5166
P20435	P36070	5.02438
Q12343	P27999	2.87898
A1B491	A1B5L6	1.07977
A1B491	A1B487	53.3315
A1B491	A1B498	31.691
A0A9R1HBE9	A0A1D5SLI4	78.2596
A0A9R1HBE9	Q5I7K6	2.87805
Q7RZF0	Q7S4E7	0.104617
Q7S300	Q7S5N0	0.523212
G1TN62	G1TZ76	144.422
G1TN62	G1U7M4	131.958
G1TN62	G1SJB4	124.789
G1U971	G1TZ76	5.10645
G1U971	G1SVB0	4.42361
G1U971	G1SP51	6.14604
Q9LWB5	P09596	0.0804324
Q9LWB5	P82244	0.53645
Q2FW11	Q2FUQ0	0.296486
Q2FW11	Q2FXT0	0.196945
Q2FW11	Q2FW12	0.132183
Q2FXQ0	Q2FW16	0.00906607
Q2FXQ0	P0A0F8	0.600768
A8B1T3	A8B8Z6	24.8106
A8B1T3	A8B7H8	16.2326
A8B1T3	A8B4T7	13.5049
A8B8Z6	A8BYA6	1.90365
A8BRZ3	A8BU75	42.1569
A8BRZ3	A8BRH7	18.5714
A8BRZ3	A8B8Z2	58.0915
Q72IN1	Q72I04	0.194487
Q22DV8	Q228N4	0.182981
Q22DV8	I7M0G0	0.324223
Q22DV8	I7MCZ0	0.347236
Q24I07	Q22ZH1	0.101235
Q24I07	Q239R1	0.0600804
Q24I07	I7LVQ8	0.105321
O14011	O42661	29.7282
O14011	P87051	96.6925
O14011	O59733	10.4683
O94316	O13615	0.779469
O94316	P87126	0.349614
A0A6V2SE28	A0A7S3WIW7	0.0842428
C4LZH1	C4M8R8	18.9271
C4M0X0	C4LX05	69.493
O95169	P03915	199.97
P03891	Q9NX14	167.313
A0A5F9D391	G1TFE0	116.573
A0A5F9D391	G1T6D1	113.819
A0A5F9D391	G1TUB8	268.992
G1TUN8	G1SHQ2	163.261
G1TUN8	G1TL06	149.159
A0A0U5A6U3	Q92B01	0.27723
A0A0U5A742	A0A0U5A730	0.372514
A0A0U5A742	A0A0U4VSH7	9.16706
B8LE61	B8CEQ3	0.0285362
G1SLC2	G1TLT8	8.10231
G1SLC2	G1TNM3	35.1948
G1SLC2	A0A1U7U441	7.82038
G1TFE8	G1SWM1	1.66266
G1TFE8	O18789	2.13171
G1TFE8	G1TM82	3.455
A0A6P3CWF8	G1TPG3	191.194
G1SJB4	G1TPG3	129.216
G1SJB4	G1SZF4	1.83623
G1SJB4	G1SK22	10.312
P9WH33	P9WH27	0.0222107
P9WH33	P9WH35	0.248191
P9WH63	P9WH51	0.0320789
P9WH63	P9WH27	0.0132576
P10121	O07347	5.35558
P10121	P18962	0.451769
P10121	P0AGD7	4.68366
P62399	P0AGD7	2.78267
P62399	P0A9W3	0.319634
I6UZV7	I6UQN0	0.29337
I6UZV7	I6TXP7	0.92467
I6UZV7	I6V297	1.67953
I6V2A4	I6TXQ1	0.142292
I6V2A4	I6V297	0.0334657
P62917	P42766	158.675
P62917	P49207	159.314
Q9BRT6	P50914	4.85419
Q9BRT6	Q9Y3U8	0.260834
Q22X38	P0DJ18	36.4344
Q22X38	P0DJ54	48.8071
Q22X38	Q00454	80.0993
Q23F79	P0DJ55	42.9342
P32610	P32366	46.6054
P32610	B3LJG1	0.410294
P0A705	P0ADY7	0.703536
P0A705	P02413	0.685659
P0A705	P0AG48	0.363641
P0A7W7	P0A8V2	0.217494
P0A7W7	P0A7S4	0.0181762
O75787	P61421	156.394
O75787	Q99437	24.9906
O75787	O15342	0.148642
P21283	Q16864	133.797
P21283	O75348	0.342888
P21283	P36543	143.552
A0A0M4T6V1	A0A0M4U627	2.14034
A0A3S7X558	E9BQ25	45.8305
E9BJI2	E9BJV7	39.2317
E9BJI2	E9BI96	32.808
E9BJI2	E9BQ25	38.6712
G0S4P8	G0SBX1	68.0447
G0S4P8	G0S495	2.99214
G0S4P8	G0S8F1	67.9139
A0A1D5RRD3	P62125	0.0486667
A0A1D5RRD3	A0A3B6SS17	1.02958
W5ECL2	A0A1D6BC85	0.820953
Q6A6N5	Q6A6Q8	0.0677507
O94906	O43172	0.778246
O94906	P62306	3.37447
O94906	Q9UDW3	0.468088
Q2TAY7	O43447	11.533
Q2TAY7	Q13123	199.326
Q2TAY7	O75554	214.874
A8J503	A8HXM1	0.239707
A8J503	Q84U22	0.284368
A8J503	A8INR7	0.113692
P14123	P12733	0.333671
P14123	Q9RY65	0.235059
P60619	P14121	0.100508
P60619	P14122	1.72725
Q50297	P75541	1.01341
Q50301	P75131	0.387557
P22452	P12732	14.8993
P22452	P10972	7.6215
P22452	P10971	9.72056
P60619	P14119	9.80274
Q6CEK9	Q6C9Z1	0.182233
Q6CEK9	B5FVD3	0.0844578
Q6CEK9	F2Z6D7	0.267368
Q7S6M9	A7UWX2	0.347366
Q7S6M9	Q7SGU0	0.295127
Q7S6M9	V5ILE0	0.614478
Q7SF85	Q7S7R6	0.529737
Q7SF85	Q1K8V2	0.249927
Q7SF85	Q1K5R0	0.308096
P34067	P18422	17.4086
P34067	P18421	16.2188
P34067	P28073	151.582
P40112	P28073	23.8161
P40112	Q9JHW0	20.27
Q9NUL7	Q9BYD2	3.33149
Q9NUL7	Q9P0M9	4.94676
Q9NUL7	Q9HC36	0.647421
Q9P015	Q7Z6M4	2.09399
Q9P015	Q4U2R6	179.387
Q9P015	Q9Y6G3	183.217
P0CG47	P84051	0.0205663
P0CG47	P33299	0.593774
P25787	P28066	42
P25787	Q53H80	0.636963
B4DVU3	Q13347	2.85719
B4DVU3	O00303	4.76103
B4DVU3	P42677	2.75135
P63244	Q9NYL2	2.67115
P63244	P62273	140.341
P63244	P62945	0
A0A1C8XRP3	D0FXZ2	0.085892
A0A9J4RF14	A0A1C8XRM8	0.0612427
A0A9J4RF14	D0FXZ3	0
A0A9J4RF14	A0A1C8XRK9	0.0351544
Q6C7X2	Q6CI60	6.17198
Q6C7X2	A0A1H6Q311	0.066835
A0A1B4XKS3	A0A1B4XKS6	0.0130854
A0A1B4XKS3	A0A1B4XRW3	0.0667773
A0A1B4XKS3	A0A1B4XKQ7	0.00605508
A0A1B4XKX1	A0A1B4XKT6	1.68593
A0A1B4XKX1	A0A1B4XMV6	0.0322923
P32570	P07273	0.886437
P38633	Q08278	10.6617
P25787	P28072	166.778
P25787	P40306	111.61
P28062	O14818	15.4377
P28062	P25789	12.9669
O95298	O96000	170.678
P17568	Q86Y39	123.935
P82926	P82925	118.735
P82926	Q2YDF6	3.50209
P66106	P66070	0.0608718
P66106	P66122	0.32623
P66106	P66128	0.102217
E1UWA7	E1UWC2	52.1477
E1UWA7	E1UWD3	45.4765
E1UWA7	E1UWA6	84.5099
E1UWC3	E1UWE6	0.145651
E1UWC3	E1UWC2	0.669481
E1UWC3	E1UWC6	0.812867
Q96EY7	Q92665	199.113
Q96EY7	O60783	192.032
G0SFL0	G0S9B5	70.3018
Q99K74	Q62276	1.32927
Q99K74	Q6PGF3	0.248642
Q2FW33	Q2FW22	1.40384
Q2FZ42	Q2FW13	1.36237
Q2FZ42	Q2FXT0	2.58309
P30657	P33299	86.1217
P30657	P33297	52.8026
P53549	P21242	40.0418
P53549	P40303	10.8423
P53549	P23639	33.7882
G0SB83	G0S086	0.417721
G1DJA3	G0S2B3	0.722167
G1DJA3	G0SAY0	2.27475
P40033	P53937	0.105199
P40033	P40496	0.783707
P40033	P53724	0.853821
Q03799	P53937	0.0368148
Q03799	P10663	0.216718
A0A9R0J8B1	P06512	0.0785369
A0A9R0J8B1	A0A9R0J335	0.0277005
P22179	Q9S831	0.0455517
P60497	P92533	0.699201
P60497	Q9C9Z5	0
Q9SLC8	Q945M1	0.155945
Q9SLC8	Q9SIQ8	0.199531
Q9SLC8	Q9FYF8	0.771661
Q8TZD9	Q8U0E2	9.59421
Q8TZD9	Q8U0M6	20.3945
Q8U002	Q8U013	0.369995
Q8U002	Q8U0E2	9.58134
Q9BZE4	Q9NVX2	7.89394
Q9NQ55	P39023	5.79188
Q9NQ55	O75683	2.00845
Q9NQ55	P18621	5.91434
F2Z293	Q9M3M6	0.0442719
P12359	P12333	0.0310681
P12359	Q9M3M6	0.0527108
P12359	P12301	0.167221
P03887	Q02370	131.072
P03887	P42029	145.562
P03910	P03892	6.51372
P03910	P34942	135.508
O43181	O75251	174.449
O43181	P56181	0.897672
A0A480VKQ8	A0A4X1TFI3	106.161
A0A4X1THU2	A0A8D0Z0K9	121.243
A0A4X1THU2	A0A8D0K655	226.761
A0A4X1THU2	A0A286ZPR8	0.186845
P03899	Q9CR21	82.2229
P03899	Q9CPP6	82.0687
P03899	Q9CQZ5	87.6305
O96774	P0DJ58	73.1374
O96774	P0DJ52	78.9486
P0DJ14	Q22A30	97.8475
P0DJ14	P0DJ61	52.0339
Q382E8	C9ZPP1	0.151313
Q382E8	Q57UA2	0.19168
Q382E8	Q57UK0	0.233942
Q38BW5	Q584U9	0.453869
Q38BW5	C9ZNU0	0.420659
Q38BW5	Q38DK6	0.407372
P14126	P41057	86.1673
P14126	P35997	195.561
P47047	Q08285	0.253549
P47047	P53261	0.620369
A0A175JXH6	O15574	88.5456
A0A175JXH6	C4LYA7	32.1793
A0A175JXH6	C4M609	1.76319
C4M727	C4M919	8.55402
C4M727	O15574	39.8629
C4M727	C4LVH6	22.7945
P18621	Q02878	365.863
P18621	Q9UKD2	10.1197
Q8TDN6	P62906	188.795
Q8LGE7	Q9FJW4	7.64904
Q8LGE7	Q9LHI0	3.91914
Q9M9M9	Q42577	17.1698
Q9M9M9	P92558	11.7298
Q9M9M9	B5TM92	11.995
A8IW03	A0A2K3CXL0	0.452701
A8IW03	A0A2K3DFB5	0.319165
Q14C51	Q8BJZ4	139.485
Q9D7N3	Q6P3B9	2.56929
A0T0T1	A0T0U2	0.127262
A0T0T1	A0T0T3	0.0597612
A0T0T1	B8BUU4	0.041104
B8BYH2	A0T0P5	0.227898
B8BYH2	A0T0W2	0.294543
B8BYH2	A0T0S8	0.0140788
P62750	P30419	1.34664
P62750	P39023	135.405
P62750	Q9Y3U8	143.079
Q96A33	Q02878	1.75999
A0QSG4	A0QSL9	0.196345
A0QSG4	A0R7F6	0.519886
A0QSG4	A0QSD2	0.155775
V6TF11	A8BQU8	58.6433
V6TG99	A8B4F8	25.9145
V6TG99	A8B7H8	42.3772
V6TG99	V6TD19	19.8144
Q9CPV3	Q9CY73	140.305
P03905	O95178	178.773
P17568	P03915	188.532
P17568	O43676	158.773
Q8LDK3	B5TM94	6.14335
Q94C12	P93313	0.126625
Q94C12	B5TM93	0.133505
G6FMD3	G6FW99	0.0744828
G6FMD3	G6FW50	0
G6FMD3	G6FMF1	0.032314
G6FV28	G6FME9	0.0515565
G6FV28	G6FWT6	0.0586864
G6FV28	G6FW50	0
O75570	Q9NQ50	3.79218
O75570	Q9P0M9	73.6828
O75570	F1SU66	3.71327
Q96EL2	P82650	183.722
Q96EL2	P82675	186.101
Q96EL2	Q9BQC6	168.037
Q6C8J9	F2Z619	7.06772
Q6C8J9	Q9UUT8	7.06772
Q9B6C7	Q6CI60	3.22965
Q9B6C7	Q6C4W9	4.79378
Q9B6C7	Q9B6D4	3.49956
Q4FUE6	Q4FQ45	0.117213
Q06287	Q12499	69.5979
Q06287	Q04305	14.7352
Q06287	Q12136	6.07192
Q12460	P26786	59.8954
P63173	P62424	6.09581
P63173	P46777	145.957
A0A1B4XKT6	A0A1B4XKV5	0.232334
A0A1B4XKT6	A0A1B4XKT1	0.122394
A0A1B4XKT7	A0A1B4XKS1	0.0347514
D5MAJ8	A0A2D0TCJ0	0.0561109
P07371	D5MAL6	0.0229049
P07371	P13554	0.00344874
A0A3Q8IHK2	E9BFK4	24.3101
A0A3Q8IHK2	A0A3Q8IET6	27.2311
A0A3Q8IHK2	E9B949	17.2398
P62885	A0A3S5H7L0	65.0862
P28804	P82194	1.03077
P28804	P27683	0.203673
P82411	P24613	0.127761
P82411	P82413	0.160537
P82411	P28803	0.0856008
F2Z293	P69560	0.0373635
Q9M3L2	P12333	0.0825843
Q9M3L2	A0A9R0JQ89	0.312821
Q9M3L2	Q9M3M6	0
Q4DZ41	Q4DN73	111.574
Q4E3G1	Q4D7F2	0.324153
Q4E3G1	Q4DJY1	0.451134
P16784	P16785	0.398294
P16799	P16726	0.256241
P16799	P16783	0.12282
P16799	P08318	0.266729
Q4E093	Q4DGZ5	42.7241
Q4E093	Q4E0Q3	68.7883
Q4E093	Q4D0U7	41.3097
Q9BZE4	Q9BVP2	242.507
Q9BZE4	P61513	2.23635
Q9BZE4	P62891	3.11842
Q9NZM5	O76021	3.24148
Q9NZM5	Q13823	4.39622
Q9NZM5	O00541	5.10825
P35871	Q5SLP7	0.149119
P35871	P80341	0.133333
Q76G20	P80371	0.293542
Q76G20	Q5SLP7	0.485665
Q76G20	P17291	0.585006
P0CX47	Q06631	1.7377
P0CX47	P34078	2.83149
P0CX47	P02406	68.5421
P40160	P26783	9.00286
O95299	Q16718	1.39012
O95299	P19404	190.34
P03901	P03923	4.20807
P0A7N9	P0C018	0.987257
P0A7N9	P0A7X3	1.0572
P0A7W7	P0AG59	0.115308
P29055	P13393	56.866
P29055	P22139	29.0786
G0S9U7	G0S4I7	1.36766
G0S9U7	G0RYD8	17.1395
G0S9U7	G0S1V3	104.954
G0SI53	G0SDJ6	0.626034
G0SI53	G0RZD9	3.93674
P12301	P12302	0.202667
P62112	P61840	0
P62112	P69383	0.0793763
P30050	Q07020	166.373
P30050	P62750	138.38
Q96EY4	Q02543	9.35591
Q96EY4	P62750	6.49829
Q96EY4	P83881	13.4986
P25337	Q04048	0.570794
P25337	P36048	1.06345
P25337	Q02260	41.4774
P49955	P54999	0.558319
P49955	P38282	0.486086
P49955	Q07930	0.24325
Q8U011	P61994	9.68346
Q8U011	Q8U442	2.98246
P40372	O13672	95.0813
P40372	O60143	162.013
P40372	P05734	86.1739
Q9UU79	O74895	125.186
Q9UU79	Q10232	73.2911
P54578	Q13200	0.570148
Q15008	P43686	276.465
Q15008	P0CG48	302.167
Q15008	P17980	276.24
A0A8D1FAG1	A0A4X1UIV8	125.948
A0A8D1FAG1	A0A8D1EYI7	124.478
F1SLR1	A0A480JRW3	3.2484
F1SLR1	A1XQS6	93.2895
Q4DQZ2	Q4DM75	0.587768
Q4DQZ2	Q4DZB0	1.03768
Q4DY32	Q4DZB0	0.308646
Q4DY32	A0A2V2WGW5	0.695743
C7DZL9	P18933	2.68624
C7DZL9	Q9W402	10.6848
C7DZL9	Q9VXK7	0.934138
A0A5F9D391	G1T0C1	124.422
G1SQH0	G1T040	151.167
G1SQH0	G1SHQ2	170.458
G1TK17	G1TZ76	153.458
G1TK17	G1U7L1	139.373
G1TK17	G1U7M4	142.617
G1U971	B7NZS8	7.16475
G1U971	G1TPV3	4.93713
G1U971	G1SED9	1.56261
Q8K3J1	G5E814	88.061
Q8K3J1	Q9DCT2	142.587
Q8K3J1	Q9CQZ5	1.16293
Q9D8B4	P03911	83.2425
Q9D8B4	Q9D855	0.064916
Q4FRE4	Q4FUE2	0.0426728
Q4FUD9	Q4FUF0	0.0545648
P62241	P63173	144.071
P62241	P63220	148.535
P62241	P15880	185.356
P62857	P61247	146.052
P62857	P62753	143.709
P62857	P46782	139.921
G3V6W6	P48004	21.9226
G3V6W6	P60901	195.467
G3V6W6	P18422	195.46
P17220	P62198	68.7463
P17220	Q63347	64.1289
P17220	P62193	72.2587
P56537	P61254	8.6753
P61513	P18077	148.963
A1AZ52	A1AZB0	0.300321
A1B486	A1AZB0	17.5434
A1B486	A1B491	90.0632
A1B486	A1B487	0.742562
Q4CXX2	Q4E088	32.5271
Q4CXX2	Q4DSU0	48.9561
Q4CXX2	Q4DJY1	12.5767
Q4E3G1	Q4DCN0	0.408444
Q8IBN5	O77395	102.259
Q8IBN5	Q8ILN8	36.7404
Q8IK02	Q8I502	63.285
Q8IK02	A0A5K1K8V8	19.0902
Q8IK02	C0H4K8	55.4454
A8DYC4	Q9W380	0.0928096
Q7JZK1	P18929	49.8522
Q8BU88	Q9CQ06	154.066
Q8BU88	Q8K2Y7	136.644
Q8BU88	Q9D1N9	146.671
Q9CQ40	Q8K2M0	164.575
Q4G371	Q4G373	0
Q4G371	Q4G3F5	0.0101272
Q4G3B9	R1FED1	0.0534555
Q9D1H8	Q3UK02	0.159784
Q9D338	Q9CQL4	108.96
Q9D338	Q9D0Y8	118.027
C4LXZ0	B1N384	29.6761
C4LXZ0	C4LVZ9	33.9112
C4LXZ0	C4M3F3	28.4006
C4M8R8	C4LXC8	18.0837
P0A7R1	P0A7X3	0.613423
P0A7R1	P0ADZ4	1.3508
P0A7R1	P0A7M2	0.257099
P0AFX0	P0A7S3	0.0121392
P0AFX0	P02413	0.127924
P0AFX0	P0A7X3	0.0470445
O78755	A0A6P3DZ89	148.869
A0A9J4RF13	D0FY18	0.24026
D0FXZ3	D0FY04	0.127289
D0FXZ3	D0FXZ2	0
D0FXZ3	D0FY05	0.0517131
P58064	Q9CQA6	141.843
P0A7M6	P0A7Q1	0.122589
P0A7M6	P0A7P5	0.938923
P0A7M6	P0ADY7	0.222689
P0A7N9	P0A7M9	0.0758442
P0A7N9	P0A6N4	0.288685
P0A7N9	P0AG48	0.170874
P0CT77	O74836	107.808
P0CT77	P0CT67	1.70013
P67984	Q9JJI8	99.3718
P67984	P84099	0.765784
Q9D1R9	P61358	143.523
Q9D1R9	P62889	144.368
Q9D1R9	P12970	177.185
P32773	P84233	7.84577
P32773	P41895	0.981557
P52505	Q02372	139.191
P52505	P25712	104.132
A6MVS8	A6MW36	0
A6MVV8	A6MVT4	0
A6MVV8	A6MVU7	0.0489501
A6MVV8	A6MVS9	0.0999174
Q9FLX7	Q95748	1.00209
Q9FLX7	Q9FNN5	25.3261
Q9M9M6	Q9FNN5	0.187486
O51456	O51727	0.218529
O46563	Q0VCV6	180.65
P23956	P61420	143.108
P23956	P40682	2.39654
A0T0U9	B8CC14	0.0946471
B8BX93	A0T0T2	0.0442693
B8BX93	B5YLU3	0.0952184
P49955	Q12417	0.775135
P23301	P39015	0.11066
P23301	P0C2H8	0.583676
Q10330	Q10353	63.2461
Q10330	Q10232	3.06331
Q10330	P05734	68.2662
Q9Y7Z1	Q10192	0.637387
A8BM86	A8BYA6	49.0638
O74399	O94238	33.3803
B5RSK9	Q6CI60	0.270378
B5RSK9	Q9B6C8	0.156544
Q6CG53	Q9B6E8	11.4814
Q6CG53	Q6CI10	1.71345
Q6CG53	Q6CEK9	4.75295
A0A2K3D424	A8J2J1	0.448006
A0A2K3D424	A8JGW4	0.172922
A0A2K3D424	A0A2K3DXQ3	0.387194
A0A2K3D8F3	A8J070	0.283288
O14388	P25457	66.8189
E1UWD8	E1UWB9	0.0655116
E1UWE2	E1UWC6	0.379362
Q32KL2	P33672	25.8512
Q32KL2	Q5E987	131.979
Q32KL2	Q3T0X5	138.838
Q3MHN0	Q3T0Y5	147.773
Q3MHN0	Q3T108	165.391
Q3MHN0	Q5E987	118.759
A0A6P3DZ89	O78757	1.10803
A8BE76	A8BKK5	43.1313
E2RTN4	A8BH61	6.41688
E2RTN4	A8BI95	84.3802
P07255	Q01519	0.0628956
P07255	P37299	0
P08067	A0N6Y3	0.178613
P08067	P01647	0.109862
A8DYC4	Q9VXK7	0.242505
A0A3B6QBU0	W5FEX7	90.6692
A0A1D6BC85	W5FEX7	105.046
A0A1D6BC85	Q5I7K7	81.7569
A0A3B6RED0	W5FEX7	109.719
A0A0M4TFB0	A0A0M3V8U3	0.394029
A0A0M4TFB0	A0A0M3V8P6	0.230959
A0A0M4U5B4	A0A0M4U618	0.60277
A0A0M4U5B4	A0A0M4TE52	1.60899
A0A0M4U5B4	A0A0M5MKV2	2.60396
Q02775	P33411	1.92882
Q12309	Q12417	1.41899
A8J264	A8JCL6	0.0758655
A8J264	Q93WL4	0.0137412
P13352	Q9ZSJ4	0.0231343
Q06091	P32523	0.726635
Q06091	P38241	0.404835
Q06091	P28004	0.440528
Q12046	P33411	0.341384
Q12046	Q03375	0.511351
A0A480VKQ8	A0A8D1TTB3	162.132
A0A480VKQ8	A0A8D0QM68	156.839
P12240	P12312	0.0562866
P12240	D0VWR4	0
P12241	P12313	0
A0A287ADR4	P06897	8.19256
A0A287ADR4	I3LCB2	88.5054
A0A3S5H7L0	E9BI29	54.3289
A0A3S7WY02	A0A3Q8IIA7	140.441
A0A3S7WY02	A0A3S7XBN1	107.117
P26744	P26747	0.295025
P26749	P12528	0.124701
A2FFS8	A2DPS3	28.7526
A2FFS8	A2FC75	29.7363
A8HVP7	P05726	0.0404568
A8HVP7	A8ICE4	0.10897
A8HVP7	A8IUC3	0.142206
P11094	A8J3Z3	0.070757
P11094	A8JDP6	0.0669732
P11094	A8JE35	0.0432306
P82669	P82915	155.631
P82669	P82931	139.911
P82917	Q58DQ5	144.501
P82917	P82911	105.821
Q8TQU3	Q8TRS8	5.46392
A8I8A6	A8J8M5	0.379829
Q9GGE2	A8IWQ1	1.31497
Q9GGE2	P59776	0.221522
Q9GGE2	A8J3Z3	0.0372794
P0CE48	P0CE47	12.5056
P60438	P0A7P5	3.88413
P60438	P0A7U3	0.0304764
P60438	P0A7N9	2.62053
P0A6M8	P0AG55	0.272053
P0A6M8	P0A7S3	0.6875
P0A6M8	P0A7K2	11.9028
Q4FZT9	A0A0G2JZJ1	1.41684
Q6PCT9	D3ZHW9	0.28061
Q6PCT9	D4AEH3	198.188
Q6PCT9	P62193	169.803
B5RSK3	Q6C4A6	0.253087
B5RSK3	Q9B6D3	0.131995
B5RSK3	B5RSK9	0.145044
F2Z6C0	Q6C926	21.3225
Q9CQA5	Q925J9	0.881521
Q9CQA5	Q8VCD5	161.805
Q9DB40	Q9DB91	144.74
Q9DB40	A2ABV5	0.509271
Q9DB40	Q9R0X0	181.026
Q8I261	Q8I0U7	4.78154
Q8I261	A0A0L7M1M6	4.78154
Q8I261	Q7K6A9	24.1885
Q8I374	Q8I0U7	10.2208
Q8I374	Q8IK90	7.20767
Q8I374	Q8IDG3	23.8393
P61927	P62750	131.056
Q9UHA3	P62829	135.741
Q9UHA3	P39023	200.036
Q9UHA3	P35268	151.384
Q9D7N3	P58059	118.09
P0AA10	P0A7V8	0.332319
P0AA10	P0A7V0	1.97131
P0AFG0	P0A7V8	0.386016
P0AFG0	P0A7P5	0.496277
P0AFG0	P0A7M9	0.137253
O51450	O51207	0.00731452
O51450	O51452	0.503262
P29220	P94268	2.90797
P29220	P94269	0.144258
P0DJ60	P0DJ14	78.8653
Q23G98	P0DJ59	1.73544
Q23G98	P0DJ23	42.3486
Q23G98	P0DJ55	55.3736
P27449	P61421	163.901
P27449	Q15904	0.100755
Q9UI12	O75348	245.337
Q9UI12	Q6P5S7	0.277448
Q9UI12	P61421	2.40611
P20278	P46898	0.342896
P55873	P19946	0.0253252
P55873	P42921	0.788373
P55873	O31418	0.0701064
Q5SLQ0	Q5SIS0	0.242058
Q76G20	P80376	0.346646
A0ACD6BAC6	A0ACD6BAC7	0.156041
A0ACD6BAC6	A0ACD6BAC8	0.363032
A0ACD6BAC9	A0ACD6BAC7	0.129286
A0A2K3D424	A8J070	0.277864
A0A2K3D424	A0A2K3DR53	0.168092
A0A2K3DTE5	A0A2K3DR53	0.172856
A0A2K3DTE5	A8JGW4	0.0692613
P20434	Q00578	45.5796
P20434	P32558	1.21103
P20434	P36070	4.77301
Q6PGF3	Q62276	0.461751
Q9CQ39	Q8VCB2	119.755
Q9CQ39	Q7TN02	3.7922
D2Z097	A0A2X2M020	0.424047
D2Z097	A0A1Q4GY48	0.113198
W8TUC3	A0A380EL30	0.282458
W8TUC3	W8TRP5	0.328678
Q2FDE6	Q2FEQ8	1.80776
Q2FDE6	Q2FES1	3.56705
Q2FDE6	Q2FEP9	0.0397086
Q2FEQ0	Q2FJE0	0.83533
Q2NL27	Q2M2T7	3.23193
O75438	O95178	0.120525
O75438	O95298	128.499
P03923	O95167	157.963
P03923	O75380	170.303
A0A6P3E3I5	A0A9J4RF63	175.934
G1SV74	G1STW0	1.43839
G1SV74	B7NZN9	143.589
G1SV74	G1T0C1	0.174104
P13621	P07926	175.737
P13621	P13619	153.435
Q9BRT6	P42766	0.344299
Q9NVP1	P26373	11.0645
Q9NVP1	P62424	19.6533
G1ST95	G1SLC2	7.92654
G1ST95	G1U971	1.97615
G1SWM1	G1SVB0	137.148
A0A0M4T6V9	A0A0M3V8P8	0.857648
A0A0M4TUJ8	A0A0M5MJL8	0.0140622
A0A0M4TUJ8	A0A0M3V8P8	0.0233925
O75380	V9JN72	142.522
O75380	O43678	146.306
Q6A6P5	Q6AAZ0	0.290785
Q6A6P5	Q6A6M7	0.20953
Q6A7V3	Q6A6M7	0.450504
Q6A7V3	Q6AAZ0	1.13723
Q6A7V3	A0A2B7I771	0.0596206
A0A8I3P0V3	A0A8I3NW81	27.5006
A0A8I3P0V3	A0A8I3RZF7	109.017
A0A8I3PII7	A0A8I3NW81	111.957
A0A8I3PII7	A0A8I3PCE5	203.282
A0A8I3PII7	A0A8I3RZF7	250.621
P28073	P18421	163.845
P34064	Q9JHW0	221.468
P34064	P28075	128.959
Q6CJK0	Q6CLU4	9.05866
Q6CJK0	Q6CVZ5	84.3176
Q875N2	P38912	82.6604
Q875N2	Q6CXM0	55.0851
O42846	O14339	2.0816
O42846	O42991	64.401
Q9UUC1	P0CT77	109.768
A0JLT2	Q9BTT4	107.077
A0JLT2	Q9ULK4	0.287766
Q9NWA0	P13984	0.797766
Q9NWA0	P32780	0.557769
Q91XE7	P63082	2.83616
Q91XE7	Q9Z1G4	0.148075
Q9Z1G3	P50518	136.274
Q9Z1G3	Q8BVE3	340.563
P34942	P23934	143.876
P34942	Q02378	117.285
Q02372	Q8HXG5	143.132
Q02372	Q02370	149.083
A0A4X1SZP7	Q9TDR1	143.935
Q7IIB7	A0A4X1T6M0	121.084
P82190	P12629	1.00905
P82413	P27683	0.346097
P82413	P82191	0.783564
A2RNM9	A2RNP3	0.0572544
A2RNM9	A2RJP7	0.0305071
A2RNP2	A2RNP9	0.0335423
A0A3Q7FNQ5	A0A3Q7FPS6	121.906
A0A3Q7FNQ5	Q3SC85	97.1599
Q5JDH5	Q5JJG2	12.7176
Q8U014	Q8U011	12.7861
Q8U014	Q8U474	26.2383
Q8U0M8	Q8U0E3	2.32877
Q8U0M8	P61885	11.4942
Q8U0M8	Q8U0E7	1.32317
P38633	P04050	0.298399
P12743	P12736	1.97514
P20276	P60618	20.796
P20276	P60619	14.1062
A0A6P7E5N1	O78748	127.262
P20226	A0A7M4DUC2	3.69687
P20226	Q16514	355.719
P24928	P60899	1.72136
P24928	P36954	1.72136
A0A640KBR2	A0A640K9U9	20.1916
A0A640L0A1	A0A640K9U9	13.9288
P07273	Q12343	0.939286
P07273	P38304	0.847925
P07273	Q08278	1.66008
P32773	Q03290	0.67037
P32773	P20433	6.9835
P32773	Q02939	12.6073
G0RYN9	G0RXZ3	7.77144
G0SHJ6	G0RXZ3	4.76854
G0SHJ6	G0S7X0	1.75505
Q9D8E6	P62911	170.018
Q9D8E6	Q9D823	153.917
Q9D8E6	Q9CY58	6.28076
P24482	P40359	2.4648
P53091	P38132	18.2791
P53091	Q08032	1.7537
P53091	Q03406	4.77173
Q53GS9	O95777	239.686
Q53GS9	P83876	2.40024
Q53GS9	Q15427	4.8198
Q9BV90	Q8N8D1	0.349281
Q9BV90	P62318	4.43831
P80339	P37362	0
P80339	P60491	1.15042
P96077	Q5SHP2	0.0873884
A0A4X1V0C8	F1SIS9	0.263126
A0A4X1V0C8	A0A287BDC0	0.247007
G0SEI1	G0S0Z3	94.8706
G0SEI1	Q2H9W4	59.7773
O14388	O13672	79.7618
G0RYN9	G0RYF9	60.6173
G0RYN9	G0S4S2	3.82454
G0S497	G0SGD8	7.81085
Q4DC23	Q4DQ35	10.4672
A0A3Q8IDW6	A0A3Q8IJC5	25.1747
A0A3Q8IDW6	E9B949	21.2659
A0A3Q8IDW6	A0A3Q8IJA8	0.178738
Q5JE04	Q5JGN5	14.9467
P13352	A8JCL6	0.111111
P13352	A8IL32	0.0141287
P14225	P59777	0.0159724
P14225	A8IFG7	0.0904158
P14225	A8JCL6	0.149248
Q8TRU7	P61931	12.0612
Q8TRU7	Q8TRT5	3.61201
Q8TRU7	Q8TT43	6.23556
Q8TT39	Q8TRS7	8.61805
Q8TT39	Q8TRU1	6.14014
P9WQK3	P9WH61	0.119754
P9WQK3	P9WH29	0.421515
P08865	P47914	184.034
P08865	A0A2J8KH59	184.14
P08865	P84098	153.317
P46783	P25398	6.17103
P46783	A0A671DUR2	6.17103
P46783	Q5RKT7	90.4793
P48011	Q9P7X8	0.709581
Q10317	O94646	1.10425
Q9CXZ1	Q9DCT2	2.55107
Q9CXZ1	Q9CQZ5	0.888332
Q9D8B4	Q9CQ69	0.057343
Q9D8B4	Q9CQ54	90.272
Q9CQY9	G5E814	77.2552
Q9CQY9	Q9CQZ5	110.55
Q9CQY9	Q9DCJ5	121.705
Q9D8B4	P03925	0.463384
Q5EE01	P62807	0.100649
Q5EE01	Q71F23	0.187418
Q5EE01	Q03188	0.28109
Q9USZ6	O42846	0.131483
P75454	P75131	0.580723
P75454	Q50309	0.307949
Q50302	Q50306	0.381609
Q50302	P75546	0.00440337
Q50302	P75458	0.420259
A0A8N7XJK5	O78753	105.45
Q9RSL0	Q9RX88	0.223092
Q9RSW7	P49228	0.25113
Q9RSW7	Q9RSK9	0.0884398
Q9RSW7	Q9RY65	0.00707767
A0QSD1	A0R151	0.0387007
A0QSD1	A0QSF9	0.0410969
A0QSD1	A0QV42	1.41621
A0QSG0	A0R3D2	0.243942
A0QSG0	A0QSG4	0.245916
A0QSG0	A0QSF9	0.0228728
G0SCE2	G0RXZ3	4.62715
G0SCE2	G0SEI1	89.1073
G0SFD6	G0S6V4	1.27379
G0SFD6	G0S0D6	1.74936
G0SFD6	G0SFL0	1.85323
Q5SHQ0	P60489	0.401177
Q5SHQ0	P80374	0.122682
Q5SHQ0	Q5SHR2	0.655777
Q5SLP6	P0A7K2	7.66492
Q5SLP6	Q5SHQ7	0.434467
G0SF87	G0SDM8	3.76192
G0SF87	G0S9U7	21.0565
A8B8Z6	A8BZ78	0.0851099
A8B8Z6	A8BLV7	69.4768
A0A1S4BW10	A0A1S4DQ51	1.09291
A0A1S4BW10	A0A1S3Z9G2	3.64004
A0A1S4BXT5	A0A1S4AS05	90.1062
A0A1S4BXT5	A0A076L2E2	90.8211
A0A1S4BXT5	A0A1S4AU23	4.71571
G0SBN9	G0S872	0.633831
G0SBN9	G0S5L1	0.499704
G0SBR7	G0SF32	2.68135
Q2FEP5	Q2FEQ2	0.259273
Q642R6	Q6GNF1	1.12667
C3SSG2	C3SSG7	0.642033
C3SSG2	A1AGK6	0.811042
C3TE02	Q1R610	0
C3TE02	P61175	0
P40968	P43321	30.8331
P40968	P40567	11.9904
P40968	Q03772	2.58096
Q06217	P46947	2.58547
Q06217	Q12420	13.4654
B6J244	B6J7Y0	0.209462
B6J244	Q83EE0	0.168197
B6J244	Q83C13	0.192102
B6J2B1	A9NAM5	3.06718
B6J2B1	Q83ES2	0.928708
P62906	O76021	6.61857
P62906	Q8IY81	2.18882
P62906	O94874	1.46731
Q9BZE4	P18621	8.25533
C4QY01	P84243	19.1424
C4QY01	P04908	15.1
C4QY01	C4R7H2	0.55223
C4R1E6	C4R3Z5	0.671558
P14790	P00847	99.6914
A0AA36N262	A0AA36MZ23	0.220984
A0AA36N6D6	A0AA36N4B2	0.157803
O43678	O14561	154.003
A8I2U9	Q69B19	2.81902
Q9NW82	P41223	1.79845
Q9Y3C6	Q13356	26.6335
Q9Y3C6	O60508	453.688
Q9Y3C6	P62306	536.061
A0A3B6AV88	A0A3B6TWW5	68.3324
W5I035	A0A1D5SLI4	123.167
W5I035	A0A3B6KRQ3	80.1359
Q9V4E0	P18929	74.2662
A0A2K1KKR9	Q8MFA3	0.00670954
A0A2K1KKR9	A0A2K1KU02	0.0489623
A0A2K1KKR9	A9RT62	0.0690408
K9ZAD9	K9Z1N0	0
K9ZAD9	K9Z0X2	0.0980556
Q04636	P06897	39.528
Q04636	P84233	23.5552
Q04636	P61830	22.9854
Q5JJF7	Q5JGT6	6.13268
Q5JJF7	Q5JDH2	6.32166
Q5JJF7	Q5JJE4	1.87577
P48115	P48117	0.0299731
P48115	Q9T4W8	0.0676686
A0A0J9X218	A0A0J9X224	0.548979
A0A0J9X218	A0A0J9X222	47.9549
A0A0J9X226	A0A0J9X224	3.34542
A0A0J9X226	A0A0J9X222	42.5917
A0A0J9X226	A0A0J9X216	55.8981
P07273	P13393	43.3174
P07273	P22139	25.2362
C6S3J6	C0H5G3	43.1339
C6S3J6	C6KT23	1.66287
Q8ILV2	Q8IDS6	86.8627
Q8ILV2	O77381	0.903259
Q8ILV2	Q8IB51	48.9143
G0SE30	O13516	83.6388
G0SE30	G0S0Z4	91.2466
G0SG51	G0S7Z2	3.11646
G0SG51	P0CU28	1.93574
E9Q9F6	P0DP43	0.203458
E9Q9F6	A2RTF1	0.165878
Q8C0X7	P0DP43	0.178091
Q8C0X7	A2RTF1	0.166422
Q8C0X7	Q9CQP8	0.214998
P0CX23	P53927	1.03784
P35178	P17076	0.803957
P07255	P32799	0.02838
P05749	P25582	1.12126
P05749	Q02892	2.51037
Q12532	P0CX53	3.95846
P21282	P23956	274.22
P21282	Q0VCV6	0.290842
Q8TZD9	Q8U3B0	1.35713
Q8TZD9	Q8U3H8	14.1556
Q8TZD9	Q8U014	30.0481
Q8U017	P61993	4.83882
Q8U017	P61992	4.83882
P50580	Q6ZWV7	149.561
P50580	P84099	150.751
P50580	P61255	6.1198
P62918	P62751	2.95633
P62918	P12970	194.872
P62918	Q9D1R9	156.367
P62861	Q9BRS2	6.22768
P62861	Q8NC51	3.8654
P62861	P63220	137.206
Q8N1G4	P62847	1.29416
Q8N1G4	P62277	2.23406
P00416	P56391	147.526
P00416	P48771	73.6352
P00416	Q9CPX8	0
P12787	P00428	132.043
P12787	P19536	123.487
Q8VE22	Q9D7N3	1.31373
O51313	O51453	0.146529
Q2FER3	Q2FEP9	0.0345482
Q2FER3	Q2FEQ8	0.488566
Q2FER3	Q2FEQ1	0.114871
Q2FG80	Q2FEP9	0.0770653
Q2FG80	Q2FEQ7	0.124792
Q2FG80	Q2FHV3	0.163915
R4ZGV2	R4ZGX8	0
R4ZGV2	R4ZGU2	0
R4ZGZ0	A9NKM0	0.0756843
P12355	P17227	0
P12355	A0A6J4B492	0.0994463
P12355	A5Z2K3	0.0531231
P0A0F8	Q2FUQ0	1.80776
P0A0F8	Q2FW33	1.93723
F2DWH9	S4Z272	1.18723
F2DWH9	Q7GT16	0.280497
F2DWH9	F2D0D5	0.0457124
A0A287A0K2	A0A287BP93	131.969
F1RRH6	A0A286ZU56	4.47562
F1RRH6	F1RY70	127.468
F1RRH6	Q96RP9	0.689394
O31742	P05657	0.984644
O31742	O34687	1.54842
P37807	P42924	0.0251273
P37807	O34687	0.0199563
P37807	P12873	0.0178397
G0RXZ3	G0S2I7	3.16364
G0RXZ3	G0SFD6	31.4152
G0SHX6	G0S4P8	48.4832
G0SHX6	G0SFL0	25.8879
A0A644EZB9	A8BLV7	25.5913
A8BM86	E2RU47	81.3951
Q4CUC7	Q4DC38	31.1105
Q4DA48	Q4DDK1	1.16823
Q6CEK9	Q6CI10	0.145519
Q6CEK9	Q6C4W9	0.220281
Q6CEK9	Q9UUT7	21.0501
Q9B6E9	Q6C9Z1	0.114654
Q9B6E9	Q6C1R9	0.165623
Q9B6E9	Q6C7X4	0.270184
P66219	Q8Y8I3	0.167558
Q9HVY2	Q9HUN2	0.640036
Q9HVY2	P29436	5.00032
Q9HVY2	Q9HVC4	0.700635
Q9HWF0	Q9HWE6	0.214798
G0SGY1	G0S101	81.7
G0SGY1	G0S5M5	0.829403
G0SHC8	G0S507	84.5137
G0SHC8	Q2H9R2	172.951
G0SHC8	G0SFD9	0.312005
Q0VCV6	P31408	87.826
Q97ZY7	Q97ZQ5	0
Q9UX87	Q980F7	6.12892
Q9UX87	Q97Z80	24.3608
P24320	P80372	0.142671
P24320	P80374	0.235656
P27152	P80373	0.0277925
Q8U011	Q8U013	9.0945
Q8U011	Q8U0E2	4.33125
Q8U0F0	Q97Z79	1.77205
Q8U0F0	Q8U0M8	21.3827
Q8U0F0	Q8TZI4	24.3293
Q94519	Q94511	56.1786
Q94519	Q7PL91	0.157125
Q8TPX0	Q8TRU4	24.4793
Q8TPX0	A0A832W9V9	1.30917
Q8TRU2	Q8TIN2	8.70368
Q8TRU2	Q8TIN3	3.81092
Q8TRU2	A0A832S9K2	0.937176
G0RZ88	G0SGT6	5.02607
G0RZ88	G0S7X0	10.4592
G0RZ88	P08978	4.22835
G0SHQ2	G0S6J7	2.31962
G0SHQ2	G0S084	84.4172
Q4FUF0	Q4FUE3	1.24032
Q4FUF0	Q4FUF7	0.167335
Q4FUF2	Q4FUD4	0
Q4FUF2	Q4FUE3	0
P00128	Q2V2P9	1.38571
P00128	P37299	0.57194
P00420	P00427	13.2401
P00420	P00163	50.799
A0A6P9FRJ5	O78756	1.67546
Q22X38	P0DJ24	61.336
Q22X38	P0DJ52	72.8069
Q236T0	P0DJ22	63.7648
Q236T0	P0DJ55	60.9753
Q9CQV5	Q61733	0.774436
Q4DMK9	Q4DZB0	3.28183
Q4DMK9	Q4E088	36.3773
Q4DMK9	Q4DN73	82.0296
A0A3B5Z5M6	A0A3B6DM38	69.4134
A0A3B6DD91	Q8L806	71.8622
Q4DEK4	Q4E0Q3	3.66496
Q4DEK4	Q4DJY1	9.54479
P0AFW2	P0A7R9	0
P0AFW2	P0AG67	0.156031
P0AFW2	P0ADY3	0.0747968
P0AG48	P61175	0.867608
P0AG48	P0A7Q6	0.918242
P9WHB5	P9WHD1	0.301487
P9WHB5	P9WHB3	0.140076
P9WHC1	P9WHD5	0.0704774
O74175	Q9Y7Z1	2.01863
O74175	O42846	1.71094
P46199	A0A4X1U6S6	156.008
P46199	P52815	184.399
P46199	F1RUU2	7.15214
P82663	Q9Y2R5	173.182
P82663	Q9Y2Q9	177.163
P82663	Q9NWU5	6.23556
O74905	P35679	62.4318
P79071	O74904	31.7409
A2DZ26	A2D7Q5	34.6582
A2DZ26	A2DNV5	17.9388
E9BJZ5	A4IDS4	1.19705
E9BJZ5	E9BAR6	8.42643
A8I2U9	P12759	1.38144
A8I2U9	A8IKR9	1.67268
Q01656	Q27YU7	0.196637
Q01656	P12759	0.254039
Q9I5V8	Q9HWF8	0.797795
F1RUU2	I3LU08	156.251
F1RUU2	F1RME2	136.836
F1RUU2	A0A4X1SQW0	134.849
B9PMU7	A0A0F7UXI8	74.0504
Q80ZS3	Q9JIK9	123.516
Q8VE22	P58064	119.277
Q8VE22	Q9CQA6	122.686
Q6A6N3	Q6A6Q7	0.808283
P23258	P68363	356.023
P23258	Q08AG7	146.927
P23258	Q96RT7	3.54908
Q13509	P68363	219.923
Q13509	Q71U36	219.055
Q13509	Q96CW5	5.87719
G1SQV5	U3KMN4	2.1195
G1TPG3	G1U7M4	135.839
G1TPG3	O18789	132.418
G1TPG3	G1TDB3	0.971615
Q08278	P04050	0.678587
A0A3S5H6N5	A0A3S7XAC2	22.7018
Q9D0Q7	Q9CQ06	0.503616
Q9D1I6	Q9JKF7	152.292
Q9D1I6	Q9DCI9	129.917
G0S081	G0SHQ0	2.95993
Q6PGF3	Q9DB91	0.407157
Q8VCD5	Q9CXU1	170.084
Q8VCD5	Q9D8C6	158.573
A8IWQ1	A0A218N8X3	0.305273
O15239	P51970	146.966
O15239	B9EE38	109.82
Q16718	H9PGF0	163.064
Q16718	P19404	162.451
Q9HWD7	Q9HWE3	0.411736
Q9HWD7	Q9HWE7	0.135771
V6TB90	A8BMP3	9.80037
P03902	Q02379	3.89488
P03902	Q02380	129.612
P03902	Q8HXG6	84.826
Q02375	Q02378	114.293
Q02375	Q02369	0.102857
Q02375	P56181	0.290635
A2EG54	A2D919	37.9949
G1DJA3	G1DJ98	1.04908
G1DJA6	G0S086	0.452309
G1DJA6	G0SBG9	0.24849
A0A218NZT2	A0A218P4M9	12.27
A0A218P4K4	A0A218NZU0	0.618839
A0A218P4K4	A0A218P147	15.1707
Q8R035	O35972	132.991
Q9CPY1	Q9CQ06	150.901
Q9CPY1	Q9CQL5	149.96
A1B491	A1B495	0.555054
G0S101	G0SFC3	72.1256
G0SGH8	G0SGP3	98.6257
G0SGH8	G0SC29	2.42267
G0S681	G0S0S8	0.863649
G1DJ98	G0SAN0	0.290734
Q5JGN5	Q5JJF1	12.7182
Q9W125	C7DZL9	38.018
P10174	P04037	0.179785
P10174	P07255	0.0409605
P22289	P37299	0.424242
P22289	P07143	0.164558
P22289	P00163	25.0174
P02358	P60723	0.285793
P02358	P0A7J3	0.0555331
P0A7L0	P0A7K6	0.530992
P0A7L0	P0A7J7	0.505718
P0A7L0	P02413	0.291132
Q15050	O95478	213.999
Q9UKD2	P36578	5.67633
Q9UKD2	P62829	2.10923
P25443	P32497	1.40741
P25443	P05749	39.3482
P25443	P0CX35	3.17996
Q07381	P0CX33	1.75173
Q07381	O13516	2.70695
Q07381	P41057	2.3033
P80376	P80380	0.230364
P80376	Q5SIH3	0
P80376	Q5SJ76	1.00418
Q5SLP8	P80374	0.354966
Q5SLP8	Q5SLQ0	0.285554
Q9SHE8	P56769	0
Q27YU7	Q69B19	0.186395
Q27YU7	Q27YU0	0.170806
A0A7T7JN26	F2DWH9	0.362091
A0A7T7JN26	P0CC72	1.17306
A0A7T7JN26	F2CTW7	0.301637
P95987	Q980W3	3.61658
Q9UX94	Q980W3	2.93645
Q9UX94	Q97ZY6	0.85007
Q9UX94	Q9UXA3	7.51509
P61221	P62847	1.46612
P61221	P30050	197.861
Q9UBQ5	P62851	0.285211
Q9UBQ5	P62266	162.318
Q9UBQ5	O15372	16.9587
P0CX82	P05738	49.909
P0CX82	P51401	49.9905
Q08962	Q12690	0.0532219
Q08962	P40078	0.474376
Q93WL4	Q75VY7	0.0285023
A0A1S4D1U6	A0A1S4B0G2	11.2202
A0A1S4D1U6	A0A1S4AVP7	17.7738
A0A1S4D1U6	A0A1S3Z2X4	21.6469
A0A1S4D5P7	Q07761	81.3592
A0A1S4D5P7	A0A1S4D2I2	3.70134
P0C2H6	P05738	50.5592
P0C2H6	P05737	63.5965
P0C2H6	Q02326	45.4284
L0R8F8	Q5T653	0.132974
L0R8F8	Q9Y3B7	0.482812
Q6P1L8	Q9P0J6	151.3
Q6P1L8	Q9Y3D3	166.298
Q6P1L8	Q9BYD1	170.704
A0A3Q8IIY4	A0A3Q8IC41	41.7209
A0A3Q8IIY4	A0A3S7X127	17.3595
A0A504Y5E1	A0A3Q8IVH0	33.09
A0A504Y5E1	A0A3Q8IB07	9.50865
A0A504Y5E1	A0A3Q8IC41	19.542
O00303	P08865	8.34683
O00303	P62263	6.86492
O00303	Q9Y262	244.413
O15371	O15372	206.519
O15371	P15880	1.62389
Q5JE35	Q5JJE4	4.04382
P18929	O97418	24.3979
Q9V3W2	Q9VTU2	3.15653
Q7RXU7	Q1K7L7	0.656808
Q7RXU7	Q7SC44	0.532764
Q7RXU7	Q1K8Y7	0.808112
Q7SEK9	Q7SC44	0.412588
Q7SEK9	V5IM60	1.83945
Q7SEK9	Q1K8C8	0.653867
O43920	O95178	0.210782
O43920	V9JN72	2.45918
O43920	O43676	153.906
O75251	Q9UDW1	0.0106565
O75251	P00156	4.00334
A0A2R6W6G7	A0A2R6XLB4	0.0165084
A0A2R6W6G7	A0A3Q9R2J6	0.00824806
A0A2R6X3Q4	A0A2R6XLB4	0.193815
A0A2R6X3Q4	P12185	0.0384748
P38061	P38805	2.74078
P38061	Q08235	4.78855
P38061	P53136	0.641801
P38344	P05740	1.53941
P38344	Q02753	1.58057
Q96DI7	Q9H6L4	2.54923
Q96DI7	P14678	126.694
Q96DI7	P83876	188.654
Q9BWG6	O75533	0.398696
Q9BWG6	Q8TAD8	0.400681
Q9BWG6	Q9Y388	3.67628
W7JVP8	W7K5W7	24.7884
W7JVP8	A0A2I0BQ13	32.7629
A0A0U5AWX6	A0A660JJV9	0.117138
A0A0U5AWX6	A0A660JKZ6	0.457085
A0A0U5AWX6	A0A660JMC7	0.218866
A0A660JIB9	A0A660JRA4	0.0686456
A0A660JIB9	A0A0U5A6S7	0.173827
Q4DZP2	Q4CQW2	46.7445
Q4DZP2	Q4CPD8	12.1146
Q6C926	Q6CI60	5.2022
Q6C926	Q9B6D4	0.159468
Q6CG53	Q6C4W9	5.13049
Q6CG53	F2Z626	21.1368
Q6KIC7	Q6KIC4	0.985159
Q6KIC8	Q6KHS6	0.193656
Q6KIC8	Q6KHJ1	0.649025
Q6KIC8	Q6KIC4	0.83014
P0A6M8	P0A7S9	0.176016
P0A6M8	P0A7J7	31.2779
P0AG59	Q2G0N1	8.8383
P0AG59	P0AG67	0.4304
P0AG59	P0AG51	0.0362477
A0A1B4XKU1	A0A1B4XKR7	0.41739
A0A1B4XKU1	A0A1B4XKV5	0.172465
P08067	P00163	60.7914
Q13573	Q15029	1.67411
Q15393	Q9Y6J9	1.00142
Q15393	Q8WWY3	1.39861
A0QSD5	A0R3D2	0.116329
A0QSG4	A0QS46	0.142874
A0A0J9X222	A0A0J9X220	0.571058
A0A0J9X224	A0A0J9X228	54.1899
Q13356	Q9BZJ0	2.18457
Q13356	Q8TAD8	2.84186
Q13356	Q9NW64	79.0084
Q9HCS7	Q9Y3C6	6.22052
Q9HCS7	Q9UNP9	5.87907
D0CA77	D0CDQ7	0.0273897
Q9SIQ8	Q945M1	0.12965
Q9SIQ8	Q9SMN1	0.200154
A2E7L8	A2DM53	44.3121
Q9CQL5	Q9D338	145.21
Q9JKF7	Q9CQL4	2.11717
B0C3E5	B0C576	0.0636092
B0C3E5	B0C1V7	0.0829314
B0C6Z7	A5A8K9	0.0269136
B0C6Z7	B0CFM0	0
Q23463	Q9N4G9	1.5871
Q23463	G5EEL2	0.926837
A0A8N7XJ91	O78757	0.995623
A0A8N7XJ91	D6QZ20	94.7876
A0A9J4RF63	A0A452EI29	165.86
A0ABQ7YPD6	A0A0D3DCJ8	0.940414
A0ABQ7YPD6	A0A0D3ALM2	1.70226
A0ABQ7YPD6	A0A398AJL3	3.06925
Q6YSL2	A0A0D3AS28	0.429384
Q6YSL2	A0A654ECT9	0.424919
Q6YSL2	A0A068BCX1	0.216756
Q6CMG3	Q6CW21	77.2568
Q6CMG3	Q6CWJ2	101.901
Q6CMG3	Q6CWU3	68.5687
Q6CS01	P27069	5.94105
Q6CS01	Q6CW21	72.8635
P21464	P21466	0.210813
P21471	P04969	0.0809011
P82933	Q9Y2R9	7.97073
P82933	Q9NRX2	187.788
P82933	Q9BYD2	195.949
Q9BYN8	P82914	182.489
Q9BYN8	P82930	176.388
O60164	O42846	43.531
O60164	O74175	2.78374
O74904	O94238	4.0786
O74904	Q10330	61.3226
A0ACD6BAB4	A0ACD6BAB5	0.0656722
A0ACD6BAB6	A0ACD6BAB5	0.0939236
A0ACD6BAB6	A0ACD6BAB7	0.122693
Q12874	P62306	303.941
Q12874	P08579	147.377
A0A2D0TCJ2	P06585	0.00409191
P06006	P13555	0.0366856
P06006	Q8HS25	0.0201538
O78747	P42026	3.64582
O78747	A0A6P7E5N1	3.04586
A8BE02	A8B252	4.69238
A8BE02	A8BS96	89.3743
A8BZD3	A8B4F3	70.1225
A8BZD3	V6TBA3	34.4956
A8BZD3	A8BUG8	0.774568
A0A6P9FRJ5	O78753	83.6916
A0A8V6WEB9	O78753	115.73
A0A8V6WEB9	A0A6P3DZ89	188.412
A3MX77	A3MVE0	0.268538
A3MX77	A3MTM7	0.203804
A3MX77	A3MU87	0.134651
A3MX99	A3MWV5	0.505102
A0A0J9X224	A0A0J9X202	4.10008
A0A0J9X224	Q875Q2	92.2913
A0A0J9X227	A0A0J9X218	75.3988
A0A0J9X227	A0A0J9X219	54.4587
P62238	P62667	3.18349
P62663	Q72JR0	0.0551005
P12687	P23369	0.35504
P12687	P10663	0.449479
P51998	P32387	0.284852
P51998	P31334	0.627902
Q9CQN7	Q9CQL4	98.2551
Q9D0Q7	Q9D7N6	155.172
Q9D0Q7	Q8BU88	157.303
A0A8D1UDM1	F1SU66	142.854
A0A8D1UDM1	A0A4X1SZV4	274.678
A0A8D1UDM1	A0A0M3KL56	135.434
F1RUU2	F1SU66	161.186
F1RUU2	A0A4X1ULI6	103.151
F1RUU2	K7GKS8	168.166
G1BIZ0	H8Z3R9	0.195862
G1BIZ0	H8Z3S2	0.0477155
G1BIZ0	G1BIY9	0.0179474
H8Z3S4	H8Z3R9	0.271926
H8Z3S4	G1BIY7	0.328075
H8Z3S4	G1BIY9	0.0190553
Q9NP92	Q9NX20	195.964
Q9NP92	Q9BYD3	205.515
Q9NP92	Q8IXM3	186.327
Q9NYK5	P49411	3.62319
Q9NYK5	P49406	11.0955
Q9NYK5	Q9P0M9	172.583
A0A8D0Q6N1	A0A4X1VX77	2.18745
A0A8D0Q6N1	A0A480TFA5	37.4229
A0A8D0Q6N1	A0A8D0K655	64.3796
A0A8W4F7N8	A0A4X1VPG4	61.0834
A0A8W4F7N8	A0A287AAR5	121.375
A0A8W4F7N8	F1SCH1	117.235
P82180	P27683	0.418739
P82180	P24613	0.464744
P82180	P06509	1.06057
O94822	P84098	1.40176
O94822	P62899	1.40532
O94822	P61960	0.0742389
P18621	P62917	175.729
P18621	P61927	163.407
P18621	P62910	181.416
Q8WTT2	Q8TDD1	18.6549
Q8WTT2	P46087	2.41204
Q4DMK9	Q4DA48	1.1683
E1UWC9	E1UWC5	0.134995
E1UWE3	E1UWD2	2.54477
E1UWE3	E1UWC4	5.29334
O14187	O42661	2.12078
O14187	Q10163	1.593
O14187	Q9P6R9	0.266176
Q9UUC6	Q10163	123.579
Q9UUC6	Q09882	14.4649
A0T0T1	B8BVI4	0.0518018
B8BX93	B8C8Y3	0.213533
P42029	Q02379	139.542
P42029	Q02377	126.571
P48305	P52505	0.213924
P48305	Q8HXG5	121.942
P55010	Q13347	199.036
P55010	P62269	4.46326
P55010	P47813	182.144
P62854	Q53EL6	0.971076
P62854	P62263	1.67953
P62854	P39019	157.762
P39744	Q07896	0.580796
P39744	P10664	2.12589
Q04660	Q03532	68.8004
Q04660	Q07896	0.975011
D0VWR2	P0A387	0.071407
D0VWR2	D0VWR4	0.226947
D0VWR2	P12313	0.0181865
P19052	D0VWR8	0.152677
A0A286ZNK1	A0A5G2R2V2	113.682
A0A286ZNK1	F1RW03	143.958
A0A286ZNK1	A0A4X1U0F6	128.25
F1S9B7	A0A8D1MIP3	92.9537
F1S9B7	F1RW03	5.16255
A0A836D7R1	O78756	39.1929
K7GR43	Q9TDR1	1.77869
K7GR43	O79874	114.334
K7GR43	F1SQP4	125.315
Q7IIB7	A0A4X1V766	118.401
Q7IIB7	F1RWL7	1.73374
P18621	Q9NVU7	2.13497
P18621	Q13823	191.46
A0A480JYS1	A0A4X1T6M0	154.457
A0A480JYS1	A1XQS6	139.359
A0A480JYS1	F1SJP6	149.449
A0A8D1UDM1	A0A287ANU4	298.244
A0A8D1UDM1	F1S8A5	121.901
F1ST79	F1SU66	97.9736
F1ST79	F1SG95	85.8006
B7NZS8	G1TZ76	157.144
B7NZS8	G1SZ47	168.653
B7NZS8	G1T8A2	131.421
G1SUC8	G1SQV5	189.729
P14120	P25582	0.824846
P14120	P49166	89.983
P53261	P04456	44.5671
P53261	P87262	27.5773
P53261	P38805	37.148
P05756	Q3E7X9	5.08481
P05756	P25635	7.55564
P05756	P41057	94.7816
P0C0X0	O13516	86.7556
P0C0X0	P07280	60.6398
P0C0X0	P0CX23	81.1321
P50370	Q9SPI9	0
P50370	A8I5A0	0.191011
A2RLA2	A2RNP8	0.207641
A2RLA2	A2RNN7	0.00684551
A2RNP3	A2RJP7	0.055487
A2RNP3	A2RNN7	0.158164
P05738	P40010	3.70595
P05738	P0CX41	55.1651
A0A836A4Q3	A0A6P3TFB2	80.6376
A0A836A4Q3	O78753	61.8335
Q04062	P21243	4.3964
Q04062	P40302	12.8281
W7WWA2	I7M6D6	0.612911
Q99848	P62910	2.5222
Q99848	P40429	3.00741
Q02543	P47914	181.086
Q02543	Q9UNZ5	5.70173
Q9BRT6	P26373	0.253793
Q9BRT6	Q9BZE4	5.82598
Q9BRT6	P62888	0.157802
P62899	P83881	150.661
P62899	P46777	170.752
P62899	Q13765	0.754009
O00488	Q9BZE4	1.57547
O00488	P39023	3.75532
Q9NZM5	P61313	5.11922
Q9NZM5	P18621	3.64426
K9YZN5	K9Z1F7	0
Q4FRE5	Q4FRD7	2.35423
Q4FUE1	Q4FUD5	0
P20433	P34087	15.9839
A0A2I0BQ13	W7K1J4	46.8468
A0A2I0BU46	A0A0L7LVZ5	19.7963
A0A2I0BU46	O77396	17.0498
C5KSX3	C5KST9	0.141324
C5KSX3	C5L3V7	0.0800701
C5KSX3	C5KED7	0.135601
C5LUB2	C5KST9	0.21523
C5LUB2	C5L3V7	0.162231
C5LUB2	C5LYX8	0.198941
A2EP03	A2FVZ6	33.2935
A2EP03	A2DM33	15.7353
G1SLC2	G1TK17	173.589
G1SLC2	G1TFM5	144.631
G1SLC2	A0A5F9C991	1.86678
G1TPV3	O18789	129.916
Q9FNN5	Q9SD78	0.358857
Q9FNN5	Q42577	99.0594
Q9FYF8	O82238	0.290816
Q9FYF8	P60497	0.518517
Q9FYF8	Q9M9B4	0.289243
Q9BZE4	P46777	7.33985
Q9BZE4	P62424	11.3337
Q9H7B2	Q9BVP2	13.2802
Q9H7B2	Q13823	14.1474
Q53GS9	Q9BTD8	0.813016
Q53GS9	P62312	276.097
Q96DI7	O43395	210.04
Q96DI7	Q99459	6.50214
Q96DI7	P62314	200.851
A0A286ZJL5	A0A4X1W9K3	183.605
A0A286ZJL5	Q29048	187.658
A0A286ZJL5	Q9TVC1	178.903
A0A4X1VUN6	A0A4X1U843	0.0749502
A0A4X1VUN6	K9IWA3	1.86086
A0A4X1VUN6	A0A480L444	128.257
B5RSK9	A0A1H6Q311	0
F2Z619	Q6CG53	14.2962
F2Z619	Q9B6E8	0.622495
Q4FUD2	Q4FQ42	0.451812
Q387L0	Q57XS8	0.212213
Q387L0	Q581U4	0.131858
Q387L0	Q586G5	0.19815
Q57WW0	Q57UZ6	0.136521
Q57WW0	Q586G5	0.0836334
Q57WW0	Q57XS8	0.117908
Q1K8Y7	Q7SA60	0.762313
Q1K8Y7	Q7S5W0	0.317253
V5IMN1	Q1K8C8	0.808784
V5IMN1	Q8X081	0.229138
V5IMN1	F5HIJ5	0.229138
R1BTM8	R1CMT6	0.11473
R1BTM8	R1EB65	0.163789
R1CGG7	R1DAV6	0.0815873
A1B1H8	A1B480	2.80983
A0A1B2U0F5	A0A1B2U029	0.228666
A0A1B2U0F5	A0A1M5L807	0.206036
A0A1B2U0F5	A0A1M5HDD0	0.151288
A0A1J7BZ40	A0A1M7D8T4	0.0291777
A0A1J7BZ40	A0A1B2U1H3	0.111741
A0A1J7BZ40	A0A1M5PX52	0.125199
A4HV47	A4HSQ5	24.2476
A4HV47	A0A381MU64	21.6817
Q9GNZ8	A4HN55	59.3545
P18929	P18930	4.24523
Q9VQM2	Q9W3N7	7.26709
P05745	P38861	2.76492
P05745	P49166	6.29227
A0A0M3V8U3	A0A0M4SX69	0.352281
A0A0M4U3Z5	A0A0M3V8J3	2.02843
A0A0M4U3Z5	A0A0M5MKV2	0.429081
A0A9D5GXR9	Q8VYY1	0.0750161
A0A9D5GXR9	P06004	0.127716
A0A9D5GXR9	P27490	0.0115438
G0SFL0	G0RZE9	73.5227
Q96EY7	Q9BYD1	196.554
Q96EY7	P82912	185.26
Q96EY7	Q9Y399	198.222
Q9Y3D9	O15235	168.586
Q9Y3D9	Q9Y3D5	30.6226
Q9Y3D9	Q96BP2	165.078
A0A077UL47	A0A077URJ8	0.035435
A0A077UL47	A0A077V2P0	0.115337
A0A077UL47	A0A077UXT4	0.226036
A0A077VMP6	A0A0D1IHY2	0
A0A077VMP6	A0A077UU26	0.0149184
Q9BYC8	P52815	172.414
Q9BYC8	H2QWN0	181.303
Q9H9J2	Q9Y6G3	179.242
Q9H9J2	Q7Z7H8	179.554
P18420	P62193	107.779
P18420	Q63347	96.5875
P18420	Q63569	75.5217
Q63570	P17220	133.094
Q63570	P48004	28.2527
Q63570	P21670	35.9864
C0H4A6	Q8IDS6	2.81877
C0H4A6	Q8I3R6	69.1383
Q8IE82	Q8IDS6	37.1475
Q8IE82	Q8IDB0	49.9192
Q8IE82	C0H4H3	30.0328
P0A7I4	P0A7S3	0.230166
P0A7I4	P0AG55	0.25255
P0A7I4	P0A7K6	0.674464
P0A7V0	P0A6M8	2.68372
P0A7V0	P0A850	0.52164
P0A7V0	P0AFF6	0.386454
G0S445	G0SGY2	1.7857
G0S7X0	G0SCL3	5.12675
G0S7X0	G0S9B5	5.76726
G0S7X0	Q2H9R2	7.42179
A0A3S5H5A8	E9BTF9	3.50666
A0A3S5H5A8	A0A3Q8IJC5	76.311
P23351	Q1K5Z0	0.191208
P23351	Q7SG49	0.20705
P23351	V5ILE0	0.312578
Q1K7A4	Q1K548	0.267754
G0S1Z0	G0SFL1	3.00623
G0S1Z0	G0S1Y9	80.2372
G0SDW0	G0SAY9	1.08932
G0SDW0	G0SGY2	3.64846
A8HNV0	A0A2K3DL29	0.328568
A8HNV0	P12759	0.244982
Q6CJK0	Q6CWD0	106.573
Q6CJK0	Q8J287	106.969
Q6CWJ2	Q6CKV4	87.3971
Q6CWJ2	Q875N2	4.30185
Q6CWJ2	Q6CWT9	80.8114
Q4DPQ8	Q4DED2	53.214
Q4DPQ8	Q4E661	0.769372
P91929	P18930	11.0802
A0A3B6PK86	W5C8N6	2.75153
O75533	P55769	5.74403
O75533	Q9P013	1.65709
A0A9R0IBB5	P06511	0.00449231
P22179	P12357	0.0397538
A0A480JYS1	P56632	5.40499
A0A480JYS1	K7GR43	133.579
A0A480JYS1	F1RWL7	177.051
Q1K4P1	Q1K6P0	0.8003
Q1K4P1	Q7S300	0.691889
Q1K730	Q96U95	0.401374
Q8TRR1	Q8TRS7	6.92178
Q8TRU1	Q8TRT3	12.1948
Q8TRU1	P61929	5.22959
P56780	P04778	0.0296034
P56780	Q9XF89	0
Q9S7M0	P56790	0.0128424
Q9S7M0	A0A178WK60	0.0937647
P60405	Q5SHP8	0.119922
P60405	Q5SKU1	0.144482
P60405	P17291	3.73929
P60494	P80372	0.166937
P60494	Q5SJ76	0.19147
P60494	Q5SHQ4	0.0665999
A0T0T9	B6ZHE8	0.043264
A0T0T9	B8BSY9	0.0085065
A0T0T9	A0A679C209	0
B8C4I5	A0T0U2	0.106518
B8C4I5	A0T0T3	0.0347756
B8C4I5	B8C8Y3	0.243195
A0A3Q7FV98	K4CG62	103.714
Q7MTM7	Q7MTK9	0.00427253
Q7MTM7	Q7MTM2	0.187386
Q7MTM7	Q7MTN0	0.105716
Q7MTN9	Q7MT66	0.23707
Q7MTN9	Q7MTN0	0.149167
Q12343	Q08278	1.20319
B5FVE5	Q6CI60	0.528629
F2Z6C0	B5FVF8	49.6753
A0A836A4Q3	A0A6P3DZ89	102.931
F1RMQ4	F1RQV7	104.711
F1RMQ4	W5IDC0	16.1276
F1RY70	F1RI89	142.236
F1RY70	I3LNJ0	145.939
F1RY70	A0A4X1TXR4	133.283
Q7JAS9	P42026	101.969
C6KT23	Q8I3B0	93.7506
C6KT23	Q8IEM3	36.8043
C6KT23	Q8I713	44.6157
O77364	O97249	2.78177
O77364	Q8IHT9	53.9654
O77364	C0H4H3	59.2971
P0DOY6	P80371	0.215612
Q5SM01	P80373	0.264968
Q5SM01	P60493	3.8005
Q5SM01	Q5SHZ1	0.663238
P12163	Q9M3L2	0.0682203
P12163	A0A9R0JQ89	0.0108648
P12163	P36494	0
P60128	Q9M3L2	0.500641
P60128	P10690	0.0664835
A2DDT1	A2FVZ6	44.7973
A2DM33	A2ET60	5.18181
E7ESL0	P49411	15.5675
E7ESL0	Q8TAE8	173.558
E7ESL0	Q9HD33	168.546
Q13405	Q9NWU5	184.154
Q13405	Q14197	8.20093
Q13405	Q9HD33	9.76361
Q9D0G0	Q9D1N9	141.816
Q9D773	Q921S7	161.956
Q9D773	Q8BVN4	1.65708
Q9D773	Q9JKF7	157.116
A4IDD0	A4HVX3	6.7061
A0A287BMW6	O79875	121.742
A0A287BMW6	A0A5G2QW32	92.9038
A0A8D1TL60	A0A287BAW0	130.586
Q9CPY1	Q9CY73	155.96
Q9CPY1	Q9DCU6	137.273
Q9D773	Q9CPV3	130.094
Q9D773	Q9D338	140.311
Q9D773	Q9D7N6	148.771
Q5JE51	Q5JJH0	1.85006
P62316	P62318	236.786
P62316	Q9H875	3.62109
P62316	P83876	48.3488
Q96BP3	O95926	47.446
Q03532	P26784	7.26934
Q03532	Q02326	9.61496
Q03532	Q12690	5.15442
Q07915	P17076	79.1731
Q07915	P0C2H8	5.55681
Q07915	P10664	55.1802
Q4D7F2	Q4DMK9	13.0945
Q4D7F2	Q4D5W3	0.384865
Q4DSU0	Q4DC38	66.8138
R1B3D6	A0A7S3TFW5	0.0356272
R1CV07	R1DCN2	0.121897
P60422	P0A7Q1	0.687687
P60422	P0A7P5	0.0740564
P68679	P0A7V0	0.948922
P68679	A7ZHQ9	0.94448
P68679	P0A7V8	0.102762
A0ACD6B9N0	A0A2W4UG77	0
P0DOY8	Q5SHQ4	0.137004
P0DOY8	Q9Z9H5	0.160405
Q8RR57	Q5SHQ0	0.0993208
Q07020	Q13823	6.63121
Q07020	P61927	157.391
Q07020	P49207	161.955
Q14137	P61313	4.50371
Q14137	P62424	8.11302
Q15393	Q9Y333	1.19898
Q15393	Q16514	0.854591
Q15393	P55769	3.50647
Q9Y4Z0	O43290	227.095
Q8TPX0	Q8TRS5	0.365561
Q8TRT0	Q8TRS5	0.502104
A0A7M4DUG1	A0A7M4DUF5	0.306995
F2Z6D7	B5FVF8	41.4805
F2Z6D7	Q6C926	17.8917
B5RSL7	Q6CI60	0.218829
B5RSL7	Q6C9Z1	0.452325
Q6CEK9	Q6C926	6.24833
Q6CEK9	Q6C4A6	0.117461
Q6CEK9	A0A1D8NFX6	1.15222
P36048	Q03338	0.34222
Q02775	P28320	0.418359
Q02775	P53277	0.373493
P56182	Q9BVP2	3.82614
P56182	Q9BXY0	290.645
Q9Y3C1	O76021	15.8298
Q9Y3C1	P36578	19.6087
Q9Y3C1	P18621	17.9431
P0A7V1	P0A7L3	0.0725789
P0A7V1	P0A7W3	0.104902
P0A7V1	P0A7W7	0.214299
P0A7V4	P0ADZ0	0.279013
P0A7V4	P0A7W3	0.105137
P0A7V4	P0AG59	0.410615
A0A5F9D2E6	Q3T0W9	128.783
A0A5F9D2E6	P62277	148.644
A0A5F9D2E6	G1SE28	40.9967
G1TM82	G1T8A2	105.315
G1TM82	G1U7M4	0.162651
C5K5E4	F8SRI9	22.8392
C5K5E4	C5LPW2	0.182489
C5KBY9	C5L104	0.345164
C5KBY9	C5KDM7	0.144839
C5KBY9	C5L848	0.131778
P38919	Q9BZI7	112.275
P38919	Q6UX04	312.395
P38919	O60508	314.284
Q9NXE8	Q9Y3C6	8.67933
Q9NXE8	O60508	198.989
P61247	O14730	1.85582
P61247	Q9BVS4	190.142
P61247	P13639	3.66324
Q9BRS2	O14744	0.85811
Q9BRS2	P46782	187.806
P80339	P60488	2.86202
Q5SLP6	Q9Z9H5	4.72968
Q5SLP6	Q5SHN5	39.4534
R1DCN2	A0A7S3X591	0.094212
R1DCN2	R1DNR0	0.0819825
R1DMQ2	A0A7S3TFW5	0.0817252
P29388	Q95748	21.4999
P29388	Q94C12	0.374778
Q9FWR5	O05000	0.0956677
Q9FWR5	P93313	0.0907401
Q9FWR5	B5TM93	0.0976749
G0SI44	G0S497	52.3628
G1SV32	G1TPV3	178.923
G1SV32	Q3T0W9	149.93
G1SV32	G1TYL6	149.194
G1T168	G1SZ47	6.04213
G1T168	G1SIZ2	138.72
G1T168	G1TZ76	148.506
Q2FEP4	Q2FEP6	0.168863
Q2FEP4	Q2FES1	0.553492
P38789	Q02326	3.02567
P38789	P38805	20.0041
P38789	P05737	7.18078
Q9D1B9	Q9D0Q7	165.67
Q9DCI9	Q9D7N6	141.202
G0SGT6	G0S4P8	3.47314
A0A3Q8IIY4	A0A3S7WPD8	33.0961
A0A504X6A3	A0A3Q8IVH0	36.7102
A0A504X6A3	A0A3Q8IIL6	21.6817
O13672	Q9USG6	57.1744
O13672	P05734	83.4047
O13672	P0CT68	82.8316
P66430	O06051	0.175531
P66626	O06051	0.0124018
P66626	Q53538	0.0132576
P66626	P66575	0.0222107
Q9HV58	Q9HWE4	0.719995
Q9HWD0	Q9HWE4	0.295732
A0A287A0K2	A0A8D0HMG9	165.017
F1S9B7	A0A286ZU56	72.8057
F1S9B7	F1RY70	92.8224
F1S9B7	A0A287BP93	79.9189
P42029	Q8WAB4	109.483
P42029	P03924	112.974
Q7JAS9	P03924	74.1435
P0CX25	P53145	0.609952
P0CX25	P25582	1.39761
P0CX25	P49166	94.3194
Q4FZT9	D3ZHW9	0.411595
Q9ESH1	D3ZHW9	0.546268
Q9ESH1	D4AEH3	19.7264
Q9ESH1	P62193	168.105
Q7Z6M4	Q14197	1.72635
Q7Z6M4	Q13405	1.60086
Q9NWU5	P82650	1.45933
Q9NWU5	Q9P015	1.11877
Q9NWU5	Q9BT17	2.1673
Q03862	P0CX84	6.01135
P10664	P05737	64.0703
P10664	P0CX37	2.35996
P40693	P38779	0.716128
P40693	Q04660	1.14409
O43396	P35998	1.57925
O43396	P17980	0.68375
O43396	P43686	0.65018
P62195	P28066	237.136
P62195	P25789	194.72
P62195	O00487	47.822
W8TRC7	W8U8T8	0.0927756
W8TRC7	A0A077URJ8	0.0515038
W8TRC7	A0A077VMP6	0.147384
A0A4X1SN37	F1SJ34	0.28797
A0A4X1SN37	A0A286ZNN4	0.714913
A0A4X1SN37	A0A8D0PQH6	0.722678
F1RWL7	G8IFA6	160.348
F1RWL7	I3LGM4	109.883
G0S0E5	G0S1R0	0.296328
G0S0E5	G0SH61	51.5927
G0SHQ2	G0S7T8	103.318
G0SHQ2	G0SBZ6	192.234
G0SHQ2	G0SF80	4.6619
A0A2K1KU02	A0A7I4A0Q6	0.0744327
A0A2K1KU02	A0A2K1KGQ2	0.00881456
E1UWE5	E1UWD8	1.03528
B7IA26	V5V9N0	1.05905
A0A8D1BPA5	A0A480QIM3	136.732
O51357	O51207	0.0744736
C6S3J6	Q8ILL3	0.868159
C6S3J6	Q8ILK3	28.7428
Q8IDS6	Q8IB51	39.1554
Q8IDS6	C0H5G3	65.621
Q6A6M7	Q6A5A1	0.686273
Q6A7V2	A0A2C6LJM0	0
Q6A7V2	Q6A6P5	0.057917
A0A1Y2NMA9	A0A1Y2NNE1	0.140459
A0A1Y2NMA9	A0A1Y2NNX4	1.02453
A0A1Y2NMA9	A0A1Y2NM93	0.391881
A0A1Y2NN24	A0A1Y2NMK7	0.24996
A0A1Y2NN24	A0A1Y2NNX4	0.0951661
A0A1Y2NN24	A0A1Y2NZ92	0.0385969
P25043	P28065	60.5568
E1UWC4	E1UWD0	0.0444917
E1UWC4	E1UWC5	0.493247
E1UWE0	E1UWC7	0.134383
E1UWE0	E1UWA9	6.39637
Q8N5N7	Q9H3J6	3.47003
Q8N5N7	Q5T653	179.405
Q9P0P8	Q96EL3	0.762128
O00217	Q9P0J0	299.446
O00217	O95182	160.178
P03901	P03915	169.252
C0H4H3	Q8IBY4	26.0803
Q8IKM5	Q8IBY4	21.2029
Q8IKM5	Q8IJK8	6.00032
A0A4X1VVS8	A0A4X1THU2	109.889
A0A4X1VVS8	A0A286ZNN4	129.195
A0A8D0K6B5	O79875	97.4264
A0A8D0K6B5	A0A480JRW3	3.25876
G1TTY7	G1SHG0	164.351
G1TTY7	G1T040	155.999
G1TTY7	A0AAA9WX15	165.122
G1TUN8	G1U7L1	131.234
G1TUN8	G1TXF6	3.79172
G1TUN8	G1T0C1	170.364
Q9CQL6	Q9CPY1	139.992
Q9CQL6	Q9D7N6	141.478
P60490	Q5SKU1	0.190938
P60490	Q9Z9H5	1.56594
Q5SLP7	P80372	0.139464
Q5SLP7	P80374	0.0926924
P0C2H6	P0CX25	75.2304
P0C2H6	P05744	57.6194
P0C2H6	P38061	10.107
P47047	P04456	2.03264
Q8K2M0	Q99N93	156.364
Q8K2M0	Q8R035	157.903
Q8K2M0	Q9Z2Q5	126.165
G0S7T8	G0RZ99	50.3539
G0S7T8	G0RY94	47.1334
G0S7T8	G0S6B0	0.673956
G0SBN9	G0SEI5	3.42845
G0SBN9	G0SCT7	1.12779
A0A4X1W9K3	A0A4X1UZN2	77.3109
A0A4X1W9K3	Q9TVC1	202.546
A0A4X1W9K3	Q5ZWW6	0.63815
A0A8D1H0W9	Q29048	10.2067
A0A8D1H0W9	A0A286ZJL5	2.36179
A0A8D1H0W9	Q9TVC1	165.64
Q02543	P46776	181.816
Q02543	X5D2T3	184.153
Q02543	P27635	184.161
Q8TDD1	P30050	2.68012
Q8TRT8	Q8TRT5	0.141402
Q8TRT8	Q8TRC1	24.5985
Q8TRT8	Q8TS56	0.421958
P22141	O94742	0.383895
Q06103	P23638	21.909
Q7S518	V5IMN1	0.839198
Q7SC44	F5HIJ5	0.212016
P53665	Q8LGE7	4.91734
P53665	Q945M1	5.8713
Q42577	P92533	31.9593
Q42577	Q95748	73.9879
G0S992	G0S832	1.7671
G0S992	G0RXZ3	3.5129
P08067	P22289	0.183228
P08067	P00127	1.11698
P32799	Q01519	27.8873
P0CX84	P0CX31	52.0244
P0CX84	P05747	2.10042
P0CX84	P05743	52.0836
P38202	P36105	3.85651
P38202	Q02753	5.7273
P38202	P0C2H6	4.45741
Q79VE9	Q8NS61	0.0737032
Q79VE9	Q79VE8	0.2037
Q79VE9	Q8NNK5	0.24339
Q8NTD4	Q79VD7	0.130076
Q8NTD4	Q8NNK3	0.172265
Q8NTD4	Q8NNK2	0.24045
P0DOY8	P60492	0.0360286
Q5SHP8	Q5SHN8	0.0231577
Q5SHP8	P80371	0.153624
P75579	P46775	0.0978831
P75579	P78006	2.02585
A0A0J9X226	A0A0J9X220	43.2606
A0A0J9X226	A0A0J9X215	47.4351
P0DJ22	P0DJ56	30.9412
P0DJ22	P0DJ15	0.655448
P0DJ22	P0DJ24	48.5098
Q22AX5	P0DJ59	60.032
Q22AX5	P0DJ25	3.43254
Q22AX5	P0DJ13	48.7632
A0A4X1ULW2	O79880	1.12268
A0A4X1ULW2	A0A0U1RS44	0.890504
A0A4X1VX77	A0A0U1RS44	124.904
A0A4X1VX77	A0A8D1G9F4	0.0544474
E1UWB3	E1UWB9	0.0279889
E1UWB3	E1UWB2	50.9981
E1UWB3	E1UWE5	1.63246
E1UWE2	E1UWB6	0.278455
E1UWE2	E1UWC7	0.180799
Q5JDH2	Q5JDM6	17.3008
G0RXZ3	G0S7X0	4.68889
G0SCE2	G0SCL3	61.687
G0SHQ2	G0S5S6	1.96885
P0DM37	D0VWR4	0.160294
P19054	P12312	0
P19054	D0VWR1	0.0764785
A0A8C0S144	A0A8C0RUW0	1.88001
P38377	P60058	0.869192
P38377	G1SCJ6	193.95
P38377	P05743	110.855
Q5I7K2	Q5XUU9	97.9686
W5BFB7	W5C8N6	63.5407
Q9UXA3	Q97ZZ6	2.14136
Q9UXA3	Q9UX92	17.999
Q9UXA3	Q97ZQ5	3.91283
Q7SA88	Q7S300	0.078109
Q7SA88	Q1K7L7	0.115237
Q7SGE5	Q7SB98	0.34413
Q7SGE5	Q7RXU7	0.458584
Q7SGE5	Q7SAC2	0.291958
A0QSP8	A0QSG4	0.199369
A0R551	A0QSD1	2.76122
A0R551	A0QYU7	0.0630787
A0A0M4T275	A0A0M4TE52	0.502717
P34659	Q18786	232.701
P34659	Q9N4G9	231.336
P25043	P40327	117.791
P25043	P53549	82.3595
P25043	P38624	50.0019
Q12377	P32379	34.1586
A2D8G5	A2FT79	11.201
O43181	Q16718	0.0937931
O43181	Q9P0J0	121.858
P03901	P19404	159.316
R1FP66	R1FED1	0.0805195
R1FP66	R1EB65	0.14542
G1SV32	G1T8A2	133.654
G1SV32	G1SQH0	14.9466
G1SV32	G1TFE8	147.762
G1T3D8	B7NZS8	153.774
G1T3D8	G1SZ47	135.652
G1T3D8	G1SIZ2	117.527
Q99848	Q14137	197.67
Q9BXY0	Q07020	1.09259
Q9CPW3	Q99N94	105.698
Q9CPW3	Q3UK02	90.3682
F5HIJ5	Q7SEK9	0.327543
Q7S910	Q7RYW8	0.576974
Q7S910	V5IM60	3.8113
Q7S910	Q1K8C8	1.28698
P30657	P21243	31.504
P30657	P43588	18.9112
P30657	P25659	0.403083
P38886	P21242	20.7534
P38886	P40303	34.2686
P38886	P23639	28.5012
Q13823	P47914	4.63232
Q13823	P49207	12.5169
Q13823	Q9UNZ5	7.53399
Q9BRT6	P62891	0.245326
Q7MTP1	Q7MTM4	0.383196
Q7MTP1	Q7MX94	0.470294
P9WHC5	P9WHD9	0.0608718
B8BVI1	B6ZHE8	0.135013
B8C4I5	B8BSY9	0.306052
B8C4I5	B8BVI4	0.131635
O94620	Q09882	19.1065
O94620	O43071	17.2596
Q9UUC6	O74966	86.3168
Q9UUC6	Q9USZ3	152.671
P36040	P40303	0.16273
P36040	P23639	0.221828
Q9B6C8	A0A1D8NEL0	0.374108
P61929	Q8TRT3	15.9267
P61929	Q8TT42	8.41901
Q8TRS7	Q8TRU1	5.40196
Q8TRS7	Q8TRT2	0.167722
Q9HVL6	Q9HTN8	0.548295
Q9HWF0	Q9HWF6	0.0429676
Q9CQL6	Q9CQ06	1.30706
K4CND1	P29766	99.1967
O00303	P62854	195.052
O00303	P36578	220.586
O00303	Q99613	4.31387
P41567	P05198	328.783
P41567	P62851	4.0589
P62910	O76021	5.93938
P62910	P08865	182.607
Q9BZE4	Q9UNZ5	10.5528
A0ACD6B9K5	A0ACD6B9N0	0.0214669
A0ACD6B9K5	A0ACD6B9M3	0.153949
A0ACD6B9K5	A0A2W4UG77	0.202762
A0ACD6B9K6	A0A2W4UG77	0
A0ACD6B9K6	A0A2W4Z125	0
A0A9J4RF14	D0FY01	0.0531499
A0A9J4RF14	D0FY08	0.065989
A0A9J4RF16	A0A1C8XRP3	0.0562249
P0CX43	P39015	0.484715
P0CX43	P04449	33.7517
P0CX43	Q12690	1.10532
Q02326	P05740	97.9006
Q02326	P38779	3.57414
Q02326	P41805	114.947
P58059	Q9CY16	0.176431
Q80ZS3	Q9D125	123.077
P12239	Q8DKM3	0.400542
P19054	P56152	0.622401
Q72I20	Q72I11	0.0688323
Q72I20	Q72IN1	0.298533
Q72L77	Q72GV5	0.045842
Q72L77	Q72GW3	0.133333
A0A3Q8ID11	E9BAV6	74.7383
A0A3Q8ID11	A0A3S7WNJ7	46.9058
E9BFB6	E9BAV6	78.6808
A1B1H8	A1B479	0.934757
A1B1H8	A1AZB0	3.45269
A0A7M4DUF5	O78748	6.00239
O74399	Q9Y7Z1	1.72763
O74399	O14339	44.593
Q10353	O13672	68.7918
G0S775	G1DJA2	1.67546
G0S775	G0SBG8	3.4425
G0S775	G0SEF0	0.431101
A0A504XQ80	A0A3Q8IC41	33.1475
A0A504XQ80	A0A504Y5E1	6.7061
A0A8N7XJ91	A0A8N7XJ68	102.642
P56537	P18077	7.95525
Q9UQ80	P20290	2.48639
Q9UQ80	P62891	5.87379
Q9UQ80	P42766	169.83
Q80ZK0	Q9CQV5	151.767
Q80ZK0	Q9CR88	150.304
G1SV32	G1TFE0	172.056
G1SV32	G1SWI6	174.849
G1SV32	G1SNY0	187.717
G1U001	B7NZQ2	142.471
G1U001	G1TXF6	124.276
G1U001	G1TTN1	4.4014
B5FVG1	A0A1D8NFX6	0.471883
B5FVG1	Q6C926	2.46391
F2Z626	B5FVF8	31.2986
F2Z626	F2Z673	2.09983
F2Z626	Q6C7X4	28.4221
P91175	Q09385	1.09485
P91175	Q20875	2.69847
P91175	Q9U2S6	2.31476
P0CJ48	Q9S7J7	0.0188962
Q07473	P04778	0.0213225
Q07473	Q9S7J7	0.0208458
Q95748	P93313	13.9885
Q95748	Q9SD78	0.0873845
Q9FMV1	Q94AL6	0.0174407
Q9FMV1	Q9FWR5	0.10456
Q9FMV1	P93313	0.568943
A0A504X6A3	Q9UAB4	26.8138
A0A504Y5E1	A0A3S7X127	33.1797
Q9D1B9	Q3TBW2	146.248
Q9D1B9	O35972	147.082
I7KJM4	A0A2R6W993	0.0265498
I7KJM4	A0A3Q9R2J6	0.00856392
P12185	I7IIM0	0.00803213
P12185	I7JD56	0
P12185	A0A2R6WE99	0.00917547
P48114	P48112	0.0151786
P48117	P48113	0.0552239
G0S2U4	G0RYF6	48.1154
G0S445	G0RYF6	2.17902
G0S445	G0SE30	1.30403
A0A1S4DN49	A0A1S4CP52	82.907
Q9RSK0	Q9RSL2	0.0165955
Q9RSK0	Q9RXY1	6.97049
Q9RXJ7	Q9RXJ4	0.381711
Q9RXJ7	P49228	0.306219
Q9RXJ7	Q9RSK9	0.247321
Q8IDI5	O77364	66.3374
Q8IDI5	C6KSY6	60.3278
Q8IHU0	A0A5K1K8V8	0.418035
Q8IHU0	C0H5G3	0.123584
Q8IHU0	Q8I3B0	0.184769
O74904	Q9Y7Z1	1.6006
O74904	O94658	55.4373
O74904	O74175	56.6774
Q09127	Q9URT8	134.077
Q09127	P0CT68	80.1956
O74966	Q9USZ3	122.07
O74966	O13615	44.5131
Q10163	Q09882	38.1412
A0QSL9	A0QYU7	0.0519001
A0QSL9	A0R7F6	0.200339
P13393	P62799	143.823
P13393	P06897	3.59026
P13393	P27999	13.5371
P32585	P07273	0.314264
O52761	Q9HVL7	0.421797
O52761	Q9HWE0	1.50578
Q9HWE6	Q9I0A2	0.0591591
P50580	P62751	152.853
Q9D8E6	P61255	169.824
Q9D8E6	P14148	173.281
Q9CQN7	Q8K2Y7	118.046
Q9CQN7	Q921S7	142.524
P50735	Q3E7B6	0.127683
G0SF80	P36585	4.00905
O42832	P0ABS1	0.663408
A0A1D5UQZ5	P28632	0.253265
Q00454	Q836R0	1.52815
P10662	A0A077V0P8	0.0296289
Q839D8	A0A3Q8IIY4	0.33548
A8JGX6	F1SQP4	2.20899
Q383R4	A0A1S4AU23	2.38202
Q9D8P4	Q980Q9	0.432156
O60306	B8BUU4	0.147289
P40070	Q8U0M5	2.70971
Q9P2L0	Q6XQC3	0.14891
Q9W380	S8G3J1	0.124117
A0AAN0Y0S4	P61803	0.0928523
Q9HWE2	Q2FES2	0.120991
I4BYB3	Q9CWF2	5.82085
Q9UHA3	A0A379PIR4	0.53456
P18077	A0A0M4T1M3	0.603902
Q2FW08	Q23KG1	0.772164
F2QT92	P0AFH6	0.226328
P05805	P25398	0.587885
P42641	Q8LCQ4	0.0912156
Q2FRM0	Q08004	0.118157
A0A0G4GX86	O15145	0.993882
O60524	Q585T1	0.368184
A0A3Q7I5D6	P0A4U6	0.936444
O74030	Q5JJF9	0.852895
B7IA17	Q75VY6	0.0143771
Q39212	O14802	1.12516
Q8TRR0	P25515	0.0513393
S7UR33	A0A0A7HF79	0.104517
O94355	G0SI44	0.48708
Q927L7	Q02380	0.0218146
Q17348	Q99KD6	4.91704
P09191	Q580I0	0.0714677
A2RP62	O43402	0.325965
F2RGQ4	P0CX53	4.96597
Q99N92	Q9NVR2	0.934935
A0A7D4X9R7	E2RXT6	0
P55884	P30665	0.489025
G0SHJ6	Q71SY5	0.348068
O15612	Q5I7L1	6.96626
A0A640KJI7	P62090	0
A0A504XJE6	Q08965	0.487388
P54709	I3LCH3	5.6987
Q9NPF4	Q2FEQ8	0.211122
Q8VCS6	Q9R1P0	2.50019
Q9UGV2	Q9RSK0	0.149045
A0A287BMW6	A0A923IZB8	1.26799
A0QVQ3	D0CD23	0.145708
P11094	A0QV37	0.0848045
F5HIJ5	Q4E2D1	0.168063
P36012	A3DH98	2.1221
P75238	A0A1S3XAW1	1.7475
E2RXT8	Q2EN79	0.0464109
A0QUM5	P0A415	0
P9WHC1	P82231	0.591642
A0ACD6B9K5	Q94C12	0.130649
A0A0J9X292	Q6YXQ2	0
A0A3Q7GDM4	O87802	0.686061
Q9UQE7	P09595	0.299654
A0ACD6B8Q4	A2E6R2	0.0917563
O94616	P25046	1.3248
Q02543	P30291	2.12109
E2RXU3	A0AAN0Y3T9	0.00771404
Q76B86	A0ACD6BAB4	0.402188
A0A333U4T6	Q9HWF4	0.117544
A0T0S9	D0MDD7	0.0835894
P63000	P0AF28	1.68181
Q8LYW1	P01024	0.153131
P53927	A0A8I3PII7	5.3859
P53803	P38077	1.11975
A0A3Q7FVJ9	A0A1Z3HS05	0.109821
P40033	A0A1S3XE16	2.64563
A0A0M4T275	Q14C51	44.634
A0A2K1KN29	A0A8D1XNL0	0.0536585
P40227	A0ACD6BA44	8.3982
B5FVF8	P0AE07	0.32465
P07839	Q8DHA7	0.0163139
Q2FEN8	Q86VP6	0.183429
A0A287AAR5	P32411	0.387402
Q4DX19	Q389F5	0.0770642
P68135	A0A1J7CBX1	4.13886
P60880	A4ZFB8	2.05153
A0JLT2	Q91YR1	0.19219
A6MVV3	C6KI89	0.0401977
Q9BYN8	Q927L7	0.0267493
P35346	Q9FMV1	0.413374
P25293	Q9P0P8	0.292116
P53136	P61221	0.225076
P0ABS1	B7IBC2	0.196203
D5ARP7	E1UWB7	0.245719
O75817	P46898	0.114725
A1WWW3	A0A0F6NFW5	0.0480694
Q6CM04	O20029	2.98758
Q9CPX7	A0A1S3UYW0	2.11733
Q8VYY1	A0A1S3TU57	0.0125224
C9ZW42	P60842	1.86547
A0A5F9CZR4	Q8WTT2	1.71588
P42029	Q9H2W6	0.538635
Q9HWD1	Q767K8	17.9591
A0A2V3F2U6	P32570	0.347796
A0A2P6U4S6	Q14657	0.0568531
A6MVV3	A0QSD3	0.111053
P0A6Y1	Q6ICR9	0.132877
P41208	Q5JH43	0.437515
Q9BQC6	P0CX49	2.75353
O34399	P09669	0.180311
I4BTY9	P35997	2.15158
I6UQN5	Q02795	0.112159
A0A1S3XAX8	Q6ZY23	0.509768
P0A8V2	P31376	0.519249
A0A2K1KN29	Q9US45	0.0656974
B8YB61	Q6A7V3	0.13436
A0A1B4XKS2	A2DHU7	5.04984
Q9XI73	Q7SF85	0.7932
P53840	A0A1K1NXL9	0.251256
Q03246	E1UWC3	0.490468
B9PX63	K7GP63	57.7319
A8IE32	G0S770	0.582328
A2FJV7	A8J353	0.686281
A0A836D7R1	G0S0S8	1.68999
R4ZGV2	Q9UHV9	0.0386193
Q16718	P62854	1.3599
C4M727	Q9XTU6	2.2016
P01589	Q9DCI9	0.15107
P03921	A0AAN0Y4G9	0.74709
Q9D1I6	O80800	3.7676
P21372	C3SR12	0.400526
G0SI44	A0A218NZU0	39.2598
Q9CR59	P61758	1.47327
P60900	P13619	1.71245
Q72I14	A0ACD6BA62	0.18967
A9J4K6	O95182	0.328431
A0ACD6B8J5	P17412	0.141006
R1B3D6	Q9HWF3	0.0244253
B4EKB3	B0C3E5	0.0953707
Q9CZB6	Q8U0F0	0.449603
G1TFE8	A0A8I5ZWI2	1.70927
Q9UQE7	Q54XI5	1.45573
A2A825	P9WIU9	0.293857
P94266	P62891	0.861032
Q9DC71	Q3B726	1.05278
F2D138	A0A640KBV2	0.127469
P62653	Q7S300	0.0298137
C3SME7	G0SGM0	0.109664
S0BBU7	Q96SY0	0.199415
P03901	A8J7H8	0.053784
A0A2K3CRM9	A6MVV1	0.0242165
P62875	Q9RKY0	1.73351
P49736	A0A2V2VW62	0.730956
P56766	Q980L5	0.049697
B9PMU7	Q9LU39	0.35055
I7MG46	A0A4X1VM56	6.39685
O94705	P40007	0.150097
Q00959	P69231	0.166138
C3SQX2	Q9HWD7	0.172064
Q92759	B7IBC1	5.71601
A0A286ZUN9	P60900	0.678641
Q5JJG8	P53298	1.03022
Q04062	A2G4E1	1.18813
Q4DY17	A2FDE0	1.46595
A0A3Q8I8K3	Q99877	5.17318
Q24I07	P0A7Q6	0
Q99613	A0A218NZS1	1.4074
A0A6G4QK55	P13619	0.306324
E9NPS7	A0QSG3	0.00586087
S8G0I7	O14467	0.223231
A8J264	D0CD06	0.0296434
P42285	A4ZFB8	0.27414
Q24CL2	P63081	1.21045
O05633	P51970	0.169472
A2DSF3	A0A5K1UJS7	72.5772
A5FJ36	A0A2D0TCA6	0.274776
Q5JJF2	B6STT2	0.978699
P14120	Q9F1K9	4.60352
O14036	E1UWB0	0.260091
A0A140UHW4	P01865	0.0735066
Q8K2M0	P57766	1.70971
Q9C639	A0A1B4XSI4	0.193271
P9WJG3	A0A0J9X219	2.43981
B5FVF8	A0ACD6B8X1	0.171157
E1UWE0	P0AA10	0.162978
A0A6P3E3I5	O75643	1.25179
Q4FUF3	O00483	0.0567452
Q08365	P61927	1.30298
P46898	P0ABS8	0.00514555
A0A2K1JDE1	A6QRA1	0.0686642
A0A2K3DM81	Q2FKZ2	0.24105
A0A1S3YPU3	G0S081	3.80655
A0A9R0IWV5	Q4DZA7	0.22926
Q9VLI9	A3HTC0	0.100923
A0A9R0JNY3	I4BTZ1	0.0642093
A8BMP6	C3SR57	0.230964
P0A7J3	Q839E7	0.052793
P39073	P61937	0.314653
P62987	C3SRY2	0.16268
Q9HWF0	P30260	0.212913
Q57TX9	Q9FJE8	0.59234
Q53539	P40026	0.375456
P69231	Q9V0V6	2.7563
P19845	Q8TRT2	0.0103958
Q9BPX5	O82238	0.27451
P82915	Q13098	3.26342
Q17784	Q9UJX3	0.494697
Q96RY7	Q5ZLR5	0.324995
O43143	Q2KIB5	0.107617
A0A125YYJ5	Q949Q5	0.133547
P10972	P60709	2.85316
A0A1K1NXL9	Q9Y3C7	0.148394
A0A286ZUN9	G0RXZ3	0.190933
Q37165	A0A0D3D418	0.756888
Q72I33	Q9H293	0.120607
Q6RFH5	Q4V7I1	1.11264
Q9NWU2	B7GL96	0.35054
O79874	P00166	0.419418
Q9USZ6	G0RZX8	0.298139
Q9V4E0	P22179	0.107505
I0YTK4	P04912	3.63148
A0A1B4XKR8	Q9CPW4	0.560332
P05756	Q6CG53	0.0320568
P04234	P18946	0.573346
O95139	A8DYC4	2.41101
Q28852	A0A379PL53	0.0645063
Q5SHP0	Q8TQU3	0.033183
A6VF34	K4CYU9	2.55165
Q5FVI6	Q6A7V3	0.274316
A0A2K3E3V0	P52864	0.131334
Q9UBQ0	A0AA36N3P6	0.0852338
B5FVF3	Q57XX1	0.103651
A0ACD6B9F7	P25786	1.76833
Q12488	A0A2D0TCJ1	0.0444909
B7IA35	T1RJW8	0
Q6DBA5	Q9USR7	0.424324
A0A3V9J0D3	A0ACD6BA64	0.0291842
K7GSE5	A0A3Q8IGI9	1.88541
Q8RGE3	B8BU33	0.0646174
A0A140S919	Q8DIN9	0.0576998
U9W8F2	A0A0M4T6V9	0.216409
P36528	Q4JB17	0.641653
P39473	P12975	0.00675676
Q8RR57	I7M6H4	0.171848
P41812	R1DY94	0.168248
A0A218P4K4	G0SAE9	0.419903
A8BRZ3	P15819	2.94934
P32502	P41733	0.278482
P0ADC1	G1TM82	0.701355
Q9W402	G0S8A6	0.255082
Q7RTV0	P21470	0.0420979
A0A2K1JLZ3	A0A3Q7FV98	0.47609
P21471	P54709	0.0510577
E1UWA8	Q96JB5	1.01068
Q7MTN9	P34943	0.792537
A0A5F9D2E6	A0A0M3V8U3	0.772684
Q4D7F2	A8BE02	15.8279
G1DJA3	P58575	0.107927
Q9UBQ5	P35250	4.31432
A0A6P3ED73	P43023	0.964095
G1T3D8	A0A0F7UYM7	115.223
P63104	P32501	3.06476
P89102	B8BX93	0.132062
A0AAB0B1V7	Q9HWD1	0.323455
A0A0M4TFB0	P62238	0.441919
P03905	P42920	0.185081
P10663	Q76B86	0.243398
F1SLR1	C4M7U2	0.0284847
A0A287ADR4	A0A2K3DM81	2.08015
P0C5R9	A0ACD6B9K6	0.129412
Q4E661	Q9BVC4	1.10086
Q9Y244	Q9BRT6	0.327945
D0MKF0	Q5JJF9	0.619244
Q9Y3D5	Q5JH24	1.17907
P0A423	P0DJ20	0
P13765	Q9W3N7	0.0417321
S8GED8	Q9UUC1	2.12841
A8J5P7	P07678	0.302556
Q2FW23	P05737	2.21968
F1S031	O60566	0.48933
P82403	Q5SLP8	0.34142
Q642R6	P46776	1.84864
Q8N668	A4IDD0	0.136782
O75570	A0A718C6E5	0.333077
P12629	Q4DZA7	0.618
P42766	A0A3Q8ID11	113.066
Q47450	Q08365	0.109563
Q06796	Q9HUN0	0.506906
Q5SHP3	Q6IV65	0.298004
P63096	F5LA74	4.84897
P38077	C7DZL4	0.47964
Q8JU54	Q10353	0.471822
G1TJW1	Q9W2V7	7.02637
Q27RN6	A0A2K3DQ46	0.170058
G0RZX8	Q53539	0.130283
D1J7A9	Q9XQN8	0.173001
Q9RXJ7	A0A125YMR9	1.54497
T1RJ05	Q9LVM2	0.166274
A0A1D8ND94	Q389L3	0.0707031
Q9FFC0	A0A3B6KRQ3	4.0545
A0A024FSR7	P19388	1.46945
Q56227	P00128	0.294496
Q5JJF4	A0A0F7LUV5	1.8943
P0A8V2	A0A1Q2TSM6	0.399562
P83796	V5BCU3	0.06409
E1UWC3	G1SUC8	0.837008
A0A923IZ11	Q4E2R4	0.171828
Q4DWR5	A6VF34	0.393796
B8BRQ8	P18621	5.07171
P35178	Q4JB42	0.377303
Q9URY0	Q5JEV0	0.475184
O78756	P62193	1.28553
M1VKK5	A0A6C0M5W0	0.117936
Q9VQD7	C4LXC8	0.0243964
A0A5H1ZR73	A0A1S3UMA0	0
P02721	P38931	0.524726
A8J5D4	P0DP25	0.0037887
A5FJF4	P38782	0.156049
Q5JJF2	P36121	0.931659
P43132	Q91YR1	0.248809
A0AA82WNX9	Q4G3B8	0.0461661
Q4FUD7	P30260	0.404135
D0VWR7	Q9Y3B4	0.725286
B4DVU3	G0S5S8	1.33231
B6YWC2	Q24I09	0.152526
G1SIZ2	P16679	2.73578
E1UWD2	A0A087X2I1	0.34109
A2EXW7	Q9CR88	3.63487
Q5JE51	S5TMP9	0.0652526
P06006	P0C6E0	0.145854
P0ACI0	Q9P015	0.630786
P32349	Q9H633	1.5475
A4ZFB5	Q6ZY24	0.130694
P35251	A0A4X1TFI3	0.80373
Q72I19	Q07020	0.210845
C4M0Q2	Q6DCZ1	0.856836
F1RRN2	Q9BS18	0.0758192
Q9UKD2	P32776	2.20858
A9SL09	Q5JJF9	0.176505
B7IA22	G1TDL2	0.0735178
A0A087L9L7	A7NBX3	0.866951
E2RU47	A0A2K1IAD0	0.0288901
P39942	P20282	0.263392
Q8N122	O31743	0.608373
Q9UL03	B7IBC1	0.419711
Q2FXZ7	P0A8T7	0.398488
A0A2I0BU46	Q9HVY3	0.345513
A0A3Q7FNQ5	O74772	0.0494893
P17413	A2EBA2	0.343611
A0A286ZJL5	G0S8F1	0.761483
A0A444A1G7	P0A7V4	0.220175
P02721	Q06245	0.522324
P53840	Q8IKM5	1.49585
A0A2K1KKR9	Q8DG60	0.17229
A0A1S4D1U6	Q9TM21	0.0587087
O14010	Q9D0Y8	0.741675
P62854	Q04491	0.588728
A0A3B5ZQE8	Q8VZ65	0.18997
Q14JB6	Q8TRU7	0.0718617
A0ACD6BAN1	O48448	0.206773
P38701	C4M0Z2	60.2091
D0CD01	P20986	0.01366
E9BCX6	Q96HW7	0.878769
Q1HFX1	P49662	0.384126
A0A2D2Q0K8	Q9RSK0	0.289808
A0A0M3KL59	A3MSJ5	0.271942
O35011	Q8TDD1	1.16399
P9WPS1	Q71SY5	0.13296
A2DNY3	P06450	3.02969
E1UWA7	P28007	0.188326
P11019	P24732	2.03649
A8B8Z6	P92277	0.031286
Q68CZ6	R1CV07	0.317259
P24032	A0A2V3F2U6	0.198681
P95992	A2F8Y8	12.5659
Q86VX2	A2DTR8	0.173935
P0A7I4	Q53GS9	1.64433
Q83ES5	Q9UTB6	0.150664
Q9VGW6	A7N9V0	0.375039
P53313	A0A3B6QBU0	1.54151
A2T2X4	P00423	0.42877
O60164	O87802	0.725196
A2RMR2	Q23YW7	0.238733
B5RSK9	P36100	0.0795744
A0A0M4U5B4	O53943	1.51302
Q9BW61	O15631	4.41221
A0A2D2Q1I4	A0A2D0TCA6	0.243975
Q4D7Y5	A0A063XFC1	0.123853
B8BRQ8	F1SR64	0.398414
P32410	A8IWQ1	0.0225267
A3HTB8	A0R549	0.15614
D5AQG8	Q13509	0.229296
Q06213	O77364	1.29016
C4M751	I6V297	1.4854
Q9CQ54	Q83EQ9	0.0214286
O52761	P28066	3.41893
A0A411AKL6	Q72I20	0.251933
O51456	P62917	5.34801
Q9D8E6	P60709	5.66257
P19431	Q1JQ91	0.0716602
Q4V7I1	A0A3Q7INK3	0.456587
Q57XL2	Q9V2Z4	0.261998
Q4D1H8	A7NDG1	0.164966
P56849	Q7JZF5	0.157823
A0A0M5MK69	G1TZ76	0.0758145
Q5SM01	Q9CQ39	0.771311
A8IKI9	D0A2N9	0.243781
A0A0F6NFW5	Q9FJE8	0.0238434
B6TXS5	Q9D1I6	0.415981
A0A7S3TXG5	P73297	0.12541
Q8Y6T6	P16268	0.0829924
P66125	A0A5C2GVU3	0
Q7ZT47	O13877	1.79937
O94705	Q7Z7H8	2.27738
Q9UM00	P69461	0.0756531
J7FAD9	A8I8A6	0.176107
Q96BP3	E9BMB4	1.31475
P21473	P39473	0.497495
P66484	P11514	0.122359
A0A2D0TCJ1	A8BI95	0.380271
Q12509	Q39615	0.142741
B8LE61	P80371	0.363739
P62090	P05807	0
A1B497	P9WH37	0.281564
G1DJ98	A8JC51	0.0734676
P00424	A0AAN1CWW0	0.192224
Q4CPD8	P11703	0.266803
A0MZE1	P05734	2.54318
Q12488	P0A7M6	0.790064
P0A9T8	A2RMR2	0.36769
Q7ZYJ8	A0A504XQ80	0.366418
P47093	P38077	0.771026
P02557	B0C8F1	0.399225
D0CCZ7	Q9Y3C7	2.2625
E2RXT6	B5RSK3	0
A0A1B2U0F5	P00833	0.0631458
Q8NFG4	P50148	6.60726
F2QVW8	A0AA36N3P6	0.145114
A0A6P7EX23	P0DOY9	0.203132
A0A1S3UYW0	Q96GM5	0.729717
P46199	Q9RKY0	1.42691
D0VWR2	P9WH63	0.0986581
Q47PJ4	A0A644EZB9	0.0333488
C3SME7	P14790	1.90424
P0A410	Q5SHR2	0
Q9V0V6	P40007	0.507597
Q5SLP7	P27694	9.27596
P0ADA1	O75616	0.391117
A8BMP6	A0A6J4B0N3	0.586774
K7GKS8	P35251	2.39355
Q7Z4G1	Q8C0X7	0.263789
Q8TRT4	G0S7S7	0.865389
P67775	A0A9J4RF14	1.74674
P42029	P63272	0.0466607
P62653	K7GSE5	0.106744
A8IKC8	A7NDG1	0.0555556
A0A6P3EI17	Q8ILE8	2.374
Q4DTE7	A0A1S4CCH0	1.54433
Q8LGE7	Q5JDI0	0.110914
Q12049	A0A1S4BSU3	1.53525
P03923	A8BBP3	2.05343
A2EXW7	A9WEV8	0.0424843
A0A2K3CYB6	P30153	1.92446
P80883	Q5SHP9	0.0358586
Q85FS8	A0A1S3V8W7	0.0480463
A0A140UHW4	A8J8N9	0.16505
P35346	A0A8V6WEB9	1.30487
Q68RJ5	O94620	1.90084
P16857	C3SQY7	0.137906
I7LX66	A4HV47	0.849669
W7WX86	A8IW03	0.918634
O15144	A0A8F0WFC9	0.0354229
P61927	P29198	0.130537
P49394	Q86Y39	0.0179391
A0A0D3DUD8	B8LEQ8	0.0237008
P23993	Q9NUX5	0.177079
A0A0M5TIS3	A0A291AXG1	0.134989
A0A1D5ZKM9	Q8K3J1	0.0306604
P01222	P0ACJ8	0.0272947
P0A7W7	A3M143	0.190072
A9WDT8	Q9RXK1	0.296826
O14010	Q4DED2	0.329495
P9WHC1	P61941	0.0231503
Q5IH81	P46783	162.256
Q94AQ8	P0A7Q1	0.231167
Q23463	A0A1S3X2G3	0.267002
Q9UDW3	Q7K036	0.0575163
A0A9R0J865	Q8RGE3	0.525851
Q71DI3	Q9VMU0	2.85633
P95987	P60490	2.37073
P04052	P62891	1.55036
A0T0N2	B7GIG3	0.0113935
G1SK22	A0ACD6BA62	2.82816
P04214	Q89ZL0	0.0773338
Q01657	G0SEC7	0.253342
A0A7S0YK00	Q15019	1.20838
Q5MNZ6	P12240	0.165009
P40711	A0A125YPC9	0.046875
P16685	A0A371C2D0	0.144922
D0CD23	P02358	0.411259
A0A2K3DAY3	A2ECR7	0.352612
Q8VE22	P18384	0.331037
M9NVD3	A0A9R0IPK6	0.128354
P20282	A1AZB0	0.150288
Q2FEQ8	A0A3B6C2W3	0.261471
P82650	Q99N95	1.05903
A0A3B6LVN2	Q9M3I8	0.114901
Q9Y5K8	Q9CVB6	0.2978
A0A3B6QGW3	P63104	2.65313
Q97ZY6	A0A1S4DPM5	3.38887
O75012	Q85FY0	0
A0A0M3V8P8	A0A6P3E749	0.412357
A0QYU7	A8IXD6	0.0343637
A5FJ36	P62195	0.312726
Q9LD28	P56288	1.75848
B2RK12	H8Z3S4	0.384297
P25398	G0SD68	120.454
Q9FIJ2	Q9L0I8	0.586519
P46898	Q02750	0.259044
P38786	A0QTK6	0.256685
A9WDT7	Q03862	0.231722
A0A1D8NC63	Q9P2W3	3.94407
Q9D338	D0A2P0	0.0494069
P39543	F2QT92	0.0709198
Q4G3F5	P38902	0.120493
Q8KRK5	A0A6P3E975	0.187158
A7NJ92	Q6IAA8	0.212815
A2G4E1	A0A3B5Z5M6	39.8162
Q9UTI8	A8HX89	1.37207
Q05498	A0A0M4SWQ6	0.196737
A0A9D5GXR9	P25574	0.0814008
P60002	A0A0M4U5B4	0.703541
P87310	A0A2K3DWM2	1.01447
Q4DYR0	K9Z7M2	0.151602
A0A1M7BX03	P01375	0.156613
C3SFP7	B7GL96	0.152821
A0A8D1AQR7	D0A2N9	2.41609
Q94C12	P18932	0.371339
P54790	A0A2K1KIF2	0.116421
P21466	A0A3Q7H1U4	2.68848
P82664	Q5JIY8	0.331049
Q96EL2	Q4CUC7	0.0668048
G0S495	P0A7K2	0.663004
Q9HD33	P21477	9.7465
P0AB98	Q72GR8	0.237264
Q85FP8	O95169	0.0334101
Q9HWF1	O66841	0.0850534
A0AAB0B1U3	A0A1B4XKT1	0.138903
P16267	A0A1S4D5P7	0.920465
Q9HWE9	Q980W3	0.237536
P45811	P0A7Z6	0.260264
A0QWR2	P9WJG3	0.245039
Q6IV65	Q9NPD3	0.135168
A0A2K9VK97	D0CAU9	0.0150153
Q2T9T3	A2RMR2	0.150072
A3M144	Q9C1J0	0.0824252
S8F5W4	Q12379	0.150675
Q9C1J1	Q9HWD7	0
Q9NX01	O53083	0.179795
F2Z673	Q8IXM3	0.812564
P07825	Q6PJ56	0.258958
Q6C1R9	P12241	0.150107
I7M6D6	Q6CWU3	2.32664
I0YP76	M2XW22	0.0363722
Q9D1R9	Q9UNP9	6.69367
B1INP6	B7IA15	0.221475
Q7S300	Q7MTL5	0.0322725
Q6CN12	A0A0J9X222	51.4136
Q9H1D9	P78026	0.280823
O42846	C4M0Z2	62.7709
A0A2K1KIF2	O75616	0.0912789
Q84AQ1	Q9BUI4	0.290498
W7K5W7	Q9CXW2	1.278
A0R1Z9	Q4FUC6	0.0399449
P63081	D0CG06	0.392508
G1TDL2	Q8TH71	0.154237
Q4DED2	Q9VMU0	0.0684836
A0A1K1NXL9	G0S0Z3	1.58043
B7GL84	P63172	0.694836
P62805	Q17348	0.136422
Q41038	B6VNN4	0.0862882
A0AAN0Y0R4	Q99731	0.0214979
A0A9R0JNY3	Q1K4P1	0.577065
A0QSD6	Q5SHR1	0.0792484
A0A2D0TCJ2	A0A7S3R9S7	0
P12163	P36516	0.222816
Q03776	Q05093	0.06379
A0A6P3EI17	Q2VPB7	0.502401
P28367	C1K003	0.249629
A0A1Z3HRW4	A0QSG8	0.0183157
O74825	Q9ULX3	0.390974
Q62277	P12354	0.450726
Q56D18	Q04660	1.11315
A0A1S4D5P7	P9WIU9	0.503316
O31742	Q4DY32	0.264388
A0A4V8H010	P13393	0
P26290	Q41385	0.274691
A0A0D3DUD8	P56767	0.0312418
P29256	Q9CXZ1	3.59664
Q4E0Q3	Q9USH1	0.753654
Q62147	P40693	0.263659
Q9A999	A0T0U5	0.0779375
A0A1S3TU57	E9BK95	0
P00416	Q9Y4R8	0.200323
Q2FW07	Q642R6	0.454714
Q22A67	P62837	21.074
A0QSG2	Q50755	0.011888
A0A1Z3HPE3	Q9UI30	0
Q9CQZ6	Q9DCA2	0.0112263
Q4JQV5	Q2FG82	0.0553059
P80377	Q9V1V0	1.88944
A2DHU7	Q9BV81	2.21626
A0A1M7BX03	A0A480QIM3	6.13994
A0A0J9X293	Q4FZW5	7.26272
A0QSG6	Q8TB45	0.183717
Q7DGD4	Q9H2K0	0.0135791
A5GZW8	Q839F6	0.06127
A0T0U9	A0QS45	0
A0A4X1VUN6	Q2NKJ3	0.772752
Q12308	P62304	2.84252
B0K022	P38624	0.0897334
P17293	P17937	0.0491055
Q08749	Q4CTG9	0.834825
O95139	Q4DM75	0.347764
O78754	Q5JE51	0
Q8Y6T6	Q9H4A6	0.145487
P0A7Z4	A0A3B5Z5M6	0.771763
A0A1B4XKR6	P61254	5.12769
H6LC29	O14459	0.28871
A0A1J7CBV3	G3XD92	0.239601
A0A125YXW4	Q8TU90	42.6614
B7GL82	Q7S518	0.217851
Q9BRT6	A0A218NZT2	0.719317
Q22RH5	G0SBR7	10.3096
P25046	Q8U0F0	0.77824
Q8KHU9	P12824	0.181292
Q02375	G0SC29	0.422868
P06103	A0A1S3Z2D7	0.592298
A8BMF7	Q5I7K3	24.1147
P14406	Q16543	0.229234
Q9UZL4	Q39212	1.8014
O75140	Q2FEQ0	0.366058
P82403	P19056	0.306042
Q7S7R6	I0Z2Y0	0.141849
Q4U2R6	Q08965	1.65995
Q29223	A0A2K1JC42	0.0719603
O95391	A0A2K3DG79	0.210775
Q9BVA1	P51398	3.30785
Q9XYU1	A0ACD6BA40	0.333228
A2FJV7	Q86VX2	0.666659
Q85FS9	P62090	0
Q389F5	P17228	0
K9ZAD9	Q9B6E9	0.028979
G0SC29	A0A3Q7GQ29	6.86953
Q4FUF0	Q72I01	1.19012
A0A1S4D7C7	A0A9R0K533	0.307019
A8BM86	Q839F6	0.16851
A0A1M7D8T4	A0A3B6PK86	1.3155
Q9DC69	Q7SGE5	0.148541
A4IDD0	Q83EQ4	0.0830562
Q8N4V1	P82923	0.149936
A0A085R4L6	P0CX55	0.0427471
A0A1S3TZB2	Q1JP79	0.321226
A0A3B6C6G0	O87799	1.87915
Q9Y3B6	Q6PD62	1.40151
P13618	O43181	0.222331
Q06406	A0A2K3D9N2	2.20687
Q8DKZ4	A0ACD6BAN1	1.54641
A0A480VKQ8	P0AFF0	0.641881
P60493	A0A3B6SS17	0.0453448
A0A3B6SS17	Q6UKY5	1.81078
F2DAN8	Q8DMU4	0.0775358
Q07350	A6MVV1	0.0320593
A0A1K1NXL9	Q8MFA2	0.0294562
G0S1P1	Q8U4N1	0.424974
P75831	G0RYU9	2.95379
P37870	Q2FES2	0.137202
O95298	P37807	0
P94267	Q9BYD3	15.5951
Q980U8	A4ZFB9	0.377481
Q9B6C7	P26784	0.714353
P66054	Q7MTM9	0.280142
P62807	Q9Y4R8	7.46991
Q9VTB4	O94707	0.108377
W5DS33	R4ZGV2	0.0911339
Q86VX2	Q2FEQ5	0.208151
P56751	A1WWW3	0.059507
P32411	O75865	0.224911
P93313	A0A125YMR9	0.651163
Q9NPF7	Q9NQT4	0.680041
Q8N884	A2EHK3	1.04926
C3SQV2	Q2FW06	0.547273
A0T0P6	A0A410N6W3	0.032839
B8YB64	C4M9F4	0
Q46897	C4M3F3	0.685868
Q72L95	Q9CQA5	0.549365
Q95748	P68608	0.231693
Q27YU4	P04899	3.50052
P36528	Q2FJP8	0.211671
A0A410N6T9	P12873	0.509986
P03892	Q9WTT4	0.394764
P75171	Q6JXI5	0.157435
A0A4X1V0C8	F1S1A8	143.031
Q8A1D9	E2RXU3	0.0936501
C3SR12	A1WWW6	0.163692
Q9P000	Q24D42	0.54996
A0QS45	P0DJ14	1.94068
A4GDH1	Q56219	0.170598
P31173	P05388	0
O15631	P25293	1.25519
A0A1S3ZSI0	Q5RL20	2.28676
Q9C567	P0C0W9	0.145187
P33309	P04908	1.31395
P16799	Q2G2D3	0.126176
Q00403	Q980U8	1.59384
Q6Q547	K4CND1	0
P9WIU9	A0A3Q7EMX2	1.19031
Q7S518	A8BKS8	4.43678
P52286	A0A1S3UI49	2.02038
Q15370	A8HNV0	0.833049
G0SD68	A0A6S8PC30	1.50352
A6MVV1	P32341	0.0760982
E1C9L0	Q4CSL1	0.0621412
G0SH09	Q13885	1.19181
P0A707	O75570	0.416829
P60866	Q9NYW5	1.56384
O43677	P07371	0.0105165
P24071	P0A7J7	0.31408
A0ABF7PQ06	O05633	1.18134
Q9HVW2	Q9BZL1	0.201809
P62987	A0A222AI58	0.646382
A8BMF7	O96184	27.1975
P40112	P60494	0.0769039
A0A1D8NEL0	O23629	2.27517
Q00723	A8BU75	0.548643
A0A8D0Q6N1	Q8NBT2	0.151774
V9LLX6	A0A0M3KL53	1.34768
G0S683	E1UWB5	1.93468
A0QS96	A0A3B6C2W3	0.0400094
C4LW10	Q2FW06	0.17711
Q9VTU2	P03929	0.0537634
Q39212	P0AG82	0.945685
Q23S01	P46948	0.150288
P94266	P10121	0.268367
O74175	Q9P015	11.2797
O42846	P62656	0
P41819	P20674	0.467505
A2E1L5	Q2FG18	4.14703
Q1HFW0	Q4D6H7	2.49975
Q82ZI6	P61927	0.622162
Q4FUD9	G0SBR7	0.527706
Q9WTT4	F1SGC7	0.641525
Q5SHP3	P25359	0.144603
A0A3Q8II03	G0SBG8	0.611223
A0A6P3EKX5	Q5SKU2	1.01508
Q9XYU1	Q06AT5	0.139836
H6LC29	B4DIJ7	0.430167
A0A371C2D0	A6MVV3	0.0226438
Q4D014	Q2FER4	0.0538998
O77448	A0A3A5I502	0.147505
Q5I7K2	P00428	2.78856
A0A287BDC0	P24361	0.625556
A8IJY7	Q4E0Q3	6.11287
Q9UUT7	P22139	0.101633
P0DP92	Q01667	0.0836846
E2RTN4	Q7SEK9	5.33637
G0SHJ6	A8BN26	12.0735
O14810	Q56403	0.365788
P28631	P10189	0.159484
B6SZT9	O14241	0.064232
P40571	Q2FW30	0.163797
P00829	Q9RXJ5	1.15649
I3LGM5	P04911	1.71596
Q980F7	A0A3B6PK86	0.112769
Q9BQC6	I3LGP4	1.28747
Q9Y4R8	P37028	0.505561
A0T0V0	A0A4V8GZZ8	0.0659229
O74988	Q6YXQ2	0
A8J5D4	W5E8X2	2.02953
A0A024L8R9	Q8Y8I3	0.872453
Q15008	A0A640KQX8	130.908
Q9VWI0	P0AFW2	0.415599
A0ACD6B8X1	P34903	0.129049
P61941	A0A2B7JN02	0.00447387
A0A125YXT1	W7K5W7	0.207053
Q9M3I4	A0A218N8A7	0.119619
A7NJ91	P62112	0
A0QSD6	P38261	0.258391
P0ADY7	Q31S42	0.0896527
A0A3B6DD91	P62318	1.87945
P02602	Q9NXF1	0.320545
P69783	A0A3Q7GV73	3.24385
Q9UNM6	A0A836CQA7	0.224007
A0A0J9X224	P60292	0.0919231
G0SAJ9	A0A1S4D4H1	2.42742
P49662	Q980R2	0.433741
P20042	P36520	0.335031
O43678	Q9XQN8	0.292033
A8HVP7	O51456	0.256668
Q9FJE8	A2DD57	0.667891
P69529	A0A7D4XMT1	0
A0A2D0TCA6	A0AAN0Y0S4	0.235892
Q4G3B8	Q56403	0.0467561
O51719	E9BP34	0.209752
P29469	A0A7Z7YE94	0.535838
Q14197	Q9V0G8	3.24981
Q9RSL0	F1SCH1	0.233444
Q86Y39	A0A6P3E749	123.879
P69874	Q9ERS2	1.62792
Q06797	P0DJ60	0.147717
Q9HE06	Q86VX2	0.948957
Q12027	P94273	0.247247
G0RZ88	A0A1S4CIZ9	2.02494
Q3SZ86	Q8DIN8	0.15557
Q9Y333	A0A504XQ80	0.754825
A0A4V8GZZ4	P13806	0.160345
A0R151	C3SR12	0.132562
Q08749	D0VX27	0.0367145
D0C9P7	W7K5W7	0.687967
Q9NUL7	P32422	0
P62847	A0A5C2G4I7	0.0863608
Q57TX9	P40033	0.388277
P61994	Q8U0M2	0.0426414
P32481	Q9V0V6	29.4509
P32914	Q03223	0.701277
P28074	A0A2M9V7I0	0.194134
P61221	Q8IE82	68.5491
P66219	Q9HWD1	0.273025
A0A024FSR7	Q5JJF5	0.274071
Q9M1J2	G1SJB4	3.44249
B4DIJ7	Q2FKZ1	0.390254
P00430	P63025	0
F1SR64	I7G3U5	4.01298
P06899	P82278	0.656212
F2R7X6	P56849	0.170464
P53833	A0A0M3KL11	0.245518
G0SHI0	P50110	1.21294
Q07325	P47064	0.273113
Q5SHN9	P16033	0.213651
Q836R0	Q9CPW4	0.487709
Q6GNX0	P06839	9.30313
G0S770	A0A1D8N7X0	0.305978
P36213	Q9CQY9	0.0601412
P25808	Q8IVV7	2.4874
Q86VX2	P09595	0.234472
Q19211	A0A2P6U4S6	2.42508
P14835	Q4FUE0	0.0199353
Q8U002	P92276	0.044477
F2QVA2	S6C4R2	0.298409
A0AAN0Y0L1	P41733	0.134945
A2T3R1	A0QSG8	0.562389
Q83ER7	Q50756	0.172018
G1TN72	A0ACD6B8J5	3.24311
P60491	P32569	0.153344
Q27RN6	P53041	2.57287
A0ACD6B9L8	Q9UBW8	0.302687
Q15477	A0A7D4X9R7	0
P0AG20	Q0VCV6	0.369214
B4EKB3	P07703	1.25283
A0A087L9L7	P35718	0.24464
A8HPD3	Q9SA56	0.0371087
A8ISA4	P75581	0.136794
A0A1B4XR98	Q80YQ2	0.0614634
Q22R86	Q5P5I0	0.450155
P50743	P9WGG7	0.356906
E2RXU4	P38175	0.307318
Q39580	G1TPV3	5.68278
P05805	P63025	1.13193
F2Z602	P16687	0.573816
O28413	Q4JB45	0.479472
D0CCZ7	A0T0M8	0.0160755
F1RWJ0	P41586	0.265963
P79010	A0A8N7XJ49	0.160446
Q8NTD4	P0A384	0.275706
B5RSL7	P0AC41	0.193343
C4M7U2	Q9BVA1	0.458887
A0A2K3E6S5	W5FV77	1.5178
P16002	P68530	0.110997
Q9UBQ0	A0A480JYS1	1.60786
P73297	P46776	0.17942
O05635	A0QU33	0.4152
Q6ZED5	Q9CXW2	2.46263
A0A1D8NJR0	A0A3S5H6N5	1.63412
E9BAR6	P62899	16.5033
Q47450	P62266	2.84482
Q75VY8	Q9HWE2	0.0062768
P20042	Q2G0N1	1.05949
A2RLS5	Q7S5W0	2.70848
Q9M3J4	Q9Y3C7	0.0772001
Q12532	P48270	0.286678
D0CA77	P51149	0.00566123
Q9BQC6	Q9C9Z5	0.202413
P07839	S7UVH4	0.00434028
P03920	P58564	0.140254
I0YQ13	Q1HGH9	0.0304699
P0A415	Q4DTQ1	0
G3XD92	Q5SHP3	0.250037
P59768	Q9VUZ1	0.246327
P48115	P04039	0.181348
A0A4X1V977	O53943	1.07989
Q980A6	A0A6P9FRJ5	0.0283712
P08525	O43181	0.107234
F1RGC0	A2FBZ2	97.8976
P0A6M8	Q9VF27	0.263661
P10174	A1BA41	0.589094
B6VNN4	Q06287	1.2484
A0A9R1HBE9	Q9Y221	0.878354
Q86V25	A0A0G4GX86	0.353435
P48115	G0SGT6	0.851987
Q38BW5	P38789	0.679374
P52505	Q8DMA1	0.207925
A0A1B4XSI4	P42677	3.398
Q9BQA9	Q96DI7	0.931065
B7IA35	Q4DK39	0.186034
G1T168	G0SEI1	121.465
P61313	A0A1B2U1H3	0.182018
Q9CQB4	P61994	0.0680885
G0SBN1	A0A125YXW4	50.7111
A2DP51	P49005	2.54302
Q9MAA7	O15145	1.68197
O75570	A2DM33	0.139907
A2A825	P80339	0.336563
A0A4V8GZZ8	P92276	0.0380553
S8GED8	W0DSL1	0.476621
Q4FUF0	I6UZV3	0.490164
Q83ES8	A0A3Q7FV98	1.06018
A0A7S0YK00	Q9SQR3	0.154416
Q8N5F4	B6U534	0.222554
Q6KIC7	B0CFM0	0.10084
A0A2K3DM81	Q99KD6	2.00199
G0S755	P0ABA4	1.48873
O95139	Q6CEK9	31.6613
Q6CWJ2	P19946	4.58156
A0QSL9	Q9DCL4	0.164158
Q16533	A0A6P3E975	1.77204
A0A7I4AUU1	A0A4X1VRV3	0.143528
P82403	P9WP67	0.264142
A0ACD6B948	P48114	0.315523
A0QNR3	Q08962	0.99338
A8BH61	O75818	0.47761
O15631	P82933	1.76812
Q2FEQ2	G1TN72	4.3206
A0A2B7IYF8	A0A0M4TUJ2	0.157653
O75140	P46020	0.280086
G0SHJ6	Q4DX04	0.399775
Q04693	Q7RZ62	0.237806
P32844	P52657	1.6853
P28000	P60426	0.97956
P33339	A0A1D5SLI4	2.47719
E1UWD7	P25443	0.14844
P58575	Q8K013	0.109797
Q9WTX5	Q5SHP3	0.1265
E1UWA7	A2DZ26	1.90876
B8YB57	A0A660JH71	0.169141
O75394	P37652	1.07789
A0AAT8XUH5	P0A7Q1	0.280769
A0A2K3DMA3	A0QNR6	1.15837
A0T0U9	I0YP72	0.017849
A9J4K2	Q9V0G0	0.93516
O14625	Q9SYW8	0.00600215
Q5JIY4	P0DJ16	1.96629
A0QWT1	A0A1S3XXQ5	0.0859454
Q9UBI1	Q8DL32	0.628343
P33448	P82249	0.187137
A1WXF5	A0A0J9X292	0.43468
A9RT62	P60239	0.0303847
Q8TJ19	P36585	11.731
A0A287AAR5	P24482	1.18296
G0RYQ7	Q8VVE3	0.206398
Q8Y445	P45811	0.26966
A7XXA7	Q7IIB7	0.0583973
O05633	O48446	1.14693
O96774	Q72I19	0.55952
O60104	E3UIU7	0.00911854
P60002	A0A4V8H003	0.0373428
A0QSD5	P40937	2.01597
Q09191	Q06675	1.1321
P19947	P07371	0.0275975
P75830	Q9VZU4	1.99562
P0CT77	P12356	1.00742
A0A2K1KIF2	B8BYV4	0.0545171
V6TF11	A0A2P6TMX4	0.127958
K7GP63	P11524	108.241
Q4DG45	C4QY79	0.15954
P14224	P18932	0.0966533
P04969	Q5JS54	0.0325824
P28805	Q72I33	0.0386492
R1BTM8	Q9ZQS5	0.117028
A1B4F3	A0A1S4BHF2	0.618251
Q12745	Q57XL2	0.304453
A0A4X1V977	G0SDW0	3.70967
P79015	Q9CPR5	2.73332
A0A7S3TXN3	A0A5S8WF89	0.0397731
A0A0M4TE68	F2Z546	0.112039
Q8I261	P06004	0.255824
G1SVB0	P62918	176.369
P0CJ48	Q01656	0.0330393
Q96MD2	Q9NP92	0.570341
F2Z673	A0A1P7WFW4	0.357272
P02358	P01024	0.219207
G1T2G4	E3UIU2	0
Q6NLH0	Q8IDI5	6.91137
O14972	Q9C4Z3	0.148425
A0A7D4X9Y3	A8HX89	0.0621951
P33672	A4VE64	2.86591
C4B7Q8	Q9SAJ3	0.0817954
R4ZGZ0	P68134	4.23572
Q9USH1	Q4DC23	0.135781
D0CD19	Q5JE50	0.94498
A0A0F6NFW5	P61161	0.566639
A0A8D0UWW0	P46199	0.467734
P63173	O94408	2.05952
P22289	P0DJ58	0.0665637
A0AAN1CVI2	O35011	0.19403
P42766	U9W8F2	0.139468
Q8A1E1	F2Z619	0.276377
P43308	P49735	0.164261
A0R550	P53256	0.506993
O42699	O94742	4.62106
P03887	A0A1D5UQZ5	0.619021
P59775	A0A1Z3HS05	0.0557563
P92558	P00044	0.333973
P62654	Q5JJG0	0.873289
P20084	Q8NEZ3	0.120603
P54999	P33767	1.29186
P58246	Q9FHW7	0.0230757
P0DJ57	F2QRE4	0.0581982
P32422	O51206	0
Q5D869	P67984	2.64571
F2R0J7	Q01519	50.8778
Q13868	Q7MTL5	0.166321
Q2FW08	P35189	0.243425
Q43485	G0S770	0.0766748
Q96N11	P74810	0.192898
P62906	D0FXX2	0.125927
P61157	P0AGB6	0.559232
P0AEK7	Q6CIM1	0.655796
P52434	S5TF58	1.50225
C4QXY9	G0RXZ3	0.386109
Q9W125	O15091	0.674825
Q9VJE4	G0SCK6	1.10386
Q9V4E0	Q15545	0.202489
A0A218P0A5	P60866	0.585599
P18124	Q389F5	1.97547
G0S9B5	Q9I5V8	0.0735965
A0A286ZNB3	Q9DCL4	0.0853293
Q9W2E8	P53041	0.0912917
A0ACD6B9N1	Q72I07	0.283321
Q31S42	C3SQS2	0.479611
P82930	S5U3X7	0.217017
P12975	O97725	0.00708295
A0A5C2GTV1	A0ACD6B9M4	0
P42935	P12824	0.363696
O75616	P21283	1.8005
Q23G98	A0A1M5L8S8	0.0153018
Q9ULX3	Q12431	0.15125
Q9H293	B7GL82	0.0537237
P03898	Q27RN5	0.03138
P18929	Q4JB17	0.396492
Q50756	O57204	0.285798
E1UWD6	P0A7K2	2.25579
Q7S711	Q22W26	0.890107
Q4DK39	P0CX43	71.5766
P82669	P47064	1.62082
A0A7S3VHS4	Q9URX6	0.0799953
G1TS40	Q8U008	36.7723
P68036	A0ACD6B9F9	5.95093
A0A1D8NGI5	A0A504XXD2	1.74767
F1RGE3	S8G8E7	0.140713
A0QSE0	Q10330	4.29809
Q22A67	A0A3Q7HBR5	2.60937
Q9UXZ3	A0A8D1H0W9	0.0395604
O75817	Q32PE0	0.128009
Q50301	P24928	0.133834
O87799	A0A0M3KL12	0.0502114
P14635	Q12745	0.569455
P37870	P48940	0.179315
A4GDF1	P38902	0.493784
F5HCH8	P03892	0.90861
A0A0J9X224	Q9V1A0	26.2604
Q5I7K3	A0A1B2U1E7	0
A0A4V8GZZ8	P06129	0.0761589
P74352	P61619	0.268465
A8BN26	P03892	0.0759703
A0ACD6B9N5	C3TE02	0.0091561
Q9UQE7	O95478	3.15536
G0S445	P62654	0.202437
M1UU36	O70458	0.16919
P17181	Q8DMU4	0.122621
A2D8G1	Q382E8	0.628941
I7KJM4	A0A0D9RB67	0.0621835
D0FXZ0	B1INQ0	0.0578557
P16370	Q7S300	0.159694
Q8I261	P82403	1.08266
Q3ZBC0	P66461	1.32104
P78794	Q2FW12	0.257404
Q03654	Q8TZM6	0.273503
Q89ZL0	Q9SD78	0.185491
A7NDB3	P46818	0.16711
B8YB53	Q9VMI3	0.459683
Q8Y443	A0A504XJE6	3.55163
S8F943	G1TUN8	0.392665
C3SRY2	P48643	0.154415
P32523	P75178	0.209347
P75560	P62653	0.105896
Q50303	A0A1B2U1E7	0.443191
Q4FUD7	A0A1B2U0F5	1.81691
C4R9A1	Q9NVP1	14.8059
Q50302	Q07915	0.377794
A0A8D0UWW0	Q9B6E8	59.7803
G1TN72	O08915	0.963005
A8JFR3	Q8A1P7	0.106943
Q8THG8	A1B350	0.194191
P78946	A1E9J1	0.189862
Q9Y5K8	P82412	0.233687
Q86TS9	P47170	1.53724
Q9BRS2	P08067	0.276875
P82917	P13498	0.0905146
Q9CQ40	A0A097ATH7	0.733947
A0A287BG40	G0SCS8	0.263245
O74471	P0A705	0.340735
A0A2D0TCJ0	O78757	0.377375
A2DHU7	B2RH82	0.0793986
C4M979	S6C4R2	1.27373
Q9MYT8	A0A2K3DKB4	0.204994
Q234G8	O60826	0.893058
A1E9J0	G0S755	0.0531103
Q52529	G0S681	0.050481
G1U971	Q03630	0.211522
P68439	P12873	0.324471
Q24C31	A0A1H6PKH9	0.214422
Q5SHR1	O64725	0
O51445	Q92905	5.42005
A0A218LNN1	E7ESL0	1.4119
G0S5S8	P03901	0.168886
P04214	P53877	0.148503
Q7MTL7	A0A1B4XMV6	0.0540336
Q9ER88	Q9JKF7	168.67
O75865	Q75VZ0	0.801244
P9WGG7	Q8R2L5	2.84784
P20986	A0A1S4CCH0	1.05482
P08525	Q9SMN1	0.0389378
Q9NVP1	E1C9L3	0.313362
A8JGX6	O60826	0.3688
P22141	P0C029	0.105772
K9ZAD9	Q12379	0.0705882
Q9BVW5	P35718	0.627233
G5E814	P01097	0.104731
Q9V0G8	A0A0G4FDJ8	1.42073
Q4FS20	P28062	0.0906751
A0A504XVT8	A0A7S0VKR5	0.668915
E1UWA6	O00303	1.40504
B1INP6	P31173	0
P00420	Q9UI12	0.874283
A0A1B4XKU3	P00425	0.217799
Q4DTQ1	F1RRN2	6.24472
Q4E093	Q230V2	48.5313
Q586H1	G0SDS8	0.0594012
Q921D4	A0A2D0TCJ3	0.36866
P47112	P0A9E2	0.250681
P50990	Q9FYF8	0.403918
Q5U4U4	P82918	1.51429
D0CD11	G0S683	0.161143
Q9RXJ7	Q4JB49	1.67734
P34903	Q12874	2.12295
Q85G51	P62888	0.0466667
P49815	G1TRL5	0.301953
A0A2K1KU02	Q7DM26	0.0273607
P84077	A8I8A6	0.287523
A0A1S3TUX2	A0A0F7LMQ4	0.346608
P30153	Q99613	2.92147
P49960	Q5JIY8	0.608637
Q2FW38	A0AAN0NP81	0
E1UWE5	Q8DJ02	0.51339
A1B1M0	P04456	0.0789006
A2DP51	A0A0U5ADD0	1.5285
A0A8D1FN21	A2RNQ1	0.00768555
A0R7F7	Q07913	0.0201601
P20986	P25694	0.405967
A0A3Q7E9D6	A0R102	0
Q1JQ97	Q2FHV3	0.197783
Q08965	A0A2K3DGW6	0.255578
Q57ZX7	A8BFT3	0.375969
A0A2D0TCJ1	P82912	0.0236818
Q9HWE6	Q65181	0.210882
P05805	A0A218LNN1	0.0948397
Q57ZX7	P03905	1.00391
G0SE30	A3HTC1	0.0414115
P53330	Q72I01	0.28514
P16370	P28062	0.597564
P0AAX1	Q4D6H7	0.117739
Q5UCC4	Q4JB49	0.334907
Q9D1B9	P82412	0.437058
Q7S4E0	Q24D42	0.831611
A0A1D5UKZ4	Q6A6P0	0.0608724
P62662	A0A3Q8IJL7	0.660177
Q9X4Q6	Q8DJZ6	0.0288221
Q84U22	A0A2K3DPT3	0.434936
P14867	O74029	3.76005
A0A0M4U3Z5	A0A1S4CKK0	0.0565888
C4M5A0	P16799	1.6957
Q4D1H8	G0S387	1.26134
P10174	B7IA33	0.0808
Q9W2V7	A0A1S4BHF2	1.38231
P66484	A2EXW7	0.0083612
Q9RXJ5	Q2IA66	0.123357
P35189	Q9CQL4	0.818269
P49842	Q9CPY1	0.312285
Q2KIB5	P82192	0.0168437
Q2FW16	P28066	2.30967
P03899	P62667	0.141137
A0A1S3TZB2	A8BMP6	0.683869
P07471	I3L9H6	0.926013
Q921S7	A8B2Q4	0.777094
C4LTS8	P48643	4.18066
A0A9R1FDI5	P61201	3.803
P07839	P0A485	0.160396
A2RMR2	Q7MTM7	0.174532
Q4DA48	Q6D0W8	0.303988
Q96BP3	A0A4V8H007	0.197003
G0SDW0	G0SH09	0.321107
Q8NB91	P17291	0.248634
P38344	Q9NPF4	0.257225
P12464	Q32904	0.131456
P00289	P12004	0.0975415
A0A1D6BC85	Q14566	2.17203
A0A125YYJ3	Q8IDB0	2.72109
Q8N5F4	Q9NQT4	0.0853621
A0A241XG65	Q50304	0.0217207
P0A7T3	A0ACD6B9M1	0
O15360	P38703	0.200174
E1UWA7	P49215	3.00333
P53507	A0A7D4XMW6	1.37611
E9BLG3	A0A1C8XRP3	0.0899963
P16688	A2DTN3	0.16779
Q24D42	A0A1B4XKR8	0.201434
Q9DB91	P0CX27	0.296767
P66430	O94408	3.13975
P82192	B8YB60	1.52072
A0A2P6TS63	C3SQY7	0.163538
P62314	Q85G47	0
A0A3S5H7L0	I0Z7A7	0.0452059
Q9Y6G3	A0A8I3P0V3	0.141922
Q8VCD5	G0S081	2.53309
Q7MTM9	P0CX45	1.76958
P03891	A0A8J1L9M8	1.30544
Q9DC69	A3MSJ5	0.936478
C9ZW42	O51642	0.235492
Q92399	A0A087L9L7	0.197818
C5LUI5	P43023	0.224012
P82195	Q96HW7	0.474459
Q5SHP9	Q7JZK1	0.15154
Q9M9B4	Q5P5I0	0.264249
Q22DV8	P62917	4.40989
Q4DRG2	Q9ZSJ4	0.0341665
P07470	P38742	0.0629581
A0A1S3XP85	P0A6M8	0.402686
G0SF87	P09190	0.755628
A3MWZ8	P20637	0.722477
P25808	P34160	3.59534
A0A063X8U6	A0A069QC44	0.731658
P00166	P23724	0.0791234
A0A125YZP0	A0A4X1VKG7	2.0289
O94476	P47017	1.75844
A0ACD6B9K7	P62829	3.47713
C5LUI5	A0A0U5AGN0	0.358513
E3UIU3	Q01080	0.132957
Q9UUC6	Q9H867	5.31707
P09192	A0A072ZDF7	0.0757668
A0A2K3DN83	P35679	1.63342
B7IA22	Q9CQ06	0.0758417
I0Z7A6	G0SH10	0.108827
P56767	A0A1Y2NMA9	0.038592
Q23FU1	P61927	0.871857
Q9D0Q7	A0ACD6B9K5	0.0699194
P32974	A0A4X1T6M0	0.0142799
P21473	O75817	0.534751
A0A5K1UJS7	P05657	2.87063
Q06091	P38153	0.435445
I4BYB2	P09927	0.0144191
E1C9K8	Q6ZED4	0.0781708
Q9NX14	A0R102	0.297842
Q12834	A0A482JYH1	0.10271
O80634	C3SQT7	0.0470751
Q2FEQ0	A0ACD6BAC6	0.420181
Q10317	P14794	0.438998
G0S8F1	E1UWE5	0.275639
Q2FW15	P0DM37	0
A0ABF7PQ06	P39073	0.502921
Q86VP6	Q6UBQ3	0.260511
Q4CPX3	Q836E3	0.0309396
Q9US45	A0A481DF93	4.65985
Q9D8E6	I4BTZ1	1.67885
Q86VP6	A0A4V8H000	0.11436
P02768	Q8U2E4	0.136379
A0A7R9N9K9	P15927	0.599887
Q7MTM9	A0A125YS93	1.40085
P43588	S8G3J1	0.99306
Q8NEZ3	Q8TF46	0.271532
D0FXV2	M9NVD3	0.0300566
A0A241XG65	O14625	0.0138426
P0ADV7	R4ZGX8	0.192385
P25582	Q9UX87	1.44296
G0S4Z9	A0ACD6B9M4	0.0144393
Q2NKJ3	Q9GNZ8	0.238664
P48151	Q3SZ86	3.70209
C3SR72	A0A7Z7YE94	0.217669
P20436	P82350	0.0487239
Q9SYW8	P17568	1.09168
G3XD65	A0A0U5ALU0	0.248063
A8DYC4	E1UWC1	0.16689
P83796	A0A1S3U9J1	0.0496487
Q00361	Q7SHF3	0.018721
Q8TCC3	A0A1B2U0I0	11.3154
P60709	Q9SUI6	4.17874
P62238	Q9CQY9	0.0336423
P12074	A0A1B1W4Z0	1.08839
G1SV32	P83881	250.695
Q9VNZ3	Q8JU61	0.636335
Q56220	Q13042	0.587491
P9WH33	C3SR57	0.126004
P47171	Q13617	3.72561
Q06AT5	P12240	0.00757731
Q03940	P19573	0.681872
Q6PIL8	Q00458	0.027618
A9J4K2	Q9TM46	0.0746614
P27999	Q9NWU5	3.09152
Q92620	P57743	23.0839
A0A1B2U0I9	A0A8D1K2Z9	0.0697444
Q4E2D1	D2Z097	0.358614
B7IA16	Q8HXG5	0.116477
A0A1B4XM73	Q4FUE1	0.505564
G1T3D8	A0A0J9X219	3.45216
Q7K2Q8	A0A8D1UDM1	0.131681
P61769	O00399	0.0286599
P0AG59	A8IL21	0.244547
Q12530	Q4DLH4	0.207827
Q4DDK1	A0A2P6TPV8	0.244374
Q22W26	Q6C7X4	0.986688
Q23FU1	P75579	0.37155
A0QU34	P0AG20	0.279045
Q92316	P0A415	0
P38377	P57728	145.175
Q6ZY23	A4IDD6	1.77626
Q9URY0	P21082	0.381283
Q9LQ02	O19882	0.0494621
P12329	Q9CPY1	0.0106751
A0A2K3CRX4	P42935	0.38381
A3HTC1	P75161	0.275069
A0QSG1	A0A6P3E975	0.590352
Q54VN6	A0A085R4L6	2.49835
P41227	A0A7R9N9K9	0.966823
Q7S9I4	A0A3S5H5A8	0.577189
E2RU47	P34113	73.8366
E1UWC8	Q7SHB2	0.186597
P9WPV1	A6VF34	0.225938
Q8U216	P00425	0.0791391
F1RWJ0	A0A3B6PK86	4.27771
P08266	P07471	0.433095
A0A2V3F3S9	P27152	0.0648671
A0ACD6B8Q4	C4R1E6	0.298508
P82912	Q76ZQ8	0.078514
R1CGG7	E1UWD9	0.266799
A0QU28	A8BN26	0.50656
Q9C6B3	O31418	0.172461
S6B2B6	Q8SDD3	0.212814
Q9BUE0	I7MHB1	0.303427
Q6GNX0	C0H4H3	2.19657
Q10163	F1S9B7	3.35196
Q96SY0	Q7X744	1.82407
C1K004	A0A077UZF4	0.0704108
A0A0F7UYM7	A3M144	1.12025
P62263	P13987	0.018781
Q8SDD6	A0R7F7	0.253235
Q9Y296	P9WGG7	0.307997
Q6XQC2	P43583	0.17466
C3STZ7	G0RY17	2.77659
A8BMP6	Q4DTE7	1.50501
P82923	Q4DLH4	1.24012
M9NUF1	P79071	0.424158
P20276	Q9BV81	0.0910606
Q75QN2	Q9HWF0	0.339659
Q06796	Q5JPE7	0.647321
P0DOX7	P12352	0.0987089
Q5JDI0	C4LS99	1.42945
Q9P4D1	Q13309	4.71482
F1SGC7	Q4JAX5	0.671805
P0AAT6	Q5JDH9	0.195071
Q6R327	M9NT01	0.191073
Q7SHF3	A0A7D4X9Y3	0.0340062
G0S8F1	Q9B6D4	0.132554
P41091	A0A1B2U0F3	3.37778
Q3SZ86	Q38B96	0.678764
P24964	B7I7R9	0.00317048
P12241	A0A6S8PC30	0
S5U3X7	Q12417	0.847621
Q9XFH4	A0A7M4DUC2	0.219176
Q96CB9	Q4D6H7	1.5134
Q97ZJ9	P32368	0.631494
B0C475	P80339	0.0747962
Q06406	A0A1M5L9G3	2.80284
A0A175JXH6	A5GZW8	0.0411172
C4R6B2	Q68RJ5	0.772199
P38261	Q02753	1.43469
P46898	A0QU31	0.0826765
Q16181	R1ED82	0.183818
P06336	F1RWJ0	0.806279
Q50302	A0A640KUX2	0.146009
F1SR64	A0A2K3DZD9	1.3416
C3SR72	P9WHB5	0.866508
A0A1H3PUN8	P17227	0
Q39584	B8BVI1	0.166378
A0A7S3WIW7	Q2FG18	0.534452
A0A2B7JN02	A0A8I3RXV3	0.271097
A0A2R8VHF7	O14010	0.172128
A4HUT6	Q9USZ6	0.414283
P32410	G0S812	1.06047
A0A0M4SWQ6	Q6ZED5	0.0740252
O60164	F5HRS7	1.45009
Q6CUS2	A0ACD6B948	0.373536
Q9UL46	P63220	5.01175
Q4CQW2	Q38859	0.144869
P54790	P49770	0.429769
P19845	D0MDD9	0.135665
Q1K7A4	A6MVW0	0.100653
G0SH10	P03886	1.07732
A0A4V8H008	A0A7S3VSS7	0.0706326
O19925	A0AA82WP01	0.199445
P40336	Q13352	0.264811
A0A2K3DTE5	A0A0U5AM58	0.0430446
A0A1B4XKR6	P62238	0.786602
E3UIU2	A8J503	0
I7LT80	Q9XTU6	3.30351
P07358	P46020	0.225105
Q13426	P63025	8.01988
Q9VQD7	Q85FS9	0.25847
G0SG89	O15239	2.06854
W8SU98	O94316	0.0262589
P61201	P14123	3.65722
Q7MXK8	P49662	0.928741
P10606	Q7SGH0	0.208195
G2LDR3	B8YB60	0.74156
Q8TRT1	Q94519	1.19546
A0A3Q8IVH0	Q7K036	0.0438903
Q4DK40	A0A071L356	10.6339
G1SIZ2	O97302	0.685098
Q8TCC3	A0A0D3D418	1.83275
A0QWT1	Q6C7X2	0.408949
O94822	P20279	0.852696
Q31N15	P46964	0.280355
A0A077UL47	P0AG48	0.0529568
P0AG63	G0SFC3	0.923059
Q35914	Q32P73	0.107224
O35972	Q9NVR2	0.828883
P94268	A0QU24	0.238158
A0A6J4B024	O87799	0.111463
E3UIU0	B6TXS5	0.0295121
P25694	A0A3Q7INK3	0.874182
Q13509	Q9P013	2.79929
C4LT96	B7IA23	0.732244
C9ZIA9	C3SM87	0.427188
Q9Y7J4	O60921	2.76702
Q8IAX5	A0A444A1G7	0.910855
Q99KD6	Q9LHI0	0.561182
P11513	P61163	3.68618
A0A3Q7J415	G1TFE8	85.5599
A0A4X1SN37	A1B495	1.13175
Q9NX01	P53063	0.382776
P28496	P82350	0.149797
A0A504XQ80	O60841	0.317685
P02745	P03899	0.00528838
Q7MTN9	G0S569	0.245867
Q12277	A9J4K2	0.0402722
D0VX29	G0S8E0	0.336577
P75171	Q06675	0.209574
O97302	A0T0P6	0.0551911
P32610	Q9BZE9	0.308099
D0CCZ6	O15342	0.0411523
A0A6S8PC30	E1UWE4	0.0711159
A1XQS6	Q96L50	2.11976
P40937	Q4JB49	1.02227
F1RHJ1	Q9UM13	0.129204
P06103	P0CX49	0.744923
A4GDH1	P49005	1.43076
A2FVZ6	B8C8Q0	0.730205
O94408	G0SFN0	0.918067
Q99613	A0A811IGE5	0.270855
Q8VCB2	E1UWB0	0.290905
A1WWW6	O43920	0.202013
Q6A8B4	A0A4X1VYD0	0
P40337	Q1K8Y7	0.26918
G1SJB4	P07992	1.03291
P38353	A0A2P6TMX4	0.116711
Q4FVL1	Q03431	0.34593
Q9NYW5	Q9SY97	0.0796183
O32215	P61247	2.43958
A0A7S0VKR5	A0A2K3CRM9	0.432818
Q03195	A0ABF7PQ07	0.161443
B8C4I5	A0A6P3TG10	3.18483
P42921	Q12277	0.418959
P35871	G0S1P1	0.166719
P82278	Q2XQY7	0.19528
A0A125YW21	P04969	0.145476
F1RPD2	Q5JJF9	0.487877
C4M3F3	Q8IBN5	59.7987
Q9USV3	A0A1S4CCH0	1.05424
Q39211	P32480	2.21558
Q3ZBH0	I7MHB1	1.71538
Q4D014	G0RYF6	0.805141
O94646	A0A8D1TL60	5.25135
Q836R0	P18946	0.0920607
O82504	O14011	0.555592
O43513	P87173	1.79191
Q949Q5	Q7Z7J7	0.104164
A8B4T7	P13498	0.173528
A0A0J9X227	Q389L3	2.12837
B0C8F1	Q6C326	0.0298776
Q9SLH3	Q8WUD4	0.495146
A0A125YYJ3	O74433	0.189437
Q9SUI5	O94408	2.44231
O95376	A2DAI6	0.403749
A2DHU8	C4LXM0	61.3404
W7K1J4	Q4FS20	0.715059
P66430	P82911	0.212685
C4LTA0	P38261	1.11494
Q2FEQ6	Q4G3B5	0.0705442
Q4FUD0	E1UWD5	0.0195619
A0A2K3DG79	P62906	2.61075
A0A3B6RFY8	A0A1S4CIZ9	0.441163
A3MXZ6	P0A4U6	0.215651
Q9DC71	A0A6P3ED73	5.99535
Q9BIJ5	P10664	40.4933
A3HTC0	P14794	0.90524
A0A0G4HFQ7	Q9HVW5	0.0992473
A0A1B2U0F5	A0A1B4XKR8	0.0224947
P78371	P13352	4.70802
O00189	Q8DIP0	1.05913
Q42599	A0ACD6B9M2	0.139133
P0A420	A0A6P7DQB1	1.54684
P9WIU9	E3UIU2	0
P82192	P58066	0.219204
P38333	Q2FZ25	0.600032
A0A0U5AD18	Q02753	0.0270833
P53011	E1UWB5	0.680502
Q01321	F2Z6C0	79.669
A0A0U4VSH7	P0AE06	1.09109
A0QU29	D0FXV2	0.0212397
Q02775	P38123	0.476523
D0A2N9	A0A3Q7GDM4	0.829952
P33201	A0A4X1T0A8	0.619709
Q75VY6	Q5JGF3	0.0932954
P49842	A0A4V8GZZ8	0.168731
Q05468	A0ACD6B948	0.507118
Q3ZBG0	D9PY02	0.0543762
B9PMU7	P89102	1.31559
A0A480VKQ8	O66748	18.5633
D3UXR2	A2T2X4	0.283495
A0A0D9S9I7	A0A8I5ZWI2	2.12609
Q9SMN1	A0A077VHU6	0.550881
P75540	Q9NVU7	0.254682
G0RZG4	Q84U22	0.397124
Q96SY0	P32447	0.304417
P58246	A0A2K3CRX4	0.0244932
Q4FRE5	Q91V37	0.05517
B8H618	P05734	0.119171
A0A063XCR0	P0CX31	5.41822
A0A640KQX8	P32457	1.67437
Q2KIB5	P41806	0.02405
S5U3V2	P60426	0.253872
P37313	Q97ZY6	0.189696
Q9SYW8	Q4G3B9	0.168161
Q12149	Q9HVY2	0.678506
Q4DDK1	P00427	0.268906
A0A4V8H009	P53145	0.362794
Q8I3R0	Q42577	2.92998
Q8DL61	P75540	0.179256
Q75VY9	A0A6S8PC30	0.147559
Q6A6P1	P0ADZ0	0.253278
A0A2K3DZD9	P03902	1.01311
F1PJP5	P25574	0.155222
Q03776	P0A429	0
Q09177	A0A7U3Y808	0.371872
P47019	A0A2K9VK97	0.130961
Q9H6D7	Q06796	0.769748
Q9Y821	A0A6J4B150	0.145886
Q9UHA4	P61247	3.22764
P9WH57	B6STT2	0.0597467
D5ANJ9	Q9VZU4	2.1289
Q9Y7Z1	P12686	0.31164
P0DJ16	A0R1Z9	0.172289
Q22DV8	D0FY19	0
Q9C639	Q9CQN7	0.51224
A0A1S4BFK7	Q12377	0.552746
A0A125YYJ3	A0A678ZHF8	1.17624
F2QT90	Q3ZBC0	1.20376
D0A2P0	Q4DED2	0.164864
E1UWE0	C4LT02	0.0253513
Q02878	A8BMP6	2.36229
G0SBR7	A0A1D5UQZ5	73.2885
P25286	P0DJ16	1.20327
Q31QK2	Q94K14	0.231146
P28791	Q5I7K2	3.18983
O15612	Q5M7T6	1.4513
G1TGI6	A0A0M4TE68	1.29018
A0A1M5L9G3	Q927L6	0.774625
Q9P2I0	Q8DMR6	1.30526
A0A0U5AP82	C4M5A0	0.0116497
Q9XYU1	P92277	0.00509948
A0QU23	P92276	0.0902421
A0AAN1CVB0	Q980A6	0.375389
Q5JDH4	O14561	2.15894
A0A836CQA7	P67984	2.33099
Q82ZI6	P0AG59	0.0765742
Q04601	Q29466	0.339987
Q6D0W8	P41806	0.123684
Q8TCD0	A0A3S7X3Z7	0.0716237
Q980K0	P0A7Z6	0.542718
Q97ZY6	P39470	0.670147
G0SH09	Q16533	0.345668
Q6A5N1	A0A5C2G4I7	0.00875429
P54790	G0S497	0.964625
P53665	Q4DZ41	3.03119
C3TE02	P46776	0
P0A407	O70394	0.056821
A1AZB0	A2DTR8	0.847742
A0QNR3	Q75VY9	0.266409
O15212	Q5JDI0	2.34148
C4R3Z5	A0A2K9VKD2	0.337976
Q6CK37	P56780	0.233863
Q75VY7	A0A2P6U4K1	0.134722
A0T0U5	A0A8N7XJ49	0.110156
I7LT80	P03892	0.377229
C4M979	P40018	1.75612
Q12440	O74824	0.291123
A0A1S3V319	P39471	0.723544
W5C8N6	A0A7S3WZA0	0.569699
Q2FW16	Q7SC44	0.0679371
A0A2K3CNM3	P06271	0.314407
A8BZD3	A0A1S3YPU3	2.87652
A0A504XXD2	Q9URX6	50.283
P0CT46	Q8IDS6	0.370063
P10793	A0A0J9X293	0
D0CD08	Q4CPD8	1.123
Q24I09	P51571	0.104764
P38786	Q8DHA7	0.135855
O52760	I3LSI7	4.32686
A2FBZ2	P19736	2.3287
F2RIS5	P26785	2.6492
P53197	Q5JE20	2.04024
Q9P4D1	P0AFF6	4.21717
P03902	G0S0B1	1.57265
P62238	Q8U0M5	0.409864
Q9DCI9	Q9HWE8	16.3288
F1SGC7	A0A1B2U029	0.045125
A0A1S3VF71	D0VX27	0.17712
A0A8V6WEB9	P62424	2.64303
A0A0M4TFJ4	Q8A1D9	0.182118
Q7Y1T5	P48116	0.0601954
Q9FG89	C4M0Q2	1.49554
Q8NBT2	Q03799	0.235369
Q7Z7J7	A0A2K9VK98	0.134844
E3UIU3	Q37695	0.0689623
P26290	P58064	1.008
A0A2K3DQ46	A0A2P6TQ14	0.0922264
A0A2K9VK93	P14736	0.189565
Q9L2H5	A8IWQ1	0.202163
C4LZQ8	Q9SD78	2.53291
P32914	P24311	0.0898284
A0A287A0K2	P60493	21.076
A0A2K3D9N2	Q32P78	1.9495
Q7RYW7	A0A7S3VHS4	0.0889265
A0AA82WNX9	P39478	0.419943
Q99871	P48643	2.74554
C4LW10	Q2FG18	0.1075
A0A1G4KPQ9	P37382	0.0675004
P0AGB6	C4R1E6	0.1965
P28368	G0S0S8	0.341007
Q2IA66	P07255	0.0530163
P0A5W3	A0A640KZP5	0.221745
Q9Y3U8	Q9NYB9	0.582679
P82412	W5FEZ3	1.41814
P36049	P22179	0.323624
M1UU36	P53742	0.11492
P47128	A3MWZ8	0.332895
E9NPW6	Q8TIN5	0
Q4FUD7	Q8DHJ2	0.123177
Q7Z3J2	A0A0D9RB67	1.22135
Q15542	P03921	2.5405
C4LW09	Q9V1A0	25.3693
Q9V0G0	Q9Y2L1	0.747344
O51445	Q9NUS5	0.106212
P37256	Q9D8P4	0
P62090	Q9NZQ3	0
C1DMA5	A0A1S3VF71	0.313495
Q4CPD8	Q5SLM9	0.142282
E1UWC5	Q8N140	0.257683
Q9D8E6	G0SEG2	106.985
D0CD01	Q24C31	0.0722748
G0SCD1	P43586	0.140751
P14225	Q49QI2	0.029639
P62913	Q6ZED4	0.228823
O22993	Q9HWE2	0.34528
A0A1Y2NMA9	A0A376TVY0	9.98535
A0QUM5	O51638	0.787498
A0A1S3X147	Q3ZBH0	1.04814
A0A037Y8L6	Q97ZY6	0.617188
G0SG70	A0A7D4X9R7	0
P80339	G1T168	0.260808
P38377	A0A0F7LUV5	6.74548
Q7RTV0	P82669	0.0236469
Q9C6B3	F2QT92	0.0717283
Q980B8	Q4E2D1	0.645883
Q7SF85	P16370	1.37644
Q14457	Q1K6U7	0.471714
P24183	G0SCK6	0.337897
Q4DRC8	E9BR60	0.122879
Q7S518	Q22412	0.383125
Q7MTL7	Q8NFG4	0.042324
P21146	E2RXT0	0.118506
E1C9K7	A0A2K3DKB4	0.325508
D0CD11	P0DOY9	0.0480695
P36056	A0A1S4D7C7	0.316844
P9WHB5	P0CX23	1.98469
P02406	Q9SCY3	1.8963
P38782	A0ACD6BAC6	0.237433
Q927L7	A0A923IZB8	0.104082
E1UWE5	Q10013	0.0276855
G1TGI6	P0AFW0	1.75967
A0A125YPC9	G0SFL0	0.11988
F2QPE6	P08266	1.34916
Q839Y8	A0A4X1VTX4	0.0719711
G1SV32	Q84Y02	0.0497526
W8SUD1	Q03654	0.0458867
U5LP42	A0A4V8GZZ9	0.161734
P0ACI0	Q71CG2	0.0679226
Q4FZT9	Q9FJE8	1.81256
Q6C4A6	Q6CKV4	0.0458372
A0A8D1TTB3	A0A836D7R1	51.5534
G3XD65	Q96RJ0	0.206632
Q6C8J9	A0A218LNN1	1.1299
A0QU34	A7NJ92	0.435209
Q39580	A0A504X6A3	0.122044
Q9TLR0	Q9SGH4	0.032816
A0A5K1UJS7	P07611	2.08012
A3M143	B7IA35	0.17879
P75550	A0A7S3VQN8	0.0605499
Q75VZ0	B8YB62	0.352808
Q5SJ76	P0ABA0	0.432224
B4DNT1	D0CD16	0.552487
Q12431	Q03940	0.111251
Q6CD73	A0QU28	9.35077
O09111	B8YB60	0.586881
O43513	Q9VLI9	0.697356
Q80ZK0	A0A9R0J865	0.264986
Q8U014	Q9GZZ1	0.429677
Q6CWD0	A0A3Q8I8K3	67.4745
E1UWD7	Q83ED6	0.0742112
A8IS96	Q08032	0.371678
Q4DK40	A0A125YU99	0.130532
Q8DJD9	G0S387	0.395804
Q9L2H5	Q02373	2.54823
D4P8H6	P31479	0.133995
A0A5F9D391	P21372	1.66977
W5FV77	M2X090	0.0459515
P29256	P12736	0.20503
A0T0N2	A0A480JRW3	0.260384
Q9TM46	P0AFF6	0.193285
Q9LU39	Q27RN6	0.146093
Q02260	P69874	1.19839
Q06AT4	P00847	0.168142
P04456	O96774	73.998
A6VF33	P32447	0.549678
G0SFD6	Q0IHJ3	0.910309
Q3E7B6	P56767	0.0125042
A0A2B7IGT1	K9TX25	0
P38203	F2DAN8	0.723577
Q9Z2U1	Q9A999	1.07053
Q6A6P0	A3DF17	0.02849
O94742	Q4FUE6	0.23135
Q9BWG6	D0CCZ8	0.228739
O97183	P9WGY5	1.08426
A0A2V3DLV3	Q2FW21	0.125591
A0A835ZPN7	S5U3V2	74.6944
O35680	Q9P000	0.544219
D0CCZ6	Q8DJ43	0.0203423
Q6Q547	Q0QF01	0.210584
P26784	P91175	1.09469
Q6A6P1	C3SQT7	0.0504854
Q9ULX3	Q27RN6	0.165589
Q4FQ64	Q6MX01	0.0198968
O14021	Q6A9I2	0.0914518
P60426	Q4DSJ1	1.81138
Q9UUT8	A0A7D4X9R7	0
F2QRE4	P0A7J3	0.193939
Q9U1Q7	Q50304	0.221824
Q03630	P82918	0.169641
Q02368	H8Z3S4	0.428224
A0A1S4CWI7	Q06287	1.03509
P36053	P9WGH9	0.160473
Q7Z7H8	Q7MTM9	1.24256
A0A0M3V8U3	Q7JZF5	3.45615
Q9M9B4	A3M144	0.191971
A0A4V8H005	Q03124	0
A0A125YYJ3	B1INP8	0.0783185
Q7MVQ8	A0A6S8PC30	0.0979852
O94874	P18074	5.01221
Q06504	P0A7U3	0.0170569
Q6IDF5	Q13356	0.397788
F2Z4C9	Q9BW61	1.62104
P0ABS1	P68439	0.491058
Q57XX1	A0A7S0VKR5	0.425714
A0ACD6B9L6	P52286	0.367502
Q22W26	I6TXQ5	0.0237455
A0A1M6YWR9	A0A218NZS6	0.304522
Q8TRT1	Q8TDN6	0.86391
P32585	P56780	0.110481
A0A0H2UKZ4	Q7SA88	0.0943682
P0A7X3	A2D8G1	0.138591
Q9UTP0	C4LYF9	34.0569
P0CT45	Q6CI10	0.101112
A1B497	Q8VCB2	0.445699
Q02373	Q14JB4	0.669047
Q8L806	A0A2K1JLW2	0.092055
A0AAN0Y0R4	A5F5X0	0.1071
Q01519	E1UWB8	0.0665925
Q839F5	A0A5C2GTV1	0.0389762
G1T1F0	F2RCK7	8.33951
B4EKB5	A0A3Q7I881	0.718709
P37652	F2QRE4	0.237779
Q8NFG4	P28804	0.181529
P60426	P32501	0.292743
Q9USG6	P42641	0.35273
Q4DK39	Q8DKF3	0.469692
Q26454	A0A4X1TRS6	2.40256
Q02775	P25582	0.499997
A0A218NZS6	O75533	1.35951
O43709	Q5IH81	0.464461
Q9LU39	P07273	0.602268
A0A376TVY0	F5HRS7	4.21086
P00579	Q6ZYL4	0.767778
A0A072ZBM5	E9BJI2	0.0699797
Q4FUD7	Q9SUI4	0.254738
P0AG20	Q8N668	1.2534
O94658	P0A7L8	0.0522876
O48449	P37382	0.582632
Q8K3J1	O43172	1.36465
Q9CR21	P0A7K2	3.66158
F2RJV9	A0A2K1IKE2	0.188323
Q12488	Q76ZQ8	0.27398
G0S445	A0A4X1VRV3	0.605348
Q24CE5	O74175	1.29194
Q2TAY7	Q5SHQ0	0.385794
A8HX89	P12185	0
G0SB32	A2DEJ9	0.260169
I3LGM5	Q02892	1.4894
D0FXW0	P84098	0.00895968
A0A3S5H5Z2	C4R009	2.3242
Q4FZW5	A0ACD6B989	0.268908
P62193	G0S681	0.16784
P0CX43	A0A8D0JYF1	0.0166852
Q42599	Q9LTI0	0.377719
Q9L0Q9	P25342	0.341168
B0C1V7	P25046	0.16179
P33411	A0A8N7XJH2	0.107599
A4HVX3	P11094	0.278027
Q41385	A6MVR2	0.0478839
Q9H293	A0A291AXG1	0.023794
P0CX53	O00189	0.385083
P34113	Q9HUN2	5.24489
B9PZF2	A0A5S8WF81	0.120511
P40016	Q6A9I3	0.258032
Q9UTK6	A2RNR2	0.202699
Q9W2E8	P68449	0.0665962
P0A7N9	Q839H1	0
P68373	Q9Y6G5	0.200776
P43627	P11514	0.198941
Q4FUD2	A0A3S5H7L0	0.767045
P38304	P12464	0.24547
A0A3Q7I5D6	A5FJ36	1.0583
A0A287BDC0	A2RNP3	0.110587
F2Z2U4	P06509	0.541734
Q23YW7	A0A1S3WZ09	1.61022
P49842	Q92759	0.266123
P82650	A0AAN0Y440	1.94104
P13183	P06004	0.181237
A0A923J084	Q9UU79	2.13541
A0A1B1W4Z0	A0A0J9X292	0.245183
W8SUA3	C0H4A6	0.0144813
Q15843	Q68CZ6	3.99386
P00825	P0AFW0	0.257735
P82675	P01834	0.108063
S5U4U1	Q5JJG8	0.355486
Q13405	C5KBY9	2.03581
B8LE61	P32341	0.31073
A0A1S4BFK7	O43660	2.18336
Q4FUF2	G0SB83	0
E9BK95	Q8DHJ2	0
E1UWB9	A6MVV4	0
Q94K14	Q9HAD4	0.269372
G1SFR8	P82663	5.26988
P62877	Q9P0P8	6.91412
P62249	P16268	0.971461
A0A7S0VJV3	P62885	1.30376
Q32PE0	Q4FUF3	0.948862
Q2G0N1	A0A7U3Y808	5.94337
K7GKS8	D0C5Q3	8.67663
B8YB53	B9PZF2	2.98141
P36595	P63272	2.66745
G0S5S8	D3ZIM6	1.49832
P94273	O31418	0.340342
P0AA12	B3H6Z4	0.540766
P50040	Q15528	0.391768
Q9HVY3	A0A411AKL6	0.110809
A2DPS3	Q9I2U0	2.17984
P01222	P53507	0
Q8TCC3	Q2FW21	0.219869
O14459	P10145	0.261628
Q3T0K2	Q84Y02	1.14208
A8IKC8	A0A0U5AWM7	0.0512195
Q9BXW9	I0Z7V3	0.171679
P47150	G1U7M4	4.405
Q8TJ19	Q8CM25	0.0642973
Q9HAW0	Q83ES5	0.176633
Q5SKU1	P08865	2.10023
Q95339	P0A6M8	0.159624
P46781	Q8U2E4	1.25948
P13555	Q7Y0H2	0.2625
F1SQP4	A0A2M9V7I0	1.90127
Q4JB42	A0QVQ3	0.0672787
Q2FES2	O14187	0.154926
P43554	Q9BQC6	1.52773
P18420	P62913	0.633315
P56181	C4LXC8	0.488646
A0T0P6	A0A3B6LVN2	0.0247491
P0AGB6	P59777	0.0183885
P59999	R4ZGS7	0.106508
O42932	S8GML4	0.988073
Q9Y7M4	Q9UX87	5.82801
A0A1S3TUX2	Q57XX1	1.47338
B7NZS8	Q72GJ6	3.02002
Q37165	P12074	2.21858
Q14JB4	O74029	0.272834
P61158	P0A7W1	1.38438
O43181	A4QNS4	0.749487
P0A7X3	P9WH57	0.369987
P04456	A0A2V3F2U6	10.7182
P03899	Q13426	1.4015
Q5JJF9	P39990	37.2888
Q7KZ85	Q6A7V2	0.129183
G1TYL6	Q949Q5	1.58582
O94355	A2F8Y8	0.433025
Q5JTH9	A0A1D8ND94	0.168805
A0A222AI69	Q68RJ5	0.136767
P60239	A0AAN0XZY8	0.138507
P62877	A0ACD6BA44	4.78512
P63092	R1BKA6	2.43186
Q02892	Q02884	1.97627
Q8DIF8	P26240	0.0651872
O15144	Q9F1K9	0.128261
A0AAN1CVI2	Q14C51	0.262788
A8JFR3	P38782	0.23422
A0A1S4DFI4	Q5M7T6	2.04088
Q84W12	P68373	0.104824
Q4CPX3	Q9NX14	0.438647
B7IA40	Q4DK40	0.719933
Q5SJ76	P19878	0.174392
A2RNN9	R1ED82	0.0656948
Q6C7X4	P62308	1.18807
Q924T2	Q86Y39	0.399308
P53549	P50580	1.96878
A0A2K1JDE1	P09193	0.0589825
A1B486	Q5SHQ0	0.0843053
P32830	Q9NRX1	0.0658585
P58568	O31418	0
Q5JJG4	Q08004	0.517319
A0A2K3CNM3	E9BJI2	1.16589
Q8IDR9	P36039	2.02189
P9WPU9	G1SQV5	0.29301
Q6GMX6	Q03431	0.162832
Q1HFX0	T1RJZ1	0.345507
A0A5S8WF89	Q9UUC6	1.00811
P61254	A0A1W6TTE6	0.346904
A0A3Q7GV73	P10121	10.3935
Q059U7	Q9Y221	1.13729
P34232	E1UWD7	0.0727993
A0A2K1KU02	F1SDI2	0
A0A3Q7JYM3	O95376	1.12539
Q9SIQ8	A2E1L5	0.331665
Q4G3B8	A0QNR6	0.0324359
P32570	A8IKI9	0.224998
B0C5D5	B9PTA0	0
P24928	Q9CQY9	1.06035
A0A0M4TE68	P14867	0.132665
P17937	P08679	1.39916
P55010	Q9V4E0	1.46846
Q06406	A8J353	0.162648
A0AA82WNZ4	Q9R1P0	1.81621
P00415	F2Z293	0.0613657
Q6CKV4	P0AG59	0.66762
D0CD03	A0A9D5GXR9	0.186764
Q17784	A8J4K5	0.127405
