triplet_id	ac_id	anchor	negative_partner_c	positive_partner_d	ac_pair_id	ad_pair_id	assembly_size_stratum	counterfactual_grade_provisional	sequence_similarity_bin
SCF:0000001	AC:000002	P62805	Q96GM5	Q12432	SP:0000002	SP:0006059	11_24	CF-B-provisional	remote_sequence
SCF:0000002	AC:000002	P62805	Q96GM5	C4R7L8	SP:0000002	SP:0006060	11_24	CF-B-provisional	remote_sequence
SCF:0000003	AC:000004	Q980U8	Q97Z84	P57766	SP:0000004	SP:0006072	3_10	CF-B-provisional	remote_sequence
SCF:0000004	AC:000006	P33332	P38261	P89102	SP:0000006	SP:0006073	3_10	CF-B-provisional	remote_sequence
SCF:0000005	AC:000006	P33332	P38261	P32855	SP:0000006	SP:0006074	3_10	CF-B-provisional	remote_sequence
SCF:0000006	AC:000006	P33332	P38261	Q06245	SP:0000006	SP:0006075	3_10	CF-B-provisional	remote_sequence
SCF:0000007	AC:000006	P38261	P33332	P22224	SP:0000006	SP:0006076	3_10	CF-B-provisional	remote_sequence
SCF:0000008	AC:000006	P38261	P33332	P32855	SP:0000006	SP:0006077	3_10	CF-B-provisional	remote_sequence
SCF:0000009	AC:000011	P63272	P62487	A0A4X1VKG7	SP:0000011	SP:0006101	11_24	CF-B-provisional	high
SCF:0000010	AC:000012	P20282	P21467	P12877	SP:0000012	SP:0006105	11_24	CF-B-provisional	medium
SCF:0000011	AC:000012	P20282	P21467	P04969	SP:0000012	SP:0006106	11_24	CF-B-provisional	remote_sequence
SCF:0000012	AC:000012	P21467	P20282	P21470	SP:0000012	SP:0006108	11_24	CF-B-provisional	remote_sequence
SCF:0000013	AC:000012	P21467	P20282	P42060	SP:0000012	SP:0006109	11_24	CF-B-provisional	remote_sequence
SCF:0000014	AC:000013	P59768	P41586	Q16602	SP:0000013	SP:0006113	3_10	CF-B-provisional	medium
SCF:0000015	AC:000013	P59768	P41586	P28223	SP:0000013	SP:0006114	3_10	CF-B-provisional	remote_sequence
SCF:0000016	AC:000013	P59768	P41586	Q9UPC5	SP:0000013	SP:0006115	3_10	CF-B-provisional	remote_sequence
SCF:0000017	AC:000014	A8ITV3	P12154	P09144	SP:0000014	SP:0006116	11_24	CF-B-provisional	medium
SCF:0000018	AC:000014	P12154	A8ITV3	Q75VY4	SP:0000014	SP:0006119	11_24	CF-B-provisional	medium
SCF:0000019	AC:000014	P12154	A8ITV3	Q05093	SP:0000014	SP:0006121	11_24	CF-B-provisional	medium
SCF:0000020	AC:000018	P60899	A0A8D1KNW4	A0A4X1VEK9	SP:0000018	SP:0006143	11_24	CF-B-provisional	high
SCF:0000021	AC:000018	P60899	A0A8D1KNW4	I3LCB2	SP:0000018	SP:0006144	11_24	CF-B-provisional	remote_sequence
SCF:0000022	AC:000018	P60899	A0A8D1KNW4	A0A4X1VM56	SP:0000018	SP:0006145	11_24	CF-B-provisional	remote_sequence
SCF:0000023	AC:000019	Q00403	Q92966	Q92759	SP:0000019	SP:0006146	3_10	CF-B-provisional	remote_sequence
SCF:0000024	AC:000019	Q92966	Q00403	Q9HAW0	SP:0000019	SP:0006149	3_10	CF-B-provisional	remote_sequence
SCF:0000025	AC:000021	A4VD75	I7M6H4	I7M9J2	SP:0000021	SP:0006152	11_24	CF-B-provisional	medium
SCF:0000026	AC:000022	P21082	P20979	P20504	SP:0000022	SP:0006161	11_24	CF-B-provisional	remote_sequence
SCF:0000027	AC:000022	P21082	P20979	P68439	SP:0000022	SP:0006162	11_24	CF-B-provisional	remote_sequence
SCF:0000028	AC:000024	P26784	P36160	P38805	SP:0000024	SP:0006170	11_24	CF-B-provisional	medium
SCF:0000029	AC:000024	P26784	P36160	P26321	SP:0000024	SP:0006171	11_24	CF-B-provisional	remote_sequence
SCF:0000030	AC:000024	P26784	P36160	P40007	SP:0000024	SP:0006172	11_24	CF-B-provisional	remote_sequence
SCF:0000031	AC:000024	P36160	P26784	P0C0W9	SP:0000024	SP:0006173	11_24	CF-B-provisional	medium
SCF:0000032	AC:000028	Q24I09	W7XBF5	Q23S01	SP:0000028	SP:0006184	11_24	CF-B-provisional	remote_sequence
SCF:0000033	AC:000029	Q9W0I7	P49735	Q9XYU1	SP:0000029	SP:0006193	11_24	CF-B-provisional	medium
SCF:0000034	AC:000029	Q9W0I7	P49735	Q9V461	SP:0000029	SP:0006194	11_24	CF-B-provisional	medium
SCF:0000035	AC:000029	Q9W0I7	P49735	Q9VGW6	SP:0000029	SP:0006195	11_24	CF-B-provisional	medium
SCF:0000036	AC:000032	C4R273	C4QY79	F2QPE6	SP:0000032	SP:0006210	11_24	CF-B-provisional	high
SCF:0000037	AC:000034	C3SQX2	C3SR57	P0A7R5	SP:0000034	SP:0006217	11_24	CF-B-provisional	medium
SCF:0000038	AC:000034	C3SQX2	C3SR57	C3SQT7	SP:0000034	SP:0006218	11_24	CF-B-provisional	medium
SCF:0000039	AC:000034	C3SQX2	C3SR57	P0AG59	SP:0000034	SP:0006219	11_24	CF-B-provisional	medium
SCF:0000040	AC:000035	A0A4V8GZZ5	A0A4V8GZZ8	A0A4V8H006	SP:0000035	SP:0006224	11_24	CF-B-provisional	remote_sequence
SCF:0000041	AC:000036	O74499	P87173	O14352	SP:0000036	SP:0006229	3_10	CF-B-provisional	medium
SCF:0000042	AC:000038	B6A879	B6A880	B6A878	SP:0000038	SP:0006239	11_24	CF-B-provisional	remote_sequence
SCF:0000043	AC:000039	A0A9R0JF29	A0A9R0I5M6	A0A9R0J865	SP:0000039	SP:0006244	11_24	CF-B-provisional	remote_sequence
SCF:0000044	AC:000041	P39744	P43586	Q02326	SP:0000041	SP:0006252	11_24	CF-B-provisional	medium
SCF:0000045	AC:000041	P39744	P43586	P26784	SP:0000041	SP:0006254	11_24	CF-B-provisional	remote_sequence
SCF:0000046	AC:000041	P43586	P39744	Q07896	SP:0000041	SP:0006255	11_24	CF-B-provisional	remote_sequence
SCF:0000047	AC:000042	A0A2K3DG79	A8J353	A8INX1	SP:0000042	SP:0006258	11_24	CF-B-provisional	medium
SCF:0000048	AC:000042	A0A2K3DG79	A8J353	A8IJ60	SP:0000042	SP:0006259	11_24	CF-B-provisional	remote_sequence
SCF:0000049	AC:000042	A8J353	A0A2K3DG79	A8INX1	SP:0000042	SP:0006261	11_24	CF-B-provisional	remote_sequence
SCF:0000050	AC:000044	Q9TM20	Q9TM22	Q9TM21	SP:0000044	SP:0006238	11_24	CF-B-provisional	medium
SCF:0000051	AC:000046	A0QVB8	A0R550	A0QSL6	SP:0000046	SP:0006280	11_24	CF-B-provisional	remote_sequence
SCF:0000052	AC:000046	A0QVB8	A0R550	A0QSP9	SP:0000046	SP:0006281	11_24	CF-B-provisional	remote_sequence
SCF:0000053	AC:000046	A0R550	A0QVB8	A0QSD7	SP:0000046	SP:0006283	11_24	CF-B-provisional	medium
SCF:0000054	AC:000048	Q2G111	Q2G2Q1	Q2G2Q4	SP:0000048	SP:0006291	11_24	CF-B-provisional	remote_sequence
SCF:0000055	AC:000048	Q2G2Q1	Q2G111	Q2FW10	SP:0000048	SP:0006294	11_24	CF-B-provisional	remote_sequence
SCF:0000056	AC:000049	P04637	P61218	P04908	SP:0000049	SP:0006297	11_24	CF-B-provisional	remote_sequence
SCF:0000057	AC:000049	P61218	P04637	O15446	SP:0000049	SP:0006300	11_24	CF-B-provisional	remote_sequence
SCF:0000058	AC:000050	P21471	P21476	P21473	SP:0000050	SP:0006303	11_24	CF-B-provisional	remote_sequence
SCF:0000059	AC:000050	P21471	P21476	P21468	SP:0000050	SP:0006304	11_24	CF-B-provisional	remote_sequence
SCF:0000060	AC:000050	P21471	P21476	P21472	SP:0000050	SP:0006305	11_24	CF-B-provisional	remote_sequence
SCF:0000061	AC:000050	P21476	P21471	P12874	SP:0000050	SP:0006307	11_24	CF-B-provisional	remote_sequence
SCF:0000062	AC:000051	P49005	P39748	Q15054	SP:0000051	SP:0006311	3_10	CF-B-provisional	remote_sequence
SCF:0000063	AC:000052	Q13426	Q9NP87	Q9UGP5	SP:0000052	SP:0006314	11_24	CF-B-provisional	medium
SCF:0000064	AC:000052	Q13426	Q9NP87	Q8IW19	SP:0000052	SP:0006315	11_24	CF-B-provisional	remote_sequence
SCF:0000065	AC:000053	P07839	Q75VY9	P12356	SP:0000053	SP:0006320	11_24	CF-B-provisional	remote_sequence
SCF:0000066	AC:000054	O43402	Q9NPA0	Q9P0I2	SP:0000054	SP:0006326	3_10	CF-B-provisional	remote_sequence
SCF:0000067	AC:000055	E9NPS7	I0YQ46	I0YPL4	SP:0000055	SP:0006333	11_24	CF-B-provisional	medium
SCF:0000068	AC:000055	E9NPS7	I0YQ46	I0Z687	SP:0000055	SP:0006334	11_24	CF-B-provisional	remote_sequence
SCF:0000069	AC:000056	P29256	P09192	Q55274	SP:0000056	SP:0006341	11_24	CF-B-provisional	remote_sequence
SCF:0000070	AC:000057	C4R3Z5	C4R5R1	C4QZQ7	SP:0000057	SP:0006344	11_24	CF-B-provisional	remote_sequence
SCF:0000071	AC:000057	C4R3Z5	C4R5R1	C4R370	SP:0000057	SP:0006345	11_24	CF-B-provisional	remote_sequence
SCF:0000072	AC:000057	C4R3Z5	C4R5R1	F2QUC3	SP:0000057	SP:0006346	11_24	CF-B-provisional	remote_sequence
SCF:0000073	AC:000058	O14810	P60880	P32851	SP:0000058	SP:0006350	3_10	CF-B-provisional	remote_sequence
SCF:0000074	AC:000058	P60880	O14810	P63041	SP:0000058	SP:0006351	3_10	CF-B-provisional	high
SCF:0000075	AC:000063	O19882	O19928	Q9TM46	SP:0000063	SP:0006375	11_24	CF-B-provisional	medium
SCF:0000076	AC:000064	Q12464	P31376	Q03388	SP:0000064	SP:0006384	11_24	CF-B-provisional	remote_sequence
SCF:0000077	AC:000068	O94646	O94376	O13964	SP:0000068	SP:0006404	11_24	CF-B-provisional	remote_sequence
SCF:0000078	AC:000068	O94646	O94376	O14010	SP:0000068	SP:0006405	11_24	CF-B-provisional	remote_sequence
SCF:0000079	AC:000070	Q9UKF6	Q969L4	P62318	SP:0000070	SP:0006415	3_10	CF-B-provisional	remote_sequence
SCF:0000080	AC:000070	Q9UKF6	Q969L4	P62308	SP:0000070	SP:0006416	3_10	CF-B-provisional	remote_sequence
SCF:0000081	AC:000074	G0RZG4	G0SCD1	G0SC21	SP:0000074	SP:0006430	3_10	CF-A-provisional	medium
SCF:0000082	AC:000074	G0RZG4	G0SCD1	P0CT46	SP:0000074	SP:0006431	3_10	CF-B-provisional	remote_sequence
SCF:0000083	AC:000074	G0SCD1	G0RZG4	G0S1P1	SP:0000074	SP:0006433	3_10	CF-B-provisional	remote_sequence
SCF:0000084	AC:000077	A8IH07	A8IJY7	A8IL21	SP:0000077	SP:0006438	11_24	CF-B-provisional	remote_sequence
SCF:0000085	AC:000077	A8IH07	A8IJY7	A8INX1	SP:0000077	SP:0006439	11_24	CF-B-provisional	remote_sequence
SCF:0000086	AC:000077	A8IJY7	A8IH07	A8INX1	SP:0000077	SP:0006441	11_24	CF-B-provisional	remote_sequence
SCF:0000087	AC:000078	P36121	P07703	P32910	SP:0000078	SP:0006447	11_24	CF-B-provisional	remote_sequence
SCF:0000088	AC:000079	P28000	P47076	P20435	SP:0000079	SP:0006450	11_24	CF-B-provisional	remote_sequence
SCF:0000089	AC:000081	I7MDA9	I7MLZ4	I7M6D6	SP:0000081	SP:0006461	11_24	CF-B-provisional	remote_sequence
SCF:0000090	AC:000081	I7MDA9	I7MLZ4	Q229S1	SP:0000081	SP:0006462	11_24	CF-B-provisional	remote_sequence
SCF:0000091	AC:000083	O19928	Q9TM46	Q9TM47	SP:0000083	SP:0006378	11_24	CF-B-provisional	remote_sequence
SCF:0000092	AC:000083	O19928	Q9TM46	O19895	SP:0000083	SP:0006469	11_24	CF-B-provisional	remote_sequence
SCF:0000093	AC:000085	Q23YW7	Q24CL2	Q24DJ0	SP:0000085	SP:0006472	11_24	CF-B-provisional	remote_sequence
SCF:0000094	AC:000085	Q24CL2	Q23YW7	Q23S05	SP:0000085	SP:0006474	11_24	CF-B-provisional	remote_sequence
SCF:0000095	AC:000087	P20339	Q9P2Y5	Q15276	SP:0000087	SP:0006483	3_10	CF-B-provisional	remote_sequence
SCF:0000096	AC:000089	P63272	P53803	A0A4X1TRS6	SP:0000089	SP:0006498	11_24	CF-B-provisional	high
SCF:0000097	AC:000091	O95456	P28070	P60900	SP:0000091	SP:0006506	11_24	CF-B-provisional	remote_sequence
SCF:0000098	AC:000091	O95456	P28070	P25788	SP:0000091	SP:0006507	11_24	CF-B-provisional	remote_sequence
SCF:0000099	AC:000091	O95456	P28070	O14818	SP:0000091	SP:0006508	11_24	CF-B-provisional	remote_sequence
SCF:0000100	AC:000091	P28070	O95456	P48556	SP:0000091	SP:0006509	11_24	CF-B-provisional	remote_sequence
SCF:0000101	AC:000091	P28070	O95456	O14818	SP:0000091	SP:0006510	11_24	CF-B-provisional	remote_sequence
SCF:0000102	AC:000094	P50990	Q99471	O15212	SP:0000094	SP:0006523	11_24	CF-B-provisional	remote_sequence
SCF:0000103	AC:000094	Q99471	P50990	P49368	SP:0000094	SP:0006526	11_24	CF-B-provisional	medium
SCF:0000104	AC:000094	Q99471	P50990	P40227	SP:0000094	SP:0006528	11_24	CF-B-provisional	remote_sequence
SCF:0000105	AC:000095	C4QZ45	C4R7H2	C4QZQ7	SP:0000095	SP:0006529	11_24	CF-B-provisional	remote_sequence
SCF:0000106	AC:000096	A0A1S3ZQT7	A0A1S3X2G3	A0A1S3YU01	SP:0000096	SP:0006538	11_24	CF-B-provisional	remote_sequence
SCF:0000107	AC:000097	A0A4V8H005	A0A4V8GZZ7	A0A4V8GZZ9	SP:0000097	SP:0006544	11_24	CF-B-provisional	high
SCF:0000108	AC:000097	A0A4V8H005	A0A4V8GZZ7	A0A4V8H001	SP:0000097	SP:0006545	11_24	CF-B-provisional	medium
SCF:0000109	AC:000099	P02309	P47128	P02293	SP:0000099	SP:0006552	11_24	CF-B-provisional	remote_sequence
SCF:0000110	AC:000099	P47128	P02309	P61830	SP:0000099	SP:0006555	11_24	CF-B-provisional	medium
SCF:0000111	AC:000099	P47128	P02309	Q12692	SP:0000099	SP:0006556	11_24	CF-B-provisional	medium
SCF:0000112	AC:000100	G0RZG4	G0S1P1	G0SC21	SP:0000100	SP:0006430	3_10	CF-B-provisional	remote_sequence
SCF:0000113	AC:000103	Q2FZ25	Q2G113	Q2FW20	SP:0000103	SP:0006568	11_24	CF-B-provisional	medium
SCF:0000114	AC:000107	P59768	P08913	P21728	SP:0000107	SP:0006594	3_10	CF-A-provisional	medium
SCF:0000115	AC:000107	P59768	P08913	P28223	SP:0000107	SP:0006114	3_10	CF-A-provisional	medium
SCF:0000116	AC:000107	P59768	P08913	P41143	SP:0000107	SP:0006595	3_10	CF-A-provisional	medium
SCF:0000117	AC:000110	Q8DLL4	Q8DKZ4	Q8DL31	SP:0000110	SP:0006610	11_24	CF-B-provisional	remote_sequence
SCF:0000118	AC:000111	D8V7I7	D7NIZ2	K0J903	SP:0000111	SP:0006364	11_24	CF-B-provisional	remote_sequence
SCF:0000119	AC:000113	P50991	P61758	O15212	SP:0000113	SP:0006624	11_24	CF-B-provisional	remote_sequence
SCF:0000120	AC:000113	P50991	P61758	Q9NQP4	SP:0000113	SP:0006625	11_24	CF-B-provisional	remote_sequence
SCF:0000121	AC:000114	P61201	Q9UBF6	P62877	SP:0000114	SP:0006629	11_24	CF-B-provisional	high
SCF:0000122	AC:000114	Q9UBF6	P61201	Q9UNS2	SP:0000114	SP:0006632	11_24	CF-B-provisional	remote_sequence
SCF:0000123	AC:000116	A0A125YU99	A0A125YS93	A0A125YTU2	SP:0000116	SP:0006643	11_24	CF-B-provisional	remote_sequence
SCF:0000124	AC:000118	A0A2K1IAD0	A0A2K1IB10	A9RT62	SP:0000118	SP:0006652	11_24	CF-B-provisional	medium
SCF:0000125	AC:000118	A0A2K1IB10	A0A2K1IAD0	A0A2K1K0C7	SP:0000118	SP:0006655	11_24	CF-B-provisional	remote_sequence
SCF:0000126	AC:000119	P25515	P38784	P22203	SP:0000119	SP:0006658	11_24	CF-B-provisional	remote_sequence
SCF:0000127	AC:000120	P68135	P02602	P14649	SP:0000120	SP:0006665	3_10	CF-B-provisional	high
SCF:0000128	AC:000120	P68135	P02602	P0DP26	SP:0000120	SP:0006666	3_10	CF-B-provisional	medium
SCF:0000129	AC:000120	P68135	P02602	P68246	SP:0000120	SP:0006667	3_10	CF-B-provisional	remote_sequence
SCF:0000130	AC:000121	Q9VLI9	Q9VUZ1	Q9VA95	SP:0000121	SP:0006668	3_10	CF-B-provisional	remote_sequence
SCF:0000131	AC:000122	P01116	Q13617	P07900	SP:0000122	SP:0006674	3_10	CF-B-provisional	remote_sequence
SCF:0000132	AC:000123	Q96SY0	Q9NV88	Q9NVM9	SP:0000123	SP:0006680	11_24	CF-B-provisional	remote_sequence
SCF:0000133	AC:000123	Q96SY0	Q9NV88	Q9NVR2	SP:0000123	SP:0006681	11_24	CF-B-provisional	remote_sequence
SCF:0000134	AC:000124	Q9NVM9	Q9NVR2	Q9NV88	SP:0000124	SP:0006685	11_24	CF-B-provisional	remote_sequence
SCF:0000135	AC:000124	Q9NVR2	Q9NVM9	Q9NV88	SP:0000124	SP:0006687	11_24	CF-B-provisional	remote_sequence
SCF:0000136	AC:000124	Q9NVR2	Q9NVM9	Q5TA45	SP:0000124	SP:0006688	11_24	CF-B-provisional	remote_sequence
SCF:0000137	AC:000125	A0A1S3XP85	A0A1S4BFK7	A0A1S4CE74	SP:0000125	SP:0006689	11_24	CF-B-provisional	medium
SCF:0000138	AC:000125	A0A1S4BFK7	A0A1S3XP85	A0A1S3YEW3	SP:0000125	SP:0006692	11_24	CF-B-provisional	remote_sequence
SCF:0000139	AC:000126	A0A4V8GZZ6	A0A4V8GZZ7	A0A4V8GZZ9	SP:0000126	SP:0006694	11_24	CF-B-provisional	high
SCF:0000140	AC:000126	A0A4V8GZZ7	A0A4V8GZZ6	A0A4V8H000	SP:0000126	SP:0006543	11_24	CF-B-provisional	medium
SCF:0000141	AC:000126	A0A4V8GZZ7	A0A4V8GZZ6	A0A4V8H001	SP:0000126	SP:0006696	11_24	CF-B-provisional	medium
SCF:0000142	AC:000126	A0A4V8GZZ7	A0A4V8GZZ6	A0A4V8GZZ9	SP:0000126	SP:0006542	11_24	CF-B-provisional	medium
SCF:0000143	AC:000127	Q3B726	O15446	Q9GZS1	SP:0000127	SP:0006699	11_24	CF-B-provisional	remote_sequence
SCF:0000144	AC:000129	P07305	P62805	P04908	SP:0000129	SP:0006709	11_24	CF-B-provisional	medium
SCF:0000145	AC:000129	P62805	P07305	P10412	SP:0000129	SP:0006711	11_24	CF-B-provisional	medium
SCF:0000146	AC:000129	P62805	P07305	A0A1B8Y854	SP:0000129	SP:0006712	11_24	CF-B-provisional	remote_sequence
SCF:0000147	AC:000129	P62805	P07305	P33778	SP:0000129	SP:0006713	11_24	CF-B-provisional	remote_sequence
SCF:0000148	AC:000132	P20436	P32910	P29055	SP:0000132	SP:0006726	11_24	CF-B-provisional	remote_sequence
SCF:0000149	AC:000132	P20436	P32910	P46669	SP:0000132	SP:0006727	11_24	CF-B-provisional	remote_sequence
SCF:0000150	AC:000132	P20436	P32910	P07703	SP:0000132	SP:0006728	11_24	CF-B-provisional	remote_sequence
SCF:0000151	AC:000133	A0T0V1	B8CEQ3	B8C770	SP:0000133	SP:0006733	11_24	CF-B-provisional	medium
SCF:0000152	AC:000133	A0T0V1	B8CEQ3	B8C2K6	SP:0000133	SP:0006096	11_24	CF-B-provisional	medium
SCF:0000153	AC:000133	B8CEQ3	A0T0V1	A0T0S1	SP:0000133	SP:0006734	11_24	CF-B-provisional	remote_sequence
SCF:0000154	AC:000135	Q9NQP4	Q99832	P50991	SP:0000135	SP:0006625	11_24	CF-B-provisional	medium
SCF:0000155	AC:000136	P39933	Q12308	P32367	SP:0000136	SP:0006747	3_10	CF-B-provisional	remote_sequence
SCF:0000156	AC:000138	A0A2P6TPV8	A0A2P6TQ14	A0A2P6TT36	SP:0000138	SP:0006752	11_24	CF-B-provisional	medium
SCF:0000157	AC:000138	A0A2P6TPV8	A0A2P6TQ14	A0A2P6TZ50	SP:0000138	SP:0006753	11_24	CF-B-provisional	medium
SCF:0000158	AC:000139	D5MAL3	Q32904	Q41038	SP:0000139	SP:0006759	11_24	CF-B-provisional	medium
SCF:0000159	AC:000140	P56768	Q949Q5	Q9SUI6	SP:0000140	SP:0006764	11_24	CF-B-provisional	remote_sequence
SCF:0000160	AC:000140	P56768	Q949Q5	Q9SUI7	SP:0000140	SP:0006765	11_24	CF-B-provisional	remote_sequence
SCF:0000161	AC:000142	P12356	Q75VY9	Q05093	SP:0000142	SP:0006775	11_24	CF-B-provisional	high
SCF:0000162	AC:000142	P12356	Q75VY9	Q7DM26	SP:0000142	SP:0006776	11_24	CF-B-provisional	high
SCF:0000163	AC:000142	Q75VY9	P12356	Q75VY8	SP:0000142	SP:0006778	11_24	CF-B-provisional	medium
SCF:0000164	AC:000143	E1C9K6	E1C9K9	A0A0M3KL10	SP:0000143	SP:0006780	11_24	CF-B-provisional	high
SCF:0000165	AC:000144	Q12330	Q08920	Q07930	SP:0000144	SP:0006787	11_24	CF-B-provisional	remote_sequence
SCF:0000166	AC:000144	Q12330	Q08920	P40018	SP:0000144	SP:0006788	11_24	CF-B-provisional	remote_sequence
SCF:0000167	AC:000144	Q12330	Q08920	P53277	SP:0000144	SP:0006789	11_24	CF-B-provisional	remote_sequence
SCF:0000168	AC:000145	E9NPW6	I0YPL4	I0YQ46	SP:0000145	SP:0006336	11_24	CF-B-provisional	medium
SCF:0000169	AC:000146	A0A063XCP1	A0A063X781	A0A063X754	SP:0000146	SP:0006797	11_24	CF-B-provisional	remote_sequence
SCF:0000170	AC:000146	A0A063XCP1	A0A063X781	A0A063XCH0	SP:0000146	SP:0006798	11_24	CF-B-provisional	remote_sequence
SCF:0000171	AC:000148	Q00403	O15514	P61218	SP:0000148	SP:0006808	11_24	CF-B-provisional	remote_sequence
SCF:0000172	AC:000148	Q00403	O15514	A0A4X1VEK9	SP:0000148	SP:0006809	11_24	CF-B-provisional	remote_sequence
SCF:0000173	AC:000148	Q00403	O15514	Q15543	SP:0000148	SP:0006810	11_24	CF-B-provisional	remote_sequence
SCF:0000174	AC:000150	P0A431	P59087	Q8DIN9	SP:0000150	SP:0006816	11_24	CF-B-provisional	medium
SCF:0000175	AC:000150	P0A431	P59087	Q8DJZ6	SP:0000150	SP:0006817	11_24	CF-B-provisional	remote_sequence
SCF:0000176	AC:000153	Q01667	Q8LCQ4	Q9C639	SP:0000153	SP:0006831	11_24	CF-B-provisional	medium
SCF:0000177	AC:000153	Q01667	Q8LCQ4	Q9SQL2	SP:0000153	SP:0006832	11_24	CF-B-provisional	medium
SCF:0000178	AC:000153	Q01667	Q8LCQ4	P27521	SP:0000153	SP:0006833	11_24	CF-B-provisional	medium
SCF:0000179	AC:000153	Q8LCQ4	Q01667	P27521	SP:0000153	SP:0006834	11_24	CF-B-provisional	medium
SCF:0000180	AC:000153	Q8LCQ4	Q01667	Q9SY97	SP:0000153	SP:0006835	11_24	CF-B-provisional	medium
SCF:0000181	AC:000153	Q8LCQ4	Q01667	Q94AQ8	SP:0000153	SP:0006836	11_24	CF-B-provisional	remote_sequence
SCF:0000182	AC:000156	P59768	Q9GZQ6	P41145	SP:0000156	SP:0006848	3_10	CF-B-provisional	medium
SCF:0000183	AC:000156	P59768	Q9GZQ6	Q9UPC5	SP:0000156	SP:0006115	3_10	CF-B-provisional	medium
SCF:0000184	AC:000158	P0A7W7	P69222	P0A7T7	SP:0000158	SP:0006858	11_24	CF-B-provisional	remote_sequence
SCF:0000185	AC:000158	P0A7W7	P69222	P0A7R5	SP:0000158	SP:0006859	11_24	CF-B-provisional	remote_sequence
SCF:0000186	AC:000161	Q9Y7N2	Q9P6Q0	P87310	SP:0000161	SP:0006873	11_24	CF-B-provisional	remote_sequence
SCF:0000187	AC:000162	F2R0J7	F2QT90	F2QVA2	SP:0000162	SP:0006879	11_24	CF-B-provisional	remote_sequence
SCF:0000188	AC:000163	A0A125YN38	S7W9J5	S7W617	SP:0000163	SP:0006882	11_24	CF-B-provisional	remote_sequence
SCF:0000189	AC:000163	S7W9J5	A0A125YN38	S7W617	SP:0000163	SP:0006885	11_24	CF-B-provisional	remote_sequence
SCF:0000190	AC:000164	Q9XYU1	Q9VBI1	Q9VQY9	SP:0000164	SP:0006891	11_24	CF-B-provisional	medium
SCF:0000191	AC:000164	Q9XYU1	Q9VBI1	Q9W2V7	SP:0000164	SP:0006892	11_24	CF-B-provisional	remote_sequence
SCF:0000192	AC:000165	Q15370	P49427	Q712K3	SP:0000165	SP:0006897	3_10	CF-B-provisional	high
SCF:0000193	AC:000165	Q15370	P49427	Q13084	SP:0000165	SP:0006898	3_10	CF-B-provisional	remote_sequence
SCF:0000194	AC:000166	A0A2K1IAD0	A0A2K1JC42	A0A2K1JDE1	SP:0000166	SP:0006900	11_24	CF-B-provisional	medium
SCF:0000195	AC:000167	P38550	A0A1S3ZSI0	A0A1S3YXM6	SP:0000167	SP:0006907	11_24	CF-B-provisional	remote_sequence
SCF:0000196	AC:000167	P38550	A0A1S3ZSI0	A0AA96C3P8	SP:0000167	SP:0006908	11_24	CF-B-provisional	remote_sequence
SCF:0000197	AC:000168	C3SYP2	W8T6F0	C3SRY2	SP:0000168	SP:0006910	11_24	CF-B-provisional	remote_sequence
SCF:0000198	AC:000170	Q2EN79	P24964	A0A286SF60	SP:0000170	SP:0006922	11_24	CF-B-provisional	high
SCF:0000199	AC:000171	Q1HFW0	Q1HFX0	W7XJB1	SP:0000171	SP:0006925	11_24	CF-B-provisional	medium
SCF:0000200	AC:000171	Q1HFW0	Q1HFX0	Q1HFV9	SP:0000171	SP:0006926	11_24	CF-B-provisional	medium
SCF:0000201	AC:000171	Q1HFX0	Q1HFW0	Q1HFW2	SP:0000171	SP:0006928	11_24	CF-B-provisional	medium
SCF:0000202	AC:000171	Q1HFX0	Q1HFW0	Q1HFV9	SP:0000171	SP:0006929	11_24	CF-B-provisional	medium
SCF:0000203	AC:000171	Q1HFX0	Q1HFW0	W7XJB1	SP:0000171	SP:0006930	11_24	CF-B-provisional	medium
SCF:0000204	AC:000174	P07471	P07470	P00429	SP:0000174	SP:0006944	11_24	CF-B-provisional	medium
SCF:0000205	AC:000174	P07471	P07470	P13183	SP:0000174	SP:0006945	11_24	CF-B-provisional	medium
SCF:0000206	AC:000176	Q1HFW0	Q1HFW2	W7XJB1	SP:0000176	SP:0006925	11_24	CF-B-provisional	medium
SCF:0000207	AC:000176	Q1HFW0	Q1HFW2	Q1HFV9	SP:0000176	SP:0006926	11_24	CF-B-provisional	medium
SCF:0000208	AC:000176	Q1HFW2	Q1HFW0	Q1HFV9	SP:0000176	SP:0006953	11_24	CF-B-provisional	medium
SCF:0000209	AC:000177	P59768	Q96RJ0	P28223	SP:0000177	SP:0006114	3_10	CF-B-provisional	medium
SCF:0000210	AC:000177	P59768	Q96RJ0	P21728	SP:0000177	SP:0006594	3_10	CF-B-provisional	medium
SCF:0000211	AC:000177	P59768	Q96RJ0	P30872	SP:0000177	SP:0006956	3_10	CF-B-provisional	medium
SCF:0000212	AC:000178	P59768	P35346	P30872	SP:0000178	SP:0006956	3_10	CF-B-provisional	high
SCF:0000213	AC:000178	P59768	P35346	P30874	SP:0000178	SP:0006962	3_10	CF-B-provisional	high
SCF:0000214	AC:000178	P59768	P35346	P41143	SP:0000178	SP:0006595	3_10	CF-B-provisional	medium
SCF:0000215	AC:000179	P19947	O31742	P42924	SP:0000179	SP:0006966	11_24	CF-B-provisional	remote_sequence
SCF:0000216	AC:000180	Q8DJD9	Q8DKF5	Q8DMR6	SP:0000180	SP:0006969	11_24	CF-B-provisional	medium
SCF:0000217	AC:000180	Q8DJD9	Q8DKF5	Q8DKY0	SP:0000180	SP:0006970	11_24	CF-B-provisional	remote_sequence
SCF:0000218	AC:000182	A8J4K5	A8IKI9	A8J5P7	SP:0000182	SP:0006983	11_24	CF-B-provisional	remote_sequence
SCF:0000219	AC:000184	P19658	P33332	P22224	SP:0000184	SP:0006991	3_10	CF-B-provisional	remote_sequence
SCF:0000220	AC:000184	P33332	P19658	P32844	SP:0000184	SP:0006994	3_10	CF-B-provisional	remote_sequence
SCF:0000221	AC:000184	P33332	P19658	P89102	SP:0000184	SP:0006073	3_10	CF-B-provisional	remote_sequence
SCF:0000222	AC:000184	P33332	P19658	Q06245	SP:0000184	SP:0006075	3_10	CF-B-provisional	remote_sequence
SCF:0000223	AC:000185	P40540	P39543	P47133	SP:0000185	SP:0006998	11_24	CF-B-provisional	remote_sequence
SCF:0000224	AC:000186	P16370	Q02792	P19263	SP:0000186	SP:0007001	11_24	CF-B-provisional	remote_sequence
SCF:0000225	AC:000187	P30665	P54784	P53091	SP:0000187	SP:0007007	11_24	CF-B-provisional	remote_sequence
SCF:0000226	AC:000187	P30665	P54784	Q08032	SP:0000187	SP:0007008	11_24	CF-B-provisional	remote_sequence
SCF:0000227	AC:000187	P30665	P54784	P29469	SP:0000187	SP:0007009	11_24	CF-B-provisional	remote_sequence
SCF:0000228	AC:000187	P54784	P30665	P24279	SP:0000187	SP:0007010	11_24	CF-B-provisional	medium
SCF:0000229	AC:000187	P54784	P30665	P38132	SP:0000187	SP:0007011	11_24	CF-B-provisional	medium
SCF:0000230	AC:000187	P54784	P30665	P53091	SP:0000187	SP:0007012	11_24	CF-B-provisional	medium
SCF:0000231	AC:000188	A0A140G1Q3	A0A1S4BFK7	A0A1S4D4H1	SP:0000188	SP:0007013	11_24	CF-B-provisional	remote_sequence
SCF:0000232	AC:000190	P62877	Q96L50	Q9BT78	SP:0000190	SP:0007022	11_24	CF-B-provisional	remote_sequence
SCF:0000233	AC:000190	P62877	Q96L50	Q9UNS2	SP:0000190	SP:0007023	11_24	CF-B-provisional	remote_sequence
SCF:0000234	AC:000190	P62877	Q96L50	Q7L5N1	SP:0000190	SP:0007024	11_24	CF-B-provisional	remote_sequence
SCF:0000235	AC:000192	A0A2K1JDR4	A0A2K1JLW2	A0A2K1KU02	SP:0000192	SP:0007028	11_24	CF-B-provisional	high
SCF:0000236	AC:000192	A0A2K1JDR4	A0A2K1JLW2	A0A2K1JC42	SP:0000192	SP:0006902	11_24	CF-B-provisional	medium
SCF:0000237	AC:000193	P0AG63	P0A7G2	P02358	SP:0000193	SP:0007036	11_24	CF-B-provisional	medium
SCF:0000238	AC:000193	P0AG63	P0A7G2	P0A7R9	SP:0000193	SP:0007037	11_24	CF-B-provisional	medium
SCF:0000239	AC:000193	P0AG63	P0A7G2	P0A7X3	SP:0000193	SP:0007038	11_24	CF-B-provisional	medium
SCF:0000240	AC:000194	P14736	P06839	Q00578	SP:0000194	SP:0007042	3_10	CF-B-provisional	remote_sequence
SCF:0000241	AC:000194	P14736	P06839	P32776	SP:0000194	SP:0007043	3_10	CF-B-provisional	remote_sequence
SCF:0000242	AC:000195	F2CW18	F2DAN8	Q43485	SP:0000195	SP:0007045	11_24	CF-B-provisional	medium
SCF:0000243	AC:000195	F2DAN8	F2CW18	F2D0D5	SP:0000195	SP:0007047	11_24	CF-B-provisional	medium
SCF:0000244	AC:000195	F2DAN8	F2CW18	Q43485	SP:0000195	SP:0007048	11_24	CF-B-provisional	medium
SCF:0000245	AC:000198	Q8YQ35	P58568	P58560	SP:0000198	SP:0007055	11_24	CF-B-provisional	remote_sequence
SCF:0000246	AC:000199	D7P6B9	K0J903	D7NIZ2	SP:0000199	SP:0007057	11_24	CF-B-provisional	remote_sequence
SCF:0000247	AC:000199	D7P6B9	K0J903	D8V7I1	SP:0000199	SP:0007058	11_24	CF-B-provisional	remote_sequence
SCF:0000248	AC:000200	P49735	Q9XYU0	Q9VGW6	SP:0000200	SP:0006191	11_24	CF-B-provisional	medium
SCF:0000249	AC:000200	P49735	Q9XYU0	Q9V461	SP:0000200	SP:0006192	11_24	CF-B-provisional	medium
SCF:0000250	AC:000200	Q9XYU0	P49735	Q9XYU1	SP:0000200	SP:0007061	11_24	CF-B-provisional	medium
SCF:0000251	AC:000200	Q9XYU0	P49735	Q9V461	SP:0000200	SP:0007062	11_24	CF-B-provisional	medium
SCF:0000252	AC:000200	Q9XYU0	P49735	Q26454	SP:0000200	SP:0007063	11_24	CF-B-provisional	medium
SCF:0000253	AC:000201	P0AB98	P0ABA4	P0ABA0	SP:0000201	SP:0007064	11_24	CF-B-provisional	remote_sequence
SCF:0000254	AC:000202	P62877	P40337	P63208	SP:0000202	SP:0007073	3_10	CF-B-provisional	remote_sequence
SCF:0000255	AC:000203	P61769	Q6PJ56	P0DTU4	SP:0000203	SP:0007075	3_10	CF-A-provisional	medium
SCF:0000256	AC:000203	P61769	Q6PJ56	P60709	SP:0000203	SP:0007076	3_10	CF-B-provisional	remote_sequence
SCF:0000257	AC:000203	P61769	Q6PJ56	K7N5M4	SP:0000203	SP:0007077	3_10	CF-B-provisional	remote_sequence
SCF:0000258	AC:000203	Q6PJ56	P61769	P01887	SP:0000203	SP:0007078	3_10	CF-B-provisional	high
SCF:0000259	AC:000204	P41806	P23968	P25515	SP:0000204	SP:0006660	11_24	CF-B-provisional	medium
SCF:0000260	AC:000205	E1C9K6	A0A0M3KL13	Q9S7N7	SP:0000205	SP:0007088	11_24	CF-B-provisional	medium
SCF:0000261	AC:000205	E1C9K6	A0A0M3KL13	E1C9L3	SP:0000205	SP:0007089	11_24	CF-B-provisional	medium
SCF:0000262	AC:000208	P36578	Q9BXJ9	Q9NVU7	SP:0000208	SP:0007103	11_24	CF-B-provisional	remote_sequence
SCF:0000263	AC:000208	P36578	Q9BXJ9	Q9BZE4	SP:0000208	SP:0007104	11_24	CF-B-provisional	remote_sequence
SCF:0000264	AC:000208	P36578	Q9BXJ9	Q9Y262	SP:0000208	SP:0007105	11_24	CF-B-provisional	remote_sequence
SCF:0000265	AC:000208	Q9BXJ9	P36578	P50579	SP:0000208	SP:0007106	11_24	CF-B-provisional	remote_sequence
SCF:0000266	AC:000209	P61769	P43627	P43629	SP:0000209	SP:0007111	3_10	CF-A-provisional	high
SCF:0000267	AC:000209	P61769	P43627	Q8N423	SP:0000209	SP:0007112	3_10	CF-B-provisional	remote_sequence
SCF:0000268	AC:000210	P63104	Q15369	P68431	SP:0000210	SP:0007114	3_10	CF-B-provisional	remote_sequence
SCF:0000269	AC:000210	Q15369	P63104	Q13084	SP:0000210	SP:0007117	3_10	CF-B-provisional	remote_sequence
SCF:0000270	AC:000211	A0A4V8H007	A0A4V8GZZ7	A0A4V8GZZ9	SP:0000211	SP:0006975	11_24	CF-B-provisional	high
SCF:0000271	AC:000212	Q2V2P8	Q06675	P38313	SP:0000212	SP:0007126	11_24	CF-B-provisional	remote_sequence
SCF:0000272	AC:000212	Q2V2P8	Q06675	Q12493	SP:0000212	SP:0007128	11_24	CF-B-provisional	remote_sequence
SCF:0000273	AC:000213	A0A4V8H007	A0A4V8H002	A0A4V8GZZ9	SP:0000213	SP:0006975	11_24	CF-B-provisional	medium
SCF:0000274	AC:000214	P47047	Q12277	P38792	SP:0000214	SP:0007133	11_24	CF-B-provisional	remote_sequence
SCF:0000275	AC:000214	Q12277	P47047	Q12149	SP:0000214	SP:0007136	11_24	CF-B-provisional	remote_sequence
SCF:0000276	AC:000216	P01887	Q5R1F1	P01738	SP:0000216	SP:0007145	3_10	CF-A-provisional	medium
SCF:0000277	AC:000216	Q5R1F1	P01887	P04214	SP:0000216	SP:0007147	3_10	CF-B-provisional	remote_sequence
SCF:0000278	AC:000218	P04911	Q12509	P53298	SP:0000218	SP:0007156	11_24	CF-B-provisional	remote_sequence
SCF:0000279	AC:000218	Q12509	P04911	P61830	SP:0000218	SP:0007160	11_24	CF-B-provisional	medium
SCF:0000280	AC:000220	Q5U4U4	Q7ZT47	Q7ZT48	SP:0000220	SP:0007162	11_24	CF-B-provisional	remote_sequence
SCF:0000281	AC:000220	Q7ZT47	Q5U4U4	P55862	SP:0000220	SP:0007165	11_24	CF-B-provisional	remote_sequence
SCF:0000282	AC:000221	A0A2P6TPR7	A0A2P6TZ50	A0A2P6TS63	SP:0000221	SP:0007168	11_24	CF-B-provisional	high
SCF:0000283	AC:000221	A0A2P6TPR7	A0A2P6TZ50	A0A2P6U4K1	SP:0000221	SP:0006264	11_24	CF-B-provisional	medium
SCF:0000284	AC:000221	A0A2P6TPR7	A0A2P6TZ50	A0A2P6TQ14	SP:0000221	SP:0006756	11_24	CF-B-provisional	medium
SCF:0000285	AC:000221	A0A2P6TZ50	A0A2P6TPR7	A0A2P6TT36	SP:0000221	SP:0007169	11_24	CF-B-provisional	medium
SCF:0000286	AC:000221	A0A2P6TZ50	A0A2P6TPR7	A0A2P6TQ14	SP:0000221	SP:0006755	11_24	CF-B-provisional	medium
SCF:0000287	AC:000221	A0A2P6TZ50	A0A2P6TPR7	A0A2P6TS63	SP:0000221	SP:0007170	11_24	CF-B-provisional	medium
SCF:0000288	AC:000222	P60002	O15514	A0A287ADR4	SP:0000222	SP:0007173	11_24	CF-B-provisional	high
SCF:0000289	AC:000223	E3UIU1	M2VTV2	M2XR49	SP:0000223	SP:0007177	11_24	CF-B-provisional	high
SCF:0000290	AC:000223	E3UIU1	M2VTV2	M2XW22	SP:0000223	SP:0007178	11_24	CF-B-provisional	remote_sequence
SCF:0000291	AC:000224	A6QRA1	O81097	Q9FJ98	SP:0000224	SP:0007182	11_24	CF-B-provisional	medium
SCF:0000292	AC:000226	A0A0F6NGI2	P09911	P16002	SP:0000226	SP:0007189	11_24	CF-B-provisional	remote_sequence
SCF:0000293	AC:000226	P09911	A0A0F6NGI2	A0A0F6NFW5	SP:0000226	SP:0007191	11_24	CF-B-provisional	high
SCF:0000294	AC:000227	P20436	P47076	P13393	SP:0000227	SP:0007193	11_24	CF-B-provisional	remote_sequence
SCF:0000295	AC:000227	P20436	P47076	P20433	SP:0000227	SP:0007194	11_24	CF-B-provisional	remote_sequence
SCF:0000296	AC:000227	P20436	P47076	P20435	SP:0000227	SP:0007195	11_24	CF-B-provisional	remote_sequence
SCF:0000297	AC:000228	P40937	Q99638	P12004	SP:0000228	SP:0007197	3_10	CF-B-provisional	remote_sequence
SCF:0000298	AC:000228	Q99638	P40937	P35250	SP:0000228	SP:0006705	3_10	CF-B-provisional	medium
SCF:0000299	AC:000229	P63096	Q07325	P09341	SP:0000229	SP:0007202	3_10	CF-B-provisional	medium
SCF:0000300	AC:000229	P63096	Q07325	P48061	SP:0000229	SP:0007203	3_10	CF-A-provisional	medium
SCF:0000301	AC:000230	P0A8T7	P0ACJ8	P0AGB6	SP:0000230	SP:0006551	3_10	CF-B-provisional	remote_sequence
SCF:0000302	AC:000230	P0A8T7	P0ACJ8	P0A7W1	SP:0000230	SP:0007206	3_10	CF-B-provisional	remote_sequence
SCF:0000303	AC:000230	P0A8T7	P0ACJ8	P0A7V3	SP:0000230	SP:0007207	3_10	CF-B-provisional	remote_sequence
SCF:0000304	AC:000230	P0ACJ8	P0A8T7	P0A8V2	SP:0000230	SP:0007208	3_10	CF-B-provisional	remote_sequence
SCF:0000305	AC:000231	Q9BT73	P60900	P25788	SP:0000231	SP:0007214	11_24	CF-B-provisional	medium
SCF:0000306	AC:000231	Q9BT73	P60900	P28066	SP:0000231	SP:0007215	11_24	CF-B-provisional	remote_sequence
SCF:0000307	AC:000231	Q9BT73	P60900	P25786	SP:0000231	SP:0007216	11_24	CF-B-provisional	remote_sequence
SCF:0000308	AC:000233	P22139	P53063	P41896	SP:0000233	SP:0007222	11_24	CF-B-provisional	remote_sequence
SCF:0000309	AC:000235	P0DOX5	Q8N5F4	B9A064	SP:0000235	SP:0007234	11_24	CF-B-provisional	medium
SCF:0000310	AC:000235	P0DOX5	Q8N5F4	P0DOX7	SP:0000235	SP:0007235	11_24	CF-B-provisional	medium
SCF:0000311	AC:000235	P0DOX5	Q8N5F4	Q6PIL8	SP:0000235	SP:0007236	11_24	CF-B-provisional	medium
SCF:0000312	AC:000235	Q8N5F4	P0DOX5	P01857	SP:0000235	SP:0007237	11_24	CF-B-provisional	high
SCF:0000313	AC:000235	Q8N5F4	P0DOX5	S6B291	SP:0000235	SP:0007238	11_24	CF-B-provisional	high
SCF:0000314	AC:000235	Q8N5F4	P0DOX5	Q6N089	SP:0000235	SP:0007239	11_24	CF-B-provisional	high
SCF:0000315	AC:000236	Q22MV2	Q22R86	Q1HFV9	SP:0000236	SP:0007240	11_24	CF-B-provisional	remote_sequence
SCF:0000316	AC:000236	Q22MV2	Q22R86	W7XJB1	SP:0000236	SP:0007241	11_24	CF-B-provisional	remote_sequence
SCF:0000317	AC:000236	Q22MV2	Q22R86	Q1HFW2	SP:0000236	SP:0007242	11_24	CF-B-provisional	remote_sequence
SCF:0000318	AC:000237	A0A2P6TPV8	A0A2P6TPR7	A0A2P6TT36	SP:0000237	SP:0006752	11_24	CF-B-provisional	medium
SCF:0000319	AC:000237	A0A2P6TPV8	A0A2P6TPR7	A0A2P6TZ50	SP:0000237	SP:0006753	11_24	CF-B-provisional	medium
SCF:0000320	AC:000237	A0A2P6TPV8	A0A2P6TPR7	A0A2P6TS63	SP:0000237	SP:0006754	11_24	CF-B-provisional	medium
SCF:0000321	AC:000240	P38291	Q12530	P28005	SP:0000240	SP:0007249	11_24	CF-B-provisional	remote_sequence
SCF:0000322	AC:000243	O15446	P0DPB6	P61218	SP:0000243	SP:0006300	11_24	CF-B-provisional	remote_sequence
SCF:0000323	AC:000243	P0DPB6	O15446	P05423	SP:0000243	SP:0007259	11_24	CF-B-provisional	remote_sequence
SCF:0000324	AC:000243	P0DPB6	O15446	Q9GZS1	SP:0000243	SP:0007260	11_24	CF-B-provisional	remote_sequence
SCF:0000325	AC:000245	A0A3B6IU74	W5I035	W5BFB7	SP:0000245	SP:0007268	11_24	CF-B-provisional	remote_sequence
SCF:0000326	AC:000246	A0QS97	A0QSD5	A0QSL5	SP:0000246	SP:0007274	11_24	CF-B-provisional	remote_sequence
SCF:0000327	AC:000247	P01887	P04214	P01738	SP:0000247	SP:0007145	3_10	CF-A-provisional	medium
SCF:0000328	AC:000247	P04214	P01887	P01837	SP:0000247	SP:0007282	3_10	CF-B-provisional	remote_sequence
SCF:0000329	AC:000250	P06505	A0A9R0K533	A0A9R0K7U8	SP:0000250	SP:0007254	11_24	CF-B-provisional	remote_sequence
SCF:0000330	AC:000251	O95456	P20618	P28066	SP:0000251	SP:0007300	11_24	CF-B-provisional	medium
SCF:0000331	AC:000251	O95456	P20618	P60900	SP:0000251	SP:0006506	11_24	CF-B-provisional	remote_sequence
SCF:0000332	AC:000251	O95456	P20618	P25789	SP:0000251	SP:0007301	11_24	CF-B-provisional	remote_sequence
SCF:0000333	AC:000251	P20618	O95456	P48556	SP:0000251	SP:0007302	11_24	CF-B-provisional	remote_sequence
SCF:0000334	AC:000251	P20618	O95456	O14818	SP:0000251	SP:0007303	11_24	CF-B-provisional	remote_sequence
SCF:0000335	AC:000255	P92276	A0A2K3E6S5	P12853	SP:0000255	SP:0007322	11_24	CF-B-provisional	remote_sequence
SCF:0000336	AC:000257	A0A2K3CYB6	A8HUP3	A0A2K3DHV6	SP:0000257	SP:0007330	11_24	CF-B-provisional	remote_sequence
SCF:0000337	AC:000258	P0A7W7	P0A7G2	P02358	SP:0000258	SP:0007337	11_24	CF-B-provisional	medium
SCF:0000338	AC:000258	P0A7W7	P0A7G2	P0A7R9	SP:0000258	SP:0007338	11_24	CF-B-provisional	medium
SCF:0000339	AC:000258	P0A7W7	P0A7G2	P0A7X3	SP:0000258	SP:0007339	11_24	CF-B-provisional	medium
SCF:0000340	AC:000259	Q22A67	Q240X9	Q1HGH8	SP:0000259	SP:0007340	11_24	CF-B-provisional	remote_sequence
SCF:0000341	AC:000259	Q22A67	Q240X9	Q24DI9	SP:0000259	SP:0007341	11_24	CF-B-provisional	remote_sequence
SCF:0000342	AC:000259	Q22A67	Q240X9	Q1HFV9	SP:0000259	SP:0007342	11_24	CF-B-provisional	remote_sequence
SCF:0000343	AC:000259	Q240X9	Q22A67	I7M9J2	SP:0000259	SP:0007343	11_24	CF-B-provisional	medium
SCF:0000344	AC:000260	Q6YXQ2	A0A2K1JC42	A0A2K1JLW2	SP:0000260	SP:0007032	11_24	CF-B-provisional	medium
SCF:0000345	AC:000260	Q6YXQ2	A0A2K1JC42	A0A7I4AUU1	SP:0000260	SP:0007345	11_24	CF-B-provisional	medium
SCF:0000346	AC:000260	Q6YXQ2	A0A2K1JC42	A0A7I4A0Q6	SP:0000260	SP:0007346	11_24	CF-B-provisional	remote_sequence
SCF:0000347	AC:000263	E2RXT8	A0A2V3F2U6	A0A069PXX1	SP:0000263	SP:0007356	11_24	CF-B-provisional	remote_sequence
SCF:0000348	AC:000267	Q05541	P38632	Q07913	SP:0000267	SP:0007377	3_10	CF-B-provisional	remote_sequence
SCF:0000349	AC:000268	Q24DJ0	W7WX86	I7MDA9	SP:0000268	SP:0007380	11_24	CF-B-provisional	medium
SCF:0000350	AC:000268	W7WX86	Q24DJ0	Q23YW7	SP:0000268	SP:0007383	11_24	CF-B-provisional	medium
SCF:0000351	AC:000268	W7WX86	Q24DJ0	I7LT80	SP:0000268	SP:0007384	11_24	CF-B-provisional	remote_sequence
SCF:0000352	AC:000272	Q03940	P31376	P53946	SP:0000272	SP:0007400	11_24	CF-B-provisional	remote_sequence
SCF:0000353	AC:000272	Q03940	P31376	Q03388	SP:0000272	SP:0007401	11_24	CF-B-provisional	remote_sequence
SCF:0000354	AC:000273	P30989	P50148	P29992	SP:0000273	SP:0007403	3_10	CF-A-provisional	high
SCF:0000355	AC:000273	P30989	P50148	P63096	SP:0000273	SP:0007404	3_10	CF-B-provisional	high
SCF:0000356	AC:000273	P50148	P30989	P32239	SP:0000273	SP:0007406	3_10	CF-B-provisional	medium
SCF:0000357	AC:000273	P50148	P30989	P49683	SP:0000273	SP:0007407	3_10	CF-B-provisional	medium
SCF:0000358	AC:000273	P50148	P30989	Q969F8	SP:0000273	SP:0007408	3_10	CF-A-provisional	medium
SCF:0000359	AC:000276	A8IH07	A8IXD6	A8IL21	SP:0000276	SP:0006438	11_24	CF-B-provisional	medium
SCF:0000360	AC:000276	A8IH07	A8IXD6	A8IJ60	SP:0000276	SP:0007420	11_24	CF-B-provisional	medium
SCF:0000361	AC:000276	A8IXD6	A8IH07	A8IJ60	SP:0000276	SP:0007421	11_24	CF-B-provisional	medium
SCF:0000362	AC:000276	A8IXD6	A8IH07	A8IL21	SP:0000276	SP:0007422	11_24	CF-B-provisional	remote_sequence
SCF:0000363	AC:000278	P47047	P53256	P38801	SP:0000278	SP:0007430	11_24	CF-B-provisional	remote_sequence
SCF:0000364	AC:000281	Q9BQ15	Q9NV88	Q5TA45	SP:0000281	SP:0006620	11_24	CF-B-provisional	remote_sequence
SCF:0000365	AC:000283	Q14181	Q9H668	P49643	SP:0000283	SP:0007454	3_10	CF-B-provisional	remote_sequence
SCF:0000366	AC:000284	P29496	P54791	P54790	SP:0000284	SP:0007460	11_24	CF-B-provisional	remote_sequence
SCF:0000367	AC:000284	P29496	P54791	P32833	SP:0000284	SP:0007461	11_24	CF-B-provisional	remote_sequence
SCF:0000368	AC:000284	P54791	P29496	P29469	SP:0000284	SP:0007463	11_24	CF-B-provisional	medium
SCF:0000369	AC:000284	P54791	P29496	P24279	SP:0000284	SP:0007464	11_24	CF-B-provisional	medium
SCF:0000370	AC:000284	P54791	P29496	P53091	SP:0000284	SP:0007465	11_24	CF-B-provisional	medium
SCF:0000371	AC:000285	A0A2K9VK88	A0A2K9VK98	A0A2K9VK93	SP:0000285	SP:0007466	11_24	CF-B-provisional	remote_sequence
SCF:0000372	AC:000286	P02309	Q12509	P53298	SP:0000286	SP:0007472	11_24	CF-B-provisional	remote_sequence
SCF:0000373	AC:000286	Q12509	P02309	P61830	SP:0000286	SP:0007160	11_24	CF-B-provisional	medium
SCF:0000374	AC:000287	Q75VY4	Q75VZ0	Q75VY6	SP:0000287	SP:0007476	11_24	CF-B-provisional	high
SCF:0000375	AC:000287	Q75VY4	Q75VZ0	Q75VY8	SP:0000287	SP:0007477	11_24	CF-B-provisional	high
SCF:0000376	AC:000287	Q75VY4	Q75VZ0	Q75VY7	SP:0000287	SP:0007478	11_24	CF-B-provisional	high
SCF:0000377	AC:000287	Q75VZ0	Q75VY4	Q75VY7	SP:0000287	SP:0007479	11_24	CF-B-provisional	high
SCF:0000378	AC:000287	Q75VZ0	Q75VY4	Q75VY6	SP:0000287	SP:0007480	11_24	CF-B-provisional	high
SCF:0000379	AC:000287	Q75VZ0	Q75VY4	Q05093	SP:0000287	SP:0007481	11_24	CF-B-provisional	high
SCF:0000380	AC:000288	P0DOX5	S6B291	P01857	SP:0000288	SP:0007482	11_24	CF-B-provisional	high
SCF:0000381	AC:000288	P0DOX5	S6B291	Q6N089	SP:0000288	SP:0007483	11_24	CF-B-provisional	high
SCF:0000382	AC:000292	P41227	P84098	G1SGX4	SP:0000292	SP:0007503	11_24	CF-B-provisional	medium
SCF:0000383	AC:000292	P84098	P41227	Q9UKD2	SP:0000292	SP:0007505	11_24	CF-B-provisional	medium
SCF:0000384	AC:000294	P62090	Q9SHE8	Q9S831	SP:0000294	SP:0007513	11_24	CF-B-provisional	remote_sequence
SCF:0000385	AC:000294	Q9SHE8	P62090	A4QJG7	SP:0000294	SP:0007516	11_24	CF-B-provisional	high
SCF:0000386	AC:000295	Q96RY7	Q9P2L0	Q8NEZ3	SP:0000295	SP:0007519	3_10	CF-B-provisional	remote_sequence
SCF:0000387	AC:000295	Q9P2L0	Q96RY7	Q8NEZ3	SP:0000295	SP:0007520	3_10	CF-B-provisional	remote_sequence
SCF:0000388	AC:000296	Q8U104	Q8U0Z8	Q8U0Z7	SP:0000296	SP:0007526	11_24	CF-B-provisional	remote_sequence
SCF:0000389	AC:000298	P59768	Q03431	Q16602	SP:0000298	SP:0006113	3_10	CF-B-provisional	medium
SCF:0000390	AC:000298	P59768	Q03431	Q9UP38	SP:0000298	SP:0007530	3_10	CF-B-provisional	remote_sequence
SCF:0000391	AC:000298	P59768	Q03431	P21728	SP:0000298	SP:0006594	3_10	CF-B-provisional	remote_sequence
SCF:0000392	AC:000299	Q2FW16	Q2FW08	Q2FXS8	SP:0000299	SP:0007537	11_24	CF-B-provisional	medium
SCF:0000393	AC:000299	Q2FW16	Q2FW08	Q2FW11	SP:0000299	SP:0007538	11_24	CF-B-provisional	remote_sequence
SCF:0000394	AC:000299	Q2FW16	Q2FW08	Q931G5	SP:0000299	SP:0007539	11_24	CF-B-provisional	remote_sequence
SCF:0000395	AC:000300	A0A0M3KL10	E1C9L2	E1C9L1	SP:0000300	SP:0007540	11_24	CF-B-provisional	remote_sequence
SCF:0000396	AC:000301	W7XJB1	I7M9J2	Q22A67	SP:0000301	SP:0007547	11_24	CF-B-provisional	medium
SCF:0000397	AC:000302	A8J7I9	A8IKI9	A8J5P7	SP:0000302	SP:0007550	11_24	CF-B-provisional	remote_sequence
SCF:0000398	AC:000303	Q9F1K9	Q8DMP8	Q8DHJ2	SP:0000303	SP:0007555	11_24	CF-B-provisional	remote_sequence
SCF:0000399	AC:000303	Q9F1K9	Q8DMP8	D0VWR5	SP:0000303	SP:0007556	11_24	CF-B-provisional	remote_sequence
SCF:0000400	AC:000303	Q9F1K9	Q8DMP8	Q9F1R6	SP:0000303	SP:0007557	11_24	CF-B-provisional	remote_sequence
SCF:0000401	AC:000307	Q7RTV0	O43143	O60231	SP:0000307	SP:0007577	11_24	CF-B-provisional	medium
SCF:0000402	AC:000307	Q7RTV0	O43143	O43290	SP:0000307	SP:0007578	11_24	CF-B-provisional	remote_sequence
SCF:0000403	AC:000307	Q7RTV0	O43143	Q13435	SP:0000307	SP:0007579	11_24	CF-B-provisional	remote_sequence
SCF:0000404	AC:000309	P62877	Q16531	Q86VP6	SP:0000309	SP:0006128	3_10	CF-B-provisional	remote_sequence
SCF:0000405	AC:000309	P62877	Q16531	Q93034	SP:0000309	SP:0007583	3_10	CF-B-provisional	remote_sequence
SCF:0000406	AC:000310	Q6P4I2	Q9NV88	Q5TA45	SP:0000310	SP:0007587	3_10	CF-B-provisional	remote_sequence
SCF:0000407	AC:000311	I0YPL4	I0Z687	I0YST3	SP:0000311	SP:0007589	11_24	CF-B-provisional	remote_sequence
SCF:0000408	AC:000311	I0Z687	I0YPL4	I0YP76	SP:0000311	SP:0007590	11_24	CF-B-provisional	medium
SCF:0000409	AC:000311	I0Z687	I0YPL4	I0YQ46	SP:0000311	SP:0007591	11_24	CF-B-provisional	medium
SCF:0000410	AC:000313	Q85G47	M1UU36	Q85FP8	SP:0000313	SP:0007020	11_24	CF-B-provisional	remote_sequence
SCF:0000411	AC:000316	P19431	A8HPD3	A8HPD0	SP:0000316	SP:0007612	11_24	CF-B-provisional	remote_sequence
SCF:0000412	AC:000316	P19431	A8HPD3	A8HPD7	SP:0000316	SP:0007613	11_24	CF-B-provisional	remote_sequence
SCF:0000413	AC:000316	P19431	A8HPD3	A8HPH1	SP:0000316	SP:0007614	11_24	CF-B-provisional	remote_sequence
SCF:0000414	AC:000317	A0A1S3XP85	A0A1S3YXM6	A0A1S3ZSI0	SP:0000317	SP:0006905	11_24	CF-B-provisional	remote_sequence
SCF:0000415	AC:000317	A0A1S3YXM6	A0A1S3XP85	A0A1S3YEW3	SP:0000317	SP:0007616	11_24	CF-B-provisional	remote_sequence
SCF:0000416	AC:000317	A0A1S3YXM6	A0A1S3XP85	A0A1S3YU01	SP:0000317	SP:0007617	11_24	CF-B-provisional	remote_sequence
SCF:0000417	AC:000319	P20435	Q02792	P22138	SP:0000319	SP:0007620	11_24	CF-B-provisional	remote_sequence
SCF:0000418	AC:000320	C4R7L2	C4QXY9	F2QQ42	SP:0000320	SP:0007627	11_24	CF-B-provisional	remote_sequence
SCF:0000419	AC:000323	Q92966	O15160	Q16533	SP:0000323	SP:0006150	11_24	CF-B-provisional	remote_sequence
SCF:0000420	AC:000324	P27999	P40352	P27692	SP:0000324	SP:0007641	11_24	CF-B-provisional	medium
SCF:0000421	AC:000325	P13183	Q01321	P62894	SP:0000325	SP:0007647	11_24	CF-B-provisional	remote_sequence
SCF:0000422	AC:000328	E9NPW6	I0Z2Y0	I0YQ46	SP:0000328	SP:0006336	11_24	CF-B-provisional	high
SCF:0000423	AC:000328	E9NPW6	I0Z2Y0	I0Z7V3	SP:0000328	SP:0006791	11_24	CF-B-provisional	medium
SCF:0000424	AC:000329	I7MG46	Q24C31	Q23YW7	SP:0000329	SP:0007665	11_24	CF-B-provisional	medium
SCF:0000425	AC:000329	I7MG46	Q24C31	Q23S05	SP:0000329	SP:0007666	11_24	CF-B-provisional	remote_sequence
SCF:0000426	AC:000329	I7MG46	Q24C31	A4VD15	SP:0000329	SP:0007667	11_24	CF-B-provisional	remote_sequence
SCF:0000427	AC:000329	Q24C31	I7MG46	I7LT80	SP:0000329	SP:0007668	11_24	CF-B-provisional	medium
SCF:0000428	AC:000329	Q24C31	I7MG46	Q24DJ0	SP:0000329	SP:0007382	11_24	CF-B-provisional	medium
SCF:0000429	AC:000330	P63096	O14625	P09341	SP:0000330	SP:0007202	3_10	CF-B-provisional	medium
SCF:0000430	AC:000330	P63096	O14625	P48061	SP:0000330	SP:0007203	3_10	CF-B-provisional	remote_sequence
SCF:0000431	AC:000331	P40359	P29469	P29496	SP:0000331	SP:0007675	11_24	CF-B-provisional	medium
SCF:0000432	AC:000331	P40359	P29469	P24279	SP:0000331	SP:0007676	11_24	CF-B-provisional	medium
SCF:0000433	AC:000331	P40359	P29469	P38132	SP:0000331	SP:0007677	11_24	CF-B-provisional	medium
SCF:0000434	AC:000333	Q6ZED5	Q6ZED1	Q6ZED3	SP:0000333	SP:0007683	3_10	CF-B-provisional	remote_sequence
SCF:0000435	AC:000334	Q9BWJ5	O43143	O60231	SP:0000334	SP:0007686	11_24	CF-B-provisional	medium
SCF:0000436	AC:000334	Q9BWJ5	O43143	O15042	SP:0000334	SP:0007687	11_24	CF-B-provisional	remote_sequence
SCF:0000437	AC:000334	Q9BWJ5	O43143	Q9HCG8	SP:0000334	SP:0007688	11_24	CF-B-provisional	remote_sequence
SCF:0000438	AC:000335	A0A3B6IU74	A0A3B6KRQ3	W5C8N6	SP:0000335	SP:0007689	11_24	CF-B-provisional	remote_sequence
SCF:0000439	AC:000335	A0A3B6IU74	A0A3B6KRQ3	A0A3B6RED0	SP:0000335	SP:0007269	11_24	CF-B-provisional	remote_sequence
SCF:0000440	AC:000336	Q9BT73	O14818	P28066	SP:0000336	SP:0007215	11_24	CF-B-provisional	medium
SCF:0000441	AC:000336	Q9BT73	O14818	P25786	SP:0000336	SP:0007216	11_24	CF-B-provisional	medium
SCF:0000442	AC:000336	Q9BT73	O14818	P25788	SP:0000336	SP:0007214	11_24	CF-B-provisional	medium
SCF:0000443	AC:000338	P84077	Q9HAD4	P04439	SP:0000338	SP:0007701	3_10	CF-B-provisional	remote_sequence
SCF:0000444	AC:000338	P84077	Q9HAD4	P36578	SP:0000338	SP:0007702	3_10	CF-B-provisional	remote_sequence
SCF:0000445	AC:000338	P84077	Q9HAD4	P35585	SP:0000338	SP:0007703	3_10	CF-B-provisional	remote_sequence
SCF:0000446	AC:000339	A0A4V8H005	A0A4V8H004	A0A4V8GZZ9	SP:0000339	SP:0006544	11_24	CF-B-provisional	medium
SCF:0000447	AC:000339	A0A4V8H005	A0A4V8H004	A0A4V8H001	SP:0000339	SP:0006545	11_24	CF-B-provisional	medium
SCF:0000448	AC:000340	P68431	Q96GM5	Q12432	SP:0000340	SP:0007708	11_24	CF-B-provisional	remote_sequence
SCF:0000449	AC:000340	P68431	Q96GM5	Q9Y230	SP:0000340	SP:0007709	11_24	CF-B-provisional	remote_sequence
SCF:0000450	AC:000342	A0A3Q7G7F0	A0A3Q7I881	K4ATQ2	SP:0000342	SP:0007719	11_24	CF-B-provisional	remote_sequence
SCF:0000451	AC:000342	A0A3Q7I881	A0A3Q7G7F0	A0A3Q7HSH1	SP:0000342	SP:0007722	11_24	CF-B-provisional	remote_sequence
SCF:0000452	AC:000343	P60002	Q7KZ85	I3LGP4	SP:0000343	SP:0007725	11_24	CF-B-provisional	remote_sequence
SCF:0000453	AC:000343	P60002	Q7KZ85	P30876	SP:0000343	SP:0007726	11_24	CF-B-provisional	remote_sequence
SCF:0000454	AC:000345	A0A2K3DZD9	A0A2K3DQ46	A0A2K3DHV6	SP:0000345	SP:0007736	11_24	CF-B-provisional	remote_sequence
SCF:0000455	AC:000345	A0A2K3DZD9	A0A2K3DQ46	A0A2K3DLF7	SP:0000345	SP:0007737	11_24	CF-B-provisional	remote_sequence
SCF:0000456	AC:000346	E9NPX1	I0Z7A6	I0YQ46	SP:0000346	SP:0006335	11_24	CF-B-provisional	high
SCF:0000457	AC:000346	E9NPX1	I0Z7A6	I0YQ44	SP:0000346	SP:0007739	11_24	CF-B-provisional	medium
SCF:0000458	AC:000346	E9NPX1	I0Z7A6	I0Z7V3	SP:0000346	SP:0007740	11_24	CF-B-provisional	remote_sequence
SCF:0000459	AC:000348	Q1HGH9	Q1HFX1	Q1HGH8	SP:0000348	SP:0007752	11_24	CF-B-provisional	remote_sequence
SCF:0000460	AC:000352	Q32P73	F2Z4C9	Q32PE0	SP:0000352	SP:0006588	11_24	CF-B-provisional	high
SCF:0000461	AC:000355	P20436	Q04307	P27999	SP:0000355	SP:0007773	11_24	CF-B-provisional	medium
SCF:0000462	AC:000355	P20436	Q04307	P32529	SP:0000355	SP:0007774	11_24	CF-B-provisional	medium
SCF:0000463	AC:000356	Q92759	P07992	P23025	SP:0000356	SP:0007781	11_24	CF-B-provisional	remote_sequence
SCF:0000464	AC:000357	Q83D75	Q83E83	Q83AX9	SP:0000357	SP:0007784	11_24	CF-B-provisional	remote_sequence
SCF:0000465	AC:000359	Q99471	P78371	P50991	SP:0000359	SP:0006527	11_24	CF-B-provisional	medium
SCF:0000466	AC:000359	Q99471	P78371	P49368	SP:0000359	SP:0006526	11_24	CF-B-provisional	medium
SCF:0000467	AC:000359	Q99471	P78371	P40227	SP:0000359	SP:0006528	11_24	CF-B-provisional	remote_sequence
SCF:0000468	AC:000366	P9WPV7	P9WPU7	P9WPV3	SP:0000366	SP:0007824	11_24	CF-B-provisional	medium
SCF:0000469	AC:000371	C4LXM0	C4M5A0	C4M9F9	SP:0000371	SP:0007843	11_24	CF-B-provisional	remote_sequence
SCF:0000470	AC:000371	C4M5A0	C4LXM0	C4M0Z2	SP:0000371	SP:0007846	11_24	CF-B-provisional	remote_sequence
SCF:0000471	AC:000375	A0ACD6B9N1	A0ACD6B9L6	A0ACD6B9M4	SP:0000375	SP:0007859	3_10	CF-B-provisional	remote_sequence
SCF:0000472	AC:000376	Q9H1A4	Q9UJX3	Q9UJX2	SP:0000376	SP:0007862	11_24	CF-B-provisional	medium
SCF:0000473	AC:000376	Q9H1A4	Q9UJX3	Q13042	SP:0000376	SP:0007863	11_24	CF-B-provisional	remote_sequence
SCF:0000474	AC:000376	Q9H1A4	Q9UJX3	Q9UJX6	SP:0000376	SP:0007864	11_24	CF-B-provisional	remote_sequence
SCF:0000475	AC:000381	A0A125YTU2	S8GED8	A0A125YS93	SP:0000381	SP:0007878	11_24	CF-B-provisional	remote_sequence
SCF:0000476	AC:000381	S8GED8	A0A125YTU2	A0A125YS93	SP:0000381	SP:0007880	11_24	CF-B-provisional	remote_sequence
SCF:0000477	AC:000384	P24482	P29469	P24279	SP:0000384	SP:0007887	11_24	CF-B-provisional	medium
SCF:0000478	AC:000384	P24482	P29469	Q08032	SP:0000384	SP:0007888	11_24	CF-B-provisional	remote_sequence
SCF:0000479	AC:000384	P29469	P24482	P32833	SP:0000384	SP:0007890	11_24	CF-B-provisional	remote_sequence
SCF:0000480	AC:000384	P29469	P24482	P38132	SP:0000384	SP:0007891	11_24	CF-B-provisional	remote_sequence
SCF:0000481	AC:000384	P29469	P24482	Q08032	SP:0000384	SP:0007892	11_24	CF-B-provisional	remote_sequence
SCF:0000482	AC:000385	Q8IRE3	Q9VSY8	Q9VF82	SP:0000385	SP:0007893	3_10	CF-A-provisional	medium
SCF:0000483	AC:000387	A0A125YZ21	S8GED8	A0A125YS93	SP:0000387	SP:0006642	11_24	CF-B-provisional	remote_sequence
SCF:0000484	AC:000388	A0A4V8H008	A0A4V8H004	A0A4V8GZZ9	SP:0000388	SP:0007902	11_24	CF-B-provisional	medium
SCF:0000485	AC:000388	A0A4V8H008	A0A4V8H004	A0A4V8H001	SP:0000388	SP:0007903	11_24	CF-B-provisional	medium
SCF:0000486	AC:000392	Q7L5N1	Q9UBF6	P62877	SP:0000392	SP:0007024	11_24	CF-B-provisional	high
SCF:0000487	AC:000393	P04051	P13393	P47076	SP:0000393	SP:0006455	11_24	CF-B-provisional	remote_sequence
SCF:0000488	AC:000393	P04051	P13393	P41910	SP:0000393	SP:0007922	11_24	CF-B-provisional	remote_sequence
SCF:0000489	AC:000393	P04051	P13393	P20435	SP:0000393	SP:0007923	11_24	CF-B-provisional	remote_sequence
SCF:0000490	AC:000393	P13393	P04051	P04050	SP:0000393	SP:0007924	11_24	CF-B-provisional	medium
SCF:0000491	AC:000393	P13393	P04051	Q99315	SP:0000393	SP:0007925	11_24	CF-B-provisional	remote_sequence
SCF:0000492	AC:000393	P13393	P04051	P08518	SP:0000393	SP:0007926	11_24	CF-B-provisional	remote_sequence
SCF:0000493	AC:000394	P40422	P36121	P16370	SP:0000394	SP:0007003	11_24	CF-B-provisional	medium
SCF:0000494	AC:000394	P40422	P36121	P20433	SP:0000394	SP:0007929	11_24	CF-B-provisional	remote_sequence
SCF:0000495	AC:000394	P40422	P36121	P38304	SP:0000394	SP:0007930	11_24	CF-B-provisional	remote_sequence
SCF:0000496	AC:000399	A0A2K3DGW6	A0A2K3DLI2	A0A2K3DHV6	SP:0000399	SP:0007953	11_24	CF-B-provisional	remote_sequence
SCF:0000497	AC:000399	A0A2K3DGW6	A0A2K3DLI2	A0A2K3DVJ8	SP:0000399	SP:0007954	11_24	CF-B-provisional	remote_sequence
SCF:0000498	AC:000400	Q15370	Q8N884	Q13098	SP:0000400	SP:0007958	11_24	CF-B-provisional	remote_sequence
SCF:0000499	AC:000400	Q15370	Q8N884	Q6PJ21	SP:0000400	SP:0007959	11_24	CF-B-provisional	remote_sequence
SCF:0000500	AC:000402	Q9SUI5	Q9SUI7	Q9S714	SP:0000402	SP:0007969	11_24	CF-B-provisional	remote_sequence
SCF:0000501	AC:000402	Q9SUI7	Q9SUI5	Q9S7N7	SP:0000402	SP:0007971	11_24	CF-B-provisional	medium
SCF:0000502	AC:000404	Q22R86	Q24CE5	Q1HFV9	SP:0000404	SP:0007243	11_24	CF-B-provisional	medium
SCF:0000503	AC:000404	Q24CE5	Q22R86	Q24DI9	SP:0000404	SP:0007980	11_24	CF-B-provisional	remote_sequence
SCF:0000504	AC:000404	Q24CE5	Q22R86	W7XJB1	SP:0000404	SP:0007981	11_24	CF-B-provisional	remote_sequence
SCF:0000505	AC:000407	Q15843	Q16531	Q93034	SP:0000407	SP:0007991	3_10	CF-B-provisional	remote_sequence
SCF:0000506	AC:000410	P68139	P02607	Q92352	SP:0000410	SP:0008007	3_10	CF-B-provisional	remote_sequence
SCF:0000507	AC:000412	P62877	P68036	P62837	SP:0000412	SP:0008014	3_10	CF-A-provisional	medium
SCF:0000508	AC:000412	P62877	P68036	A0A6P5C4T4	SP:0000412	SP:0008015	3_10	CF-B-provisional	medium
SCF:0000509	AC:000412	P62877	P68036	Q712K3	SP:0000412	SP:0008016	3_10	CF-B-provisional	medium
SCF:0000510	AC:000414	Q5JS54	P60900	O14818	SP:0000414	SP:0008022	11_24	CF-B-provisional	medium
SCF:0000511	AC:000414	Q5JS54	P60900	P25789	SP:0000414	SP:0008023	11_24	CF-B-provisional	medium
SCF:0000512	AC:000414	Q5JS54	P60900	P28066	SP:0000414	SP:0008024	11_24	CF-B-provisional	remote_sequence
SCF:0000513	AC:000419	B8LEQ8	B8BUW3	B5YM25	SP:0000419	SP:0008040	11_24	CF-B-provisional	medium
SCF:0000514	AC:000419	B8LEQ8	B8BUW3	B8C770	SP:0000419	SP:0008041	11_24	CF-B-provisional	medium
SCF:0000515	AC:000419	B8LEQ8	B8BUW3	B8C0K4	SP:0000419	SP:0008042	11_24	CF-B-provisional	medium
SCF:0000516	AC:000422	A0A2P6TPV8	A0A2P6U4K1	A0A2P6TZ50	SP:0000422	SP:0006753	11_24	CF-B-provisional	medium
SCF:0000517	AC:000422	A0A2P6TPV8	A0A2P6U4K1	A0A2P6TT36	SP:0000422	SP:0006752	11_24	CF-B-provisional	medium
SCF:0000518	AC:000424	A0A1S3TUX2	A0A1S3UMA0	A0A1S3U1E4	SP:0000424	SP:0008050	3_10	CF-B-provisional	remote_sequence
SCF:0000519	AC:000425	A0A4V8GZZ4	A0A4V8H001	A0A4V8GZZ8	SP:0000425	SP:0006226	11_24	CF-B-provisional	medium
SCF:0000520	AC:000426	I0YVS7	I0YWK6	I0Z284	SP:0000426	SP:0008055	11_24	CF-B-provisional	medium
SCF:0000521	AC:000427	P42766	Q9BXJ9	Q9BZE4	SP:0000427	SP:0008057	11_24	CF-B-provisional	remote_sequence
SCF:0000522	AC:000427	P42766	Q9BXJ9	P13639	SP:0000427	SP:0008058	11_24	CF-B-provisional	remote_sequence
SCF:0000523	AC:000427	Q9BXJ9	P42766	P35268	SP:0000427	SP:0008060	11_24	CF-B-provisional	medium
SCF:0000524	AC:000427	Q9BXJ9	P42766	G1TSG1	SP:0000427	SP:0008061	11_24	CF-B-provisional	remote_sequence
SCF:0000525	AC:000427	Q9BXJ9	P42766	P62750	SP:0000427	SP:0008062	11_24	CF-B-provisional	remote_sequence
SCF:0000526	AC:000428	P0A384	Q8YVQ2	P61048	SP:0000428	SP:0008064	11_24	CF-B-provisional	remote_sequence
SCF:0000527	AC:000429	Q23FU1	I7M6H4	I7M9J2	SP:0000429	SP:0008069	11_24	CF-B-provisional	medium
SCF:0000528	AC:000429	Q23FU1	I7M6H4	Q22A67	SP:0000429	SP:0008070	11_24	CF-B-provisional	medium
SCF:0000529	AC:000430	Q2FW20	Q2G111	Q2FW10	SP:0000430	SP:0008071	11_24	CF-B-provisional	remote_sequence
SCF:0000530	AC:000430	Q2G111	Q2FW20	Q2G113	SP:0000430	SP:0006292	11_24	CF-B-provisional	medium
SCF:0000531	AC:000430	Q2G111	Q2FW20	Q2FW31	SP:0000430	SP:0008072	11_24	CF-B-provisional	remote_sequence
SCF:0000532	AC:000430	Q2G111	Q2FW20	Q2FW16	SP:0000430	SP:0006293	11_24	CF-B-provisional	remote_sequence
SCF:0000533	AC:000432	P40359	P53091	P24279	SP:0000432	SP:0007676	11_24	CF-B-provisional	medium
SCF:0000534	AC:000432	P40359	P53091	P29496	SP:0000432	SP:0007675	11_24	CF-B-provisional	medium
SCF:0000535	AC:000432	P40359	P53091	P38132	SP:0000432	SP:0007677	11_24	CF-B-provisional	medium
SCF:0000536	AC:000433	A0A4V8GZZ7	A0A4V8H008	A0A4V8GZZ8	SP:0000433	SP:0006228	11_24	CF-B-provisional	remote_sequence
SCF:0000537	AC:000433	A0A4V8H008	A0A4V8GZZ7	A0A4V8GZZ9	SP:0000433	SP:0007902	11_24	CF-B-provisional	high
SCF:0000538	AC:000433	A0A4V8H008	A0A4V8GZZ7	A0A4V8H001	SP:0000433	SP:0007903	11_24	CF-B-provisional	medium
SCF:0000539	AC:000437	P21082	P20637	P68439	SP:0000437	SP:0006162	11_24	CF-B-provisional	remote_sequence
SCF:0000540	AC:000438	P20248	Q9UJX5	Q13415	SP:0000438	SP:0008094	11_24	CF-B-provisional	remote_sequence
SCF:0000541	AC:000438	P20248	Q9UJX5	P06400	SP:0000438	SP:0008095	11_24	CF-B-provisional	remote_sequence
SCF:0000542	AC:000438	P20248	Q9UJX5	P30260	SP:0000438	SP:0008096	11_24	CF-B-provisional	remote_sequence
SCF:0000543	AC:000439	A0A4V8GZZ3	A0A4V8GZZ8	A0A4V8GZZ7	SP:0000439	SP:0006541	11_24	CF-B-provisional	medium
SCF:0000544	AC:000439	A0A4V8GZZ3	A0A4V8GZZ8	A0A4V8H006	SP:0000439	SP:0008101	11_24	CF-B-provisional	remote_sequence
SCF:0000545	AC:000443	A0A2K1JKF2	A0A2K1JLZ3	A0A2K1J0L9	SP:0000443	SP:0008116	11_24	CF-B-provisional	remote_sequence
SCF:0000546	AC:000444	Q5JE34	Q5JI52	Q5JE88	SP:0000444	SP:0008122	11_24	CF-B-provisional	remote_sequence
SCF:0000547	AC:000447	P20226	Q9Y2Y1	P60899	SP:0000447	SP:0008132	11_24	CF-B-provisional	medium
SCF:0000548	AC:000450	P20226	Q9H1D9	Q00403	SP:0000450	SP:0008147	11_24	CF-B-provisional	remote_sequence
SCF:0000549	AC:000450	P20226	Q9H1D9	Q9HAW0	SP:0000450	SP:0008148	11_24	CF-B-provisional	remote_sequence
SCF:0000550	AC:000450	P20226	Q9H1D9	P29084	SP:0000450	SP:0008149	11_24	CF-B-provisional	remote_sequence
SCF:0000551	AC:000451	A0QSP9	A0QS96	A0QSL5	SP:0000451	SP:0008156	11_24	CF-B-provisional	remote_sequence
SCF:0000552	AC:000453	P52891	P53011	Q04491	SP:0000453	SP:0008165	11_24	CF-B-provisional	medium
SCF:0000553	AC:000453	P53011	P52891	P46673	SP:0000453	SP:0008169	11_24	CF-B-provisional	remote_sequence
SCF:0000554	AC:000456	P40337	Q9H9Q2	P01116	SP:0000456	SP:0008175	11_24	CF-B-provisional	remote_sequence
SCF:0000555	AC:000456	Q9H9Q2	P40337	P63208	SP:0000456	SP:0008178	11_24	CF-B-provisional	remote_sequence
SCF:0000556	AC:000458	C4R1V1	C4QXY9	C4R1E6	SP:0000458	SP:0006168	11_24	CF-B-provisional	remote_sequence
SCF:0000557	AC:000459	A0A4V8H007	A0A4V8H004	A0A4V8GZZ9	SP:0000459	SP:0006975	11_24	CF-B-provisional	medium
SCF:0000558	AC:000461	Q13098	Q9UBW8	Q9H9Q2	SP:0000461	SP:0008191	3_10	CF-A-provisional	high
SCF:0000559	AC:000461	Q9UBW8	Q13098	Q9BT78	SP:0000461	SP:0008194	3_10	CF-B-provisional	remote_sequence
SCF:0000560	AC:000462	P00175	P33448	P80967	SP:0000462	SP:0008197	11_24	CF-B-provisional	remote_sequence
SCF:0000561	AC:000465	Q1HFW0	Q1HGH8	A4VEB3	SP:0000465	SP:0008207	11_24	CF-B-provisional	remote_sequence
SCF:0000562	AC:000465	Q1HGH8	Q1HFW0	Q24DI9	SP:0000465	SP:0008209	11_24	CF-B-provisional	medium
SCF:0000563	AC:000465	Q1HGH8	Q1HFW0	Q1HFV9	SP:0000465	SP:0008210	11_24	CF-B-provisional	medium
SCF:0000564	AC:000465	Q1HGH8	Q1HFW0	W7XJB1	SP:0000465	SP:0008211	11_24	CF-B-provisional	medium
SCF:0000565	AC:000467	Q32904	Q9SQL2	Q41038	SP:0000467	SP:0006763	11_24	CF-B-provisional	high
SCF:0000566	AC:000467	Q9SQL2	Q32904	Q41038	SP:0000467	SP:0008220	11_24	CF-B-provisional	medium
SCF:0000567	AC:000467	Q9SQL2	Q32904	Q01667	SP:0000467	SP:0006832	11_24	CF-B-provisional	medium
SCF:0000568	AC:000467	Q9SQL2	Q32904	P12355	SP:0000467	SP:0008221	11_24	CF-B-provisional	medium
SCF:0000569	AC:000469	P0A800	P0A9E2	P0A7U7	SP:0000469	SP:0006548	3_10	CF-B-provisional	remote_sequence
SCF:0000570	AC:000470	Q99871	Q96CS2	Q9NVX0	SP:0000470	SP:0008229	3_10	CF-B-provisional	remote_sequence
SCF:0000571	AC:000475	Q980L5	Q980B8	Q7LXK4	SP:0000475	SP:0007940	11_24	CF-B-provisional	remote_sequence
SCF:0000572	AC:000477	P22139	P32349	P41895	SP:0000477	SP:0008253	11_24	CF-B-provisional	remote_sequence
SCF:0000573	AC:000477	P22139	P32349	P36070	SP:0000477	SP:0008254	11_24	CF-B-provisional	remote_sequence
SCF:0000574	AC:000479	A0A5S8WF79	A0A5S8WF81	A0A5S8WF90	SP:0000479	SP:0008264	3_10	CF-B-provisional	high
SCF:0000575	AC:000480	P41227	Q02878	G1SS70	SP:0000480	SP:0008266	11_24	CF-B-provisional	remote_sequence
SCF:0000576	AC:000480	P41227	Q02878	G1TNM3	SP:0000480	SP:0008267	11_24	CF-B-provisional	remote_sequence
SCF:0000577	AC:000480	Q02878	P41227	P83731	SP:0000480	SP:0008269	11_24	CF-B-provisional	remote_sequence
SCF:0000578	AC:000480	Q02878	P41227	Q13765	SP:0000480	SP:0008270	11_24	CF-B-provisional	remote_sequence
SCF:0000579	AC:000480	Q02878	P41227	P62701	SP:0000480	SP:0008271	11_24	CF-B-provisional	remote_sequence
SCF:0000580	AC:000481	Q38859	O81097	Q9FJ98	SP:0000481	SP:0008272	11_24	CF-B-provisional	medium
SCF:0000581	AC:000482	A0A0G4FDJ8	A0A0G4HMN0	A0A0G4FL36	SP:0000482	SP:0008275	11_24	CF-B-provisional	medium
SCF:0000582	AC:000482	A0A0G4FDJ8	A0A0G4HMN0	A0A0G4I0G6	SP:0000482	SP:0008276	11_24	CF-B-provisional	medium
SCF:0000583	AC:000482	A0A0G4FDJ8	A0A0G4HMN0	A0A0G4HNB1	SP:0000482	SP:0008277	11_24	CF-B-provisional	medium
SCF:0000584	AC:000485	P32830	P33421	Q08749	SP:0000485	SP:0008283	3_10	CF-B-provisional	medium
SCF:0000585	AC:000488	P0A8V2	P24251	P0A780	SP:0000488	SP:0008295	3_10	CF-B-provisional	remote_sequence
SCF:0000586	AC:000488	P24251	P0A8V2	P0A8T7	SP:0000488	SP:0008298	3_10	CF-B-provisional	remote_sequence
SCF:0000587	AC:000489	P20435	P53063	Q04636	SP:0000489	SP:0008300	11_24	CF-B-provisional	remote_sequence
SCF:0000588	AC:000491	A1BA41	A1B4F3	A1B3D7	SP:0000491	SP:0008307	11_24	CF-B-provisional	remote_sequence
SCF:0000589	AC:000492	P0AFF6	P0AFW0	P0AFG0	SP:0000492	SP:0008309	3_10	CF-A-provisional	medium
SCF:0000590	AC:000494	A0QSG6	A0R102	A0QSG3	SP:0000494	SP:0008321	11_24	CF-B-provisional	remote_sequence
SCF:0000591	AC:000496	O00399	P61163	Q9NZ32	SP:0000496	SP:0008330	11_24	CF-B-provisional	medium
SCF:0000592	AC:000498	W7WX86	Q24C31	Q23YW7	SP:0000498	SP:0007383	11_24	CF-B-provisional	medium
SCF:0000593	AC:000498	W7WX86	Q24C31	I7LT80	SP:0000498	SP:0007384	11_24	CF-B-provisional	remote_sequence
SCF:0000594	AC:000499	Q26454	Q9VGW6	Q9XYU0	SP:0000499	SP:0007063	11_24	CF-B-provisional	medium
SCF:0000595	AC:000499	Q26454	Q9VGW6	Q9V461	SP:0000499	SP:0008341	11_24	CF-B-provisional	medium
SCF:0000596	AC:000499	Q9VGW6	Q26454	Q9XYU1	SP:0000499	SP:0006893	11_24	CF-B-provisional	medium
SCF:0000597	AC:000499	Q9VGW6	Q26454	P49735	SP:0000499	SP:0006191	11_24	CF-B-provisional	medium
SCF:0000598	AC:000500	F2QZ97	F2QVA2	F2QT90	SP:0000500	SP:0006878	11_24	CF-B-provisional	remote_sequence
SCF:0000599	AC:000502	P11703	A0A9R0K533	A0A9R0JBX6	SP:0000502	SP:0008347	11_24	CF-B-provisional	medium
SCF:0000600	AC:000502	P11703	A0A9R0K533	A0A9R0K7U8	SP:0000502	SP:0008348	11_24	CF-B-provisional	remote_sequence
SCF:0000601	AC:000503	P62987	Q71DI3	P04908	SP:0000503	SP:0008350	3_10	CF-B-provisional	medium
SCF:0000602	AC:000503	P62987	Q71DI3	P62805	SP:0000503	SP:0008351	3_10	CF-B-provisional	medium
SCF:0000603	AC:000504	Q99627	Q9UBF6	P62877	SP:0000504	SP:0007584	11_24	CF-B-provisional	high
SCF:0000604	AC:000505	P10145	P63096	P09471	SP:0000505	SP:0008358	3_10	CF-B-provisional	high
SCF:0000605	AC:000505	P63096	P10145	P09341	SP:0000505	SP:0007202	3_10	CF-B-provisional	medium
SCF:0000606	AC:000505	P63096	P10145	P48061	SP:0000505	SP:0007203	3_10	CF-A-provisional	medium
SCF:0000607	AC:000505	P63096	P10145	P22362	SP:0000505	SP:0008361	3_10	CF-B-provisional	medium
SCF:0000608	AC:000508	P05738	P33309	P38779	SP:0000508	SP:0008371	3_10	CF-B-provisional	remote_sequence
SCF:0000609	AC:000508	P33309	P05738	Q01855	SP:0000508	SP:0008374	3_10	CF-B-provisional	remote_sequence
SCF:0000610	AC:000508	P33309	P05738	P0CX53	SP:0000508	SP:0008375	3_10	CF-B-provisional	remote_sequence
SCF:0000611	AC:000516	Q8CM25	Q8DG60	Q9F1L5	SP:0000516	SP:0008401	11_24	CF-B-provisional	medium
SCF:0000612	AC:000519	I0YPL4	I0Z284	I0YWK6	SP:0000519	SP:0006793	11_24	CF-B-provisional	medium
SCF:0000613	AC:000519	I0Z284	I0YPL4	I0YP76	SP:0000519	SP:0007932	11_24	CF-B-provisional	medium
SCF:0000614	AC:000520	Q8DIF8	Q8DMP8	Q8DHJ2	SP:0000520	SP:0008412	11_24	CF-B-provisional	remote_sequence
SCF:0000615	AC:000520	Q8DIF8	Q8DMP8	Q9F1R6	SP:0000520	SP:0008413	11_24	CF-B-provisional	remote_sequence
SCF:0000616	AC:000520	Q8DMP8	Q8DIF8	D0VWR1	SP:0000520	SP:0007554	11_24	CF-B-provisional	medium
SCF:0000617	AC:000520	Q8DMP8	Q8DIF8	Q8DIQ1	SP:0000520	SP:0008415	11_24	CF-B-provisional	medium
SCF:0000618	AC:000520	Q8DMP8	Q8DIF8	P51765	SP:0000520	SP:0007552	11_24	CF-B-provisional	remote_sequence
SCF:0000619	AC:000521	P11704	A0A9R0K533	A0A9R0JBX6	SP:0000521	SP:0008416	11_24	CF-B-provisional	medium
SCF:0000620	AC:000521	P11704	A0A9R0K533	A0A9R0K7U8	SP:0000521	SP:0008417	11_24	CF-B-provisional	remote_sequence
SCF:0000621	AC:000527	O14010	Q9Y821	Q9US45	SP:0000527	SP:0008434	11_24	CF-B-provisional	remote_sequence
SCF:0000622	AC:000527	Q9Y821	O14010	O94376	SP:0000527	SP:0006401	11_24	CF-B-provisional	remote_sequence
SCF:0000623	AC:000531	O94646	P87310	O13964	SP:0000531	SP:0006404	11_24	CF-B-provisional	remote_sequence
SCF:0000624	AC:000531	O94646	P87310	Q9P6Q0	SP:0000531	SP:0007566	11_24	CF-B-provisional	remote_sequence
SCF:0000625	AC:000531	P87310	O94646	Q9US45	SP:0000531	SP:0007911	11_24	CF-B-provisional	remote_sequence
SCF:0000626	AC:000532	B8YB57	B8YB60	B8YB58	SP:0000532	SP:0007426	11_24	CF-B-provisional	remote_sequence
SCF:0000627	AC:000533	P32833	P47112	P54791	SP:0000533	SP:0008450	11_24	CF-B-provisional	remote_sequence
SCF:0000628	AC:000533	P32833	P47112	P29469	SP:0000533	SP:0007890	11_24	CF-B-provisional	remote_sequence
SCF:0000629	AC:000533	P32833	P47112	P50874	SP:0000533	SP:0008451	11_24	CF-B-provisional	remote_sequence
SCF:0000630	AC:000533	P47112	P32833	P54790	SP:0000533	SP:0008452	11_24	CF-B-provisional	remote_sequence
SCF:0000631	AC:000533	P47112	P32833	P54791	SP:0000533	SP:0008453	11_24	CF-B-provisional	remote_sequence
SCF:0000632	AC:000535	A4VD75	Q22A67	I7M9J2	SP:0000535	SP:0006152	11_24	CF-B-provisional	medium
SCF:0000633	AC:000536	P01857	S6B291	P0DOX5	SP:0000536	SP:0007482	11_24	CF-B-provisional	high
SCF:0000634	AC:000536	P01857	S6B291	P01863	SP:0000536	SP:0008461	11_24	CF-B-provisional	high
SCF:0000635	AC:000536	P01857	S6B291	P19909	SP:0000536	SP:0008462	11_24	CF-B-provisional	remote_sequence
SCF:0000636	AC:000538	Q22A67	A4VE64	Q24CE5	SP:0000538	SP:0008469	11_24	CF-B-provisional	medium
SCF:0000637	AC:000538	Q22A67	A4VE64	Q1HFW0	SP:0000538	SP:0008208	11_24	CF-B-provisional	medium
SCF:0000638	AC:000538	Q22A67	A4VE64	W7XJB1	SP:0000538	SP:0007547	11_24	CF-B-provisional	medium
SCF:0000639	AC:000541	Q57ZX7	Q585T1	Q381A0	SP:0000541	SP:0008473	3_10	CF-B-provisional	remote_sequence
SCF:0000640	AC:000541	Q585T1	Q57ZX7	Q389W4	SP:0000541	SP:0008476	3_10	CF-B-provisional	remote_sequence
SCF:0000641	AC:000542	P20226	P0DPB6	F1RKE4	SP:0000542	SP:0008479	11_24	CF-B-provisional	medium
SCF:0000642	AC:000542	P20226	P0DPB6	P61218	SP:0000542	SP:0008234	11_24	CF-B-provisional	remote_sequence
SCF:0000643	AC:000542	P20226	P0DPB6	A0A4X1VEK9	SP:0000542	SP:0006822	11_24	CF-B-provisional	remote_sequence
SCF:0000644	AC:000544	O94707	Q9UTB6	O94355	SP:0000544	SP:0008486	11_24	CF-B-provisional	remote_sequence
SCF:0000645	AC:000548	A0AAN0XZY8	A0AAN0Y0S4	A0AAN0Y3T9	SP:0000548	SP:0008424	11_24	CF-B-provisional	remote_sequence
SCF:0000646	AC:000549	A0A4V8GZZ3	A0A4V8GZZ6	A0A4V8GZZ7	SP:0000549	SP:0006541	11_24	CF-B-provisional	high
SCF:0000647	AC:000549	A0A4V8GZZ3	A0A4V8GZZ6	A0A4V8GZZ9	SP:0000549	SP:0008100	11_24	CF-B-provisional	medium
SCF:0000648	AC:000550	P09192	Q55329	Q55354	SP:0000550	SP:0008507	11_24	CF-B-provisional	remote_sequence
SCF:0000649	AC:000550	Q55329	P09192	P16033	SP:0000550	SP:0008510	11_24	CF-B-provisional	medium
SCF:0000650	AC:000550	Q55329	P09192	Q55274	SP:0000550	SP:0008511	11_24	CF-B-provisional	remote_sequence
SCF:0000651	AC:000551	P62875	O15514	O75575	SP:0000551	SP:0008513	11_24	CF-B-provisional	medium
SCF:0000652	AC:000551	P62875	O15514	P61218	SP:0000551	SP:0006302	11_24	CF-B-provisional	remote_sequence
SCF:0000653	AC:000553	Q8LE42	Q9M1A8	Q9FJ98	SP:0000553	SP:0007595	11_24	CF-B-provisional	medium
SCF:0000654	AC:000554	A0A2P6TPU7	A0A2P6TT36	A0A2P6TMX4	SP:0000554	SP:0008524	11_24	CF-B-provisional	medium
SCF:0000655	AC:000554	A0A2P6TPU7	A0A2P6TT36	A0A2P6TS63	SP:0000554	SP:0008525	11_24	CF-B-provisional	medium
SCF:0000656	AC:000554	A0A2P6TPU7	A0A2P6TT36	A0A2P6TZ50	SP:0000554	SP:0008526	11_24	CF-B-provisional	medium
SCF:0000657	AC:000558	O87799	O87802	O87798	SP:0000558	SP:0008537	3_10	CF-B-provisional	remote_sequence
SCF:0000658	AC:000559	Q12824	Q96GM5	Q969G3	SP:0000559	SP:0008539	11_24	CF-B-provisional	remote_sequence
SCF:0000659	AC:000560	Q9XFH4	Q9FFC0	P02281	SP:0000560	SP:0008545	3_10	CF-B-provisional	high
SCF:0000660	AC:000560	Q9XFH4	Q9FFC0	P84233	SP:0000560	SP:0008546	3_10	CF-B-provisional	remote_sequence
SCF:0000661	AC:000563	A0QSD7	A0R7F7	A0QSG2	SP:0000563	SP:0008560	11_24	CF-B-provisional	remote_sequence
SCF:0000662	AC:000563	A0R7F7	A0QSD7	A0QVB8	SP:0000563	SP:0008563	11_24	CF-B-provisional	medium
SCF:0000663	AC:000563	A0R7F7	A0QSD7	A0QSG1	SP:0000563	SP:0008564	11_24	CF-B-provisional	remote_sequence
SCF:0000664	AC:000563	A0R7F7	A0QSD7	A0QZ86	SP:0000563	SP:0008565	11_24	CF-B-provisional	remote_sequence
SCF:0000665	AC:000564	P0A7Z4	P0AGB6	P0ADY3	SP:0000564	SP:0008566	3_10	CF-B-provisional	remote_sequence
SCF:0000666	AC:000564	P0A7Z4	P0AGB6	P0ACJ8	SP:0000564	SP:0007209	3_10	CF-B-provisional	remote_sequence
SCF:0000667	AC:000565	A0A2K3CYB6	A0A2K3DZD9	A0A2K3DLF7	SP:0000565	SP:0008568	11_24	CF-B-provisional	remote_sequence
SCF:0000668	AC:000566	O31743	Q06797	P42921	SP:0000566	SP:0008572	11_24	CF-B-provisional	medium
SCF:0000669	AC:000568	A0A2K3DGW6	A0A2K3DQ46	A0A2K3DHV6	SP:0000568	SP:0007953	11_24	CF-B-provisional	remote_sequence
SCF:0000670	AC:000568	A0A2K3DGW6	A0A2K3DQ46	A0A2K3DLF7	SP:0000568	SP:0008582	11_24	CF-B-provisional	remote_sequence
SCF:0000671	AC:000573	P10793	E1C9K9	A0A0M3KL10	SP:0000573	SP:0007541	11_24	CF-B-provisional	high
SCF:0000672	AC:000575	E1C9L3	A0A0H2UKZ4	A0A0M3KL12	SP:0000575	SP:0008602	11_24	CF-B-provisional	high
SCF:0000673	AC:000577	Q9VGW6	Q9VBI1	Q9VQY9	SP:0000577	SP:0008611	11_24	CF-B-provisional	medium
SCF:0000674	AC:000577	Q9VGW6	Q9VBI1	Q9W2V7	SP:0000577	SP:0008612	11_24	CF-B-provisional	remote_sequence
SCF:0000675	AC:000578	P38121	P53840	P13382	SP:0000578	SP:0008613	11_24	CF-B-provisional	remote_sequence
SCF:0000676	AC:000578	P53840	P38121	Q04636	SP:0000578	SP:0008616	11_24	CF-B-provisional	remote_sequence
SCF:0000677	AC:000578	P53840	P38121	P24482	SP:0000578	SP:0008617	11_24	CF-B-provisional	remote_sequence
SCF:0000678	AC:000578	P53840	P38121	P30665	SP:0000578	SP:0008618	11_24	CF-B-provisional	remote_sequence
SCF:0000679	AC:000581	P25342	P32468	P32457	SP:0000581	SP:0008627	3_10	CF-A-provisional	medium
SCF:0000680	AC:000581	P32468	P25342	P32457	SP:0000581	SP:0008628	3_10	CF-B-provisional	remote_sequence
SCF:0000681	AC:000581	P32468	P25342	Q07657	SP:0000581	SP:0008629	3_10	CF-B-provisional	remote_sequence
SCF:0000682	AC:000582	P68623	P07611	P16710	SP:0000582	SP:0008633	11_24	CF-B-provisional	medium
SCF:0000683	AC:000585	P16033	P12975	P14835	SP:0000585	SP:0008644	11_24	CF-B-provisional	medium
SCF:0000684	AC:000587	A0A125YG13	S8GCU6	S8ETI9	SP:0000587	SP:0008646	11_24	CF-B-provisional	remote_sequence
SCF:0000685	AC:000587	S8GCU6	A0A125YG13	S8ERU3	SP:0000587	SP:0008648	11_24	CF-B-provisional	remote_sequence
SCF:0000686	AC:000588	P59763	A8HY43	A8I5A0	SP:0000588	SP:0008654	11_24	CF-B-provisional	medium
SCF:0000687	AC:000588	P59763	A8HY43	P12853	SP:0000588	SP:0008655	11_24	CF-B-provisional	remote_sequence
SCF:0000688	AC:000591	O15527	Q71DI3	P62807	SP:0000591	SP:0008665	3_10	CF-B-provisional	medium
SCF:0000689	AC:000591	Q71DI3	O15527	P48431	SP:0000591	SP:0008666	3_10	CF-B-provisional	remote_sequence
SCF:0000690	AC:000593	E9NPS7	I0YP72	I0YPL4	SP:0000593	SP:0006333	11_24	CF-B-provisional	medium
SCF:0000691	AC:000593	I0YP72	E9NPS7	E9NPS8	SP:0000593	SP:0008673	11_24	CF-B-provisional	medium
SCF:0000692	AC:000594	Q8N884	Q96KK5	Q99878	SP:0000594	SP:0008674	11_24	CF-B-provisional	high
SCF:0000693	AC:000594	Q8N884	Q96KK5	P04908	SP:0000594	SP:0008675	11_24	CF-B-provisional	high
SCF:0000694	AC:000594	Q8N884	Q96KK5	Q99877	SP:0000594	SP:0007962	11_24	CF-B-provisional	medium
SCF:0000695	AC:000595	D9PY02	Q50755	D9PY03	SP:0000595	SP:0008679	11_24	CF-B-provisional	remote_sequence
SCF:0000696	AC:000595	D9PY02	Q50755	D9PY04	SP:0000595	SP:0008680	11_24	CF-B-provisional	remote_sequence
SCF:0000697	AC:000596	A0A2K9VKE4	A0A2K9VK93	A0A2K9VK89	SP:0000596	SP:0007756	11_24	CF-B-provisional	remote_sequence
SCF:0000698	AC:000596	A0A2K9VKE4	A0A2K9VK93	A0A2K9VK98	SP:0000596	SP:0007470	11_24	CF-B-provisional	remote_sequence
SCF:0000699	AC:000597	A0A3Q7H1U4	A0A3Q7I881	A0A3Q7HJ03	SP:0000597	SP:0008688	11_24	CF-B-provisional	remote_sequence
SCF:0000700	AC:000597	A0A3Q7I881	A0A3Q7H1U4	A0A3Q7H274	SP:0000597	SP:0008691	11_24	CF-B-provisional	remote_sequence
SCF:0000701	AC:000598	Q9Y6J9	F2Z2U4	Q9Y4A5	SP:0000598	SP:0008697	11_24	CF-B-provisional	high
SCF:0000702	AC:000599	P0A7S3	P0A707	P0A7V3	SP:0000599	SP:0008702	11_24	CF-B-provisional	medium
SCF:0000703	AC:000599	P0A7S3	P0A707	P0A7V8	SP:0000599	SP:0008703	11_24	CF-B-provisional	remote_sequence
SCF:0000704	AC:000599	P0A7S3	P0A707	P40711	SP:0000599	SP:0008704	11_24	CF-B-provisional	remote_sequence
SCF:0000705	AC:000600	Q12025	P47133	P39543	SP:0000600	SP:0006995	3_10	CF-B-provisional	remote_sequence
SCF:0000706	AC:000601	A0A3Q7H1U4	A0A3Q7HSH1	A0A3Q7G7F0	SP:0000601	SP:0008710	11_24	CF-B-provisional	remote_sequence
SCF:0000707	AC:000602	Q12509	P04912	P61830	SP:0000602	SP:0007160	11_24	CF-B-provisional	medium
SCF:0000708	AC:000604	P0A7W7	P0A8A8	P0A7X3	SP:0000604	SP:0007339	11_24	CF-B-provisional	remote_sequence
SCF:0000709	AC:000606	Q50296	P41205	Q50301	SP:0000606	SP:0008732	11_24	CF-B-provisional	medium
SCF:0000710	AC:000607	P12239	Q7DGD4	P12240	SP:0000607	SP:0008735	11_24	CF-B-provisional	remote_sequence
SCF:0000711	AC:000607	Q7DGD4	P12239	P19054	SP:0000607	SP:0008738	11_24	CF-B-provisional	remote_sequence
SCF:0000712	AC:000608	M2X090	M2X4U9	M2VTV2	SP:0000608	SP:0007181	11_24	CF-B-provisional	remote_sequence
SCF:0000713	AC:000608	M2X4U9	M2X090	M2VTV2	SP:0000608	SP:0008741	11_24	CF-B-provisional	high
SCF:0000714	AC:000608	M2X4U9	M2X090	M2Y652	SP:0000608	SP:0008742	11_24	CF-B-provisional	medium
SCF:0000715	AC:000610	A0A2K1IAD0	A0A2K1J0L9	A9RT62	SP:0000610	SP:0006652	11_24	CF-B-provisional	remote_sequence
SCF:0000716	AC:000611	P39682	P40018	Q02260	SP:0000611	SP:0008754	11_24	CF-B-provisional	remote_sequence
SCF:0000717	AC:000611	P40018	P39682	Q04048	SP:0000611	SP:0008758	11_24	CF-B-provisional	remote_sequence
SCF:0000718	AC:000611	P40018	P39682	P53207	SP:0000611	SP:0008759	11_24	CF-B-provisional	remote_sequence
SCF:0000719	AC:000612	Q23FU1	Q240X9	Q1HGH8	SP:0000612	SP:0008760	11_24	CF-B-provisional	remote_sequence
SCF:0000720	AC:000612	Q23FU1	Q240X9	Q1HFV9	SP:0000612	SP:0008761	11_24	CF-B-provisional	remote_sequence
SCF:0000721	AC:000613	A0A4V8GZZ2	A0A4V8H004	A0A4V8GZZ8	SP:0000613	SP:0006227	11_24	CF-B-provisional	medium
SCF:0000722	AC:000613	A0A4V8H004	A0A4V8GZZ2	A0A4V8H003	SP:0000613	SP:0007706	11_24	CF-B-provisional	medium
SCF:0000723	AC:000615	A0A2K3CXW8	A8IJY7	A8INX1	SP:0000615	SP:0008769	11_24	CF-B-provisional	remote_sequence
SCF:0000724	AC:000616	A0A4X1VM56	A0A8D0JYF1	A0A4X1TRS6	SP:0000616	SP:0008771	11_24	CF-B-provisional	high
SCF:0000725	AC:000616	A0A8D0JYF1	A0A4X1VM56	A0A287ADR4	SP:0000616	SP:0008774	11_24	CF-B-provisional	high
SCF:0000726	AC:000616	A0A8D0JYF1	A0A4X1VM56	Q6NXT2	SP:0000616	SP:0008775	11_24	CF-B-provisional	medium
SCF:0000727	AC:000616	A0A8D0JYF1	A0A4X1VM56	A0A4X1VEK9	SP:0000616	SP:0008776	11_24	CF-B-provisional	remote_sequence
SCF:0000728	AC:000617	A0QS96	A0QS97	A0QSG1	SP:0000617	SP:0008155	11_24	CF-B-provisional	remote_sequence
SCF:0000729	AC:000617	A0QS97	A0QS96	A0QSP9	SP:0000617	SP:0008778	11_24	CF-B-provisional	remote_sequence
SCF:0000730	AC:000618	O15212	P17987	P50991	SP:0000618	SP:0006624	11_24	CF-B-provisional	medium
SCF:0000731	AC:000618	O15212	P17987	P50990	SP:0000618	SP:0006523	11_24	CF-B-provisional	medium
SCF:0000732	AC:000618	P17987	O15212	O60925	SP:0000618	SP:0008780	11_24	CF-B-provisional	remote_sequence
SCF:0000733	AC:000619	A0A836CVU8	A0A6P3ED73	D4P8H6	SP:0000619	SP:0008784	11_24	CF-B-provisional	remote_sequence
SCF:0000734	AC:000620	P13165	P23993	P13192	SP:0000620	SP:0006397	11_24	CF-B-provisional	remote_sequence
SCF:0000735	AC:000620	P23993	P13165	S4Z1D9	SP:0000620	SP:0008786	11_24	CF-B-provisional	high
SCF:0000736	AC:000623	B6YWB9	B6YWC1	B6YWC2	SP:0000623	SP:0008793	3_10	CF-B-provisional	remote_sequence
SCF:0000737	AC:000624	Q9TM20	Q9TM46	Q9TM47	SP:0000624	SP:0008794	11_24	CF-B-provisional	remote_sequence
SCF:0000738	AC:000624	Q9TM20	Q9TM46	O19895	SP:0000624	SP:0006270	11_24	CF-B-provisional	remote_sequence
SCF:0000739	AC:000625	A0A3B6IU74	W5FPA7	W5BFB7	SP:0000625	SP:0007268	11_24	CF-B-provisional	remote_sequence
SCF:0000740	AC:000626	Q248F8	Q24I09	W7X4J9	SP:0000626	SP:0008801	11_24	CF-B-provisional	remote_sequence
SCF:0000741	AC:000626	Q248F8	Q24I09	I7MIE0	SP:0000626	SP:0008802	11_24	CF-B-provisional	remote_sequence
SCF:0000742	AC:000626	Q248F8	Q24I09	I7MEX7	SP:0000626	SP:0008803	11_24	CF-B-provisional	remote_sequence
SCF:0000743	AC:000627	A0A1D5SLI4	A0A3B6RHV8	A0A3B6PK86	SP:0000627	SP:0008807	11_24	CF-B-provisional	high
SCF:0000744	AC:000628	P04911	P31376	P53946	SP:0000628	SP:0008813	11_24	CF-B-provisional	remote_sequence
SCF:0000745	AC:000628	P04911	P31376	Q03388	SP:0000628	SP:0008814	11_24	CF-B-provisional	remote_sequence
SCF:0000746	AC:000628	P04911	P31376	P53298	SP:0000628	SP:0007156	11_24	CF-B-provisional	remote_sequence
SCF:0000747	AC:000628	P31376	P04911	P02299	SP:0000628	SP:0006382	11_24	CF-B-provisional	medium
SCF:0000748	AC:000631	Q5SHR1	P0DOY7	Q5SHN3	SP:0000631	SP:0008821	11_24	CF-B-provisional	remote_sequence
SCF:0000749	AC:000631	Q5SHR1	P0DOY7	P0A7S3	SP:0000631	SP:0008822	11_24	CF-B-provisional	remote_sequence
SCF:0000750	AC:000632	Q91VD9	Q9DC70	Q9D6J6	SP:0000632	SP:0008824	11_24	CF-B-provisional	remote_sequence
SCF:0000751	AC:000633	A8IL32	Q75VY6	Q75VY7	SP:0000633	SP:0008831	11_24	CF-B-provisional	high
SCF:0000752	AC:000633	A8IL32	Q75VY6	A8ITV3	SP:0000633	SP:0008832	11_24	CF-B-provisional	medium
SCF:0000753	AC:000633	Q75VY6	A8IL32	Q93WL4	SP:0000633	SP:0008833	11_24	CF-B-provisional	remote_sequence
SCF:0000754	AC:000633	Q75VY6	A8IL32	Q75VY8	SP:0000633	SP:0008834	11_24	CF-B-provisional	remote_sequence
SCF:0000755	AC:000634	P06899	P61218	P0C0S5	SP:0000634	SP:0008836	11_24	CF-B-provisional	remote_sequence
SCF:0000756	AC:000634	P06899	P61218	P0C0S8	SP:0000634	SP:0008837	11_24	CF-B-provisional	remote_sequence
SCF:0000757	AC:000634	P06899	P61218	P04908	SP:0000634	SP:0008838	11_24	CF-B-provisional	remote_sequence
SCF:0000758	AC:000634	P61218	P06899	O75575	SP:0000634	SP:0008839	11_24	CF-B-provisional	remote_sequence
SCF:0000759	AC:000636	A8INX1	A8IS47	A8IL21	SP:0000636	SP:0008847	11_24	CF-B-provisional	medium
SCF:0000760	AC:000636	A8INX1	A8IS47	A8IJ60	SP:0000636	SP:0008848	11_24	CF-B-provisional	medium
SCF:0000761	AC:000636	A8INX1	A8IS47	A0A2K3CXW8	SP:0000636	SP:0008769	11_24	CF-B-provisional	remote_sequence
SCF:0000762	AC:000636	A8IS47	A8INX1	A8IL21	SP:0000636	SP:0008849	11_24	CF-B-provisional	medium
SCF:0000763	AC:000636	A8IS47	A8INX1	A8IJ60	SP:0000636	SP:0008850	11_24	CF-B-provisional	medium
SCF:0000764	AC:000636	A8IS47	A8INX1	A8IXD6	SP:0000636	SP:0007423	11_24	CF-B-provisional	medium
SCF:0000765	AC:000639	A8IFG7	Q05093	Q75VY7	SP:0000639	SP:0008856	11_24	CF-B-provisional	high
SCF:0000766	AC:000639	A8IFG7	Q05093	Q84Y02	SP:0000639	SP:0008858	11_24	CF-B-provisional	high
SCF:0000767	AC:000639	Q05093	A8IFG7	P12352	SP:0000639	SP:0008859	11_24	CF-B-provisional	remote_sequence
SCF:0000768	AC:000641	I0YQ46	I0Z2Y0	I0Z7A7	SP:0000641	SP:0008864	11_24	CF-B-provisional	high
SCF:0000769	AC:000641	I0YQ46	I0Z2Y0	I0YQ44	SP:0000641	SP:0008636	11_24	CF-B-provisional	high
SCF:0000770	AC:000641	I0YQ46	I0Z2Y0	I0YQ45	SP:0000641	SP:0006337	11_24	CF-B-provisional	medium
SCF:0000771	AC:000641	I0Z2Y0	I0YQ46	I0Z7A6	SP:0000641	SP:0008865	11_24	CF-B-provisional	high
SCF:0000772	AC:000641	I0Z2Y0	I0YQ46	I0YPL4	SP:0000641	SP:0006792	11_24	CF-B-provisional	medium
SCF:0000773	AC:000642	E9NPS7	I0YP76	I0YPL4	SP:0000642	SP:0006333	11_24	CF-B-provisional	medium
SCF:0000774	AC:000642	I0YP76	E9NPS7	E9NPS8	SP:0000642	SP:0008867	11_24	CF-B-provisional	medium
SCF:0000775	AC:000643	A0A3Q7G7F0	A0A3Q7HSH1	A0A3Q7FNQ5	SP:0000643	SP:0008868	11_24	CF-B-provisional	remote_sequence
SCF:0000776	AC:000644	A1B4F2	A1B3D7	A1B4F3	SP:0000644	SP:0008305	11_24	CF-B-provisional	remote_sequence
SCF:0000777	AC:000646	P50991	Q9UHV9	Q9NQP4	SP:0000646	SP:0006625	11_24	CF-B-provisional	remote_sequence
SCF:0000778	AC:000646	P50991	Q9UHV9	Q99471	SP:0000646	SP:0006527	11_24	CF-B-provisional	remote_sequence
SCF:0000779	AC:000646	P50991	Q9UHV9	O15212	SP:0000646	SP:0006624	11_24	CF-B-provisional	remote_sequence
SCF:0000780	AC:000646	Q9UHV9	P50991	P40227	SP:0000646	SP:0008881	11_24	CF-B-provisional	medium
SCF:0000781	AC:000647	E9NPS7	I0Z2Y0	I0YPL4	SP:0000647	SP:0006333	11_24	CF-B-provisional	medium
SCF:0000782	AC:000647	E9NPS7	I0Z2Y0	I0Z7V3	SP:0000647	SP:0008672	11_24	CF-B-provisional	medium
SCF:0000783	AC:000648	P12352	Q84Y02	Q05093	SP:0000648	SP:0008859	11_24	CF-B-provisional	high
SCF:0000784	AC:000648	Q84Y02	P12352	A8IFG7	SP:0000648	SP:0008858	11_24	CF-B-provisional	remote_sequence
SCF:0000785	AC:000649	A0A1B1W4Z4	Q9XI73	Q2V2S7	SP:0000649	SP:0008886	11_24	CF-B-provisional	remote_sequence
SCF:0000786	AC:000651	E3UIU1	M2Y652	M2XR49	SP:0000651	SP:0007177	11_24	CF-B-provisional	high
SCF:0000787	AC:000651	E3UIU1	M2Y652	M2XW22	SP:0000651	SP:0007178	11_24	CF-B-provisional	medium
SCF:0000788	AC:000651	M2Y652	E3UIU1	E3UIU0	SP:0000651	SP:0008897	11_24	CF-B-provisional	high
SCF:0000789	AC:000657	O15212	P78371	P50991	SP:0000657	SP:0006624	11_24	CF-B-provisional	medium
SCF:0000790	AC:000657	O15212	P78371	P50990	SP:0000657	SP:0006523	11_24	CF-B-provisional	medium
SCF:0000791	AC:000661	Q15019	Q16181	Q14141	SP:0000661	SP:0008924	3_10	CF-A-provisional	medium
SCF:0000792	AC:000661	Q16181	Q15019	Q14141	SP:0000661	SP:0008925	3_10	CF-A-provisional	medium
SCF:0000793	AC:000664	P13192	Q43485	Q9LKC7	SP:0000664	SP:0008932	11_24	CF-B-provisional	high
SCF:0000794	AC:000664	P13192	Q43485	F2CW18	SP:0000664	SP:0008933	11_24	CF-B-provisional	medium
SCF:0000795	AC:000665	F4JYR0	O22993	F4KF14	SP:0000665	SP:0007141	11_24	CF-B-provisional	medium
SCF:0000796	AC:000665	F4JYR0	O22993	Q9SAJ3	SP:0000665	SP:0007139	11_24	CF-B-provisional	medium
SCF:0000797	AC:000665	F4JYR0	O22993	F4J3N2	SP:0000665	SP:0008936	11_24	CF-B-provisional	remote_sequence
SCF:0000798	AC:000666	Q8DJ02	Q8DKF4	Q8DKY0	SP:0000666	SP:0008940	11_24	CF-B-provisional	medium
SCF:0000799	AC:000666	Q8DJ02	Q8DKF4	Q8DMR6	SP:0000666	SP:0008941	11_24	CF-B-provisional	medium
SCF:0000800	AC:000667	A0A1S3YU01	A0A1S3X147	A0A1S3ZQT7	SP:0000667	SP:0006538	11_24	CF-B-provisional	high
SCF:0000801	AC:000667	A0A1S3YU01	A0A1S3X147	A0A1S4CE74	SP:0000667	SP:0007820	11_24	CF-B-provisional	remote_sequence
SCF:0000802	AC:000669	A0A125YG13	A0A125YMK3	S8GU15	SP:0000669	SP:0008947	11_24	CF-B-provisional	remote_sequence
SCF:0000803	AC:000669	A0A125YG13	A0A125YMK3	S8F4G4	SP:0000669	SP:0008948	11_24	CF-B-provisional	remote_sequence
SCF:0000804	AC:000670	I7MHB1	Q24DI9	Q1HFV9	SP:0000670	SP:0008953	11_24	CF-B-provisional	high
SCF:0000805	AC:000670	I7MHB1	Q24DI9	Q1HFW2	SP:0000670	SP:0008954	11_24	CF-B-provisional	medium
SCF:0000806	AC:000670	I7MHB1	Q24DI9	A4VE64	SP:0000670	SP:0008468	11_24	CF-B-provisional	medium
SCF:0000807	AC:000671	Q03799	P36056	P48237	SP:0000671	SP:0008960	11_24	CF-B-provisional	remote_sequence
SCF:0000808	AC:000672	C1K003	D0FXV2	D0FXZ0	SP:0000672	SP:0006410	11_24	CF-B-provisional	high
SCF:0000809	AC:000672	D0FXV2	C1K003	C1K004	SP:0000672	SP:0008963	11_24	CF-B-provisional	medium
SCF:0000810	AC:000672	D0FXV2	C1K003	A0A6I8WFT8	SP:0000672	SP:0006409	11_24	CF-B-provisional	remote_sequence
SCF:0000811	AC:000673	P36886	P13194	Q9S831	SP:0000673	SP:0008967	11_24	CF-B-provisional	high
SCF:0000812	AC:000673	P36886	P13194	P36213	SP:0000673	SP:0008968	11_24	CF-B-provisional	remote_sequence
SCF:0000813	AC:000675	W8SUD1	A0A2P6TT36	A0A2P6TMX4	SP:0000675	SP:0007359	11_24	CF-B-provisional	medium
SCF:0000814	AC:000675	W8SUD1	A0A2P6TT36	A0A2P6TS63	SP:0000675	SP:0008970	11_24	CF-B-provisional	medium
SCF:0000815	AC:000675	W8SUD1	A0A2P6TT36	A0A2P6TZ50	SP:0000675	SP:0007289	11_24	CF-B-provisional	medium
SCF:0000816	AC:000677	S7UVH4	A0A125YN38	S7W617	SP:0000677	SP:0008977	11_24	CF-B-provisional	remote_sequence
SCF:0000817	AC:000678	G0SC21	G0SCD1	P0CT46	SP:0000678	SP:0008979	3_10	CF-B-provisional	remote_sequence
SCF:0000818	AC:000678	G0SCD1	G0SC21	G0SE33	SP:0000678	SP:0008982	3_10	CF-B-provisional	remote_sequence
SCF:0000819	AC:000678	G0SCD1	G0SC21	G0S1P1	SP:0000678	SP:0006433	3_10	CF-B-provisional	remote_sequence
SCF:0000820	AC:000678	G0SCD1	G0SC21	G0S755	SP:0000678	SP:0006435	3_10	CF-B-provisional	remote_sequence
SCF:0000821	AC:000679	Q13618	Q7L5N1	Q9BT78	SP:0000679	SP:0008983	11_24	CF-B-provisional	remote_sequence
SCF:0000822	AC:000679	Q7L5N1	Q13618	Q13619	SP:0000679	SP:0008986	11_24	CF-B-provisional	medium
SCF:0000823	AC:000679	Q7L5N1	Q13618	Q13617	SP:0000679	SP:0008987	11_24	CF-B-provisional	medium
SCF:0000824	AC:000679	Q7L5N1	Q13618	Q93034	SP:0000679	SP:0008988	11_24	CF-B-provisional	medium
SCF:0000825	AC:000680	Q8L806	W5DS33	W5FWF5	SP:0000680	SP:0008989	11_24	CF-B-provisional	medium
SCF:0000826	AC:000680	Q8L806	W5DS33	Q5I7L2	SP:0000680	SP:0008990	11_24	CF-B-provisional	remote_sequence
SCF:0000827	AC:000681	B8YB57	B8YB56	B8YB54	SP:0000681	SP:0007807	11_24	CF-B-provisional	remote_sequence
SCF:0000828	AC:000683	A0QU34	A0QU29	A0QU23	SP:0000683	SP:0009001	11_24	CF-B-provisional	medium
SCF:0000829	AC:000683	A0QU34	A0QU29	A0QU25	SP:0000683	SP:0009002	11_24	CF-B-provisional	remote_sequence
SCF:0000830	AC:000684	O75822	P62280	P62266	SP:0000684	SP:0009004	11_24	CF-B-provisional	medium
SCF:0000831	AC:000684	P62280	O75822	P23396	SP:0000684	SP:0009007	11_24	CF-B-provisional	remote_sequence
SCF:0000832	AC:000684	P62280	O75822	P46782	SP:0000684	SP:0009008	11_24	CF-B-provisional	remote_sequence
SCF:0000833	AC:000685	E9NPX1	I0Z7A7	I0YQ44	SP:0000685	SP:0007739	11_24	CF-B-provisional	high
SCF:0000834	AC:000685	E9NPX1	I0Z7A7	I0YQ46	SP:0000685	SP:0006335	11_24	CF-B-provisional	medium
SCF:0000835	AC:000685	E9NPX1	I0Z7A7	I0Z7V3	SP:0000685	SP:0007740	11_24	CF-B-provisional	remote_sequence
SCF:0000836	AC:000686	Q8MFA2	A0A2K1K0C7	A0A2K1JLZ3	SP:0000686	SP:0008121	11_24	CF-B-provisional	medium
SCF:0000837	AC:000686	Q8MFA2	A0A2K1K0C7	A0A2K1IB10	SP:0000686	SP:0009014	11_24	CF-B-provisional	medium
SCF:0000838	AC:000686	Q8MFA2	A0A2K1K0C7	A0A2K1J0L9	SP:0000686	SP:0009015	11_24	CF-B-provisional	remote_sequence
SCF:0000839	AC:000688	O60925	P50991	P49368	SP:0000688	SP:0009021	11_24	CF-B-provisional	medium
SCF:0000840	AC:000688	O60925	P50991	P17987	SP:0000688	SP:0008780	11_24	CF-B-provisional	medium
SCF:0000841	AC:000688	P50991	O60925	Q9NQP4	SP:0000688	SP:0006625	11_24	CF-B-provisional	medium
SCF:0000842	AC:000688	P50991	O60925	O15212	SP:0000688	SP:0006624	11_24	CF-B-provisional	remote_sequence
SCF:0000843	AC:000689	P27521	Q9S7N7	Q9SHE8	SP:0000689	SP:0009023	11_24	CF-B-provisional	remote_sequence
SCF:0000844	AC:000689	Q9S7N7	P27521	Q01667	SP:0000689	SP:0009025	11_24	CF-B-provisional	medium
SCF:0000845	AC:000690	A8JC51	A8IKI9	A8J5P7	SP:0000690	SP:0009029	11_24	CF-B-provisional	remote_sequence
SCF:0000846	AC:000693	A0A1S3YEW3	A0A1S3X147	A0A1S4CE74	SP:0000693	SP:0009035	11_24	CF-B-provisional	remote_sequence
SCF:0000847	AC:000700	D0FXW0	C1K003	A0A6I8WFT8	SP:0000700	SP:0006407	11_24	CF-B-provisional	remote_sequence
SCF:0000848	AC:000701	A8IJY7	A8IL21	A8INX1	SP:0000701	SP:0006441	11_24	CF-B-provisional	medium
SCF:0000849	AC:000701	A8IL21	A8IJY7	A0A2K3DG79	SP:0000701	SP:0009050	11_24	CF-B-provisional	medium
SCF:0000850	AC:000701	A8IL21	A8IJY7	A8INX1	SP:0000701	SP:0008847	11_24	CF-B-provisional	remote_sequence
SCF:0000851	AC:000701	A8IL21	A8IJY7	A8IS47	SP:0000701	SP:0008849	11_24	CF-B-provisional	remote_sequence
SCF:0000852	AC:000706	P13393	P47076	P20433	SP:0000706	SP:0009057	11_24	CF-B-provisional	remote_sequence
SCF:0000853	AC:000706	P13393	P47076	P20435	SP:0000706	SP:0009058	11_24	CF-B-provisional	remote_sequence
SCF:0000854	AC:000707	O95456	P28072	Q99436	SP:0000707	SP:0009061	11_24	CF-B-provisional	medium
SCF:0000855	AC:000707	O95456	P28072	Q969U7	SP:0000707	SP:0009062	11_24	CF-B-provisional	remote_sequence
SCF:0000856	AC:000707	P28072	O95456	Q99933	SP:0000707	SP:0009064	11_24	CF-B-provisional	medium
SCF:0000857	AC:000707	P28072	O95456	O14818	SP:0000707	SP:0009065	11_24	CF-B-provisional	remote_sequence
SCF:0000858	AC:000708	O15212	P48643	P50991	SP:0000708	SP:0006624	11_24	CF-B-provisional	medium
SCF:0000859	AC:000708	O15212	P48643	P40227	SP:0000708	SP:0009067	11_24	CF-B-provisional	medium
SCF:0000860	AC:000709	Q95695	Q9SGH4	O80634	SP:0000709	SP:0009071	11_24	CF-B-provisional	remote_sequence
SCF:0000861	AC:000709	Q95695	Q9SGH4	Q9XI73	SP:0000709	SP:0009072	11_24	CF-B-provisional	remote_sequence
SCF:0000862	AC:000710	B8YB63	B8YB54	B8YB56	SP:0000710	SP:0008399	11_24	CF-B-provisional	remote_sequence
SCF:0000863	AC:000711	Q22YU3	A4VE64	Q24CE5	SP:0000711	SP:0009077	11_24	CF-B-provisional	medium
SCF:0000864	AC:000711	Q22YU3	A4VE64	Q24DI9	SP:0000711	SP:0008956	11_24	CF-B-provisional	medium
SCF:0000865	AC:000712	P08266	Q9VEA5	Q7JZF5	SP:0000712	SP:0009079	11_24	CF-B-provisional	remote_sequence
SCF:0000866	AC:000712	P08266	Q9VEA5	P36958	SP:0000712	SP:0009080	11_24	CF-B-provisional	remote_sequence
SCF:0000867	AC:000714	P49736	Q9UBD5	Q9Y5B9	SP:0000714	SP:0009083	11_24	CF-B-provisional	remote_sequence
SCF:0000868	AC:000714	Q9UBD5	P49736	P33993	SP:0000714	SP:0009086	11_24	CF-B-provisional	medium
SCF:0000869	AC:000714	Q9UBD5	P49736	P25205	SP:0000714	SP:0009087	11_24	CF-B-provisional	medium
SCF:0000870	AC:000714	Q9UBD5	P49736	Q13415	SP:0000714	SP:0009088	11_24	CF-B-provisional	remote_sequence
SCF:0000871	AC:000715	A0A1S3ZQT7	A0AA96C3P8	A0A1S3ZSI0	SP:0000715	SP:0009089	11_24	CF-B-provisional	remote_sequence
SCF:0000872	AC:000716	O14746	P04908	Q9BTM1	SP:0000716	SP:0009096	3_10	CF-B-provisional	high
SCF:0000873	AC:000716	P04908	O14746	P30876	SP:0000716	SP:0009097	3_10	CF-B-provisional	remote_sequence
SCF:0000874	AC:000718	A0A2K3DLI2	A0A2K3DQ46	A0A2K3DLF7	SP:0000718	SP:0007956	11_24	CF-B-provisional	remote_sequence
SCF:0000875	AC:000723	F1SDI2	F1RPD2	A0A8D0PK14	SP:0000723	SP:0009115	11_24	CF-B-provisional	remote_sequence
SCF:0000876	AC:000723	F1SDI2	F1RPD2	F1SKM0	SP:0000723	SP:0009116	11_24	CF-B-provisional	remote_sequence
SCF:0000877	AC:000724	Q8DHA7	Q8DMP8	Q9F1R6	SP:0000724	SP:0009118	11_24	CF-B-provisional	remote_sequence
SCF:0000878	AC:000724	Q8DMP8	Q8DHA7	Q8DIN8	SP:0000724	SP:0009122	11_24	CF-B-provisional	remote_sequence
SCF:0000879	AC:000724	Q8DMP8	Q8DHA7	P12241	SP:0000724	SP:0009123	11_24	CF-B-provisional	remote_sequence
SCF:0000880	AC:000725	C4M979	C4LXN2	C4M8Y8	SP:0000725	SP:0009124	11_24	CF-B-provisional	remote_sequence
SCF:0000881	AC:000725	C4M979	C4LXN2	C4M0Q2	SP:0000725	SP:0008049	11_24	CF-B-provisional	remote_sequence
SCF:0000882	AC:000726	Q2FW39	Q2G2Q4	Q2FW18	SP:0000726	SP:0009126	11_24	CF-B-provisional	remote_sequence
SCF:0000883	AC:000726	Q2G2Q4	Q2FW39	Q2FW31	SP:0000726	SP:0009129	11_24	CF-B-provisional	remote_sequence
SCF:0000884	AC:000727	P0A7U3	P69222	P0A7T7	SP:0000727	SP:0009131	11_24	CF-B-provisional	remote_sequence
SCF:0000885	AC:000727	P0A7U3	P69222	P0A7R5	SP:0000727	SP:0009132	11_24	CF-B-provisional	remote_sequence
SCF:0000886	AC:000727	P0A7U3	P69222	P0A7M6	SP:0000727	SP:0009133	11_24	CF-B-provisional	remote_sequence
SCF:0000887	AC:000729	Q980R1	Q7LXK4	Q980Q9	SP:0000729	SP:0009139	11_24	CF-B-provisional	remote_sequence
SCF:0000888	AC:000730	A0A3Q7HSH1	P49215	A0A3Q7IN69	SP:0000730	SP:0009142	11_24	CF-B-provisional	medium
SCF:0000889	AC:000730	P49215	A0A3Q7HSH1	A0A3Q7HQH0	SP:0000730	SP:0009144	11_24	CF-B-provisional	remote_sequence
SCF:0000890	AC:000735	A0A2K3DHV6	A0A2K3DLI2	A0A2K3DVJ8	SP:0000735	SP:0009153	11_24	CF-B-provisional	remote_sequence
SCF:0000891	AC:000735	A0A2K3DLI2	A0A2K3DHV6	A0A2K3CRM9	SP:0000735	SP:0007957	11_24	CF-B-provisional	remote_sequence
SCF:0000892	AC:000736	P0A8T7	P0AF28	P0A7V8	SP:0000736	SP:0009155	3_10	CF-B-provisional	medium
SCF:0000893	AC:000736	P0A8T7	P0AF28	P0A7V3	SP:0000736	SP:0007207	3_10	CF-B-provisional	remote_sequence
SCF:0000894	AC:000736	P0A8T7	P0AF28	P0AFW0	SP:0000736	SP:0009156	3_10	CF-B-provisional	remote_sequence
SCF:0000895	AC:000737	A0T0T5	B8C770	B8C0K4	SP:0000737	SP:0009159	11_24	CF-B-provisional	medium
SCF:0000896	AC:000737	A0T0T5	B8C770	B8BUW3	SP:0000737	SP:0009160	11_24	CF-B-provisional	medium
SCF:0000897	AC:000738	A0A1J7CBX1	A0A1M5L8S8	A0A1M5L6R0	SP:0000738	SP:0009165	11_24	CF-B-provisional	remote_sequence
SCF:0000898	AC:000740	B8LEV1	B8CEQ3	B8BUW3	SP:0000740	SP:0009175	11_24	CF-B-provisional	medium
SCF:0000899	AC:000742	P13192	P36213	P13194	SP:0000742	SP:0009184	11_24	CF-B-provisional	remote_sequence
SCF:0000900	AC:000742	P36213	P13192	P23993	SP:0000742	SP:0008787	11_24	CF-B-provisional	remote_sequence
SCF:0000901	AC:000744	P62090	Q9S7N7	Q9SUI5	SP:0000744	SP:0007514	11_24	CF-B-provisional	medium
SCF:0000902	AC:000745	P62807	Q9BS16	P0CG47	SP:0000745	SP:0009192	11_24	CF-B-provisional	medium
SCF:0000903	AC:000745	P62807	Q9BS16	Q13352	SP:0000745	SP:0009193	11_24	CF-B-provisional	remote_sequence
SCF:0000904	AC:000745	Q9BS16	P62807	Q93077	SP:0000745	SP:0009195	11_24	CF-B-provisional	medium
SCF:0000905	AC:000749	Q2FKZ2	Q2FRL9	Q2FRK1	SP:0000749	SP:0009206	11_24	CF-B-provisional	remote_sequence
SCF:0000906	AC:000751	P0A444	Q8DG60	Q9F1L5	SP:0000751	SP:0009215	11_24	CF-B-provisional	medium
SCF:0000907	AC:000751	Q8DG60	P0A444	Q8DIF8	SP:0000751	SP:0008404	11_24	CF-B-provisional	remote_sequence
SCF:0000908	AC:000753	P12975	P74564	P72712	SP:0000753	SP:0008643	11_24	CF-B-provisional	medium
SCF:0000909	AC:000754	A0A2K3DGW6	A8HUP3	A0A2K3DHV6	SP:0000754	SP:0007953	11_24	CF-B-provisional	remote_sequence
SCF:0000910	AC:000757	A2P1G9	U5LP42	P01865	SP:0000757	SP:0009233	3_10	CF-B-provisional	medium
SCF:0000911	AC:000757	A2P1G9	U5LP42	P01867	SP:0000757	SP:0009234	3_10	CF-A-provisional	medium
SCF:0000912	AC:000758	B6TXS5	O65101	A0A1D6HY75	SP:0000758	SP:0009239	11_24	CF-B-provisional	remote_sequence
SCF:0000913	AC:000759	A0A2K1JC42	A0A2K1KN29	A0A2K1JLZ3	SP:0000759	SP:0008119	11_24	CF-B-provisional	medium
SCF:0000914	AC:000763	O13877	Q09177	P87123	SP:0000763	SP:0009224	11_24	CF-B-provisional	medium
SCF:0000915	AC:000764	Q03718	P38632	Q07913	SP:0000764	SP:0007833	3_10	CF-B-provisional	remote_sequence
SCF:0000916	AC:000767	O00483	P24311	P14854	SP:0000767	SP:0009259	11_24	CF-B-provisional	medium
SCF:0000917	AC:000767	P24311	O00483	P09669	SP:0000767	SP:0009262	11_24	CF-B-provisional	remote_sequence
SCF:0000918	AC:000768	Q5JS54	O95456	O14818	SP:0000768	SP:0008022	11_24	CF-B-provisional	remote_sequence
SCF:0000919	AC:000769	Q6NLH0	O81098	Q9M1J2	SP:0000769	SP:0009269	11_24	CF-B-provisional	medium
SCF:0000920	AC:000775	P33339	Q12308	P32367	SP:0000775	SP:0009289	3_10	CF-B-provisional	remote_sequence
SCF:0000921	AC:000775	Q12308	P33339	P34111	SP:0000775	SP:0006750	3_10	CF-B-provisional	remote_sequence
SCF:0000922	AC:000776	P06899	Q96GM5	Q8N884	SP:0000776	SP:0009291	11_24	CF-B-provisional	remote_sequence
SCF:0000923	AC:000776	P06899	Q96GM5	Q12824	SP:0000776	SP:0009292	11_24	CF-B-provisional	remote_sequence
SCF:0000924	AC:000776	P06899	Q96GM5	Q9H9F9	SP:0000776	SP:0009293	11_24	CF-B-provisional	remote_sequence
SCF:0000925	AC:000777	P04969	P21467	P21472	SP:0000777	SP:0009294	11_24	CF-B-provisional	remote_sequence
SCF:0000926	AC:000777	P04969	P21467	P21469	SP:0000777	SP:0009295	11_24	CF-B-provisional	remote_sequence
SCF:0000927	AC:000777	P21467	P04969	P21470	SP:0000777	SP:0006108	11_24	CF-B-provisional	medium
SCF:0000928	AC:000777	P21467	P04969	P46898	SP:0000777	SP:0009298	11_24	CF-B-provisional	remote_sequence
SCF:0000929	AC:000779	P62877	Q13216	Q13309	SP:0000779	SP:0009299	3_10	CF-B-provisional	medium
SCF:0000930	AC:000779	P62877	Q13216	Q712K3	SP:0000779	SP:0008016	3_10	CF-B-provisional	remote_sequence
SCF:0000931	AC:000782	O19925	O19895	Q9TM47	SP:0000782	SP:0009170	11_24	CF-B-provisional	medium
SCF:0000932	AC:000783	P06505	A0A9R0JBX6	A0A9R0IWV5	SP:0000783	SP:0007256	11_24	CF-B-provisional	medium
SCF:0000933	AC:000783	P06505	A0A9R0JBX6	A0A9R0K7U8	SP:0000783	SP:0007254	11_24	CF-B-provisional	remote_sequence
SCF:0000934	AC:000784	Q24CL2	W7WX86	I7MDA9	SP:0000784	SP:0009315	11_24	CF-B-provisional	medium
SCF:0000935	AC:000784	W7WX86	Q24CL2	Q23YW7	SP:0000784	SP:0007383	11_24	CF-B-provisional	remote_sequence
SCF:0000936	AC:000785	D7NIZ2	D7P897	D8V7I2	SP:0000785	SP:0006614	11_24	CF-B-provisional	remote_sequence
SCF:0000937	AC:000787	A0A2K9VK97	A0A2K9VK99	A0A2K9VK98	SP:0000787	SP:0009324	11_24	CF-B-provisional	remote_sequence
SCF:0000938	AC:000788	P04908	P36954	P62987	SP:0000788	SP:0008350	11_24	CF-B-provisional	medium
SCF:0000939	AC:000788	P36954	P04908	P68431	SP:0000788	SP:0009329	11_24	CF-B-provisional	medium
SCF:0000940	AC:000789	P0A707	P0A7T7	P69222	SP:0000789	SP:0006862	11_24	CF-B-provisional	remote_sequence
SCF:0000941	AC:000789	P0A7T7	P0A707	P0A7V8	SP:0000789	SP:0009332	11_24	CF-B-provisional	remote_sequence
SCF:0000942	AC:000789	P0A7T7	P0A707	P62399	SP:0000789	SP:0009333	11_24	CF-B-provisional	remote_sequence
SCF:0000943	AC:000792	Q8N884	Q93079	O60814	SP:0000792	SP:0007961	11_24	CF-B-provisional	high
SCF:0000944	AC:000792	Q8N884	Q93079	Q99877	SP:0000792	SP:0007962	11_24	CF-B-provisional	high
SCF:0000945	AC:000792	Q8N884	Q93079	P06899	SP:0000792	SP:0009291	11_24	CF-B-provisional	high
SCF:0000946	AC:000793	A0QS96	A0QSD7	A0QSG1	SP:0000793	SP:0008155	11_24	CF-B-provisional	remote_sequence
SCF:0000947	AC:000793	A0QS96	A0QSD7	A0QZ86	SP:0000793	SP:0009341	11_24	CF-B-provisional	remote_sequence
SCF:0000948	AC:000793	A0QSD7	A0QS96	A0QSG5	SP:0000793	SP:0009344	11_24	CF-B-provisional	remote_sequence
SCF:0000949	AC:000793	A0QSD7	A0QS96	A0QSP9	SP:0000793	SP:0009345	11_24	CF-B-provisional	remote_sequence
SCF:0000950	AC:000794	Q49QC8	Q49QE8	A4GDH1	SP:0000794	SP:0009347	11_24	CF-B-provisional	remote_sequence
SCF:0000951	AC:000794	Q49QE8	Q49QC8	Q49PL6	SP:0000794	SP:0007228	11_24	CF-B-provisional	remote_sequence
SCF:0000952	AC:000795	P21464	P21469	P12879	SP:0000795	SP:0009350	11_24	CF-B-provisional	remote_sequence
SCF:0000953	AC:000795	P21464	P21469	P21467	SP:0000795	SP:0009351	11_24	CF-B-provisional	remote_sequence
SCF:0000954	AC:000796	B7GL84	B7GIG3	B7GL96	SP:0000796	SP:0009358	11_24	CF-B-provisional	remote_sequence
SCF:0000955	AC:000799	P0DOX7	S6B2B6	S6C4R2	SP:0000799	SP:0009366	3_10	CF-B-provisional	high
SCF:0000956	AC:000799	P0DOX7	S6B2B6	S6C4S0	SP:0000799	SP:0009367	3_10	CF-B-provisional	high
SCF:0000957	AC:000799	P0DOX7	S6B2B6	Q6GMX6	SP:0000799	SP:0009368	3_10	CF-B-provisional	remote_sequence
SCF:0000958	AC:000799	S6B2B6	P0DOX7	Q6PIL8	SP:0000799	SP:0009369	3_10	CF-A-provisional	high
SCF:0000959	AC:000799	S6B2B6	P0DOX7	Q6GMX4	SP:0000799	SP:0009370	3_10	CF-A-provisional	medium
SCF:0000960	AC:000799	S6B2B6	P0DOX7	Q8N355	SP:0000799	SP:0009371	3_10	CF-A-provisional	medium
SCF:0000961	AC:000800	P16685	P16678	P16686	SP:0000800	SP:0009375	3_10	CF-B-provisional	remote_sequence
SCF:0000962	AC:000802	Q9SUI6	Q8LCQ4	Q9SUI4	SP:0000802	SP:0009383	11_24	CF-B-provisional	remote_sequence
SCF:0000963	AC:000803	Q980T8	P57766	Q97Z84	SP:0000803	SP:0006070	3_10	CF-B-provisional	remote_sequence
SCF:0000964	AC:000804	A8IJY7	A8J353	A8INX1	SP:0000804	SP:0006441	11_24	CF-B-provisional	medium
SCF:0000965	AC:000804	A8J353	A8IJY7	A8INX1	SP:0000804	SP:0006261	11_24	CF-B-provisional	remote_sequence
SCF:0000966	AC:000805	P0A800	P0AG30	P0A7Z4	SP:0000805	SP:0006549	11_24	CF-B-provisional	remote_sequence
SCF:0000967	AC:000805	P0A800	P0AG30	A0A377VEN9	SP:0000805	SP:0008223	11_24	CF-B-provisional	remote_sequence
SCF:0000968	AC:000806	A0AAN0NP81	A9WEV7	A9WEV4	SP:0000806	SP:0009389	3_10	CF-B-provisional	remote_sequence
SCF:0000969	AC:000807	P40422	Q04307	P27999	SP:0000807	SP:0009395	11_24	CF-B-provisional	medium
SCF:0000970	AC:000807	P40422	Q04307	P32529	SP:0000807	SP:0009396	11_24	CF-B-provisional	medium
SCF:0000971	AC:000808	A0A4V8GZZ2	A0A4V8H001	A0A4V8GZZ8	SP:0000808	SP:0006227	11_24	CF-B-provisional	medium
SCF:0000972	AC:000809	P37382	Q09191	Q10317	SP:0000809	SP:0009400	11_24	CF-B-provisional	remote_sequence
SCF:0000973	AC:000810	P53330	P32591	P43609	SP:0000810	SP:0009405	11_24	CF-B-provisional	medium
SCF:0000974	AC:000810	P53330	P32591	P53628	SP:0000810	SP:0009406	11_24	CF-B-provisional	remote_sequence
SCF:0000975	AC:000810	P53330	P32591	Q02206	SP:0000810	SP:0009407	11_24	CF-B-provisional	remote_sequence
SCF:0000976	AC:000812	Q9Y265	P06899	Q16778	SP:0000812	SP:0009415	11_24	CF-B-provisional	high
SCF:0000977	AC:000812	Q9Y265	P06899	P04908	SP:0000812	SP:0009416	11_24	CF-B-provisional	medium
SCF:0000978	AC:000812	Q9Y265	P06899	P68431	SP:0000812	SP:0009417	11_24	CF-B-provisional	medium
SCF:0000979	AC:000813	S6B2B6	S6C4R2	S6C4S0	SP:0000813	SP:0009418	3_10	CF-B-provisional	high
SCF:0000980	AC:000813	S6B2B6	S6C4R2	Q6GMX4	SP:0000813	SP:0009370	3_10	CF-B-provisional	medium
SCF:0000981	AC:000813	S6B2B6	S6C4R2	Q8N355	SP:0000813	SP:0009371	3_10	CF-B-provisional	medium
SCF:0000982	AC:000813	S6C4R2	S6B2B6	Q7Z3Y4	SP:0000813	SP:0009419	3_10	CF-B-provisional	medium
SCF:0000983	AC:000813	S6C4R2	S6B2B6	P0DOX7	SP:0000813	SP:0009366	3_10	CF-B-provisional	medium
SCF:0000984	AC:000814	Q86X83	Q8N668	Q9GZQ3	SP:0000814	SP:0009421	11_24	CF-B-provisional	remote_sequence
SCF:0000985	AC:000814	Q86X83	Q8N668	Q9H0A8	SP:0000814	SP:0009422	11_24	CF-B-provisional	remote_sequence
SCF:0000986	AC:000814	Q86X83	Q8N668	Q9NX08	SP:0000814	SP:0009423	11_24	CF-B-provisional	remote_sequence
SCF:0000987	AC:000814	Q8N668	Q86X83	Q86VX2	SP:0000814	SP:0009424	11_24	CF-B-provisional	remote_sequence
SCF:0000988	AC:000814	Q8N668	Q86X83	Q9NX08	SP:0000814	SP:0009425	11_24	CF-B-provisional	remote_sequence
SCF:0000989	AC:000814	Q8N668	Q86X83	Q9P000	SP:0000814	SP:0009426	11_24	CF-B-provisional	remote_sequence
SCF:0000990	AC:000815	P38550	A0A1S3YEW3	A0A1S3XP85	SP:0000815	SP:0009428	11_24	CF-B-provisional	remote_sequence
SCF:0000991	AC:000819	P28066	Q96P70	Q13200	SP:0000819	SP:0009436	11_24	CF-B-provisional	remote_sequence
SCF:0000992	AC:000819	P28066	Q96P70	Q99460	SP:0000819	SP:0009437	11_24	CF-B-provisional	remote_sequence
SCF:0000993	AC:000819	Q96P70	P28066	P25787	SP:0000819	SP:0009441	11_24	CF-B-provisional	medium
SCF:0000994	AC:000820	A0A0D9RB67	A0A0D9R493	A0A0D9RSN1	SP:0000820	SP:0009445	11_24	CF-B-provisional	remote_sequence
SCF:0000995	AC:000821	A0A2P6TMX4	A0A2P6U4S6	A0A2P6U0J1	SP:0000821	SP:0009448	11_24	CF-B-provisional	medium
SCF:0000996	AC:000822	A8IFG7	Q75VY6	A8ITV3	SP:0000822	SP:0006117	11_24	CF-B-provisional	medium
SCF:0000997	AC:000822	A8IFG7	Q75VY6	A8IKC8	SP:0000822	SP:0009452	11_24	CF-B-provisional	medium
SCF:0000998	AC:000824	Q9FJ98	Q39212	Q39211	SP:0000824	SP:0009460	11_24	CF-B-provisional	high
SCF:0000999	AC:000827	P75560	P75131	Q50297	SP:0000827	SP:0009467	11_24	CF-B-provisional	remote_sequence
SCF:0001000	AC:000828	O60925	P40227	P49368	SP:0000828	SP:0009021	11_24	CF-B-provisional	medium
SCF:0001001	AC:000828	O60925	P40227	P17987	SP:0000828	SP:0008780	11_24	CF-B-provisional	medium
SCF:0001002	AC:000828	P40227	O60925	Q9UHV9	SP:0000828	SP:0008881	11_24	CF-B-provisional	remote_sequence
SCF:0001003	AC:000828	P40227	O60925	O15212	SP:0000828	SP:0009067	11_24	CF-B-provisional	remote_sequence
SCF:0001004	AC:000828	P40227	O60925	Q99471	SP:0000828	SP:0006528	11_24	CF-B-provisional	remote_sequence
SCF:0001005	AC:000829	P92558	Q9C6B3	Q9SMN1	SP:0000829	SP:0009470	11_24	CF-B-provisional	remote_sequence
SCF:0001006	AC:000829	P92558	Q9C6B3	Q9SK66	SP:0000829	SP:0009471	11_24	CF-B-provisional	remote_sequence
SCF:0001007	AC:000829	Q9C6B3	P92558	O05000	SP:0000829	SP:0009473	11_24	CF-B-provisional	remote_sequence
SCF:0001008	AC:000830	E2RXU4	A0A069PXX1	A0A2V3F2U6	SP:0000830	SP:0007354	11_24	CF-B-provisional	remote_sequence
SCF:0001009	AC:000830	E2RXU4	A0A069PXX1	A0A2V3DLV3	SP:0000830	SP:0009477	11_24	CF-B-provisional	remote_sequence
SCF:0001010	AC:000832	A0A0F6NGI2	E1C9L3	A0A0M3KL10	SP:0000832	SP:0009480	11_24	CF-B-provisional	medium
SCF:0001011	AC:000832	A0A0F6NGI2	E1C9L3	A0A0M3KL13	SP:0000832	SP:0007085	11_24	CF-B-provisional	medium
SCF:0001012	AC:000832	E1C9L3	A0A0F6NGI2	P05310	SP:0000832	SP:0009482	11_24	CF-B-provisional	high
SCF:0001013	AC:000832	E1C9L3	A0A0F6NGI2	A0A0F6NFW5	SP:0000832	SP:0009483	11_24	CF-B-provisional	high
SCF:0001014	AC:000833	P19569	P74564	P72712	SP:0000833	SP:0007608	11_24	CF-B-provisional	medium
SCF:0001015	AC:000836	P16002	Q32904	Q41038	SP:0000836	SP:0009489	11_24	CF-B-provisional	medium
SCF:0001016	AC:000836	P16002	Q32904	Q01667	SP:0000836	SP:0009490	11_24	CF-B-provisional	medium
SCF:0001017	AC:000836	Q32904	P16002	P09911	SP:0000836	SP:0008218	11_24	CF-B-provisional	remote_sequence
SCF:0001018	AC:000837	A0A063X745	A0A063XCG5	A0A063X754	SP:0000837	SP:0009491	11_24	CF-B-provisional	remote_sequence
SCF:0001019	AC:000838	D7P6B9	D7P897	D8V7I2	SP:0000838	SP:0007389	11_24	CF-B-provisional	remote_sequence
SCF:0001020	AC:000839	E9NPX1	I0YP72	I0YQ46	SP:0000839	SP:0006335	11_24	CF-B-provisional	medium
SCF:0001021	AC:000839	E9NPX1	I0YP72	I0YQ44	SP:0000839	SP:0007739	11_24	CF-B-provisional	medium
SCF:0001022	AC:000840	D0FXV2	Q56D18	C1K004	SP:0000840	SP:0008963	11_24	CF-B-provisional	medium
SCF:0001023	AC:000841	P9WPV1	P9WPV3	P9WPU7	SP:0000841	SP:0007821	11_24	CF-B-provisional	medium
SCF:0001024	AC:000841	P9WPV1	P9WPV3	P9WPU9	SP:0000841	SP:0009499	11_24	CF-B-provisional	remote_sequence
SCF:0001025	AC:000841	P9WPV3	P9WPV1	P9WPV5	SP:0000841	SP:0009501	11_24	CF-B-provisional	remote_sequence
SCF:0001026	AC:000842	Q9XFH4	Q9FJE8	P06897	SP:0000842	SP:0008547	3_10	CF-B-provisional	high
SCF:0001027	AC:000842	Q9XFH4	Q9FJE8	P02281	SP:0000842	SP:0008545	3_10	CF-B-provisional	medium
SCF:0001028	AC:000842	Q9XFH4	Q9FJE8	P84233	SP:0000842	SP:0008546	3_10	CF-B-provisional	remote_sequence
SCF:0001029	AC:000844	P47822	Q12321	P32569	SP:0000844	SP:0009510	11_24	CF-B-provisional	remote_sequence
SCF:0001030	AC:000844	Q12321	P47822	P33308	SP:0000844	SP:0009513	11_24	CF-B-provisional	medium
SCF:0001031	AC:000847	A0A4V8H008	A0A4V8H010	A0A1L2EDU0	SP:0000847	SP:0009524	11_24	CF-B-provisional	remote_sequence
SCF:0001032	AC:000847	A0A4V8H008	A0A4V8H010	A0A0D6E2L8	SP:0000847	SP:0009525	11_24	CF-B-provisional	remote_sequence
SCF:0001033	AC:000847	A0A4V8H010	A0A4V8H008	A0A4V8GZZ5	SP:0000847	SP:0009526	11_24	CF-B-provisional	medium
SCF:0001034	AC:000850	Q2G111	Q2FW23	P48940	SP:0000850	SP:0009541	11_24	CF-B-provisional	remote_sequence
SCF:0001035	AC:000850	Q2G111	Q2FW23	Q2FW31	SP:0000850	SP:0008072	11_24	CF-B-provisional	remote_sequence
SCF:0001036	AC:000853	F5HRS7	A0A063X781	A0A063XCH0	SP:0000853	SP:0008439	11_24	CF-B-provisional	remote_sequence
SCF:0001037	AC:000857	P25043	P36040	P28062	SP:0000857	SP:0009550	11_24	CF-B-provisional	remote_sequence
SCF:0001038	AC:000857	P36040	P25043	P21242	SP:0000857	SP:0009553	11_24	CF-B-provisional	medium
SCF:0001039	AC:000857	P36040	P25043	P23638	SP:0000857	SP:0009554	11_24	CF-B-provisional	medium
SCF:0001040	AC:000857	P36040	P25043	P30656	SP:0000857	SP:0009555	11_24	CF-B-provisional	medium
SCF:0001041	AC:000858	P13393	P35718	P20434	SP:0000858	SP:0009556	11_24	CF-B-provisional	remote_sequence
SCF:0001042	AC:000858	P13393	P35718	P32773	SP:0000858	SP:0009557	11_24	CF-B-provisional	remote_sequence
SCF:0001043	AC:000858	P35718	P13393	P47076	SP:0000858	SP:0007196	11_24	CF-B-provisional	remote_sequence
SCF:0001044	AC:000858	P35718	P13393	P20435	SP:0000858	SP:0008625	11_24	CF-B-provisional	remote_sequence
SCF:0001045	AC:000859	A0A2K3E6S5	P32974	P37256	SP:0000859	SP:0007320	11_24	CF-B-provisional	remote_sequence
SCF:0001046	AC:000860	P10793	A0A0H2UKZ4	A0A0M3KL12	SP:0000860	SP:0009563	11_24	CF-B-provisional	high
SCF:0001047	AC:000860	P10793	A0A0H2UKZ4	B7FRW2	SP:0000860	SP:0009564	11_24	CF-B-provisional	remote_sequence
SCF:0001048	AC:000862	P14224	Q39615	Q93WL4	SP:0000862	SP:0009570	11_24	CF-B-provisional	remote_sequence
SCF:0001049	AC:000862	Q39615	P14224	P14225	SP:0000862	SP:0009573	11_24	CF-B-provisional	medium
SCF:0001050	AC:000864	A0A0F6NGI2	Q41038	Q01667	SP:0000864	SP:0009576	11_24	CF-B-provisional	medium
SCF:0001051	AC:000864	Q41038	A0A0F6NGI2	P05310	SP:0000864	SP:0009577	11_24	CF-B-provisional	high
SCF:0001052	AC:000868	P08980	P00289	P00166	SP:0000868	SP:0009588	11_24	CF-B-provisional	remote_sequence
SCF:0001053	AC:000869	Q99627	Q8IY47	Q13619	SP:0000869	SP:0008029	11_24	CF-B-provisional	remote_sequence
SCF:0001054	AC:000871	Q99627	Q13618	Q13619	SP:0000871	SP:0008029	11_24	CF-B-provisional	medium
SCF:0001055	AC:000871	Q99627	Q13618	Q13616	SP:0000871	SP:0009603	11_24	CF-B-provisional	medium
SCF:0001056	AC:000873	Q9NZ42	Q8WW43	Q96BI3	SP:0000873	SP:0009609	3_10	CF-A-provisional	high
SCF:0001057	AC:000874	P27999	Q02792	P19263	SP:0000874	SP:0009612	11_24	CF-B-provisional	remote_sequence
SCF:0001058	AC:000875	Q32NC0	Q969H6	O95059	SP:0000875	SP:0007908	11_24	CF-B-provisional	remote_sequence
SCF:0001059	AC:000876	P02557	P53378	P09733	SP:0000876	SP:0009616	11_24	CF-B-provisional	medium
SCF:0001060	AC:000876	P53378	P02557	P09733	SP:0000876	SP:0009619	11_24	CF-B-provisional	medium
SCF:0001061	AC:000877	P63096	Q99731	P09341	SP:0000877	SP:0007202	3_10	CF-B-provisional	medium
SCF:0001062	AC:000877	P63096	Q99731	P48061	SP:0000877	SP:0007203	3_10	CF-B-provisional	remote_sequence
SCF:0001063	AC:000877	P63096	Q99731	P22362	SP:0000877	SP:0008361	3_10	CF-B-provisional	remote_sequence
SCF:0001064	AC:000880	Q22MV2	Q24DI9	Q1HFV9	SP:0000880	SP:0007240	11_24	CF-B-provisional	high
SCF:0001065	AC:000880	Q22MV2	Q24DI9	Q1HFW2	SP:0000880	SP:0007242	11_24	CF-B-provisional	medium
SCF:0001066	AC:000880	Q22MV2	Q24DI9	W7XJB1	SP:0000880	SP:0007241	11_24	CF-B-provisional	medium
SCF:0001067	AC:000881	P52434	P06899	O75575	SP:0000881	SP:0009631	11_24	CF-B-provisional	remote_sequence
SCF:0001068	AC:000883	Q1HFX4	Q1HFW0	Q1HFW2	SP:0000883	SP:0009635	11_24	CF-B-provisional	medium
SCF:0001069	AC:000883	Q1HFX4	Q1HFW0	W7XJB1	SP:0000883	SP:0009636	11_24	CF-B-provisional	medium
SCF:0001070	AC:000883	Q1HFX4	Q1HFW0	Q22R86	SP:0000883	SP:0009637	11_24	CF-B-provisional	medium
SCF:0001071	AC:000884	A9SL09	A0A2K1K0C7	A9RT62	SP:0000884	SP:0009640	11_24	CF-B-provisional	medium
SCF:0001072	AC:000884	A9SL09	A0A2K1K0C7	A0A2K1IAD0	SP:0000884	SP:0006654	11_24	CF-B-provisional	remote_sequence
SCF:0001073	AC:000885	A8IJ60	A8IJY7	A0A2K3DG79	SP:0000885	SP:0006259	11_24	CF-B-provisional	medium
SCF:0001074	AC:000885	A8IJ60	A8IJY7	A8IL21	SP:0000885	SP:0009642	11_24	CF-B-provisional	remote_sequence
SCF:0001075	AC:000885	A8IJ60	A8IJY7	A8INX1	SP:0000885	SP:0008848	11_24	CF-B-provisional	remote_sequence
SCF:0001076	AC:000885	A8IJY7	A8IJ60	A8INX1	SP:0000885	SP:0006441	11_24	CF-B-provisional	medium
SCF:0001077	AC:000886	M2XW22	E3UIU9	M2XWX3	SP:0000886	SP:0009645	11_24	CF-B-provisional	remote_sequence
SCF:0001078	AC:000887	B7IA35	A0A7U3Y815	B7IA17	SP:0000887	SP:0009651	11_24	CF-B-provisional	remote_sequence
SCF:0001079	AC:000889	B6STT2	P12329	B6SZT9	SP:0000889	SP:0009658	11_24	CF-B-provisional	high
SCF:0001080	AC:000890	P13352	Q75VY4	A8IKC8	SP:0000890	SP:0009662	11_24	CF-B-provisional	medium
SCF:0001081	AC:000890	P13352	Q75VY4	Q93VE0	SP:0000890	SP:0009663	11_24	CF-B-provisional	medium
SCF:0001082	AC:000890	P13352	Q75VY4	Q93WL4	SP:0000890	SP:0009664	11_24	CF-B-provisional	medium
SCF:0001083	AC:000893	P72798	P74810	P74149	SP:0000893	SP:0009306	11_24	CF-B-provisional	remote_sequence
SCF:0001084	AC:000894	Q92905	Q9UBF6	P62877	SP:0000894	SP:0009676	11_24	CF-B-provisional	high
SCF:0001085	AC:000897	Q0IHJ3	Q4V7I1	B1H1T5	SP:0000897	SP:0009681	3_10	CF-B-provisional	remote_sequence
SCF:0001086	AC:000899	P0A431	Q8DHJ2	Q8DHA7	SP:0000899	SP:0009689	11_24	CF-B-provisional	remote_sequence
SCF:0001087	AC:000900	Q85G47	Q85FS8	Q85FQ6	SP:0000900	SP:0007019	11_24	CF-B-provisional	remote_sequence
SCF:0001088	AC:000901	A0T0M9	B5YM25	B8BU33	SP:0000901	SP:0009695	11_24	CF-B-provisional	medium
SCF:0001089	AC:000901	A0T0M9	B5YM25	B8BYV4	SP:0000901	SP:0009696	11_24	CF-B-provisional	medium
SCF:0001090	AC:000901	A0T0M9	B5YM25	B8C8Q0	SP:0000901	SP:0009697	11_24	CF-B-provisional	medium
SCF:0001091	AC:000901	B5YM25	A0T0M9	A0T0M8	SP:0000901	SP:0009698	11_24	CF-B-provisional	medium
SCF:0001092	AC:000905	A0A4V8GZZ7	A0A4V8H006	A0A4V8GZZ8	SP:0000905	SP:0006228	11_24	CF-B-provisional	remote_sequence
SCF:0001093	AC:000905	A0A4V8H006	A0A4V8GZZ7	A0A4V8H001	SP:0000905	SP:0009709	11_24	CF-B-provisional	medium
SCF:0001094	AC:000907	Q96F46	Q9H293	Q16552	SP:0000907	SP:0007495	3_10	CF-A-provisional	medium
SCF:0001095	AC:000908	Q9SUI6	Q9SYW8	Q9SA56	SP:0000908	SP:0009713	11_24	CF-B-provisional	remote_sequence
SCF:0001096	AC:000909	Q9UM11	Q9UJX3	Q9UJX2	SP:0000909	SP:0009718	11_24	CF-B-provisional	medium
SCF:0001097	AC:000909	Q9UM11	Q9UJX3	Q13042	SP:0000909	SP:0009719	11_24	CF-B-provisional	remote_sequence
SCF:0001098	AC:000909	Q9UM11	Q9UJX3	Q9UJX6	SP:0000909	SP:0009720	11_24	CF-B-provisional	remote_sequence
SCF:0001099	AC:000910	Q2FW30	Q2FW31	Q2FW22	SP:0000910	SP:0009721	11_24	CF-B-provisional	medium
SCF:0001100	AC:000910	Q2FW30	Q2FW31	Q2FW39	SP:0000910	SP:0009722	11_24	CF-B-provisional	remote_sequence
SCF:0001101	AC:000912	P52657	Q16533	P29084	SP:0000912	SP:0009731	3_10	CF-B-provisional	remote_sequence
SCF:0001102	AC:000912	P52657	Q16533	P29083	SP:0000912	SP:0009732	3_10	CF-B-provisional	remote_sequence
SCF:0001103	AC:000913	Q9NQP4	Q9UHV9	P61758	SP:0000913	SP:0006626	11_24	CF-B-provisional	remote_sequence
SCF:0001104	AC:000913	Q9NQP4	Q9UHV9	Q99471	SP:0000913	SP:0006746	11_24	CF-B-provisional	remote_sequence
SCF:0001105	AC:000913	Q9UHV9	Q9NQP4	O60925	SP:0000913	SP:0008882	11_24	CF-B-provisional	medium
SCF:0001106	AC:000913	Q9UHV9	Q9NQP4	Q99471	SP:0000913	SP:0009738	11_24	CF-B-provisional	remote_sequence
SCF:0001107	AC:000913	Q9UHV9	Q9NQP4	P61758	SP:0000913	SP:0006627	11_24	CF-B-provisional	remote_sequence
SCF:0001108	AC:000915	Q9SUI4	Q9SY97	Q9SHR7	SP:0000915	SP:0008369	11_24	CF-B-provisional	medium
SCF:0001109	AC:000915	Q9SUI4	Q9SY97	Q9SHE8	SP:0000915	SP:0009744	11_24	CF-B-provisional	medium
SCF:0001110	AC:000915	Q9SY97	Q9SUI4	Q41038	SP:0000915	SP:0009746	11_24	CF-B-provisional	remote_sequence
SCF:0001111	AC:000915	Q9SY97	Q9SUI4	Q8LCQ4	SP:0000915	SP:0006835	11_24	CF-B-provisional	remote_sequence
SCF:0001112	AC:000916	P53197	P38042	P30260	SP:0000916	SP:0009751	11_24	CF-B-provisional	medium
SCF:0001113	AC:000916	P53197	P38042	P16522	SP:0000916	SP:0009752	11_24	CF-B-provisional	remote_sequence
SCF:0001114	AC:000916	P53197	P38042	Q08683	SP:0000916	SP:0009753	11_24	CF-B-provisional	remote_sequence
SCF:0001115	AC:000917	P38293	P36040	Q05778	SP:0000917	SP:0009756	11_24	CF-B-provisional	remote_sequence
SCF:0001116	AC:000918	P61077	P07305	P06899	SP:0000918	SP:0009413	11_24	CF-B-provisional	remote_sequence
SCF:0001117	AC:000918	P61077	P07305	O60814	SP:0000918	SP:0009759	11_24	CF-B-provisional	remote_sequence
SCF:0001118	AC:000921	A0A2P6TPU7	A0A2P6U4K1	A0A2P6TZ50	SP:0000921	SP:0008526	11_24	CF-B-provisional	medium
SCF:0001119	AC:000921	A0A2P6TPU7	A0A2P6U4K1	A0A2P6TS63	SP:0000921	SP:0008525	11_24	CF-B-provisional	medium
SCF:0001120	AC:000921	A0A2P6TPU7	A0A2P6U4K1	A0A2P6TMX4	SP:0000921	SP:0008524	11_24	CF-B-provisional	medium
SCF:0001121	AC:000926	I7MHB1	I7MCM8	Q1HFX0	SP:0000926	SP:0009775	11_24	CF-B-provisional	high
SCF:0001122	AC:000926	I7MHB1	I7MCM8	W7XJB1	SP:0000926	SP:0009776	11_24	CF-B-provisional	medium
SCF:0001123	AC:000926	I7MHB1	I7MCM8	Q1HFV9	SP:0000926	SP:0008953	11_24	CF-B-provisional	medium
SCF:0001124	AC:000929	O22993	Q9SAJ3	A8MPR5	SP:0000929	SP:0008937	11_24	CF-B-provisional	medium
SCF:0001125	AC:000929	O22993	Q9SAJ3	F4J3N2	SP:0000929	SP:0008938	11_24	CF-B-provisional	remote_sequence
SCF:0001126	AC:000929	Q9SAJ3	O22993	F4KF14	SP:0000929	SP:0009785	11_24	CF-B-provisional	medium
SCF:0001127	AC:000930	A0A2P6THB2	A0A2P6TPU7	A0A2P6U0J1	SP:0000930	SP:0009787	11_24	CF-B-provisional	remote_sequence
SCF:0001128	AC:000934	Q39615	Q75VY4	Q05093	SP:0000934	SP:0009798	11_24	CF-B-provisional	high
SCF:0001129	AC:000935	P10793	P16002	Q9S831	SP:0000935	SP:0009799	11_24	CF-B-provisional	medium
SCF:0001130	AC:000935	P10793	P16002	A5Z2K3	SP:0000935	SP:0008594	11_24	CF-B-provisional	medium
SCF:0001131	AC:000935	P10793	P16002	P36886	SP:0000935	SP:0009800	11_24	CF-B-provisional	remote_sequence
SCF:0001132	AC:000936	E3UIU0	M2XR49	M2Y652	SP:0000936	SP:0008897	11_24	CF-B-provisional	high
SCF:0001133	AC:000936	E3UIU0	M2XR49	E3UIU5	SP:0000936	SP:0009801	11_24	CF-B-provisional	medium
SCF:0001134	AC:000936	E3UIU0	M2XR49	M2X4U9	SP:0000936	SP:0009802	11_24	CF-B-provisional	remote_sequence
SCF:0001135	AC:000936	M2XR49	E3UIU0	E3UIU1	SP:0000936	SP:0007177	11_24	CF-B-provisional	high
SCF:0001136	AC:000942	Q9WV32	Q99JY9	P61161	SP:0000942	SP:0009818	11_24	CF-B-provisional	medium
SCF:0001137	AC:000943	I0YPL4	I0YQ46	I0Z2Y0	SP:0000943	SP:0006792	11_24	CF-B-provisional	high
SCF:0001138	AC:000943	I0YQ46	I0YPL4	I0YQ45	SP:0000943	SP:0006337	11_24	CF-B-provisional	medium
SCF:0001139	AC:000943	I0YQ46	I0YPL4	I0YQ44	SP:0000943	SP:0008636	11_24	CF-B-provisional	medium
SCF:0001140	AC:000943	I0YQ46	I0YPL4	I0Z7A7	SP:0000943	SP:0008864	11_24	CF-B-provisional	medium
SCF:0001141	AC:000946	A1E9J1	Q9LKC7	F2DAN8	SP:0000946	SP:0009824	11_24	CF-B-provisional	medium
SCF:0001142	AC:000950	P12241	P0DM37	P19054	SP:0000950	SP:0009837	11_24	CF-B-provisional	medium
SCF:0001143	AC:000954	Q02260	Q08920	P40018	SP:0000954	SP:0009853	11_24	CF-B-provisional	remote_sequence
SCF:0001144	AC:000954	Q02260	Q08920	Q00916	SP:0000954	SP:0009854	11_24	CF-B-provisional	remote_sequence
SCF:0001145	AC:000955	Q9SN86	O22993	F4KF14	SP:0000955	SP:0009856	11_24	CF-B-provisional	medium
SCF:0001146	AC:000955	Q9SN86	O22993	Q9SAJ3	SP:0000955	SP:0007142	11_24	CF-B-provisional	medium
SCF:0001147	AC:000957	P12352	Q75VY9	Q05093	SP:0000957	SP:0008859	11_24	CF-B-provisional	high
SCF:0001148	AC:000957	P12352	Q75VY9	P12356	SP:0000957	SP:0009859	11_24	CF-B-provisional	remote_sequence
SCF:0001149	AC:000957	Q75VY9	P12352	P14225	SP:0000957	SP:0006324	11_24	CF-B-provisional	medium
SCF:0001150	AC:000958	Q7Z4G1	Q9GZQ3	Q9P000	SP:0000958	SP:0009861	11_24	CF-B-provisional	medium
SCF:0001151	AC:000958	Q7Z4G1	Q9GZQ3	Q9NX08	SP:0000958	SP:0009862	11_24	CF-B-provisional	remote_sequence
SCF:0001152	AC:000958	Q7Z4G1	Q9GZQ3	Q9H0A8	SP:0000958	SP:0009863	11_24	CF-B-provisional	remote_sequence
SCF:0001153	AC:000960	Q8N4V1	Q9NPA0	Q9P0I2	SP:0000960	SP:0009869	11_24	CF-B-provisional	remote_sequence
SCF:0001154	AC:000965	E3UIU1	E3UIU9	M2XWX3	SP:0000965	SP:0006845	11_24	CF-B-provisional	remote_sequence
SCF:0001155	AC:000965	E3UIU9	E3UIU1	E3UIU0	SP:0000965	SP:0009644	11_24	CF-B-provisional	high
SCF:0001156	AC:000967	Q96N11	Q96HW7	Q9NVR2	SP:0000967	SP:0009895	11_24	CF-B-provisional	remote_sequence
SCF:0001157	AC:000968	Q9S7N7	Q9SUI4	Q9SUI7	SP:0000968	SP:0007971	11_24	CF-B-provisional	remote_sequence
SCF:0001158	AC:000968	Q9SUI4	Q9S7N7	Q9SHE8	SP:0000968	SP:0009744	11_24	CF-B-provisional	remote_sequence
SCF:0001159	AC:000971	Q2FW38	P60430	Q2FW06	SP:0000971	SP:0009903	11_24	CF-B-provisional	remote_sequence
SCF:0001160	AC:000972	P22224	P33332	P32855	SP:0000972	SP:0009906	3_10	CF-B-provisional	remote_sequence
SCF:0001161	AC:000972	P33332	P22224	P89102	SP:0000972	SP:0006073	3_10	CF-A-provisional	medium
SCF:0001162	AC:000972	P33332	P22224	P32855	SP:0000972	SP:0006074	3_10	CF-B-provisional	remote_sequence
SCF:0001163	AC:000972	P33332	P22224	Q06245	SP:0000972	SP:0006075	3_10	CF-B-provisional	remote_sequence
SCF:0001164	AC:000973	P21473	P21467	P21470	SP:0000973	SP:0009910	11_24	CF-B-provisional	medium
SCF:0001165	AC:000973	P21473	P21467	P21472	SP:0000973	SP:0009911	11_24	CF-B-provisional	remote_sequence
SCF:0001166	AC:000973	P21473	P21467	P04969	SP:0000973	SP:0009912	11_24	CF-B-provisional	remote_sequence
SCF:0001167	AC:000974	P58246	Q8YVQ2	P0A3Y1	SP:0000974	SP:0009913	11_24	CF-B-provisional	medium
SCF:0001168	AC:000974	P58246	Q8YVQ2	P61048	SP:0000974	SP:0009914	11_24	CF-B-provisional	remote_sequence
SCF:0001169	AC:000975	B8CEQ3	A0A8F0WFC9	B8LEQ8	SP:0000975	SP:0009917	11_24	CF-B-provisional	high
SCF:0001170	AC:000977	A0A4X1VTX4	I3LGP4	Q6PD62	SP:0000977	SP:0009921	11_24	CF-B-provisional	remote_sequence
SCF:0001171	AC:000977	I3LGP4	A0A4X1VTX4	I3LSI7	SP:0000977	SP:0009924	11_24	CF-B-provisional	high
SCF:0001172	AC:000979	A0A2R8VHF7	C6KI89	A2RTF1	SP:0000979	SP:0009930	11_24	CF-B-provisional	remote_sequence
SCF:0001173	AC:000982	P56768	Q9SA56	Q9SUI7	SP:0000982	SP:0006765	11_24	CF-B-provisional	remote_sequence
SCF:0001174	AC:000982	Q9SA56	P56768	A0A8F5NZW2	SP:0000982	SP:0009944	11_24	CF-B-provisional	remote_sequence
SCF:0001175	AC:000983	Q9P1U0	O15446	Q9GZS1	SP:0000983	SP:0009947	11_24	CF-B-provisional	remote_sequence
SCF:0001176	AC:000985	P53840	P29496	P29469	SP:0000985	SP:0009955	11_24	CF-B-provisional	medium
SCF:0001177	AC:000985	P53840	P29496	P53091	SP:0000985	SP:0009956	11_24	CF-B-provisional	medium
SCF:0001178	AC:000985	P53840	P29496	P38132	SP:0000985	SP:0009957	11_24	CF-B-provisional	medium
SCF:0001179	AC:000986	A0A125YXT1	S8F943	A0A125YMK3	SP:0000986	SP:0008951	11_24	CF-B-provisional	remote_sequence
SCF:0001180	AC:000988	P80374	Q5SJH3	P80382	SP:0000988	SP:0009966	11_24	CF-B-provisional	remote_sequence
SCF:0001181	AC:000988	P80374	Q5SJH3	Q5SLQ0	SP:0000988	SP:0009967	11_24	CF-B-provisional	remote_sequence
SCF:0001182	AC:000988	P80374	Q5SJH3	P80377	SP:0000988	SP:0009968	11_24	CF-B-provisional	remote_sequence
SCF:0001183	AC:000988	Q5SJH3	P80374	Q5SHN3	SP:0000988	SP:0009969	11_24	CF-B-provisional	medium
SCF:0001184	AC:000988	Q5SJH3	P80374	P80376	SP:0000988	SP:0009970	11_24	CF-B-provisional	remote_sequence
SCF:0001185	AC:000990	P32457	Q07657	P32468	SP:0000990	SP:0008628	3_10	CF-A-provisional	medium
SCF:0001186	AC:000990	P32457	Q07657	P25342	SP:0000990	SP:0008627	3_10	CF-B-provisional	remote_sequence
SCF:0001187	AC:000990	Q07657	P32457	P32468	SP:0000990	SP:0008629	3_10	CF-A-provisional	medium
SCF:0001188	AC:000992	A0A1S3TZB2	A0A1S3UMA0	A0A1S3U1E4	SP:0000992	SP:0009974	3_10	CF-B-provisional	remote_sequence
SCF:0001189	AC:000993	Q9H0A8	Q9P000	Q9UBI1	SP:0000993	SP:0009977	11_24	CF-B-provisional	medium
SCF:0001190	AC:000993	Q9H0A8	Q9P000	Q8N668	SP:0000993	SP:0009978	11_24	CF-B-provisional	medium
SCF:0001191	AC:000993	Q9H0A8	Q9P000	Q9NX08	SP:0000993	SP:0009979	11_24	CF-B-provisional	remote_sequence
SCF:0001192	AC:000993	Q9P000	Q9H0A8	Q9GZQ3	SP:0000993	SP:0009980	11_24	CF-B-provisional	remote_sequence
SCF:0001193	AC:000993	Q9P000	Q9H0A8	Q86VX2	SP:0000993	SP:0009982	11_24	CF-B-provisional	remote_sequence
SCF:0001194	AC:000995	Q6P9B9	Q9NVR2	Q96HW7	SP:0000995	SP:0009987	11_24	CF-B-provisional	remote_sequence
SCF:0001195	AC:000995	Q6P9B9	Q9NVR2	Q9NV88	SP:0000995	SP:0007446	11_24	CF-B-provisional	remote_sequence
SCF:0001196	AC:000995	Q6P9B9	Q9NVR2	Q75QN2	SP:0000995	SP:0009988	11_24	CF-B-provisional	remote_sequence
SCF:0001197	AC:000997	Q9Y7N2	Q9Y821	Q9US45	SP:0000997	SP:0009990	11_24	CF-B-provisional	remote_sequence
SCF:0001198	AC:000997	Q9Y821	Q9Y7N2	O94376	SP:0000997	SP:0006401	11_24	CF-B-provisional	remote_sequence
SCF:0001199	AC:000999	Q8U0E4	Q8U216	Q8U4N1	SP:0000999	SP:0007968	11_24	CF-B-provisional	remote_sequence
SCF:0001200	AC:001001	Q15369	Q8N884	Q13098	SP:0001001	SP:0009997	3_10	CF-B-provisional	remote_sequence
SCF:0001201	AC:001001	Q15369	Q8N884	Q6PJ21	SP:0001001	SP:0009998	3_10	CF-B-provisional	remote_sequence
SCF:0001202	AC:001001	Q15369	Q8N884	P30291	SP:0001001	SP:0009999	3_10	CF-B-provisional	remote_sequence
SCF:0001203	AC:001006	P36100	Q12004	Q03290	SP:0001006	SP:0010008	11_24	CF-B-provisional	remote_sequence
SCF:0001204	AC:001006	Q12004	P36100	P32776	SP:0001006	SP:0010011	11_24	CF-B-provisional	remote_sequence
SCF:0001205	AC:001008	Q02750	P63104	P31947	SP:0001008	SP:0010017	3_10	CF-B-provisional	high
SCF:0001206	AC:001010	Q6PIL8	S6C4R2	S6B2B6	SP:0001010	SP:0009369	3_10	CF-A-provisional	high
SCF:0001207	AC:001010	Q6PIL8	S6C4R2	Q8N355	SP:0001010	SP:0010022	3_10	CF-B-provisional	medium
SCF:0001208	AC:001010	Q6PIL8	S6C4R2	S6B291	SP:0001010	SP:0010023	3_10	CF-B-provisional	remote_sequence
SCF:0001209	AC:001010	S6C4R2	Q6PIL8	P0DOX7	SP:0001010	SP:0009366	3_10	CF-B-provisional	high
SCF:0001210	AC:001010	S6C4R2	Q6PIL8	Q7Z3Y4	SP:0001010	SP:0009419	3_10	CF-A-provisional	high
SCF:0001211	AC:001012	P56769	Q01667	Q9SYW8	SP:0001012	SP:0009714	11_24	CF-B-provisional	medium
SCF:0001212	AC:001012	P56769	Q01667	P27521	SP:0001012	SP:0009024	11_24	CF-B-provisional	medium
SCF:0001213	AC:001012	P56769	Q01667	Q8LCQ4	SP:0001012	SP:0009382	11_24	CF-B-provisional	medium
SCF:0001214	AC:001013	P23993	Q43485	Q9LKC7	SP:0001013	SP:0008788	11_24	CF-B-provisional	high
SCF:0001215	AC:001013	P23993	Q43485	F2CW18	SP:0001013	SP:0007046	11_24	CF-B-provisional	medium
SCF:0001216	AC:001015	A0A5S8WF82	A0A5S8WF90	A0A5S8WF91	SP:0001015	SP:0010031	3_10	CF-B-provisional	high
SCF:0001217	AC:001016	A0QSD5	A0QSP9	A0R550	SP:0001016	SP:0010036	11_24	CF-B-provisional	remote_sequence
SCF:0001218	AC:001016	A0QSP9	A0QSD5	A0QSL5	SP:0001016	SP:0008156	11_24	CF-B-provisional	remote_sequence
SCF:0001219	AC:001018	E9NPW6	I0Z7A6	I0YQ46	SP:0001018	SP:0006336	11_24	CF-B-provisional	high
SCF:0001220	AC:001018	E9NPW6	I0Z7A6	I0Z7V3	SP:0001018	SP:0006791	11_24	CF-B-provisional	remote_sequence
SCF:0001221	AC:001020	Q16531	P15170	Q2YDS1	SP:0001020	SP:0010043	3_10	CF-B-provisional	remote_sequence
SCF:0001222	AC:001021	A0A7M4DUC2	A0A4X1VYD0	A0A8W4F9W9	SP:0001021	SP:0010049	11_24	CF-B-provisional	high
SCF:0001223	AC:001023	Q00914	A8ITV3	Q05093	SP:0001023	SP:0010059	11_24	CF-B-provisional	medium
SCF:0001224	AC:001027	Q13216	Q6PD62	I3LGP4	SP:0001027	SP:0010071	11_24	CF-B-provisional	remote_sequence
SCF:0001225	AC:001027	Q6PD62	Q13216	Q9GZS3	SP:0001027	SP:0010072	11_24	CF-B-provisional	remote_sequence
SCF:0001226	AC:001030	Q04491	P47170	P49687	SP:0001030	SP:0010085	11_24	CF-B-provisional	remote_sequence
SCF:0001227	AC:001030	Q04491	P47170	P52593	SP:0001030	SP:0010086	11_24	CF-B-provisional	remote_sequence
SCF:0001228	AC:001031	Q24CE5	I7M6H4	Q22A67	SP:0001031	SP:0008469	11_24	CF-B-provisional	medium
SCF:0001229	AC:001032	P17227	E1C9L0	D5MAL3	SP:0001032	SP:0010091	11_24	CF-B-provisional	high
SCF:0001230	AC:001032	P17227	E1C9L0	P17230	SP:0001032	SP:0010092	11_24	CF-B-provisional	high
SCF:0001231	AC:001035	Q9BV81	Q9NPA0	Q9P0I2	SP:0001035	SP:0010103	3_10	CF-B-provisional	remote_sequence
SCF:0001232	AC:001041	P40208	P25569	P53076	SP:0001041	SP:0006580	3_10	CF-B-provisional	remote_sequence
SCF:0001233	AC:001041	P40208	P25569	P40492	SP:0001041	SP:0006582	3_10	CF-B-provisional	remote_sequence
SCF:0001234	AC:001041	P40208	P25569	P40547	SP:0001041	SP:0006581	3_10	CF-B-provisional	remote_sequence
SCF:0001235	AC:001042	O19927	Q9TM21	Q9TM22	SP:0001042	SP:0009173	11_24	CF-B-provisional	medium
SCF:0001236	AC:001043	A0A287ADR4	A0A481DF93	I3LCH3	SP:0001043	SP:0010117	11_24	CF-B-provisional	high
SCF:0001237	AC:001046	P47093	P53905	P57743	SP:0001046	SP:0010125	3_10	CF-B-provisional	medium
SCF:0001238	AC:001046	P47093	P53905	Q06406	SP:0001046	SP:0010126	3_10	CF-B-provisional	remote_sequence
SCF:0001239	AC:001046	P47093	P53905	A6ZYX7	SP:0001046	SP:0010127	3_10	CF-B-provisional	remote_sequence
SCF:0001240	AC:001046	P53905	P47093	P40089	SP:0001046	SP:0010128	3_10	CF-B-provisional	remote_sequence
SCF:0001241	AC:001047	P61157	Q1JP79	Q3MHR7	SP:0001047	SP:0010132	3_10	CF-B-provisional	remote_sequence
SCF:0001242	AC:001047	Q1JP79	P61157	A7MB62	SP:0001047	SP:0010134	3_10	CF-A-provisional	medium
SCF:0001243	AC:001048	P28791	Q12745	P33891	SP:0001048	SP:0010137	3_10	CF-B-provisional	remote_sequence
SCF:0001244	AC:001048	Q12745	P28791	P53146	SP:0001048	SP:0010139	3_10	CF-B-provisional	remote_sequence
SCF:0001245	AC:001051	A0AAN0Y3T9	A0AAN0Y4G9	A0AAN0Y0S4	SP:0001051	SP:0008505	11_24	CF-B-provisional	remote_sequence
SCF:0001246	AC:001051	A0AAN0Y4G9	A0AAN0Y3T9	A0AAN0Y0S4	SP:0001051	SP:0008506	11_24	CF-B-provisional	remote_sequence
SCF:0001247	AC:001055	A0A2K1JLZ3	Q8MFA3	Q8MFA2	SP:0001055	SP:0008121	11_24	CF-B-provisional	high
SCF:0001248	AC:001055	Q8MFA3	A0A2K1JLZ3	A9RT62	SP:0001055	SP:0010157	11_24	CF-B-provisional	high
SCF:0001249	AC:001055	Q8MFA3	A0A2K1JLZ3	A0A2K1IB10	SP:0001055	SP:0010158	11_24	CF-B-provisional	medium
SCF:0001250	AC:001056	A0A2K3DG79	A8IH07	A8IJ60	SP:0001056	SP:0006259	11_24	CF-B-provisional	medium
SCF:0001251	AC:001056	A0A2K3DG79	A8IH07	A8IL21	SP:0001056	SP:0009050	11_24	CF-B-provisional	remote_sequence
SCF:0001252	AC:001056	A0A2K3DG79	A8IH07	A8INX1	SP:0001056	SP:0006258	11_24	CF-B-provisional	remote_sequence
SCF:0001253	AC:001056	A8IH07	A0A2K3DG79	A8INX1	SP:0001056	SP:0006439	11_24	CF-B-provisional	remote_sequence
SCF:0001254	AC:001057	Q9P7Y4	O14010	O94376	SP:0001057	SP:0006402	11_24	CF-B-provisional	remote_sequence
SCF:0001255	AC:001058	I7MCM8	Q24CE5	A4VE64	SP:0001058	SP:0008467	11_24	CF-B-provisional	medium
SCF:0001256	AC:001058	Q24CE5	I7MCM8	W7XJB1	SP:0001058	SP:0007981	11_24	CF-B-provisional	medium
SCF:0001257	AC:001058	Q24CE5	I7MCM8	Q24DI9	SP:0001058	SP:0007980	11_24	CF-B-provisional	medium
SCF:0001258	AC:001059	A0A2K3CYB6	A0A2K3DLI2	A0A2K3DQ46	SP:0001059	SP:0007332	11_24	CF-B-provisional	remote_sequence
SCF:0001259	AC:001059	A0A2K3CYB6	A0A2K3DLI2	A0A2K3DHV6	SP:0001059	SP:0007330	11_24	CF-B-provisional	remote_sequence
SCF:0001260	AC:001060	A0A2K3DHV6	A0A2K3DM81	A0A2K3DVJ8	SP:0001060	SP:0009153	11_24	CF-B-provisional	remote_sequence
SCF:0001261	AC:001060	A0A2K3DM81	A0A2K3DHV6	A0A2K3DQ46	SP:0001060	SP:0008583	11_24	CF-B-provisional	remote_sequence
SCF:0001262	AC:001060	A0A2K3DM81	A0A2K3DHV6	A8HUP3	SP:0001060	SP:0007333	11_24	CF-B-provisional	remote_sequence
SCF:0001263	AC:001062	P9WGY5	P9WIU9	P9WGZ1	SP:0001062	SP:0006467	3_10	CF-B-provisional	remote_sequence
SCF:0001264	AC:001065	Q23RH8	Q23S01	Q22E95	SP:0001065	SP:0010172	11_24	CF-B-provisional	medium
SCF:0001265	AC:001065	Q23RH8	Q23S01	Q22W32	SP:0001065	SP:0010173	11_24	CF-B-provisional	remote_sequence
SCF:0001266	AC:001066	A0A2P6TC44	A0A2P6TS63	A0A2P6TMX4	SP:0001066	SP:0010176	11_24	CF-B-provisional	medium
SCF:0001267	AC:001069	W8SU98	A0A2P6THB2	A0A2P6TPU7	SP:0001069	SP:0009790	11_24	CF-B-provisional	remote_sequence
SCF:0001268	AC:001071	Q12431	P39543	P47133	SP:0001071	SP:0008706	11_24	CF-B-provisional	remote_sequence
SCF:0001269	AC:001074	P40089	P47017	P53905	SP:0001074	SP:0010128	3_10	CF-B-provisional	remote_sequence
SCF:0001270	AC:001074	P47017	P40089	Q06406	SP:0001074	SP:0010203	3_10	CF-B-provisional	medium
SCF:0001271	AC:001074	P47017	P40089	P57743	SP:0001074	SP:0010204	3_10	CF-B-provisional	medium
SCF:0001272	AC:001074	P47017	P40089	P38203	SP:0001074	SP:0010205	3_10	CF-B-provisional	remote_sequence
SCF:0001273	AC:001075	Q83ES8	Q83ER2	Q83ED6	SP:0001075	SP:0009686	11_24	CF-B-provisional	remote_sequence
SCF:0001274	AC:001075	Q83ES8	Q83ER2	Q83AX9	SP:0001075	SP:0010208	11_24	CF-B-provisional	remote_sequence
SCF:0001275	AC:001079	P56752	Q9SCY3	Q94AQ8	SP:0001079	SP:0010212	11_24	CF-B-provisional	remote_sequence
SCF:0001276	AC:001079	Q9SCY3	P56752	A0A1B1W4Z4	SP:0001079	SP:0008888	11_24	CF-B-provisional	remote_sequence
SCF:0001277	AC:001083	E1C9L2	Q41038	Q9SQL2	SP:0001083	SP:0007545	11_24	CF-B-provisional	high
SCF:0001278	AC:001083	Q41038	E1C9L2	Q9SQL2	SP:0001083	SP:0008220	11_24	CF-B-provisional	medium
SCF:0001279	AC:001083	Q41038	E1C9L2	Q9SY97	SP:0001083	SP:0009746	11_24	CF-B-provisional	remote_sequence
SCF:0001280	AC:001083	Q41038	E1C9L2	Q32904	SP:0001083	SP:0006763	11_24	CF-B-provisional	remote_sequence
SCF:0001281	AC:001084	Q9NZQ3	O15145	Q3T035	SP:0001084	SP:0010225	11_24	CF-B-provisional	high
SCF:0001282	AC:001085	A0QSP9	A0QSG6	A0QTK6	SP:0001085	SP:0010230	11_24	CF-B-provisional	remote_sequence
SCF:0001283	AC:001087	P62807	Q9Y230	G0RYC2	SP:0001087	SP:0010238	11_24	CF-B-provisional	high
SCF:0001284	AC:001087	P62807	Q9Y230	Q99986	SP:0001087	SP:0010239	11_24	CF-B-provisional	medium
SCF:0001285	AC:001087	P62807	Q9Y230	Q71F23	SP:0001087	SP:0010240	11_24	CF-B-provisional	remote_sequence
SCF:0001286	AC:001087	Q9Y230	P62807	P33778	SP:0001087	SP:0010122	11_24	CF-B-provisional	high
SCF:0001287	AC:001087	Q9Y230	P62807	P04908	SP:0001087	SP:0010242	11_24	CF-B-provisional	medium
SCF:0001288	AC:001088	A8IFG7	Q75VY9	Q84Y02	SP:0001088	SP:0008858	11_24	CF-B-provisional	medium
SCF:0001289	AC:001088	A8IFG7	Q75VY9	Q93WL4	SP:0001088	SP:0010243	11_24	CF-B-provisional	medium
SCF:0001290	AC:001089	P06271	A0A1S3X147	A0A1S4CE74	SP:0001089	SP:0010244	11_24	CF-B-provisional	remote_sequence
SCF:0001291	AC:001090	W8SUA3	A0A2P6TS63	A0A2P6TMX4	SP:0001090	SP:0007360	11_24	CF-B-provisional	medium
SCF:0001292	AC:001090	W8SUA3	A0A2P6TS63	A0A2P6TT36	SP:0001090	SP:0008423	11_24	CF-B-provisional	medium
SCF:0001293	AC:001091	Q9B6D4	Q9B6E8	Q9B6C8	SP:0001091	SP:0010247	11_24	CF-B-provisional	medium
SCF:0001294	AC:001091	Q9B6E8	Q9B6D4	Q9B6C7	SP:0001091	SP:0010250	11_24	CF-B-provisional	remote_sequence
SCF:0001295	AC:001092	P36012	Q12493	Q06675	SP:0001092	SP:0010253	11_24	CF-B-provisional	remote_sequence
SCF:0001296	AC:001092	Q12493	P36012	Q06162	SP:0001092	SP:0010256	11_24	CF-B-provisional	remote_sequence
SCF:0001297	AC:001093	P19658	P32855	P89102	SP:0001093	SP:0010259	3_10	CF-B-provisional	medium
SCF:0001298	AC:001093	P19658	P32855	P22224	SP:0001093	SP:0006991	3_10	CF-B-provisional	remote_sequence
SCF:0001299	AC:001093	P19658	P32855	P38261	SP:0001093	SP:0006992	3_10	CF-B-provisional	remote_sequence
SCF:0001300	AC:001093	P32855	P19658	P32844	SP:0001093	SP:0010260	3_10	CF-B-provisional	remote_sequence
SCF:0001301	AC:001093	P32855	P19658	P89102	SP:0001093	SP:0010261	3_10	CF-B-provisional	remote_sequence
SCF:0001302	AC:001093	P32855	P19658	P22224	SP:0001093	SP:0009906	3_10	CF-B-provisional	remote_sequence
SCF:0001303	AC:001094	I0YPL4	I0Z7A6	I0Z2Y0	SP:0001094	SP:0006792	11_24	CF-B-provisional	high
SCF:0001304	AC:001094	I0Z7A6	I0YPL4	I0YQ44	SP:0001094	SP:0007743	11_24	CF-B-provisional	medium
SCF:0001305	AC:001094	I0Z7A6	I0YPL4	I0Z2Y0	SP:0001094	SP:0008865	11_24	CF-B-provisional	medium
SCF:0001306	AC:001094	I0Z7A6	I0YPL4	I0Z7A7	SP:0001094	SP:0007742	11_24	CF-B-provisional	medium
SCF:0001307	AC:001095	P53732	P48237	P36056	SP:0001095	SP:0008957	11_24	CF-B-provisional	remote_sequence
SCF:0001308	AC:001098	A4VE64	Q24DI9	I7MCM8	SP:0001098	SP:0008467	11_24	CF-B-provisional	medium
SCF:0001309	AC:001098	Q24DI9	A4VE64	Q24CE5	SP:0001098	SP:0007980	11_24	CF-B-provisional	medium
SCF:0001310	AC:001098	Q24DI9	A4VE64	W7XJB1	SP:0001098	SP:0008955	11_24	CF-B-provisional	medium
SCF:0001311	AC:001099	P09884	Q9BVW5	Q9BRX5	SP:0001099	SP:0010269	11_24	CF-B-provisional	remote_sequence
SCF:0001312	AC:001099	Q9BVW5	P09884	Q9HAW4	SP:0001099	SP:0010272	11_24	CF-B-provisional	remote_sequence
SCF:0001313	AC:001102	C4R009	C4R4Y0	C4QZQ7	SP:0001102	SP:0010280	11_24	CF-B-provisional	remote_sequence
SCF:0001314	AC:001104	W8SUD1	A0A2P6U4S6	A0A2P6U0J1	SP:0001104	SP:0008465	11_24	CF-B-provisional	medium
SCF:0001315	AC:001105	G0SC21	G0SE33	G0S755	SP:0001105	SP:0008981	3_10	CF-B-provisional	remote_sequence
SCF:0001316	AC:001105	G0SE33	G0SC21	G0SCD1	SP:0001105	SP:0008982	3_10	CF-A-provisional	medium
SCF:0001317	AC:001105	G0SE33	G0SC21	G0S1P1	SP:0001105	SP:0006560	3_10	CF-B-provisional	remote_sequence
SCF:0001318	AC:001105	G0SE33	G0SC21	P0CT46	SP:0001105	SP:0010288	3_10	CF-B-provisional	remote_sequence
SCF:0001319	AC:001108	P32844	Q06245	P89102	SP:0001108	SP:0010292	3_10	CF-B-provisional	remote_sequence
SCF:0001320	AC:001108	P32844	Q06245	P32855	SP:0001108	SP:0010260	3_10	CF-B-provisional	remote_sequence
SCF:0001321	AC:001108	Q06245	P32844	P32855	SP:0001108	SP:0010293	3_10	CF-B-provisional	remote_sequence
SCF:0001322	AC:001108	Q06245	P32844	P22224	SP:0001108	SP:0010294	3_10	CF-B-provisional	remote_sequence
SCF:0001323	AC:001108	Q06245	P32844	P19658	SP:0001108	SP:0006993	3_10	CF-B-provisional	remote_sequence
SCF:0001324	AC:001111	A8INX1	A8IXD6	A8IL21	SP:0001111	SP:0008847	11_24	CF-B-provisional	medium
SCF:0001325	AC:001111	A8INX1	A8IXD6	A8IJ60	SP:0001111	SP:0008848	11_24	CF-B-provisional	medium
SCF:0001326	AC:001111	A8INX1	A8IXD6	A8IH07	SP:0001111	SP:0006439	11_24	CF-B-provisional	remote_sequence
SCF:0001327	AC:001111	A8IXD6	A8INX1	A8IL21	SP:0001111	SP:0007422	11_24	CF-B-provisional	medium
SCF:0001328	AC:001111	A8IXD6	A8INX1	A8IJ60	SP:0001111	SP:0007421	11_24	CF-B-provisional	medium
SCF:0001329	AC:001111	A8IXD6	A8INX1	A8IS47	SP:0001111	SP:0007423	11_24	CF-B-provisional	medium
SCF:0001330	AC:001112	P05311	Q9SQL2	E1C9L2	SP:0001112	SP:0010221	11_24	CF-B-provisional	medium
SCF:0001331	AC:001112	P05311	Q9SQL2	Q01667	SP:0001112	SP:0010305	11_24	CF-B-provisional	medium
SCF:0001332	AC:001112	P05311	Q9SQL2	Q41385	SP:0001112	SP:0010306	11_24	CF-B-provisional	remote_sequence
SCF:0001333	AC:001114	Q9UXZ3	P61994	P62010	SP:0001114	SP:0010312	11_24	CF-B-provisional	remote_sequence
SCF:0001334	AC:001115	Q9LTI0	O22993	F4KF14	SP:0001115	SP:0010315	11_24	CF-B-provisional	medium
SCF:0001335	AC:001115	Q9LTI0	O22993	Q9SAJ3	SP:0001115	SP:0009786	11_24	CF-B-provisional	medium
SCF:0001336	AC:001115	Q9LTI0	O22993	F4J3N2	SP:0001115	SP:0010316	11_24	CF-B-provisional	remote_sequence
SCF:0001337	AC:001119	P53330	P43554	Q05123	SP:0001119	SP:0010328	11_24	CF-B-provisional	remote_sequence
SCF:0001338	AC:001119	P53330	P43554	Q02206	SP:0001119	SP:0009407	11_24	CF-B-provisional	remote_sequence
SCF:0001339	AC:001119	P53330	P43554	Q06488	SP:0001119	SP:0010329	11_24	CF-B-provisional	remote_sequence
SCF:0001340	AC:001122	P0ACI0	P0A8T7	P0A8V2	SP:0001122	SP:0010341	3_10	CF-B-provisional	remote_sequence
SCF:0001341	AC:001124	P32481	P12754	P32501	SP:0001124	SP:0010353	11_24	CF-B-provisional	remote_sequence
SCF:0001342	AC:001125	Q39615	Q7DM26	Q05093	SP:0001125	SP:0009798	11_24	CF-B-provisional	high
SCF:0001343	AC:001126	O00399	P60709	Q9NZ32	SP:0001126	SP:0008330	11_24	CF-B-provisional	medium
SCF:0001344	AC:001127	A0A5C6J4N7	A0A5M5QTL0	A0A9X9IKM4	SP:0001127	SP:0010361	3_10	CF-B-provisional	remote_sequence
SCF:0001345	AC:001128	A8IL32	Q84Y02	Q75VY7	SP:0001128	SP:0008831	11_24	CF-B-provisional	high
SCF:0001346	AC:001128	A8IL32	Q84Y02	A8ITV3	SP:0001128	SP:0008832	11_24	CF-B-provisional	medium
SCF:0001347	AC:001128	Q84Y02	A8IL32	Q75VY7	SP:0001128	SP:0010366	11_24	CF-B-provisional	medium
SCF:0001348	AC:001128	Q84Y02	A8IL32	Q75VY8	SP:0001128	SP:0010367	11_24	CF-B-provisional	remote_sequence
SCF:0001349	AC:001134	P06269	A0A1S4CKK0	A0A1S4CIZ9	SP:0001134	SP:0010386	11_24	CF-B-provisional	medium
SCF:0001350	AC:001135	P40337	P49427	Q712K3	SP:0001135	SP:0007072	3_10	CF-B-provisional	high
SCF:0001351	AC:001136	D8V7I7	D8V7I2	D7P897	SP:0001136	SP:0009317	11_24	CF-B-provisional	remote_sequence
SCF:0001352	AC:001137	P0A0H0	Q2FZ25	Q8GNY5	SP:0001137	SP:0010392	11_24	CF-B-provisional	remote_sequence
SCF:0001353	AC:001137	Q2FZ25	P0A0H0	Q2FW20	SP:0001137	SP:0006568	11_24	CF-B-provisional	medium
SCF:0001354	AC:001137	Q2FZ25	P0A0H0	Q2FW23	SP:0001137	SP:0010393	11_24	CF-B-provisional	remote_sequence
SCF:0001355	AC:001138	I0YTK4	I0YQ46	I0YP72	SP:0001138	SP:0008668	11_24	CF-B-provisional	medium
SCF:0001356	AC:001138	I0YTK4	I0YQ46	I0Z687	SP:0001138	SP:0010395	11_24	CF-B-provisional	remote_sequence
SCF:0001357	AC:001139	P19263	Q12321	P32569	SP:0001139	SP:0010396	11_24	CF-B-provisional	remote_sequence
SCF:0001358	AC:001139	P19263	Q12321	Q12124	SP:0001139	SP:0010397	11_24	CF-B-provisional	remote_sequence
SCF:0001359	AC:001142	P04969	P21470	P21469	SP:0001142	SP:0009295	11_24	CF-B-provisional	remote_sequence
SCF:0001360	AC:001142	P04969	P21470	P20282	SP:0001142	SP:0006106	11_24	CF-B-provisional	remote_sequence
SCF:0001361	AC:001142	P21470	P04969	P21472	SP:0001142	SP:0010403	11_24	CF-B-provisional	medium
SCF:0001362	AC:001142	P21470	P04969	P21467	SP:0001142	SP:0006108	11_24	CF-B-provisional	remote_sequence
SCF:0001363	AC:001143	Q3E7B6	P32341	P53262	SP:0001143	SP:0009055	11_24	CF-B-provisional	remote_sequence
SCF:0001364	AC:001145	P18384	P07611	P16710	SP:0001145	SP:0010410	3_10	CF-A-provisional	medium
SCF:0001365	AC:001148	A0A1B2U0Q7	A0A1B2U0I9	A0A1J7CBX1	SP:0001148	SP:0010415	11_24	CF-B-provisional	remote_sequence
SCF:0001366	AC:001156	Q9SN86	A8MPR5	F4KF14	SP:0001156	SP:0009856	11_24	CF-B-provisional	medium
SCF:0001367	AC:001156	Q9SN86	A8MPR5	Q9SAJ3	SP:0001156	SP:0007142	11_24	CF-B-provisional	medium
SCF:0001368	AC:001161	P50990	Q9UHV9	O15212	SP:0001161	SP:0006523	11_24	CF-B-provisional	remote_sequence
SCF:0001369	AC:001161	Q9UHV9	P50990	P40227	SP:0001161	SP:0008881	11_24	CF-B-provisional	remote_sequence
SCF:0001370	AC:001166	A0ACD6B9M6	A0ACD6B9M9	A0ACD6B9K7	SP:0001166	SP:0010452	11_24	CF-B-provisional	medium
SCF:0001371	AC:001166	A0ACD6B9M9	A0ACD6B9M6	A0ACD6B9K7	SP:0001166	SP:0010454	11_24	CF-B-provisional	medium
SCF:0001372	AC:001169	Q9BTE1	P60709	F2Z5G5	SP:0001169	SP:0010467	11_24	CF-B-provisional	high
SCF:0001373	AC:001169	Q9BTE1	P60709	Q9NZ32	SP:0001169	SP:0010468	11_24	CF-B-provisional	medium
SCF:0001374	AC:001172	W5EP45	W5FEZ3	Q8L806	SP:0001172	SP:0009179	11_24	CF-B-provisional	remote_sequence
SCF:0001375	AC:001173	A0A2K3E6S5	O19930	P92277	SP:0001173	SP:0007319	11_24	CF-B-provisional	remote_sequence
SCF:0001376	AC:001173	O19930	A0A2K3E6S5	P12853	SP:0001173	SP:0010472	11_24	CF-B-provisional	remote_sequence
SCF:0001377	AC:001179	Q8LCQ4	Q9SUI4	Q9LVM2	SP:0001179	SP:0010491	11_24	CF-B-provisional	medium
SCF:0001378	AC:001179	Q8LCQ4	Q9SUI4	P27521	SP:0001179	SP:0006834	11_24	CF-B-provisional	remote_sequence
SCF:0001379	AC:001179	Q9SUI4	Q8LCQ4	Q9SHR7	SP:0001179	SP:0008369	11_24	CF-B-provisional	medium
SCF:0001380	AC:001182	P53840	P24279	P30665	SP:0001182	SP:0008618	11_24	CF-B-provisional	medium
SCF:0001381	AC:001182	P53840	P24279	P29469	SP:0001182	SP:0009955	11_24	CF-B-provisional	medium
SCF:0001382	AC:001182	P53840	P24279	P53091	SP:0001182	SP:0009956	11_24	CF-B-provisional	medium
SCF:0001383	AC:001184	E9NPW6	I0YP72	I0YQ46	SP:0001184	SP:0006336	11_24	CF-B-provisional	medium
SCF:0001384	AC:001185	P33448	P53969	P23644	SP:0001185	SP:0008201	3_10	CF-B-provisional	remote_sequence
SCF:0001385	AC:001187	B6U534	B6TXS5	O65101	SP:0001187	SP:0007500	11_24	CF-B-provisional	remote_sequence
SCF:0001386	AC:001188	Q9P6Q0	P87310	O13964	SP:0001188	SP:0007565	11_24	CF-B-provisional	remote_sequence
SCF:0001387	AC:001192	A8ISA4	A0A2K3DHV6	A0A2K3CRM9	SP:0001192	SP:0010516	11_24	CF-B-provisional	remote_sequence
SCF:0001388	AC:001193	Q7Z4L5	Q8NEZ3	Q9P2L0	SP:0001193	SP:0007522	3_10	CF-B-provisional	remote_sequence
SCF:0001389	AC:001193	Q8NEZ3	Q7Z4L5	Q9P2L0	SP:0001193	SP:0007520	3_10	CF-B-provisional	remote_sequence
SCF:0001390	AC:001196	P02721	Q28852	P07926	SP:0001196	SP:0010523	11_24	CF-B-provisional	remote_sequence
SCF:0001391	AC:001197	B8BRQ8	B8CEQ3	B8BYV4	SP:0001197	SP:0010528	11_24	CF-B-provisional	medium
SCF:0001392	AC:001197	B8BRQ8	B8CEQ3	B8C770	SP:0001197	SP:0010529	11_24	CF-B-provisional	medium
SCF:0001393	AC:001197	B8BRQ8	B8CEQ3	B8BU33	SP:0001197	SP:0010530	11_24	CF-B-provisional	medium
SCF:0001394	AC:001197	B8CEQ3	B8BRQ8	B8C0K4	SP:0001197	SP:0010531	11_24	CF-B-provisional	remote_sequence
SCF:0001395	AC:001198	Q75VY7	Q75VY9	Q05093	SP:0001198	SP:0010532	11_24	CF-B-provisional	high
SCF:0001396	AC:001198	Q75VY7	Q75VY9	Q84Y02	SP:0001198	SP:0010366	11_24	CF-B-provisional	medium
SCF:0001397	AC:001198	Q75VY7	Q75VY9	Q75VY4	SP:0001198	SP:0007478	11_24	CF-B-provisional	medium
SCF:0001398	AC:001198	Q75VY9	Q75VY7	Q84Y02	SP:0001198	SP:0006323	11_24	CF-B-provisional	high
SCF:0001399	AC:001198	Q75VY9	Q75VY7	Q75VY8	SP:0001198	SP:0006778	11_24	CF-B-provisional	medium
SCF:0001400	AC:001200	G0S770	G0S7B2	G0SED0	SP:0001200	SP:0010533	11_24	CF-B-provisional	remote_sequence
SCF:0001401	AC:001202	Q32P78	F2Z4C9	F2Z4H3	SP:0001202	SP:0006587	11_24	CF-B-provisional	remote_sequence
SCF:0001402	AC:001203	A0A2K3CXW8	A8IXD6	A8INX1	SP:0001203	SP:0008769	11_24	CF-B-provisional	medium
SCF:0001403	AC:001203	A8IXD6	A0A2K3CXW8	A8IJ60	SP:0001203	SP:0007421	11_24	CF-B-provisional	remote_sequence
SCF:0001404	AC:001203	A8IXD6	A0A2K3CXW8	A8IS47	SP:0001203	SP:0007423	11_24	CF-B-provisional	remote_sequence
SCF:0001405	AC:001203	A8IXD6	A0A2K3CXW8	P42380	SP:0001203	SP:0010539	11_24	CF-B-provisional	remote_sequence
SCF:0001406	AC:001205	Q8N668	Q9UBI1	Q9P000	SP:0001205	SP:0009426	11_24	CF-B-provisional	medium
SCF:0001407	AC:001205	Q8N668	Q9UBI1	Q86VX2	SP:0001205	SP:0009424	11_24	CF-B-provisional	remote_sequence
SCF:0001408	AC:001205	Q8N668	Q9UBI1	Q9H0A8	SP:0001205	SP:0009978	11_24	CF-B-provisional	remote_sequence
SCF:0001409	AC:001205	Q9UBI1	Q8N668	Q86X83	SP:0001205	SP:0010544	11_24	CF-B-provisional	remote_sequence
SCF:0001410	AC:001205	Q9UBI1	Q8N668	Q9GZQ3	SP:0001205	SP:0010545	11_24	CF-B-provisional	remote_sequence
SCF:0001411	AC:001205	Q9UBI1	Q8N668	Q9H0A8	SP:0001205	SP:0009977	11_24	CF-B-provisional	remote_sequence
SCF:0001412	AC:001206	I3L9H6	A0A0R4J8D5	F1S8U4	SP:0001206	SP:0010549	11_24	CF-B-provisional	remote_sequence
SCF:0001413	AC:001209	P41806	P32842	P25515	SP:0001209	SP:0006660	11_24	CF-B-provisional	high
SCF:0001414	AC:001212	G0S842	G0S7B2	G0SED0	SP:0001212	SP:0010563	11_24	CF-B-provisional	remote_sequence
SCF:0001415	AC:001214	Q15369	B4DNT1	Q13084	SP:0001214	SP:0007117	3_10	CF-B-provisional	remote_sequence
SCF:0001416	AC:001216	P0AC41	P0AC44	P69054	SP:0001216	SP:0010573	3_10	CF-B-provisional	remote_sequence
SCF:0001417	AC:001218	A8HRZ4	A8IU42	A0A2K3D591	SP:0001218	SP:0007802	11_24	CF-B-provisional	remote_sequence
SCF:0001418	AC:001219	Q8DIN9	Q8DG60	Q9F1L5	SP:0001219	SP:0010582	11_24	CF-B-provisional	medium
SCF:0001419	AC:001221	A0A8F0WFC9	B8C2K6	A0T0V0	SP:0001221	SP:0010587	11_24	CF-B-provisional	medium
SCF:0001420	AC:001222	P28000	P29056	P40992	SP:0001222	SP:0010591	11_24	CF-B-provisional	remote_sequence
SCF:0001421	AC:001223	A0QU34	A0QU24	A0QU23	SP:0001223	SP:0009001	11_24	CF-B-provisional	remote_sequence
SCF:0001422	AC:001223	A0QU34	A0QU24	A0QU25	SP:0001223	SP:0009002	11_24	CF-B-provisional	remote_sequence
SCF:0001423	AC:001226	Q8LFJ6	Q9LQ02	Q9LK40	SP:0001226	SP:0007597	11_24	CF-B-provisional	remote_sequence
SCF:0001424	AC:001227	Q16531	P48729	P24941	SP:0001227	SP:0010606	3_10	CF-B-provisional	remote_sequence
SCF:0001425	AC:001230	P05807	P68611	P04310	SP:0001230	SP:0006124	11_24	CF-B-provisional	remote_sequence
SCF:0001426	AC:001240	P56767	Q9C639	Q01667	SP:0001240	SP:0010640	11_24	CF-B-provisional	medium
SCF:0001427	AC:001240	P56767	Q9C639	Q9XI73	SP:0001240	SP:0010641	11_24	CF-B-provisional	remote_sequence
SCF:0001428	AC:001240	P56767	Q9C639	Q9SUI4	SP:0001240	SP:0008370	11_24	CF-B-provisional	remote_sequence
SCF:0001429	AC:001241	P9WH23	P9WP67	A0R049	SP:0001241	SP:0010643	11_24	CF-B-provisional	high
SCF:0001430	AC:001241	P9WP67	P9WH23	P9WP69	SP:0001241	SP:0010646	11_24	CF-B-provisional	medium
SCF:0001431	AC:001242	Q8N668	Q9GZQ3	Q9P000	SP:0001242	SP:0009426	11_24	CF-B-provisional	medium
SCF:0001432	AC:001242	Q8N668	Q9GZQ3	Q9NX08	SP:0001242	SP:0009425	11_24	CF-B-provisional	remote_sequence
SCF:0001433	AC:001242	Q8N668	Q9GZQ3	Q9H0A8	SP:0001242	SP:0009978	11_24	CF-B-provisional	remote_sequence
SCF:0001434	AC:001242	Q9GZQ3	Q8N668	Q9P000	SP:0001242	SP:0009980	11_24	CF-B-provisional	medium
SCF:0001435	AC:001242	Q9GZQ3	Q8N668	Q86VX2	SP:0001242	SP:0009865	11_24	CF-B-provisional	remote_sequence
SCF:0001436	AC:001242	Q9GZQ3	Q8N668	Q86X83	SP:0001242	SP:0009421	11_24	CF-B-provisional	remote_sequence
SCF:0001437	AC:001244	A0A4V8GZZ2	A0A4V8H000	A0A4V8GZZ7	SP:0001244	SP:0007120	11_24	CF-B-provisional	medium
SCF:0001438	AC:001244	A0A4V8GZZ2	A0A4V8H000	A0A4V8GZZ8	SP:0001244	SP:0006227	11_24	CF-B-provisional	remote_sequence
SCF:0001439	AC:001246	Q54VN6	Q54XI5	Q9Y3A5	SP:0001246	SP:0010656	3_10	CF-B-provisional	remote_sequence
SCF:0001440	AC:001247	A0A1S4CKK0	A0A1S3XP85	A0A1S3YU01	SP:0001247	SP:0006936	11_24	CF-B-provisional	remote_sequence
SCF:0001441	AC:001248	E9NPS7	I0Z7A6	I0YQ44	SP:0001248	SP:0006332	11_24	CF-B-provisional	medium
SCF:0001442	AC:001248	E9NPS7	I0Z7A6	I0YPL4	SP:0001248	SP:0006333	11_24	CF-B-provisional	medium
SCF:0001443	AC:001248	E9NPS7	I0Z7A6	I0Z7V3	SP:0001248	SP:0008672	11_24	CF-B-provisional	remote_sequence
SCF:0001444	AC:001251	A0ACD6B9L8	A0ACD6B9K7	A0ACD6B9M9	SP:0001251	SP:0010455	11_24	CF-B-provisional	medium
SCF:0001445	AC:001251	A0ACD6B9L8	A0ACD6B9K7	A0ACD6B9M6	SP:0001251	SP:0010453	11_24	CF-B-provisional	medium
SCF:0001446	AC:001252	Q8DJZ6	Q8DG60	Q9F1L5	SP:0001252	SP:0010664	11_24	CF-B-provisional	medium
SCF:0001447	AC:001253	O96019	P62807	P02281	SP:0001253	SP:0010667	11_24	CF-B-provisional	high
SCF:0001448	AC:001253	O96019	P62807	P84233	SP:0001253	SP:0010668	11_24	CF-B-provisional	medium
SCF:0001449	AC:001253	O96019	P62807	Q6AZJ8	SP:0001253	SP:0008113	11_24	CF-B-provisional	remote_sequence
SCF:0001450	AC:001253	P62807	O96019	Q71F23	SP:0001253	SP:0010240	11_24	CF-B-provisional	remote_sequence
SCF:0001451	AC:001255	O77448	Q6JXI5	A0A0U8TRG9	SP:0001255	SP:0010672	3_10	CF-B-provisional	remote_sequence
SCF:0001452	AC:001255	O77448	Q6JXI5	A0PGB2	SP:0001255	SP:0010673	3_10	CF-B-provisional	remote_sequence
SCF:0001453	AC:001255	Q6JXI5	O77448	Q23AJ0	SP:0001255	SP:0010675	3_10	CF-B-provisional	remote_sequence
SCF:0001454	AC:001257	Q9I2U0	Q9HYR9	Q9I2U1	SP:0001257	SP:0010680	11_24	CF-B-provisional	medium
SCF:0001455	AC:001260	A0A1B2U6N1	A0A1M6QTP8	A0A1J7BSW7	SP:0001260	SP:0010685	11_24	CF-B-provisional	remote_sequence
SCF:0001456	AC:001261	I0Z7A7	I0Z7V3	I0Z7A6	SP:0001261	SP:0007742	11_24	CF-B-provisional	remote_sequence
SCF:0001457	AC:001261	I0Z7V3	I0Z7A7	I0YQ46	SP:0001261	SP:0009777	11_24	CF-B-provisional	medium
SCF:0001458	AC:001262	P12352	Q75VY7	Q05093	SP:0001262	SP:0008859	11_24	CF-B-provisional	high
SCF:0001459	AC:001262	P12352	Q75VY7	P12356	SP:0001262	SP:0009859	11_24	CF-B-provisional	medium
SCF:0001460	AC:001262	Q75VY7	P12352	P14225	SP:0001262	SP:0010689	11_24	CF-B-provisional	medium
SCF:0001461	AC:001267	A0A2K3CXW8	A0A2K3DG79	A8INX1	SP:0001267	SP:0008769	11_24	CF-B-provisional	remote_sequence
SCF:0001462	AC:001267	A0A2K3DG79	A0A2K3CXW8	A8IJ60	SP:0001267	SP:0006259	11_24	CF-B-provisional	remote_sequence
SCF:0001463	AC:001268	Q16531	Q8WV22	Q13216	SP:0001268	SP:0010695	3_10	CF-B-provisional	remote_sequence
SCF:0001464	AC:001268	Q8WV22	Q16531	Q8IY18	SP:0001268	SP:0008034	3_10	CF-B-provisional	remote_sequence
SCF:0001465	AC:001270	Q8LCQ4	Q9SHE8	Q9SY97	SP:0001270	SP:0006835	11_24	CF-B-provisional	medium
SCF:0001466	AC:001270	Q9SHE8	Q8LCQ4	Q9C639	SP:0001270	SP:0007518	11_24	CF-B-provisional	medium
SCF:0001467	AC:001270	Q9SHE8	Q8LCQ4	P27521	SP:0001270	SP:0009023	11_24	CF-B-provisional	medium
SCF:0001468	AC:001271	P9WGY5	P9WGG7	P9WGH5	SP:0001271	SP:0006468	3_10	CF-A-provisional	medium
SCF:0001469	AC:001273	A0A2K1IB10	A0A2K1JKF2	A9RT62	SP:0001273	SP:0010701	11_24	CF-B-provisional	remote_sequence
SCF:0001470	AC:001273	A0A2K1JKF2	A0A2K1IB10	A0A2K1IAD0	SP:0001273	SP:0010702	11_24	CF-B-provisional	remote_sequence
SCF:0001471	AC:001275	O42978	Q9Y7M4	O74499	SP:0001275	SP:0006231	3_10	CF-B-provisional	medium
SCF:0001472	AC:001275	O42978	Q9Y7M4	Q9UUI1	SP:0001275	SP:0010707	3_10	CF-B-provisional	remote_sequence
SCF:0001473	AC:001275	Q9Y7M4	O42978	Q9UUI1	SP:0001275	SP:0010708	3_10	CF-B-provisional	medium
SCF:0001474	AC:001275	Q9Y7M4	O42978	O74483	SP:0001275	SP:0010709	3_10	CF-B-provisional	remote_sequence
SCF:0001475	AC:001276	P61619	P43308	Q8N6L1	SP:0001276	SP:0010712	11_24	CF-B-provisional	remote_sequence
SCF:0001476	AC:001280	Q240X9	I7M6H4	I7M9J2	SP:0001280	SP:0007343	11_24	CF-B-provisional	medium
SCF:0001477	AC:001281	P56767	Q8LCQ4	Q01667	SP:0001281	SP:0010640	11_24	CF-B-provisional	medium
SCF:0001478	AC:001281	P56767	Q8LCQ4	Q9SUI4	SP:0001281	SP:0008370	11_24	CF-B-provisional	remote_sequence
SCF:0001479	AC:001281	Q8LCQ4	P56767	P56752	SP:0001281	SP:0010721	11_24	CF-B-provisional	medium
SCF:0001480	AC:001282	B8YB54	B8YB58	B8YB60	SP:0001282	SP:0010722	11_24	CF-B-provisional	remote_sequence
SCF:0001481	AC:001282	B8YB54	B8YB58	B8YB65	SP:0001282	SP:0010723	11_24	CF-B-provisional	remote_sequence
SCF:0001482	AC:001283	P00175	P53507	P80967	SP:0001283	SP:0008197	11_24	CF-B-provisional	medium
SCF:0001483	AC:001285	P16522	Q12440	Q08683	SP:0001285	SP:0010729	11_24	CF-B-provisional	remote_sequence
SCF:0001484	AC:001285	P16522	Q12440	P09798	SP:0001285	SP:0010730	11_24	CF-B-provisional	remote_sequence
SCF:0001485	AC:001285	Q12440	P16522	P38042	SP:0001285	SP:0009750	11_24	CF-B-provisional	remote_sequence
SCF:0001486	AC:001285	Q12440	P16522	P09798	SP:0001285	SP:0010733	11_24	CF-B-provisional	remote_sequence
SCF:0001487	AC:001287	Q9GZQ3	Q9H0A8	Q9P000	SP:0001287	SP:0009980	11_24	CF-B-provisional	medium
SCF:0001488	AC:001287	Q9GZQ3	Q9H0A8	Q9UBI1	SP:0001287	SP:0010545	11_24	CF-B-provisional	remote_sequence
SCF:0001489	AC:001287	Q9GZQ3	Q9H0A8	Q86VX2	SP:0001287	SP:0009865	11_24	CF-B-provisional	remote_sequence
SCF:0001490	AC:001287	Q9H0A8	Q9GZQ3	Q9UBI1	SP:0001287	SP:0009977	11_24	CF-B-provisional	remote_sequence
SCF:0001491	AC:001287	Q9H0A8	Q9GZQ3	Q9NX08	SP:0001287	SP:0009979	11_24	CF-B-provisional	remote_sequence
SCF:0001492	AC:001287	Q9H0A8	Q9GZQ3	Q86X83	SP:0001287	SP:0009422	11_24	CF-B-provisional	remote_sequence
SCF:0001493	AC:001288	P28000	P35718	P20434	SP:0001288	SP:0010737	11_24	CF-B-provisional	remote_sequence
SCF:0001494	AC:001288	P35718	P28000	P20435	SP:0001288	SP:0008625	11_24	CF-B-provisional	remote_sequence
SCF:0001495	AC:001289	I7LWE3	I7MLZ4	I7MM07	SP:0001289	SP:0010739	11_24	CF-B-provisional	remote_sequence
SCF:0001496	AC:001289	I7LWE3	I7MLZ4	Q229S1	SP:0001289	SP:0010741	11_24	CF-B-provisional	remote_sequence
SCF:0001497	AC:001293	Q15843	P68036	P62837	SP:0001293	SP:0010751	11_24	CF-B-provisional	medium
SCF:0001498	AC:001293	Q15843	P68036	A0A6P5C4T4	SP:0001293	SP:0010752	11_24	CF-B-provisional	medium
SCF:0001499	AC:001293	Q15843	P68036	P61081	SP:0001293	SP:0010753	11_24	CF-B-provisional	medium
SCF:0001500	AC:001294	P40070	P57743	P53905	SP:0001294	SP:0010130	3_10	CF-A-provisional	medium
SCF:0001501	AC:001295	P14406	P12074	P15954	SP:0001295	SP:0007814	11_24	CF-B-provisional	remote_sequence
SCF:0001502	AC:001296	P61024	P14635	Q13309	SP:0001296	SP:0010760	3_10	CF-B-provisional	remote_sequence
SCF:0001503	AC:001296	P61024	P14635	P61201	SP:0001296	SP:0010761	3_10	CF-B-provisional	remote_sequence
SCF:0001504	AC:001297	P68694	P68449	P68608	SP:0001297	SP:0010763	11_24	CF-B-provisional	remote_sequence
SCF:0001505	AC:001298	P0CI78	P70974	P12875	SP:0001298	SP:0010766	11_24	CF-B-provisional	remote_sequence
SCF:0001506	AC:001300	Q86VX2	Q9UBI1	Q9P000	SP:0001300	SP:0009982	11_24	CF-B-provisional	medium
SCF:0001507	AC:001300	Q86VX2	Q9UBI1	Q9GZQ3	SP:0001300	SP:0009865	11_24	CF-B-provisional	remote_sequence
SCF:0001508	AC:001300	Q86VX2	Q9UBI1	Q9Y6G5	SP:0001300	SP:0010773	11_24	CF-B-provisional	remote_sequence
SCF:0001509	AC:001300	Q9UBI1	Q86VX2	Q86X83	SP:0001300	SP:0010544	11_24	CF-B-provisional	remote_sequence
SCF:0001510	AC:001300	Q9UBI1	Q86VX2	Q9GZQ3	SP:0001300	SP:0010545	11_24	CF-B-provisional	remote_sequence
SCF:0001511	AC:001300	Q9UBI1	Q86VX2	Q9H0A8	SP:0001300	SP:0009977	11_24	CF-B-provisional	remote_sequence
SCF:0001512	AC:001303	A0A4V8H009	A0A4V8H002	A0A4V8H004	SP:0001303	SP:0007705	11_24	CF-B-provisional	high
SCF:0001513	AC:001303	A0A4V8H009	A0A4V8H002	A0A4V8GZZ9	SP:0001303	SP:0010783	11_24	CF-B-provisional	medium
SCF:0001514	AC:001304	Q00914	P14225	P12352	SP:0001304	SP:0010061	11_24	CF-B-provisional	medium
SCF:0001515	AC:001305	A0A4V8GZZ3	A0A4V8H004	A0A4V8GZZ7	SP:0001305	SP:0006541	11_24	CF-B-provisional	medium
SCF:0001516	AC:001307	A0A0G4HFQ7	A0A0G4HNB1	A0A0G4I0G6	SP:0001307	SP:0010788	11_24	CF-B-provisional	medium
SCF:0001517	AC:001309	P62662	P62656	Q72L77	SP:0001309	SP:0010796	11_24	CF-B-provisional	remote_sequence
SCF:0001518	AC:001311	P07703	P46678	P32786	SP:0001311	SP:0010798	11_24	CF-B-provisional	remote_sequence
SCF:0001519	AC:001311	P07703	P46678	Q01080	SP:0001311	SP:0010799	11_24	CF-B-provisional	remote_sequence
SCF:0001520	AC:001311	P46678	P07703	P32910	SP:0001311	SP:0010801	11_24	CF-B-provisional	remote_sequence
SCF:0001521	AC:001315	Q03124	Q12406	Q07979	SP:0001315	SP:0010810	11_24	CF-B-provisional	remote_sequence
SCF:0001522	AC:001315	Q03124	Q12406	P25632	SP:0001315	SP:0010811	11_24	CF-B-provisional	remote_sequence
SCF:0001523	AC:001315	Q03124	Q12406	Q02206	SP:0001315	SP:0010812	11_24	CF-B-provisional	remote_sequence
SCF:0001524	AC:001315	Q12406	Q03124	Q05123	SP:0001315	SP:0010813	11_24	CF-B-provisional	remote_sequence
SCF:0001525	AC:001316	I7MG46	Q24CL2	A4VD15	SP:0001316	SP:0007667	11_24	CF-B-provisional	remote_sequence
SCF:0001526	AC:001316	I7MG46	Q24CL2	Q23S05	SP:0001316	SP:0007666	11_24	CF-B-provisional	remote_sequence
SCF:0001527	AC:001316	I7MG46	Q24CL2	Q23YW7	SP:0001316	SP:0007665	11_24	CF-B-provisional	remote_sequence
SCF:0001528	AC:001316	Q24CL2	I7MG46	Q23S05	SP:0001316	SP:0006474	11_24	CF-B-provisional	remote_sequence
SCF:0001529	AC:001316	Q24CL2	I7MG46	I7M6D6	SP:0001316	SP:0006476	11_24	CF-B-provisional	remote_sequence
SCF:0001530	AC:001317	P02359	P0A707	P0A7V3	SP:0001317	SP:0010817	11_24	CF-B-provisional	medium
SCF:0001531	AC:001317	P02359	P0A707	P0A7V8	SP:0001317	SP:0010818	11_24	CF-B-provisional	remote_sequence
SCF:0001532	AC:001317	P02359	P0A707	P40711	SP:0001317	SP:0010819	11_24	CF-B-provisional	remote_sequence
SCF:0001533	AC:001318	P16687	P16679	P16678	SP:0001318	SP:0010820	11_24	CF-B-provisional	medium
SCF:0001534	AC:001321	F4J3N2	Q9SAJ3	F4KF14	SP:0001321	SP:0010827	11_24	CF-B-provisional	medium
SCF:0001535	AC:001321	F4J3N2	Q9SAJ3	O22993	SP:0001321	SP:0008938	11_24	CF-B-provisional	medium
SCF:0001536	AC:001322	A0A8D1GCS3	I3LGP4	Q7KZ85	SP:0001322	SP:0010829	11_24	CF-B-provisional	remote_sequence
SCF:0001537	AC:001322	I3LGP4	A0A8D1GCS3	A0A287ADR4	SP:0001322	SP:0010831	11_24	CF-B-provisional	high
SCF:0001538	AC:001322	I3LGP4	A0A8D1GCS3	A0A4X1VM56	SP:0001322	SP:0010832	11_24	CF-B-provisional	high
SCF:0001539	AC:001323	P07470	Q01321	P00004	SP:0001323	SP:0010834	11_24	CF-B-provisional	medium
SCF:0001540	AC:001323	P07470	Q01321	P62894	SP:0001323	SP:0010835	11_24	CF-B-provisional	remote_sequence
SCF:0001541	AC:001323	Q01321	P07470	P00429	SP:0001323	SP:0007651	11_24	CF-B-provisional	medium
SCF:0001542	AC:001327	Q9SUI5	Q9S7N7	Q9SHE8	SP:0001327	SP:0010846	11_24	CF-B-provisional	remote_sequence
SCF:0001543	AC:001328	P32563	P38784	P22203	SP:0001328	SP:0010847	11_24	CF-B-provisional	remote_sequence
SCF:0001544	AC:001329	P48011	Q09177	P87123	SP:0001329	SP:0010850	11_24	CF-B-provisional	medium
SCF:0001545	AC:001330	A0QSG2	A0QVB8	A0QSD7	SP:0001330	SP:0008560	11_24	CF-B-provisional	medium
SCF:0001546	AC:001330	A0QVB8	A0QSG2	A0R7F7	SP:0001330	SP:0008563	11_24	CF-B-provisional	remote_sequence
SCF:0001547	AC:001333	Q8DIN8	Q8DJZ6	Q8DIQ0	SP:0001333	SP:0010860	11_24	CF-B-provisional	medium
SCF:0001548	AC:001333	Q8DIN8	Q8DJZ6	P59087	SP:0001333	SP:0010861	11_24	CF-B-provisional	remote_sequence
SCF:0001549	AC:001333	Q8DJZ6	Q8DIN8	Q8DHA7	SP:0001333	SP:0010665	11_24	CF-B-provisional	remote_sequence
SCF:0001550	AC:001334	O15212	Q99832	P50991	SP:0001334	SP:0006624	11_24	CF-B-provisional	medium
SCF:0001551	AC:001334	O15212	Q99832	P50990	SP:0001334	SP:0006523	11_24	CF-B-provisional	medium
SCF:0001552	AC:001337	A0A341UET3	W5BFB7	W5I035	SP:0001337	SP:0007271	11_24	CF-B-provisional	remote_sequence
SCF:0001553	AC:001337	A0A341UET3	W5BFB7	Q5XUU9	SP:0001337	SP:0010872	11_24	CF-B-provisional	remote_sequence
SCF:0001554	AC:001337	A0A341UET3	W5BFB7	W5FPA7	SP:0001337	SP:0008798	11_24	CF-B-provisional	remote_sequence
SCF:0001555	AC:001339	A0A0M3KL13	P16002	A0A0M3KL11	SP:0001339	SP:0010875	11_24	CF-B-provisional	remote_sequence
SCF:0001556	AC:001340	P53073	P39543	P47133	SP:0001340	SP:0008707	3_10	CF-B-provisional	remote_sequence
SCF:0001557	AC:001341	A4VE64	Q22MV2	I7MHB1	SP:0001341	SP:0008468	11_24	CF-B-provisional	remote_sequence
SCF:0001558	AC:001341	Q22MV2	A4VE64	Q1HFW2	SP:0001341	SP:0007242	11_24	CF-B-provisional	high
SCF:0001559	AC:001341	Q22MV2	A4VE64	W7XJB1	SP:0001341	SP:0007241	11_24	CF-B-provisional	medium
SCF:0001560	AC:001341	Q22MV2	A4VE64	Q1HFV9	SP:0001341	SP:0007240	11_24	CF-B-provisional	medium
SCF:0001561	AC:001342	Q13098	Q9UBF6	P62877	SP:0001342	SP:0010879	11_24	CF-B-provisional	high
SCF:0001562	AC:001343	A0QVB8	A0QZ86	A0QSD7	SP:0001343	SP:0010882	11_24	CF-B-provisional	remote_sequence
SCF:0001563	AC:001343	A0QVB8	A0QZ86	A0QSD2	SP:0001343	SP:0010883	11_24	CF-B-provisional	remote_sequence
SCF:0001564	AC:001344	Q980L5	Q980Q9	Q7LXK4	SP:0001344	SP:0007940	11_24	CF-B-provisional	remote_sequence
SCF:0001565	AC:001346	A0QSE0	A0QSP9	A0QS96	SP:0001346	SP:0009342	11_24	CF-B-provisional	remote_sequence
SCF:0001566	AC:001346	A0QSP9	A0QSE0	A0QSD0	SP:0001346	SP:0010038	11_24	CF-B-provisional	medium
SCF:0001567	AC:001346	A0QSP9	A0QSE0	A0A7I7K4Z0	SP:0001346	SP:0010039	11_24	CF-B-provisional	medium
SCF:0001568	AC:001350	K4CYU9	A0A3Q7I5D6	A0A3Q7JDZ0	SP:0001350	SP:0010906	11_24	CF-B-provisional	remote_sequence
SCF:0001569	AC:001352	Q4FZW5	Q7ZX96	A2RV69	SP:0001352	SP:0010909	11_24	CF-B-provisional	medium
SCF:0001570	AC:001352	Q4FZW5	Q7ZX96	A0A1L8H1I9	SP:0001352	SP:0010910	11_24	CF-B-provisional	remote_sequence
SCF:0001571	AC:001352	Q7ZX96	Q4FZW5	Q7ZYJ8	SP:0001352	SP:0010911	11_24	CF-B-provisional	medium
SCF:0001572	AC:001352	Q7ZX96	Q4FZW5	Q6GNX0	SP:0001352	SP:0010912	11_24	CF-B-provisional	medium
SCF:0001573	AC:001353	Q39615	A8ITV3	Q05093	SP:0001353	SP:0009798	11_24	CF-B-provisional	medium
SCF:0001574	AC:001354	A0AAN0Y103	A0AAN0Y004	A0AAN0Y0L1	SP:0001354	SP:0010917	11_24	CF-B-provisional	remote_sequence
SCF:0001575	AC:001355	P9WPV7	P9WPV1	P9WPV5	SP:0001355	SP:0007826	11_24	CF-B-provisional	remote_sequence
SCF:0001576	AC:001359	F2QMI1	F2QX94	C4R3P8	SP:0001359	SP:0010614	11_24	CF-B-provisional	high
SCF:0001577	AC:001360	P18263	P11471	Q93VE0	SP:0001360	SP:0010933	11_24	CF-B-provisional	medium
SCF:0001578	AC:001360	P18263	P11471	A8HY43	SP:0001360	SP:0010934	11_24	CF-B-provisional	remote_sequence
SCF:0001579	AC:001366	A0A2K3DG79	A8IXD6	A8IL21	SP:0001366	SP:0009050	11_24	CF-B-provisional	medium
SCF:0001580	AC:001366	A0A2K3DG79	A8IXD6	A8IJ60	SP:0001366	SP:0006259	11_24	CF-B-provisional	medium
SCF:0001581	AC:001366	A0A2K3DG79	A8IXD6	A8INX1	SP:0001366	SP:0006258	11_24	CF-B-provisional	medium
SCF:0001582	AC:001367	I0YQ45	I0Z687	I0YQ46	SP:0001367	SP:0006337	11_24	CF-B-provisional	remote_sequence
SCF:0001583	AC:001367	I0Z687	I0YQ45	I0YQ46	SP:0001367	SP:0007591	11_24	CF-B-provisional	high
SCF:0001584	AC:001367	I0Z687	I0YQ45	I0YP76	SP:0001367	SP:0007590	11_24	CF-B-provisional	medium
SCF:0001585	AC:001368	O15612	A0A175JJM9	C4M549	SP:0001368	SP:0010951	11_24	CF-B-provisional	remote_sequence
SCF:0001586	AC:001370	Q9H6D7	Q9NVX0	Q96CS2	SP:0001370	SP:0008227	3_10	CF-B-provisional	remote_sequence
SCF:0001587	AC:001371	A0A1S3YPU3	A0AA96C3P8	A0A1S3ZSI0	SP:0001371	SP:0010955	11_24	CF-B-provisional	remote_sequence
SCF:0001588	AC:001372	B2GUV5	Q6P503	Q6PCU2	SP:0001372	SP:0010960	11_24	CF-B-provisional	remote_sequence
SCF:0001589	AC:001374	P07703	P47076	P20435	SP:0001374	SP:0006445	11_24	CF-B-provisional	remote_sequence
SCF:0001590	AC:001375	A0A287AEW0	Q06AT5	Q06AT4	SP:0001375	SP:0010970	3_10	CF-A-provisional	medium
SCF:0001591	AC:001375	Q06AT5	A0A287AEW0	A0A8D2A9I1	SP:0001375	SP:0010971	3_10	CF-B-provisional	remote_sequence
SCF:0001592	AC:001376	B5YM25	B8BRQ8	B8CEQ3	SP:0001376	SP:0010973	11_24	CF-B-provisional	remote_sequence
SCF:0001593	AC:001376	B8BRQ8	B5YM25	B8BU33	SP:0001376	SP:0010530	11_24	CF-B-provisional	medium
SCF:0001594	AC:001376	B8BRQ8	B5YM25	B8BYV4	SP:0001376	SP:0010528	11_24	CF-B-provisional	medium
SCF:0001595	AC:001376	B8BRQ8	B5YM25	B8C770	SP:0001376	SP:0010529	11_24	CF-B-provisional	medium
SCF:0001596	AC:001379	P40089	P47093	P53905	SP:0001379	SP:0010128	3_10	CF-B-provisional	medium
SCF:0001597	AC:001379	P40089	P47093	P57743	SP:0001379	SP:0010202	3_10	CF-B-provisional	remote_sequence
SCF:0001598	AC:001379	P47093	P40089	A6ZYX7	SP:0001379	SP:0010127	3_10	CF-B-provisional	medium
SCF:0001599	AC:001379	P47093	P40089	Q06406	SP:0001379	SP:0010126	3_10	CF-B-provisional	medium
SCF:0001600	AC:001379	P47093	P40089	P57743	SP:0001379	SP:0010125	3_10	CF-B-provisional	medium
SCF:0001601	AC:001380	A0A4V8H006	A0A4V8GZZ8	A0A4V8H001	SP:0001380	SP:0009709	11_24	CF-B-provisional	medium
SCF:0001602	AC:001382	P39286	P0A7R5	P0A7R9	SP:0001382	SP:0007353	11_24	CF-B-provisional	medium
SCF:0001603	AC:001384	W8SUD1	A0A2P6U4K1	A0A2P6TZ50	SP:0001384	SP:0007289	11_24	CF-B-provisional	medium
SCF:0001604	AC:001384	W8SUD1	A0A2P6U4K1	A0A2P6TS63	SP:0001384	SP:0008970	11_24	CF-B-provisional	medium
SCF:0001605	AC:001384	W8SUD1	A0A2P6U4K1	A0A2P6TMX4	SP:0001384	SP:0007359	11_24	CF-B-provisional	medium
SCF:0001606	AC:001385	A0A0F6NGI2	Q32904	Q01667	SP:0001385	SP:0009576	11_24	CF-B-provisional	medium
SCF:0001607	AC:001385	Q32904	A0A0F6NGI2	P05310	SP:0001385	SP:0010991	11_24	CF-B-provisional	high
SCF:0001608	AC:001385	Q32904	A0A0F6NGI2	A0A0F6NFW5	SP:0001385	SP:0006761	11_24	CF-B-provisional	high
SCF:0001609	AC:001386	P12356	Q75VY6	Q05093	SP:0001386	SP:0006775	11_24	CF-B-provisional	high
SCF:0001610	AC:001386	P12356	Q75VY6	Q7DM26	SP:0001386	SP:0006776	11_24	CF-B-provisional	high
SCF:0001611	AC:001386	P12356	Q75VY6	Q75VY7	SP:0001386	SP:0010992	11_24	CF-B-provisional	high
SCF:0001612	AC:001386	Q75VY6	P12356	Q75VY8	SP:0001386	SP:0008834	11_24	CF-B-provisional	medium
SCF:0001613	AC:001389	P01857	P29460	G0YP42	SP:0001389	SP:0010997	3_10	CF-B-provisional	remote_sequence
SCF:0001614	AC:001389	P01857	P29460	P0DOX5	SP:0001389	SP:0007482	3_10	CF-B-provisional	remote_sequence
SCF:0001615	AC:001390	A0A0M3KL12	Q32904	Q9SQL2	SP:0001390	SP:0011002	11_24	CF-B-provisional	high
SCF:0001616	AC:001390	A0A0M3KL12	Q32904	E1C9L2	SP:0001390	SP:0007543	11_24	CF-B-provisional	remote_sequence
SCF:0001617	AC:001391	S7VSS5	S7W617	S7W9J5	SP:0001391	SP:0006887	11_24	CF-B-provisional	remote_sequence
SCF:0001618	AC:001392	M1UU36	Q85FQ6	Q85FS8	SP:0001392	SP:0011006	11_24	CF-B-provisional	remote_sequence
SCF:0001619	AC:001393	E3UIU5	M2XW22	M2X090	SP:0001393	SP:0008393	11_24	CF-B-provisional	medium
SCF:0001620	AC:001393	E3UIU5	M2XW22	M2VTV2	SP:0001393	SP:0007180	11_24	CF-B-provisional	remote_sequence
SCF:0001621	AC:001394	P12464	P37870	P37871	SP:0001394	SP:0007370	11_24	CF-B-provisional	medium
SCF:0001622	AC:001395	Q8MFA3	A0A2K1KN29	A9RT62	SP:0001395	SP:0010157	11_24	CF-B-provisional	medium
SCF:0001623	AC:001395	Q8MFA3	A0A2K1KN29	A0A2K1KGQ2	SP:0001395	SP:0011014	11_24	CF-B-provisional	medium
SCF:0001624	AC:001396	A0A063XCG5	A0A063X8U6	A0A063XCP1	SP:0001396	SP:0009496	11_24	CF-B-provisional	remote_sequence
SCF:0001625	AC:001398	Q00959	Q9R1M7	Q05586	SP:0001398	SP:0011015	3_10	CF-B-provisional	medium
SCF:0001626	AC:001398	Q00959	Q9R1M7	P35439	SP:0001398	SP:0011016	3_10	CF-A-provisional	medium
SCF:0001627	AC:001398	Q00959	Q9R1M7	A0A1L8F5J9	SP:0001398	SP:0011017	3_10	CF-B-provisional	medium
SCF:0001628	AC:001398	Q9R1M7	Q00959	P35439	SP:0001398	SP:0011018	3_10	CF-B-provisional	remote_sequence
SCF:0001629	AC:001401	Q9BT73	P25789	P28066	SP:0001401	SP:0007215	11_24	CF-B-provisional	medium
SCF:0001630	AC:001401	Q9BT73	P25789	P25788	SP:0001401	SP:0007214	11_24	CF-B-provisional	medium
SCF:0001631	AC:001401	Q9BT73	P25789	P25786	SP:0001401	SP:0007216	11_24	CF-B-provisional	medium
SCF:0001632	AC:001403	A0QSL5	A0QS96	A0QSP9	SP:0001403	SP:0008156	11_24	CF-B-provisional	remote_sequence
SCF:0001633	AC:001403	A0QSL5	A0QS96	A0QSG1	SP:0001403	SP:0011031	11_24	CF-B-provisional	remote_sequence
SCF:0001634	AC:001404	Q2FW10	Q2FW12	Q2FW06	SP:0001404	SP:0011033	11_24	CF-B-provisional	remote_sequence
SCF:0001635	AC:001406	P29469	P54790	P50874	SP:0001406	SP:0011040	11_24	CF-B-provisional	remote_sequence
SCF:0001636	AC:001406	P29469	P54790	P06243	SP:0001406	SP:0011041	11_24	CF-B-provisional	remote_sequence
SCF:0001637	AC:001406	P29469	P54790	P54791	SP:0001406	SP:0007463	11_24	CF-B-provisional	remote_sequence
SCF:0001638	AC:001406	P54790	P29469	P29496	SP:0001406	SP:0007460	11_24	CF-B-provisional	medium
SCF:0001639	AC:001406	P54790	P29469	P24279	SP:0001406	SP:0011042	11_24	CF-B-provisional	medium
SCF:0001640	AC:001406	P54790	P29469	P38132	SP:0001406	SP:0011043	11_24	CF-B-provisional	medium
SCF:0001641	AC:001407	A0A1S4CKK0	A0A1S4CE74	A0A1S4D4H1	SP:0001407	SP:0006937	11_24	CF-B-provisional	remote_sequence
SCF:0001642	AC:001408	O15446	P52434	P61218	SP:0001408	SP:0006300	11_24	CF-B-provisional	remote_sequence
SCF:0001643	AC:001408	P52434	O15446	P05423	SP:0001408	SP:0011044	11_24	CF-B-provisional	remote_sequence
SCF:0001644	AC:001408	P52434	O15446	Q9GZS1	SP:0001408	SP:0011045	11_24	CF-B-provisional	remote_sequence
SCF:0001645	AC:001411	Q9VLI9	A1Z8I0	Q9VA95	SP:0001411	SP:0006668	3_10	CF-B-provisional	remote_sequence
SCF:0001646	AC:001416	Q13619	Q96MF7	Q99627	SP:0001416	SP:0008029	3_10	CF-B-provisional	remote_sequence
SCF:0001647	AC:001416	Q13619	Q96MF7	Q7L5N1	SP:0001416	SP:0008986	3_10	CF-B-provisional	remote_sequence
SCF:0001648	AC:001417	Q8U216	Q8TZK1	Q8U439	SP:0001417	SP:0011066	11_24	CF-B-provisional	remote_sequence
SCF:0001649	AC:001422	O14352	Q9UUI1	O42978	SP:0001422	SP:0010706	3_10	CF-B-provisional	medium
SCF:0001650	AC:001422	O14352	Q9UUI1	O74499	SP:0001422	SP:0006229	3_10	CF-B-provisional	remote_sequence
SCF:0001651	AC:001422	O14352	Q9UUI1	O74483	SP:0001422	SP:0011081	3_10	CF-B-provisional	remote_sequence
SCF:0001652	AC:001422	Q9UUI1	O14352	Q9Y7M4	SP:0001422	SP:0010708	3_10	CF-B-provisional	remote_sequence
SCF:0001653	AC:001426	I3LSI7	A0A481DF93	I3LCH3	SP:0001426	SP:0011093	11_24	CF-B-provisional	high
SCF:0001654	AC:001428	P62877	Q8WV22	Q96GG9	SP:0001428	SP:0006132	3_10	CF-B-provisional	remote_sequence
SCF:0001655	AC:001431	Q5RKV6	Q9Y2L1	Q01780	SP:0001431	SP:0011101	11_24	CF-B-provisional	remote_sequence
SCF:0001656	AC:001431	Q5RKV6	Q9Y2L1	Q9Y450	SP:0001431	SP:0011102	11_24	CF-B-provisional	remote_sequence
SCF:0001657	AC:001431	Q9Y2L1	Q5RKV6	Q9NPD3	SP:0001431	SP:0011103	11_24	CF-B-provisional	medium
SCF:0001658	AC:001431	Q9Y2L1	Q5RKV6	Q15024	SP:0001431	SP:0011104	11_24	CF-B-provisional	medium
SCF:0001659	AC:001432	Q2FW31	Q2FZ25	Q2FW18	SP:0001432	SP:0011106	11_24	CF-B-provisional	remote_sequence
SCF:0001660	AC:001432	Q2FZ25	Q2FW31	Q2FW23	SP:0001432	SP:0010393	11_24	CF-B-provisional	remote_sequence
SCF:0001661	AC:001432	Q2FZ25	Q2FW31	Q2FW20	SP:0001432	SP:0006568	11_24	CF-B-provisional	remote_sequence
SCF:0001662	AC:001432	Q2FZ25	Q2FW31	Q2FW21	SP:0001432	SP:0011039	11_24	CF-B-provisional	remote_sequence
SCF:0001663	AC:001436	A0A2K1JC42	A9SL09	A0A2K1JDR4	SP:0001436	SP:0006902	11_24	CF-B-provisional	high
SCF:0001664	AC:001437	A0A1S3YU01	A0AA96C3P8	A0A1S3ZSI0	SP:0001437	SP:0006906	11_24	CF-B-provisional	remote_sequence
SCF:0001665	AC:001437	A0AA96C3P8	A0A1S3YU01	A0A1S3XP85	SP:0001437	SP:0009093	11_24	CF-B-provisional	remote_sequence
SCF:0001666	AC:001437	A0AA96C3P8	A0A1S3YU01	A0A1S3X2G3	SP:0001437	SP:0009092	11_24	CF-B-provisional	remote_sequence
SCF:0001667	AC:001438	Q9NX08	Q9Y6G5	Q86X83	SP:0001438	SP:0009423	3_10	CF-B-provisional	remote_sequence
SCF:0001668	AC:001438	Q9NX08	Q9Y6G5	Q9UBI1	SP:0001438	SP:0011119	3_10	CF-B-provisional	remote_sequence
SCF:0001669	AC:001438	Q9Y6G5	Q9NX08	Q9P000	SP:0001438	SP:0011120	3_10	CF-B-provisional	remote_sequence
SCF:0001670	AC:001438	Q9Y6G5	Q9NX08	Q9GZQ3	SP:0001438	SP:0011121	3_10	CF-B-provisional	remote_sequence
SCF:0001671	AC:001438	Q9Y6G5	Q9NX08	Q86X83	SP:0001438	SP:0011122	3_10	CF-B-provisional	remote_sequence
SCF:0001672	AC:001439	Q32P79	F2Z4C9	F2Z4H3	SP:0001439	SP:0006585	11_24	CF-B-provisional	remote_sequence
SCF:0001673	AC:001444	A0A2K3DZD9	A8HUP3	A0A2K3DHV6	SP:0001444	SP:0007736	11_24	CF-B-provisional	remote_sequence
SCF:0001674	AC:001444	A8HUP3	A0A2K3DZD9	A0A2K3DLF7	SP:0001444	SP:0009222	11_24	CF-B-provisional	remote_sequence
SCF:0001675	AC:001445	Q5JJF4	Q5JI52	Q5JE88	SP:0001445	SP:0010066	11_24	CF-B-provisional	remote_sequence
SCF:0001676	AC:001446	P56767	Q9SYW8	Q01667	SP:0001446	SP:0010640	11_24	CF-B-provisional	medium
SCF:0001677	AC:001446	P56767	Q9SYW8	Q9SA56	SP:0001446	SP:0011135	11_24	CF-B-provisional	remote_sequence
SCF:0001678	AC:001446	Q9SYW8	P56767	P56752	SP:0001446	SP:0011136	11_24	CF-B-provisional	medium
SCF:0001679	AC:001449	Q9NX55	Q9GZZ1	P41227	SP:0001449	SP:0011142	3_10	CF-B-provisional	remote_sequence
SCF:0001680	AC:001450	P87306	Q9Y7N2	Q92399	SP:0001450	SP:0011138	11_24	CF-B-provisional	remote_sequence
SCF:0001681	AC:001450	P87306	Q9Y7N2	O94376	SP:0001450	SP:0011145	11_24	CF-B-provisional	remote_sequence
SCF:0001682	AC:001450	Q9Y7N2	P87306	O60104	SP:0001450	SP:0006874	11_24	CF-B-provisional	remote_sequence
SCF:0001683	AC:001451	A0A0F6NGI2	Q9SQL2	Q01667	SP:0001451	SP:0009576	11_24	CF-B-provisional	medium
SCF:0001684	AC:001452	O32231	P21467	P21470	SP:0001452	SP:0011148	11_24	CF-B-provisional	medium
SCF:0001685	AC:001452	O32231	P21467	P21469	SP:0001452	SP:0011149	11_24	CF-B-provisional	remote_sequence
SCF:0001686	AC:001454	Q9CVB6	P61161	P68134	SP:0001454	SP:0009537	11_24	CF-B-provisional	medium
SCF:0001687	AC:001454	Q9CVB6	P61161	Q99JY9	SP:0001454	SP:0006515	11_24	CF-B-provisional	medium
SCF:0001688	AC:001456	P12154	Q75VY8	Q05093	SP:0001456	SP:0006121	11_24	CF-B-provisional	high
SCF:0001689	AC:001456	P12154	Q75VY8	Q75VY4	SP:0001456	SP:0006119	11_24	CF-B-provisional	high
SCF:0001690	AC:001460	P10176	P14406	P15954	SP:0001460	SP:0007678	11_24	CF-B-provisional	medium
SCF:0001691	AC:001461	Q9S7N7	Q949Q5	Q9SUI6	SP:0001461	SP:0009384	11_24	CF-B-provisional	remote_sequence
SCF:0001692	AC:001461	Q9S7N7	Q949Q5	Q9SUI7	SP:0001461	SP:0007971	11_24	CF-B-provisional	remote_sequence
SCF:0001693	AC:001463	Q22A67	I7MCM8	W7XJB1	SP:0001463	SP:0007547	11_24	CF-B-provisional	medium
SCF:0001694	AC:001463	Q22A67	I7MCM8	Q24DI9	SP:0001463	SP:0007341	11_24	CF-B-provisional	medium
SCF:0001695	AC:001463	Q22A67	I7MCM8	Q1HFV9	SP:0001463	SP:0007342	11_24	CF-B-provisional	medium
SCF:0001696	AC:001464	Q9TM23	Q9TM22	Q9TM21	SP:0001464	SP:0009278	11_24	CF-B-provisional	medium
SCF:0001697	AC:001465	P68315	P20637	P68439	SP:0001465	SP:0011168	11_24	CF-B-provisional	remote_sequence
SCF:0001698	AC:001465	P68315	P20637	P20979	SP:0001465	SP:0011169	11_24	CF-B-provisional	remote_sequence
SCF:0001699	AC:001465	P68315	P20637	P20635	SP:0001465	SP:0011170	11_24	CF-B-provisional	remote_sequence
SCF:0001700	AC:001466	O94376	Q9P6Q0	P87310	SP:0001466	SP:0007910	11_24	CF-B-provisional	remote_sequence
SCF:0001701	AC:001466	O94376	Q9P6Q0	O13964	SP:0001466	SP:0011171	11_24	CF-B-provisional	remote_sequence
SCF:0001702	AC:001466	Q9P6Q0	O94376	O13964	SP:0001466	SP:0007565	11_24	CF-B-provisional	remote_sequence
SCF:0001703	AC:001466	Q9P6Q0	O94376	O14010	SP:0001466	SP:0006870	11_24	CF-B-provisional	remote_sequence
SCF:0001704	AC:001468	Q04491	P36161	P35729	SP:0001468	SP:0011173	11_24	CF-B-provisional	medium
SCF:0001705	AC:001468	Q04491	P36161	P38164	SP:0001468	SP:0010087	11_24	CF-B-provisional	remote_sequence
SCF:0001706	AC:001468	Q04491	P36161	P52593	SP:0001468	SP:0010086	11_24	CF-B-provisional	remote_sequence
SCF:0001707	AC:001469	A0QS96	A0QSG6	A0QV37	SP:0001469	SP:0008777	11_24	CF-B-provisional	remote_sequence
SCF:0001708	AC:001470	B6A882	B6A878	B6A880	SP:0001470	SP:0006240	11_24	CF-B-provisional	remote_sequence
SCF:0001709	AC:001472	Q99627	Q13617	Q13616	SP:0001472	SP:0009603	11_24	CF-B-provisional	medium
SCF:0001710	AC:001472	Q99627	Q13617	Q13619	SP:0001472	SP:0008029	11_24	CF-B-provisional	medium
SCF:0001711	AC:001473	Q9USH1	O14198	Q9US45	SP:0001473	SP:0007913	11_24	CF-B-provisional	remote_sequence
SCF:0001712	AC:001474	Q9FLM8	O82504	Q9LK40	SP:0001474	SP:0010505	11_24	CF-B-provisional	remote_sequence
SCF:0001713	AC:001475	Q9BS18	P51955	Q9UJX2	SP:0001475	SP:0011186	11_24	CF-B-provisional	remote_sequence
SCF:0001714	AC:001478	Q32P79	Q32PE0	F2Z4H3	SP:0001478	SP:0006585	11_24	CF-B-provisional	remote_sequence
SCF:0001715	AC:001481	Q9VQY9	Q9XYU0	Q9XYU1	SP:0001481	SP:0006891	11_24	CF-B-provisional	medium
SCF:0001716	AC:001481	Q9VQY9	Q9XYU0	Q9VGW6	SP:0001481	SP:0008611	11_24	CF-B-provisional	medium
SCF:0001717	AC:001481	Q9VQY9	Q9XYU0	Q9V461	SP:0001481	SP:0011195	11_24	CF-B-provisional	medium
SCF:0001718	AC:001482	P46678	P47076	P13393	SP:0001482	SP:0011196	11_24	CF-B-provisional	remote_sequence
SCF:0001719	AC:001483	P17987	P61758	O60925	SP:0001483	SP:0008780	11_24	CF-B-provisional	remote_sequence
SCF:0001720	AC:001486	Q9W2V7	Q9XYU0	Q9XYU1	SP:0001486	SP:0006892	11_24	CF-B-provisional	medium
SCF:0001721	AC:001486	Q9W2V7	Q9XYU0	Q9VGW6	SP:0001486	SP:0008612	11_24	CF-B-provisional	medium
SCF:0001722	AC:001488	A0A4V8GZZ8	A0A4V8H000	A0A4V8H001	SP:0001488	SP:0008102	11_24	CF-B-provisional	high
SCF:0001723	AC:001488	A0A4V8GZZ8	A0A4V8H000	A0A4V8GZZ7	SP:0001488	SP:0006228	11_24	CF-B-provisional	medium
SCF:0001724	AC:001488	A0A4V8H000	A0A4V8GZZ8	A0A4V8GZZ9	SP:0001488	SP:0010650	11_24	CF-B-provisional	medium
SCF:0001725	AC:001488	A0A4V8H000	A0A4V8GZZ8	A0A4V8H001	SP:0001488	SP:0009399	11_24	CF-B-provisional	medium
SCF:0001726	AC:001488	A0A4V8H000	A0A4V8GZZ8	A0A4V8GZZ7	SP:0001488	SP:0006543	11_24	CF-B-provisional	medium
SCF:0001727	AC:001490	A4VD15	Q24CL2	Q23S05	SP:0001490	SP:0011204	11_24	CF-B-provisional	remote_sequence
SCF:0001728	AC:001490	Q24CL2	A4VD15	Q23S05	SP:0001490	SP:0006474	11_24	CF-B-provisional	medium
SCF:0001729	AC:001491	A0A1D8NGI5	A0A1D8NEL0	Q6ZY23	SP:0001491	SP:0011208	11_24	CF-B-provisional	remote_sequence
SCF:0001730	AC:001492	Q38859	O82504	Q9LK40	SP:0001492	SP:0008789	11_24	CF-B-provisional	remote_sequence
SCF:0001731	AC:001493	M2XWX3	E3UIU5	M2XR49	SP:0001493	SP:0006846	11_24	CF-B-provisional	medium
SCF:0001732	AC:001496	A0QSG3	A0R102	A0QS96	SP:0001496	SP:0008154	11_24	CF-B-provisional	remote_sequence
SCF:0001733	AC:001497	I0YQ46	I0Z7A6	I0Z7A7	SP:0001497	SP:0008864	11_24	CF-B-provisional	high
SCF:0001734	AC:001497	I0YQ46	I0Z7A6	I0YQ45	SP:0001497	SP:0006337	11_24	CF-B-provisional	medium
SCF:0001735	AC:001497	I0YQ46	I0Z7A6	I0YQ44	SP:0001497	SP:0008636	11_24	CF-B-provisional	medium
SCF:0001736	AC:001497	I0Z7A6	I0YQ46	I0YQ44	SP:0001497	SP:0007743	11_24	CF-B-provisional	high
SCF:0001737	AC:001497	I0Z7A6	I0YQ46	I0Z2Y0	SP:0001497	SP:0008865	11_24	CF-B-provisional	high
SCF:0001738	AC:001497	I0Z7A6	I0YQ46	I0Z7A7	SP:0001497	SP:0007742	11_24	CF-B-provisional	medium
SCF:0001739	AC:001498	P09119	P47112	P54791	SP:0001498	SP:0011215	11_24	CF-B-provisional	remote_sequence
SCF:0001740	AC:001498	P09119	P47112	P50874	SP:0001498	SP:0011216	11_24	CF-B-provisional	remote_sequence
SCF:0001741	AC:001498	P47112	P09119	P50874	SP:0001498	SP:0011218	11_24	CF-B-provisional	medium
SCF:0001742	AC:001498	P47112	P09119	P54791	SP:0001498	SP:0008453	11_24	CF-B-provisional	medium
SCF:0001743	AC:001498	P47112	P09119	P54790	SP:0001498	SP:0008452	11_24	CF-B-provisional	remote_sequence
SCF:0001744	AC:001499	A0A4V8H007	A0A4V8GZZ5	A0A4V8H008	SP:0001499	SP:0007121	11_24	CF-B-provisional	medium
SCF:0001745	AC:001499	A0A4V8H007	A0A4V8GZZ5	A0A4V8H006	SP:0001499	SP:0007132	11_24	CF-B-provisional	remote_sequence
SCF:0001746	AC:001501	A0A0G4HMN0	A0A0G4HNB1	A0A0G4GX86	SP:0001501	SP:0008278	11_24	CF-B-provisional	remote_sequence
SCF:0001747	AC:001501	A0A0G4HNB1	A0A0G4HMN0	A0A0G4FDJ8	SP:0001501	SP:0008277	11_24	CF-B-provisional	remote_sequence
SCF:0001748	AC:001502	Q9C639	Q9S7N7	Q9SHE8	SP:0001502	SP:0007518	11_24	CF-B-provisional	remote_sequence
SCF:0001749	AC:001502	Q9S7N7	Q9C639	Q01667	SP:0001502	SP:0009025	11_24	CF-B-provisional	medium
SCF:0001750	AC:001505	Q9V1U8	P62010	Q9UZL4	SP:0001505	SP:0011229	11_24	CF-B-provisional	remote_sequence
SCF:0001751	AC:001508	P80372	P80376	P80374	SP:0001508	SP:0011233	11_24	CF-B-provisional	remote_sequence
SCF:0001752	AC:001508	P80372	P80376	Q5SLP6	SP:0001508	SP:0011234	11_24	CF-B-provisional	remote_sequence
SCF:0001753	AC:001508	P80372	P80376	P0A7J7	SP:0001508	SP:0011235	11_24	CF-B-provisional	remote_sequence
SCF:0001754	AC:001508	P80376	P80372	Q5SLP7	SP:0001508	SP:0011236	11_24	CF-B-provisional	remote_sequence
SCF:0001755	AC:001509	A0A287BJQ2	F1SJP6	A0A8D1NRT6	SP:0001509	SP:0011239	11_24	CF-B-provisional	remote_sequence
SCF:0001756	AC:001509	A0A287BJQ2	F1SJP6	A0A287AAR5	SP:0001509	SP:0011240	11_24	CF-B-provisional	remote_sequence
SCF:0001757	AC:001509	F1SJP6	A0A287BJQ2	A0A8D1TL60	SP:0001509	SP:0011242	11_24	CF-B-provisional	medium
SCF:0001758	AC:001509	F1SJP6	A0A287BJQ2	A0A4X1VTL7	SP:0001509	SP:0011243	11_24	CF-B-provisional	remote_sequence
SCF:0001759	AC:001509	F1SJP6	A0A287BJQ2	A0A8D1J578	SP:0001509	SP:0011244	11_24	CF-B-provisional	remote_sequence
SCF:0001760	AC:001510	P30153	Q5VSL9	Q9NVH2	SP:0001510	SP:0011245	3_10	CF-B-provisional	remote_sequence
SCF:0001761	AC:001510	P30153	Q5VSL9	Q9H0H0	SP:0001510	SP:0011246	3_10	CF-B-provisional	remote_sequence
SCF:0001762	AC:001513	Q6GMX4	Q8TCD0	S6B2B6	SP:0001513	SP:0009370	11_24	CF-B-provisional	medium
SCF:0001763	AC:001514	P0A8T7	P0A9G4	P0ABS1	SP:0001514	SP:0009034	3_10	CF-B-provisional	remote_sequence
SCF:0001764	AC:001514	P0A8T7	P0A9G4	P0A7R5	SP:0001514	SP:0011259	3_10	CF-B-provisional	remote_sequence
SCF:0001765	AC:001515	O14352	Q9Y7M4	O74499	SP:0001515	SP:0006229	3_10	CF-B-provisional	medium
SCF:0001766	AC:001515	O14352	Q9Y7M4	O74483	SP:0001515	SP:0011081	3_10	CF-B-provisional	remote_sequence
SCF:0001767	AC:001515	Q9Y7M4	O14352	Q9UUI1	SP:0001515	SP:0010708	3_10	CF-B-provisional	remote_sequence
SCF:0001768	AC:001515	Q9Y7M4	O14352	O74483	SP:0001515	SP:0010709	3_10	CF-B-provisional	remote_sequence
SCF:0001769	AC:001515	Q9Y7M4	O14352	O94408	SP:0001515	SP:0010710	3_10	CF-B-provisional	remote_sequence
SCF:0001770	AC:001516	A0A2K3CXW8	A8J353	A8INX1	SP:0001516	SP:0008769	11_24	CF-B-provisional	medium
SCF:0001771	AC:001516	A8J353	A0A2K3CXW8	A8IH07	SP:0001516	SP:0006262	11_24	CF-B-provisional	remote_sequence
SCF:0001772	AC:001518	P87306	P87310	Q92399	SP:0001518	SP:0011138	11_24	CF-B-provisional	remote_sequence
SCF:0001773	AC:001518	P87306	P87310	O13964	SP:0001518	SP:0011263	11_24	CF-B-provisional	remote_sequence
SCF:0001774	AC:001518	P87306	P87310	Q9P6Q0	SP:0001518	SP:0010507	11_24	CF-B-provisional	remote_sequence
SCF:0001775	AC:001518	P87310	P87306	O60104	SP:0001518	SP:0009546	11_24	CF-B-provisional	remote_sequence
SCF:0001776	AC:001519	Q32L40	Q3MHL7	Q3T084	SP:0001519	SP:0011264	11_24	CF-B-provisional	high
SCF:0001777	AC:001519	Q32L40	Q3MHL7	Q2T9X2	SP:0001519	SP:0011265	11_24	CF-B-provisional	medium
SCF:0001778	AC:001519	Q32L40	Q3MHL7	Q3T0K2	SP:0001519	SP:0011266	11_24	CF-B-provisional	medium
SCF:0001779	AC:001519	Q3MHL7	Q32L40	Q2NKZ1	SP:0001519	SP:0011267	11_24	CF-B-provisional	medium
SCF:0001780	AC:001519	Q3MHL7	Q32L40	Q3ZBH0	SP:0001519	SP:0011268	11_24	CF-B-provisional	medium
SCF:0001781	AC:001519	Q3MHL7	Q32L40	Q2T9X2	SP:0001519	SP:0011269	11_24	CF-B-provisional	medium
SCF:0001782	AC:001524	A8IL32	Q75VZ0	Q75VY7	SP:0001524	SP:0008831	11_24	CF-B-provisional	high
SCF:0001783	AC:001524	A8IL32	Q75VZ0	A8ITV3	SP:0001524	SP:0008832	11_24	CF-B-provisional	medium
SCF:0001784	AC:001524	Q75VZ0	A8IL32	Q75VY7	SP:0001524	SP:0007479	11_24	CF-B-provisional	medium
SCF:0001785	AC:001525	Q2FW06	Q2FW07	Q2FW18	SP:0001525	SP:0011278	11_24	CF-B-provisional	remote_sequence
SCF:0001786	AC:001525	Q2FW07	Q2FW06	P60430	SP:0001525	SP:0011281	11_24	CF-B-provisional	remote_sequence
SCF:0001787	AC:001526	P49368	Q9NQP4	O60925	SP:0001526	SP:0009021	11_24	CF-B-provisional	medium
SCF:0001788	AC:001526	P49368	Q9NQP4	Q99471	SP:0001526	SP:0006526	11_24	CF-B-provisional	remote_sequence
SCF:0001789	AC:001526	P49368	Q9NQP4	O15212	SP:0001526	SP:0008779	11_24	CF-B-provisional	remote_sequence
SCF:0001790	AC:001526	Q9NQP4	P49368	P50991	SP:0001526	SP:0006625	11_24	CF-B-provisional	medium
SCF:0001791	AC:001529	Q12834	Q9UJX3	Q9UJX2	SP:0001529	SP:0011287	11_24	CF-B-provisional	medium
SCF:0001792	AC:001529	Q12834	Q9UJX3	Q13042	SP:0001529	SP:0011288	11_24	CF-B-provisional	remote_sequence
SCF:0001793	AC:001529	Q12834	Q9UJX3	Q9UJX6	SP:0001529	SP:0011289	11_24	CF-B-provisional	remote_sequence
SCF:0001794	AC:001530	A0A0M3KL10	A0A0M3KL11	Q9S7N7	SP:0001530	SP:0009190	11_24	CF-B-provisional	medium
SCF:0001795	AC:001532	Q00914	Q84Y02	Q05093	SP:0001532	SP:0010059	11_24	CF-B-provisional	high
SCF:0001796	AC:001533	A0A4V8GZZ4	A0A4V8GZZ7	A0A4V8GZZ8	SP:0001533	SP:0006226	11_24	CF-B-provisional	medium
SCF:0001797	AC:001534	A8J3C3	A8J353	A8INX1	SP:0001534	SP:0011295	11_24	CF-B-provisional	medium
SCF:0001798	AC:001535	O65101	B6TR16	B6U534	SP:0001535	SP:0007500	11_24	CF-B-provisional	medium
SCF:0001799	AC:001536	P0DOY9	Q5SLQ0	P80382	SP:0001536	SP:0011298	11_24	CF-B-provisional	high
SCF:0001800	AC:001536	P0DOY9	Q5SLQ0	P80380	SP:0001536	SP:0011299	11_24	CF-B-provisional	remote_sequence
SCF:0001801	AC:001536	P0DOY9	Q5SLQ0	Q5SHN7	SP:0001536	SP:0011300	11_24	CF-B-provisional	remote_sequence
SCF:0001802	AC:001536	Q5SLQ0	P0DOY9	Q5SHN3	SP:0001536	SP:0011301	11_24	CF-B-provisional	medium
SCF:0001803	AC:001536	Q5SLQ0	P0DOY9	P80374	SP:0001536	SP:0009967	11_24	CF-B-provisional	medium
SCF:0001804	AC:001536	Q5SLQ0	P0DOY9	P80377	SP:0001536	SP:0011302	11_24	CF-B-provisional	remote_sequence
SCF:0001805	AC:001538	W8T6F0	C3SR52	C3SRY2	SP:0001538	SP:0011310	11_24	CF-B-provisional	remote_sequence
SCF:0001806	AC:001540	E1C9L1	E1C9L2	Q32904	SP:0001540	SP:0010787	11_24	CF-B-provisional	remote_sequence
SCF:0001807	AC:001541	Q2G113	Q2G2Q4	Q2G2Q1	SP:0001541	SP:0006571	11_24	CF-B-provisional	remote_sequence
SCF:0001808	AC:001542	E3UIU5	M2XR49	M2X090	SP:0001542	SP:0008393	11_24	CF-B-provisional	high
SCF:0001809	AC:001542	E3UIU5	M2XR49	M2VTV2	SP:0001542	SP:0007180	11_24	CF-B-provisional	high
SCF:0001810	AC:001544	Q9RXK0	Q9RXJ1	Q9RSJ5	SP:0001544	SP:0011321	3_10	CF-B-provisional	remote_sequence
SCF:0001811	AC:001545	A0AAN0Y0R4	A0AAN0Y3T9	A0AAN0Y138	SP:0001545	SP:0008428	11_24	CF-B-provisional	remote_sequence
SCF:0001812	AC:001548	P0A7Z4	P0A9G4	P0AG44	SP:0001548	SP:0011324	3_10	CF-B-provisional	remote_sequence
SCF:0001813	AC:001548	P0A7Z4	P0A9G4	P0A7R5	SP:0001548	SP:0011325	3_10	CF-B-provisional	remote_sequence
SCF:0001814	AC:001549	Q8A1D9	Q8A0S2	Q8A1P7	SP:0001549	SP:0008536	3_10	CF-B-provisional	medium
SCF:0001815	AC:001550	A0A2K3CXW8	A8IS47	A8INX1	SP:0001550	SP:0008769	11_24	CF-B-provisional	medium
SCF:0001816	AC:001550	A8IS47	A0A2K3CXW8	A8IH07	SP:0001550	SP:0006440	11_24	CF-B-provisional	remote_sequence
SCF:0001817	AC:001550	A8IS47	A0A2K3CXW8	A8IJ60	SP:0001550	SP:0008850	11_24	CF-B-provisional	remote_sequence
SCF:0001818	AC:001550	A8IS47	A0A2K3CXW8	P42380	SP:0001550	SP:0011327	11_24	CF-B-provisional	remote_sequence
SCF:0001819	AC:001552	C1K004	D0FXZ0	D0FXV2	SP:0001552	SP:0008963	11_24	CF-B-provisional	high
SCF:0001820	AC:001552	D0FXZ0	C1K004	C1K003	SP:0001552	SP:0006410	11_24	CF-B-provisional	medium
SCF:0001821	AC:001555	Q3E830	P53290	Q00582	SP:0001555	SP:0011340	3_10	CF-A-provisional	medium
SCF:0001822	AC:001558	P20248	Q13309	Q9UJX2	SP:0001558	SP:0011350	3_10	CF-B-provisional	remote_sequence
SCF:0001823	AC:001558	Q13309	P20248	Q13098	SP:0001558	SP:0010881	3_10	CF-B-provisional	remote_sequence
SCF:0001824	AC:001559	Q9LK40	O81097	Q9M1A8	SP:0001559	SP:0008522	11_24	CF-B-provisional	high
SCF:0001825	AC:001559	Q9LK40	O81097	Q9FJ98	SP:0001559	SP:0010983	11_24	CF-B-provisional	medium
SCF:0001826	AC:001560	A0A5S8WF89	A0A5S8WF91	A0A5S8WF90	SP:0001560	SP:0010034	3_10	CF-B-provisional	high
SCF:0001827	AC:001561	Q2FW11	Q2FW21	P0A0F8	SP:0001561	SP:0011356	11_24	CF-B-provisional	medium
SCF:0001828	AC:001561	Q2FW11	Q2FW21	Q2FW13	SP:0001561	SP:0011357	11_24	CF-B-provisional	remote_sequence
SCF:0001829	AC:001561	Q2FW11	Q2FW21	Q2FW18	SP:0001561	SP:0011358	11_24	CF-B-provisional	remote_sequence
SCF:0001830	AC:001561	Q2FW21	Q2FW11	Q2FW13	SP:0001561	SP:0011360	11_24	CF-B-provisional	remote_sequence
SCF:0001831	AC:001561	Q2FW21	Q2FW11	Q2FW22	SP:0001561	SP:0011361	11_24	CF-B-provisional	remote_sequence
SCF:0001832	AC:001562	O94742	Q12049	Q12250	SP:0001562	SP:0011362	3_10	CF-B-provisional	remote_sequence
SCF:0001833	AC:001564	P48240	P38801	P53256	SP:0001564	SP:0007434	11_24	CF-B-provisional	remote_sequence
SCF:0001834	AC:001564	P48240	P38801	P53725	SP:0001564	SP:0011372	11_24	CF-B-provisional	remote_sequence
SCF:0001835	AC:001565	I7LT80	I7MDA9	W7WX86	SP:0001565	SP:0007384	11_24	CF-B-provisional	medium
SCF:0001836	AC:001565	I7MDA9	I7LT80	A4VD15	SP:0001565	SP:0011205	11_24	CF-B-provisional	remote_sequence
SCF:0001837	AC:001565	I7MDA9	I7LT80	Q23YW7	SP:0001565	SP:0006463	11_24	CF-B-provisional	remote_sequence
SCF:0001838	AC:001565	I7MDA9	I7LT80	Q23S05	SP:0001565	SP:0011376	11_24	CF-B-provisional	remote_sequence
SCF:0001839	AC:001566	A0QSG2	A0QZ86	A0QSD7	SP:0001566	SP:0008560	11_24	CF-B-provisional	remote_sequence
SCF:0001840	AC:001566	A0QZ86	A0QSG2	A0R7F7	SP:0001566	SP:0008565	11_24	CF-B-provisional	remote_sequence
SCF:0001841	AC:001568	Q9M1J2	O81097	Q9FJ98	SP:0001568	SP:0008174	11_24	CF-B-provisional	medium
SCF:0001842	AC:001569	Q00916	P39682	Q03776	SP:0001569	SP:0011383	11_24	CF-B-provisional	remote_sequence
SCF:0001843	AC:001569	Q00916	P39682	P53207	SP:0001569	SP:0011384	11_24	CF-B-provisional	remote_sequence
SCF:0001844	AC:001575	I7LWE3	Q24C31	Q23YW7	SP:0001575	SP:0011393	11_24	CF-B-provisional	medium
SCF:0001845	AC:001575	I7LWE3	Q24C31	Q24DJ0	SP:0001575	SP:0011394	11_24	CF-B-provisional	remote_sequence
SCF:0001846	AC:001575	I7LWE3	Q24C31	I7LT80	SP:0001575	SP:0011395	11_24	CF-B-provisional	remote_sequence
SCF:0001847	AC:001575	Q24C31	I7LWE3	Q229S1	SP:0001575	SP:0008340	11_24	CF-B-provisional	remote_sequence
SCF:0001848	AC:001576	A8HUP3	A0A2K3DLI2	A0A2K3DQ46	SP:0001576	SP:0007335	11_24	CF-B-provisional	remote_sequence
SCF:0001849	AC:001578	Q08749	P87108	P32830	SP:0001578	SP:0008283	3_10	CF-B-provisional	medium
SCF:0001850	AC:001581	P9WGY5	O53830	P9WGZ1	SP:0001581	SP:0006467	11_24	CF-B-provisional	remote_sequence
SCF:0001851	AC:001584	I0YQ45	I0Z7A6	I0Z7A7	SP:0001584	SP:0009010	11_24	CF-B-provisional	high
SCF:0001852	AC:001584	I0YQ45	I0Z7A6	I0YQ46	SP:0001584	SP:0006337	11_24	CF-B-provisional	high
SCF:0001853	AC:001584	I0Z7A6	I0YQ45	I0Z7A7	SP:0001584	SP:0007742	11_24	CF-B-provisional	high
SCF:0001854	AC:001584	I0Z7A6	I0YQ45	I0YQ44	SP:0001584	SP:0007743	11_24	CF-B-provisional	medium
SCF:0001855	AC:001584	I0Z7A6	I0YQ45	I0Z2Y0	SP:0001584	SP:0008865	11_24	CF-B-provisional	medium
SCF:0001856	AC:001590	Q9UJW0	P61163	P60709	SP:0001590	SP:0011428	11_24	CF-B-provisional	high
SCF:0001857	AC:001590	Q9UJW0	P61163	Q9NZ32	SP:0001590	SP:0011429	11_24	CF-B-provisional	medium
SCF:0001858	AC:001592	P59763	A0A2K3DWM2	A8I846	SP:0001592	SP:0011433	11_24	CF-B-provisional	medium
SCF:0001859	AC:001594	G0S8E0	G0SH09	G0SEM4	SP:0001594	SP:0007436	11_24	CF-B-provisional	remote_sequence
SCF:0001860	AC:001594	G0S8E0	G0SH09	G0S7Z4	SP:0001594	SP:0007437	11_24	CF-B-provisional	remote_sequence
SCF:0001861	AC:001594	G0SH09	G0S8E0	G0S3J8	SP:0001594	SP:0011439	11_24	CF-B-provisional	medium
SCF:0001862	AC:001596	Q94AQ8	P26288	P56752	SP:0001596	SP:0010212	11_24	CF-B-provisional	remote_sequence
SCF:0001863	AC:001598	A0A4V8GZZ2	A0A4V8GZZ9	A0A4V8GZZ8	SP:0001598	SP:0006227	11_24	CF-B-provisional	medium
SCF:0001864	AC:001598	A0A4V8GZZ9	A0A4V8GZZ2	A0A4V8H003	SP:0001598	SP:0011454	11_24	CF-B-provisional	medium
SCF:0001865	AC:001601	O43402	Q5JPE7	Q8N766	SP:0001601	SP:0011456	11_24	CF-B-provisional	remote_sequence
SCF:0001866	AC:001602	Q6NLH0	Q39212	Q39211	SP:0001602	SP:0009271	11_24	CF-B-provisional	high
SCF:0001867	AC:001603	Q8N140	Q96MF7	Q8WV22	SP:0001603	SP:0008032	3_10	CF-B-provisional	remote_sequence
SCF:0001868	AC:001604	Q9UBQ0	O60826	Q96QK1	SP:0001604	SP:0011463	3_10	CF-B-provisional	remote_sequence
SCF:0001869	AC:001607	O14352	O94408	O74483	SP:0001607	SP:0011081	3_10	CF-B-provisional	remote_sequence
SCF:0001870	AC:001607	O94408	O14352	P87173	SP:0001607	SP:0006233	3_10	CF-B-provisional	medium
SCF:0001871	AC:001607	O94408	O14352	O74483	SP:0001607	SP:0011476	3_10	CF-B-provisional	remote_sequence
SCF:0001872	AC:001607	O94408	O14352	Q9Y7M4	SP:0001607	SP:0010710	3_10	CF-B-provisional	remote_sequence
SCF:0001873	AC:001611	Q8LGE7	P93313	B5TM92	SP:0001611	SP:0011481	11_24	CF-B-provisional	remote_sequence
SCF:0001874	AC:001611	Q8LGE7	P93313	P29388	SP:0001611	SP:0011482	11_24	CF-B-provisional	remote_sequence
SCF:0001875	AC:001612	Q92316	P33767	P41543	SP:0001612	SP:0008728	3_10	CF-B-provisional	remote_sequence
SCF:0001876	AC:001614	Q9XFH4	Q9LD28	P06897	SP:0001614	SP:0008547	3_10	CF-B-provisional	high
SCF:0001877	AC:001614	Q9XFH4	Q9LD28	P02281	SP:0001614	SP:0008545	3_10	CF-B-provisional	remote_sequence
SCF:0001878	AC:001614	Q9XFH4	Q9LD28	P84233	SP:0001614	SP:0008546	3_10	CF-B-provisional	remote_sequence
SCF:0001879	AC:001615	Q9C567	Q9SAJ3	F4J3N2	SP:0001615	SP:0011491	11_24	CF-B-provisional	remote_sequence
SCF:0001880	AC:001616	P39075	P37871	P37870	SP:0001616	SP:0008640	3_10	CF-B-provisional	medium
SCF:0001881	AC:001620	W8SY74	A0A2P6TPR7	A0A2P6TS63	SP:0001620	SP:0006266	11_24	CF-B-provisional	medium
SCF:0001882	AC:001621	E1C9L0	Q32904	Q9SQL2	SP:0001621	SP:0011509	11_24	CF-B-provisional	high
SCF:0001883	AC:001621	E1C9L0	Q32904	Q41038	SP:0001621	SP:0011510	11_24	CF-B-provisional	medium
SCF:0001884	AC:001621	E1C9L0	Q32904	P12355	SP:0001621	SP:0010089	11_24	CF-B-provisional	medium
SCF:0001885	AC:001623	P21471	P21477	P21470	SP:0001623	SP:0011512	11_24	CF-B-provisional	remote_sequence
SCF:0001886	AC:001623	P21471	P21477	P21472	SP:0001623	SP:0006305	11_24	CF-B-provisional	remote_sequence
SCF:0001887	AC:001623	P21477	P21471	P12874	SP:0001623	SP:0011514	11_24	CF-B-provisional	remote_sequence
SCF:0001888	AC:001623	P21477	P21471	P21474	SP:0001623	SP:0011515	11_24	CF-B-provisional	remote_sequence
SCF:0001889	AC:001624	P30260	Q9UKT4	P14635	SP:0001624	SP:0011516	11_24	CF-B-provisional	remote_sequence
SCF:0001890	AC:001624	Q9UKT4	P30260	Q9UJX4	SP:0001624	SP:0011518	11_24	CF-B-provisional	remote_sequence
SCF:0001891	AC:001625	G0S755	G0SE33	G0SC21	SP:0001625	SP:0008981	3_10	CF-B-provisional	remote_sequence
SCF:0001892	AC:001625	G0SE33	G0S755	G0S1P1	SP:0001625	SP:0006560	3_10	CF-A-provisional	medium
SCF:0001893	AC:001627	Q6YXR3	A0A2K1J0L9	A0A2K1IAD0	SP:0001627	SP:0006653	11_24	CF-B-provisional	remote_sequence
SCF:0001894	AC:001629	Q15843	O95376	Q9Y4X5	SP:0001629	SP:0011535	3_10	CF-B-provisional	medium
SCF:0001895	AC:001630	O60925	Q99832	P17987	SP:0001630	SP:0008780	11_24	CF-B-provisional	medium
SCF:0001896	AC:001630	O60925	Q99832	P49368	SP:0001630	SP:0009021	11_24	CF-B-provisional	medium
SCF:0001897	AC:001631	E1C9K6	P16002	A5Z2K3	SP:0001631	SP:0006782	11_24	CF-B-provisional	medium
SCF:0001898	AC:001631	E1C9K6	P16002	P09911	SP:0001631	SP:0007090	11_24	CF-B-provisional	remote_sequence
SCF:0001899	AC:001631	E1C9K6	P16002	P12355	SP:0001631	SP:0011538	11_24	CF-B-provisional	remote_sequence
SCF:0001900	AC:001633	Q9FLM8	Q9LQ02	Q9LK40	SP:0001633	SP:0010505	11_24	CF-B-provisional	remote_sequence
SCF:0001901	AC:001634	A0ACD6B9M2	A0ACD6B9M4	A0ACD6B9L6	SP:0001634	SP:0007858	3_10	CF-B-provisional	remote_sequence
SCF:0001902	AC:001635	A0T0V1	B5YM25	B8C0K4	SP:0001635	SP:0011544	11_24	CF-B-provisional	medium
SCF:0001903	AC:001635	A0T0V1	B5YM25	B8C2K6	SP:0001635	SP:0006096	11_24	CF-B-provisional	medium
SCF:0001904	AC:001635	A0T0V1	B5YM25	B8C770	SP:0001635	SP:0006733	11_24	CF-B-provisional	medium
SCF:0001905	AC:001636	A0A1B2U0I9	A0A1B2U0C6	A0A1M5L889	SP:0001636	SP:0008142	11_24	CF-B-provisional	remote_sequence
SCF:0001906	AC:001640	Q9LK40	Q9M1J2	O81098	SP:0001640	SP:0009266	11_24	CF-B-provisional	medium
SCF:0001907	AC:001642	Q96N11	Q9NV88	Q9NVR2	SP:0001642	SP:0009895	11_24	CF-B-provisional	remote_sequence
SCF:0001908	AC:001644	D0FXX2	A0A1C8XRM6	D0FXY3	SP:0001644	SP:0011565	11_24	CF-B-provisional	medium
SCF:0001909	AC:001645	G0RZX8	P0CT46	G0SC21	SP:0001645	SP:0010287	3_10	CF-B-provisional	remote_sequence
SCF:0001910	AC:001645	G0RZX8	P0CT46	G0SCD1	SP:0001645	SP:0006434	3_10	CF-B-provisional	remote_sequence
SCF:0001911	AC:001645	P0CT46	G0RZX8	G0S9A0	SP:0001645	SP:0011569	3_10	CF-B-provisional	remote_sequence
SCF:0001912	AC:001645	P0CT46	G0RZX8	G0S1P1	SP:0001645	SP:0011570	3_10	CF-B-provisional	remote_sequence
SCF:0001913	AC:001645	P0CT46	G0RZX8	G0SC21	SP:0001645	SP:0008979	3_10	CF-B-provisional	remote_sequence
SCF:0001914	AC:001646	Q00361	P32876	P07926	SP:0001646	SP:0011573	11_24	CF-B-provisional	high
SCF:0001915	AC:001650	Q9LTI0	A8MPR5	F4KF14	SP:0001650	SP:0010315	11_24	CF-B-provisional	medium
SCF:0001916	AC:001650	Q9LTI0	A8MPR5	Q9SAJ3	SP:0001650	SP:0009786	11_24	CF-B-provisional	medium
SCF:0001917	AC:001650	Q9LTI0	A8MPR5	F4J3N2	SP:0001650	SP:0010316	11_24	CF-B-provisional	remote_sequence
SCF:0001918	AC:001651	Q9BT78	Q9UBF6	P62877	SP:0001651	SP:0007022	11_24	CF-B-provisional	high
SCF:0001919	AC:001651	Q9UBF6	Q9BT78	Q9H9Q2	SP:0001651	SP:0006634	11_24	CF-B-provisional	remote_sequence
SCF:0001920	AC:001651	Q9UBF6	Q9BT78	Q9UNS2	SP:0001651	SP:0006632	11_24	CF-B-provisional	remote_sequence
SCF:0001921	AC:001652	P14854	P15954	P12074	SP:0001652	SP:0008394	11_24	CF-B-provisional	remote_sequence
SCF:0001922	AC:001653	Q9UZL4	Q9UY20	Q9V1U5	SP:0001653	SP:0011586	11_24	CF-B-provisional	remote_sequence
SCF:0001923	AC:001655	O75140	Q9Y2Q5	Q0VGL1	SP:0001655	SP:0011592	3_10	CF-A-provisional	medium
SCF:0001924	AC:001656	P32613	Q03630	P38334	SP:0001656	SP:0011598	11_24	CF-B-provisional	remote_sequence
SCF:0001925	AC:001656	Q03630	P32613	P36149	SP:0001656	SP:0011601	11_24	CF-B-provisional	remote_sequence
SCF:0001926	AC:001656	Q03630	P32613	P38334	SP:0001656	SP:0011602	11_24	CF-B-provisional	remote_sequence
SCF:0001927	AC:001661	Q75VZ0	Q84Y02	Q75VY7	SP:0001661	SP:0007479	11_24	CF-B-provisional	high
SCF:0001928	AC:001661	Q75VZ0	Q84Y02	Q05093	SP:0001661	SP:0007481	11_24	CF-B-provisional	high
SCF:0001929	AC:001661	Q75VZ0	Q84Y02	Q75VY6	SP:0001661	SP:0007480	11_24	CF-B-provisional	medium
SCF:0001930	AC:001661	Q84Y02	Q75VZ0	Q75VY6	SP:0001661	SP:0008885	11_24	CF-B-provisional	high
SCF:0001931	AC:001661	Q84Y02	Q75VZ0	Q75VY8	SP:0001661	SP:0010367	11_24	CF-B-provisional	high
SCF:0001932	AC:001661	Q84Y02	Q75VZ0	Q75VY7	SP:0001661	SP:0010366	11_24	CF-B-provisional	high
SCF:0001933	AC:001662	A0A140S919	A0A069QC99	E2RXT0	SP:0001662	SP:0011609	11_24	CF-B-provisional	remote_sequence
SCF:0001934	AC:001663	Q12415	Q12308	P32367	SP:0001663	SP:0006482	3_10	CF-B-provisional	remote_sequence
SCF:0001935	AC:001667	Q9Y265	Q9Y4R8	Q9H9F9	SP:0001667	SP:0011617	3_10	CF-B-provisional	remote_sequence
SCF:0001936	AC:001669	P40227	P61758	Q9UHV9	SP:0001669	SP:0008881	11_24	CF-B-provisional	remote_sequence
SCF:0001937	AC:001669	P40227	P61758	O15212	SP:0001669	SP:0009067	11_24	CF-B-provisional	remote_sequence
SCF:0001938	AC:001669	P40227	P61758	Q99471	SP:0001669	SP:0006528	11_24	CF-B-provisional	remote_sequence
SCF:0001939	AC:001671	Q9UZL4	Q9V1V0	Q9UYS3	SP:0001671	SP:0011625	11_24	CF-B-provisional	medium
SCF:0001940	AC:001671	Q9V1V0	Q9UZL4	Q9UY20	SP:0001671	SP:0011585	11_24	CF-B-provisional	remote_sequence
SCF:0001941	AC:001671	Q9V1V0	Q9UZL4	P61994	SP:0001671	SP:0011626	11_24	CF-B-provisional	remote_sequence
SCF:0001942	AC:001671	Q9V1V0	Q9UZL4	P62010	SP:0001671	SP:0011627	11_24	CF-B-provisional	remote_sequence
SCF:0001943	AC:001672	P35718	P29056	P32349	SP:0001672	SP:0008255	11_24	CF-B-provisional	remote_sequence
SCF:0001944	AC:001673	P0A800	P0AFW0	P0AFG0	SP:0001673	SP:0011632	3_10	CF-A-provisional	medium
SCF:0001945	AC:001675	Q6YXM2	A0A2K1JLZ3	A0A2K1K0C7	SP:0001675	SP:0009012	11_24	CF-B-provisional	medium
SCF:0001946	AC:001678	P20504	P68449	P68608	SP:0001678	SP:0011644	11_24	CF-B-provisional	remote_sequence
SCF:0001947	AC:001678	P68449	P20504	P20979	SP:0001678	SP:0008901	11_24	CF-B-provisional	remote_sequence
SCF:0001948	AC:001681	Q96HW7	Q96SY0	P30153	SP:0001681	SP:0011651	11_24	CF-B-provisional	remote_sequence
SCF:0001949	AC:001681	Q96SY0	Q96HW7	Q9NVR2	SP:0001681	SP:0006681	11_24	CF-B-provisional	remote_sequence
SCF:0001950	AC:001682	A0T0V1	B8BUW3	B8C770	SP:0001682	SP:0006733	11_24	CF-B-provisional	medium
SCF:0001951	AC:001682	A0T0V1	B8BUW3	B8C0K4	SP:0001682	SP:0011544	11_24	CF-B-provisional	medium
SCF:0001952	AC:001683	E3UIU5	M2Y652	M2VTV2	SP:0001683	SP:0007180	11_24	CF-B-provisional	high
SCF:0001953	AC:001683	E3UIU5	M2Y652	M2X090	SP:0001683	SP:0008393	11_24	CF-B-provisional	medium
SCF:0001954	AC:001684	A0A2P6THB2	A0A2P6U4S6	A0A2P6U0J1	SP:0001684	SP:0009787	11_24	CF-B-provisional	medium
SCF:0001955	AC:001685	A0A1B2U0I9	A0A1M6QGN9	A0A1M5L6R0	SP:0001685	SP:0010413	11_24	CF-B-provisional	remote_sequence
SCF:0001956	AC:001687	A0A4V8GZZ3	A0A4V8H002	A0A4V8GZZ7	SP:0001687	SP:0006541	11_24	CF-B-provisional	medium
SCF:0001957	AC:001690	P17227	E1C9L3	A0A0M3KL11	SP:0001690	SP:0011291	11_24	CF-B-provisional	medium
SCF:0001958	AC:001690	P17227	E1C9L3	A0A0M3KL10	SP:0001690	SP:0008205	11_24	CF-B-provisional	medium
SCF:0001959	AC:001690	P17227	E1C9L3	A0A0M3KL13	SP:0001690	SP:0011658	11_24	CF-B-provisional	medium
SCF:0001960	AC:001691	D5MAL3	E1C9K9	A0A0M3KL10	SP:0001691	SP:0011659	11_24	CF-B-provisional	high
SCF:0001961	AC:001693	Q96HW7	Q9NVM9	Q9NV88	SP:0001693	SP:0011660	11_24	CF-B-provisional	remote_sequence
SCF:0001962	AC:001693	Q96HW7	Q9NVM9	Q5TA45	SP:0001693	SP:0011661	11_24	CF-B-provisional	remote_sequence
SCF:0001963	AC:001695	C3TRH7	C3SQS2	P0A7W1	SP:0001695	SP:0011663	11_24	CF-B-provisional	remote_sequence
SCF:0001964	AC:001699	P20429	O35011	O31718	SP:0001699	SP:0009985	3_10	CF-B-provisional	remote_sequence
SCF:0001965	AC:001700	E1C9L3	P05311	A0A0F6NFW5	SP:0001700	SP:0009483	11_24	CF-B-provisional	high
SCF:0001966	AC:001700	E1C9L3	P05311	P05310	SP:0001700	SP:0009482	11_24	CF-B-provisional	high
SCF:0001967	AC:001700	P05311	E1C9L3	A0A0M3KL11	SP:0001700	SP:0011669	11_24	CF-B-provisional	medium
SCF:0001968	AC:001700	P05311	E1C9L3	A0A0M3KL10	SP:0001700	SP:0011670	11_24	CF-B-provisional	medium
SCF:0001969	AC:001700	P05311	E1C9L3	A0A0M3KL13	SP:0001700	SP:0007087	11_24	CF-B-provisional	medium
SCF:0001970	AC:001703	P56768	Q9SUI5	Q9S7N7	SP:0001703	SP:0009043	11_24	CF-B-provisional	medium
SCF:0001971	AC:001705	Q6YXK4	A0A2K1JDE1	A0A2K1JC42	SP:0001705	SP:0008422	11_24	CF-B-provisional	medium
SCF:0001972	AC:001707	A0A2K9VK93	A0A2K9VK99	A0A2K9VK98	SP:0001707	SP:0008685	11_24	CF-B-provisional	remote_sequence
SCF:0001973	AC:001707	A0A2K9VK99	A0A2K9VK93	A0A2K9VK98	SP:0001707	SP:0007469	11_24	CF-B-provisional	remote_sequence
SCF:0001974	AC:001708	Q93077	Q9Y230	Q71F23	SP:0001708	SP:0011682	11_24	CF-B-provisional	remote_sequence
SCF:0001975	AC:001708	Q93077	Q9Y230	P54274	SP:0001708	SP:0011683	11_24	CF-B-provisional	remote_sequence
SCF:0001976	AC:001708	Q9Y230	Q93077	P04908	SP:0001708	SP:0010242	11_24	CF-B-provisional	high
SCF:0001977	AC:001708	Q9Y230	Q93077	P33778	SP:0001708	SP:0010122	11_24	CF-B-provisional	medium
SCF:0001978	AC:001709	Q9NQT4	Q9Y2L1	Q8TF46	SP:0001709	SP:0011685	11_24	CF-B-provisional	medium
SCF:0001979	AC:001709	Q9NQT4	Q9Y2L1	Q9Y450	SP:0001709	SP:0011686	11_24	CF-B-provisional	remote_sequence
SCF:0001980	AC:001709	Q9Y2L1	Q9NQT4	Q9NPD3	SP:0001709	SP:0011103	11_24	CF-B-provisional	medium
SCF:0001981	AC:001709	Q9Y2L1	Q9NQT4	Q15024	SP:0001709	SP:0011104	11_24	CF-B-provisional	medium
SCF:0001982	AC:001711	O57204	Q76ZS0	Q76ZQ8	SP:0001711	SP:0011690	3_10	CF-B-provisional	remote_sequence
SCF:0001983	AC:001711	Q76ZS0	O57204	Q76ZP7	SP:0001711	SP:0011693	3_10	CF-B-provisional	remote_sequence
SCF:0001984	AC:001712	P07839	Q75VY7	P12356	SP:0001712	SP:0006320	11_24	CF-B-provisional	medium
SCF:0001985	AC:001714	Q9UBF6	Q96MG8	Q9UNS2	SP:0001714	SP:0006632	3_10	CF-B-provisional	remote_sequence
SCF:0001986	AC:001717	A0A4V8GZZ8	A0A4V8H003	A0A4V8GZZ2	SP:0001717	SP:0006227	11_24	CF-B-provisional	medium
SCF:0001987	AC:001717	A0A4V8H003	A0A4V8GZZ8	A0A4V8H002	SP:0001717	SP:0007129	11_24	CF-B-provisional	medium
SCF:0001988	AC:001717	A0A4V8H003	A0A4V8GZZ8	A0A4V8GZZ9	SP:0001717	SP:0011454	11_24	CF-B-provisional	medium
SCF:0001989	AC:001717	A0A4V8H003	A0A4V8GZZ8	A0A4V8H004	SP:0001717	SP:0007706	11_24	CF-B-provisional	medium
SCF:0001990	AC:001718	A0A2P6TZ50	A0A2P6U4K1	A0A2P6TQ14	SP:0001718	SP:0006755	11_24	CF-B-provisional	high
SCF:0001991	AC:001718	A0A2P6TZ50	A0A2P6U4K1	A0A2P6TT36	SP:0001718	SP:0007169	11_24	CF-B-provisional	medium
SCF:0001992	AC:001718	A0A2P6TZ50	A0A2P6U4K1	A0A2P6TS63	SP:0001718	SP:0007170	11_24	CF-B-provisional	medium
SCF:0001993	AC:001718	A0A2P6U4K1	A0A2P6TZ50	A0A2P6TS63	SP:0001718	SP:0006263	11_24	CF-B-provisional	high
SCF:0001994	AC:001718	A0A2P6U4K1	A0A2P6TZ50	A0A2P6TPR7	SP:0001718	SP:0006264	11_24	CF-B-provisional	medium
SCF:0001995	AC:001719	Q22A67	I7MHB1	Q22MV2	SP:0001719	SP:0011709	11_24	CF-B-provisional	remote_sequence
SCF:0001996	AC:001720	Q9TM22	O19882	O19927	SP:0001720	SP:0009173	11_24	CF-B-provisional	remote_sequence
SCF:0001997	AC:001722	P12154	Q75VY7	Q75VY4	SP:0001722	SP:0006119	11_24	CF-B-provisional	high
SCF:0001998	AC:001722	P12154	Q75VY7	Q05093	SP:0001722	SP:0006121	11_24	CF-B-provisional	high
SCF:0001999	AC:001728	Q6YXQ2	A0A2K1JLZ3	A9RT62	SP:0001728	SP:0011739	11_24	CF-B-provisional	high
SCF:0002000	AC:001728	Q6YXQ2	A0A2K1JLZ3	A0A2K1JKF2	SP:0001728	SP:0010703	11_24	CF-B-provisional	medium
SCF:0002001	AC:001731	P02293	Q12509	P53298	SP:0001731	SP:0011742	11_24	CF-B-provisional	remote_sequence
SCF:0002002	AC:001731	Q12509	P02293	P61830	SP:0001731	SP:0007160	11_24	CF-B-provisional	remote_sequence
SCF:0002003	AC:001732	A0QS96	A0R550	A0QSG2	SP:0001732	SP:0008153	11_24	CF-B-provisional	remote_sequence
SCF:0002004	AC:001732	A0R550	A0QS96	A0QSG5	SP:0001732	SP:0011746	11_24	CF-B-provisional	remote_sequence
SCF:0002005	AC:001732	A0R550	A0QS96	A0QSP9	SP:0001732	SP:0008158	11_24	CF-B-provisional	remote_sequence
SCF:0002006	AC:001733	P37256	A0A2K3DWM2	A8I846	SP:0001733	SP:0011748	11_24	CF-B-provisional	medium
SCF:0002007	AC:001735	A0A2K1IB10	A0A2K1KN29	A0A2K1K0C7	SP:0001735	SP:0006655	11_24	CF-B-provisional	medium
SCF:0002008	AC:001735	A0A2K1IB10	A0A2K1KN29	A9RT62	SP:0001735	SP:0010701	11_24	CF-B-provisional	medium
SCF:0002009	AC:001735	A0A2K1IB10	A0A2K1KN29	A0A2K1KKR9	SP:0001735	SP:0006657	11_24	CF-B-provisional	medium
SCF:0002010	AC:001735	A0A2K1KN29	A0A2K1IB10	A0A2K1JLZ3	SP:0001735	SP:0008120	11_24	CF-B-provisional	medium
SCF:0002011	AC:001735	A0A2K1KN29	A0A2K1IB10	A0A2K1K0C7	SP:0001735	SP:0009245	11_24	CF-B-provisional	medium
SCF:0002012	AC:001738	Q8CJT1	Q9L0Q9	Q9L0I8	SP:0001738	SP:0010098	11_24	CF-B-provisional	remote_sequence
SCF:0002013	AC:001740	P04439	P07766	P01732	SP:0001740	SP:0011760	11_24	CF-B-provisional	remote_sequence
SCF:0002014	AC:001740	P04439	P07766	P68979	SP:0001740	SP:0011761	11_24	CF-B-provisional	remote_sequence
SCF:0002015	AC:001740	P04439	P07766	P09713	SP:0001740	SP:0011762	11_24	CF-B-provisional	remote_sequence
SCF:0002016	AC:001740	P07766	P04439	P0DTU4	SP:0001740	SP:0011763	11_24	CF-B-provisional	remote_sequence
SCF:0002017	AC:001742	P00165	P00289	P00166	SP:0001742	SP:0011717	11_24	CF-B-provisional	remote_sequence
SCF:0002018	AC:001743	A0A2K3DM81	A0A2K3DLI2	A0A2K3DQ46	SP:0001743	SP:0008583	11_24	CF-B-provisional	remote_sequence
SCF:0002019	AC:001744	A8HUP3	A0A2K3CRM9	A0A2K3DLF7	SP:0001744	SP:0009222	11_24	CF-B-provisional	remote_sequence
SCF:0002020	AC:001746	A0A7S3R4R1	A0A7S3VHS4	A0A7S3VSS7	SP:0001746	SP:0011768	11_24	CF-B-provisional	high
SCF:0002021	AC:001746	A0A7S3VHS4	A0A7S3R4R1	A0A7S3VSS7	SP:0001746	SP:0011770	11_24	CF-B-provisional	high
SCF:0002022	AC:001747	Q9SUI4	Q9SYW8	Q9SHR7	SP:0001747	SP:0008369	11_24	CF-B-provisional	medium
SCF:0002023	AC:001747	Q9SUI4	Q9SYW8	Q9SA56	SP:0001747	SP:0009945	11_24	CF-B-provisional	remote_sequence
SCF:0002024	AC:001747	Q9SYW8	Q9SUI4	Q9C639	SP:0001747	SP:0009715	11_24	CF-B-provisional	remote_sequence
SCF:0002025	AC:001749	A0A4V8H005	A0A4V8GZZ8	A0A4V8GZZ9	SP:0001749	SP:0006544	11_24	CF-B-provisional	medium
SCF:0002026	AC:001749	A0A4V8H005	A0A4V8GZZ8	A0A4V8H001	SP:0001749	SP:0006545	11_24	CF-B-provisional	medium
SCF:0002027	AC:001749	A0A4V8H005	A0A4V8GZZ8	A0A4V8H006	SP:0001749	SP:0007707	11_24	CF-B-provisional	remote_sequence
SCF:0002028	AC:001752	P09144	Q75VY7	Q7DM26	SP:0001752	SP:0010357	11_24	CF-B-provisional	high
SCF:0002029	AC:001752	P09144	Q75VY7	Q05093	SP:0001752	SP:0011783	11_24	CF-B-provisional	high
SCF:0002030	AC:001752	P09144	Q75VY7	A8ITV3	SP:0001752	SP:0006116	11_24	CF-B-provisional	medium
SCF:0002031	AC:001754	A0A0G4GX71	A0A0G4HNB1	A0A0G4I0G6	SP:0001754	SP:0011784	11_24	CF-B-provisional	medium
SCF:0002032	AC:001754	A0A0G4GX71	A0A0G4HNB1	A0A0G4FDJ8	SP:0001754	SP:0011785	11_24	CF-B-provisional	remote_sequence
SCF:0002033	AC:001755	D0CD10	D0CD19	D0CG36	SP:0001755	SP:0010922	3_10	CF-B-provisional	remote_sequence
SCF:0002034	AC:001758	P9WPS1	P9WPV3	P9WPU7	SP:0001758	SP:0011791	11_24	CF-B-provisional	medium
SCF:0002035	AC:001758	P9WPS1	P9WPV3	P9WPU9	SP:0001758	SP:0011792	11_24	CF-B-provisional	remote_sequence
SCF:0002036	AC:001759	Q7Z4G1	Q9UBI1	Q9P000	SP:0001759	SP:0009861	11_24	CF-B-provisional	medium
SCF:0002037	AC:001759	Q7Z4G1	Q9UBI1	Q86VX2	SP:0001759	SP:0011794	11_24	CF-B-provisional	remote_sequence
SCF:0002038	AC:001759	Q7Z4G1	Q9UBI1	Q9H0A8	SP:0001759	SP:0009863	11_24	CF-B-provisional	remote_sequence
SCF:0002039	AC:001760	P68449	P21087	P20980	SP:0001760	SP:0008899	11_24	CF-B-provisional	remote_sequence
SCF:0002040	AC:001761	E9NPS8	I0YQ44	I0YP76	SP:0001761	SP:0008867	11_24	CF-B-provisional	medium
SCF:0002041	AC:001761	E9NPS8	I0YQ44	I0YP72	SP:0001761	SP:0008673	11_24	CF-B-provisional	medium
SCF:0002042	AC:001763	P83794	P83796	P83795	SP:0001763	SP:0011800	11_24	CF-B-provisional	remote_sequence
SCF:0002043	AC:001764	A8IFG7	Q75VZ0	Q75VY7	SP:0001764	SP:0008856	11_24	CF-B-provisional	high
SCF:0002044	AC:001764	A8IFG7	Q75VZ0	A8ITV3	SP:0001764	SP:0006117	11_24	CF-B-provisional	medium
SCF:0002045	AC:001764	A8IFG7	Q75VZ0	Q84Y02	SP:0001764	SP:0008858	11_24	CF-B-provisional	medium
SCF:0002046	AC:001765	G0S9A0	G0S1P1	G0S755	SP:0001765	SP:0011807	3_10	CF-A-provisional	medium
SCF:0002047	AC:001765	G0S9A0	G0S1P1	G0RZG4	SP:0001765	SP:0006432	3_10	CF-B-provisional	remote_sequence
SCF:0002048	AC:001765	G0S9A0	G0S1P1	G0RZX8	SP:0001765	SP:0011808	3_10	CF-B-provisional	remote_sequence
SCF:0002049	AC:001767	P80377	Q5SJH3	Q5SLQ0	SP:0001767	SP:0011302	11_24	CF-B-provisional	remote_sequence
SCF:0002050	AC:001767	P80377	Q5SJH3	Q5SHP6	SP:0001767	SP:0011810	11_24	CF-B-provisional	remote_sequence
SCF:0002051	AC:001767	Q5SJH3	P80377	Q5SHN3	SP:0001767	SP:0009969	11_24	CF-B-provisional	remote_sequence
SCF:0002052	AC:001767	Q5SJH3	P80377	P17291	SP:0001767	SP:0011812	11_24	CF-B-provisional	remote_sequence
SCF:0002053	AC:001768	P12357	Q41385	Q01667	SP:0001768	SP:0010024	11_24	CF-B-provisional	remote_sequence
SCF:0002054	AC:001768	P12357	Q41385	A0A9R0J8B1	SP:0001768	SP:0011814	11_24	CF-B-provisional	remote_sequence
SCF:0002055	AC:001769	P02309	P32480	P54784	SP:0001769	SP:0011819	11_24	CF-B-provisional	remote_sequence
SCF:0002056	AC:001769	P02309	P32480	Q12748	SP:0001769	SP:0011820	11_24	CF-B-provisional	remote_sequence
SCF:0002057	AC:001770	Q13352	Q9H3R5	Q6IPU0	SP:0001770	SP:0011822	11_24	CF-B-provisional	remote_sequence
SCF:0002058	AC:001770	Q9H3R5	Q13352	Q9BS16	SP:0001770	SP:0011825	11_24	CF-B-provisional	remote_sequence
SCF:0002059	AC:001772	A4VE64	Q24CE5	I7MCM8	SP:0001772	SP:0008467	11_24	CF-B-provisional	remote_sequence
SCF:0002060	AC:001772	Q24CE5	A4VE64	W7XJB1	SP:0001772	SP:0007981	11_24	CF-B-provisional	medium
SCF:0002061	AC:001772	Q24CE5	A4VE64	Q24DI9	SP:0001772	SP:0007980	11_24	CF-B-provisional	medium
SCF:0002062	AC:001773	Q389F5	Q381A0	Q389W4	SP:0001773	SP:0010623	3_10	CF-B-provisional	remote_sequence
SCF:0002063	AC:001773	Q389F5	Q381A0	Q57ZX7	SP:0001773	SP:0008474	3_10	CF-B-provisional	remote_sequence
SCF:0002064	AC:001774	Q9NQP4	P48643	P50991	SP:0001774	SP:0006625	11_24	CF-B-provisional	medium
SCF:0002065	AC:001775	G2TRJ4	O74824	O74544	SP:0001775	SP:0011689	3_10	CF-B-provisional	medium
SCF:0002066	AC:001780	Q8U0M5	Q8U4N1	Q8U216	SP:0001780	SP:0009996	11_24	CF-B-provisional	remote_sequence
SCF:0002067	AC:001781	P36121	P41910	P32910	SP:0001781	SP:0006447	11_24	CF-B-provisional	remote_sequence
SCF:0002068	AC:001781	P36121	P41910	P25441	SP:0001781	SP:0007927	11_24	CF-B-provisional	remote_sequence
SCF:0002069	AC:001783	Q9SN86	F4J3N2	Q9SAJ3	SP:0001783	SP:0007142	11_24	CF-B-provisional	remote_sequence
SCF:0002070	AC:001785	P38801	Q12277	P38792	SP:0001785	SP:0011345	11_24	CF-B-provisional	remote_sequence
SCF:0002071	AC:001785	Q12277	P38801	P53256	SP:0001785	SP:0007137	11_24	CF-B-provisional	remote_sequence
SCF:0002072	AC:001785	Q12277	P38801	P53725	SP:0001785	SP:0011850	11_24	CF-B-provisional	remote_sequence
SCF:0002073	AC:001786	P07703	P41910	Q01080	SP:0001786	SP:0010799	11_24	CF-B-provisional	remote_sequence
SCF:0002074	AC:001786	P07703	P41910	Q04712	SP:0001786	SP:0011851	11_24	CF-B-provisional	remote_sequence
SCF:0002075	AC:001786	P41910	P07703	P32910	SP:0001786	SP:0011853	11_24	CF-B-provisional	remote_sequence
SCF:0002076	AC:001788	Q9S7N7	Q9SA56	Q9SUI7	SP:0001788	SP:0007971	11_24	CF-B-provisional	remote_sequence
SCF:0002077	AC:001791	Q9BT73	P25787	P25786	SP:0001791	SP:0007216	11_24	CF-B-provisional	medium
SCF:0002078	AC:001791	Q9BT73	P25787	P25788	SP:0001791	SP:0007214	11_24	CF-B-provisional	medium
SCF:0002079	AC:001791	Q9BT73	P25787	P28066	SP:0001791	SP:0007215	11_24	CF-B-provisional	medium
SCF:0002080	AC:001792	Q9C567	A8MPR5	F4J3N2	SP:0001792	SP:0011491	11_24	CF-B-provisional	remote_sequence
SCF:0002081	AC:001795	P58565	Q8YQ35	A0ACD6B989	SP:0001795	SP:0008238	11_24	CF-B-provisional	medium
SCF:0002082	AC:001795	Q8YQ35	P58565	P58576	SP:0001795	SP:0007056	11_24	CF-B-provisional	medium
SCF:0002083	AC:001796	Q8MFA2	A0A2K1KN29	A0A2K1JLZ3	SP:0001796	SP:0008121	11_24	CF-B-provisional	medium
SCF:0002084	AC:001796	Q8MFA2	A0A2K1KN29	A0A2K1IB10	SP:0001796	SP:0009014	11_24	CF-B-provisional	medium
SCF:0002085	AC:001796	Q8MFA2	A0A2K1KN29	A0A2K1KIF2	SP:0001796	SP:0011874	11_24	CF-B-provisional	remote_sequence
SCF:0002086	AC:001797	E9NPX1	I0Z2Y0	I0YQ44	SP:0001797	SP:0007739	11_24	CF-B-provisional	high
SCF:0002087	AC:001797	E9NPX1	I0Z2Y0	I0YQ46	SP:0001797	SP:0006335	11_24	CF-B-provisional	high
SCF:0002088	AC:001797	E9NPX1	I0Z2Y0	I0Z7V3	SP:0001797	SP:0007740	11_24	CF-B-provisional	medium
SCF:0002089	AC:001799	P38826	P30665	P53091	SP:0001799	SP:0008076	11_24	CF-B-provisional	medium
SCF:0002090	AC:001799	P38826	P30665	P29469	SP:0001799	SP:0007673	11_24	CF-B-provisional	medium
SCF:0002091	AC:001799	P38826	P30665	P29496	SP:0001799	SP:0007462	11_24	CF-B-provisional	medium
SCF:0002092	AC:001800	P34160	Q00916	Q08920	SP:0001800	SP:0006786	11_24	CF-B-provisional	remote_sequence
SCF:0002093	AC:001801	B8YB60	B8YB58	B8YB65	SP:0001801	SP:0008449	11_24	CF-B-provisional	remote_sequence
SCF:0002094	AC:001802	P20248	Q9UJX4	Q13042	SP:0001802	SP:0011881	11_24	CF-B-provisional	remote_sequence
SCF:0002095	AC:001802	P20248	Q9UJX4	P30260	SP:0001802	SP:0008096	11_24	CF-B-provisional	remote_sequence
SCF:0002096	AC:001802	P20248	Q9UJX4	P28749	SP:0001802	SP:0011882	11_24	CF-B-provisional	remote_sequence
SCF:0002097	AC:001804	G0S8E0	G0S3J8	G0S292	SP:0001804	SP:0007435	11_24	CF-B-provisional	remote_sequence
SCF:0002098	AC:001805	Q95695	P26288	A0A1B1W4Z4	SP:0001805	SP:0008887	11_24	CF-B-provisional	remote_sequence
SCF:0002099	AC:001805	Q95695	P26288	P56752	SP:0001805	SP:0006562	11_24	CF-B-provisional	remote_sequence
SCF:0002100	AC:001806	Q3T084	Q3T0K2	Q2T9X2	SP:0001806	SP:0011892	11_24	CF-B-provisional	medium
SCF:0002101	AC:001806	Q3T084	Q3T0K2	Q32L40	SP:0001806	SP:0011264	11_24	CF-B-provisional	medium
SCF:0002102	AC:001806	Q3T084	Q3T0K2	Q3MHL7	SP:0001806	SP:0011893	11_24	CF-B-provisional	medium
SCF:0002103	AC:001806	Q3T0K2	Q3T084	Q3MHL7	SP:0001806	SP:0011894	11_24	CF-B-provisional	high
SCF:0002104	AC:001806	Q3T0K2	Q3T084	Q2T9X2	SP:0001806	SP:0011895	11_24	CF-B-provisional	medium
SCF:0002105	AC:001806	Q3T0K2	Q3T084	Q32L40	SP:0001806	SP:0011266	11_24	CF-B-provisional	medium
SCF:0002106	AC:001807	Q6NLH0	Q9M1A8	Q9FJ98	SP:0001807	SP:0009461	11_24	CF-B-provisional	medium
SCF:0002107	AC:001811	G0RZG4	G0S755	G0SC21	SP:0001811	SP:0006430	3_10	CF-B-provisional	remote_sequence
SCF:0002108	AC:001811	G0RZG4	G0S755	G0SE33	SP:0001811	SP:0011522	3_10	CF-B-provisional	remote_sequence
SCF:0002109	AC:001811	G0S755	G0RZG4	G0S1P1	SP:0001811	SP:0006559	3_10	CF-B-provisional	remote_sequence
SCF:0002110	AC:001814	A8IL21	A8J353	A8INX1	SP:0001814	SP:0008847	11_24	CF-B-provisional	medium
SCF:0002111	AC:001814	A8IL21	A8J353	A8IS47	SP:0001814	SP:0008849	11_24	CF-B-provisional	remote_sequence
SCF:0002112	AC:001814	A8IL21	A8J353	A8IJ60	SP:0001814	SP:0009642	11_24	CF-B-provisional	remote_sequence
SCF:0002113	AC:001814	A8J353	A8IL21	A8INX1	SP:0001814	SP:0006261	11_24	CF-B-provisional	medium
SCF:0002114	AC:001814	A8J353	A8IL21	A8IH07	SP:0001814	SP:0006262	11_24	CF-B-provisional	remote_sequence
SCF:0002115	AC:001815	Q2FKZ2	Q2FKZ4	Q2FME3	SP:0001815	SP:0011901	11_24	CF-B-provisional	medium
SCF:0002116	AC:001816	A8MPR5	Q9SAJ3	F4KF14	SP:0001816	SP:0010435	11_24	CF-B-provisional	medium
SCF:0002117	AC:001816	A8MPR5	Q9SAJ3	O22993	SP:0001816	SP:0008937	11_24	CF-B-provisional	medium
SCF:0002118	AC:001816	Q9SAJ3	A8MPR5	F4KF14	SP:0001816	SP:0009785	11_24	CF-B-provisional	medium
SCF:0002119	AC:001817	A4VEB3	A4VE64	Q1HFW0	SP:0001817	SP:0008207	11_24	CF-B-provisional	medium
SCF:0002120	AC:001817	A4VEB3	A4VE64	W7XJB1	SP:0001817	SP:0011907	11_24	CF-B-provisional	medium
SCF:0002121	AC:001818	P28000	P32349	P36070	SP:0001818	SP:0011908	11_24	CF-B-provisional	remote_sequence
SCF:0002122	AC:001819	Q1HFX4	Q1HGH8	Q22R86	SP:0001819	SP:0009637	11_24	CF-B-provisional	remote_sequence
SCF:0002123	AC:001820	P56767	Q9SY97	Q01667	SP:0001820	SP:0010640	11_24	CF-B-provisional	medium
SCF:0002124	AC:001820	P56767	Q9SY97	Q9SHE8	SP:0001820	SP:0011913	11_24	CF-B-provisional	medium
SCF:0002125	AC:001820	Q9SY97	P56767	P05310	SP:0001820	SP:0011914	11_24	CF-B-provisional	high
SCF:0002126	AC:001820	Q9SY97	P56767	P56766	SP:0001820	SP:0009747	11_24	CF-B-provisional	high
SCF:0002127	AC:001821	Q1HFX4	Q1HFV9	Q1HFW2	SP:0001821	SP:0009635	11_24	CF-B-provisional	medium
SCF:0002128	AC:001821	Q1HFX4	Q1HFV9	W7XJB1	SP:0001821	SP:0009636	11_24	CF-B-provisional	medium
SCF:0002129	AC:001825	A0A0G4GX86	A0A0G4FL36	A0A0G4HMN0	SP:0001825	SP:0008278	11_24	CF-B-provisional	medium
SCF:0002130	AC:001825	A0A0G4GX86	A0A0G4FL36	A0A0G4HNB1	SP:0001825	SP:0010792	11_24	CF-B-provisional	medium
SCF:0002131	AC:001827	Q9H0A8	Q9Y6G5	Q86X83	SP:0001827	SP:0009422	11_24	CF-B-provisional	remote_sequence
SCF:0002132	AC:001827	Q9H0A8	Q9Y6G5	Q9NX08	SP:0001827	SP:0009979	11_24	CF-B-provisional	remote_sequence
SCF:0002133	AC:001827	Q9H0A8	Q9Y6G5	Q9UBI1	SP:0001827	SP:0009977	11_24	CF-B-provisional	remote_sequence
SCF:0002134	AC:001827	Q9Y6G5	Q9H0A8	Q9P000	SP:0001827	SP:0011120	11_24	CF-B-provisional	medium
SCF:0002135	AC:001827	Q9Y6G5	Q9H0A8	Q9GZQ3	SP:0001827	SP:0011121	11_24	CF-B-provisional	remote_sequence
SCF:0002136	AC:001827	Q9Y6G5	Q9H0A8	Q9UBI1	SP:0001827	SP:0011920	11_24	CF-B-provisional	remote_sequence
SCF:0002137	AC:001828	A8J3C3	A8IJ60	A8IL21	SP:0001828	SP:0011296	11_24	CF-B-provisional	medium
SCF:0002138	AC:001828	A8J3C3	A8IJ60	A8INX1	SP:0001828	SP:0011295	11_24	CF-B-provisional	medium
SCF:0002139	AC:001830	Q9Y230	Q9Y4R8	Q9H9F9	SP:0001830	SP:0011923	3_10	CF-B-provisional	remote_sequence
SCF:0002140	AC:001832	P49368	Q13885	P07437	SP:0001832	SP:0011928	11_24	CF-B-provisional	high
SCF:0002141	AC:001832	P49368	Q13885	P50991	SP:0001832	SP:0011929	11_24	CF-B-provisional	remote_sequence
SCF:0002142	AC:001832	Q13885	P49368	P48643	SP:0001832	SP:0011831	11_24	CF-B-provisional	medium
SCF:0002143	AC:001832	Q13885	P49368	P17987	SP:0001832	SP:0011932	11_24	CF-B-provisional	medium
SCF:0002144	AC:001833	A0A2K1J0L9	A0A2K1K0C7	A0A2K1K0E4	SP:0001833	SP:0011525	11_24	CF-B-provisional	high
SCF:0002145	AC:001833	A0A2K1J0L9	A0A2K1K0C7	A0A2K1KN29	SP:0001833	SP:0011013	11_24	CF-B-provisional	medium
SCF:0002146	AC:001833	A0A2K1K0C7	A0A2K1J0L9	A0A2K1K0E4	SP:0001833	SP:0009013	11_24	CF-B-provisional	medium
SCF:0002147	AC:001836	E1C9L1	A0A0H2UKZ4	A0A0M3KL12	SP:0001836	SP:0011938	11_24	CF-B-provisional	high
SCF:0002148	AC:001838	B6SQZ7	O65101	A0A1D6HY75	SP:0001838	SP:0007496	11_24	CF-B-provisional	remote_sequence
SCF:0002149	AC:001839	Q8DMA1	Q8DMR6	Q8DKF5	SP:0001839	SP:0006972	11_24	CF-B-provisional	medium
SCF:0002150	AC:001841	O60566	Q13042	Q9UJX2	SP:0001841	SP:0011941	11_24	CF-B-provisional	remote_sequence
SCF:0002151	AC:001841	O60566	Q13042	Q12834	SP:0001841	SP:0011942	11_24	CF-B-provisional	remote_sequence
SCF:0002152	AC:001841	Q13042	O60566	Q9UJX6	SP:0001841	SP:0011944	11_24	CF-B-provisional	remote_sequence
SCF:0002153	AC:001844	A0T0V0	B8BUW3	B8C770	SP:0001844	SP:0011947	11_24	CF-B-provisional	medium
SCF:0002154	AC:001844	A0T0V0	B8BUW3	B8C0K4	SP:0001844	SP:0011948	11_24	CF-B-provisional	medium
SCF:0002155	AC:001848	P22224	P89102	P32855	SP:0001848	SP:0009906	3_10	CF-A-provisional	medium
SCF:0002156	AC:001848	P22224	P89102	P38261	SP:0001848	SP:0006076	3_10	CF-B-provisional	remote_sequence
SCF:0002157	AC:001848	P89102	P22224	P33332	SP:0001848	SP:0006073	3_10	CF-B-provisional	remote_sequence
SCF:0002158	AC:001848	P89102	P22224	P32855	SP:0001848	SP:0010261	3_10	CF-B-provisional	remote_sequence
SCF:0002159	AC:001848	P89102	P22224	P32844	SP:0001848	SP:0010292	3_10	CF-B-provisional	remote_sequence
SCF:0002160	AC:001851	A0A2K3CY83	A0A2K3DHV6	A8HUP3	SP:0001851	SP:0009223	11_24	CF-B-provisional	remote_sequence
SCF:0002161	AC:001856	P04038	Q01321	P62894	SP:0001856	SP:0011968	11_24	CF-B-provisional	remote_sequence
SCF:0002162	AC:001857	I7MHB1	Q22R86	Q1HFV9	SP:0001857	SP:0008953	11_24	CF-B-provisional	remote_sequence
SCF:0002163	AC:001857	I7MHB1	Q22R86	W7XJB1	SP:0001857	SP:0009776	11_24	CF-B-provisional	remote_sequence
SCF:0002164	AC:001860	Q06265	P42285	Q15477	SP:0001860	SP:0011977	11_24	CF-B-provisional	medium
SCF:0002165	AC:001860	Q06265	P42285	Q8TF46	SP:0001860	SP:0011978	11_24	CF-B-provisional	remote_sequence
SCF:0002166	AC:001860	Q06265	P42285	Q9Y450	SP:0001860	SP:0011979	11_24	CF-B-provisional	remote_sequence
SCF:0002167	AC:001861	P14867	P34903	P47869	SP:0001861	SP:0011980	3_10	CF-B-provisional	high
SCF:0002168	AC:001861	P14867	P34903	P18507	SP:0001861	SP:0011981	3_10	CF-B-provisional	high
SCF:0002169	AC:001861	P14867	P34903	P18505	SP:0001861	SP:0011982	3_10	CF-B-provisional	medium
SCF:0002170	AC:001861	P34903	P14867	P18507	SP:0001861	SP:0011983	3_10	CF-B-provisional	high
SCF:0002171	AC:001861	P34903	P14867	P47870	SP:0001861	SP:0011984	3_10	CF-B-provisional	medium
SCF:0002172	AC:001867	Q980R2	Q7LXK4	Q980Q9	SP:0001867	SP:0010887	11_24	CF-B-provisional	remote_sequence
SCF:0002173	AC:001869	O00762	Q9UJX4	P30260	SP:0001869	SP:0011998	11_24	CF-B-provisional	remote_sequence
SCF:0002174	AC:001872	Q03660	Q03630	P38334	SP:0001872	SP:0012010	11_24	CF-B-provisional	remote_sequence
SCF:0002175	AC:001876	B7IA26	B7IA17	V5VBA5	SP:0001876	SP:0012018	11_24	CF-B-provisional	remote_sequence
SCF:0002176	AC:001876	B7IA26	B7IA17	A0A7U3Y815	SP:0001876	SP:0009650	11_24	CF-B-provisional	remote_sequence
SCF:0002177	AC:001877	F4JYR0	A8MPR5	F4KF14	SP:0001877	SP:0007141	11_24	CF-B-provisional	medium
SCF:0002178	AC:001877	F4JYR0	A8MPR5	Q9SAJ3	SP:0001877	SP:0007139	11_24	CF-B-provisional	medium
SCF:0002179	AC:001877	F4JYR0	A8MPR5	F4J3N2	SP:0001877	SP:0008936	11_24	CF-B-provisional	remote_sequence
SCF:0002180	AC:001879	Q9USP0	P56288	P56287	SP:0001879	SP:0012020	11_24	CF-B-provisional	remote_sequence
SCF:0002181	AC:001882	P36886	P69416	P10793	SP:0001882	SP:0009800	11_24	CF-B-provisional	high
SCF:0002182	AC:001883	Q8U439	Q8U4N1	Q8U216	SP:0001883	SP:0011066	11_24	CF-B-provisional	remote_sequence
SCF:0002183	AC:001888	P26289	P26288	A0A1B1W4Z0	SP:0001888	SP:0012033	11_24	CF-B-provisional	high
SCF:0002184	AC:001888	P26289	P26288	A0A1B1W4Z4	SP:0001888	SP:0012034	11_24	CF-B-provisional	remote_sequence
SCF:0002185	AC:001888	P26289	P26288	P56752	SP:0001888	SP:0010214	11_24	CF-B-provisional	remote_sequence
SCF:0002186	AC:001892	P30394	A8HPD0	A8HPH1	SP:0001892	SP:0011366	11_24	CF-B-provisional	high
SCF:0002187	AC:001892	P30394	A8HPD0	A8HPE4	SP:0001892	SP:0012040	11_24	CF-B-provisional	medium
SCF:0002188	AC:001894	P0A7Z4	P0AGB3	A0A377D9Q8	SP:0001894	SP:0012044	3_10	CF-B-provisional	remote_sequence
SCF:0002189	AC:001895	Q9UJX6	Q9UJX3	Q9UJX2	SP:0001895	SP:0012050	11_24	CF-B-provisional	medium
SCF:0002190	AC:001895	Q9UJX6	Q9UJX3	Q13042	SP:0001895	SP:0011944	11_24	CF-B-provisional	remote_sequence
SCF:0002191	AC:001895	Q9UJX6	Q9UJX3	P0CG48	SP:0001895	SP:0012051	11_24	CF-B-provisional	remote_sequence
SCF:0002192	AC:001896	P14575	Q9P4W1	G2TRP5	SP:0001896	SP:0011737	11_24	CF-B-provisional	remote_sequence
SCF:0002193	AC:001899	A0AAN0XZY2	A0AAN0Y3T9	A0AAN0Y0S4	SP:0001899	SP:0008504	11_24	CF-B-provisional	remote_sequence
SCF:0002194	AC:001899	A0AAN0XZY2	A0AAN0Y3T9	A0AAN0Y4G9	SP:0001899	SP:0010149	11_24	CF-B-provisional	remote_sequence
SCF:0002195	AC:001900	G3MXC8	P61157	A7MB62	SP:0001900	SP:0012062	3_10	CF-A-provisional	medium
SCF:0002196	AC:001900	P61157	G3MXC8	Q3SYX9	SP:0001900	SP:0012064	3_10	CF-A-provisional	high
SCF:0002197	AC:001901	Q9HB90	Q15382	Q7L523	SP:0001901	SP:0012066	11_24	CF-B-provisional	remote_sequence
SCF:0002198	AC:001902	A0A4V8H010	A0A4V8H006	A0A4V8GZZ5	SP:0001902	SP:0009526	11_24	CF-B-provisional	remote_sequence
SCF:0002199	AC:001903	P38550	A0A1S4D4H1	P06271	SP:0001903	SP:0012069	11_24	CF-B-provisional	remote_sequence
SCF:0002200	AC:001903	P38550	A0A1S4D4H1	A0A1S4CE74	SP:0001903	SP:0009338	11_24	CF-B-provisional	remote_sequence
SCF:0002201	AC:001905	P35718	P46678	P32349	SP:0001905	SP:0008255	11_24	CF-B-provisional	remote_sequence
SCF:0002202	AC:001908	O67335	O66842	O67337	SP:0001908	SP:0012074	3_10	CF-B-provisional	remote_sequence
SCF:0002203	AC:001909	Q9C567	O22993	F4J3N2	SP:0001909	SP:0011491	11_24	CF-B-provisional	remote_sequence
SCF:0002204	AC:001910	C3SR57	W8T6F0	C3SRY2	SP:0001910	SP:0012077	11_24	CF-B-provisional	remote_sequence
SCF:0002205	AC:001911	A8HPD0	A8HPH1	A8HPD7	SP:0001911	SP:0012038	11_24	CF-B-provisional	high
SCF:0002206	AC:001911	A8HPD0	A8HPH1	A8HPC6	SP:0001911	SP:0012080	11_24	CF-B-provisional	remote_sequence
SCF:0002207	AC:001911	A8HPD0	A8HPH1	A8HPD3	SP:0001911	SP:0007610	11_24	CF-B-provisional	remote_sequence
SCF:0002208	AC:001911	A8HPH1	A8HPD0	A8HPD7	SP:0001911	SP:0012081	11_24	CF-B-provisional	high
SCF:0002209	AC:001911	A8HPH1	A8HPD0	A8HPC6	SP:0001911	SP:0012082	11_24	CF-B-provisional	medium
SCF:0002210	AC:001912	P0A7W1	P0A8A8	P0A7X3	SP:0001912	SP:0012083	11_24	CF-B-provisional	remote_sequence
SCF:0002211	AC:001913	Q04307	P35718	P20434	SP:0001913	SP:0007775	11_24	CF-B-provisional	remote_sequence
SCF:0002212	AC:001914	D0CD01	D0CG36	D0CD19	SP:0001914	SP:0007884	3_10	CF-B-provisional	remote_sequence
SCF:0002213	AC:001915	P38786	Q12530	P28005	SP:0001915	SP:0012005	11_24	CF-B-provisional	remote_sequence
SCF:0002214	AC:001917	P28005	P40993	P53218	SP:0001917	SP:0012088	3_10	CF-B-provisional	remote_sequence
SCF:0002215	AC:001918	E1C9L3	Q41038	Q32904	SP:0001918	SP:0008219	11_24	CF-B-provisional	medium
SCF:0002216	AC:001919	A0A1D5SLI4	A0A1D5UKZ4	A0A3B6IU74	SP:0001919	SP:0007270	11_24	CF-B-provisional	medium
SCF:0002217	AC:001925	Q6YXQ2	A0A2K1KN29	A9RT62	SP:0001925	SP:0011739	11_24	CF-B-provisional	medium
SCF:0002218	AC:001926	Q83E83	Q83AX9	Q83ER3	SP:0001926	SP:0007787	11_24	CF-B-provisional	remote_sequence
SCF:0002219	AC:001926	Q83E83	Q83AX9	Q83ER2	SP:0001926	SP:0007788	11_24	CF-B-provisional	remote_sequence
SCF:0002220	AC:001930	O15318	O15160	Q9H1D9	SP:0001930	SP:0012107	11_24	CF-B-provisional	remote_sequence
SCF:0002221	AC:001932	Q83D76	Q83ED6	Q83ER7	SP:0001932	SP:0008764	11_24	CF-B-provisional	remote_sequence
SCF:0002222	AC:001932	Q83D76	Q83ED6	Q83ES5	SP:0001932	SP:0008765	11_24	CF-B-provisional	remote_sequence
SCF:0002223	AC:001932	Q83D76	Q83ED6	Q83ER2	SP:0001932	SP:0008766	11_24	CF-B-provisional	remote_sequence
SCF:0002224	AC:001934	Q9SCY3	P26288	A0A1B1W4Z4	SP:0001934	SP:0008888	11_24	CF-B-provisional	remote_sequence
SCF:0002225	AC:001935	P29496	P54784	P53091	SP:0001935	SP:0009954	11_24	CF-B-provisional	remote_sequence
SCF:0002226	AC:001935	P29496	P54784	Q08032	SP:0001935	SP:0012114	11_24	CF-B-provisional	remote_sequence
SCF:0002227	AC:001935	P29496	P54784	P29469	SP:0001935	SP:0012115	11_24	CF-B-provisional	remote_sequence
SCF:0002228	AC:001935	P54784	P29496	P29469	SP:0001935	SP:0007672	11_24	CF-B-provisional	medium
SCF:0002229	AC:001935	P54784	P29496	P24279	SP:0001935	SP:0007010	11_24	CF-B-provisional	medium
SCF:0002230	AC:001935	P54784	P29496	P53091	SP:0001935	SP:0007012	11_24	CF-B-provisional	medium
SCF:0002231	AC:001936	G0SH10	G0S7B2	G0SED0	SP:0001936	SP:0012116	11_24	CF-B-provisional	remote_sequence
SCF:0002232	AC:001937	P46217	Q4JB12	P39463	SP:0001937	SP:0006052	11_24	CF-B-provisional	remote_sequence
SCF:0002233	AC:001938	P32481	P14741	P20459	SP:0001938	SP:0012120	11_24	CF-B-provisional	medium
SCF:0002234	AC:001939	Q3T084	Q3ZCI9	Q32L40	SP:0001939	SP:0011264	11_24	CF-B-provisional	medium
SCF:0002235	AC:001939	Q3T084	Q3ZCI9	Q2T9X2	SP:0001939	SP:0011892	11_24	CF-B-provisional	medium
SCF:0002236	AC:001939	Q3T084	Q3ZCI9	Q3MHL7	SP:0001939	SP:0011893	11_24	CF-B-provisional	remote_sequence
SCF:0002237	AC:001939	Q3ZCI9	Q3T084	Q3MHL7	SP:0001939	SP:0012122	11_24	CF-B-provisional	high
SCF:0002238	AC:001939	Q3ZCI9	Q3T084	Q2T9X2	SP:0001939	SP:0012123	11_24	CF-B-provisional	medium
SCF:0002239	AC:001939	Q3ZCI9	Q3T084	Q3T0K2	SP:0001939	SP:0012124	11_24	CF-B-provisional	medium
SCF:0002240	AC:001941	Q9Y244	Q969U7	P25789	SP:0001941	SP:0012128	11_24	CF-B-provisional	remote_sequence
SCF:0002241	AC:001941	Q9Y244	Q969U7	P25787	SP:0001941	SP:0012129	11_24	CF-B-provisional	remote_sequence
SCF:0002242	AC:001941	Q9Y244	Q969U7	P28072	SP:0001941	SP:0012130	11_24	CF-B-provisional	remote_sequence
SCF:0002243	AC:001942	P9WGY5	P9WGH9	P9WGH5	SP:0001942	SP:0006468	3_10	CF-A-provisional	medium
SCF:0002244	AC:001945	A0A2K3DHV6	A0A2K3DQ46	A0A2K3DLF7	SP:0001945	SP:0010161	11_24	CF-B-provisional	remote_sequence
SCF:0002245	AC:001945	A0A2K3DQ46	A0A2K3DHV6	A8HUP3	SP:0001945	SP:0007335	11_24	CF-B-provisional	remote_sequence
SCF:0002246	AC:001947	P09192	P12975	P14835	SP:0001947	SP:0012137	11_24	CF-B-provisional	medium
SCF:0002247	AC:001947	P12975	P09192	Q55274	SP:0001947	SP:0012140	11_24	CF-B-provisional	remote_sequence
SCF:0002248	AC:001951	Q96MG7	Q96MF7	Q8WV22	SP:0001951	SP:0008033	3_10	CF-B-provisional	remote_sequence
SCF:0002249	AC:001952	A4GDF1	A4GDH1	Q49QE8	SP:0001952	SP:0009349	3_10	CF-B-provisional	remote_sequence
SCF:0002250	AC:001953	A9SL09	A0A2K1IB10	A9RT62	SP:0001953	SP:0009640	11_24	CF-B-provisional	medium
SCF:0002251	AC:001953	A9SL09	A0A2K1IB10	A0A2K1IAD0	SP:0001953	SP:0006654	11_24	CF-B-provisional	remote_sequence
SCF:0002252	AC:001957	Q7Z4G1	Q9Y6G5	Q9P000	SP:0001957	SP:0009861	3_10	CF-B-provisional	medium
SCF:0002253	AC:001957	Q7Z4G1	Q9Y6G5	Q9NX08	SP:0001957	SP:0009862	3_10	CF-B-provisional	remote_sequence
SCF:0002254	AC:001957	Q7Z4G1	Q9Y6G5	Q9H0A8	SP:0001957	SP:0009863	3_10	CF-B-provisional	remote_sequence
SCF:0002255	AC:001959	P89102	Q06245	P32855	SP:0001959	SP:0010261	3_10	CF-B-provisional	remote_sequence
SCF:0002256	AC:001959	P89102	Q06245	P32844	SP:0001959	SP:0010292	3_10	CF-B-provisional	remote_sequence
SCF:0002257	AC:001959	P89102	Q06245	P19658	SP:0001959	SP:0010259	3_10	CF-B-provisional	remote_sequence
SCF:0002258	AC:001959	Q06245	P89102	P32855	SP:0001959	SP:0010293	3_10	CF-A-provisional	medium
SCF:0002259	AC:001959	Q06245	P89102	P22224	SP:0001959	SP:0010294	3_10	CF-A-provisional	medium
SCF:0002260	AC:001959	Q06245	P89102	P38261	SP:0001959	SP:0012158	3_10	CF-B-provisional	remote_sequence
SCF:0002261	AC:001960	D0FXW7	C1K004	Q56D18	SP:0001960	SP:0006561	11_24	CF-B-provisional	medium
SCF:0002262	AC:001961	P0ABA6	P0ABA0	P0A6E6	SP:0001961	SP:0011916	11_24	CF-B-provisional	remote_sequence
SCF:0002263	AC:001962	P17987	Q9NQP4	O60925	SP:0001962	SP:0008780	11_24	CF-B-provisional	medium
SCF:0002264	AC:001962	Q9NQP4	P17987	P50991	SP:0001962	SP:0006625	11_24	CF-B-provisional	medium
SCF:0002265	AC:001963	P06271	A0A1S4BFK7	A0A1S4CE74	SP:0001963	SP:0010244	11_24	CF-B-provisional	medium
SCF:0002266	AC:001964	P50370	Q08363	P37256	SP:0001964	SP:0012166	11_24	CF-B-provisional	remote_sequence
SCF:0002267	AC:001964	Q08363	P50370	P18263	SP:0001964	SP:0012169	11_24	CF-B-provisional	remote_sequence
SCF:0002268	AC:001964	Q08363	P50370	P37256	SP:0001964	SP:0012170	11_24	CF-B-provisional	remote_sequence
SCF:0002269	AC:001964	Q08363	P50370	P92277	SP:0001964	SP:0012171	11_24	CF-B-provisional	remote_sequence
SCF:0002270	AC:001965	P01865	U5LP42	P03472	SP:0001965	SP:0012172	3_10	CF-B-provisional	remote_sequence
SCF:0002271	AC:001968	O60925	P50990	P17987	SP:0001968	SP:0008780	11_24	CF-B-provisional	medium
SCF:0002272	AC:001968	O60925	P50990	P49368	SP:0001968	SP:0009021	11_24	CF-B-provisional	medium
SCF:0002273	AC:001968	P50990	O60925	O15212	SP:0001968	SP:0006523	11_24	CF-B-provisional	remote_sequence
SCF:0002274	AC:001969	A0A9R0IP63	A0A9R0JBX6	A0A9R0K533	SP:0001969	SP:0007297	11_24	CF-B-provisional	medium
SCF:0002275	AC:001969	A0A9R0IP63	A0A9R0JBX6	A0A9R0IWV5	SP:0001969	SP:0008286	11_24	CF-B-provisional	medium
SCF:0002276	AC:001971	S8F5W4	S8F943	S8EW95	SP:0001971	SP:0012182	11_24	CF-B-provisional	remote_sequence
SCF:0002277	AC:001972	I7M8B9	Q22XT1	Q22VV9	SP:0001972	SP:0012188	3_10	CF-B-provisional	remote_sequence
SCF:0002278	AC:001973	P05310	Q9SQL2	Q41038	SP:0001973	SP:0009577	11_24	CF-B-provisional	high
SCF:0002279	AC:001973	P05310	Q9SQL2	Q32904	SP:0001973	SP:0010991	11_24	CF-B-provisional	high
SCF:0002280	AC:001973	P05310	Q9SQL2	Q9SY97	SP:0001973	SP:0011914	11_24	CF-B-provisional	medium
SCF:0002281	AC:001974	Q32P78	Q32PE0	F2Z4H3	SP:0001974	SP:0006587	11_24	CF-B-provisional	remote_sequence
SCF:0002282	AC:001976	P80376	Q5SHP2	P80382	SP:0001976	SP:0012191	11_24	CF-B-provisional	remote_sequence
SCF:0002283	AC:001976	P80376	Q5SHP2	Q5SLQ0	SP:0001976	SP:0012192	11_24	CF-B-provisional	remote_sequence
SCF:0002284	AC:001976	P80376	Q5SHP2	P62659	SP:0001976	SP:0012193	11_24	CF-B-provisional	remote_sequence
SCF:0002285	AC:001977	Q8IRE3	Q9VA95	A1Z8I0	SP:0001977	SP:0007894	3_10	CF-B-provisional	remote_sequence
SCF:0002286	AC:001978	Q9Y3B2	P42285	Q15477	SP:0001978	SP:0012198	11_24	CF-B-provisional	medium
SCF:0002287	AC:001978	Q9Y3B2	P42285	Q8TF46	SP:0001978	SP:0012199	11_24	CF-B-provisional	remote_sequence
SCF:0002288	AC:001978	Q9Y3B2	P42285	Q9Y450	SP:0001978	SP:0012200	11_24	CF-B-provisional	remote_sequence
SCF:0002289	AC:001979	Q8DJU2	Q8DJ02	Q8DL30	SP:0001979	SP:0011469	11_24	CF-B-provisional	remote_sequence
SCF:0002290	AC:001980	P9WPU9	P9WPV5	P9WPV1	SP:0001980	SP:0009499	11_24	CF-B-provisional	remote_sequence
SCF:0002291	AC:001980	P9WPV5	P9WPU9	P9WPV3	SP:0001980	SP:0009501	11_24	CF-B-provisional	remote_sequence
SCF:0002292	AC:001982	A0A241XG65	A0A071L394	E2RXT9	SP:0001982	SP:0012208	11_24	CF-B-provisional	remote_sequence
SCF:0002293	AC:001983	P0DM37	P51765	D0VWR8	SP:0001983	SP:0012209	11_24	CF-B-provisional	medium
SCF:0002294	AC:001983	P0DM37	P51765	D0VWR7	SP:0001983	SP:0012210	11_24	CF-B-provisional	remote_sequence
SCF:0002295	AC:001983	P51765	P0DM37	P19054	SP:0001983	SP:0012212	11_24	CF-B-provisional	medium
SCF:0002296	AC:001983	P51765	P0DM37	Q9F1K9	SP:0001983	SP:0012213	11_24	CF-B-provisional	remote_sequence
SCF:0002297	AC:001984	P07703	P32349	P36070	SP:0001984	SP:0012215	11_24	CF-B-provisional	remote_sequence
SCF:0002298	AC:001984	P32349	P07703	P41910	SP:0001984	SP:0011845	11_24	CF-B-provisional	remote_sequence
SCF:0002299	AC:001984	P32349	P07703	P32910	SP:0001984	SP:0006730	11_24	CF-B-provisional	remote_sequence
SCF:0002300	AC:001986	P68608	P68439	P20637	SP:0001986	SP:0008090	11_24	CF-B-provisional	remote_sequence
SCF:0002301	AC:001986	P68608	P68439	P68694	SP:0001986	SP:0010763	11_24	CF-B-provisional	remote_sequence
SCF:0002302	AC:001986	P68608	P68439	P20979	SP:0001986	SP:0006158	11_24	CF-B-provisional	remote_sequence
SCF:0002303	AC:001989	P0A3C9	Q8DKZ4	Q8DL31	SP:0001989	SP:0011467	11_24	CF-B-provisional	remote_sequence
SCF:0002304	AC:001995	O81098	Q9M1A8	Q9FJ98	SP:0001995	SP:0009267	11_24	CF-B-provisional	medium
SCF:0002305	AC:001997	P40227	Q9NQP4	Q99471	SP:0001997	SP:0006528	11_24	CF-B-provisional	remote_sequence
SCF:0002306	AC:001997	P40227	Q9NQP4	Q9UHV9	SP:0001997	SP:0008881	11_24	CF-B-provisional	remote_sequence
SCF:0002307	AC:001997	P40227	Q9NQP4	O15212	SP:0001997	SP:0009067	11_24	CF-B-provisional	remote_sequence
SCF:0002308	AC:001997	Q9NQP4	P40227	P50991	SP:0001997	SP:0006625	11_24	CF-B-provisional	medium
SCF:0002309	AC:001998	A0A2P6TMX4	W8SY74	W8SUA3	SP:0001998	SP:0007360	11_24	CF-B-provisional	high
SCF:0002310	AC:001999	P13194	P23993	P13192	SP:0001999	SP:0009184	11_24	CF-B-provisional	remote_sequence
SCF:0002311	AC:001999	P23993	P13194	P36213	SP:0001999	SP:0008787	11_24	CF-B-provisional	remote_sequence
SCF:0002312	AC:002000	S8EQL3	S8GED8	A0A125YS93	SP:0002000	SP:0012245	11_24	CF-B-provisional	remote_sequence
SCF:0002313	AC:002002	A1Z8I0	Q9VA95	Q9VSY8	SP:0002002	SP:0007895	3_10	CF-B-provisional	remote_sequence
SCF:0002314	AC:002003	A8IFG7	Q7DM26	Q84Y02	SP:0002003	SP:0008858	11_24	CF-B-provisional	high
SCF:0002315	AC:002005	P17987	Q9UHV9	O60925	SP:0002005	SP:0008780	11_24	CF-B-provisional	remote_sequence
SCF:0002316	AC:002005	Q9UHV9	P17987	P40227	SP:0002005	SP:0008881	11_24	CF-B-provisional	medium
SCF:0002317	AC:002007	Q5JS54	P25786	O14818	SP:0002007	SP:0008022	11_24	CF-B-provisional	medium
SCF:0002318	AC:002007	Q5JS54	P25786	P28066	SP:0002007	SP:0008024	11_24	CF-B-provisional	medium
SCF:0002319	AC:002007	Q5JS54	P25786	P25789	SP:0002007	SP:0008023	11_24	CF-B-provisional	medium
SCF:0002320	AC:002008	A0A063XFC1	A0A063X754	A0A063X781	SP:0002008	SP:0006794	11_24	CF-B-provisional	remote_sequence
SCF:0002321	AC:002008	A0A063XFC1	A0A063X754	A0A063XCH0	SP:0002008	SP:0012256	11_24	CF-B-provisional	remote_sequence
SCF:0002322	AC:002008	A0A063XFC1	A0A063X754	A0A063XCG5	SP:0002008	SP:0010717	11_24	CF-B-provisional	remote_sequence
SCF:0002323	AC:002009	P56767	P27521	Q01667	SP:0002009	SP:0010640	11_24	CF-B-provisional	medium
SCF:0002324	AC:002009	P56767	P27521	Q9SA56	SP:0002009	SP:0011135	11_24	CF-B-provisional	remote_sequence
SCF:0002325	AC:002009	P56767	P27521	Q9S7N7	SP:0002009	SP:0009191	11_24	CF-B-provisional	remote_sequence
SCF:0002326	AC:002010	A0A3Q7EMX2	A0A3Q7GDB0	Q38JI8	SP:0002010	SP:0012257	11_24	CF-B-provisional	remote_sequence
SCF:0002327	AC:002010	A0A3Q7GDB0	A0A3Q7EMX2	P49215	SP:0002010	SP:0012259	11_24	CF-B-provisional	medium
SCF:0002328	AC:002011	Q05900	Q08920	P40018	SP:0002011	SP:0012261	11_24	CF-B-provisional	remote_sequence
SCF:0002329	AC:002011	Q05900	Q08920	Q00916	SP:0002011	SP:0012262	11_24	CF-B-provisional	remote_sequence
SCF:0002330	AC:002013	P29254	P09192	Q55274	SP:0002013	SP:0012268	11_24	CF-B-provisional	remote_sequence
SCF:0002331	AC:002014	P0DP23	P49662	P12277	SP:0002014	SP:0012271	3_10	CF-B-provisional	remote_sequence
SCF:0002332	AC:002015	A0A1S3TNX9	A0A1S3TUX2	A0A1S3TQD2	SP:0002015	SP:0012272	3_10	CF-B-provisional	remote_sequence
SCF:0002333	AC:002016	P11703	A0A9R0I5M6	A0A9R0J865	SP:0002016	SP:0012275	11_24	CF-B-provisional	remote_sequence
SCF:0002334	AC:002020	B3H6Z4	O80634	Q9SGH4	SP:0002020	SP:0010102	11_24	CF-B-provisional	remote_sequence
SCF:0002335	AC:002024	P16679	P16686	P16678	SP:0002024	SP:0009372	11_24	CF-B-provisional	remote_sequence
SCF:0002336	AC:002024	P16686	P16679	P16678	SP:0002024	SP:0009374	11_24	CF-B-provisional	medium
SCF:0002337	AC:002025	Q75VY7	Q75VY8	Q75VZ0	SP:0002025	SP:0007479	11_24	CF-B-provisional	high
SCF:0002338	AC:002025	Q75VY7	Q75VY8	Q05093	SP:0002025	SP:0010532	11_24	CF-B-provisional	high
SCF:0002339	AC:002025	Q75VY7	Q75VY8	Q75VY4	SP:0002025	SP:0007478	11_24	CF-B-provisional	high
SCF:0002340	AC:002025	Q75VY8	Q75VY7	Q75VY4	SP:0002025	SP:0007477	11_24	CF-B-provisional	high
SCF:0002341	AC:002025	Q75VY8	Q75VY7	Q84Y02	SP:0002025	SP:0010367	11_24	CF-B-provisional	high
SCF:0002342	AC:002025	Q75VY8	Q75VY7	Q75VY6	SP:0002025	SP:0008834	11_24	CF-B-provisional	high
SCF:0002343	AC:002027	A0A4X1VTX4	A0A8D1AQR7	A0A4X1VEK9	SP:0002027	SP:0009922	11_24	CF-B-provisional	remote_sequence
SCF:0002344	AC:002028	E1C9K9	E1C9L2	E1C9L1	SP:0002028	SP:0006784	11_24	CF-B-provisional	remote_sequence
SCF:0002345	AC:002031	F2QVW8	F2QT90	F2QVA2	SP:0002031	SP:0007984	11_24	CF-B-provisional	remote_sequence
SCF:0002346	AC:002035	P14225	Q7DM26	Q75VY7	SP:0002035	SP:0010689	11_24	CF-B-provisional	high
SCF:0002347	AC:002035	P14225	Q7DM26	Q75VY9	SP:0002035	SP:0006324	11_24	CF-B-provisional	high
SCF:0002348	AC:002035	Q7DM26	P14225	P14224	SP:0002035	SP:0010358	11_24	CF-B-provisional	medium
SCF:0002349	AC:002036	O14818	Q96P70	Q13200	SP:0002036	SP:0012305	11_24	CF-B-provisional	remote_sequence
SCF:0002350	AC:002036	O14818	Q96P70	Q99460	SP:0002036	SP:0012306	11_24	CF-B-provisional	remote_sequence
SCF:0002351	AC:002036	Q96P70	O14818	P25787	SP:0002036	SP:0009441	11_24	CF-B-provisional	medium
SCF:0002352	AC:002036	Q96P70	O14818	P60900	SP:0002036	SP:0012308	11_24	CF-B-provisional	medium
SCF:0002353	AC:002038	A0A063X745	A0A063X8U6	A0A063XCP1	SP:0002038	SP:0009795	11_24	CF-B-provisional	remote_sequence
SCF:0002354	AC:002039	O15212	O60925	Q9NQP4	SP:0002039	SP:0012163	11_24	CF-B-provisional	medium
SCF:0002355	AC:002039	O15212	O60925	Q99471	SP:0002039	SP:0012314	11_24	CF-B-provisional	remote_sequence
SCF:0002356	AC:002039	O15212	O60925	P61758	SP:0002039	SP:0006628	11_24	CF-B-provisional	remote_sequence
SCF:0002357	AC:002039	O60925	O15212	P61758	SP:0002039	SP:0009022	11_24	CF-B-provisional	remote_sequence
SCF:0002358	AC:002039	O60925	O15212	Q99471	SP:0002039	SP:0011536	11_24	CF-B-provisional	remote_sequence
SCF:0002359	AC:002039	O60925	O15212	Q9UHV9	SP:0002039	SP:0008882	11_24	CF-B-provisional	remote_sequence
SCF:0002360	AC:002042	Q8SDC8	Q8SD64	Q8SD63	SP:0002042	SP:0007714	11_24	CF-B-provisional	remote_sequence
SCF:0002361	AC:002043	P40337	Q15843	Q03071	SP:0002043	SP:0012317	11_24	CF-B-provisional	medium
SCF:0002362	AC:002044	A0A8J1L9M8	B1H1T5	Q4V7I1	SP:0002044	SP:0009684	3_10	CF-B-provisional	remote_sequence
SCF:0002363	AC:002047	Q9Y7N2	O94646	Q9US45	SP:0002047	SP:0009990	11_24	CF-B-provisional	remote_sequence
SCF:0002364	AC:002048	P30665	P50874	P54790	SP:0002048	SP:0012325	11_24	CF-B-provisional	remote_sequence
SCF:0002365	AC:002048	P50874	P30665	P24279	SP:0002048	SP:0012327	11_24	CF-B-provisional	medium
SCF:0002366	AC:002050	A0A2M9V7I0	A0A9X9IKM4	A0A5M5QTL0	SP:0002050	SP:0010365	3_10	CF-B-provisional	remote_sequence
SCF:0002367	AC:002053	Q8DKZ3	Q8DJ02	Q8DL30	SP:0002053	SP:0007291	11_24	CF-B-provisional	remote_sequence
SCF:0002368	AC:002056	Q08363	A0A2K3DWM2	A8I846	SP:0002056	SP:0012342	11_24	CF-B-provisional	medium
SCF:0002369	AC:002059	P40337	P61201	Q13098	SP:0002059	SP:0012344	11_24	CF-B-provisional	remote_sequence
SCF:0002370	AC:002059	P40337	P61201	Q9UNS2	SP:0002059	SP:0010388	11_24	CF-B-provisional	remote_sequence
SCF:0002371	AC:002059	P61201	P40337	P63208	SP:0002059	SP:0012345	11_24	CF-B-provisional	remote_sequence
SCF:0002372	AC:002060	Q9Y230	P0C0S5	P04908	SP:0002060	SP:0010242	11_24	CF-B-provisional	high
SCF:0002373	AC:002060	Q9Y230	P0C0S5	P68431	SP:0002060	SP:0007709	11_24	CF-B-provisional	medium
SCF:0002374	AC:002061	P01730	Q6N095	P0DOX5	SP:0002061	SP:0012349	3_10	CF-B-provisional	high
SCF:0002375	AC:002061	P01730	Q6N095	P03437	SP:0002061	SP:0012350	3_10	CF-B-provisional	remote_sequence
SCF:0002376	AC:002064	Q9BQ15	Q9NVR2	Q68E01	SP:0002064	SP:0006619	11_24	CF-B-provisional	remote_sequence
SCF:0002377	AC:002067	P53218	Q12530	P28005	SP:0002067	SP:0012088	11_24	CF-B-provisional	remote_sequence
SCF:0002378	AC:002068	Q9Y2Q5	Q8NFG4	Q12980	SP:0002068	SP:0012356	3_10	CF-B-provisional	remote_sequence
SCF:0002379	AC:002069	Q50754	P60238	D9PY02	SP:0002069	SP:0008681	11_24	CF-B-provisional	high
SCF:0002380	AC:002071	S0BBR6	S0BBU7	S0BAP9	SP:0002071	SP:0012361	11_24	CF-B-provisional	medium
SCF:0002381	AC:002071	S0BBR6	S0BBU7	S0BCU7	SP:0002071	SP:0012362	11_24	CF-B-provisional	medium
SCF:0002382	AC:002071	S0BBU7	S0BBR6	S0BCU7	SP:0002071	SP:0012363	11_24	CF-B-provisional	medium
SCF:0002383	AC:002071	S0BBU7	S0BBR6	S0BAP9	SP:0002071	SP:0012364	11_24	CF-B-provisional	medium
SCF:0002384	AC:002075	Q9VUZ1	Q9VA95	Q9VSY8	SP:0002075	SP:0006671	3_10	CF-B-provisional	remote_sequence
SCF:0002385	AC:002076	Q8WVM7	Q9UQE7	Q14683	SP:0002076	SP:0012372	3_10	CF-A-provisional	medium
SCF:0002386	AC:002076	Q9UQE7	Q8WVM7	Q14683	SP:0002076	SP:0012375	3_10	CF-B-provisional	remote_sequence
SCF:0002387	AC:002078	P80883	P00289	P00166	SP:0002078	SP:0012380	11_24	CF-B-provisional	remote_sequence
SCF:0002388	AC:002080	Q2T9T3	F2Z4H3	Q32PE0	SP:0002080	SP:0006589	11_24	CF-B-provisional	remote_sequence
SCF:0002389	AC:002080	Q2T9T3	F2Z4H3	F2Z4C9	SP:0002080	SP:0007764	11_24	CF-B-provisional	remote_sequence
SCF:0002390	AC:002080	Q2T9T3	F2Z4H3	A0A4X1VEK9	SP:0002080	SP:0009378	11_24	CF-B-provisional	remote_sequence
SCF:0002391	AC:002082	O94355	O14021	O74736	SP:0002082	SP:0012387	11_24	CF-B-provisional	remote_sequence
SCF:0002392	AC:002082	O94355	O14021	Q9P7M1	SP:0002082	SP:0012388	11_24	CF-B-provisional	remote_sequence
SCF:0002393	AC:002085	Q8DKZ4	Q8DL29	Q8DJ02	SP:0002085	SP:0012201	11_24	CF-B-provisional	medium
SCF:0002394	AC:002085	Q8DL29	Q8DKZ4	Q8DL31	SP:0002085	SP:0012392	11_24	CF-B-provisional	remote_sequence
SCF:0002395	AC:002087	Q71DI3	Q8N884	Q9NRC8	SP:0002087	SP:0012395	11_24	CF-B-provisional	remote_sequence
SCF:0002396	AC:002087	Q8N884	Q71DI3	Q99877	SP:0002087	SP:0007962	11_24	CF-B-provisional	medium
SCF:0002397	AC:002087	Q8N884	Q71DI3	P04908	SP:0002087	SP:0008675	11_24	CF-B-provisional	medium
SCF:0002398	AC:002087	Q8N884	Q71DI3	Q99878	SP:0002087	SP:0008674	11_24	CF-B-provisional	medium
SCF:0002399	AC:002088	Q2FW15	Q2G113	Q2FW20	SP:0002088	SP:0006394	11_24	CF-B-provisional	medium
SCF:0002400	AC:002090	A0A8D0TE17	A0A4X1VTX4	I3LSI7	SP:0002090	SP:0012401	11_24	CF-B-provisional	high
SCF:0002401	AC:002091	C4R0E6	C4QWA8	F2QMI1	SP:0002091	SP:0006166	11_24	CF-B-provisional	high
SCF:0002402	AC:002093	A0T0T5	B8C2K6	B8C0K4	SP:0002093	SP:0009159	11_24	CF-B-provisional	medium
SCF:0002403	AC:002094	Q96HW7	Q6PJG6	Q6P9B9	SP:0002094	SP:0009987	3_10	CF-A-provisional	medium
SCF:0002404	AC:002094	Q96HW7	Q6PJG6	Q9UL03	SP:0002094	SP:0012406	3_10	CF-B-provisional	remote_sequence
SCF:0002405	AC:002094	Q96HW7	Q6PJG6	Q9NVH2	SP:0002094	SP:0012407	3_10	CF-B-provisional	remote_sequence
SCF:0002406	AC:002096	P49368	Q9UHV9	O60925	SP:0002096	SP:0009021	11_24	CF-B-provisional	remote_sequence
SCF:0002407	AC:002096	P49368	Q9UHV9	Q99471	SP:0002096	SP:0006526	11_24	CF-B-provisional	remote_sequence
SCF:0002408	AC:002096	Q9UHV9	P49368	P40227	SP:0002096	SP:0008881	11_24	CF-B-provisional	medium
SCF:0002409	AC:002098	P21466	P21477	P12873	SP:0002098	SP:0012411	11_24	CF-B-provisional	remote_sequence
SCF:0002410	AC:002098	P21466	P21477	P42924	SP:0002098	SP:0012412	11_24	CF-B-provisional	remote_sequence
SCF:0002411	AC:002101	P08980	P69461	P80883	SP:0002101	SP:0012419	11_24	CF-B-provisional	remote_sequence
SCF:0002412	AC:002104	O15212	Q9UHV9	Q9NQP4	SP:0002104	SP:0012163	11_24	CF-B-provisional	remote_sequence
SCF:0002413	AC:002104	O15212	Q9UHV9	P61758	SP:0002104	SP:0006628	11_24	CF-B-provisional	remote_sequence
SCF:0002414	AC:002104	O15212	Q9UHV9	Q99471	SP:0002104	SP:0012314	11_24	CF-B-provisional	remote_sequence
SCF:0002415	AC:002104	Q9UHV9	O15212	O60925	SP:0002104	SP:0008882	11_24	CF-B-provisional	remote_sequence
SCF:0002416	AC:002104	Q9UHV9	O15212	P61758	SP:0002104	SP:0006627	11_24	CF-B-provisional	remote_sequence
SCF:0002417	AC:002104	Q9UHV9	O15212	Q99471	SP:0002104	SP:0009738	11_24	CF-B-provisional	remote_sequence
SCF:0002418	AC:002107	P9WGZ1	P9WIU9	P71814	SP:0002107	SP:0008087	3_10	CF-A-provisional	medium
SCF:0002419	AC:002108	Q05093	Q75VY4	Q75VY7	SP:0002108	SP:0010532	11_24	CF-B-provisional	high
SCF:0002420	AC:002108	Q05093	Q75VY4	Q75VZ0	SP:0002108	SP:0007481	11_24	CF-B-provisional	medium
SCF:0002421	AC:002108	Q75VY4	Q05093	Q75VY7	SP:0002108	SP:0007478	11_24	CF-B-provisional	high
SCF:0002422	AC:002108	Q75VY4	Q05093	Q75VY6	SP:0002108	SP:0007476	11_24	CF-B-provisional	high
SCF:0002423	AC:002108	Q75VY4	Q05093	Q75VY8	SP:0002108	SP:0007477	11_24	CF-B-provisional	high
SCF:0002424	AC:002110	A0A072ZPV8	E2RXT0	A0A069QC99	SP:0002110	SP:0006423	11_24	CF-B-provisional	remote_sequence
SCF:0002425	AC:002113	P9WPV7	P9WPU9	P9WPV3	SP:0002113	SP:0007824	11_24	CF-B-provisional	remote_sequence
SCF:0002426	AC:002115	P13073	O00483	P09669	SP:0002115	SP:0007560	11_24	CF-B-provisional	remote_sequence
SCF:0002427	AC:002118	A0A1J7CKJ9	A0A1B2U0I9	A0A1J7CBV3	SP:0002118	SP:0012432	11_24	CF-B-provisional	remote_sequence
SCF:0002428	AC:002118	A0A1J7CKJ9	A0A1B2U0I9	A0A1M7D8T3	SP:0002118	SP:0012433	11_24	CF-B-provisional	remote_sequence
SCF:0002429	AC:002119	Q9NW38	Q00597	Q8NB91	SP:0002119	SP:0012437	11_24	CF-B-provisional	remote_sequence
SCF:0002430	AC:002120	O96019	Q9GZN1	P60709	SP:0002120	SP:0012440	11_24	CF-B-provisional	medium
SCF:0002431	AC:002120	O96019	Q9GZN1	Q8WUB8	SP:0002120	SP:0012441	11_24	CF-B-provisional	remote_sequence
SCF:0002432	AC:002120	Q9GZN1	O96019	P60709	SP:0002120	SP:0012443	11_24	CF-B-provisional	medium
SCF:0002433	AC:002121	Q2FW20	Q2G2D3	Q2FW23	SP:0002121	SP:0006392	11_24	CF-B-provisional	medium
SCF:0002434	AC:002121	Q2G2D3	Q2FW20	P0A0H0	SP:0002121	SP:0012445	11_24	CF-B-provisional	medium
SCF:0002435	AC:002123	K7NU68	A0A7S3VHS4	A0A7S3R4R1	SP:0002123	SP:0011769	11_24	CF-B-provisional	medium
SCF:0002436	AC:002124	Q22YU3	Q22R86	Q24CE5	SP:0002124	SP:0009077	11_24	CF-B-provisional	medium
SCF:0002437	AC:002124	Q22YU3	Q22R86	Q24DI9	SP:0002124	SP:0008956	11_24	CF-B-provisional	remote_sequence
SCF:0002438	AC:002125	Q7K2Q8	Q9VA95	Q9VLI9	SP:0002125	SP:0006669	3_10	CF-B-provisional	remote_sequence
SCF:0002439	AC:002125	Q7K2Q8	Q9VA95	Q9VSY8	SP:0002125	SP:0012450	3_10	CF-B-provisional	remote_sequence
SCF:0002440	AC:002125	Q7K2Q8	Q9VA95	Q9VUZ1	SP:0002125	SP:0006673	3_10	CF-B-provisional	remote_sequence
SCF:0002441	AC:002125	Q9VA95	Q7K2Q8	Q9VF82	SP:0002125	SP:0012197	3_10	CF-B-provisional	remote_sequence
SCF:0002442	AC:002125	Q9VA95	Q7K2Q8	Q9VSY8	SP:0002125	SP:0007896	3_10	CF-B-provisional	remote_sequence
SCF:0002443	AC:002126	P29056	P32349	P46678	SP:0002126	SP:0012070	11_24	CF-B-provisional	remote_sequence
SCF:0002444	AC:002127	Q85FY7	M1VKK5	M1UU36	SP:0002127	SP:0012452	11_24	CF-B-provisional	medium
SCF:0002445	AC:002127	Q85FY7	M1VKK5	M1VFJ4	SP:0002127	SP:0012453	11_24	CF-B-provisional	remote_sequence
SCF:0002446	AC:002132	A0A2K3E6S5	P50370	P37256	SP:0002132	SP:0007320	11_24	CF-B-provisional	remote_sequence
SCF:0002447	AC:002132	A0A2K3E6S5	P50370	P92277	SP:0002132	SP:0007319	11_24	CF-B-provisional	remote_sequence
SCF:0002448	AC:002134	P0DOX5	Q6P5S8	Q6PIL8	SP:0002134	SP:0007236	11_24	CF-B-provisional	high
SCF:0002449	AC:002134	P0DOX5	Q6P5S8	P0DOX7	SP:0002134	SP:0007235	11_24	CF-B-provisional	high
SCF:0002450	AC:002134	P0DOX5	Q6P5S8	Q6GMX0	SP:0002134	SP:0012459	11_24	CF-B-provisional	high
SCF:0002451	AC:002134	Q6P5S8	P0DOX5	Q6N089	SP:0002134	SP:0008552	11_24	CF-B-provisional	high
SCF:0002452	AC:002134	Q6P5S8	P0DOX5	Q6N095	SP:0002134	SP:0008553	11_24	CF-B-provisional	high
SCF:0002453	AC:002134	Q6P5S8	P0DOX5	Q6GMX6	SP:0002134	SP:0012460	11_24	CF-B-provisional	high
SCF:0002454	AC:002136	T1RJ07	T1RJP7	T1RIQ1	SP:0002136	SP:0007155	11_24	CF-B-provisional	medium
SCF:0002455	AC:002137	P61994	Q9UY20	Q8U1Y5	SP:0002137	SP:0012463	11_24	CF-B-provisional	remote_sequence
SCF:0002456	AC:002137	P61994	Q9UY20	Q9UZL4	SP:0002137	SP:0010311	11_24	CF-B-provisional	remote_sequence
SCF:0002457	AC:002137	P61994	Q9UY20	Q9V1V0	SP:0002137	SP:0011626	11_24	CF-B-provisional	remote_sequence
SCF:0002458	AC:002138	Q9NVH2	Q9NVR2	Q68E01	SP:0002138	SP:0011153	11_24	CF-B-provisional	remote_sequence
SCF:0002459	AC:002138	Q9NVH2	Q9NVR2	Q96HW7	SP:0002138	SP:0012407	11_24	CF-B-provisional	remote_sequence
SCF:0002460	AC:002138	Q9NVH2	Q9NVR2	Q9NV88	SP:0002138	SP:0012465	11_24	CF-B-provisional	remote_sequence
SCF:0002461	AC:002138	Q9NVR2	Q9NVH2	Q96HW7	SP:0002138	SP:0012466	11_24	CF-B-provisional	remote_sequence
SCF:0002462	AC:002139	W7WX86	I7MG46	I7LT80	SP:0002139	SP:0007384	11_24	CF-B-provisional	medium
SCF:0002463	AC:002139	W7WX86	I7MG46	Q23YW7	SP:0002139	SP:0007383	11_24	CF-B-provisional	remote_sequence
SCF:0002464	AC:002140	P28632	P28630	P28631	SP:0002140	SP:0012471	3_10	CF-A-provisional	medium
SCF:0002465	AC:002144	O94408	Q9UUI1	O74483	SP:0002144	SP:0011476	3_10	CF-B-provisional	remote_sequence
SCF:0002466	AC:002144	O94408	Q9UUI1	Q9Y7M4	SP:0002144	SP:0010710	3_10	CF-B-provisional	remote_sequence
SCF:0002467	AC:002144	Q9UUI1	O94408	Q9Y7M4	SP:0002144	SP:0010708	3_10	CF-B-provisional	remote_sequence
SCF:0002468	AC:002146	A0T0V0	B5YM25	B8BYV4	SP:0002146	SP:0006988	11_24	CF-B-provisional	medium
SCF:0002469	AC:002146	A0T0V0	B5YM25	B8C0K4	SP:0002146	SP:0011948	11_24	CF-B-provisional	medium
SCF:0002470	AC:002147	P84077	O00189	P35585	SP:0002147	SP:0007703	3_10	CF-B-provisional	medium
SCF:0002471	AC:002150	G0S1P1	G0SC21	G0SCD1	SP:0002150	SP:0006433	3_10	CF-A-provisional	medium
SCF:0002472	AC:002150	G0S1P1	G0SC21	G0SE33	SP:0002150	SP:0006560	3_10	CF-B-provisional	remote_sequence
SCF:0002473	AC:002150	G0S1P1	G0SC21	G0S755	SP:0002150	SP:0006559	3_10	CF-B-provisional	remote_sequence
SCF:0002474	AC:002150	G0SC21	G0S1P1	G0S755	SP:0002150	SP:0008981	3_10	CF-A-provisional	medium
SCF:0002475	AC:002150	G0SC21	G0S1P1	G0RZG4	SP:0002150	SP:0006430	3_10	CF-B-provisional	remote_sequence
SCF:0002476	AC:002150	G0SC21	G0S1P1	G0RZX8	SP:0002150	SP:0010287	3_10	CF-B-provisional	remote_sequence
SCF:0002477	AC:002152	P20248	Q12834	Q13042	SP:0002152	SP:0011881	11_24	CF-B-provisional	remote_sequence
SCF:0002478	AC:002154	Q38859	Q9M1A8	Q9FJ98	SP:0002154	SP:0008272	11_24	CF-B-provisional	medium
SCF:0002479	AC:002156	I7MHB1	Q24CE5	Q1HFW2	SP:0002156	SP:0008954	11_24	CF-B-provisional	medium
SCF:0002480	AC:002156	I7MHB1	Q24CE5	A4VE64	SP:0002156	SP:0008468	11_24	CF-B-provisional	medium
SCF:0002481	AC:002156	I7MHB1	Q24CE5	Q1HFV9	SP:0002156	SP:0008953	11_24	CF-B-provisional	medium
SCF:0002482	AC:002157	P02293	P43618	P40154	SP:0002157	SP:0012493	11_24	CF-B-provisional	remote_sequence
SCF:0002483	AC:002157	P02293	P43618	P0AEX9	SP:0002157	SP:0012494	11_24	CF-B-provisional	remote_sequence
SCF:0002484	AC:002157	P02293	P43618	P17106	SP:0002157	SP:0012495	11_24	CF-B-provisional	remote_sequence
SCF:0002485	AC:002157	P43618	P02293	Q2V2P8	SP:0002157	SP:0012496	11_24	CF-B-provisional	remote_sequence
SCF:0002486	AC:002158	Q9BVC4	P31749	Q9HB90	SP:0002158	SP:0012499	3_10	CF-B-provisional	remote_sequence
SCF:0002487	AC:002162	P62656	P62655	P62238	SP:0002162	SP:0012509	11_24	CF-B-provisional	remote_sequence
SCF:0002488	AC:002164	Q8DLN5	Q8DL30	Q8DJ02	SP:0002164	SP:0012339	11_24	CF-B-provisional	remote_sequence
SCF:0002489	AC:002165	Q47PJ2	Q47PJ4	Q47PJ5	SP:0002165	SP:0012513	11_24	CF-B-provisional	remote_sequence
SCF:0002490	AC:002169	I3LRR4	A0A287BAW0	A0A4X1SN37	SP:0002169	SP:0012531	11_24	CF-B-provisional	remote_sequence
SCF:0002491	AC:002172	Q08162	Q12149	Q99207	SP:0002172	SP:0012534	11_24	CF-B-provisional	medium
SCF:0002492	AC:002172	Q08162	Q12149	Q08491	SP:0002172	SP:0012535	11_24	CF-B-provisional	remote_sequence
SCF:0002493	AC:002172	Q12149	Q08162	Q04500	SP:0002172	SP:0012536	11_24	CF-B-provisional	remote_sequence
SCF:0002494	AC:002173	P60238	Q50755	P60239	SP:0002173	SP:0012359	11_24	CF-B-provisional	remote_sequence
SCF:0002495	AC:002176	Q9UJX3	Q9UJX4	P30260	SP:0002176	SP:0012541	11_24	CF-B-provisional	remote_sequence
SCF:0002496	AC:002176	Q9UJX4	Q9UJX3	Q9UJX2	SP:0002176	SP:0012543	11_24	CF-B-provisional	medium
SCF:0002497	AC:002176	Q9UJX4	Q9UJX3	Q13042	SP:0002176	SP:0012544	11_24	CF-B-provisional	remote_sequence
SCF:0002498	AC:002176	Q9UJX4	Q9UJX3	Q9UJX6	SP:0002176	SP:0012545	11_24	CF-B-provisional	remote_sequence
SCF:0002499	AC:002177	A0A5M5QTL0	A0A9X9IKM4	A0A2M9V7I0	SP:0002177	SP:0010365	3_10	CF-B-provisional	remote_sequence
SCF:0002500	AC:002177	A0A9X9IKM4	A0A5M5QTL0	A0A5C6J4N7	SP:0002177	SP:0010361	3_10	CF-B-provisional	remote_sequence
SCF:0002501	AC:002180	P0A7V8	P0A7G2	P02358	SP:0002180	SP:0012549	11_24	CF-B-provisional	medium
SCF:0002502	AC:002180	P0A7V8	P0A7G2	B7MCR3	SP:0002180	SP:0012550	11_24	CF-B-provisional	medium
SCF:0002503	AC:002180	P0A7V8	P0A7G2	P0A7R9	SP:0002180	SP:0012551	11_24	CF-B-provisional	medium
SCF:0002504	AC:002181	P20980	P68439	P68694	SP:0002181	SP:0010764	11_24	CF-B-provisional	remote_sequence
SCF:0002505	AC:002181	P20980	P68439	P20979	SP:0002181	SP:0006160	11_24	CF-B-provisional	remote_sequence
SCF:0002506	AC:002181	P20980	P68439	P20635	SP:0002181	SP:0012552	11_24	CF-B-provisional	remote_sequence
SCF:0002507	AC:002181	P68439	P20980	P21087	SP:0002181	SP:0011797	11_24	CF-B-provisional	remote_sequence
SCF:0002508	AC:002183	P09119	P29469	P54784	SP:0002183	SP:0012553	11_24	CF-B-provisional	remote_sequence
SCF:0002509	AC:002183	P29469	P09119	P50874	SP:0002183	SP:0011040	11_24	CF-B-provisional	medium
SCF:0002510	AC:002183	P29469	P09119	P54791	SP:0002183	SP:0007463	11_24	CF-B-provisional	medium
SCF:0002511	AC:002183	P29469	P09119	P32833	SP:0002183	SP:0007890	11_24	CF-B-provisional	remote_sequence
SCF:0002512	AC:002184	Q1HFW2	Q1HGH8	Q1HFX1	SP:0002184	SP:0007750	11_24	CF-B-provisional	remote_sequence
SCF:0002513	AC:002184	Q1HGH8	Q1HFW2	W7XJB1	SP:0002184	SP:0008211	11_24	CF-B-provisional	medium
SCF:0002514	AC:002184	Q1HGH8	Q1HFW2	Q24DI9	SP:0002184	SP:0008209	11_24	CF-B-provisional	medium
SCF:0002515	AC:002184	Q1HGH8	Q1HFW2	Q1HFV9	SP:0002184	SP:0008210	11_24	CF-B-provisional	medium
SCF:0002516	AC:002185	P53298	Q2V2P8	P02293	SP:0002185	SP:0011742	11_24	CF-B-provisional	remote_sequence
SCF:0002517	AC:002185	Q2V2P8	P53298	P38313	SP:0002185	SP:0007126	11_24	CF-B-provisional	remote_sequence
SCF:0002518	AC:002187	A0A3A5I502	A0A063XCH0	A0A063X754	SP:0002187	SP:0009796	11_24	CF-B-provisional	remote_sequence
SCF:0002519	AC:002188	Q980K0	Q980Q9	Q7LXK4	SP:0002188	SP:0009137	11_24	CF-B-provisional	remote_sequence
SCF:0002520	AC:002190	Q9BXW9	Q8TAF3	P0CG48	SP:0002190	SP:0012565	3_10	CF-A-provisional	medium
SCF:0002521	AC:002191	P48940	Q2FW10	Q2G111	SP:0002191	SP:0009541	11_24	CF-B-provisional	remote_sequence
SCF:0002522	AC:002193	Q5RKV6	P42285	Q15477	SP:0002193	SP:0012571	11_24	CF-B-provisional	medium
SCF:0002523	AC:002193	Q5RKV6	P42285	Q9Y450	SP:0002193	SP:0011102	11_24	CF-B-provisional	remote_sequence
SCF:0002524	AC:002195	A0A2P6TT36	W8SY74	W8SUA3	SP:0002195	SP:0008423	11_24	CF-B-provisional	high
SCF:0002525	AC:002200	B8YB61	B8YB58	B8YB60	SP:0002200	SP:0007396	11_24	CF-B-provisional	remote_sequence
SCF:0002526	AC:002203	Q07913	P40026	Q05541	SP:0002203	SP:0007377	3_10	CF-B-provisional	remote_sequence
SCF:0002527	AC:002206	P38123	P43132	P39706	SP:0002206	SP:0012588	11_24	CF-B-provisional	remote_sequence
SCF:0002528	AC:002206	P43132	P38123	P39706	SP:0002206	SP:0012591	11_24	CF-B-provisional	remote_sequence
SCF:0002529	AC:002207	A0A5H1ZR95	D8V7I2	D7P897	SP:0002207	SP:0006360	11_24	CF-B-provisional	remote_sequence
SCF:0002530	AC:002208	P20998	P68610	P21034	SP:0002208	SP:0012594	11_24	CF-B-provisional	remote_sequence
SCF:0002531	AC:002209	P68135	P24732	P0DP26	SP:0002209	SP:0006666	3_10	CF-B-provisional	medium
SCF:0002532	AC:002209	P68135	P24732	Q9Y281	SP:0002209	SP:0012600	3_10	CF-B-provisional	medium
SCF:0002533	AC:002209	P68135	P24732	P14649	SP:0002209	SP:0006665	3_10	CF-B-provisional	medium
SCF:0002534	AC:002210	A0A0G4GX71	A0A0G4FL36	A0A0G4I0G6	SP:0002210	SP:0011784	11_24	CF-B-provisional	medium
SCF:0002535	AC:002210	A0A0G4GX71	A0A0G4FL36	A0A0G4HFQ7	SP:0002210	SP:0012601	11_24	CF-B-provisional	remote_sequence
SCF:0002536	AC:002211	A0A7S3VQN8	A0A7S3VSS7	A0A7S3VHS4	SP:0002211	SP:0011772	11_24	CF-B-provisional	high
SCF:0002537	AC:002212	Q8N122	Q15382	Q7L523	SP:0002212	SP:0007376	3_10	CF-B-provisional	remote_sequence
SCF:0002538	AC:002215	D8V7I2	K0J903	D7NIZ2	SP:0002215	SP:0006614	11_24	CF-B-provisional	remote_sequence
SCF:0002539	AC:002216	A0A2K1IB10	A0A2K1J0L9	A0A2K1K0C7	SP:0002216	SP:0006655	11_24	CF-B-provisional	remote_sequence
SCF:0002540	AC:002216	A0A2K1IB10	A0A2K1J0L9	A9RT62	SP:0002216	SP:0010701	11_24	CF-B-provisional	remote_sequence
SCF:0002541	AC:002216	A0A2K1J0L9	A0A2K1IB10	A0A2K1K0E4	SP:0002216	SP:0011525	11_24	CF-B-provisional	medium
SCF:0002542	AC:002216	A0A2K1J0L9	A0A2K1IB10	A0A2K1KN29	SP:0002216	SP:0011013	11_24	CF-B-provisional	medium
SCF:0002543	AC:002219	P05311	Q41038	Q01667	SP:0002219	SP:0010305	11_24	CF-B-provisional	medium
SCF:0002544	AC:002219	P05311	Q41038	E1C9L2	SP:0002219	SP:0010221	11_24	CF-B-provisional	remote_sequence
SCF:0002545	AC:002219	P05311	Q41038	Q41385	SP:0002219	SP:0010306	11_24	CF-B-provisional	remote_sequence
SCF:0002546	AC:002219	Q41038	P05311	P05310	SP:0002219	SP:0009577	11_24	CF-B-provisional	high
SCF:0002547	AC:002220	P04050	Q12004	P32585	SP:0002220	SP:0012612	11_24	CF-B-provisional	remote_sequence
SCF:0002548	AC:002220	P04050	Q12004	P35189	SP:0002220	SP:0012613	11_24	CF-B-provisional	remote_sequence
SCF:0002549	AC:002221	Q9SHE8	Q9SY97	P27521	SP:0002221	SP:0009023	11_24	CF-B-provisional	high
SCF:0002550	AC:002221	Q9SHE8	Q9SY97	Q9C639	SP:0002221	SP:0007518	11_24	CF-B-provisional	medium
SCF:0002551	AC:002222	A0A7U3Y808	B7I7R9	B7IA22	SP:0002222	SP:0009918	11_24	CF-B-provisional	remote_sequence
SCF:0002552	AC:002224	I0Z687	I0Z7A7	I0YP76	SP:0002224	SP:0007590	11_24	CF-B-provisional	medium
SCF:0002553	AC:002224	I0Z687	I0Z7A7	I0YQ46	SP:0002224	SP:0007591	11_24	CF-B-provisional	medium
SCF:0002554	AC:002224	I0Z7A7	I0Z687	I0YQ45	SP:0002224	SP:0009010	11_24	CF-B-provisional	remote_sequence
SCF:0002555	AC:002224	I0Z7A7	I0Z687	I0YQ46	SP:0002224	SP:0008864	11_24	CF-B-provisional	remote_sequence
SCF:0002556	AC:002225	Q22YU3	W7XJB1	Q24CE5	SP:0002225	SP:0009077	3_10	CF-B-provisional	medium
SCF:0002557	AC:002225	Q22YU3	W7XJB1	Q24DI9	SP:0002225	SP:0008956	3_10	CF-B-provisional	medium
SCF:0002558	AC:002227	O14198	Q9Y821	Q9US45	SP:0002227	SP:0012618	11_24	CF-B-provisional	remote_sequence
SCF:0002559	AC:002227	Q9Y821	O14198	Q9US45	SP:0002227	SP:0008437	11_24	CF-B-provisional	remote_sequence
SCF:0002560	AC:002228	A4VEB3	I7MCM8	W7XJB1	SP:0002228	SP:0011907	11_24	CF-B-provisional	medium
SCF:0002561	AC:002228	A4VEB3	I7MCM8	Q24DI9	SP:0002228	SP:0012622	11_24	CF-B-provisional	medium
SCF:0002562	AC:002228	A4VEB3	I7MCM8	Q1HFV9	SP:0002228	SP:0011915	11_24	CF-B-provisional	medium
SCF:0002563	AC:002230	C3SQT7	W8T6F0	C3SRY2	SP:0002230	SP:0012627	11_24	CF-B-provisional	remote_sequence
SCF:0002564	AC:002233	I0YQ44	I0Z7A7	I0Z7A6	SP:0002233	SP:0007743	11_24	CF-B-provisional	high
SCF:0002565	AC:002233	I0YQ44	I0Z7A7	I0YQ46	SP:0002233	SP:0008636	11_24	CF-B-provisional	medium
SCF:0002566	AC:002233	I0Z7A7	I0YQ44	I0YQ46	SP:0002233	SP:0008864	11_24	CF-B-provisional	high
SCF:0002567	AC:002233	I0Z7A7	I0YQ44	I0YQ45	SP:0002233	SP:0009010	11_24	CF-B-provisional	medium
SCF:0002568	AC:002233	I0Z7A7	I0YQ44	I0Z7A6	SP:0002233	SP:0007742	11_24	CF-B-provisional	medium
SCF:0002569	AC:002236	Q50297	P41205	P75560	SP:0002236	SP:0009467	11_24	CF-B-provisional	medium
SCF:0002570	AC:002236	Q50297	P41205	Q50306	SP:0002236	SP:0012647	11_24	CF-B-provisional	remote_sequence
SCF:0002571	AC:002237	Q05093	Q75VY6	Q75VZ0	SP:0002237	SP:0007481	11_24	CF-B-provisional	high
SCF:0002572	AC:002237	Q05093	Q75VY6	Q75VY7	SP:0002237	SP:0010532	11_24	CF-B-provisional	high
SCF:0002573	AC:002237	Q05093	Q75VY6	Q9ZSJ4	SP:0002237	SP:0012649	11_24	CF-B-provisional	medium
SCF:0002574	AC:002237	Q75VY6	Q05093	Q75VY8	SP:0002237	SP:0008834	11_24	CF-B-provisional	high
SCF:0002575	AC:002237	Q75VY6	Q05093	Q84Y02	SP:0002237	SP:0008885	11_24	CF-B-provisional	high
SCF:0002576	AC:002237	Q75VY6	Q05093	Q75VY4	SP:0002237	SP:0007476	11_24	CF-B-provisional	high
SCF:0002577	AC:002238	P69461	P00289	P00166	SP:0002238	SP:0011716	11_24	CF-B-provisional	remote_sequence
SCF:0002578	AC:002239	P10176	P12074	P15954	SP:0002239	SP:0007678	11_24	CF-B-provisional	remote_sequence
SCF:0002579	AC:002241	P13987	P07358	P07357	SP:0002241	SP:0012654	3_10	CF-A-provisional	medium
SCF:0002580	AC:002241	P13987	P07358	P13671	SP:0002241	SP:0012655	3_10	CF-B-provisional	remote_sequence
SCF:0002581	AC:002242	P53197	Q04601	Q08683	SP:0002242	SP:0009753	11_24	CF-B-provisional	remote_sequence
SCF:0002582	AC:002245	Q9UTB6	O14021	Q9P7M1	SP:0002245	SP:0008490	11_24	CF-B-provisional	remote_sequence
SCF:0002583	AC:002247	Q2FW30	Q2G2Q4	Q2FW18	SP:0002247	SP:0012662	11_24	CF-B-provisional	remote_sequence
SCF:0002584	AC:002250	O85388	Q83ED6	Q83ES0	SP:0002250	SP:0012666	11_24	CF-B-provisional	remote_sequence
SCF:0002585	AC:002250	O85388	Q83ED6	Q83ES5	SP:0002250	SP:0012667	11_24	CF-B-provisional	remote_sequence
SCF:0002586	AC:002250	O85388	Q83ED6	Q83ER2	SP:0002250	SP:0012668	11_24	CF-B-provisional	remote_sequence
SCF:0002587	AC:002265	O60566	P30260	Q9UJX5	SP:0002265	SP:0012693	11_24	CF-B-provisional	remote_sequence
SCF:0002588	AC:002265	P30260	O60566	Q9UJX6	SP:0002265	SP:0012696	11_24	CF-B-provisional	remote_sequence
SCF:0002589	AC:002270	A0T0T5	B8CEQ3	B8C0K4	SP:0002270	SP:0009159	11_24	CF-B-provisional	medium
SCF:0002590	AC:002270	A0T0T5	B8CEQ3	B8BUW3	SP:0002270	SP:0009160	11_24	CF-B-provisional	medium
SCF:0002591	AC:002271	O43257	O96019	P60709	SP:0002271	SP:0012707	11_24	CF-B-provisional	medium
SCF:0002592	AC:002271	O43257	O96019	Q9GZN1	SP:0002271	SP:0012708	11_24	CF-B-provisional	remote_sequence
SCF:0002593	AC:002271	O96019	O43257	Q6AZJ8	SP:0002271	SP:0008113	11_24	CF-B-provisional	remote_sequence
SCF:0002594	AC:002271	O96019	O43257	Q9BQE9	SP:0002271	SP:0012710	11_24	CF-B-provisional	remote_sequence
SCF:0002595	AC:002272	P87173	Q9Y7M4	O94408	SP:0002272	SP:0006233	3_10	CF-B-provisional	remote_sequence
SCF:0002596	AC:002272	P87173	Q9Y7M4	O14352	SP:0002272	SP:0006232	3_10	CF-B-provisional	remote_sequence
SCF:0002597	AC:002272	Q9Y7M4	P87173	O74483	SP:0002272	SP:0010709	3_10	CF-B-provisional	remote_sequence
SCF:0002598	AC:002274	P0A0F8	Q2FW17	Q2FZ42	SP:0002274	SP:0012713	11_24	CF-B-provisional	medium
SCF:0002599	AC:002274	P0A0F8	Q2FW17	Q2FW30	SP:0002274	SP:0012663	11_24	CF-B-provisional	remote_sequence
SCF:0002600	AC:002274	P0A0F8	Q2FW17	Q2FW38	SP:0002274	SP:0012714	11_24	CF-B-provisional	remote_sequence
SCF:0002601	AC:002277	A4VE64	W7XJB1	I7MCM8	SP:0002277	SP:0008467	11_24	CF-B-provisional	medium
SCF:0002602	AC:002277	W7XJB1	A4VE64	Q24CE5	SP:0002277	SP:0007981	11_24	CF-B-provisional	medium
SCF:0002603	AC:002277	W7XJB1	A4VE64	Q1HFW0	SP:0002277	SP:0006925	11_24	CF-B-provisional	medium
SCF:0002604	AC:002278	Q28851	P32876	P07926	SP:0002278	SP:0012725	11_24	CF-B-provisional	high
SCF:0002605	AC:002282	P17227	A0A0F6NFW5	P05310	SP:0002282	SP:0012734	11_24	CF-B-provisional	high
SCF:0002606	AC:002282	P17227	A0A0F6NFW5	P05311	SP:0002282	SP:0012735	11_24	CF-B-provisional	high
SCF:0002607	AC:002282	P17227	A0A0F6NFW5	A0A0F6NGI2	SP:0002282	SP:0007190	11_24	CF-B-provisional	high
SCF:0002608	AC:002285	Q46896	P0A6Y1	P0A6X7	SP:0002285	SP:0012741	3_10	CF-B-provisional	medium
SCF:0002609	AC:002285	Q46896	P0A6Y1	P45956	SP:0002285	SP:0012742	3_10	CF-B-provisional	remote_sequence
SCF:0002610	AC:002287	Q56218	Q56229	Q56220	SP:0002287	SP:0012745	11_24	CF-B-provisional	medium
SCF:0002611	AC:002290	Q7JZF5	Q9VEA5	P36958	SP:0002290	SP:0012754	11_24	CF-B-provisional	remote_sequence
SCF:0002612	AC:002291	B7IA33	A0A7U3Y815	B7IA22	SP:0002291	SP:0011847	11_24	CF-B-provisional	remote_sequence
SCF:0002613	AC:002292	K7NU68	A0A7S3VSS7	A0A7S3R4R1	SP:0002292	SP:0011769	11_24	CF-B-provisional	high
SCF:0002614	AC:002295	Q9LU21	P26288	P56752	SP:0002295	SP:0012759	11_24	CF-B-provisional	remote_sequence
SCF:0002615	AC:002297	P53859	Q08162	Q99207	SP:0002297	SP:0012762	11_24	CF-B-provisional	remote_sequence
SCF:0002616	AC:002297	Q08162	P53859	P46948	SP:0002297	SP:0012765	11_24	CF-B-provisional	remote_sequence
SCF:0002617	AC:002299	O81098	O82504	Q9LK40	SP:0002299	SP:0009266	11_24	CF-B-provisional	remote_sequence
SCF:0002618	AC:002300	P19569	P09192	Q55274	SP:0002300	SP:0012769	11_24	CF-B-provisional	remote_sequence
SCF:0002619	AC:002301	Q389F5	Q57XL7	Q57ZX7	SP:0002301	SP:0008474	3_10	CF-A-provisional	medium
SCF:0002620	AC:002301	Q389F5	Q57XL7	Q57VS6	SP:0002301	SP:0010624	3_10	CF-B-provisional	remote_sequence
SCF:0002621	AC:002301	Q389F5	Q57XL7	Q389W4	SP:0002301	SP:0010623	3_10	CF-B-provisional	remote_sequence
SCF:0002622	AC:002304	C3SQY7	C3SQX2	P62399	SP:0002304	SP:0012774	11_24	CF-B-provisional	remote_sequence
SCF:0002623	AC:002309	Q2FKZ1	Q2FRL9	Q2FRK1	SP:0002309	SP:0012779	11_24	CF-B-provisional	remote_sequence
SCF:0002624	AC:002310	A0A0M3KL12	A0A0M3KL11	E1C9L3	SP:0002310	SP:0008602	11_24	CF-B-provisional	medium
SCF:0002625	AC:002310	A0A0M3KL12	A0A0M3KL11	Q9S7N7	SP:0002310	SP:0012784	11_24	CF-B-provisional	medium
SCF:0002626	AC:002310	A0A0M3KL12	A0A0M3KL11	P16002	SP:0002310	SP:0012785	11_24	CF-B-provisional	remote_sequence
SCF:0002627	AC:002312	P19052	P12239	P19054	SP:0002312	SP:0012789	11_24	CF-B-provisional	remote_sequence
SCF:0002628	AC:002314	P04912	Q12464	Q03940	SP:0002314	SP:0012794	11_24	CF-B-provisional	medium
SCF:0002629	AC:002314	P04912	Q12464	P25293	SP:0002314	SP:0008717	11_24	CF-B-provisional	remote_sequence
SCF:0002630	AC:002314	Q12464	P04912	P04911	SP:0002314	SP:0006385	11_24	CF-B-provisional	high
SCF:0002631	AC:002314	Q12464	P04912	Q12692	SP:0002314	SP:0012795	11_24	CF-B-provisional	high
SCF:0002632	AC:002314	Q12464	P04912	P02293	SP:0002314	SP:0012796	11_24	CF-B-provisional	medium
SCF:0002633	AC:002315	I7MDA9	Q24C31	Q23YW7	SP:0002315	SP:0006463	11_24	CF-B-provisional	medium
SCF:0002634	AC:002315	I7MDA9	Q24C31	Q23S05	SP:0002315	SP:0011376	11_24	CF-B-provisional	remote_sequence
SCF:0002635	AC:002315	I7MDA9	Q24C31	A4VD15	SP:0002315	SP:0011205	11_24	CF-B-provisional	remote_sequence
SCF:0002636	AC:002319	G3MXC8	Q3MHR7	Q1JP79	SP:0002319	SP:0010135	3_10	CF-B-provisional	remote_sequence
SCF:0002637	AC:002319	Q3MHR7	G3MXC8	Q3SYX9	SP:0002319	SP:0012799	3_10	CF-A-provisional	high
SCF:0002638	AC:002320	P53905	Q06406	P40089	SP:0002320	SP:0010128	3_10	CF-A-provisional	medium
SCF:0002639	AC:002320	Q06406	P53905	P57743	SP:0002320	SP:0010755	3_10	CF-A-provisional	medium
SCF:0002640	AC:002320	Q06406	P53905	P47093	SP:0002320	SP:0010126	3_10	CF-A-provisional	medium
SCF:0002641	AC:002320	Q06406	P53905	P47017	SP:0002320	SP:0010203	3_10	CF-B-provisional	remote_sequence
SCF:0002642	AC:002322	A0A1G4KPQ9	F2QT90	F2QVA2	SP:0002322	SP:0008343	11_24	CF-B-provisional	remote_sequence
SCF:0002643	AC:002324	Q6YXK4	A0A2K1JLW2	A0A2K1JC42	SP:0002324	SP:0008422	11_24	CF-B-provisional	medium
SCF:0002644	AC:002326	P27766	Q39584	Q7Y0H2	SP:0002326	SP:0012808	11_24	CF-B-provisional	remote_sequence
SCF:0002645	AC:002326	Q39584	P27766	Q39578	SP:0002326	SP:0012811	11_24	CF-B-provisional	remote_sequence
SCF:0002646	AC:002327	P49960	Q06406	P40089	SP:0002327	SP:0012812	3_10	CF-A-provisional	medium
SCF:0002647	AC:002327	P49960	Q06406	P38203	SP:0002327	SP:0010323	3_10	CF-A-provisional	medium
SCF:0002648	AC:002328	G0RYR4	G0S7B2	G0SED0	SP:0002328	SP:0012817	11_24	CF-B-provisional	remote_sequence
SCF:0002649	AC:002330	Q54G86	P22685	Q9Y3A5	SP:0002330	SP:0011337	3_10	CF-B-provisional	remote_sequence
SCF:0002650	AC:002336	I7MHB1	A4VEB3	Q1HFV9	SP:0002336	SP:0008953	11_24	CF-B-provisional	remote_sequence
SCF:0002651	AC:002337	W5I1R7	W5FWF5	W5DS33	SP:0002337	SP:0008993	11_24	CF-B-provisional	medium
SCF:0002652	AC:002338	Q9NRP0	P43308	Q8N6L1	SP:0002338	SP:0012837	11_24	CF-B-provisional	remote_sequence
SCF:0002653	AC:002339	P21473	P21477	P55873	SP:0002339	SP:0012839	11_24	CF-B-provisional	remote_sequence
SCF:0002654	AC:002339	P21473	P21477	P21471	SP:0002339	SP:0006303	11_24	CF-B-provisional	remote_sequence
SCF:0002655	AC:002339	P21473	P21477	P21470	SP:0002339	SP:0009910	11_24	CF-B-provisional	remote_sequence
SCF:0002656	AC:002339	P21477	P21473	P21468	SP:0002339	SP:0012840	11_24	CF-B-provisional	remote_sequence
SCF:0002657	AC:002339	P21477	P21473	P21476	SP:0002339	SP:0006306	11_24	CF-B-provisional	remote_sequence
SCF:0002658	AC:002339	P21477	P21473	P21474	SP:0002339	SP:0011515	11_24	CF-B-provisional	remote_sequence
SCF:0002659	AC:002340	A0R201	A0R204	A0R1Z9	SP:0002340	SP:0012818	11_24	CF-B-provisional	remote_sequence
SCF:0002660	AC:002341	Q3T084	Q3ZBH0	Q32L40	SP:0002341	SP:0011264	11_24	CF-B-provisional	medium
SCF:0002661	AC:002341	Q3T084	Q3ZBH0	Q2T9X2	SP:0002341	SP:0011892	11_24	CF-B-provisional	medium
SCF:0002662	AC:002341	Q3T084	Q3ZBH0	Q3MHL7	SP:0002341	SP:0011893	11_24	CF-B-provisional	remote_sequence
SCF:0002663	AC:002341	Q3ZBH0	Q3T084	Q3MHL7	SP:0002341	SP:0011268	11_24	CF-B-provisional	high
SCF:0002664	AC:002341	Q3ZBH0	Q3T084	Q2T9X2	SP:0002341	SP:0012841	11_24	CF-B-provisional	medium
SCF:0002665	AC:002342	W7XJB1	I7M6H4	Q22A67	SP:0002342	SP:0007547	11_24	CF-B-provisional	medium
SCF:0002666	AC:002343	C3SR62	C3SRY2	W8T6F0	SP:0002343	SP:0006915	11_24	CF-B-provisional	remote_sequence
SCF:0002667	AC:002343	C3SR62	C3SRY2	C3SR52	SP:0002343	SP:0012843	11_24	CF-B-provisional	remote_sequence
SCF:0002668	AC:002343	C3SR62	C3SRY2	A0A024L8R9	SP:0002343	SP:0012844	11_24	CF-B-provisional	remote_sequence
SCF:0002669	AC:002343	C3SRY2	C3SR62	P60422	SP:0002343	SP:0012845	11_24	CF-B-provisional	remote_sequence
SCF:0002670	AC:002345	M1VKK5	Q85FP8	M1UU36	SP:0002345	SP:0007017	11_24	CF-B-provisional	remote_sequence
SCF:0002671	AC:002345	Q85FP8	M1VKK5	M1VFJ4	SP:0002345	SP:0011668	11_24	CF-B-provisional	remote_sequence
SCF:0002672	AC:002347	A0T0M8	B8BUW3	B5YM25	SP:0002347	SP:0009698	11_24	CF-B-provisional	medium
SCF:0002673	AC:002347	A0T0M8	B8BUW3	B8C770	SP:0002347	SP:0012851	11_24	CF-B-provisional	medium
SCF:0002674	AC:002347	A0T0M8	B8BUW3	B8CEQ3	SP:0002347	SP:0012852	11_24	CF-B-provisional	medium
SCF:0002675	AC:002347	B8BUW3	A0T0M8	A0T0M9	SP:0002347	SP:0012853	11_24	CF-B-provisional	medium
SCF:0002676	AC:002348	P04052	Q9VEA5	Q7JZF5	SP:0002348	SP:0011973	11_24	CF-B-provisional	remote_sequence
SCF:0002677	AC:002349	Q9BTE1	P61163	F2Z5G5	SP:0002349	SP:0010467	11_24	CF-B-provisional	high
SCF:0002678	AC:002349	Q9BTE1	P61163	Q9NZ32	SP:0002349	SP:0010468	11_24	CF-B-provisional	medium
SCF:0002679	AC:002350	P20042	P49770	P05198	SP:0002350	SP:0012857	11_24	CF-B-provisional	remote_sequence
SCF:0002680	AC:002350	P49770	P20042	Q9NR50	SP:0002350	SP:0012859	11_24	CF-B-provisional	remote_sequence
SCF:0002681	AC:002351	Q585T1	Q57VS6	Q389W4	SP:0002351	SP:0008476	3_10	CF-B-provisional	remote_sequence
SCF:0002682	AC:002353	Q1HFX0	Q1HFX1	Q22MV2	SP:0002353	SP:0012864	11_24	CF-B-provisional	medium
SCF:0002683	AC:002353	Q1HFX0	Q1HFX1	I7MHB1	SP:0002353	SP:0009775	11_24	CF-B-provisional	remote_sequence
SCF:0002684	AC:002353	Q1HFX1	Q1HFX0	W7XJB1	SP:0002353	SP:0011922	11_24	CF-B-provisional	medium
SCF:0002685	AC:002353	Q1HFX1	Q1HFX0	Q1HFV9	SP:0002353	SP:0011921	11_24	CF-B-provisional	medium
SCF:0002686	AC:002353	Q1HFX1	Q1HFX0	Q1HFW2	SP:0002353	SP:0007750	11_24	CF-B-provisional	medium
SCF:0002687	AC:002355	P0A8V2	P0AF28	P0A7V8	SP:0002355	SP:0012867	3_10	CF-A-provisional	medium
SCF:0002688	AC:002355	P0A8V2	P0AF28	P0A7V3	SP:0002355	SP:0012868	3_10	CF-B-provisional	remote_sequence
SCF:0002689	AC:002355	P0A8V2	P0AF28	P0AFW0	SP:0002355	SP:0012869	3_10	CF-B-provisional	remote_sequence
SCF:0002690	AC:002356	Q4VT52	A0A8D0MI69	A0A286ZYL7	SP:0002356	SP:0012873	11_24	CF-B-provisional	remote_sequence
SCF:0002691	AC:002357	P38786	P40993	P53218	SP:0002357	SP:0012006	11_24	CF-B-provisional	remote_sequence
SCF:0002692	AC:002360	P53859	P38801	P53256	SP:0002360	SP:0012881	11_24	CF-B-provisional	remote_sequence
SCF:0002693	AC:002360	P53859	P38801	P53725	SP:0002360	SP:0012882	11_24	CF-B-provisional	remote_sequence
SCF:0002694	AC:002361	A0A0F6NFW5	Q9SQL2	Q32904	SP:0002361	SP:0006761	11_24	CF-B-provisional	high
SCF:0002695	AC:002367	P38550	A0A1S4BFK7	A0A1S4CE74	SP:0002367	SP:0009338	11_24	CF-B-provisional	medium
SCF:0002696	AC:002371	P56769	Q9SY97	P27521	SP:0002371	SP:0009024	11_24	CF-B-provisional	high
SCF:0002697	AC:002371	P56769	Q9SY97	Q9SYW8	SP:0002371	SP:0009714	11_24	CF-B-provisional	medium
SCF:0002698	AC:002371	P56769	Q9SY97	Q8LCQ4	SP:0002371	SP:0009382	11_24	CF-B-provisional	medium
SCF:0002699	AC:002372	P53256	Q08162	Q99207	SP:0002372	SP:0012896	11_24	CF-B-provisional	remote_sequence
SCF:0002700	AC:002372	Q08162	P53256	P46948	SP:0002372	SP:0012765	11_24	CF-B-provisional	medium
SCF:0002701	AC:002372	Q08162	P53256	Q12277	SP:0002372	SP:0012898	11_24	CF-B-provisional	remote_sequence
SCF:0002702	AC:002373	B8YB62	B8YB54	B8YB56	SP:0002373	SP:0007809	11_24	CF-B-provisional	remote_sequence
SCF:0002703	AC:002374	O57233	Q76ZQ8	Q76ZS0	SP:0002374	SP:0011694	3_10	CF-B-provisional	remote_sequence
SCF:0002704	AC:002377	Q24DI9	I7M6H4	Q22A67	SP:0002377	SP:0007341	11_24	CF-B-provisional	medium
SCF:0002705	AC:002381	I7LT80	Q24CL2	Q24DJ0	SP:0002381	SP:0012917	11_24	CF-B-provisional	remote_sequence
SCF:0002706	AC:002381	I7LT80	Q24CL2	Q23YW7	SP:0002381	SP:0012918	11_24	CF-B-provisional	remote_sequence
SCF:0002707	AC:002381	Q24CL2	I7LT80	Q23S05	SP:0002381	SP:0006474	11_24	CF-B-provisional	remote_sequence
SCF:0002708	AC:002383	D7NIZ2	K0J903	D8V7I1	SP:0002383	SP:0006613	11_24	CF-B-provisional	remote_sequence
SCF:0002709	AC:002384	P07471	Q01321	P62894	SP:0002384	SP:0012919	11_24	CF-B-provisional	remote_sequence
SCF:0002710	AC:002385	P28791	P53847	P33891	SP:0002385	SP:0010137	3_10	CF-B-provisional	remote_sequence
SCF:0002711	AC:002387	P21465	P12879	P21469	SP:0002387	SP:0012931	11_24	CF-B-provisional	remote_sequence
SCF:0002712	AC:002387	P21465	P12879	P20282	SP:0002387	SP:0012932	11_24	CF-B-provisional	remote_sequence
SCF:0002713	AC:002393	O14010	Q9Y7N2	O94376	SP:0002393	SP:0012936	11_24	CF-B-provisional	remote_sequence
SCF:0002714	AC:002393	Q9Y7N2	O14010	O94376	SP:0002393	SP:0009991	11_24	CF-B-provisional	remote_sequence
SCF:0002715	AC:002396	A0T0M8	B8BRQ8	B8CEQ3	SP:0002396	SP:0012852	11_24	CF-B-provisional	remote_sequence
SCF:0002716	AC:002396	B8BRQ8	A0T0M8	A0T0M9	SP:0002396	SP:0012940	11_24	CF-B-provisional	medium
SCF:0002717	AC:002399	P00579	P0ABS1	P0A9G4	SP:0002399	SP:0011261	3_10	CF-B-provisional	remote_sequence
SCF:0002718	AC:002400	A0A1S3ZQT7	A0A1S3XP85	A0A1S3YU01	SP:0002400	SP:0006538	11_24	CF-B-provisional	remote_sequence
SCF:0002719	AC:002401	P12853	P18263	P92276	SP:0002401	SP:0007322	11_24	CF-B-provisional	remote_sequence
SCF:0002720	AC:002401	P18263	P12853	Q93VE0	SP:0002401	SP:0010933	11_24	CF-B-provisional	remote_sequence
SCF:0002721	AC:002401	P18263	P12853	A8HY43	SP:0002401	SP:0010934	11_24	CF-B-provisional	remote_sequence
SCF:0002722	AC:002401	P18263	P12853	Q93WL4	SP:0002401	SP:0012951	11_24	CF-B-provisional	remote_sequence
SCF:0002723	AC:002402	A0A5H1ZR73	D8V7I2	D7P897	SP:0002402	SP:0006362	11_24	CF-B-provisional	remote_sequence
SCF:0002724	AC:002403	Q9M3L0	P69461	P80883	SP:0002403	SP:0012382	11_24	CF-B-provisional	remote_sequence
SCF:0002725	AC:002404	Q5SLP8	Q5SKU2	P80373	SP:0002404	SP:0012957	11_24	CF-B-provisional	remote_sequence
SCF:0002726	AC:002404	Q5SLP8	Q5SKU2	P17291	SP:0002404	SP:0012958	11_24	CF-B-provisional	remote_sequence
SCF:0002727	AC:002407	P01730	P01857	P0DOX5	SP:0002407	SP:0012349	3_10	CF-B-provisional	high
SCF:0002728	AC:002407	P01857	P01730	P55899	SP:0002407	SP:0012967	3_10	CF-B-provisional	remote_sequence
SCF:0002729	AC:002409	C3TRH7	W8T6F0	C3SRY2	SP:0002409	SP:0012974	11_24	CF-B-provisional	remote_sequence
SCF:0002730	AC:002410	P40337	Q9BT78	Q7L5N1	SP:0002410	SP:0010387	11_24	CF-B-provisional	remote_sequence
SCF:0002731	AC:002410	P40337	Q9BT78	Q13098	SP:0002410	SP:0012344	11_24	CF-B-provisional	remote_sequence
SCF:0002732	AC:002410	P40337	Q9BT78	Q9UNS2	SP:0002410	SP:0010388	11_24	CF-B-provisional	remote_sequence
SCF:0002733	AC:002410	Q9BT78	P40337	P63208	SP:0002410	SP:0012975	11_24	CF-B-provisional	remote_sequence
SCF:0002734	AC:002412	I0YQ44	I0YQ45	I0YQ46	SP:0002412	SP:0008636	11_24	CF-B-provisional	high
SCF:0002735	AC:002412	I0YQ44	I0YQ45	I0Z7A6	SP:0002412	SP:0007743	11_24	CF-B-provisional	medium
SCF:0002736	AC:002412	I0YQ45	I0YQ44	I0YQ46	SP:0002412	SP:0006337	11_24	CF-B-provisional	high
SCF:0002737	AC:002412	I0YQ45	I0YQ44	I0Z7A7	SP:0002412	SP:0009010	11_24	CF-B-provisional	high
SCF:0002738	AC:002413	Q05AW3	Q7ZX96	A2RV69	SP:0002413	SP:0012978	11_24	CF-B-provisional	medium
SCF:0002739	AC:002413	Q7ZX96	Q05AW3	Q6GNX0	SP:0002413	SP:0010912	11_24	CF-B-provisional	remote_sequence
SCF:0002740	AC:002413	Q7ZX96	Q05AW3	Q7ZYJ8	SP:0002413	SP:0010911	11_24	CF-B-provisional	remote_sequence
SCF:0002741	AC:002415	P68610	P68449	P68608	SP:0002415	SP:0012984	11_24	CF-B-provisional	remote_sequence
SCF:0002742	AC:002419	P46020	P0DP25	P0DP23	SP:0002419	SP:0012989	11_24	CF-B-provisional	high
SCF:0002743	AC:002420	Q24CE5	I7M9J2	Q22A67	SP:0002420	SP:0008469	11_24	CF-B-provisional	medium
SCF:0002744	AC:002421	Q7Z7J7	P14867	P18507	SP:0002421	SP:0012993	3_10	CF-B-provisional	high
SCF:0002745	AC:002421	Q7Z7J7	P14867	P28472	SP:0002421	SP:0012994	3_10	CF-B-provisional	medium
SCF:0002746	AC:002422	P24279	P47112	P54791	SP:0002422	SP:0007464	11_24	CF-B-provisional	remote_sequence
SCF:0002747	AC:002422	P24279	P47112	P29469	SP:0002422	SP:0012996	11_24	CF-B-provisional	remote_sequence
SCF:0002748	AC:002422	P24279	P47112	P50874	SP:0002422	SP:0012327	11_24	CF-B-provisional	remote_sequence
SCF:0002749	AC:002422	P47112	P24279	P29469	SP:0002422	SP:0012997	11_24	CF-B-provisional	medium
SCF:0002750	AC:002422	P47112	P24279	P53091	SP:0002422	SP:0012998	11_24	CF-B-provisional	medium
SCF:0002751	AC:002422	P47112	P24279	P38132	SP:0002422	SP:0012999	11_24	CF-B-provisional	medium
SCF:0002752	AC:002423	Q85G51	M1VFJ4	M1VKK5	SP:0002423	SP:0008337	11_24	CF-B-provisional	remote_sequence
SCF:0002753	AC:002425	A8IS47	A8J353	A8IJ60	SP:0002425	SP:0008850	11_24	CF-B-provisional	remote_sequence
SCF:0002754	AC:002425	A8J353	A8IS47	A8INX1	SP:0002425	SP:0006261	11_24	CF-B-provisional	medium
SCF:0002755	AC:002426	A0A069QC99	A0A241XG65	E2RXU4	SP:0002426	SP:0006422	11_24	CF-B-provisional	remote_sequence
SCF:0002756	AC:002428	P02293	Q06675	Q02732	SP:0002428	SP:0013003	11_24	CF-B-provisional	remote_sequence
SCF:0002757	AC:002428	Q06675	P02293	P04911	SP:0002428	SP:0013004	11_24	CF-B-provisional	medium
SCF:0002758	AC:002430	P35249	Q99638	P12004	SP:0002430	SP:0009214	3_10	CF-B-provisional	remote_sequence
SCF:0002759	AC:002430	Q99638	P35249	P35250	SP:0002430	SP:0006705	3_10	CF-B-provisional	medium
SCF:0002760	AC:002436	Q22MV2	I7MCM8	Q1HFX0	SP:0002436	SP:0012864	11_24	CF-B-provisional	high
SCF:0002761	AC:002436	Q22MV2	I7MCM8	W7XJB1	SP:0002436	SP:0007241	11_24	CF-B-provisional	medium
SCF:0002762	AC:002436	Q22MV2	I7MCM8	Q1HFV9	SP:0002436	SP:0007240	11_24	CF-B-provisional	medium
SCF:0002763	AC:002437	P22666	A8HY43	A0A2K3DWM2	SP:0002437	SP:0011432	11_24	CF-B-provisional	remote_sequence
SCF:0002764	AC:002437	P22666	A8HY43	Q93WL4	SP:0002437	SP:0013019	11_24	CF-B-provisional	remote_sequence
SCF:0002765	AC:002438	Q9Y3B2	Q9Y2L1	Q8TF46	SP:0002438	SP:0012199	11_24	CF-B-provisional	medium
SCF:0002766	AC:002438	Q9Y3B2	Q9Y2L1	Q9Y450	SP:0002438	SP:0012200	11_24	CF-B-provisional	remote_sequence
SCF:0002767	AC:002439	Q9GZQ3	Q9NX08	Q9P000	SP:0002439	SP:0009980	11_24	CF-B-provisional	remote_sequence
SCF:0002768	AC:002439	Q9GZQ3	Q9NX08	Q9Y6G5	SP:0002439	SP:0011121	11_24	CF-B-provisional	remote_sequence
SCF:0002769	AC:002439	Q9GZQ3	Q9NX08	Q86X83	SP:0002439	SP:0009421	11_24	CF-B-provisional	remote_sequence
SCF:0002770	AC:002439	Q9NX08	Q9GZQ3	Q9UBI1	SP:0002439	SP:0011119	11_24	CF-B-provisional	remote_sequence
SCF:0002771	AC:002439	Q9NX08	Q9GZQ3	Q9H0A8	SP:0002439	SP:0009979	11_24	CF-B-provisional	remote_sequence
SCF:0002772	AC:002441	A0A8D2A9I1	Q06AT4	Q06AT5	SP:0002441	SP:0010971	3_10	CF-A-provisional	medium
SCF:0002773	AC:002441	Q06AT4	A0A8D2A9I1	A0A287AEW0	SP:0002441	SP:0010970	3_10	CF-B-provisional	remote_sequence
SCF:0002774	AC:002441	Q06AT4	A0A8D2A9I1	Q06AT5	SP:0002441	SP:0010972	3_10	CF-B-provisional	remote_sequence
SCF:0002775	AC:002442	I7MCM8	Q22R86	A4VE64	SP:0002442	SP:0008467	11_24	CF-B-provisional	remote_sequence
SCF:0002776	AC:002442	Q22R86	I7MCM8	Q1HFX0	SP:0002442	SP:0007245	11_24	CF-B-provisional	high
SCF:0002777	AC:002442	Q22R86	I7MCM8	W7XJB1	SP:0002442	SP:0011971	11_24	CF-B-provisional	medium
SCF:0002778	AC:002442	Q22R86	I7MCM8	Q1HFV9	SP:0002442	SP:0007243	11_24	CF-B-provisional	medium
SCF:0002779	AC:002443	P03929	Q28852	P07926	SP:0002443	SP:0013024	11_24	CF-B-provisional	remote_sequence
SCF:0002780	AC:002444	Q31L30	Q31QK2	Q31S42	SP:0002444	SP:0012479	3_10	CF-B-provisional	remote_sequence
SCF:0002781	AC:002447	E2RXT0	A0A2V3F2U6	A0A069PXX1	SP:0002447	SP:0009476	11_24	CF-B-provisional	remote_sequence
SCF:0002782	AC:002448	P17987	Q99471	O60925	SP:0002448	SP:0008780	11_24	CF-B-provisional	remote_sequence
SCF:0002783	AC:002448	Q99471	P17987	P49368	SP:0002448	SP:0006526	11_24	CF-B-provisional	medium
SCF:0002784	AC:002448	Q99471	P17987	P40227	SP:0002448	SP:0006528	11_24	CF-B-provisional	medium
SCF:0002785	AC:002449	P36053	P40352	P27692	SP:0002449	SP:0011782	11_24	CF-B-provisional	medium
SCF:0002786	AC:002453	P07703	P29056	P40992	SP:0002453	SP:0013032	11_24	CF-B-provisional	remote_sequence
SCF:0002787	AC:002453	P29056	P07703	P32910	SP:0002453	SP:0010594	11_24	CF-B-provisional	remote_sequence
SCF:0002788	AC:002457	P04899	P41143	P25090	SP:0002457	SP:0013035	3_10	CF-B-provisional	medium
SCF:0002789	AC:002457	P04899	P41143	Q8TDU9	SP:0002457	SP:0013036	3_10	CF-A-provisional	medium
SCF:0002790	AC:002457	P04899	P41143	P25929	SP:0002457	SP:0013037	3_10	CF-A-provisional	medium
SCF:0002791	AC:002457	P41143	P04899	P63096	SP:0002457	SP:0013038	3_10	CF-A-provisional	high
SCF:0002792	AC:002458	C4R7L2	C4R5R1	C4QZQ7	SP:0002458	SP:0013040	11_24	CF-B-provisional	remote_sequence
SCF:0002793	AC:002458	C4R7L2	C4R5R1	C4R370	SP:0002458	SP:0013041	11_24	CF-B-provisional	remote_sequence
SCF:0002794	AC:002458	C4R7L2	C4R5R1	F2QUC3	SP:0002458	SP:0013042	11_24	CF-B-provisional	remote_sequence
SCF:0002795	AC:002461	P36886	P13192	P12355	SP:0002461	SP:0013044	11_24	CF-B-provisional	high
SCF:0002796	AC:002465	P92276	P11471	Q93VE0	SP:0002465	SP:0013049	11_24	CF-B-provisional	medium
SCF:0002797	AC:002465	P92276	P11471	P12853	SP:0002465	SP:0007322	11_24	CF-B-provisional	medium
SCF:0002798	AC:002467	A4VEB3	I7M9J2	Q22A67	SP:0002467	SP:0013054	11_24	CF-B-provisional	medium
SCF:0002799	AC:002469	O80634	P26288	A0A1B1W4Z4	SP:0002469	SP:0012777	11_24	CF-B-provisional	remote_sequence
SCF:0002800	AC:002469	P26288	O80634	Q9SGH4	SP:0002469	SP:0009073	11_24	CF-B-provisional	remote_sequence
SCF:0002801	AC:002471	P9WGZ1	P9WGG7	P71814	SP:0002471	SP:0008087	3_10	CF-A-provisional	medium
SCF:0002802	AC:002474	Q96FW1	Q15819	P62837	SP:0002474	SP:0013063	3_10	CF-B-provisional	medium
SCF:0002803	AC:002474	Q96FW1	Q15819	P61088	SP:0002474	SP:0013064	3_10	CF-B-provisional	remote_sequence
SCF:0002804	AC:002475	Q12379	Q04601	Q08683	SP:0002475	SP:0013068	11_24	CF-B-provisional	remote_sequence
SCF:0002805	AC:002477	A0A4V8GZZ9	A0A4V8GZZ5	A0A4V8H008	SP:0002477	SP:0007902	11_24	CF-B-provisional	medium
SCF:0002806	AC:002478	Q8TF46	Q96B26	Q9NQT4	SP:0002478	SP:0011685	11_24	CF-B-provisional	medium
SCF:0002807	AC:002478	Q8TF46	Q96B26	Q15024	SP:0002478	SP:0013072	11_24	CF-B-provisional	medium
SCF:0002808	AC:002480	O82504	Q9FJ98	Q9M1A8	SP:0002480	SP:0008523	11_24	CF-B-provisional	medium
SCF:0002809	AC:002480	Q9FJ98	O82504	Q9LK40	SP:0002480	SP:0010983	11_24	CF-B-provisional	remote_sequence
SCF:0002810	AC:002482	Q56227	Q56220	Q56229	SP:0002482	SP:0012749	11_24	CF-B-provisional	medium
SCF:0002811	AC:002484	Q1HFX0	Q1HGH8	Q1HGH9	SP:0002484	SP:0013082	11_24	CF-B-provisional	remote_sequence
SCF:0002812	AC:002484	Q1HFX0	Q1HGH8	Q22R86	SP:0002484	SP:0007245	11_24	CF-B-provisional	remote_sequence
SCF:0002813	AC:002484	Q1HGH8	Q1HFX0	W7XJB1	SP:0002484	SP:0008211	11_24	CF-B-provisional	medium
SCF:0002814	AC:002484	Q1HGH8	Q1HFX0	Q24DI9	SP:0002484	SP:0008209	11_24	CF-B-provisional	medium
SCF:0002815	AC:002484	Q1HGH8	Q1HFX0	Q1HFV9	SP:0002484	SP:0008210	11_24	CF-B-provisional	medium
SCF:0002816	AC:002485	I7M9J2	Q24DI9	Q1HFX5	SP:0002485	SP:0013056	11_24	CF-B-provisional	remote_sequence
SCF:0002817	AC:002485	I7M9J2	Q24DI9	Q240X9	SP:0002485	SP:0007343	11_24	CF-B-provisional	remote_sequence
SCF:0002818	AC:002485	Q24DI9	I7M9J2	Q22A67	SP:0002485	SP:0007341	11_24	CF-B-provisional	medium
SCF:0002819	AC:002486	P17227	P16002	Q9S831	SP:0002486	SP:0010093	11_24	CF-B-provisional	medium
SCF:0002820	AC:002486	P17227	P16002	A0A0M3KL11	SP:0002486	SP:0011291	11_24	CF-B-provisional	remote_sequence
SCF:0002821	AC:002486	P17227	P16002	C6T221	SP:0002486	SP:0013083	11_24	CF-B-provisional	remote_sequence
SCF:0002822	AC:002487	A9WEV6	A9WEV7	A9WEV4	SP:0002487	SP:0010483	3_10	CF-B-provisional	remote_sequence
SCF:0002823	AC:002489	Q9BVC4	Q15382	Q7L523	SP:0002489	SP:0013086	3_10	CF-B-provisional	remote_sequence
SCF:0002824	AC:002492	P63000	Q9NYB9	P19878	SP:0002492	SP:0013051	3_10	CF-A-provisional	medium
SCF:0002825	AC:002493	A0A2K3CY83	A0A2K3DVJ8	A0A2K3DM81	SP:0002493	SP:0013094	11_24	CF-B-provisional	remote_sequence
SCF:0002826	AC:002494	A0A482JYH1	A0A3G1AUL2	A0A3G1AZK6	SP:0002494	SP:0013102	11_24	CF-B-provisional	high
SCF:0002827	AC:002496	A0A2K1JDR4	A0A2K1JDE1	A0A2K1JC42	SP:0002496	SP:0006902	11_24	CF-B-provisional	medium
SCF:0002828	AC:002498	P41812	P53833	Q12530	SP:0002498	SP:0007252	3_10	CF-B-provisional	remote_sequence
SCF:0002829	AC:002499	Q85FY0	M1VKK5	M1VFJ4	SP:0002499	SP:0013000	11_24	CF-B-provisional	remote_sequence
SCF:0002830	AC:002500	Q8DKF5	Q8DL32	Q8DKF4	SP:0002500	SP:0006973	11_24	CF-B-provisional	remote_sequence
SCF:0002831	AC:002500	Q8DKF5	Q8DL32	Q8DMR6	SP:0002500	SP:0013112	11_24	CF-B-provisional	remote_sequence
SCF:0002832	AC:002500	Q8DL32	Q8DKF5	Q8DKX9	SP:0002500	SP:0013113	11_24	CF-B-provisional	medium
SCF:0002833	AC:002500	Q8DL32	Q8DKF5	Q8DMR6	SP:0002500	SP:0010115	11_24	CF-B-provisional	medium
SCF:0002834	AC:002501	P07839	Q05093	P12356	SP:0002501	SP:0006320	11_24	CF-B-provisional	medium
SCF:0002835	AC:002501	Q05093	P07839	Q39615	SP:0002501	SP:0009798	11_24	CF-B-provisional	remote_sequence
SCF:0002836	AC:002501	Q05093	P07839	P14224	SP:0002501	SP:0013115	11_24	CF-B-provisional	remote_sequence
SCF:0002837	AC:002503	Q10317	Q9Y821	Q10477	SP:0002503	SP:0013118	11_24	CF-B-provisional	remote_sequence
SCF:0002838	AC:002503	Q9Y821	Q10317	O13964	SP:0002503	SP:0013121	11_24	CF-B-provisional	remote_sequence
SCF:0002839	AC:002505	Q13868	Q9Y2L1	Q8TF46	SP:0002505	SP:0013123	11_24	CF-B-provisional	medium
SCF:0002840	AC:002505	Q13868	Q9Y2L1	Q9Y450	SP:0002505	SP:0013124	11_24	CF-B-provisional	remote_sequence
SCF:0002841	AC:002505	Q9Y2L1	Q13868	Q9NPD3	SP:0002505	SP:0011103	11_24	CF-B-provisional	remote_sequence
SCF:0002842	AC:002511	Q93100	P0DP25	P0DP23	SP:0002511	SP:0013132	11_24	CF-B-provisional	high
SCF:0002843	AC:002512	Q9H0H0	Q9NVR2	Q96HW7	SP:0002512	SP:0013133	11_24	CF-B-provisional	remote_sequence
SCF:0002844	AC:002512	Q9H0H0	Q9NVR2	Q75QN2	SP:0002512	SP:0013134	11_24	CF-B-provisional	remote_sequence
SCF:0002845	AC:002512	Q9NVR2	Q9H0H0	Q96HW7	SP:0002512	SP:0012466	11_24	CF-B-provisional	remote_sequence
SCF:0002846	AC:002513	Q9W0I7	Q9XYU0	Q9XYU1	SP:0002513	SP:0006193	11_24	CF-B-provisional	medium
SCF:0002847	AC:002513	Q9W0I7	Q9XYU0	Q9VGW6	SP:0002513	SP:0006195	11_24	CF-B-provisional	medium
SCF:0002848	AC:002513	Q9W0I7	Q9XYU0	Q9V461	SP:0002513	SP:0006194	11_24	CF-B-provisional	medium
SCF:0002849	AC:002515	W5E8X2	W5DS33	A0A3B6SS17	SP:0002515	SP:0013140	11_24	CF-B-provisional	remote_sequence
SCF:0002850	AC:002515	W5E8X2	W5DS33	A0A3B6KQB8	SP:0002515	SP:0013141	11_24	CF-B-provisional	remote_sequence
SCF:0002851	AC:002516	P09144	Q75VY4	Q7DM26	SP:0002516	SP:0010357	11_24	CF-B-provisional	high
SCF:0002852	AC:002516	P09144	Q75VY4	Q05093	SP:0002516	SP:0011783	11_24	CF-B-provisional	high
SCF:0002853	AC:002516	P09144	Q75VY4	A8ITV3	SP:0002516	SP:0006116	11_24	CF-B-provisional	medium
SCF:0002854	AC:002516	Q75VY4	P09144	P12154	SP:0002516	SP:0006119	11_24	CF-B-provisional	medium
SCF:0002855	AC:002517	A0A4X1TFI3	A0A287BAW0	A0A4X1SN37	SP:0002517	SP:0013143	11_24	CF-B-provisional	remote_sequence
SCF:0002856	AC:002518	A0A063XCP1	A0A063XF22	A0A063XHU6	SP:0002518	SP:0012728	11_24	CF-B-provisional	medium
SCF:0002857	AC:002518	A0A063XF22	A0A063XCP1	A0A063X8U6	SP:0002518	SP:0007387	11_24	CF-B-provisional	remote_sequence
SCF:0002858	AC:002520	P40993	Q12530	P53833	SP:0002520	SP:0012089	11_24	CF-B-provisional	remote_sequence
SCF:0002859	AC:002524	A0A0F6NFW5	A0A0M3KL13	E1C9L3	SP:0002524	SP:0009483	11_24	CF-B-provisional	medium
SCF:0002860	AC:002524	A0A0M3KL13	A0A0F6NFW5	P05310	SP:0002524	SP:0007086	11_24	CF-B-provisional	high
SCF:0002861	AC:002524	A0A0M3KL13	A0A0F6NFW5	P05311	SP:0002524	SP:0007087	11_24	CF-B-provisional	high
SCF:0002862	AC:002524	A0A0M3KL13	A0A0F6NFW5	A0A0F6NGI2	SP:0002524	SP:0007085	11_24	CF-B-provisional	high
SCF:0002863	AC:002526	Q8DL30	Q8DKF4	Q8DKY0	SP:0002526	SP:0013153	11_24	CF-B-provisional	medium
SCF:0002864	AC:002526	Q8DL30	Q8DKF4	Q8DKF5	SP:0002526	SP:0013154	11_24	CF-B-provisional	medium
SCF:0002865	AC:002526	Q8DL30	Q8DKF4	Q8DMR6	SP:0002526	SP:0013155	11_24	CF-B-provisional	medium
SCF:0002866	AC:002533	P12154	Q75VY6	Q05093	SP:0002533	SP:0006121	11_24	CF-B-provisional	high
SCF:0002867	AC:002533	P12154	Q75VY6	Q75VY4	SP:0002533	SP:0006119	11_24	CF-B-provisional	high
SCF:0002868	AC:002533	P12154	Q75VY6	Q75VY9	SP:0002533	SP:0006325	11_24	CF-B-provisional	medium
SCF:0002869	AC:002536	P61994	P62010	Q9UZL4	SP:0002536	SP:0010311	11_24	CF-B-provisional	remote_sequence
SCF:0002870	AC:002536	P61994	P62010	Q8U1Y5	SP:0002536	SP:0012463	11_24	CF-B-provisional	remote_sequence
SCF:0002871	AC:002536	P62010	P61994	Q8U1Y5	SP:0002536	SP:0013163	11_24	CF-B-provisional	remote_sequence
SCF:0002872	AC:002538	P20986	P68610	P21034	SP:0002538	SP:0013165	11_24	CF-B-provisional	remote_sequence
SCF:0002873	AC:002538	P68610	P20986	P20980	SP:0002538	SP:0012599	11_24	CF-B-provisional	medium
SCF:0002874	AC:002540	S8F0U0	S8ETI9	S8F5W4	SP:0002540	SP:0008258	11_24	CF-B-provisional	medium
SCF:0002875	AC:002540	S8F0U0	S8ETI9	S8GCU6	SP:0002540	SP:0013171	11_24	CF-B-provisional	remote_sequence
SCF:0002876	AC:002542	P50990	P61758	O15212	SP:0002542	SP:0006523	11_24	CF-B-provisional	remote_sequence
SCF:0002877	AC:002544	P61964	Q9C005	G2XKQ0	SP:0002544	SP:0013181	11_24	CF-B-provisional	remote_sequence
SCF:0002878	AC:002546	Q8DMU4	Q8DJ02	Q8DL30	SP:0002546	SP:0007292	11_24	CF-B-provisional	remote_sequence
SCF:0002879	AC:002547	C4QWA8	C4R4Y0	C4QZQ7	SP:0002547	SP:0013188	11_24	CF-B-provisional	remote_sequence
SCF:0002880	AC:002548	A0A5C2GVU3	A0A5C2GTV1	A0A5C2G4I7	SP:0002548	SP:0013192	3_10	CF-A-provisional	high
SCF:0002881	AC:002552	Q99877	Q6PJ21	Q8N884	SP:0002552	SP:0007962	11_24	CF-B-provisional	remote_sequence
SCF:0002882	AC:002554	P78371	P61758	Q9NQP4	SP:0002554	SP:0006745	11_24	CF-B-provisional	remote_sequence
SCF:0002883	AC:002555	Q99878	Q6PJ21	Q8N884	SP:0002555	SP:0008674	11_24	CF-B-provisional	remote_sequence
SCF:0002884	AC:002556	P10176	P14854	P24311	SP:0002556	SP:0009248	11_24	CF-B-provisional	medium
SCF:0002885	AC:002557	P80967	P53969	P23644	SP:0002557	SP:0013200	3_10	CF-B-provisional	remote_sequence
SCF:0002886	AC:002562	O94376	Q9US45	Q9Y821	SP:0002562	SP:0006401	11_24	CF-B-provisional	remote_sequence
SCF:0002887	AC:002562	Q9US45	O94376	O14010	SP:0002562	SP:0008434	11_24	CF-B-provisional	remote_sequence
SCF:0002888	AC:002562	Q9US45	O94376	Q9Y7N2	SP:0002562	SP:0009990	11_24	CF-B-provisional	remote_sequence
SCF:0002889	AC:002567	P84077	Q9H4A6	P20290	SP:0002567	SP:0013216	11_24	CF-B-provisional	medium
SCF:0002890	AC:002570	B7IBC2	B7I7S0	B7IBC1	SP:0002570	SP:0007267	11_24	CF-B-provisional	remote_sequence
SCF:0002891	AC:002571	E9NPX1	I0YQ45	I0YQ46	SP:0002571	SP:0006335	11_24	CF-B-provisional	high
SCF:0002892	AC:002571	E9NPX1	I0YQ45	I0YQ44	SP:0002571	SP:0007739	11_24	CF-B-provisional	medium
SCF:0002893	AC:002571	E9NPX1	I0YQ45	I0Z687	SP:0002571	SP:0010772	11_24	CF-B-provisional	remote_sequence
SCF:0002894	AC:002572	P25515	P32341	P53262	SP:0002572	SP:0013226	11_24	CF-B-provisional	remote_sequence
SCF:0002895	AC:002572	P25515	P32341	P32610	SP:0002572	SP:0013227	11_24	CF-B-provisional	remote_sequence
SCF:0002896	AC:002572	P32341	P25515	P32842	SP:0002572	SP:0013229	11_24	CF-B-provisional	high
SCF:0002897	AC:002575	P36121	P32349	P46678	SP:0002575	SP:0006449	11_24	CF-B-provisional	remote_sequence
SCF:0002898	AC:002576	Q9NPF5	P0C0S5	Q93077	SP:0002576	SP:0013234	11_24	CF-B-provisional	high
SCF:0002899	AC:002576	Q9NPF5	P0C0S5	P68431	SP:0002576	SP:0013235	11_24	CF-B-provisional	medium
SCF:0002900	AC:002576	Q9NPF5	P0C0S5	P62807	SP:0002576	SP:0013236	11_24	CF-B-provisional	remote_sequence
SCF:0002901	AC:002577	P56766	P27521	Q9SY97	SP:0002577	SP:0009747	11_24	CF-B-provisional	high
SCF:0002902	AC:002578	Q5JS54	Q969U7	P25789	SP:0002578	SP:0008023	11_24	CF-B-provisional	remote_sequence
SCF:0002903	AC:002579	O66841	O67337	O66842	SP:0002579	SP:0012072	3_10	CF-B-provisional	remote_sequence
SCF:0002904	AC:002580	A0A175JJM9	C4M5A0	C4M9F9	SP:0002580	SP:0013239	11_24	CF-B-provisional	remote_sequence
SCF:0002905	AC:002580	C4M5A0	A0A175JJM9	C4M0Z2	SP:0002580	SP:0007846	11_24	CF-B-provisional	remote_sequence
SCF:0002906	AC:002581	A0AAN0Y0S4	A0AAN0Y138	A0AAN0Y3T9	SP:0002581	SP:0008505	11_24	CF-B-provisional	remote_sequence
SCF:0002907	AC:002581	A0AAN0Y138	A0AAN0Y0S4	A0AAN0Y3T9	SP:0002581	SP:0010148	11_24	CF-B-provisional	remote_sequence
SCF:0002908	AC:002581	A0AAN0Y138	A0AAN0Y0S4	A0AAN0Y103	SP:0002581	SP:0010918	11_24	CF-B-provisional	remote_sequence
SCF:0002909	AC:002582	Q1HGH9	Q1HFW2	W7XJB1	SP:0002582	SP:0007754	11_24	CF-B-provisional	medium
SCF:0002910	AC:002582	Q1HGH9	Q1HFW2	Q1HFV9	SP:0002582	SP:0007753	11_24	CF-B-provisional	medium
SCF:0002911	AC:002582	Q1HGH9	Q1HFW2	Q1HFX0	SP:0002582	SP:0013082	11_24	CF-B-provisional	medium
SCF:0002912	AC:002584	A0A1S3ZQT7	A0A1S3YXM6	A0A1S3ZSI0	SP:0002584	SP:0009089	11_24	CF-B-provisional	remote_sequence
SCF:0002913	AC:002590	P78371	Q13885	P07437	SP:0002590	SP:0007796	11_24	CF-B-provisional	high
SCF:0002914	AC:002590	P78371	Q13885	P50991	SP:0002590	SP:0013196	11_24	CF-B-provisional	remote_sequence
SCF:0002915	AC:002590	Q13885	P78371	P48643	SP:0002590	SP:0011831	11_24	CF-B-provisional	medium
SCF:0002916	AC:002590	Q13885	P78371	P17987	SP:0002590	SP:0011932	11_24	CF-B-provisional	medium
SCF:0002917	AC:002590	Q13885	P78371	Q99832	SP:0002590	SP:0006743	11_24	CF-B-provisional	medium
SCF:0002918	AC:002591	B6STT2	B6TXS5	O65101	SP:0002591	SP:0011939	11_24	CF-B-provisional	remote_sequence
SCF:0002919	AC:002593	O32231	P20282	P21470	SP:0002593	SP:0011148	11_24	CF-B-provisional	remote_sequence
SCF:0002920	AC:002597	P40938	Q99638	P12004	SP:0002597	SP:0013256	3_10	CF-B-provisional	remote_sequence
SCF:0002921	AC:002597	Q99638	P40938	P35250	SP:0002597	SP:0006705	3_10	CF-B-provisional	medium
SCF:0002922	AC:002598	O85388	Q83ER7	Q83ES0	SP:0002598	SP:0012666	11_24	CF-B-provisional	remote_sequence
SCF:0002923	AC:002600	Q86VX2	Q9NX08	Q9P000	SP:0002600	SP:0009982	3_10	CF-B-provisional	remote_sequence
SCF:0002924	AC:002600	Q86VX2	Q9NX08	Q9GZQ3	SP:0002600	SP:0009865	3_10	CF-B-provisional	remote_sequence
SCF:0002925	AC:002600	Q86VX2	Q9NX08	Q9Y6G5	SP:0002600	SP:0010773	3_10	CF-B-provisional	remote_sequence
SCF:0002926	AC:002600	Q9NX08	Q86VX2	Q8N668	SP:0002600	SP:0009425	3_10	CF-B-provisional	remote_sequence
SCF:0002927	AC:002600	Q9NX08	Q86VX2	Q9UBI1	SP:0002600	SP:0011119	3_10	CF-B-provisional	remote_sequence
SCF:0002928	AC:002601	D0FXW7	C1K003	Q56D18	SP:0002601	SP:0006561	11_24	CF-B-provisional	remote_sequence
SCF:0002929	AC:002601	D0FXW7	C1K003	A0A6I8WFT8	SP:0002601	SP:0006408	11_24	CF-B-provisional	remote_sequence
SCF:0002930	AC:002606	B8YB55	B8YB60	B8YB58	SP:0002606	SP:0010724	11_24	CF-B-provisional	remote_sequence
SCF:0002931	AC:002608	Q3T0Q3	F2Z4C9	Q32PE0	SP:0002608	SP:0011574	11_24	CF-B-provisional	high
SCF:0002932	AC:002608	Q3T0Q3	F2Z4C9	F2Z4H3	SP:0002608	SP:0006586	11_24	CF-B-provisional	remote_sequence
SCF:0002933	AC:002609	A0A0G4GX86	A0A0G4I0G6	A0A0G4HNB1	SP:0002609	SP:0010792	11_24	CF-B-provisional	medium
SCF:0002934	AC:002609	A0A0G4GX86	A0A0G4I0G6	A0A0G4HMN0	SP:0002609	SP:0008278	11_24	CF-B-provisional	medium
SCF:0002935	AC:002609	A0A0G4GX86	A0A0G4I0G6	A0A0G4H942	SP:0002609	SP:0013261	11_24	CF-B-provisional	remote_sequence
SCF:0002936	AC:002610	G0S9A0	G0SCD1	G0SC21	SP:0002610	SP:0008980	3_10	CF-A-provisional	medium
SCF:0002937	AC:002610	G0S9A0	G0SCD1	P0CT46	SP:0002610	SP:0011569	3_10	CF-B-provisional	remote_sequence
SCF:0002938	AC:002610	G0SCD1	G0S9A0	G0RZX8	SP:0002610	SP:0006434	3_10	CF-B-provisional	remote_sequence
SCF:0002939	AC:002613	D0VX28	Q5ZLR5	D0VX26	SP:0002613	SP:0013263	11_24	CF-B-provisional	remote_sequence
SCF:0002940	AC:002614	O74483	O74499	Q9Y7M4	SP:0002614	SP:0010709	3_10	CF-B-provisional	medium
SCF:0002941	AC:002614	O74499	O74483	O42978	SP:0002614	SP:0006231	3_10	CF-B-provisional	remote_sequence
SCF:0002942	AC:002614	O74499	O74483	Q9UUI1	SP:0002614	SP:0006230	3_10	CF-B-provisional	remote_sequence
SCF:0002943	AC:002614	O74499	O74483	O14352	SP:0002614	SP:0006229	3_10	CF-B-provisional	remote_sequence
SCF:0002944	AC:002615	P38907	P36012	Q12493	SP:0002615	SP:0013269	11_24	CF-B-provisional	remote_sequence
SCF:0002945	AC:002617	O95456	P28074	Q99436	SP:0002617	SP:0009061	11_24	CF-B-provisional	remote_sequence
SCF:0002946	AC:002617	O95456	P28074	P25787	SP:0002617	SP:0013274	11_24	CF-B-provisional	remote_sequence
SCF:0002947	AC:002617	O95456	P28074	P28066	SP:0002617	SP:0007300	11_24	CF-B-provisional	remote_sequence
SCF:0002948	AC:002617	P28074	O95456	P48556	SP:0002617	SP:0013275	11_24	CF-B-provisional	remote_sequence
SCF:0002949	AC:002617	P28074	O95456	O14818	SP:0002617	SP:0013276	11_24	CF-B-provisional	remote_sequence
SCF:0002950	AC:002618	P06627	P0A6Y1	P0A6X7	SP:0002618	SP:0013278	3_10	CF-B-provisional	medium
SCF:0002951	AC:002620	P11521	Q4JAY4	Q4JAJ6	SP:0002620	SP:0008916	11_24	CF-B-provisional	remote_sequence
SCF:0002952	AC:002621	A0A1J7CBX1	A0A1M6R974	A0A1M5L6R0	SP:0002621	SP:0009165	11_24	CF-B-provisional	remote_sequence
SCF:0002953	AC:002622	Q4FZW5	Q7ZYJ8	Q05AW3	SP:0002622	SP:0006491	11_24	CF-B-provisional	remote_sequence
SCF:0002954	AC:002622	Q7ZYJ8	Q4FZW5	Q6GNF1	SP:0002622	SP:0013282	11_24	CF-B-provisional	high
SCF:0002955	AC:002623	A0A2K1KIF2	A0A2K1JC42	A0A2K1JDE1	SP:0002623	SP:0009039	11_24	CF-B-provisional	medium
SCF:0002956	AC:002624	P28074	Q969U7	P25789	SP:0002624	SP:0013287	11_24	CF-B-provisional	remote_sequence
SCF:0002957	AC:002624	P28074	Q969U7	P25787	SP:0002624	SP:0013288	11_24	CF-B-provisional	remote_sequence
SCF:0002958	AC:002624	P28074	Q969U7	P28072	SP:0002624	SP:0013289	11_24	CF-B-provisional	remote_sequence
SCF:0002959	AC:002624	Q969U7	P28074	Q99436	SP:0002624	SP:0013290	11_24	CF-B-provisional	remote_sequence
SCF:0002960	AC:002624	Q969U7	P28074	P25787	SP:0002624	SP:0011501	11_24	CF-B-provisional	remote_sequence
SCF:0002961	AC:002624	Q969U7	P28074	P28066	SP:0002624	SP:0011500	11_24	CF-B-provisional	remote_sequence
SCF:0002962	AC:002625	Q9FQ96	A8IKI9	A8J5P7	SP:0002625	SP:0013291	11_24	CF-B-provisional	remote_sequence
SCF:0002963	AC:002627	Q9V461	Q9XYU1	Q9XYU0	SP:0002627	SP:0007062	11_24	CF-B-provisional	medium
SCF:0002964	AC:002627	Q9V461	Q9XYU1	P49735	SP:0002627	SP:0006192	11_24	CF-B-provisional	medium
SCF:0002965	AC:002627	Q9V461	Q9XYU1	Q26454	SP:0002627	SP:0008341	11_24	CF-B-provisional	medium
SCF:0002966	AC:002627	Q9XYU1	Q9V461	Q9VGW6	SP:0002627	SP:0006893	11_24	CF-B-provisional	medium
SCF:0002967	AC:002627	Q9XYU1	Q9V461	Q9XYU0	SP:0002627	SP:0007061	11_24	CF-B-provisional	medium
SCF:0002968	AC:002628	Q7Z4G1	Q86X83	Q86VX2	SP:0002628	SP:0011794	11_24	CF-B-provisional	remote_sequence
SCF:0002969	AC:002628	Q7Z4G1	Q86X83	Q9NX08	SP:0002628	SP:0009862	11_24	CF-B-provisional	remote_sequence
SCF:0002970	AC:002628	Q7Z4G1	Q86X83	Q9P000	SP:0002628	SP:0009861	11_24	CF-B-provisional	remote_sequence
SCF:0002971	AC:002631	D0CD06	D0CD14	D0C9P6	SP:0002631	SP:0009101	11_24	CF-B-provisional	remote_sequence
SCF:0002972	AC:002633	P36886	Q43485	F2DAN8	SP:0002633	SP:0013300	11_24	CF-B-provisional	medium
SCF:0002973	AC:002634	D0VX29	F1NC51	D0VX27	SP:0002634	SP:0010373	11_24	CF-B-provisional	high
SCF:0002974	AC:002634	F1NC51	D0VX29	D0VX31	SP:0002634	SP:0013302	11_24	CF-B-provisional	remote_sequence
SCF:0002975	AC:002635	B8YB60	B8YB56	B8YB54	SP:0002635	SP:0010722	11_24	CF-B-provisional	remote_sequence
SCF:0002976	AC:002639	A4VD15	I7LT80	I7MG46	SP:0002639	SP:0007667	11_24	CF-B-provisional	medium
SCF:0002977	AC:002639	A4VD15	I7LT80	Q23S05	SP:0002639	SP:0011204	11_24	CF-B-provisional	remote_sequence
SCF:0002978	AC:002639	I7LT80	A4VD15	Q24DJ0	SP:0002639	SP:0012917	11_24	CF-B-provisional	medium
SCF:0002979	AC:002639	I7LT80	A4VD15	I7MG46	SP:0002639	SP:0012468	11_24	CF-B-provisional	remote_sequence
SCF:0002980	AC:002639	I7LT80	A4VD15	Q23YW7	SP:0002639	SP:0012918	11_24	CF-B-provisional	remote_sequence
SCF:0002981	AC:002645	A0A2X1PQW4	C3SR57	B7MCR3	SP:0002645	SP:0013315	11_24	CF-B-provisional	high
SCF:0002982	AC:002645	A0A2X1PQW4	C3SR57	A7ZSI6	SP:0002645	SP:0013316	11_24	CF-B-provisional	high
SCF:0002983	AC:002645	A0A2X1PQW4	C3SR57	C3SQT7	SP:0002645	SP:0013317	11_24	CF-B-provisional	medium
SCF:0002984	AC:002646	P07766	Q861F7	P0DTU4	SP:0002646	SP:0011763	11_24	CF-B-provisional	remote_sequence
SCF:0002985	AC:002646	Q861F7	P07766	P09693	SP:0002646	SP:0013319	11_24	CF-B-provisional	medium
SCF:0002986	AC:002647	A8IJ60	A8J353	A8INX1	SP:0002647	SP:0008848	11_24	CF-B-provisional	medium
SCF:0002987	AC:002647	A8IJ60	A8J353	A8IS47	SP:0002647	SP:0008850	11_24	CF-B-provisional	remote_sequence
SCF:0002988	AC:002647	A8J353	A8IJ60	A8INX1	SP:0002647	SP:0006261	11_24	CF-B-provisional	medium
SCF:0002989	AC:002647	A8J353	A8IJ60	A8IH07	SP:0002647	SP:0006262	11_24	CF-B-provisional	medium
SCF:0002990	AC:002648	Q9P2I0	Q969L4	P62308	SP:0002648	SP:0013324	11_24	CF-B-provisional	remote_sequence
SCF:0002991	AC:002652	P04234	Q861F7	P0DTU4	SP:0002652	SP:0013331	11_24	CF-B-provisional	remote_sequence
SCF:0002992	AC:002652	Q861F7	P04234	P09693	SP:0002652	SP:0013319	11_24	CF-B-provisional	medium
SCF:0002993	AC:002653	A0A0G4HFQ7	A0A0G4FL36	A0A0G4I0G6	SP:0002653	SP:0010788	11_24	CF-B-provisional	medium
SCF:0002994	AC:002653	A0A0G4HFQ7	A0A0G4FL36	A0A0G4GX71	SP:0002653	SP:0012601	11_24	CF-B-provisional	remote_sequence
SCF:0002995	AC:002656	Q8DJ02	Q8DKF5	Q8DMR6	SP:0002656	SP:0008941	11_24	CF-B-provisional	medium
SCF:0002996	AC:002656	Q8DJ02	Q8DKF5	Q8DKY0	SP:0002656	SP:0008940	11_24	CF-B-provisional	remote_sequence
SCF:0002997	AC:002656	Q8DKF5	Q8DJ02	Q8DL29	SP:0002656	SP:0006974	11_24	CF-B-provisional	medium
SCF:0002998	AC:002656	Q8DKF5	Q8DJ02	Q8DL30	SP:0002656	SP:0013154	11_24	CF-B-provisional	remote_sequence
SCF:0002999	AC:002658	Q8DLJ8	Q8DIF8	D0VWR1	SP:0002658	SP:0012804	11_24	CF-B-provisional	medium
SCF:0003000	AC:002658	Q8DLJ8	Q8DIF8	Q8DIQ1	SP:0002658	SP:0012805	11_24	CF-B-provisional	medium
SCF:0003001	AC:002658	Q8DLJ8	Q8DIF8	P0A444	SP:0002658	SP:0013342	11_24	CF-B-provisional	remote_sequence
SCF:0003002	AC:002661	A0A1S3V319	A0A1S3TUX2	A0A1S3TQD2	SP:0002661	SP:0012608	3_10	CF-B-provisional	remote_sequence
SCF:0003003	AC:002670	Q22MV2	I7M9J2	Q22A67	SP:0002670	SP:0011709	11_24	CF-B-provisional	medium
SCF:0003004	AC:002672	P03929	P13621	P13619	SP:0002672	SP:0013025	11_24	CF-B-provisional	remote_sequence
SCF:0003005	AC:002673	Q9NQT5	Q9Y2L1	Q8TF46	SP:0002673	SP:0013358	11_24	CF-B-provisional	medium
SCF:0003006	AC:002673	Q9NQT5	Q9Y2L1	Q9Y450	SP:0002673	SP:0013359	11_24	CF-B-provisional	remote_sequence
SCF:0003007	AC:002674	O42978	O74483	O74499	SP:0002674	SP:0006231	3_10	CF-B-provisional	medium
SCF:0003008	AC:002674	O42978	O74483	Q9UUI1	SP:0002674	SP:0010707	3_10	CF-B-provisional	remote_sequence
SCF:0003009	AC:002674	O42978	O74483	O14352	SP:0002674	SP:0010706	3_10	CF-B-provisional	remote_sequence
SCF:0003010	AC:002674	O74483	O42978	Q9Y7M4	SP:0002674	SP:0010709	3_10	CF-B-provisional	medium
SCF:0003011	AC:002677	A0T0M9	B8C770	B8C0K4	SP:0002677	SP:0013363	11_24	CF-B-provisional	medium
SCF:0003012	AC:002677	A0T0M9	B8C770	B8BU33	SP:0002677	SP:0009695	11_24	CF-B-provisional	medium
SCF:0003013	AC:002677	A0T0M9	B8C770	B8C8Q0	SP:0002677	SP:0009697	11_24	CF-B-provisional	medium
SCF:0003014	AC:002677	B8C770	A0T0M9	A0T0M8	SP:0002677	SP:0012851	11_24	CF-B-provisional	medium
SCF:0003015	AC:002678	P31556	A8HPD0	A8HPC6	SP:0002678	SP:0011369	11_24	CF-B-provisional	medium
SCF:0003016	AC:002679	P75818	P0AE06	P02930	SP:0002679	SP:0009792	11_24	CF-B-provisional	remote_sequence
SCF:0003017	AC:002680	P9WGZ1	P9WGH9	P71814	SP:0002680	SP:0008087	3_10	CF-B-provisional	remote_sequence
SCF:0003018	AC:002681	A0A063XCH0	A0A063X8U6	A0A063XCP1	SP:0002681	SP:0006798	11_24	CF-B-provisional	remote_sequence
SCF:0003019	AC:002686	P04439	P09693	P84077	SP:0002686	SP:0007701	11_24	CF-B-provisional	remote_sequence
SCF:0003020	AC:002686	P04439	P09693	A0A578	SP:0002686	SP:0013371	11_24	CF-B-provisional	remote_sequence
SCF:0003021	AC:002686	P09693	P04439	Q861F7	SP:0002686	SP:0013319	11_24	CF-B-provisional	high
SCF:0003022	AC:002686	P09693	P04439	P0DTU4	SP:0002686	SP:0013373	11_24	CF-B-provisional	remote_sequence
SCF:0003023	AC:002693	P49368	P61758	O60925	SP:0002693	SP:0009021	11_24	CF-B-provisional	remote_sequence
SCF:0003024	AC:002693	P49368	P61758	Q99471	SP:0002693	SP:0006526	11_24	CF-B-provisional	remote_sequence
SCF:0003025	AC:002694	C3SR12	C3SR52	C3SRY2	SP:0002694	SP:0013379	11_24	CF-B-provisional	remote_sequence
SCF:0003026	AC:002694	C3SR12	C3SR52	P02359	SP:0002694	SP:0013381	11_24	CF-B-provisional	remote_sequence
SCF:0003027	AC:002694	C3SR52	C3SR12	P0ADY7	SP:0002694	SP:0013382	11_24	CF-B-provisional	remote_sequence
SCF:0003028	AC:002694	C3SR52	C3SR12	P02413	SP:0002694	SP:0011307	11_24	CF-B-provisional	remote_sequence
SCF:0003029	AC:002694	C3SR52	C3SR12	P62399	SP:0002694	SP:0013383	11_24	CF-B-provisional	remote_sequence
SCF:0003030	AC:002696	P35251	P35249	P40937	SP:0002696	SP:0013386	3_10	CF-B-provisional	medium
SCF:0003031	AC:002696	P35251	P35249	P35250	SP:0002696	SP:0013387	3_10	CF-B-provisional	medium
SCF:0003032	AC:002696	P35251	P35249	P40938	SP:0002696	SP:0013388	3_10	CF-B-provisional	medium
SCF:0003033	AC:002697	Q5JS54	P25788	P28066	SP:0002697	SP:0008024	11_24	CF-B-provisional	medium
SCF:0003034	AC:002697	Q5JS54	P25788	O14818	SP:0002697	SP:0008022	11_24	CF-B-provisional	medium
SCF:0003035	AC:002697	Q5JS54	P25788	P25789	SP:0002697	SP:0008023	11_24	CF-B-provisional	medium
SCF:0003036	AC:002698	P25359	P38801	P53256	SP:0002698	SP:0012897	11_24	CF-B-provisional	remote_sequence
SCF:0003037	AC:002699	Q8DIN9	Q8DMP8	Q8DHJ2	SP:0002699	SP:0010583	11_24	CF-B-provisional	remote_sequence
SCF:0003038	AC:002699	Q8DIN9	Q8DMP8	Q9F1R6	SP:0002699	SP:0013393	11_24	CF-B-provisional	remote_sequence
SCF:0003039	AC:002701	P29496	P50874	P54790	SP:0002701	SP:0007460	11_24	CF-B-provisional	remote_sequence
SCF:0003040	AC:002701	P29496	P50874	P38826	SP:0002701	SP:0007462	11_24	CF-B-provisional	remote_sequence
SCF:0003041	AC:002701	P50874	P29496	P29469	SP:0002701	SP:0011040	11_24	CF-B-provisional	medium
SCF:0003042	AC:002701	P50874	P29496	P24279	SP:0002701	SP:0012327	11_24	CF-B-provisional	medium
SCF:0003043	AC:002702	P46948	P38801	P53256	SP:0002702	SP:0013396	11_24	CF-B-provisional	remote_sequence
SCF:0003044	AC:002703	P53905	P57743	P40089	SP:0002703	SP:0010128	11_24	CF-B-provisional	medium
SCF:0003045	AC:002703	P57743	P53905	P47093	SP:0002703	SP:0010125	11_24	CF-B-provisional	medium
SCF:0003046	AC:002703	P57743	P53905	P47017	SP:0002703	SP:0010204	11_24	CF-B-provisional	remote_sequence
SCF:0003047	AC:002703	P57743	P53905	Q06406	SP:0002703	SP:0010755	11_24	CF-B-provisional	remote_sequence
SCF:0003048	AC:002705	P60899	A0A481DF93	I3LCH3	SP:0002705	SP:0013400	11_24	CF-B-provisional	high
SCF:0003049	AC:002705	P60899	A0A481DF93	O75586	SP:0002705	SP:0013401	11_24	CF-B-provisional	remote_sequence
SCF:0003050	AC:002707	Q99471	Q99832	P50991	SP:0002707	SP:0006527	11_24	CF-B-provisional	medium
SCF:0003051	AC:002707	Q99471	Q99832	P49368	SP:0002707	SP:0006526	11_24	CF-B-provisional	medium
SCF:0003052	AC:002707	Q99471	Q99832	P40227	SP:0002707	SP:0006528	11_24	CF-B-provisional	remote_sequence
SCF:0003053	AC:002708	Q8N0S6	Q13352	Q9BS16	SP:0002708	SP:0013406	11_24	CF-B-provisional	remote_sequence
SCF:0003054	AC:002708	Q8N0S6	Q13352	P49450	SP:0002708	SP:0013407	11_24	CF-B-provisional	remote_sequence
SCF:0003055	AC:002713	Q85FY0	M1UU36	Q85FP8	SP:0002713	SP:0013111	11_24	CF-B-provisional	remote_sequence
SCF:0003056	AC:002714	Q1HGH9	Q1HFW0	Q1HFV9	SP:0002714	SP:0007753	11_24	CF-B-provisional	medium
SCF:0003057	AC:002714	Q1HGH9	Q1HFW0	W7XJB1	SP:0002714	SP:0007754	11_24	CF-B-provisional	medium
SCF:0003058	AC:002714	Q1HGH9	Q1HFW0	Q1HFX0	SP:0002714	SP:0013082	11_24	CF-B-provisional	remote_sequence
SCF:0003059	AC:002715	P42285	Q9NQT4	Q13868	SP:0002715	SP:0011555	11_24	CF-B-provisional	remote_sequence
SCF:0003060	AC:002715	Q9NQT4	P42285	Q15477	SP:0002715	SP:0013412	11_24	CF-B-provisional	medium
SCF:0003061	AC:002715	Q9NQT4	P42285	Q8TF46	SP:0002715	SP:0011685	11_24	CF-B-provisional	remote_sequence
SCF:0003062	AC:002715	Q9NQT4	P42285	Q9Y450	SP:0002715	SP:0011686	11_24	CF-B-provisional	remote_sequence
SCF:0003063	AC:002716	A0A8W4F9W9	A0A8D1AQR7	I3LCB2	SP:0002716	SP:0013414	11_24	CF-B-provisional	high
SCF:0003064	AC:002716	A0A8W4F9W9	A0A8D1AQR7	A0A4X1VEK9	SP:0002716	SP:0013415	11_24	CF-B-provisional	remote_sequence
SCF:0003065	AC:002717	P02293	P31376	P53946	SP:0002717	SP:0013416	11_24	CF-B-provisional	remote_sequence
SCF:0003066	AC:002717	P02293	P31376	Q03388	SP:0002717	SP:0013417	11_24	CF-B-provisional	remote_sequence
SCF:0003067	AC:002717	P02293	P31376	P53298	SP:0002717	SP:0011742	11_24	CF-B-provisional	remote_sequence
SCF:0003068	AC:002717	P31376	P02293	P02299	SP:0002717	SP:0006382	11_24	CF-B-provisional	remote_sequence
SCF:0003069	AC:002718	B7GL96	B7GL98	B7GL84	SP:0002718	SP:0009358	11_24	CF-B-provisional	remote_sequence
SCF:0003070	AC:002718	B7GL98	B7GL96	B7GL82	SP:0002718	SP:0010747	11_24	CF-B-provisional	remote_sequence
SCF:0003071	AC:002719	P20459	P32501	P12754	SP:0002719	SP:0010350	11_24	CF-B-provisional	remote_sequence
SCF:0003072	AC:002719	P32501	P20459	P14741	SP:0002719	SP:0012119	11_24	CF-B-provisional	medium
SCF:0003073	AC:002719	P32501	P20459	P09064	SP:0002719	SP:0013420	11_24	CF-B-provisional	remote_sequence
SCF:0003074	AC:002721	P80371	Q5SJH3	Q5SLQ0	SP:0002721	SP:0013422	11_24	CF-B-provisional	remote_sequence
SCF:0003075	AC:002721	P80371	Q5SJH3	P80377	SP:0002721	SP:0013423	11_24	CF-B-provisional	remote_sequence
SCF:0003076	AC:002721	P80371	Q5SJH3	Q5SHP6	SP:0002721	SP:0013424	11_24	CF-B-provisional	remote_sequence
SCF:0003077	AC:002722	P06129	P0A855	P00646	SP:0002722	SP:0013426	3_10	CF-B-provisional	remote_sequence
SCF:0003078	AC:002723	Q83ES8	Q83ER7	Q83ED6	SP:0002723	SP:0009686	11_24	CF-B-provisional	remote_sequence
SCF:0003079	AC:002723	Q83ES8	Q83ER7	Q83ER3	SP:0002723	SP:0010209	11_24	CF-B-provisional	remote_sequence
SCF:0003080	AC:002727	Q7Z4L5	Q96RY7	Q9P2L0	SP:0002727	SP:0007522	3_10	CF-B-provisional	remote_sequence
SCF:0003081	AC:002727	Q96RY7	Q7Z4L5	Q8NEZ3	SP:0002727	SP:0007519	3_10	CF-B-provisional	remote_sequence
SCF:0003082	AC:002732	O13964	Q9Y7N2	O94376	SP:0002732	SP:0011171	11_24	CF-B-provisional	remote_sequence
SCF:0003083	AC:002732	Q9Y7N2	O13964	O94376	SP:0002732	SP:0009991	11_24	CF-B-provisional	remote_sequence
SCF:0003084	AC:002732	Q9Y7N2	O13964	P87310	SP:0002732	SP:0006873	11_24	CF-B-provisional	remote_sequence
SCF:0003085	AC:002733	Q9P6Q0	Q9Y821	Q9US45	SP:0002733	SP:0006871	11_24	CF-B-provisional	remote_sequence
SCF:0003086	AC:002733	Q9Y821	Q9P6Q0	P87310	SP:0002733	SP:0008438	11_24	CF-B-provisional	remote_sequence
SCF:0003087	AC:002733	Q9Y821	Q9P6Q0	O13964	SP:0002733	SP:0013121	11_24	CF-B-provisional	remote_sequence
SCF:0003088	AC:002739	Q9NVH2	Q9NVM9	Q9NV88	SP:0002739	SP:0012465	11_24	CF-B-provisional	remote_sequence
SCF:0003089	AC:002739	Q9NVH2	Q9NVM9	Q8WX92	SP:0002739	SP:0013445	11_24	CF-B-provisional	remote_sequence
SCF:0003090	AC:002739	Q9NVH2	Q9NVM9	Q5TA45	SP:0002739	SP:0013446	11_24	CF-B-provisional	remote_sequence
SCF:0003091	AC:002746	P20979	P21087	P20980	SP:0002746	SP:0006160	11_24	CF-B-provisional	remote_sequence
SCF:0003092	AC:002746	P21087	P20979	P20504	SP:0002746	SP:0011796	11_24	CF-B-provisional	remote_sequence
SCF:0003093	AC:002746	P21087	P20979	P68439	SP:0002746	SP:0011797	11_24	CF-B-provisional	remote_sequence
SCF:0003094	AC:002751	Q86V25	Q9BVA1	P68363	SP:0002751	SP:0013459	3_10	CF-A-provisional	medium
SCF:0003095	AC:002752	Q8DIP0	Q8DMP8	Q8DHJ2	SP:0002752	SP:0006366	11_24	CF-B-provisional	remote_sequence
SCF:0003096	AC:002752	Q8DIP0	Q8DMP8	Q9F1R6	SP:0002752	SP:0013463	11_24	CF-B-provisional	remote_sequence
SCF:0003097	AC:002753	P29469	Q12488	Q03406	SP:0002753	SP:0013467	11_24	CF-B-provisional	remote_sequence
SCF:0003098	AC:002753	Q12488	P29469	P29496	SP:0002753	SP:0013395	11_24	CF-B-provisional	medium
SCF:0003099	AC:002753	Q12488	P29469	P24279	SP:0002753	SP:0013468	11_24	CF-B-provisional	medium
SCF:0003100	AC:002753	Q12488	P29469	P53091	SP:0002753	SP:0008077	11_24	CF-B-provisional	medium
SCF:0003101	AC:002754	Q93SX0	P0A3Y1	Q8YVQ2	SP:0002754	SP:0008067	11_24	CF-B-provisional	medium
SCF:0003102	AC:002758	P01730	Q6N030	P0DOX5	SP:0002758	SP:0012349	3_10	CF-B-provisional	high
SCF:0003103	AC:002758	P01730	Q6N030	P03437	SP:0002758	SP:0012350	3_10	CF-B-provisional	remote_sequence
SCF:0003104	AC:002760	Q03776	Q08920	Q00916	SP:0002760	SP:0011383	11_24	CF-B-provisional	remote_sequence
SCF:0003105	AC:002762	A0A3Q7JYM3	A0A3Q7F5X2	P49215	SP:0002762	SP:0009145	11_24	CF-B-provisional	medium
SCF:0003106	AC:002763	A9WEV2	A9WEV7	A9WEV4	SP:0002763	SP:0010484	3_10	CF-B-provisional	remote_sequence
SCF:0003107	AC:002769	M1VFJ4	Q85FS8	Q85FQ6	SP:0002769	SP:0013128	11_24	CF-B-provisional	remote_sequence
SCF:0003108	AC:002769	Q85FS8	M1VFJ4	M1VKK5	SP:0002769	SP:0008336	11_24	CF-B-provisional	remote_sequence
SCF:0003109	AC:002772	I7MLZ4	Q24CL2	A4VD15	SP:0002772	SP:0013488	11_24	CF-B-provisional	remote_sequence
SCF:0003110	AC:002772	I7MLZ4	Q24CL2	Q24DJ0	SP:0002772	SP:0007381	11_24	CF-B-provisional	remote_sequence
SCF:0003111	AC:002772	I7MLZ4	Q24CL2	Q23S05	SP:0002772	SP:0013489	11_24	CF-B-provisional	remote_sequence
SCF:0003112	AC:002772	Q24CL2	I7MLZ4	I7M6D6	SP:0002772	SP:0006476	11_24	CF-B-provisional	remote_sequence
SCF:0003113	AC:002773	P40070	Q06406	P40089	SP:0002773	SP:0010321	3_10	CF-B-provisional	medium
SCF:0003114	AC:002773	P40070	Q06406	P53905	SP:0002773	SP:0010130	3_10	CF-B-provisional	remote_sequence
SCF:0003115	AC:002776	A8IY95	Q39584	Q7Y0H2	SP:0002776	SP:0013500	11_24	CF-B-provisional	remote_sequence
SCF:0003116	AC:002777	Q5MNZ6	P49815	Q92574	SP:0002777	SP:0007745	3_10	CF-B-provisional	remote_sequence
SCF:0003117	AC:002780	Q8DHJ2	Q8DG60	Q9F1L5	SP:0002780	SP:0013507	11_24	CF-B-provisional	medium
SCF:0003118	AC:002781	Q26454	Q9XYU1	Q9XYU0	SP:0002781	SP:0007063	11_24	CF-B-provisional	medium
SCF:0003119	AC:002781	Q26454	Q9XYU1	Q9V461	SP:0002781	SP:0008341	11_24	CF-B-provisional	medium
SCF:0003120	AC:002781	Q9XYU1	Q26454	Q9VGW6	SP:0002781	SP:0006893	11_24	CF-B-provisional	medium
SCF:0003121	AC:002781	Q9XYU1	Q26454	Q9XYU0	SP:0002781	SP:0007061	11_24	CF-B-provisional	medium
SCF:0003122	AC:002783	Q9W2V7	P49735	Q9XYU1	SP:0002783	SP:0006892	11_24	CF-B-provisional	medium
SCF:0003123	AC:002783	Q9W2V7	P49735	Q9VGW6	SP:0002783	SP:0008612	11_24	CF-B-provisional	medium
SCF:0003124	AC:002789	P53833	Q12530	P40993	SP:0002789	SP:0012089	11_24	CF-B-provisional	remote_sequence
SCF:0003125	AC:002790	P23662	A8IKI9	A8J5P7	SP:0002790	SP:0012331	11_24	CF-B-provisional	remote_sequence
SCF:0003126	AC:002792	I0YQ44	I0Z687	I0YQ46	SP:0002792	SP:0008636	11_24	CF-B-provisional	remote_sequence
SCF:0003127	AC:002792	I0Z687	I0YQ44	I0YQ46	SP:0002792	SP:0007591	11_24	CF-B-provisional	high
SCF:0003128	AC:002792	I0Z687	I0YQ44	I0YP76	SP:0002792	SP:0007590	11_24	CF-B-provisional	medium
SCF:0003129	AC:002795	P0A6E6	P0ABA4	P0ABA0	SP:0002795	SP:0012159	11_24	CF-B-provisional	remote_sequence
SCF:0003130	AC:002795	P0ABA4	P0A6E6	P0ABA0	SP:0002795	SP:0007067	11_24	CF-B-provisional	remote_sequence
SCF:0003131	AC:002797	A0AAN0Y0L1	A0AAN0Y3T9	A0AAN0Y138	SP:0002797	SP:0013240	11_24	CF-B-provisional	remote_sequence
SCF:0003132	AC:002798	Q5TA45	Q96SY0	P30153	SP:0002798	SP:0013531	11_24	CF-B-provisional	remote_sequence
SCF:0003133	AC:002798	Q96SY0	Q5TA45	Q9NVM9	SP:0002798	SP:0006680	11_24	CF-B-provisional	remote_sequence
SCF:0003134	AC:002799	P24311	P15954	P12074	SP:0002799	SP:0008395	11_24	CF-B-provisional	remote_sequence
SCF:0003135	AC:002804	P20248	P61024	Q9BS18	SP:0002804	SP:0011351	3_10	CF-B-provisional	remote_sequence
SCF:0003136	AC:002804	P61024	P20248	Q13309	SP:0002804	SP:0010760	3_10	CF-A-provisional	medium
SCF:0003137	AC:002804	P61024	P20248	Q13098	SP:0002804	SP:0008192	3_10	CF-B-provisional	remote_sequence
SCF:0003138	AC:002807	Q6ZED4	Q6ZED3	Q6ZED1	SP:0002807	SP:0007681	3_10	CF-B-provisional	remote_sequence
SCF:0003139	AC:002811	A0A1S3X2G3	A0A1S3YXM6	A0A1S3ZSI0	SP:0002811	SP:0006536	11_24	CF-B-provisional	remote_sequence
SCF:0003140	AC:002811	A0A1S3YXM6	A0A1S3X2G3	A0A1S3YU01	SP:0002811	SP:0007617	11_24	CF-B-provisional	remote_sequence
SCF:0003141	AC:002813	A0R206	A0R1Z9	A0R204	SP:0002813	SP:0012819	11_24	CF-B-provisional	remote_sequence
SCF:0003142	AC:002814	P61830	P32480	P54784	SP:0002814	SP:0013545	11_24	CF-B-provisional	remote_sequence
SCF:0003143	AC:002819	Q9VF82	Q9VLI9	Q9VA95	SP:0002819	SP:0012197	3_10	CF-B-provisional	remote_sequence
SCF:0003144	AC:002819	Q9VLI9	Q9VF82	Q9VSY8	SP:0002819	SP:0006670	3_10	CF-A-provisional	medium
SCF:0003145	AC:002819	Q9VLI9	Q9VF82	Q7K2Q8	SP:0002819	SP:0006669	3_10	CF-B-provisional	remote_sequence
SCF:0003146	AC:002822	P61201	Q93034	Q13616	SP:0002822	SP:0013558	11_24	CF-B-provisional	medium
SCF:0003147	AC:002822	P61201	Q93034	Q13618	SP:0002822	SP:0006630	11_24	CF-B-provisional	medium
SCF:0003148	AC:002822	P61201	Q93034	Q13617	SP:0002822	SP:0013559	11_24	CF-B-provisional	medium
SCF:0003149	AC:002822	Q93034	P61201	Q9BT78	SP:0002822	SP:0013560	11_24	CF-B-provisional	remote_sequence
SCF:0003150	AC:002822	Q93034	P61201	Q13098	SP:0002822	SP:0013561	11_24	CF-B-provisional	remote_sequence
SCF:0003151	AC:002823	Q9CQP8	E9Q9F6	P0DP43	SP:0002823	SP:0013566	11_24	CF-B-provisional	remote_sequence
SCF:0003152	AC:002825	B8YB64	B8YB54	B8YB56	SP:0002825	SP:0007428	11_24	CF-B-provisional	remote_sequence
SCF:0003153	AC:002826	C3SR52	C3SQR7	P0ADY7	SP:0002826	SP:0013382	11_24	CF-B-provisional	remote_sequence
SCF:0003154	AC:002826	C3SR52	C3SQR7	P62399	SP:0002826	SP:0013383	11_24	CF-B-provisional	remote_sequence
SCF:0003155	AC:002827	P29496	P47112	P29469	SP:0002827	SP:0012115	3_10	CF-B-provisional	remote_sequence
SCF:0003156	AC:002827	P47112	P29496	P29469	SP:0002827	SP:0012997	3_10	CF-B-provisional	medium
SCF:0003157	AC:002827	P47112	P29496	P53091	SP:0002827	SP:0012998	3_10	CF-B-provisional	medium
SCF:0003158	AC:002827	P47112	P29496	P38132	SP:0002827	SP:0012999	3_10	CF-B-provisional	medium
SCF:0003159	AC:002830	P09144	Q75VY9	Q05093	SP:0002830	SP:0011783	11_24	CF-B-provisional	high
SCF:0003160	AC:002830	P09144	Q75VY9	Q7DM26	SP:0002830	SP:0010357	11_24	CF-B-provisional	high
SCF:0003161	AC:002830	P09144	Q75VY9	Q93WL4	SP:0002830	SP:0013576	11_24	CF-B-provisional	medium
SCF:0003162	AC:002830	Q75VY9	P09144	P12154	SP:0002830	SP:0006325	11_24	CF-B-provisional	medium
SCF:0003163	AC:002831	O60925	P78371	P17987	SP:0002831	SP:0008780	11_24	CF-B-provisional	medium
SCF:0003164	AC:002831	O60925	P78371	P49368	SP:0002831	SP:0009021	11_24	CF-B-provisional	medium
SCF:0003165	AC:002831	P78371	O60925	Q9NQP4	SP:0002831	SP:0006745	11_24	CF-B-provisional	medium
SCF:0003166	AC:002834	Q13042	Q9UJX3	Q9UJX2	SP:0002834	SP:0013580	11_24	CF-B-provisional	medium
SCF:0003167	AC:002834	Q13042	Q9UJX3	Q9UJX6	SP:0002834	SP:0011944	11_24	CF-B-provisional	remote_sequence
SCF:0003168	AC:002834	Q13042	Q9UJX3	P53197	SP:0002834	SP:0013581	11_24	CF-B-provisional	remote_sequence
SCF:0003169	AC:002834	Q9UJX3	Q13042	Q9UJX2	SP:0002834	SP:0012542	11_24	CF-B-provisional	remote_sequence
SCF:0003170	AC:002837	Q5JH24	Q5JI52	Q5JE88	SP:0002837	SP:0013587	11_24	CF-B-provisional	remote_sequence
SCF:0003171	AC:002838	Q2FME3	Q2FRM0	Q2FRK1	SP:0002838	SP:0013589	11_24	CF-B-provisional	remote_sequence
SCF:0003172	AC:002838	Q2FRM0	Q2FME3	Q2FKZ4	SP:0002838	SP:0011903	11_24	CF-B-provisional	medium
SCF:0003173	AC:002838	Q2FRM0	Q2FME3	Q2FKZ2	SP:0002838	SP:0009207	11_24	CF-B-provisional	remote_sequence
SCF:0003174	AC:002840	Q2FME3	Q2FRL9	Q2FRK1	SP:0002840	SP:0013589	11_24	CF-B-provisional	remote_sequence
SCF:0003175	AC:002840	Q2FRL9	Q2FME3	Q2FKZ4	SP:0002840	SP:0009211	11_24	CF-B-provisional	medium
SCF:0003176	AC:002841	A0A2M9V7H9	A0A9X9IKM4	A0A2M9V7I0	SP:0002841	SP:0012330	3_10	CF-B-provisional	remote_sequence
SCF:0003177	AC:002841	A0A2M9V7H9	A0A9X9IKM4	A0A5M5QTL0	SP:0002841	SP:0010364	3_10	CF-B-provisional	remote_sequence
SCF:0003178	AC:002842	Q8SDD3	Q8SD63	Q8SD64	SP:0002842	SP:0012043	11_24	CF-B-provisional	remote_sequence
SCF:0003179	AC:002847	Q6IV65	Q6IV62	Q6IV66	SP:0002847	SP:0013605	3_10	CF-B-provisional	remote_sequence
SCF:0003180	AC:002849	P30980	B6TR16	B6U534	SP:0002849	SP:0007499	11_24	CF-B-provisional	medium
SCF:0003181	AC:002851	Q86X83	Q9P000	Q9UBI1	SP:0002851	SP:0010544	11_24	CF-B-provisional	medium
SCF:0003182	AC:002851	Q86X83	Q9P000	Q9GZQ3	SP:0002851	SP:0009421	11_24	CF-B-provisional	medium
SCF:0003183	AC:002851	Q86X83	Q9P000	Q9Y6G5	SP:0002851	SP:0011122	11_24	CF-B-provisional	medium
SCF:0003184	AC:002851	Q9P000	Q86X83	Q9Y6G5	SP:0002851	SP:0011120	11_24	CF-B-provisional	remote_sequence
SCF:0003185	AC:002851	Q9P000	Q86X83	Q86VX2	SP:0002851	SP:0009982	11_24	CF-B-provisional	remote_sequence
SCF:0003186	AC:002857	P58573	Q8YQ35	A0ACD6B989	SP:0002857	SP:0008239	11_24	CF-B-provisional	medium
SCF:0003187	AC:002858	P56751	P26288	A0A1B1W4Z0	SP:0002858	SP:0013619	11_24	CF-B-provisional	high
SCF:0003188	AC:002858	P56751	P26288	A0A1B1W4Z4	SP:0002858	SP:0013620	11_24	CF-B-provisional	remote_sequence
SCF:0003189	AC:002859	Q0IIM2	Q1JQ97	F1N4X0	SP:0002859	SP:0013621	3_10	CF-B-provisional	remote_sequence
SCF:0003190	AC:002861	P21466	P21471	P21474	SP:0002861	SP:0013627	11_24	CF-B-provisional	remote_sequence
SCF:0003191	AC:002863	Q9CQP8	C6KI89	A2RTF1	SP:0002863	SP:0013567	11_24	CF-B-provisional	remote_sequence
SCF:0003192	AC:002864	P01750	P18526	P01660	SP:0002864	SP:0013632	3_10	CF-B-provisional	medium
SCF:0003193	AC:002864	P01750	P18526	P01665	SP:0002864	SP:0013633	3_10	CF-B-provisional	medium
SCF:0003194	AC:002864	P18526	P01750	P01660	SP:0002864	SP:0013635	3_10	CF-B-provisional	medium
SCF:0003195	AC:002865	G0RZG4	G0RZX8	G0S9A0	SP:0002865	SP:0006432	3_10	CF-B-provisional	remote_sequence
SCF:0003196	AC:002865	G0RZG4	G0RZX8	G0SC21	SP:0002865	SP:0006430	3_10	CF-B-provisional	remote_sequence
SCF:0003197	AC:002868	Q9P000	Q9UBI1	Q9GZQ3	SP:0002868	SP:0009980	11_24	CF-B-provisional	remote_sequence
SCF:0003198	AC:002868	Q9P000	Q9UBI1	Q86VX2	SP:0002868	SP:0009982	11_24	CF-B-provisional	remote_sequence
SCF:0003199	AC:002868	Q9UBI1	Q9P000	Q9GZQ3	SP:0002868	SP:0010545	11_24	CF-B-provisional	medium
SCF:0003200	AC:002868	Q9UBI1	Q9P000	Q9Y6G5	SP:0002868	SP:0011920	11_24	CF-B-provisional	medium
SCF:0003201	AC:002868	Q9UBI1	Q9P000	Q9H0A8	SP:0002868	SP:0009977	11_24	CF-B-provisional	medium
SCF:0003202	AC:002869	Q3E7C1	P32776	P41895	SP:0002869	SP:0013640	3_10	CF-B-provisional	remote_sequence
SCF:0003203	AC:002869	Q3E7C1	P32776	P06839	SP:0002869	SP:0007041	3_10	CF-B-provisional	remote_sequence
SCF:0003204	AC:002876	Q9VGW6	Q9XYU0	Q9XYU1	SP:0002876	SP:0006893	11_24	CF-B-provisional	medium
SCF:0003205	AC:002876	Q9VGW6	Q9XYU0	P49735	SP:0002876	SP:0006191	11_24	CF-B-provisional	medium
SCF:0003206	AC:002876	Q9XYU0	Q9VGW6	Q26454	SP:0002876	SP:0007063	11_24	CF-B-provisional	medium
SCF:0003207	AC:002876	Q9XYU0	Q9VGW6	Q9XYU1	SP:0002876	SP:0007061	11_24	CF-B-provisional	medium
SCF:0003208	AC:002876	Q9XYU0	Q9VGW6	Q9V461	SP:0002876	SP:0007062	11_24	CF-B-provisional	medium
SCF:0003209	AC:002877	A0A5C2G4I7	A0A5C2GTV1	A0A5C2GVU3	SP:0002877	SP:0013192	3_10	CF-A-provisional	high
SCF:0003210	AC:002880	Q8N766	Q9Y3B6	O43402	SP:0002880	SP:0011456	3_10	CF-A-provisional	medium
SCF:0003211	AC:002882	P0C5R9	P32341	P53262	SP:0002882	SP:0010585	11_24	CF-B-provisional	remote_sequence
SCF:0003212	AC:002886	P27521	Q9SY97	Q8LCQ4	SP:0002886	SP:0006834	11_24	CF-B-provisional	medium
SCF:0003213	AC:002886	P27521	Q9SY97	Q01667	SP:0002886	SP:0006833	11_24	CF-B-provisional	medium
SCF:0003214	AC:002886	P27521	Q9SY97	Q9SHE8	SP:0002886	SP:0009023	11_24	CF-B-provisional	medium
SCF:0003215	AC:002886	Q9SY97	P27521	Q9SYW8	SP:0002886	SP:0011774	11_24	CF-B-provisional	high
SCF:0003216	AC:002886	Q9SY97	P27521	Q41038	SP:0002886	SP:0009746	11_24	CF-B-provisional	high
SCF:0003217	AC:002886	Q9SY97	P27521	Q8LCQ4	SP:0002886	SP:0006835	11_24	CF-B-provisional	medium
SCF:0003218	AC:002890	A8J3C3	A8IH07	A8IL21	SP:0002890	SP:0011296	11_24	CF-B-provisional	remote_sequence
SCF:0003219	AC:002890	A8J3C3	A8IH07	A8INX1	SP:0002890	SP:0011295	11_24	CF-B-provisional	remote_sequence
SCF:0003220	AC:002892	P19658	P32844	P89102	SP:0002892	SP:0010259	3_10	CF-B-provisional	remote_sequence
SCF:0003221	AC:002892	P19658	P32844	P22224	SP:0002892	SP:0006991	3_10	CF-B-provisional	remote_sequence
SCF:0003222	AC:002892	P19658	P32844	Q06245	SP:0002892	SP:0006993	3_10	CF-B-provisional	remote_sequence
SCF:0003223	AC:002892	P32844	P19658	P89102	SP:0002892	SP:0010292	3_10	CF-B-provisional	remote_sequence
SCF:0003224	AC:002893	P14224	Q75VY7	Q7DM26	SP:0002893	SP:0010358	11_24	CF-B-provisional	high
SCF:0003225	AC:002893	P14224	Q75VY7	Q05093	SP:0002893	SP:0013115	11_24	CF-B-provisional	high
SCF:0003226	AC:002893	P14224	Q75VY7	A8ITV3	SP:0002893	SP:0010058	11_24	CF-B-provisional	medium
SCF:0003227	AC:002893	Q75VY7	P14224	P14225	SP:0002893	SP:0010689	11_24	CF-B-provisional	medium
SCF:0003228	AC:002894	P01096	P13619	P05630	SP:0002894	SP:0013669	11_24	CF-B-provisional	remote_sequence
SCF:0003229	AC:002900	P0DOX5	Q6GMX6	P01857	SP:0002900	SP:0007482	3_10	CF-A-provisional	high
SCF:0003230	AC:002900	P0DOX5	Q6GMX6	Q6N089	SP:0002900	SP:0007483	3_10	CF-B-provisional	high
SCF:0003231	AC:002901	O13964	P87310	Q9P6Q0	SP:0002901	SP:0007565	11_24	CF-B-provisional	remote_sequence
SCF:0003232	AC:002901	P87310	O13964	O94376	SP:0002901	SP:0007910	11_24	CF-B-provisional	remote_sequence
SCF:0003233	AC:002905	Q15843	Q9UBF6	P62877	SP:0002905	SP:0013682	3_10	CF-A-provisional	high
SCF:0003234	AC:002907	P16688	P16679	P16678	SP:0002907	SP:0009373	11_24	CF-B-provisional	medium
SCF:0003235	AC:002912	Q15024	P42285	Q15477	SP:0002912	SP:0013690	11_24	CF-B-provisional	medium
SCF:0003236	AC:002912	Q15024	P42285	Q8TF46	SP:0002912	SP:0013072	11_24	CF-B-provisional	remote_sequence
SCF:0003237	AC:002912	Q15024	P42285	Q9Y450	SP:0002912	SP:0013691	11_24	CF-B-provisional	remote_sequence
SCF:0003238	AC:002914	A0A2K3DG79	A8IS47	A8IL21	SP:0002914	SP:0009050	11_24	CF-B-provisional	medium
SCF:0003239	AC:002914	A0A2K3DG79	A8IS47	A8IJ60	SP:0002914	SP:0006259	11_24	CF-B-provisional	medium
SCF:0003240	AC:002914	A0A2K3DG79	A8IS47	A8INX1	SP:0002914	SP:0006258	11_24	CF-B-provisional	medium
SCF:0003241	AC:002919	O80634	P56752	P56767	SP:0002919	SP:0010423	11_24	CF-B-provisional	medium
SCF:0003242	AC:002919	O80634	P56752	A0A1B1W4Z4	SP:0002919	SP:0012777	11_24	CF-B-provisional	remote_sequence
SCF:0003243	AC:002919	P56752	O80634	Q9SGH4	SP:0002919	SP:0009075	11_24	CF-B-provisional	remote_sequence
SCF:0003244	AC:002923	P20674	O00483	P09669	SP:0002923	SP:0007558	11_24	CF-B-provisional	remote_sequence
SCF:0003245	AC:002925	P0AFD4	P0AFF0	P33607	SP:0002925	SP:0013702	3_10	CF-A-provisional	medium
SCF:0003246	AC:002925	P0AFD4	P0AFF0	P0AFE8	SP:0002925	SP:0013703	3_10	CF-A-provisional	medium
SCF:0003247	AC:002925	P0AFF0	P0AFD4	P0AFE8	SP:0002925	SP:0013705	3_10	CF-B-provisional	remote_sequence
SCF:0003248	AC:002926	Q22MV2	A4VEB3	Q1HFV9	SP:0002926	SP:0007240	11_24	CF-B-provisional	remote_sequence
SCF:0003249	AC:002927	A0A2K3D591	Q9AU02	A8IN92	SP:0002927	SP:0013708	11_24	CF-B-provisional	remote_sequence
SCF:0003250	AC:002927	Q9AU02	A0A2K3D591	A8J6N0	SP:0002927	SP:0013710	11_24	CF-B-provisional	medium
SCF:0003251	AC:002928	Q839F0	Q82ZI6	Q839E7	SP:0002928	SP:0012341	11_24	CF-B-provisional	remote_sequence
SCF:0003252	AC:002928	Q839F0	Q82ZI6	Q839H1	SP:0002928	SP:0012313	11_24	CF-B-provisional	remote_sequence
SCF:0003253	AC:002930	A0AAN0Y0L1	A0AAN0Y0S4	A0AAN0Y103	SP:0002930	SP:0010917	11_24	CF-B-provisional	remote_sequence
SCF:0003254	AC:002932	P56766	Q9C639	Q9SY97	SP:0002932	SP:0009747	11_24	CF-B-provisional	medium
SCF:0003255	AC:002936	C3SQX2	C3SYP2	C3TRH7	SP:0002936	SP:0013721	11_24	CF-B-provisional	remote_sequence
SCF:0003256	AC:002936	C3SYP2	C3SQX2	P62399	SP:0002936	SP:0013723	11_24	CF-B-provisional	remote_sequence
SCF:0003257	AC:002941	Q2G113	Q2FW31	Q2FW21	SP:0002941	SP:0012398	11_24	CF-B-provisional	remote_sequence
SCF:0003258	AC:002942	Q85G51	Q85FP8	M1UU36	SP:0002942	SP:0008623	11_24	CF-B-provisional	remote_sequence
SCF:0003259	AC:002946	A0A1D5UKZ4	W5I035	W5BFB7	SP:0002946	SP:0010874	11_24	CF-B-provisional	remote_sequence
SCF:0003260	AC:002952	Q99627	Q93034	Q13616	SP:0002952	SP:0009603	11_24	CF-B-provisional	medium
SCF:0003261	AC:002952	Q99627	Q93034	Q13619	SP:0002952	SP:0008029	11_24	CF-B-provisional	medium
SCF:0003262	AC:002954	Q5E9B8	F2Z4H3	Q32PE0	SP:0002954	SP:0010193	11_24	CF-B-provisional	remote_sequence
SCF:0003263	AC:002954	Q5E9B8	F2Z4H3	F2Z4C9	SP:0002954	SP:0007765	11_24	CF-B-provisional	remote_sequence
SCF:0003264	AC:002956	Q9BVC4	Q8TB45	Q9HB90	SP:0002956	SP:0012499	3_10	CF-B-provisional	remote_sequence
SCF:0003265	AC:002957	Q50754	P60239	Q50755	SP:0002957	SP:0008683	11_24	CF-B-provisional	remote_sequence
SCF:0003266	AC:002958	P21707	P63025	P63045	SP:0002958	SP:0013748	3_10	CF-B-provisional	high
SCF:0003267	AC:002959	P0DOX7	Q6PIL8	S6C4R2	SP:0002959	SP:0009366	3_10	CF-B-provisional	medium
SCF:0003268	AC:002959	P0DOX7	Q6PIL8	S6C4S0	SP:0002959	SP:0009367	3_10	CF-B-provisional	medium
SCF:0003269	AC:002959	Q6PIL8	P0DOX7	Q8N355	SP:0002959	SP:0010022	3_10	CF-B-provisional	medium
SCF:0003270	AC:002959	Q6PIL8	P0DOX7	S6B2B6	SP:0002959	SP:0009369	3_10	CF-A-provisional	medium
SCF:0003271	AC:002961	Q86VX2	Q86X83	Q9Y6G5	SP:0002961	SP:0010773	11_24	CF-B-provisional	remote_sequence
SCF:0003272	AC:002961	Q86VX2	Q86X83	Q9P000	SP:0002961	SP:0009982	11_24	CF-B-provisional	remote_sequence
SCF:0003273	AC:002961	Q86VX2	Q86X83	Q8N668	SP:0002961	SP:0009424	11_24	CF-B-provisional	remote_sequence
SCF:0003274	AC:002961	Q86X83	Q86VX2	Q9UBI1	SP:0002961	SP:0010544	11_24	CF-B-provisional	remote_sequence
SCF:0003275	AC:002961	Q86X83	Q86VX2	Q9GZQ3	SP:0002961	SP:0009421	11_24	CF-B-provisional	remote_sequence
SCF:0003276	AC:002961	Q86X83	Q86VX2	Q9H0A8	SP:0002961	SP:0009422	11_24	CF-B-provisional	remote_sequence
SCF:0003277	AC:002963	P12464	O35011	O31718	SP:0002963	SP:0011010	3_10	CF-B-provisional	remote_sequence
SCF:0003278	AC:002964	F5HET4	F5HCH8	P16832	SP:0002964	SP:0013760	11_24	CF-B-provisional	high
SCF:0003279	AC:002969	A0ACD6B989	P58568	P58560	SP:0002969	SP:0009408	11_24	CF-B-provisional	remote_sequence
SCF:0003280	AC:002970	A0A8D1DPV6	A0A4X1VYD0	A0A8W4F9W9	SP:0002970	SP:0013499	11_24	CF-B-provisional	high
SCF:0003281	AC:002971	W5FWF5	W5FEZ3	Q8L806	SP:0002971	SP:0008989	11_24	CF-B-provisional	remote_sequence
SCF:0003282	AC:002972	P50990	Q9NQP4	O15212	SP:0002972	SP:0006523	11_24	CF-B-provisional	remote_sequence
SCF:0003283	AC:002972	Q9NQP4	P50990	P50991	SP:0002972	SP:0006625	11_24	CF-B-provisional	medium
SCF:0003284	AC:002975	Q32P73	F2Z4H3	Q32PE0	SP:0002975	SP:0006588	11_24	CF-B-provisional	remote_sequence
SCF:0003285	AC:002977	P51955	Q13042	Q9UJX3	SP:0002977	SP:0009717	11_24	CF-B-provisional	remote_sequence
SCF:0003286	AC:002977	P51955	Q13042	Q9UJX2	SP:0002977	SP:0013774	11_24	CF-B-provisional	remote_sequence
SCF:0003287	AC:002977	Q13042	P51955	Q9UJX2	SP:0002977	SP:0013580	11_24	CF-B-provisional	remote_sequence
SCF:0003288	AC:002979	P39471	Q4JB12	P39463	SP:0002979	SP:0009432	11_24	CF-B-provisional	remote_sequence
SCF:0003289	AC:002981	O15527	P0C0S8	P62807	SP:0002981	SP:0008665	3_10	CF-B-provisional	medium
SCF:0003290	AC:002986	O15511	P61158	P61160	SP:0002986	SP:0013783	3_10	CF-A-provisional	medium
SCF:0003291	AC:002986	P61158	O15511	Q9BPX5	SP:0002986	SP:0013493	3_10	CF-A-provisional	high
SCF:0003292	AC:002987	A0QSL5	A0QSL6	A0QSG4	SP:0002987	SP:0013787	11_24	CF-B-provisional	remote_sequence
SCF:0003293	AC:002987	A0QSL6	A0QSL5	A0R549	SP:0002987	SP:0012638	11_24	CF-B-provisional	remote_sequence
SCF:0003294	AC:002988	Q86VX2	Q9H0A8	Q9P000	SP:0002988	SP:0009982	3_10	CF-A-provisional	medium
SCF:0003295	AC:002988	Q86VX2	Q9H0A8	Q9GZQ3	SP:0002988	SP:0009865	3_10	CF-B-provisional	remote_sequence
SCF:0003296	AC:002988	Q86VX2	Q9H0A8	Q8N668	SP:0002988	SP:0009424	3_10	CF-B-provisional	remote_sequence
SCF:0003297	AC:002988	Q9H0A8	Q86VX2	Q8N668	SP:0002988	SP:0009978	3_10	CF-B-provisional	remote_sequence
SCF:0003298	AC:002988	Q9H0A8	Q86VX2	Q9UBI1	SP:0002988	SP:0009977	3_10	CF-B-provisional	remote_sequence
SCF:0003299	AC:002988	Q9H0A8	Q86VX2	Q86X83	SP:0002988	SP:0009422	3_10	CF-B-provisional	remote_sequence
SCF:0003300	AC:002989	E1C9K8	E1C9L0	D5MAL3	SP:0002989	SP:0006647	11_24	CF-B-provisional	high
SCF:0003301	AC:002991	A0A7M4DUC2	A0A8D0JYF1	A0A4X1TRS6	SP:0002991	SP:0013792	11_24	CF-B-provisional	high
SCF:0003302	AC:002992	Q9V1V0	Q9V1V5	Q9V1U8	SP:0002992	SP:0011230	11_24	CF-B-provisional	medium
SCF:0003303	AC:002992	Q9V1V5	Q9V1V0	Q9V195	SP:0002992	SP:0013795	11_24	CF-B-provisional	remote_sequence
SCF:0003304	AC:002992	Q9V1V5	Q9V1V0	Q9UY20	SP:0002992	SP:0011584	11_24	CF-B-provisional	remote_sequence
SCF:0003305	AC:002993	P56766	Q01667	Q9SY97	SP:0002993	SP:0009747	11_24	CF-B-provisional	medium
SCF:0003306	AC:002993	Q01667	P56766	A0A0F6NGI2	SP:0002993	SP:0009576	11_24	CF-B-provisional	high
SCF:0003307	AC:002993	Q01667	P56766	P56767	SP:0002993	SP:0010640	11_24	CF-B-provisional	high
SCF:0003308	AC:002993	Q01667	P56766	P05311	SP:0002993	SP:0010305	11_24	CF-B-provisional	high
SCF:0003309	AC:002997	B8BRQ8	B8BUW3	B8C770	SP:0002997	SP:0010529	11_24	CF-B-provisional	medium
SCF:0003310	AC:002997	B8BRQ8	B8BUW3	B8BU33	SP:0002997	SP:0010530	11_24	CF-B-provisional	remote_sequence
SCF:0003311	AC:002997	B8BRQ8	B8BUW3	B8BYV4	SP:0002997	SP:0010528	11_24	CF-B-provisional	remote_sequence
SCF:0003312	AC:002997	B8BUW3	B8BRQ8	B8CEQ3	SP:0002997	SP:0013800	11_24	CF-B-provisional	remote_sequence
SCF:0003313	AC:002998	K4P217	A0A6P3ED73	D4P8H6	SP:0002998	SP:0008519	11_24	CF-B-provisional	remote_sequence
SCF:0003314	AC:002999	Q96L50	Q9BVW5	Q9BRX5	SP:0002999	SP:0013801	11_24	CF-B-provisional	remote_sequence
SCF:0003315	AC:003001	Q8DLJ8	Q9F1K9	Q8DIN9	SP:0003001	SP:0011419	11_24	CF-B-provisional	remote_sequence
SCF:0003316	AC:003002	P42380	A8IJY7	A8IL21	SP:0003002	SP:0013804	11_24	CF-B-provisional	remote_sequence
SCF:0003317	AC:003002	P42380	A8IJY7	A8INX1	SP:0003002	SP:0013805	11_24	CF-B-provisional	remote_sequence
SCF:0003318	AC:003002	P42380	A8IJY7	A8IS47	SP:0003002	SP:0011327	11_24	CF-B-provisional	remote_sequence
SCF:0003319	AC:003006	P35729	P52891	P46673	SP:0003006	SP:0013806	11_24	CF-B-provisional	remote_sequence
SCF:0003320	AC:003006	P52891	P35729	P36161	SP:0003006	SP:0011172	11_24	CF-B-provisional	medium
SCF:0003321	AC:003006	P52891	P35729	P49687	SP:0003006	SP:0008166	11_24	CF-B-provisional	remote_sequence
SCF:0003322	AC:003009	Q7Z4H7	Q96CS2	Q9NVX0	SP:0003009	SP:0012132	3_10	CF-B-provisional	remote_sequence
SCF:0003323	AC:003011	O14010	O60104	P87306	SP:0003011	SP:0013813	11_24	CF-B-provisional	remote_sequence
SCF:0003324	AC:003011	O60104	O14010	O94376	SP:0003011	SP:0006403	11_24	CF-B-provisional	remote_sequence
SCF:0003325	AC:003014	P06269	A0A1S3YU01	A0A1S3XP85	SP:0003014	SP:0011789	11_24	CF-B-provisional	remote_sequence
SCF:0003326	AC:003014	P06269	A0A1S3YU01	A0A1S3X2G3	SP:0003014	SP:0011790	11_24	CF-B-provisional	remote_sequence
SCF:0003327	AC:003015	Q8N668	Q9Y6G5	Q9P000	SP:0003015	SP:0009426	11_24	CF-B-provisional	medium
SCF:0003328	AC:003015	Q8N668	Q9Y6G5	Q9NX08	SP:0003015	SP:0009425	11_24	CF-B-provisional	remote_sequence
SCF:0003329	AC:003015	Q8N668	Q9Y6G5	Q9H0A8	SP:0003015	SP:0009978	11_24	CF-B-provisional	remote_sequence
SCF:0003330	AC:003015	Q9Y6G5	Q8N668	Q9P000	SP:0003015	SP:0011120	11_24	CF-B-provisional	medium
SCF:0003331	AC:003015	Q9Y6G5	Q8N668	Q86VX2	SP:0003015	SP:0010773	11_24	CF-B-provisional	remote_sequence
SCF:0003332	AC:003015	Q9Y6G5	Q8N668	Q86X83	SP:0003015	SP:0011122	11_24	CF-B-provisional	remote_sequence
SCF:0003333	AC:003016	Q54G86	Q54XI5	Q9Y3A5	SP:0003016	SP:0011337	3_10	CF-B-provisional	remote_sequence
SCF:0003334	AC:003017	P68449	P68439	P20979	SP:0003017	SP:0008901	11_24	CF-B-provisional	remote_sequence
SCF:0003335	AC:003020	Q2FKZ0	Q2FKZ4	Q2FME3	SP:0003020	SP:0013593	11_24	CF-B-provisional	medium
SCF:0003336	AC:003022	O82504	Q9LK40	Q9LQ02	SP:0003022	SP:0010601	11_24	CF-B-provisional	remote_sequence
SCF:0003337	AC:003024	O14010	P87310	Q9P6Q0	SP:0003024	SP:0006870	11_24	CF-B-provisional	remote_sequence
SCF:0003338	AC:003024	P87310	O14010	O94376	SP:0003024	SP:0007910	11_24	CF-B-provisional	remote_sequence
SCF:0003339	AC:003025	Q9UBD5	Q14566	P33993	SP:0003025	SP:0009086	11_24	CF-B-provisional	medium
SCF:0003340	AC:003025	Q9UBD5	Q14566	P25205	SP:0003025	SP:0009087	11_24	CF-B-provisional	medium
SCF:0003341	AC:003027	P07839	Q75VY8	P12356	SP:0003027	SP:0006320	11_24	CF-B-provisional	medium
SCF:0003342	AC:003028	A0A4X1VKG7	A0A8D1AQR7	I3LCB2	SP:0003028	SP:0013831	11_24	CF-B-provisional	high
SCF:0003343	AC:003028	A0A4X1VKG7	A0A8D1AQR7	A0A8D1KNW4	SP:0003028	SP:0006141	11_24	CF-B-provisional	remote_sequence
SCF:0003344	AC:003028	A0A4X1VKG7	A0A8D1AQR7	A0A4X1VEK9	SP:0003028	SP:0013832	11_24	CF-B-provisional	remote_sequence
SCF:0003345	AC:003034	Q13618	Q9H9Q2	Q9BT78	SP:0003034	SP:0008983	11_24	CF-B-provisional	remote_sequence
SCF:0003346	AC:003034	Q9H9Q2	Q13618	Q13616	SP:0003034	SP:0013835	11_24	CF-B-provisional	medium
SCF:0003347	AC:003035	B7IA40	B7IA22	A0A7U3Y815	SP:0003035	SP:0009648	11_24	CF-B-provisional	remote_sequence
SCF:0003348	AC:003036	A0A2P6TMX4	A0A2P6TPV8	A0A2P6TC44	SP:0003036	SP:0010176	11_24	CF-B-provisional	medium
SCF:0003349	AC:003036	A0A2P6TPV8	A0A2P6TMX4	A0A2P6TZ50	SP:0003036	SP:0006753	11_24	CF-B-provisional	medium
SCF:0003350	AC:003036	A0A2P6TPV8	A0A2P6TMX4	A0A2P6TT36	SP:0003036	SP:0006752	11_24	CF-B-provisional	medium
SCF:0003351	AC:003037	Q99471	P48643	P50991	SP:0003037	SP:0006527	11_24	CF-B-provisional	medium
SCF:0003352	AC:003037	Q99471	P48643	P49368	SP:0003037	SP:0006526	11_24	CF-B-provisional	medium
SCF:0003353	AC:003037	Q99471	P48643	P40227	SP:0003037	SP:0006528	11_24	CF-B-provisional	medium
SCF:0003354	AC:003038	Q9SUI6	Q9SY97	Q9SHE8	SP:0003038	SP:0013297	11_24	CF-B-provisional	medium
SCF:0003355	AC:003040	O15360	Q9HB96	O15287	SP:0003040	SP:0013839	11_24	CF-B-provisional	remote_sequence
SCF:0003356	AC:003042	Q8DKF3	Q8DMR6	Q8DKF4	SP:0003042	SP:0008430	11_24	CF-B-provisional	medium
SCF:0003357	AC:003042	Q8DKF3	Q8DMR6	Q8DKF5	SP:0003042	SP:0008431	11_24	CF-B-provisional	medium
SCF:0003358	AC:003044	Q9XFH4	O23629	P02281	SP:0003044	SP:0008545	3_10	CF-B-provisional	high
SCF:0003359	AC:003044	Q9XFH4	O23629	P84233	SP:0003044	SP:0008546	3_10	CF-B-provisional	medium
SCF:0003360	AC:003047	P38203	P53905	P57743	SP:0003047	SP:0010754	3_10	CF-B-provisional	medium
SCF:0003361	AC:003047	P38203	P53905	P47093	SP:0003047	SP:0013847	3_10	CF-B-provisional	medium
SCF:0003362	AC:003047	P38203	P53905	P47017	SP:0003047	SP:0010205	3_10	CF-B-provisional	remote_sequence
SCF:0003363	AC:003047	P53905	P38203	P40089	SP:0003047	SP:0010128	3_10	CF-B-provisional	remote_sequence
SCF:0003364	AC:003048	F2R0J6	F2QVA2	F2QT90	SP:0003048	SP:0006877	11_24	CF-B-provisional	remote_sequence
SCF:0003365	AC:003051	A0QWT1	I7G3U5	A0QSL8	SP:0003051	SP:0012337	3_10	CF-B-provisional	remote_sequence
SCF:0003366	AC:003053	A0A6P3E3I5	O78755	O78747	SP:0003053	SP:0013859	gt24	CF-C-provisional	remote_sequence
SCF:0003367	AC:003053	O78755	A0A6P3E3I5	O78747	SP:0003053	SP:0013862	gt24	CF-C-provisional	remote_sequence
SCF:0003368	AC:003054	P96077	Q5SHN9	P60489	SP:0003054	SP:0013865	gt24	CF-C-provisional	remote_sequence
SCF:0003369	AC:003056	Q9VMU0	Q9W402	Q9VQD7	SP:0003056	SP:0013877	gt24	CF-C-provisional	medium
SCF:0003370	AC:003056	Q9VMU0	Q9W402	Q9VWI0	SP:0003056	SP:0013878	gt24	CF-C-provisional	remote_sequence
SCF:0003371	AC:003057	A0A3Q7HQH0	Q53U38	P49215	SP:0003057	SP:0009144	gt24	CF-C-provisional	remote_sequence
SCF:0003372	AC:003057	A0A3Q7HQH0	Q53U38	A0A3Q7FVJ9	SP:0003057	SP:0013883	gt24	CF-C-provisional	remote_sequence
SCF:0003373	AC:003058	B8BYV4	B8C2K6	B8C0K4	SP:0003058	SP:0013888	gt24	CF-C-provisional	medium
SCF:0003374	AC:003058	B8BYV4	B8C2K6	A0T0V0	SP:0003058	SP:0006988	gt24	CF-C-provisional	medium
SCF:0003375	AC:003058	B8BYV4	B8C2K6	B8LE60	SP:0003058	SP:0013889	gt24	CF-C-provisional	remote_sequence
SCF:0003376	AC:003058	B8C2K6	B8BYV4	B8C0K4	SP:0003058	SP:0013890	gt24	CF-C-provisional	medium
SCF:0003377	AC:003058	B8C2K6	B8BYV4	B8LE61	SP:0003058	SP:0013891	gt24	CF-C-provisional	medium
SCF:0003378	AC:003058	B8C2K6	B8BYV4	B8C0K3	SP:0003058	SP:0010590	gt24	CF-C-provisional	medium
SCF:0003379	AC:003059	A2RP61	A2RNQ1	A2RNQ6	SP:0003059	SP:0013895	gt24	CF-C-provisional	remote_sequence
SCF:0003380	AC:003061	P0A0H0	Q2FW31	Q2FW11	SP:0003061	SP:0013904	gt24	CF-C-provisional	remote_sequence
SCF:0003381	AC:003061	P0A0H0	Q2FW31	Q2FW20	SP:0003061	SP:0013905	gt24	CF-C-provisional	remote_sequence
SCF:0003382	AC:003061	P0A0H0	Q2FW31	Q2FW21	SP:0003061	SP:0013906	gt24	CF-C-provisional	remote_sequence
SCF:0003383	AC:003061	Q2FW31	P0A0H0	P48940	SP:0003061	SP:0012567	gt24	CF-C-provisional	medium
SCF:0003384	AC:003061	Q2FW31	P0A0H0	Q2FW18	SP:0003061	SP:0011106	gt24	CF-C-provisional	remote_sequence
SCF:0003385	AC:003061	Q2FW31	P0A0H0	Q2FW22	SP:0003061	SP:0013907	gt24	CF-C-provisional	remote_sequence
SCF:0003386	AC:003062	P58064	Q9CXW2	Q6P3B9	SP:0003062	SP:0013908	gt24	CF-C-provisional	remote_sequence
SCF:0003387	AC:003062	P58064	Q9CXW2	Q9DC71	SP:0003062	SP:0013909	gt24	CF-C-provisional	remote_sequence
SCF:0003388	AC:003063	Q9BQC6	Q9H4K7	Q9BYD3	SP:0003063	SP:0013914	gt24	CF-C-provisional	remote_sequence
SCF:0003389	AC:003064	O00541	P83881	Q9Y3U8	SP:0003064	SP:0013920	gt24	CF-C-provisional	medium
SCF:0003390	AC:003064	O00541	P83881	P62888	SP:0003064	SP:0013921	gt24	CF-C-provisional	remote_sequence
SCF:0003391	AC:003065	Q6CNL2	Q6CM18	Q6CW78	SP:0003065	SP:0013929	gt24	CF-C-provisional	remote_sequence
SCF:0003392	AC:003066	P26565	Q8HTL2	A8JE35	SP:0003066	SP:0013932	gt24	CF-C-provisional	remote_sequence
SCF:0003393	AC:003067	Q4E078	Q4E581	Q4DZP2	SP:0003067	SP:0013938	gt24	CF-C-provisional	remote_sequence
SCF:0003394	AC:003067	Q4E581	Q4E078	Q4DIV9	SP:0003067	SP:0013941	gt24	CF-C-provisional	remote_sequence
SCF:0003395	AC:003069	A2RIX0	A2RNN6	A2RP61	SP:0003069	SP:0013950	gt24	CF-C-provisional	remote_sequence
SCF:0003396	AC:003069	A2RNN6	A2RIX0	A2RI10	SP:0003069	SP:0013953	gt24	CF-C-provisional	medium
SCF:0003397	AC:003069	A2RNN6	A2RIX0	A2RNP9	SP:0003069	SP:0013954	gt24	CF-C-provisional	remote_sequence
SCF:0003398	AC:003071	P00420	P08525	P37299	SP:0003071	SP:0007836	gt24	CF-C-provisional	remote_sequence
SCF:0003399	AC:003072	Q9HCS7	Q8WUD4	Q9P013	SP:0003072	SP:0013970	gt24	CF-C-provisional	remote_sequence
SCF:0003400	AC:003072	Q9HCS7	Q8WUD4	Q9H5V9	SP:0003072	SP:0013971	gt24	CF-C-provisional	remote_sequence
SCF:0003401	AC:003072	Q9HCS7	Q8WUD4	Q9GZU8	SP:0003072	SP:0013972	gt24	CF-C-provisional	remote_sequence
SCF:0003402	AC:003074	P32569	Q06213	P47822	SP:0003074	SP:0009510	gt24	CF-C-provisional	medium
SCF:0003403	AC:003074	P32569	Q06213	P38304	SP:0003074	SP:0013979	gt24	CF-C-provisional	remote_sequence
SCF:0003404	AC:003074	P32569	Q06213	Q99278	SP:0003074	SP:0013980	gt24	CF-C-provisional	remote_sequence
SCF:0003405	AC:003076	Q383R4	Q389L3	Q57VQ9	SP:0003076	SP:0013989	gt24	CF-C-provisional	remote_sequence
SCF:0003406	AC:003076	Q389L3	Q383R4	C9ZJE4	SP:0003076	SP:0013992	gt24	CF-C-provisional	remote_sequence
SCF:0003407	AC:003076	Q389L3	Q383R4	Q4GYS4	SP:0003076	SP:0013993	gt24	CF-C-provisional	remote_sequence
SCF:0003408	AC:003076	Q389L3	Q383R4	C9ZIL7	SP:0003076	SP:0013994	gt24	CF-C-provisional	remote_sequence
SCF:0003409	AC:003077	P17076	P36160	P38805	SP:0003077	SP:0013995	gt24	CF-C-provisional	medium
SCF:0003410	AC:003077	P17076	P36160	P26321	SP:0003077	SP:0013996	gt24	CF-C-provisional	remote_sequence
SCF:0003411	AC:003077	P17076	P36160	P40007	SP:0003077	SP:0013997	gt24	CF-C-provisional	remote_sequence
SCF:0003412	AC:003077	P36160	P17076	P05738	SP:0003077	SP:0013998	gt24	CF-C-provisional	medium
SCF:0003413	AC:003078	A0ACD6BAN1	A0ACD6BAN3	A0ACD6BAN0	SP:0003078	SP:0014001	gt24	CF-C-provisional	remote_sequence
SCF:0003414	AC:003080	Q4DET1	Q4DS13	Q4DUA8	SP:0003080	SP:0014011	gt24	CF-C-provisional	remote_sequence
SCF:0003415	AC:003080	Q4DET1	Q4DS13	Q4CT44	SP:0003080	SP:0014012	gt24	CF-C-provisional	remote_sequence
SCF:0003416	AC:003080	Q4DET1	Q4DS13	Q4E4E0	SP:0003080	SP:0014013	gt24	CF-C-provisional	remote_sequence
SCF:0003417	AC:003082	Q12417	Q06411	Q03654	SP:0003082	SP:0014026	gt24	CF-C-provisional	remote_sequence
SCF:0003418	AC:003082	Q12417	Q06411	P36048	SP:0003082	SP:0014028	gt24	CF-C-provisional	remote_sequence
SCF:0003419	AC:003083	Q229S1	Q24CL2	Q24DJ0	SP:0003083	SP:0014029	gt24	CF-C-provisional	remote_sequence
SCF:0003420	AC:003083	Q229S1	Q24CL2	Q23YW7	SP:0003083	SP:0014030	gt24	CF-C-provisional	remote_sequence
SCF:0003421	AC:003083	Q24CL2	Q229S1	I7LWE3	SP:0003083	SP:0010816	gt24	CF-C-provisional	remote_sequence
SCF:0003422	AC:003083	Q24CL2	Q229S1	I7M6D6	SP:0003083	SP:0006476	gt24	CF-C-provisional	remote_sequence
SCF:0003423	AC:003084	P0CX29	Q99216	P0CX37	SP:0003084	SP:0014031	gt24	CF-C-provisional	remote_sequence
SCF:0003424	AC:003084	P0CX29	Q99216	Q05775	SP:0003084	SP:0014032	gt24	CF-C-provisional	remote_sequence
SCF:0003425	AC:003085	Q236T0	Q24F59	P0DJ24	SP:0003085	SP:0014037	gt24	CF-C-provisional	medium
SCF:0003426	AC:003085	Q236T0	Q24F59	P0DJ20	SP:0003085	SP:0014038	gt24	CF-C-provisional	medium
SCF:0003427	AC:003085	Q236T0	Q24F59	P0DJ56	SP:0003085	SP:0014039	gt24	CF-C-provisional	remote_sequence
SCF:0003428	AC:003085	Q24F59	Q236T0	P0DJ58	SP:0003085	SP:0014040	gt24	CF-C-provisional	remote_sequence
SCF:0003429	AC:003087	P0AG63	P0AG20	P0AG67	SP:0003087	SP:0014052	gt24	CF-C-provisional	remote_sequence
SCF:0003430	AC:003090	P0DOY8	Q5SHN3	Q5SLQ1	SP:0003090	SP:0014067	gt24	CF-C-provisional	remote_sequence
SCF:0003431	AC:003090	Q5SHN3	P0DOY8	P80377	SP:0003090	SP:0014070	gt24	CF-C-provisional	remote_sequence
SCF:0003432	AC:003090	Q5SHN3	P0DOY8	P80373	SP:0003090	SP:0014071	gt24	CF-C-provisional	remote_sequence
SCF:0003433	AC:003090	Q5SHN3	P0DOY8	P80376	SP:0003090	SP:0014072	gt24	CF-C-provisional	remote_sequence
SCF:0003434	AC:003091	P26565	Q84U21	A8HWZ6	SP:0003091	SP:0014073	gt24	CF-C-provisional	medium
SCF:0003435	AC:003091	P26565	Q84U21	A8IP00	SP:0003091	SP:0014074	gt24	CF-C-provisional	medium
SCF:0003436	AC:003091	P26565	Q84U21	A8I3M4	SP:0003091	SP:0014075	gt24	CF-C-provisional	remote_sequence
SCF:0003437	AC:003092	A0A287A0K2	F1SGC7	A0A286ZXA6	SP:0003092	SP:0014078	gt24	CF-C-provisional	remote_sequence
SCF:0003438	AC:003092	F1SGC7	A0A287A0K2	A0A8D1VKN8	SP:0003092	SP:0014081	gt24	CF-C-provisional	remote_sequence
SCF:0003439	AC:003092	F1SGC7	A0A287A0K2	A0A8D1P1C8	SP:0003092	SP:0014082	gt24	CF-C-provisional	remote_sequence
SCF:0003440	AC:003093	P32569	P33308	P47822	SP:0003093	SP:0009510	gt24	CF-C-provisional	medium
SCF:0003441	AC:003093	P33308	P32569	Q12321	SP:0003093	SP:0009513	gt24	CF-C-provisional	remote_sequence
SCF:0003442	AC:003094	P62899	Q9NVX2	Q9BZE4	SP:0003094	SP:0014088	gt24	CF-C-provisional	remote_sequence
SCF:0003443	AC:003094	Q9NVX2	P62899	P62910	SP:0003094	SP:0014092	gt24	CF-C-provisional	medium
SCF:0003444	AC:003097	P18931	Q9W380	Q9VQM2	SP:0003097	SP:0014106	gt24	CF-C-provisional	remote_sequence
SCF:0003445	AC:003098	Q4FQ63	Q4FUE9	Q4FUD7	SP:0003098	SP:0014112	gt24	CF-C-provisional	remote_sequence
SCF:0003446	AC:003099	A0A660JH71	A0A0U5AR65	A0A0U5AD05	SP:0003099	SP:0014121	gt24	CF-C-provisional	medium
SCF:0003447	AC:003099	A0A660JH71	A0A0U5AR65	A0A0U5AWX6	SP:0003099	SP:0014122	gt24	CF-C-provisional	remote_sequence
SCF:0003448	AC:003101	P25398	Q9BRS2	Q9BSC4	SP:0003101	SP:0014128	gt24	CF-C-provisional	remote_sequence
SCF:0003449	AC:003101	P25398	Q9BRS2	P13639	SP:0003101	SP:0014129	gt24	CF-C-provisional	remote_sequence
SCF:0003450	AC:003101	P25398	Q9BRS2	Q9Y2X3	SP:0003101	SP:0014130	gt24	CF-C-provisional	remote_sequence
SCF:0003451	AC:003101	Q9BRS2	P25398	P62266	SP:0003101	SP:0014131	gt24	CF-C-provisional	medium
SCF:0003452	AC:003101	Q9BRS2	P25398	P62979	SP:0003101	SP:0014132	gt24	CF-C-provisional	remote_sequence
SCF:0003453	AC:003101	Q9BRS2	P25398	P62244	SP:0003101	SP:0014133	gt24	CF-C-provisional	remote_sequence
SCF:0003454	AC:003102	P05749	P25808	Q04311	SP:0003102	SP:0014135	gt24	CF-C-provisional	remote_sequence
SCF:0003455	AC:003102	P05749	P25808	P53742	SP:0003102	SP:0014136	gt24	CF-C-provisional	remote_sequence
SCF:0003456	AC:003104	P60129	Q9SHR7	P04778	SP:0003104	SP:0014145	gt24	CF-C-provisional	high
SCF:0003457	AC:003104	P60129	Q9SHR7	Q07473	SP:0003104	SP:0014146	gt24	CF-C-provisional	high
SCF:0003458	AC:003105	O97725	P03910	P03887	SP:0003105	SP:0014149	gt24	CF-C-provisional	remote_sequence
SCF:0003459	AC:003105	O97725	P03910	Q6EMT1	SP:0003105	SP:0014150	gt24	CF-C-provisional	remote_sequence
SCF:0003460	AC:003105	P03910	O97725	Q02369	SP:0003105	SP:0014152	gt24	CF-C-provisional	remote_sequence
SCF:0003461	AC:003106	P61941	Q72I11	Q72I05	SP:0003106	SP:0014155	gt24	CF-C-provisional	remote_sequence
SCF:0003462	AC:003107	I3LCB2	A0A8D1KNW4	A0A4X1VEK9	SP:0003107	SP:0014163	gt24	CF-C-provisional	high
SCF:0003463	AC:003107	I3LCB2	A0A8D1KNW4	A0A4X1VM56	SP:0003107	SP:0014164	gt24	CF-C-provisional	remote_sequence
SCF:0003464	AC:003108	Q4DY17	Q4CT44	A0A2V2XQ88	SP:0003108	SP:0014168	gt24	CF-C-provisional	remote_sequence
SCF:0003465	AC:003113	G0SC29	G0S215	G0SBX1	SP:0003113	SP:0014192	gt24	CF-C-provisional	remote_sequence
SCF:0003466	AC:003114	P62888	Q99848	Q07020	SP:0003114	SP:0014195	gt24	CF-C-provisional	remote_sequence
SCF:0003467	AC:003114	P62888	Q99848	P26373	SP:0003114	SP:0014196	gt24	CF-C-provisional	remote_sequence
SCF:0003468	AC:003114	P62888	Q99848	P50914	SP:0003114	SP:0014197	gt24	CF-C-provisional	remote_sequence
SCF:0003469	AC:003115	P32411	P10972	P14123	SP:0003115	SP:0014205	gt24	CF-C-provisional	remote_sequence
SCF:0003470	AC:003115	P32411	P10972	P12737	SP:0003115	SP:0014206	gt24	CF-C-provisional	remote_sequence
SCF:0003471	AC:003116	Q02369	Q02827	Q02367	SP:0003116	SP:0014207	gt24	CF-C-provisional	remote_sequence
SCF:0003472	AC:003118	Q72HR3	Q72HB8	P0A7I0	SP:0003118	SP:0014221	gt24	CF-C-provisional	medium
SCF:0003473	AC:003121	Q4DX19	Q4DYR0	Q4DW24	SP:0003121	SP:0014235	gt24	CF-C-provisional	remote_sequence
SCF:0003474	AC:003123	A0A3Q8IJC5	A0A504XVT8	A0A3S5H5C4	SP:0003123	SP:0014242	gt24	CF-C-provisional	remote_sequence
SCF:0003475	AC:003123	A0A504XVT8	A0A3Q8IJC5	A0A3S5H7L0	SP:0003123	SP:0014245	gt24	CF-C-provisional	remote_sequence
SCF:0003476	AC:003125	G0SAJ9	G0RYG4	G0RYU9	SP:0003125	SP:0014255	gt24	CF-C-provisional	medium
SCF:0003477	AC:003126	P0A387	P0DM37	P19054	SP:0003126	SP:0014258	gt24	CF-C-provisional	medium
SCF:0003478	AC:003128	Q5SKU1	P60494	Q5SHP8	SP:0003128	SP:0014271	gt24	CF-C-provisional	medium
SCF:0003479	AC:003130	Q7PL91	P03896	P18932	SP:0003130	SP:0014282	gt24	CF-C-provisional	remote_sequence
SCF:0003480	AC:003130	Q7PL91	P03896	C7DZL4	SP:0003130	SP:0014283	gt24	CF-C-provisional	remote_sequence
SCF:0003481	AC:003131	P17568	Q9NX14	O95169	SP:0003131	SP:0014285	gt24	CF-C-provisional	remote_sequence
SCF:0003482	AC:003131	P17568	Q9NX14	O95139	SP:0003131	SP:0014286	gt24	CF-C-provisional	remote_sequence
SCF:0003483	AC:003131	Q9NX14	P17568	O95168	SP:0003131	SP:0014288	gt24	CF-C-provisional	remote_sequence
SCF:0003484	AC:003131	Q9NX14	P17568	O96000	SP:0003131	SP:0014289	gt24	CF-C-provisional	remote_sequence
SCF:0003485	AC:003132	A4HSQ5	Q9GNZ8	A4IDD0	SP:0003132	SP:0014291	gt24	CF-C-provisional	medium
SCF:0003486	AC:003132	A4HSQ5	Q9GNZ8	A4HZI9	SP:0003132	SP:0014292	gt24	CF-C-provisional	medium
SCF:0003487	AC:003132	A4HSQ5	Q9GNZ8	A0A381MU64	SP:0003132	SP:0014293	gt24	CF-C-provisional	remote_sequence
SCF:0003488	AC:003132	Q9GNZ8	A4HSQ5	A4IBS2	SP:0003132	SP:0014294	gt24	CF-C-provisional	medium
SCF:0003489	AC:003132	Q9GNZ8	A4HSQ5	A4I384	SP:0003132	SP:0014295	gt24	CF-C-provisional	medium
SCF:0003490	AC:003133	O60524	P42766	P62987	SP:0003133	SP:0014297	gt24	CF-C-provisional	medium
SCF:0003491	AC:003133	O60524	P42766	P30050	SP:0003133	SP:0014298	gt24	CF-C-provisional	remote_sequence
SCF:0003492	AC:003133	O60524	P42766	Q96L21	SP:0003133	SP:0014299	gt24	CF-C-provisional	remote_sequence
SCF:0003493	AC:003133	P42766	O60524	P13639	SP:0003133	SP:0008058	gt24	CF-C-provisional	remote_sequence
SCF:0003494	AC:003133	P42766	O60524	O94874	SP:0003133	SP:0014300	gt24	CF-C-provisional	remote_sequence
SCF:0003495	AC:003135	P75540	Q50300	Q50301	SP:0003135	SP:0014308	gt24	CF-C-provisional	remote_sequence
SCF:0003496	AC:003135	Q50300	P75540	P46775	SP:0003135	SP:0014311	gt24	CF-C-provisional	remote_sequence
SCF:0003497	AC:003136	P82915	P82922	Q58DQ5	SP:0003136	SP:0014314	gt24	CF-C-provisional	remote_sequence
SCF:0003498	AC:003140	E9BCX6	E9BP34	A0A3Q8IHK2	SP:0003140	SP:0014334	gt24	CF-C-provisional	remote_sequence
SCF:0003499	AC:003140	E9BCX6	E9BP34	D1M863	SP:0003140	SP:0014335	gt24	CF-C-provisional	remote_sequence
SCF:0003500	AC:003140	E9BCX6	E9BP34	E9B8R9	SP:0003140	SP:0014336	gt24	CF-C-provisional	remote_sequence
SCF:0003501	AC:003142	Q2FG82	Q2FEP6	Q2FEP4	SP:0003142	SP:0014348	gt24	CF-C-provisional	remote_sequence
SCF:0003502	AC:003144	G0S620	G0S7S7	G0S9U7	SP:0003144	SP:0014357	gt24	CF-C-provisional	medium
SCF:0003503	AC:003147	A0QS45	A0R7F6	A0QSP8	SP:0003147	SP:0014374	gt24	CF-C-provisional	remote_sequence
SCF:0003504	AC:003147	A0QS45	A0R7F6	A0QSG0	SP:0003147	SP:0014375	gt24	CF-C-provisional	remote_sequence
SCF:0003505	AC:003147	A0QS45	A0R7F6	A0QSL7	SP:0003147	SP:0009202	gt24	CF-C-provisional	remote_sequence
SCF:0003506	AC:003147	A0R7F6	A0QS45	A0QSG8	SP:0003147	SP:0014376	gt24	CF-C-provisional	remote_sequence
SCF:0003507	AC:003148	A0A077UG91	A0A077VMP6	W8TPC6	SP:0003148	SP:0014379	gt24	CF-C-provisional	remote_sequence
SCF:0003508	AC:003148	A0A077VMP6	A0A077UG91	A0A077V4G0	SP:0003148	SP:0014382	gt24	CF-C-provisional	remote_sequence
SCF:0003509	AC:003148	A0A077VMP6	A0A077UG91	W8TUE6	SP:0003148	SP:0014383	gt24	CF-C-provisional	remote_sequence
SCF:0003510	AC:003149	P61254	Q9NVX2	Q9BZE4	SP:0003149	SP:0014385	gt24	CF-C-provisional	remote_sequence
SCF:0003511	AC:003149	Q9NVX2	P61254	P40429	SP:0003149	SP:0014388	gt24	CF-C-provisional	medium
SCF:0003512	AC:003149	Q9NVX2	P61254	P32969	SP:0003149	SP:0014389	gt24	CF-C-provisional	remote_sequence
SCF:0003513	AC:003150	G1SYU7	G1SHG0	G1TXF6	SP:0003150	SP:0014393	gt24	CF-C-provisional	remote_sequence
SCF:0003514	AC:003151	P19947	P19946	P42921	SP:0003151	SP:0014398	gt24	CF-C-provisional	remote_sequence
SCF:0003515	AC:003153	P62750	Q9NXF1	Q9BXJ9	SP:0003153	SP:0008062	gt24	CF-C-provisional	remote_sequence
SCF:0003516	AC:003154	Q4D1H8	Q4E661	Q4DG45	SP:0003154	SP:0014411	gt24	CF-C-provisional	remote_sequence
SCF:0003517	AC:003154	Q4E661	Q4D1H8	V5BDJ2	SP:0003154	SP:0014412	gt24	CF-C-provisional	remote_sequence
SCF:0003518	AC:003155	W5ECL2	A0A3B6C2W3	A0A3B6RED0	SP:0003155	SP:0014417	gt24	CF-C-provisional	remote_sequence
SCF:0003519	AC:003155	W5ECL2	A0A3B6C2W3	A0A3B6PK86	SP:0003155	SP:0014251	gt24	CF-C-provisional	remote_sequence
SCF:0003520	AC:003156	P35178	P40007	P33201	SP:0003156	SP:0014419	gt24	CF-C-provisional	remote_sequence
SCF:0003521	AC:003156	P35178	P40007	P05738	SP:0003156	SP:0014420	gt24	CF-C-provisional	remote_sequence
SCF:0003522	AC:003156	P40007	P35178	P38779	SP:0003156	SP:0014422	gt24	CF-C-provisional	remote_sequence
SCF:0003523	AC:003156	P40007	P35178	P05740	SP:0003156	SP:0014423	gt24	CF-C-provisional	remote_sequence
SCF:0003524	AC:003156	P40007	P35178	P10962	SP:0003156	SP:0014424	gt24	CF-C-provisional	remote_sequence
SCF:0003525	AC:003157	A8JFR3	Q2XQY7	Q6RCE1	SP:0003157	SP:0014425	gt24	CF-C-provisional	remote_sequence
SCF:0003526	AC:003157	Q2XQY7	A8JFR3	H9CTG6	SP:0003157	SP:0014428	gt24	CF-C-provisional	remote_sequence
SCF:0003527	AC:003158	P56751	Q2V2S7	Q9XI73	SP:0003158	SP:0008889	gt24	CF-C-provisional	remote_sequence
SCF:0003528	AC:003160	A0A6J4B037	A0A6J4B150	A0A6J4B0A4	SP:0003160	SP:0014440	gt24	CF-C-provisional	medium
SCF:0003529	AC:003160	A0A6J4B037	A0A6J4B150	A0A6J4B125	SP:0003160	SP:0014441	gt24	CF-C-provisional	medium
SCF:0003530	AC:003160	A0A6J4B037	A0A6J4B150	A0A6J4B0S3	SP:0003160	SP:0014442	gt24	CF-C-provisional	medium
SCF:0003531	AC:003160	A0A6J4B150	A0A6J4B037	A0A6J4B0A4	SP:0003160	SP:0014443	gt24	CF-C-provisional	medium
SCF:0003532	AC:003160	A0A6J4B150	A0A6J4B037	A0A6J4B0S3	SP:0003160	SP:0014444	gt24	CF-C-provisional	medium
SCF:0003533	AC:003161	A0A1B4XKT9	A0A1B4XMC1	A0A1B4XKU3	SP:0003161	SP:0014446	gt24	CF-C-provisional	remote_sequence
SCF:0003534	AC:003161	A0A1B4XKT9	A0A1B4XMC1	A0A1B4XKU1	SP:0003161	SP:0014447	gt24	CF-C-provisional	remote_sequence
SCF:0003535	AC:003161	A0A1B4XKT9	A0A1B4XMC1	A0A1B4XSB2	SP:0003161	SP:0014448	gt24	CF-C-provisional	remote_sequence
SCF:0003536	AC:003164	A0A218P4N5	A0A218P4I2	A0A218NZT7	SP:0003164	SP:0014465	gt24	CF-C-provisional	remote_sequence
SCF:0003537	AC:003167	A0A222AI58	A0A222AI69	A0A222AID2	SP:0003167	SP:0014478	gt24	CF-C-provisional	remote_sequence
SCF:0003538	AC:003167	A0A222AI69	A0A222AI58	A0A222AID2	SP:0003167	SP:0014482	gt24	CF-C-provisional	remote_sequence
SCF:0003539	AC:003168	A0A1B1W4Z4	Q9SGH4	Q9CAC5	SP:0003168	SP:0014484	gt24	CF-C-provisional	remote_sequence
SCF:0003540	AC:003168	Q9SGH4	A0A1B1W4Z4	A0A1B1W4Z0	SP:0003168	SP:0009074	gt24	CF-C-provisional	remote_sequence
SCF:0003541	AC:003168	Q9SGH4	A0A1B1W4Z4	P26288	SP:0003168	SP:0009073	gt24	CF-C-provisional	remote_sequence
SCF:0003542	AC:003168	Q9SGH4	A0A1B1W4Z4	P56752	SP:0003168	SP:0009075	gt24	CF-C-provisional	remote_sequence
SCF:0003543	AC:003170	O74895	Q10192	P05734	SP:0003170	SP:0014489	gt24	CF-C-provisional	medium
SCF:0003544	AC:003170	O74895	Q10192	O94238	SP:0003170	SP:0014490	gt24	CF-C-provisional	remote_sequence
SCF:0003545	AC:003170	O74895	Q10192	Q10330	SP:0003170	SP:0014491	gt24	CF-C-provisional	remote_sequence
SCF:0003546	AC:003170	Q10192	O74895	P0CT68	SP:0003170	SP:0014492	gt24	CF-C-provisional	remote_sequence
SCF:0003547	AC:003170	Q10192	O74895	P79071	SP:0003170	SP:0014493	gt24	CF-C-provisional	remote_sequence
SCF:0003548	AC:003172	Q9HVY2	Q9HWE5	Q9I0A2	SP:0003172	SP:0014500	gt24	CF-C-provisional	remote_sequence
SCF:0003549	AC:003176	P39990	Q06512	P47083	SP:0003176	SP:0014524	gt24	CF-C-provisional	remote_sequence
SCF:0003550	AC:003176	P39990	Q06512	Q03338	SP:0003176	SP:0014525	gt24	CF-C-provisional	remote_sequence
SCF:0003551	AC:003176	P39990	Q06512	Q02554	SP:0003176	SP:0014526	gt24	CF-C-provisional	remote_sequence
SCF:0003552	AC:003177	A8INR7	A8I1D3	A8JEP1	SP:0003177	SP:0014531	gt24	CF-C-provisional	remote_sequence
SCF:0003553	AC:003179	G0SBX1	G0SEI0	G0SGH8	SP:0003179	SP:0014539	gt24	CF-C-provisional	medium
SCF:0003554	AC:003179	G0SEI0	G0SBX1	G0RYG4	SP:0003179	SP:0014253	gt24	CF-C-provisional	remote_sequence
SCF:0003555	AC:003180	O51247	O51456	O51140	SP:0003180	SP:0014544	gt24	CF-C-provisional	medium
SCF:0003556	AC:003182	P21468	P46899	P04969	SP:0003182	SP:0014556	gt24	CF-C-provisional	medium
SCF:0003557	AC:003182	P21468	P46899	P21470	SP:0003182	SP:0014557	gt24	CF-C-provisional	medium
SCF:0003558	AC:003182	P21468	P46899	P21477	SP:0003182	SP:0012840	gt24	CF-C-provisional	remote_sequence
SCF:0003559	AC:003182	P46899	P21468	P42924	SP:0003182	SP:0014558	gt24	CF-C-provisional	medium
SCF:0003560	AC:003182	P46899	P21468	P55873	SP:0003182	SP:0014559	gt24	CF-C-provisional	remote_sequence
SCF:0003561	AC:003183	P0DJ14	P0DJ20	Q24F59	SP:0003183	SP:0014561	gt24	CF-C-provisional	medium
SCF:0003562	AC:003183	P0DJ14	P0DJ20	P0DJ19	SP:0003183	SP:0014562	gt24	CF-C-provisional	remote_sequence
SCF:0003563	AC:003183	P0DJ14	P0DJ20	P0DJ57	SP:0003183	SP:0014563	gt24	CF-C-provisional	remote_sequence
SCF:0003564	AC:003183	P0DJ20	P0DJ14	P0DJ17	SP:0003183	SP:0014564	gt24	CF-C-provisional	remote_sequence
SCF:0003565	AC:003184	Q50304	Q50308	Q50296	SP:0003184	SP:0014567	gt24	CF-C-provisional	remote_sequence
SCF:0003566	AC:003184	Q50304	Q50308	Q50309	SP:0003184	SP:0014568	gt24	CF-C-provisional	remote_sequence
SCF:0003567	AC:003186	Q9D0Q7	Q9CR59	Q9DCI9	SP:0003186	SP:0014582	gt24	CF-C-provisional	remote_sequence
SCF:0003568	AC:003186	Q9D0Q7	Q9CR59	Q8K2Y7	SP:0003186	SP:0014583	gt24	CF-C-provisional	remote_sequence
SCF:0003569	AC:003186	Q9D0Q7	Q9CR59	Q9D1N9	SP:0003186	SP:0014584	gt24	CF-C-provisional	remote_sequence
SCF:0003570	AC:003188	P25043	Q12250	P33297	SP:0003188	SP:0014590	gt24	CF-C-provisional	remote_sequence
SCF:0003571	AC:003188	Q12250	P25043	P21242	SP:0003188	SP:0014593	gt24	CF-C-provisional	medium
SCF:0003572	AC:003188	Q12250	P25043	P23638	SP:0003188	SP:0014594	gt24	CF-C-provisional	medium
SCF:0003573	AC:003188	Q12250	P25043	P23639	SP:0003188	SP:0014595	gt24	CF-C-provisional	remote_sequence
SCF:0003574	AC:003189	O14180	O94658	P78946	SP:0003189	SP:0014596	gt24	CF-C-provisional	remote_sequence
SCF:0003575	AC:003190	G0S0R3	G1DJ98	G1DJA6	SP:0003190	SP:0014602	gt24	CF-C-provisional	remote_sequence
SCF:0003576	AC:003190	G0S0R3	G1DJ98	G1DJA3	SP:0003190	SP:0014603	gt24	CF-C-provisional	remote_sequence
SCF:0003577	AC:003191	F2Z522	F2Z546	I3L7Y1	SP:0003191	SP:0014607	gt24	CF-C-provisional	remote_sequence
SCF:0003578	AC:003192	Q8R035	Q9CQL5	Q9D1P0	SP:0003192	SP:0014613	gt24	CF-C-provisional	remote_sequence
SCF:0003579	AC:003192	Q8R035	Q9CQL5	Q8BU88	SP:0003192	SP:0014614	gt24	CF-C-provisional	remote_sequence
SCF:0003580	AC:003192	Q8R035	Q9CQL5	Q9D7N6	SP:0003192	SP:0014615	gt24	CF-C-provisional	remote_sequence
SCF:0003581	AC:003192	Q9CQL5	Q8R035	Q9DCI9	SP:0003192	SP:0014616	gt24	CF-C-provisional	medium
SCF:0003582	AC:003192	Q9CQL5	Q8R035	Q99N85	SP:0003192	SP:0014617	gt24	CF-C-provisional	remote_sequence
SCF:0003583	AC:003192	Q9CQL5	Q8R035	Q9D7N6	SP:0003192	SP:0014618	gt24	CF-C-provisional	remote_sequence
SCF:0003584	AC:003193	P18422	P40112	Q9JHW0	SP:0003193	SP:0014620	gt24	CF-C-provisional	remote_sequence
SCF:0003585	AC:003193	P18422	P40112	P28073	SP:0003193	SP:0014621	gt24	CF-C-provisional	remote_sequence
SCF:0003586	AC:003193	P40112	P18422	P34064	SP:0003193	SP:0014622	gt24	CF-C-provisional	medium
SCF:0003587	AC:003193	P40112	P18422	P60901	SP:0003193	SP:0014623	gt24	CF-C-provisional	medium
SCF:0003588	AC:003193	P40112	P18422	P17220	SP:0003193	SP:0014624	gt24	CF-C-provisional	medium
SCF:0003589	AC:003194	Q7S1R6	Q7SA60	Q1K6U7	SP:0003194	SP:0014625	gt24	CF-C-provisional	remote_sequence
SCF:0003590	AC:003194	Q7SA60	Q7S1R6	Q7SB98	SP:0003194	SP:0014628	gt24	CF-C-provisional	medium
SCF:0003591	AC:003194	Q7SA60	Q7S1R6	Q1K6U7	SP:0003194	SP:0014629	gt24	CF-C-provisional	remote_sequence
SCF:0003592	AC:003194	Q7SA60	Q7S1R6	Q7S5N0	SP:0003194	SP:0014630	gt24	CF-C-provisional	remote_sequence
SCF:0003593	AC:003195	C4LSU3	C4M3F3	O15595	SP:0003195	SP:0014631	gt24	CF-C-provisional	remote_sequence
SCF:0003594	AC:003195	C4LSU3	C4M3F3	C4LXC8	SP:0003195	SP:0014632	gt24	CF-C-provisional	remote_sequence
SCF:0003595	AC:003195	C4LSU3	C4M3F3	C4LYF9	SP:0003195	SP:0014633	gt24	CF-C-provisional	remote_sequence
SCF:0003596	AC:003195	C4M3F3	C4LSU3	C4LVZ9	SP:0003195	SP:0014634	gt24	CF-C-provisional	remote_sequence
SCF:0003597	AC:003196	A0T0W4	B8BU33	B8C0K4	SP:0003196	SP:0014241	gt24	CF-C-provisional	high
SCF:0003598	AC:003196	A0T0W4	B8BU33	B8BUW3	SP:0003196	SP:0011652	gt24	CF-C-provisional	remote_sequence
SCF:0003599	AC:003197	A0A077VHU6	A0A077UZF4	A0A1Q4GY48	SP:0003197	SP:0014642	gt24	CF-C-provisional	remote_sequence
SCF:0003600	AC:003198	Q4DX83	Q4D0Q8	Q4CTU7	SP:0003198	SP:0014648	gt24	CF-C-provisional	remote_sequence
SCF:0003601	AC:003199	Q1K7L7	V5IMN1	Q7RYM5	SP:0003199	SP:0014651	gt24	CF-C-provisional	remote_sequence
SCF:0003602	AC:003199	V5IMN1	Q1K7L7	Q7SC44	SP:0003199	SP:0014654	gt24	CF-C-provisional	medium
SCF:0003603	AC:003201	O95478	Q9BRT6	P49207	SP:0003201	SP:0014663	gt24	CF-C-provisional	remote_sequence
SCF:0003604	AC:003201	O95478	Q9BRT6	P61254	SP:0003201	SP:0014664	gt24	CF-C-provisional	remote_sequence
SCF:0003605	AC:003201	Q9BRT6	O95478	Q9UKD2	SP:0003201	SP:0014666	gt24	CF-C-provisional	medium
SCF:0003606	AC:003201	Q9BRT6	O95478	Q07020	SP:0003201	SP:0014667	gt24	CF-C-provisional	remote_sequence
SCF:0003607	AC:003201	Q9BRT6	O95478	P39023	SP:0003201	SP:0014668	gt24	CF-C-provisional	remote_sequence
SCF:0003608	AC:003202	G0SHK0	G0S5S8	G0S8F1	SP:0003202	SP:0014672	gt24	CF-C-provisional	remote_sequence
SCF:0003609	AC:003203	Q2FJP8	Q2FER4	Q2FEQ4	SP:0003203	SP:0014677	gt24	CF-C-provisional	remote_sequence
SCF:0003610	AC:003204	A0A8I3PCE5	A0A8I3RXV3	Q5W412	SP:0003204	SP:0014680	gt24	CF-C-provisional	medium
SCF:0003611	AC:003204	A0A8I3PCE5	A0A8I3RXV3	A0A8I3P0V3	SP:0003204	SP:0014681	gt24	CF-C-provisional	remote_sequence
SCF:0003612	AC:003204	A0A8I3PCE5	A0A8I3RXV3	A0A8I3NW81	SP:0003204	SP:0014682	gt24	CF-C-provisional	remote_sequence
SCF:0003613	AC:003204	A0A8I3RXV3	A0A8I3PCE5	A0A8I3NW81	SP:0003204	SP:0014683	gt24	CF-C-provisional	medium
SCF:0003614	AC:003204	A0A8I3RXV3	A0A8I3PCE5	A0A8I3NP66	SP:0003204	SP:0014684	gt24	CF-C-provisional	medium
SCF:0003615	AC:003204	A0A8I3RXV3	A0A8I3PCE5	A0A8I3N0P1	SP:0003204	SP:0014685	gt24	CF-C-provisional	medium
SCF:0003616	AC:003205	Q9VPE2	Q9W380	Q9VTB4	SP:0003205	SP:0014686	gt24	CF-C-provisional	remote_sequence
SCF:0003617	AC:003206	V5BCU3	V5BW71	A0A7J6YDC7	SP:0003206	SP:0014692	gt24	CF-C-provisional	medium
SCF:0003618	AC:003206	V5BCU3	V5BW71	A0A2V2VJR6	SP:0003206	SP:0014693	gt24	CF-C-provisional	medium
SCF:0003619	AC:003206	V5BCU3	V5BW71	A0A2V2W7U6	SP:0003206	SP:0014694	gt24	CF-C-provisional	medium
SCF:0003620	AC:003206	V5BW71	V5BCU3	V5BU39	SP:0003206	SP:0014695	gt24	CF-C-provisional	remote_sequence
SCF:0003621	AC:003206	V5BW71	V5BCU3	V5B1X4	SP:0003206	SP:0014696	gt24	CF-C-provisional	remote_sequence
SCF:0003622	AC:003207	C3SR17	C3SRY2	P02358	SP:0003207	SP:0014698	gt24	CF-C-provisional	medium
SCF:0003623	AC:003207	C3SR17	C3SRY2	P0A7V8	SP:0003207	SP:0014699	gt24	CF-C-provisional	remote_sequence
SCF:0003624	AC:003207	C3SR17	C3SRY2	C3SFP2	SP:0003207	SP:0014700	gt24	CF-C-provisional	remote_sequence
SCF:0003625	AC:003208	P51398	P82675	Q92552	SP:0003208	SP:0014701	gt24	CF-C-provisional	remote_sequence
SCF:0003626	AC:003208	P82675	P51398	Q8WVM0	SP:0003208	SP:0014704	gt24	CF-C-provisional	remote_sequence
SCF:0003627	AC:003208	P82675	P51398	O75616	SP:0003208	SP:0014705	gt24	CF-C-provisional	remote_sequence
SCF:0003628	AC:003209	Q12522	Q05468	Q03532	SP:0003209	SP:0014710	gt24	CF-C-provisional	remote_sequence
SCF:0003629	AC:003209	Q12522	Q05468	Q04311	SP:0003209	SP:0014711	gt24	CF-C-provisional	remote_sequence
SCF:0003630	AC:003210	C4R2U9	C4R6B2	C4QZQ7	SP:0003210	SP:0014713	gt24	CF-C-provisional	remote_sequence
SCF:0003631	AC:003210	C4R2U9	C4R6B2	C4R7H2	SP:0003210	SP:0014715	gt24	CF-C-provisional	remote_sequence
SCF:0003632	AC:003213	A0A1D8NKB4	A0A1H6PPE5	A0A1D8NJR0	SP:0003213	SP:0014729	gt24	CF-C-provisional	remote_sequence
SCF:0003633	AC:003217	Q4G3B5	Q4G3B9	A0A7S3TFW5	SP:0003217	SP:0014753	gt24	CF-C-provisional	remote_sequence
SCF:0003634	AC:003218	F1SL07	F1SV23	A0A8W4F7N8	SP:0003218	SP:0014759	gt24	CF-C-provisional	medium
SCF:0003635	AC:003218	F1SV23	F1SL07	O79874	SP:0003218	SP:0014762	gt24	CF-C-provisional	remote_sequence
SCF:0003636	AC:003219	Q72IA7	Q72HB8	P0A7I0	SP:0003219	SP:0014765	gt24	CF-C-provisional	medium
SCF:0003637	AC:003220	Q9VJZ4	Q9W402	Q9V3L7	SP:0003220	SP:0014768	gt24	CF-C-provisional	remote_sequence
SCF:0003638	AC:003220	Q9W402	Q9VJZ4	Q7JZK1	SP:0003220	SP:0014771	gt24	CF-C-provisional	remote_sequence
SCF:0003639	AC:003222	Q8TRT2	Q8TJT2	Q8TRT8	SP:0003222	SP:0014780	gt24	CF-C-provisional	remote_sequence
SCF:0003640	AC:003222	Q8TRT2	Q8TJT2	Q8TS56	SP:0003222	SP:0014781	gt24	CF-C-provisional	remote_sequence
SCF:0003641	AC:003224	Q8VDF2	Q9CWF2	P68372	SP:0003224	SP:0014788	gt24	CF-C-provisional	high
SCF:0003642	AC:003227	I6UZW2	I6UZV3	I6U853	SP:0003227	SP:0014807	gt24	CF-C-provisional	remote_sequence
SCF:0003643	AC:003229	A0A0U5AD18	A0A0U4VSH7	A0A0U5A6S7	SP:0003229	SP:0014819	gt24	CF-C-provisional	remote_sequence
SCF:0003644	AC:003230	F2Z673	B5FVG1	B5RSL7	SP:0003230	SP:0014825	gt24	CF-C-provisional	remote_sequence
SCF:0003645	AC:003230	F2Z673	B5FVG1	B5FVF8	SP:0003230	SP:0014826	gt24	CF-C-provisional	remote_sequence
SCF:0003646	AC:003232	P20436	P38782	P16370	SP:0003232	SP:0014833	gt24	CF-C-provisional	remote_sequence
SCF:0003647	AC:003232	P20436	P38782	P29055	SP:0003232	SP:0006726	gt24	CF-C-provisional	remote_sequence
SCF:0003648	AC:003232	P38782	P20436	P27999	SP:0003232	SP:0014835	gt24	CF-C-provisional	remote_sequence
SCF:0003649	AC:003233	A0A4X1VEK9	A0A8D1GCS3	A0A287ADR4	SP:0003233	SP:0014838	gt24	CF-C-provisional	high
SCF:0003650	AC:003233	A0A4X1VEK9	A0A8D1GCS3	A0A4X1VM56	SP:0003233	SP:0014839	gt24	CF-C-provisional	high
SCF:0003651	AC:003235	P12877	P21469	P55873	SP:0003235	SP:0014847	gt24	CF-C-provisional	medium
SCF:0003652	AC:003235	P12877	P21469	P19946	SP:0003235	SP:0014849	gt24	CF-C-provisional	remote_sequence
SCF:0003653	AC:003235	P21469	P12877	P21467	SP:0003235	SP:0014850	gt24	CF-C-provisional	medium
SCF:0003654	AC:003235	P21469	P12877	P12879	SP:0003235	SP:0014851	gt24	CF-C-provisional	remote_sequence
SCF:0003655	AC:003235	P21469	P12877	P21470	SP:0003235	SP:0014852	gt24	CF-C-provisional	remote_sequence
SCF:0003656	AC:003236	P42921	Q06796	P20277	SP:0003236	SP:0014853	gt24	CF-C-provisional	remote_sequence
SCF:0003657	AC:003236	P42921	Q06796	P19946	SP:0003236	SP:0014854	gt24	CF-C-provisional	remote_sequence
SCF:0003658	AC:003236	Q06796	P42921	P19946	SP:0003236	SP:0013138	gt24	CF-C-provisional	remote_sequence
SCF:0003659	AC:003237	G0S8F1	G0SHJ6	G0SGY1	SP:0003237	SP:0014856	gt24	CF-C-provisional	remote_sequence
SCF:0003660	AC:003238	A0A6J4B0A4	A0A6J4B112	A0A6J4B3M5	SP:0003238	SP:0014861	gt24	CF-C-provisional	medium
SCF:0003661	AC:003238	A0A6J4B0A4	A0A6J4B112	A0A6J4B0S3	SP:0003238	SP:0014862	gt24	CF-C-provisional	medium
SCF:0003662	AC:003238	A0A6J4B0A4	A0A6J4B112	A0A6J4B150	SP:0003238	SP:0014443	gt24	CF-C-provisional	medium
SCF:0003663	AC:003238	A0A6J4B112	A0A6J4B0A4	A0A6J4B3M5	SP:0003238	SP:0014863	gt24	CF-C-provisional	medium
SCF:0003664	AC:003238	A0A6J4B112	A0A6J4B0A4	A0A6J4B7P2	SP:0003238	SP:0014864	gt24	CF-C-provisional	medium
SCF:0003665	AC:003238	A0A6J4B112	A0A6J4B0A4	A0A6J4B2D8	SP:0003238	SP:0014865	gt24	CF-C-provisional	medium
SCF:0003666	AC:003241	P0CT68	P17937	O60143	SP:0003241	SP:0014876	gt24	CF-C-provisional	high
SCF:0003667	AC:003241	P0CT68	P17937	P25457	SP:0003241	SP:0014877	gt24	CF-C-provisional	high
SCF:0003668	AC:003241	P0CT68	P17937	Q10192	SP:0003241	SP:0014492	gt24	CF-C-provisional	remote_sequence
SCF:0003669	AC:003241	P17937	P0CT68	O94238	SP:0003241	SP:0014878	gt24	CF-C-provisional	medium
SCF:0003670	AC:003245	C3SQY7	C3SR27	P0A7W1	SP:0003245	SP:0014893	gt24	CF-C-provisional	high
SCF:0003671	AC:003245	C3SQY7	C3SR27	C3SQS2	SP:0003245	SP:0011662	gt24	CF-C-provisional	remote_sequence
SCF:0003672	AC:003246	G0SFL0	G0SH61	G0S0Z3	SP:0003246	SP:0014897	gt24	CF-C-provisional	medium
SCF:0003673	AC:003246	G0SFL0	G0SH61	G0SCE2	SP:0003246	SP:0014898	gt24	CF-C-provisional	remote_sequence
SCF:0003674	AC:003246	G0SFL0	G0SH61	G0SHJ6	SP:0003246	SP:0014899	gt24	CF-C-provisional	remote_sequence
SCF:0003675	AC:003246	G0SH61	G0SFL0	G0RXZ3	SP:0003246	SP:0014900	gt24	CF-C-provisional	remote_sequence
SCF:0003676	AC:003247	A0A286ZTW8	A0A480QIM3	A0A287BIV6	SP:0003247	SP:0014903	gt24	CF-C-provisional	remote_sequence
SCF:0003677	AC:003248	P82923	P82918	Q2NL27	SP:0003248	SP:0014912	gt24	CF-C-provisional	remote_sequence
SCF:0003678	AC:003249	B5FVF8	Q9B6C8	Q9B6E8	SP:0003249	SP:0014915	gt24	CF-C-provisional	medium
SCF:0003679	AC:003249	B5FVF8	Q9B6C8	Q9B6D3	SP:0003249	SP:0014916	gt24	CF-C-provisional	remote_sequence
SCF:0003680	AC:003249	B5FVF8	Q9B6C8	Q9B6D6	SP:0003249	SP:0014917	gt24	CF-C-provisional	remote_sequence
SCF:0003681	AC:003250	E1UWB6	E1UWB1	E1UWB4	SP:0003250	SP:0014922	gt24	CF-C-provisional	medium
SCF:0003682	AC:003250	E1UWB6	E1UWB1	E1UWE4	SP:0003250	SP:0014923	gt24	CF-C-provisional	remote_sequence
SCF:0003683	AC:003251	A0A8D1FN21	A0A8D1EYI7	A0A8D1WW27	SP:0003251	SP:0014927	gt24	CF-C-provisional	remote_sequence
SCF:0003684	AC:003251	A0A8D1FN21	A0A8D1EYI7	A0A8D0Z0K9	SP:0003251	SP:0014928	gt24	CF-C-provisional	remote_sequence
SCF:0003685	AC:003252	A0QS45	A0QSD6	A0QSP8	SP:0003252	SP:0014374	gt24	CF-C-provisional	medium
SCF:0003686	AC:003252	A0QS45	A0QSD6	A0QS97	SP:0003252	SP:0014930	gt24	CF-C-provisional	medium
SCF:0003687	AC:003252	A0QS45	A0QSD6	A0QS62	SP:0003252	SP:0014931	gt24	CF-C-provisional	remote_sequence
SCF:0003688	AC:003252	A0QSD6	A0QS45	A0QSG8	SP:0003252	SP:0014932	gt24	CF-C-provisional	remote_sequence
SCF:0003689	AC:003255	E1UWC3	E1UWD3	E1UWE3	SP:0003255	SP:0014941	gt24	CF-C-provisional	remote_sequence
SCF:0003690	AC:003255	E1UWD3	E1UWC3	E1UWC2	SP:0003255	SP:0014944	gt24	CF-C-provisional	remote_sequence
SCF:0003691	AC:003255	E1UWD3	E1UWC3	E1UWC5	SP:0003255	SP:0014945	gt24	CF-C-provisional	remote_sequence
SCF:0003692	AC:003256	C4LW09	C4LYF9	C4LSA0	SP:0003256	SP:0014947	gt24	CF-C-provisional	remote_sequence
SCF:0003693	AC:003256	C4LW09	C4LYF9	C4LU13	SP:0003256	SP:0014948	gt24	CF-C-provisional	remote_sequence
SCF:0003694	AC:003256	C4LW09	C4LYF9	C4M3F3	SP:0003256	SP:0014949	gt24	CF-C-provisional	remote_sequence
SCF:0003695	AC:003259	G1TZ76	G1SWM1	A0A5F9D5B2	SP:0003259	SP:0014965	gt24	CF-C-provisional	remote_sequence
SCF:0003696	AC:003261	Q9N4G9	Q10013	Q17348	SP:0003261	SP:0014977	gt24	CF-C-provisional	medium
SCF:0003697	AC:003261	Q9N4G9	Q10013	P91918	SP:0003261	SP:0014978	gt24	CF-C-provisional	remote_sequence
SCF:0003698	AC:003261	Q9N4G9	Q10013	Q9XTU6	SP:0003261	SP:0014979	gt24	CF-C-provisional	remote_sequence
SCF:0003699	AC:003262	Q5SKU1	Q5SM01	P80371	SP:0003262	SP:0014980	gt24	CF-C-provisional	remote_sequence
SCF:0003700	AC:003267	Q9BZE1	Q7Z6M4	Q9P015	SP:0003267	SP:0015009	gt24	CF-C-provisional	remote_sequence
SCF:0003701	AC:003268	Q9VQM2	Q9VJZ4	Q7JZK1	SP:0003268	SP:0015014	gt24	CF-C-provisional	remote_sequence
SCF:0003702	AC:003268	Q9VQM2	Q9VJZ4	Q9VQR2	SP:0003268	SP:0015015	gt24	CF-C-provisional	remote_sequence
SCF:0003703	AC:003268	Q9VQM2	Q9VJZ4	Q6IDF5	SP:0003268	SP:0015016	gt24	CF-C-provisional	remote_sequence
SCF:0003704	AC:003269	A0A504XH29	A0A3Q8IVH0	A0A3Q8IIY4	SP:0003269	SP:0015020	gt24	CF-C-provisional	medium
SCF:0003705	AC:003269	A0A504XH29	A0A3Q8IVH0	A0A504Y5E1	SP:0003269	SP:0015021	gt24	CF-C-provisional	remote_sequence
SCF:0003706	AC:003269	A0A504XH29	A0A3Q8IVH0	A0A3S7X127	SP:0003269	SP:0015022	gt24	CF-C-provisional	remote_sequence
SCF:0003707	AC:003270	A0A4X1T0A8	O79875	Q7IIB7	SP:0003270	SP:0015023	gt24	CF-C-provisional	remote_sequence
SCF:0003708	AC:003272	Q4DV41	Q4CT44	A0A2V2XQ88	SP:0003272	SP:0015037	gt24	CF-C-provisional	remote_sequence
SCF:0003709	AC:003272	Q4DV41	Q4CT44	Q4DY17	SP:0003272	SP:0015038	gt24	CF-C-provisional	remote_sequence
SCF:0003710	AC:003272	Q4DV41	Q4CT44	Q4DS13	SP:0003272	SP:0015039	gt24	CF-C-provisional	remote_sequence
SCF:0003711	AC:003273	O96184	C6KSY6	Q8IAX6	SP:0003273	SP:0015043	gt24	CF-C-provisional	remote_sequence
SCF:0003712	AC:003273	O96184	C6KSY6	Q8ILK3	SP:0003273	SP:0015044	gt24	CF-C-provisional	remote_sequence
SCF:0003713	AC:003274	Q6C7X4	B5RSK3	Q6C926	SP:0003274	SP:0015049	gt24	CF-C-provisional	remote_sequence
SCF:0003714	AC:003276	Q2NL82	P60866	P62861	SP:0003276	SP:0015060	gt24	CF-C-provisional	remote_sequence
SCF:0003715	AC:003277	Q99848	Q6RFH5	P36578	SP:0003277	SP:0015066	gt24	CF-C-provisional	remote_sequence
SCF:0003716	AC:003279	Q99N95	Q9D1N9	Q9CR59	SP:0003279	SP:0014581	gt24	CF-C-provisional	remote_sequence
SCF:0003717	AC:003280	Q7S300	V5IMN1	Q7SA60	SP:0003280	SP:0015078	gt24	CF-C-provisional	medium
SCF:0003718	AC:003280	Q7S300	V5IMN1	Q7SB98	SP:0003280	SP:0015079	gt24	CF-C-provisional	remote_sequence
SCF:0003719	AC:003282	Q9DCA2	Q9DC71	Q80X85	SP:0003282	SP:0015090	gt24	CF-C-provisional	medium
SCF:0003720	AC:003283	P28076	P49722	Q9QUM9	SP:0003283	SP:0015092	gt24	CF-C-provisional	medium
SCF:0003721	AC:003283	P28076	P49722	O70435	SP:0003283	SP:0015093	gt24	CF-C-provisional	medium
SCF:0003722	AC:003283	P28076	P49722	O35955	SP:0003283	SP:0015094	gt24	CF-C-provisional	medium
SCF:0003723	AC:003283	P49722	P28076	Q60692	SP:0003283	SP:0015095	gt24	CF-C-provisional	high
SCF:0003724	AC:003283	P49722	P28076	O35955	SP:0003283	SP:0015097	gt24	CF-C-provisional	medium
SCF:0003725	AC:003284	A0A836CQA7	A0A8N7XJ18	A0A6P3E749	SP:0003284	SP:0015098	gt24	CF-C-provisional	remote_sequence
SCF:0003726	AC:003285	P34162	P38782	P16370	SP:0003285	SP:0015101	gt24	CF-C-provisional	remote_sequence
SCF:0003727	AC:003285	P38782	P34162	Q08278	SP:0003285	SP:0015104	gt24	CF-C-provisional	remote_sequence
SCF:0003728	AC:003286	P38202	P38779	P14126	SP:0003286	SP:0015106	gt24	CF-C-provisional	remote_sequence
SCF:0003729	AC:003286	P38202	P38779	P10664	SP:0003286	SP:0015107	gt24	CF-C-provisional	remote_sequence
SCF:0003730	AC:003286	P38779	P38202	P05743	SP:0003286	SP:0015109	gt24	CF-C-provisional	remote_sequence
SCF:0003731	AC:003286	P38779	P38202	P05749	SP:0003286	SP:0015110	gt24	CF-C-provisional	remote_sequence
SCF:0003732	AC:003290	A0A7S3TFW5	Q4G3F5	Q4G3F6	SP:0003290	SP:0015130	gt24	CF-C-provisional	high
SCF:0003733	AC:003290	Q4G3F5	A0A7S3TFW5	A0A6V2SE28	SP:0003290	SP:0015133	gt24	CF-C-provisional	medium
SCF:0003734	AC:003290	Q4G3F5	A0A7S3TFW5	R1DWS2	SP:0003290	SP:0015134	gt24	CF-C-provisional	medium
SCF:0003735	AC:003290	Q4G3F5	A0A7S3TFW5	A0A7S3WIW7	SP:0003290	SP:0015135	gt24	CF-C-provisional	medium
SCF:0003736	AC:003291	Q5M7T6	A0A8I5ZWI2	Q5ZWW6	SP:0003291	SP:0015139	gt24	CF-C-provisional	remote_sequence
SCF:0003737	AC:003292	Q7S5W0	Q7RYW8	Q7SC44	SP:0003292	SP:0015145	gt24	CF-C-provisional	medium
SCF:0003738	AC:003292	Q7S5W0	Q7RYW8	Q1K7L7	SP:0003292	SP:0015146	gt24	CF-C-provisional	remote_sequence
SCF:0003739	AC:003299	Q9ZPY5	P29388	O05000	SP:0003299	SP:0015183	gt24	CF-C-provisional	remote_sequence
SCF:0003740	AC:003300	Q9D0Y8	Q5RL20	Q9CQF8	SP:0003300	SP:0015189	gt24	CF-C-provisional	remote_sequence
SCF:0003741	AC:003300	Q9D0Y8	Q5RL20	Q9D7N6	SP:0003300	SP:0014798	gt24	CF-C-provisional	remote_sequence
SCF:0003742	AC:003300	Q9D0Y8	Q5RL20	Q9CQL5	SP:0003300	SP:0015190	gt24	CF-C-provisional	remote_sequence
SCF:0003743	AC:003301	A0QSD6	A0QYU7	A0R215	SP:0003301	SP:0015191	gt24	CF-C-provisional	remote_sequence
SCF:0003744	AC:003301	A0QSD6	A0QYU7	A0QV03	SP:0003301	SP:0015192	gt24	CF-C-provisional	remote_sequence
SCF:0003745	AC:003301	A0QYU7	A0QSD6	A0QSP8	SP:0003301	SP:0015193	gt24	CF-C-provisional	medium
SCF:0003746	AC:003301	A0QYU7	A0QSD6	A0QSG4	SP:0003301	SP:0015194	gt24	CF-C-provisional	remote_sequence
SCF:0003747	AC:003302	A0A037Y8L6	C3TE02	A0A0E2KZD0	SP:0003302	SP:0015196	gt24	CF-C-provisional	remote_sequence
SCF:0003748	AC:003302	A0A037Y8L6	C3TE02	P0A7Q1	SP:0003302	SP:0015197	gt24	CF-C-provisional	remote_sequence
SCF:0003749	AC:003302	A0A037Y8L6	C3TE02	P0A7Q2	SP:0003302	SP:0015198	gt24	CF-C-provisional	remote_sequence
SCF:0003750	AC:003302	C3TE02	A0A037Y8L6	B7MAS6	SP:0003302	SP:0015199	gt24	CF-C-provisional	remote_sequence
SCF:0003751	AC:003306	G5E814	Q99LC3	Q9D0M3	SP:0003306	SP:0015217	gt24	CF-C-provisional	remote_sequence
SCF:0003752	AC:003308	G0S8F1	G0SFN0	G0RYN9	SP:0003308	SP:0015225	gt24	CF-C-provisional	medium
SCF:0003753	AC:003308	G0S8F1	G0SFN0	G0SD68	SP:0003308	SP:0015226	gt24	CF-C-provisional	remote_sequence
SCF:0003754	AC:003308	G0SFN0	G0S8F1	G0SGD8	SP:0003308	SP:0015228	gt24	CF-C-provisional	remote_sequence
SCF:0003755	AC:003308	G0SFN0	G0S8F1	G0S5L0	SP:0003308	SP:0015229	gt24	CF-C-provisional	remote_sequence
SCF:0003756	AC:003309	Q9Y3C6	Q8WUA2	Q9NW64	SP:0003309	SP:0015234	gt24	CF-C-provisional	remote_sequence
SCF:0003757	AC:003309	Q9Y3C6	Q8WUA2	Q13573	SP:0003309	SP:0015235	gt24	CF-C-provisional	remote_sequence
SCF:0003758	AC:003309	Q9Y3C6	Q8WUA2	Q9BZJ0	SP:0003309	SP:0015236	gt24	CF-C-provisional	remote_sequence
SCF:0003759	AC:003310	A0A6P3E9B7	O78755	O78747	SP:0003310	SP:0015237	gt24	CF-C-provisional	remote_sequence
SCF:0003760	AC:003311	A0A3Q8I959	A0A3Q8IJC5	A0A3S5H7L0	SP:0003311	SP:0015242	gt24	CF-C-provisional	remote_sequence
SCF:0003761	AC:003311	A0A3Q8IJC5	A0A3Q8I959	A0A504XJE6	SP:0003311	SP:0014244	gt24	CF-C-provisional	medium
SCF:0003762	AC:003311	A0A3Q8IJC5	A0A3Q8I959	E9B8R9	SP:0003311	SP:0015245	gt24	CF-C-provisional	remote_sequence
SCF:0003763	AC:003312	P62304	Q9NXE8	Q9NW64	SP:0003312	SP:0015247	gt24	CF-C-provisional	remote_sequence
SCF:0003764	AC:003313	G1DJ96	G0S0S8	G0S2B3	SP:0003313	SP:0015256	gt24	CF-C-provisional	remote_sequence
SCF:0003765	AC:003314	Q5FVI6	D4A133	Q5ZWW6	SP:0003314	SP:0015261	gt24	CF-C-provisional	remote_sequence
SCF:0003766	AC:003315	P30050	P56537	Q9UKD2	SP:0003315	SP:0015264	gt24	CF-C-provisional	remote_sequence
SCF:0003767	AC:003315	P30050	P56537	P05388	SP:0003315	SP:0015265	gt24	CF-C-provisional	remote_sequence
SCF:0003768	AC:003315	P56537	P30050	P42766	SP:0003315	SP:0015267	gt24	CF-C-provisional	remote_sequence
SCF:0003769	AC:003315	P56537	P30050	P62829	SP:0003315	SP:0015268	gt24	CF-C-provisional	remote_sequence
SCF:0003770	AC:003317	A0A2D0TCJ0	P13555	P62096	SP:0003317	SP:0015275	gt24	CF-C-provisional	medium
SCF:0003771	AC:003317	A0A2D0TCJ0	P13555	A0A2D0TCJ2	SP:0003317	SP:0015276	gt24	CF-C-provisional	remote_sequence
SCF:0003772	AC:003317	P13555	A0A2D0TCJ0	P27490	SP:0003317	SP:0015278	gt24	CF-C-provisional	medium
SCF:0003773	AC:003317	P13555	A0A2D0TCJ0	A0A2D0TCJ1	SP:0003317	SP:0015279	gt24	CF-C-provisional	medium
SCF:0003774	AC:003318	D7URR3	A0A6G4QK55	W8TUE6	SP:0003318	SP:0015284	gt24	CF-C-provisional	remote_sequence
SCF:0003775	AC:003320	G1U2Z9	G1TK17	B7NZS8	SP:0003320	SP:0013945	gt24	CF-C-provisional	remote_sequence
SCF:0003776	AC:003321	P36578	Q9UM00	Q6DKI1	SP:0003321	SP:0015292	gt24	CF-C-provisional	medium
SCF:0003777	AC:003322	Q6C9Z1	F2Z6D7	F2Z6C0	SP:0003322	SP:0015301	gt24	CF-C-provisional	remote_sequence
SCF:0003778	AC:003323	Q72I09	Q72L76	Q72I33	SP:0003323	SP:0015304	gt24	CF-C-provisional	remote_sequence
SCF:0003779	AC:003323	Q72L76	Q72I09	Q72GV5	SP:0003323	SP:0015307	gt24	CF-C-provisional	remote_sequence
SCF:0003780	AC:003323	Q72L76	Q72I09	Q72I14	SP:0003323	SP:0015308	gt24	CF-C-provisional	remote_sequence
SCF:0003781	AC:003324	B7NZS8	G1TGI6	G1TLT8	SP:0003324	SP:0015310	gt24	CF-C-provisional	high
SCF:0003782	AC:003325	O80800	Q9FLX7	Q9SRR8	SP:0003325	SP:0015315	gt24	CF-C-provisional	remote_sequence
SCF:0003783	AC:003325	O80800	Q9FLX7	A0A384LA38	SP:0003325	SP:0015316	gt24	CF-C-provisional	remote_sequence
SCF:0003784	AC:003325	Q9FLX7	O80800	P53665	SP:0003325	SP:0015318	gt24	CF-C-provisional	high
SCF:0003785	AC:003326	P05737	P23301	Q3E757	SP:0003326	SP:0015321	gt24	CF-C-provisional	remote_sequence
SCF:0003786	AC:003326	P23301	P05737	P0CX43	SP:0003326	SP:0015324	gt24	CF-C-provisional	remote_sequence
SCF:0003787	AC:003329	P0A705	P60438	P0AG55	SP:0003329	SP:0015339	gt24	CF-C-provisional	remote_sequence
SCF:0003788	AC:003329	P60438	P0A705	P0AG67	SP:0003329	SP:0015340	gt24	CF-C-provisional	remote_sequence
SCF:0003789	AC:003330	O78754	A0A6P3EKX5	A0A6P3DZ89	SP:0003330	SP:0015345	gt24	CF-C-provisional	remote_sequence
SCF:0003790	AC:003334	P75238	P78026	P78023	SP:0003334	SP:0015361	gt24	CF-C-provisional	remote_sequence
SCF:0003791	AC:003335	A0A3Q7HQH0	A0A3Q7H1I0	A0A3Q7INK3	SP:0003335	SP:0013884	gt24	CF-C-provisional	remote_sequence
SCF:0003792	AC:003339	P0A7S3	P0AG48	P0A7S9	SP:0003339	SP:0015387	gt24	CF-C-provisional	remote_sequence
SCF:0003793	AC:003339	P0A7S3	P0AG48	P0A7W7	SP:0003339	SP:0015388	gt24	CF-C-provisional	remote_sequence
SCF:0003794	AC:003339	P0A7S3	P0AG48	C3SR12	SP:0003339	SP:0015389	gt24	CF-C-provisional	remote_sequence
SCF:0003795	AC:003339	P0AG48	P0A7S3	P0A7M2	SP:0003339	SP:0015390	gt24	CF-C-provisional	remote_sequence
SCF:0003796	AC:003339	P0AG48	P0A7S3	P0ADY7	SP:0003339	SP:0015391	gt24	CF-C-provisional	remote_sequence
SCF:0003797	AC:003339	P0AG48	P0A7S3	P0C018	SP:0003339	SP:0015392	gt24	CF-C-provisional	remote_sequence
SCF:0003798	AC:003340	A0A3B6C6X2	A0A3B6QBU0	A0A3B6NJZ9	SP:0003340	SP:0015393	gt24	CF-C-provisional	high
SCF:0003799	AC:003340	A0A3B6C6X2	A0A3B6QBU0	W5ECL2	SP:0003340	SP:0015394	gt24	CF-C-provisional	remote_sequence
SCF:0003800	AC:003340	A0A3B6QBU0	A0A3B6C6X2	A0A1D5S805	SP:0003340	SP:0015396	gt24	CF-C-provisional	remote_sequence
SCF:0003801	AC:003342	A8JCA8	A0A2K3DYR4	A0A2K3DFH0	SP:0003342	SP:0015407	gt24	CF-C-provisional	medium
SCF:0003802	AC:003343	P20436	P32585	P46669	SP:0003343	SP:0006727	gt24	CF-C-provisional	remote_sequence
SCF:0003803	AC:003343	P32585	P20436	P27999	SP:0003343	SP:0015410	gt24	CF-C-provisional	remote_sequence
SCF:0003804	AC:003344	P80374	Q5SJE1	Q5SJ76	SP:0003344	SP:0015413	gt24	CF-C-provisional	remote_sequence
SCF:0003805	AC:003344	Q5SJE1	P80374	Q5SHP3	SP:0003344	SP:0015085	gt24	CF-C-provisional	medium
SCF:0003806	AC:003346	P46779	Q15050	P36578	SP:0003346	SP:0015424	gt24	CF-C-provisional	remote_sequence
SCF:0003807	AC:003347	Q9CQA5	Q9CXU0	Q8VCS6	SP:0003347	SP:0015000	gt24	CF-C-provisional	remote_sequence
SCF:0003808	AC:003347	Q9CQA5	Q9CXU0	Q9CQ39	SP:0003347	SP:0015430	gt24	CF-C-provisional	remote_sequence
SCF:0003809	AC:003347	Q9CXU0	Q9CQA5	Q9D7W5	SP:0003347	SP:0015432	gt24	CF-C-provisional	remote_sequence
SCF:0003810	AC:003348	P18124	Q6RFH5	P08865	SP:0003348	SP:0015435	gt24	CF-C-provisional	remote_sequence
SCF:0003811	AC:003348	P18124	Q6RFH5	P36578	SP:0003348	SP:0015436	gt24	CF-C-provisional	remote_sequence
SCF:0003812	AC:003349	P47813	P62851	P62854	SP:0003349	SP:0015439	gt24	CF-C-provisional	medium
SCF:0003813	AC:003349	P47813	P62851	G1TFE8	SP:0003349	SP:0015440	gt24	CF-C-provisional	medium
SCF:0003814	AC:003349	P62851	P47813	P62249	SP:0003349	SP:0015442	gt24	CF-C-provisional	remote_sequence
SCF:0003815	AC:003349	P62851	P47813	P62277	SP:0003349	SP:0015443	gt24	CF-C-provisional	remote_sequence
SCF:0003816	AC:003349	P62851	P47813	P62263	SP:0003349	SP:0015444	gt24	CF-C-provisional	remote_sequence
SCF:0003817	AC:003351	P0CX29	P32497	P32769	SP:0003351	SP:0015451	gt24	CF-C-provisional	remote_sequence
SCF:0003818	AC:003351	P0CX29	P32497	Q12136	SP:0003351	SP:0015452	gt24	CF-C-provisional	remote_sequence
SCF:0003819	AC:003351	P0CX29	P32497	Q08965	SP:0003351	SP:0015453	gt24	CF-C-provisional	remote_sequence
SCF:0003820	AC:003352	A4HVX3	A4IDD6	A4IBS2	SP:0003352	SP:0015457	gt24	CF-C-provisional	medium
SCF:0003821	AC:003352	A4HVX3	A4IDD6	A4HN55	SP:0003352	SP:0015458	gt24	CF-C-provisional	remote_sequence
SCF:0003822	AC:003352	A4HVX3	A4IDD6	Q9GNZ8	SP:0003352	SP:0015459	gt24	CF-C-provisional	remote_sequence
SCF:0003823	AC:003352	A4IDD6	A4HVX3	A4HZI9	SP:0003352	SP:0015460	gt24	CF-C-provisional	medium
SCF:0003824	AC:003352	A4IDD6	A4HVX3	A4HUT6	SP:0003352	SP:0015461	gt24	CF-C-provisional	medium
SCF:0003825	AC:003352	A4IDD6	A4HVX3	A4ICV5	SP:0003352	SP:0015462	gt24	CF-C-provisional	remote_sequence
SCF:0003826	AC:003355	A0A0U1RS44	F1SGC6	O79882	SP:0003355	SP:0015474	gt24	CF-C-provisional	medium
SCF:0003827	AC:003355	F1SGC6	A0A0U1RS44	O79875	SP:0003355	SP:0015477	gt24	CF-C-provisional	medium
SCF:0003828	AC:003356	Q9H2W6	Q9P015	Q13084	SP:0003356	SP:0015480	gt24	CF-C-provisional	remote_sequence
SCF:0003829	AC:003356	Q9H2W6	Q9P015	Q9BYD3	SP:0003356	SP:0015481	gt24	CF-C-provisional	remote_sequence
SCF:0003830	AC:003356	Q9P015	Q9H2W6	Q9BYD2	SP:0003356	SP:0015483	gt24	CF-C-provisional	medium
SCF:0003831	AC:003356	Q9P015	Q9H2W6	P49406	SP:0003356	SP:0015484	gt24	CF-C-provisional	medium
SCF:0003832	AC:003356	Q9P015	Q9H2W6	Q9BYD3	SP:0003356	SP:0015485	gt24	CF-C-provisional	remote_sequence
SCF:0003833	AC:003358	Q9VTB4	Q9VTU2	Q9VF27	SP:0003358	SP:0015492	gt24	CF-C-provisional	remote_sequence
SCF:0003834	AC:003358	Q9VTU2	Q9VTB4	Q9W380	SP:0003358	SP:0015495	gt24	CF-C-provisional	remote_sequence
SCF:0003835	AC:003358	Q9VTU2	Q9VTB4	Q9VJZ4	SP:0003358	SP:0015496	gt24	CF-C-provisional	remote_sequence
SCF:0003836	AC:003360	P39964	Q9UTK6	O14011	SP:0003360	SP:0015504	gt24	CF-C-provisional	remote_sequence
SCF:0003837	AC:003360	P39964	Q9UTK6	Q9HE06	SP:0003360	SP:0015505	gt24	CF-C-provisional	remote_sequence
SCF:0003838	AC:003360	P39964	Q9UTK6	O43071	SP:0003360	SP:0015506	gt24	CF-C-provisional	remote_sequence
SCF:0003839	AC:003361	G0S9B5	G0SGY1	G0SHJ6	SP:0003361	SP:0014860	gt24	CF-C-provisional	remote_sequence
SCF:0003840	AC:003361	G0SGY1	G0S9B5	G0SHJ6	SP:0003361	SP:0015511	gt24	CF-C-provisional	remote_sequence
SCF:0003841	AC:003363	O74904	Q9P784	P35679	SP:0003363	SP:0015518	gt24	CF-C-provisional	high
SCF:0003842	AC:003363	Q9P784	O74904	Q10232	SP:0003363	SP:0015521	gt24	CF-C-provisional	remote_sequence
SCF:0003843	AC:003363	Q9P784	O74904	P0CT68	SP:0003363	SP:0015522	gt24	CF-C-provisional	remote_sequence
SCF:0003844	AC:003365	A2RNQ6	A2RI10	A2RNP9	SP:0003365	SP:0015531	gt24	CF-C-provisional	remote_sequence
SCF:0003845	AC:003367	Q05498	Q04217	Q04500	SP:0003367	SP:0015540	gt24	CF-C-provisional	remote_sequence
SCF:0003846	AC:003371	P32585	P25046	P38304	SP:0003371	SP:0015559	gt24	CF-C-provisional	remote_sequence
SCF:0003847	AC:003373	S8GKJ3	A0A125YGX6	S8GBT4	SP:0003373	SP:0015568	gt24	CF-C-provisional	remote_sequence
SCF:0003848	AC:003373	S8GKJ3	A0A125YGX6	S8EVV8	SP:0003373	SP:0015569	gt24	CF-C-provisional	remote_sequence
SCF:0003849	AC:003373	S8GKJ3	A0A125YGX6	S8G5S9	SP:0003373	SP:0015570	gt24	CF-C-provisional	remote_sequence
SCF:0003850	AC:003374	G0S1R0	G0S0Z3	G0SH61	SP:0003374	SP:0014902	gt24	CF-C-provisional	medium
SCF:0003851	AC:003374	G0S1R0	G0S0Z3	G0SCL3	SP:0003374	SP:0015574	gt24	CF-C-provisional	remote_sequence
SCF:0003852	AC:003374	G0S1R0	G0S0Z3	G0SCE2	SP:0003374	SP:0015575	gt24	CF-C-provisional	remote_sequence
SCF:0003853	AC:003377	Q236T0	P0DJ58	P0DJ56	SP:0003377	SP:0014039	gt24	CF-C-provisional	remote_sequence
SCF:0003854	AC:003377	Q236T0	P0DJ58	Q00454	SP:0003377	SP:0015584	gt24	CF-C-provisional	remote_sequence
SCF:0003855	AC:003378	Q9ERS2	Q9CXZ1	Q9CPP6	SP:0003378	SP:0015588	gt24	CF-C-provisional	remote_sequence
SCF:0003856	AC:003379	D0CCR8	D0CAL1	D0CA77	SP:0003379	SP:0015593	gt24	CF-C-provisional	remote_sequence
SCF:0003857	AC:003380	P18932	P18930	P18934	SP:0003380	SP:0015598	gt24	CF-C-provisional	remote_sequence
SCF:0003858	AC:003381	P56537	Q96EY4	Q07020	SP:0003381	SP:0015600	gt24	CF-C-provisional	remote_sequence
SCF:0003859	AC:003381	P56537	Q96EY4	Q9UHA3	SP:0003381	SP:0015601	gt24	CF-C-provisional	remote_sequence
SCF:0003860	AC:003381	P56537	Q96EY4	P62424	SP:0003381	SP:0015602	gt24	CF-C-provisional	remote_sequence
SCF:0003861	AC:003381	Q96EY4	P56537	Q9UKD2	SP:0003381	SP:0015603	gt24	CF-C-provisional	remote_sequence
SCF:0003862	AC:003382	Q12522	P25808	Q03532	SP:0003382	SP:0014710	gt24	CF-C-provisional	medium
SCF:0003863	AC:003382	Q12522	P25808	P38789	SP:0003382	SP:0015608	gt24	CF-C-provisional	medium
SCF:0003864	AC:003382	Q12522	P25808	P38861	SP:0003382	SP:0015609	gt24	CF-C-provisional	medium
SCF:0003865	AC:003383	A0QVB8	A0QSD5	A0QSL5	SP:0003383	SP:0015612	gt24	CF-C-provisional	remote_sequence
SCF:0003866	AC:003384	P05733	P05734	Q9Y7Z1	SP:0003384	SP:0015614	gt24	CF-C-provisional	remote_sequence
SCF:0003867	AC:003384	P05734	P05733	O94658	SP:0003384	SP:0015616	gt24	CF-C-provisional	remote_sequence
SCF:0003868	AC:003385	P04456	P38861	Q02892	SP:0003385	SP:0015619	gt24	CF-C-provisional	remote_sequence
SCF:0003869	AC:003385	P04456	P38861	Q06709	SP:0003385	SP:0015620	gt24	CF-C-provisional	remote_sequence
SCF:0003870	AC:003385	P04456	P38861	Q12080	SP:0003385	SP:0015621	gt24	CF-C-provisional	remote_sequence
SCF:0003871	AC:003385	P38861	P04456	P36105	SP:0003385	SP:0015623	gt24	CF-C-provisional	remote_sequence
SCF:0003872	AC:003387	R1BTM8	R1DMQ2	R1DCN2	SP:0003387	SP:0015629	gt24	CF-C-provisional	high
SCF:0003873	AC:003387	R1BTM8	R1DMQ2	A0A7S3X591	SP:0003387	SP:0015630	gt24	CF-C-provisional	high
SCF:0003874	AC:003387	R1BTM8	R1DMQ2	R1FP66	SP:0003387	SP:0015631	gt24	CF-C-provisional	medium
SCF:0003875	AC:003387	R1DMQ2	R1BTM8	R1CV07	SP:0003387	SP:0015632	gt24	CF-C-provisional	medium
SCF:0003876	AC:003387	R1DMQ2	R1BTM8	R1EIA6	SP:0003387	SP:0015633	gt24	CF-C-provisional	medium
SCF:0003877	AC:003387	R1DMQ2	R1BTM8	A0A7S3WZA0	SP:0003387	SP:0015634	gt24	CF-C-provisional	medium
SCF:0003878	AC:003388	O51142	P49394	P94266	SP:0003388	SP:0015635	gt24	CF-C-provisional	remote_sequence
SCF:0003879	AC:003389	Q06213	P34162	Q08278	SP:0003389	SP:0015641	gt24	CF-C-provisional	remote_sequence
SCF:0003880	AC:003390	P43583	P25451	P40302	SP:0003390	SP:0015646	gt24	CF-C-provisional	medium
SCF:0003881	AC:003390	P43583	P25451	P40303	SP:0003390	SP:0015647	gt24	CF-C-provisional	remote_sequence
SCF:0003882	AC:003390	P43583	P25451	P23639	SP:0003390	SP:0015648	gt24	CF-C-provisional	remote_sequence
SCF:0003883	AC:003391	Q8WWY3	Q9Y333	P62312	SP:0003391	SP:0015649	gt24	CF-C-provisional	medium
SCF:0003884	AC:003391	Q8WWY3	Q9Y333	P62306	SP:0003391	SP:0015650	gt24	CF-C-provisional	medium
SCF:0003885	AC:003391	Q8WWY3	Q9Y333	P62314	SP:0003391	SP:0015651	gt24	CF-C-provisional	medium
SCF:0003886	AC:003392	A0A286ZU56	F1RHJ1	A0A4X1TXR4	SP:0003392	SP:0015655	gt24	CF-C-provisional	remote_sequence
SCF:0003887	AC:003392	A0A286ZU56	F1RHJ1	F1RY70	SP:0003392	SP:0015656	gt24	CF-C-provisional	remote_sequence
SCF:0003888	AC:003392	F1RHJ1	A0A286ZU56	A0A0R4J8D5	SP:0003392	SP:0010548	gt24	CF-C-provisional	remote_sequence
SCF:0003889	AC:003392	F1RHJ1	A0A286ZU56	A0A480JTD7	SP:0003392	SP:0015658	gt24	CF-C-provisional	remote_sequence
SCF:0003890	AC:003393	O14818	P0CG47	P25787	SP:0003393	SP:0015660	gt24	CF-C-provisional	remote_sequence
SCF:0003891	AC:003393	O14818	P0CG47	P51665	SP:0003393	SP:0007694	gt24	CF-C-provisional	remote_sequence
SCF:0003892	AC:003393	O14818	P0CG47	P28066	SP:0003393	SP:0015661	gt24	CF-C-provisional	remote_sequence
SCF:0003893	AC:003393	P0CG47	O14818	P61964	SP:0003393	SP:0015662	gt24	CF-C-provisional	remote_sequence
SCF:0003894	AC:003395	Q17348	O16376	P91175	SP:0003395	SP:0015672	gt24	CF-C-provisional	medium
SCF:0003895	AC:003395	Q17348	O16376	Q23463	SP:0003395	SP:0015673	gt24	CF-C-provisional	remote_sequence
SCF:0003896	AC:003396	I7MDA9	Q22KK0	Q23S05	SP:0003396	SP:0011376	gt24	CF-C-provisional	medium
SCF:0003897	AC:003396	I7MDA9	Q22KK0	Q24DJ0	SP:0003396	SP:0007380	gt24	CF-C-provisional	remote_sequence
SCF:0003898	AC:003396	I7MDA9	Q22KK0	Q24CL2	SP:0003396	SP:0009315	gt24	CF-C-provisional	remote_sequence
SCF:0003899	AC:003400	P53941	Q08096	P40546	SP:0003400	SP:0015694	gt24	CF-C-provisional	remote_sequence
SCF:0003900	AC:003400	Q08096	P53941	P40546	SP:0003400	SP:0015697	gt24	CF-C-provisional	remote_sequence
SCF:0003901	AC:003401	A0A836CQA7	A0A6P7DQB1	A0A8N7XJ91	SP:0003401	SP:0015100	gt24	CF-C-provisional	remote_sequence
SCF:0003902	AC:003402	A0A1C8XRM6	D0FXX5	D0FY04	SP:0003402	SP:0015703	gt24	CF-C-provisional	remote_sequence
SCF:0003903	AC:003402	D0FXX5	A0A1C8XRM6	D0FXY3	SP:0003402	SP:0015705	gt24	CF-C-provisional	medium
SCF:0003904	AC:003403	P62829	Q9BZE4	Q9Y3T9	SP:0003403	SP:0015708	gt24	CF-C-provisional	remote_sequence
SCF:0003905	AC:003403	P62829	Q9BZE4	Q13823	SP:0003403	SP:0015709	gt24	CF-C-provisional	remote_sequence
SCF:0003906	AC:003403	Q9BZE4	P62829	P35268	SP:0003403	SP:0015711	gt24	CF-C-provisional	medium
SCF:0003907	AC:003403	Q9BZE4	P62829	P30050	SP:0003403	SP:0015712	gt24	CF-C-provisional	remote_sequence
SCF:0003908	AC:003403	Q9BZE4	P62829	P61254	SP:0003403	SP:0014385	gt24	CF-C-provisional	remote_sequence
SCF:0003909	AC:003406	P29055	P25046	P32774	SP:0003406	SP:0015727	gt24	CF-C-provisional	remote_sequence
SCF:0003910	AC:003407	P23724	P33298	P40327	SP:0003407	SP:0015729	gt24	CF-C-provisional	medium
SCF:0003911	AC:003407	P23724	P33298	P33299	SP:0003407	SP:0015730	gt24	CF-C-provisional	medium
SCF:0003912	AC:003407	P23724	P33298	Q01939	SP:0003407	SP:0015731	gt24	CF-C-provisional	medium
SCF:0003913	AC:003407	P33298	P23724	P22141	SP:0003407	SP:0015732	gt24	CF-C-provisional	remote_sequence
SCF:0003914	AC:003407	P33298	P23724	P40303	SP:0003407	SP:0015734	gt24	CF-C-provisional	remote_sequence
SCF:0003915	AC:003408	O51646	O51354	O51438	SP:0003408	SP:0015164	gt24	CF-C-provisional	remote_sequence
SCF:0003916	AC:003408	O51646	O51354	O51642	SP:0003408	SP:0015165	gt24	CF-C-provisional	remote_sequence
SCF:0003917	AC:003409	P32799	P08525	P37299	SP:0003409	SP:0015739	gt24	CF-C-provisional	remote_sequence
SCF:0003918	AC:003410	Q4DRG2	Q4DYR0	Q4DA51	SP:0003410	SP:0015741	gt24	CF-C-provisional	remote_sequence
SCF:0003919	AC:003412	P03910	Q7JAS9	P03898	SP:0003412	SP:0015750	gt24	CF-C-provisional	high
SCF:0003920	AC:003412	P03910	Q7JAS9	P03902	SP:0003412	SP:0015751	gt24	CF-C-provisional	medium
SCF:0003921	AC:003412	P03910	Q7JAS9	P03924	SP:0003412	SP:0015752	gt24	CF-C-provisional	remote_sequence
SCF:0003922	AC:003412	Q7JAS9	P03910	P03892	SP:0003412	SP:0015753	gt24	CF-C-provisional	medium
SCF:0003923	AC:003412	Q7JAS9	P03910	P03887	SP:0003412	SP:0015754	gt24	CF-C-provisional	remote_sequence
SCF:0003924	AC:003413	A0T0U9	A0T0T1	A0T0W2	SP:0003413	SP:0015759	gt24	CF-C-provisional	remote_sequence
SCF:0003925	AC:003414	A9RT62	A0A7I4AUU1	A0A2K1JDE1	SP:0003414	SP:0011679	gt24	CF-C-provisional	high
SCF:0003926	AC:003414	A9RT62	A0A7I4AUU1	A0A2K1KU02	SP:0003414	SP:0015764	gt24	CF-C-provisional	medium
SCF:0003927	AC:003416	P75454	P75178	Q50307	SP:0003416	SP:0015772	gt24	CF-C-provisional	remote_sequence
SCF:0003928	AC:003418	A0A5G2QZK0	A0A286ZJR2	I3LR45	SP:0003418	SP:0015782	gt24	CF-C-provisional	remote_sequence
SCF:0003929	AC:003421	O79880	A0A8D1EYI7	A0A8D1WW27	SP:0003421	SP:0015798	gt24	CF-C-provisional	remote_sequence
SCF:0003930	AC:003421	O79880	A0A8D1EYI7	F1SJP6	SP:0003421	SP:0015799	gt24	CF-C-provisional	remote_sequence
SCF:0003931	AC:003421	O79880	A0A8D1EYI7	A0A8D0Z0K9	SP:0003421	SP:0015800	gt24	CF-C-provisional	remote_sequence
SCF:0003932	AC:003423	P75581	P78023	P75541	SP:0003423	SP:0014576	gt24	CF-C-provisional	remote_sequence
SCF:0003933	AC:003423	P75581	P78023	P75543	SP:0003423	SP:0014577	gt24	CF-C-provisional	remote_sequence
SCF:0003934	AC:003424	P0A8T7	P02359	P0A7W1	SP:0003424	SP:0007206	gt24	CF-C-provisional	remote_sequence
SCF:0003935	AC:003425	A0A2R6X3Q4	P31590	P12191	SP:0003425	SP:0015814	gt24	CF-C-provisional	remote_sequence
SCF:0003936	AC:003427	O51721	O51443	O51446	SP:0003427	SP:0015827	gt24	CF-C-provisional	remote_sequence
SCF:0003937	AC:003427	O51721	O51443	O51447	SP:0003427	SP:0015828	gt24	CF-C-provisional	remote_sequence
SCF:0003938	AC:003428	A8BN26	A8BNT5	A8BS79	SP:0003428	SP:0015830	gt24	CF-C-provisional	remote_sequence
SCF:0003939	AC:003429	Q4DIY1	Q4D583	Q4DRG2	SP:0003429	SP:0015834	gt24	CF-C-provisional	remote_sequence
SCF:0003940	AC:003431	Q6C8J9	Q6CD73	Q6C9Z1	SP:0003431	SP:0015843	gt24	CF-C-provisional	remote_sequence
SCF:0003941	AC:003434	G1TTN1	G1SHG0	G1TXF6	SP:0003434	SP:0015862	gt24	CF-C-provisional	remote_sequence
SCF:0003942	AC:003435	Q02377	Q02380	O78757	SP:0003435	SP:0015864	gt24	CF-C-provisional	remote_sequence
SCF:0003943	AC:003435	Q02377	Q02380	P03924	SP:0003435	SP:0015865	gt24	CF-C-provisional	remote_sequence
SCF:0003944	AC:003437	P25582	Q12024	P10664	SP:0003437	SP:0015875	gt24	CF-C-provisional	remote_sequence
SCF:0003945	AC:003437	P25582	Q12024	Q12080	SP:0003437	SP:0015876	gt24	CF-C-provisional	remote_sequence
SCF:0003946	AC:003438	P0CX29	Q06287	P33442	SP:0003438	SP:0015880	gt24	CF-C-provisional	remote_sequence
SCF:0003947	AC:003438	P0CX29	Q06287	P32905	SP:0003438	SP:0015881	gt24	CF-C-provisional	remote_sequence
SCF:0003948	AC:003438	P0CX29	Q06287	P05750	SP:0003438	SP:0015882	gt24	CF-C-provisional	remote_sequence
SCF:0003949	AC:003439	O94658	P79015	P78946	SP:0003439	SP:0015886	gt24	CF-C-provisional	medium
SCF:0003950	AC:003439	P79015	O94658	P78946	SP:0003439	SP:0015889	gt24	CF-C-provisional	remote_sequence
SCF:0003951	AC:003439	P79015	O94658	Q9USX4	SP:0003439	SP:0015890	gt24	CF-C-provisional	remote_sequence
SCF:0003952	AC:003440	P05745	P40991	Q03532	SP:0003440	SP:0015892	gt24	CF-C-provisional	remote_sequence
SCF:0003953	AC:003440	P05745	P40991	Q04660	SP:0003440	SP:0015893	gt24	CF-C-provisional	remote_sequence
SCF:0003954	AC:003440	P05745	P40991	P53136	SP:0003440	SP:0015894	gt24	CF-C-provisional	remote_sequence
SCF:0003955	AC:003441	P18933	Q6IDF5	Q9W125	SP:0003441	SP:0015898	gt24	CF-C-provisional	remote_sequence
SCF:0003956	AC:003441	P18933	Q6IDF5	B3DML8	SP:0003441	SP:0015899	gt24	CF-C-provisional	remote_sequence
SCF:0003957	AC:003442	O00217	Q9NX14	O14561	SP:0003442	SP:0015902	gt24	CF-C-provisional	medium
SCF:0003958	AC:003442	O00217	Q9NX14	P00426	SP:0003442	SP:0015903	gt24	CF-C-provisional	remote_sequence
SCF:0003959	AC:003442	O00217	Q9NX14	P00423	SP:0003442	SP:0015904	gt24	CF-C-provisional	remote_sequence
SCF:0003960	AC:003443	P12191	I7JWJ2	I7JD56	SP:0003443	SP:0015910	gt24	CF-C-provisional	medium
SCF:0003961	AC:003443	P12191	I7JWJ2	A0A2R6W6G7	SP:0003443	SP:0015912	gt24	CF-C-provisional	medium
SCF:0003962	AC:003444	O97725	P03898	P03924	SP:0003444	SP:0015913	gt24	CF-C-provisional	remote_sequence
SCF:0003963	AC:003445	Q03195	P07280	P0CX31	SP:0003445	SP:0015922	gt24	CF-C-provisional	medium
SCF:0003964	AC:003445	Q03195	P07280	P0CX53	SP:0003445	SP:0015923	gt24	CF-C-provisional	remote_sequence
SCF:0003965	AC:003445	Q03195	P07280	P05738	SP:0003445	SP:0015924	gt24	CF-C-provisional	remote_sequence
SCF:0003966	AC:003446	G0S4Z9	G0S5L0	G0S215	SP:0003446	SP:0014191	gt24	CF-C-provisional	medium
SCF:0003967	AC:003448	P62829	Q9UNZ5	Q9Y3U8	SP:0003448	SP:0015930	gt24	CF-C-provisional	medium
SCF:0003968	AC:003448	P62829	Q9UNZ5	P83881	SP:0003448	SP:0015931	gt24	CF-C-provisional	remote_sequence
SCF:0003969	AC:003448	P62829	Q9UNZ5	P47914	SP:0003448	SP:0015932	gt24	CF-C-provisional	remote_sequence
SCF:0003970	AC:003450	P12736	P29198	P10970	SP:0003450	SP:0015942	gt24	CF-C-provisional	medium
SCF:0003971	AC:003450	P12736	P29198	P60617	SP:0003450	SP:0015943	gt24	CF-C-provisional	remote_sequence
SCF:0003972	AC:003450	P29198	P12736	P20279	SP:0003450	SP:0015945	gt24	CF-C-provisional	remote_sequence
SCF:0003973	AC:003450	P29198	P12736	P14135	SP:0003450	SP:0015946	gt24	CF-C-provisional	remote_sequence
SCF:0003974	AC:003451	A1BA37	A1B4F3	A1B3D7	SP:0003451	SP:0008875	gt24	CF-C-provisional	remote_sequence
SCF:0003975	AC:003454	P36056	P32902	P53292	SP:0003454	SP:0015964	gt24	CF-C-provisional	remote_sequence
SCF:0003976	AC:003455	G0SI44	G0SH61	G0S1P9	SP:0003455	SP:0013974	gt24	CF-C-provisional	remote_sequence
SCF:0003977	AC:003456	Q9CQ06	Q5RL20	Q9CQF8	SP:0003456	SP:0015971	gt24	CF-C-provisional	remote_sequence
SCF:0003978	AC:003456	Q9CQ06	Q5RL20	Q9CQL5	SP:0003456	SP:0015972	gt24	CF-C-provisional	remote_sequence
SCF:0003979	AC:003456	Q9CQ06	Q5RL20	Q9D0Y8	SP:0003456	SP:0015973	gt24	CF-C-provisional	remote_sequence
SCF:0003980	AC:003460	A0T0P5	A0T0T9	A0T0T2	SP:0003460	SP:0015984	gt24	CF-C-provisional	remote_sequence
SCF:0003981	AC:003460	A0T0T9	A0T0P5	A0A8F5GHI6	SP:0003460	SP:0015987	gt24	CF-C-provisional	medium
SCF:0003982	AC:003463	Q83FC0	Q83AX9	Q83ER2	SP:0003463	SP:0016002	gt24	CF-C-provisional	remote_sequence
SCF:0003983	AC:003466	P0AAT6	P60438	P60422	SP:0003466	SP:0016009	gt24	CF-C-provisional	remote_sequence
SCF:0003984	AC:003466	P60438	P0AAT6	P0A7W7	SP:0003466	SP:0016012	gt24	CF-C-provisional	medium
SCF:0003985	AC:003466	P60438	P0AAT6	P0A7T7	SP:0003466	SP:0016014	gt24	CF-C-provisional	remote_sequence
SCF:0003986	AC:003467	P53145	Q02753	P0CX23	SP:0003467	SP:0016015	gt24	CF-C-provisional	medium
SCF:0003987	AC:003467	P53145	Q02753	P05744	SP:0003467	SP:0016017	gt24	CF-C-provisional	remote_sequence
SCF:0003988	AC:003467	Q02753	P53145	P53742	SP:0003467	SP:0016018	gt24	CF-C-provisional	medium
SCF:0003989	AC:003467	Q02753	P53145	P53261	SP:0003467	SP:0016019	gt24	CF-C-provisional	medium
SCF:0003990	AC:003467	Q02753	P53145	P40010	SP:0003467	SP:0016020	gt24	CF-C-provisional	medium
SCF:0003991	AC:003469	P0A446	Q8DHJ2	Q8DHA7	SP:0003469	SP:0016026	gt24	CF-C-provisional	remote_sequence
SCF:0003992	AC:003469	Q8DHJ2	P0A446	P0A444	SP:0003469	SP:0009217	gt24	CF-C-provisional	high
SCF:0003993	AC:003469	Q8DHJ2	P0A446	Q8CM25	SP:0003469	SP:0008403	gt24	CF-C-provisional	medium
SCF:0003994	AC:003469	Q8DHJ2	P0A446	Q8DIF8	SP:0003469	SP:0008412	gt24	CF-C-provisional	remote_sequence
SCF:0003995	AC:003470	A8BH61	A8BMD9	A8B4F8	SP:0003470	SP:0016029	gt24	CF-C-provisional	remote_sequence
SCF:0003996	AC:003471	Q16560	Q9NX01	Q9BV90	SP:0003471	SP:0015990	gt24	CF-C-provisional	remote_sequence
SCF:0003997	AC:003472	Q03862	P26785	P05738	SP:0003472	SP:0016040	gt24	CF-C-provisional	medium
SCF:0003998	AC:003472	Q03862	P26785	P0CX82	SP:0003472	SP:0016041	gt24	CF-C-provisional	remote_sequence
SCF:0003999	AC:003472	Q03862	P26785	P05740	SP:0003472	SP:0016042	gt24	CF-C-provisional	remote_sequence
SCF:0004000	AC:003474	Q2G0N1	Q2FW20	Q2G113	SP:0003474	SP:0011313	gt24	CF-C-provisional	medium
SCF:0004001	AC:003474	Q2G0N1	Q2FW20	Q2FW11	SP:0003474	SP:0016049	gt24	CF-C-provisional	medium
SCF:0004002	AC:003474	Q2G0N1	Q2FW20	P0A0H0	SP:0003474	SP:0016050	gt24	CF-C-provisional	medium
SCF:0004003	AC:003475	G0S1R0	G0SHJ6	G0SH61	SP:0003475	SP:0014902	gt24	CF-C-provisional	remote_sequence
SCF:0004004	AC:003475	G0S1R0	G0SHJ6	G0SCL3	SP:0003475	SP:0015574	gt24	CF-C-provisional	remote_sequence
SCF:0004005	AC:003475	G0SHJ6	G0S1R0	G0S9B5	SP:0003475	SP:0014860	gt24	CF-C-provisional	remote_sequence
SCF:0004006	AC:003475	G0SHJ6	G0S1R0	G0S0D6	SP:0003475	SP:0016052	gt24	CF-C-provisional	remote_sequence
SCF:0004007	AC:003479	A0A2K3DAY3	A0A2K3DXG4	A0A2K3E2Q3	SP:0003479	SP:0016071	gt24	CF-C-provisional	medium
SCF:0004008	AC:003479	A0A2K3DAY3	A0A2K3DXG4	A0A2K3CXL0	SP:0003479	SP:0016072	gt24	CF-C-provisional	medium
SCF:0004009	AC:003479	A0A2K3DAY3	A0A2K3DXG4	A0A2K3CN25	SP:0003479	SP:0016073	gt24	CF-C-provisional	medium
SCF:0004010	AC:003480	E9B8R9	A0A504XXD2	A0A3Q8IJC5	SP:0003480	SP:0015245	gt24	CF-C-provisional	remote_sequence
SCF:0004011	AC:003483	P62857	P60228	Q9ULX3	SP:0003483	SP:0016093	gt24	CF-C-provisional	remote_sequence
SCF:0004012	AC:003484	A0A481DF93	A0A4X1VEK9	I3LCB2	SP:0003484	SP:0010119	gt24	CF-C-provisional	remote_sequence
SCF:0004013	AC:003484	A0A481DF93	A0A4X1VEK9	A0A8D1AQR7	SP:0003484	SP:0010120	gt24	CF-C-provisional	remote_sequence
SCF:0004014	AC:003484	A0A4X1VEK9	A0A481DF93	I3LCH3	SP:0003484	SP:0016095	gt24	CF-C-provisional	high
SCF:0004015	AC:003484	A0A4X1VEK9	A0A481DF93	P23193	SP:0003484	SP:0016096	gt24	CF-C-provisional	remote_sequence
SCF:0004016	AC:003485	O43513	Q9H204	Q9NWA0	SP:0003485	SP:0016098	gt24	CF-C-provisional	medium
SCF:0004017	AC:003485	O43513	Q9H204	Q13503	SP:0003485	SP:0016099	gt24	CF-C-provisional	remote_sequence
SCF:0004018	AC:003485	O43513	Q9H204	Q9NX70	SP:0003485	SP:0016100	gt24	CF-C-provisional	remote_sequence
SCF:0004019	AC:003485	Q9H204	O43513	Q15528	SP:0003485	SP:0016101	gt24	CF-C-provisional	remote_sequence
SCF:0004020	AC:003486	Q2FHV3	Q2FEQ8	Q2FEQ0	SP:0003486	SP:0016107	gt24	CF-C-provisional	medium
SCF:0004021	AC:003487	C7DZL4	Q9VZU4	Q9V4E0	SP:0003487	SP:0016110	gt24	CF-C-provisional	remote_sequence
SCF:0004022	AC:003489	P39744	P40693	P17076	SP:0003489	SP:0016119	gt24	CF-C-provisional	remote_sequence
SCF:0004023	AC:003492	A2DSF3	A2G4E1	A2F2J0	SP:0003492	SP:0016134	gt24	CF-C-provisional	remote_sequence
SCF:0004024	AC:003495	A8BE02	A8BKS8	V6TVJ7	SP:0003495	SP:0016149	gt24	CF-C-provisional	remote_sequence
SCF:0004025	AC:003495	A8BE02	A8BKS8	A8BT38	SP:0003495	SP:0016150	gt24	CF-C-provisional	remote_sequence
SCF:0004026	AC:003495	A8BKS8	A8BE02	A8BRG5	SP:0003495	SP:0016152	gt24	CF-C-provisional	remote_sequence
SCF:0004027	AC:003495	A8BKS8	A8BE02	A8B252	SP:0003495	SP:0016153	gt24	CF-C-provisional	remote_sequence
SCF:0004028	AC:003495	A8BKS8	A8BE02	E2RU77	SP:0003495	SP:0016154	gt24	CF-C-provisional	remote_sequence
SCF:0004029	AC:003496	O97313	Q8IDB0	Q8ILK3	SP:0003496	SP:0016155	gt24	CF-C-provisional	medium
SCF:0004030	AC:003496	O97313	Q8IDB0	Q8IHU0	SP:0003496	SP:0016157	gt24	CF-C-provisional	remote_sequence
SCF:0004031	AC:003496	Q8IDB0	O97313	Q8IET7	SP:0003496	SP:0016158	gt24	CF-C-provisional	remote_sequence
SCF:0004032	AC:003496	Q8IDB0	O97313	C6KSY6	SP:0003496	SP:0016159	gt24	CF-C-provisional	remote_sequence
SCF:0004033	AC:003496	Q8IDB0	O97313	Q8IJZ7	SP:0003496	SP:0016160	gt24	CF-C-provisional	remote_sequence
SCF:0004034	AC:003497	O14730	P62857	P63220	SP:0003497	SP:0016161	gt24	CF-C-provisional	remote_sequence
SCF:0004035	AC:003497	P62857	O14730	Q9BRS2	SP:0003497	SP:0016164	gt24	CF-C-provisional	medium
SCF:0004036	AC:003497	P62857	O14730	Q53EL6	SP:0003497	SP:0016165	gt24	CF-C-provisional	remote_sequence
SCF:0004037	AC:003498	Q92759	P29084	P23025	SP:0003498	SP:0007781	gt24	CF-C-provisional	remote_sequence
SCF:0004038	AC:003499	R1BKA6	A0A6V2SE28	R1DMQ2	SP:0003499	SP:0016174	gt24	CF-C-provisional	medium
SCF:0004039	AC:003500	Q4E078	Q4CPD8	V5BDJ2	SP:0003500	SP:0016179	gt24	CF-C-provisional	remote_sequence
SCF:0004040	AC:003503	P39990	P57743	Q02260	SP:0003503	SP:0016189	gt24	CF-C-provisional	remote_sequence
SCF:0004041	AC:003503	P57743	P39990	P40089	SP:0003503	SP:0010202	gt24	CF-C-provisional	remote_sequence
SCF:0004042	AC:003504	Q72IN1	Q72I11	Q72HR2	SP:0003504	SP:0016191	gt24	CF-C-provisional	remote_sequence
SCF:0004043	AC:003505	O43920	P03905	P03886	SP:0003505	SP:0014005	gt24	CF-C-provisional	remote_sequence
SCF:0004044	AC:003505	O43920	P03905	H9PGF0	SP:0003505	SP:0014006	gt24	CF-C-provisional	remote_sequence
SCF:0004045	AC:003505	O43920	P03905	P03891	SP:0003505	SP:0016194	gt24	CF-C-provisional	remote_sequence
SCF:0004046	AC:003506	P28320	Q06091	P33411	SP:0003506	SP:0016198	gt24	CF-C-provisional	remote_sequence
SCF:0004047	AC:003506	P28320	Q06091	Q03375	SP:0003506	SP:0016199	gt24	CF-C-provisional	remote_sequence
SCF:0004048	AC:003507	Q6A7S4	Q6A9B3	Q6A6N5	SP:0003507	SP:0016204	gt24	CF-C-provisional	remote_sequence
SCF:0004049	AC:003508	C7DZL4	Q9VF27	Q9VTU2	SP:0003508	SP:0016209	gt24	CF-C-provisional	remote_sequence
SCF:0004050	AC:003510	A0A3Q7JDZ0	A0A3Q7FVJ9	A0A3Q7GUG2	SP:0003510	SP:0016215	gt24	CF-C-provisional	remote_sequence
SCF:0004051	AC:003510	A0A3Q7JDZ0	A0A3Q7FVJ9	K4CG62	SP:0003510	SP:0016216	gt24	CF-C-provisional	remote_sequence
SCF:0004052	AC:003510	A0A3Q7JDZ0	A0A3Q7FVJ9	Q53U38	SP:0003510	SP:0013887	gt24	CF-C-provisional	remote_sequence
SCF:0004053	AC:003511	A0A0U4VSH7	A0A0U5AWM7	A0A0U5ADD0	SP:0003511	SP:0016217	gt24	CF-C-provisional	remote_sequence
SCF:0004054	AC:003511	A0A0U4VSH7	A0A0U5AWM7	A0A0U5AP82	SP:0003511	SP:0014818	gt24	CF-C-provisional	remote_sequence
SCF:0004055	AC:003514	P0A7W1	P0AG48	P61175	SP:0003514	SP:0016234	gt24	CF-C-provisional	medium
SCF:0004056	AC:003514	P0A7W1	P0AG48	P0ADZ0	SP:0003514	SP:0016235	gt24	CF-C-provisional	remote_sequence
SCF:0004057	AC:003514	P0A7W1	P0AG48	P0A7S9	SP:0003514	SP:0016236	gt24	CF-C-provisional	remote_sequence
SCF:0004058	AC:003516	P03902	P23709	P17694	SP:0003516	SP:0016244	gt24	CF-C-provisional	remote_sequence
SCF:0004059	AC:003516	P23709	P03902	Q7JAS9	SP:0003516	SP:0016247	gt24	CF-C-provisional	medium
SCF:0004060	AC:003516	P23709	P03902	P03898	SP:0003516	SP:0015916	gt24	CF-C-provisional	medium
SCF:0004061	AC:003516	P23709	P03902	Q8WAB4	SP:0003516	SP:0016248	gt24	CF-C-provisional	remote_sequence
SCF:0004062	AC:003517	A8BU75	A8BN26	A0A644FBK5	SP:0003517	SP:0016251	gt24	CF-C-provisional	remote_sequence
SCF:0004063	AC:003518	P10664	P53742	P38779	SP:0003518	SP:0016254	gt24	CF-C-provisional	remote_sequence
SCF:0004064	AC:003518	P10664	P53742	P36049	SP:0003518	SP:0016255	gt24	CF-C-provisional	remote_sequence
SCF:0004065	AC:003520	Q9CR21	Q9CQ54	Q3UIU2	SP:0003520	SP:0016264	gt24	CF-C-provisional	medium
SCF:0004066	AC:003524	A2DD57	A2FJV7	A2FCM7	SP:0003524	SP:0016282	gt24	CF-C-provisional	medium
SCF:0004067	AC:003524	A2DD57	A2FJV7	A2DTN3	SP:0003524	SP:0016283	gt24	CF-C-provisional	remote_sequence
SCF:0004068	AC:003524	A2DD57	A2FJV7	A2F2T6	SP:0003524	SP:0016284	gt24	CF-C-provisional	remote_sequence
SCF:0004069	AC:003524	A2FJV7	A2DD57	A2F2T6	SP:0003524	SP:0016285	gt24	CF-C-provisional	medium
SCF:0004070	AC:003524	A2FJV7	A2DD57	A2DTN3	SP:0003524	SP:0016286	gt24	CF-C-provisional	remote_sequence
SCF:0004071	AC:003524	A2FJV7	A2DD57	A2FCM7	SP:0003524	SP:0016287	gt24	CF-C-provisional	remote_sequence
SCF:0004072	AC:003525	F1S031	A0A8D1TL60	A0A287BDC0	SP:0003525	SP:0016291	gt24	CF-C-provisional	remote_sequence
SCF:0004073	AC:003525	F1S031	A0A8D1TL60	A0A287BG40	SP:0003525	SP:0016292	gt24	CF-C-provisional	remote_sequence
SCF:0004074	AC:003527	P0CT77	Q9URX6	Q10330	SP:0003527	SP:0016297	gt24	CF-C-provisional	medium
SCF:0004075	AC:003527	P0CT77	Q9URX6	P79015	SP:0003527	SP:0016298	gt24	CF-C-provisional	remote_sequence
SCF:0004076	AC:003528	O94288	O94268	O74399	SP:0003528	SP:0016306	gt24	CF-C-provisional	medium
SCF:0004077	AC:003530	A0A3B6SDD9	A0A3B6QBU0	W5ECL2	SP:0003530	SP:0015777	gt24	CF-C-provisional	remote_sequence
SCF:0004078	AC:003531	A0A3S5H7H2	A0A3S7WPD8	A0A504X6A3	SP:0003531	SP:0016315	gt24	CF-C-provisional	medium
SCF:0004079	AC:003531	A0A3S5H7H2	A0A3S7WPD8	A0A504XQ80	SP:0003531	SP:0016316	gt24	CF-C-provisional	medium
SCF:0004080	AC:003531	A0A3S7WPD8	A0A3S5H7H2	A0A3Q8IC41	SP:0003531	SP:0016318	gt24	CF-C-provisional	medium
SCF:0004081	AC:003531	A0A3S7WPD8	A0A3S5H7H2	A0A504XQ80	SP:0003531	SP:0016319	gt24	CF-C-provisional	medium
SCF:0004082	AC:003531	A0A3S7WPD8	A0A3S5H7H2	A0A3S7X127	SP:0003531	SP:0016320	gt24	CF-C-provisional	remote_sequence
SCF:0004083	AC:003533	A0A1D8NFX6	A0A1D8N596	Q6C926	SP:0003533	SP:0016327	gt24	CF-C-provisional	remote_sequence
SCF:0004084	AC:003534	P61927	Q9NVP1	Q9NVU7	SP:0003534	SP:0016330	gt24	CF-C-provisional	remote_sequence
SCF:0004085	AC:003534	P61927	Q9NVP1	Q13823	SP:0003534	SP:0016331	gt24	CF-C-provisional	remote_sequence
SCF:0004086	AC:003535	Q4CTU7	Q4DYR0	Q4DA51	SP:0003535	SP:0016335	gt24	CF-C-provisional	remote_sequence
SCF:0004087	AC:003535	Q4CTU7	Q4DYR0	Q4DW24	SP:0003535	SP:0016336	gt24	CF-C-provisional	remote_sequence
SCF:0004088	AC:003536	G0SBN1	G0S6V4	G0S992	SP:0003536	SP:0014371	gt24	CF-C-provisional	remote_sequence
SCF:0004089	AC:003537	P18934	Q9VQD7	Q9W402	SP:0003537	SP:0015689	gt24	CF-C-provisional	medium
SCF:0004090	AC:003538	Q8R2L5	Q80X85	Q80ZS3	SP:0003538	SP:0016350	gt24	CF-C-provisional	remote_sequence
SCF:0004091	AC:003541	A0A287BG40	A0A4X1VPG4	A0A287AAR5	SP:0003541	SP:0016365	gt24	CF-C-provisional	remote_sequence
SCF:0004092	AC:003541	A0A287BG40	A0A4X1VPG4	A0A4X1V0C8	SP:0003541	SP:0016366	gt24	CF-C-provisional	remote_sequence
SCF:0004093	AC:003541	A0A4X1VPG4	A0A287BG40	A0A8D1J578	SP:0003541	SP:0016368	gt24	CF-C-provisional	remote_sequence
SCF:0004094	AC:003542	Q8IDR9	O77381	Q8IEM3	SP:0003542	SP:0016374	gt24	CF-C-provisional	medium
SCF:0004095	AC:003542	Q8IDR9	O77381	Q8I3R6	SP:0003542	SP:0016375	gt24	CF-C-provisional	remote_sequence
SCF:0004096	AC:003543	A0A8I6Y1Z8	F2D138	F2CTW7	SP:0003543	SP:0014774	gt24	CF-C-provisional	medium
SCF:0004097	AC:003544	P39019	P62753	P23396	SP:0003544	SP:0016382	gt24	CF-C-provisional	remote_sequence
SCF:0004098	AC:003544	P39019	P62753	P62241	SP:0003544	SP:0016383	gt24	CF-C-provisional	remote_sequence
SCF:0004099	AC:003544	P39019	P62753	Q8N9N8	SP:0003544	SP:0016384	gt24	CF-C-provisional	remote_sequence
SCF:0004100	AC:003544	P62753	P39019	P62263	SP:0003544	SP:0016385	gt24	CF-C-provisional	medium
SCF:0004101	AC:003544	P62753	P39019	P62851	SP:0003544	SP:0016386	gt24	CF-C-provisional	remote_sequence
SCF:0004102	AC:003544	P62753	P39019	P62847	SP:0003544	SP:0016387	gt24	CF-C-provisional	remote_sequence
SCF:0004103	AC:003545	G0S497	G0SFN0	G0SD68	SP:0003545	SP:0016388	gt24	CF-C-provisional	remote_sequence
SCF:0004104	AC:003546	Q4DA48	Q4D6H7	A0A061J677	SP:0003546	SP:0016396	gt24	CF-C-provisional	remote_sequence
SCF:0004105	AC:003549	P12878	P21469	P21470	SP:0003549	SP:0010404	gt24	CF-C-provisional	remote_sequence
SCF:0004106	AC:003550	Q8VCB2	Q9CZB6	Q920D3	SP:0003550	SP:0016409	gt24	CF-C-provisional	remote_sequence
SCF:0004107	AC:003551	Q9UUU3	S5TMS4	Q9B6E9	SP:0003551	SP:0016415	gt24	CF-C-provisional	remote_sequence
SCF:0004108	AC:003552	P61254	P61313	Q96L21	SP:0003552	SP:0016420	gt24	CF-C-provisional	medium
SCF:0004109	AC:003552	P61254	P61313	Q07020	SP:0003552	SP:0016421	gt24	CF-C-provisional	medium
SCF:0004110	AC:003552	P61254	P61313	P26373	SP:0003552	SP:0016422	gt24	CF-C-provisional	remote_sequence
SCF:0004111	AC:003552	P61313	P61254	P47914	SP:0003552	SP:0016423	gt24	CF-C-provisional	medium
SCF:0004112	AC:003552	P61313	P61254	P84098	SP:0003552	SP:0016425	gt24	CF-C-provisional	medium
SCF:0004113	AC:003554	Q1K6U7	Q1K730	Q7SB98	SP:0003554	SP:0016426	gt24	CF-C-provisional	medium
SCF:0004114	AC:003554	Q1K730	Q1K6U7	Q7RYM5	SP:0003554	SP:0016429	gt24	CF-C-provisional	remote_sequence
SCF:0004115	AC:003554	Q1K730	Q1K6U7	Q7SA60	SP:0003554	SP:0016430	gt24	CF-C-provisional	remote_sequence
SCF:0004116	AC:003555	G1TPV3	G1TA47	G1SKF7	SP:0003555	SP:0016435	gt24	CF-C-provisional	remote_sequence
SCF:0004117	AC:003555	G1TPV3	G1TA47	B7NZS8	SP:0003555	SP:0016436	gt24	CF-C-provisional	remote_sequence
SCF:0004118	AC:003555	G1TPV3	G1TA47	G1TUB8	SP:0003555	SP:0016437	gt24	CF-C-provisional	remote_sequence
SCF:0004119	AC:003556	P28072	Q9UL46	P25789	SP:0003556	SP:0016438	gt24	CF-C-provisional	medium
SCF:0004120	AC:003556	Q9UL46	P28072	Q3SZC2	SP:0003556	SP:0016441	gt24	CF-C-provisional	high
SCF:0004121	AC:003556	Q9UL46	P28072	Q3T108	SP:0003556	SP:0016442	gt24	CF-C-provisional	medium
SCF:0004122	AC:003556	Q9UL46	P28072	P28074	SP:0003556	SP:0016443	gt24	CF-C-provisional	medium
SCF:0004123	AC:003557	Q9W3N7	C7DZL4	Q9MDK5	SP:0003557	SP:0016447	gt24	CF-C-provisional	remote_sequence
SCF:0004124	AC:003557	Q9W3N7	C7DZL4	P18931	SP:0003557	SP:0016448	gt24	CF-C-provisional	remote_sequence
SCF:0004125	AC:003560	C3SSG2	C3SQV2	P61175	SP:0003560	SP:0016464	gt24	CF-C-provisional	remote_sequence
SCF:0004126	AC:003562	A0A1D8NC63	A0A1D8NJR0	A0A1H6PPE5	SP:0003562	SP:0014733	gt24	CF-C-provisional	remote_sequence
SCF:0004127	AC:003563	O14069	P57728	P79071	SP:0003563	SP:0016476	gt24	CF-C-provisional	remote_sequence
SCF:0004128	AC:003563	P57728	O14069	P79015	SP:0003563	SP:0016479	gt24	CF-C-provisional	remote_sequence
SCF:0004129	AC:003566	Q9CQE3	Q99N84	Q9DC71	SP:0003566	SP:0015088	gt24	CF-C-provisional	remote_sequence
SCF:0004130	AC:003567	Q4U2R6	Q9H2W6	Q9BYD2	SP:0003567	SP:0016497	gt24	CF-C-provisional	medium
SCF:0004131	AC:003567	Q4U2R6	Q9H2W6	P49406	SP:0003567	SP:0016498	gt24	CF-C-provisional	medium
SCF:0004132	AC:003567	Q4U2R6	Q9H2W6	Q9BYD3	SP:0003567	SP:0016499	gt24	CF-C-provisional	remote_sequence
SCF:0004133	AC:003567	Q9H2W6	Q4U2R6	Q96EL2	SP:0003567	SP:0016500	gt24	CF-C-provisional	remote_sequence
SCF:0004134	AC:003568	Q94C12	P92533	Q9SLC8	SP:0003568	SP:0016506	gt24	CF-C-provisional	remote_sequence
SCF:0004135	AC:003569	A0A3Q7GQ29	A0A3Q7GDM4	A0A6N2B4A3	SP:0003569	SP:0016511	gt24	CF-C-provisional	remote_sequence
SCF:0004136	AC:003571	Q9C639	Q9LU21	Q01667	SP:0003571	SP:0006831	gt24	CF-C-provisional	remote_sequence
SCF:0004137	AC:003573	Q2FXS8	Q2G0S0	Q2FW07	SP:0003573	SP:0016522	gt24	CF-C-provisional	remote_sequence
SCF:0004138	AC:003573	Q2G0S0	Q2FXS8	Q2FW08	SP:0003573	SP:0016525	gt24	CF-C-provisional	medium
SCF:0004139	AC:003574	P14790	P13619	P13621	SP:0003574	SP:0016529	gt24	CF-C-provisional	remote_sequence
SCF:0004140	AC:003575	Q06217	Q12309	P39682	SP:0003575	SP:0016532	gt24	CF-C-provisional	medium
SCF:0004141	AC:003575	Q06217	Q12309	Q03776	SP:0003575	SP:0016533	gt24	CF-C-provisional	remote_sequence
SCF:0004142	AC:003575	Q06217	Q12309	P19736	SP:0003575	SP:0016534	gt24	CF-C-provisional	remote_sequence
SCF:0004143	AC:003575	Q12309	Q06217	P38302	SP:0003575	SP:0016535	gt24	CF-C-provisional	remote_sequence
SCF:0004144	AC:003576	G1SFR8	G1SYS4	G1TPV3	SP:0003576	SP:0016538	gt24	CF-C-provisional	medium
SCF:0004145	AC:003576	G1SFR8	G1SYS4	G1T168	SP:0003576	SP:0016539	gt24	CF-C-provisional	medium
SCF:0004146	AC:003576	G1SFR8	G1SYS4	G1SGX4	SP:0003576	SP:0016540	gt24	CF-C-provisional	remote_sequence
SCF:0004147	AC:003576	G1SYS4	G1SFR8	G1SZ47	SP:0003576	SP:0016541	gt24	CF-C-provisional	medium
SCF:0004148	AC:003576	G1SYS4	G1SFR8	G1SK22	SP:0003576	SP:0016542	gt24	CF-C-provisional	remote_sequence
SCF:0004149	AC:003577	P38779	P53742	P40010	SP:0003577	SP:0016544	gt24	CF-C-provisional	medium
SCF:0004150	AC:003577	P38779	P53742	P36049	SP:0003577	SP:0016545	gt24	CF-C-provisional	remote_sequence
SCF:0004151	AC:003577	P53742	P38779	P36160	SP:0003577	SP:0016547	gt24	CF-C-provisional	remote_sequence
SCF:0004152	AC:003578	B6J263	B6J258	Q83E85	SP:0003578	SP:0016552	gt24	CF-C-provisional	remote_sequence
SCF:0004153	AC:003578	B6J263	B6J258	B6J237	SP:0003578	SP:0016553	gt24	CF-C-provisional	remote_sequence
SCF:0004154	AC:003583	A0A1D8N596	A0A1H6PPE5	A0A1H6PKH9	SP:0003583	SP:0015953	gt24	CF-C-provisional	remote_sequence
SCF:0004155	AC:003584	P78794	Q9HE06	O14011	SP:0003584	SP:0016574	gt24	CF-C-provisional	remote_sequence
SCF:0004156	AC:003584	P78794	Q9HE06	O43071	SP:0003584	SP:0016575	gt24	CF-C-provisional	remote_sequence
SCF:0004157	AC:003585	G1SGX4	G1SLW8	P62495	SP:0003585	SP:0016580	gt24	CF-C-provisional	remote_sequence
SCF:0004158	AC:003586	P0CX49	Q08004	O13516	SP:0003586	SP:0016586	gt24	CF-C-provisional	medium
SCF:0004159	AC:003586	P0CX49	Q08004	Q12690	SP:0003586	SP:0016587	gt24	CF-C-provisional	remote_sequence
SCF:0004160	AC:003586	P0CX49	Q08004	Q08235	SP:0003586	SP:0016588	gt24	CF-C-provisional	remote_sequence
SCF:0004161	AC:003588	P28320	Q02260	P53277	SP:0003588	SP:0016595	gt24	CF-C-provisional	remote_sequence
SCF:0004162	AC:003588	Q02260	P28320	Q07350	SP:0003588	SP:0016598	gt24	CF-C-provisional	remote_sequence
SCF:0004163	AC:003588	Q02260	P28320	Q08963	SP:0003588	SP:0016599	gt24	CF-C-provisional	remote_sequence
SCF:0004164	AC:003588	Q02260	P28320	P32605	SP:0003588	SP:0016600	gt24	CF-C-provisional	remote_sequence
SCF:0004165	AC:003589	G0S6V4	G0S101	G0SCL3	SP:0003589	SP:0016602	gt24	CF-C-provisional	remote_sequence
SCF:0004166	AC:003590	A0R3I9	A0QSD8	A0R150	SP:0003590	SP:0016608	gt24	CF-C-provisional	remote_sequence
SCF:0004167	AC:003591	A0T0V0	B8C8Q0	B8C0K4	SP:0003591	SP:0011948	gt24	CF-C-provisional	high
SCF:0004168	AC:003591	A0T0V0	B8C8Q0	B8LE61	SP:0003591	SP:0016611	gt24	CF-C-provisional	medium
SCF:0004169	AC:003591	A0T0V0	B8C8Q0	B8BYV4	SP:0003591	SP:0006988	gt24	CF-C-provisional	medium
SCF:0004170	AC:003591	B8C8Q0	A0T0V0	B8BU33	SP:0003591	SP:0014638	gt24	CF-C-provisional	remote_sequence
SCF:0004171	AC:003592	A0A1H6PKH9	A0A371C0F2	A0A1D8NFX6	SP:0003592	SP:0016613	gt24	CF-C-provisional	remote_sequence
SCF:0004172	AC:003593	Q1K6U7	Q7S711	Q7SA88	SP:0003593	SP:0016616	gt24	CF-C-provisional	remote_sequence
SCF:0004173	AC:003593	Q1K6U7	Q7S711	Q7SB98	SP:0003593	SP:0016426	gt24	CF-C-provisional	remote_sequence
SCF:0004174	AC:003593	Q1K6U7	Q7S711	Q7S5N0	SP:0003593	SP:0016617	gt24	CF-C-provisional	remote_sequence
SCF:0004175	AC:003593	Q7S711	Q1K6U7	Q7SA60	SP:0003593	SP:0016618	gt24	CF-C-provisional	remote_sequence
SCF:0004176	AC:003594	Q9CY73	Q9CR59	Q9D8P4	SP:0003594	SP:0016623	gt24	CF-C-provisional	medium
SCF:0004177	AC:003594	Q9CY73	Q9CR59	Q9D338	SP:0003594	SP:0016625	gt24	CF-C-provisional	remote_sequence
SCF:0004178	AC:003595	Q07350	Q07930	Q02260	SP:0003595	SP:0016598	gt24	CF-C-provisional	remote_sequence
SCF:0004179	AC:003595	Q07930	Q07350	P46947	SP:0003595	SP:0016628	gt24	CF-C-provisional	remote_sequence
SCF:0004180	AC:003596	G0RZE9	G0S497	G0SAJ9	SP:0003596	SP:0016630	gt24	CF-C-provisional	remote_sequence
SCF:0004181	AC:003597	P60150	P62103	P62112	SP:0003597	SP:0016636	gt24	CF-C-provisional	remote_sequence
SCF:0004182	AC:003598	G0S683	G0SDS8	G0SI44	SP:0003598	SP:0014174	gt24	CF-C-provisional	medium
SCF:0004183	AC:003600	Q8HXG5	P03924	Q02380	SP:0003600	SP:0016653	gt24	CF-C-provisional	remote_sequence
SCF:0004184	AC:003603	Q4D0Q8	Q4E2R4	Q4DIY1	SP:0003603	SP:0016668	gt24	CF-C-provisional	remote_sequence
SCF:0004185	AC:003603	Q4D0Q8	Q4E2R4	Q4DEM5	SP:0003603	SP:0016669	gt24	CF-C-provisional	remote_sequence
SCF:0004186	AC:003604	G0RZZ2	G0S812	G0SB83	SP:0003604	SP:0016672	gt24	CF-C-provisional	remote_sequence
SCF:0004187	AC:003606	W7JKG5	W7K040	W7KN95	SP:0003606	SP:0016683	gt24	CF-C-provisional	medium
SCF:0004188	AC:003606	W7JKG5	W7K040	W7K6A8	SP:0003606	SP:0016684	gt24	CF-C-provisional	remote_sequence
SCF:0004189	AC:003606	W7JKG5	W7K040	A0A2I0BS43	SP:0003606	SP:0016685	gt24	CF-C-provisional	remote_sequence
SCF:0004190	AC:003606	W7K040	W7JKG5	A0A2I0BQ13	SP:0003606	SP:0016686	gt24	CF-C-provisional	medium
SCF:0004191	AC:003606	W7K040	W7JKG5	W7KN95	SP:0003606	SP:0016687	gt24	CF-C-provisional	medium
SCF:0004192	AC:003606	W7K040	W7JKG5	W7K6I2	SP:0003606	SP:0016688	gt24	CF-C-provisional	remote_sequence
SCF:0004193	AC:003609	Q4E3G1	Q4D5W3	Q4CPV7	SP:0003609	SP:0016697	gt24	CF-C-provisional	remote_sequence
SCF:0004194	AC:003611	O95478	Q02878	Q6DKI1	SP:0003611	SP:0016703	gt24	CF-C-provisional	remote_sequence
SCF:0004195	AC:003611	O95478	Q02878	P39023	SP:0003611	SP:0016704	gt24	CF-C-provisional	remote_sequence
SCF:0004196	AC:003611	Q02878	O95478	Q13765	SP:0003611	SP:0008270	gt24	CF-C-provisional	remote_sequence
SCF:0004197	AC:003611	Q02878	O95478	P62917	SP:0003611	SP:0016705	gt24	CF-C-provisional	remote_sequence
SCF:0004198	AC:003611	Q02878	O95478	Q07020	SP:0003611	SP:0016706	gt24	CF-C-provisional	remote_sequence
SCF:0004199	AC:003612	A6MVW0	A6MW31	A6MVR2	SP:0003612	SP:0016707	gt24	CF-C-provisional	medium
SCF:0004200	AC:003612	A6MW31	A6MVW0	A6MW32	SP:0003612	SP:0016710	gt24	CF-C-provisional	medium
SCF:0004201	AC:003613	Q9MDK5	Q9VF27	Q9VTU2	SP:0003613	SP:0016713	gt24	CF-C-provisional	remote_sequence
SCF:0004202	AC:003615	I3LGM4	A0A8D1KH26	A0A4X1V0C8	SP:0003615	SP:0016727	gt24	CF-C-provisional	high
SCF:0004203	AC:003615	I3LGM4	A0A8D1KH26	A0A287AAR5	SP:0003615	SP:0016728	gt24	CF-C-provisional	high
SCF:0004204	AC:003616	Q9V195	Q9V1U8	Q9V1V5	SP:0003616	SP:0013795	gt24	CF-C-provisional	medium
SCF:0004205	AC:003616	Q9V195	Q9V1U8	Q9V109	SP:0003616	SP:0011533	gt24	CF-C-provisional	remote_sequence
SCF:0004206	AC:003616	Q9V1U8	Q9V195	Q9UYS3	SP:0003616	SP:0016731	gt24	CF-C-provisional	medium
SCF:0004207	AC:003616	Q9V1U8	Q9V195	Q9V1V0	SP:0003616	SP:0011230	gt24	CF-C-provisional	remote_sequence
SCF:0004208	AC:003618	Q9FNN5	O80800	Q9FIJ2	SP:0003618	SP:0016735	gt24	CF-C-provisional	remote_sequence
SCF:0004209	AC:003619	F2Z6F1	Q6C1R9	Q6C4W9	SP:0003619	SP:0016738	gt24	CF-C-provisional	remote_sequence
SCF:0004210	AC:003621	P03905	P56556	O95168	SP:0003621	SP:0016196	gt24	CF-C-provisional	remote_sequence
SCF:0004211	AC:003622	Q08278	P38304	Q06213	SP:0003622	SP:0015641	gt24	CF-C-provisional	remote_sequence
SCF:0004212	AC:003622	Q08278	P38304	P25046	SP:0003622	SP:0015557	gt24	CF-C-provisional	remote_sequence
SCF:0004213	AC:003624	P0DJ58	Q23TC8	P0DJ51	SP:0003624	SP:0016760	gt24	CF-C-provisional	remote_sequence
SCF:0004214	AC:003624	Q23TC8	P0DJ58	P0DJ56	SP:0003624	SP:0016762	gt24	CF-C-provisional	remote_sequence
SCF:0004215	AC:003624	Q23TC8	P0DJ58	Q235M8	SP:0003624	SP:0016763	gt24	CF-C-provisional	remote_sequence
SCF:0004216	AC:003624	Q23TC8	P0DJ58	P0DJ18	SP:0003624	SP:0016764	gt24	CF-C-provisional	remote_sequence
SCF:0004217	AC:003626	G0S081	G0SB32	G0SCP3	SP:0003626	SP:0016768	gt24	CF-C-provisional	remote_sequence
SCF:0004218	AC:003627	P62885	A0A3Q8IJL7	A0A3S7WY02	SP:0003627	SP:0016773	gt24	CF-C-provisional	remote_sequence
SCF:0004219	AC:003630	Q4DJY1	Q4DQZ2	Q4DZB0	SP:0003630	SP:0016782	gt24	CF-C-provisional	remote_sequence
SCF:0004220	AC:003631	D1J7A9	D1J7C4	A0A836C871	SP:0003631	SP:0016787	gt24	CF-C-provisional	remote_sequence
SCF:0004221	AC:003632	O51206	P94272	O51441	SP:0003632	SP:0016793	gt24	CF-C-provisional	medium
SCF:0004222	AC:003632	O51206	P94272	O51719	SP:0003632	SP:0016794	gt24	CF-C-provisional	remote_sequence
SCF:0004223	AC:003632	O51206	P94272	O51642	SP:0003632	SP:0016795	gt24	CF-C-provisional	remote_sequence
SCF:0004224	AC:003632	P94272	O51206	O51456	SP:0003632	SP:0014549	gt24	CF-C-provisional	medium
SCF:0004225	AC:003634	P60228	P23396	P62753	SP:0003634	SP:0016807	gt24	CF-C-provisional	remote_sequence
SCF:0004226	AC:003634	P60228	P23396	P62701	SP:0003634	SP:0016808	gt24	CF-C-provisional	remote_sequence
SCF:0004227	AC:003634	P60228	P23396	O75822	SP:0003634	SP:0016809	gt24	CF-C-provisional	remote_sequence
SCF:0004228	AC:003636	Q04693	P33334	P32639	SP:0003636	SP:0016819	gt24	CF-C-provisional	remote_sequence
SCF:0004229	AC:003639	Q99N91	Q9CQL5	Q9CQL4	SP:0003639	SP:0016833	gt24	CF-C-provisional	medium
SCF:0004230	AC:003639	Q9CQL5	Q99N91	Q9D0Y8	SP:0003639	SP:0015190	gt24	CF-C-provisional	remote_sequence
SCF:0004231	AC:003640	Q9CPR5	Q99N95	Q8K2M0	SP:0003640	SP:0014888	gt24	CF-C-provisional	remote_sequence
SCF:0004232	AC:003641	P0DOY7	P80372	P60405	SP:0003641	SP:0008819	gt24	CF-C-provisional	medium
SCF:0004233	AC:003641	P80372	P0DOY7	Q5SHN3	SP:0003641	SP:0016840	gt24	CF-C-provisional	remote_sequence
SCF:0004234	AC:003641	P80372	P0DOY7	P60491	SP:0003641	SP:0016841	gt24	CF-C-provisional	remote_sequence
SCF:0004235	AC:003643	Q7S300	Q7S518	F5HIJ5	SP:0003643	SP:0015080	gt24	CF-C-provisional	remote_sequence
SCF:0004236	AC:003644	O82850	Q9HXQ2	Q9I5V8	SP:0003644	SP:0016853	gt24	CF-C-provisional	remote_sequence
SCF:0004237	AC:003647	Q6CI10	Q6CD73	Q6C9Z1	SP:0003647	SP:0016865	gt24	CF-C-provisional	remote_sequence
SCF:0004238	AC:003648	P34943	Q02380	P03924	SP:0003648	SP:0016867	gt24	CF-C-provisional	remote_sequence
SCF:0004239	AC:003649	P0AG63	P40711	P02358	SP:0003649	SP:0007036	gt24	CF-C-provisional	medium
SCF:0004240	AC:003649	P0AG63	P40711	Q3YWV3	SP:0003649	SP:0016872	gt24	CF-C-provisional	remote_sequence
SCF:0004241	AC:003649	P0AG63	P40711	P0A7W7	SP:0003649	SP:0016873	gt24	CF-C-provisional	remote_sequence
SCF:0004242	AC:003650	Q3E792	Q08965	P35207	SP:0003650	SP:0016878	gt24	CF-C-provisional	remote_sequence
SCF:0004243	AC:003652	P20435	P38782	P16370	SP:0003652	SP:0016887	gt24	CF-C-provisional	remote_sequence
SCF:0004244	AC:003652	P20435	P38782	P29055	SP:0003652	SP:0016888	gt24	CF-C-provisional	remote_sequence
SCF:0004245	AC:003653	A0A4X1VPG4	A0A8D1TL60	A0A8D1J578	SP:0003653	SP:0016368	gt24	CF-C-provisional	high
SCF:0004246	AC:003653	A0A4X1VPG4	A0A8D1TL60	A0A8D1WW27	SP:0003653	SP:0016890	gt24	CF-C-provisional	medium
SCF:0004247	AC:003653	A0A4X1VPG4	A0A8D1TL60	A0A287BDC0	SP:0003653	SP:0016891	gt24	CF-C-provisional	remote_sequence
SCF:0004248	AC:003654	A0A2D0TCJ1	P06006	P06004	SP:0003654	SP:0016894	gt24	CF-C-provisional	remote_sequence
SCF:0004249	AC:003654	P06006	A0A2D0TCJ1	P27490	SP:0003654	SP:0016897	gt24	CF-C-provisional	high
SCF:0004250	AC:003654	P06006	A0A2D0TCJ1	P07371	SP:0003654	SP:0016898	gt24	CF-C-provisional	high
SCF:0004251	AC:003654	P06006	A0A2D0TCJ1	A0A2D0TCJ0	SP:0003654	SP:0016899	gt24	CF-C-provisional	medium
SCF:0004252	AC:003655	A0A0M4SWQ6	A0A0M5TIS3	A0A0M4SWS6	SP:0003655	SP:0016900	gt24	CF-C-provisional	remote_sequence
SCF:0004253	AC:003656	P09191	P09193	P16033	SP:0003656	SP:0007603	gt24	CF-C-provisional	remote_sequence
SCF:0004254	AC:003656	P09193	P09191	Q55354	SP:0003656	SP:0016906	gt24	CF-C-provisional	medium
SCF:0004255	AC:003656	P09193	P09191	P73070	SP:0003656	SP:0016908	gt24	CF-C-provisional	medium
SCF:0004256	AC:003657	Q9UNP9	Q96DI7	O43660	SP:0003657	SP:0016912	gt24	CF-C-provisional	remote_sequence
SCF:0004257	AC:003657	Q9UNP9	Q96DI7	O60508	SP:0003657	SP:0016913	gt24	CF-C-provisional	remote_sequence
SCF:0004258	AC:003658	A0A2K3DMA3	A8JCA8	A0A2K3DYR4	SP:0003658	SP:0015406	gt24	CF-C-provisional	remote_sequence
SCF:0004259	AC:003659	A0A1L8H1I9	Q6GNX0	Q7ZYJ8	SP:0003659	SP:0016919	gt24	CF-C-provisional	high
SCF:0004260	AC:003659	A0A1L8H1I9	Q6GNX0	Q4FZW5	SP:0003659	SP:0010910	gt24	CF-C-provisional	medium
SCF:0004261	AC:003659	A0A1L8H1I9	Q6GNX0	Q6GNF1	SP:0003659	SP:0016920	gt24	CF-C-provisional	medium
SCF:0004262	AC:003659	Q6GNX0	A0A1L8H1I9	Q7ZX96	SP:0003659	SP:0010912	gt24	CF-C-provisional	remote_sequence
SCF:0004263	AC:003660	A0QSG8	A0QVB8	A0QS62	SP:0003660	SP:0016922	gt24	CF-C-provisional	remote_sequence
SCF:0004264	AC:003660	A0QVB8	A0QSG8	A0QSL6	SP:0003660	SP:0006280	gt24	CF-C-provisional	remote_sequence
SCF:0004265	AC:003660	A0QVB8	A0QSG8	A0QSE0	SP:0003660	SP:0016925	gt24	CF-C-provisional	remote_sequence
SCF:0004266	AC:003660	A0QVB8	A0QSG8	A0QSG3	SP:0003660	SP:0016926	gt24	CF-C-provisional	remote_sequence
SCF:0004267	AC:003663	R1BTM8	R1DY94	A0A7S3X591	SP:0003663	SP:0015630	gt24	CF-C-provisional	high
SCF:0004268	AC:003663	R1BTM8	R1DY94	R1FP66	SP:0003663	SP:0015631	gt24	CF-C-provisional	medium
SCF:0004269	AC:003663	R1BTM8	R1DY94	R1DCN2	SP:0003663	SP:0015629	gt24	CF-C-provisional	medium
SCF:0004270	AC:003663	R1DY94	R1BTM8	R1DCN2	SP:0003663	SP:0016936	gt24	CF-C-provisional	high
SCF:0004271	AC:003663	R1DY94	R1BTM8	R1B3D6	SP:0003663	SP:0016937	gt24	CF-C-provisional	medium
SCF:0004272	AC:003663	R1DY94	R1BTM8	R1EB65	SP:0003663	SP:0016938	gt24	CF-C-provisional	medium
SCF:0004273	AC:003665	Q9D1B9	Q9D1H8	Q9CQL4	SP:0003665	SP:0016945	gt24	CF-C-provisional	remote_sequence
SCF:0004274	AC:003667	W7JVP8	W7K6A8	W7JUG8	SP:0003667	SP:0016955	gt24	CF-C-provisional	medium
SCF:0004275	AC:003667	W7JVP8	W7K6A8	W7KN95	SP:0003667	SP:0016956	gt24	CF-C-provisional	medium
SCF:0004276	AC:003667	W7JVP8	W7K6A8	W7K6I2	SP:0003667	SP:0016957	gt24	CF-C-provisional	medium
SCF:0004277	AC:003667	W7K6A8	W7JVP8	O77396	SP:0003667	SP:0016958	gt24	CF-C-provisional	medium
SCF:0004278	AC:003667	W7K6A8	W7JVP8	Q8IK90	SP:0003667	SP:0016959	gt24	CF-C-provisional	medium
SCF:0004279	AC:003667	W7K6A8	W7JVP8	Q8IDG2	SP:0003667	SP:0016960	gt24	CF-C-provisional	medium
SCF:0004280	AC:003669	A0A341UET3	W5FV77	W5I035	SP:0003669	SP:0007271	gt24	CF-C-provisional	remote_sequence
SCF:0004281	AC:003669	A0A341UET3	W5FV77	Q5XUU9	SP:0003669	SP:0010872	gt24	CF-C-provisional	remote_sequence
SCF:0004282	AC:003669	A0A341UET3	W5FV77	W5FPA7	SP:0003669	SP:0008798	gt24	CF-C-provisional	remote_sequence
SCF:0004283	AC:003670	A1B482	A1B4F3	A1B479	SP:0003670	SP:0016970	gt24	CF-C-provisional	remote_sequence
SCF:0004284	AC:003670	A1B482	A1B4F3	A1B480	SP:0003670	SP:0016971	gt24	CF-C-provisional	remote_sequence
SCF:0004285	AC:003673	W7JKG5	W7K1J4	W7KN95	SP:0003673	SP:0016683	gt24	CF-C-provisional	medium
SCF:0004286	AC:003673	W7JKG5	W7K1J4	W7K6A8	SP:0003673	SP:0016684	gt24	CF-C-provisional	remote_sequence
SCF:0004287	AC:003673	W7JKG5	W7K1J4	A0A2I0BXS0	SP:0003673	SP:0016984	gt24	CF-C-provisional	remote_sequence
SCF:0004288	AC:003673	W7K1J4	W7JKG5	Q8IKC9	SP:0003673	SP:0016985	gt24	CF-C-provisional	high
SCF:0004289	AC:003673	W7K1J4	W7JKG5	A0A2I0BU46	SP:0003673	SP:0016986	gt24	CF-C-provisional	medium
SCF:0004290	AC:003673	W7K1J4	W7JKG5	C6KST3	SP:0003673	SP:0016987	gt24	CF-C-provisional	medium
SCF:0004291	AC:003675	P04650	Q12387	Q02892	SP:0003675	SP:0016994	gt24	CF-C-provisional	remote_sequence
SCF:0004292	AC:003676	G0SD68	G0SDS8	G0SGY1	SP:0003676	SP:0017000	gt24	CF-C-provisional	remote_sequence
SCF:0004293	AC:003677	D5MAJ8	P16059	P14226	SP:0003677	SP:0017003	gt24	CF-C-provisional	remote_sequence
SCF:0004294	AC:003677	D5MAJ8	P16059	P27490	SP:0003677	SP:0017004	gt24	CF-C-provisional	remote_sequence
SCF:0004295	AC:003678	P0CX45	P26785	P26784	SP:0003678	SP:0017009	gt24	CF-C-provisional	high
SCF:0004296	AC:003678	P0CX45	P26785	P05738	SP:0003678	SP:0017010	gt24	CF-C-provisional	medium
SCF:0004297	AC:003678	P0CX45	P26785	P0CX82	SP:0003678	SP:0017011	gt24	CF-C-provisional	remote_sequence
SCF:0004298	AC:003678	P26785	P0CX45	P14126	SP:0003678	SP:0017012	gt24	CF-C-provisional	remote_sequence
SCF:0004299	AC:003680	P75454	Q50303	P75578	SP:0003680	SP:0015774	gt24	CF-C-provisional	remote_sequence
SCF:0004300	AC:003681	Q9CQL4	Q8BU88	Q9CQ06	SP:0003681	SP:0017026	gt24	CF-C-provisional	remote_sequence
SCF:0004301	AC:003681	Q9CQL4	Q8BU88	Q8K2Y7	SP:0003681	SP:0017027	gt24	CF-C-provisional	remote_sequence
SCF:0004302	AC:003681	Q9CQL4	Q8BU88	Q9D7N6	SP:0003681	SP:0017028	gt24	CF-C-provisional	remote_sequence
SCF:0004303	AC:003684	Q7RZF0	Q7SA88	Q7SB98	SP:0003684	SP:0017039	gt24	CF-C-provisional	remote_sequence
SCF:0004304	AC:003684	Q7SA88	Q7RZF0	Q7S1R6	SP:0003684	SP:0017042	gt24	CF-C-provisional	remote_sequence
SCF:0004305	AC:003684	Q7SA88	Q7RZF0	Q7S5N0	SP:0003684	SP:0017043	gt24	CF-C-provisional	remote_sequence
SCF:0004306	AC:003686	P05738	P0CX54	P38061	SP:0003686	SP:0017051	gt24	CF-C-provisional	remote_sequence
SCF:0004307	AC:003686	P05738	P0CX54	Q02326	SP:0003686	SP:0017052	gt24	CF-C-provisional	remote_sequence
SCF:0004308	AC:003686	P05738	P0CX54	P05739	SP:0003686	SP:0017053	gt24	CF-C-provisional	remote_sequence
SCF:0004309	AC:003687	P38633	P41896	Q12343	SP:0003687	SP:0017056	gt24	CF-C-provisional	remote_sequence
SCF:0004310	AC:003688	P62314	Q9P013	Q5RL73	SP:0003688	SP:0017061	gt24	CF-C-provisional	remote_sequence
SCF:0004311	AC:003689	Q6CJK0	Q6CW78	Q6CM18	SP:0003689	SP:0017067	gt24	CF-C-provisional	remote_sequence
SCF:0004312	AC:003689	Q6CJK0	Q6CW78	Q6CX80	SP:0003689	SP:0017068	gt24	CF-C-provisional	remote_sequence
SCF:0004313	AC:003689	Q6CJK0	Q6CW78	P27069	SP:0003689	SP:0017069	gt24	CF-C-provisional	remote_sequence
SCF:0004314	AC:003689	Q6CW78	Q6CJK0	Q6CLU4	SP:0003689	SP:0017070	gt24	CF-C-provisional	remote_sequence
SCF:0004315	AC:003689	Q6CW78	Q6CJK0	Q6CXM0	SP:0003689	SP:0017071	gt24	CF-C-provisional	remote_sequence
SCF:0004316	AC:003689	Q6CW78	Q6CJK0	Q6CL71	SP:0003689	SP:0017072	gt24	CF-C-provisional	remote_sequence
SCF:0004317	AC:003690	G1TFE0	G1TYL6	G1TVS8	SP:0003690	SP:0017073	gt24	CF-C-provisional	medium
SCF:0004318	AC:003690	G1TYL6	G1TFE0	G1T0C1	SP:0003690	SP:0017076	gt24	CF-C-provisional	medium
SCF:0004319	AC:003690	G1TYL6	G1TFE0	G1SP51	SP:0003690	SP:0017077	gt24	CF-C-provisional	remote_sequence
SCF:0004320	AC:003691	P36954	Q75QN2	P19447	SP:0003691	SP:0017079	gt24	CF-C-provisional	remote_sequence
SCF:0004321	AC:003693	Q6C2Q1	Q9B6E9	Q9B6C7	SP:0003693	SP:0017088	gt24	CF-C-provisional	remote_sequence
SCF:0004322	AC:003694	Q7Z2W9	Q9H3J6	Q9BYD1	SP:0003694	SP:0017093	gt24	CF-C-provisional	medium
SCF:0004323	AC:003694	Q7Z2W9	Q9H3J6	H2QWN0	SP:0003694	SP:0017094	gt24	CF-C-provisional	medium
SCF:0004324	AC:003694	Q7Z2W9	Q9H3J6	Q86TS9	SP:0003694	SP:0017095	gt24	CF-C-provisional	remote_sequence
SCF:0004325	AC:003694	Q9H3J6	Q7Z2W9	Q9P0P8	SP:0003694	SP:0017096	gt24	CF-C-provisional	medium
SCF:0004326	AC:003694	Q9H3J6	Q7Z2W9	Q9HD33	SP:0003694	SP:0017097	gt24	CF-C-provisional	medium
SCF:0004327	AC:003694	Q9H3J6	Q7Z2W9	Q9Y3B7	SP:0003694	SP:0017098	gt24	CF-C-provisional	remote_sequence
SCF:0004328	AC:003697	A0A0F7UXI8	B6KC70	B9PHL8	SP:0003697	SP:0017111	gt24	CF-C-provisional	remote_sequence
SCF:0004329	AC:003698	F2Z602	Q875N2	Q6CLU4	SP:0003698	SP:0017116	gt24	CF-C-provisional	medium
SCF:0004330	AC:003698	F2Z602	Q875N2	Q6CVZ5	SP:0003698	SP:0017117	gt24	CF-C-provisional	remote_sequence
SCF:0004331	AC:003698	F2Z602	Q875N2	Q6CW78	SP:0003698	SP:0017118	gt24	CF-C-provisional	remote_sequence
SCF:0004332	AC:003698	Q875N2	F2Z602	Q6CX80	SP:0003698	SP:0017119	gt24	CF-C-provisional	remote_sequence
SCF:0004333	AC:003699	Q12690	Q99257	Q12080	SP:0003699	SP:0017123	gt24	CF-C-provisional	remote_sequence
SCF:0004334	AC:003699	Q99257	Q12690	P0CX43	SP:0003699	SP:0017125	gt24	CF-C-provisional	remote_sequence
SCF:0004335	AC:003699	Q99257	Q12690	Q07915	SP:0003699	SP:0017126	gt24	CF-C-provisional	remote_sequence
SCF:0004336	AC:003701	P51970	P03923	O43674	SP:0003701	SP:0017136	gt24	CF-C-provisional	medium
SCF:0004337	AC:003702	P79015	Q9UTI8	Q9USX4	SP:0003702	SP:0015890	gt24	CF-C-provisional	remote_sequence
SCF:0004338	AC:003702	P79015	Q9UTI8	Q9USG6	SP:0003702	SP:0017139	gt24	CF-C-provisional	remote_sequence
SCF:0004339	AC:003704	A1WWW3	A1WWW6	A1WWW2	SP:0003704	SP:0017150	gt24	CF-C-provisional	remote_sequence
SCF:0004340	AC:003704	A1WWW6	A1WWW3	A1WXF8	SP:0003704	SP:0017153	gt24	CF-C-provisional	medium
SCF:0004341	AC:003704	A1WWW6	A1WWW3	A1WWW5	SP:0003704	SP:0017154	gt24	CF-C-provisional	medium
SCF:0004342	AC:003705	P0CG47	P48556	O00231	SP:0003705	SP:0017156	gt24	CF-C-provisional	remote_sequence
SCF:0004343	AC:003705	P0CG47	P48556	P43686	SP:0003705	SP:0017157	gt24	CF-C-provisional	remote_sequence
SCF:0004344	AC:003705	P0CG47	P48556	P51665	SP:0003705	SP:0017158	gt24	CF-C-provisional	remote_sequence
SCF:0004345	AC:003705	P48556	P0CG47	P51665	SP:0003705	SP:0017159	gt24	CF-C-provisional	remote_sequence
SCF:0004346	AC:003705	P48556	P0CG47	O75832	SP:0003705	SP:0017160	gt24	CF-C-provisional	remote_sequence
SCF:0004347	AC:003706	P38249	P0CX47	Q6CWU3	SP:0003706	SP:0017165	gt24	CF-C-provisional	remote_sequence
SCF:0004348	AC:003707	Q9H875	O75643	Q6P2Q9	SP:0003707	SP:0017171	gt24	CF-C-provisional	remote_sequence
SCF:0004349	AC:003708	G1SVB0	A0A5F9CZR4	P41227	SP:0003708	SP:0017177	gt24	CF-C-provisional	remote_sequence
SCF:0004350	AC:003709	A0A6P3DZ89	A0A6P3E3I5	O78747	SP:0003709	SP:0017180	gt24	CF-C-provisional	remote_sequence
SCF:0004351	AC:003709	A0A6P3E3I5	A0A6P3DZ89	A0A6P3EKX5	SP:0003709	SP:0013860	gt24	CF-C-provisional	remote_sequence
SCF:0004352	AC:003711	Q4FUF3	Q4FVL1	Q4FS21	SP:0003711	SP:0017188	gt24	CF-C-provisional	remote_sequence
SCF:0004353	AC:003713	P35679	Q9UTI8	O42706	SP:0003713	SP:0017196	gt24	CF-C-provisional	medium
SCF:0004354	AC:003713	P35679	Q9UTI8	O94658	SP:0003713	SP:0014601	gt24	CF-C-provisional	medium
SCF:0004355	AC:003714	Q86Y39	O95139	O95298	SP:0003714	SP:0017201	gt24	CF-C-provisional	remote_sequence
SCF:0004356	AC:003715	A0A1B4XKV5	A0A1B4XMV6	A0A1B4XMB1	SP:0003715	SP:0017204	gt24	CF-C-provisional	remote_sequence
SCF:0004357	AC:003716	Q9VQM2	Q9W402	Q9V3L7	SP:0003716	SP:0017210	gt24	CF-C-provisional	remote_sequence
SCF:0004358	AC:003716	Q9W402	Q9VQM2	Q9W380	SP:0003716	SP:0014109	gt24	CF-C-provisional	remote_sequence
SCF:0004359	AC:003716	Q9W402	Q9VQM2	A8DYC4	SP:0003716	SP:0017212	gt24	CF-C-provisional	remote_sequence
SCF:0004360	AC:003718	P38624	Q12377	P40327	SP:0003718	SP:0017218	gt24	CF-C-provisional	remote_sequence
SCF:0004361	AC:003718	Q12377	P38624	P40302	SP:0003718	SP:0017221	gt24	CF-C-provisional	remote_sequence
SCF:0004362	AC:003718	Q12377	P38624	P23638	SP:0003718	SP:0017222	gt24	CF-C-provisional	remote_sequence
SCF:0004363	AC:003718	Q12377	P38624	P40303	SP:0003718	SP:0017223	gt24	CF-C-provisional	remote_sequence
SCF:0004364	AC:003721	Q39580	Q01657	P12759	SP:0003721	SP:0017239	gt24	CF-C-provisional	remote_sequence
SCF:0004365	AC:003722	P32639	P19736	Q12309	SP:0003722	SP:0017245	gt24	CF-C-provisional	remote_sequence
SCF:0004366	AC:003722	P32639	P19736	Q12420	SP:0003722	SP:0017246	gt24	CF-C-provisional	remote_sequence
SCF:0004367	AC:003724	A4I357	A4I384	A4HV47	SP:0003724	SP:0017254	gt24	CF-C-provisional	remote_sequence
SCF:0004368	AC:003724	A4I357	A4I384	A0A381MU64	SP:0003724	SP:0017255	gt24	CF-C-provisional	remote_sequence
SCF:0004369	AC:003724	A4I357	A4I384	A4HVX3	SP:0003724	SP:0017256	gt24	CF-C-provisional	remote_sequence
SCF:0004370	AC:003724	A4I384	A4I357	A4HVX3	SP:0003724	SP:0017257	gt24	CF-C-provisional	medium
SCF:0004371	AC:003724	A4I384	A4I357	Q9GNZ8	SP:0003724	SP:0014295	gt24	CF-C-provisional	medium
SCF:0004372	AC:003724	A4I384	A4I357	A4ICV5	SP:0003724	SP:0017258	gt24	CF-C-provisional	remote_sequence
SCF:0004373	AC:003725	P03899	P03921	P03893	SP:0003725	SP:0017259	gt24	CF-C-provisional	remote_sequence
SCF:0004374	AC:003726	A0A3B5XX39	A0A9R1HBE9	Q5XUU9	SP:0003726	SP:0017265	gt24	CF-C-provisional	remote_sequence
SCF:0004375	AC:003726	A0A9R1HBE9	A0A3B5XX39	A0A3B6PK86	SP:0003726	SP:0017268	gt24	CF-C-provisional	remote_sequence
SCF:0004376	AC:003727	Q385R2	Q584U8	Q38AX6	SP:0003727	SP:0017271	gt24	CF-C-provisional	remote_sequence
SCF:0004377	AC:003727	Q584U8	Q385R2	Q586P5	SP:0003727	SP:0017274	gt24	CF-C-provisional	remote_sequence
SCF:0004378	AC:003727	Q584U8	Q385R2	C9ZJE4	SP:0003727	SP:0017275	gt24	CF-C-provisional	remote_sequence
SCF:0004379	AC:003727	Q584U8	Q385R2	Q387C7	SP:0003727	SP:0017276	gt24	CF-C-provisional	remote_sequence
SCF:0004380	AC:003730	Q7K1C0	Q9VJZ4	Q7JZK1	SP:0003730	SP:0017284	gt24	CF-C-provisional	remote_sequence
SCF:0004381	AC:003734	P05747	P33201	P33442	SP:0003734	SP:0017301	gt24	CF-C-provisional	medium
SCF:0004382	AC:003734	P05747	P33201	Q02326	SP:0003734	SP:0017303	gt24	CF-C-provisional	remote_sequence
SCF:0004383	AC:003734	P33201	P05747	P05745	SP:0003734	SP:0017304	gt24	CF-C-provisional	remote_sequence
SCF:0004384	AC:003735	A0A0R4J8D6	A0A480J9Z6	A0A287B9C4	SP:0003735	SP:0017307	gt24	CF-C-provisional	medium
SCF:0004385	AC:003736	F1RWJ0	A0A0R4J8D6	A0A8D0VGD9	SP:0003736	SP:0017315	gt24	CF-C-provisional	remote_sequence
SCF:0004386	AC:003736	F1RWJ0	A0A0R4J8D6	A0A4X1U6S6	SP:0003736	SP:0017316	gt24	CF-C-provisional	remote_sequence
SCF:0004387	AC:003737	Q6C4W9	Q6C926	Q6C7X2	SP:0003737	SP:0017318	gt24	CF-C-provisional	high
SCF:0004388	AC:003737	Q6C926	Q6C4W9	Q6C1R9	SP:0003737	SP:0017321	gt24	CF-C-provisional	remote_sequence
SCF:0004389	AC:003738	O94659	P0CT68	O94238	SP:0003738	SP:0017324	gt24	CF-C-provisional	medium
SCF:0004390	AC:003738	O94659	P0CT68	O74895	SP:0003738	SP:0017325	gt24	CF-C-provisional	remote_sequence
SCF:0004391	AC:003739	A0A8D0K6B5	A0A4X1ULW2	A0A0U1RS44	SP:0003739	SP:0017333	gt24	CF-C-provisional	remote_sequence
SCF:0004392	AC:003740	P23193	Q7KZ85	P30876	SP:0003740	SP:0017336	gt24	CF-C-provisional	remote_sequence
SCF:0004393	AC:003740	P23193	Q7KZ85	P24928	SP:0003740	SP:0017337	gt24	CF-C-provisional	remote_sequence
SCF:0004394	AC:003740	Q7KZ85	P23193	I3LCH3	SP:0003740	SP:0017338	gt24	CF-C-provisional	remote_sequence
SCF:0004395	AC:003743	G0SFC3	G0S4S2	G0S2I7	SP:0003743	SP:0017350	gt24	CF-C-provisional	medium
SCF:0004396	AC:003743	G0SFC3	G0S4S2	G0RXZ3	SP:0003743	SP:0017351	gt24	CF-C-provisional	remote_sequence
SCF:0004397	AC:003743	G0SFC3	G0S4S2	G0RXW1	SP:0003743	SP:0017352	gt24	CF-C-provisional	remote_sequence
SCF:0004398	AC:003745	P62851	Q8N9N8	P62753	SP:0003745	SP:0016386	gt24	CF-C-provisional	remote_sequence
SCF:0004399	AC:003745	P62851	Q8N9N8	P62280	SP:0003745	SP:0017360	gt24	CF-C-provisional	remote_sequence
SCF:0004400	AC:003745	Q8N9N8	P62851	P39019	SP:0003745	SP:0016384	gt24	CF-C-provisional	remote_sequence
SCF:0004401	AC:003746	P62917	Q6DKI1	P18124	SP:0003746	SP:0017363	gt24	CF-C-provisional	medium
SCF:0004402	AC:003746	P62917	Q6DKI1	O95478	SP:0003746	SP:0017364	gt24	CF-C-provisional	medium
SCF:0004403	AC:003746	P62917	Q6DKI1	Q02878	SP:0003746	SP:0016705	gt24	CF-C-provisional	remote_sequence
SCF:0004404	AC:003746	Q6DKI1	P62917	O95478	SP:0003746	SP:0016703	gt24	CF-C-provisional	remote_sequence
SCF:0004405	AC:003747	P12878	P21467	P21470	SP:0003747	SP:0010404	gt24	CF-C-provisional	medium
SCF:0004406	AC:003747	P12878	P21467	P21472	SP:0003747	SP:0016407	gt24	CF-C-provisional	remote_sequence
SCF:0004407	AC:003748	P05745	Q12024	P10664	SP:0003748	SP:0017369	gt24	CF-C-provisional	remote_sequence
SCF:0004408	AC:003748	P05745	Q12024	P53136	SP:0003748	SP:0015894	gt24	CF-C-provisional	remote_sequence
SCF:0004409	AC:003749	P04650	Q07915	P26784	SP:0003749	SP:0017372	gt24	CF-C-provisional	remote_sequence
SCF:0004410	AC:003749	P04650	Q07915	P0CX84	SP:0003749	SP:0016088	gt24	CF-C-provisional	remote_sequence
SCF:0004411	AC:003751	Q96JB5	Q9Y3U8	P62750	SP:0003751	SP:0017377	gt24	CF-C-provisional	remote_sequence
SCF:0004412	AC:003751	Q96JB5	Q9Y3U8	P42766	SP:0003751	SP:0017378	gt24	CF-C-provisional	remote_sequence
SCF:0004413	AC:003751	Q9Y3U8	Q96JB5	Q9NVP1	SP:0003751	SP:0016333	gt24	CF-C-provisional	remote_sequence
SCF:0004414	AC:003751	Q9Y3U8	Q96JB5	Q9BZE4	SP:0003751	SP:0017380	gt24	CF-C-provisional	remote_sequence
SCF:0004415	AC:003751	Q9Y3U8	Q96JB5	O00541	SP:0003751	SP:0013920	gt24	CF-C-provisional	remote_sequence
SCF:0004416	AC:003754	P25382	P33201	P40078	SP:0003754	SP:0017384	gt24	CF-C-provisional	medium
SCF:0004417	AC:003754	P25382	P33201	Q02326	SP:0003754	SP:0017385	gt24	CF-C-provisional	remote_sequence
SCF:0004418	AC:003754	P25382	P33201	P38779	SP:0003754	SP:0017386	gt24	CF-C-provisional	remote_sequence
SCF:0004419	AC:003754	P33201	P25382	P14126	SP:0003754	SP:0017387	gt24	CF-C-provisional	remote_sequence
SCF:0004420	AC:003757	P50914	Q96A33	P39023	SP:0003757	SP:0017393	gt24	CF-C-provisional	remote_sequence
SCF:0004421	AC:003759	C4LTA0	C4M751	C4LXZ0	SP:0003759	SP:0017405	gt24	CF-C-provisional	remote_sequence
SCF:0004422	AC:003759	C4LTA0	C4M751	C4LU56	SP:0003759	SP:0017406	gt24	CF-C-provisional	remote_sequence
SCF:0004423	AC:003761	A0A7S0VJV3	Q8LYW0	Q8LYV9	SP:0003761	SP:0017413	gt24	CF-C-provisional	remote_sequence
SCF:0004424	AC:003762	G0S992	G0SAJ9	G0S7X0	SP:0003762	SP:0017420	gt24	CF-C-provisional	remote_sequence
SCF:0004425	AC:003762	G0SAJ9	G0S992	G0S507	SP:0003762	SP:0017422	gt24	CF-C-provisional	remote_sequence
SCF:0004426	AC:003763	Q4JAX5	O05641	Q4JB46	SP:0003763	SP:0017428	gt24	CF-C-provisional	remote_sequence
SCF:0004427	AC:003764	P62318	Q8WUD4	Q9UDW3	SP:0003764	SP:0017431	gt24	CF-C-provisional	remote_sequence
SCF:0004428	AC:003765	P33308	Q06213	P47822	SP:0003765	SP:0017434	gt24	CF-C-provisional	medium
SCF:0004429	AC:003765	Q06213	P33308	P47822	SP:0003765	SP:0017435	gt24	CF-C-provisional	medium
SCF:0004430	AC:003766	P11471	P92277	O19930	SP:0003766	SP:0013048	gt24	CF-C-provisional	remote_sequence
SCF:0004431	AC:003766	P92277	P11471	Q93VE0	SP:0003766	SP:0017438	gt24	CF-C-provisional	medium
SCF:0004432	AC:003766	P92277	P11471	A8HY43	SP:0003766	SP:0013017	gt24	CF-C-provisional	remote_sequence
SCF:0004433	AC:003767	Q9USZ6	O94476	Q9P784	SP:0003767	SP:0017442	gt24	CF-C-provisional	remote_sequence
SCF:0004434	AC:003769	O51719	P94268	O51450	SP:0003769	SP:0017449	gt24	CF-C-provisional	remote_sequence
SCF:0004435	AC:003770	A0A9J4RF13	G4WUW1	A0A9J4RF17	SP:0003770	SP:0017452	gt24	CF-C-provisional	high
SCF:0004436	AC:003770	A0A9J4RF13	G4WUW1	A1XKU7	SP:0003770	SP:0017453	gt24	CF-C-provisional	medium
SCF:0004437	AC:003770	G4WUW1	A0A9J4RF13	A0A9J4RF17	SP:0003770	SP:0017454	gt24	CF-C-provisional	remote_sequence
SCF:0004438	AC:003771	Q9B6D3	F2Z660	Q9UUU2	SP:0003771	SP:0017458	gt24	CF-C-provisional	high
SCF:0004439	AC:003772	P09597	P82231	P08242	SP:0003772	SP:0015791	gt24	CF-C-provisional	remote_sequence
SCF:0004440	AC:003774	Q02878	E9PRG8	P62910	SP:0003774	SP:0017474	gt24	CF-C-provisional	medium
SCF:0004441	AC:003774	Q02878	E9PRG8	P47914	SP:0003774	SP:0017475	gt24	CF-C-provisional	remote_sequence
SCF:0004442	AC:003774	Q02878	E9PRG8	P62750	SP:0003774	SP:0017476	gt24	CF-C-provisional	remote_sequence
SCF:0004443	AC:003776	O54408	P12879	P12875	SP:0003776	SP:0017482	gt24	CF-C-provisional	remote_sequence
SCF:0004444	AC:003776	O54408	P12879	P20282	SP:0003776	SP:0015514	gt24	CF-C-provisional	remote_sequence
SCF:0004445	AC:003778	Q96EL3	Q9H9J2	P52815	SP:0003778	SP:0017484	gt24	CF-C-provisional	remote_sequence
SCF:0004446	AC:003781	P0CX25	P33201	P33442	SP:0003781	SP:0017498	gt24	CF-C-provisional	medium
SCF:0004447	AC:003781	P0CX25	P33201	B3RHV0	SP:0003781	SP:0017499	gt24	CF-C-provisional	medium
SCF:0004448	AC:003781	P0CX25	P33201	Q02326	SP:0003781	SP:0017500	gt24	CF-C-provisional	remote_sequence
SCF:0004449	AC:003781	P33201	P0CX25	P05744	SP:0003781	SP:0017501	gt24	CF-C-provisional	remote_sequence
SCF:0004450	AC:003783	Q4JAV1	Q4JB17	P17198	SP:0003783	SP:0017506	gt24	CF-C-provisional	remote_sequence
SCF:0004451	AC:003784	P07012	P0A7V3	P60438	SP:0003784	SP:0017509	gt24	CF-C-provisional	remote_sequence
SCF:0004452	AC:003787	A0A1B4XKR6	A0A1B4XKU3	A0A1B4XPL8	SP:0003787	SP:0017523	gt24	CF-C-provisional	remote_sequence
SCF:0004453	AC:003787	A0A1B4XKR6	A0A1B4XKU3	A0A1B4XKR3	SP:0003787	SP:0017524	gt24	CF-C-provisional	remote_sequence
SCF:0004454	AC:003788	Q836R0	Q836X6	Q839F9	SP:0003788	SP:0017528	gt24	CF-C-provisional	medium
SCF:0004455	AC:003788	Q836R0	Q836X6	Q839E8	SP:0003788	SP:0017529	gt24	CF-C-provisional	remote_sequence
SCF:0004456	AC:003788	Q836R0	Q836X6	Q839G2	SP:0003788	SP:0017530	gt24	CF-C-provisional	remote_sequence
SCF:0004457	AC:003789	P82923	P82669	P82917	SP:0003789	SP:0017537	gt24	CF-C-provisional	remote_sequence
SCF:0004458	AC:003790	P38077	P30902	P05626	SP:0003790	SP:0017542	gt24	CF-C-provisional	remote_sequence
SCF:0004459	AC:003790	P38077	P30902	P13621	SP:0003790	SP:0017543	gt24	CF-C-provisional	remote_sequence
SCF:0004460	AC:003791	P0A7K2	P0ADY3	P0A7R1	SP:0003791	SP:0017545	gt24	CF-C-provisional	remote_sequence
SCF:0004461	AC:003791	P0ADY3	P0A7K2	P0C018	SP:0003791	SP:0017549	gt24	CF-C-provisional	remote_sequence
SCF:0004462	AC:003791	P0ADY3	P0A7K2	P0ADY7	SP:0003791	SP:0017550	gt24	CF-C-provisional	remote_sequence
SCF:0004463	AC:003794	P35268	P61927	P49207	SP:0003794	SP:0017554	gt24	CF-C-provisional	medium
SCF:0004464	AC:003794	P61927	P35268	P42766	SP:0003794	SP:0017557	gt24	CF-C-provisional	medium
SCF:0004465	AC:003794	P61927	P35268	P61353	SP:0003794	SP:0017558	gt24	CF-C-provisional	medium
SCF:0004466	AC:003794	P61927	P35268	P46779	SP:0003794	SP:0017559	gt24	CF-C-provisional	medium
SCF:0004467	AC:003795	P0CX29	P41819	P25627	SP:0003795	SP:0017560	gt24	CF-C-provisional	remote_sequence
SCF:0004468	AC:003795	P0CX29	P41819	P32905	SP:0003795	SP:0015881	gt24	CF-C-provisional	remote_sequence
SCF:0004469	AC:003795	P0CX29	P41819	P26783	SP:0003795	SP:0017561	gt24	CF-C-provisional	remote_sequence
SCF:0004470	AC:003796	I3LGM5	A0A8D1P1C8	A0A4X1TXR4	SP:0003796	SP:0017566	gt24	CF-C-provisional	remote_sequence
SCF:0004471	AC:003797	P23724	Q06103	P40016	SP:0003797	SP:0017569	gt24	CF-C-provisional	remote_sequence
SCF:0004472	AC:003797	P23724	Q06103	P40327	SP:0003797	SP:0015729	gt24	CF-C-provisional	remote_sequence
SCF:0004473	AC:003797	Q06103	P23724	P21242	SP:0003797	SP:0017572	gt24	CF-C-provisional	remote_sequence
SCF:0004474	AC:003797	Q06103	P23724	P40303	SP:0003797	SP:0017573	gt24	CF-C-provisional	remote_sequence
SCF:0004475	AC:003798	P0CX49	Q08962	P05738	SP:0003798	SP:0017574	gt24	CF-C-provisional	medium
SCF:0004476	AC:003798	P0CX49	Q08962	P51401	SP:0003798	SP:0017575	gt24	CF-C-provisional	remote_sequence
SCF:0004477	AC:003798	P0CX49	Q08962	P05737	SP:0003798	SP:0017576	gt24	CF-C-provisional	remote_sequence
SCF:0004478	AC:003798	Q08962	P0CX49	P43586	SP:0003798	SP:0006256	gt24	CF-C-provisional	remote_sequence
SCF:0004479	AC:003799	Q586A1	Q388L7	Q389T7	SP:0003799	SP:0017582	gt24	CF-C-provisional	remote_sequence
SCF:0004480	AC:003800	G0SEG2	G0SFL0	G0SEI1	SP:0003800	SP:0017585	gt24	CF-C-provisional	medium
SCF:0004481	AC:003800	G0SFL0	G0SEG2	G0RXZ3	SP:0003800	SP:0017588	gt24	CF-C-provisional	medium
SCF:0004482	AC:003800	G0SFL0	G0SEG2	G0SFC3	SP:0003800	SP:0017589	gt24	CF-C-provisional	remote_sequence
SCF:0004483	AC:003800	G0SFL0	G0SEG2	G0S7X0	SP:0003800	SP:0017590	gt24	CF-C-provisional	remote_sequence
SCF:0004484	AC:003801	Q8Y445	Q8Y450	Q8Y458	SP:0003801	SP:0017592	gt24	CF-C-provisional	remote_sequence
SCF:0004485	AC:003801	Q8Y445	Q8Y450	O53083	SP:0003801	SP:0017593	gt24	CF-C-provisional	remote_sequence
SCF:0004486	AC:003801	Q8Y450	Q8Y445	Q8Y443	SP:0003801	SP:0017594	gt24	CF-C-provisional	medium
SCF:0004487	AC:003802	P34232	P04456	P05749	SP:0003802	SP:0017600	gt24	CF-C-provisional	remote_sequence
SCF:0004488	AC:003804	P03929	P05630	P13619	SP:0003804	SP:0013025	gt24	CF-C-provisional	remote_sequence
SCF:0004489	AC:003806	Q5JIY8	Q5JJG3	Q5JJG5	SP:0003806	SP:0017615	gt24	CF-C-provisional	medium
SCF:0004490	AC:003808	P52657	P19387	Q7Z7C8	SP:0003808	SP:0017627	gt24	CF-C-provisional	remote_sequence
SCF:0004491	AC:003810	O43172	P62312	P62306	SP:0003810	SP:0017635	gt24	CF-C-provisional	high
SCF:0004492	AC:003810	O43172	P62312	P62308	SP:0003810	SP:0017636	gt24	CF-C-provisional	remote_sequence
SCF:0004493	AC:003812	Q9Y4Z0	Q9Y4Y9	Q9UK45	SP:0003812	SP:0017648	gt24	CF-C-provisional	remote_sequence
SCF:0004494	AC:003812	Q9Y4Z0	Q9Y4Y9	O95777	SP:0003812	SP:0017649	gt24	CF-C-provisional	remote_sequence
SCF:0004495	AC:003816	Q12522	P25694	Q03532	SP:0003816	SP:0014710	gt24	CF-C-provisional	remote_sequence
SCF:0004496	AC:003816	Q12522	P25694	Q04311	SP:0003816	SP:0014711	gt24	CF-C-provisional	remote_sequence
SCF:0004497	AC:003816	Q12522	P25694	P25582	SP:0003816	SP:0017668	gt24	CF-C-provisional	remote_sequence
SCF:0004498	AC:003817	P47150	P10662	P32902	SP:0003817	SP:0017672	gt24	CF-C-provisional	medium
SCF:0004499	AC:003817	P47150	P10662	Q01163	SP:0003817	SP:0017673	gt24	CF-C-provisional	remote_sequence
SCF:0004500	AC:003817	P47150	P10662	P17558	SP:0003817	SP:0017674	gt24	CF-C-provisional	remote_sequence
SCF:0004501	AC:003819	G0S6V4	G0SFL0	G0RXZ3	SP:0003819	SP:0016341	gt24	CF-C-provisional	remote_sequence
SCF:0004502	AC:003819	G0SFL0	G0S6V4	G0SCE2	SP:0003819	SP:0014898	gt24	CF-C-provisional	remote_sequence
SCF:0004503	AC:003821	C0H4L5	O97231	Q8IIB4	SP:0003821	SP:0017686	gt24	CF-C-provisional	remote_sequence
SCF:0004504	AC:003823	P27069	Q6CWU3	Q875N2	SP:0003823	SP:0017695	gt24	CF-C-provisional	remote_sequence
SCF:0004505	AC:003823	P27069	Q6CWU3	Q6CX80	SP:0003823	SP:0017696	gt24	CF-C-provisional	remote_sequence
SCF:0004506	AC:003823	Q6CWU3	P27069	Q6CW78	SP:0003823	SP:0017698	gt24	CF-C-provisional	remote_sequence
SCF:0004507	AC:003824	P25382	P26784	P0C0W9	SP:0003824	SP:0017701	gt24	CF-C-provisional	medium
SCF:0004508	AC:003824	P26784	P25382	P14126	SP:0003824	SP:0017703	gt24	CF-C-provisional	remote_sequence
SCF:0004509	AC:003825	S5U3X7	S5TMP9	S5TF58	SP:0003825	SP:0017707	gt24	CF-C-provisional	medium
SCF:0004510	AC:003825	S5U3X7	S5TMP9	S5U4R9	SP:0003825	SP:0017708	gt24	CF-C-provisional	remote_sequence
SCF:0004511	AC:003827	Q4G3B8	A0A7S3WIW7	A0A0D3JRC1	SP:0003827	SP:0017714	gt24	CF-C-provisional	medium
SCF:0004512	AC:003827	Q4G3B8	A0A7S3WIW7	R1FED1	SP:0003827	SP:0017715	gt24	CF-C-provisional	medium
SCF:0004513	AC:003827	Q4G3B8	A0A7S3WIW7	Q4G3B9	SP:0003827	SP:0017716	gt24	CF-C-provisional	remote_sequence
SCF:0004514	AC:003828	Q2KIB5	Q2TA24	P23956	SP:0003828	SP:0017717	gt24	CF-C-provisional	medium
SCF:0004515	AC:003829	A0A8D2CGH8	O79882	F1SGC6	SP:0003829	SP:0014722	gt24	CF-C-provisional	medium
SCF:0004516	AC:003832	P60438	P60785	P0AG67	SP:0003832	SP:0015340	gt24	CF-C-provisional	remote_sequence
SCF:0004517	AC:003832	P60438	P60785	P0AFF6	SP:0003832	SP:0008311	gt24	CF-C-provisional	remote_sequence
SCF:0004518	AC:003832	P60785	P60438	P0AG55	SP:0003832	SP:0017734	gt24	CF-C-provisional	remote_sequence
SCF:0004519	AC:003833	Q9RXJ0	Q9RSW6	Q9RSL2	SP:0003833	SP:0017740	gt24	CF-C-provisional	remote_sequence
SCF:0004520	AC:003834	Q2FEQ3	Q2FEQ5	Q2FJ95	SP:0003834	SP:0017743	gt24	CF-C-provisional	remote_sequence
SCF:0004521	AC:003834	Q2FEQ5	Q2FEQ3	Q2FJ95	SP:0003834	SP:0017746	gt24	CF-C-provisional	medium
SCF:0004522	AC:003834	Q2FEQ5	Q2FEQ3	Q2FEP9	SP:0003834	SP:0017747	gt24	CF-C-provisional	remote_sequence
SCF:0004523	AC:003834	Q2FEQ5	Q2FEQ3	Q2FEQ0	SP:0003834	SP:0017748	gt24	CF-C-provisional	remote_sequence
SCF:0004524	AC:003835	Q22AX5	Q23TC8	Q00454	SP:0003835	SP:0017749	gt24	CF-C-provisional	medium
SCF:0004525	AC:003835	Q22AX5	Q23TC8	P0DJ51	SP:0003835	SP:0017750	gt24	CF-C-provisional	remote_sequence
SCF:0004526	AC:003835	Q22AX5	Q23TC8	P0DJ23	SP:0003835	SP:0017751	gt24	CF-C-provisional	remote_sequence
SCF:0004527	AC:003835	Q23TC8	Q22AX5	P0DJ56	SP:0003835	SP:0016762	gt24	CF-C-provisional	remote_sequence
SCF:0004528	AC:003838	Q5JE20	Q5JJG8	Q5JIV0	SP:0003838	SP:0017765	gt24	CF-C-provisional	remote_sequence
SCF:0004529	AC:003839	Q8VCD5	Q8VCS6	Q920D3	SP:0003839	SP:0017769	gt24	CF-C-provisional	remote_sequence
SCF:0004530	AC:003840	P52505	P03898	P03902	SP:0003840	SP:0017776	gt24	CF-C-provisional	medium
SCF:0004531	AC:003842	Q2FER6	Q2FEQ3	Q2FEP4	SP:0003842	SP:0017782	gt24	CF-C-provisional	medium
SCF:0004532	AC:003842	Q2FER6	Q2FEQ3	Q2FJ95	SP:0003842	SP:0017783	gt24	CF-C-provisional	medium
SCF:0004533	AC:003842	Q2FER6	Q2FEQ3	Q2FG58	SP:0003842	SP:0017784	gt24	CF-C-provisional	remote_sequence
SCF:0004534	AC:003844	Q2FW21	Q2FW38	Q2FW33	SP:0003844	SP:0017785	gt24	CF-C-provisional	remote_sequence
SCF:0004535	AC:003844	Q2FW21	Q2FW38	Q2FW30	SP:0003844	SP:0017786	gt24	CF-C-provisional	remote_sequence
SCF:0004536	AC:003844	Q2FW21	Q2FW38	Q5HID0	SP:0003844	SP:0017787	gt24	CF-C-provisional	remote_sequence
SCF:0004537	AC:003844	Q2FW38	Q2FW21	P0A0F8	SP:0003844	SP:0012714	gt24	CF-C-provisional	medium
SCF:0004538	AC:003844	Q2FW38	Q2FW21	Q2FW18	SP:0003844	SP:0017788	gt24	CF-C-provisional	remote_sequence
SCF:0004539	AC:003845	Q9UNZ5	O00488	P42766	SP:0003845	SP:0017791	gt24	CF-C-provisional	medium
SCF:0004540	AC:003847	Q921D4	Q9CQI9	Q62276	SP:0003847	SP:0017799	gt24	CF-C-provisional	remote_sequence
SCF:0004541	AC:003847	Q921D4	Q9CQI9	Q9DB91	SP:0003847	SP:0017800	gt24	CF-C-provisional	remote_sequence
SCF:0004542	AC:003849	Q9CZ82	Q9CZB6	Q9D7W5	SP:0003849	SP:0017806	gt24	CF-C-provisional	remote_sequence
SCF:0004543	AC:003849	Q9CZ82	Q9CZB6	Q62276	SP:0003849	SP:0017807	gt24	CF-C-provisional	remote_sequence
SCF:0004544	AC:003850	Q5I7K7	W5ECL2	A0A3B6NJZ9	SP:0003850	SP:0017812	gt24	CF-C-provisional	remote_sequence
SCF:0004545	AC:003851	P0CX55	O14467	Q01855	SP:0003851	SP:0017820	gt24	CF-C-provisional	medium
SCF:0004546	AC:003851	P0CX55	O14467	P05740	SP:0003851	SP:0017821	gt24	CF-C-provisional	remote_sequence
SCF:0004547	AC:003851	P0CX55	O14467	P0CX51	SP:0003851	SP:0017822	gt24	CF-C-provisional	remote_sequence
SCF:0004548	AC:003852	P0CX23	Q12532	P53145	SP:0003852	SP:0016015	gt24	CF-C-provisional	remote_sequence
SCF:0004549	AC:003852	P0CX23	Q12532	Q04311	SP:0003852	SP:0017824	gt24	CF-C-provisional	remote_sequence
SCF:0004550	AC:003853	P15819	Q54697	Q55354	SP:0003853	SP:0017828	gt24	CF-C-provisional	remote_sequence
SCF:0004551	AC:003853	P15819	Q54697	P74787	SP:0003853	SP:0017829	gt24	CF-C-provisional	remote_sequence
SCF:0004552	AC:003853	Q54697	P15819	P09191	SP:0003853	SP:0017831	gt24	CF-C-provisional	medium
SCF:0004553	AC:003854	Q6CGB4	Q9B6D3	Q9B6D6	SP:0003854	SP:0017834	gt24	CF-C-provisional	medium
SCF:0004554	AC:003854	Q6CGB4	Q9B6D3	Q9B6C8	SP:0003854	SP:0017835	gt24	CF-C-provisional	remote_sequence
SCF:0004555	AC:003856	P18933	P18932	P03896	SP:0003856	SP:0015998	gt24	CF-C-provisional	remote_sequence
SCF:0004556	AC:003857	W5I1R7	W5FPA7	W5AUH7	SP:0003857	SP:0011022	gt24	CF-C-provisional	remote_sequence
SCF:0004557	AC:003859	A0A1B4XKU1	A0A1B4XKU3	A0A1B4XKR3	SP:0003859	SP:0017851	gt24	CF-C-provisional	remote_sequence
SCF:0004558	AC:003859	A0A1B4XKU1	A0A1B4XKU3	A0A1B4XMC1	SP:0003859	SP:0017852	gt24	CF-C-provisional	remote_sequence
SCF:0004559	AC:003859	A0A1B4XKU3	A0A1B4XKU1	A0A1B4XKS7	SP:0003859	SP:0017854	gt24	CF-C-provisional	remote_sequence
SCF:0004560	AC:003860	A4HV47	A4HZI9	A4I357	SP:0003860	SP:0017254	gt24	CF-C-provisional	medium
SCF:0004561	AC:003860	A4HV47	A4HZI9	A4HN55	SP:0003860	SP:0017855	gt24	CF-C-provisional	medium
SCF:0004562	AC:003860	A4HV47	A4HZI9	A4IBS2	SP:0003860	SP:0017856	gt24	CF-C-provisional	medium
SCF:0004563	AC:003860	A4HZI9	A4HV47	A4IDD6	SP:0003860	SP:0015460	gt24	CF-C-provisional	medium
SCF:0004564	AC:003860	A4HZI9	A4HV47	A4HSQ5	SP:0003860	SP:0014292	gt24	CF-C-provisional	medium
SCF:0004565	AC:003860	A4HZI9	A4HV47	A4IDD0	SP:0003860	SP:0017857	gt24	CF-C-provisional	medium
SCF:0004566	AC:003861	G0S4M2	G0S832	G0SFD6	SP:0003861	SP:0017858	gt24	CF-C-provisional	remote_sequence
SCF:0004567	AC:003861	G0S832	G0S4M2	G0S7X0	SP:0003861	SP:0015119	gt24	CF-C-provisional	remote_sequence
SCF:0004568	AC:003862	A0A287BDC0	F1SIS9	A0A287AZF9	SP:0003862	SP:0017863	gt24	CF-C-provisional	medium
SCF:0004569	AC:003862	F1SIS9	A0A287BDC0	A0A4X1VVS8	SP:0003862	SP:0017867	gt24	CF-C-provisional	remote_sequence
SCF:0004570	AC:003862	F1SIS9	A0A287BDC0	F1RRC9	SP:0003862	SP:0017868	gt24	CF-C-provisional	remote_sequence
SCF:0004571	AC:003863	P0DJ23	P0DJ16	P0DJ60	SP:0003863	SP:0017873	gt24	CF-C-provisional	remote_sequence
SCF:0004572	AC:003864	P33442	P38333	Q12499	SP:0003864	SP:0017875	gt24	CF-C-provisional	remote_sequence
SCF:0004573	AC:003864	P33442	P38333	P47083	SP:0003864	SP:0017876	gt24	CF-C-provisional	remote_sequence
SCF:0004574	AC:003864	P33442	P38333	Q12460	SP:0003864	SP:0017877	gt24	CF-C-provisional	remote_sequence
SCF:0004575	AC:003867	O51638	O51405	O51347	SP:0003867	SP:0017893	gt24	CF-C-provisional	remote_sequence
SCF:0004576	AC:003868	Q9BI06	C4LVH6	C4M8R8	SP:0003868	SP:0017899	gt24	CF-C-provisional	remote_sequence
SCF:0004577	AC:003869	D3Z338	C6KI89	A2RTF1	SP:0003869	SP:0017902	gt24	CF-C-provisional	remote_sequence
SCF:0004578	AC:003873	A0A640KQX8	A0A640KZP5	A0A640KBV2	SP:0003873	SP:0017919	gt24	CF-C-provisional	medium
SCF:0004579	AC:003873	A0A640KQX8	A0A640KZP5	A0A640KGL4	SP:0003873	SP:0017920	gt24	CF-C-provisional	medium
SCF:0004580	AC:003873	A0A640KQX8	A0A640KZP5	A0A640KUX2	SP:0003873	SP:0017921	gt24	CF-C-provisional	remote_sequence
SCF:0004581	AC:003873	A0A640KZP5	A0A640KQX8	A0A640KBR2	SP:0003873	SP:0017922	gt24	CF-C-provisional	remote_sequence
SCF:0004582	AC:003873	A0A640KZP5	A0A640KQX8	A0A640KUX2	SP:0003873	SP:0017924	gt24	CF-C-provisional	remote_sequence
SCF:0004583	AC:003874	P62128	P82129	P09597	SP:0003874	SP:0017925	gt24	CF-C-provisional	remote_sequence
SCF:0004584	AC:003875	P30657	Q04062	Q08723	SP:0003875	SP:0017930	gt24	CF-C-provisional	remote_sequence
SCF:0004585	AC:003875	Q04062	P30657	P21242	SP:0003875	SP:0017933	gt24	CF-C-provisional	medium
SCF:0004586	AC:003875	Q04062	P30657	P23639	SP:0003875	SP:0017934	gt24	CF-C-provisional	remote_sequence
SCF:0004587	AC:003875	Q04062	P30657	P32496	SP:0003875	SP:0017935	gt24	CF-C-provisional	remote_sequence
SCF:0004588	AC:003877	F1SIS9	A0A480KM09	A0A4X1UIV8	SP:0003877	SP:0017944	gt24	CF-C-provisional	medium
SCF:0004589	AC:003878	O43660	Q8NAV1	O95926	SP:0003878	SP:0017947	gt24	CF-C-provisional	remote_sequence
SCF:0004590	AC:003878	Q8NAV1	O43660	Q96DI7	SP:0003878	SP:0017950	gt24	CF-C-provisional	remote_sequence
SCF:0004591	AC:003878	Q8NAV1	O43660	Q2TAY7	SP:0003878	SP:0017951	gt24	CF-C-provisional	remote_sequence
SCF:0004592	AC:003878	Q8NAV1	O43660	O43172	SP:0003878	SP:0011112	gt24	CF-C-provisional	remote_sequence
SCF:0004593	AC:003879	A0A6J4B0S3	A0A6J4B125	A0A6J4B150	SP:0003879	SP:0014444	gt24	CF-C-provisional	medium
SCF:0004594	AC:003879	A0A6J4B0S3	A0A6J4B125	A0A6J4B037	SP:0003879	SP:0014442	gt24	CF-C-provisional	medium
SCF:0004595	AC:003879	A0A6J4B0S3	A0A6J4B125	A0A6J4B0A4	SP:0003879	SP:0014862	gt24	CF-C-provisional	medium
SCF:0004596	AC:003879	A0A6J4B125	A0A6J4B0S3	A0A6J4B0A4	SP:0003879	SP:0017952	gt24	CF-C-provisional	medium
SCF:0004597	AC:003879	A0A6J4B125	A0A6J4B0S3	A0A6J4B499	SP:0003879	SP:0017953	gt24	CF-C-provisional	medium
SCF:0004598	AC:003879	A0A6J4B125	A0A6J4B0S3	A0A6J4B7P8	SP:0003879	SP:0017954	gt24	CF-C-provisional	medium
SCF:0004599	AC:003881	P42677	O75822	P23396	SP:0003881	SP:0016805	gt24	CF-C-provisional	remote_sequence
SCF:0004600	AC:003881	P42677	O75822	P46782	SP:0003881	SP:0017963	gt24	CF-C-provisional	remote_sequence
SCF:0004601	AC:003882	G0SBR7	G0S4E3	G0SFK8	SP:0003882	SP:0017967	gt24	CF-C-provisional	remote_sequence
SCF:0004602	AC:003883	Q2FXS8	Q2FW20	Q2FW11	SP:0003883	SP:0017970	gt24	CF-C-provisional	medium
SCF:0004603	AC:003883	Q2FXS8	Q2FW20	P0A0H0	SP:0003883	SP:0009362	gt24	CF-C-provisional	medium
SCF:0004604	AC:003883	Q2FXS8	Q2FW20	Q2FXT0	SP:0003883	SP:0017971	gt24	CF-C-provisional	remote_sequence
SCF:0004605	AC:003884	O51206	O51456	O51314	SP:0003884	SP:0017972	gt24	CF-C-provisional	remote_sequence
SCF:0004606	AC:003885	G0S0D6	G0RYQ7	G0S4P8	SP:0003885	SP:0017976	gt24	CF-C-provisional	remote_sequence
SCF:0004607	AC:003886	P0A7J7	P36675	P0A7M2	SP:0003886	SP:0017977	gt24	CF-C-provisional	medium
SCF:0004608	AC:003887	A0A0U5ALU0	A0A0U5AP82	A0A660JMC7	SP:0003887	SP:0017983	gt24	CF-C-provisional	remote_sequence
SCF:0004609	AC:003887	A0A0U5ALU0	A0A0U5AP82	A0A0U5A6S7	SP:0003887	SP:0017984	gt24	CF-C-provisional	remote_sequence
SCF:0004610	AC:003887	A0A0U5AP82	A0A0U5ALU0	A0A0U4VSH7	SP:0003887	SP:0014818	gt24	CF-C-provisional	remote_sequence
SCF:0004611	AC:003887	A0A0U5AP82	A0A0U5ALU0	A0A0U5ADD0	SP:0003887	SP:0017987	gt24	CF-C-provisional	remote_sequence
SCF:0004612	AC:003889	A0A2I0BP34	W7JKG5	A0A2I0BU46	SP:0003889	SP:0017994	gt24	CF-C-provisional	medium
SCF:0004613	AC:003889	A0A2I0BP34	W7JKG5	W7KN95	SP:0003889	SP:0017995	gt24	CF-C-provisional	medium
SCF:0004614	AC:003889	A0A2I0BP34	W7JKG5	A0A2I0BS43	SP:0003889	SP:0017996	gt24	CF-C-provisional	remote_sequence
SCF:0004615	AC:003889	W7JKG5	A0A2I0BP34	W7KN95	SP:0003889	SP:0016683	gt24	CF-C-provisional	medium
SCF:0004616	AC:003889	W7JKG5	A0A2I0BP34	A0A2I0BS43	SP:0003889	SP:0016685	gt24	CF-C-provisional	medium
SCF:0004617	AC:003889	W7JKG5	A0A2I0BP34	W7K6A8	SP:0003889	SP:0016684	gt24	CF-C-provisional	remote_sequence
SCF:0004618	AC:003890	A0A3Q8IGI9	A0A504XJE6	A0A3S7X954	SP:0003890	SP:0017997	gt24	CF-C-provisional	remote_sequence
SCF:0004619	AC:003890	A0A3Q8IGI9	A0A504XJE6	A0A504XZK6	SP:0003890	SP:0017998	gt24	CF-C-provisional	remote_sequence
SCF:0004620	AC:003890	A0A3Q8IGI9	A0A504XJE6	A0A3S7X961	SP:0003890	SP:0017999	gt24	CF-C-provisional	remote_sequence
SCF:0004621	AC:003891	Q9CQC7	Q9CR21	Q9CQ54	SP:0003891	SP:0018003	gt24	CF-C-provisional	remote_sequence
SCF:0004622	AC:003891	Q9CR21	Q9CQC7	Q3UIU2	SP:0003891	SP:0016264	gt24	CF-C-provisional	remote_sequence
SCF:0004623	AC:003894	B6VNN4	B6VNP3	B6VNP1	SP:0003894	SP:0018014	gt24	CF-C-provisional	medium
SCF:0004624	AC:003894	B6VNP3	B6VNN4	B6VNN3	SP:0003894	SP:0018017	gt24	CF-C-provisional	remote_sequence
SCF:0004625	AC:003895	A0A640KJI7	A0A640KUX2	A0A640KBR2	SP:0003895	SP:0018020	gt24	CF-C-provisional	medium
SCF:0004626	AC:003895	A0A640KJI7	A0A640KUX2	A0A640KZP5	SP:0003895	SP:0018021	gt24	CF-C-provisional	remote_sequence
SCF:0004627	AC:003895	A0A640KJI7	A0A640KUX2	A0A640KBV2	SP:0003895	SP:0018022	gt24	CF-C-provisional	remote_sequence
SCF:0004628	AC:003895	A0A640KUX2	A0A640KJI7	A0A640KZP5	SP:0003895	SP:0017924	gt24	CF-C-provisional	medium
SCF:0004629	AC:003895	A0A640KUX2	A0A640KJI7	A0A640KBV2	SP:0003895	SP:0018023	gt24	CF-C-provisional	medium
SCF:0004630	AC:003895	A0A640KUX2	A0A640KJI7	A0A640KGL4	SP:0003895	SP:0018024	gt24	CF-C-provisional	medium
SCF:0004631	AC:003897	P49166	P47019	Q08004	SP:0003897	SP:0018030	gt24	CF-C-provisional	remote_sequence
SCF:0004632	AC:003897	P49166	P47019	P36105	SP:0003897	SP:0018031	gt24	CF-C-provisional	remote_sequence
SCF:0004633	AC:003898	Q9W380	Q9V3W2	Q9VTU2	SP:0003898	SP:0015495	gt24	CF-C-provisional	remote_sequence
SCF:0004634	AC:003899	O51314	O51441	O51206	SP:0003899	SP:0017972	gt24	CF-C-provisional	remote_sequence
SCF:0004635	AC:003899	O51314	O51441	O51447	SP:0003899	SP:0018037	gt24	CF-C-provisional	remote_sequence
SCF:0004636	AC:003899	O51441	O51314	O51206	SP:0003899	SP:0016793	gt24	CF-C-provisional	remote_sequence
SCF:0004637	AC:003900	G0S1Z0	G0SCS8	G0SF93	SP:0003900	SP:0018041	gt24	CF-C-provisional	remote_sequence
SCF:0004638	AC:003904	P19404	O95169	Q9NX14	SP:0003904	SP:0018061	gt24	CF-C-provisional	remote_sequence
SCF:0004639	AC:003906	P12878	P21468	P21473	SP:0003906	SP:0017367	gt24	CF-C-provisional	remote_sequence
SCF:0004640	AC:003906	P12878	P21468	P21476	SP:0003906	SP:0018066	gt24	CF-C-provisional	remote_sequence
SCF:0004641	AC:003907	E1UWD7	E1UWE6	E1UWD9	SP:0003907	SP:0018069	gt24	CF-C-provisional	remote_sequence
SCF:0004642	AC:003908	P0CX23	P0CX44	P05740	SP:0003908	SP:0018075	gt24	CF-C-provisional	remote_sequence
SCF:0004643	AC:003908	P0CX23	P0CX44	P38779	SP:0003908	SP:0018076	gt24	CF-C-provisional	remote_sequence
SCF:0004644	AC:003908	P0CX23	P0CX44	P41805	SP:0003908	SP:0018077	gt24	CF-C-provisional	remote_sequence
SCF:0004645	AC:003909	Q9D2R8	Q9D7N3	Q8BJZ4	SP:0003909	SP:0018081	gt24	CF-C-provisional	remote_sequence
SCF:0004646	AC:003909	Q9D2R8	Q9D7N3	Q61733	SP:0003909	SP:0018082	gt24	CF-C-provisional	remote_sequence
SCF:0004647	AC:003911	A0T0P5	B8BVI1	B8BUU4	SP:0003911	SP:0018089	gt24	CF-C-provisional	medium
SCF:0004648	AC:003911	A0T0P5	B8BVI1	B8BVI4	SP:0003911	SP:0018090	gt24	CF-C-provisional	medium
SCF:0004649	AC:003911	B8BVI1	A0T0P5	A0T0T1	SP:0003911	SP:0018091	gt24	CF-C-provisional	medium
SCF:0004650	AC:003911	B8BVI1	A0T0P5	A0A8F5GHI6	SP:0003911	SP:0018092	gt24	CF-C-provisional	medium
SCF:0004651	AC:003914	P05767	P0CT72	Q9USZ6	SP:0003914	SP:0017443	gt24	CF-C-provisional	remote_sequence
SCF:0004652	AC:003915	P35679	Q10330	P78946	SP:0003915	SP:0018107	gt24	CF-C-provisional	medium
SCF:0004653	AC:003915	P35679	Q10330	P79071	SP:0003915	SP:0018108	gt24	CF-C-provisional	medium
SCF:0004654	AC:003915	P35679	Q10330	O14069	SP:0003915	SP:0016477	gt24	CF-C-provisional	remote_sequence
SCF:0004655	AC:003915	Q10330	P35679	O94476	SP:0003915	SP:0018109	gt24	CF-C-provisional	remote_sequence
SCF:0004656	AC:003915	Q10330	P35679	O13802	SP:0003915	SP:0018110	gt24	CF-C-provisional	remote_sequence
SCF:0004657	AC:003917	A1B495	A1B4F3	A1B479	SP:0003917	SP:0018118	gt24	CF-C-provisional	remote_sequence
SCF:0004658	AC:003917	A1B495	A1B4F3	A1B480	SP:0003917	SP:0018119	gt24	CF-C-provisional	remote_sequence
SCF:0004659	AC:003918	A1B497	A1B3D7	A1B480	SP:0003918	SP:0018123	gt24	CF-C-provisional	remote_sequence
SCF:0004660	AC:003919	P80373	Q5SLQ0	Q5SKU1	SP:0003919	SP:0018126	gt24	CF-C-provisional	remote_sequence
SCF:0004661	AC:003919	P80373	Q5SLQ0	Q5SHN7	SP:0003919	SP:0018127	gt24	CF-C-provisional	remote_sequence
SCF:0004662	AC:003919	Q5SLQ0	P80373	Q5SKU2	SP:0003919	SP:0018129	gt24	CF-C-provisional	remote_sequence
SCF:0004663	AC:003921	A0A6P9FRJ5	A0A6P7E5N1	A0A6P3TFB2	SP:0003921	SP:0018139	gt24	CF-C-provisional	remote_sequence
SCF:0004664	AC:003922	P54999	Q12309	P39682	SP:0003922	SP:0011381	gt24	CF-C-provisional	medium
SCF:0004665	AC:003922	P54999	Q12309	Q03776	SP:0003922	SP:0017014	gt24	CF-C-provisional	remote_sequence
SCF:0004666	AC:003922	P54999	Q12309	P33203	SP:0003922	SP:0018142	gt24	CF-C-provisional	remote_sequence
SCF:0004667	AC:003924	A0A480JRW3	Q71K68	O79881	SP:0003924	SP:0018149	gt24	CF-C-provisional	medium
SCF:0004668	AC:003924	A0A480JRW3	Q71K68	Q7IIB7	SP:0003924	SP:0018150	gt24	CF-C-provisional	remote_sequence
SCF:0004669	AC:003924	Q71K68	A0A480JRW3	A0A8D1NRT6	SP:0003924	SP:0018152	gt24	CF-C-provisional	remote_sequence
SCF:0004670	AC:003924	Q71K68	A0A480JRW3	A0A8D1FAG1	SP:0003924	SP:0018153	gt24	CF-C-provisional	remote_sequence
SCF:0004671	AC:003925	Q7S711	Q7S910	Q7SC44	SP:0003925	SP:0018155	gt24	CF-C-provisional	medium
SCF:0004672	AC:003925	Q7S711	Q7S910	Q96U12	SP:0003925	SP:0018156	gt24	CF-C-provisional	remote_sequence
SCF:0004673	AC:003925	Q7S910	Q7S711	Q1K6P0	SP:0003925	SP:0018158	gt24	CF-C-provisional	remote_sequence
SCF:0004674	AC:003925	Q7S910	Q7S711	Q7RXV8	SP:0003925	SP:0018159	gt24	CF-C-provisional	remote_sequence
SCF:0004675	AC:003927	G1DJA2	G0S3Y7	G0S9I6	SP:0003927	SP:0018166	gt24	CF-C-provisional	medium
SCF:0004676	AC:003927	G1DJA2	G0S3Y7	G0S6J1	SP:0003927	SP:0018167	gt24	CF-C-provisional	remote_sequence
SCF:0004677	AC:003930	Q9CQL4	Q9D8P4	Q9D7N6	SP:0003930	SP:0017028	gt24	CF-C-provisional	remote_sequence
SCF:0004678	AC:003930	Q9D8P4	Q9CQL4	Q9CQL5	SP:0003930	SP:0016836	gt24	CF-C-provisional	medium
SCF:0004679	AC:003930	Q9D8P4	Q9CQL4	Q9H0U6	SP:0003930	SP:0018176	gt24	CF-C-provisional	remote_sequence
SCF:0004680	AC:003933	Q9XFT3	Q07473	P23321	SP:0003933	SP:0018190	gt24	CF-C-provisional	remote_sequence
SCF:0004681	AC:003934	Q5SHN5	P80380	P0A7K2	SP:0003934	SP:0018196	gt24	CF-C-provisional	remote_sequence
SCF:0004682	AC:003934	Q5SHN5	P80380	P60494	SP:0003934	SP:0014269	gt24	CF-C-provisional	remote_sequence
SCF:0004683	AC:003935	P18077	P62913	P61254	SP:0003935	SP:0018198	gt24	CF-C-provisional	remote_sequence
SCF:0004684	AC:003935	P18077	P62913	P61313	SP:0003935	SP:0018199	gt24	CF-C-provisional	remote_sequence
SCF:0004685	AC:003935	P18077	P62913	P18621	SP:0003935	SP:0018200	gt24	CF-C-provisional	remote_sequence
SCF:0004686	AC:003935	P62913	P18077	P46779	SP:0003935	SP:0018201	gt24	CF-C-provisional	remote_sequence
SCF:0004687	AC:003935	P62913	P18077	Q9UNZ5	SP:0003935	SP:0015934	gt24	CF-C-provisional	remote_sequence
SCF:0004688	AC:003935	P62913	P18077	P62269	SP:0003935	SP:0018202	gt24	CF-C-provisional	remote_sequence
SCF:0004689	AC:003936	A0A1B2U1E7	A0A1J7BX85	A5FMZ2	SP:0003936	SP:0018203	gt24	CF-C-provisional	remote_sequence
SCF:0004690	AC:003936	A0A1B2U1E7	A0A1J7BX85	A0A1B2U1R1	SP:0003936	SP:0018204	gt24	CF-C-provisional	remote_sequence
SCF:0004691	AC:003936	A0A1B2U1E7	A0A1J7BX85	A0A1B2U1H3	SP:0003936	SP:0018205	gt24	CF-C-provisional	remote_sequence
SCF:0004692	AC:003938	P60438	P0A7L0	P60723	SP:0003938	SP:0018217	gt24	CF-C-provisional	remote_sequence
SCF:0004693	AC:003938	P60438	P0A7L0	P0A7J3	SP:0003938	SP:0018218	gt24	CF-C-provisional	remote_sequence
SCF:0004694	AC:003938	P60438	P0A7L0	P0A7V3	SP:0003938	SP:0018219	gt24	CF-C-provisional	remote_sequence
SCF:0004695	AC:003939	A8BQU8	A8BM86	A8B8Z6	SP:0003939	SP:0018223	gt24	CF-C-provisional	remote_sequence
SCF:0004696	AC:003939	A8BQU8	A8BM86	A8BZ78	SP:0003939	SP:0018224	gt24	CF-C-provisional	remote_sequence
SCF:0004697	AC:003941	Q99848	Q9H9Y2	Q8TDN6	SP:0003941	SP:0015067	gt24	CF-C-provisional	remote_sequence
SCF:0004698	AC:003942	Q02378	P03892	P03887	SP:0003942	SP:0018235	gt24	CF-C-provisional	medium
SCF:0004699	AC:003942	Q02378	P03892	P03910	SP:0003942	SP:0018236	gt24	CF-C-provisional	medium
SCF:0004700	AC:003945	Q924T2	Q9CQV5	Q9CQA6	SP:0003945	SP:0018246	gt24	CF-C-provisional	remote_sequence
SCF:0004701	AC:003948	P0CX27	P33201	P05317	SP:0003948	SP:0018261	gt24	CF-C-provisional	medium
SCF:0004702	AC:003948	P0CX27	P33201	P05748	SP:0003948	SP:0018262	gt24	CF-C-provisional	remote_sequence
SCF:0004703	AC:003948	P0CX27	P33201	Q02326	SP:0003948	SP:0018263	gt24	CF-C-provisional	remote_sequence
SCF:0004704	AC:003948	P33201	P0CX27	Q02753	SP:0003948	SP:0018264	gt24	CF-C-provisional	medium
SCF:0004705	AC:003948	P33201	P0CX27	P0CX84	SP:0003948	SP:0018265	gt24	CF-C-provisional	remote_sequence
SCF:0004706	AC:003949	Q6C4A6	Q6CD73	Q6C9Z1	SP:0003949	SP:0018267	gt24	CF-C-provisional	remote_sequence
SCF:0004707	AC:003950	Q285L8	A0A1S4AU23	A0A1S3XAN1	SP:0003950	SP:0018273	gt24	CF-C-provisional	medium
SCF:0004708	AC:003951	P0CX23	P38803	Q06511	SP:0003951	SP:0018276	gt24	CF-C-provisional	remote_sequence
SCF:0004709	AC:003951	P0CX23	P38803	P40693	SP:0003951	SP:0018277	gt24	CF-C-provisional	remote_sequence
SCF:0004710	AC:003951	P0CX23	P38803	P33442	SP:0003951	SP:0018278	gt24	CF-C-provisional	remote_sequence
SCF:0004711	AC:003951	P38803	P0CX23	P04456	SP:0003951	SP:0018279	gt24	CF-C-provisional	remote_sequence
SCF:0004712	AC:003953	P62090	Q9SYW8	Q9SA56	SP:0003953	SP:0009189	gt24	CF-C-provisional	remote_sequence
SCF:0004713	AC:003955	Q9D7N3	Q9CQE3	Q9CR88	SP:0003955	SP:0018289	gt24	CF-C-provisional	remote_sequence
SCF:0004714	AC:003958	A8K7J6	Q9P015	P49406	SP:0003958	SP:0018301	gt24	CF-C-provisional	remote_sequence
SCF:0004715	AC:003958	Q9P015	A8K7J6	Q86TS9	SP:0003958	SP:0018304	gt24	CF-C-provisional	high
SCF:0004716	AC:003958	Q9P015	A8K7J6	Q7Z7F7	SP:0003958	SP:0018305	gt24	CF-C-provisional	medium
SCF:0004717	AC:003958	Q9P015	A8K7J6	Q6P161	SP:0003958	SP:0018306	gt24	CF-C-provisional	medium
SCF:0004718	AC:003959	Q72I14	Q72IN1	Q72JU9	SP:0003959	SP:0018307	gt24	CF-C-provisional	remote_sequence
SCF:0004719	AC:003959	Q72I14	Q72IN1	P60490	SP:0003959	SP:0018308	gt24	CF-C-provisional	remote_sequence
SCF:0004720	AC:003959	Q72IN1	Q72I14	Q72HR2	SP:0003959	SP:0016191	gt24	CF-C-provisional	remote_sequence
SCF:0004721	AC:003960	G0SFC3	G0S1R0	G0SHJ6	SP:0003960	SP:0018312	gt24	CF-C-provisional	medium
SCF:0004722	AC:003960	G0SFC3	G0S1R0	G0RYN9	SP:0003960	SP:0018313	gt24	CF-C-provisional	remote_sequence
SCF:0004723	AC:003960	G0SFC3	G0S1R0	G0S9B5	SP:0003960	SP:0018314	gt24	CF-C-provisional	remote_sequence
SCF:0004724	AC:003962	R1CGG7	R1DY94	R1DNR0	SP:0003962	SP:0018321	gt24	CF-C-provisional	medium
SCF:0004725	AC:003962	R1CGG7	R1DY94	R1FP66	SP:0003962	SP:0018322	gt24	CF-C-provisional	medium
SCF:0004726	AC:003962	R1CGG7	R1DY94	R1DCN2	SP:0003962	SP:0018323	gt24	CF-C-provisional	medium
SCF:0004727	AC:003962	R1DY94	R1CGG7	R1EB65	SP:0003962	SP:0016938	gt24	CF-C-provisional	high
SCF:0004728	AC:003962	R1DY94	R1CGG7	R1CV07	SP:0003962	SP:0018324	gt24	CF-C-provisional	high
SCF:0004729	AC:003963	O60306	P62306	P62308	SP:0003963	SP:0018326	gt24	CF-C-provisional	medium
SCF:0004730	AC:003963	O60306	P62306	P62318	SP:0003963	SP:0018327	gt24	CF-C-provisional	remote_sequence
SCF:0004731	AC:003963	O60306	P62306	P62314	SP:0003963	SP:0018328	gt24	CF-C-provisional	remote_sequence
SCF:0004732	AC:003963	P62306	O60306	Q92797	SP:0003963	SP:0018329	gt24	CF-C-provisional	remote_sequence
SCF:0004733	AC:003969	A0A3Q7I5W4	A0A3Q7INK3	P49215	SP:0003969	SP:0018349	gt24	CF-C-provisional	remote_sequence
SCF:0004734	AC:003969	A0A3Q7I5W4	A0A3Q7INK3	M1BRF8	SP:0003969	SP:0018350	gt24	CF-C-provisional	remote_sequence
SCF:0004735	AC:003969	A0A3Q7INK3	A0A3Q7I5W4	A0A3Q7HQH0	SP:0003969	SP:0013884	gt24	CF-C-provisional	remote_sequence
SCF:0004736	AC:003969	A0A3Q7INK3	A0A3Q7I5W4	A0A3Q7GUG2	SP:0003969	SP:0015544	gt24	CF-C-provisional	remote_sequence
SCF:0004737	AC:003970	Q8ILE8	Q8ILK3	Q8IDB0	SP:0003970	SP:0018352	gt24	CF-C-provisional	medium
SCF:0004738	AC:003970	Q8ILE8	Q8ILK3	O97248	SP:0003970	SP:0018353	gt24	CF-C-provisional	medium
SCF:0004739	AC:003970	Q8ILE8	Q8ILK3	Q8IDI5	SP:0003970	SP:0018354	gt24	CF-C-provisional	remote_sequence
SCF:0004740	AC:003970	Q8ILK3	Q8ILE8	C0H5G3	SP:0003970	SP:0018355	gt24	CF-C-provisional	remote_sequence
SCF:0004741	AC:003970	Q8ILK3	Q8ILE8	Q8IIA2	SP:0003970	SP:0018356	gt24	CF-C-provisional	remote_sequence
SCF:0004742	AC:003970	Q8ILK3	Q8ILE8	Q8IDB0	SP:0003970	SP:0018357	gt24	CF-C-provisional	remote_sequence
SCF:0004743	AC:003972	Q6IDF5	Q9VWI0	Q9V3W2	SP:0003972	SP:0018364	gt24	CF-C-provisional	remote_sequence
SCF:0004744	AC:003973	P00125	P00426	P62894	SP:0003973	SP:0018368	gt24	CF-C-provisional	remote_sequence
SCF:0004745	AC:003973	P00125	P00426	P00129	SP:0003973	SP:0018369	gt24	CF-C-provisional	remote_sequence
SCF:0004746	AC:003977	P82245	P82194	P82195	SP:0003977	SP:0018386	gt24	CF-C-provisional	remote_sequence
SCF:0004747	AC:003977	P82245	P82194	P28803	SP:0003977	SP:0018387	gt24	CF-C-provisional	remote_sequence
SCF:0004748	AC:003978	Q02373	P03924	Q02380	SP:0003978	SP:0018391	gt24	CF-C-provisional	remote_sequence
SCF:0004749	AC:003984	O75934	Q9NXE8	Q9NW64	SP:0003984	SP:0018421	gt24	CF-C-provisional	remote_sequence
SCF:0004750	AC:003986	A0A6L0XSJ0	A4IDD6	A4HV47	SP:0003986	SP:0018430	gt24	CF-C-provisional	medium
SCF:0004751	AC:003986	A0A6L0XSJ0	A4IDD6	A4IBS2	SP:0003986	SP:0018431	gt24	CF-C-provisional	medium
SCF:0004752	AC:003986	A0A6L0XSJ0	A4IDD6	A4HN55	SP:0003986	SP:0018432	gt24	CF-C-provisional	remote_sequence
SCF:0004753	AC:003986	A4IDD6	A0A6L0XSJ0	A4IBS2	SP:0003986	SP:0018433	gt24	CF-C-provisional	medium
SCF:0004754	AC:003986	A4IDD6	A0A6L0XSJ0	A4HUT6	SP:0003986	SP:0015461	gt24	CF-C-provisional	medium
SCF:0004755	AC:003986	A4IDD6	A0A6L0XSJ0	A4ICV5	SP:0003986	SP:0015462	gt24	CF-C-provisional	remote_sequence
SCF:0004756	AC:003989	O79880	A0A287AAR5	A0A8D1WW27	SP:0003989	SP:0015798	gt24	CF-C-provisional	high
SCF:0004757	AC:003989	O79880	A0A287AAR5	A0A8D0Q6N1	SP:0003989	SP:0018445	gt24	CF-C-provisional	remote_sequence
SCF:0004758	AC:003989	O79880	A0A287AAR5	A0A4X1VPG4	SP:0003989	SP:0018446	gt24	CF-C-provisional	remote_sequence
SCF:0004759	AC:003990	P05737	P26785	P26784	SP:0003990	SP:0018447	gt24	CF-C-provisional	high
SCF:0004760	AC:003990	P05737	P26785	P05738	SP:0003990	SP:0018448	gt24	CF-C-provisional	medium
SCF:0004761	AC:003990	P05737	P26785	P0CX82	SP:0003990	SP:0018449	gt24	CF-C-provisional	remote_sequence
SCF:0004762	AC:003990	P26785	P05737	P26321	SP:0003990	SP:0018450	gt24	CF-C-provisional	remote_sequence
SCF:0004763	AC:003993	Q92366	O14069	P0CT60	SP:0003993	SP:0018462	gt24	CF-C-provisional	remote_sequence
SCF:0004764	AC:003994	P60491	Q5SHN8	Q5SHZ1	SP:0003994	SP:0018465	gt24	CF-C-provisional	remote_sequence
SCF:0004765	AC:003994	Q5SHN8	P60491	Q8RR57	SP:0003994	SP:0018468	gt24	CF-C-provisional	medium
SCF:0004766	AC:003994	Q5SHN8	P60491	Q9Z9H5	SP:0003994	SP:0018469	gt24	CF-C-provisional	remote_sequence
SCF:0004767	AC:003996	P92533	Q9SD78	Q9LHI0	SP:0003996	SP:0018472	gt24	CF-C-provisional	remote_sequence
SCF:0004768	AC:003998	Q8I3T9	O97231	Q8IBY4	SP:0003998	SP:0018479	gt24	CF-C-provisional	remote_sequence
SCF:0004769	AC:003998	Q8I3T9	O97231	Q8ILN8	SP:0003998	SP:0018480	gt24	CF-C-provisional	remote_sequence
SCF:0004770	AC:003999	Q12250	P30656	P21242	SP:0003999	SP:0014593	gt24	CF-C-provisional	remote_sequence
SCF:0004771	AC:003999	Q12250	P30656	P23638	SP:0003999	SP:0014594	gt24	CF-C-provisional	remote_sequence
SCF:0004772	AC:003999	Q12250	P30656	P23639	SP:0003999	SP:0014595	gt24	CF-C-provisional	remote_sequence
SCF:0004773	AC:004001	F1SLR1	A0A8D1TL60	A0A8D1WW27	SP:0004001	SP:0018489	gt24	CF-C-provisional	medium
SCF:0004774	AC:004001	F1SLR1	A0A8D1TL60	A0A286ZUN9	SP:0004001	SP:0018490	gt24	CF-C-provisional	remote_sequence
SCF:0004775	AC:004002	A0A4X1SZP7	A0A4X1UIV8	A0A480KM09	SP:0004002	SP:0014718	gt24	CF-C-provisional	medium
SCF:0004776	AC:004002	A0A4X1SZP7	A0A4X1UIV8	F1RWL7	SP:0004002	SP:0013901	gt24	CF-C-provisional	remote_sequence
SCF:0004777	AC:004003	Q980F7	Q980W3	Q9UX94	SP:0004003	SP:0018495	gt24	CF-C-provisional	remote_sequence
SCF:0004778	AC:004003	Q980W3	Q980F7	Q980A8	SP:0004003	SP:0018498	gt24	CF-C-provisional	remote_sequence
SCF:0004779	AC:004003	Q980W3	Q980F7	Q980A6	SP:0004003	SP:0018499	gt24	CF-C-provisional	remote_sequence
SCF:0004780	AC:004006	P46776	Q9Y3C1	P26373	SP:0004006	SP:0018507	gt24	CF-C-provisional	medium
SCF:0004781	AC:004006	P46776	Q9Y3C1	P62750	SP:0004006	SP:0018508	gt24	CF-C-provisional	remote_sequence
SCF:0004782	AC:004006	P46776	Q9Y3C1	P40429	SP:0004006	SP:0018509	gt24	CF-C-provisional	remote_sequence
SCF:0004783	AC:004007	P61313	Q8TDD1	Q9Y3T9	SP:0004007	SP:0018513	gt24	CF-C-provisional	remote_sequence
SCF:0004784	AC:004011	P49167	Q12024	P10664	SP:0004011	SP:0018528	gt24	CF-C-provisional	remote_sequence
SCF:0004785	AC:004011	P49167	Q12024	Q12080	SP:0004011	SP:0018530	gt24	CF-C-provisional	remote_sequence
SCF:0004786	AC:004012	A1WXF5	A1WXF9	A1WWW6	SP:0004012	SP:0018531	gt24	CF-C-provisional	high
SCF:0004787	AC:004012	A1WXF5	A1WXF9	A1WWW5	SP:0004012	SP:0018532	gt24	CF-C-provisional	remote_sequence
SCF:0004788	AC:004013	P33201	P53742	P40010	SP:0004013	SP:0018537	gt24	CF-C-provisional	medium
SCF:0004789	AC:004013	P33201	P53742	P38779	SP:0004013	SP:0018538	gt24	CF-C-provisional	remote_sequence
SCF:0004790	AC:004013	P33201	P53742	P36049	SP:0004013	SP:0018539	gt24	CF-C-provisional	remote_sequence
SCF:0004791	AC:004013	P53742	P33201	P40078	SP:0004013	SP:0018540	gt24	CF-C-provisional	medium
SCF:0004792	AC:004013	P53742	P33201	P05748	SP:0004013	SP:0018541	gt24	CF-C-provisional	remote_sequence
SCF:0004793	AC:004013	P53742	P33201	P26784	SP:0004013	SP:0016549	gt24	CF-C-provisional	remote_sequence
SCF:0004794	AC:004014	P95988	Q980A6	Q980F7	SP:0004014	SP:0018542	gt24	CF-C-provisional	remote_sequence
SCF:0004795	AC:004016	O95478	Q8TDN6	Q9UKD2	SP:0004016	SP:0018548	gt24	CF-C-provisional	remote_sequence
SCF:0004796	AC:004016	O95478	Q8TDN6	O76021	SP:0004016	SP:0018549	gt24	CF-C-provisional	remote_sequence
SCF:0004797	AC:004016	Q8TDN6	O95478	Q07020	SP:0004016	SP:0018550	gt24	CF-C-provisional	remote_sequence
SCF:0004798	AC:004017	P43609	Q12406	Q07979	SP:0004017	SP:0018553	gt24	CF-C-provisional	remote_sequence
SCF:0004799	AC:004017	P43609	Q12406	Q03124	SP:0004017	SP:0018554	gt24	CF-C-provisional	remote_sequence
SCF:0004800	AC:004017	P43609	Q12406	P25632	SP:0004017	SP:0018555	gt24	CF-C-provisional	remote_sequence
SCF:0004801	AC:004017	Q12406	P43609	P53628	SP:0004017	SP:0018557	gt24	CF-C-provisional	remote_sequence
SCF:0004802	AC:004019	O51314	O51642	O51719	SP:0004019	SP:0017451	gt24	CF-C-provisional	remote_sequence
SCF:0004803	AC:004019	O51642	O51314	O51206	SP:0004019	SP:0016795	gt24	CF-C-provisional	remote_sequence
SCF:0004804	AC:004019	O51642	O51314	O51441	SP:0004019	SP:0018565	gt24	CF-C-provisional	remote_sequence
SCF:0004805	AC:004021	P0A7Q6	P0A805	P0A7V3	SP:0004021	SP:0018571	gt24	CF-C-provisional	remote_sequence
SCF:0004806	AC:004021	P0A7Q6	P0A805	P0A7J7	SP:0004021	SP:0018572	gt24	CF-C-provisional	remote_sequence
SCF:0004807	AC:004021	P0A7Q6	P0A805	P0A7W1	SP:0004021	SP:0018573	gt24	CF-C-provisional	remote_sequence
SCF:0004808	AC:004022	A0A2K1KU02	A0A2K1J0L9	A9RT62	SP:0004022	SP:0015764	gt24	CF-C-provisional	remote_sequence
SCF:0004809	AC:004023	P70974	Q06796	P20277	SP:0004023	SP:0018578	gt24	CF-C-provisional	remote_sequence
SCF:0004810	AC:004023	P70974	Q06796	P19946	SP:0004023	SP:0018579	gt24	CF-C-provisional	remote_sequence
SCF:0004811	AC:004026	A0A286ZTW8	A0A287AF82	A0A8D0HMG9	SP:0004026	SP:0018590	gt24	CF-C-provisional	remote_sequence
SCF:0004812	AC:004028	Q6C1R9	B5FVG1	B5RSL7	SP:0004028	SP:0016743	gt24	CF-C-provisional	remote_sequence
SCF:0004813	AC:004028	Q6C1R9	B5FVG1	B5FVF8	SP:0004028	SP:0018603	gt24	CF-C-provisional	remote_sequence
SCF:0004814	AC:004030	P43321	Q02775	Q12046	SP:0004030	SP:0018608	gt24	CF-C-provisional	medium
SCF:0004815	AC:004030	P43321	Q02775	Q12417	SP:0004030	SP:0018609	gt24	CF-C-provisional	remote_sequence
SCF:0004816	AC:004030	P43321	Q02775	Q03338	SP:0004030	SP:0018610	gt24	CF-C-provisional	remote_sequence
SCF:0004817	AC:004031	E1UWA6	E1UWC5	E1UWC3	SP:0004031	SP:0018614	gt24	CF-C-provisional	remote_sequence
SCF:0004818	AC:004031	E1UWA6	E1UWC5	E1UWC2	SP:0004031	SP:0018615	gt24	CF-C-provisional	remote_sequence
SCF:0004819	AC:004031	E1UWC5	E1UWA6	E1UWA8	SP:0004031	SP:0018617	gt24	CF-C-provisional	remote_sequence
SCF:0004820	AC:004032	Q1K8T6	Q1K6U7	Q7RYW8	SP:0004032	SP:0015144	gt24	CF-C-provisional	remote_sequence
SCF:0004821	AC:004032	Q1K8T6	Q1K6U7	Q7SB98	SP:0004032	SP:0018620	gt24	CF-C-provisional	remote_sequence
SCF:0004822	AC:004033	Q839F4	Q839F7	Q836X6	SP:0004033	SP:0017532	gt24	CF-C-provisional	remote_sequence
SCF:0004823	AC:004033	Q839F7	Q839F4	Q839D8	SP:0004033	SP:0018624	gt24	CF-C-provisional	remote_sequence
SCF:0004824	AC:004034	A0A3Q8II03	A0A3S7WY02	A0A3Q8II82	SP:0004034	SP:0018627	gt24	CF-C-provisional	remote_sequence
SCF:0004825	AC:004034	A0A3S7WY02	A0A3Q8II03	E9B8Q2	SP:0004034	SP:0018630	gt24	CF-C-provisional	remote_sequence
SCF:0004826	AC:004035	P0CG47	P25786	P38886	SP:0004035	SP:0018632	gt24	CF-C-provisional	remote_sequence
SCF:0004827	AC:004035	P25786	P0CG47	P25787	SP:0004035	SP:0018635	gt24	CF-C-provisional	remote_sequence
SCF:0004828	AC:004035	P25786	P0CG47	P51665	SP:0004035	SP:0018636	gt24	CF-C-provisional	remote_sequence
SCF:0004829	AC:004035	P25786	P0CG47	P28066	SP:0004035	SP:0018637	gt24	CF-C-provisional	remote_sequence
SCF:0004830	AC:004036	P02413	P0ACG8	P0ADY7	SP:0004036	SP:0018638	gt24	CF-C-provisional	remote_sequence
SCF:0004831	AC:004036	P02413	P0ACG8	P0A7K6	SP:0004036	SP:0018639	gt24	CF-C-provisional	remote_sequence
SCF:0004832	AC:004036	P02413	P0ACG8	P02358	SP:0004036	SP:0018640	gt24	CF-C-provisional	remote_sequence
SCF:0004833	AC:004039	D0CA76	D0CD16	D0CCZ8	SP:0004039	SP:0018652	gt24	CF-C-provisional	remote_sequence
SCF:0004834	AC:004041	Q8R035	Q9D338	Q9CR59	SP:0004041	SP:0018663	gt24	CF-C-provisional	remote_sequence
SCF:0004835	AC:004041	Q9D338	Q8R035	Q9DCI9	SP:0004041	SP:0018666	gt24	CF-C-provisional	medium
SCF:0004836	AC:004041	Q9D338	Q8R035	Q99N85	SP:0004041	SP:0018667	gt24	CF-C-provisional	remote_sequence
SCF:0004837	AC:004041	Q9D338	Q8R035	Q9D7N6	SP:0004041	SP:0018668	gt24	CF-C-provisional	remote_sequence
SCF:0004838	AC:004042	P62851	O43709	P15880	SP:0004042	SP:0018672	gt24	CF-C-provisional	medium
SCF:0004839	AC:004042	P62851	O43709	P62753	SP:0004042	SP:0016386	gt24	CF-C-provisional	remote_sequence
SCF:0004840	AC:004042	P62851	O43709	P46777	SP:0004042	SP:0018673	gt24	CF-C-provisional	remote_sequence
SCF:0004841	AC:004043	P0ADY7	P0CE48	P60785	SP:0004043	SP:0018674	gt24	CF-C-provisional	remote_sequence
SCF:0004842	AC:004043	P0CE48	P0ADY7	P0A7S3	SP:0004043	SP:0018677	gt24	CF-C-provisional	remote_sequence
SCF:0004843	AC:004044	A0A1B4XKR3	A0A1B4XKV5	A0A1B4XKU1	SP:0004044	SP:0017851	gt24	CF-C-provisional	remote_sequence
SCF:0004844	AC:004044	A0A1B4XKR3	A0A1B4XKV5	A0A1B4XKT6	SP:0004044	SP:0018680	gt24	CF-C-provisional	remote_sequence
SCF:0004845	AC:004044	A0A1B4XKV5	A0A1B4XKR3	A0A1B4XKX1	SP:0004044	SP:0018681	gt24	CF-C-provisional	remote_sequence
SCF:0004846	AC:004046	G0SCH6	G0S9B5	G0S081	SP:0004046	SP:0018690	gt24	CF-C-provisional	remote_sequence
SCF:0004847	AC:004047	P63173	O95478	P62917	SP:0004047	SP:0018695	gt24	CF-C-provisional	remote_sequence
SCF:0004848	AC:004047	P63173	O95478	Q07020	SP:0004047	SP:0018696	gt24	CF-C-provisional	remote_sequence
SCF:0004849	AC:004047	P63173	O95478	P39023	SP:0004047	SP:0018697	gt24	CF-C-provisional	remote_sequence
SCF:0004850	AC:004048	P82669	P82929	Q3SZ86	SP:0004048	SP:0017535	gt24	CF-C-provisional	remote_sequence
SCF:0004851	AC:004049	P0A7L0	P0A7Q1	P0A7N9	SP:0004049	SP:0018703	gt24	CF-C-provisional	remote_sequence
SCF:0004852	AC:004049	P0A7L0	P0A7Q1	P0AG63	SP:0004049	SP:0018216	gt24	CF-C-provisional	remote_sequence
SCF:0004853	AC:004049	P0A7Q1	P0A7L0	P60723	SP:0004049	SP:0018705	gt24	CF-C-provisional	remote_sequence
SCF:0004854	AC:004050	A0QS45	A0QSD3	A0QS62	SP:0004050	SP:0014931	gt24	CF-C-provisional	remote_sequence
SCF:0004855	AC:004050	A0QS45	A0QSD3	A0QSP8	SP:0004050	SP:0014374	gt24	CF-C-provisional	remote_sequence
SCF:0004856	AC:004050	A0QS45	A0QSD3	A0QSF9	SP:0004050	SP:0018708	gt24	CF-C-provisional	remote_sequence
SCF:0004857	AC:004050	A0QSD3	A0QS45	A0A2U9Q0X2	SP:0004050	SP:0018709	gt24	CF-C-provisional	remote_sequence
SCF:0004858	AC:004050	A0QSD3	A0QS45	A0QSG8	SP:0004050	SP:0018710	gt24	CF-C-provisional	remote_sequence
SCF:0004859	AC:004053	A0A8D0UWW0	O79874	O79875	SP:0004053	SP:0018722	gt24	CF-C-provisional	remote_sequence
SCF:0004860	AC:004053	A0A8D0UWW0	O79874	O79881	SP:0004053	SP:0018723	gt24	CF-C-provisional	remote_sequence
SCF:0004861	AC:004053	A0A8D0UWW0	O79874	F1SL07	SP:0004053	SP:0018724	gt24	CF-C-provisional	remote_sequence
SCF:0004862	AC:004053	O79874	A0A8D0UWW0	A0A287BAW0	SP:0004053	SP:0018725	gt24	CF-C-provisional	high
SCF:0004863	AC:004055	Q9UKD2	Q9H7B2	P84098	SP:0004055	SP:0007505	gt24	CF-C-provisional	remote_sequence
SCF:0004864	AC:004055	Q9UKD2	Q9H7B2	P62424	SP:0004055	SP:0018735	gt24	CF-C-provisional	remote_sequence
SCF:0004865	AC:004056	Q9UUU2	S5U4R9	Q9B6D3	SP:0004056	SP:0017458	gt24	CF-C-provisional	remote_sequence
SCF:0004866	AC:004056	Q9UUU2	S5U4R9	Q9B6D6	SP:0004056	SP:0018737	gt24	CF-C-provisional	remote_sequence
SCF:0004867	AC:004057	C4R4Y0	C4R997	C4QXY9	SP:0004057	SP:0007625	gt24	CF-C-provisional	remote_sequence
SCF:0004868	AC:004057	C4R4Y0	C4R997	C4R1E6	SP:0004057	SP:0018740	gt24	CF-C-provisional	remote_sequence
SCF:0004869	AC:004057	C4R997	C4R4Y0	C4QZQ7	SP:0004057	SP:0018741	gt24	CF-C-provisional	remote_sequence
SCF:0004870	AC:004059	P26784	Q12532	P53313	SP:0004059	SP:0018750	gt24	CF-C-provisional	remote_sequence
SCF:0004871	AC:004059	P26784	Q12532	P25582	SP:0004059	SP:0015877	gt24	CF-C-provisional	remote_sequence
SCF:0004872	AC:004059	P26784	Q12532	Q12176	SP:0004059	SP:0018751	gt24	CF-C-provisional	remote_sequence
SCF:0004873	AC:004059	Q12532	P26784	P0C0W9	SP:0004059	SP:0018752	gt24	CF-C-provisional	medium
SCF:0004874	AC:004061	Q02878	Q9NVU7	Q9BXJ9	SP:0004061	SP:0018754	gt24	CF-C-provisional	remote_sequence
SCF:0004875	AC:004061	Q9NVU7	Q02878	P26373	SP:0004061	SP:0018757	gt24	CF-C-provisional	remote_sequence
SCF:0004876	AC:004064	Q9CPV3	Q9CQF8	Q5RL20	SP:0004064	SP:0018767	gt24	CF-C-provisional	remote_sequence
SCF:0004877	AC:004065	G0S507	G0S616	G0SAJ9	SP:0004065	SP:0017422	gt24	CF-C-provisional	medium
SCF:0004878	AC:004065	G0S507	G0S616	G0S495	SP:0004065	SP:0018773	gt24	CF-C-provisional	remote_sequence
SCF:0004879	AC:004065	G0S616	G0S507	G0SCP3	SP:0004065	SP:0018775	gt24	CF-C-provisional	remote_sequence
SCF:0004880	AC:004065	G0S616	G0S507	G0S081	SP:0004065	SP:0018776	gt24	CF-C-provisional	remote_sequence
SCF:0004881	AC:004065	G0S616	G0S507	G0SGH8	SP:0004065	SP:0018777	gt24	CF-C-provisional	remote_sequence
SCF:0004882	AC:004066	P10663	P36056	Q12089	SP:0004066	SP:0018778	gt24	CF-C-provisional	remote_sequence
SCF:0004883	AC:004067	P61254	P61960	Q12306	SP:0004067	SP:0018782	gt24	CF-C-provisional	remote_sequence
SCF:0004884	AC:004067	P61960	P61254	P62906	SP:0004067	SP:0018785	gt24	CF-C-provisional	remote_sequence
SCF:0004885	AC:004067	P61960	P61254	P26373	SP:0004067	SP:0018786	gt24	CF-C-provisional	remote_sequence
SCF:0004886	AC:004067	P61960	P61254	P62913	SP:0004067	SP:0018787	gt24	CF-C-provisional	remote_sequence
SCF:0004887	AC:004070	A0A1D8NG21	A0A1D8N596	A0A1D8NDL1	SP:0004070	SP:0018793	gt24	CF-C-provisional	remote_sequence
SCF:0004888	AC:004071	P53742	Q12690	P05740	SP:0004071	SP:0016548	gt24	CF-C-provisional	medium
SCF:0004889	AC:004071	P53742	Q12690	P05748	SP:0004071	SP:0018541	gt24	CF-C-provisional	medium
SCF:0004890	AC:004071	P53742	Q12690	Q08004	SP:0004071	SP:0018795	gt24	CF-C-provisional	remote_sequence
SCF:0004891	AC:004071	Q12690	P53742	P53145	SP:0004071	SP:0018796	gt24	CF-C-provisional	medium
SCF:0004892	AC:004071	Q12690	P53742	P38779	SP:0004071	SP:0018797	gt24	CF-C-provisional	remote_sequence
SCF:0004893	AC:004071	Q12690	P53742	P53136	SP:0004071	SP:0018798	gt24	CF-C-provisional	remote_sequence
SCF:0004894	AC:004072	P39474	O05633	O05643	SP:0004072	SP:0018800	gt24	CF-C-provisional	remote_sequence
SCF:0004895	AC:004073	A8BNT5	A8BQU8	A8BXE1	SP:0004073	SP:0018802	gt24	CF-C-provisional	remote_sequence
SCF:0004896	AC:004074	P25443	P38747	Q99216	SP:0004074	SP:0018806	gt24	CF-C-provisional	remote_sequence
SCF:0004897	AC:004076	P62269	Q15477	Q5JTH9	SP:0004076	SP:0018815	gt24	CF-C-provisional	remote_sequence
SCF:0004898	AC:004076	Q15477	P62269	P25398	SP:0004076	SP:0018817	gt24	CF-C-provisional	remote_sequence
SCF:0004899	AC:004077	A8IKC8	P12352	P14225	SP:0004077	SP:0018818	gt24	CF-C-provisional	medium
SCF:0004900	AC:004077	A8IKC8	P12352	A8IFG7	SP:0004077	SP:0009452	gt24	CF-C-provisional	remote_sequence
SCF:0004901	AC:004077	P12352	A8IKC8	Q05093	SP:0004077	SP:0008859	gt24	CF-C-provisional	medium
SCF:0004902	AC:004078	O14561	O75251	O00217	SP:0004078	SP:0015902	gt24	CF-C-provisional	medium
SCF:0004903	AC:004078	O14561	O75251	P19404	SP:0004078	SP:0018821	gt24	CF-C-provisional	remote_sequence
SCF:0004904	AC:004079	P82912	Q92552	P82933	SP:0004079	SP:0018826	gt24	CF-C-provisional	remote_sequence
SCF:0004905	AC:004079	P82912	Q92552	P82675	SP:0004079	SP:0018827	gt24	CF-C-provisional	remote_sequence
SCF:0004906	AC:004079	Q92552	P82912	Q9BYN8	SP:0004079	SP:0018829	gt24	CF-C-provisional	remote_sequence
SCF:0004907	AC:004080	O74635	O14010	P87123	SP:0004080	SP:0010337	gt24	CF-C-provisional	remote_sequence
SCF:0004908	AC:004082	P18933	P18931	P03896	SP:0004082	SP:0015998	gt24	CF-C-provisional	medium
SCF:0004909	AC:004083	F1SIS9	I3LDC3	K7GSE5	SP:0004083	SP:0018839	gt24	CF-C-provisional	medium
SCF:0004910	AC:004083	F1SIS9	I3LDC3	A0A8D1KH26	SP:0004083	SP:0018840	gt24	CF-C-provisional	remote_sequence
SCF:0004911	AC:004083	F1SIS9	I3LDC3	A0A287AAR5	SP:0004083	SP:0018443	gt24	CF-C-provisional	remote_sequence
SCF:0004912	AC:004084	A0A7G2E9B1	Q9LMQ2	Q9S7W1	SP:0004084	SP:0018844	gt24	CF-C-provisional	medium
SCF:0004913	AC:004084	A0A7G2E9B1	Q9LMQ2	Q07473	SP:0004084	SP:0018845	gt24	CF-C-provisional	medium
SCF:0004914	AC:004085	P12874	P46899	P21470	SP:0004085	SP:0018849	gt24	CF-C-provisional	medium
SCF:0004915	AC:004085	P12874	P46899	P21474	SP:0004085	SP:0018850	gt24	CF-C-provisional	remote_sequence
SCF:0004916	AC:004085	P12874	P46899	P21477	SP:0004085	SP:0011514	gt24	CF-C-provisional	remote_sequence
SCF:0004917	AC:004085	P46899	P12874	O31742	SP:0004085	SP:0011176	gt24	CF-C-provisional	remote_sequence
SCF:0004918	AC:004085	P46899	P12874	P55873	SP:0004085	SP:0014559	gt24	CF-C-provisional	remote_sequence
SCF:0004919	AC:004085	P46899	P12874	P20277	SP:0004085	SP:0018851	gt24	CF-C-provisional	remote_sequence
SCF:0004920	AC:004086	O14339	O14388	O94238	SP:0004086	SP:0018852	gt24	CF-C-provisional	remote_sequence
SCF:0004921	AC:004086	O14388	O14339	O74175	SP:0004086	SP:0018855	gt24	CF-C-provisional	medium
SCF:0004922	AC:004086	O14388	O14339	Q10353	SP:0004086	SP:0018856	gt24	CF-C-provisional	remote_sequence
SCF:0004923	AC:004086	O14388	O14339	P79071	SP:0004086	SP:0018857	gt24	CF-C-provisional	remote_sequence
SCF:0004924	AC:004087	Q6CNL2	Q6CIM1	Q6CW78	SP:0004087	SP:0013929	gt24	CF-C-provisional	remote_sequence
SCF:0004925	AC:004087	Q6CNL2	Q6CIM1	Q6CVZ5	SP:0004087	SP:0018861	gt24	CF-C-provisional	remote_sequence
SCF:0004926	AC:004089	P62653	P62667	P62666	SP:0004089	SP:0018866	gt24	CF-C-provisional	remote_sequence
SCF:0004927	AC:004090	G0S1T5	G0RXW1	G0SF80	SP:0004090	SP:0016455	gt24	CF-C-provisional	remote_sequence
SCF:0004928	AC:004092	P31334	P20084	P36533	SP:0004092	SP:0018883	gt24	CF-C-provisional	remote_sequence
SCF:0004929	AC:004093	P02407	O14467	P05743	SP:0004093	SP:0018889	gt24	CF-C-provisional	medium
SCF:0004930	AC:004093	P02407	O14467	Q01855	SP:0004093	SP:0018890	gt24	CF-C-provisional	medium
SCF:0004931	AC:004095	P0CT72	O74905	O74175	SP:0004095	SP:0018898	gt24	CF-C-provisional	remote_sequence
SCF:0004932	AC:004096	F2Z619	Q9B6D3	Q9B6D6	SP:0004096	SP:0018901	gt24	CF-C-provisional	medium
SCF:0004933	AC:004097	B5RSK9	B5FVG1	B5FVF8	SP:0004097	SP:0018906	gt24	CF-C-provisional	remote_sequence
SCF:0004934	AC:004098	Q6C7X4	F2Z6C0	F2Z6D7	SP:0004098	SP:0018912	gt24	CF-C-provisional	remote_sequence
SCF:0004935	AC:004098	Q6C7X4	F2Z6C0	Q9UUU0	SP:0004098	SP:0018913	gt24	CF-C-provisional	remote_sequence
SCF:0004936	AC:004100	P62917	Q9UNZ5	Q9Y3U8	SP:0004100	SP:0018920	gt24	CF-C-provisional	medium
SCF:0004937	AC:004100	P62917	Q9UNZ5	P62910	SP:0004100	SP:0018921	gt24	CF-C-provisional	medium
SCF:0004938	AC:004100	P62917	Q9UNZ5	P47914	SP:0004100	SP:0018922	gt24	CF-C-provisional	remote_sequence
SCF:0004939	AC:004100	Q9UNZ5	P62917	O95478	SP:0004100	SP:0014665	gt24	CF-C-provisional	remote_sequence
SCF:0004940	AC:004100	Q9UNZ5	P62917	P61313	SP:0004100	SP:0017793	gt24	CF-C-provisional	remote_sequence
SCF:0004941	AC:004100	Q9UNZ5	P62917	Q07020	SP:0004100	SP:0017792	gt24	CF-C-provisional	remote_sequence
SCF:0004942	AC:004102	P03892	P23935	P42029	SP:0004102	SP:0018234	gt24	CF-C-provisional	remote_sequence
SCF:0004943	AC:004102	P03892	P23935	Q02827	SP:0004102	SP:0014210	gt24	CF-C-provisional	remote_sequence
SCF:0004944	AC:004102	P23935	P03892	P03887	SP:0004102	SP:0018929	gt24	CF-C-provisional	medium
SCF:0004945	AC:004103	Q9D0Y8	Q99N95	Q8K2M0	SP:0004103	SP:0018933	gt24	CF-C-provisional	remote_sequence
SCF:0004946	AC:004104	P60422	P0A7L0	P60723	SP:0004104	SP:0018936	gt24	CF-C-provisional	remote_sequence
SCF:0004947	AC:004104	P60422	P0A7L0	P0A7J3	SP:0004104	SP:0018937	gt24	CF-C-provisional	remote_sequence
SCF:0004948	AC:004104	P60422	P0A7L0	P0A7V3	SP:0004104	SP:0018938	gt24	CF-C-provisional	remote_sequence
SCF:0004949	AC:004106	P59087	Q8DHA7	Q8DIN8	SP:0004106	SP:0010861	gt24	CF-C-provisional	remote_sequence
SCF:0004950	AC:004106	P59087	Q8DHA7	Q9F1R6	SP:0004106	SP:0018942	gt24	CF-C-provisional	remote_sequence
SCF:0004951	AC:004106	P59087	Q8DHA7	Q8DHJ2	SP:0004106	SP:0009691	gt24	CF-C-provisional	remote_sequence
SCF:0004952	AC:004106	Q8DHA7	P59087	Q8DIN9	SP:0004106	SP:0008327	gt24	CF-C-provisional	medium
SCF:0004953	AC:004106	Q8DHA7	P59087	Q8DJZ6	SP:0004106	SP:0010665	gt24	CF-C-provisional	remote_sequence
SCF:0004954	AC:004108	P62263	Q5RKT7	P62979	SP:0004108	SP:0018947	gt24	CF-C-provisional	high
SCF:0004955	AC:004108	P62263	Q5RKT7	P62841	SP:0004108	SP:0018948	gt24	CF-C-provisional	remote_sequence
SCF:0004956	AC:004108	P62263	Q5RKT7	P25398	SP:0004108	SP:0018949	gt24	CF-C-provisional	remote_sequence
SCF:0004957	AC:004108	Q5RKT7	P62263	P62249	SP:0004108	SP:0018951	gt24	CF-C-provisional	remote_sequence
SCF:0004958	AC:004109	Q4E2Y1	Q4CTG9	Q4DB26	SP:0004109	SP:0018955	gt24	CF-C-provisional	remote_sequence
SCF:0004959	AC:004110	Q9C9Z5	P93313	O05000	SP:0004110	SP:0018961	gt24	CF-C-provisional	remote_sequence
SCF:0004960	AC:004112	Q9UXA0	P95987	Q97ZY6	SP:0004112	SP:0018973	gt24	CF-C-provisional	remote_sequence
SCF:0004961	AC:004112	Q9UXA0	P95987	Q9UXA3	SP:0004112	SP:0018974	gt24	CF-C-provisional	remote_sequence
SCF:0004962	AC:004113	Q6CNI7	Q6CJK0	Q6CXM0	SP:0004113	SP:0018979	gt24	CF-C-provisional	remote_sequence
SCF:0004963	AC:004113	Q6CNI7	Q6CJK0	Q875N2	SP:0004113	SP:0018980	gt24	CF-C-provisional	remote_sequence
SCF:0004964	AC:004114	A4HZI9	A4ICV5	A4IDD0	SP:0004114	SP:0017857	gt24	CF-C-provisional	remote_sequence
SCF:0004965	AC:004114	A4HZI9	A4ICV5	A4HSQ5	SP:0004114	SP:0014292	gt24	CF-C-provisional	remote_sequence
SCF:0004966	AC:004114	A4HZI9	A4ICV5	A4HVX3	SP:0004114	SP:0018982	gt24	CF-C-provisional	remote_sequence
SCF:0004967	AC:004114	A4ICV5	A4HZI9	A4HVX3	SP:0004114	SP:0018983	gt24	CF-C-provisional	medium
SCF:0004968	AC:004114	A4ICV5	A4HZI9	A4HUT6	SP:0004114	SP:0018984	gt24	CF-C-provisional	medium
SCF:0004969	AC:004114	A4ICV5	A4HZI9	A4IDD6	SP:0004114	SP:0015462	gt24	CF-C-provisional	remote_sequence
SCF:0004970	AC:004118	Q4DJY1	Q4CPV7	Q4D5W3	SP:0004118	SP:0016696	gt24	CF-C-provisional	remote_sequence
SCF:0004971	AC:004122	P09144	Q9ZSJ4	Q93WE0	SP:0004122	SP:0019012	gt24	CF-C-provisional	high
SCF:0004972	AC:004122	P09144	Q9ZSJ4	Q93WL4	SP:0004122	SP:0013576	gt24	CF-C-provisional	high
SCF:0004973	AC:004122	P09144	Q9ZSJ4	Q7DM26	SP:0004122	SP:0010357	gt24	CF-C-provisional	medium
SCF:0004974	AC:004124	P09594	Q9LWB5	P12629	SP:0004124	SP:0019019	gt24	CF-C-provisional	remote_sequence
SCF:0004975	AC:004124	P09594	Q9LWB5	P82245	SP:0004124	SP:0019020	gt24	CF-C-provisional	remote_sequence
SCF:0004976	AC:004125	A0A0U5ADD0	A0A0U5AD18	A0A6B0JQF2	SP:0004125	SP:0019025	gt24	CF-C-provisional	remote_sequence
SCF:0004977	AC:004126	D0FY19	D0FXX5	D0FY04	SP:0004126	SP:0019028	gt24	CF-C-provisional	remote_sequence
SCF:0004978	AC:004127	A4HSQ5	A4HUT6	A4HZI9	SP:0004127	SP:0014292	gt24	CF-C-provisional	medium
SCF:0004979	AC:004127	A4HSQ5	A4HUT6	A4IDD0	SP:0004127	SP:0014291	gt24	CF-C-provisional	medium
SCF:0004980	AC:004127	A4HSQ5	A4HUT6	A4HN55	SP:0004127	SP:0019031	gt24	CF-C-provisional	remote_sequence
SCF:0004981	AC:004127	A4HUT6	A4HSQ5	A4HZI9	SP:0004127	SP:0019032	gt24	CF-C-provisional	remote_sequence
SCF:0004982	AC:004127	A4HUT6	A4HSQ5	Q9GNZ8	SP:0004127	SP:0019033	gt24	CF-C-provisional	remote_sequence
SCF:0004983	AC:004127	A4HUT6	A4HSQ5	A4ICV5	SP:0004127	SP:0018984	gt24	CF-C-provisional	remote_sequence
SCF:0004984	AC:004129	P60493	P80377	Q72I19	SP:0004129	SP:0019038	gt24	CF-C-provisional	remote_sequence
SCF:0004985	AC:004130	P42029	Q02369	O97725	SP:0004130	SP:0019044	gt24	CF-C-provisional	remote_sequence
SCF:0004986	AC:004130	P42029	Q02369	P23935	SP:0004130	SP:0018930	gt24	CF-C-provisional	remote_sequence
SCF:0004987	AC:004131	A8BVU0	A8BRG5	A8BE02	SP:0004131	SP:0019051	gt24	CF-C-provisional	remote_sequence
SCF:0004988	AC:004131	A8BVU0	A8BRG5	A8B252	SP:0004131	SP:0019052	gt24	CF-C-provisional	remote_sequence
SCF:0004989	AC:004132	P46776	Q9NVX2	Q9BZE4	SP:0004132	SP:0019054	gt24	CF-C-provisional	remote_sequence
SCF:0004990	AC:004137	G1SK22	U3KMN4	G1TFM5	SP:0004137	SP:0019074	gt24	CF-C-provisional	high
SCF:0004991	AC:004137	U3KMN4	G1SK22	G1T8A2	SP:0004137	SP:0019077	gt24	CF-C-provisional	medium
SCF:0004992	AC:004137	U3KMN4	G1SK22	G1SFR8	SP:0004137	SP:0019078	gt24	CF-C-provisional	remote_sequence
SCF:0004993	AC:004137	U3KMN4	G1SK22	G1SP51	SP:0004137	SP:0019079	gt24	CF-C-provisional	remote_sequence
SCF:0004994	AC:004138	Q02372	P03887	P03910	SP:0004138	SP:0019082	gt24	CF-C-provisional	remote_sequence
SCF:0004995	AC:004139	Q9Y3D5	P82673	P51398	SP:0004139	SP:0019087	gt24	CF-C-provisional	medium
SCF:0004996	AC:004139	Q9Y3D5	P82673	P82650	SP:0004139	SP:0019088	gt24	CF-C-provisional	remote_sequence
SCF:0004997	AC:004143	A2RMR2	A2RMR1	A2RNN4	SP:0004143	SP:0014188	gt24	CF-C-provisional	medium
SCF:0004998	AC:004144	P41091	P62249	P62263	SP:0004144	SP:0019104	gt24	CF-C-provisional	remote_sequence
SCF:0004999	AC:004144	P41091	P62249	P62861	SP:0004144	SP:0019105	gt24	CF-C-provisional	remote_sequence
SCF:0005000	AC:004144	P62249	P41091	P39023	SP:0004144	SP:0019108	gt24	CF-C-provisional	remote_sequence
SCF:0005001	AC:004145	A2F3H9	A2F568	A2FT79	SP:0004145	SP:0019110	gt24	CF-C-provisional	medium
SCF:0005002	AC:004145	A2F3H9	A2F568	A2FJV7	SP:0004145	SP:0019111	gt24	CF-C-provisional	remote_sequence
SCF:0005003	AC:004145	A2F3H9	A2F568	A2F716	SP:0004145	SP:0019112	gt24	CF-C-provisional	remote_sequence
SCF:0005004	AC:004145	A2F568	A2F3H9	A2FT79	SP:0004145	SP:0019113	gt24	CF-C-provisional	remote_sequence
SCF:0005005	AC:004145	A2F568	A2F3H9	A2D8G5	SP:0004145	SP:0019114	gt24	CF-C-provisional	remote_sequence
SCF:0005006	AC:004147	O95299	O95168	O95298	SP:0004147	SP:0019120	gt24	CF-C-provisional	medium
SCF:0005007	AC:004149	P0CI78	P21468	P42924	SP:0004149	SP:0019129	gt24	CF-C-provisional	medium
SCF:0005008	AC:004149	P0CI78	P21468	P46899	SP:0004149	SP:0019130	gt24	CF-C-provisional	remote_sequence
SCF:0005009	AC:004149	P21468	P0CI78	P21476	SP:0004149	SP:0018068	gt24	CF-C-provisional	medium
SCF:0005010	AC:004149	P21468	P0CI78	P21469	SP:0004149	SP:0019132	gt24	CF-C-provisional	remote_sequence
SCF:0005011	AC:004150	P84098	Q14137	Q99613	SP:0004150	SP:0019133	gt24	CF-C-provisional	remote_sequence
SCF:0005012	AC:004150	Q14137	P84098	P18621	SP:0004150	SP:0019136	gt24	CF-C-provisional	remote_sequence
SCF:0005013	AC:004150	Q14137	P84098	P61353	SP:0004150	SP:0019137	gt24	CF-C-provisional	remote_sequence
SCF:0005014	AC:004151	A0A218NZS6	A0A218NZU0	A0A218P4W7	SP:0004151	SP:0019139	gt24	CF-C-provisional	remote_sequence
SCF:0005015	AC:004152	A0A1S4AVP7	A0A1S4D668	A0A1S4D5P7	SP:0004152	SP:0019145	gt24	CF-C-provisional	remote_sequence
SCF:0005016	AC:004154	O94268	Q9USZ6	Q9UU79	SP:0004154	SP:0019153	gt24	CF-C-provisional	remote_sequence
SCF:0005017	AC:004154	Q9USZ6	O94268	O94288	SP:0004154	SP:0019155	gt24	CF-C-provisional	remote_sequence
SCF:0005018	AC:004156	E1UWB7	E1UWC5	E1UWC6	SP:0004156	SP:0019159	gt24	CF-C-provisional	remote_sequence
SCF:0005019	AC:004156	E1UWB7	E1UWC5	E1UWC2	SP:0004156	SP:0019160	gt24	CF-C-provisional	remote_sequence
SCF:0005020	AC:004158	Q4DSJ1	Q4CPV7	Q4D5W3	SP:0004158	SP:0019170	gt24	CF-C-provisional	remote_sequence
SCF:0005021	AC:004159	A0AA36INE2	A0AA36NGX7	A0AA36HTH0	SP:0004159	SP:0014953	gt24	CF-C-provisional	medium
SCF:0005022	AC:004159	A0AA36INE2	A0AA36NGX7	A0AA36MQP1	SP:0004159	SP:0019172	gt24	CF-C-provisional	remote_sequence
SCF:0005023	AC:004160	Q9W3X7	B3DML8	Q6IDF5	SP:0004160	SP:0019177	gt24	CF-C-provisional	remote_sequence
SCF:0005024	AC:004161	Q99N92	Q9CR59	Q9D8P4	SP:0004161	SP:0019178	gt24	CF-C-provisional	medium
SCF:0005025	AC:004161	Q99N92	Q9CR59	Q9D1N9	SP:0004161	SP:0019179	gt24	CF-C-provisional	remote_sequence
SCF:0005026	AC:004161	Q9CR59	Q99N92	Q9D1P0	SP:0004161	SP:0019181	gt24	CF-C-provisional	remote_sequence
SCF:0005027	AC:004161	Q9CR59	Q99N92	Q9D7N6	SP:0004161	SP:0014579	gt24	CF-C-provisional	remote_sequence
SCF:0005028	AC:004162	Q7SB95	Q7SHB2	Q7SHR9	SP:0004162	SP:0018965	gt24	CF-C-provisional	medium
SCF:0005029	AC:004162	Q7SB95	Q7SHB2	Q7SCX7	SP:0004162	SP:0019183	gt24	CF-C-provisional	remote_sequence
SCF:0005030	AC:004163	A0A0U5AP82	A0A0U5AR65	A0A660JH71	SP:0004163	SP:0019189	gt24	CF-C-provisional	remote_sequence
SCF:0005031	AC:004163	A0A0U5AP82	A0A0U5AR65	A0A0U5AWX6	SP:0004163	SP:0019190	gt24	CF-C-provisional	remote_sequence
SCF:0005032	AC:004163	A0A0U5AR65	A0A0U5AP82	A0A0U5A6S7	SP:0004163	SP:0019191	gt24	CF-C-provisional	remote_sequence
SCF:0005033	AC:004163	A0A0U5AR65	A0A0U5AP82	A0A0U5AWM7	SP:0004163	SP:0019192	gt24	CF-C-provisional	remote_sequence
SCF:0005034	AC:004166	P80373	P0DOY6	Q5SKU1	SP:0004166	SP:0018126	gt24	CF-C-provisional	remote_sequence
SCF:0005035	AC:004167	A7UWX2	Q7SHB2	Q7SHR9	SP:0004167	SP:0019209	gt24	CF-C-provisional	medium
SCF:0005036	AC:004167	A7UWX2	Q7SHB2	V5ILE0	SP:0004167	SP:0019211	gt24	CF-C-provisional	remote_sequence
SCF:0005037	AC:004167	Q7SHB2	A7UWX2	V5ILE0	SP:0004167	SP:0019212	gt24	CF-C-provisional	medium
SCF:0005038	AC:004167	Q7SHB2	A7UWX2	Q8X048	SP:0004167	SP:0019213	gt24	CF-C-provisional	remote_sequence
SCF:0005039	AC:004167	Q7SHB2	A7UWX2	Q1K548	SP:0004167	SP:0019214	gt24	CF-C-provisional	remote_sequence
SCF:0005040	AC:004168	Q99N95	Q5RL20	Q8VDT9	SP:0004168	SP:0015074	gt24	CF-C-provisional	medium
SCF:0005041	AC:004168	Q99N95	Q5RL20	Q9CQF8	SP:0004168	SP:0017681	gt24	CF-C-provisional	remote_sequence
SCF:0005042	AC:004170	Q8R2L5	Q9DC71	Q80ZS3	SP:0004170	SP:0016350	gt24	CF-C-provisional	medium
SCF:0005043	AC:004171	Q27YU5	A8HNV0	Q27YU7	SP:0004171	SP:0015959	gt24	CF-C-provisional	medium
SCF:0005044	AC:004171	Q27YU5	A8HNV0	Q69B19	SP:0004171	SP:0019223	gt24	CF-C-provisional	remote_sequence
SCF:0005045	AC:004172	A0A1D5UQZ5	A0A3B6RFY8	Q8L805	SP:0004172	SP:0019225	gt24	CF-C-provisional	medium
SCF:0005046	AC:004173	Q9W2E8	Q6IDF5	Q9VJZ4	SP:0004173	SP:0019231	gt24	CF-C-provisional	remote_sequence
SCF:0005047	AC:004174	Q9W380	Q9VQD7	Q9W402	SP:0004174	SP:0014109	gt24	CF-C-provisional	medium
SCF:0005048	AC:004175	Q08096	Q99216	P40546	SP:0004175	SP:0015697	gt24	CF-C-provisional	remote_sequence
SCF:0005049	AC:004177	G1SCJ6	G1TDL2	G1T040	SP:0004177	SP:0019246	gt24	CF-C-provisional	medium
SCF:0005050	AC:004177	G1TDL2	G1SCJ6	G1TYL6	SP:0004177	SP:0017108	gt24	CF-C-provisional	remote_sequence
SCF:0005051	AC:004178	A0A024L8R9	C3SR12	P61175	SP:0004178	SP:0019251	gt24	CF-C-provisional	medium
SCF:0005052	AC:004178	A0A024L8R9	C3SR12	P0ADZ0	SP:0004178	SP:0019252	gt24	CF-C-provisional	remote_sequence
SCF:0005053	AC:004178	C3SR12	A0A024L8R9	P02358	SP:0004178	SP:0019253	gt24	CF-C-provisional	medium
SCF:0005054	AC:004178	C3SR12	A0A024L8R9	C3SRY2	SP:0004178	SP:0013379	gt24	CF-C-provisional	remote_sequence
SCF:0005055	AC:004179	A0A7S3TFW5	A0A7S3TXG5	R1ED82	SP:0004179	SP:0015131	gt24	CF-C-provisional	medium
SCF:0005056	AC:004179	A0A7S3TFW5	A0A7S3TXG5	R1FED1	SP:0004179	SP:0019255	gt24	CF-C-provisional	medium
SCF:0005057	AC:004179	A0A7S3TFW5	A0A7S3TXG5	R1DCN2	SP:0004179	SP:0019256	gt24	CF-C-provisional	medium
SCF:0005058	AC:004179	A0A7S3TXG5	A0A7S3TFW5	R1B3D6	SP:0004179	SP:0019257	gt24	CF-C-provisional	medium
SCF:0005059	AC:004179	A0A7S3TXG5	A0A7S3TFW5	A0A0D3JRC1	SP:0004179	SP:0019258	gt24	CF-C-provisional	medium
SCF:0005060	AC:004179	A0A7S3TXG5	A0A7S3TFW5	R1BTM8	SP:0004179	SP:0019259	gt24	CF-C-provisional	medium
SCF:0005061	AC:004180	Q9FG89	Q9LVM2	Q9LU21	SP:0004180	SP:0006565	gt24	CF-C-provisional	remote_sequence
SCF:0005062	AC:004182	A0A2I0BP34	A0A2I0BQ13	W7KN95	SP:0004182	SP:0017995	gt24	CF-C-provisional	medium
SCF:0005063	AC:004182	A0A2I0BP34	A0A2I0BQ13	A0A2I0BS43	SP:0004182	SP:0017996	gt24	CF-C-provisional	medium
SCF:0005064	AC:004182	A0A2I0BP34	A0A2I0BQ13	W7K5W7	SP:0004182	SP:0019270	gt24	CF-C-provisional	medium
SCF:0005065	AC:004182	A0A2I0BQ13	A0A2I0BP34	W7KN95	SP:0004182	SP:0019271	gt24	CF-C-provisional	medium
SCF:0005066	AC:004182	A0A2I0BQ13	A0A2I0BP34	W7K5W7	SP:0004182	SP:0019272	gt24	CF-C-provisional	medium
SCF:0005067	AC:004182	A0A2I0BQ13	A0A2I0BP34	A0A2I0BS43	SP:0004182	SP:0019273	gt24	CF-C-provisional	medium
SCF:0005068	AC:004183	A0A2D0TCJ3	P27490	Q04918	SP:0004183	SP:0019274	gt24	CF-C-provisional	high
SCF:0005069	AC:004183	A0A2D0TCJ3	P27490	A0A2D0TCJ0	SP:0004183	SP:0019275	gt24	CF-C-provisional	medium
SCF:0005070	AC:004183	P27490	A0A2D0TCJ3	A0A2D0TCJ0	SP:0004183	SP:0019276	gt24	CF-C-provisional	medium
SCF:0005071	AC:004183	P27490	A0A2D0TCJ3	A0A2D0TCJ1	SP:0004183	SP:0019277	gt24	CF-C-provisional	medium
SCF:0005072	AC:004183	P27490	A0A2D0TCJ3	Q04918	SP:0004183	SP:0019278	gt24	CF-C-provisional	remote_sequence
SCF:0005073	AC:004185	P92533	Q9SMN1	Q9SRR8	SP:0004185	SP:0019284	gt24	CF-C-provisional	medium
SCF:0005074	AC:004185	P92533	Q9SMN1	Q9C6B3	SP:0004185	SP:0017603	gt24	CF-C-provisional	remote_sequence
SCF:0005075	AC:004186	Q22RH5	W7WWA2	Q234G8	SP:0004186	SP:0019288	gt24	CF-C-provisional	medium
SCF:0005076	AC:004187	P62314	Q2TAY7	O43172	SP:0004187	SP:0019292	gt24	CF-C-provisional	remote_sequence
SCF:0005077	AC:004187	P62314	Q2TAY7	Q12874	SP:0004187	SP:0019293	gt24	CF-C-provisional	remote_sequence
SCF:0005078	AC:004188	P29055	P38304	P32773	SP:0004188	SP:0019296	gt24	CF-C-provisional	remote_sequence
SCF:0005079	AC:004188	P38304	P29055	P38782	SP:0004188	SP:0016752	gt24	CF-C-provisional	remote_sequence
SCF:0005080	AC:004190	P12238	D0VWR7	D0VWR1	SP:0004190	SP:0018177	gt24	CF-C-provisional	medium
SCF:0005081	AC:004190	P12238	D0VWR7	P51765	SP:0004190	SP:0019305	gt24	CF-C-provisional	remote_sequence
SCF:0005082	AC:004191	Q6CWJ2	Q6CWD0	Q6CRA3	SP:0004191	SP:0019310	gt24	CF-C-provisional	remote_sequence
SCF:0005083	AC:004191	Q6CWJ2	Q6CWD0	Q6CTD6	SP:0004191	SP:0019311	gt24	CF-C-provisional	remote_sequence
SCF:0005084	AC:004191	Q6CWJ2	Q6CWD0	Q6CM04	SP:0004191	SP:0019312	gt24	CF-C-provisional	remote_sequence
SCF:0005085	AC:004192	P0CX51	Q99216	G0SE90	SP:0004192	SP:0019313	gt24	CF-C-provisional	remote_sequence
SCF:0005086	AC:004192	P0CX51	Q99216	P0CX43	SP:0004192	SP:0019314	gt24	CF-C-provisional	remote_sequence
SCF:0005087	AC:004192	P0CX51	Q99216	P0CX37	SP:0004192	SP:0019315	gt24	CF-C-provisional	remote_sequence
SCF:0005088	AC:004192	Q99216	P0CX51	Q3E792	SP:0004192	SP:0014034	gt24	CF-C-provisional	remote_sequence
SCF:0005089	AC:004192	Q99216	P0CX51	P05756	SP:0004192	SP:0019317	gt24	CF-C-provisional	remote_sequence
SCF:0005090	AC:004193	Q72I01	P62668	P61941	SP:0004193	SP:0019321	gt24	CF-C-provisional	medium
SCF:0005091	AC:004194	P60405	P60490	P0DOY8	SP:0004194	SP:0019324	gt24	CF-C-provisional	medium
SCF:0005092	AC:004194	P60405	P60490	P80372	SP:0004194	SP:0019325	gt24	CF-C-provisional	remote_sequence
SCF:0005093	AC:004194	P60405	P60490	P80374	SP:0004194	SP:0019326	gt24	CF-C-provisional	remote_sequence
SCF:0005094	AC:004194	P60490	P60405	P80372	SP:0004194	SP:0019327	gt24	CF-C-provisional	medium
SCF:0005095	AC:004195	A8B4T7	A8B8Z6	A8BU75	SP:0004195	SP:0017519	gt24	CF-C-provisional	remote_sequence
SCF:0005096	AC:004195	A8B8Z6	A8B4T7	A8BLL7	SP:0004195	SP:0019331	gt24	CF-C-provisional	remote_sequence
SCF:0005097	AC:004196	A0T0T9	A0T0U9	A0A679BVT8	SP:0004196	SP:0015988	gt24	CF-C-provisional	high
SCF:0005098	AC:004196	A0T0T9	A0T0U9	A0T0V3	SP:0004196	SP:0019334	gt24	CF-C-provisional	medium
SCF:0005099	AC:004197	O00217	P03891	P03886	SP:0004197	SP:0019336	gt24	CF-C-provisional	remote_sequence
SCF:0005100	AC:004197	O00217	P03891	H9PGF0	SP:0004197	SP:0019337	gt24	CF-C-provisional	remote_sequence
SCF:0005101	AC:004199	A0A9R0JIF6	P12355	A0A9R0IPK6	SP:0004199	SP:0019346	gt24	CF-C-provisional	medium
SCF:0005102	AC:004199	P12355	A0A9R0JIF6	Q41038	SP:0004199	SP:0012611	gt24	CF-C-provisional	high
SCF:0005103	AC:004199	P12355	A0A9R0JIF6	A0A9R0J335	SP:0004199	SP:0019347	gt24	CF-C-provisional	high
SCF:0005104	AC:004199	P12355	A0A9R0JIF6	Q9SQL2	SP:0004199	SP:0008221	gt24	CF-C-provisional	medium
SCF:0005105	AC:004200	P36578	Q6RFH5	P08865	SP:0004200	SP:0019348	gt24	CF-C-provisional	remote_sequence
SCF:0005106	AC:004200	P36578	Q6RFH5	A0A2J8WY29	SP:0004200	SP:0019349	gt24	CF-C-provisional	remote_sequence
SCF:0005107	AC:004200	P36578	Q6RFH5	Q9BV38	SP:0004200	SP:0019350	gt24	CF-C-provisional	remote_sequence
SCF:0005108	AC:004201	O95182	P51970	Q16718	SP:0004201	SP:0019351	gt24	CF-C-provisional	remote_sequence
SCF:0005109	AC:004202	P36049	Q12024	P10664	SP:0004202	SP:0016255	gt24	CF-C-provisional	remote_sequence
SCF:0005110	AC:004202	P36049	Q12024	P53261	SP:0004202	SP:0019357	gt24	CF-C-provisional	remote_sequence
SCF:0005111	AC:004203	A0A1M7D8T4	A0A1M5GFZ4	A0A1M5HDD0	SP:0004203	SP:0019362	gt24	CF-C-provisional	remote_sequence
SCF:0005112	AC:004204	G1TJW1	G1TS40	A0A5F9D2E6	SP:0004204	SP:0019365	gt24	CF-C-provisional	high
SCF:0005113	AC:004204	G1TJW1	G1TS40	G1TPV3	SP:0004204	SP:0019366	gt24	CF-C-provisional	remote_sequence
SCF:0005114	AC:004204	G1TJW1	G1TS40	G1T8A2	SP:0004204	SP:0019367	gt24	CF-C-provisional	remote_sequence
SCF:0005115	AC:004204	G1TS40	G1TJW1	G1TM55	SP:0004204	SP:0019368	gt24	CF-C-provisional	remote_sequence
SCF:0005116	AC:004205	D5MAJ9	A0A2D0TCJ0	P27490	SP:0004205	SP:0019373	gt24	CF-C-provisional	medium
SCF:0005117	AC:004205	D5MAJ9	A0A2D0TCJ0	A0A2D0TCJ1	SP:0004205	SP:0019374	gt24	CF-C-provisional	medium
SCF:0005118	AC:004206	P05738	P53188	P04456	SP:0004206	SP:0019376	gt24	CF-C-provisional	medium
SCF:0005119	AC:004206	P05738	P53188	P0C2H8	SP:0004206	SP:0019377	gt24	CF-C-provisional	medium
SCF:0005120	AC:004206	P05738	P53188	P0CX84	SP:0004206	SP:0019378	gt24	CF-C-provisional	medium
SCF:0005121	AC:004206	P53188	P05738	Q02326	SP:0004206	SP:0019379	gt24	CF-C-provisional	remote_sequence
SCF:0005122	AC:004207	O79881	O79874	O79875	SP:0004207	SP:0019384	gt24	CF-C-provisional	remote_sequence
SCF:0005123	AC:004208	P82933	Q9H2K0	Q9Y2Q9	SP:0004208	SP:0019386	gt24	CF-C-provisional	remote_sequence
SCF:0005124	AC:004208	P82933	Q9H2K0	Q9HD33	SP:0004208	SP:0019387	gt24	CF-C-provisional	remote_sequence
SCF:0005125	AC:004208	P82933	Q9H2K0	Q5T653	SP:0004208	SP:0019388	gt24	CF-C-provisional	remote_sequence
SCF:0005126	AC:004209	Q8N0V3	Q9Y291	Q9Y3D3	SP:0004209	SP:0019392	gt24	CF-C-provisional	remote_sequence
SCF:0005127	AC:004209	Q9Y291	Q8N0V3	P82650	SP:0004209	SP:0019395	gt24	CF-C-provisional	medium
SCF:0005128	AC:004210	Q99278	P32773	P38304	SP:0004210	SP:0019298	gt24	CF-C-provisional	remote_sequence
SCF:0005129	AC:004213	Q50300	P75171	P75447	SP:0004213	SP:0014312	gt24	CF-C-provisional	medium
SCF:0005130	AC:004214	P60494	Q5SHN3	P0DOY9	SP:0004214	SP:0019412	gt24	CF-C-provisional	medium
SCF:0005131	AC:004214	P60494	Q5SHN3	Q5SLQ1	SP:0004214	SP:0014268	gt24	CF-C-provisional	remote_sequence
SCF:0005132	AC:004214	Q5SHN3	P60494	Q5SJH3	SP:0004214	SP:0009969	gt24	CF-C-provisional	remote_sequence
SCF:0005133	AC:004214	Q5SHN3	P60494	P80380	SP:0004214	SP:0019413	gt24	CF-C-provisional	remote_sequence
SCF:0005134	AC:004214	Q5SHN3	P60494	Q5SLQ0	SP:0004214	SP:0011301	gt24	CF-C-provisional	remote_sequence
SCF:0005135	AC:004216	P10664	P53188	P04456	SP:0004216	SP:0019419	gt24	CF-C-provisional	medium
SCF:0005136	AC:004216	P10664	P53188	P0C2H8	SP:0004216	SP:0019420	gt24	CF-C-provisional	medium
SCF:0005137	AC:004216	P10664	P53188	P0CX84	SP:0004216	SP:0019421	gt24	CF-C-provisional	medium
SCF:0005138	AC:004217	Q8N5N7	Q14197	Q9NWU5	SP:0004217	SP:0019427	gt24	CF-C-provisional	medium
SCF:0005139	AC:004217	Q8N5N7	Q14197	Q7Z7H8	SP:0004217	SP:0019428	gt24	CF-C-provisional	remote_sequence
SCF:0005140	AC:004217	Q8N5N7	Q14197	Q7Z2W9	SP:0004217	SP:0019429	gt24	CF-C-provisional	remote_sequence
SCF:0005141	AC:004218	Q9BYD3	Q9H4K7	A4D1E9	SP:0004218	SP:0019430	gt24	CF-C-provisional	medium
SCF:0005142	AC:004218	Q9H4K7	Q9BYD3	Q13084	SP:0004218	SP:0019432	gt24	CF-C-provisional	remote_sequence
SCF:0005143	AC:004218	Q9H4K7	Q9BYD3	Q9P015	SP:0004218	SP:0019433	gt24	CF-C-provisional	remote_sequence
SCF:0005144	AC:004218	Q9H4K7	Q9BYD3	P49406	SP:0004218	SP:0019434	gt24	CF-C-provisional	remote_sequence
SCF:0005145	AC:004219	P28076	Q9R1P0	Q9QUM9	SP:0004219	SP:0015092	gt24	CF-C-provisional	medium
SCF:0005146	AC:004219	P28076	Q9R1P0	O35955	SP:0004219	SP:0015094	gt24	CF-C-provisional	medium
SCF:0005147	AC:004219	P28076	Q9R1P0	O70435	SP:0004219	SP:0015093	gt24	CF-C-provisional	medium
SCF:0005148	AC:004219	Q9R1P0	P28076	Q60692	SP:0004219	SP:0019435	gt24	CF-C-provisional	high
SCF:0005149	AC:004219	Q9R1P0	P28076	O55234	SP:0004219	SP:0019436	gt24	CF-C-provisional	medium
SCF:0005150	AC:004219	Q9R1P0	P28076	P99026	SP:0004219	SP:0019437	gt24	CF-C-provisional	medium
SCF:0005151	AC:004220	P0A7Q6	P40711	P02358	SP:0004220	SP:0019438	gt24	CF-C-provisional	medium
SCF:0005152	AC:004220	P0A7Q6	P40711	P0A7W7	SP:0004220	SP:0019439	gt24	CF-C-provisional	remote_sequence
SCF:0005153	AC:004220	P0A7Q6	P40711	P0A7V8	SP:0004220	SP:0019440	gt24	CF-C-provisional	remote_sequence
SCF:0005154	AC:004222	A0A0R4J8D6	I3L9H6	A0A287ANU4	SP:0004222	SP:0019447	gt24	CF-C-provisional	medium
SCF:0005155	AC:004224	O95298	Q9Y6M9	P51970	SP:0004224	SP:0019453	gt24	CF-C-provisional	remote_sequence
SCF:0005156	AC:004224	Q9Y6M9	O95298	O95168	SP:0004224	SP:0019455	gt24	CF-C-provisional	medium
SCF:0005157	AC:004224	Q9Y6M9	O95298	O95139	SP:0004224	SP:0019456	gt24	CF-C-provisional	remote_sequence
SCF:0005158	AC:004227	A2RNN6	A2RNQ6	A2RNN9	SP:0004227	SP:0013955	gt24	CF-C-provisional	remote_sequence
SCF:0005159	AC:004227	A2RNQ6	A2RNN6	A2RP61	SP:0004227	SP:0013895	gt24	CF-C-provisional	remote_sequence
SCF:0005160	AC:004227	A2RNQ6	A2RNN6	A2RNP9	SP:0004227	SP:0015531	gt24	CF-C-provisional	remote_sequence
SCF:0005161	AC:004228	P32411	P22450	P12733	SP:0004228	SP:0019469	gt24	CF-C-provisional	remote_sequence
SCF:0005162	AC:004229	A2DTN3	A2F3H9	A2FT79	SP:0004229	SP:0019471	gt24	CF-C-provisional	remote_sequence
SCF:0005163	AC:004229	A2DTN3	A2F3H9	A2FCM7	SP:0004229	SP:0019472	gt24	CF-C-provisional	remote_sequence
SCF:0005164	AC:004229	A2DTN3	A2F3H9	A2DD57	SP:0004229	SP:0016283	gt24	CF-C-provisional	remote_sequence
SCF:0005165	AC:004229	A2F3H9	A2DTN3	A2FT79	SP:0004229	SP:0019110	gt24	CF-C-provisional	medium
SCF:0005166	AC:004229	A2F3H9	A2DTN3	A2FJV7	SP:0004229	SP:0019111	gt24	CF-C-provisional	remote_sequence
SCF:0005167	AC:004229	A2F3H9	A2DTN3	A2DD57	SP:0004229	SP:0019473	gt24	CF-C-provisional	remote_sequence
SCF:0005168	AC:004231	G0SE30	G0SBN9	G0RZ99	SP:0004231	SP:0019483	gt24	CF-C-provisional	remote_sequence
SCF:0005169	AC:004231	G0SE30	G0SBN9	G0S4H3	SP:0004231	SP:0019484	gt24	CF-C-provisional	remote_sequence
SCF:0005170	AC:004232	Q02376	P03887	P03892	SP:0004232	SP:0019489	gt24	CF-C-provisional	medium
SCF:0005171	AC:004233	P82664	Q9BYN8	Q9Y2R9	SP:0004233	SP:0019490	gt24	CF-C-provisional	medium
SCF:0005172	AC:004233	P82664	Q9BYN8	Q9Y3D9	SP:0004233	SP:0019491	gt24	CF-C-provisional	remote_sequence
SCF:0005173	AC:004233	P82664	Q9BYN8	P82912	SP:0004233	SP:0019492	gt24	CF-C-provisional	remote_sequence
SCF:0005174	AC:004233	Q9BYN8	P82664	Q96A35	SP:0004233	SP:0019493	gt24	CF-C-provisional	medium
SCF:0005175	AC:004233	Q9BYN8	P82664	Q9Y2Q9	SP:0004233	SP:0019494	gt24	CF-C-provisional	remote_sequence
SCF:0005176	AC:004237	P03896	Q9V3W2	Q9VTU2	SP:0004237	SP:0014280	gt24	CF-C-provisional	remote_sequence
SCF:0005177	AC:004237	Q9V3W2	P03896	P18931	SP:0004237	SP:0019506	gt24	CF-C-provisional	medium
SCF:0005178	AC:004237	Q9V3W2	P03896	Q9MDK5	SP:0004237	SP:0019507	gt24	CF-C-provisional	medium
SCF:0005179	AC:004237	Q9V3W2	P03896	P18932	SP:0004237	SP:0019508	gt24	CF-C-provisional	remote_sequence
SCF:0005180	AC:004239	P43583	P30657	P21242	SP:0004239	SP:0019516	gt24	CF-C-provisional	medium
SCF:0005181	AC:004239	P43583	P30657	P38624	SP:0004239	SP:0019517	gt24	CF-C-provisional	remote_sequence
SCF:0005182	AC:004239	P43583	P30657	P40303	SP:0004239	SP:0015647	gt24	CF-C-provisional	remote_sequence
SCF:0005183	AC:004241	G0SF32	G0S2U4	G0RYF6	SP:0004241	SP:0019526	gt24	CF-C-provisional	medium
SCF:0005184	AC:004242	G0SFC3	G0S495	G0S2I7	SP:0004242	SP:0017350	gt24	CF-C-provisional	medium
SCF:0005185	AC:004242	G0SFC3	G0S495	G0S7X0	SP:0004242	SP:0019530	gt24	CF-C-provisional	remote_sequence
SCF:0005186	AC:004243	Q5IH81	G1TJW1	U3KMN4	SP:0004243	SP:0019534	gt24	CF-C-provisional	remote_sequence
SCF:0005187	AC:004244	Q8R2H0	Q5M7T6	Q5FVI6	SP:0004244	SP:0015262	gt24	CF-C-provisional	remote_sequence
SCF:0005188	AC:004244	Q8R2H0	Q5M7T6	A0A8I5ZWI2	SP:0004244	SP:0015137	gt24	CF-C-provisional	remote_sequence
SCF:0005189	AC:004245	Q9NPJ6	P24928	A0A8D1DPV6	SP:0004245	SP:0013767	gt24	CF-C-provisional	high
SCF:0005190	AC:004245	Q9NPJ6	P24928	Q15648	SP:0004245	SP:0019542	gt24	CF-C-provisional	remote_sequence
SCF:0005191	AC:004248	P42766	Q8WTT2	Q14137	SP:0004248	SP:0019549	gt24	CF-C-provisional	remote_sequence
SCF:0005192	AC:004248	P42766	Q8WTT2	Q96JB5	SP:0004248	SP:0017378	gt24	CF-C-provisional	remote_sequence
SCF:0005193	AC:004248	Q8WTT2	P42766	P30050	SP:0004248	SP:0019551	gt24	CF-C-provisional	remote_sequence
SCF:0005194	AC:004249	G0S681	G0S086	G0SAY0	SP:0004249	SP:0019557	gt24	CF-C-provisional	remote_sequence
SCF:0005195	AC:004250	O60306	Q12874	Q6IQ49	SP:0004250	SP:0019559	gt24	CF-C-provisional	remote_sequence
SCF:0005196	AC:004250	O60306	Q12874	Q8TAD8	SP:0004250	SP:0019560	gt24	CF-C-provisional	remote_sequence
SCF:0005197	AC:004251	O94659	O14388	O94238	SP:0004251	SP:0017324	gt24	CF-C-provisional	remote_sequence
SCF:0005198	AC:004253	A8JEP1	P05726	A8INR7	SP:0004253	SP:0014531	gt24	CF-C-provisional	remote_sequence
SCF:0005199	AC:004253	P05726	A8JEP1	P11094	SP:0004253	SP:0019571	gt24	CF-C-provisional	remote_sequence
SCF:0005200	AC:004254	C3SQR7	C3SR62	A0A024L8R9	SP:0004254	SP:0019574	gt24	CF-C-provisional	remote_sequence
SCF:0005201	AC:004255	Q06411	Q12046	P36118	SP:0004255	SP:0014024	gt24	CF-C-provisional	remote_sequence
SCF:0005202	AC:004255	Q06411	Q12046	P28320	SP:0004255	SP:0014023	gt24	CF-C-provisional	remote_sequence
SCF:0005203	AC:004255	Q12046	Q06411	Q03654	SP:0004255	SP:0019578	gt24	CF-C-provisional	remote_sequence
SCF:0005204	AC:004255	Q12046	Q06411	P36048	SP:0004255	SP:0019579	gt24	CF-C-provisional	remote_sequence
SCF:0005205	AC:004255	Q12046	Q06411	Q12309	SP:0004255	SP:0019580	gt24	CF-C-provisional	remote_sequence
SCF:0005206	AC:004256	G0S0Z3	G0SH61	G0SCE2	SP:0004256	SP:0019581	gt24	CF-C-provisional	remote_sequence
SCF:0005207	AC:004256	G0SH61	G0S0Z3	G0SCL3	SP:0004256	SP:0014901	gt24	CF-C-provisional	remote_sequence
SCF:0005208	AC:004256	G0SH61	G0S0Z3	G0SCE2	SP:0004256	SP:0019584	gt24	CF-C-provisional	remote_sequence
SCF:0005209	AC:004256	G0SH61	G0S0Z3	G0S0D6	SP:0004256	SP:0015965	gt24	CF-C-provisional	remote_sequence
SCF:0005210	AC:004257	Q10232	P40372	Q9Y7Z1	SP:0004257	SP:0019588	gt24	CF-C-provisional	remote_sequence
SCF:0005211	AC:004258	P40089	Q12330	P57743	SP:0004258	SP:0010202	gt24	CF-C-provisional	medium
SCF:0005212	AC:004258	P40089	Q12330	P53905	SP:0004258	SP:0010128	gt24	CF-C-provisional	remote_sequence
SCF:0005213	AC:004258	P40089	Q12330	A6ZYX7	SP:0004258	SP:0010981	gt24	CF-C-provisional	remote_sequence
SCF:0005214	AC:004258	Q12330	P40089	P40204	SP:0004258	SP:0019591	gt24	CF-C-provisional	medium
SCF:0005215	AC:004258	Q12330	P40089	Q06406	SP:0004258	SP:0012816	gt24	CF-C-provisional	medium
SCF:0005216	AC:004258	Q12330	P40089	P54999	SP:0004258	SP:0019592	gt24	CF-C-provisional	remote_sequence
SCF:0005217	AC:004259	Q12250	P38624	P23638	SP:0004259	SP:0014594	gt24	CF-C-provisional	remote_sequence
SCF:0005218	AC:004259	Q12250	P38624	P21242	SP:0004259	SP:0014593	gt24	CF-C-provisional	remote_sequence
SCF:0005219	AC:004259	Q12250	P38624	P23639	SP:0004259	SP:0014595	gt24	CF-C-provisional	remote_sequence
SCF:0005220	AC:004260	G0S992	G0S4M2	G0S7X0	SP:0004260	SP:0017420	gt24	CF-C-provisional	remote_sequence
SCF:0005221	AC:004261	P60147	Q04918	P27490	SP:0004261	SP:0019599	gt24	CF-C-provisional	high
SCF:0005222	AC:004261	P60147	Q04918	A0A2D0TCJ0	SP:0004261	SP:0019600	gt24	CF-C-provisional	medium
SCF:0005223	AC:004261	P60147	Q04918	P16059	SP:0004261	SP:0019601	gt24	CF-C-provisional	remote_sequence
SCF:0005224	AC:004262	P0C2H8	P25382	P38011	SP:0004262	SP:0019603	gt24	CF-C-provisional	remote_sequence
SCF:0005225	AC:004262	P0C2H8	P25382	P14126	SP:0004262	SP:0019604	gt24	CF-C-provisional	remote_sequence
SCF:0005226	AC:004263	Q72L76	Q72I33	Q72IN1	SP:0004263	SP:0018309	gt24	CF-C-provisional	remote_sequence
SCF:0005227	AC:004266	Q2FZ25	Q2FXK6	Q2FW21	SP:0004266	SP:0011039	gt24	CF-C-provisional	remote_sequence
SCF:0005228	AC:004267	P33308	P36145	Q12343	SP:0004267	SP:0019616	gt24	CF-C-provisional	remote_sequence
SCF:0005229	AC:004269	P28367	P12874	P0AG48	SP:0004269	SP:0019624	gt24	CF-C-provisional	remote_sequence
SCF:0005230	AC:004270	R1B3D6	R1DCN2	R1BTM8	SP:0004270	SP:0019627	gt24	CF-C-provisional	high
SCF:0005231	AC:004270	R1B3D6	R1DCN2	R1FP66	SP:0004270	SP:0019628	gt24	CF-C-provisional	medium
SCF:0005232	AC:004270	R1B3D6	R1DCN2	R1DY94	SP:0004270	SP:0016937	gt24	CF-C-provisional	medium
SCF:0005233	AC:004270	R1DCN2	R1B3D6	A0A7S3TFW5	SP:0004270	SP:0019256	gt24	CF-C-provisional	medium
SCF:0005234	AC:004270	R1DCN2	R1B3D6	R1EB65	SP:0004270	SP:0019629	gt24	CF-C-provisional	medium
SCF:0005235	AC:004270	R1DCN2	R1B3D6	R1BTM8	SP:0004270	SP:0015629	gt24	CF-C-provisional	medium
SCF:0005236	AC:004272	P05198	P08708	P62249	SP:0004272	SP:0019631	gt24	CF-C-provisional	remote_sequence
SCF:0005237	AC:004272	P08708	P05198	P62753	SP:0004272	SP:0019634	gt24	CF-C-provisional	remote_sequence
SCF:0005238	AC:004273	Q5JJG0	Q5JGJ4	Q5JGF3	SP:0004273	SP:0019640	gt24	CF-C-provisional	remote_sequence
SCF:0005239	AC:004275	P84098	P05388	Q9H6Y2	SP:0004275	SP:0019650	gt24	CF-C-provisional	medium
SCF:0005240	AC:004275	P84098	P05388	P62424	SP:0004275	SP:0019651	gt24	CF-C-provisional	remote_sequence
SCF:0005241	AC:004275	P84098	P05388	Q9NZM5	SP:0004275	SP:0019652	gt24	CF-C-provisional	remote_sequence
SCF:0005242	AC:004277	G0S5C8	G0S0S8	G0S2B3	SP:0004277	SP:0019150	gt24	CF-C-provisional	remote_sequence
SCF:0005243	AC:004279	G0S0E5	G0SB32	G0SCP3	SP:0004279	SP:0019265	gt24	CF-C-provisional	remote_sequence
SCF:0005244	AC:004281	Q4G3F5	A0A7S3TXN3	A0A6V2SE28	SP:0004281	SP:0015133	gt24	CF-C-provisional	medium
SCF:0005245	AC:004281	Q4G3F5	A0A7S3TXN3	A0A7S3WIW7	SP:0004281	SP:0015135	gt24	CF-C-provisional	remote_sequence
SCF:0005246	AC:004282	A0T0N4	A0T0T2	A0T0P6	SP:0004282	SP:0019680	gt24	CF-C-provisional	remote_sequence
SCF:0005247	AC:004283	A2T2X4	A0A2K3DN83	Q5DM57	SP:0004283	SP:0019686	gt24	CF-C-provisional	remote_sequence
SCF:0005248	AC:004284	P34087	P06839	Q00578	SP:0004284	SP:0006635	gt24	CF-C-provisional	remote_sequence
SCF:0005249	AC:004284	P34087	P06839	P40352	SP:0004284	SP:0007644	gt24	CF-C-provisional	remote_sequence
SCF:0005250	AC:004284	P34087	P06839	P32569	SP:0004284	SP:0019691	gt24	CF-C-provisional	remote_sequence
SCF:0005251	AC:004285	A0A480JRW3	A0A4X1V0C8	A0A287AAR5	SP:0004285	SP:0019692	gt24	CF-C-provisional	high
SCF:0005252	AC:004285	A0A480JRW3	A0A4X1V0C8	A0A8D1WW27	SP:0004285	SP:0019693	gt24	CF-C-provisional	high
SCF:0005253	AC:004285	A0A480JRW3	A0A4X1V0C8	A0A8D1EYI7	SP:0004285	SP:0019694	gt24	CF-C-provisional	medium
SCF:0005254	AC:004285	A0A4X1V0C8	A0A480JRW3	A0A8D1NRT6	SP:0004285	SP:0019695	gt24	CF-C-provisional	remote_sequence
SCF:0005255	AC:004288	C3SR72	C3SME7	P0A7Q1	SP:0004288	SP:0019706	gt24	CF-C-provisional	remote_sequence
SCF:0005256	AC:004290	G0S0Z3	G0RYN9	G0SCP3	SP:0004290	SP:0019264	gt24	CF-C-provisional	remote_sequence
SCF:0005257	AC:004291	Q9U1Q7	O16376	P91175	SP:0004291	SP:0019720	gt24	CF-C-provisional	medium
SCF:0005258	AC:004293	A0A8D2CGH8	O79875	O79881	SP:0004293	SP:0019727	gt24	CF-C-provisional	medium
SCF:0005259	AC:004293	A0A8D2CGH8	O79875	Q7IIB7	SP:0004293	SP:0014064	gt24	CF-C-provisional	remote_sequence
SCF:0005260	AC:004295	Q04048	Q06411	P53131	SP:0004295	SP:0019737	gt24	CF-C-provisional	remote_sequence
SCF:0005261	AC:004295	Q04048	Q06411	Q03654	SP:0004295	SP:0019738	gt24	CF-C-provisional	remote_sequence
SCF:0005262	AC:004295	Q04048	Q06411	Q12309	SP:0004295	SP:0019739	gt24	CF-C-provisional	remote_sequence
SCF:0005263	AC:004295	Q06411	Q04048	P36048	SP:0004295	SP:0019577	gt24	CF-C-provisional	remote_sequence
SCF:0005264	AC:004297	G0S616	G0SB32	G0SCP3	SP:0004297	SP:0018775	gt24	CF-C-provisional	remote_sequence
SCF:0005265	AC:004299	P32379	P32496	P23638	SP:0004299	SP:0019755	gt24	CF-C-provisional	remote_sequence
SCF:0005266	AC:004299	P32379	P32496	P30657	SP:0004299	SP:0019756	gt24	CF-C-provisional	remote_sequence
SCF:0005267	AC:004299	P32379	P32496	P21242	SP:0004299	SP:0019757	gt24	CF-C-provisional	remote_sequence
SCF:0005268	AC:004299	P32496	P32379	P23639	SP:0004299	SP:0019758	gt24	CF-C-provisional	medium
SCF:0005269	AC:004299	P32496	P32379	P21242	SP:0004299	SP:0019759	gt24	CF-C-provisional	medium
SCF:0005270	AC:004299	P32496	P32379	P40302	SP:0004299	SP:0019760	gt24	CF-C-provisional	medium
SCF:0005271	AC:004300	P0A7L8	P0A7R9	P02413	SP:0004300	SP:0019761	gt24	CF-C-provisional	medium
SCF:0005272	AC:004300	P0A7L8	P0A7R9	P0AG59	SP:0004300	SP:0019762	gt24	CF-C-provisional	medium
SCF:0005273	AC:004300	P0A7L8	P0A7R9	P0C018	SP:0004300	SP:0019763	gt24	CF-C-provisional	remote_sequence
SCF:0005274	AC:004300	P0A7R9	P0A7L8	P0A7N4	SP:0004300	SP:0019764	gt24	CF-C-provisional	remote_sequence
SCF:0005275	AC:004301	A0A2R6X3Q4	I7JD56	I7JWJ2	SP:0004301	SP:0015908	gt24	CF-C-provisional	medium
SCF:0005276	AC:004301	A0A2R6X3Q4	I7JD56	A0A2R6WM91	SP:0004301	SP:0019766	gt24	CF-C-provisional	remote_sequence
SCF:0005277	AC:004305	P82193	P82195	P27683	SP:0004305	SP:0019783	gt24	CF-C-provisional	medium
SCF:0005278	AC:004305	P82195	P82193	P82191	SP:0004305	SP:0019786	gt24	CF-C-provisional	remote_sequence
SCF:0005279	AC:004305	P82195	P82193	P82413	SP:0004305	SP:0019787	gt24	CF-C-provisional	remote_sequence
SCF:0005280	AC:004306	A0A8D0VJF4	A0A287B9C4	F1RW03	SP:0004306	SP:0019792	gt24	CF-C-provisional	remote_sequence
SCF:0005281	AC:004310	P02358	P0A7K2	P0A7J7	SP:0004310	SP:0019803	gt24	CF-C-provisional	remote_sequence
SCF:0005282	AC:004310	P02358	P0A7K2	P0C018	SP:0004310	SP:0019804	gt24	CF-C-provisional	remote_sequence
SCF:0005283	AC:004310	P02358	P0A7K2	P0ADY7	SP:0004310	SP:0019805	gt24	CF-C-provisional	remote_sequence
SCF:0005284	AC:004310	P0A7K2	P02358	P0A7X3	SP:0004310	SP:0019806	gt24	CF-C-provisional	remote_sequence
SCF:0005285	AC:004310	P0A7K2	P02358	P0A7J7	SP:0004310	SP:0019807	gt24	CF-C-provisional	remote_sequence
SCF:0005286	AC:004311	A0A480JRW3	A0A4X1VD84	A0A8D0INK7	SP:0004311	SP:0019809	gt24	CF-C-provisional	high
SCF:0005287	AC:004311	A0A480JRW3	A0A4X1VD84	A0A4X1T6M0	SP:0004311	SP:0016813	gt24	CF-C-provisional	remote_sequence
SCF:0005288	AC:004311	A0A480JRW3	A0A4X1VD84	A1XQS6	SP:0004311	SP:0019810	gt24	CF-C-provisional	remote_sequence
SCF:0005289	AC:004311	A0A4X1VD84	A0A480JRW3	A0A8D1NRT6	SP:0004311	SP:0019811	gt24	CF-C-provisional	remote_sequence
SCF:0005290	AC:004311	A0A4X1VD84	A0A480JRW3	A0A4X1VQ42	SP:0004311	SP:0019812	gt24	CF-C-provisional	remote_sequence
SCF:0005291	AC:004312	P22141	Q12377	P40327	SP:0004312	SP:0019814	gt24	CF-C-provisional	remote_sequence
SCF:0005292	AC:004312	P22141	Q12377	P53549	SP:0004312	SP:0019815	gt24	CF-C-provisional	remote_sequence
SCF:0005293	AC:004312	Q12377	P22141	P23638	SP:0004312	SP:0017222	gt24	CF-C-provisional	remote_sequence
SCF:0005294	AC:004312	Q12377	P22141	P40302	SP:0004312	SP:0017221	gt24	CF-C-provisional	remote_sequence
SCF:0005295	AC:004312	Q12377	P22141	P21242	SP:0004312	SP:0019817	gt24	CF-C-provisional	remote_sequence
SCF:0005296	AC:004314	Q22RH5	I7MLZ4	Q234G8	SP:0004314	SP:0019288	gt24	CF-C-provisional	remote_sequence
SCF:0005297	AC:004315	P17293	P27152	P24319	SP:0004315	SP:0019825	gt24	CF-C-provisional	remote_sequence
SCF:0005298	AC:004315	P27152	P17293	P24319	SP:0004315	SP:0019828	gt24	CF-C-provisional	medium
SCF:0005299	AC:004316	B0K022	A0A8I5ZWI2	Q5M7T6	SP:0004316	SP:0019537	gt24	CF-C-provisional	remote_sequence
SCF:0005300	AC:004316	B0K022	A0A8I5ZWI2	Q5ZWW6	SP:0004316	SP:0019831	gt24	CF-C-provisional	remote_sequence
SCF:0005301	AC:004317	O74905	P78946	O94238	SP:0004317	SP:0018897	gt24	CF-C-provisional	remote_sequence
SCF:0005302	AC:004317	O74905	P78946	P0CH06	SP:0004317	SP:0019833	gt24	CF-C-provisional	remote_sequence
SCF:0005303	AC:004317	P78946	O74905	Q10232	SP:0004317	SP:0019835	gt24	CF-C-provisional	high
SCF:0005304	AC:004317	P78946	O74905	O14339	SP:0004317	SP:0019836	gt24	CF-C-provisional	remote_sequence
SCF:0005305	AC:004317	P78946	O74905	O74175	SP:0004317	SP:0019837	gt24	CF-C-provisional	remote_sequence
SCF:0005306	AC:004318	P46776	Q6DKI1	P18124	SP:0004318	SP:0019055	gt24	CF-C-provisional	medium
SCF:0005307	AC:004318	P46776	Q6DKI1	O95478	SP:0004318	SP:0019838	gt24	CF-C-provisional	medium
SCF:0005308	AC:004318	P46776	Q6DKI1	P23396	SP:0004318	SP:0019839	gt24	CF-C-provisional	medium
SCF:0005309	AC:004320	P63220	Q7L2H7	P60842	SP:0004320	SP:0019845	gt24	CF-C-provisional	remote_sequence
SCF:0005310	AC:004320	Q7L2H7	P63220	P62857	SP:0004320	SP:0019848	gt24	CF-C-provisional	remote_sequence
SCF:0005311	AC:004321	G1TDL2	G1SV32	G1SE76	SP:0004321	SP:0019854	gt24	CF-C-provisional	remote_sequence
SCF:0005312	AC:004321	G1TDL2	G1SV32	G1SQH0	SP:0004321	SP:0019855	gt24	CF-C-provisional	remote_sequence
SCF:0005313	AC:004322	F1SCH1	Q7IIB7	Q71K68	SP:0004322	SP:0019857	gt24	CF-C-provisional	remote_sequence
SCF:0005314	AC:004322	F1SCH1	Q7IIB7	Q9TDR1	SP:0004322	SP:0019858	gt24	CF-C-provisional	remote_sequence
SCF:0005315	AC:004322	Q7IIB7	F1SCH1	A0A8D1FAG1	SP:0004322	SP:0019860	gt24	CF-C-provisional	remote_sequence
SCF:0005316	AC:004323	D0CD23	D0CA76	D0CD08	SP:0004323	SP:0019864	gt24	CF-C-provisional	medium
SCF:0005317	AC:004324	P61941	Q72I19	P62664	SP:0004324	SP:0015551	gt24	CF-C-provisional	remote_sequence
SCF:0005318	AC:004324	P61941	Q72I19	Q72I05	SP:0004324	SP:0014155	gt24	CF-C-provisional	remote_sequence
SCF:0005319	AC:004325	P80340	Q5SHP3	Q72I14	SP:0004325	SP:0019868	gt24	CF-C-provisional	remote_sequence
SCF:0005320	AC:004325	Q5SHP3	P80340	P80339	SP:0004325	SP:0019871	gt24	CF-C-provisional	remote_sequence
SCF:0005321	AC:004326	F1S001	A0A0M3KL59	I3LU08	SP:0004326	SP:0019877	gt24	CF-C-provisional	high
SCF:0005322	AC:004327	O74175	Q9UTP0	Q10330	SP:0004327	SP:0019880	gt24	CF-C-provisional	remote_sequence
SCF:0005323	AC:004327	Q9UTP0	O74175	O14339	SP:0004327	SP:0019883	gt24	CF-C-provisional	medium
SCF:0005324	AC:004328	O00541	Q9H6Y2	Q9GZL7	SP:0004328	SP:0019886	gt24	CF-C-provisional	remote_sequence
SCF:0005325	AC:004331	A0A218NZW1	A0A218P4W7	A0A218NZU7	SP:0004331	SP:0018811	gt24	CF-C-provisional	remote_sequence
SCF:0005326	AC:004332	Q234G8	Q24C31	Q24DJ0	SP:0004332	SP:0019897	gt24	CF-C-provisional	remote_sequence
SCF:0005327	AC:004334	G0S7T8	G0S8C4	G0SFK8	SP:0004334	SP:0019903	gt24	CF-C-provisional	remote_sequence
SCF:0005328	AC:004335	Q8TRC2	Q8TH71	A0A832SGR1	SP:0004335	SP:0019912	gt24	CF-C-provisional	remote_sequence
SCF:0005329	AC:004336	O97725	P48305	Q02365	SP:0004336	SP:0019915	gt24	CF-C-provisional	remote_sequence
SCF:0005330	AC:004336	P48305	O97725	Q02369	SP:0004336	SP:0019917	gt24	CF-C-provisional	remote_sequence
SCF:0005331	AC:004337	Q15050	Q9BRT6	P49207	SP:0004337	SP:0019920	gt24	CF-C-provisional	remote_sequence
SCF:0005332	AC:004337	Q9BRT6	Q15050	P36578	SP:0004337	SP:0019922	gt24	CF-C-provisional	remote_sequence
SCF:0005333	AC:004338	Q5SHR2	Q5SLP6	P60489	SP:0004338	SP:0019925	gt24	CF-C-provisional	remote_sequence
SCF:0005334	AC:004338	Q5SHR2	Q5SLP6	P60488	SP:0004338	SP:0019926	gt24	CF-C-provisional	remote_sequence
SCF:0005335	AC:004339	P56537	Q9NZM5	Q9BVP2	SP:0004339	SP:0019931	gt24	CF-C-provisional	remote_sequence
SCF:0005336	AC:004339	P56537	Q9NZM5	Q9BZE4	SP:0004339	SP:0019932	gt24	CF-C-provisional	remote_sequence
SCF:0005337	AC:004340	Q9CPR5	Q9CQL5	Q9CQL4	SP:0004340	SP:0019937	gt24	CF-C-provisional	medium
SCF:0005338	AC:004340	Q9CPR5	Q9CQL5	Q9DCI9	SP:0004340	SP:0014887	gt24	CF-C-provisional	remote_sequence
SCF:0005339	AC:004340	Q9CPR5	Q9CQL5	Q8BU88	SP:0004340	SP:0019938	gt24	CF-C-provisional	remote_sequence
SCF:0005340	AC:004340	Q9CQL5	Q9CPR5	Q9CQ06	SP:0004340	SP:0015972	gt24	CF-C-provisional	remote_sequence
SCF:0005341	AC:004341	G0SHX6	G0RZE9	G0S507	SP:0004341	SP:0019940	gt24	CF-C-provisional	remote_sequence
SCF:0005342	AC:004343	A0QSD4	A0R7F7	A0QSD9	SP:0004343	SP:0019947	gt24	CF-C-provisional	remote_sequence
SCF:0005343	AC:004343	A0QSD4	A0R7F7	A0QYU6	SP:0004343	SP:0019948	gt24	CF-C-provisional	remote_sequence
SCF:0005344	AC:004344	A3HTB8	A3HTC1	A3HTC0	SP:0004344	SP:0019614	gt24	CF-C-provisional	medium
SCF:0005345	AC:004346	Q8TU90	Q8TRU6	A0A832SJD6	SP:0004346	SP:0019244	gt24	CF-C-provisional	medium
SCF:0005346	AC:004350	P31800	P68530	P00415	SP:0004350	SP:0019973	gt24	CF-C-provisional	remote_sequence
SCF:0005347	AC:004351	R1BKA6	R1DWS2	R1DMQ2	SP:0004351	SP:0016174	gt24	CF-C-provisional	remote_sequence
SCF:0005348	AC:004351	R1DWS2	R1BKA6	A0A0D3IGB8	SP:0004351	SP:0018213	gt24	CF-C-provisional	high
SCF:0005349	AC:004352	P0CX31	P40160	Q03195	SP:0004352	SP:0015922	gt24	CF-C-provisional	remote_sequence
SCF:0005350	AC:004354	P15690	P48305	Q02365	SP:0004354	SP:0019990	gt24	CF-C-provisional	remote_sequence
SCF:0005351	AC:004355	A2DHU7	A2G4E1	A2F2J0	SP:0004355	SP:0018013	gt24	CF-C-provisional	remote_sequence
SCF:0005352	AC:004357	A0A480JRW3	O79874	O79875	SP:0004357	SP:0019993	gt24	CF-C-provisional	remote_sequence
SCF:0005353	AC:004357	A0A480JRW3	O79874	O79881	SP:0004357	SP:0018149	gt24	CF-C-provisional	remote_sequence
SCF:0005354	AC:004357	A0A480JRW3	O79874	Q7IIB7	SP:0004357	SP:0018150	gt24	CF-C-provisional	remote_sequence
SCF:0005355	AC:004357	O79874	A0A480JRW3	A0A8D1NRT6	SP:0004357	SP:0019994	gt24	CF-C-provisional	remote_sequence
SCF:0005356	AC:004357	O79874	A0A480JRW3	A0A8D0K655	SP:0004357	SP:0019995	gt24	CF-C-provisional	remote_sequence
SCF:0005357	AC:004357	O79874	A0A480JRW3	A0A4X1VQ42	SP:0004357	SP:0019996	gt24	CF-C-provisional	remote_sequence
SCF:0005358	AC:004361	Q9VPE2	P03896	P18929	SP:0004361	SP:0016047	gt24	CF-C-provisional	remote_sequence
SCF:0005359	AC:004361	Q9VPE2	P03896	C7DZL9	SP:0004361	SP:0016048	gt24	CF-C-provisional	remote_sequence
SCF:0005360	AC:004362	O95298	O43678	O75380	SP:0004362	SP:0018399	gt24	CF-C-provisional	medium
SCF:0005361	AC:004362	O95298	O43678	O95178	SP:0004362	SP:0019454	gt24	CF-C-provisional	remote_sequence
SCF:0005362	AC:004363	P14126	Q06504	Q3E757	SP:0004363	SP:0020018	gt24	CF-C-provisional	remote_sequence
SCF:0005363	AC:004363	P14126	Q06504	P0C0W9	SP:0004363	SP:0020019	gt24	CF-C-provisional	remote_sequence
SCF:0005364	AC:004364	A0A1B4XKT7	A0A1B4XMC1	A0A1B4XKS7	SP:0004364	SP:0020021	gt24	CF-C-provisional	remote_sequence
SCF:0005365	AC:004364	A0A1B4XMC1	A0A1B4XKT7	A0A1B4XKT6	SP:0004364	SP:0020023	gt24	CF-C-provisional	medium
SCF:0005366	AC:004364	A0A1B4XMC1	A0A1B4XKT7	A0A1B4XM76	SP:0004364	SP:0020024	gt24	CF-C-provisional	remote_sequence
SCF:0005367	AC:004365	Q8BU88	Q9CQL5	Q9D1P0	SP:0004365	SP:0020025	gt24	CF-C-provisional	remote_sequence
SCF:0005368	AC:004365	Q9CQL5	Q8BU88	Q9D1P0	SP:0004365	SP:0019939	gt24	CF-C-provisional	remote_sequence
SCF:0005369	AC:004365	Q9CQL5	Q8BU88	Q9CQ06	SP:0004365	SP:0015972	gt24	CF-C-provisional	remote_sequence
SCF:0005370	AC:004365	Q9CQL5	Q8BU88	Q9D7N6	SP:0004365	SP:0014618	gt24	CF-C-provisional	remote_sequence
SCF:0005371	AC:004366	Q8LCQ4	Q95695	P56754	SP:0004366	SP:0009380	gt24	CF-C-provisional	remote_sequence
SCF:0005372	AC:004367	P80339	Q8VVE3	Q5SLP7	SP:0004367	SP:0020027	gt24	CF-C-provisional	medium
SCF:0005373	AC:004367	P80339	Q8VVE3	Q5SHQ7	SP:0004367	SP:0020028	gt24	CF-C-provisional	medium
SCF:0005374	AC:004367	P80339	Q8VVE3	Q5SHP8	SP:0004367	SP:0020029	gt24	CF-C-provisional	remote_sequence
SCF:0005375	AC:004369	Q921S7	Q9D1I6	Q9D1N9	SP:0004369	SP:0020038	gt24	CF-C-provisional	remote_sequence
SCF:0005376	AC:004369	Q9D1I6	Q921S7	Q9D0G0	SP:0004369	SP:0020041	gt24	CF-C-provisional	medium
SCF:0005377	AC:004371	O78754	A0A836ABR5	A0A6P7EX23	SP:0004371	SP:0020053	gt24	CF-C-provisional	remote_sequence
SCF:0005378	AC:004372	Q9Y676	A6NJ78	P82933	SP:0004372	SP:0020059	gt24	CF-C-provisional	remote_sequence
SCF:0005379	AC:004372	Q9Y676	A6NJ78	P82650	SP:0004372	SP:0020060	gt24	CF-C-provisional	remote_sequence
SCF:0005380	AC:004372	Q9Y676	A6NJ78	Q92665	SP:0004372	SP:0020061	gt24	CF-C-provisional	remote_sequence
SCF:0005381	AC:004373	P62316	Q16560	Q9VV74	SP:0004373	SP:0020062	gt24	CF-C-provisional	remote_sequence
SCF:0005382	AC:004376	P47822	P32570	P38902	SP:0004376	SP:0020079	gt24	CF-C-provisional	remote_sequence
SCF:0005383	AC:004376	P47822	P32570	P27999	SP:0004376	SP:0007642	gt24	CF-C-provisional	remote_sequence
SCF:0005384	AC:004377	A8K9D2	Q8IXM3	Q9BQC6	SP:0004377	SP:0020081	gt24	CF-C-provisional	remote_sequence
SCF:0005385	AC:004377	Q8IXM3	A8K9D2	Q9H0U6	SP:0004377	SP:0020084	gt24	CF-C-provisional	high
SCF:0005386	AC:004377	Q8IXM3	A8K9D2	Q9NRX2	SP:0004377	SP:0020085	gt24	CF-C-provisional	remote_sequence
SCF:0005387	AC:004377	Q8IXM3	A8K9D2	Q9BYC9	SP:0004377	SP:0020086	gt24	CF-C-provisional	remote_sequence
SCF:0005388	AC:004378	P60128	F2Z293	P12333	SP:0004378	SP:0020090	gt24	CF-C-provisional	medium
SCF:0005389	AC:004381	P0CX55	P40160	P20459	SP:0004381	SP:0020101	gt24	CF-C-provisional	remote_sequence
SCF:0005390	AC:004381	P0CX55	P40160	Q12460	SP:0004381	SP:0020102	gt24	CF-C-provisional	remote_sequence
SCF:0005391	AC:004382	Q9CY73	Q9CQ40	Q8VDT9	SP:0004382	SP:0017344	gt24	CF-C-provisional	remote_sequence
SCF:0005392	AC:004383	P60866	Q9NPD3	P63244	SP:0004383	SP:0020111	gt24	CF-C-provisional	remote_sequence
SCF:0005393	AC:004389	Q9W3X7	Q9VTU2	Q9V3W2	SP:0004389	SP:0018032	gt24	CF-C-provisional	remote_sequence
SCF:0005394	AC:004390	O15371	P60842	Q7L2H7	SP:0004390	SP:0020136	gt24	CF-C-provisional	remote_sequence
SCF:0005395	AC:004390	O15371	P60842	P41091	SP:0004390	SP:0020137	gt24	CF-C-provisional	remote_sequence
SCF:0005396	AC:004391	O75012	P36056	Q12089	SP:0004391	SP:0020143	gt24	CF-C-provisional	remote_sequence
SCF:0005397	AC:004392	Q14C51	Q9CXW2	Q61733	SP:0004392	SP:0020123	gt24	CF-C-provisional	remote_sequence
SCF:0005398	AC:004393	P08518	P06839	Q00578	SP:0004393	SP:0006637	gt24	CF-C-provisional	remote_sequence
SCF:0005399	AC:004393	P08518	P06839	P40352	SP:0004393	SP:0007645	gt24	CF-C-provisional	remote_sequence
SCF:0005400	AC:004393	P08518	P06839	P32569	SP:0004393	SP:0020151	gt24	CF-C-provisional	remote_sequence
SCF:0005401	AC:004394	P0CX82	P36160	P26321	SP:0004394	SP:0020152	gt24	CF-C-provisional	remote_sequence
SCF:0005402	AC:004394	P0CX82	P36160	P40007	SP:0004394	SP:0020153	gt24	CF-C-provisional	remote_sequence
SCF:0005403	AC:004394	P0CX82	P36160	P33442	SP:0004394	SP:0020154	gt24	CF-C-provisional	remote_sequence
SCF:0005404	AC:004394	P36160	P0CX82	P05738	SP:0004394	SP:0013998	gt24	CF-C-provisional	medium
SCF:0005405	AC:004394	P36160	P0CX82	Q02326	SP:0004394	SP:0006175	gt24	CF-C-provisional	remote_sequence
SCF:0005406	AC:004395	P23193	P61218	A0A4X1VEK9	SP:0004395	SP:0016096	gt24	CF-C-provisional	high
SCF:0005407	AC:004395	P23193	P61218	I3LCB2	SP:0004395	SP:0020155	gt24	CF-C-provisional	remote_sequence
SCF:0005408	AC:004395	P61218	P23193	Q00403	SP:0004395	SP:0006808	gt24	CF-C-provisional	remote_sequence
SCF:0005409	AC:004395	P61218	P23193	P19388	SP:0004395	SP:0020156	gt24	CF-C-provisional	remote_sequence
SCF:0005410	AC:004396	Q84W12	Q04614	P92533	SP:0004396	SP:0016503	gt24	CF-C-provisional	remote_sequence
SCF:0005411	AC:004397	P60490	Q5SHP3	Q5SHP8	SP:0004397	SP:0020160	gt24	CF-C-provisional	remote_sequence
SCF:0005412	AC:004397	P60490	Q5SHP3	P60558	SP:0004397	SP:0020161	gt24	CF-C-provisional	remote_sequence
SCF:0005413	AC:004397	P60490	Q5SHP3	Q72I14	SP:0004397	SP:0018308	gt24	CF-C-provisional	remote_sequence
SCF:0005414	AC:004397	Q5SHP3	P60490	P0DOY8	SP:0004397	SP:0019873	gt24	CF-C-provisional	medium
SCF:0005415	AC:004397	Q5SHP3	P60490	P80372	SP:0004397	SP:0020162	gt24	CF-C-provisional	remote_sequence
SCF:0005416	AC:004397	Q5SHP3	P60490	P60488	SP:0004397	SP:0020163	gt24	CF-C-provisional	remote_sequence
SCF:0005417	AC:004398	Q9CY73	Q9D0Q7	Q9D338	SP:0004398	SP:0016625	gt24	CF-C-provisional	medium
SCF:0005418	AC:004399	A6MVZ2	A6MVV3	A6MVU9	SP:0004399	SP:0020170	gt24	CF-C-provisional	medium
SCF:0005419	AC:004399	A6MVZ2	A6MVV3	A6MW32	SP:0004399	SP:0020171	gt24	CF-C-provisional	remote_sequence
SCF:0005420	AC:004400	P62095	Q9XFT3	Q42029	SP:0004400	SP:0020173	gt24	CF-C-provisional	remote_sequence
SCF:0005421	AC:004401	A0A1M5L6R0	A0A1M7D8T3	A0A1B2U0I9	SP:0004401	SP:0010413	gt24	CF-C-provisional	remote_sequence
SCF:0005422	AC:004401	A0A1M7D8T3	A0A1M5L6R0	A0A1J7CBX1	SP:0004401	SP:0009166	gt24	CF-C-provisional	remote_sequence
SCF:0005423	AC:004401	A0A1M7D8T3	A0A1M5L6R0	A0A1M7D8T4	SP:0004401	SP:0020179	gt24	CF-C-provisional	remote_sequence
SCF:0005424	AC:004401	A0A1M7D8T3	A0A1M5L6R0	A0A1M7D775	SP:0004401	SP:0020180	gt24	CF-C-provisional	remote_sequence
SCF:0005425	AC:004404	Q9B6E9	F2Z6F1	Q9UUU3	SP:0004404	SP:0016415	gt24	CF-C-provisional	high
SCF:0005426	AC:004406	B5FVF3	Q6C8J9	Q6C4W9	SP:0004406	SP:0017319	gt24	CF-C-provisional	remote_sequence
SCF:0005427	AC:004406	Q6C8J9	B5FVF3	B5FVF8	SP:0004406	SP:0017756	gt24	CF-C-provisional	remote_sequence
SCF:0005428	AC:004407	A0A640KW57	A0A640L0A1	A0A640KG82	SP:0004407	SP:0020195	gt24	CF-C-provisional	medium
SCF:0005429	AC:004407	A0A640KW57	A0A640L0A1	A0A640K9U9	SP:0004407	SP:0020196	gt24	CF-C-provisional	medium
SCF:0005430	AC:004407	A0A640KW57	A0A640L0A1	A0A640KXA2	SP:0004407	SP:0020197	gt24	CF-C-provisional	remote_sequence
SCF:0005431	AC:004407	A0A640L0A1	A0A640KW57	A0A640KJI7	SP:0004407	SP:0020199	gt24	CF-C-provisional	remote_sequence
SCF:0005432	AC:004407	A0A640L0A1	A0A640KW57	A0A640KG82	SP:0004407	SP:0020200	gt24	CF-C-provisional	remote_sequence
SCF:0005433	AC:004409	O35680	Q9D2R8	Q9CQE3	SP:0004409	SP:0018559	gt24	CF-C-provisional	medium
SCF:0005434	AC:004410	Q4E661	Q4DAV9	Q4E2E0	SP:0004410	SP:0014414	gt24	CF-C-provisional	remote_sequence
SCF:0005435	AC:004411	A0A8N7XJ18	O78755	O78747	SP:0004411	SP:0020211	gt24	CF-C-provisional	remote_sequence
SCF:0005436	AC:004412	P33334	P32523	Q03654	SP:0004412	SP:0020219	gt24	CF-C-provisional	remote_sequence
SCF:0005437	AC:004412	P33334	P32523	Q03338	SP:0004412	SP:0020220	gt24	CF-C-provisional	remote_sequence
SCF:0005438	AC:004412	P33334	P32523	Q12046	SP:0004412	SP:0020221	gt24	CF-C-provisional	remote_sequence
SCF:0005439	AC:004414	O94874	P61927	P60468	SP:0004414	SP:0020225	gt24	CF-C-provisional	medium
SCF:0005440	AC:004414	O94874	P61927	P83881	SP:0004414	SP:0020226	gt24	CF-C-provisional	remote_sequence
SCF:0005441	AC:004414	P61927	O94874	Q13823	SP:0004414	SP:0016331	gt24	CF-C-provisional	remote_sequence
SCF:0005442	AC:004414	P61927	O94874	Q9BZE4	SP:0004414	SP:0020227	gt24	CF-C-provisional	remote_sequence
SCF:0005443	AC:004415	G0SHK0	G0SFC3	G0RXW1	SP:0004415	SP:0014674	gt24	CF-C-provisional	remote_sequence
SCF:0005444	AC:004418	Q5JDH9	Q5JDH1	Q5JJG6	SP:0004418	SP:0020245	gt24	CF-C-provisional	remote_sequence
SCF:0005445	AC:004419	Q7K1C0	P18931	P03896	SP:0004419	SP:0014281	gt24	CF-C-provisional	medium
SCF:0005446	AC:004421	E1UWB0	E1UWE2	E1UWB9	SP:0004421	SP:0020253	gt24	CF-C-provisional	remote_sequence
SCF:0005447	AC:004421	E1UWE2	E1UWB0	E1UWD6	SP:0004421	SP:0020256	gt24	CF-C-provisional	remote_sequence
SCF:0005448	AC:004427	Q55332	P16033	P09193	SP:0004427	SP:0020282	gt24	CF-C-provisional	remote_sequence
SCF:0005449	AC:004428	Q80YQ2	Q9DB91	Q9CQA5	SP:0004428	SP:0020285	gt24	CF-C-provisional	remote_sequence
SCF:0005450	AC:004429	G1SQV5	G1T1F0	G1TN62	SP:0004429	SP:0020290	gt24	CF-C-provisional	remote_sequence
SCF:0005451	AC:004429	G1SQV5	G1T1F0	G1SGX4	SP:0004429	SP:0020291	gt24	CF-C-provisional	remote_sequence
SCF:0005452	AC:004430	A0A0U5AD05	A0A0U5AR65	A0A660JH71	SP:0004430	SP:0014121	gt24	CF-C-provisional	remote_sequence
SCF:0005453	AC:004430	A0A0U5AR65	A0A0U5AD05	A0A0U5A6S7	SP:0004430	SP:0019191	gt24	CF-C-provisional	remote_sequence
SCF:0005454	AC:004432	A2D8G5	A2DD57	A2E7Z2	SP:0004432	SP:0020300	gt24	CF-C-provisional	medium
SCF:0005455	AC:004432	A2D8G5	A2DD57	A2FCM7	SP:0004432	SP:0020301	gt24	CF-C-provisional	remote_sequence
SCF:0005456	AC:004432	A2D8G5	A2DD57	A2E1I9	SP:0004432	SP:0020302	gt24	CF-C-provisional	remote_sequence
SCF:0005457	AC:004432	A2DD57	A2D8G5	A2FCM7	SP:0004432	SP:0016282	gt24	CF-C-provisional	medium
SCF:0005458	AC:004432	A2DD57	A2D8G5	A2F3H9	SP:0004432	SP:0019473	gt24	CF-C-provisional	remote_sequence
SCF:0005459	AC:004432	A2DD57	A2D8G5	A2F8W4	SP:0004432	SP:0020303	gt24	CF-C-provisional	remote_sequence
SCF:0005460	AC:004433	P36056	P02381	P53292	SP:0004433	SP:0015964	gt24	CF-C-provisional	remote_sequence
SCF:0005461	AC:004434	G0SFN0	G0S215	G0S5L0	SP:0004434	SP:0015229	gt24	CF-C-provisional	medium
SCF:0005462	AC:004435	Q9D338	Q9D0G0	Q9JKF7	SP:0004435	SP:0020312	gt24	CF-C-provisional	remote_sequence
SCF:0005463	AC:004438	Q4JB45	Q4JB42	Q4J953	SP:0004438	SP:0020326	gt24	CF-C-provisional	medium
SCF:0005464	AC:004439	P38175	P10662	P53881	SP:0004439	SP:0020330	gt24	CF-C-provisional	remote_sequence
SCF:0005465	AC:004439	P38175	P10662	P17558	SP:0004439	SP:0020331	gt24	CF-C-provisional	remote_sequence
SCF:0005466	AC:004441	P0CG47	P25788	Q9Y5K5	SP:0004441	SP:0020334	gt24	CF-C-provisional	remote_sequence
SCF:0005467	AC:004441	P0CG47	P25788	O00487	SP:0004441	SP:0015663	gt24	CF-C-provisional	remote_sequence
SCF:0005468	AC:004441	P25788	P0CG47	P25787	SP:0004441	SP:0020335	gt24	CF-C-provisional	remote_sequence
SCF:0005469	AC:004441	P25788	P0CG47	P51665	SP:0004441	SP:0020336	gt24	CF-C-provisional	remote_sequence
SCF:0005470	AC:004441	P25788	P0CG47	P28066	SP:0004441	SP:0020337	gt24	CF-C-provisional	remote_sequence
SCF:0005471	AC:004442	K7GP63	A0A4X1TXJ8	F2Z522	SP:0004442	SP:0020341	gt24	CF-C-provisional	remote_sequence
SCF:0005472	AC:004442	K7GP63	A0A4X1TXJ8	Q29223	SP:0004442	SP:0020342	gt24	CF-C-provisional	remote_sequence
SCF:0005473	AC:004443	A0A9R0IPK6	Q9M3J4	P06511	SP:0004443	SP:0020344	gt24	CF-C-provisional	medium
SCF:0005474	AC:004443	Q9M3J4	A0A9R0IPK6	A0A9R0JIF6	SP:0004443	SP:0015335	gt24	CF-C-provisional	medium
SCF:0005475	AC:004444	G0S616	G0SD68	G0SCP3	SP:0004444	SP:0018775	gt24	CF-C-provisional	medium
SCF:0005476	AC:004447	Q8IKL9	Q8IAX5	A0A5K1K925	SP:0004447	SP:0020361	gt24	CF-C-provisional	remote_sequence
SCF:0005477	AC:004448	P53665	O05000	B5TM94	SP:0004448	SP:0020366	gt24	CF-C-provisional	remote_sequence
SCF:0005478	AC:004448	P53665	O05000	P29388	SP:0004448	SP:0020367	gt24	CF-C-provisional	remote_sequence
SCF:0005479	AC:004449	P0A7R5	P60438	P60422	SP:0004449	SP:0020369	gt24	CF-C-provisional	remote_sequence
SCF:0005480	AC:004449	P0A7R5	P60438	P0A7V3	SP:0004449	SP:0020370	gt24	CF-C-provisional	remote_sequence
SCF:0005481	AC:004449	P0A7R5	P60438	C3SQX2	SP:0004449	SP:0006217	gt24	CF-C-provisional	remote_sequence
SCF:0005482	AC:004449	P60438	P0A7R5	P0ADZ4	SP:0004449	SP:0020371	gt24	CF-C-provisional	medium
SCF:0005483	AC:004449	P60438	P0A7R5	P0A7R9	SP:0004449	SP:0020372	gt24	CF-C-provisional	medium
SCF:0005484	AC:004449	P60438	P0A7R5	P0C018	SP:0004449	SP:0020373	gt24	CF-C-provisional	remote_sequence
SCF:0005485	AC:004450	P62829	Q9NVU7	Q8TDD1	SP:0004450	SP:0020374	gt24	CF-C-provisional	remote_sequence
SCF:0005486	AC:004450	P62829	Q9NVU7	Q13823	SP:0004450	SP:0015709	gt24	CF-C-provisional	remote_sequence
SCF:0005487	AC:004450	P62829	Q9NVU7	Q9Y3T9	SP:0004450	SP:0015708	gt24	CF-C-provisional	remote_sequence
SCF:0005488	AC:004452	P03891	Q9Y6M9	P51970	SP:0004452	SP:0020383	gt24	CF-C-provisional	remote_sequence
SCF:0005489	AC:004452	Q9Y6M9	P03891	P03915	SP:0004452	SP:0020386	gt24	CF-C-provisional	remote_sequence
SCF:0005490	AC:004452	Q9Y6M9	P03891	P03905	SP:0004452	SP:0020387	gt24	CF-C-provisional	remote_sequence
SCF:0005491	AC:004454	A0A3Q7H274	Q53U38	A0A3Q7GUG2	SP:0004454	SP:0015543	gt24	CF-C-provisional	remote_sequence
SCF:0005492	AC:004455	G0SHI0	G0S2U4	G0RY94	SP:0004455	SP:0020393	gt24	CF-C-provisional	remote_sequence
SCF:0005493	AC:004456	P02358	P0A7L8	P0C018	SP:0004456	SP:0019804	gt24	CF-C-provisional	remote_sequence
SCF:0005494	AC:004456	P02358	P0A7L8	P0ADY7	SP:0004456	SP:0019805	gt24	CF-C-provisional	remote_sequence
SCF:0005495	AC:004456	P02358	P0A7L8	S1NW45	SP:0004456	SP:0020396	gt24	CF-C-provisional	remote_sequence
SCF:0005496	AC:004456	P0A7L8	P02358	P0A7K6	SP:0004456	SP:0020398	gt24	CF-C-provisional	remote_sequence
SCF:0005497	AC:004456	P0A7L8	P02358	P0C018	SP:0004456	SP:0019763	gt24	CF-C-provisional	remote_sequence
SCF:0005498	AC:004457	Q839F6	Q839D8	Q839G2	SP:0004457	SP:0020401	gt24	CF-C-provisional	remote_sequence
SCF:0005499	AC:004458	P0CG63	P36105	P05739	SP:0004458	SP:0020404	gt24	CF-C-provisional	remote_sequence
SCF:0005500	AC:004458	P0CG63	P36105	P0CH08	SP:0004458	SP:0020405	gt24	CF-C-provisional	remote_sequence
SCF:0005501	AC:004458	P36105	P0CG63	P38779	SP:0004458	SP:0020406	gt24	CF-C-provisional	remote_sequence
SCF:0005502	AC:004458	P36105	P0CG63	P53927	SP:0004458	SP:0020407	gt24	CF-C-provisional	remote_sequence
SCF:0005503	AC:004458	P36105	P0CG63	Q03532	SP:0004458	SP:0020408	gt24	CF-C-provisional	remote_sequence
SCF:0005504	AC:004459	P34087	P32570	P38902	SP:0004459	SP:0020410	gt24	CF-C-provisional	remote_sequence
SCF:0005505	AC:004459	P34087	P32570	P27999	SP:0004459	SP:0020411	gt24	CF-C-provisional	remote_sequence
SCF:0005506	AC:004460	A2DIM3	A2E1L5	A2D895	SP:0004460	SP:0020413	gt24	CF-C-provisional	remote_sequence
SCF:0005507	AC:004462	O44729	Q9BLB6	Q20716	SP:0004462	SP:0020422	gt24	CF-C-provisional	medium
SCF:0005508	AC:004463	Q8BU88	Q9D0G0	Q921S7	SP:0004463	SP:0020428	gt24	CF-C-provisional	medium
SCF:0005509	AC:004463	Q9D0G0	Q8BU88	Q8K2Y7	SP:0004463	SP:0020310	gt24	CF-C-provisional	remote_sequence
SCF:0005510	AC:004463	Q9D0G0	Q8BU88	Q9D7N6	SP:0004463	SP:0020429	gt24	CF-C-provisional	remote_sequence
SCF:0005511	AC:004463	Q9D0G0	Q8BU88	Q9DCI9	SP:0004463	SP:0020430	gt24	CF-C-provisional	remote_sequence
SCF:0005512	AC:004464	P30657	P40016	P40327	SP:0004464	SP:0020431	gt24	CF-C-provisional	medium
SCF:0005513	AC:004464	P40016	P30657	P23639	SP:0004464	SP:0020434	gt24	CF-C-provisional	remote_sequence
SCF:0005514	AC:004464	P40016	P30657	P23638	SP:0004464	SP:0020435	gt24	CF-C-provisional	remote_sequence
SCF:0005515	AC:004464	P40016	P30657	P32496	SP:0004464	SP:0020436	gt24	CF-C-provisional	remote_sequence
SCF:0005516	AC:004465	O95167	O95168	O43676	SP:0004465	SP:0020437	gt24	CF-C-provisional	remote_sequence
SCF:0005517	AC:004467	P60866	Q53EL6	Q5VTE0	SP:0004467	SP:0020444	gt24	CF-C-provisional	remote_sequence
SCF:0005518	AC:004467	Q53EL6	P60866	P62861	SP:0004467	SP:0020447	gt24	CF-C-provisional	remote_sequence
SCF:0005519	AC:004468	A0QSG3	A0QSD7	A0QVB8	SP:0004468	SP:0016926	gt24	CF-C-provisional	medium
SCF:0005520	AC:004469	P0A7W7	P40711	P02358	SP:0004469	SP:0007337	gt24	CF-C-provisional	medium
SCF:0005521	AC:004469	P0A7W7	P40711	P0A7V8	SP:0004469	SP:0020451	gt24	CF-C-provisional	remote_sequence
SCF:0005522	AC:004469	P0A7W7	P40711	P0AA10	SP:0004469	SP:0020452	gt24	CF-C-provisional	remote_sequence
SCF:0005523	AC:004470	G1TG89	G1TS40	G1U0Y5	SP:0004470	SP:0020454	gt24	CF-C-provisional	medium
SCF:0005524	AC:004470	G1TG89	G1TS40	G1TPV3	SP:0004470	SP:0020455	gt24	CF-C-provisional	remote_sequence
SCF:0005525	AC:004470	G1TG89	G1TS40	G1T168	SP:0004470	SP:0020456	gt24	CF-C-provisional	remote_sequence
SCF:0005526	AC:004470	G1TS40	G1TG89	G1SFR8	SP:0004470	SP:0019370	gt24	CF-C-provisional	remote_sequence
SCF:0005527	AC:004472	P0A7K6	P0A7P5	P0A7Q1	SP:0004472	SP:0020465	gt24	CF-C-provisional	remote_sequence
SCF:0005528	AC:004472	P0A7P5	P0A7K6	P61175	SP:0004472	SP:0020468	gt24	CF-C-provisional	remote_sequence
SCF:0005529	AC:004472	P0A7P5	P0A7K6	P0A7T3	SP:0004472	SP:0020470	gt24	CF-C-provisional	remote_sequence
SCF:0005530	AC:004476	P06509	Q9M3K7	Q9M3I4	SP:0004476	SP:0020034	gt24	CF-C-provisional	remote_sequence
SCF:0005531	AC:004476	Q9M3K7	P06509	P08242	SP:0004476	SP:0020037	gt24	CF-C-provisional	remote_sequence
SCF:0005532	AC:004477	A0A371BY45	S5TMP9	S5U4R9	SP:0004477	SP:0014517	gt24	CF-C-provisional	remote_sequence
SCF:0005533	AC:004478	Q9HWE5	Q9HWF4	Q9HXQ2	SP:0004478	SP:0016854	gt24	CF-C-provisional	remote_sequence
SCF:0005534	AC:004478	Q9HWF4	Q9HWE5	Q9I0A2	SP:0004478	SP:0020482	gt24	CF-C-provisional	remote_sequence
SCF:0005535	AC:004479	A4ZFB8	A4ZFB5	A4ZFB6	SP:0004479	SP:0020487	gt24	CF-C-provisional	remote_sequence
SCF:0005536	AC:004482	G0RYF6	G0SG51	G0SBN9	SP:0004482	SP:0020494	gt24	CF-C-provisional	remote_sequence
SCF:0005537	AC:004482	G0SG51	G0RYF6	G0S2U4	SP:0004482	SP:0020496	gt24	CF-C-provisional	medium
SCF:0005538	AC:004483	Q4DED2	Q4DXW6	Q4E2E0	SP:0004483	SP:0020499	gt24	CF-C-provisional	remote_sequence
SCF:0005539	AC:004485	Q96EY4	Q9NVU7	Q9BZE4	SP:0004485	SP:0020503	gt24	CF-C-provisional	remote_sequence
SCF:0005540	AC:004485	Q9NVU7	Q96EY4	P62906	SP:0004485	SP:0020506	gt24	CF-C-provisional	remote_sequence
SCF:0005541	AC:004485	Q9NVU7	Q96EY4	Q9UKD2	SP:0004485	SP:0020507	gt24	CF-C-provisional	remote_sequence
SCF:0005542	AC:004486	Q4G3C5	Q4G381	D9MYJ9	SP:0004486	SP:0020511	gt24	CF-C-provisional	medium
SCF:0005543	AC:004488	Q5SHN3	Q8VVE3	Q5SLP7	SP:0004488	SP:0020519	gt24	CF-C-provisional	medium
SCF:0005544	AC:004488	Q8VVE3	Q5SHN3	Q5SLQ1	SP:0004488	SP:0020522	gt24	CF-C-provisional	remote_sequence
SCF:0005545	AC:004490	P62851	Q9NRX1	P62906	SP:0004490	SP:0020528	gt24	CF-C-provisional	remote_sequence
SCF:0005546	AC:004490	P62851	Q9NRX1	O75822	SP:0004490	SP:0020529	gt24	CF-C-provisional	remote_sequence
SCF:0005547	AC:004490	P62851	Q9NRX1	P05198	SP:0004490	SP:0020530	gt24	CF-C-provisional	remote_sequence
SCF:0005548	AC:004491	A8B5N7	A8BU75	A8BE02	SP:0004491	SP:0016151	gt24	CF-C-provisional	remote_sequence
SCF:0005549	AC:004494	A8BE76	A8BM86	A8B8Z6	SP:0004494	SP:0020541	gt24	CF-C-provisional	remote_sequence
SCF:0005550	AC:004494	A8BM86	A8BE76	A0A644FBU1	SP:0004494	SP:0020544	gt24	CF-C-provisional	remote_sequence
SCF:0005551	AC:004495	A6MVR2	A6MVV4	A6MVV3	SP:0004495	SP:0020547	gt24	CF-C-provisional	medium
SCF:0005552	AC:004497	P56537	P62888	P83881	SP:0004497	SP:0020557	gt24	CF-C-provisional	remote_sequence
SCF:0005553	AC:004497	P62888	P56537	Q9UKD2	SP:0004497	SP:0020559	gt24	CF-C-provisional	remote_sequence
SCF:0005554	AC:004498	P61619	P62424	P62750	SP:0004498	SP:0011077	gt24	CF-C-provisional	remote_sequence
SCF:0005555	AC:004499	G0RXZ3	G0S5S8	G0RYU9	SP:0004499	SP:0020567	gt24	CF-C-provisional	remote_sequence
SCF:0005556	AC:004499	G0RXZ3	G0S5S8	G0RYG4	SP:0004499	SP:0020568	gt24	CF-C-provisional	remote_sequence
SCF:0005557	AC:004499	G0RXZ3	G0S5S8	G0S8F1	SP:0004499	SP:0018832	gt24	CF-C-provisional	remote_sequence
SCF:0005558	AC:004499	G0S5S8	G0RXZ3	G0S081	SP:0004499	SP:0020569	gt24	CF-C-provisional	medium
SCF:0005559	AC:004501	Q7JAS9	Q02827	Q02371	SP:0004501	SP:0020580	gt24	CF-C-provisional	remote_sequence
SCF:0005560	AC:004503	A0A1D8ND94	S5U4R9	S5TF58	SP:0004503	SP:0020586	gt24	CF-C-provisional	remote_sequence
SCF:0005561	AC:004503	A0A1D8ND94	S5U4R9	S5TMP9	SP:0004503	SP:0017706	gt24	CF-C-provisional	remote_sequence
SCF:0005562	AC:004504	Q9NX70	O75586	O43513	SP:0004504	SP:0016100	gt24	CF-C-provisional	remote_sequence
SCF:0005563	AC:004505	O09111	Q99LY9	Q9DCJ5	SP:0004505	SP:0020592	gt24	CF-C-provisional	remote_sequence
SCF:0005564	AC:004506	Q4FS20	Q4FVL1	Q4FS21	SP:0004506	SP:0020598	gt24	CF-C-provisional	remote_sequence
SCF:0005565	AC:004507	Q09385	Q9BLB6	Q20716	SP:0004507	SP:0020601	gt24	CF-C-provisional	medium
SCF:0005566	AC:004508	Q9UX87	P39573	Q97ZY6	SP:0004508	SP:0020609	gt24	CF-C-provisional	remote_sequence
SCF:0005567	AC:004511	Q9DCA2	Q80ZS3	Q80X85	SP:0004511	SP:0015090	gt24	CF-C-provisional	remote_sequence
SCF:0005568	AC:004513	P62888	Q8TDN6	Q02878	SP:0004513	SP:0020626	gt24	CF-C-provisional	medium
SCF:0005569	AC:004513	P62888	Q8TDN6	Q9UKD2	SP:0004513	SP:0020559	gt24	CF-C-provisional	remote_sequence
SCF:0005570	AC:004513	P62888	Q8TDN6	Q9NZM5	SP:0004513	SP:0020627	gt24	CF-C-provisional	remote_sequence
SCF:0005571	AC:004514	Q5JJF2	Q5JGF3	Q5JIY8	SP:0004514	SP:0017617	gt24	CF-C-provisional	medium
SCF:0005572	AC:004515	Q2FW33	Q2FW30	Q2FW17	SP:0004515	SP:0020635	gt24	CF-C-provisional	remote_sequence
SCF:0005573	AC:004515	Q2FW33	Q2FW30	Q2FW38	SP:0004515	SP:0020636	gt24	CF-C-provisional	remote_sequence
SCF:0005574	AC:004516	Q99N92	Q9D0G0	Q921S7	SP:0004516	SP:0020638	gt24	CF-C-provisional	medium
SCF:0005575	AC:004516	Q9D0G0	Q99N92	Q9CQN7	SP:0004516	SP:0020639	gt24	CF-C-provisional	medium
SCF:0005576	AC:004516	Q9D0G0	Q99N92	Q9D7N6	SP:0004516	SP:0020429	gt24	CF-C-provisional	remote_sequence
SCF:0005577	AC:004518	O15371	P20042	P60228	SP:0004518	SP:0020643	gt24	CF-C-provisional	remote_sequence
SCF:0005578	AC:004518	P20042	O15371	Q13144	SP:0004518	SP:0020646	gt24	CF-C-provisional	remote_sequence
SCF:0005579	AC:004520	Q9V4E0	Q9V3L7	Q9W402	SP:0004520	SP:0020651	gt24	CF-C-provisional	remote_sequence
SCF:0005580	AC:004526	G0SGY1	G0S4M2	G0S7X0	SP:0004526	SP:0020672	gt24	CF-C-provisional	remote_sequence
SCF:0005581	AC:004526	G0SGY1	G0S4M2	G0SFD6	SP:0004526	SP:0020673	gt24	CF-C-provisional	remote_sequence
SCF:0005582	AC:004527	A0A4X1VQ42	A0A4X1VVS8	A0A287BDC0	SP:0004527	SP:0017865	gt24	CF-C-provisional	remote_sequence
SCF:0005583	AC:004527	A0A4X1VQ42	A0A4X1VVS8	A0A286ZUN9	SP:0004527	SP:0020675	gt24	CF-C-provisional	remote_sequence
SCF:0005584	AC:004528	Q02371	Q8HXG5	P52505	SP:0004528	SP:0016355	gt24	CF-C-provisional	medium
SCF:0005585	AC:004528	Q02371	Q8HXG5	P42026	SP:0004528	SP:0020679	gt24	CF-C-provisional	remote_sequence
SCF:0005586	AC:004528	Q8HXG5	Q02371	Q02827	SP:0004528	SP:0020681	gt24	CF-C-provisional	remote_sequence
SCF:0005587	AC:004529	Q16540	Q9BYC8	Q7Z2W9	SP:0004529	SP:0020684	gt24	CF-C-provisional	medium
SCF:0005588	AC:004529	Q16540	Q9BYC8	Q8TAE8	SP:0004529	SP:0020685	gt24	CF-C-provisional	medium
SCF:0005589	AC:004530	P07470	P00426	O14561	SP:0004530	SP:0020691	gt24	CF-C-provisional	medium
SCF:0005590	AC:004530	P07470	P00426	P62894	SP:0004530	SP:0010835	gt24	CF-C-provisional	remote_sequence
SCF:0005591	AC:004532	O49937	P82193	P06509	SP:0004532	SP:0016755	gt24	CF-C-provisional	remote_sequence
SCF:0005592	AC:004532	O49937	P82193	P22798	SP:0004532	SP:0020696	gt24	CF-C-provisional	remote_sequence
SCF:0005593	AC:004534	P59777	A8IKC8	A8ITV3	SP:0004534	SP:0010914	gt24	CF-C-provisional	high
SCF:0005594	AC:004534	P59777	A8IKC8	Q75VY6	SP:0004534	SP:0008835	gt24	CF-C-provisional	medium
SCF:0005595	AC:004534	P59777	A8IKC8	Q84Y02	SP:0004534	SP:0010368	gt24	CF-C-provisional	medium
SCF:0005596	AC:004535	P62888	Q14137	Q13823	SP:0004535	SP:0020704	gt24	CF-C-provisional	remote_sequence
SCF:0005597	AC:004537	Q8JU54	Q8JU61	Q8JU62	SP:0004537	SP:0020710	gt24	CF-C-provisional	remote_sequence
SCF:0005598	AC:004538	P60489	P80340	P80339	SP:0004538	SP:0020712	gt24	CF-C-provisional	remote_sequence
SCF:0005599	AC:004538	P80340	P60489	Q5SHN9	SP:0004538	SP:0019870	gt24	CF-C-provisional	remote_sequence
SCF:0005600	AC:004539	Q9Y421	O75643	Q6P2Q9	SP:0004539	SP:0020717	gt24	CF-C-provisional	remote_sequence
SCF:0005601	AC:004541	P0AG44	P0AG67	P43672	SP:0004541	SP:0020725	gt24	CF-C-provisional	remote_sequence
SCF:0005602	AC:004541	P0AG44	P0AG67	P0A705	SP:0004541	SP:0020726	gt24	CF-C-provisional	remote_sequence
SCF:0005603	AC:004541	P0AG44	P0AG67	P0A6M8	SP:0004541	SP:0020727	gt24	CF-C-provisional	remote_sequence
SCF:0005604	AC:004542	P82917	Q3SZ86	P82913	SP:0004542	SP:0020730	gt24	CF-C-provisional	remote_sequence
SCF:0005605	AC:004542	Q3SZ86	P82917	P82915	SP:0004542	SP:0020733	gt24	CF-C-provisional	remote_sequence
SCF:0005606	AC:004542	Q3SZ86	P82917	P82669	SP:0004542	SP:0017535	gt24	CF-C-provisional	remote_sequence
SCF:0005607	AC:004543	B0C1V7	B0CFM2	B0C576	SP:0004543	SP:0020735	gt24	CF-C-provisional	remote_sequence
SCF:0005608	AC:004543	B0CFM2	B0C1V7	B0C6I0	SP:0004543	SP:0016657	gt24	CF-C-provisional	medium
SCF:0005609	AC:004543	B0CFM2	B0C1V7	B0C3E6	SP:0004543	SP:0020738	gt24	CF-C-provisional	remote_sequence
SCF:0005610	AC:004544	A0A286ZNB3	A0A8D1XNL0	I3LU08	SP:0004544	SP:0020740	gt24	CF-C-provisional	remote_sequence
SCF:0005611	AC:004546	A0A640KGL4	A0A640KW57	A0A640KUX2	SP:0004546	SP:0018024	gt24	CF-C-provisional	remote_sequence
SCF:0005612	AC:004546	A0A640KGL4	A0A640KW57	A0A640KJI7	SP:0004546	SP:0020750	gt24	CF-C-provisional	remote_sequence
SCF:0005613	AC:004546	A0A640KW57	A0A640KGL4	A0A640KG82	SP:0004546	SP:0020195	gt24	CF-C-provisional	medium
SCF:0005614	AC:004546	A0A640KW57	A0A640KGL4	A0A640KXA2	SP:0004546	SP:0020197	gt24	CF-C-provisional	medium
SCF:0005615	AC:004546	A0A640KW57	A0A640KGL4	A0A640KTY7	SP:0004546	SP:0020752	gt24	CF-C-provisional	remote_sequence
SCF:0005616	AC:004547	Q8TRR0	Q8TT42	Q8TRC2	SP:0004547	SP:0020753	gt24	CF-C-provisional	remote_sequence
SCF:0005617	AC:004547	Q8TRR0	Q8TT42	Q8TKI9	SP:0004547	SP:0019242	gt24	CF-C-provisional	remote_sequence
SCF:0005618	AC:004547	Q8TT42	Q8TRR0	A0A832W9Q0	SP:0004547	SP:0020755	gt24	CF-C-provisional	medium
SCF:0005619	AC:004548	P0CH08	P38701	P05738	SP:0004548	SP:0020757	gt24	CF-C-provisional	remote_sequence
SCF:0005620	AC:004548	P0CH08	P38701	P51401	SP:0004548	SP:0020758	gt24	CF-C-provisional	remote_sequence
SCF:0005621	AC:004548	P38701	P0CH08	P05759	SP:0004548	SP:0020760	gt24	CF-C-provisional	medium
SCF:0005622	AC:004548	P38701	P0CH08	O14467	SP:0004548	SP:0020761	gt24	CF-C-provisional	medium
SCF:0005623	AC:004548	P38701	P0CH08	P04456	SP:0004548	SP:0020762	gt24	CF-C-provisional	remote_sequence
SCF:0005624	AC:004549	P19052	D0VWR5	Q8DMP8	SP:0004549	SP:0012791	gt24	CF-C-provisional	remote_sequence
SCF:0005625	AC:004550	Q5SHQ0	Q5SHP9	P0DOY9	SP:0004550	SP:0020767	gt24	CF-C-provisional	medium
SCF:0005626	AC:004550	Q5SHQ0	Q5SHP9	P60490	SP:0004550	SP:0020768	gt24	CF-C-provisional	remote_sequence
SCF:0005627	AC:004550	Q5SHQ0	Q5SHP9	P80380	SP:0004550	SP:0020769	gt24	CF-C-provisional	remote_sequence
SCF:0005628	AC:004551	P53261	Q08962	P05738	SP:0004551	SP:0020770	gt24	CF-C-provisional	medium
SCF:0005629	AC:004551	P53261	Q08962	Q02326	SP:0004551	SP:0020771	gt24	CF-C-provisional	remote_sequence
SCF:0005630	AC:004552	P38902	P35189	P34162	SP:0004552	SP:0015103	gt24	CF-C-provisional	remote_sequence
SCF:0005631	AC:004552	P38902	P35189	P20436	SP:0004552	SP:0020777	gt24	CF-C-provisional	remote_sequence
SCF:0005632	AC:004553	Q4DGZ5	Q4E0Q3	Q4DY32	SP:0004553	SP:0015717	gt24	CF-C-provisional	remote_sequence
SCF:0005633	AC:004553	Q4E0Q3	Q4DGZ5	Q4DTQ1	SP:0004553	SP:0020780	gt24	CF-C-provisional	remote_sequence
SCF:0005634	AC:004553	Q4E0Q3	Q4DGZ5	Q4D0U7	SP:0004553	SP:0020781	gt24	CF-C-provisional	remote_sequence
SCF:0005635	AC:004556	O60244	Q96HR3	Q9H204	SP:0004556	SP:0016103	gt24	CF-C-provisional	medium
SCF:0005636	AC:004556	O60244	Q96HR3	F1RKE4	SP:0004556	SP:0020789	gt24	CF-C-provisional	remote_sequence
SCF:0005637	AC:004556	Q96HR3	O60244	Q15648	SP:0004556	SP:0020790	gt24	CF-C-provisional	remote_sequence
SCF:0005638	AC:004557	Q5JDI0	Q5JH43	Q5JJH0	SP:0004557	SP:0020793	gt24	CF-C-provisional	remote_sequence
SCF:0005639	AC:004558	A0A0U5AP82	A0A0U5A6U3	A0A0U5ADD0	SP:0004558	SP:0017987	gt24	CF-C-provisional	remote_sequence
SCF:0005640	AC:004560	O43677	O95168	O95298	SP:0004560	SP:0018395	gt24	CF-C-provisional	medium
SCF:0005641	AC:004563	G0RZZ2	G0S775	G0S8H4	SP:0004563	SP:0016674	gt24	CF-C-provisional	remote_sequence
SCF:0005642	AC:004565	P0A6N4	P62399	P02359	SP:0004565	SP:0020821	gt24	CF-C-provisional	remote_sequence
SCF:0005643	AC:004566	A0A4X1UIV8	A0A4X1VD84	A0A8D0INK7	SP:0004566	SP:0020827	gt24	CF-C-provisional	high
SCF:0005644	AC:004566	A0A4X1UIV8	A0A4X1VD84	A1XQS6	SP:0004566	SP:0020828	gt24	CF-C-provisional	remote_sequence
SCF:0005645	AC:004567	P25788	P28062	P28074	SP:0004567	SP:0020831	gt24	CF-C-provisional	high
SCF:0005646	AC:004567	P25788	P28062	P28065	SP:0004567	SP:0013390	gt24	CF-C-provisional	medium
SCF:0005647	AC:004567	P25788	P28062	P28072	SP:0004567	SP:0020832	gt24	CF-C-provisional	medium
SCF:0005648	AC:004567	P28062	P25788	P32379	SP:0004567	SP:0020833	gt24	CF-C-provisional	medium
SCF:0005649	AC:004567	P28062	P25788	P28066	SP:0004567	SP:0020834	gt24	CF-C-provisional	medium
SCF:0005650	AC:004567	P28062	P25788	P40303	SP:0004567	SP:0020835	gt24	CF-C-provisional	medium
SCF:0005651	AC:004569	A1B1M0	A1B3D7	A1B480	SP:0004569	SP:0020841	gt24	CF-C-provisional	remote_sequence
SCF:0005652	AC:004573	P61927	Q9BXY0	Q9UKD2	SP:0004573	SP:0020856	gt24	CF-C-provisional	remote_sequence
SCF:0005653	AC:004574	A0A0U5AGN0	A0A0U4VSU8	A0A0U4VSH7	SP:0004574	SP:0020865	gt24	CF-C-provisional	remote_sequence
SCF:0005654	AC:004575	A0A7S0YK00	Q8LYW1	Q8LYW0	SP:0004575	SP:0017416	gt24	CF-C-provisional	remote_sequence
SCF:0005655	AC:004575	Q8LYW1	A0A7S0YK00	A0A8M0FGN7	SP:0004575	SP:0020870	gt24	CF-C-provisional	remote_sequence
SCF:0005656	AC:004575	Q8LYW1	A0A7S0YK00	E5Q323	SP:0004575	SP:0020871	gt24	CF-C-provisional	remote_sequence
SCF:0005657	AC:004576	P18420	P28073	P34067	SP:0004576	SP:0020873	gt24	CF-C-provisional	medium
SCF:0005658	AC:004576	P18420	P28073	Q9JHW0	SP:0004576	SP:0020874	gt24	CF-C-provisional	medium
SCF:0005659	AC:004576	P18420	P28073	P28075	SP:0004576	SP:0020875	gt24	CF-C-provisional	medium
SCF:0005660	AC:004576	P28073	P18420	P18422	SP:0004576	SP:0014621	gt24	CF-C-provisional	medium
SCF:0005661	AC:004576	P28073	P18420	P21670	SP:0004576	SP:0020876	gt24	CF-C-provisional	medium
SCF:0005662	AC:004576	P28073	P18420	P60901	SP:0004576	SP:0020877	gt24	CF-C-provisional	remote_sequence
SCF:0005663	AC:004578	A0R3I9	A0QSD2	A0R3D2	SP:0004578	SP:0020884	gt24	CF-C-provisional	remote_sequence
SCF:0005664	AC:004579	A0A8D1NRT6	A0A8W4F811	A0A480JYS1	SP:0004579	SP:0020886	gt24	CF-C-provisional	high
SCF:0005665	AC:004579	A0A8D1NRT6	A0A8W4F811	F1S1A8	SP:0004579	SP:0020887	gt24	CF-C-provisional	high
SCF:0005666	AC:004579	A0A8D1NRT6	A0A8W4F811	A0A286ZNN4	SP:0004579	SP:0020888	gt24	CF-C-provisional	remote_sequence
SCF:0005667	AC:004579	A0A8W4F811	A0A8D1NRT6	A0A480JRW3	SP:0004579	SP:0020889	gt24	CF-C-provisional	remote_sequence
SCF:0005668	AC:004580	F1ST79	Q767K8	F1SR64	SP:0004580	SP:0020892	gt24	CF-C-provisional	remote_sequence
SCF:0005669	AC:004580	Q767K8	F1ST79	A0A287ANU4	SP:0004580	SP:0020895	gt24	CF-C-provisional	high
SCF:0005670	AC:004584	P0A7J3	P0AA10	P60624	SP:0004584	SP:0020908	gt24	CF-C-provisional	remote_sequence
SCF:0005671	AC:004584	P0A7J3	P0AA10	P0A7K6	SP:0004584	SP:0020909	gt24	CF-C-provisional	remote_sequence
SCF:0005672	AC:004584	P0AA10	P0A7J3	P60723	SP:0004584	SP:0020911	gt24	CF-C-provisional	medium
SCF:0005673	AC:004584	P0AA10	P0A7J3	P0A7R1	SP:0004584	SP:0020912	gt24	CF-C-provisional	medium
SCF:0005674	AC:004584	P0AA10	P0A7J3	P62399	SP:0004584	SP:0020913	gt24	CF-C-provisional	medium
SCF:0005675	AC:004585	A0A077V0P8	W8U8T8	A0A1Q4GY48	SP:0004585	SP:0020914	gt24	CF-C-provisional	remote_sequence
SCF:0005676	AC:004585	W8U8T8	A0A077V0P8	A0A077VLD5	SP:0004585	SP:0020916	gt24	CF-C-provisional	remote_sequence
SCF:0005677	AC:004586	Q9V3L7	Q9W125	Q6IDF5	SP:0004586	SP:0014437	gt24	CF-C-provisional	remote_sequence
SCF:0005678	AC:004586	Q9V3L7	Q9W125	Q9VQR2	SP:0004586	SP:0016399	gt24	CF-C-provisional	remote_sequence
SCF:0005679	AC:004586	Q9W125	Q9V3L7	Q9W402	SP:0004586	SP:0020919	gt24	CF-C-provisional	remote_sequence
SCF:0005680	AC:004588	A0T0M9	B8LE61	B8C8Q0	SP:0004588	SP:0009697	gt24	CF-C-provisional	medium
SCF:0005681	AC:004588	A0T0M9	B8LE61	B8BYV4	SP:0004588	SP:0009696	gt24	CF-C-provisional	medium
SCF:0005682	AC:004588	A0T0M9	B8LE61	B8C2K6	SP:0004588	SP:0020927	gt24	CF-C-provisional	medium
SCF:0005683	AC:004590	Q80ZK0	Q99N87	Q61733	SP:0004590	SP:0020932	gt24	CF-C-provisional	remote_sequence
SCF:0005684	AC:004591	P83755	P0CJ48	P04778	SP:0004591	SP:0020938	gt24	CF-C-provisional	high
SCF:0005685	AC:004591	P83755	P0CJ48	Q9XF89	SP:0004591	SP:0020939	gt24	CF-C-provisional	high
SCF:0005686	AC:004591	P83755	P0CJ48	Q07473	SP:0004591	SP:0020940	gt24	CF-C-provisional	high
SCF:0005687	AC:004592	A0A1S4CCH0	A0A1S4DPM5	P41098	SP:0004592	SP:0020941	gt24	CF-C-provisional	remote_sequence
SCF:0005688	AC:004592	A0A1S4DPM5	A0A1S4CCH0	P41098	SP:0004592	SP:0020944	gt24	CF-C-provisional	remote_sequence
SCF:0005689	AC:004593	A0A218NZU7	A0A218P0A5	A0A218NZW1	SP:0004593	SP:0018811	gt24	CF-C-provisional	medium
SCF:0005690	AC:004594	G0RXW1	G0SBX1	G0SHQ0	SP:0004594	SP:0020950	gt24	CF-C-provisional	remote_sequence
SCF:0005691	AC:004594	G0SBX1	G0RXW1	G0SF80	SP:0004594	SP:0014541	gt24	CF-C-provisional	remote_sequence
SCF:0005692	AC:004595	Q9Y3U8	Q9Y221	P46778	SP:0004595	SP:0020955	gt24	CF-C-provisional	remote_sequence
SCF:0005693	AC:004595	Q9Y3U8	Q9Y221	Q9UKD2	SP:0004595	SP:0020956	gt24	CF-C-provisional	remote_sequence
SCF:0005694	AC:004595	Q9Y3U8	Q9Y221	Q02543	SP:0004595	SP:0020957	gt24	CF-C-provisional	remote_sequence
SCF:0005695	AC:004596	A0A836A4Q3	O78755	O78756	SP:0004596	SP:0020958	gt24	CF-C-provisional	medium
SCF:0005696	AC:004596	A0A836A4Q3	O78755	O78748	SP:0004596	SP:0020959	gt24	CF-C-provisional	medium
SCF:0005697	AC:004596	A0A836A4Q3	O78755	O78747	SP:0004596	SP:0020960	gt24	CF-C-provisional	remote_sequence
SCF:0005698	AC:004596	O78755	A0A836A4Q3	A0A8N7XJG2	SP:0004596	SP:0015240	gt24	CF-C-provisional	remote_sequence
SCF:0005699	AC:004598	P82231	P23326	Q9LWB5	SP:0004598	SP:0017463	gt24	CF-C-provisional	medium
SCF:0005700	AC:004600	P39744	Q02753	P26784	SP:0004600	SP:0006254	gt24	CF-C-provisional	remote_sequence
SCF:0005701	AC:004600	Q02753	P39744	P40010	SP:0004600	SP:0016020	gt24	CF-C-provisional	remote_sequence
SCF:0005702	AC:004600	Q02753	P39744	Q04311	SP:0004600	SP:0020972	gt24	CF-C-provisional	remote_sequence
SCF:0005703	AC:004600	Q02753	P39744	Q03532	SP:0004600	SP:0020973	gt24	CF-C-provisional	remote_sequence
SCF:0005704	AC:004601	P55769	P62304	Q9UK45	SP:0004601	SP:0020974	gt24	CF-C-provisional	remote_sequence
SCF:0005705	AC:004601	P55769	P62304	P62308	SP:0004601	SP:0020975	gt24	CF-C-provisional	remote_sequence
SCF:0005706	AC:004601	P62304	P55769	P62316	SP:0004601	SP:0016022	gt24	CF-C-provisional	remote_sequence
SCF:0005707	AC:004601	P62304	P55769	P62308	SP:0004601	SP:0020977	gt24	CF-C-provisional	remote_sequence
SCF:0005708	AC:004604	P18933	Q9MDK5	P03896	SP:0004604	SP:0015998	gt24	CF-C-provisional	medium
SCF:0005709	AC:004605	P15938	P33411	P21374	SP:0004605	SP:0020988	gt24	CF-C-provisional	remote_sequence
SCF:0005710	AC:004605	P15938	P33411	P38241	SP:0004605	SP:0020989	gt24	CF-C-provisional	remote_sequence
SCF:0005711	AC:004606	A0A0M5TIS3	A0A0M4T1M3	A0A0M4T6V1	SP:0004606	SP:0016902	gt24	CF-C-provisional	remote_sequence
SCF:0005712	AC:004607	Q97ZY6	P39573	P95988	SP:0004607	SP:0018543	gt24	CF-C-provisional	remote_sequence
SCF:0005713	AC:004608	Q06835	P19735	P49955	SP:0004608	SP:0021002	gt24	CF-C-provisional	medium
SCF:0005714	AC:004608	Q06835	P19735	Q12309	SP:0004608	SP:0016536	gt24	CF-C-provisional	remote_sequence
SCF:0005715	AC:004609	Q72I05	Q72L77	Q72I22	SP:0004609	SP:0021004	gt24	CF-C-provisional	remote_sequence
SCF:0005716	AC:004610	A0A2K3D9S4	A0A2K3DKB4	A0A2K3DGK2	SP:0004610	SP:0015805	gt24	CF-C-provisional	remote_sequence
SCF:0005717	AC:004611	P19447	P51946	Q92759	SP:0004611	SP:0021008	gt24	CF-C-provisional	remote_sequence
SCF:0005718	AC:004611	P19447	P51946	P32780	SP:0004611	SP:0021009	gt24	CF-C-provisional	remote_sequence
SCF:0005719	AC:004613	P10664	P47019	P38061	SP:0004613	SP:0021017	gt24	CF-C-provisional	remote_sequence
SCF:0005720	AC:004613	P10664	P47019	P02407	SP:0004613	SP:0021018	gt24	CF-C-provisional	remote_sequence
SCF:0005721	AC:004614	P22141	P38886	P28063	SP:0004614	SP:0021021	gt24	CF-C-provisional	remote_sequence
SCF:0005722	AC:004614	P22141	P38886	P28062	SP:0004614	SP:0021022	gt24	CF-C-provisional	remote_sequence
SCF:0005723	AC:004614	P22141	P38886	P21243	SP:0004614	SP:0021023	gt24	CF-C-provisional	remote_sequence
SCF:0005724	AC:004614	P38886	P22141	P0CG47	SP:0004614	SP:0018632	gt24	CF-C-provisional	remote_sequence
SCF:0005725	AC:004614	P38886	P22141	P23724	SP:0004614	SP:0021025	gt24	CF-C-provisional	remote_sequence
SCF:0005726	AC:004615	P40429	Q9BZE4	O76021	SP:0004615	SP:0021026	gt24	CF-C-provisional	remote_sequence
SCF:0005727	AC:004615	P40429	Q9BZE4	Q9BVP2	SP:0004615	SP:0021027	gt24	CF-C-provisional	remote_sequence
SCF:0005728	AC:004615	P40429	Q9BZE4	Q9NVX2	SP:0004615	SP:0014388	gt24	CF-C-provisional	remote_sequence
SCF:0005729	AC:004615	Q9BZE4	P40429	P26373	SP:0004615	SP:0021028	gt24	CF-C-provisional	medium
SCF:0005730	AC:004615	Q9BZE4	P40429	P61254	SP:0004615	SP:0014385	gt24	CF-C-provisional	medium
SCF:0005731	AC:004615	Q9BZE4	P40429	P84098	SP:0004615	SP:0021029	gt24	CF-C-provisional	medium
SCF:0005732	AC:004616	Q9ASS6	P56752	A0A1B1W4Z0	SP:0004616	SP:0010101	gt24	CF-C-provisional	remote_sequence
SCF:0005733	AC:004616	Q9ASS6	P56752	P26288	SP:0004616	SP:0010100	gt24	CF-C-provisional	remote_sequence
SCF:0005734	AC:004616	Q9ASS6	P56752	A0A1B1W4Z4	SP:0004616	SP:0012778	gt24	CF-C-provisional	remote_sequence
SCF:0005735	AC:004617	Q9UX87	P95992	Q9UX92	SP:0004617	SP:0021034	gt24	CF-C-provisional	remote_sequence
SCF:0005736	AC:004618	Q71SY5	Q9BUE0	Q9BTT4	SP:0004618	SP:0020191	gt24	CF-C-provisional	remote_sequence
SCF:0005737	AC:004618	Q9BUE0	Q71SY5	Q9Y2X0	SP:0004618	SP:0021039	gt24	CF-C-provisional	medium
SCF:0005738	AC:004620	A0A7D4XMT1	Q2IA66	A0A7S3IA89	SP:0004620	SP:0021042	gt24	CF-C-provisional	medium
SCF:0005739	AC:004620	A0A7D4XMT1	Q2IA66	Q2IA67	SP:0004620	SP:0021043	gt24	CF-C-provisional	medium
SCF:0005740	AC:004620	A0A7D4XMT1	Q2IA66	A0A7S3X675	SP:0004620	SP:0021044	gt24	CF-C-provisional	medium
SCF:0005741	AC:004621	A0A287BDC0	F1SV23	A0A8W4F7N8	SP:0004621	SP:0021047	gt24	CF-C-provisional	medium
SCF:0005742	AC:004621	A0A287BDC0	F1SV23	A0A4X1VLA2	SP:0004621	SP:0021048	gt24	CF-C-provisional	medium
SCF:0005743	AC:004623	P59775	Q08365	A0A218N8X3	SP:0004623	SP:0021052	gt24	CF-C-provisional	remote_sequence
SCF:0005744	AC:004623	Q08365	P59775	Q9GGE2	SP:0004623	SP:0021055	gt24	CF-C-provisional	remote_sequence
SCF:0005745	AC:004624	O74175	Q9USR7	Q92366	SP:0004624	SP:0021058	gt24	CF-C-provisional	remote_sequence
SCF:0005746	AC:004628	P56182	Q9H9Y2	Q8TDN6	SP:0004628	SP:0020628	gt24	CF-C-provisional	remote_sequence
SCF:0005747	AC:004628	P56182	Q9H9Y2	Q02878	SP:0004628	SP:0021071	gt24	CF-C-provisional	remote_sequence
SCF:0005748	AC:004629	B7IA13	B7IA37	B7IA28	SP:0004629	SP:0017148	gt24	CF-C-provisional	remote_sequence
SCF:0005749	AC:004631	A0A1B4XKR5	A0A1B4XRV7	A0A1B4XKT1	SP:0004631	SP:0014265	gt24	CF-C-provisional	remote_sequence
SCF:0005750	AC:004632	A1B350	A1B4F4	A1B348	SP:0004632	SP:0019065	gt24	CF-C-provisional	remote_sequence
SCF:0005751	AC:004634	Q9LHI0	Q9C6B3	Q9SK66	SP:0004634	SP:0021091	gt24	CF-C-provisional	remote_sequence
SCF:0005752	AC:004635	Q5SHQ0	Q5SJ76	Q72JR0	SP:0004635	SP:0021093	gt24	CF-C-provisional	remote_sequence
SCF:0005753	AC:004635	Q5SHQ0	Q5SJ76	Q5SJE1	SP:0004635	SP:0021094	gt24	CF-C-provisional	remote_sequence
SCF:0005754	AC:004636	Q09385	Q23463	O16376	SP:0004636	SP:0015669	gt24	CF-C-provisional	remote_sequence
SCF:0005755	AC:004636	Q23463	Q09385	Q20716	SP:0004636	SP:0021101	gt24	CF-C-provisional	medium
SCF:0005756	AC:004636	Q23463	Q09385	O45766	SP:0004636	SP:0021102	gt24	CF-C-provisional	medium
SCF:0005757	AC:004638	P62899	P05388	P62424	SP:0004638	SP:0021107	gt24	CF-C-provisional	remote_sequence
SCF:0005758	AC:004638	P62899	P05388	P56537	SP:0004638	SP:0020558	gt24	CF-C-provisional	remote_sequence
SCF:0005759	AC:004643	R4ZGX8	R4ZGS4	R4ZGY5	SP:0004643	SP:0021126	gt24	CF-C-provisional	remote_sequence
SCF:0005760	AC:004644	A0A640K9U9	A0A640KJI7	A0A640KG82	SP:0004644	SP:0021128	gt24	CF-C-provisional	medium
SCF:0005761	AC:004644	A0A640K9U9	A0A640KJI7	A0A640KW57	SP:0004644	SP:0020196	gt24	CF-C-provisional	remote_sequence
SCF:0005762	AC:004644	A0A640K9U9	A0A640KJI7	A0A640KSC5	SP:0004644	SP:0021129	gt24	CF-C-provisional	remote_sequence
SCF:0005763	AC:004644	A0A640KJI7	A0A640K9U9	A0A640L0A1	SP:0004644	SP:0020199	gt24	CF-C-provisional	medium
SCF:0005764	AC:004644	A0A640KJI7	A0A640K9U9	A0A640KBR2	SP:0004644	SP:0018020	gt24	CF-C-provisional	remote_sequence
SCF:0005765	AC:004644	A0A640KJI7	A0A640K9U9	A0A640KZP5	SP:0004644	SP:0018021	gt24	CF-C-provisional	remote_sequence
SCF:0005766	AC:004646	B8C8Q0	B8LE60	B8BU33	SP:0004646	SP:0014638	gt24	CF-C-provisional	remote_sequence
SCF:0005767	AC:004646	B8C8Q0	B8LE60	B8CEQ3	SP:0004646	SP:0012706	gt24	CF-C-provisional	remote_sequence
SCF:0005768	AC:004646	B8LE60	B8C8Q0	B8BU33	SP:0004646	SP:0014637	gt24	CF-C-provisional	high
SCF:0005769	AC:004646	B8LE60	B8C8Q0	B8BYV4	SP:0004646	SP:0013889	gt24	CF-C-provisional	medium
SCF:0005770	AC:004647	P05733	P36585	P79071	SP:0004647	SP:0021131	gt24	CF-C-provisional	remote_sequence
SCF:0005771	AC:004647	P36585	P05733	O94658	SP:0004647	SP:0015209	gt24	CF-C-provisional	remote_sequence
SCF:0005772	AC:004648	Q99N85	Q9D7N6	Q9H0U6	SP:0004648	SP:0021134	gt24	CF-C-provisional	remote_sequence
SCF:0005773	AC:004648	Q99N85	Q9D7N6	Q9CQL5	SP:0004648	SP:0014617	gt24	CF-C-provisional	remote_sequence
SCF:0005774	AC:004648	Q9D7N6	Q99N85	Q8R035	SP:0004648	SP:0014615	gt24	CF-C-provisional	remote_sequence
SCF:0005775	AC:004649	P62917	O94874	Q9BZE4	SP:0004649	SP:0021140	gt24	CF-C-provisional	remote_sequence
SCF:0005776	AC:004649	P62917	O94874	P13639	SP:0004649	SP:0021141	gt24	CF-C-provisional	remote_sequence
SCF:0005777	AC:004650	B5RSL7	Q9B6D6	Q9B6C8	SP:0004650	SP:0020132	gt24	CF-C-provisional	remote_sequence
SCF:0005778	AC:004650	Q9B6D6	B5RSL7	Q6C926	SP:0004650	SP:0021144	gt24	CF-C-provisional	remote_sequence
SCF:0005779	AC:004653	Q38C84	Q38AG1	A0A161CM65	SP:0004653	SP:0021156	gt24	CF-C-provisional	remote_sequence
SCF:0005780	AC:004654	G1SQV5	G1TDB3	G1TN62	SP:0004654	SP:0020290	gt24	CF-C-provisional	remote_sequence
SCF:0005781	AC:004655	A2DLW4	A2F0H5	A2DTR8	SP:0004655	SP:0021062	gt24	CF-C-provisional	remote_sequence
SCF:0005782	AC:004655	A2F0H5	A2DLW4	A2D895	SP:0004655	SP:0020879	gt24	CF-C-provisional	remote_sequence
SCF:0005783	AC:004657	P28805	P22798	P82191	SP:0004657	SP:0021169	gt24	CF-C-provisional	remote_sequence
SCF:0005784	AC:004658	Q4FZT9	P62193	Q63570	SP:0004658	SP:0021174	gt24	CF-C-provisional	high
SCF:0005785	AC:004658	Q4FZT9	P62193	Q63569	SP:0004658	SP:0021175	gt24	CF-C-provisional	medium
SCF:0005786	AC:004659	A0A480KM09	A0A4X1SNY5	F1SGC6	SP:0004659	SP:0021177	gt24	CF-C-provisional	remote_sequence
SCF:0005787	AC:004659	A0A4X1SNY5	A0A480KM09	F1SQP4	SP:0004659	SP:0021179	gt24	CF-C-provisional	remote_sequence
SCF:0005788	AC:004661	A4VD15	I7M6D6	I7MLZ4	SP:0004661	SP:0013488	gt24	CF-C-provisional	remote_sequence
SCF:0005789	AC:004661	A4VD15	I7M6D6	I7MG46	SP:0004661	SP:0007667	gt24	CF-C-provisional	remote_sequence
SCF:0005790	AC:004661	I7M6D6	A4VD15	Q24CL2	SP:0004661	SP:0006476	gt24	CF-C-provisional	remote_sequence
SCF:0005791	AC:004661	I7M6D6	A4VD15	Q22KK0	SP:0004661	SP:0021189	gt24	CF-C-provisional	remote_sequence
SCF:0005792	AC:004662	P62891	P62906	P61254	SP:0004662	SP:0021190	gt24	CF-C-provisional	remote_sequence
SCF:0005793	AC:004662	P62891	P62906	P18621	SP:0004662	SP:0021192	gt24	CF-C-provisional	remote_sequence
SCF:0005794	AC:004663	Q6CM04	Q6CRK7	P20459	SP:0004663	SP:0021196	gt24	CF-C-provisional	remote_sequence
SCF:0005795	AC:004663	Q6CRK7	Q6CM04	Q6CRA3	SP:0004663	SP:0021199	gt24	CF-C-provisional	remote_sequence
SCF:0005796	AC:004663	Q6CRK7	Q6CM04	Q6CWD0	SP:0004663	SP:0021200	gt24	CF-C-provisional	remote_sequence
SCF:0005797	AC:004663	Q6CRK7	Q6CM04	Q6CM18	SP:0004663	SP:0013928	gt24	CF-C-provisional	remote_sequence
SCF:0005798	AC:004664	O51454	O51560	O51347	SP:0004664	SP:0021201	gt24	CF-C-provisional	remote_sequence
SCF:0005799	AC:004666	P87262	Q07915	P04449	SP:0004666	SP:0021207	gt24	CF-C-provisional	medium
SCF:0005800	AC:004666	P87262	Q07915	P26784	SP:0004666	SP:0021209	gt24	CF-C-provisional	remote_sequence
SCF:0005801	AC:004666	Q07915	P87262	P0C2H6	SP:0004666	SP:0021210	gt24	CF-C-provisional	medium
SCF:0005802	AC:004666	Q07915	P87262	P36105	SP:0004666	SP:0021211	gt24	CF-C-provisional	medium
SCF:0005803	AC:004666	Q07915	P87262	Q02326	SP:0004666	SP:0021212	gt24	CF-C-provisional	remote_sequence
SCF:0005804	AC:004667	A0A0M3V8J0	A0A0M3V8P8	A0A0M4U618	SP:0004667	SP:0021213	gt24	CF-C-provisional	remote_sequence
SCF:0005805	AC:004667	A0A0M3V8P8	A0A0M3V8J0	A0A0M4T6M9	SP:0004667	SP:0021215	gt24	CF-C-provisional	remote_sequence
SCF:0005806	AC:004668	A0T0U5	B8C2Y4	B5YM25	SP:0004668	SP:0006093	gt24	CF-C-provisional	medium
SCF:0005807	AC:004668	A0T0U5	B8C2Y4	B8C2K6	SP:0004668	SP:0010589	gt24	CF-C-provisional	medium
SCF:0005808	AC:004668	A0T0U5	B8C2Y4	B8CEQ3	SP:0004668	SP:0009174	gt24	CF-C-provisional	medium
SCF:0005809	AC:004669	Q9VWI0	Q9W402	Q9VQD7	SP:0004669	SP:0019234	gt24	CF-C-provisional	medium
SCF:0005810	AC:004670	A0T0V1	B8C2Y4	B8C2K6	SP:0004670	SP:0006096	gt24	CF-C-provisional	medium
SCF:0005811	AC:004670	A0T0V1	B8C2Y4	B8C0K4	SP:0004670	SP:0011544	gt24	CF-C-provisional	medium
SCF:0005812	AC:004670	A0T0V1	B8C2Y4	B8C770	SP:0004670	SP:0006733	gt24	CF-C-provisional	medium
SCF:0005813	AC:004671	Q9Y2Q9	A6NJ78	P82933	SP:0004671	SP:0019386	gt24	CF-C-provisional	remote_sequence
SCF:0005814	AC:004671	Q9Y2Q9	A6NJ78	P82650	SP:0004671	SP:0021224	gt24	CF-C-provisional	remote_sequence
SCF:0005815	AC:004671	Q9Y2Q9	A6NJ78	Q92665	SP:0004671	SP:0021225	gt24	CF-C-provisional	remote_sequence
SCF:0005816	AC:004672	Q9SCY3	A0A1B1W4Z0	A0A1B1W4Z4	SP:0004672	SP:0008888	gt24	CF-C-provisional	remote_sequence
SCF:0005817	AC:004673	P32799	P07257	P07256	SP:0004673	SP:0017889	gt24	CF-C-provisional	remote_sequence
SCF:0005818	AC:004674	Q7RZF0	Q7RZ62	Q1K8T6	SP:0004674	SP:0017041	gt24	CF-C-provisional	medium
SCF:0005819	AC:004674	Q7RZF0	Q7RZ62	Q7SB98	SP:0004674	SP:0017039	gt24	CF-C-provisional	remote_sequence
SCF:0005820	AC:004675	G0S8A6	G0S6F0	G0SDM8	SP:0004675	SP:0021233	gt24	CF-C-provisional	remote_sequence
SCF:0005821	AC:004675	G0S8A6	G0S6F0	G0S754	SP:0004675	SP:0021234	gt24	CF-C-provisional	remote_sequence
SCF:0005822	AC:004675	G0S8A6	G0S6F0	G0S9U7	SP:0004675	SP:0021235	gt24	CF-C-provisional	remote_sequence
SCF:0005823	AC:004676	O78748	A0A9J4RF63	A0A8V6WEB9	SP:0004676	SP:0021236	gt24	CF-C-provisional	high
SCF:0005824	AC:004677	F1S1A8	I3LDC3	A0A287AAR5	SP:0004677	SP:0021238	gt24	CF-C-provisional	remote_sequence
SCF:0005825	AC:004678	P46779	Q8TDN6	Q02878	SP:0004678	SP:0021244	gt24	CF-C-provisional	medium
SCF:0005826	AC:004679	P84098	Q9NVX2	Q9BZE4	SP:0004679	SP:0021029	gt24	CF-C-provisional	remote_sequence
SCF:0005827	AC:004679	Q9NVX2	P84098	P40429	SP:0004679	SP:0014388	gt24	CF-C-provisional	medium
SCF:0005828	AC:004679	Q9NVX2	P84098	P62910	SP:0004679	SP:0014092	gt24	CF-C-provisional	remote_sequence
SCF:0005829	AC:004679	Q9NVX2	P84098	P18621	SP:0004679	SP:0021248	gt24	CF-C-provisional	remote_sequence
SCF:0005830	AC:004680	A0A640KBV2	A0A640KSC5	A0A640KGL4	SP:0004680	SP:0021249	gt24	CF-C-provisional	remote_sequence
SCF:0005831	AC:004680	A0A640KBV2	A0A640KSC5	A0A640KQX8	SP:0004680	SP:0017919	gt24	CF-C-provisional	remote_sequence
SCF:0005832	AC:004680	A0A640KBV2	A0A640KSC5	A0A640KJI7	SP:0004680	SP:0018022	gt24	CF-C-provisional	remote_sequence
SCF:0005833	AC:004680	A0A640KSC5	A0A640KBV2	A0A640KJI7	SP:0004680	SP:0021250	gt24	CF-C-provisional	medium
SCF:0005834	AC:004680	A0A640KSC5	A0A640KBV2	A0A640L0A1	SP:0004680	SP:0021251	gt24	CF-C-provisional	remote_sequence
SCF:0005835	AC:004683	P07280	P38249	Q08972	SP:0004683	SP:0021256	gt24	CF-C-provisional	remote_sequence
SCF:0005836	AC:004683	P07280	P38249	P32497	SP:0004683	SP:0021257	gt24	CF-C-provisional	remote_sequence
SCF:0005837	AC:004684	O31742	O31418	P12875	SP:0004684	SP:0011177	gt24	CF-C-provisional	medium
SCF:0005838	AC:004690	Q72I07	Q72HR2	Q72I20	SP:0004690	SP:0021279	gt24	CF-C-provisional	remote_sequence
SCF:0005839	AC:004690	Q72I07	Q72HR2	P62655	SP:0004690	SP:0021280	gt24	CF-C-provisional	remote_sequence
SCF:0005840	AC:004690	Q72I07	Q72HR2	P62665	SP:0004690	SP:0021281	gt24	CF-C-provisional	remote_sequence
SCF:0005841	AC:004692	E1UWA8	E1UWE4	E1UWB9	SP:0004692	SP:0021285	gt24	CF-C-provisional	remote_sequence
SCF:0005842	AC:004692	E1UWA8	E1UWE4	E1UWB1	SP:0004692	SP:0014658	gt24	CF-C-provisional	remote_sequence
SCF:0005843	AC:004693	P46199	P82933	Q9H2K0	SP:0004693	SP:0019390	gt24	CF-C-provisional	remote_sequence
SCF:0005844	AC:004693	P46199	P82933	F1RI89	SP:0004693	SP:0021290	gt24	CF-C-provisional	remote_sequence
SCF:0005845	AC:004693	P82933	P46199	Q96EY7	SP:0004693	SP:0021291	gt24	CF-C-provisional	remote_sequence
SCF:0005846	AC:004694	Q99KD6	Q9CQB4	Q9D855	SP:0004694	SP:0021294	gt24	CF-C-provisional	high
SCF:0005847	AC:004695	P82912	Q9Y676	Q9Y3D9	SP:0004695	SP:0021300	gt24	CF-C-provisional	remote_sequence
SCF:0005848	AC:004695	P82912	Q9Y676	Q9H2K0	SP:0004695	SP:0019391	gt24	CF-C-provisional	remote_sequence
SCF:0005849	AC:004695	Q9Y676	P82912	Q9BYN8	SP:0004695	SP:0021302	gt24	CF-C-provisional	remote_sequence
SCF:0005850	AC:004695	Q9Y676	P82912	Q96EL2	SP:0004695	SP:0016803	gt24	CF-C-provisional	remote_sequence
SCF:0005851	AC:004697	P49166	Q12522	P32905	SP:0004697	SP:0021307	gt24	CF-C-provisional	remote_sequence
SCF:0005852	AC:004697	Q12522	P49166	P05747	SP:0004697	SP:0021310	gt24	CF-C-provisional	remote_sequence
SCF:0005853	AC:004698	Q7MTL5	Q7MX95	Q7MXW3	SP:0004698	SP:0021313	gt24	CF-C-provisional	remote_sequence
SCF:0005854	AC:004698	Q7MTL5	Q7MX95	Q7MTM9	SP:0004698	SP:0021314	gt24	CF-C-provisional	remote_sequence
SCF:0005855	AC:004698	Q7MTL5	Q7MX95	Q7MTM1	SP:0004698	SP:0021315	gt24	CF-C-provisional	remote_sequence
SCF:0005856	AC:004698	Q7MX95	Q7MTL5	Q7MTM4	SP:0004698	SP:0021316	gt24	CF-C-provisional	medium
SCF:0005857	AC:004698	Q7MX95	Q7MTL5	Q7MX94	SP:0004698	SP:0021317	gt24	CF-C-provisional	medium
SCF:0005858	AC:004704	Q8PUD4	P80650	O59640	SP:0004704	SP:0021336	gt24	CF-C-provisional	remote_sequence
SCF:0005859	AC:004705	P60228	P62847	P62861	SP:0004705	SP:0016091	gt24	CF-C-provisional	medium
SCF:0005860	AC:004706	A0A3B5ZQE8	A0A3B6DD91	A0A3B6QBU0	SP:0004706	SP:0016312	gt24	CF-C-provisional	remote_sequence
SCF:0005861	AC:004707	Q4CQW2	Q4CV79	Q4DXW6	SP:0004707	SP:0015272	gt24	CF-C-provisional	remote_sequence
SCF:0005862	AC:004708	Q9R0X0	Q6PGF3	Q8VCB2	SP:0004708	SP:0021350	gt24	CF-C-provisional	remote_sequence
SCF:0005863	AC:004710	P0CI78	P21469	P19946	SP:0004710	SP:0021355	gt24	CF-C-provisional	remote_sequence
SCF:0005864	AC:004711	A8BMZ1	A8BBP3	E2RU83	SP:0004711	SP:0021363	gt24	CF-C-provisional	remote_sequence
SCF:0005865	AC:004712	P94270	O51206	O51314	SP:0004712	SP:0015128	gt24	CF-C-provisional	remote_sequence
SCF:0005866	AC:004712	P94270	O51206	O51447	SP:0004712	SP:0015129	gt24	CF-C-provisional	remote_sequence
SCF:0005867	AC:004714	P12357	P12354	Q9S831	SP:0004714	SP:0021368	gt24	CF-C-provisional	high
SCF:0005868	AC:004715	P32570	P32773	P38304	SP:0004715	SP:0016750	gt24	CF-C-provisional	remote_sequence
SCF:0005869	AC:004715	P32773	P32570	P27999	SP:0004715	SP:0021371	gt24	CF-C-provisional	remote_sequence
SCF:0005870	AC:004717	G1SGX4	G1TRL5	G1U971	SP:0004717	SP:0021376	gt24	CF-C-provisional	remote_sequence
SCF:0005871	AC:004719	P60228	P61247	P62753	SP:0004719	SP:0016807	gt24	CF-C-provisional	remote_sequence
SCF:0005872	AC:004719	P61247	P60228	Q9ULX3	SP:0004719	SP:0021384	gt24	CF-C-provisional	remote_sequence
SCF:0005873	AC:004722	P62663	Q72I09	P62655	SP:0004722	SP:0021397	gt24	CF-C-provisional	medium
SCF:0005874	AC:004722	P62663	Q72I09	Q72GV5	SP:0004722	SP:0021398	gt24	CF-C-provisional	remote_sequence
SCF:0005875	AC:004722	P62663	Q72I09	Q72I14	SP:0004722	SP:0021399	gt24	CF-C-provisional	remote_sequence
SCF:0005876	AC:004722	Q72I09	P62663	Q72I07	SP:0004722	SP:0021400	gt24	CF-C-provisional	medium
SCF:0005877	AC:004723	G0SI44	G0SD68	G0SB32	SP:0004723	SP:0015967	gt24	CF-C-provisional	remote_sequence
SCF:0005878	AC:004724	A0A6P3DZ89	A0A6P7DQB1	A0A8N7XJ91	SP:0004724	SP:0021403	gt24	CF-C-provisional	remote_sequence
SCF:0005879	AC:004725	Q72GS2	Q72I07	P62663	SP:0004725	SP:0021408	gt24	CF-C-provisional	medium
SCF:0005880	AC:004725	Q72I07	Q72GS2	P62442	SP:0004725	SP:0016678	gt24	CF-C-provisional	medium
SCF:0005881	AC:004725	Q72I07	Q72GS2	Q72I20	SP:0004725	SP:0021279	gt24	CF-C-provisional	remote_sequence
SCF:0005882	AC:004725	Q72I07	Q72GS2	Q72I11	SP:0004725	SP:0021409	gt24	CF-C-provisional	remote_sequence
SCF:0005883	AC:004727	Q9HUN2	Q9HXQ2	Q9I0A2	SP:0004727	SP:0021412	gt24	CF-C-provisional	medium
SCF:0005884	AC:004727	Q9HUN2	Q9HXQ2	Q9HWE6	SP:0004727	SP:0021413	gt24	CF-C-provisional	remote_sequence
SCF:0005885	AC:004728	P43588	P43593	Q08723	SP:0004728	SP:0021417	gt24	CF-C-provisional	remote_sequence
SCF:0005886	AC:004728	P43588	P43593	P33299	SP:0004728	SP:0021418	gt24	CF-C-provisional	remote_sequence
SCF:0005887	AC:004728	P43588	P43593	Q01939	SP:0004728	SP:0021419	gt24	CF-C-provisional	remote_sequence
SCF:0005888	AC:004728	P43593	P43588	P0CG47	SP:0004728	SP:0021420	gt24	CF-C-provisional	remote_sequence
SCF:0005889	AC:004729	A0A6J4B037	A0A6J4B7P8	A0A6J4B125	SP:0004729	SP:0014441	gt24	CF-C-provisional	medium
SCF:0005890	AC:004729	A0A6J4B037	A0A6J4B7P8	A0A6J4B0S3	SP:0004729	SP:0014442	gt24	CF-C-provisional	medium
SCF:0005891	AC:004729	A0A6J4B037	A0A6J4B7P8	A0A6J4B0A4	SP:0004729	SP:0014440	gt24	CF-C-provisional	medium
SCF:0005892	AC:004729	A0A6J4B7P8	A0A6J4B037	A0A6J4B125	SP:0004729	SP:0017954	gt24	CF-C-provisional	medium
SCF:0005893	AC:004729	A0A6J4B7P8	A0A6J4B037	A0A6J4B499	SP:0004729	SP:0021423	gt24	CF-C-provisional	medium
SCF:0005894	AC:004729	A0A6J4B7P8	A0A6J4B037	A0A6J4B2D5	SP:0004729	SP:0021424	gt24	CF-C-provisional	remote_sequence
SCF:0005895	AC:004731	O75643	Q9NX01	P83876	SP:0004731	SP:0021428	gt24	CF-C-provisional	medium
SCF:0005896	AC:004731	Q9NX01	O75643	Q6P2Q9	SP:0004731	SP:0015994	gt24	CF-C-provisional	remote_sequence
SCF:0005897	AC:004732	E1UWB4	E1UWD2	E1UWC9	SP:0004732	SP:0021431	gt24	CF-C-provisional	remote_sequence
SCF:0005898	AC:004734	O31418	P12875	P46899	SP:0004734	SP:0014560	gt24	CF-C-provisional	remote_sequence
SCF:0005899	AC:004734	P12875	O31418	P19946	SP:0004734	SP:0021442	gt24	CF-C-provisional	remote_sequence
SCF:0005900	AC:004734	P12875	O31418	O31742	SP:0004734	SP:0011177	gt24	CF-C-provisional	remote_sequence
SCF:0005901	AC:004735	P00416	Q9CQB4	Q9D855	SP:0004735	SP:0021443	gt24	CF-C-provisional	high
SCF:0005902	AC:004736	P35268	Q9NVU7	Q9BXJ9	SP:0004736	SP:0008060	gt24	CF-C-provisional	remote_sequence
SCF:0005903	AC:004736	P35268	Q9NVU7	Q9BZE4	SP:0004736	SP:0015711	gt24	CF-C-provisional	remote_sequence
SCF:0005904	AC:004738	Q99459	Q9UBB9	O60508	SP:0004738	SP:0021453	gt24	CF-C-provisional	remote_sequence
SCF:0005905	AC:004738	Q99459	Q9UBB9	O75533	SP:0004738	SP:0021455	gt24	CF-C-provisional	remote_sequence
SCF:0005906	AC:004738	Q9UBB9	Q99459	Q9Y5B6	SP:0004738	SP:0021456	gt24	CF-C-provisional	remote_sequence
SCF:0005907	AC:004739	P61937	Q50756	P60232	SP:0004739	SP:0021459	gt24	CF-C-provisional	remote_sequence
SCF:0005908	AC:004739	P61937	Q50756	D9PU54	SP:0004739	SP:0021460	gt24	CF-C-provisional	remote_sequence
SCF:0005909	AC:004739	Q50756	P61937	P60232	SP:0004739	SP:0021462	gt24	CF-C-provisional	remote_sequence
SCF:0005910	AC:004739	Q50756	P61937	D9PY03	SP:0004739	SP:0021463	gt24	CF-C-provisional	remote_sequence
SCF:0005911	AC:004740	E1UWE5	E1UWE3	E1UWB0	SP:0004740	SP:0020254	gt24	CF-C-provisional	remote_sequence
SCF:0005912	AC:004741	P18077	Q15050	Q8NC51	SP:0004741	SP:0021470	gt24	CF-C-provisional	medium
SCF:0005913	AC:004741	P18077	Q15050	Q99848	SP:0004741	SP:0015068	gt24	CF-C-provisional	remote_sequence
SCF:0005914	AC:004741	P18077	Q15050	P36578	SP:0004741	SP:0021471	gt24	CF-C-provisional	remote_sequence
SCF:0005915	AC:004743	P04908	Q08945	C4QYQ8	SP:0004743	SP:0021478	gt24	CF-C-provisional	remote_sequence
SCF:0005916	AC:004743	Q08945	P04908	Q93077	SP:0004743	SP:0021479	gt24	CF-C-provisional	high
SCF:0005917	AC:004743	Q08945	P04908	P68431	SP:0004743	SP:0021481	gt24	CF-C-provisional	medium
SCF:0005918	AC:004744	A0A3B6HUM3	A0A3B6QGW3	A0A1D5UQZ5	SP:0004744	SP:0019226	gt24	CF-C-provisional	medium
SCF:0005919	AC:004744	A0A3B6QGW3	A0A3B6HUM3	A0A3B6DGT8	SP:0004744	SP:0021484	gt24	CF-C-provisional	remote_sequence
SCF:0005920	AC:004748	P0AA12	P0A7K8	C3SSG2	SP:0004748	SP:0021504	gt24	CF-C-provisional	remote_sequence
SCF:0005921	AC:004750	P79015	Q9Y7Z1	Q10232	SP:0004750	SP:0018347	gt24	CF-C-provisional	medium
SCF:0005922	AC:004750	P79015	Q9Y7Z1	P57728	SP:0004750	SP:0016479	gt24	CF-C-provisional	remote_sequence
SCF:0005923	AC:004750	Q9Y7Z1	P79015	P78946	SP:0004750	SP:0021511	gt24	CF-C-provisional	medium
SCF:0005924	AC:004753	Q9VXZ0	Q9MDK5	P18932	SP:0004753	SP:0021523	gt24	CF-C-provisional	remote_sequence
SCF:0005925	AC:004753	Q9VXZ0	Q9MDK5	C7DZL4	SP:0004753	SP:0016445	gt24	CF-C-provisional	remote_sequence
SCF:0005926	AC:004754	G0SB32	G0SFC3	G0RXW1	SP:0004754	SP:0019670	gt24	CF-C-provisional	remote_sequence
SCF:0005927	AC:004756	A1B486	A1B3D7	A1B480	SP:0004756	SP:0021527	gt24	CF-C-provisional	remote_sequence
SCF:0005928	AC:004757	P0DOY8	Q8VVE3	Q5SLP7	SP:0004757	SP:0021530	gt24	CF-C-provisional	medium
SCF:0005929	AC:004757	P0DOY8	Q8VVE3	Q5SLP6	SP:0004757	SP:0021531	gt24	CF-C-provisional	medium
SCF:0005930	AC:004757	P0DOY8	Q8VVE3	Q5SLP8	SP:0004757	SP:0021532	gt24	CF-C-provisional	remote_sequence
SCF:0005931	AC:004758	P0A7Z4	P0ADZ0	P0A7R5	SP:0004758	SP:0011325	gt24	CF-C-provisional	remote_sequence
SCF:0005932	AC:004758	P0A7Z4	P0ADZ0	P07879	SP:0004758	SP:0021533	gt24	CF-C-provisional	remote_sequence
SCF:0005933	AC:004758	P0A7Z4	P0ADZ0	P0A800	SP:0004758	SP:0006549	gt24	CF-C-provisional	remote_sequence
SCF:0005934	AC:004758	P0ADZ0	P0A7Z4	P0A910	SP:0004758	SP:0021534	gt24	CF-C-provisional	remote_sequence
SCF:0005935	AC:004759	Q5SHP9	Q5SHP0	Q5SHP6	SP:0004759	SP:0021540	gt24	CF-C-provisional	remote_sequence
SCF:0005936	AC:004760	P33298	P43593	Q08723	SP:0004760	SP:0021541	gt24	CF-C-provisional	remote_sequence
SCF:0005937	AC:004760	P33298	P43593	P33299	SP:0004760	SP:0021542	gt24	CF-C-provisional	remote_sequence
SCF:0005938	AC:004760	P33298	P43593	Q01939	SP:0004760	SP:0021543	gt24	CF-C-provisional	remote_sequence
SCF:0005939	AC:004760	P43593	P33298	P40327	SP:0004760	SP:0021421	gt24	CF-C-provisional	medium
SCF:0005940	AC:004760	P43593	P33298	P33299	SP:0004760	SP:0021544	gt24	CF-C-provisional	medium
SCF:0005941	AC:004761	A0A1S4DF55	A0A1S3XE16	A0A1S4C068	SP:0004761	SP:0021547	gt24	CF-C-provisional	remote_sequence
SCF:0005942	AC:004765	F1RKE4	A0A8D1KNW4	A0A4X1VEK9	SP:0004765	SP:0021562	gt24	CF-C-provisional	high
SCF:0005943	AC:004765	F1RKE4	A0A8D1KNW4	I3LCB2	SP:0004765	SP:0021563	gt24	CF-C-provisional	remote_sequence
SCF:0005944	AC:004765	F1RKE4	A0A8D1KNW4	A0A4X1VM56	SP:0004765	SP:0021564	gt24	CF-C-provisional	remote_sequence
SCF:0005945	AC:004766	A8B8Z2	A8BBP3	A8BKC6	SP:0004766	SP:0021565	gt24	CF-C-provisional	remote_sequence
SCF:0005946	AC:004766	A8BBP3	A8B8Z2	A8BKS8	SP:0004766	SP:0021362	gt24	CF-C-provisional	medium
SCF:0005947	AC:004769	P82278	P82249	P82162	SP:0004769	SP:0021584	gt24	CF-C-provisional	remote_sequence
SCF:0005948	AC:004770	A0A1D5SLI4	A0A3B6LVN2	A0A3B6KRQ3	SP:0004770	SP:0021586	gt24	CF-C-provisional	high
SCF:0005949	AC:004770	A0A1D5SLI4	A0A3B6LVN2	W5C8N6	SP:0004770	SP:0021587	gt24	CF-C-provisional	remote_sequence
SCF:0005950	AC:004771	A0A1S3Z2D7	A0A1S4DN49	A0A1S4DF55	SP:0004771	SP:0016885	gt24	CF-C-provisional	remote_sequence
SCF:0005951	AC:004772	A2RP61	A2RNN6	A2RNP9	SP:0004772	SP:0013897	gt24	CF-C-provisional	remote_sequence
SCF:0005952	AC:004774	Q99613	P08708	P62244	SP:0004774	SP:0021599	gt24	CF-C-provisional	remote_sequence
SCF:0005953	AC:004775	P60489	Q5SHQ4	P60491	SP:0004775	SP:0021601	gt24	CF-C-provisional	remote_sequence
SCF:0005954	AC:004775	P60489	Q5SHQ4	Q8RR57	SP:0004775	SP:0021602	gt24	CF-C-provisional	remote_sequence
SCF:0005955	AC:004775	P60489	Q5SHQ4	P60492	SP:0004775	SP:0021603	gt24	CF-C-provisional	remote_sequence
SCF:0005956	AC:004775	Q5SHQ4	P60489	Q5SLP6	SP:0004775	SP:0021604	gt24	CF-C-provisional	remote_sequence
SCF:0005957	AC:004775	Q5SHQ4	P60489	Q9Z9H5	SP:0004775	SP:0021605	gt24	CF-C-provisional	remote_sequence
SCF:0005958	AC:004775	Q5SHQ4	P60489	Q5SHQ7	SP:0004775	SP:0021606	gt24	CF-C-provisional	remote_sequence
SCF:0005959	AC:004776	Q02375	P03910	P03887	SP:0004776	SP:0021611	gt24	CF-C-provisional	remote_sequence
SCF:0005960	AC:004777	A0A2K1JDE1	A0A2K1JKF2	A9RT62	SP:0004777	SP:0011679	gt24	CF-C-provisional	remote_sequence
SCF:0005961	AC:004779	P05767	O42699	O42991	SP:0004779	SP:0021623	gt24	CF-C-provisional	remote_sequence
SCF:0005962	AC:004783	Q9HWE8	Q9HWD1	Q9HVY3	SP:0004783	SP:0021640	gt24	CF-C-provisional	remote_sequence
SCF:0005963	AC:004786	P25519	P0A7W7	P02413	SP:0004786	SP:0021655	gt24	CF-C-provisional	remote_sequence
SCF:0005964	AC:004786	P25519	P0A7W7	P62399	SP:0004786	SP:0021656	gt24	CF-C-provisional	remote_sequence
SCF:0005965	AC:004788	Q8N1G4	Q8N9N8	P62280	SP:0004788	SP:0021662	gt24	CF-C-provisional	remote_sequence
SCF:0005966	AC:004788	Q8N9N8	Q8N1G4	Q9BRS2	SP:0004788	SP:0021665	gt24	CF-C-provisional	remote_sequence
SCF:0005967	AC:004789	P52657	Q9H944	Q16594	SP:0004789	SP:0021668	gt24	CF-C-provisional	remote_sequence
SCF:0005968	AC:004790	Q02608	P12686	P53292	SP:0004790	SP:0021675	gt24	CF-C-provisional	remote_sequence
SCF:0005969	AC:004791	P69560	P12301	P12302	SP:0004791	SP:0021679	gt24	CF-C-provisional	remote_sequence
SCF:0005970	AC:004793	O14339	P05734	O74175	SP:0004793	SP:0021686	gt24	CF-C-provisional	remote_sequence
SCF:0005971	AC:004793	O14339	P05734	O74978	SP:0004793	SP:0021687	gt24	CF-C-provisional	remote_sequence
SCF:0005972	AC:004793	P05734	O14339	O74175	SP:0004793	SP:0021688	gt24	CF-C-provisional	medium
SCF:0005973	AC:004793	P05734	O14339	Q10353	SP:0004793	SP:0021689	gt24	CF-C-provisional	remote_sequence
SCF:0005974	AC:004793	P05734	O14339	Q9UUC1	SP:0004793	SP:0021690	gt24	CF-C-provisional	remote_sequence
SCF:0005975	AC:004795	G0SGM0	G0RZ99	G0RYF6	SP:0004795	SP:0021698	gt24	CF-C-provisional	medium
SCF:0005976	AC:004795	G0SGM0	G0RZ99	G0SBN9	SP:0004795	SP:0021699	gt24	CF-C-provisional	remote_sequence
SCF:0005977	AC:004795	G0SGM0	G0RZ99	G0S2U4	SP:0004795	SP:0019525	gt24	CF-C-provisional	remote_sequence
SCF:0005978	AC:004797	P56537	Q9UKD2	P18124	SP:0004797	SP:0021705	gt24	CF-C-provisional	medium
SCF:0005979	AC:004798	P06103	P38701	Q6CW21	SP:0004798	SP:0021710	gt24	CF-C-provisional	remote_sequence
SCF:0005980	AC:004799	P11019	P61420	P21282	SP:0004799	SP:0021715	gt24	CF-C-provisional	remote_sequence
SCF:0005981	AC:004799	P11019	P61420	O46563	SP:0004799	SP:0018454	gt24	CF-C-provisional	remote_sequence
SCF:0005982	AC:004806	Q6C674	B5FVD3	A0A1H6Q311	SP:0004806	SP:0013985	gt24	CF-C-provisional	remote_sequence
SCF:0005983	AC:004809	A0QSD6	A0QSD7	A0QSD4	SP:0004809	SP:0021755	gt24	CF-C-provisional	medium
SCF:0005984	AC:004809	A0QSD6	A0QSD7	A0QSG1	SP:0004809	SP:0021756	gt24	CF-C-provisional	remote_sequence
SCF:0005985	AC:004809	A0QSD7	A0QSD6	A0QSG6	SP:0004809	SP:0010228	gt24	CF-C-provisional	remote_sequence
SCF:0005986	AC:004809	A0QSD7	A0QSD6	A0QSG4	SP:0004809	SP:0021757	gt24	CF-C-provisional	remote_sequence
SCF:0005987	AC:004809	A0QSD7	A0QSD6	A0R550	SP:0004809	SP:0006283	gt24	CF-C-provisional	remote_sequence
SCF:0005988	AC:004810	A0A6J4B150	A0A6J4B3M5	A0A6J4B0A4	SP:0004810	SP:0014443	gt24	CF-C-provisional	medium
SCF:0005989	AC:004810	A0A6J4B150	A0A6J4B3M5	A0A6J4B0S3	SP:0004810	SP:0014444	gt24	CF-C-provisional	medium
SCF:0005990	AC:004810	A0A6J4B3M5	A0A6J4B150	A0A6J4B0A4	SP:0004810	SP:0014861	gt24	CF-C-provisional	medium
SCF:0005991	AC:004810	A0A6J4B3M5	A0A6J4B150	A0A6J4B125	SP:0004810	SP:0021758	gt24	CF-C-provisional	medium
SCF:0005992	AC:004810	A0A6J4B3M5	A0A6J4B150	A0A6J4B112	SP:0004810	SP:0014863	gt24	CF-C-provisional	medium
SCF:0005993	AC:004811	A0A1C8XRM8	A0A9J4RF17	A1XKU7	SP:0004811	SP:0021759	gt24	CF-C-provisional	high
SCF:0005994	AC:004811	A0A1C8XRM8	A0A9J4RF17	A0A9J4RF13	SP:0004811	SP:0021760	gt24	CF-C-provisional	remote_sequence
SCF:0005995	AC:004812	P07012	P0AG63	P0A7Q1	SP:0004812	SP:0021764	gt24	CF-C-provisional	remote_sequence
SCF:0005996	AC:004812	P0AG63	P07012	P0A7I0	SP:0004812	SP:0021765	gt24	CF-C-provisional	medium
SCF:0005997	AC:004812	P0AG63	P07012	P0A850	SP:0004812	SP:0021766	gt24	CF-C-provisional	remote_sequence
SCF:0005998	AC:004813	G0SEW3	G0S0D6	G0S0Z3	SP:0004813	SP:0015573	gt24	CF-C-provisional	remote_sequence
SCF:0005999	AC:004813	G0SEW3	G0S0D6	G0SCE2	SP:0004813	SP:0021771	gt24	CF-C-provisional	remote_sequence
SCF:0006000	AC:004815	Q5JGR4	Q5JJE2	Q5JJF3	SP:0004815	SP:0021774	gt24	CF-C-provisional	remote_sequence
SCF:0006001	AC:004815	Q5JJE2	Q5JGR4	Q5JFZ5	SP:0004815	SP:0019203	gt24	CF-C-provisional	remote_sequence
SCF:0006002	AC:004816	P12629	P22798	P82191	SP:0004816	SP:0021778	gt24	CF-C-provisional	remote_sequence
SCF:0006003	AC:004816	P12629	P22798	P82403	SP:0004816	SP:0021779	gt24	CF-C-provisional	remote_sequence
SCF:0006004	AC:004816	P12629	P22798	P82413	SP:0004816	SP:0021780	gt24	CF-C-provisional	remote_sequence
SCF:0006005	AC:004816	P22798	P12629	P09594	SP:0004816	SP:0021781	gt24	CF-C-provisional	remote_sequence
SCF:0006006	AC:004816	P22798	P12629	Q9LWB5	SP:0004816	SP:0021782	gt24	CF-C-provisional	remote_sequence
SCF:0006007	AC:004816	P22798	P12629	P23326	SP:0004816	SP:0021167	gt24	CF-C-provisional	remote_sequence
SCF:0006008	AC:004820	A0A376TVY0	C3SQV2	C3SQR7	SP:0004820	SP:0021796	gt24	CF-C-provisional	remote_sequence
SCF:0006009	AC:004823	Q8N201	P19387	I3LCH3	SP:0004823	SP:0010898	gt24	CF-C-provisional	high
SCF:0006010	AC:004824	O96774	P0DJ20	Q24F59	SP:0004824	SP:0021815	gt24	CF-C-provisional	medium
SCF:0006011	AC:004824	O96774	P0DJ20	P0DJ53	SP:0004824	SP:0021816	gt24	CF-C-provisional	remote_sequence
SCF:0006012	AC:004824	O96774	P0DJ20	P0DJ57	SP:0004824	SP:0021817	gt24	CF-C-provisional	remote_sequence
SCF:0006013	AC:004825	P0CX82	P53742	P40010	SP:0004825	SP:0021819	gt24	CF-C-provisional	medium
SCF:0006014	AC:004825	P0CX82	P53742	Q04311	SP:0004825	SP:0021820	gt24	CF-C-provisional	remote_sequence
SCF:0006015	AC:004825	P0CX82	P53742	P25808	SP:0004825	SP:0017376	gt24	CF-C-provisional	remote_sequence
SCF:0006016	AC:004825	P53742	P0CX82	P40078	SP:0004825	SP:0018540	gt24	CF-C-provisional	remote_sequence
SCF:0006017	AC:004825	P53742	P0CX82	P05748	SP:0004825	SP:0018541	gt24	CF-C-provisional	remote_sequence
SCF:0006018	AC:004825	P53742	P0CX82	Q02753	SP:0004825	SP:0016018	gt24	CF-C-provisional	remote_sequence
SCF:0006019	AC:004827	P52907	Q13561	P68135	SP:0004827	SP:0021821	gt24	CF-C-provisional	remote_sequence
SCF:0006020	AC:004829	Q99N92	Q9JKF7	Q9D0Q7	SP:0004829	SP:0020165	gt24	CF-C-provisional	remote_sequence
SCF:0006021	AC:004829	Q9JKF7	Q99N92	Q9D7N6	SP:0004829	SP:0014797	gt24	CF-C-provisional	remote_sequence
SCF:0006022	AC:004830	P80374	Q5SM01	P80371	SP:0004830	SP:0021830	gt24	CF-C-provisional	remote_sequence
SCF:0006023	AC:004830	Q5SM01	P80374	Q5SHN3	SP:0004830	SP:0021831	gt24	CF-C-provisional	medium
SCF:0006024	AC:004830	Q5SM01	P80374	Q5SLP6	SP:0004830	SP:0021832	gt24	CF-C-provisional	remote_sequence
SCF:0006025	AC:004831	A0A140UHW4	I3LGM5	I3LNJ0	SP:0004831	SP:0018924	gt24	CF-C-provisional	medium
SCF:0006026	AC:004832	Q72HR3	Q72GJ6	P0A7I0	SP:0004832	SP:0014221	gt24	CF-C-provisional	medium
SCF:0006027	AC:004834	P10898	Q93WE0	Q93VE0	SP:0004834	SP:0021846	gt24	CF-C-provisional	high
SCF:0006028	AC:004834	P10898	Q93WE0	Q93WL4	SP:0004834	SP:0021847	gt24	CF-C-provisional	high
SCF:0006029	AC:004834	P10898	Q93WE0	Q9FEK6	SP:0004834	SP:0021848	gt24	CF-C-provisional	high
SCF:0006030	AC:004834	Q93WE0	P10898	P37255	SP:0004834	SP:0021849	gt24	CF-C-provisional	medium
SCF:0006031	AC:004834	Q93WE0	P10898	P07753	SP:0004834	SP:0021850	gt24	CF-C-provisional	remote_sequence
SCF:0006032	AC:004838	P61941	Q72I14	P62659	SP:0004838	SP:0021864	gt24	CF-C-provisional	remote_sequence
SCF:0006033	AC:004838	Q72I14	P61941	Q72JU9	SP:0004838	SP:0018307	gt24	CF-C-provisional	remote_sequence
SCF:0006034	AC:004838	Q72I14	P61941	P60490	SP:0004838	SP:0018308	gt24	CF-C-provisional	remote_sequence
SCF:0006035	AC:004839	P62128	P09595	P82231	SP:0004839	SP:0017464	gt24	CF-C-provisional	remote_sequence
SCF:0006036	AC:004842	Q7JYH3	C7DZL9	P18929	SP:0004842	SP:0021878	gt24	CF-C-provisional	high
SCF:0006037	AC:004842	Q7JYH3	C7DZL9	P03896	SP:0004842	SP:0015997	gt24	CF-C-provisional	remote_sequence
SCF:0006038	AC:004843	P48270	Q5QEB1	A8J8M5	SP:0004843	SP:0021879	gt24	CF-C-provisional	remote_sequence
SCF:0006039	AC:004844	P20434	Q04673	P40992	SP:0004844	SP:0021885	gt24	CF-C-provisional	remote_sequence
SCF:0006040	AC:004844	P20434	Q04673	P36106	SP:0004844	SP:0021886	gt24	CF-C-provisional	remote_sequence
SCF:0006041	AC:004844	Q04673	P20434	Q04231	SP:0004844	SP:0021887	gt24	CF-C-provisional	remote_sequence
SCF:0006042	AC:004845	A0A1B4XKU1	A0A1B4XM73	A0A1B4XRZ8	SP:0004845	SP:0021890	gt24	CF-C-provisional	remote_sequence
SCF:0006043	AC:004846	O60104	Q10317	O13964	SP:0004846	SP:0013436	gt24	CF-C-provisional	remote_sequence
SCF:0006044	AC:004846	Q10317	O60104	P87306	SP:0004846	SP:0009547	gt24	CF-C-provisional	remote_sequence
SCF:0006045	AC:004846	Q10317	O60104	P37382	SP:0004846	SP:0009400	gt24	CF-C-provisional	remote_sequence
SCF:0006046	AC:004847	P47822	Q99278	Q06213	SP:0004847	SP:0017435	gt24	CF-C-provisional	remote_sequence
SCF:0006047	AC:004852	P0DJ57	P0DJ58	P0DJ14	SP:0004852	SP:0014563	gt24	CF-C-provisional	remote_sequence
SCF:0006048	AC:004852	P0DJ57	P0DJ58	P0DJ51	SP:0004852	SP:0021908	gt24	CF-C-provisional	remote_sequence
SCF:0006049	AC:004852	P0DJ58	P0DJ57	Q24F59	SP:0004852	SP:0014040	gt24	CF-C-provisional	remote_sequence
SCF:0006050	AC:004858	Q5SJE1	Q5SLP7	P80372	SP:0004858	SP:0015416	gt24	CF-C-provisional	remote_sequence
SCF:0006051	AC:004858	Q5SLP7	Q5SJE1	Q5SJ76	SP:0004858	SP:0021929	gt24	CF-C-provisional	remote_sequence
SCF:0006052	AC:004859	P61353	Q9Y221	Q9UKD2	SP:0004859	SP:0021932	gt24	CF-C-provisional	remote_sequence
SCF:0006053	AC:004860	Q4CXR4	Q4CSL1	Q4DC38	SP:0004860	SP:0021938	gt24	CF-C-provisional	medium
SCF:0006054	AC:004860	Q4CXR4	Q4CSL1	Q4D6H7	SP:0004860	SP:0016395	gt24	CF-C-provisional	remote_sequence
SCF:0006055	AC:004863	F1SVC5	F1SR64	A0A8D0HMG9	SP:0004863	SP:0021950	gt24	CF-C-provisional	remote_sequence
SCF:0006056	AC:004863	F1SVC5	F1SR64	I3LR45	SP:0004863	SP:0021951	gt24	CF-C-provisional	remote_sequence
SCF:0006057	AC:004864	P0C2H6	Q12024	P10664	SP:0004864	SP:0021953	gt24	CF-C-provisional	remote_sequence
SCF:0006058	AC:004864	P0C2H6	Q12024	P53261	SP:0004864	SP:0021954	gt24	CF-C-provisional	remote_sequence
SCF:0006059	AC:004865	Q02376	P03910	P03892	SP:0004865	SP:0019489	gt24	CF-C-provisional	medium
SCF:0006060	AC:004866	Q6C2Q1	B5FVF3	B5FVF8	SP:0004866	SP:0021959	gt24	CF-C-provisional	remote_sequence
SCF:0006061	AC:004867	Q9VQR2	Q9W380	Q9VQM2	SP:0004867	SP:0015015	gt24	CF-C-provisional	remote_sequence
SCF:0006062	AC:004867	Q9W380	Q9VQR2	Q9W125	SP:0004867	SP:0018035	gt24	CF-C-provisional	remote_sequence
SCF:0006063	AC:004868	Q383R4	Q388L7	Q389T7	SP:0004868	SP:0021963	gt24	CF-C-provisional	remote_sequence
SCF:0006064	AC:004868	Q383R4	Q388L7	Q586A1	SP:0004868	SP:0021964	gt24	CF-C-provisional	remote_sequence
SCF:0006065	AC:004869	P09191	P14835	Q55330	SP:0004869	SP:0006604	gt24	CF-C-provisional	remote_sequence
SCF:0006066	AC:004869	P14835	P09191	Q55354	SP:0004869	SP:0021969	gt24	CF-C-provisional	medium
SCF:0006067	AC:004869	P14835	P09191	P15819	SP:0004869	SP:0021970	gt24	CF-C-provisional	medium
SCF:0006068	AC:004870	G0RY17	G0S273	G0S5T7	SP:0004870	SP:0021972	gt24	CF-C-provisional	remote_sequence
SCF:0006069	AC:004870	G0RY17	G0S273	G0SDW0	SP:0004870	SP:0017911	gt24	CF-C-provisional	remote_sequence
SCF:0006070	AC:004872	O94288	Q10353	Q9Y7Z1	SP:0004872	SP:0021979	gt24	CF-C-provisional	medium
SCF:0006071	AC:004872	O94288	Q10353	O14339	SP:0004872	SP:0014873	gt24	CF-C-provisional	remote_sequence
SCF:0006072	AC:004872	O94288	Q10353	O74175	SP:0004872	SP:0021980	gt24	CF-C-provisional	remote_sequence
SCF:0006073	AC:004873	Q13405	Q9H2W6	Q9BYD2	SP:0004873	SP:0021983	gt24	CF-C-provisional	medium
SCF:0006074	AC:004873	Q13405	Q9H2W6	Q9BYD3	SP:0004873	SP:0021984	gt24	CF-C-provisional	remote_sequence
SCF:0006075	AC:004873	Q13405	Q9H2W6	Q9Y399	SP:0004873	SP:0021985	gt24	CF-C-provisional	remote_sequence
SCF:0006076	AC:004873	Q9H2W6	Q13405	Q9Y3B7	SP:0004873	SP:0021986	gt24	CF-C-provisional	medium
SCF:0006077	AC:004873	Q9H2W6	Q13405	Q7Z7F7	SP:0004873	SP:0021987	gt24	CF-C-provisional	remote_sequence
SCF:0006078	AC:004875	Q9B6D3	B5FVF3	B5FVF8	SP:0004875	SP:0014916	gt24	CF-C-provisional	remote_sequence
SCF:0006079	AC:004876	A0A6J4B0N3	A0A6J4B024	B7FRW2	SP:0004876	SP:0021996	gt24	CF-C-provisional	medium
SCF:0006080	AC:004876	A0A6J4B0N3	A0A6J4B024	A0A6J4B150	SP:0004876	SP:0021997	gt24	CF-C-provisional	medium
SCF:0006081	AC:004877	Q7JYH3	A8DYC4	Q9VQM2	SP:0004877	SP:0022002	gt24	CF-C-provisional	remote_sequence
SCF:0006082	AC:004877	Q7JYH3	A8DYC4	Q7JZK1	SP:0004877	SP:0022003	gt24	CF-C-provisional	remote_sequence
SCF:0006083	AC:004878	A0A7S3WZA0	R1ED82	A0A7S3WIW7	SP:0004878	SP:0022004	gt24	CF-C-provisional	high
SCF:0006084	AC:004878	A0A7S3WZA0	R1ED82	R1DWS2	SP:0004878	SP:0022005	gt24	CF-C-provisional	medium
SCF:0006085	AC:004878	A0A7S3WZA0	R1ED82	A0A7S3TXN3	SP:0004878	SP:0022006	gt24	CF-C-provisional	medium
SCF:0006086	AC:004878	R1ED82	A0A7S3WZA0	A0A7S3TFW5	SP:0004878	SP:0015131	gt24	CF-C-provisional	medium
SCF:0006087	AC:004878	R1ED82	A0A7S3WZA0	R1DCN2	SP:0004878	SP:0022007	gt24	CF-C-provisional	medium
SCF:0006088	AC:004878	R1ED82	A0A7S3WZA0	R1DMQ2	SP:0004878	SP:0022008	gt24	CF-C-provisional	medium
SCF:0006089	AC:004879	P61313	P61353	P42766	SP:0004879	SP:0022009	gt24	CF-C-provisional	remote_sequence
SCF:0006090	AC:004879	P61313	P61353	Q02543	SP:0004879	SP:0018514	gt24	CF-C-provisional	remote_sequence
SCF:0006091	AC:004879	P61353	P61313	P26373	SP:0004879	SP:0022010	gt24	CF-C-provisional	remote_sequence
SCF:0006092	AC:004879	P61353	P61313	P62917	SP:0004879	SP:0022011	gt24	CF-C-provisional	remote_sequence
SCF:0006093	AC:004879	P61353	P61313	Q6DKI1	SP:0004879	SP:0022012	gt24	CF-C-provisional	remote_sequence
SCF:0006094	AC:004880	Q1K7L7	Q7S2H6	Q1K730	SP:0004880	SP:0022013	gt24	CF-C-provisional	remote_sequence
SCF:0006095	AC:004880	Q7S2H6	Q1K7L7	Q873E4	SP:0004880	SP:0016963	gt24	CF-C-provisional	remote_sequence
SCF:0006096	AC:004882	P42766	Q15050	P36578	SP:0004882	SP:0022017	gt24	CF-C-provisional	remote_sequence
SCF:0006097	AC:004882	Q15050	P42766	P30050	SP:0004882	SP:0022019	gt24	CF-C-provisional	remote_sequence
SCF:0006098	AC:004882	Q15050	P42766	P18621	SP:0004882	SP:0015428	gt24	CF-C-provisional	remote_sequence
SCF:0006099	AC:004883	A0A125YVX8	B9Q056	B9PHL8	SP:0004883	SP:0021507	gt24	CF-C-provisional	remote_sequence
SCF:0006100	AC:004884	D0VWR1	D0VWR5	Q8DMP8	SP:0004884	SP:0007554	gt24	CF-C-provisional	remote_sequence
SCF:0006101	AC:004884	D0VWR5	D0VWR1	D0VWR7	SP:0004884	SP:0022022	gt24	CF-C-provisional	medium
SCF:0006102	AC:004884	D0VWR5	D0VWR1	D0VWR8	SP:0004884	SP:0022023	gt24	CF-C-provisional	remote_sequence
SCF:0006103	AC:004886	A0QSG0	A0QSG1	A0QSG8	SP:0004886	SP:0022026	gt24	CF-C-provisional	remote_sequence
SCF:0006104	AC:004886	A0QSG1	A0QSG0	A0R151	SP:0004886	SP:0022029	gt24	CF-C-provisional	medium
SCF:0006105	AC:004886	A0QSG1	A0QSG0	A0QSF9	SP:0004886	SP:0022030	gt24	CF-C-provisional	medium
SCF:0006106	AC:004886	A0QSG1	A0QSG0	A0QV42	SP:0004886	SP:0022031	gt24	CF-C-provisional	medium
SCF:0006107	AC:004887	P49166	Q08687	Q08004	SP:0004887	SP:0018030	gt24	CF-C-provisional	remote_sequence
SCF:0006108	AC:004888	P36100	P38902	P20436	SP:0004888	SP:0022036	gt24	CF-C-provisional	remote_sequence
SCF:0006109	AC:004890	O75380	Q9NX14	O14561	SP:0004890	SP:0022046	gt24	CF-C-provisional	medium
SCF:0006110	AC:004891	P19388	Q8IXH7	Q8WX92	SP:0004891	SP:0022051	gt24	CF-C-provisional	medium
SCF:0006111	AC:004891	P19388	Q8IXH7	P19447	SP:0004891	SP:0022052	gt24	CF-C-provisional	remote_sequence
SCF:0006112	AC:004892	P28066	P54578	P43686	SP:0004892	SP:0022056	gt24	CF-C-provisional	remote_sequence
SCF:0006113	AC:004892	P28066	P54578	P17980	SP:0004892	SP:0022057	gt24	CF-C-provisional	remote_sequence
SCF:0006114	AC:004892	P54578	P28066	P0CG47	SP:0004892	SP:0022059	gt24	CF-C-provisional	remote_sequence
SCF:0006115	AC:004893	D5MAJ8	D5MAL6	P06004	SP:0004893	SP:0022062	gt24	CF-C-provisional	medium
SCF:0006116	AC:004896	P0C0W9	P47019	P38061	SP:0004896	SP:0022074	gt24	CF-C-provisional	remote_sequence
SCF:0006117	AC:004896	P0C0W9	P47019	P36105	SP:0004896	SP:0022075	gt24	CF-C-provisional	remote_sequence
SCF:0006118	AC:004896	P47019	P0C0W9	P26784	SP:0004896	SP:0022076	gt24	CF-C-provisional	medium
SCF:0006119	AC:004896	P47019	P0C0W9	P05740	SP:0004896	SP:0022077	gt24	CF-C-provisional	remote_sequence
SCF:0006120	AC:004897	P36528	P38064	P36531	SP:0004897	SP:0022078	gt24	CF-C-provisional	remote_sequence
SCF:0006121	AC:004897	P38064	P36528	P12687	SP:0004897	SP:0022081	gt24	CF-C-provisional	remote_sequence
SCF:0006122	AC:004897	P38064	P36528	Q06678	SP:0004897	SP:0022082	gt24	CF-C-provisional	remote_sequence
SCF:0006123	AC:004898	A0QS62	A0QSL9	A0QSG4	SP:0004898	SP:0022084	gt24	CF-C-provisional	remote_sequence
SCF:0006124	AC:004898	A0QSL9	A0QS62	A0QSD6	SP:0004898	SP:0022086	gt24	CF-C-provisional	remote_sequence
SCF:0006125	AC:004898	A0QSL9	A0QS62	A0QSD3	SP:0004898	SP:0022088	gt24	CF-C-provisional	remote_sequence
SCF:0006126	AC:004899	P32496	P43593	Q08723	SP:0004899	SP:0022089	gt24	CF-C-provisional	remote_sequence
SCF:0006127	AC:004899	P32496	P43593	P33299	SP:0004899	SP:0022090	gt24	CF-C-provisional	remote_sequence
SCF:0006128	AC:004899	P32496	P43593	Q01939	SP:0004899	SP:0022091	gt24	CF-C-provisional	remote_sequence
SCF:0006129	AC:004900	A4ICV5	Q9GNZ8	A4HVX3	SP:0004900	SP:0018983	gt24	CF-C-provisional	medium
SCF:0006130	AC:004900	A4ICV5	Q9GNZ8	A4HUT6	SP:0004900	SP:0018984	gt24	CF-C-provisional	medium
SCF:0006131	AC:004900	A4ICV5	Q9GNZ8	A4IDD6	SP:0004900	SP:0015462	gt24	CF-C-provisional	remote_sequence
SCF:0006132	AC:004900	Q9GNZ8	A4ICV5	A4I357	SP:0004900	SP:0022092	gt24	CF-C-provisional	remote_sequence
SCF:0006133	AC:004900	Q9GNZ8	A4ICV5	A0A6L0XSJ0	SP:0004900	SP:0022093	gt24	CF-C-provisional	remote_sequence
SCF:0006134	AC:004901	A0A0M3V8U3	A0A0M4TUJ2	A0A0M4U4C3	SP:0004901	SP:0022094	gt24	CF-C-provisional	medium
SCF:0006135	AC:004901	A0A0M3V8U3	A0A0M4TUJ2	A0A0M4TUE5	SP:0004901	SP:0022095	gt24	CF-C-provisional	remote_sequence
SCF:0006136	AC:004901	A0A0M3V8U3	A0A0M4TUJ2	A0A0M4TE68	SP:0004901	SP:0022096	gt24	CF-C-provisional	remote_sequence
SCF:0006137	AC:004902	Q9CQI9	Q9D7W5	Q9CZB6	SP:0004902	SP:0017803	gt24	CF-C-provisional	remote_sequence
SCF:0006138	AC:004902	Q9CQI9	Q9D7W5	Q9CQA5	SP:0004902	SP:0022098	gt24	CF-C-provisional	remote_sequence
SCF:0006139	AC:004902	Q9CQI9	Q9D7W5	Q62276	SP:0004902	SP:0017802	gt24	CF-C-provisional	remote_sequence
SCF:0006140	AC:004902	Q9D7W5	Q9CQI9	Q62276	SP:0004902	SP:0022099	gt24	CF-C-provisional	remote_sequence
SCF:0006141	AC:004902	Q9D7W5	Q9CQI9	Q9DB91	SP:0004902	SP:0020288	gt24	CF-C-provisional	remote_sequence
SCF:0006142	AC:004904	P0A7Q1	P43672	P0A9U3	SP:0004904	SP:0022106	gt24	CF-C-provisional	medium
SCF:0006143	AC:004904	P43672	P0A7Q1	P0A7N9	SP:0004904	SP:0022108	gt24	CF-C-provisional	remote_sequence
SCF:0006144	AC:004905	P17291	Q5SLQ0	P80380	SP:0004905	SP:0022111	gt24	CF-C-provisional	remote_sequence
SCF:0006145	AC:004905	P17291	Q5SLQ0	Q5SHN7	SP:0004905	SP:0022112	gt24	CF-C-provisional	remote_sequence
SCF:0006146	AC:004905	P17291	Q5SLQ0	Q5SJH3	SP:0004905	SP:0011812	gt24	CF-C-provisional	remote_sequence
SCF:0006147	AC:004905	Q5SLQ0	P17291	P23370	SP:0004905	SP:0022113	gt24	CF-C-provisional	remote_sequence
SCF:0006148	AC:004905	Q5SLQ0	P17291	P80377	SP:0004905	SP:0011302	gt24	CF-C-provisional	remote_sequence
SCF:0006149	AC:004905	Q5SLQ0	P17291	Q5SHN3	SP:0004905	SP:0011301	gt24	CF-C-provisional	remote_sequence
SCF:0006150	AC:004906	G0S0Z3	G0S616	G0SEG2	SP:0004906	SP:0015572	gt24	CF-C-provisional	remote_sequence
SCF:0006151	AC:004906	G0S0Z3	G0S616	G0RXZ3	SP:0004906	SP:0019716	gt24	CF-C-provisional	remote_sequence
SCF:0006152	AC:004906	G0S616	G0S0Z3	G0SCP3	SP:0004906	SP:0018775	gt24	CF-C-provisional	remote_sequence
SCF:0006153	AC:004907	A0A1S3X0I4	A0A1S4BHF2	A0A1S4AEL0	SP:0004907	SP:0022114	gt24	CF-C-provisional	remote_sequence
SCF:0006154	AC:004909	O14561	Q9BYD2	O43674	SP:0004909	SP:0022125	gt24	CF-C-provisional	remote_sequence
SCF:0006155	AC:004909	O14561	Q9BYD2	O95299	SP:0004909	SP:0022126	gt24	CF-C-provisional	remote_sequence
SCF:0006156	AC:004909	Q9BYD2	O14561	P52815	SP:0004909	SP:0022128	gt24	CF-C-provisional	remote_sequence
SCF:0006157	AC:004909	Q9BYD2	O14561	Q8N5N7	SP:0004909	SP:0022129	gt24	CF-C-provisional	remote_sequence
SCF:0006158	AC:004909	Q9BYD2	O14561	Q9BYD1	SP:0004909	SP:0022130	gt24	CF-C-provisional	remote_sequence
SCF:0006159	AC:004910	O95299	P03886	P03891	SP:0004910	SP:0022131	gt24	CF-C-provisional	remote_sequence
SCF:0006160	AC:004910	O95299	P03886	P03905	SP:0004910	SP:0022132	gt24	CF-C-provisional	remote_sequence
SCF:0006161	AC:004911	E1UWD5	E1UWC9	E1UWE2	SP:0004911	SP:0020257	gt24	CF-C-provisional	remote_sequence
SCF:0006162	AC:004911	E1UWD5	E1UWC9	E1UWD2	SP:0004911	SP:0021434	gt24	CF-C-provisional	remote_sequence
SCF:0006163	AC:004912	A0A8D1FAG1	O79875	Q7IIB7	SP:0004912	SP:0019860	gt24	CF-C-provisional	remote_sequence
SCF:0006164	AC:004912	O79875	A0A8D1FAG1	A0A480JRW3	SP:0004912	SP:0019993	gt24	CF-C-provisional	remote_sequence
SCF:0006165	AC:004913	Q6CG53	Q6CD73	Q6C9Z1	SP:0004913	SP:0022141	gt24	CF-C-provisional	remote_sequence
SCF:0006166	AC:004914	Q9HVY3	Q9I5V8	Q9HWD4	SP:0004914	SP:0022143	gt24	CF-C-provisional	remote_sequence
SCF:0006167	AC:004914	Q9I5V8	Q9HVY3	Q9HWD1	SP:0004914	SP:0017677	gt24	CF-C-provisional	remote_sequence
SCF:0006168	AC:004914	Q9I5V8	Q9HVY3	Q9HUN0	SP:0004914	SP:0022144	gt24	CF-C-provisional	remote_sequence
SCF:0006169	AC:004915	P0ADY7	P0AFG0	P0A7V8	SP:0004915	SP:0022145	gt24	CF-C-provisional	medium
SCF:0006170	AC:004915	P0ADY7	P0AFG0	P62399	SP:0004915	SP:0022146	gt24	CF-C-provisional	remote_sequence
SCF:0006171	AC:004915	P0ADY7	P0AFG0	P0A7V0	SP:0004915	SP:0022147	gt24	CF-C-provisional	remote_sequence
SCF:0006172	AC:004915	P0AFG0	P0ADY7	P0A7K2	SP:0004915	SP:0022148	gt24	CF-C-provisional	remote_sequence
SCF:0006173	AC:004915	P0AFG0	P0ADY7	P0A7L8	SP:0004915	SP:0022149	gt24	CF-C-provisional	remote_sequence
SCF:0006174	AC:004916	F1SV23	O79881	O79875	SP:0004916	SP:0022151	gt24	CF-C-provisional	medium
SCF:0006175	AC:004916	F1SV23	O79881	O79874	SP:0004916	SP:0014762	gt24	CF-C-provisional	remote_sequence
SCF:0006176	AC:004918	H9CTG6	Q68RJ5	A8JCJ2	SP:0004918	SP:0022159	gt24	CF-C-provisional	remote_sequence
SCF:0006177	AC:004918	H9CTG6	Q68RJ5	A8ITN7	SP:0004918	SP:0022160	gt24	CF-C-provisional	remote_sequence
SCF:0006178	AC:004918	Q68RJ5	H9CTG6	A8JFR3	SP:0004918	SP:0022163	gt24	CF-C-provisional	remote_sequence
SCF:0006179	AC:004920	P0DJ23	Q23F79	P0DJ19	SP:0004920	SP:0022170	gt24	CF-C-provisional	remote_sequence
SCF:0006180	AC:004922	O43709	P62266	P62841	SP:0004922	SP:0018670	gt24	CF-C-provisional	remote_sequence
SCF:0006181	AC:004922	O43709	P62266	P46781	SP:0004922	SP:0022178	gt24	CF-C-provisional	remote_sequence
SCF:0006182	AC:004922	P62266	O43709	P15880	SP:0004922	SP:0022180	gt24	CF-C-provisional	medium
SCF:0006183	AC:004922	P62266	O43709	P08865	SP:0004922	SP:0022181	gt24	CF-C-provisional	remote_sequence
SCF:0006184	AC:004924	E9BIP6	E9BP34	D1M863	SP:0004924	SP:0022185	gt24	CF-C-provisional	remote_sequence
SCF:0006185	AC:004924	E9BIP6	E9BP34	E9B8R9	SP:0004924	SP:0022186	gt24	CF-C-provisional	remote_sequence
SCF:0006186	AC:004926	P94267	O51206	O51456	SP:0004926	SP:0014547	gt24	CF-C-provisional	medium
SCF:0006187	AC:004926	P94267	O51206	O51314	SP:0004926	SP:0022191	gt24	CF-C-provisional	remote_sequence
SCF:0006188	AC:004926	P94267	O51206	O51441	SP:0004926	SP:0018039	gt24	CF-C-provisional	remote_sequence
SCF:0006189	AC:004927	Q1K7L7	Q1K8Y7	Q7SHF3	SP:0004927	SP:0014652	gt24	CF-C-provisional	medium
SCF:0006190	AC:004927	Q1K7L7	Q1K8Y7	Q7S2C2	SP:0004927	SP:0022192	gt24	CF-C-provisional	remote_sequence
SCF:0006191	AC:004927	Q1K8Y7	Q1K7L7	Q7SC44	SP:0004927	SP:0022193	gt24	CF-C-provisional	medium
SCF:0006192	AC:004927	Q1K8Y7	Q1K7L7	Q7RYM5	SP:0004927	SP:0022195	gt24	CF-C-provisional	remote_sequence
SCF:0006193	AC:004928	A0A0D3CN01	A0A0D3BFU2	A0A0D3DRJ4	SP:0004928	SP:0022199	gt24	CF-C-provisional	medium
SCF:0006194	AC:004928	A0A0D3CN01	A0A0D3BFU2	A0A0D3AS28	SP:0004928	SP:0022200	gt24	CF-C-provisional	remote_sequence
SCF:0006195	AC:004928	A0A0D3CN01	A0A0D3BFU2	A0A0D3CJ03	SP:0004928	SP:0022201	gt24	CF-C-provisional	remote_sequence
SCF:0006196	AC:004929	P42029	Q02367	Q02827	SP:0004929	SP:0022202	gt24	CF-C-provisional	remote_sequence
SCF:0006197	AC:004930	Q7MTM9	Q7MX95	Q7MTL8	SP:0004930	SP:0022207	gt24	CF-C-provisional	medium
SCF:0006198	AC:004930	Q7MTM9	Q7MX95	Q7MXW3	SP:0004930	SP:0022208	gt24	CF-C-provisional	remote_sequence
SCF:0006199	AC:004930	Q7MX95	Q7MTM9	Q7MVQ8	SP:0004930	SP:0022210	gt24	CF-C-provisional	remote_sequence
SCF:0006200	AC:004930	Q7MX95	Q7MTM9	Q7MTM4	SP:0004930	SP:0021316	gt24	CF-C-provisional	remote_sequence
SCF:0006201	AC:004930	Q7MX95	Q7MTM9	Q7MTM3	SP:0004930	SP:0022211	gt24	CF-C-provisional	remote_sequence
SCF:0006202	AC:004931	Q927L7	Q8Y444	O53083	SP:0004931	SP:0020615	gt24	CF-C-provisional	remote_sequence
SCF:0006203	AC:004932	P40016	P43593	Q08723	SP:0004932	SP:0022215	gt24	CF-C-provisional	remote_sequence
SCF:0006204	AC:004932	P40016	P43593	P33299	SP:0004932	SP:0022216	gt24	CF-C-provisional	remote_sequence
SCF:0006205	AC:004932	P40016	P43593	Q01939	SP:0004932	SP:0022217	gt24	CF-C-provisional	remote_sequence
SCF:0006206	AC:004932	P43593	P40016	P40327	SP:0004932	SP:0021421	gt24	CF-C-provisional	medium
SCF:0006207	AC:004933	Q9BYD2	Q9H9J2	P52815	SP:0004933	SP:0022128	gt24	CF-C-provisional	remote_sequence
SCF:0006208	AC:004933	Q9BYD2	Q9H9J2	P82673	SP:0004933	SP:0022218	gt24	CF-C-provisional	remote_sequence
SCF:0006209	AC:004933	Q9H9J2	Q9BYD2	Q9NX20	SP:0004933	SP:0022219	gt24	CF-C-provisional	medium
SCF:0006210	AC:004933	Q9H9J2	Q9BYD2	Q9P015	SP:0004933	SP:0022220	gt24	CF-C-provisional	medium
SCF:0006211	AC:004933	Q9H9J2	Q9BYD2	Q7Z2W9	SP:0004933	SP:0022221	gt24	CF-C-provisional	remote_sequence
SCF:0006212	AC:004934	O75643	Q9NW82	Q96BP3	SP:0004934	SP:0019500	gt24	CF-C-provisional	remote_sequence
SCF:0006213	AC:004934	O75643	Q9NW82	Q2TAY7	SP:0004934	SP:0022222	gt24	CF-C-provisional	remote_sequence
SCF:0006214	AC:004934	O75643	Q9NW82	O43395	SP:0004934	SP:0022223	gt24	CF-C-provisional	remote_sequence
SCF:0006215	AC:004934	Q9NW82	O75643	Q6P2Q9	SP:0004934	SP:0022224	gt24	CF-C-provisional	remote_sequence
SCF:0006216	AC:004936	G0RZ99	G0SF32	G0S3V7	SP:0004936	SP:0021696	gt24	CF-C-provisional	remote_sequence
SCF:0006217	AC:004936	G0SF32	G0RZ99	G0RYF6	SP:0004936	SP:0019526	gt24	CF-C-provisional	medium
SCF:0006218	AC:004936	G0SF32	G0RZ99	G0SBN9	SP:0004936	SP:0022230	gt24	CF-C-provisional	remote_sequence
SCF:0006219	AC:004937	P34087	P33308	P20434	SP:0004937	SP:0022232	gt24	CF-C-provisional	remote_sequence
SCF:0006220	AC:004938	Q7S5W0	Q7S910	Q7SC44	SP:0004938	SP:0015145	gt24	CF-C-provisional	medium
SCF:0006221	AC:004939	G0S9B5	G0S832	G0SFD6	SP:0004939	SP:0018687	gt24	CF-C-provisional	remote_sequence
SCF:0006222	AC:004940	P16370	Q06213	P47822	SP:0004940	SP:0022237	gt24	CF-C-provisional	medium
SCF:0006223	AC:004940	P16370	Q06213	P33308	SP:0004940	SP:0022238	gt24	CF-C-provisional	remote_sequence
SCF:0006224	AC:004940	P16370	Q06213	P38304	SP:0004940	SP:0022239	gt24	CF-C-provisional	remote_sequence
SCF:0006225	AC:004941	A0QSD6	A0QTK6	A0QSL9	SP:0004941	SP:0022086	gt24	CF-C-provisional	medium
SCF:0006226	AC:004941	A0QSD6	A0QTK6	A0QSG4	SP:0004941	SP:0022240	gt24	CF-C-provisional	remote_sequence
SCF:0006227	AC:004942	I3LGM5	A0A286ZTW8	A0A287B2W3	SP:0004942	SP:0021836	gt24	CF-C-provisional	remote_sequence
SCF:0006228	AC:004942	I3LGM5	A0A286ZTW8	A0A287B9C4	SP:0004942	SP:0021835	gt24	CF-C-provisional	remote_sequence
SCF:0006229	AC:004942	I3LGM5	A0A286ZTW8	F1SGC7	SP:0004942	SP:0017568	gt24	CF-C-provisional	remote_sequence
SCF:0006230	AC:004943	A0A037Y8L6	C3SR72	P61175	SP:0004943	SP:0022244	gt24	CF-C-provisional	medium
SCF:0006231	AC:004943	C3SR72	A0A037Y8L6	A1AGK6	SP:0004943	SP:0019707	gt24	CF-C-provisional	remote_sequence
SCF:0006232	AC:004944	P48305	Q02371	Q02827	SP:0004944	SP:0020579	gt24	CF-C-provisional	remote_sequence
SCF:0006233	AC:004944	Q02371	P48305	Q02365	SP:0004944	SP:0022247	gt24	CF-C-provisional	remote_sequence
SCF:0006234	AC:004945	A0A0U5AM58	A0A0U4VSH7	A0A0U5ALU0	SP:0004945	SP:0017780	gt24	CF-C-provisional	remote_sequence
SCF:0006235	AC:004945	A0A0U5AM58	A0A0U4VSH7	A0A0U4VSU8	SP:0004945	SP:0017778	gt24	CF-C-provisional	remote_sequence
SCF:0006236	AC:004946	O43513	Q96HR3	A0JLT2	SP:0004946	SP:0020187	gt24	CF-C-provisional	remote_sequence
SCF:0006237	AC:004946	O43513	Q96HR3	Q9NWA0	SP:0004946	SP:0016098	gt24	CF-C-provisional	remote_sequence
SCF:0006238	AC:004946	O43513	Q96HR3	Q9NX70	SP:0004946	SP:0016100	gt24	CF-C-provisional	remote_sequence
SCF:0006239	AC:004946	Q96HR3	O43513	Q9NWA0	SP:0004946	SP:0022251	gt24	CF-C-provisional	remote_sequence
SCF:0006240	AC:004946	Q96HR3	O43513	Q15528	SP:0004946	SP:0022252	gt24	CF-C-provisional	remote_sequence
SCF:0006241	AC:004947	P23321	Q9S7W1	Q07473	SP:0004947	SP:0018189	gt24	CF-C-provisional	high
SCF:0006242	AC:004947	P23321	Q9S7W1	Q9XF89	SP:0004947	SP:0022254	gt24	CF-C-provisional	medium
SCF:0006243	AC:004947	P23321	Q9S7W1	P04778	SP:0004947	SP:0022255	gt24	CF-C-provisional	medium
SCF:0006244	AC:004950	Q8U1Y5	Q8U0F0	P61994	SP:0004950	SP:0012463	gt24	CF-C-provisional	medium
SCF:0006245	AC:004951	A0AA36N3P6	A0AA36NGX7	A0AA36I308	SP:0004951	SP:0022267	gt24	CF-C-provisional	medium
SCF:0006246	AC:004951	A0AA36N3P6	A0AA36NGX7	A0AA36JI10	SP:0004951	SP:0022268	gt24	CF-C-provisional	medium
SCF:0006247	AC:004951	A0AA36N3P6	A0AA36NGX7	A0AA36MQP1	SP:0004951	SP:0022269	gt24	CF-C-provisional	remote_sequence
SCF:0006248	AC:004952	Q8LCQ4	Q9CAC5	Q9LVM2	SP:0004952	SP:0010491	gt24	CF-C-provisional	remote_sequence
SCF:0006249	AC:004953	P18933	Q9VWI0	Q9W402	SP:0004953	SP:0013882	gt24	CF-C-provisional	remote_sequence
SCF:0006250	AC:004954	P56778	P0CJ48	P04778	SP:0004954	SP:0022274	gt24	CF-C-provisional	high
SCF:0006251	AC:004954	P56778	P0CJ48	Q39142	SP:0004954	SP:0022275	gt24	CF-C-provisional	high
SCF:0006252	AC:004954	P56778	P0CJ48	Q9SHR7	SP:0004954	SP:0014147	gt24	CF-C-provisional	high
SCF:0006253	AC:004955	A0A287AAR5	O79881	Q71K68	SP:0004955	SP:0022276	gt24	CF-C-provisional	medium
SCF:0006254	AC:004955	A0A287AAR5	O79881	Q9TDR1	SP:0004955	SP:0022277	gt24	CF-C-provisional	remote_sequence
SCF:0006255	AC:004955	O79881	A0A287AAR5	A0A8D1WW27	SP:0004955	SP:0022279	gt24	CF-C-provisional	high
SCF:0006256	AC:004955	O79881	A0A287AAR5	A0A8D1EYI7	SP:0004955	SP:0014351	gt24	CF-C-provisional	medium
SCF:0006257	AC:004955	O79881	A0A287AAR5	A0A287BMW6	SP:0004955	SP:0019194	gt24	CF-C-provisional	medium
SCF:0006258	AC:004956	A0QSP8	A0QVB8	A0QS62	SP:0004956	SP:0022280	gt24	CF-C-provisional	remote_sequence
SCF:0006259	AC:004956	A0QSP8	A0QVB8	A0QSL9	SP:0004956	SP:0022281	gt24	CF-C-provisional	remote_sequence
SCF:0006260	AC:004956	A0QVB8	A0QSP8	A0R7F6	SP:0004956	SP:0022283	gt24	CF-C-provisional	remote_sequence
SCF:0006261	AC:004958	A2E1I9	A2E7Z2	A2F716	SP:0004958	SP:0022285	gt24	CF-C-provisional	remote_sequence
SCF:0006262	AC:004958	A2E1I9	A2E7Z2	A2D8G5	SP:0004958	SP:0020302	gt24	CF-C-provisional	remote_sequence
SCF:0006263	AC:004958	A2E7Z2	A2E1I9	A2F568	SP:0004958	SP:0022286	gt24	CF-C-provisional	medium
SCF:0006264	AC:004958	A2E7Z2	A2E1I9	A2D8G5	SP:0004958	SP:0020300	gt24	CF-C-provisional	medium
SCF:0006265	AC:004958	A2E7Z2	A2E1I9	A2F2T6	SP:0004958	SP:0022287	gt24	CF-C-provisional	remote_sequence
SCF:0006266	AC:004959	Q02892	Q08746	P05743	SP:0004959	SP:0022288	gt24	CF-C-provisional	remote_sequence
SCF:0006267	AC:004959	Q02892	Q08746	P0CX82	SP:0004959	SP:0022289	gt24	CF-C-provisional	remote_sequence
SCF:0006268	AC:004959	Q02892	Q08746	Q07915	SP:0004959	SP:0017375	gt24	CF-C-provisional	remote_sequence
SCF:0006269	AC:004963	A4HZI9	A4I384	A4HSQ5	SP:0004963	SP:0014292	gt24	CF-C-provisional	medium
SCF:0006270	AC:004963	A4HZI9	A4I384	A4IDD6	SP:0004963	SP:0015460	gt24	CF-C-provisional	remote_sequence
SCF:0006271	AC:004963	A4HZI9	A4I384	A4HUT6	SP:0004963	SP:0019032	gt24	CF-C-provisional	remote_sequence
SCF:0006272	AC:004963	A4I384	A4HZI9	Q9GNZ8	SP:0004963	SP:0014295	gt24	CF-C-provisional	medium
SCF:0006273	AC:004963	A4I384	A4HZI9	A4HVX3	SP:0004963	SP:0017257	gt24	CF-C-provisional	medium
SCF:0006274	AC:004963	A4I384	A4HZI9	A4HN55	SP:0004963	SP:0022305	gt24	CF-C-provisional	medium
SCF:0006275	AC:004964	P62664	P62654	P62442	SP:0004964	SP:0022309	gt24	CF-C-provisional	remote_sequence
SCF:0006276	AC:004966	D0CD08	D0CCR8	D0CD23	SP:0004966	SP:0019864	gt24	CF-C-provisional	remote_sequence
SCF:0006277	AC:004967	Q4FUE7	Q4FUD9	Q4FRE4	SP:0004967	SP:0022321	gt24	CF-C-provisional	remote_sequence
SCF:0006278	AC:004970	Q3TBW2	Q9CPR5	Q99N94	SP:0004970	SP:0022330	gt24	CF-C-provisional	medium
SCF:0006279	AC:004970	Q3TBW2	Q9CPR5	Q3UK02	SP:0004970	SP:0022331	gt24	CF-C-provisional	remote_sequence
SCF:0006280	AC:004970	Q9CPR5	Q3TBW2	Q8K2Y7	SP:0004970	SP:0014889	gt24	CF-C-provisional	remote_sequence
SCF:0006281	AC:004971	P60426	O53083	Q8Y444	SP:0004971	SP:0015159	gt24	CF-C-provisional	remote_sequence
SCF:0006282	AC:004971	P60426	O53083	Q8Y450	SP:0004971	SP:0022335	gt24	CF-C-provisional	remote_sequence
SCF:0006283	AC:004973	Q8U002	P61885	Q8U159	SP:0004973	SP:0022339	gt24	CF-C-provisional	remote_sequence
SCF:0006284	AC:004974	O15371	P62753	P62241	SP:0004974	SP:0022343	gt24	CF-C-provisional	remote_sequence
SCF:0006285	AC:004974	O15371	P62753	P46782	SP:0004974	SP:0022344	gt24	CF-C-provisional	remote_sequence
SCF:0006286	AC:004974	P62753	O15371	Q9Y2X3	SP:0004974	SP:0022345	gt24	CF-C-provisional	remote_sequence
SCF:0006287	AC:004974	P62753	O15371	Q9ULX3	SP:0004974	SP:0022346	gt24	CF-C-provisional	remote_sequence
SCF:0006288	AC:004974	P62753	O15371	Q9BRS2	SP:0004974	SP:0022347	gt24	CF-C-provisional	remote_sequence
SCF:0006289	AC:004975	Q9DC69	Q9CQH3	Q9CQ75	SP:0004975	SP:0022351	gt24	CF-C-provisional	remote_sequence
SCF:0006290	AC:004976	Q99N91	Q8VDT9	Q99N92	SP:0004976	SP:0016834	gt24	CF-C-provisional	remote_sequence
SCF:0006291	AC:004977	G1SIZ2	G1T2G4	B7NZQ2	SP:0004977	SP:0022355	gt24	CF-C-provisional	remote_sequence
SCF:0006292	AC:004977	G1SIZ2	G1T2G4	G1SV32	SP:0004977	SP:0022356	gt24	CF-C-provisional	remote_sequence
SCF:0006293	AC:004977	G1SIZ2	G1T2G4	G1TM55	SP:0004977	SP:0022357	gt24	CF-C-provisional	remote_sequence
SCF:0006294	AC:004978	O51646	O51441	P94272	SP:0004978	SP:0015124	gt24	CF-C-provisional	medium
SCF:0006295	AC:004978	O51646	O51441	O51642	SP:0004978	SP:0015165	gt24	CF-C-provisional	remote_sequence
SCF:0006296	AC:004978	O51646	O51441	O51206	SP:0004978	SP:0015126	gt24	CF-C-provisional	remote_sequence
SCF:0006297	AC:004979	B8BUU4	B8BX92	B8CEV5	SP:0004979	SP:0022362	gt24	CF-C-provisional	high
SCF:0006298	AC:004979	B8BUU4	B8BX92	B8BVI1	SP:0004979	SP:0022363	gt24	CF-C-provisional	medium
SCF:0006299	AC:004979	B8BUU4	B8BX92	B8C4I5	SP:0004979	SP:0022364	gt24	CF-C-provisional	medium
SCF:0006300	AC:004979	B8BX92	B8BUU4	B8BVI1	SP:0004979	SP:0022365	gt24	CF-C-provisional	medium
SCF:0006301	AC:004979	B8BX92	B8BUU4	B8CEV5	SP:0004979	SP:0022366	gt24	CF-C-provisional	medium
SCF:0006302	AC:004980	A3MUV1	A3MSJ5	A3MWR6	SP:0004980	SP:0022368	gt24	CF-C-provisional	medium
SCF:0006303	AC:004981	Q10013	Q9XTU6	Q18786	SP:0004981	SP:0014975	gt24	CF-C-provisional	remote_sequence
SCF:0006304	AC:004981	Q9XTU6	Q10013	Q17348	SP:0004981	SP:0019745	gt24	CF-C-provisional	medium
SCF:0006305	AC:004981	Q9XTU6	Q10013	P34659	SP:0004981	SP:0022370	gt24	CF-C-provisional	remote_sequence
SCF:0006306	AC:004981	Q9XTU6	Q10013	Q18786	SP:0004981	SP:0019746	gt24	CF-C-provisional	remote_sequence
SCF:0006307	AC:004983	A0A2I0BXS0	W7K5W7	W7KN95	SP:0004983	SP:0022374	gt24	CF-C-provisional	medium
SCF:0006308	AC:004983	A0A2I0BXS0	W7K5W7	A0A2I0BQ13	SP:0004983	SP:0022375	gt24	CF-C-provisional	medium
SCF:0006309	AC:004983	A0A2I0BXS0	W7K5W7	W7K6A8	SP:0004983	SP:0022376	gt24	CF-C-provisional	remote_sequence
SCF:0006310	AC:004983	W7K5W7	A0A2I0BXS0	A0A2I0BU46	SP:0004983	SP:0022377	gt24	CF-C-provisional	medium
SCF:0006311	AC:004983	W7K5W7	A0A2I0BXS0	W7K6I2	SP:0004983	SP:0022378	gt24	CF-C-provisional	remote_sequence
SCF:0006312	AC:004983	W7K5W7	A0A2I0BXS0	W7KN95	SP:0004983	SP:0022379	gt24	CF-C-provisional	remote_sequence
SCF:0006313	AC:004984	Q8TCC3	Q9H4K7	P82675	SP:0004984	SP:0022380	gt24	CF-C-provisional	remote_sequence
SCF:0006314	AC:004984	Q8TCC3	Q9H4K7	Q9BYD3	SP:0004984	SP:0022381	gt24	CF-C-provisional	remote_sequence
SCF:0006315	AC:004984	Q9H4K7	Q8TCC3	Q9BYD1	SP:0004984	SP:0015472	gt24	CF-C-provisional	remote_sequence
SCF:0006316	AC:004985	P47813	P62280	G1TRM4	SP:0004985	SP:0022384	gt24	CF-C-provisional	high
SCF:0006317	AC:004985	P47813	P62280	A0A4W2DI10	SP:0004985	SP:0022385	gt24	CF-C-provisional	medium
SCF:0006318	AC:004985	P47813	P62280	P62266	SP:0004985	SP:0022386	gt24	CF-C-provisional	medium
SCF:0006319	AC:004985	P62280	P47813	P62249	SP:0004985	SP:0022387	gt24	CF-C-provisional	remote_sequence
SCF:0006320	AC:004985	P62280	P47813	P62277	SP:0004985	SP:0022388	gt24	CF-C-provisional	remote_sequence
SCF:0006321	AC:004985	P62280	P47813	P62851	SP:0004985	SP:0017360	gt24	CF-C-provisional	remote_sequence
SCF:0006322	AC:004986	P32774	P32776	P41895	SP:0004986	SP:0022389	gt24	CF-C-provisional	remote_sequence
SCF:0006323	AC:004986	P32774	P32776	P36100	SP:0004986	SP:0022390	gt24	CF-C-provisional	remote_sequence
SCF:0006324	AC:004986	P32776	P32774	Q04231	SP:0004986	SP:0022392	gt24	CF-C-provisional	remote_sequence
SCF:0006325	AC:004987	Q9H944	Q96G25	Q9NPJ6	SP:0004987	SP:0021671	gt24	CF-C-provisional	medium
SCF:0006326	AC:004988	O00488	P42766	P18621	SP:0004988	SP:0022399	gt24	CF-C-provisional	remote_sequence
SCF:0006327	AC:004994	Q8IXM3	Q9BYD1	Q96A35	SP:0004994	SP:0022420	gt24	CF-C-provisional	medium
SCF:0006328	AC:004994	Q8IXM3	Q9BYD1	Q8TCC3	SP:0004994	SP:0022421	gt24	CF-C-provisional	remote_sequence
SCF:0006329	AC:004994	Q8IXM3	Q9BYD1	Q9P0M9	SP:0004994	SP:0022422	gt24	CF-C-provisional	remote_sequence
SCF:0006330	AC:004994	Q9BYD1	Q8IXM3	Q8N5N7	SP:0004994	SP:0022423	gt24	CF-C-provisional	remote_sequence
SCF:0006331	AC:004994	Q9BYD1	Q8IXM3	Q9BQC6	SP:0004994	SP:0022424	gt24	CF-C-provisional	remote_sequence
SCF:0006332	AC:004995	B5RSK3	Q6C7X2	Q6C926	SP:0004995	SP:0022426	gt24	CF-C-provisional	high
SCF:0006333	AC:004995	Q6C7X2	B5RSK3	Q6C9Z1	SP:0004995	SP:0022429	gt24	CF-C-provisional	remote_sequence
SCF:0006334	AC:004997	A0A8N7XJG2	A0A6P7EX23	A0A8N7XJ91	SP:0004997	SP:0022438	gt24	CF-C-provisional	remote_sequence
SCF:0006335	AC:004998	O16376	Q19211	G5EEL2	SP:0004998	SP:0019719	gt24	CF-C-provisional	medium
SCF:0006336	AC:004998	Q19211	O16376	G5EFC4	SP:0004998	SP:0022439	gt24	CF-C-provisional	remote_sequence
SCF:0006337	AC:005001	P91929	C7DZL9	P03896	SP:0005001	SP:0014218	gt24	CF-C-provisional	remote_sequence
SCF:0006338	AC:005002	P01096	P13621	P05630	SP:0005002	SP:0013669	gt24	CF-C-provisional	remote_sequence
SCF:0006339	AC:005003	P75550	P75133	P75239	SP:0005003	SP:0022453	gt24	CF-C-provisional	remote_sequence
SCF:0006340	AC:005004	A0A1S3WY31	A0A1S4CCH0	P41098	SP:0005004	SP:0014748	gt24	CF-C-provisional	remote_sequence
SCF:0006341	AC:005004	A0A1S3WY31	A0A1S4CCH0	A0A1S4D5P7	SP:0005004	SP:0022456	gt24	CF-C-provisional	remote_sequence
SCF:0006342	AC:005004	A0A1S3WY31	A0A1S4CCH0	A0A1S4CSN1	SP:0005004	SP:0022457	gt24	CF-C-provisional	remote_sequence
SCF:0006343	AC:005006	A0A8D1NRT6	A0A4X1T0A8	F1SQP4	SP:0005006	SP:0022464	gt24	CF-C-provisional	remote_sequence
SCF:0006344	AC:005007	Q02892	P40991	Q07896	SP:0005007	SP:0022467	gt24	CF-C-provisional	remote_sequence
SCF:0006345	AC:005007	Q02892	P40991	Q03532	SP:0005007	SP:0022468	gt24	CF-C-provisional	remote_sequence
SCF:0006346	AC:005007	Q02892	P40991	Q04660	SP:0005007	SP:0022469	gt24	CF-C-provisional	remote_sequence
SCF:0006347	AC:005009	O60783	P82930	Q16540	SP:0005009	SP:0022476	gt24	CF-C-provisional	remote_sequence
SCF:0006348	AC:005009	O60783	P82930	Q9Y2R9	SP:0005009	SP:0022477	gt24	CF-C-provisional	remote_sequence
SCF:0006349	AC:005009	P82930	O60783	Q9Y2R5	SP:0005009	SP:0022479	gt24	CF-C-provisional	remote_sequence
SCF:0006350	AC:005012	P09595	P82231	P19954	SP:0005012	SP:0015794	gt24	CF-C-provisional	remote_sequence
SCF:0006351	AC:005013	O51142	O51454	O51445	SP:0005013	SP:0015637	gt24	CF-C-provisional	remote_sequence
SCF:0006352	AC:005014	O42832	P05733	O94658	SP:0005014	SP:0015888	gt24	CF-C-provisional	remote_sequence
SCF:0006353	AC:005015	Q7JZK1	P18934	P18930	SP:0005015	SP:0022493	gt24	CF-C-provisional	remote_sequence
SCF:0006354	AC:005016	P51946	Q9BUE0	P19388	SP:0005016	SP:0022496	gt24	CF-C-provisional	remote_sequence
SCF:0006355	AC:005016	P51946	Q9BUE0	P50613	SP:0005016	SP:0021011	gt24	CF-C-provisional	remote_sequence
SCF:0006356	AC:005017	C3SQR7	C3SSQ7	C3SQY7	SP:0005017	SP:0013570	gt24	CF-C-provisional	remote_sequence
SCF:0006357	AC:005018	P32585	P38902	P32570	SP:0005018	SP:0022502	gt24	CF-C-provisional	remote_sequence
SCF:0006358	AC:005019	A0A1B4XKS2	A0A1B4XPL8	A0A1B4XKS7	SP:0005019	SP:0022507	gt24	CF-C-provisional	remote_sequence
SCF:0006359	AC:005019	A0A1B4XPL8	A0A1B4XKS2	A0A1B4XKR6	SP:0005019	SP:0017523	gt24	CF-C-provisional	remote_sequence
SCF:0006360	AC:005022	P28004	Q04048	Q03654	SP:0005022	SP:0022515	gt24	CF-C-provisional	remote_sequence
SCF:0006361	AC:005022	P28004	Q04048	P36048	SP:0005022	SP:0022516	gt24	CF-C-provisional	remote_sequence
SCF:0006362	AC:005022	P28004	Q04048	Q12309	SP:0005022	SP:0022517	gt24	CF-C-provisional	remote_sequence
SCF:0006363	AC:005023	P62244	P05198	Q9NRX1	SP:0005023	SP:0022522	gt24	CF-C-provisional	remote_sequence
SCF:0006364	AC:005023	P62244	P05198	P62753	SP:0005023	SP:0022523	gt24	CF-C-provisional	remote_sequence
SCF:0006365	AC:005024	A0A8N7XJH2	O78757	A0A8N7XJ68	SP:0005024	SP:0022525	gt24	CF-C-provisional	remote_sequence
SCF:0006366	AC:005025	P06367	Q08444	Q12136	SP:0005025	SP:0022529	gt24	CF-C-provisional	remote_sequence
SCF:0006367	AC:005025	Q08444	P06367	Q3E792	SP:0005025	SP:0022532	gt24	CF-C-provisional	remote_sequence
SCF:0006368	AC:005026	P38249	P38701	Q6CIM1	SP:0005026	SP:0017167	gt24	CF-C-provisional	high
SCF:0006369	AC:005028	Q83D75	Q83ER2	Q83AX9	SP:0005028	SP:0007784	gt24	CF-C-provisional	remote_sequence
SCF:0006370	AC:005029	P36520	P36528	P38064	SP:0005029	SP:0022544	gt24	CF-C-provisional	remote_sequence
SCF:0006371	AC:005029	P36520	P36528	Q02204	SP:0005029	SP:0022545	gt24	CF-C-provisional	remote_sequence
SCF:0006372	AC:005029	P36520	P36528	P51998	SP:0005029	SP:0022546	gt24	CF-C-provisional	remote_sequence
SCF:0006373	AC:005029	P36528	P36520	P12687	SP:0005029	SP:0022547	gt24	CF-C-provisional	medium
SCF:0006374	AC:005030	Q50308	Q50303	Q50301	SP:0005030	SP:0014571	gt24	CF-C-provisional	remote_sequence
SCF:0006375	AC:005031	P46779	P62987	P42766	SP:0005031	SP:0022549	gt24	CF-C-provisional	medium
SCF:0006376	AC:005031	P46779	P62987	P62910	SP:0005031	SP:0022550	gt24	CF-C-provisional	remote_sequence
SCF:0006377	AC:005031	P62987	P46779	P62910	SP:0005031	SP:0022551	gt24	CF-C-provisional	medium
SCF:0006378	AC:005033	A2EHK3	A2DLW4	A2DVD8	SP:0005033	SP:0014234	gt24	CF-C-provisional	remote_sequence
SCF:0006379	AC:005035	P60493	Q5SHN3	Q72I19	SP:0005035	SP:0019038	gt24	CF-C-provisional	medium
SCF:0006380	AC:005036	A8BH61	A8BFT3	A8BE02	SP:0005036	SP:0022570	gt24	CF-C-provisional	remote_sequence
SCF:0006381	AC:005036	A8BH61	A8BFT3	A8B4F8	SP:0005036	SP:0016029	gt24	CF-C-provisional	remote_sequence
SCF:0006382	AC:005037	A8BMD9	A8BNT5	A8BRY6	SP:0005037	SP:0022572	gt24	CF-C-provisional	remote_sequence
SCF:0006383	AC:005037	A8BNT5	A8BMD9	A8BU75	SP:0005037	SP:0018804	gt24	CF-C-provisional	remote_sequence
SCF:0006384	AC:005037	A8BNT5	A8BMD9	A8B4F8	SP:0005037	SP:0022573	gt24	CF-C-provisional	remote_sequence
SCF:0006385	AC:005039	P0DOY9	Q8RR57	P60491	SP:0005039	SP:0022577	gt24	CF-C-provisional	medium
SCF:0006386	AC:005039	P0DOY9	Q8RR57	P80380	SP:0005039	SP:0011299	gt24	CF-C-provisional	remote_sequence
SCF:0006387	AC:005039	P0DOY9	Q8RR57	P80374	SP:0005039	SP:0022578	gt24	CF-C-provisional	remote_sequence
SCF:0006388	AC:005039	Q8RR57	P0DOY9	Q5SHN3	SP:0005039	SP:0022579	gt24	CF-C-provisional	medium
SCF:0006389	AC:005039	Q8RR57	P0DOY9	Q5SHQ5	SP:0005039	SP:0022580	gt24	CF-C-provisional	remote_sequence
SCF:0006390	AC:005039	Q8RR57	P0DOY9	P80377	SP:0005039	SP:0011811	gt24	CF-C-provisional	remote_sequence
SCF:0006391	AC:005040	Q2FW12	Q2FZ42	Q2FW16	SP:0005040	SP:0022581	gt24	CF-C-provisional	remote_sequence
SCF:0006392	AC:005040	Q2FZ42	Q2FW12	Q2FW38	SP:0005040	SP:0022582	gt24	CF-C-provisional	remote_sequence
SCF:0006393	AC:005040	Q2FZ42	Q2FW12	P60430	SP:0005040	SP:0022583	gt24	CF-C-provisional	remote_sequence
SCF:0006394	AC:005040	Q2FZ42	Q2FW12	Q2FW06	SP:0005040	SP:0022584	gt24	CF-C-provisional	remote_sequence
SCF:0006395	AC:005041	P80374	Q5SHP2	Q9Z9H5	SP:0005041	SP:0022585	gt24	CF-C-provisional	medium
SCF:0006396	AC:005041	P80374	Q5SHP2	P80382	SP:0005041	SP:0009966	gt24	CF-C-provisional	remote_sequence
SCF:0006397	AC:005041	P80374	Q5SHP2	Q5SLQ0	SP:0005041	SP:0009967	gt24	CF-C-provisional	remote_sequence
SCF:0006398	AC:005041	Q5SHP2	P80374	Q5SHN3	SP:0005041	SP:0022586	gt24	CF-C-provisional	medium
SCF:0006399	AC:005041	Q5SHP2	P80374	P0DOY9	SP:0005041	SP:0022587	gt24	CF-C-provisional	medium
SCF:0006400	AC:005043	P32639	Q12417	P20053	SP:0005043	SP:0022592	gt24	CF-C-provisional	remote_sequence
SCF:0006401	AC:005043	P32639	Q12417	Q12420	SP:0005043	SP:0017246	gt24	CF-C-provisional	remote_sequence
SCF:0006402	AC:005043	Q12417	P32639	P33334	SP:0005043	SP:0022594	gt24	CF-C-provisional	remote_sequence
SCF:0006403	AC:005045	Q9UKD2	Q9NXF1	Q9NVU7	SP:0005045	SP:0020507	gt24	CF-C-provisional	remote_sequence
SCF:0006404	AC:005046	Q12522	P0CG63	Q03532	SP:0005046	SP:0014710	gt24	CF-C-provisional	remote_sequence
SCF:0006405	AC:005046	Q12522	P0CG63	P38789	SP:0005046	SP:0015608	gt24	CF-C-provisional	remote_sequence
SCF:0006406	AC:005047	Q9D338	Q8VDT9	Q5RL20	SP:0005047	SP:0022606	gt24	CF-C-provisional	medium
SCF:0006407	AC:005047	Q9D338	Q8VDT9	Q99N85	SP:0005047	SP:0018667	gt24	CF-C-provisional	medium
SCF:0006408	AC:005049	P14124	P12734	P14116	SP:0005049	SP:0022614	gt24	CF-C-provisional	remote_sequence
SCF:0006409	AC:005051	P53261	P40007	P05740	SP:0005051	SP:0022621	gt24	CF-C-provisional	remote_sequence
SCF:0006410	AC:005051	P53261	P40007	P05738	SP:0005051	SP:0020770	gt24	CF-C-provisional	remote_sequence
SCF:0006411	AC:005051	P53261	P40007	P38801	SP:0005051	SP:0011346	gt24	CF-C-provisional	remote_sequence
SCF:0006412	AC:005052	K7GR43	A0A8D1EYI7	A0A287AAR5	SP:0005052	SP:0022625	gt24	CF-C-provisional	medium
SCF:0006413	AC:005052	K7GR43	A0A8D1EYI7	F1SJP6	SP:0005052	SP:0022626	gt24	CF-C-provisional	remote_sequence
SCF:0006414	AC:005053	C3SSQ7	C3SFP7	A0A0E2KXL3	SP:0005053	SP:0022629	gt24	CF-C-provisional	high
SCF:0006415	AC:005053	C3SSQ7	C3SFP7	C3TRH7	SP:0005053	SP:0011664	gt24	CF-C-provisional	remote_sequence
SCF:0006416	AC:005053	C3SSQ7	C3SFP7	A7ZHB2	SP:0005053	SP:0022630	gt24	CF-C-provisional	remote_sequence
SCF:0006417	AC:005054	Q9V4E0	Q9VJZ4	Q7JZK1	SP:0005054	SP:0022631	gt24	CF-C-provisional	remote_sequence
SCF:0006418	AC:005054	Q9V4E0	Q9VJZ4	Q9VTB4	SP:0005054	SP:0022633	gt24	CF-C-provisional	remote_sequence
SCF:0006419	AC:005055	G0SD68	G0S507	G0SGY1	SP:0005055	SP:0017000	gt24	CF-C-provisional	remote_sequence
SCF:0006420	AC:005056	Q70DX8	Q84U22	A8IP00	SP:0005056	SP:0022636	gt24	CF-C-provisional	remote_sequence
SCF:0006421	AC:005059	A0A3B5Y651	Q5I7L1	A0A3B6DM38	SP:0005059	SP:0022649	gt24	CF-C-provisional	remote_sequence
SCF:0006422	AC:005059	Q5I7L1	A0A3B5Y651	Q5I7L4	SP:0005059	SP:0022652	gt24	CF-C-provisional	remote_sequence
SCF:0006423	AC:005059	Q5I7L1	A0A3B5Y651	A0A3B6QGW3	SP:0005059	SP:0021485	gt24	CF-C-provisional	remote_sequence
SCF:0006424	AC:005060	Q9USV3	P78794	O59733	SP:0005060	SP:0022656	gt24	CF-C-provisional	medium
SCF:0006425	AC:005060	Q9USV3	P78794	O94620	SP:0005060	SP:0022657	gt24	CF-C-provisional	remote_sequence
SCF:0006426	AC:005061	C0H4A6	O97250	O97313	SP:0005061	SP:0022659	gt24	CF-C-provisional	medium
SCF:0006427	AC:005061	C0H4A6	O97250	Q8IAX6	SP:0005061	SP:0022661	gt24	CF-C-provisional	remote_sequence
SCF:0006428	AC:005061	O97250	C0H4A6	Q8IDS6	SP:0005061	SP:0022662	gt24	CF-C-provisional	remote_sequence
SCF:0006429	AC:005061	O97250	C0H4A6	Q8ILK3	SP:0005061	SP:0022664	gt24	CF-C-provisional	remote_sequence
SCF:0006430	AC:005062	A2T2X4	A8JFR3	H9CTG6	SP:0005062	SP:0022665	gt24	CF-C-provisional	remote_sequence
SCF:0006431	AC:005063	E1UWD4	E1UWB1	E1UWB4	SP:0005063	SP:0022670	gt24	CF-C-provisional	medium
SCF:0006432	AC:005063	E1UWD4	E1UWB1	E1UWE4	SP:0005063	SP:0022671	gt24	CF-C-provisional	remote_sequence
SCF:0006433	AC:005064	Q9BQC6	Q9P0P8	Q7Z2W9	SP:0005064	SP:0022672	gt24	CF-C-provisional	medium
SCF:0006434	AC:005064	Q9BQC6	Q9P0P8	Q9H3J6	SP:0005064	SP:0022673	gt24	CF-C-provisional	remote_sequence
SCF:0006435	AC:005064	Q9BQC6	Q9P0P8	Q5T653	SP:0005064	SP:0022674	gt24	CF-C-provisional	remote_sequence
SCF:0006436	AC:005066	A0A9J4RF63	O78757	O78753	SP:0005066	SP:0015529	gt24	CF-C-provisional	remote_sequence
SCF:0006437	AC:005066	O78757	A0A9J4RF63	A0A8V6WEB9	SP:0005066	SP:0022679	gt24	CF-C-provisional	high
SCF:0006438	AC:005069	A0R3I9	A0QSG4	A0QSD6	SP:0005069	SP:0016609	gt24	CF-C-provisional	remote_sequence
SCF:0006439	AC:005069	A0R3I9	A0QSG4	A0R3D2	SP:0005069	SP:0020884	gt24	CF-C-provisional	remote_sequence
SCF:0006440	AC:005069	A0R3I9	A0QSG4	A0QSL9	SP:0005069	SP:0022690	gt24	CF-C-provisional	remote_sequence
SCF:0006441	AC:005072	P05737	P53877	P53136	SP:0005072	SP:0022697	gt24	CF-C-provisional	remote_sequence
SCF:0006442	AC:005072	P05737	P53877	P53313	SP:0005072	SP:0022698	gt24	CF-C-provisional	remote_sequence
SCF:0006443	AC:005072	P05737	P53877	Q04660	SP:0005072	SP:0022699	gt24	CF-C-provisional	remote_sequence
SCF:0006444	AC:005073	G1TK17	G1TPV3	G1T168	SP:0005073	SP:0022701	gt24	CF-C-provisional	high
SCF:0006445	AC:005073	G1TK17	G1TPV3	G1TS40	SP:0005073	SP:0022702	gt24	CF-C-provisional	remote_sequence
SCF:0006446	AC:005073	G1TPV3	G1TK17	G1SKF7	SP:0005073	SP:0016435	gt24	CF-C-provisional	remote_sequence
SCF:0006447	AC:005073	G1TPV3	G1TK17	B7NZS8	SP:0005073	SP:0016436	gt24	CF-C-provisional	remote_sequence
SCF:0006448	AC:005073	G1TPV3	G1TK17	G1TUB8	SP:0005073	SP:0016437	gt24	CF-C-provisional	remote_sequence
SCF:0006449	AC:005074	P13555	Q7Y1T5	P14226	SP:0005074	SP:0022704	gt24	CF-C-provisional	remote_sequence
SCF:0006450	AC:005074	Q7Y1T5	P13555	P62096	SP:0005074	SP:0022707	gt24	CF-C-provisional	medium
SCF:0006451	AC:005075	A0A8D1UDM1	A0A5G2R1I0	A0A0M3KL59	SP:0005075	SP:0019874	gt24	CF-C-provisional	remote_sequence
SCF:0006452	AC:005077	Q9W2E8	P03896	P18932	SP:0005077	SP:0017644	gt24	CF-C-provisional	remote_sequence
SCF:0006453	AC:005077	Q9W2E8	P03896	C7DZL4	SP:0005077	SP:0017645	gt24	CF-C-provisional	remote_sequence
SCF:0006454	AC:005078	P32773	P38782	P16370	SP:0005078	SP:0022720	gt24	CF-C-provisional	remote_sequence
SCF:0006455	AC:005078	P32773	P38782	P29055	SP:0005078	SP:0019296	gt24	CF-C-provisional	remote_sequence
SCF:0006456	AC:005078	P38782	P32773	Q12343	SP:0005078	SP:0022721	gt24	CF-C-provisional	medium
SCF:0006457	AC:005078	P38782	P32773	P38304	SP:0005078	SP:0016752	gt24	CF-C-provisional	remote_sequence
SCF:0006458	AC:005078	P38782	P32773	Q08278	SP:0005078	SP:0015104	gt24	CF-C-provisional	remote_sequence
SCF:0006459	AC:005079	P0A7T7	P0ADY7	P0A7W7	SP:0005079	SP:0006858	gt24	CF-C-provisional	remote_sequence
SCF:0006460	AC:005079	P0A7T7	P0ADY7	P0A7S3	SP:0005079	SP:0022722	gt24	CF-C-provisional	remote_sequence
SCF:0006461	AC:005079	P0A7T7	P0ADY7	P0A7G2	SP:0005079	SP:0012548	gt24	CF-C-provisional	remote_sequence
SCF:0006462	AC:005079	P0ADY7	P0A7T7	P0A7U7	SP:0005079	SP:0022723	gt24	CF-C-provisional	remote_sequence
SCF:0006463	AC:005080	B3DML8	Q9VQD7	Q9W402	SP:0005080	SP:0022725	gt24	CF-C-provisional	medium
SCF:0006464	AC:005081	G0SBG8	G0S0S8	G0S2B3	SP:0005081	SP:0022729	gt24	CF-C-provisional	remote_sequence
SCF:0006465	AC:005082	A0AA36J0D5	A0AA36N262	A0AA36I3A4	SP:0005082	SP:0022732	gt24	CF-C-provisional	remote_sequence
SCF:0006466	AC:005082	A0AA36J0D5	A0AA36N262	A0AA36NBE3	SP:0005082	SP:0022733	gt24	CF-C-provisional	remote_sequence
SCF:0006467	AC:005082	A0AA36N262	A0AA36J0D5	A0AA36NBE3	SP:0005082	SP:0022735	gt24	CF-C-provisional	high
SCF:0006468	AC:005082	A0AA36N262	A0AA36J0D5	A0AA36JI10	SP:0005082	SP:0022736	gt24	CF-C-provisional	medium
SCF:0006469	AC:005082	A0AA36N262	A0AA36J0D5	A0AA36HTH0	SP:0005082	SP:0022737	gt24	CF-C-provisional	remote_sequence
SCF:0006470	AC:005083	P0A7X3	P68919	P0A7J7	SP:0005083	SP:0022739	gt24	CF-C-provisional	remote_sequence
SCF:0006471	AC:005083	P68919	P0A7X3	P0A7L3	SP:0005083	SP:0022740	gt24	CF-C-provisional	medium
SCF:0006472	AC:005083	P68919	P0A7X3	P0A7K6	SP:0005083	SP:0022741	gt24	CF-C-provisional	remote_sequence
SCF:0006473	AC:005083	P68919	P0A7X3	P0A7S9	SP:0005083	SP:0022742	gt24	CF-C-provisional	remote_sequence
SCF:0006474	AC:005084	F1S1A8	K7GSE5	A0A8D0PQH6	SP:0005084	SP:0022743	gt24	CF-C-provisional	remote_sequence
SCF:0006475	AC:005086	G0S6V4	G0S9B5	G0SHJ6	SP:0005086	SP:0022751	gt24	CF-C-provisional	remote_sequence
SCF:0006476	AC:005086	G0S9B5	G0S6V4	G0S992	SP:0005086	SP:0017421	gt24	CF-C-provisional	remote_sequence
SCF:0006477	AC:005092	A0A836A4Q3	A0A6P3E3I5	O78747	SP:0005092	SP:0020960	gt24	CF-C-provisional	remote_sequence
SCF:0006478	AC:005094	P62814	P51863	Q8BVE3	SP:0005094	SP:0022777	gt24	CF-C-provisional	remote_sequence
SCF:0006479	AC:005097	Q8WUD4	O95391	Q13573	SP:0005097	SP:0019496	gt24	CF-C-provisional	remote_sequence
SCF:0006480	AC:005101	P80377	Q5SHN6	Q5SM01	SP:0005101	SP:0014983	gt24	CF-C-provisional	remote_sequence
SCF:0006481	AC:005101	Q5SHN6	P80377	P0DOY8	SP:0005101	SP:0016310	gt24	CF-C-provisional	remote_sequence
SCF:0006482	AC:005101	Q5SHN6	P80377	Q5SHN3	SP:0005101	SP:0022804	gt24	CF-C-provisional	remote_sequence
SCF:0006483	AC:005104	B0K022	Q5FVI6	Q5M7T6	SP:0005104	SP:0019537	gt24	CF-C-provisional	remote_sequence
SCF:0006484	AC:005105	P06004	P69529	A0A2D0TCJ2	SP:0005105	SP:0022818	gt24	CF-C-provisional	remote_sequence
SCF:0006485	AC:005105	P69529	P06004	Q9XQR6	SP:0005105	SP:0022821	gt24	CF-C-provisional	medium
SCF:0006486	AC:005105	P69529	P06004	D5MAL6	SP:0005105	SP:0022822	gt24	CF-C-provisional	medium
SCF:0006487	AC:005105	P69529	P06004	P06006	SP:0005105	SP:0022823	gt24	CF-C-provisional	remote_sequence
SCF:0006488	AC:005106	O97725	Q8HXG5	P52505	SP:0005106	SP:0022824	gt24	CF-C-provisional	medium
SCF:0006489	AC:005106	O97725	Q8HXG5	P42026	SP:0005106	SP:0022825	gt24	CF-C-provisional	remote_sequence
SCF:0006490	AC:005106	Q8HXG5	O97725	Q02374	SP:0005106	SP:0022827	gt24	CF-C-provisional	remote_sequence
SCF:0006491	AC:005106	Q8HXG5	O97725	Q02369	SP:0005106	SP:0019047	gt24	CF-C-provisional	remote_sequence
SCF:0006492	AC:005108	Q585C2	Q580I0	D0A8P6	SP:0005108	SP:0022834	gt24	CF-C-provisional	remote_sequence
SCF:0006493	AC:005108	Q585C2	Q580I0	Q383N9	SP:0005108	SP:0022835	gt24	CF-C-provisional	remote_sequence
SCF:0006494	AC:005108	Q585C2	Q580I0	Q57YD4	SP:0005108	SP:0022836	gt24	CF-C-provisional	remote_sequence
SCF:0006495	AC:005109	Q8K2M0	Q9CQ06	Q8BU88	SP:0005109	SP:0017023	gt24	CF-C-provisional	remote_sequence
SCF:0006496	AC:005109	Q8K2M0	Q9CQ06	Q9CPR5	SP:0005109	SP:0014888	gt24	CF-C-provisional	remote_sequence
SCF:0006497	AC:005109	Q8K2M0	Q9CQ06	Q9CQL6	SP:0005109	SP:0022837	gt24	CF-C-provisional	remote_sequence
SCF:0006498	AC:005110	P40302	Q08723	P23639	SP:0005110	SP:0022839	gt24	CF-C-provisional	remote_sequence
SCF:0006499	AC:005110	P40302	Q08723	P32496	SP:0005110	SP:0019760	gt24	CF-C-provisional	remote_sequence
SCF:0006500	AC:005110	P40302	Q08723	P33297	SP:0005110	SP:0022840	gt24	CF-C-provisional	remote_sequence
SCF:0006501	AC:005110	Q08723	P40302	P21242	SP:0005110	SP:0022841	gt24	CF-C-provisional	medium
SCF:0006502	AC:005110	Q08723	P40302	P21243	SP:0005110	SP:0022843	gt24	CF-C-provisional	medium
SCF:0006503	AC:005111	Q4DJY1	Q4DZ41	Q4DSU0	SP:0005111	SP:0022844	gt24	CF-C-provisional	medium
SCF:0006504	AC:005112	Q15029	Q92620	Q14562	SP:0005112	SP:0022849	gt24	CF-C-provisional	medium
SCF:0006505	AC:005112	Q15029	Q92620	O60231	SP:0005112	SP:0022850	gt24	CF-C-provisional	medium
SCF:0006506	AC:005112	Q15029	Q92620	Q9BUQ8	SP:0005112	SP:0022851	gt24	CF-C-provisional	remote_sequence
SCF:0006507	AC:005113	Q99216	P40160	Q12460	SP:0005113	SP:0022857	gt24	CF-C-provisional	remote_sequence
SCF:0006508	AC:005114	P0A3C9	P0A407	P0A405	SP:0005114	SP:0008159	gt24	CF-C-provisional	high
SCF:0006509	AC:005115	P53136	P53927	P40007	SP:0005115	SP:0022861	gt24	CF-C-provisional	remote_sequence
SCF:0006510	AC:005115	P53136	P53927	P35178	SP:0005115	SP:0022862	gt24	CF-C-provisional	remote_sequence
SCF:0006511	AC:005115	P53927	P53136	P38779	SP:0005115	SP:0022864	gt24	CF-C-provisional	remote_sequence
SCF:0006512	AC:005115	P53927	P53136	P36049	SP:0005115	SP:0022865	gt24	CF-C-provisional	remote_sequence
SCF:0006513	AC:005116	A0A087X2I1	Q13200	Q99460	SP:0005116	SP:0022866	gt24	CF-C-provisional	remote_sequence
SCF:0006514	AC:005116	Q13200	A0A087X2I1	P62195	SP:0005116	SP:0022870	gt24	CF-C-provisional	high
SCF:0006515	AC:005116	Q13200	A0A087X2I1	P35998	SP:0005116	SP:0022871	gt24	CF-C-provisional	medium
SCF:0006516	AC:005117	Q9UZL4	Q9V1U1	Q9V1V5	SP:0005117	SP:0022872	gt24	CF-C-provisional	remote_sequence
SCF:0006517	AC:005117	Q9V1U1	Q9UZL4	P62010	SP:0005117	SP:0013164	gt24	CF-C-provisional	remote_sequence
SCF:0006518	AC:005118	Q9CQN7	Q9D7N6	Q8BU88	SP:0005118	SP:0017024	gt24	CF-C-provisional	remote_sequence
SCF:0006519	AC:005118	Q9CQN7	Q9D7N6	Q99N92	SP:0005118	SP:0019180	gt24	CF-C-provisional	remote_sequence
SCF:0006520	AC:005118	Q9D7N6	Q9CQN7	Q9CQF8	SP:0005118	SP:0022876	gt24	CF-C-provisional	medium
SCF:0006521	AC:005119	A0A1S3XAX8	A0A1S4DFI4	A0A076L2E2	SP:0005119	SP:0022877	gt24	CF-C-provisional	remote_sequence
SCF:0006522	AC:005120	Q9Y314	Q13573	Q99459	SP:0005120	SP:0014472	gt24	CF-C-provisional	remote_sequence
SCF:0006523	AC:005121	P03891	P03886	P03905	SP:0005121	SP:0022887	gt24	CF-C-provisional	remote_sequence
SCF:0006524	AC:005122	A0A836A4Q3	A0A6P3E749	A0A8N7XJG2	SP:0005122	SP:0015033	gt24	CF-C-provisional	medium
SCF:0006525	AC:005124	P00397	P99028	P19536	SP:0005124	SP:0022894	gt24	CF-C-provisional	remote_sequence
SCF:0006526	AC:005125	P0DJ13	Q00454	Q23TC8	SP:0005125	SP:0022900	gt24	CF-C-provisional	medium
SCF:0006527	AC:005126	A0A5K1UJS7	G1SS70	G1TJW1	SP:0005126	SP:0022905	gt24	CF-C-provisional	medium
SCF:0006528	AC:005126	G1SS70	A0A5K1UJS7	G1TM55	SP:0005126	SP:0022908	gt24	CF-C-provisional	high
SCF:0006529	AC:005126	G1SS70	A0A5K1UJS7	G1TNM3	SP:0005126	SP:0022909	gt24	CF-C-provisional	remote_sequence
SCF:0006530	AC:005127	Q9BI06	C4M8C9	C4LT96	SP:0005127	SP:0022167	gt24	CF-C-provisional	remote_sequence
SCF:0006531	AC:005129	A0A2V2VW62	A0A2V2W7U6	V5B1X4	SP:0005129	SP:0022916	gt24	CF-C-provisional	medium
SCF:0006532	AC:005129	A0A2V2VW62	A0A2V2W7U6	A0A7J6YFR6	SP:0005129	SP:0022917	gt24	CF-C-provisional	remote_sequence
SCF:0006533	AC:005129	A0A2V2VW62	A0A2V2W7U6	V5BCU3	SP:0005129	SP:0022918	gt24	CF-C-provisional	remote_sequence
SCF:0006534	AC:005129	A0A2V2W7U6	A0A2V2VW62	V5BHX1	SP:0005129	SP:0022919	gt24	CF-C-provisional	medium
SCF:0006535	AC:005129	A0A2V2W7U6	A0A2V2VW62	V5BCU3	SP:0005129	SP:0014694	gt24	CF-C-provisional	remote_sequence
SCF:0006536	AC:005130	Q9P086	Q9NX70	Q9H204	SP:0005130	SP:0022924	gt24	CF-C-provisional	remote_sequence
SCF:0006537	AC:005130	Q9P086	Q9NX70	Q96HR3	SP:0005130	SP:0022925	gt24	CF-C-provisional	remote_sequence
SCF:0006538	AC:005131	P0A7N4	P0AFG0	P0A7V8	SP:0005131	SP:0022926	gt24	CF-C-provisional	medium
SCF:0006539	AC:005131	P0A7N4	P0AFG0	P62399	SP:0005131	SP:0022927	gt24	CF-C-provisional	remote_sequence
SCF:0006540	AC:005131	P0A7N4	P0AFG0	P0A7V0	SP:0005131	SP:0022928	gt24	CF-C-provisional	remote_sequence
SCF:0006541	AC:005131	P0AFG0	P0A7N4	P0A7Q1	SP:0005131	SP:0022929	gt24	CF-C-provisional	remote_sequence
SCF:0006542	AC:005133	I7JD56	I7JWJ2	I7IIM0	SP:0005133	SP:0019768	gt24	CF-C-provisional	medium
SCF:0006543	AC:005133	I7JD56	I7JWJ2	I7KJM4	SP:0005133	SP:0022937	gt24	CF-C-provisional	medium
SCF:0006544	AC:005133	I7JWJ2	I7JD56	I7IIM0	SP:0005133	SP:0022939	gt24	CF-C-provisional	high
SCF:0006545	AC:005133	I7JWJ2	I7JD56	A0A2R6WM91	SP:0005133	SP:0015909	gt24	CF-C-provisional	remote_sequence
SCF:0006546	AC:005134	P32410	P14119	P12743	SP:0005134	SP:0022943	gt24	CF-C-provisional	remote_sequence
SCF:0006547	AC:005136	G0S1R0	G0S616	G0RXZ3	SP:0005136	SP:0016051	gt24	CF-C-provisional	remote_sequence
SCF:0006548	AC:005136	G0S616	G0S1R0	G0SGH8	SP:0005136	SP:0018777	gt24	CF-C-provisional	remote_sequence
SCF:0006549	AC:005137	P0C2H6	P35178	P39715	SP:0005137	SP:0022949	gt24	CF-C-provisional	medium
SCF:0006550	AC:005137	P0C2H6	P35178	P38779	SP:0005137	SP:0022950	gt24	CF-C-provisional	remote_sequence
SCF:0006551	AC:005137	P0C2H6	P35178	Q04031	SP:0005137	SP:0022951	gt24	CF-C-provisional	remote_sequence
SCF:0006552	AC:005137	P35178	P0C2H6	Q02326	SP:0005137	SP:0022952	gt24	CF-C-provisional	remote_sequence
SCF:0006553	AC:005138	P09001	A8K7J6	Q6P161	SP:0005138	SP:0022956	gt24	CF-C-provisional	medium
SCF:0006554	AC:005138	P09001	A8K7J6	Q4U2R6	SP:0005138	SP:0022957	gt24	CF-C-provisional	remote_sequence
SCF:0006555	AC:005138	P09001	A8K7J6	Q9BQ48	SP:0005138	SP:0022958	gt24	CF-C-provisional	remote_sequence
SCF:0006556	AC:005139	A0A3B6QHW3	W5FPA7	A0A3B6C6G0	SP:0005139	SP:0022959	gt24	CF-C-provisional	remote_sequence
SCF:0006557	AC:005139	A0A3B6QHW3	W5FPA7	W5FV77	SP:0005139	SP:0016968	gt24	CF-C-provisional	remote_sequence
SCF:0006558	AC:005140	Q9CWV0	Q9D1I6	Q9D8P4	SP:0005140	SP:0022960	gt24	CF-C-provisional	remote_sequence
SCF:0006559	AC:005140	Q9D1I6	Q9CWV0	Q3TBW2	SP:0005140	SP:0022963	gt24	CF-C-provisional	remote_sequence
SCF:0006560	AC:005142	Q6YXM2	A0A2K1KU97	A0A2K1K0C7	SP:0005142	SP:0009012	gt24	CF-C-provisional	medium
SCF:0006561	AC:005143	O97250	Q8ILV2	C0H5G3	SP:0005143	SP:0022972	gt24	CF-C-provisional	remote_sequence
SCF:0006562	AC:005143	Q8ILV2	O97250	Q8IAX6	SP:0005143	SP:0022977	gt24	CF-C-provisional	remote_sequence
SCF:0006563	AC:005144	P03920	Q02375	P42026	SP:0005144	SP:0022978	gt24	CF-C-provisional	remote_sequence
SCF:0006564	AC:005146	Q8WUA2	Q9HCS7	Q9BZJ0	SP:0005146	SP:0022985	gt24	CF-C-provisional	medium
SCF:0006565	AC:005146	Q9HCS7	Q8WUA2	Q9NW64	SP:0005146	SP:0022988	gt24	CF-C-provisional	remote_sequence
SCF:0006566	AC:005146	Q9HCS7	Q8WUA2	Q13573	SP:0005146	SP:0022884	gt24	CF-C-provisional	remote_sequence
SCF:0006567	AC:005146	Q9HCS7	Q8WUA2	Q9BZJ0	SP:0005146	SP:0022989	gt24	CF-C-provisional	remote_sequence
SCF:0006568	AC:005149	P08708	P60842	P48729	SP:0005149	SP:0010603	gt24	CF-C-provisional	remote_sequence
SCF:0006569	AC:005149	P08708	P60842	P61247	SP:0005149	SP:0019635	gt24	CF-C-provisional	remote_sequence
SCF:0006570	AC:005150	A2DEJ9	A2FDE0	A2DVD8	SP:0005150	SP:0014232	gt24	CF-C-provisional	medium
SCF:0006571	AC:005151	Q96CB9	Q9H2W6	Q9NQ50	SP:0005151	SP:0023002	gt24	CF-C-provisional	remote_sequence
SCF:0006572	AC:005151	Q9H2W6	Q96CB9	P51398	SP:0005151	SP:0019901	gt24	CF-C-provisional	remote_sequence
SCF:0006573	AC:005153	P05743	Q08687	P0CX82	SP:0005153	SP:0023008	gt24	CF-C-provisional	medium
SCF:0006574	AC:005153	P05743	Q08687	Q08004	SP:0005153	SP:0023009	gt24	CF-C-provisional	remote_sequence
SCF:0006575	AC:005153	P05743	Q08687	P38061	SP:0005153	SP:0023010	gt24	CF-C-provisional	remote_sequence
SCF:0006576	AC:005155	F1RGC0	I3L7Y1	P49666	SP:0005155	SP:0021451	gt24	CF-C-provisional	medium
SCF:0006577	AC:005156	Q7RTV0	Q15029	O60231	SP:0005156	SP:0007577	gt24	CF-C-provisional	remote_sequence
SCF:0006578	AC:005156	Q7RTV0	Q15029	Q15393	SP:0005156	SP:0016024	gt24	CF-C-provisional	remote_sequence
SCF:0006579	AC:005157	P43321	Q06411	Q03776	SP:0005157	SP:0023020	gt24	CF-C-provisional	remote_sequence
SCF:0006580	AC:005157	P43321	Q06411	P19735	SP:0005157	SP:0020999	gt24	CF-C-provisional	remote_sequence
SCF:0006581	AC:005157	P43321	Q06411	P36048	SP:0005157	SP:0023021	gt24	CF-C-provisional	remote_sequence
SCF:0006582	AC:005158	P61029	Q9V1U8	Q9V109	SP:0005158	SP:0023022	gt24	CF-C-provisional	remote_sequence
SCF:0006583	AC:005159	A0A3Q7FVJ9	A0A3Q7INK3	A0A3Q7F2B5	SP:0005159	SP:0016213	gt24	CF-C-provisional	remote_sequence
SCF:0006584	AC:005159	A0A3Q7INK3	A0A3Q7FVJ9	A0A3Q7GUG2	SP:0005159	SP:0015544	gt24	CF-C-provisional	remote_sequence
SCF:0006585	AC:005160	O60841	P46781	P62266	SP:0005160	SP:0023026	gt24	CF-C-provisional	remote_sequence
SCF:0006586	AC:005160	P46781	O60841	Q7Z478	SP:0005160	SP:0023029	gt24	CF-C-provisional	remote_sequence
SCF:0006587	AC:005160	P46781	O60841	Q99613	SP:0005160	SP:0023030	gt24	CF-C-provisional	remote_sequence
SCF:0006588	AC:005162	Q8Y440	Q8Y444	Q8Y458	SP:0005162	SP:0023035	gt24	CF-C-provisional	medium
SCF:0006589	AC:005162	Q8Y440	Q8Y444	O53083	SP:0005162	SP:0020616	gt24	CF-C-provisional	remote_sequence
SCF:0006590	AC:005163	Q00403	Q13503	Q16514	SP:0005163	SP:0023038	gt24	CF-C-provisional	remote_sequence
SCF:0006591	AC:005164	G0SFC3	G0RYU9	G0S2I7	SP:0005164	SP:0017350	gt24	CF-C-provisional	remote_sequence
SCF:0006592	AC:005167	Q8VCD5	Q9CXU0	Q9CQ39	SP:0005167	SP:0023051	gt24	CF-C-provisional	remote_sequence
SCF:0006593	AC:005168	P33672	Q3ZBG0	Q5E987	SP:0005168	SP:0023056	gt24	CF-C-provisional	medium
SCF:0006594	AC:005168	P33672	Q3ZBG0	Q3T0Y5	SP:0005168	SP:0023057	gt24	CF-C-provisional	medium
SCF:0006595	AC:005168	P33672	Q3ZBG0	Q3ZCK9	SP:0005168	SP:0023058	gt24	CF-C-provisional	medium
SCF:0006596	AC:005168	Q3ZBG0	P33672	Q3SZC2	SP:0005168	SP:0023059	gt24	CF-C-provisional	remote_sequence
SCF:0006597	AC:005168	Q3ZBG0	P33672	Q2TBX6	SP:0005168	SP:0023060	gt24	CF-C-provisional	remote_sequence
SCF:0006598	AC:005168	Q3ZBG0	P33672	Q3MHN0	SP:0005168	SP:0023061	gt24	CF-C-provisional	remote_sequence
SCF:0006599	AC:005169	G1TM55	G1TPG3	G1T8A2	SP:0005169	SP:0023062	gt24	CF-C-provisional	medium
SCF:0006600	AC:005169	G1TM55	G1TPG3	P47813	SP:0005169	SP:0023063	gt24	CF-C-provisional	remote_sequence
SCF:0006601	AC:005169	G1TM55	G1TPG3	G1SF08	SP:0005169	SP:0023064	gt24	CF-C-provisional	remote_sequence
SCF:0006602	AC:005169	G1TPG3	G1TM55	G1TVS8	SP:0005169	SP:0023065	gt24	CF-C-provisional	medium
SCF:0006603	AC:005169	G1TPG3	G1TM55	G1TNM3	SP:0005169	SP:0021574	gt24	CF-C-provisional	remote_sequence
SCF:0006604	AC:005169	G1TPG3	G1TM55	G1TJW1	SP:0005169	SP:0023066	gt24	CF-C-provisional	remote_sequence
SCF:0006605	AC:005170	Q2FEN9	Q2FEQ0	Q2FHJ7	SP:0005170	SP:0023067	gt24	CF-C-provisional	medium
SCF:0006606	AC:005170	Q2FEN9	Q2FEQ0	Q2FEQ8	SP:0005170	SP:0016104	gt24	CF-C-provisional	medium
SCF:0006607	AC:005172	A0A3Q8IGI9	E9BU64	A0A3Q8IDW6	SP:0005172	SP:0023073	gt24	CF-C-provisional	remote_sequence
SCF:0006608	AC:005172	A0A3Q8IGI9	E9BU64	A0A3S7X961	SP:0005172	SP:0017999	gt24	CF-C-provisional	remote_sequence
SCF:0006609	AC:005173	Q4DVC6	Q4CTG9	Q4DB26	SP:0005173	SP:0023076	gt24	CF-C-provisional	remote_sequence
SCF:0006610	AC:005175	P38202	Q99257	Q02892	SP:0005175	SP:0023080	gt24	CF-C-provisional	remote_sequence
SCF:0006611	AC:005175	Q99257	P38202	P05749	SP:0005175	SP:0023084	gt24	CF-C-provisional	remote_sequence
SCF:0006612	AC:005177	Q06835	P40565	Q99181	SP:0005177	SP:0023092	gt24	CF-C-provisional	remote_sequence
SCF:0006613	AC:005179	P09001	Q9H2W6	Q9BYD2	SP:0005179	SP:0023096	gt24	CF-C-provisional	medium
SCF:0006614	AC:005179	P09001	Q9H2W6	P49406	SP:0005179	SP:0023097	gt24	CF-C-provisional	medium
SCF:0006615	AC:005179	P09001	Q9H2W6	Q9BYD3	SP:0005179	SP:0023098	gt24	CF-C-provisional	remote_sequence
SCF:0006616	AC:005181	A8DYC4	Q9VTU2	Q9VF27	SP:0005181	SP:0023103	gt24	CF-C-provisional	remote_sequence
SCF:0006617	AC:005181	Q9VTU2	A8DYC4	Q9VQM2	SP:0005181	SP:0023105	gt24	CF-C-provisional	remote_sequence
SCF:0006618	AC:005181	Q9VTU2	A8DYC4	Q7JZK1	SP:0005181	SP:0023106	gt24	CF-C-provisional	remote_sequence
SCF:0006619	AC:005182	P12629	P82194	P82195	SP:0005182	SP:0019788	gt24	CF-C-provisional	remote_sequence
SCF:0006620	AC:005182	P12629	P82194	P28803	SP:0005182	SP:0023108	gt24	CF-C-provisional	remote_sequence
SCF:0006621	AC:005182	P82194	P12629	P09594	SP:0005182	SP:0023109	gt24	CF-C-provisional	remote_sequence
SCF:0006622	AC:005182	P82194	P12629	P27683	SP:0005182	SP:0023110	gt24	CF-C-provisional	remote_sequence
SCF:0006623	AC:005183	A0A381MU64	Q9GNZ8	A4IDD0	SP:0005183	SP:0023112	gt24	CF-C-provisional	medium
SCF:0006624	AC:005183	A0A381MU64	Q9GNZ8	A4I357	SP:0005183	SP:0017255	gt24	CF-C-provisional	medium
SCF:0006625	AC:005183	A0A381MU64	Q9GNZ8	A4HSQ5	SP:0005183	SP:0014293	gt24	CF-C-provisional	remote_sequence
SCF:0006626	AC:005183	Q9GNZ8	A0A381MU64	A4HUT6	SP:0005183	SP:0019033	gt24	CF-C-provisional	remote_sequence
SCF:0006627	AC:005183	Q9GNZ8	A0A381MU64	A4I357	SP:0005183	SP:0022092	gt24	CF-C-provisional	remote_sequence
SCF:0006628	AC:005184	Q8IDR9	Q8I3R0	O77395	SP:0005184	SP:0023116	gt24	CF-C-provisional	remote_sequence
SCF:0006629	AC:005184	Q8IDR9	Q8I3R0	Q8I3R6	SP:0005184	SP:0016375	gt24	CF-C-provisional	remote_sequence
SCF:0006630	AC:005185	P87262	P40991	Q07896	SP:0005185	SP:0023119	gt24	CF-C-provisional	remote_sequence
SCF:0006631	AC:005187	P56181	P03891	P03887	SP:0005187	SP:0023126	gt24	CF-C-provisional	remote_sequence
SCF:0006632	AC:005188	P94273	O51445	O51313	SP:0005188	SP:0023130	gt24	CF-C-provisional	remote_sequence
SCF:0006633	AC:005189	A0A125YGX6	S8G0I7	A0A0F7VBJ0	SP:0005189	SP:0015566	gt24	CF-C-provisional	remote_sequence
SCF:0006634	AC:005189	S8G0I7	A0A125YGX6	S8G5S9	SP:0005189	SP:0023132	gt24	CF-C-provisional	remote_sequence
SCF:0006635	AC:005191	P00415	P13183	P07470	SP:0005191	SP:0023135	gt24	CF-C-provisional	medium
SCF:0006636	AC:005191	P13183	P00415	P68530	SP:0005191	SP:0023138	gt24	CF-C-provisional	remote_sequence
SCF:0006637	AC:005191	P13183	P00415	P68553	SP:0005191	SP:0023139	gt24	CF-C-provisional	remote_sequence
SCF:0006638	AC:005192	P91175	Q10013	Q17348	SP:0005192	SP:0015672	gt24	CF-C-provisional	medium
SCF:0006639	AC:005192	P91175	Q10013	P91918	SP:0005192	SP:0023140	gt24	CF-C-provisional	remote_sequence
SCF:0006640	AC:005194	Q6CWU3	Q6CKV4	Q6CJK0	SP:0005194	SP:0023146	gt24	CF-C-provisional	remote_sequence
SCF:0006641	AC:005194	Q6CWU3	Q6CKV4	Q6CLU4	SP:0005194	SP:0023147	gt24	CF-C-provisional	remote_sequence
SCF:0006642	AC:005196	Q9HVC4	Q9HWF3	Q9HZN4	SP:0005196	SP:0023153	gt24	CF-C-provisional	remote_sequence
SCF:0006643	AC:005198	Q9W125	Q9VF27	Q9VTU2	SP:0005198	SP:0023157	gt24	CF-C-provisional	remote_sequence
SCF:0006644	AC:005199	P56632	O79881	Q71K68	SP:0005199	SP:0023160	gt24	CF-C-provisional	medium
SCF:0006645	AC:005199	P56632	O79881	O79875	SP:0005199	SP:0022139	gt24	CF-C-provisional	medium
SCF:0006646	AC:005199	P56632	O79881	Q9TDR1	SP:0005199	SP:0023161	gt24	CF-C-provisional	remote_sequence
SCF:0006647	AC:005200	P10970	P10972	P12743	SP:0005200	SP:0023162	gt24	CF-C-provisional	medium
SCF:0006648	AC:005200	P10970	P10972	P12737	SP:0005200	SP:0023163	gt24	CF-C-provisional	remote_sequence
SCF:0006649	AC:005200	P10970	P10972	P12733	SP:0005200	SP:0023164	gt24	CF-C-provisional	remote_sequence
SCF:0006650	AC:005200	P10972	P10970	P29198	SP:0005200	SP:0023165	gt24	CF-C-provisional	medium
SCF:0006651	AC:005200	P10972	P10970	P12733	SP:0005200	SP:0023166	gt24	CF-C-provisional	remote_sequence
SCF:0006652	AC:005201	A8IKC8	A8JCL6	P14225	SP:0005201	SP:0018818	gt24	CF-C-provisional	medium
SCF:0006653	AC:005201	A8JCL6	A8IKC8	Q75VZ0	SP:0005201	SP:0011277	gt24	CF-C-provisional	medium
SCF:0006654	AC:005201	A8JCL6	A8IKC8	Q93VE0	SP:0005201	SP:0023167	gt24	CF-C-provisional	medium
SCF:0006655	AC:005205	Q9CQF8	Q8R035	Q99N85	SP:0005205	SP:0017346	gt24	CF-C-provisional	remote_sequence
SCF:0006656	AC:005205	Q9CQF8	Q8R035	Q9D7N6	SP:0005205	SP:0022876	gt24	CF-C-provisional	remote_sequence
SCF:0006657	AC:005205	Q9CQF8	Q8R035	Q9CQ06	SP:0005205	SP:0015971	gt24	CF-C-provisional	remote_sequence
SCF:0006658	AC:005206	A8B2Q4	A8BLL7	E2RTN4	SP:0005206	SP:0023172	gt24	CF-C-provisional	remote_sequence
SCF:0006659	AC:005208	Q6CNL2	Q6CWJ2	Q6CWD0	SP:0005208	SP:0019308	gt24	CF-C-provisional	medium
SCF:0006660	AC:005211	A0A3Q7GK12	A0A3Q7FNQ5	A0A3Q7HQH0	SP:0005211	SP:0015370	gt24	CF-C-provisional	remote_sequence
SCF:0006661	AC:005212	Q2G0N1	Q2G111	P0A7T7	SP:0005212	SP:0023199	gt24	CF-C-provisional	high
SCF:0006662	AC:005212	Q2G0N1	Q2G111	Q2FXQ1	SP:0005212	SP:0023200	gt24	CF-C-provisional	remote_sequence
SCF:0006663	AC:005214	Q8R2L5	Q9JIK9	Q80ZS3	SP:0005214	SP:0016350	gt24	CF-C-provisional	medium
SCF:0006664	AC:005214	Q9JIK9	Q8R2L5	Q9CPX7	SP:0005214	SP:0023208	gt24	CF-C-provisional	remote_sequence
SCF:0006665	AC:005215	A0A4X1SNY5	O79882	F1SGC6	SP:0005215	SP:0021180	gt24	CF-C-provisional	medium
SCF:0006666	AC:005215	O79882	A0A4X1SNY5	F1SGC6	SP:0005215	SP:0023211	gt24	CF-C-provisional	remote_sequence
SCF:0006667	AC:005216	C4R9A1	C4R6B2	C4QZQ7	SP:0005216	SP:0023215	gt24	CF-C-provisional	remote_sequence
SCF:0006668	AC:005216	C4R9A1	C4R6B2	C4R5R1	SP:0005216	SP:0006348	gt24	CF-C-provisional	remote_sequence
SCF:0006669	AC:005216	C4R9A1	C4R6B2	C4R7H2	SP:0005216	SP:0009806	gt24	CF-C-provisional	remote_sequence
SCF:0006670	AC:005217	C4R7H2	C4R6B2	C4QYQ8	SP:0005217	SP:0023217	gt24	CF-C-provisional	remote_sequence
SCF:0006671	AC:005217	C4R7H2	C4R6B2	C4QZQ7	SP:0005217	SP:0006533	gt24	CF-C-provisional	remote_sequence
SCF:0006672	AC:005218	Q86TS9	Q9NVS2	Q7Z2W9	SP:0005218	SP:0017095	gt24	CF-C-provisional	medium
SCF:0006673	AC:005218	Q86TS9	Q9NVS2	Q7Z7H8	SP:0005218	SP:0023219	gt24	CF-C-provisional	remote_sequence
SCF:0006674	AC:005218	Q86TS9	Q9NVS2	Q9BYD2	SP:0005218	SP:0023220	gt24	CF-C-provisional	remote_sequence
SCF:0006675	AC:005218	Q9NVS2	Q86TS9	Q9BQC6	SP:0005218	SP:0023221	gt24	CF-C-provisional	remote_sequence
SCF:0006676	AC:005220	O78748	A0A6P3EKX5	A0A6P3DZ89	SP:0005220	SP:0023225	gt24	CF-C-provisional	remote_sequence
SCF:0006677	AC:005222	P62662	P62658	Q72L76	SP:0005222	SP:0023231	gt24	CF-C-provisional	remote_sequence
SCF:0006678	AC:005224	R1CMT6	R1CV07	R1FP66	SP:0005224	SP:0023236	gt24	CF-C-provisional	high
SCF:0006679	AC:005224	R1CMT6	R1CV07	R1EB65	SP:0005224	SP:0023237	gt24	CF-C-provisional	high
SCF:0006680	AC:005224	R1CMT6	R1CV07	R1CGG7	SP:0005224	SP:0023238	gt24	CF-C-provisional	high
SCF:0006681	AC:005224	R1CV07	R1CMT6	R1FP66	SP:0005224	SP:0023239	gt24	CF-C-provisional	high
SCF:0006682	AC:005224	R1CV07	R1CMT6	R1EIA6	SP:0005224	SP:0023240	gt24	CF-C-provisional	high
SCF:0006683	AC:005224	R1CV07	R1CMT6	R1BTM8	SP:0005224	SP:0023241	gt24	CF-C-provisional	medium
SCF:0006684	AC:005225	O15514	P67775	P51948	SP:0005225	SP:0006807	gt24	CF-C-provisional	remote_sequence
SCF:0006685	AC:005226	Q5JDJ0	Q5JJG4	Q5JJF6	SP:0005226	SP:0023242	gt24	CF-C-provisional	remote_sequence
SCF:0006686	AC:005227	E1UWB3	E1UWE3	E1UWD3	SP:0005227	SP:0023248	gt24	CF-C-provisional	remote_sequence
SCF:0006687	AC:005227	E1UWB3	E1UWE3	E1UWB0	SP:0005227	SP:0023249	gt24	CF-C-provisional	remote_sequence
SCF:0006688	AC:005227	E1UWE3	E1UWB3	E1UWB2	SP:0005227	SP:0023251	gt24	CF-C-provisional	remote_sequence
SCF:0006689	AC:005228	E7ESL0	P49406	Q9P015	SP:0005228	SP:0023255	gt24	CF-C-provisional	remote_sequence
SCF:0006690	AC:005228	E7ESL0	P49406	Q9BYD2	SP:0005228	SP:0023256	gt24	CF-C-provisional	remote_sequence
SCF:0006691	AC:005228	P49406	E7ESL0	Q9NWU5	SP:0005228	SP:0023257	gt24	CF-C-provisional	high
SCF:0006692	AC:005228	P49406	E7ESL0	Q14197	SP:0005228	SP:0023258	gt24	CF-C-provisional	medium
SCF:0006693	AC:005228	P49406	E7ESL0	Q9HD33	SP:0005228	SP:0023259	gt24	CF-C-provisional	medium
SCF:0006694	AC:005229	Q9W125	Q9VZU4	Q9V4E0	SP:0005229	SP:0023261	gt24	CF-C-provisional	remote_sequence
SCF:0006695	AC:005231	A8JGX6	A0A2K3CRX4	A0A2K3DDW6	SP:0005231	SP:0023270	gt24	CF-C-provisional	remote_sequence
SCF:0006696	AC:005232	P62487	P19447	P30876	SP:0005232	SP:0023273	gt24	CF-C-provisional	remote_sequence
SCF:0006697	AC:005234	G0SBX1	G0SCP3	G0SB32	SP:0005234	SP:0016771	gt24	CF-C-provisional	remote_sequence
SCF:0006698	AC:005234	G0SCP3	G0SBX1	G0SEW3	SP:0005234	SP:0021772	gt24	CF-C-provisional	medium
SCF:0006699	AC:005234	G0SCP3	G0SBX1	G0S215	SP:0005234	SP:0014190	gt24	CF-C-provisional	remote_sequence
SCF:0006700	AC:005239	E1UWB0	E1UWE3	E1UWD3	SP:0005239	SP:0020255	gt24	CF-C-provisional	remote_sequence
SCF:0006701	AC:005240	Q7X744	A0A9R1FDI5	Q5I7K4	SP:0005240	SP:0023297	gt24	CF-C-provisional	remote_sequence
SCF:0006702	AC:005241	Q00914	Q93WL4	Q05093	SP:0005241	SP:0010059	gt24	CF-C-provisional	medium
SCF:0006703	AC:005241	Q00914	Q93WL4	Q39615	SP:0005241	SP:0009575	gt24	CF-C-provisional	remote_sequence
SCF:0006704	AC:005242	Q9HWF8	Q9HVY3	Q9HWD1	SP:0005242	SP:0017676	gt24	CF-C-provisional	remote_sequence
SCF:0006705	AC:005242	Q9HWF8	Q9HVY3	Q9HUN0	SP:0005242	SP:0021946	gt24	CF-C-provisional	remote_sequence
SCF:0006706	AC:005243	P18931	Q9VF27	Q9VTU2	SP:0005243	SP:0023302	gt24	CF-C-provisional	remote_sequence
SCF:0006707	AC:005245	A0A0M4SY21	A0A0M3V8N5	A0A0M3V8P6	SP:0005245	SP:0023309	gt24	CF-C-provisional	remote_sequence
SCF:0006708	AC:005245	A0A0M4SY21	A0A0M3V8N5	A0A0M4T6M9	SP:0005245	SP:0020419	gt24	CF-C-provisional	remote_sequence
SCF:0006709	AC:005248	P54578	Q9UNM6	O00232	SP:0005248	SP:0023314	gt24	CF-C-provisional	remote_sequence
SCF:0006710	AC:005248	Q9UNM6	P54578	P43686	SP:0005248	SP:0023316	gt24	CF-C-provisional	remote_sequence
SCF:0006711	AC:005248	Q9UNM6	P54578	P17980	SP:0005248	SP:0023317	gt24	CF-C-provisional	remote_sequence
SCF:0006712	AC:005249	Q9D338	Q9CR59	Q9D8P4	SP:0005249	SP:0023321	gt24	CF-C-provisional	medium
SCF:0006713	AC:005249	Q9D338	Q9CR59	Q9DCI9	SP:0005249	SP:0018666	gt24	CF-C-provisional	remote_sequence
SCF:0006714	AC:005249	Q9D338	Q9CR59	Q8K2Y7	SP:0005249	SP:0023322	gt24	CF-C-provisional	remote_sequence
SCF:0006715	AC:005250	P53313	Q02892	P53877	SP:0005250	SP:0023323	gt24	CF-C-provisional	remote_sequence
SCF:0006716	AC:005250	Q02892	P53313	P38861	SP:0005250	SP:0023324	gt24	CF-C-provisional	remote_sequence
SCF:0006717	AC:005251	P36105	P38344	Q08235	SP:0005251	SP:0023325	gt24	CF-C-provisional	remote_sequence
SCF:0006718	AC:005251	P36105	P38344	P38779	SP:0005251	SP:0020406	gt24	CF-C-provisional	remote_sequence
SCF:0006719	AC:005251	P36105	P38344	P36049	SP:0005251	SP:0023326	gt24	CF-C-provisional	remote_sequence
SCF:0006720	AC:005252	G1TUN8	G1TYL6	G1TM55	SP:0005252	SP:0023330	gt24	CF-C-provisional	medium
SCF:0006721	AC:005252	G1TUN8	G1TYL6	G1SQH0	SP:0005252	SP:0023331	gt24	CF-C-provisional	medium
SCF:0006722	AC:005252	G1TUN8	G1TYL6	G1SZ12	SP:0005252	SP:0023332	gt24	CF-C-provisional	medium
SCF:0006723	AC:005253	A0QV42	A0R151	A0QSG0	SP:0005253	SP:0023335	gt24	CF-C-provisional	medium
SCF:0006724	AC:005253	A0QV42	A0R151	A0R150	SP:0005253	SP:0023336	gt24	CF-C-provisional	remote_sequence
SCF:0006725	AC:005253	A0QV42	A0R151	A0QSD6	SP:0005253	SP:0023337	gt24	CF-C-provisional	remote_sequence
SCF:0006726	AC:005253	A0R151	A0QV42	A0QSF9	SP:0005253	SP:0023338	gt24	CF-C-provisional	remote_sequence
SCF:0006727	AC:005253	A0R151	A0QV42	A0QSD3	SP:0005253	SP:0023339	gt24	CF-C-provisional	remote_sequence
SCF:0006728	AC:005253	A0R151	A0QV42	A0QSG8	SP:0005253	SP:0023340	gt24	CF-C-provisional	remote_sequence
SCF:0006729	AC:005255	P0A7L0	P0ADY3	P0A7R1	SP:0005255	SP:0023346	gt24	CF-C-provisional	remote_sequence
SCF:0006730	AC:005255	P0A7L0	P0ADY3	P0A7L8	SP:0005255	SP:0018215	gt24	CF-C-provisional	remote_sequence
SCF:0006731	AC:005255	P0ADY3	P0A7L0	P60723	SP:0005255	SP:0023348	gt24	CF-C-provisional	remote_sequence
SCF:0006732	AC:005255	P0ADY3	P0A7L0	P0A7J3	SP:0005255	SP:0023349	gt24	CF-C-provisional	remote_sequence
SCF:0006733	AC:005255	P0ADY3	P0A7L0	P0A7V3	SP:0005255	SP:0023350	gt24	CF-C-provisional	remote_sequence
SCF:0006734	AC:005257	P43321	Q00723	Q05900	SP:0005257	SP:0023354	gt24	CF-C-provisional	remote_sequence
SCF:0006735	AC:005257	P43321	Q00723	Q07508	SP:0005257	SP:0023355	gt24	CF-C-provisional	remote_sequence
SCF:0006736	AC:005258	Q08962	P25808	Q03532	SP:0005258	SP:0023360	gt24	CF-C-provisional	medium
SCF:0006737	AC:005259	C3SR12	C3STZ7	A0A0E2L2J1	SP:0005259	SP:0023362	gt24	CF-C-provisional	high
SCF:0006738	AC:005259	C3SR12	C3STZ7	A0A6I7DAD8	SP:0005259	SP:0023363	gt24	CF-C-provisional	high
SCF:0006739	AC:005259	C3SR12	C3STZ7	C3SQT7	SP:0005259	SP:0023364	gt24	CF-C-provisional	remote_sequence
SCF:0006740	AC:005260	P04911	Q12493	P40154	SP:0005260	SP:0023365	gt24	CF-C-provisional	medium
SCF:0006741	AC:005260	P04911	Q12493	Q06675	SP:0005260	SP:0013004	gt24	CF-C-provisional	remote_sequence
SCF:0006742	AC:005260	P04911	Q12493	Q02732	SP:0005260	SP:0023366	gt24	CF-C-provisional	remote_sequence
SCF:0006743	AC:005261	Q388L7	Q38C96	Q384N9	SP:0005261	SP:0017580	gt24	CF-C-provisional	remote_sequence
SCF:0006744	AC:005261	Q38C96	Q388L7	Q389T7	SP:0005261	SP:0023370	gt24	CF-C-provisional	remote_sequence
SCF:0006745	AC:005263	P28778	Q03246	Q03976	SP:0005263	SP:0023376	gt24	CF-C-provisional	remote_sequence
SCF:0006746	AC:005264	P36516	P51998	P36523	SP:0005264	SP:0023380	gt24	CF-C-provisional	medium
SCF:0006747	AC:005264	P36516	P51998	P53881	SP:0005264	SP:0023381	gt24	CF-C-provisional	remote_sequence
SCF:0006748	AC:005264	P51998	P36516	Q02204	SP:0005264	SP:0023383	gt24	CF-C-provisional	remote_sequence
SCF:0006749	AC:005265	Q9WTX5	P68373	P68372	SP:0005265	SP:0023388	gt24	CF-C-provisional	medium
SCF:0006750	AC:005265	Q9WTX5	P68373	Q7TMM9	SP:0005265	SP:0023389	gt24	CF-C-provisional	medium
SCF:0006751	AC:005265	Q9WTX5	P68373	Q9CWF2	SP:0005265	SP:0014792	gt24	CF-C-provisional	medium
SCF:0006752	AC:005268	Q9BZE1	A8K9D2	Q9NRX2	SP:0005268	SP:0023400	gt24	CF-C-provisional	remote_sequence
SCF:0006753	AC:005268	Q9BZE1	A8K9D2	Q9BYC9	SP:0005268	SP:0023401	gt24	CF-C-provisional	remote_sequence
SCF:0006754	AC:005268	Q9BZE1	A8K9D2	Q9NWU5	SP:0005268	SP:0023402	gt24	CF-C-provisional	remote_sequence
SCF:0006755	AC:005269	B8LIX8	A8JCJ2	Q6RCE1	SP:0005269	SP:0023406	gt24	CF-C-provisional	remote_sequence
SCF:0006756	AC:005269	B8LIX8	A8JCJ2	Q68RJ5	SP:0005269	SP:0023407	gt24	CF-C-provisional	remote_sequence
SCF:0006757	AC:005271	E1UWB8	E1UWE2	E1UWE3	SP:0005271	SP:0021465	gt24	CF-C-provisional	medium
SCF:0006758	AC:005271	E1UWB8	E1UWE2	E1UWC9	SP:0005271	SP:0020552	gt24	CF-C-provisional	remote_sequence
SCF:0006759	AC:005271	E1UWB8	E1UWE2	E1UWB9	SP:0005271	SP:0023411	gt24	CF-C-provisional	remote_sequence
SCF:0006760	AC:005273	A0A3S7X558	E9BTG4	A0A3S5H5Z2	SP:0005273	SP:0023417	gt24	CF-C-provisional	remote_sequence
SCF:0006761	AC:005274	Q12522	Q08962	P05738	SP:0005274	SP:0023424	gt24	CF-C-provisional	medium
SCF:0006762	AC:005274	Q12522	Q08962	P05737	SP:0005274	SP:0023425	gt24	CF-C-provisional	remote_sequence
SCF:0006763	AC:005274	Q12522	Q08962	Q02326	SP:0005274	SP:0023426	gt24	CF-C-provisional	remote_sequence
SCF:0006764	AC:005275	Q7Z7H8	Q9P0P8	Q7Z2W9	SP:0005275	SP:0023427	gt24	CF-C-provisional	medium
SCF:0006765	AC:005275	Q7Z7H8	Q9P0P8	Q9H3J6	SP:0005275	SP:0023428	gt24	CF-C-provisional	remote_sequence
SCF:0006766	AC:005275	Q7Z7H8	Q9P0P8	Q5T653	SP:0005275	SP:0023429	gt24	CF-C-provisional	remote_sequence
SCF:0006767	AC:005275	Q9P0P8	Q7Z7H8	Q9NVS2	SP:0005275	SP:0023430	gt24	CF-C-provisional	remote_sequence
SCF:0006768	AC:005275	Q9P0P8	Q7Z7H8	A8K9D2	SP:0005275	SP:0023431	gt24	CF-C-provisional	remote_sequence
SCF:0006769	AC:005276	P0CG47	Q13200	Q96RU2	SP:0005276	SP:0023433	gt24	CF-C-provisional	medium
SCF:0006770	AC:005276	P0CG47	Q13200	Q99728	SP:0005276	SP:0023434	gt24	CF-C-provisional	remote_sequence
SCF:0006771	AC:005276	P0CG47	Q13200	Q99460	SP:0005276	SP:0023435	gt24	CF-C-provisional	remote_sequence
SCF:0006772	AC:005276	Q13200	P0CG47	P25787	SP:0005276	SP:0023436	gt24	CF-C-provisional	remote_sequence
SCF:0006773	AC:005276	Q13200	P0CG47	P51665	SP:0005276	SP:0023437	gt24	CF-C-provisional	remote_sequence
SCF:0006774	AC:005276	Q13200	P0CG47	P28066	SP:0005276	SP:0009436	gt24	CF-C-provisional	remote_sequence
SCF:0006775	AC:005278	A0T0W4	B8C8Q0	B8C0K4	SP:0005278	SP:0014241	gt24	CF-C-provisional	high
SCF:0006776	AC:005278	A0T0W4	B8C8Q0	B8BUW3	SP:0005278	SP:0011652	gt24	CF-C-provisional	remote_sequence
SCF:0006777	AC:005279	G1DJA2	G0S812	G0SB83	SP:0005279	SP:0020667	gt24	CF-C-provisional	remote_sequence
SCF:0006778	AC:005281	A0A077VHU6	A0A077UDU1	W8TUC3	SP:0005281	SP:0023444	gt24	CF-C-provisional	remote_sequence
SCF:0006779	AC:005282	A0A1B2U0F3	A0A1J7BX85	A0A1B2U1R1	SP:0005282	SP:0023447	gt24	CF-C-provisional	remote_sequence
SCF:0006780	AC:005282	A0A1J7BX85	A0A1B2U0F3	A0A1B2U0F5	SP:0005282	SP:0023450	gt24	CF-C-provisional	remote_sequence
SCF:0006781	AC:005282	A0A1J7BX85	A0A1B2U0F3	A0A1M7D8T4	SP:0005282	SP:0023451	gt24	CF-C-provisional	remote_sequence
SCF:0006782	AC:005284	O60306	P09661	P08579	SP:0005284	SP:0023458	gt24	CF-C-provisional	medium
SCF:0006783	AC:005284	O60306	P09661	Q9Y388	SP:0005284	SP:0023459	gt24	CF-C-provisional	remote_sequence
SCF:0006784	AC:005284	O60306	P09661	Q9P013	SP:0005284	SP:0023460	gt24	CF-C-provisional	remote_sequence
SCF:0006785	AC:005285	P39573	P95987	Q980W3	SP:0005285	SP:0023464	gt24	CF-C-provisional	remote_sequence
SCF:0006786	AC:005287	P05745	P40007	P33201	SP:0005287	SP:0017304	gt24	CF-C-provisional	remote_sequence
SCF:0006787	AC:005287	P05745	P40007	P05740	SP:0005287	SP:0023468	gt24	CF-C-provisional	remote_sequence
SCF:0006788	AC:005287	P40007	P05745	P0C2H6	SP:0005287	SP:0023469	gt24	CF-C-provisional	remote_sequence
SCF:0006789	AC:005287	P40007	P05745	P36105	SP:0005287	SP:0023470	gt24	CF-C-provisional	remote_sequence
SCF:0006790	AC:005288	P00847	P00829	P19483	SP:0005288	SP:0023474	gt24	CF-C-provisional	remote_sequence
SCF:0006791	AC:005289	Q72I11	Q72I19	P62664	SP:0005289	SP:0023476	gt24	CF-C-provisional	remote_sequence
SCF:0006792	AC:005290	P62269	Q8N9N8	P62753	SP:0005290	SP:0023478	gt24	CF-C-provisional	remote_sequence
SCF:0006793	AC:005290	P62269	Q8N9N8	P47813	SP:0005290	SP:0023479	gt24	CF-C-provisional	remote_sequence
SCF:0006794	AC:005290	P62269	Q8N9N8	P62913	SP:0005290	SP:0018202	gt24	CF-C-provisional	remote_sequence
SCF:0006795	AC:005290	Q8N9N8	P62269	P62861	SP:0005290	SP:0017362	gt24	CF-C-provisional	remote_sequence
SCF:0006796	AC:005291	O00541	Q9Y3C1	P26373	SP:0005291	SP:0023481	gt24	CF-C-provisional	medium
SCF:0006797	AC:005291	O00541	Q9Y3C1	P62750	SP:0005291	SP:0023482	gt24	CF-C-provisional	remote_sequence
SCF:0006798	AC:005291	O00541	Q9Y3C1	P30050	SP:0005291	SP:0023483	gt24	CF-C-provisional	remote_sequence
SCF:0006799	AC:005294	O95299	Q86Y39	Q8HAX7	SP:0005294	SP:0023496	gt24	CF-C-provisional	remote_sequence
SCF:0006800	AC:005294	O95299	Q86Y39	P03923	SP:0005294	SP:0023497	gt24	CF-C-provisional	remote_sequence
SCF:0006801	AC:005295	Q99N95	Q9JKF7	Q9D0Q7	SP:0005295	SP:0023501	gt24	CF-C-provisional	remote_sequence
SCF:0006802	AC:005297	A0A1S3VI15	A0A1S3UI49	A0A1S3U544	SP:0005297	SP:0023508	gt24	CF-C-provisional	medium
SCF:0006803	AC:005298	P62424	Q9H9Y2	Q02878	SP:0005298	SP:0023510	gt24	CF-C-provisional	remote_sequence
SCF:0006804	AC:005301	P52657	P36954	P60899	SP:0005301	SP:0023525	gt24	CF-C-provisional	high
SCF:0006805	AC:005301	P52657	P36954	Q15543	SP:0005301	SP:0023526	gt24	CF-C-provisional	remote_sequence
SCF:0006806	AC:005302	A0A1S4D668	A0A1S4BFD5	A0A1S4CSN1	SP:0005302	SP:0023531	gt24	CF-C-provisional	remote_sequence
SCF:0006807	AC:005303	Q924T2	Q9CR88	P58064	SP:0005303	SP:0018247	gt24	CF-C-provisional	remote_sequence
SCF:0006808	AC:005309	Q70DX8	P26565	P59775	SP:0005309	SP:0023554	gt24	CF-C-provisional	remote_sequence
SCF:0006809	AC:005311	P47756	Q13561	P68135	SP:0005311	SP:0023560	gt24	CF-C-provisional	remote_sequence
SCF:0006810	AC:005311	P47756	Q13561	P52907	SP:0005311	SP:0021822	gt24	CF-C-provisional	remote_sequence
SCF:0006811	AC:005312	P61254	P62987	P62979	SP:0005312	SP:0023562	gt24	CF-C-provisional	medium
SCF:0006812	AC:005312	P61254	P62987	P42766	SP:0005312	SP:0023563	gt24	CF-C-provisional	medium
SCF:0006813	AC:005312	P61254	P62987	P62888	SP:0005312	SP:0023564	gt24	CF-C-provisional	remote_sequence
SCF:0006814	AC:005312	P62987	P61254	P32969	SP:0005312	SP:0023566	gt24	CF-C-provisional	remote_sequence
SCF:0006815	AC:005313	Q7MTN2	Q7MTM9	Q7MTM6	SP:0005313	SP:0023568	gt24	CF-C-provisional	medium
SCF:0006816	AC:005313	Q7MTN2	Q7MTM9	Q7MX95	SP:0005313	SP:0023569	gt24	CF-C-provisional	remote_sequence
SCF:0006817	AC:005313	Q7MTN2	Q7MTM9	Q7MTL8	SP:0005313	SP:0023570	gt24	CF-C-provisional	remote_sequence
SCF:0006818	AC:005316	Q9Z1P6	Q9D8B4	G5E814	SP:0005316	SP:0023582	gt24	CF-C-provisional	high
SCF:0006819	AC:005317	Q9CQ40	Q9CQ06	Q9CQL6	SP:0005317	SP:0020108	gt24	CF-C-provisional	remote_sequence
SCF:0006820	AC:005318	Q03654	Q99181	P21374	SP:0005318	SP:0023589	gt24	CF-C-provisional	remote_sequence
SCF:0006821	AC:005318	Q03654	Q99181	P53277	SP:0005318	SP:0023590	gt24	CF-C-provisional	remote_sequence
SCF:0006822	AC:005318	Q99181	Q03654	P53207	SP:0005318	SP:0023592	gt24	CF-C-provisional	medium
SCF:0006823	AC:005318	Q99181	Q03654	P33203	SP:0005318	SP:0023593	gt24	CF-C-provisional	remote_sequence
SCF:0006824	AC:005318	Q99181	Q03654	Q02554	SP:0005318	SP:0023594	gt24	CF-C-provisional	remote_sequence
SCF:0006825	AC:005319	Q8TRT4	Q8TH71	A0A832SGR1	SP:0005319	SP:0023596	gt24	CF-C-provisional	remote_sequence
SCF:0006826	AC:005320	Q5I7K7	A0A3B6RED0	A0A3B6NJZ9	SP:0005320	SP:0017812	gt24	CF-C-provisional	remote_sequence
SCF:0006827	AC:005321	Q9W3X7	Q9VTB4	Q9VJZ4	SP:0005321	SP:0015013	gt24	CF-C-provisional	remote_sequence
SCF:0006828	AC:005324	P0A7L8	P0ACG8	A0A3S4NPI3	SP:0005324	SP:0023606	gt24	CF-C-provisional	remote_sequence
SCF:0006829	AC:005324	P0A7L8	P0ACG8	P0ADY7	SP:0005324	SP:0023607	gt24	CF-C-provisional	remote_sequence
SCF:0006830	AC:005324	P0A7L8	P0ACG8	A7ZSK2	SP:0005324	SP:0023608	gt24	CF-C-provisional	remote_sequence
SCF:0006831	AC:005327	P12875	P12879	O31742	SP:0005327	SP:0011177	gt24	CF-C-provisional	medium
SCF:0006832	AC:005327	P12875	P12879	P19946	SP:0005327	SP:0021442	gt24	CF-C-provisional	remote_sequence
SCF:0006833	AC:005327	P12875	P12879	P12877	SP:0005327	SP:0023619	gt24	CF-C-provisional	remote_sequence
SCF:0006834	AC:005328	A0A1B2U0I0	A0A1B2U1H3	A0A1B2U0F5	SP:0005328	SP:0023622	gt24	CF-C-provisional	remote_sequence
SCF:0006835	AC:005328	A0A1B2U0I0	A0A1B2U1H3	A0A1M5M9Q7	SP:0005328	SP:0023623	gt24	CF-C-provisional	remote_sequence
SCF:0006836	AC:005328	A0A1B2U0I0	A0A1B2U1H3	A0A1J7BX85	SP:0005328	SP:0023624	gt24	CF-C-provisional	remote_sequence
SCF:0006837	AC:005328	A0A1B2U1H3	A0A1B2U0I0	A0A1M5M9Q7	SP:0005328	SP:0023625	gt24	CF-C-provisional	remote_sequence
SCF:0006838	AC:005330	B8BUU4	B8CC14	B8BSY9	SP:0005330	SP:0023632	gt24	CF-C-provisional	medium
SCF:0006839	AC:005330	B8BUU4	B8CC14	B6ZHE9	SP:0005330	SP:0023633	gt24	CF-C-provisional	remote_sequence
SCF:0006840	AC:005334	P14119	P14123	P60617	SP:0005334	SP:0023648	gt24	CF-C-provisional	remote_sequence
SCF:0006841	AC:005334	P14123	P14119	P12743	SP:0005334	SP:0023651	gt24	CF-C-provisional	remote_sequence
SCF:0006842	AC:005334	P14123	P14119	P60618	SP:0005334	SP:0023652	gt24	CF-C-provisional	remote_sequence
SCF:0006843	AC:005335	W5ECL2	W5D739	A0A3B6C6X2	SP:0005335	SP:0015394	gt24	CF-C-provisional	remote_sequence
SCF:0006844	AC:005335	W5ECL2	W5D739	A0A1D5S805	SP:0005335	SP:0017816	gt24	CF-C-provisional	remote_sequence
SCF:0006845	AC:005336	P28076	Q9Z2U1	O70435	SP:0005336	SP:0015093	gt24	CF-C-provisional	medium
SCF:0006846	AC:005336	P28076	Q9Z2U1	Q9QUM9	SP:0005336	SP:0015092	gt24	CF-C-provisional	remote_sequence
SCF:0006847	AC:005336	P28076	Q9Z2U1	O35955	SP:0005336	SP:0015094	gt24	CF-C-provisional	remote_sequence
SCF:0006848	AC:005336	Q9Z2U1	P28076	Q60692	SP:0005336	SP:0023654	gt24	CF-C-provisional	high
SCF:0006849	AC:005336	Q9Z2U1	P28076	O55234	SP:0005336	SP:0023655	gt24	CF-C-provisional	medium
SCF:0006850	AC:005336	Q9Z2U1	P28076	P99026	SP:0005336	SP:0023656	gt24	CF-C-provisional	medium
SCF:0006851	AC:005337	A0A480VKQ8	F1SGC6	O79882	SP:0005337	SP:0022412	gt24	CF-C-provisional	medium
SCF:0006852	AC:005337	F1SGC6	A0A480VKQ8	A0A8D1NRT6	SP:0005337	SP:0023658	gt24	CF-C-provisional	remote_sequence
SCF:0006853	AC:005337	F1SGC6	A0A480VKQ8	A0A8D0K655	SP:0005337	SP:0023659	gt24	CF-C-provisional	remote_sequence
SCF:0006854	AC:005338	A7NDB3	A7N9V0	Q2A332	SP:0005338	SP:0023665	gt24	CF-C-provisional	remote_sequence
SCF:0006855	AC:005339	A2RLS5	A2RP62	A2RNP5	SP:0005339	SP:0023667	gt24	CF-C-provisional	remote_sequence
SCF:0006856	AC:005341	S8F063	S8G0I7	A0A0F7VBJ0	SP:0005341	SP:0023674	gt24	CF-C-provisional	remote_sequence
SCF:0006857	AC:005341	S8G0I7	S8F063	A0A125YR83	SP:0005341	SP:0023677	gt24	CF-C-provisional	remote_sequence
SCF:0006858	AC:005341	S8G0I7	S8F063	S8F879	SP:0005341	SP:0023678	gt24	CF-C-provisional	remote_sequence
SCF:0006859	AC:005341	S8G0I7	S8F063	S8G5S9	SP:0005341	SP:0023132	gt24	CF-C-provisional	remote_sequence
SCF:0006860	AC:005343	Q5SHN8	Q5SHP2	Q9Z9H5	SP:0005343	SP:0018469	gt24	CF-C-provisional	medium
SCF:0006861	AC:005343	Q5SHP2	Q5SHN8	Q5SHZ1	SP:0005343	SP:0023685	gt24	CF-C-provisional	remote_sequence
SCF:0006862	AC:005343	Q5SHP2	Q5SHN8	P17291	SP:0005343	SP:0023686	gt24	CF-C-provisional	remote_sequence
SCF:0006863	AC:005344	E9BMB4	A0A504XZK6	A0A3Q8IDW6	SP:0005344	SP:0023687	gt24	CF-C-provisional	remote_sequence
SCF:0006864	AC:005344	E9BMB4	A0A504XZK6	A0A3S7X961	SP:0005344	SP:0023688	gt24	CF-C-provisional	remote_sequence
SCF:0006865	AC:005345	P20435	Q12343	P32773	SP:0005345	SP:0019398	gt24	CF-C-provisional	medium
SCF:0006866	AC:005345	Q12343	P20435	P47822	SP:0005345	SP:0009512	gt24	CF-C-provisional	medium
SCF:0006867	AC:005347	A0A9R1HBE9	A0A3B5ZQE8	A0A1D5SLI4	SP:0005347	SP:0023695	gt24	CF-C-provisional	remote_sequence
SCF:0006868	AC:005348	Q7S300	Q7RZF0	Q7S5N0	SP:0005348	SP:0023698	gt24	CF-C-provisional	remote_sequence
SCF:0006869	AC:005350	P12629	Q9LWB5	P23326	SP:0005350	SP:0020966	gt24	CF-C-provisional	medium
SCF:0006870	AC:005350	P12629	Q9LWB5	P82195	SP:0005350	SP:0019788	gt24	CF-C-provisional	remote_sequence
SCF:0006871	AC:005350	P12629	Q9LWB5	P82245	SP:0005350	SP:0018388	gt24	CF-C-provisional	remote_sequence
SCF:0006872	AC:005350	Q9LWB5	P12629	P23326	SP:0005350	SP:0019022	gt24	CF-C-provisional	remote_sequence
SCF:0006873	AC:005351	Q2FXQ0	Q2FW11	Q2FW13	SP:0005351	SP:0014588	gt24	CF-C-provisional	remote_sequence
SCF:0006874	AC:005352	A8B1T3	A8BM86	A8B8Z6	SP:0005352	SP:0023712	gt24	CF-C-provisional	remote_sequence
SCF:0006875	AC:005354	A8B8Z6	A8BRZ3	V6TF11	SP:0005354	SP:0019333	gt24	CF-C-provisional	high
SCF:0006876	AC:005354	A8B8Z6	A8BRZ3	A8B7H8	SP:0005354	SP:0021078	gt24	CF-C-provisional	remote_sequence
SCF:0006877	AC:005354	A8BRZ3	A8B8Z6	A8BU75	SP:0005354	SP:0023716	gt24	CF-C-provisional	remote_sequence
SCF:0006878	AC:005356	Q24I07	Q22DV8	Q239R1	SP:0005356	SP:0023724	gt24	CF-C-provisional	remote_sequence
SCF:0006879	AC:005357	O94316	O14011	O13615	SP:0005357	SP:0023729	gt24	CF-C-provisional	medium
SCF:0006880	AC:005357	O94316	O14011	P87126	SP:0005357	SP:0023730	gt24	CF-C-provisional	remote_sequence
SCF:0006881	AC:005360	O95169	P03891	P03915	SP:0005360	SP:0023734	gt24	CF-C-provisional	remote_sequence
SCF:0006882	AC:005360	O95169	P03891	P03905	SP:0005360	SP:0018060	gt24	CF-C-provisional	remote_sequence
SCF:0006883	AC:005360	P03891	O95169	Q9NX14	SP:0005360	SP:0023735	gt24	CF-C-provisional	remote_sequence
SCF:0006884	AC:005361	A0A5F9D391	G1TUN8	G1TFE0	SP:0005361	SP:0023736	gt24	CF-C-provisional	remote_sequence
SCF:0006885	AC:005361	G1TUN8	A0A5F9D391	G1SHQ2	SP:0005361	SP:0023739	gt24	CF-C-provisional	remote_sequence
SCF:0006886	AC:005361	G1TUN8	A0A5F9D391	G1SQH0	SP:0005361	SP:0023331	gt24	CF-C-provisional	remote_sequence
SCF:0006887	AC:005363	B8BYV4	B8LE61	B8LE60	SP:0005363	SP:0013889	gt24	CF-C-provisional	high
SCF:0006888	AC:005363	B8BYV4	B8LE61	B8C0K4	SP:0005363	SP:0013888	gt24	CF-C-provisional	medium
SCF:0006889	AC:005363	B8LE61	B8BYV4	B8C2K6	SP:0005363	SP:0013891	gt24	CF-C-provisional	medium
SCF:0006890	AC:005363	B8LE61	B8BYV4	B8CEQ3	SP:0005363	SP:0023744	gt24	CF-C-provisional	medium
SCF:0006891	AC:005364	G1TFE8	G1SLC2	G1SWM1	SP:0005364	SP:0023748	gt24	CF-C-provisional	remote_sequence
SCF:0006892	AC:005364	G1TFE8	G1SLC2	O18789	SP:0005364	SP:0023749	gt24	CF-C-provisional	remote_sequence
SCF:0006893	AC:005367	P62399	P10121	P0AGD7	SP:0005367	SP:0023762	gt24	CF-C-provisional	remote_sequence
SCF:0006894	AC:005367	P62399	P10121	P0A9W3	SP:0005367	SP:0023763	gt24	CF-C-provisional	remote_sequence
SCF:0006895	AC:005367	P62399	P10121	P43672	SP:0005367	SP:0022110	gt24	CF-C-provisional	remote_sequence
SCF:0006896	AC:005368	I6UZV7	I6V2A4	I6UQN0	SP:0005368	SP:0023764	gt24	CF-C-provisional	remote_sequence
SCF:0006897	AC:005368	I6V2A4	I6UZV7	I6TXQ1	SP:0005368	SP:0023767	gt24	CF-C-provisional	medium
SCF:0006898	AC:005369	P62917	Q9BRT6	P42766	SP:0005369	SP:0023769	gt24	CF-C-provisional	medium
SCF:0006899	AC:005369	P62917	Q9BRT6	P47914	SP:0005369	SP:0018922	gt24	CF-C-provisional	medium
SCF:0006900	AC:005369	P62917	Q9BRT6	P49207	SP:0005369	SP:0023770	gt24	CF-C-provisional	remote_sequence
SCF:0006901	AC:005369	Q9BRT6	P62917	Q07020	SP:0005369	SP:0014667	gt24	CF-C-provisional	remote_sequence
SCF:0006902	AC:005369	Q9BRT6	P62917	P50914	SP:0005369	SP:0023771	gt24	CF-C-provisional	remote_sequence
SCF:0006903	AC:005370	Q22X38	Q23F79	P0DJ18	SP:0005370	SP:0023773	gt24	CF-C-provisional	remote_sequence
SCF:0006904	AC:005370	Q22X38	Q23F79	P0DJ54	SP:0005370	SP:0023774	gt24	CF-C-provisional	remote_sequence
SCF:0006905	AC:005370	Q22X38	Q23F79	Q00454	SP:0005370	SP:0023775	gt24	CF-C-provisional	remote_sequence
SCF:0006906	AC:005371	P32610	P32842	P25515	SP:0005371	SP:0013227	gt24	CF-C-provisional	high
SCF:0006907	AC:005371	P32842	P32610	P32341	SP:0005371	SP:0013229	gt24	CF-C-provisional	remote_sequence
SCF:0006908	AC:005372	P0A705	P0A7W7	P0ADY7	SP:0005372	SP:0023779	gt24	CF-C-provisional	remote_sequence
SCF:0006909	AC:005372	P0A705	P0A7W7	P02413	SP:0005372	SP:0023780	gt24	CF-C-provisional	remote_sequence
SCF:0006910	AC:005372	P0A705	P0A7W7	P0AG48	SP:0005372	SP:0023781	gt24	CF-C-provisional	remote_sequence
SCF:0006911	AC:005372	P0A7W7	P0A705	P0A8V2	SP:0005372	SP:0023782	gt24	CF-C-provisional	remote_sequence
SCF:0006912	AC:005373	O75787	P21283	P61421	SP:0005373	SP:0023784	gt24	CF-C-provisional	remote_sequence
SCF:0006913	AC:005376	G0S4P8	G0S5M5	G0S495	SP:0005376	SP:0023796	gt24	CF-C-provisional	remote_sequence
SCF:0006914	AC:005376	G0S4P8	G0S5M5	G0S8F1	SP:0005376	SP:0023797	gt24	CF-C-provisional	remote_sequence
SCF:0006915	AC:005376	G0S5M5	G0S4P8	G0RYQ7	SP:0005376	SP:0017975	gt24	CF-C-provisional	remote_sequence
SCF:0006916	AC:005379	O94906	Q2TAY7	O43172	SP:0005379	SP:0023802	gt24	CF-C-provisional	remote_sequence
SCF:0006917	AC:005380	Q8HTL2	A8J503	A8JE35	SP:0005380	SP:0013936	gt24	CF-C-provisional	remote_sequence
SCF:0006918	AC:005381	P14123	P60619	Q9RY65	SP:0005381	SP:0023812	gt24	CF-C-provisional	remote_sequence
SCF:0006919	AC:005382	A0A6J4B112	A0A6J4B150	A0A6J4B3M5	SP:0005382	SP:0014863	gt24	CF-C-provisional	medium
SCF:0006920	AC:005382	A0A6J4B112	A0A6J4B150	A0A6J4B7P2	SP:0005382	SP:0014864	gt24	CF-C-provisional	medium
SCF:0006921	AC:005382	A0A6J4B112	A0A6J4B150	A0A6J4B2D8	SP:0005382	SP:0014865	gt24	CF-C-provisional	medium
SCF:0006922	AC:005382	A0A6J4B150	A0A6J4B112	A0A6J4B0A4	SP:0005382	SP:0014443	gt24	CF-C-provisional	high
SCF:0006923	AC:005382	A0A6J4B150	A0A6J4B112	A0A6J4B0S3	SP:0005382	SP:0014444	gt24	CF-C-provisional	medium
SCF:0006924	AC:005382	A0A6J4B150	A0A6J4B112	B7FRW2	SP:0005382	SP:0014445	gt24	CF-C-provisional	medium
SCF:0006925	AC:005383	Q50301	Q50297	P75131	SP:0005383	SP:0023816	gt24	CF-C-provisional	remote_sequence
SCF:0006926	AC:005385	Q6CEK9	Q6CD73	Q6C9Z1	SP:0005385	SP:0023821	gt24	CF-C-provisional	remote_sequence
SCF:0006927	AC:005386	Q7SF85	Q7S6M9	Q7S7R6	SP:0005386	SP:0023827	gt24	CF-C-provisional	medium
SCF:0006928	AC:005387	P34067	P40112	P18422	SP:0005387	SP:0023830	gt24	CF-C-provisional	remote_sequence
SCF:0006929	AC:005387	P34067	P40112	P18421	SP:0005387	SP:0023831	gt24	CF-C-provisional	remote_sequence
SCF:0006930	AC:005387	P34067	P40112	P28073	SP:0005387	SP:0023832	gt24	CF-C-provisional	remote_sequence
SCF:0006931	AC:005387	P40112	P34067	P28073	SP:0005387	SP:0023833	gt24	CF-C-provisional	medium
SCF:0006932	AC:005387	P40112	P34067	P17220	SP:0005387	SP:0014624	gt24	CF-C-provisional	remote_sequence
SCF:0006933	AC:005387	P40112	P34067	Q9JHW0	SP:0005387	SP:0023834	gt24	CF-C-provisional	remote_sequence
SCF:0006934	AC:005388	Q9P015	Q9NUL7	Q7Z6M4	SP:0005388	SP:0023838	gt24	CF-C-provisional	remote_sequence
SCF:0006935	AC:005389	Q72IA7	P62654	P62442	SP:0005389	SP:0015553	gt24	CF-C-provisional	remote_sequence
SCF:0006936	AC:005391	P25787	P0CG47	P51665	SP:0005391	SP:0011864	gt24	CF-C-provisional	remote_sequence
SCF:0006937	AC:005391	P25787	P0CG47	P28066	SP:0005391	SP:0023843	gt24	CF-C-provisional	remote_sequence
SCF:0006938	AC:005392	B4DVU3	P63244	O00303	SP:0005392	SP:0023846	gt24	CF-C-provisional	remote_sequence
SCF:0006939	AC:005392	P63244	B4DVU3	Q9NYL2	SP:0005392	SP:0023848	gt24	CF-C-provisional	remote_sequence
SCF:0006940	AC:005394	F2Z619	Q6C7X2	Q6C926	SP:0005394	SP:0017323	gt24	CF-C-provisional	high
SCF:0006941	AC:005395	A0A1B4XKX1	A0A1B4XKS3	A0A1B4XKT6	SP:0005395	SP:0023860	gt24	CF-C-provisional	remote_sequence
SCF:0006942	AC:005396	P38633	P32570	P27999	SP:0005396	SP:0007643	gt24	CF-C-provisional	remote_sequence
SCF:0006943	AC:005397	P25787	P28062	P28074	SP:0005397	SP:0013288	gt24	CF-C-provisional	high
SCF:0006944	AC:005397	P25787	P28062	P28072	SP:0005397	SP:0023864	gt24	CF-C-provisional	medium
SCF:0006945	AC:005397	P25787	P28062	P40306	SP:0005397	SP:0023865	gt24	CF-C-provisional	medium
SCF:0006946	AC:005397	P28062	P25787	O14818	SP:0005397	SP:0023866	gt24	CF-C-provisional	medium
SCF:0006947	AC:005397	P28062	P25787	P40303	SP:0005397	SP:0020835	gt24	CF-C-provisional	medium
SCF:0006948	AC:005397	P28062	P25787	P25789	SP:0005397	SP:0023867	gt24	CF-C-provisional	medium
SCF:0006949	AC:005398	O95298	P17568	O95168	SP:0005398	SP:0019474	gt24	CF-C-provisional	remote_sequence
SCF:0006950	AC:005398	O95298	P17568	O96000	SP:0005398	SP:0023868	gt24	CF-C-provisional	remote_sequence
SCF:0006951	AC:005398	P17568	O95298	O95139	SP:0005398	SP:0014286	gt24	CF-C-provisional	remote_sequence
SCF:0006952	AC:005401	E1UWA7	E1UWC3	E1UWC2	SP:0005401	SP:0023875	gt24	CF-C-provisional	remote_sequence
SCF:0006953	AC:005402	Q96EY7	A6NJ78	P82933	SP:0005402	SP:0021291	gt24	CF-C-provisional	remote_sequence
SCF:0006954	AC:005402	Q96EY7	A6NJ78	Q92665	SP:0005402	SP:0023881	gt24	CF-C-provisional	remote_sequence
SCF:0006955	AC:005403	G0SFL0	G0S081	G0RXZ3	SP:0005403	SP:0017588	gt24	CF-C-provisional	medium
SCF:0006956	AC:005403	G0SFL0	G0S081	G0S507	SP:0005403	SP:0017679	gt24	CF-C-provisional	remote_sequence
SCF:0006957	AC:005403	G0SFL0	G0S081	G0S9B5	SP:0005403	SP:0023883	gt24	CF-C-provisional	remote_sequence
SCF:0006958	AC:005405	A0A640KGL4	A0A640KSC5	A0A640KBV2	SP:0005405	SP:0021249	gt24	CF-C-provisional	remote_sequence
SCF:0006959	AC:005405	A0A640KGL4	A0A640KSC5	A0A640KQX8	SP:0005405	SP:0017920	gt24	CF-C-provisional	remote_sequence
SCF:0006960	AC:005405	A0A640KGL4	A0A640KSC5	A0A640KJI7	SP:0005405	SP:0020750	gt24	CF-C-provisional	remote_sequence
SCF:0006961	AC:005405	A0A640KSC5	A0A640KGL4	A0A640KJI7	SP:0005405	SP:0021250	gt24	CF-C-provisional	medium
SCF:0006962	AC:005405	A0A640KSC5	A0A640KGL4	A0A640L0A1	SP:0005405	SP:0021251	gt24	CF-C-provisional	remote_sequence
SCF:0006963	AC:005406	Q2FW33	Q2FZ42	Q2FW17	SP:0005406	SP:0020635	gt24	CF-C-provisional	medium
SCF:0006964	AC:005406	Q2FW33	Q2FZ42	Q2FW22	SP:0005406	SP:0023886	gt24	CF-C-provisional	remote_sequence
SCF:0006965	AC:005406	Q2FZ42	Q2FW33	Q2FW13	SP:0005406	SP:0023887	gt24	CF-C-provisional	remote_sequence
SCF:0006966	AC:005406	Q2FZ42	Q2FW33	Q2FW38	SP:0005406	SP:0022582	gt24	CF-C-provisional	remote_sequence
SCF:0006967	AC:005407	P30657	P53549	P33299	SP:0005407	SP:0023889	gt24	CF-C-provisional	medium
SCF:0006968	AC:005407	P30657	P53549	P33297	SP:0005407	SP:0023890	gt24	CF-C-provisional	medium
SCF:0006969	AC:005407	P30657	P53549	P40327	SP:0005407	SP:0020431	gt24	CF-C-provisional	medium
SCF:0006970	AC:005407	P53549	P30657	P21242	SP:0005407	SP:0023891	gt24	CF-C-provisional	medium
SCF:0006971	AC:005407	P53549	P30657	P40303	SP:0005407	SP:0023892	gt24	CF-C-provisional	remote_sequence
SCF:0006972	AC:005407	P53549	P30657	P23639	SP:0005407	SP:0023893	gt24	CF-C-provisional	remote_sequence
SCF:0006973	AC:005409	P40033	Q03799	P53937	SP:0005409	SP:0023897	gt24	CF-C-provisional	remote_sequence
SCF:0006974	AC:005410	Q01667	Q9SYW8	Q9SQL2	SP:0005410	SP:0006832	gt24	CF-C-provisional	high
SCF:0006975	AC:005410	Q01667	Q9SYW8	P27521	SP:0005410	SP:0006833	gt24	CF-C-provisional	high
SCF:0006976	AC:005410	Q01667	Q9SYW8	Q9C639	SP:0005410	SP:0006831	gt24	CF-C-provisional	medium
SCF:0006977	AC:005410	Q9SYW8	Q01667	Q9C639	SP:0005410	SP:0009715	gt24	CF-C-provisional	medium
SCF:0006978	AC:005410	Q9SYW8	Q01667	Q9SY97	SP:0005410	SP:0011774	gt24	CF-C-provisional	medium
SCF:0006979	AC:005411	P22179	A0A9R0J8B1	Q41385	SP:0005411	SP:0011818	gt24	CF-C-provisional	remote_sequence
SCF:0006980	AC:005412	P18931	Q9W402	Q9V3L7	SP:0005412	SP:0018836	gt24	CF-C-provisional	remote_sequence
SCF:0006981	AC:005413	P60497	Q9SLC8	P92533	SP:0005413	SP:0023905	gt24	CF-C-provisional	remote_sequence
SCF:0006982	AC:005415	Q9BZE4	Q9NQ55	Q9NVX2	SP:0005415	SP:0023914	gt24	CF-C-provisional	remote_sequence
SCF:0006983	AC:005415	Q9BZE4	Q9NQ55	P36578	SP:0005415	SP:0007104	gt24	CF-C-provisional	remote_sequence
SCF:0006984	AC:005416	P12359	F2Z293	P12333	SP:0005416	SP:0023919	gt24	CF-C-provisional	medium
SCF:0006985	AC:005418	P03910	P03887	P03892	SP:0005418	SP:0023924	gt24	CF-C-provisional	medium
SCF:0006986	AC:005420	P0A485	Q927L4	P61055	SP:0005420	SP:0014985	gt24	CF-C-provisional	remote_sequence
SCF:0006987	AC:005421	A0A480VKQ8	A0A4X1THU2	A0A4X1TFI3	SP:0005421	SP:0023928	gt24	CF-C-provisional	remote_sequence
SCF:0006988	AC:005421	A0A480VKQ8	A0A4X1THU2	A0A4X1SN37	SP:0005421	SP:0019124	gt24	CF-C-provisional	remote_sequence
SCF:0006989	AC:005421	A0A480VKQ8	A0A4X1THU2	G8IFA6	SP:0005421	SP:0019125	gt24	CF-C-provisional	remote_sequence
SCF:0006990	AC:005421	A0A4X1THU2	A0A480VKQ8	A0A8D0Z0K9	SP:0005421	SP:0023929	gt24	CF-C-provisional	high
SCF:0006991	AC:005421	A0A4X1THU2	A0A480VKQ8	A0A8D0K655	SP:0005421	SP:0023930	gt24	CF-C-provisional	remote_sequence
SCF:0006992	AC:005421	A0A4X1THU2	A0A480VKQ8	A0A286ZPR8	SP:0005421	SP:0023931	gt24	CF-C-provisional	remote_sequence
SCF:0006993	AC:005422	P03899	Q9CQ54	Q9CR21	SP:0005422	SP:0023932	gt24	CF-C-provisional	remote_sequence
SCF:0006994	AC:005423	O96774	P0DJ14	P0DJ58	SP:0005423	SP:0023935	gt24	CF-C-provisional	remote_sequence
SCF:0006995	AC:005423	O96774	P0DJ14	P0DJ52	SP:0005423	SP:0023936	gt24	CF-C-provisional	remote_sequence
SCF:0006996	AC:005423	O96774	P0DJ14	P0DJ57	SP:0005423	SP:0021817	gt24	CF-C-provisional	remote_sequence
SCF:0006997	AC:005427	P18621	Q8TDN6	Q02878	SP:0005427	SP:0023955	gt24	CF-C-provisional	medium
SCF:0006998	AC:005427	P18621	Q8TDN6	Q9H9Y2	SP:0005427	SP:0021073	gt24	CF-C-provisional	remote_sequence
SCF:0006999	AC:005427	P18621	Q8TDN6	Q9UKD2	SP:0005427	SP:0023956	gt24	CF-C-provisional	remote_sequence
SCF:0007000	AC:005427	Q8TDN6	P18621	Q07020	SP:0005427	SP:0018550	gt24	CF-C-provisional	remote_sequence
SCF:0007001	AC:005427	Q8TDN6	P18621	P62906	SP:0005427	SP:0023957	gt24	CF-C-provisional	remote_sequence
SCF:0007002	AC:005427	Q8TDN6	P18621	Q9Y3C1	SP:0005427	SP:0018510	gt24	CF-C-provisional	remote_sequence
SCF:0007003	AC:005428	Q8LGE7	Q9M9M9	Q9FJW4	SP:0005428	SP:0023958	gt24	CF-C-provisional	remote_sequence
SCF:0007004	AC:005429	A0A2K3DKB4	A8IW03	A0A2K3DGK2	SP:0005429	SP:0021007	gt24	CF-C-provisional	medium
SCF:0007005	AC:005430	Q14C51	Q9D7N3	Q8BJZ4	SP:0005430	SP:0023965	gt24	CF-C-provisional	remote_sequence
SCF:0007006	AC:005430	Q14C51	Q9D7N3	Q61733	SP:0005430	SP:0020123	gt24	CF-C-provisional	remote_sequence
SCF:0007007	AC:005431	B8BYH2	A0T0T1	A0T0P5	SP:0005431	SP:0023970	gt24	CF-C-provisional	medium
SCF:0007008	AC:005432	P62750	Q96A33	P30419	SP:0005432	SP:0023973	gt24	CF-C-provisional	remote_sequence
SCF:0007009	AC:005432	P62750	Q96A33	P39023	SP:0005432	SP:0023974	gt24	CF-C-provisional	remote_sequence
SCF:0007010	AC:005433	A0QSG4	A0QSL7	A0QSL9	SP:0005433	SP:0023977	gt24	CF-C-provisional	remote_sequence
SCF:0007011	AC:005433	A0QSG4	A0QSL7	A0R7F6	SP:0005433	SP:0023978	gt24	CF-C-provisional	remote_sequence
SCF:0007012	AC:005433	A0QSG4	A0QSL7	A0QSD2	SP:0005433	SP:0023979	gt24	CF-C-provisional	remote_sequence
SCF:0007013	AC:005433	A0QSL7	A0QSG4	A0QSG6	SP:0005433	SP:0010229	gt24	CF-C-provisional	remote_sequence
SCF:0007014	AC:005433	A0QSL7	A0QSG4	A0QS97	SP:0005433	SP:0009203	gt24	CF-C-provisional	remote_sequence
SCF:0007015	AC:005434	V6TF11	V6TG99	A8BMD9	SP:0005434	SP:0016034	gt24	CF-C-provisional	remote_sequence
SCF:0007016	AC:005435	Q9CPV3	Q8VDT9	Q5RL20	SP:0005435	SP:0018767	gt24	CF-C-provisional	medium
SCF:0007017	AC:005435	Q9CPV3	Q8VDT9	Q99N92	SP:0005435	SP:0018768	gt24	CF-C-provisional	remote_sequence
SCF:0007018	AC:005436	P03905	P17568	O95168	SP:0005436	SP:0016196	gt24	CF-C-provisional	remote_sequence
SCF:0007019	AC:005436	P03905	P17568	O96000	SP:0005436	SP:0014010	gt24	CF-C-provisional	remote_sequence
SCF:0007020	AC:005436	P17568	P03905	P03915	SP:0005436	SP:0023986	gt24	CF-C-provisional	medium
SCF:0007021	AC:005440	Q96EL2	O75570	P82650	SP:0005440	SP:0024000	gt24	CF-C-provisional	remote_sequence
SCF:0007022	AC:005440	Q96EL2	O75570	P82675	SP:0005440	SP:0024001	gt24	CF-C-provisional	remote_sequence
SCF:0007023	AC:005441	A0QS97	A0R550	A0QSL6	SP:0005441	SP:0007275	gt24	CF-C-provisional	remote_sequence
SCF:0007024	AC:005441	A0QS97	A0R550	A0QSP9	SP:0005441	SP:0008778	gt24	CF-C-provisional	remote_sequence
SCF:0007025	AC:005442	Q6C8J9	Q9B6C7	Q9B6D4	SP:0005442	SP:0015844	gt24	CF-C-provisional	remote_sequence
SCF:0007026	AC:005442	Q9B6C7	Q6C8J9	Q6CI60	SP:0005442	SP:0024005	gt24	CF-C-provisional	remote_sequence
SCF:0007027	AC:005442	Q9B6C7	Q6C8J9	Q6C4W9	SP:0005442	SP:0024006	gt24	CF-C-provisional	remote_sequence
SCF:0007028	AC:005444	Q06287	Q12460	Q12499	SP:0005444	SP:0024009	gt24	CF-C-provisional	medium
SCF:0007029	AC:005444	Q06287	Q12460	Q04305	SP:0005444	SP:0024010	gt24	CF-C-provisional	remote_sequence
SCF:0007030	AC:005444	Q06287	Q12460	Q12136	SP:0005444	SP:0024011	gt24	CF-C-provisional	remote_sequence
SCF:0007031	AC:005444	Q12460	Q06287	P33442	SP:0005444	SP:0017877	gt24	CF-C-provisional	remote_sequence
SCF:0007032	AC:005444	Q12460	Q06287	Q99216	SP:0005444	SP:0022857	gt24	CF-C-provisional	remote_sequence
SCF:0007033	AC:005445	P63173	Q6DKI1	Q96EY4	SP:0005445	SP:0020505	gt24	CF-C-provisional	remote_sequence
SCF:0007034	AC:005445	P63173	Q6DKI1	P62424	SP:0005445	SP:0024013	gt24	CF-C-provisional	remote_sequence
SCF:0007035	AC:005445	P63173	Q6DKI1	P46777	SP:0005445	SP:0024014	gt24	CF-C-provisional	remote_sequence
SCF:0007036	AC:005446	Q9W2E8	P18931	P18932	SP:0005446	SP:0017644	gt24	CF-C-provisional	remote_sequence
SCF:0007037	AC:005446	Q9W2E8	P18931	C7DZL4	SP:0005446	SP:0017645	gt24	CF-C-provisional	remote_sequence
SCF:0007038	AC:005447	A0A1B4XKT6	A0A1B4XKT7	A0A1B4XMC1	SP:0005447	SP:0020023	gt24	CF-C-provisional	remote_sequence
SCF:0007039	AC:005447	A0A1B4XKT7	A0A1B4XKT6	A0A1B4XKX1	SP:0005447	SP:0020022	gt24	CF-C-provisional	medium
SCF:0007040	AC:005448	D5MAJ8	P07371	P27490	SP:0005448	SP:0017004	gt24	CF-C-provisional	high
SCF:0007041	AC:005448	D5MAJ8	P07371	A0A2D0TCJ0	SP:0005448	SP:0024018	gt24	CF-C-provisional	medium
SCF:0007042	AC:005448	D5MAJ8	P07371	P14226	SP:0005448	SP:0017003	gt24	CF-C-provisional	remote_sequence
SCF:0007043	AC:005452	Q4E3G1	Q4DZ41	Q4DSU0	SP:0005452	SP:0016699	gt24	CF-C-provisional	medium
SCF:0007044	AC:005452	Q4E3G1	Q4DZ41	Q4D7F2	SP:0005452	SP:0024035	gt24	CF-C-provisional	remote_sequence
SCF:0007045	AC:005454	Q4E093	Q4DTQ1	Q4DGZ5	SP:0005454	SP:0024041	gt24	CF-C-provisional	remote_sequence
SCF:0007046	AC:005454	Q4E093	Q4DTQ1	Q4E0Q3	SP:0005454	SP:0024042	gt24	CF-C-provisional	remote_sequence
SCF:0007047	AC:005455	Q9NZM5	Q9BZE4	O76021	SP:0005455	SP:0024047	gt24	CF-C-provisional	remote_sequence
SCF:0007048	AC:005455	Q9NZM5	Q9BZE4	Q13823	SP:0005455	SP:0024048	gt24	CF-C-provisional	remote_sequence
SCF:0007049	AC:005455	Q9NZM5	Q9BZE4	O00541	SP:0005455	SP:0024049	gt24	CF-C-provisional	remote_sequence
SCF:0007050	AC:005457	P0CX47	P40160	Q06631	SP:0005457	SP:0024055	gt24	CF-C-provisional	remote_sequence
SCF:0007051	AC:005457	P0CX47	P40160	P34078	SP:0005457	SP:0024056	gt24	CF-C-provisional	remote_sequence
SCF:0007052	AC:005459	P0A7N9	P0A7W7	P0ADZ0	SP:0005459	SP:0021536	gt24	CF-C-provisional	remote_sequence
SCF:0007053	AC:005459	P0A7N9	P0A7W7	P0C018	SP:0005459	SP:0024062	gt24	CF-C-provisional	remote_sequence
SCF:0007054	AC:005459	P0A7N9	P0A7W7	P0A7X3	SP:0005459	SP:0024063	gt24	CF-C-provisional	remote_sequence
SCF:0007055	AC:005459	P0A7W7	P0A7N9	P0A7Q1	SP:0005459	SP:0008722	gt24	CF-C-provisional	remote_sequence
SCF:0007056	AC:005460	P29055	P34162	P13393	SP:0005460	SP:0024065	gt24	CF-C-provisional	remote_sequence
SCF:0007057	AC:005463	P30050	Q96EY4	Q07020	SP:0005463	SP:0024075	gt24	CF-C-provisional	remote_sequence
SCF:0007058	AC:005463	P30050	Q96EY4	P62750	SP:0005463	SP:0024076	gt24	CF-C-provisional	remote_sequence
SCF:0007059	AC:005463	Q96EY4	P30050	Q02543	SP:0005463	SP:0024077	gt24	CF-C-provisional	remote_sequence
SCF:0007060	AC:005464	P25337	P49955	Q04048	SP:0005464	SP:0024080	gt24	CF-C-provisional	remote_sequence
SCF:0007061	AC:005464	P25337	P49955	P36048	SP:0005464	SP:0024081	gt24	CF-C-provisional	remote_sequence
SCF:0007062	AC:005465	Q8U011	P61995	P61994	SP:0005465	SP:0024086	gt24	CF-C-provisional	high
SCF:0007063	AC:005465	Q8U011	P61995	Q8U1Y5	SP:0005465	SP:0022266	gt24	CF-C-provisional	remote_sequence
SCF:0007064	AC:005466	P40372	Q9UU79	O60143	SP:0005466	SP:0024089	gt24	CF-C-provisional	remote_sequence
SCF:0007065	AC:005467	P54578	Q15008	O00232	SP:0005467	SP:0023314	gt24	CF-C-provisional	remote_sequence
SCF:0007066	AC:005467	Q15008	P54578	P43686	SP:0005467	SP:0024094	gt24	CF-C-provisional	remote_sequence
SCF:0007067	AC:005467	Q15008	P54578	P0CG48	SP:0005467	SP:0024095	gt24	CF-C-provisional	remote_sequence
SCF:0007068	AC:005467	Q15008	P54578	P17980	SP:0005467	SP:0024096	gt24	CF-C-provisional	remote_sequence
SCF:0007069	AC:005468	F1SLR1	A0A8D1FAG1	A0A480JRW3	SP:0005468	SP:0024099	gt24	CF-C-provisional	remote_sequence
SCF:0007070	AC:005469	Q4DY32	Q4DQZ2	Q4DZB0	SP:0005469	SP:0024103	gt24	CF-C-provisional	remote_sequence
SCF:0007071	AC:005471	A0A5F9D391	G1SQH0	G1TUB8	SP:0005471	SP:0023738	gt24	CF-C-provisional	remote_sequence
SCF:0007072	AC:005471	A0A5F9D391	G1SQH0	G1T6D1	SP:0005471	SP:0023737	gt24	CF-C-provisional	remote_sequence
SCF:0007073	AC:005471	G1SQH0	A0A5F9D391	G1T040	SP:0005471	SP:0024109	gt24	CF-C-provisional	high
SCF:0007074	AC:005471	G1SQH0	A0A5F9D391	G1SHQ2	SP:0005471	SP:0024110	gt24	CF-C-provisional	remote_sequence
SCF:0007075	AC:005471	G1SQH0	A0A5F9D391	G1TUN8	SP:0005471	SP:0023331	gt24	CF-C-provisional	remote_sequence
SCF:0007076	AC:005472	G1U971	G1TK17	B7NZS8	SP:0005472	SP:0024114	gt24	CF-C-provisional	remote_sequence
SCF:0007077	AC:005473	Q8K3J1	Q9D8B4	G5E814	SP:0005473	SP:0024117	gt24	CF-C-provisional	high
SCF:0007078	AC:005475	P62241	P62857	P63220	SP:0005475	SP:0024125	gt24	CF-C-provisional	remote_sequence
SCF:0007079	AC:005475	P62857	P62241	P61247	SP:0005475	SP:0024127	gt24	CF-C-provisional	medium
SCF:0007080	AC:005475	P62857	P62241	P62753	SP:0005475	SP:0024128	gt24	CF-C-provisional	remote_sequence
SCF:0007081	AC:005475	P62857	P62241	P46782	SP:0005475	SP:0024129	gt24	CF-C-provisional	remote_sequence
SCF:0007082	AC:005476	G3V6W6	P17220	P48004	SP:0005476	SP:0024130	gt24	CF-C-provisional	medium
SCF:0007083	AC:005476	G3V6W6	P17220	P60901	SP:0005476	SP:0024131	gt24	CF-C-provisional	medium
SCF:0007084	AC:005476	G3V6W6	P17220	P18422	SP:0005476	SP:0024132	gt24	CF-C-provisional	medium
SCF:0007085	AC:005476	P17220	G3V6W6	P62198	SP:0005476	SP:0024133	gt24	CF-C-provisional	medium
SCF:0007086	AC:005476	P17220	G3V6W6	Q63347	SP:0005476	SP:0024134	gt24	CF-C-provisional	medium
SCF:0007087	AC:005476	P17220	G3V6W6	P62193	SP:0005476	SP:0024135	gt24	CF-C-provisional	medium
SCF:0007088	AC:005477	P61513	P56537	Q9UKD2	SP:0005477	SP:0021707	gt24	CF-C-provisional	remote_sequence
SCF:0007089	AC:005480	Q8IBN5	Q8IK02	O77395	SP:0005480	SP:0024146	gt24	CF-C-provisional	remote_sequence
SCF:0007090	AC:005480	Q8IK02	Q8IBN5	Q8I502	SP:0005480	SP:0024148	gt24	CF-C-provisional	remote_sequence
SCF:0007091	AC:005480	Q8IK02	Q8IBN5	A0A5K1K8V8	SP:0005480	SP:0024149	gt24	CF-C-provisional	remote_sequence
SCF:0007092	AC:005481	Q7JZK1	A8DYC4	Q9VQM2	SP:0005481	SP:0015014	gt24	CF-C-provisional	remote_sequence
SCF:0007093	AC:005482	Q9CQ40	Q8BU88	Q9D1P0	SP:0005482	SP:0022462	gt24	CF-C-provisional	remote_sequence
SCF:0007094	AC:005484	Q9D338	Q9D1H8	Q9CQL4	SP:0005484	SP:0024161	gt24	CF-C-provisional	remote_sequence
SCF:0007095	AC:005484	Q9D338	Q9D1H8	Q9CQF0	SP:0005484	SP:0020314	gt24	CF-C-provisional	remote_sequence
SCF:0007096	AC:005485	C4LXZ0	C4M8R8	B1N384	SP:0005485	SP:0024163	gt24	CF-C-provisional	remote_sequence
SCF:0007097	AC:005485	C4LXZ0	C4M8R8	C4LVZ9	SP:0005485	SP:0024164	gt24	CF-C-provisional	remote_sequence
SCF:0007098	AC:005485	C4M8R8	C4LXZ0	C4LXC8	SP:0005485	SP:0024166	gt24	CF-C-provisional	remote_sequence
SCF:0007099	AC:005486	P0A7R1	P0AFX0	P0A7X3	SP:0005486	SP:0024167	gt24	CF-C-provisional	medium
SCF:0007100	AC:005486	P0A7R1	P0AFX0	P0ADZ4	SP:0005486	SP:0024168	gt24	CF-C-provisional	remote_sequence
SCF:0007101	AC:005486	P0AFX0	P0A7R1	P02413	SP:0005486	SP:0024171	gt24	CF-C-provisional	remote_sequence
SCF:0007102	AC:005486	P0AFX0	P0A7R1	P0A7X3	SP:0005486	SP:0024172	gt24	CF-C-provisional	remote_sequence
SCF:0007103	AC:005487	O78755	A0A6P3EKX5	A0A6P3DZ89	SP:0005487	SP:0024173	gt24	CF-C-provisional	remote_sequence
SCF:0007104	AC:005488	A0A9J4RF13	D0FXZ3	A0A1C8XRM8	SP:0005488	SP:0021760	gt24	CF-C-provisional	remote_sequence
SCF:0007105	AC:005490	P0A7M6	P0A7N9	P0A7Q1	SP:0005490	SP:0024179	gt24	CF-C-provisional	remote_sequence
SCF:0007106	AC:005491	Q92366	P0CT77	O42706	SP:0005491	SP:0018463	gt24	CF-C-provisional	remote_sequence
SCF:0007107	AC:005492	Q9D1R9	P67984	P61358	SP:0005492	SP:0024189	gt24	CF-C-provisional	medium
SCF:0007108	AC:005493	P38633	P32773	Q12343	SP:0005493	SP:0017056	gt24	CF-C-provisional	medium
SCF:0007109	AC:005493	P38633	P32773	P38304	SP:0005493	SP:0016751	gt24	CF-C-provisional	remote_sequence
SCF:0007110	AC:005493	P38633	P32773	Q08278	SP:0005493	SP:0023863	gt24	CF-C-provisional	remote_sequence
SCF:0007111	AC:005494	P52505	Q8HXG5	Q02372	SP:0005494	SP:0024194	gt24	CF-C-provisional	remote_sequence
SCF:0007112	AC:005494	P52505	Q8HXG5	P25712	SP:0005494	SP:0024195	gt24	CF-C-provisional	remote_sequence
SCF:0007113	AC:005494	P52505	Q8HXG5	P42026	SP:0005494	SP:0016354	gt24	CF-C-provisional	remote_sequence
SCF:0007114	AC:005495	A6MVS8	A6MVV8	A6MVU7	SP:0005495	SP:0013645	gt24	CF-C-provisional	remote_sequence
SCF:0007115	AC:005497	O51441	O51456	O51206	SP:0005497	SP:0016793	gt24	CF-C-provisional	medium
SCF:0007116	AC:005497	O51456	O51441	P94272	SP:0005497	SP:0014549	gt24	CF-C-provisional	medium
SCF:0007117	AC:005498	P23956	O46563	P61420	SP:0005498	SP:0024205	gt24	CF-C-provisional	remote_sequence
SCF:0007118	AC:005500	P49955	P40089	P54999	SP:0005500	SP:0024083	gt24	CF-C-provisional	remote_sequence
SCF:0007119	AC:005502	Q10330	Q9Y7Z1	Q10353	SP:0005502	SP:0024213	gt24	CF-C-provisional	medium
SCF:0007120	AC:005502	Q10330	Q9Y7Z1	Q10232	SP:0005502	SP:0024214	gt24	CF-C-provisional	medium
SCF:0007121	AC:005502	Q10330	Q9Y7Z1	P05734	SP:0005502	SP:0024215	gt24	CF-C-provisional	remote_sequence
SCF:0007122	AC:005502	Q9Y7Z1	Q10330	P78946	SP:0005502	SP:0021511	gt24	CF-C-provisional	medium
SCF:0007123	AC:005502	Q9Y7Z1	Q10330	Q10232	SP:0005502	SP:0019588	gt24	CF-C-provisional	remote_sequence
SCF:0007124	AC:005502	Q9Y7Z1	Q10330	Q10192	SP:0005502	SP:0024216	gt24	CF-C-provisional	remote_sequence
SCF:0007125	AC:005504	O74399	O94268	O94288	SP:0005504	SP:0016306	gt24	CF-C-provisional	remote_sequence
SCF:0007126	AC:005508	E1UWD8	E1UWE2	E1UWE3	SP:0005508	SP:0021467	gt24	CF-C-provisional	medium
SCF:0007127	AC:005508	E1UWD8	E1UWE2	E1UWC9	SP:0005508	SP:0020553	gt24	CF-C-provisional	remote_sequence
SCF:0007128	AC:005508	E1UWD8	E1UWE2	E1UWB9	SP:0005508	SP:0024229	gt24	CF-C-provisional	remote_sequence
SCF:0007129	AC:005509	Q32KL2	Q3MHN0	P33672	SP:0005509	SP:0024231	gt24	CF-C-provisional	remote_sequence
SCF:0007130	AC:005509	Q32KL2	Q3MHN0	Q5E987	SP:0005509	SP:0024232	gt24	CF-C-provisional	remote_sequence
SCF:0007131	AC:005509	Q32KL2	Q3MHN0	Q3T0X5	SP:0005509	SP:0024233	gt24	CF-C-provisional	remote_sequence
SCF:0007132	AC:005509	Q3MHN0	Q32KL2	Q3T0Y5	SP:0005509	SP:0024234	gt24	CF-C-provisional	remote_sequence
SCF:0007133	AC:005509	Q3MHN0	Q32KL2	Q3T108	SP:0005509	SP:0024235	gt24	CF-C-provisional	remote_sequence
SCF:0007134	AC:005509	Q3MHN0	Q32KL2	Q5E987	SP:0005509	SP:0024236	gt24	CF-C-provisional	remote_sequence
SCF:0007135	AC:005511	E2RTN4	A8BE76	A8BH61	SP:0005511	SP:0024239	gt24	CF-C-provisional	remote_sequence
SCF:0007136	AC:005514	A0A1D5RRD3	A0A3B6QBU0	A0A3B5ZQE8	SP:0005514	SP:0021342	gt24	CF-C-provisional	remote_sequence
SCF:0007137	AC:005514	A0A1D5RRD3	A0A3B6QBU0	A0A3B6DD91	SP:0005514	SP:0021343	gt24	CF-C-provisional	remote_sequence
SCF:0007138	AC:005516	A0A0M4TFB0	A0A0M4U5B4	A0A0M3V8U3	SP:0005516	SP:0024250	gt24	CF-C-provisional	medium
SCF:0007139	AC:005516	A0A0M4U5B4	A0A0M4TFB0	A0A0M4U618	SP:0005516	SP:0024252	gt24	CF-C-provisional	remote_sequence
SCF:0007140	AC:005517	Q12309	Q02775	Q12046	SP:0005517	SP:0019580	gt24	CF-C-provisional	medium
SCF:0007141	AC:005517	Q12309	Q02775	Q12417	SP:0005517	SP:0024256	gt24	CF-C-provisional	remote_sequence
SCF:0007142	AC:005517	Q12309	Q02775	P28004	SP:0005517	SP:0022517	gt24	CF-C-provisional	remote_sequence
SCF:0007143	AC:005518	P13352	A8J264	Q93WL4	SP:0005518	SP:0009664	gt24	CF-C-provisional	high
SCF:0007144	AC:005518	P13352	A8J264	Q9ZSJ4	SP:0005518	SP:0024259	gt24	CF-C-provisional	high
SCF:0007145	AC:005518	P13352	A8J264	Q93VE0	SP:0005518	SP:0009663	gt24	CF-C-provisional	high
SCF:0007146	AC:005519	D0CD16	D0CAL1	D0CA77	SP:0005519	SP:0018656	gt24	CF-C-provisional	remote_sequence
SCF:0007147	AC:005520	Q06091	Q12046	P32523	SP:0005520	SP:0024260	gt24	CF-C-provisional	remote_sequence
SCF:0007148	AC:005520	Q12046	Q06091	P33411	SP:0005520	SP:0024263	gt24	CF-C-provisional	remote_sequence
SCF:0007149	AC:005520	Q12046	Q06091	Q03375	SP:0005520	SP:0024264	gt24	CF-C-provisional	remote_sequence
SCF:0007150	AC:005521	K7GR43	A0A480VKQ8	F1SJP6	SP:0005521	SP:0022626	gt24	CF-C-provisional	high
SCF:0007151	AC:005521	K7GR43	A0A480VKQ8	A0A8D1NRT6	SP:0005521	SP:0021014	gt24	CF-C-provisional	remote_sequence
SCF:0007152	AC:005522	P12240	P12241	P12312	SP:0005522	SP:0024267	gt24	CF-C-provisional	remote_sequence
SCF:0007153	AC:005522	P12241	P12240	P12313	SP:0005522	SP:0024269	gt24	CF-C-provisional	medium
SCF:0007154	AC:005523	A0A287ADR4	A0A8D1KNW4	A0A4X1VEK9	SP:0005523	SP:0014838	gt24	CF-C-provisional	high
SCF:0007155	AC:005523	A0A287ADR4	A0A8D1KNW4	P06897	SP:0005523	SP:0024270	gt24	CF-C-provisional	remote_sequence
SCF:0007156	AC:005523	A0A287ADR4	A0A8D1KNW4	I3LCB2	SP:0005523	SP:0024271	gt24	CF-C-provisional	remote_sequence
SCF:0007157	AC:005527	P11094	A8HVP7	A8J3Z3	SP:0005527	SP:0024282	gt24	CF-C-provisional	remote_sequence
SCF:0007158	AC:005527	P11094	A8HVP7	A8JDP6	SP:0005527	SP:0024283	gt24	CF-C-provisional	remote_sequence
SCF:0007159	AC:005527	P11094	A8HVP7	A8JE35	SP:0005527	SP:0024284	gt24	CF-C-provisional	remote_sequence
SCF:0007160	AC:005528	P82669	P82917	P82915	SP:0005528	SP:0024285	gt24	CF-C-provisional	remote_sequence
SCF:0007161	AC:005531	P0CE48	P60438	P0AG55	SP:0005531	SP:0018678	gt24	CF-C-provisional	remote_sequence
SCF:0007162	AC:005532	P0A6M8	P60438	P0AG55	SP:0005532	SP:0024298	gt24	CF-C-provisional	remote_sequence
SCF:0007163	AC:005532	P60438	P0A6M8	P0AG67	SP:0005532	SP:0015340	gt24	CF-C-provisional	remote_sequence
SCF:0007164	AC:005534	F2Z6C0	B5RSK3	Q6C926	SP:0005534	SP:0024308	gt24	CF-C-provisional	remote_sequence
SCF:0007165	AC:005534	F2Z6C0	B5RSK3	Q6C9Z1	SP:0005534	SP:0015301	gt24	CF-C-provisional	remote_sequence
SCF:0007166	AC:005535	Q9DB40	Q9CQA5	Q9DB91	SP:0005535	SP:0024311	gt24	CF-C-provisional	remote_sequence
SCF:0007167	AC:005536	Q8I261	Q8I374	Q8I0U7	SP:0005536	SP:0024314	gt24	CF-C-provisional	remote_sequence
SCF:0007168	AC:005536	Q8I261	Q8I374	A0A0L7M1M6	SP:0005536	SP:0024315	gt24	CF-C-provisional	remote_sequence
SCF:0007169	AC:005536	Q8I261	Q8I374	Q7K6A9	SP:0005536	SP:0024316	gt24	CF-C-provisional	remote_sequence
SCF:0007170	AC:005536	Q8I374	Q8I261	Q8I0U7	SP:0005536	SP:0024317	gt24	CF-C-provisional	medium
SCF:0007171	AC:005536	Q8I374	Q8I261	Q8IK90	SP:0005536	SP:0024318	gt24	CF-C-provisional	remote_sequence
SCF:0007172	AC:005536	Q8I374	Q8I261	Q8IDG3	SP:0005536	SP:0024319	gt24	CF-C-provisional	remote_sequence
SCF:0007173	AC:005537	P61927	Q9UHA3	P62750	SP:0005537	SP:0024320	gt24	CF-C-provisional	remote_sequence
SCF:0007174	AC:005537	P61927	Q9UHA3	P83881	SP:0005537	SP:0019544	gt24	CF-C-provisional	remote_sequence
SCF:0007175	AC:005537	P61927	Q9UHA3	P46779	SP:0005537	SP:0017559	gt24	CF-C-provisional	remote_sequence
SCF:0007176	AC:005539	P0AA10	P0AFG0	P62399	SP:0005539	SP:0020913	gt24	CF-C-provisional	remote_sequence
SCF:0007177	AC:005539	P0AA10	P0AFG0	P0A7V0	SP:0005539	SP:0024326	gt24	CF-C-provisional	remote_sequence
SCF:0007178	AC:005539	P0AFG0	P0AA10	P0A7V8	SP:0005539	SP:0024327	gt24	CF-C-provisional	remote_sequence
SCF:0007179	AC:005540	P29220	O51450	P94268	SP:0005540	SP:0024332	gt24	CF-C-provisional	remote_sequence
SCF:0007180	AC:005541	Q23G98	P0DJ60	P0DJ59	SP:0005541	SP:0024335	gt24	CF-C-provisional	remote_sequence
SCF:0007181	AC:005542	P27449	Q9UI12	P61421	SP:0005542	SP:0024338	gt24	CF-C-provisional	remote_sequence
SCF:0007182	AC:005545	Q5SLQ0	Q76G20	Q5SIS0	SP:0005545	SP:0024347	gt24	CF-C-provisional	remote_sequence
SCF:0007183	AC:005547	A0A2K3D424	A0A2K3DTE5	A0A2K3DXQ3	SP:0005547	SP:0024226	gt24	CF-C-provisional	medium
SCF:0007184	AC:005547	A0A2K3D424	A0A2K3DTE5	A8J070	SP:0005547	SP:0024352	gt24	CF-C-provisional	medium
SCF:0007185	AC:005547	A0A2K3DTE5	A0A2K3D424	A0A2K3DR53	SP:0005547	SP:0024354	gt24	CF-C-provisional	medium
SCF:0007186	AC:005547	A0A2K3DTE5	A0A2K3D424	A0A2K3D8F3	SP:0005547	SP:0014992	gt24	CF-C-provisional	remote_sequence
SCF:0007187	AC:005548	P20434	P06839	Q00578	SP:0005548	SP:0024356	gt24	CF-C-provisional	remote_sequence
SCF:0007188	AC:005548	P20434	P06839	P32558	SP:0005548	SP:0024357	gt24	CF-C-provisional	remote_sequence
SCF:0007189	AC:005548	P20434	P06839	P36070	SP:0005548	SP:0024358	gt24	CF-C-provisional	remote_sequence
SCF:0007190	AC:005549	Q6PGF3	Q9CQ39	Q920D3	SP:0005549	SP:0021347	gt24	CF-C-provisional	remote_sequence
SCF:0007191	AC:005549	Q6PGF3	Q9CQ39	Q62276	SP:0005549	SP:0024359	gt24	CF-C-provisional	remote_sequence
SCF:0007192	AC:005549	Q9CQ39	Q6PGF3	Q8VCB2	SP:0005549	SP:0024360	gt24	CF-C-provisional	remote_sequence
SCF:0007193	AC:005550	D2Z097	W8TUC3	A0A2X2M020	SP:0005550	SP:0024362	gt24	CF-C-provisional	remote_sequence
SCF:0007194	AC:005550	D2Z097	W8TUC3	A0A077UDU1	SP:0005550	SP:0014970	gt24	CF-C-provisional	remote_sequence
SCF:0007195	AC:005551	Q2FDE6	Q2FEQ0	Q2FEQ8	SP:0005551	SP:0024366	gt24	CF-C-provisional	medium
SCF:0007196	AC:005552	Q2NL27	P82669	P82917	SP:0005552	SP:0017194	gt24	CF-C-provisional	remote_sequence
SCF:0007197	AC:005556	P13621	Q28852	P07926	SP:0005556	SP:0024379	gt24	CF-C-provisional	remote_sequence
SCF:0007198	AC:005556	Q28852	P13621	P13619	SP:0005556	SP:0013673	gt24	CF-C-provisional	remote_sequence
SCF:0007199	AC:005557	Q9BRT6	O00488	P42766	SP:0005557	SP:0024381	gt24	CF-C-provisional	medium
SCF:0007200	AC:005559	G1ST95	G1SWM1	G1SLC2	SP:0005559	SP:0024384	gt24	CF-C-provisional	remote_sequence
SCF:0007201	AC:005563	A0A8I3P0V3	A0A8I3PII7	A0A8I3NW81	SP:0005563	SP:0024397	gt24	CF-C-provisional	remote_sequence
SCF:0007202	AC:005563	A0A8I3P0V3	A0A8I3PII7	A0A8I3RZF7	SP:0005563	SP:0024398	gt24	CF-C-provisional	remote_sequence
SCF:0007203	AC:005563	A0A8I3P0V3	A0A8I3PII7	A0A8I3PCE5	SP:0005563	SP:0014681	gt24	CF-C-provisional	remote_sequence
SCF:0007204	AC:005563	A0A8I3PII7	A0A8I3P0V3	A0A8I3NW81	SP:0005563	SP:0024399	gt24	CF-C-provisional	medium
SCF:0007205	AC:005563	A0A8I3PII7	A0A8I3P0V3	A0A8I3PCE5	SP:0005563	SP:0024400	gt24	CF-C-provisional	medium
SCF:0007206	AC:005563	A0A8I3PII7	A0A8I3P0V3	A0A8I3RZF7	SP:0005563	SP:0024401	gt24	CF-C-provisional	remote_sequence
SCF:0007207	AC:005564	P28073	P34064	P21670	SP:0005564	SP:0020876	gt24	CF-C-provisional	medium
SCF:0007208	AC:005564	P28073	P34064	P18421	SP:0005564	SP:0024402	gt24	CF-C-provisional	medium
SCF:0007209	AC:005564	P28073	P34064	P18422	SP:0005564	SP:0014621	gt24	CF-C-provisional	medium
SCF:0007210	AC:005564	P34064	P28073	Q9JHW0	SP:0005564	SP:0024403	gt24	CF-C-provisional	medium
SCF:0007211	AC:005564	P34064	P28073	P28075	SP:0005564	SP:0024404	gt24	CF-C-provisional	medium
SCF:0007212	AC:005564	P34064	P28073	P40112	SP:0005564	SP:0014622	gt24	CF-C-provisional	remote_sequence
SCF:0007213	AC:005565	Q6CJK0	Q875N2	Q6CLU4	SP:0005565	SP:0024405	gt24	CF-C-provisional	medium
SCF:0007214	AC:005565	Q6CJK0	Q875N2	Q6CVZ5	SP:0005565	SP:0024406	gt24	CF-C-provisional	remote_sequence
SCF:0007215	AC:005565	Q6CJK0	Q875N2	Q6CWU3	SP:0005565	SP:0023146	gt24	CF-C-provisional	remote_sequence
SCF:0007216	AC:005565	Q875N2	Q6CJK0	P38912	SP:0005565	SP:0024407	gt24	CF-C-provisional	medium
SCF:0007217	AC:005565	Q875N2	Q6CJK0	Q6CXM0	SP:0005565	SP:0024408	gt24	CF-C-provisional	remote_sequence
SCF:0007218	AC:005566	O42846	Q9UUC1	O42991	SP:0005566	SP:0024410	gt24	CF-C-provisional	remote_sequence
SCF:0007219	AC:005566	Q9UUC1	O42846	O74904	SP:0005566	SP:0015520	gt24	CF-C-provisional	remote_sequence
SCF:0007220	AC:005567	A0JLT2	Q9NWA0	O43513	SP:0005567	SP:0020187	gt24	CF-C-provisional	remote_sequence
SCF:0007221	AC:005567	A0JLT2	Q9NWA0	Q9BTT4	SP:0005567	SP:0024412	gt24	CF-C-provisional	remote_sequence
SCF:0007222	AC:005567	Q9NWA0	A0JLT2	P13984	SP:0005567	SP:0024414	gt24	CF-C-provisional	remote_sequence
SCF:0007223	AC:005567	Q9NWA0	A0JLT2	Q96HR3	SP:0005567	SP:0022251	gt24	CF-C-provisional	remote_sequence
SCF:0007224	AC:005569	P34942	Q02372	Q8HXG5	SP:0005569	SP:0016655	gt24	CF-C-provisional	remote_sequence
SCF:0007225	AC:005570	A0A4X1SZP7	Q7IIB7	O79881	SP:0005570	SP:0019385	gt24	CF-C-provisional	high
SCF:0007226	AC:005570	A0A4X1SZP7	Q7IIB7	O79875	SP:0005570	SP:0019729	gt24	CF-C-provisional	remote_sequence
SCF:0007227	AC:005570	A0A4X1SZP7	Q7IIB7	Q9TDR1	SP:0005570	SP:0024424	gt24	CF-C-provisional	remote_sequence
SCF:0007228	AC:005571	P82190	P82413	P82231	SP:0005571	SP:0020968	gt24	CF-C-provisional	medium
SCF:0007229	AC:005571	P82190	P82413	P82193	SP:0005571	SP:0020699	gt24	CF-C-provisional	remote_sequence
SCF:0007230	AC:005574	Q5JJF2	Q5JDH5	Q5JJG8	SP:0005574	SP:0020633	gt24	CF-C-provisional	remote_sequence
SCF:0007231	AC:005575	Q8U014	Q8U0M8	Q8U011	SP:0005575	SP:0024435	gt24	CF-C-provisional	remote_sequence
SCF:0007232	AC:005576	P38633	P34162	Q08278	SP:0005576	SP:0023863	gt24	CF-C-provisional	remote_sequence
SCF:0007233	AC:005577	P12743	P20276	P12736	SP:0005577	SP:0024441	gt24	CF-C-provisional	remote_sequence
SCF:0007234	AC:005579	P20226	P24928	A0A7M4DUC2	SP:0005579	SP:0024445	gt24	CF-C-provisional	high
SCF:0007235	AC:005580	A0A640KBR2	A0A640L0A1	A0A640KZP5	SP:0005580	SP:0017922	gt24	CF-C-provisional	remote_sequence
SCF:0007236	AC:005580	A0A640L0A1	A0A640KBR2	A0A640K9U9	SP:0005580	SP:0024450	gt24	CF-C-provisional	remote_sequence
SCF:0007237	AC:005580	A0A640L0A1	A0A640KBR2	A0A640KSC5	SP:0005580	SP:0021251	gt24	CF-C-provisional	remote_sequence
SCF:0007238	AC:005581	P07273	P32773	Q12343	SP:0005581	SP:0024451	gt24	CF-C-provisional	medium
SCF:0007239	AC:005581	P07273	P32773	P38304	SP:0005581	SP:0024452	gt24	CF-C-provisional	remote_sequence
SCF:0007240	AC:005581	P32773	P07273	Q03290	SP:0005581	SP:0024454	gt24	CF-C-provisional	remote_sequence
SCF:0007241	AC:005581	P32773	P07273	P20433	SP:0005581	SP:0024455	gt24	CF-C-provisional	remote_sequence
SCF:0007242	AC:005581	P32773	P07273	Q02939	SP:0005581	SP:0024456	gt24	CF-C-provisional	remote_sequence
SCF:0007243	AC:005584	Q9D8E6	Q5M9P1	P62911	SP:0005584	SP:0024460	gt24	CF-C-provisional	remote_sequence
SCF:0007244	AC:005584	Q9D8E6	Q5M9P1	Q9D823	SP:0005584	SP:0024461	gt24	CF-C-provisional	remote_sequence
SCF:0007245	AC:005585	P24482	P53091	P24279	SP:0005585	SP:0007887	gt24	CF-C-provisional	medium
SCF:0007246	AC:005585	P53091	P24482	P38132	SP:0005585	SP:0024464	gt24	CF-C-provisional	remote_sequence
SCF:0007247	AC:005585	P53091	P24482	Q08032	SP:0005585	SP:0024465	gt24	CF-C-provisional	remote_sequence
SCF:0007248	AC:005586	Q53GS9	Q9BV90	O95777	SP:0005586	SP:0024467	gt24	CF-C-provisional	remote_sequence
SCF:0007249	AC:005586	Q53GS9	Q9BV90	P83876	SP:0005586	SP:0024468	gt24	CF-C-provisional	remote_sequence
SCF:0007250	AC:005587	P80339	P96077	Q5SLP7	SP:0005587	SP:0020027	gt24	CF-C-provisional	remote_sequence
SCF:0007251	AC:005588	O79880	A0A4X1V0C8	A0A8D1WW27	SP:0005588	SP:0015798	gt24	CF-C-provisional	high
SCF:0007252	AC:005588	O79880	A0A4X1V0C8	A0A8D0Q6N1	SP:0005588	SP:0018445	gt24	CF-C-provisional	remote_sequence
SCF:0007253	AC:005588	O79880	A0A4X1V0C8	A0A4X1VPG4	SP:0005588	SP:0018446	gt24	CF-C-provisional	remote_sequence
SCF:0007254	AC:005589	G0SEI1	G0SFC3	G0SEG2	SP:0005589	SP:0017585	gt24	CF-C-provisional	remote_sequence
SCF:0007255	AC:005589	G0SFC3	G0SEI1	G0SFL0	SP:0005589	SP:0017589	gt24	CF-C-provisional	medium
SCF:0007256	AC:005589	G0SFC3	G0SEI1	G0S9B5	SP:0005589	SP:0018314	gt24	CF-C-provisional	remote_sequence
SCF:0007257	AC:005589	G0SFC3	G0SEI1	G0S4P8	SP:0005589	SP:0018227	gt24	CF-C-provisional	remote_sequence
SCF:0007258	AC:005590	P05767	O14388	O42991	SP:0005590	SP:0021623	gt24	CF-C-provisional	remote_sequence
SCF:0007259	AC:005592	Q4DC23	Q4E078	Q4CPD8	SP:0005592	SP:0015767	gt24	CF-C-provisional	remote_sequence
SCF:0007260	AC:005592	Q4E078	Q4DC23	Q4CV79	SP:0005592	SP:0013940	gt24	CF-C-provisional	remote_sequence
SCF:0007261	AC:005592	Q4E078	Q4DC23	Q4E661	SP:0005592	SP:0016180	gt24	CF-C-provisional	remote_sequence
SCF:0007262	AC:005595	P13352	P14225	A8JCL6	SP:0005595	SP:0024488	gt24	CF-C-provisional	medium
SCF:0007263	AC:005595	P13352	P14225	A8IL32	SP:0005595	SP:0024489	gt24	CF-C-provisional	remote_sequence
SCF:0007264	AC:005597	P9WQK3	P9WH45	P9WH61	SP:0005597	SP:0024498	gt24	CF-C-provisional	remote_sequence
SCF:0007265	AC:005598	P08865	P46783	P47914	SP:0005598	SP:0024500	gt24	CF-C-provisional	medium
SCF:0007266	AC:005598	P08865	P46783	A0A2J8KH59	SP:0005598	SP:0024501	gt24	CF-C-provisional	remote_sequence
SCF:0007267	AC:005601	Q9CQY9	Q9D8B4	G5E814	SP:0005601	SP:0024512	gt24	CF-C-provisional	high
SCF:0007268	AC:005602	Q13352	Q5EE01	P62807	SP:0005602	SP:0009193	gt24	CF-C-provisional	remote_sequence
SCF:0007269	AC:005602	Q5EE01	Q13352	P62807	SP:0005602	SP:0024516	gt24	CF-C-provisional	remote_sequence
SCF:0007270	AC:005603	P40372	Q9USZ6	O60143	SP:0005603	SP:0024089	gt24	CF-C-provisional	remote_sequence
SCF:0007271	AC:005607	A0QSD1	A0QSG0	A0QSF9	SP:0005607	SP:0024531	gt24	CF-C-provisional	medium
SCF:0007272	AC:005607	A0QSD1	A0QSG0	A0QV42	SP:0005607	SP:0024532	gt24	CF-C-provisional	medium
SCF:0007273	AC:005607	A0QSG0	A0QSD1	A0R3D2	SP:0005607	SP:0024533	gt24	CF-C-provisional	remote_sequence
SCF:0007274	AC:005608	G0SCE2	G0SFD6	G0RXZ3	SP:0005608	SP:0024536	gt24	CF-C-provisional	remote_sequence
SCF:0007275	AC:005608	G0SFD6	G0SCE2	G0S6V4	SP:0005608	SP:0024538	gt24	CF-C-provisional	remote_sequence
SCF:0007276	AC:005608	G0SFD6	G0SCE2	G0S0D6	SP:0005608	SP:0024539	gt24	CF-C-provisional	remote_sequence
SCF:0007277	AC:005609	Q5SHQ0	Q5SLP6	P60489	SP:0005609	SP:0024541	gt24	CF-C-provisional	remote_sequence
SCF:0007278	AC:005609	Q5SHQ0	Q5SLP6	P80374	SP:0005609	SP:0024542	gt24	CF-C-provisional	remote_sequence
SCF:0007279	AC:005609	Q5SLP6	Q5SHQ0	P0DOY8	SP:0005609	SP:0021531	gt24	CF-C-provisional	remote_sequence
SCF:0007280	AC:005610	G0SF87	G0S6F0	G0SDM8	SP:0005610	SP:0024546	gt24	CF-C-provisional	remote_sequence
SCF:0007281	AC:005610	G0SF87	G0S6F0	G0S754	SP:0005610	SP:0015351	gt24	CF-C-provisional	remote_sequence
SCF:0007282	AC:005610	G0SF87	G0S6F0	G0S9U7	SP:0005610	SP:0024547	gt24	CF-C-provisional	remote_sequence
SCF:0007283	AC:005611	A8BM86	A8B8Z6	A8BU75	SP:0005611	SP:0018221	gt24	CF-C-provisional	remote_sequence
SCF:0007284	AC:005615	Q642R6	Q6GNX0	Q7ZYJ8	SP:0005615	SP:0013283	gt24	CF-C-provisional	high
SCF:0007285	AC:005615	Q642R6	Q6GNX0	Q4FZW5	SP:0005615	SP:0013280	gt24	CF-C-provisional	medium
SCF:0007286	AC:005615	Q642R6	Q6GNX0	Q6GNF1	SP:0005615	SP:0024559	gt24	CF-C-provisional	medium
SCF:0007287	AC:005616	C3SSG2	C3TE02	C3SSG7	SP:0005616	SP:0024560	gt24	CF-C-provisional	remote_sequence
SCF:0007288	AC:005616	C3TE02	C3SSG2	Q1R610	SP:0005616	SP:0024562	gt24	CF-C-provisional	medium
SCF:0007289	AC:005616	C3TE02	C3SSG2	P61175	SP:0005616	SP:0024563	gt24	CF-C-provisional	medium
SCF:0007290	AC:005617	P40968	Q06217	P43321	SP:0005617	SP:0024564	gt24	CF-C-provisional	remote_sequence
SCF:0007291	AC:005617	Q06217	P40968	P46947	SP:0005617	SP:0024567	gt24	CF-C-provisional	remote_sequence
SCF:0007292	AC:005617	Q06217	P40968	Q12420	SP:0005617	SP:0024568	gt24	CF-C-provisional	remote_sequence
SCF:0007293	AC:005617	Q06217	P40968	P19736	SP:0005617	SP:0016534	gt24	CF-C-provisional	remote_sequence
SCF:0007294	AC:005618	B6J244	B6J2B1	B6J7Y0	SP:0005618	SP:0024569	gt24	CF-C-provisional	remote_sequence
SCF:0007295	AC:005619	P62906	Q9BZE4	O76021	SP:0005619	SP:0024574	gt24	CF-C-provisional	remote_sequence
SCF:0007296	AC:005619	P62906	Q9BZE4	Q8IY81	SP:0005619	SP:0024575	gt24	CF-C-provisional	remote_sequence
SCF:0007297	AC:005619	P62906	Q9BZE4	O94874	SP:0005619	SP:0024576	gt24	CF-C-provisional	remote_sequence
SCF:0007298	AC:005619	Q9BZE4	P62906	P61254	SP:0005619	SP:0014385	gt24	CF-C-provisional	remote_sequence
SCF:0007299	AC:005619	Q9BZE4	P62906	P18621	SP:0005619	SP:0024577	gt24	CF-C-provisional	remote_sequence
SCF:0007300	AC:005619	Q9BZE4	P62906	Q96EY4	SP:0005619	SP:0020503	gt24	CF-C-provisional	remote_sequence
SCF:0007301	AC:005622	A0AA36N6D6	A0AA36N262	A0AA36NBE3	SP:0005622	SP:0014956	gt24	CF-C-provisional	remote_sequence
SCF:0007302	AC:005625	Q9Y3C6	Q9NW82	Q13356	SP:0005625	SP:0024588	gt24	CF-C-provisional	remote_sequence
SCF:0007303	AC:005625	Q9Y3C6	Q9NW82	O60508	SP:0005625	SP:0024589	gt24	CF-C-provisional	remote_sequence
SCF:0007304	AC:005628	Q9V4E0	A8DYC4	Q7JZK1	SP:0005628	SP:0022631	gt24	CF-C-provisional	remote_sequence
SCF:0007305	AC:005628	Q9V4E0	A8DYC4	Q9VTB4	SP:0005628	SP:0022633	gt24	CF-C-provisional	remote_sequence
SCF:0007306	AC:005629	A0A2K1JDE1	A0A2K1KKR9	A9RT62	SP:0005629	SP:0011679	gt24	CF-C-provisional	high
SCF:0007307	AC:005629	A0A2K1JDE1	A0A2K1KKR9	A0A2K1K0E4	SP:0005629	SP:0011678	gt24	CF-C-provisional	medium
SCF:0007308	AC:005631	P04911	Q04636	Q12464	SP:0005631	SP:0006385	gt24	CF-C-provisional	remote_sequence
SCF:0007309	AC:005631	P04911	Q04636	Q03940	SP:0005631	SP:0007402	gt24	CF-C-provisional	remote_sequence
SCF:0007310	AC:005631	P04911	Q04636	P53298	SP:0005631	SP:0007156	gt24	CF-C-provisional	remote_sequence
SCF:0007311	AC:005631	Q04636	P04911	P06897	SP:0005631	SP:0024600	gt24	CF-C-provisional	high
SCF:0007312	AC:005631	Q04636	P04911	P61830	SP:0005631	SP:0024602	gt24	CF-C-provisional	medium
SCF:0007313	AC:005634	A0A0J9X226	A0A0J9X218	A0A0J9X224	SP:0005634	SP:0024610	gt24	CF-C-provisional	medium
SCF:0007314	AC:005635	P07273	P34162	P13393	SP:0005635	SP:0024613	gt24	CF-C-provisional	remote_sequence
SCF:0007315	AC:005636	C6S3J6	Q8ILV2	C0H5G3	SP:0005636	SP:0024615	gt24	CF-C-provisional	remote_sequence
SCF:0007316	AC:005638	Q8C0X7	E9Q9F6	P0DP43	SP:0005638	SP:0024626	gt24	CF-C-provisional	remote_sequence
SCF:0007317	AC:005639	P0CX23	P35178	P38779	SP:0005639	SP:0018076	gt24	CF-C-provisional	remote_sequence
SCF:0007318	AC:005639	P0CX23	P35178	P53927	SP:0005639	SP:0024629	gt24	CF-C-provisional	remote_sequence
SCF:0007319	AC:005639	P0CX23	P35178	P05740	SP:0005639	SP:0018075	gt24	CF-C-provisional	remote_sequence
SCF:0007320	AC:005640	P07255	P08525	P37299	SP:0005640	SP:0024242	gt24	CF-C-provisional	remote_sequence
SCF:0007321	AC:005641	P05749	Q12532	P25582	SP:0005641	SP:0024632	gt24	CF-C-provisional	remote_sequence
SCF:0007322	AC:005641	P05749	Q12532	Q04311	SP:0005641	SP:0014135	gt24	CF-C-provisional	remote_sequence
SCF:0007323	AC:005641	P05749	Q12532	Q02892	SP:0005641	SP:0024633	gt24	CF-C-provisional	remote_sequence
SCF:0007324	AC:005642	P39942	P21282	P61420	SP:0005642	SP:0018095	gt24	CF-C-provisional	remote_sequence
SCF:0007325	AC:005643	Q8U017	Q8TZD9	P61993	SP:0005643	SP:0024640	gt24	CF-C-provisional	remote_sequence
SCF:0007326	AC:005643	Q8U017	Q8TZD9	P61992	SP:0005643	SP:0024641	gt24	CF-C-provisional	remote_sequence
SCF:0007327	AC:005645	Q8N1G4	P62861	P62847	SP:0005645	SP:0024651	gt24	CF-C-provisional	medium
SCF:0007328	AC:005645	Q8N1G4	P62861	P62263	SP:0005645	SP:0021663	gt24	CF-C-provisional	remote_sequence
SCF:0007329	AC:005649	O51313	O51405	O51445	SP:0005649	SP:0023129	gt24	CF-C-provisional	medium
SCF:0007330	AC:005649	O51405	O51313	O51445	SP:0005649	SP:0017892	gt24	CF-C-provisional	remote_sequence
SCF:0007331	AC:005650	Q2FG80	Q2FER3	Q2FEP9	SP:0005650	SP:0024663	gt24	CF-C-provisional	remote_sequence
SCF:0007332	AC:005651	R4ZGV2	R4ZGZ0	R4ZGX1	SP:0005651	SP:0020746	gt24	CF-C-provisional	medium
SCF:0007333	AC:005651	R4ZGZ0	R4ZGV2	R4ZGU2	SP:0005651	SP:0015115	gt24	CF-C-provisional	remote_sequence
SCF:0007334	AC:005652	P12355	P17228	P17227	SP:0005652	SP:0024669	gt24	CF-C-provisional	high
SCF:0007335	AC:005653	A0A640K9U9	A0A640KGL4	A0A640KG82	SP:0005653	SP:0021128	gt24	CF-C-provisional	medium
SCF:0007336	AC:005653	A0A640K9U9	A0A640KGL4	A0A640L0A1	SP:0005653	SP:0024450	gt24	CF-C-provisional	remote_sequence
SCF:0007337	AC:005653	A0A640K9U9	A0A640KGL4	A0A640KSC5	SP:0005653	SP:0021129	gt24	CF-C-provisional	remote_sequence
SCF:0007338	AC:005653	A0A640KGL4	A0A640K9U9	A0A640KQX8	SP:0005653	SP:0017920	gt24	CF-C-provisional	remote_sequence
SCF:0007339	AC:005657	O31742	P37807	P05657	SP:0005657	SP:0024681	gt24	CF-C-provisional	remote_sequence
SCF:0007340	AC:005657	P37807	O31742	P42924	SP:0005657	SP:0024683	gt24	CF-C-provisional	remote_sequence
SCF:0007341	AC:005658	G0RXZ3	G0SHX6	G0S2I7	SP:0005658	SP:0024686	gt24	CF-C-provisional	remote_sequence
SCF:0007342	AC:005658	G0SHX6	G0RXZ3	G0S4P8	SP:0005658	SP:0024688	gt24	CF-C-provisional	remote_sequence
SCF:0007343	AC:005658	G0SHX6	G0RXZ3	G0SFL0	SP:0005658	SP:0024689	gt24	CF-C-provisional	remote_sequence
SCF:0007344	AC:005664	Q9HVY2	Q9HWF0	Q9HUN2	SP:0005664	SP:0024701	gt24	CF-C-provisional	remote_sequence
SCF:0007345	AC:005664	Q9HWF0	Q9HVY2	Q9HWE6	SP:0005664	SP:0024704	gt24	CF-C-provisional	medium
SCF:0007346	AC:005664	Q9HWF0	Q9HVY2	Q9HWF8	SP:0005664	SP:0021945	gt24	CF-C-provisional	remote_sequence
SCF:0007347	AC:005664	Q9HWF0	Q9HVY2	Q9HUM9	SP:0005664	SP:0021944	gt24	CF-C-provisional	remote_sequence
SCF:0007348	AC:005665	G0SHC8	G0SGY1	G0S507	SP:0005665	SP:0024707	gt24	CF-C-provisional	remote_sequence
SCF:0007349	AC:005666	Q5SHP0	Q8VVE3	Q5SHQ7	SP:0005666	SP:0019069	gt24	CF-C-provisional	medium
SCF:0007350	AC:005668	Q97ZY7	Q9UX87	Q980A6	SP:0005668	SP:0018544	gt24	CF-C-provisional	remote_sequence
SCF:0007351	AC:005671	Q8U011	Q8U0F0	P61994	SP:0005671	SP:0024086	gt24	CF-C-provisional	medium
SCF:0007352	AC:005671	Q8U0F0	Q8U011	Q8U0M8	SP:0005671	SP:0024720	gt24	CF-C-provisional	remote_sequence
SCF:0007353	AC:005677	A0A6P9FRJ5	A0A6P3E3I5	O78747	SP:0005677	SP:0018141	gt24	CF-C-provisional	remote_sequence
SCF:0007354	AC:005678	Q22X38	Q236T0	P0DJ18	SP:0005678	SP:0023773	gt24	CF-C-provisional	remote_sequence
SCF:0007355	AC:005678	Q236T0	Q22X38	Q00454	SP:0005678	SP:0015584	gt24	CF-C-provisional	remote_sequence
SCF:0007356	AC:005678	Q236T0	Q22X38	P0DJ22	SP:0005678	SP:0024745	gt24	CF-C-provisional	remote_sequence
SCF:0007357	AC:005679	Q9CQV5	Q9CQE3	Q9D2R8	SP:0005679	SP:0018083	gt24	CF-C-provisional	medium
SCF:0007358	AC:005679	Q9CQV5	Q9CQE3	Q9CR88	SP:0005679	SP:0018249	gt24	CF-C-provisional	remote_sequence
SCF:0007359	AC:005681	A0A3B6DD91	A0A3B5Z5M6	Q8L806	SP:0005681	SP:0024752	gt24	CF-C-provisional	medium
SCF:0007360	AC:005682	Q4E088	Q4DEK4	Q4DW38	SP:0005682	SP:0015055	gt24	CF-C-provisional	medium
SCF:0007361	AC:005685	O74175	P40372	O74978	SP:0005685	SP:0021060	gt24	CF-C-provisional	remote_sequence
SCF:0007362	AC:005685	O74175	P40372	Q9Y7Z1	SP:0005685	SP:0024763	gt24	CF-C-provisional	remote_sequence
SCF:0007363	AC:005685	P40372	O74175	O94238	SP:0005685	SP:0019587	gt24	CF-C-provisional	remote_sequence
SCF:0007364	AC:005686	P46199	P82663	A0A4X1U6S6	SP:0005686	SP:0024765	gt24	CF-C-provisional	remote_sequence
SCF:0007365	AC:005687	G0S0E5	G0SDS8	G0SCE2	SP:0005687	SP:0019669	gt24	CF-C-provisional	remote_sequence
SCF:0007366	AC:005688	O74905	P79071	P57728	SP:0005688	SP:0016481	gt24	CF-C-provisional	remote_sequence
SCF:0007367	AC:005688	P79071	O74905	O14339	SP:0005688	SP:0018853	gt24	CF-C-provisional	remote_sequence
SCF:0007368	AC:005688	P79071	O74905	O74904	SP:0005688	SP:0024772	gt24	CF-C-provisional	remote_sequence
SCF:0007369	AC:005688	P79071	O74905	O74175	SP:0005688	SP:0021059	gt24	CF-C-provisional	remote_sequence
SCF:0007370	AC:005689	A2DP51	A2DZ26	A2G4E1	SP:0005689	SP:0016137	gt24	CF-C-provisional	remote_sequence
SCF:0007371	AC:005691	A8I2U9	Q01656	A8IKR9	SP:0005691	SP:0024778	gt24	CF-C-provisional	remote_sequence
SCF:0007372	AC:005693	F1RUU2	F1RLM4	I3LU08	SP:0005693	SP:0024782	gt24	CF-C-provisional	remote_sequence
SCF:0007373	AC:005697	P23258	Q13509	P68363	SP:0005697	SP:0024790	gt24	CF-C-provisional	medium
SCF:0007374	AC:005697	Q13509	P23258	P68363	SP:0005697	SP:0024793	gt24	CF-C-provisional	medium
SCF:0007375	AC:005697	Q13509	P23258	Q71U36	SP:0005697	SP:0024794	gt24	CF-C-provisional	medium
SCF:0007376	AC:005698	A9SL09	A0A2K1J0L9	A0A2K1IAD0	SP:0005698	SP:0006654	gt24	CF-C-provisional	remote_sequence
SCF:0007377	AC:005698	A9SL09	A0A2K1J0L9	A9RT62	SP:0005698	SP:0009640	gt24	CF-C-provisional	remote_sequence
SCF:0007378	AC:005699	G1SQV5	G1TPG3	G1TN62	SP:0005699	SP:0020290	gt24	CF-C-provisional	remote_sequence
SCF:0007379	AC:005699	G1SQV5	G1TPG3	G1SFR8	SP:0005699	SP:0020292	gt24	CF-C-provisional	remote_sequence
SCF:0007380	AC:005700	Q08278	Q99278	Q06213	SP:0005700	SP:0015641	gt24	CF-C-provisional	remote_sequence
SCF:0007381	AC:005700	Q99278	Q08278	P38304	SP:0005700	SP:0019298	gt24	CF-C-provisional	remote_sequence
SCF:0007382	AC:005701	E9BJV7	A0A3S5H6N5	E9BJI2	SP:0005701	SP:0023792	gt24	CF-C-provisional	remote_sequence
SCF:0007383	AC:005702	Q9D0Q7	Q9D1I6	Q9D1N9	SP:0005702	SP:0014584	gt24	CF-C-provisional	remote_sequence
SCF:0007384	AC:005702	Q9D1I6	Q9D0Q7	Q9D338	SP:0005702	SP:0020043	gt24	CF-C-provisional	medium
SCF:0007385	AC:005702	Q9D1I6	Q9D0Q7	Q9JKF7	SP:0005702	SP:0024803	gt24	CF-C-provisional	remote_sequence
SCF:0007386	AC:005702	Q9D1I6	Q9D0Q7	Q9DCI9	SP:0005702	SP:0024804	gt24	CF-C-provisional	remote_sequence
SCF:0007387	AC:005704	Q8VCD5	Q6PGF3	Q8VCB2	SP:0005704	SP:0017770	gt24	CF-C-provisional	remote_sequence
SCF:0007388	AC:005706	O15239	Q16718	P51970	SP:0005706	SP:0024810	gt24	CF-C-provisional	remote_sequence
SCF:0007389	AC:005707	Q9HWD7	Q9HWF3	Q9HWE3	SP:0005707	SP:0024814	gt24	CF-C-provisional	remote_sequence
SCF:0007390	AC:005711	G1DJA3	G1DJA6	G1DJ98	SP:0005711	SP:0024824	gt24	CF-C-provisional	remote_sequence
SCF:0007391	AC:005713	Q9CPY1	Q8R035	Q9CQ06	SP:0005713	SP:0024831	gt24	CF-C-provisional	remote_sequence
SCF:0007392	AC:005715	G0S9B5	G0SCP3	G0S0Z3	SP:0005715	SP:0015571	gt24	CF-C-provisional	remote_sequence
SCF:0007393	AC:005715	G0SCP3	G0S9B5	G0S081	SP:0005715	SP:0016768	gt24	CF-C-provisional	remote_sequence
SCF:0007394	AC:005717	G0S681	G1DJ98	G1DJA3	SP:0005717	SP:0019558	gt24	CF-C-provisional	remote_sequence
SCF:0007395	AC:005718	Q5JFZ5	Q5JGN5	Q5JDH5	SP:0005718	SP:0019204	gt24	CF-C-provisional	remote_sequence
SCF:0007396	AC:005719	Q9W125	Q9VQD7	Q9W402	SP:0005719	SP:0020919	gt24	CF-C-provisional	medium
SCF:0007397	AC:005721	P02358	P0A7L0	P60723	SP:0005721	SP:0024846	gt24	CF-C-provisional	remote_sequence
SCF:0007398	AC:005721	P02358	P0A7L0	P0A7J3	SP:0005721	SP:0024847	gt24	CF-C-provisional	remote_sequence
SCF:0007399	AC:005721	P02358	P0A7L0	P0A707	SP:0005721	SP:0009330	gt24	CF-C-provisional	remote_sequence
SCF:0007400	AC:005721	P0A7L0	P02358	P0A7K6	SP:0005721	SP:0024848	gt24	CF-C-provisional	remote_sequence
SCF:0007401	AC:005721	P0A7L0	P02358	P0A7J7	SP:0005721	SP:0024849	gt24	CF-C-provisional	remote_sequence
SCF:0007402	AC:005722	Q15050	Q9UKD2	O95478	SP:0005722	SP:0024851	gt24	CF-C-provisional	medium
SCF:0007403	AC:005722	Q15050	Q9UKD2	Q8TDN6	SP:0005722	SP:0015874	gt24	CF-C-provisional	remote_sequence
SCF:0007404	AC:005722	Q15050	Q9UKD2	Q9Y221	SP:0005722	SP:0021935	gt24	CF-C-provisional	remote_sequence
SCF:0007405	AC:005722	Q9UKD2	Q15050	P36578	SP:0005722	SP:0024852	gt24	CF-C-provisional	remote_sequence
SCF:0007406	AC:005723	P25443	Q07381	P32497	SP:0005723	SP:0024854	gt24	CF-C-provisional	remote_sequence
SCF:0007407	AC:005724	P80376	Q5SLP8	P80380	SP:0005724	SP:0024860	gt24	CF-C-provisional	remote_sequence
SCF:0007408	AC:005724	Q5SLP8	P80376	P80374	SP:0005724	SP:0024863	gt24	CF-C-provisional	remote_sequence
SCF:0007409	AC:005724	Q5SLP8	P80376	P0DOY8	SP:0005724	SP:0021532	gt24	CF-C-provisional	remote_sequence
SCF:0007410	AC:005726	A0A2K3DCN8	Q27YU7	A8HNV0	SP:0005726	SP:0016468	gt24	CF-C-provisional	medium
SCF:0007411	AC:005727	A0A7T7JN26	Q9LKC7	F2DWH9	SP:0005727	SP:0024868	gt24	CF-C-provisional	remote_sequence
SCF:0007412	AC:005729	P95987	Q9UX94	Q980W3	SP:0005729	SP:0024871	gt24	CF-C-provisional	remote_sequence
SCF:0007413	AC:005729	Q9UX94	P95987	Q980W3	SP:0005729	SP:0024872	gt24	CF-C-provisional	remote_sequence
SCF:0007414	AC:005729	Q9UX94	P95987	Q97ZY6	SP:0005729	SP:0024873	gt24	CF-C-provisional	remote_sequence
SCF:0007415	AC:005729	Q9UX94	P95987	Q9UXA3	SP:0005729	SP:0024874	gt24	CF-C-provisional	remote_sequence
SCF:0007416	AC:005731	P0CX82	Q08962	P05738	SP:0005731	SP:0024880	gt24	CF-C-provisional	medium
SCF:0007417	AC:005731	P0CX82	Q08962	P51401	SP:0005731	SP:0024881	gt24	CF-C-provisional	remote_sequence
SCF:0007418	AC:005731	P0CX82	Q08962	P05737	SP:0005731	SP:0018449	gt24	CF-C-provisional	remote_sequence
SCF:0007419	AC:005731	Q08962	P0CX82	Q12690	SP:0005731	SP:0024882	gt24	CF-C-provisional	medium
SCF:0007420	AC:005731	Q08962	P0CX82	Q02326	SP:0005731	SP:0023423	gt24	CF-C-provisional	remote_sequence
SCF:0007421	AC:005731	Q08962	P0CX82	P40078	SP:0005731	SP:0024883	gt24	CF-C-provisional	remote_sequence
SCF:0007422	AC:005732	A0A3Q8IHK2	E9B8R9	E9BP34	SP:0005732	SP:0022187	gt24	CF-C-provisional	remote_sequence
SCF:0007423	AC:005733	Q75VZ0	Q93WL4	Q9ZSJ4	SP:0005733	SP:0011806	gt24	CF-C-provisional	high
SCF:0007424	AC:005733	Q75VZ0	Q93WL4	Q05093	SP:0005733	SP:0007481	gt24	CF-C-provisional	medium
SCF:0007425	AC:005733	Q75VZ0	Q93WL4	Q75VY6	SP:0005733	SP:0007480	gt24	CF-C-provisional	medium
SCF:0007426	AC:005733	Q93WL4	Q75VZ0	Q75VY6	SP:0005733	SP:0008833	gt24	CF-C-provisional	high
SCF:0007427	AC:005733	Q93WL4	Q75VZ0	Q75VY8	SP:0005733	SP:0013830	gt24	CF-C-provisional	high
SCF:0007428	AC:005733	Q93WL4	Q75VZ0	Q75VY7	SP:0005733	SP:0024884	gt24	CF-C-provisional	high
SCF:0007429	AC:005734	A0A1S4D5P7	A0A1S4D1U6	A0A1S4D2I2	SP:0005734	SP:0024889	gt24	CF-C-provisional	remote_sequence
SCF:0007430	AC:005735	P0C2H6	Q08962	P05738	SP:0005735	SP:0024890	gt24	CF-C-provisional	medium
SCF:0007431	AC:005735	P0C2H6	Q08962	P05737	SP:0005735	SP:0024891	gt24	CF-C-provisional	remote_sequence
SCF:0007432	AC:005735	P0C2H6	Q08962	Q02326	SP:0005735	SP:0024892	gt24	CF-C-provisional	remote_sequence
SCF:0007433	AC:005735	Q08962	P0C2H6	Q02326	SP:0005735	SP:0023423	gt24	CF-C-provisional	remote_sequence
SCF:0007434	AC:005737	A0A3Q8IIY4	A0A504Y5E1	A0A3Q8IC41	SP:0005737	SP:0024898	gt24	CF-C-provisional	medium
SCF:0007435	AC:005737	A0A3Q8IIY4	A0A504Y5E1	A0A3S7X127	SP:0005737	SP:0024899	gt24	CF-C-provisional	remote_sequence
SCF:0007436	AC:005737	A0A504Y5E1	A0A3Q8IIY4	A0A3Q8IVH0	SP:0005737	SP:0024900	gt24	CF-C-provisional	medium
SCF:0007437	AC:005737	A0A504Y5E1	A0A3Q8IIY4	A0A3Q8IB07	SP:0005737	SP:0024901	gt24	CF-C-provisional	remote_sequence
SCF:0007438	AC:005737	A0A504Y5E1	A0A3Q8IIY4	A0A3Q8IC41	SP:0005737	SP:0024902	gt24	CF-C-provisional	remote_sequence
SCF:0007439	AC:005738	O15371	O00303	O15372	SP:0005738	SP:0024906	gt24	CF-C-provisional	medium
SCF:0007440	AC:005738	O15371	O00303	P15880	SP:0005738	SP:0024907	gt24	CF-C-provisional	remote_sequence
SCF:0007441	AC:005738	O15371	O00303	P63244	SP:0005738	SP:0020138	gt24	CF-C-provisional	remote_sequence
SCF:0007442	AC:005740	P18929	Q9V3W2	Q9VTU2	SP:0005740	SP:0023107	gt24	CF-C-provisional	remote_sequence
SCF:0007443	AC:005741	Q7RXU7	Q7SEK9	Q1K7L7	SP:0005741	SP:0024911	gt24	CF-C-provisional	remote_sequence
SCF:0007444	AC:005741	Q7RXU7	Q7SEK9	Q7SC44	SP:0005741	SP:0024912	gt24	CF-C-provisional	remote_sequence
SCF:0007445	AC:005741	Q7RXU7	Q7SEK9	Q1K8Y7	SP:0005741	SP:0024913	gt24	CF-C-provisional	remote_sequence
SCF:0007446	AC:005741	Q7SEK9	Q7RXU7	Q7SC44	SP:0005741	SP:0024914	gt24	CF-C-provisional	remote_sequence
SCF:0007447	AC:005743	A0A2R6W6G7	A0A2R6X3Q4	A0A2R6XLB4	SP:0005743	SP:0024922	gt24	CF-C-provisional	remote_sequence
SCF:0007448	AC:005743	A0A2R6X3Q4	A0A2R6W6G7	I7JWJ2	SP:0005743	SP:0015908	gt24	CF-C-provisional	medium
SCF:0007449	AC:005744	P38061	P38344	P38805	SP:0005744	SP:0024926	gt24	CF-C-provisional	remote_sequence
SCF:0007450	AC:005744	P38061	P38344	Q08235	SP:0005744	SP:0024927	gt24	CF-C-provisional	remote_sequence
SCF:0007451	AC:005744	P38344	P38061	P05740	SP:0005744	SP:0024929	gt24	CF-C-provisional	remote_sequence
SCF:0007452	AC:005744	P38344	P38061	Q02753	SP:0005744	SP:0024930	gt24	CF-C-provisional	remote_sequence
SCF:0007453	AC:005745	Q96DI7	Q9BWG6	P14678	SP:0005745	SP:0024932	gt24	CF-C-provisional	remote_sequence
SCF:0007454	AC:005746	A0A2I0BP34	W7JVP8	W7KN95	SP:0005746	SP:0017995	gt24	CF-C-provisional	medium
SCF:0007455	AC:005746	A0A2I0BP34	W7JVP8	W7K5W7	SP:0005746	SP:0019270	gt24	CF-C-provisional	medium
SCF:0007456	AC:005746	A0A2I0BP34	W7JVP8	A0A2I0BS43	SP:0005746	SP:0017996	gt24	CF-C-provisional	medium
SCF:0007457	AC:005746	W7JVP8	A0A2I0BP34	W7KN95	SP:0005746	SP:0016956	gt24	CF-C-provisional	medium
SCF:0007458	AC:005746	W7JVP8	A0A2I0BP34	A0A2I0BQ13	SP:0005746	SP:0024938	gt24	CF-C-provisional	medium
SCF:0007459	AC:005747	A0A0U5AWX6	A0A660JIB9	A0A660JJV9	SP:0005747	SP:0024939	gt24	CF-C-provisional	medium
SCF:0007460	AC:005747	A0A0U5AWX6	A0A660JIB9	A0A660JKZ6	SP:0005747	SP:0024940	gt24	CF-C-provisional	remote_sequence
SCF:0007461	AC:005749	Q6CG53	Q6C926	Q6C4W9	SP:0005749	SP:0024948	gt24	CF-C-provisional	remote_sequence
SCF:0007462	AC:005751	P0A6M8	P0AG59	P0A7S9	SP:0005751	SP:0024954	gt24	CF-C-provisional	remote_sequence
SCF:0007463	AC:005751	P0AG59	P0A6M8	Q2G0N1	SP:0005751	SP:0024956	gt24	CF-C-provisional	high
SCF:0007464	AC:005751	P0AG59	P0A6M8	P0AG67	SP:0005751	SP:0024957	gt24	CF-C-provisional	remote_sequence
SCF:0007465	AC:005752	A0A1B4XKT6	A0A1B4XKU1	A0A1B4XKV5	SP:0005752	SP:0024015	gt24	CF-C-provisional	remote_sequence
SCF:0007466	AC:005752	A0A1B4XKT6	A0A1B4XKU1	A0A1B4XMC1	SP:0005752	SP:0020023	gt24	CF-C-provisional	remote_sequence
SCF:0007467	AC:005752	A0A1B4XKU1	A0A1B4XKT6	A0A1B4XMC1	SP:0005752	SP:0017852	gt24	CF-C-provisional	medium
SCF:0007468	AC:005752	A0A1B4XKU1	A0A1B4XKT6	A0A1B4XKR7	SP:0005752	SP:0024959	gt24	CF-C-provisional	remote_sequence
SCF:0007469	AC:005752	A0A1B4XKU1	A0A1B4XKT6	A0A1B4XKV5	SP:0005752	SP:0024960	gt24	CF-C-provisional	remote_sequence
SCF:0007470	AC:005754	Q13573	Q15393	Q15029	SP:0005754	SP:0024962	gt24	CF-C-provisional	remote_sequence
SCF:0007471	AC:005754	Q13573	Q15393	Q92620	SP:0005754	SP:0022854	gt24	CF-C-provisional	remote_sequence
SCF:0007472	AC:005754	Q15393	Q13573	Q13123	SP:0005754	SP:0016025	gt24	CF-C-provisional	medium
SCF:0007473	AC:005754	Q15393	Q13573	Q9Y6J9	SP:0005754	SP:0024963	gt24	CF-C-provisional	remote_sequence
SCF:0007474	AC:005755	A0QSD5	A0QSG4	A0R3D2	SP:0005755	SP:0024965	gt24	CF-C-provisional	remote_sequence
SCF:0007475	AC:005755	A0QSG4	A0QSD5	A0QSL5	SP:0005755	SP:0013787	gt24	CF-C-provisional	remote_sequence
SCF:0007476	AC:005757	Q13356	Q9HCS7	Q9BZJ0	SP:0005757	SP:0024969	gt24	CF-C-provisional	medium
SCF:0007477	AC:005758	D0CA77	D0CCZ8	D0CD16	SP:0005758	SP:0018656	gt24	CF-C-provisional	remote_sequence
SCF:0007478	AC:005761	Q9JKF7	Q9CQL5	Q9CQL4	SP:0005761	SP:0024979	gt24	CF-C-provisional	medium
SCF:0007479	AC:005761	Q9JKF7	Q9CQL5	Q9DCI9	SP:0005761	SP:0021829	gt24	CF-C-provisional	remote_sequence
SCF:0007480	AC:005761	Q9JKF7	Q9CQL5	Q9D7N6	SP:0005761	SP:0014797	gt24	CF-C-provisional	remote_sequence
SCF:0007481	AC:005762	B0C6Z7	B0C3E5	B0C1V7	SP:0005762	SP:0020736	gt24	CF-C-provisional	medium
SCF:0007482	AC:005764	A0A9J4RF63	A0A8N7XJ91	A0A6P7EX23	SP:0005764	SP:0015527	gt24	CF-C-provisional	remote_sequence
SCF:0007483	AC:005766	Q6CS01	Q6CMG3	Q6CWD0	SP:0005766	SP:0019307	gt24	CF-C-provisional	remote_sequence
SCF:0007484	AC:005768	P82933	Q9BYN8	Q9Y2R9	SP:0005768	SP:0025002	gt24	CF-C-provisional	medium
SCF:0007485	AC:005768	P82933	Q9BYN8	Q9NRX2	SP:0005768	SP:0025003	gt24	CF-C-provisional	medium
SCF:0007486	AC:005768	P82933	Q9BYN8	Q9BYD2	SP:0005768	SP:0025004	gt24	CF-C-provisional	remote_sequence
SCF:0007487	AC:005768	Q9BYN8	P82933	Q92552	SP:0005768	SP:0018829	gt24	CF-C-provisional	remote_sequence
SCF:0007488	AC:005768	Q9BYN8	P82933	P82914	SP:0005768	SP:0025005	gt24	CF-C-provisional	remote_sequence
SCF:0007489	AC:005770	O60164	O74904	O42846	SP:0005770	SP:0025007	gt24	CF-C-provisional	remote_sequence
SCF:0007490	AC:005771	A0ACD6BAB4	A0ACD6BAB6	A0ACD6BAB5	SP:0005771	SP:0025011	gt24	CF-C-provisional	remote_sequence
SCF:0007491	AC:005772	Q12874	Q9Y333	P62314	SP:0005772	SP:0019293	gt24	CF-C-provisional	medium
SCF:0007492	AC:005773	A0A2D0TCJ2	P06006	P06585	SP:0005773	SP:0025016	gt24	CF-C-provisional	medium
SCF:0007493	AC:005773	A0A2D0TCJ2	P06006	P06004	SP:0005773	SP:0022818	gt24	CF-C-provisional	remote_sequence
SCF:0007494	AC:005773	P06006	A0A2D0TCJ2	P13555	SP:0005773	SP:0025017	gt24	CF-C-provisional	remote_sequence
SCF:0007495	AC:005773	P06006	A0A2D0TCJ2	P69529	SP:0005773	SP:0022823	gt24	CF-C-provisional	remote_sequence
SCF:0007496	AC:005775	A8BE02	A8BZD3	A8B252	SP:0005775	SP:0025021	gt24	CF-C-provisional	remote_sequence
SCF:0007497	AC:005778	A0A0J9X227	A0A0J9X224	A0A0J9X218	SP:0005778	SP:0025035	gt24	CF-C-provisional	medium
SCF:0007498	AC:005779	P62663	P62238	P62655	SP:0005779	SP:0021397	gt24	CF-C-provisional	remote_sequence
SCF:0007499	AC:005780	Q9CQL5	Q9CR59	Q9D8P4	SP:0005780	SP:0016836	gt24	CF-C-provisional	medium
SCF:0007500	AC:005780	Q9CQL5	Q9CR59	Q9DCI9	SP:0005780	SP:0014616	gt24	CF-C-provisional	remote_sequence
SCF:0007501	AC:005780	Q9CQL5	Q9CR59	Q9D338	SP:0005780	SP:0024978	gt24	CF-C-provisional	remote_sequence
SCF:0007502	AC:005780	Q9CR59	Q9CQL5	Q9D1P0	SP:0005780	SP:0019181	gt24	CF-C-provisional	remote_sequence
SCF:0007503	AC:005780	Q9CR59	Q9CQL5	Q8BU88	SP:0005780	SP:0019182	gt24	CF-C-provisional	remote_sequence
SCF:0007504	AC:005780	Q9CR59	Q9CQL5	Q9D7N6	SP:0005780	SP:0014579	gt24	CF-C-provisional	remote_sequence
SCF:0007505	AC:005781	P12687	P51998	P36528	SP:0005781	SP:0022547	gt24	CF-C-provisional	remote_sequence
SCF:0007506	AC:005781	P51998	P12687	P36520	SP:0005781	SP:0022546	gt24	CF-C-provisional	medium
SCF:0007507	AC:005781	P51998	P12687	P32387	SP:0005781	SP:0025041	gt24	CF-C-provisional	remote_sequence
SCF:0007508	AC:005783	Q9D0Q7	Q9CQN7	Q99N92	SP:0005783	SP:0020165	gt24	CF-C-provisional	medium
SCF:0007509	AC:005785	G1BIZ0	H8Z3S4	H8Z3R9	SP:0005785	SP:0025052	gt24	CF-C-provisional	medium
SCF:0007510	AC:005785	H8Z3S4	G1BIZ0	H8Z3R9	SP:0005785	SP:0025055	gt24	CF-C-provisional	high
SCF:0007511	AC:005786	Q9NP92	Q9NYK5	Q9NX20	SP:0005786	SP:0025058	gt24	CF-C-provisional	remote_sequence
SCF:0007512	AC:005786	Q9NP92	Q9NYK5	Q9BYD3	SP:0005786	SP:0025059	gt24	CF-C-provisional	remote_sequence
SCF:0007513	AC:005786	Q9NYK5	Q9NP92	P49411	SP:0005786	SP:0025061	gt24	CF-C-provisional	remote_sequence
SCF:0007514	AC:005787	A0A8D0Q6N1	A0A8W4F7N8	A0A4X1VX77	SP:0005787	SP:0025064	gt24	CF-C-provisional	medium
SCF:0007515	AC:005787	A0A8D0Q6N1	A0A8W4F7N8	A0A480TFA5	SP:0005787	SP:0025065	gt24	CF-C-provisional	remote_sequence
SCF:0007516	AC:005787	A0A8W4F7N8	A0A8D0Q6N1	A0A4X1VPG4	SP:0005787	SP:0025067	gt24	CF-C-provisional	high
SCF:0007517	AC:005787	A0A8W4F7N8	A0A8D0Q6N1	A0A287AAR5	SP:0005787	SP:0025068	gt24	CF-C-provisional	remote_sequence
SCF:0007518	AC:005788	P12629	P82180	P23326	SP:0005788	SP:0020966	gt24	CF-C-provisional	medium
SCF:0007519	AC:005788	P12629	P82180	P82403	SP:0005788	SP:0021779	gt24	CF-C-provisional	medium
SCF:0007520	AC:005788	P82180	P12629	P27683	SP:0005788	SP:0025070	gt24	CF-C-provisional	remote_sequence
SCF:0007521	AC:005789	O94822	P18621	P84098	SP:0005789	SP:0025073	gt24	CF-C-provisional	remote_sequence
SCF:0007522	AC:005789	O94822	P18621	P62899	SP:0005789	SP:0025074	gt24	CF-C-provisional	remote_sequence
SCF:0007523	AC:005790	Q9GZL7	Q8WTT2	Q14137	SP:0005790	SP:0022761	gt24	CF-C-provisional	remote_sequence
SCF:0007524	AC:005792	E1UWE3	E1UWC9	E1UWD2	SP:0005792	SP:0025083	gt24	CF-C-provisional	remote_sequence
SCF:0007525	AC:005793	O14187	Q9UUC6	O42661	SP:0005793	SP:0025085	gt24	CF-C-provisional	medium
SCF:0007526	AC:005793	O14187	Q9UUC6	Q10163	SP:0005793	SP:0025086	gt24	CF-C-provisional	remote_sequence
SCF:0007527	AC:005794	A0T0T1	B8BX93	B8BVI1	SP:0005794	SP:0018091	gt24	CF-C-provisional	high
SCF:0007528	AC:005794	A0T0T1	B8BX93	B8BUU4	SP:0005794	SP:0023969	gt24	CF-C-provisional	medium
SCF:0007529	AC:005794	A0T0T1	B8BX93	B8BVI4	SP:0005794	SP:0025090	gt24	CF-C-provisional	remote_sequence
SCF:0007530	AC:005797	P39744	Q04660	Q07896	SP:0005797	SP:0025102	gt24	CF-C-provisional	medium
SCF:0007531	AC:005797	Q04660	P39744	P25808	SP:0005797	SP:0014138	gt24	CF-C-provisional	remote_sequence
SCF:0007532	AC:005797	Q04660	P39744	Q03532	SP:0005797	SP:0025104	gt24	CF-C-provisional	remote_sequence
SCF:0007533	AC:005797	Q04660	P39744	Q07896	SP:0005797	SP:0025105	gt24	CF-C-provisional	remote_sequence
SCF:0007534	AC:005799	A0A286ZNK1	F1S9B7	A0A5G2R2V2	SP:0005799	SP:0025110	gt24	CF-C-provisional	remote_sequence
SCF:0007535	AC:005800	A0A836D7R1	A0A6P3E3I5	O78747	SP:0005800	SP:0022995	gt24	CF-C-provisional	remote_sequence
SCF:0007536	AC:005801	K7GR43	Q7IIB7	Q9TDR1	SP:0005801	SP:0025116	gt24	CF-C-provisional	remote_sequence
SCF:0007537	AC:005801	K7GR43	Q7IIB7	O79874	SP:0005801	SP:0025117	gt24	CF-C-provisional	remote_sequence
SCF:0007538	AC:005802	P18621	Q8TDD1	Q9NVP1	SP:0005802	SP:0017187	gt24	CF-C-provisional	remote_sequence
SCF:0007539	AC:005802	P18621	Q8TDD1	Q9NVU7	SP:0005802	SP:0025121	gt24	CF-C-provisional	remote_sequence
SCF:0007540	AC:005802	P18621	Q8TDD1	Q13823	SP:0005802	SP:0025122	gt24	CF-C-provisional	remote_sequence
SCF:0007541	AC:005804	A0A8D1UDM1	F1ST79	A0A287ANU4	SP:0005804	SP:0025126	gt24	CF-C-provisional	high
SCF:0007542	AC:005804	A0A8D1UDM1	F1ST79	A0A4X1SZV4	SP:0005804	SP:0025047	gt24	CF-C-provisional	remote_sequence
SCF:0007543	AC:005806	P14120	P53261	P25582	SP:0005806	SP:0025134	gt24	CF-C-provisional	remote_sequence
SCF:0007544	AC:005806	P14120	P53261	P25808	SP:0005806	SP:0014137	gt24	CF-C-provisional	remote_sequence
SCF:0007545	AC:005806	P53261	P14120	P04456	SP:0005806	SP:0025136	gt24	CF-C-provisional	remote_sequence
SCF:0007546	AC:005807	P05756	P0C0X0	Q3E7X9	SP:0005807	SP:0025139	gt24	CF-C-provisional	high
SCF:0007547	AC:005807	P0C0X0	P05756	O13516	SP:0005807	SP:0025142	gt24	CF-C-provisional	medium
SCF:0007548	AC:005807	P0C0X0	P05756	P07280	SP:0005807	SP:0025143	gt24	CF-C-provisional	medium
SCF:0007549	AC:005807	P0C0X0	P05756	P0CX23	SP:0005807	SP:0025144	gt24	CF-C-provisional	remote_sequence
SCF:0007550	AC:005808	P50370	P59763	P37256	SP:0005808	SP:0012166	gt24	CF-C-provisional	remote_sequence
SCF:0007551	AC:005808	P59763	P50370	P18263	SP:0005808	SP:0008656	gt24	CF-C-provisional	remote_sequence
SCF:0007552	AC:005808	P59763	P50370	P37256	SP:0005808	SP:0011749	gt24	CF-C-provisional	remote_sequence
SCF:0007553	AC:005808	P59763	P50370	P92277	SP:0005808	SP:0011434	gt24	CF-C-provisional	remote_sequence
SCF:0007554	AC:005812	P23638	Q04062	P40016	SP:0005812	SP:0020435	gt24	CF-C-provisional	remote_sequence
SCF:0007555	AC:005812	P23638	Q04062	Q12250	SP:0005812	SP:0014594	gt24	CF-C-provisional	remote_sequence
SCF:0007556	AC:005812	P23638	Q04062	Q12377	SP:0005812	SP:0017222	gt24	CF-C-provisional	remote_sequence
SCF:0007557	AC:005812	Q04062	P23638	P23639	SP:0005812	SP:0017934	gt24	CF-C-provisional	medium
SCF:0007558	AC:005812	Q04062	P23638	P21243	SP:0005812	SP:0025155	gt24	CF-C-provisional	medium
SCF:0007559	AC:005812	Q04062	P23638	P40302	SP:0005812	SP:0025156	gt24	CF-C-provisional	medium
SCF:0007560	AC:005813	I7MG46	W7WWA2	I7MLZ4	SP:0005813	SP:0010743	gt24	CF-C-provisional	remote_sequence
SCF:0007561	AC:005813	W7WWA2	I7MG46	I7M6D6	SP:0005813	SP:0025157	gt24	CF-C-provisional	remote_sequence
SCF:0007562	AC:005815	Q02543	Q9BRT6	P47914	SP:0005815	SP:0025160	gt24	CF-C-provisional	medium
SCF:0007563	AC:005815	Q9BRT6	Q02543	P26373	SP:0005815	SP:0025162	gt24	CF-C-provisional	remote_sequence
SCF:0007564	AC:005816	P61960	P62899	P42766	SP:0005816	SP:0022402	gt24	CF-C-provisional	remote_sequence
SCF:0007565	AC:005816	P61960	P62899	P26373	SP:0005816	SP:0018786	gt24	CF-C-provisional	remote_sequence
SCF:0007566	AC:005817	O00488	Q9NZM5	Q9BZE4	SP:0005817	SP:0025168	gt24	CF-C-provisional	remote_sequence
SCF:0007567	AC:005817	Q9NZM5	O00488	P42766	SP:0005817	SP:0019936	gt24	CF-C-provisional	medium
SCF:0007568	AC:005820	P20433	P35189	P32773	SP:0005820	SP:0024455	gt24	CF-C-provisional	remote_sequence
SCF:0007569	AC:005820	P20433	P35189	P20436	SP:0005820	SP:0007194	gt24	CF-C-provisional	remote_sequence
SCF:0007570	AC:005821	A0A2I0BQ13	A0A2I0BU46	A0A2I0BXS0	SP:0005821	SP:0022375	gt24	CF-C-provisional	medium
SCF:0007571	AC:005821	A0A2I0BQ13	A0A2I0BU46	W7K1J4	SP:0005821	SP:0025176	gt24	CF-C-provisional	medium
SCF:0007572	AC:005821	A0A2I0BQ13	A0A2I0BU46	W7K040	SP:0005821	SP:0016686	gt24	CF-C-provisional	remote_sequence
SCF:0007573	AC:005821	A0A2I0BU46	A0A2I0BQ13	A0A0L7LVZ5	SP:0005821	SP:0025177	gt24	CF-C-provisional	medium
SCF:0007574	AC:005821	A0A2I0BU46	A0A2I0BQ13	A0A2I0BP34	SP:0005821	SP:0017994	gt24	CF-C-provisional	medium
SCF:0007575	AC:005821	A0A2I0BU46	A0A2I0BQ13	O77396	SP:0005821	SP:0025178	gt24	CF-C-provisional	medium
SCF:0007576	AC:005823	A2DP51	A2EP03	A2ET60	SP:0005823	SP:0023345	gt24	CF-C-provisional	remote_sequence
SCF:0007577	AC:005824	G1TPV3	G1SLC2	G1SWM1	SP:0005824	SP:0014964	gt24	CF-C-provisional	remote_sequence
SCF:0007578	AC:005824	G1TPV3	G1SLC2	O18789	SP:0005824	SP:0025190	gt24	CF-C-provisional	remote_sequence
SCF:0007579	AC:005824	G1TPV3	G1SLC2	G1SKF7	SP:0005824	SP:0016435	gt24	CF-C-provisional	remote_sequence
SCF:0007580	AC:005826	Q9BZE4	Q9H7B2	P84098	SP:0005826	SP:0021029	gt24	CF-C-provisional	remote_sequence
SCF:0007581	AC:005826	Q9BZE4	Q9H7B2	P46777	SP:0005826	SP:0025196	gt24	CF-C-provisional	remote_sequence
SCF:0007582	AC:005826	Q9BZE4	Q9H7B2	P62424	SP:0005826	SP:0025197	gt24	CF-C-provisional	remote_sequence
SCF:0007583	AC:005826	Q9H7B2	Q9BZE4	Q9BVP2	SP:0005826	SP:0025198	gt24	CF-C-provisional	remote_sequence
SCF:0007584	AC:005826	Q9H7B2	Q9BZE4	Q13823	SP:0005826	SP:0025199	gt24	CF-C-provisional	remote_sequence
SCF:0007585	AC:005827	Q96DI7	Q53GS9	O43395	SP:0005827	SP:0025202	gt24	CF-C-provisional	medium
SCF:0007586	AC:005827	Q96DI7	Q53GS9	Q99459	SP:0005827	SP:0025203	gt24	CF-C-provisional	remote_sequence
SCF:0007587	AC:005832	Q1K8Y7	V5IMN1	Q7SA60	SP:0005832	SP:0025221	gt24	CF-C-provisional	medium
SCF:0007588	AC:005832	Q1K8Y7	V5IMN1	Q7RYM5	SP:0005832	SP:0022195	gt24	CF-C-provisional	remote_sequence
SCF:0007589	AC:005832	V5IMN1	Q1K8Y7	Q1K8C8	SP:0005832	SP:0025223	gt24	CF-C-provisional	medium
SCF:0007590	AC:005832	V5IMN1	Q1K8Y7	Q8X081	SP:0005832	SP:0025224	gt24	CF-C-provisional	remote_sequence
SCF:0007591	AC:005832	V5IMN1	Q1K8Y7	F5HIJ5	SP:0005832	SP:0025225	gt24	CF-C-provisional	remote_sequence
SCF:0007592	AC:005833	R1BTM8	R1CGG7	R1CMT6	SP:0005833	SP:0025226	gt24	CF-C-provisional	high
SCF:0007593	AC:005833	R1BTM8	R1CGG7	R1EB65	SP:0005833	SP:0025227	gt24	CF-C-provisional	high
SCF:0007594	AC:005833	R1BTM8	R1CGG7	R1CV07	SP:0005833	SP:0023241	gt24	CF-C-provisional	high
SCF:0007595	AC:005833	R1CGG7	R1BTM8	R1DCN2	SP:0005833	SP:0018323	gt24	CF-C-provisional	high
SCF:0007596	AC:005833	R1CGG7	R1BTM8	R1DAV6	SP:0005833	SP:0025228	gt24	CF-C-provisional	medium
SCF:0007597	AC:005833	R1CGG7	R1BTM8	R1CMT6	SP:0005833	SP:0023238	gt24	CF-C-provisional	medium
SCF:0007598	AC:005834	A1B1H8	A1B3D7	A1B480	SP:0005834	SP:0025229	gt24	CF-C-provisional	remote_sequence
SCF:0007599	AC:005835	A0A1J7BZ40	A0A1B2U0F5	A0A1M7D8T4	SP:0005835	SP:0025233	gt24	CF-C-provisional	remote_sequence
SCF:0007600	AC:005835	A0A1J7BZ40	A0A1B2U0F5	A0A1B2U1H3	SP:0005835	SP:0025234	gt24	CF-C-provisional	remote_sequence
SCF:0007601	AC:005835	A0A1J7BZ40	A0A1B2U0F5	A0A1M5PX52	SP:0005835	SP:0025235	gt24	CF-C-provisional	remote_sequence
SCF:0007602	AC:005837	A4HV47	Q9GNZ8	A4I357	SP:0005837	SP:0017254	gt24	CF-C-provisional	medium
SCF:0007603	AC:005837	A4HV47	Q9GNZ8	A0A381MU64	SP:0005837	SP:0025237	gt24	CF-C-provisional	remote_sequence
SCF:0007604	AC:005837	Q9GNZ8	A4HV47	A4IBS2	SP:0005837	SP:0014294	gt24	CF-C-provisional	medium
SCF:0007605	AC:005837	Q9GNZ8	A4HV47	A4HN55	SP:0005837	SP:0025238	gt24	CF-C-provisional	remote_sequence
SCF:0007606	AC:005838	P18929	Q9VQM2	Q9W380	SP:0005838	SP:0014691	gt24	CF-C-provisional	remote_sequence
SCF:0007607	AC:005838	Q9VQM2	P18929	P03896	SP:0005838	SP:0015996	gt24	CF-C-provisional	remote_sequence
SCF:0007608	AC:005839	P05745	P25808	Q03532	SP:0005839	SP:0015892	gt24	CF-C-provisional	medium
SCF:0007609	AC:005839	P05745	P25808	P38861	SP:0005839	SP:0025241	gt24	CF-C-provisional	medium
SCF:0007610	AC:005839	P25808	P05745	P0C2H6	SP:0005839	SP:0015606	gt24	CF-C-provisional	remote_sequence
SCF:0007611	AC:005841	D5MAJ9	A0A9D5GXR9	A0A2D0TCJ1	SP:0005841	SP:0019374	gt24	CF-C-provisional	high
SCF:0007612	AC:005841	D5MAJ9	A0A9D5GXR9	P27490	SP:0005841	SP:0019373	gt24	CF-C-provisional	high
SCF:0007613	AC:005842	G0SCH6	G0SFL0	G0S081	SP:0005842	SP:0018690	gt24	CF-C-provisional	remote_sequence
SCF:0007614	AC:005842	G0SCH6	G0SFL0	G0RXZ3	SP:0005842	SP:0018692	gt24	CF-C-provisional	remote_sequence
SCF:0007615	AC:005844	A0T0T5	B8BYV4	B8C0K4	SP:0005844	SP:0009159	gt24	CF-C-provisional	medium
SCF:0007616	AC:005844	A0T0T5	B8BYV4	B8BUW3	SP:0005844	SP:0009160	gt24	CF-C-provisional	remote_sequence
SCF:0007617	AC:005845	A0A077VMP6	A0A077UL47	A0A077URJ8	SP:0005845	SP:0014384	gt24	CF-C-provisional	remote_sequence
SCF:0007618	AC:005845	A0A077VMP6	A0A077UL47	A0A0D1IHY2	SP:0005845	SP:0025259	gt24	CF-C-provisional	remote_sequence
SCF:0007619	AC:005846	Q9BYC8	Q9H9J2	P52815	SP:0005846	SP:0025261	gt24	CF-C-provisional	remote_sequence
SCF:0007620	AC:005846	Q9H9J2	Q9BYC8	Q7Z2W9	SP:0005846	SP:0022221	gt24	CF-C-provisional	medium
SCF:0007621	AC:005847	P18420	Q63570	Q63347	SP:0005847	SP:0025266	gt24	CF-C-provisional	medium
SCF:0007622	AC:005847	P18420	Q63570	Q63569	SP:0005847	SP:0025267	gt24	CF-C-provisional	medium
SCF:0007623	AC:005847	Q63570	P18420	P17220	SP:0005847	SP:0025268	gt24	CF-C-provisional	medium
SCF:0007624	AC:005847	Q63570	P18420	P48004	SP:0005847	SP:0025269	gt24	CF-C-provisional	medium
SCF:0007625	AC:005847	Q63570	P18420	P21670	SP:0005847	SP:0025270	gt24	CF-C-provisional	medium
SCF:0007626	AC:005848	C0H4A6	Q8IE82	Q8IDS6	SP:0005848	SP:0025271	gt24	CF-C-provisional	medium
SCF:0007627	AC:005848	C0H4A6	Q8IE82	Q8I3R6	SP:0005848	SP:0025272	gt24	CF-C-provisional	remote_sequence
SCF:0007628	AC:005848	Q8IE82	C0H4A6	Q8IDS6	SP:0005848	SP:0025273	gt24	CF-C-provisional	remote_sequence
SCF:0007629	AC:005848	Q8IE82	C0H4A6	Q8IDB0	SP:0005848	SP:0025274	gt24	CF-C-provisional	remote_sequence
SCF:0007630	AC:005849	P0A7V0	P0A7I4	P0A6M8	SP:0005849	SP:0025279	gt24	CF-C-provisional	medium
SCF:0007631	AC:005849	P0A7V0	P0A7I4	P0A850	SP:0005849	SP:0025280	gt24	CF-C-provisional	medium
SCF:0007632	AC:005849	P0A7V0	P0A7I4	P0AFF6	SP:0005849	SP:0025281	gt24	CF-C-provisional	medium
SCF:0007633	AC:005852	P23351	Q1K7A4	Q1K5Z0	SP:0005852	SP:0025288	gt24	CF-C-provisional	remote_sequence
SCF:0007634	AC:005852	P23351	Q1K7A4	Q7SG49	SP:0005852	SP:0025289	gt24	CF-C-provisional	remote_sequence
SCF:0007635	AC:005852	P23351	Q1K7A4	V5ILE0	SP:0005852	SP:0025290	gt24	CF-C-provisional	remote_sequence
SCF:0007636	AC:005854	A8HNV0	Q27YU7	A0A2K3DL29	SP:0005854	SP:0025296	gt24	CF-C-provisional	medium
SCF:0007637	AC:005854	Q27YU7	A8HNV0	Q69B19	SP:0005854	SP:0024866	gt24	CF-C-provisional	remote_sequence
SCF:0007638	AC:005855	Q6CWJ2	Q6CJK0	Q6CKV4	SP:0005855	SP:0025300	gt24	CF-C-provisional	remote_sequence
SCF:0007639	AC:005855	Q6CWJ2	Q6CJK0	Q875N2	SP:0005855	SP:0025301	gt24	CF-C-provisional	remote_sequence
SCF:0007640	AC:005858	A0A3B6PK86	A0A3B6LVN2	W5C8N6	SP:0005858	SP:0025306	gt24	CF-C-provisional	remote_sequence
SCF:0007641	AC:005859	O75533	P62308	Q9Y4Y9	SP:0005859	SP:0020855	gt24	CF-C-provisional	remote_sequence
SCF:0007642	AC:005859	O75533	P62308	P55769	SP:0005859	SP:0025307	gt24	CF-C-provisional	remote_sequence
SCF:0007643	AC:005860	P22179	A0A9R0IBB5	P12357	SP:0005860	SP:0025310	gt24	CF-C-provisional	medium
SCF:0007644	AC:005862	Q1K4P1	Q1K730	Q1K6P0	SP:0005862	SP:0025314	gt24	CF-C-provisional	remote_sequence
SCF:0007645	AC:005862	Q1K730	Q1K4P1	Q96U95	SP:0005862	SP:0025316	gt24	CF-C-provisional	remote_sequence
SCF:0007646	AC:005863	Q8TRU1	Q8TRR1	Q8TT39	SP:0005863	SP:0024497	gt24	CF-C-provisional	remote_sequence
SCF:0007647	AC:005864	P56780	Q9S7M0	P04778	SP:0005864	SP:0025320	gt24	CF-C-provisional	high
SCF:0007648	AC:005864	P56780	Q9S7M0	Q9XF89	SP:0005864	SP:0025321	gt24	CF-C-provisional	high
SCF:0007649	AC:005864	P56780	Q9S7M0	Q07473	SP:0005864	SP:0018188	gt24	CF-C-provisional	medium
SCF:0007650	AC:005865	P60405	P60494	Q5SHP8	SP:0005865	SP:0025324	gt24	CF-C-provisional	medium
SCF:0007651	AC:005865	P60405	P60494	Q5SKU1	SP:0005865	SP:0025325	gt24	CF-C-provisional	remote_sequence
SCF:0007652	AC:005865	P60494	P60405	P80372	SP:0005865	SP:0025327	gt24	CF-C-provisional	medium
SCF:0007653	AC:005866	A0T0T9	B8C4I5	B6ZHE8	SP:0005866	SP:0025330	gt24	CF-C-provisional	high
SCF:0007654	AC:005866	A0T0T9	B8C4I5	B8BSY9	SP:0005866	SP:0025331	gt24	CF-C-provisional	remote_sequence
SCF:0007655	AC:005869	Q12343	P32570	P27999	SP:0005869	SP:0023691	gt24	CF-C-provisional	remote_sequence
SCF:0007656	AC:005872	F1RMQ4	F1RY70	F1RQV7	SP:0005872	SP:0025346	gt24	CF-C-provisional	remote_sequence
SCF:0007657	AC:005872	F1RMQ4	F1RY70	W5IDC0	SP:0005872	SP:0025347	gt24	CF-C-provisional	remote_sequence
SCF:0007658	AC:005872	F1RY70	F1RMQ4	F1RI89	SP:0005872	SP:0025348	gt24	CF-C-provisional	remote_sequence
SCF:0007659	AC:005873	O97725	Q7JAS9	P03924	SP:0005873	SP:0015913	gt24	CF-C-provisional	remote_sequence
SCF:0007660	AC:005874	C6KT23	O77364	Q8I3B0	SP:0005874	SP:0025352	gt24	CF-C-provisional	medium
SCF:0007661	AC:005874	C6KT23	O77364	Q8IEM3	SP:0005874	SP:0025353	gt24	CF-C-provisional	remote_sequence
SCF:0007662	AC:005874	C6KT23	O77364	Q8I713	SP:0005874	SP:0025354	gt24	CF-C-provisional	remote_sequence
SCF:0007663	AC:005875	P0DOY6	Q5SM01	P80371	SP:0005875	SP:0025358	gt24	CF-C-provisional	remote_sequence
SCF:0007664	AC:005876	P12163	P60128	Q9M3L2	SP:0005876	SP:0025362	gt24	CF-C-provisional	medium
SCF:0007665	AC:005879	Q13405	E7ESL0	Q9NWU5	SP:0005879	SP:0025372	gt24	CF-C-provisional	high
SCF:0007666	AC:005879	Q13405	E7ESL0	Q14197	SP:0005879	SP:0025373	gt24	CF-C-provisional	medium
SCF:0007667	AC:005879	Q13405	E7ESL0	Q9HD33	SP:0005879	SP:0025374	gt24	CF-C-provisional	medium
SCF:0007668	AC:005880	Q9D773	Q9D0G0	Q921S7	SP:0005880	SP:0025376	gt24	CF-C-provisional	medium
SCF:0007669	AC:005880	Q9D773	Q9D0G0	Q8BVN4	SP:0005880	SP:0025377	gt24	CF-C-provisional	remote_sequence
SCF:0007670	AC:005880	Q9D773	Q9D0G0	Q9JKF7	SP:0005880	SP:0025378	gt24	CF-C-provisional	remote_sequence
SCF:0007671	AC:005881	A4IBS2	A4IDD0	Q9GNZ8	SP:0005881	SP:0014294	gt24	CF-C-provisional	medium
SCF:0007672	AC:005881	A4IBS2	A4IDD0	A0A6L0XSJ0	SP:0005881	SP:0018431	gt24	CF-C-provisional	medium
SCF:0007673	AC:005881	A4IBS2	A4IDD0	A4HVX3	SP:0005881	SP:0015457	gt24	CF-C-provisional	medium
SCF:0007674	AC:005881	A4IDD0	A4IBS2	A4HSQ5	SP:0005881	SP:0014291	gt24	CF-C-provisional	medium
SCF:0007675	AC:005881	A4IDD0	A4IBS2	A4HZI9	SP:0005881	SP:0017857	gt24	CF-C-provisional	medium
SCF:0007676	AC:005881	A4IDD0	A4IBS2	A4HVX3	SP:0005881	SP:0025379	gt24	CF-C-provisional	remote_sequence
SCF:0007677	AC:005882	A0A8D1TL60	A0A287BMW6	F1SJP6	SP:0005882	SP:0011242	gt24	CF-C-provisional	remote_sequence
SCF:0007678	AC:005884	Q5JDI0	Q5JE51	Q5JJF9	SP:0005884	SP:0020658	gt24	CF-C-provisional	medium
SCF:0007679	AC:005886	Q03532	Q07915	P26784	SP:0005886	SP:0025393	gt24	CF-C-provisional	remote_sequence
SCF:0007680	AC:005886	Q03532	Q07915	Q02326	SP:0005886	SP:0025394	gt24	CF-C-provisional	remote_sequence
SCF:0007681	AC:005886	Q03532	Q07915	Q12690	SP:0005886	SP:0025395	gt24	CF-C-provisional	remote_sequence
SCF:0007682	AC:005887	Q4D7F2	Q4DSU0	Q4DMK9	SP:0005887	SP:0025399	gt24	CF-C-provisional	remote_sequence
SCF:0007683	AC:005888	R1B3D6	R1CV07	R1FP66	SP:0005888	SP:0019628	gt24	CF-C-provisional	high
SCF:0007684	AC:005888	R1B3D6	R1CV07	R1BTM8	SP:0005888	SP:0019627	gt24	CF-C-provisional	medium
SCF:0007685	AC:005888	R1B3D6	R1CV07	A0A7S3TFW5	SP:0005888	SP:0025402	gt24	CF-C-provisional	medium
SCF:0007686	AC:005888	R1CV07	R1B3D6	R1DCN2	SP:0005888	SP:0025403	gt24	CF-C-provisional	high
SCF:0007687	AC:005888	R1CV07	R1B3D6	R1BTM8	SP:0005888	SP:0023241	gt24	CF-C-provisional	medium
SCF:0007688	AC:005888	R1CV07	R1B3D6	R1DY94	SP:0005888	SP:0018324	gt24	CF-C-provisional	medium
SCF:0007689	AC:005889	P60422	P68679	P0A7Q1	SP:0005889	SP:0025404	gt24	CF-C-provisional	remote_sequence
SCF:0007690	AC:005889	P60422	P68679	P0A7R5	SP:0005889	SP:0020369	gt24	CF-C-provisional	remote_sequence
SCF:0007691	AC:005889	P68679	P60422	P0A7V0	SP:0005889	SP:0025406	gt24	CF-C-provisional	remote_sequence
SCF:0007692	AC:005889	P68679	P60422	A7ZHQ9	SP:0005889	SP:0025407	gt24	CF-C-provisional	remote_sequence
SCF:0007693	AC:005889	P68679	P60422	P0A7V8	SP:0005889	SP:0025408	gt24	CF-C-provisional	remote_sequence
SCF:0007694	AC:005891	P0DOY8	Q8RR57	Q5SHQ4	SP:0005891	SP:0025410	gt24	CF-C-provisional	remote_sequence
SCF:0007695	AC:005891	P0DOY8	Q8RR57	Q9Z9H5	SP:0005891	SP:0025411	gt24	CF-C-provisional	remote_sequence
SCF:0007696	AC:005891	Q8RR57	P0DOY8	Q5SHN3	SP:0005891	SP:0022579	gt24	CF-C-provisional	medium
SCF:0007697	AC:005891	Q8RR57	P0DOY8	Q5SHN8	SP:0005891	SP:0018468	gt24	CF-C-provisional	remote_sequence
SCF:0007698	AC:005891	Q8RR57	P0DOY8	Q5SHQ0	SP:0005891	SP:0025412	gt24	CF-C-provisional	remote_sequence
SCF:0007699	AC:005892	Q07020	Q14137	Q13823	SP:0005892	SP:0025413	gt24	CF-C-provisional	remote_sequence
SCF:0007700	AC:005892	Q14137	Q07020	P61313	SP:0005892	SP:0025416	gt24	CF-C-provisional	medium
SCF:0007701	AC:005892	Q14137	Q07020	P62424	SP:0005892	SP:0025417	gt24	CF-C-provisional	remote_sequence
SCF:0007702	AC:005892	Q14137	Q07020	P18621	SP:0005892	SP:0019136	gt24	CF-C-provisional	remote_sequence
SCF:0007703	AC:005893	Q15393	Q9Y4Z0	Q9Y333	SP:0005893	SP:0025418	gt24	CF-C-provisional	medium
SCF:0007704	AC:005894	Q8TPX0	Q8TRT0	Q8TRS5	SP:0005894	SP:0025422	gt24	CF-C-provisional	medium
SCF:0007705	AC:005896	F2Z6D7	B5FVF3	B5FVF8	SP:0005896	SP:0025425	gt24	CF-C-provisional	remote_sequence
SCF:0007706	AC:005897	B5RSL7	Q6CEK9	Q6CI60	SP:0005897	SP:0025427	gt24	CF-C-provisional	remote_sequence
SCF:0007707	AC:005897	Q6CEK9	B5RSL7	Q6C926	SP:0005897	SP:0025429	gt24	CF-C-provisional	remote_sequence
SCF:0007708	AC:005898	P36048	Q02775	Q12046	SP:0005898	SP:0019579	gt24	CF-C-provisional	medium
SCF:0007709	AC:005898	P36048	Q02775	Q12417	SP:0005898	SP:0014028	gt24	CF-C-provisional	remote_sequence
SCF:0007710	AC:005898	P36048	Q02775	Q03338	SP:0005898	SP:0025432	gt24	CF-C-provisional	remote_sequence
SCF:0007711	AC:005899	Q9Y3C1	P56182	O76021	SP:0005899	SP:0025437	gt24	CF-C-provisional	remote_sequence
SCF:0007712	AC:005899	Q9Y3C1	P56182	P36578	SP:0005899	SP:0025438	gt24	CF-C-provisional	remote_sequence
SCF:0007713	AC:005901	G1TM82	A0A5F9D2E6	G1T8A2	SP:0005901	SP:0025449	gt24	CF-C-provisional	remote_sequence
SCF:0007714	AC:005902	C5KBY9	C5K5E4	C5L104	SP:0005902	SP:0025453	gt24	CF-C-provisional	medium
SCF:0007715	AC:005903	P38919	Q9NXE8	Q9BZI7	SP:0005903	SP:0025456	gt24	CF-C-provisional	medium
SCF:0007716	AC:005903	P38919	Q9NXE8	Q6UX04	SP:0005903	SP:0025457	gt24	CF-C-provisional	remote_sequence
SCF:0007717	AC:005904	P61247	Q9BRS2	O14730	SP:0005904	SP:0025461	gt24	CF-C-provisional	medium
SCF:0007718	AC:005904	P61247	Q9BRS2	Q9BVS4	SP:0005904	SP:0025462	gt24	CF-C-provisional	remote_sequence
SCF:0007719	AC:005904	P61247	Q9BRS2	P13639	SP:0005904	SP:0025463	gt24	CF-C-provisional	remote_sequence
SCF:0007720	AC:005904	Q9BRS2	P61247	P62753	SP:0005904	SP:0022347	gt24	CF-C-provisional	remote_sequence
SCF:0007721	AC:005905	P80339	Q5SLP6	Q5SHP8	SP:0005905	SP:0020029	gt24	CF-C-provisional	remote_sequence
SCF:0007722	AC:005905	P80339	Q5SLP6	P60489	SP:0005905	SP:0020712	gt24	CF-C-provisional	remote_sequence
SCF:0007723	AC:005905	P80339	Q5SLP6	P60488	SP:0005905	SP:0025466	gt24	CF-C-provisional	remote_sequence
SCF:0007724	AC:005906	R1DCN2	R1DMQ2	A0A7S3X591	SP:0005906	SP:0025469	gt24	CF-C-provisional	high
SCF:0007725	AC:005906	R1DCN2	R1DMQ2	R1DNR0	SP:0005906	SP:0025470	gt24	CF-C-provisional	medium
SCF:0007726	AC:005906	R1DCN2	R1DMQ2	R1BTM8	SP:0005906	SP:0015629	gt24	CF-C-provisional	medium
SCF:0007727	AC:005906	R1DMQ2	R1DCN2	R1CV07	SP:0005906	SP:0015632	gt24	CF-C-provisional	medium
SCF:0007728	AC:005906	R1DMQ2	R1DCN2	R1EIA6	SP:0005906	SP:0015633	gt24	CF-C-provisional	medium
SCF:0007729	AC:005906	R1DMQ2	R1DCN2	A0A7S3TFW5	SP:0005906	SP:0025471	gt24	CF-C-provisional	medium
SCF:0007730	AC:005907	Q9FWR5	P29388	O05000	SP:0005907	SP:0025474	gt24	CF-C-provisional	remote_sequence
SCF:0007731	AC:005907	Q9FWR5	P29388	P93313	SP:0005907	SP:0025475	gt24	CF-C-provisional	remote_sequence
SCF:0007732	AC:005907	Q9FWR5	P29388	B5TM93	SP:0005907	SP:0025476	gt24	CF-C-provisional	remote_sequence
SCF:0007733	AC:005910	Q06091	Q12417	P32523	SP:0005910	SP:0024260	gt24	CF-C-provisional	remote_sequence
SCF:0007734	AC:005910	Q12417	Q06091	P40565	SP:0005910	SP:0023090	gt24	CF-C-provisional	remote_sequence
SCF:0007735	AC:005910	Q12417	Q06091	Q03375	SP:0005910	SP:0023353	gt24	CF-C-provisional	remote_sequence
SCF:0007736	AC:005911	G1SV32	G1T168	G1TPV3	SP:0005911	SP:0025478	gt24	CF-C-provisional	high
SCF:0007737	AC:005911	G1SV32	G1T168	Q3T0W9	SP:0005911	SP:0025479	gt24	CF-C-provisional	remote_sequence
SCF:0007738	AC:005911	G1SV32	G1T168	G1TYL6	SP:0005911	SP:0025480	gt24	CF-C-provisional	remote_sequence
SCF:0007739	AC:005911	G1T168	G1SV32	G1SZ47	SP:0005911	SP:0025481	gt24	CF-C-provisional	remote_sequence
SCF:0007740	AC:005912	A8BNT5	A8BE76	A0A644FBU1	SP:0005912	SP:0023287	gt24	CF-C-provisional	remote_sequence
SCF:0007741	AC:005912	A8BNT5	A8BE76	A8BH61	SP:0005912	SP:0018803	gt24	CF-C-provisional	remote_sequence
SCF:0007742	AC:005913	Q2FJ95	Q2FEP4	Q2FEQ3	SP:0005913	SP:0017743	gt24	CF-C-provisional	medium
SCF:0007743	AC:005915	P33201	P38789	P38779	SP:0005915	SP:0018538	gt24	CF-C-provisional	medium
SCF:0007744	AC:005915	P33201	P38789	P40010	SP:0005915	SP:0018537	gt24	CF-C-provisional	remote_sequence
SCF:0007745	AC:005915	P33201	P38789	P36049	SP:0005915	SP:0018539	gt24	CF-C-provisional	remote_sequence
SCF:0007746	AC:005915	P38789	P33201	Q02326	SP:0005915	SP:0025486	gt24	CF-C-provisional	remote_sequence
SCF:0007747	AC:005916	A0A7S3TFW5	A0A7S3WZA0	R1ED82	SP:0005916	SP:0015131	gt24	CF-C-provisional	high
SCF:0007748	AC:005916	A0A7S3TFW5	A0A7S3WZA0	R1FED1	SP:0005916	SP:0019255	gt24	CF-C-provisional	medium
SCF:0007749	AC:005916	A0A7S3TFW5	A0A7S3WZA0	R1DCN2	SP:0005916	SP:0019256	gt24	CF-C-provisional	medium
SCF:0007750	AC:005916	A0A7S3WZA0	A0A7S3TFW5	R1DMQ2	SP:0005916	SP:0015634	gt24	CF-C-provisional	medium
SCF:0007751	AC:005916	A0A7S3WZA0	A0A7S3TFW5	R1DWS2	SP:0005916	SP:0022005	gt24	CF-C-provisional	medium
SCF:0007752	AC:005916	A0A7S3WZA0	A0A7S3TFW5	A0A7S3TXN3	SP:0005916	SP:0022006	gt24	CF-C-provisional	medium
SCF:0007753	AC:005917	Q9D1B9	Q9DCI9	Q9CR59	SP:0005917	SP:0023319	gt24	CF-C-provisional	remote_sequence
SCF:0007754	AC:005917	Q9D1B9	Q9DCI9	Q8BU88	SP:0005917	SP:0020026	gt24	CF-C-provisional	remote_sequence
SCF:0007755	AC:005917	Q9D1B9	Q9DCI9	Q9D0Q7	SP:0005917	SP:0025489	gt24	CF-C-provisional	remote_sequence
SCF:0007756	AC:005918	G0S0D6	G0SGT6	G0SHJ6	SP:0005918	SP:0016052	gt24	CF-C-provisional	remote_sequence
SCF:0007757	AC:005919	A0A3Q8IIY4	A0A504X6A3	A0A3S7WPD8	SP:0005919	SP:0025492	gt24	CF-C-provisional	medium
SCF:0007758	AC:005919	A0A3Q8IIY4	A0A504X6A3	A0A3Q8IVH0	SP:0005919	SP:0015019	gt24	CF-C-provisional	medium
SCF:0007759	AC:005919	A0A3Q8IIY4	A0A504X6A3	A0A3S7X127	SP:0005919	SP:0024899	gt24	CF-C-provisional	remote_sequence
SCF:0007760	AC:005919	A0A504X6A3	A0A3Q8IIY4	A0A3Q8IVH0	SP:0005919	SP:0025493	gt24	CF-C-provisional	medium
SCF:0007761	AC:005919	A0A504X6A3	A0A3Q8IIY4	A0A3Q8IIL6	SP:0005919	SP:0025494	gt24	CF-C-provisional	remote_sequence
SCF:0007762	AC:005919	A0A504X6A3	A0A3Q8IIY4	A0A3S5H7H2	SP:0005919	SP:0016315	gt24	CF-C-provisional	remote_sequence
SCF:0007763	AC:005924	A0A287A0K2	F1S9B7	A0A286ZXA6	SP:0005924	SP:0014078	gt24	CF-C-provisional	remote_sequence
SCF:0007764	AC:005925	P38633	P47822	P20435	SP:0005925	SP:0006501	gt24	CF-C-provisional	medium
SCF:0007765	AC:005925	P38633	P47822	Q08278	SP:0005925	SP:0023863	gt24	CF-C-provisional	remote_sequence
SCF:0007766	AC:005927	P0CX25	P53261	P53145	SP:0005927	SP:0025511	gt24	CF-C-provisional	medium
SCF:0007767	AC:005927	P0CX25	P53261	P25582	SP:0005927	SP:0025512	gt24	CF-C-provisional	remote_sequence
SCF:0007768	AC:005928	Q4FZT9	Q9ESH1	Q63570	SP:0005928	SP:0021174	gt24	CF-C-provisional	remote_sequence
SCF:0007769	AC:005929	Q7Z6M4	Q9NWU5	Q14197	SP:0005929	SP:0025518	gt24	CF-C-provisional	medium
SCF:0007770	AC:005929	Q9NWU5	Q7Z6M4	P82650	SP:0005929	SP:0025520	gt24	CF-C-provisional	medium
SCF:0007771	AC:005929	Q9NWU5	Q7Z6M4	Q9P015	SP:0005929	SP:0025521	gt24	CF-C-provisional	remote_sequence
SCF:0007772	AC:005929	Q9NWU5	Q7Z6M4	Q9BT17	SP:0005929	SP:0025522	gt24	CF-C-provisional	remote_sequence
SCF:0007773	AC:005930	Q03862	Q08687	P0CX82	SP:0005930	SP:0016041	gt24	CF-C-provisional	medium
SCF:0007774	AC:005930	Q03862	Q08687	P0CX84	SP:0005930	SP:0025523	gt24	CF-C-provisional	remote_sequence
SCF:0007775	AC:005930	Q03862	Q08687	P05738	SP:0005930	SP:0016040	gt24	CF-C-provisional	remote_sequence
SCF:0007776	AC:005931	P10664	P40693	P05737	SP:0005931	SP:0025524	gt24	CF-C-provisional	medium
SCF:0007777	AC:005931	P10664	P40693	P38779	SP:0005931	SP:0016254	gt24	CF-C-provisional	remote_sequence
SCF:0007778	AC:005931	P10664	P40693	P0CX37	SP:0005931	SP:0025525	gt24	CF-C-provisional	remote_sequence
SCF:0007779	AC:005931	P40693	P10664	P38779	SP:0005931	SP:0025526	gt24	CF-C-provisional	remote_sequence
SCF:0007780	AC:005932	O43396	P62195	P35998	SP:0005932	SP:0025528	gt24	CF-C-provisional	high
SCF:0007781	AC:005932	O43396	P62195	P43686	SP:0005932	SP:0025530	gt24	CF-C-provisional	medium
SCF:0007782	AC:005932	P62195	O43396	P28066	SP:0005932	SP:0025531	gt24	CF-C-provisional	remote_sequence
SCF:0007783	AC:005932	P62195	O43396	P25789	SP:0005932	SP:0025532	gt24	CF-C-provisional	remote_sequence
SCF:0007784	AC:005932	P62195	O43396	O00487	SP:0005932	SP:0025533	gt24	CF-C-provisional	remote_sequence
SCF:0007785	AC:005933	W8TRC7	A0A1Q4GY48	W8U8T8	SP:0005933	SP:0025534	gt24	CF-C-provisional	remote_sequence
SCF:0007786	AC:005934	A0A4X1SN37	F1RWL7	F1SJ34	SP:0005934	SP:0025537	gt24	CF-C-provisional	medium
SCF:0007787	AC:005934	F1RWL7	A0A4X1SN37	G8IFA6	SP:0005934	SP:0025540	gt24	CF-C-provisional	high
SCF:0007788	AC:005935	G0SHQ2	G0S0E5	G0S7T8	SP:0005935	SP:0025544	gt24	CF-C-provisional	remote_sequence
SCF:0007789	AC:005936	A0A2K1KU02	A0A2K1IAD0	A0A7I4A0Q6	SP:0005936	SP:0025547	gt24	CF-C-provisional	high
SCF:0007790	AC:005936	A0A2K1KU02	A0A2K1IAD0	A0A2K1IB10	SP:0005936	SP:0006656	gt24	CF-C-provisional	remote_sequence
SCF:0007791	AC:005936	A0A2K1KU02	A0A2K1IAD0	A0A2K1KGQ2	SP:0005936	SP:0025548	gt24	CF-C-provisional	remote_sequence
SCF:0007792	AC:005940	O51721	O51357	O51207	SP:0005940	SP:0015829	gt24	CF-C-provisional	remote_sequence
SCF:0007793	AC:005941	C6S3J6	Q8IDS6	C0H5G3	SP:0005941	SP:0024615	gt24	CF-C-provisional	remote_sequence
SCF:0007794	AC:005943	A0A1Y2NN24	A0A1Y2NMA9	A0A1Y2NNX4	SP:0005943	SP:0025564	gt24	CF-C-provisional	remote_sequence
SCF:0007795	AC:005944	Q04062	P25043	P21242	SP:0005944	SP:0017933	gt24	CF-C-provisional	medium
SCF:0007796	AC:005944	Q04062	P25043	P23639	SP:0005944	SP:0017934	gt24	CF-C-provisional	remote_sequence
SCF:0007797	AC:005944	Q04062	P25043	P40302	SP:0005944	SP:0025156	gt24	CF-C-provisional	remote_sequence
SCF:0007798	AC:005945	E1UWC4	E1UWE0	E1UWD0	SP:0005945	SP:0025567	gt24	CF-C-provisional	remote_sequence
SCF:0007799	AC:005945	E1UWE0	E1UWC4	E1UWC7	SP:0005945	SP:0025569	gt24	CF-C-provisional	remote_sequence
SCF:0007800	AC:005946	Q8N5N7	Q9P0P8	Q7Z2W9	SP:0005946	SP:0019429	gt24	CF-C-provisional	medium
SCF:0007801	AC:005946	Q8N5N7	Q9P0P8	Q9H3J6	SP:0005946	SP:0025571	gt24	CF-C-provisional	remote_sequence
SCF:0007802	AC:005946	Q8N5N7	Q9P0P8	Q5T653	SP:0005946	SP:0025572	gt24	CF-C-provisional	remote_sequence
SCF:0007803	AC:005946	Q9P0P8	Q8N5N7	Q9NVS2	SP:0005946	SP:0023430	gt24	CF-C-provisional	remote_sequence
SCF:0007804	AC:005948	C0H4H3	Q8IKM5	Q8IBY4	SP:0005948	SP:0025577	gt24	CF-C-provisional	remote_sequence
SCF:0007805	AC:005948	C0H4H3	Q8IKM5	C0H4L5	SP:0005948	SP:0017688	gt24	CF-C-provisional	remote_sequence
SCF:0007806	AC:005950	G1TTY7	G1TUN8	G1T040	SP:0005950	SP:0025585	gt24	CF-C-provisional	medium
SCF:0007807	AC:005950	G1TTY7	G1TUN8	A0AAA9WX15	SP:0005950	SP:0025586	gt24	CF-C-provisional	medium
SCF:0007808	AC:005950	G1TUN8	G1TTY7	G1U7L1	SP:0005950	SP:0025587	gt24	CF-C-provisional	medium
SCF:0007809	AC:005950	G1TUN8	G1TTY7	G1TXF6	SP:0005950	SP:0025588	gt24	CF-C-provisional	medium
SCF:0007810	AC:005950	G1TUN8	G1TTY7	G1T0C1	SP:0005950	SP:0025589	gt24	CF-C-provisional	remote_sequence
SCF:0007811	AC:005951	Q9D338	Q9CQL6	Q5RL20	SP:0005951	SP:0022606	gt24	CF-C-provisional	remote_sequence
SCF:0007812	AC:005951	Q9D338	Q9CQL6	Q9DCI9	SP:0005951	SP:0018666	gt24	CF-C-provisional	remote_sequence
SCF:0007813	AC:005952	P60490	Q5SLP7	P80372	SP:0005952	SP:0019327	gt24	CF-C-provisional	remote_sequence
SCF:0007814	AC:005952	Q5SLP7	P60490	P0DOY8	SP:0005952	SP:0021530	gt24	CF-C-provisional	medium
SCF:0007815	AC:005952	Q5SLP7	P60490	P80372	SP:0005952	SP:0025594	gt24	CF-C-provisional	remote_sequence
SCF:0007816	AC:005952	Q5SLP7	P60490	P80374	SP:0005952	SP:0025595	gt24	CF-C-provisional	remote_sequence
SCF:0007817	AC:005953	P47047	P0C2H6	P04456	SP:0005953	SP:0025599	gt24	CF-C-provisional	medium
SCF:0007818	AC:005954	Q9CQF8	Q8K2M0	Q99N95	SP:0005954	SP:0017681	gt24	CF-C-provisional	remote_sequence
SCF:0007819	AC:005955	G0S7T8	G0SBN9	G0RZ99	SP:0005955	SP:0025603	gt24	CF-C-provisional	remote_sequence
SCF:0007820	AC:005956	A0A8D1H0W9	A0A4X1W9K3	Q29048	SP:0005956	SP:0025611	gt24	CF-C-provisional	remote_sequence
SCF:0007821	AC:005958	Q8TDD1	Q02543	P30050	SP:0005958	SP:0025617	gt24	CF-C-provisional	remote_sequence
SCF:0007822	AC:005959	Q8TRR1	Q8TRT8	Q8TJT2	SP:0005959	SP:0014779	gt24	CF-C-provisional	remote_sequence
SCF:0007823	AC:005960	P22141	Q06103	P40327	SP:0005960	SP:0019814	gt24	CF-C-provisional	remote_sequence
SCF:0007824	AC:005960	P22141	Q06103	P53549	SP:0005960	SP:0019815	gt24	CF-C-provisional	remote_sequence
SCF:0007825	AC:005960	Q06103	P22141	P23638	SP:0005960	SP:0025622	gt24	CF-C-provisional	remote_sequence
SCF:0007826	AC:005960	Q06103	P22141	P21242	SP:0005960	SP:0017572	gt24	CF-C-provisional	remote_sequence
SCF:0007827	AC:005961	Q7S518	Q7SC44	F5HIJ5	SP:0005961	SP:0016852	gt24	CF-C-provisional	remote_sequence
SCF:0007828	AC:005961	Q7SC44	Q7S518	Q7SEK9	SP:0005961	SP:0024914	gt24	CF-C-provisional	medium
SCF:0007829	AC:005961	Q7SC44	Q7S518	F5HIJ5	SP:0005961	SP:0025624	gt24	CF-C-provisional	remote_sequence
SCF:0007830	AC:005963	G0S992	G0SFD6	G0S7X0	SP:0005963	SP:0017420	gt24	CF-C-provisional	remote_sequence
SCF:0007831	AC:005963	G0S992	G0SFD6	G0S832	SP:0005963	SP:0025629	gt24	CF-C-provisional	remote_sequence
SCF:0007832	AC:005963	G0S992	G0SFD6	G0RXZ3	SP:0005963	SP:0025630	gt24	CF-C-provisional	remote_sequence
SCF:0007833	AC:005963	G0SFD6	G0S992	G0S6V4	SP:0005963	SP:0024538	gt24	CF-C-provisional	remote_sequence
SCF:0007834	AC:005965	P0CX84	P38202	P0CX31	SP:0005965	SP:0025634	gt24	CF-C-provisional	medium
SCF:0007835	AC:005965	P0CX84	P38202	P05747	SP:0005965	SP:0025635	gt24	CF-C-provisional	remote_sequence
SCF:0007836	AC:005965	P0CX84	P38202	P05743	SP:0005965	SP:0025636	gt24	CF-C-provisional	remote_sequence
SCF:0007837	AC:005965	P38202	P0CX84	P36105	SP:0005965	SP:0025637	gt24	CF-C-provisional	medium
SCF:0007838	AC:005965	P38202	P0CX84	Q02753	SP:0005965	SP:0025638	gt24	CF-C-provisional	medium
SCF:0007839	AC:005966	Q8NTD4	Q79VE9	Q79VD7	SP:0005966	SP:0025643	gt24	CF-C-provisional	remote_sequence
SCF:0007840	AC:005967	P70974	Q03223	P21468	SP:0005967	SP:0018067	gt24	CF-C-provisional	medium
SCF:0007841	AC:005968	P0DOY8	Q5SHP8	Q5SLP6	SP:0005968	SP:0021531	gt24	CF-C-provisional	remote_sequence
SCF:0007842	AC:005968	P0DOY8	Q5SHP8	Q5SHP3	SP:0005968	SP:0019873	gt24	CF-C-provisional	remote_sequence
SCF:0007843	AC:005968	P0DOY8	Q5SHP8	P60492	SP:0005968	SP:0025646	gt24	CF-C-provisional	remote_sequence
SCF:0007844	AC:005968	Q5SHP8	P0DOY8	P60490	SP:0005968	SP:0020160	gt24	CF-C-provisional	medium
SCF:0007845	AC:005968	Q5SHP8	P0DOY8	Q5SHN8	SP:0005968	SP:0025647	gt24	CF-C-provisional	remote_sequence
SCF:0007846	AC:005969	P75579	P78026	P78023	SP:0005969	SP:0015809	gt24	CF-C-provisional	remote_sequence
SCF:0007847	AC:005969	P78026	P75579	Q50300	SP:0005969	SP:0015365	gt24	CF-C-provisional	remote_sequence
SCF:0007848	AC:005971	A0A1Q2TSM6	A2T3R1	A0A1Q2TSK9	SP:0005971	SP:0021741	gt24	CF-C-provisional	remote_sequence
SCF:0007849	AC:005972	P0DJ22	Q22AX5	P0DJ56	SP:0005972	SP:0025653	gt24	CF-C-provisional	remote_sequence
SCF:0007850	AC:005972	Q22AX5	P0DJ22	P0DJ59	SP:0005972	SP:0025656	gt24	CF-C-provisional	remote_sequence
SCF:0007851	AC:005973	Q7SA60	V5IMN1	Q7SB98	SP:0005973	SP:0014628	gt24	CF-C-provisional	remote_sequence
SCF:0007852	AC:005973	Q7SA60	V5IMN1	Q7RYW8	SP:0005973	SP:0022326	gt24	CF-C-provisional	remote_sequence
SCF:0007853	AC:005973	V5IMN1	Q7SA60	Q7SC44	SP:0005973	SP:0014654	gt24	CF-C-provisional	remote_sequence
SCF:0007854	AC:005973	V5IMN1	Q7SA60	Q8X081	SP:0005973	SP:0025224	gt24	CF-C-provisional	remote_sequence
SCF:0007855	AC:005973	V5IMN1	Q7SA60	F5HIJ5	SP:0005973	SP:0025225	gt24	CF-C-provisional	remote_sequence
SCF:0007856	AC:005974	A0A4X1VX77	A0A4X1ULW2	A0A0U1RS44	SP:0005974	SP:0025661	gt24	CF-C-provisional	remote_sequence
SCF:0007857	AC:005975	E1UWB3	E1UWE2	E1UWB9	SP:0005975	SP:0025663	gt24	CF-C-provisional	remote_sequence
SCF:0007858	AC:005977	G0RXZ3	G0SEG2	G0S992	SP:0005977	SP:0025630	gt24	CF-C-provisional	remote_sequence
SCF:0007859	AC:005977	G0RXZ3	G0SEG2	G0SFC3	SP:0005977	SP:0017351	gt24	CF-C-provisional	remote_sequence
SCF:0007860	AC:005977	G0RXZ3	G0SEG2	G0S7X0	SP:0005977	SP:0025669	gt24	CF-C-provisional	remote_sequence
SCF:0007861	AC:005977	G0SEG2	G0RXZ3	G0SF80	SP:0005977	SP:0019269	gt24	CF-C-provisional	remote_sequence
SCF:0007862	AC:005978	G0SCE2	G0SHQ2	G0S0Z3	SP:0005978	SP:0019581	gt24	CF-C-provisional	remote_sequence
SCF:0007863	AC:005979	P0DM37	P19054	P12239	SP:0005979	SP:0009835	gt24	CF-C-provisional	remote_sequence
SCF:0007864	AC:005979	P0DM37	P19054	D0VWR4	SP:0005979	SP:0025672	gt24	CF-C-provisional	remote_sequence
SCF:0007865	AC:005981	Q5I7K2	W5BFB7	A0A3B6QHW3	SP:0005981	SP:0022591	gt24	CF-C-provisional	high
SCF:0007866	AC:005981	Q5I7K2	W5BFB7	W5I035	SP:0005981	SP:0007273	gt24	CF-C-provisional	remote_sequence
SCF:0007867	AC:005981	Q5I7K2	W5BFB7	Q5XUU9	SP:0005981	SP:0025679	gt24	CF-C-provisional	remote_sequence
SCF:0007868	AC:005982	Q980A6	Q9UXA3	P95987	SP:0005982	SP:0018971	gt24	CF-C-provisional	remote_sequence
SCF:0007869	AC:005983	Q7SGE5	Q7SA88	Q7SB98	SP:0005983	SP:0025686	gt24	CF-C-provisional	remote_sequence
SCF:0007870	AC:005987	P34659	Q10013	Q9XTU6	SP:0005987	SP:0022370	gt24	CF-C-provisional	remote_sequence
SCF:0007871	AC:005987	P34659	Q10013	Q18786	SP:0005987	SP:0025693	gt24	CF-C-provisional	remote_sequence
SCF:0007872	AC:005988	W5C8N6	A0A3B6C6G0	A0A3B6IU74	SP:0005988	SP:0007689	gt24	CF-C-provisional	remote_sequence
SCF:0007873	AC:005989	P25043	Q12377	P40327	SP:0005989	SP:0025695	gt24	CF-C-provisional	remote_sequence
SCF:0007874	AC:005989	P25043	Q12377	P53549	SP:0005989	SP:0025696	gt24	CF-C-provisional	remote_sequence
SCF:0007875	AC:005989	Q12377	P25043	P21242	SP:0005989	SP:0019817	gt24	CF-C-provisional	medium
SCF:0007876	AC:005989	Q12377	P25043	P23638	SP:0005989	SP:0017222	gt24	CF-C-provisional	medium
SCF:0007877	AC:005989	Q12377	P25043	P32379	SP:0005989	SP:0025698	gt24	CF-C-provisional	remote_sequence
SCF:0007878	AC:005990	A2D8G5	A2DTN3	A2E1I9	SP:0005990	SP:0020302	gt24	CF-C-provisional	medium
SCF:0007879	AC:005990	A2D8G5	A2DTN3	A2FT79	SP:0005990	SP:0025699	gt24	CF-C-provisional	medium
SCF:0007880	AC:005990	A2DTN3	A2D8G5	A2FT79	SP:0005990	SP:0019471	gt24	CF-C-provisional	medium
SCF:0007881	AC:005990	A2DTN3	A2D8G5	A2FCM7	SP:0005990	SP:0019472	gt24	CF-C-provisional	medium
SCF:0007882	AC:005992	A0A7S3TXG5	R1FP66	R1BTM8	SP:0005992	SP:0019259	gt24	CF-C-provisional	medium
SCF:0007883	AC:005992	A0A7S3TXG5	R1FP66	R1B3D6	SP:0005992	SP:0019257	gt24	CF-C-provisional	medium
SCF:0007884	AC:005992	A0A7S3TXG5	R1FP66	A0A0D3JRC1	SP:0005992	SP:0019258	gt24	CF-C-provisional	medium
SCF:0007885	AC:005992	R1FP66	A0A7S3TXG5	R1FED1	SP:0005992	SP:0025703	gt24	CF-C-provisional	medium
SCF:0007886	AC:005992	R1FP66	A0A7S3TXG5	R1EB65	SP:0005992	SP:0025704	gt24	CF-C-provisional	medium
SCF:0007887	AC:005993	G1SV32	G1T3D8	G1T8A2	SP:0005993	SP:0025705	gt24	CF-C-provisional	remote_sequence
SCF:0007888	AC:005993	G1SV32	G1T3D8	G1SQH0	SP:0005993	SP:0025706	gt24	CF-C-provisional	remote_sequence
SCF:0007889	AC:005993	G1T3D8	G1SV32	B7NZS8	SP:0005993	SP:0025708	gt24	CF-C-provisional	remote_sequence
SCF:0007890	AC:005993	G1T3D8	G1SV32	G1SZ47	SP:0005993	SP:0025709	gt24	CF-C-provisional	remote_sequence
SCF:0007891	AC:005994	Q9BXY0	Q99848	Q07020	SP:0005994	SP:0025712	gt24	CF-C-provisional	remote_sequence
SCF:0007892	AC:005994	Q9BXY0	Q99848	P56182	SP:0005994	SP:0025436	gt24	CF-C-provisional	remote_sequence
SCF:0007893	AC:005996	F5HIJ5	Q7S910	Q7SC44	SP:0005996	SP:0025624	gt24	CF-C-provisional	medium
SCF:0007894	AC:005997	P30657	P38886	P21243	SP:0005997	SP:0025719	gt24	CF-C-provisional	remote_sequence
SCF:0007895	AC:005997	P30657	P38886	P43588	SP:0005997	SP:0025720	gt24	CF-C-provisional	remote_sequence
SCF:0007896	AC:005997	P38886	P30657	P21242	SP:0005997	SP:0025722	gt24	CF-C-provisional	medium
SCF:0007897	AC:005997	P38886	P30657	P40303	SP:0005997	SP:0025723	gt24	CF-C-provisional	remote_sequence
SCF:0007898	AC:005997	P38886	P30657	P23639	SP:0005997	SP:0025724	gt24	CF-C-provisional	remote_sequence
SCF:0007899	AC:005998	P05733	O74905	Q10232	SP:0005998	SP:0019589	gt24	CF-C-provisional	high
SCF:0007900	AC:005998	P05733	O74905	O74904	SP:0005998	SP:0015519	gt24	CF-C-provisional	remote_sequence
SCF:0007901	AC:005999	Q13823	Q9BRT6	P47914	SP:0005999	SP:0025725	gt24	CF-C-provisional	medium
SCF:0007902	AC:005999	Q13823	Q9BRT6	P49207	SP:0005999	SP:0025726	gt24	CF-C-provisional	remote_sequence
SCF:0007903	AC:005999	Q9BRT6	Q13823	Q9BZE4	SP:0005999	SP:0025163	gt24	CF-C-provisional	remote_sequence
SCF:0007904	AC:006000	Q7MTP1	Q7MTM9	Q7MTM4	SP:0006000	SP:0025729	gt24	CF-C-provisional	remote_sequence
SCF:0007905	AC:006004	B8BVI1	B8C4I5	B8BUU4	SP:0006004	SP:0022363	gt24	CF-C-provisional	medium
SCF:0007906	AC:006004	B8BVI1	B8C4I5	B8BX92	SP:0006004	SP:0022365	gt24	CF-C-provisional	medium
SCF:0007907	AC:006004	B8C4I5	B8BVI1	B8BUU4	SP:0006004	SP:0022364	gt24	CF-C-provisional	medium
SCF:0007908	AC:006004	B8C4I5	B8BVI1	B8BSY9	SP:0006004	SP:0025733	gt24	CF-C-provisional	medium
SCF:0007909	AC:006004	B8C4I5	B8BVI1	B8BVI4	SP:0006004	SP:0025734	gt24	CF-C-provisional	medium
SCF:0007910	AC:006005	O94620	Q9UUC6	Q10163	SP:0006005	SP:0017402	gt24	CF-C-provisional	remote_sequence
SCF:0007911	AC:006006	P36040	P30657	P21242	SP:0006006	SP:0009553	gt24	CF-C-provisional	medium
SCF:0007912	AC:006006	P36040	P30657	P40303	SP:0006006	SP:0025739	gt24	CF-C-provisional	remote_sequence
SCF:0007913	AC:006006	P36040	P30657	P23639	SP:0006006	SP:0025740	gt24	CF-C-provisional	remote_sequence
SCF:0007914	AC:006007	B5FVE5	Q9B6C8	Q9B6D3	SP:0006007	SP:0017837	gt24	CF-C-provisional	remote_sequence
SCF:0007915	AC:006009	Q9HVL6	Q9HWF0	Q9HWF4	SP:0006009	SP:0020483	gt24	CF-C-provisional	remote_sequence
SCF:0007916	AC:006009	Q9HWF0	Q9HVL6	Q9HWE6	SP:0006009	SP:0024704	gt24	CF-C-provisional	remote_sequence
SCF:0007917	AC:006010	Q921S7	Q9CQL6	Q9D1N9	SP:0006010	SP:0020038	gt24	CF-C-provisional	medium
SCF:0007918	AC:006010	Q921S7	Q9CQL6	Q9CQ06	SP:0006010	SP:0020040	gt24	CF-C-provisional	remote_sequence
SCF:0007919	AC:006011	K4CG62	K4CND1	A0A3Q7FV98	SP:0006011	SP:0025336	gt24	CF-C-provisional	medium
SCF:0007920	AC:006011	K4CG62	K4CND1	A0A3Q7H1I0	SP:0006011	SP:0015368	gt24	CF-C-provisional	remote_sequence
SCF:0007921	AC:006013	P62910	Q9BZE4	O76021	SP:0006013	SP:0025755	gt24	CF-C-provisional	remote_sequence
SCF:0007922	AC:006013	P62910	Q9BZE4	Q9NVX2	SP:0006013	SP:0014092	gt24	CF-C-provisional	remote_sequence
SCF:0007923	AC:006013	Q9BZE4	P62910	O00488	SP:0006013	SP:0025168	gt24	CF-C-provisional	medium
SCF:0007924	AC:006013	Q9BZE4	P62910	Q9UNZ5	SP:0006013	SP:0025757	gt24	CF-C-provisional	medium
SCF:0007925	AC:006013	Q9BZE4	P62910	P62899	SP:0006013	SP:0014088	gt24	CF-C-provisional	medium
SCF:0007926	AC:006016	P0CX43	Q02326	P39015	SP:0006016	SP:0025766	gt24	CF-C-provisional	remote_sequence
SCF:0007927	AC:006016	P0CX43	Q02326	P04449	SP:0006016	SP:0025767	gt24	CF-C-provisional	remote_sequence
SCF:0007928	AC:006016	P0CX43	Q02326	Q12690	SP:0006016	SP:0025768	gt24	CF-C-provisional	remote_sequence
SCF:0007929	AC:006016	Q02326	P0CX43	P05740	SP:0006016	SP:0025769	gt24	CF-C-provisional	remote_sequence
SCF:0007930	AC:006016	Q02326	P0CX43	P38779	SP:0006016	SP:0025770	gt24	CF-C-provisional	remote_sequence
SCF:0007931	AC:006016	Q02326	P0CX43	P41805	SP:0006016	SP:0025771	gt24	CF-C-provisional	remote_sequence
SCF:0007932	AC:006018	P12239	P19054	P0DM37	SP:0006018	SP:0009835	gt24	CF-C-provisional	medium
SCF:0007933	AC:006018	P12239	P19054	Q8DKM3	SP:0006018	SP:0025774	gt24	CF-C-provisional	remote_sequence
SCF:0007934	AC:006018	P12239	P19054	D0VWR4	SP:0006018	SP:0012788	gt24	CF-C-provisional	remote_sequence
SCF:0007935	AC:006018	P19054	P12239	Q7DGD4	SP:0006018	SP:0008738	gt24	CF-C-provisional	medium
SCF:0007936	AC:006021	A1B1H8	A1B4F3	A1B479	SP:0006021	SP:0025783	gt24	CF-C-provisional	remote_sequence
SCF:0007937	AC:006021	A1B1H8	A1B4F3	A1B480	SP:0006021	SP:0025229	gt24	CF-C-provisional	remote_sequence
SCF:0007938	AC:006021	A1B4F3	A1B1H8	A1B311	SP:0006021	SP:0008304	gt24	CF-C-provisional	remote_sequence
SCF:0007939	AC:006023	O74399	Q10353	Q9Y7Z1	SP:0006023	SP:0025786	gt24	CF-C-provisional	medium
SCF:0007940	AC:006023	O74399	Q10353	O14339	SP:0006023	SP:0025787	gt24	CF-C-provisional	remote_sequence
SCF:0007941	AC:006023	O74399	Q10353	O42991	SP:0006023	SP:0015207	gt24	CF-C-provisional	remote_sequence
SCF:0007942	AC:006025	A0A3Q8IVH0	A0A504XQ80	A0A3Q8IB07	SP:0006025	SP:0015018	gt24	CF-C-provisional	medium
SCF:0007943	AC:006025	A0A3Q8IVH0	A0A504XQ80	Q9UAB4	SP:0006025	SP:0015017	gt24	CF-C-provisional	medium
SCF:0007944	AC:006025	A0A3Q8IVH0	A0A504XQ80	A0A504Y5E1	SP:0006025	SP:0024900	gt24	CF-C-provisional	medium
SCF:0007945	AC:006025	A0A504XQ80	A0A3Q8IVH0	A0A3S7WPD8	SP:0006025	SP:0016319	gt24	CF-C-provisional	medium
SCF:0007946	AC:006025	A0A504XQ80	A0A3Q8IVH0	A0A3Q8IC41	SP:0006025	SP:0025792	gt24	CF-C-provisional	medium
SCF:0007947	AC:006025	A0A504XQ80	A0A3Q8IVH0	A0A504Y5E1	SP:0006025	SP:0025793	gt24	CF-C-provisional	remote_sequence
SCF:0007948	AC:006027	Q9UQ80	P56537	P20290	SP:0006027	SP:0025796	gt24	CF-C-provisional	remote_sequence
SCF:0007949	AC:006031	F2Z626	B5FVG1	B5FVF8	SP:0006031	SP:0025809	gt24	CF-C-provisional	remote_sequence
SCF:0007950	AC:006032	P66330	P66611	Q8Y459	SP:0006032	SP:0019094	gt24	CF-C-provisional	medium
SCF:0007951	AC:006032	P66330	P66611	P66548	SP:0006032	SP:0019096	gt24	CF-C-provisional	remote_sequence
SCF:0007952	AC:006034	P0CJ48	Q07473	Q9SHR7	SP:0006034	SP:0009044	gt24	CF-C-provisional	high
SCF:0007953	AC:006034	P0CJ48	Q07473	Q9S7J7	SP:0006034	SP:0025815	gt24	CF-C-provisional	medium
SCF:0007954	AC:006034	P0CJ48	Q07473	Q9XF89	SP:0006034	SP:0020937	gt24	CF-C-provisional	medium
SCF:0007955	AC:006034	Q07473	P0CJ48	P04778	SP:0006034	SP:0025816	gt24	CF-C-provisional	high
SCF:0007956	AC:006034	Q07473	P0CJ48	Q9SHR7	SP:0006034	SP:0014148	gt24	CF-C-provisional	high
SCF:0007957	AC:006034	Q07473	P0CJ48	Q9S7J7	SP:0006034	SP:0025817	gt24	CF-C-provisional	high
SCF:0007958	AC:006035	Q95748	Q9FMV1	O22769	SP:0006035	SP:0021496	gt24	CF-C-provisional	medium
SCF:0007959	AC:006036	A0A504X6A3	A0A504Y5E1	Q9UAB4	SP:0006036	SP:0025823	gt24	CF-C-provisional	medium
SCF:0007960	AC:006036	A0A504X6A3	A0A504Y5E1	A0A3S5H7H2	SP:0006036	SP:0016315	gt24	CF-C-provisional	medium
SCF:0007961	AC:006036	A0A504X6A3	A0A504Y5E1	A0A3Q8IVH0	SP:0006036	SP:0025493	gt24	CF-C-provisional	remote_sequence
SCF:0007962	AC:006036	A0A504Y5E1	A0A504X6A3	A0A504XQ80	SP:0006036	SP:0025793	gt24	CF-C-provisional	medium
SCF:0007963	AC:006036	A0A504Y5E1	A0A504X6A3	A0A3Q8IVH0	SP:0006036	SP:0024900	gt24	CF-C-provisional	medium
SCF:0007964	AC:006036	A0A504Y5E1	A0A504X6A3	A0A3S7X127	SP:0006036	SP:0025824	gt24	CF-C-provisional	remote_sequence
SCF:0007965	AC:006038	P12185	I7KJM4	I7JD56	SP:0006038	SP:0025830	gt24	CF-C-provisional	medium
SCF:0007966	AC:006038	P12185	I7KJM4	A0A2R6WE99	SP:0006038	SP:0025831	gt24	CF-C-provisional	remote_sequence
SCF:0007967	AC:006040	G0S445	G0S2U4	G0RYF6	SP:0006040	SP:0025835	gt24	CF-C-provisional	medium
SCF:0007968	AC:006041	A0A1S4DN49	A0A1S4CCH0	A0A1S4C068	SP:0006041	SP:0021593	gt24	CF-C-provisional	remote_sequence
SCF:0007969	AC:006042	Q9RSK0	Q9RXJ7	Q9RSL2	SP:0006042	SP:0025838	gt24	CF-C-provisional	remote_sequence
SCF:0007970	AC:006043	A0A2K3CRX4	A0A2K3DKB4	A0A2K3DGK2	SP:0006043	SP:0023267	gt24	CF-C-provisional	remote_sequence
SCF:0007971	AC:006043	A0A2K3DKB4	A0A2K3CRX4	A0A2K3CNM3	SP:0006043	SP:0015802	gt24	CF-C-provisional	medium
SCF:0007972	AC:006044	Q8IDI5	Q8IHU0	Q8ILE8	SP:0006044	SP:0018354	gt24	CF-C-provisional	remote_sequence
SCF:0007973	AC:006044	Q8IDI5	Q8IHU0	O77364	SP:0006044	SP:0025843	gt24	CF-C-provisional	remote_sequence
SCF:0007974	AC:006044	Q8IDI5	Q8IHU0	C6KSY6	SP:0006044	SP:0025844	gt24	CF-C-provisional	remote_sequence
SCF:0007975	AC:006045	Q09127	O74904	P0CT68	SP:0006045	SP:0025852	gt24	CF-C-provisional	remote_sequence
SCF:0007976	AC:006046	O74966	Q10163	Q9UUC6	SP:0006046	SP:0025737	gt24	CF-C-provisional	remote_sequence
SCF:0007977	AC:006046	Q10163	O74966	Q9UUC6	SP:0006046	SP:0025088	gt24	CF-C-provisional	remote_sequence
SCF:0007978	AC:006048	P32585	P13393	P34162	SP:0006048	SP:0016693	gt24	CF-C-provisional	remote_sequence
SCF:0007979	AC:006049	O52761	Q9HWE6	Q9HXQ2	SP:0006049	SP:0021416	gt24	CF-C-provisional	remote_sequence
